# Exported by Open CASCADE Technology [dev.opencascade.org]
#  Vertices: 2465
#     Faces: 3136
g COMPOUND
v -3875.760986 19308.240234 -13065.416992
v -3894.889893 19586.759766 -13065.416992
v -3955.741699 19873.064453 -13065.416992
v -4061.642334 20157.867188 -13065.416992
v -4213.403320 20430.718750 -13065.416992
v -4408.411133 20680.757812 -13065.416992
v -4640.768555 20898.167969 -13065.416992
v -4901.800781 21075.326172 -13065.416992
v -5181.048340 21207.726562 -13065.416992
v -5467.753906 21294.195312 -13065.416992
v -5751.742188 21336.751953 -13065.416992
v -6027.530762 21339.650391 -13065.416992
v -6310.161133 21303.275391 -13065.416992
v -6597.132324 21223.613281 -13065.416992
v -6878.155762 21098.103516 -13065.416992
v -7142.617676 20927.460938 -13065.416992
v -7379.887207 20715.673828 -13065.416992
v -7580.957031 20469.945312 -13065.416992
v -7739.453613 20199.832031 -13065.416992
v -7852.271484 19916.119141 -13065.416992
v -7919.680664 19629.443359 -13065.416992
v -7939.123047 19466.894531 -13065.416992
v -7945.199707 19308.240234 -13065.416992
v -7934.142090 19308.240234 -12936.586914
v -7900.593262 19308.240234 -12809.574219
v -7845.506836 19308.240234 -12690.185547
v -7806.431641 19308.240234 -12628.881836
v -7762.238770 19308.240234 -12572.299805
v -7743.053223 19574.191406 -12572.299805
v -7681.979980 19847.478516 -12572.299805
v -7575.648926 20118.314453 -12572.299805
v -7423.659180 20375.609375 -12572.299805
v -7229.329590 20608.089844 -12572.299805
v -6999.546875 20805.876953 -12572.299805
v -6743.992676 20961.781250 -12572.299805
v -6473.939941 21072.210938 -12572.299805
v -6200.294922 21137.099609 -12572.299805
v -5933.635254 21160.013672 -12572.299805
v -5668.585449 21144.046875 -12572.299805
v -5395.413574 21086.943359 -12572.299805
v -5123.971191 20984.654297 -12572.299805
v -4865.008301 20836.634766 -12572.299805
v -4629.902832 20645.820312 -12572.299805
v -4428.709961 20418.810547 -12572.299805
v -4268.895020 20165.099609 -12572.299805
v -4154.414062 19895.816406 -12572.299805
v -4085.554199 19622.232422 -12572.299805
v -4065.121094 19463.265625 -12572.299805
v -4058.721680 19308.240234 -12572.299805
v -3983.072021 19308.240234 -12677.164062
v -3925.655273 19308.240234 -12795.322266
v -3889.537842 19308.240234 -12921.748047
v -3879.170166 19308.240234 -12993.703125
v -7878.866699 19608.380859 -12812.441406
v -7850.837891 19755.052734 -12812.441406
v -7813.021973 19895.578125 -12812.441406
v -7761.418457 20042.173828 -12812.441406
v -7700.632324 20180.011719 -12812.441406
v -7628.621094 20314.531250 -12812.441406
v -7541.384277 20450.511719 -12812.441406
v -7447.457520 20574.072266 -12812.441406
v -7338.552246 20695.771484 -12812.441406
v -7225.620117 20803.244141 -12812.441406
v -7098.939941 20905.798828 -12812.441406
v -6971.411621 20993.189453 -12812.441406
v -6832.157227 21073.216797 -12812.441406
v -6695.382812 21138.146484 -12812.441406
v -6549.378418 21194.093750 -12812.441406
v -6408.943848 21235.976562 -12812.441406
v -6261.901367 21268.121094 -12812.441406
v -6122.969238 21288.007812 -12812.441406
v -5979.871582 21298.169922 -12812.441406
v -5845.841309 21298.330078 -12812.441406
v -5702.849121 21288.523438 -12812.441406
v -5563.982910 21268.998047 -12812.441406
v -5416.968750 21237.250000 -12812.441406
v -5276.518555 21195.757812 -12812.441406
v -5130.449707 21140.228516 -12812.441406
v -4993.564941 21075.695312 -12812.441406
v -4854.144531 20996.074219 -12812.441406
v -4726.410645 20909.056641 -12812.441406
v -4599.467285 20806.865234 -12812.441406
v -4486.243164 20699.707031 -12812.441406
v -4376.994629 20578.300781 -12812.441406
v -4282.711426 20454.974609 -12812.441406
v -4195.078125 20319.193359 -12812.441406
v -4122.675781 20184.816406 -12812.441406
v -4058.826172 20040.365234 -12812.441406
v -4009.472656 19900.523438 -12812.441406
v -3969.702881 19753.226562 -12812.441406
v -3942.848145 19613.285156 -12812.441406
vn 1.000000 -0.000000 0.000000
vn 0.990586 0.136894 -0.000000
vn 0.960701 0.277584 -0.000000
vn 0.908647 0.417565 -0.000000
vn 0.834067 0.551663 -0.000000
vn 0.738225 0.674554 -0.000000
vn 0.624025 0.781405 -0.000000
vn 0.495737 0.868473 -0.000000
vn 0.358483 0.933536 -0.000000
vn 0.217597 0.976039 -0.000000
vn 0.078023 0.996952 -0.000000
vn -0.057464 0.998348 -0.000000
vn -0.196463 0.980511 -0.000000
vn -0.337451 0.941343 -0.000000
vn -0.475586 0.879669 -0.000000
vn -0.605558 0.795801 -0.000000
vn -0.722172 0.691713 -0.000000
vn -0.820992 0.570940 -0.000000
vn -0.898883 0.438189 -0.000000
vn -0.954331 0.298751 -0.000000
vn -0.987462 0.157858 -0.000000
vn -0.996952 0.078023 -0.000000
vn -1.000000 0.000000 0.000000
vn -0.985374 -0.000000 0.170408
vn -0.940997 -0.000000 0.338414
vn -0.868133 -0.000000 0.496332
vn -0.816447 -0.000000 0.577421
vn -0.757991 -0.000000 0.652265
vn -0.750132 0.108867 0.652265
vn -0.725142 0.220726 0.652265
vn -0.681613 0.331593 0.652265
vn -0.619402 0.436912 0.652265
vn -0.539856 0.532077 0.652265
vn -0.445795 0.613039 0.652265
vn -0.341191 0.676860 0.652265
vn -0.230626 0.722054 0.652265
vn -0.118683 0.748642 0.652265
vn -0.009413 0.757933 0.652265
vn 0.099075 0.751488 0.652265
vn 0.210818 0.728084 0.652265
vn 0.321951 0.686220 0.652265
vn 0.427950 0.625627 0.652265
vn 0.524188 0.547520 0.652265
vn 0.606542 0.454595 0.652265
vn 0.671960 0.350743 0.652265
vn 0.718820 0.240516 0.652265
vn 0.747016 0.128521 0.652265
vn 0.755327 0.063493 0.652265
vn 0.757991 -0.000000 0.652265
vn 0.858056 -0.000000 0.513557
vn 0.934003 -0.000000 0.357265
vn 0.981777 -0.000000 0.190037
vn 0.995491 -0.000000 0.094859
vn -0.931585 0.142048 0.334621
vn -0.918320 0.211464 0.334621
vn -0.900423 0.277971 0.334621
vn -0.876000 0.347351 0.334621
vn -0.847232 0.412586 0.334621
vn -0.813151 0.476251 0.334621
vn -0.771864 0.540606 0.334621
vn -0.727411 0.599085 0.334621
vn -0.675869 0.656681 0.334621
vn -0.622421 0.707546 0.334621
vn -0.562466 0.756082 0.334621
vn -0.502111 0.797442 0.334621
vn -0.436205 0.835316 0.334621
vn -0.371473 0.866046 0.334621
vn -0.302374 0.892524 0.334621
vn -0.235910 0.912346 0.334621
vn -0.166318 0.927560 0.334621
vn -0.100565 0.936971 0.334621
vn -0.032841 0.941780 0.334621
vn 0.030592 0.941856 0.334621
vn 0.098266 0.937215 0.334621
vn 0.163988 0.927974 0.334621
vn 0.233566 0.912949 0.334621
vn 0.300037 0.893312 0.334621
vn 0.369168 0.867032 0.334621
vn 0.433952 0.836489 0.334621
vn 0.499936 0.798807 0.334621
vn 0.560389 0.757623 0.334621
vn 0.620468 0.709259 0.334621
vn 0.674054 0.658544 0.334621
vn 0.725758 0.601085 0.334621
vn 0.770380 0.542718 0.334621
vn 0.811854 0.478457 0.334621
vn 0.846121 0.414860 0.334621
vn 0.876339 0.346495 0.334621
vn 0.899697 0.280312 0.334621
vn 0.918519 0.210600 0.334621
vn 0.931228 0.144370 0.334621
vt 0.000000 6.283185
vt 0.000000 6.134647
vt 0.000000 5.986108
vt 0.000000 5.837570
vt 0.000000 5.689031
vt 0.000000 5.540493
vt 0.000000 5.391954
vt 0.000000 5.243416
vt 0.000000 5.094877
vt 0.000000 4.946339
vt 0.000000 4.797800
vt 0.000000 4.649262
vt 0.000000 4.500723
vt 0.000000 4.352185
vt 0.000000 4.203646
vt 0.000000 4.055108
vt 0.000000 3.906569
vt 0.000000 3.758031
vt 0.000000 3.609492
vt 0.000000 3.460954
vt 0.000000 3.312415
vt 0.000000 3.227004
vt 0.000000 3.141593
vt 0.184124 3.141593
vt 0.361222 3.141593
vt 0.531689 3.141593
vt 0.623999 3.141593
vt 0.714422 3.141593
vt 0.714422 3.297297
vt 0.714422 3.453000
vt 0.714422 3.608704
vt 0.714422 3.764408
vt 0.714422 3.920112
vt 0.714422 4.075815
vt 0.714422 4.231519
vt 0.714422 4.387223
vt 0.714422 4.542927
vt 0.714422 4.698630
vt 0.714422 4.854334
vt 0.714422 5.010038
vt 0.714422 5.165742
vt 0.714422 5.321445
vt 0.714422 5.477149
vt 0.714422 5.632853
vt 0.714422 5.788557
vt 0.714422 5.944261
vt 0.714422 6.099965
vt 0.714422 6.191575
vt 0.714422 6.283185
vt 0.550922 6.283185
vt 0.381195 6.283185
vt 0.204881 6.283185
vt 0.103561 6.283185
vt 0.357211 3.304856
vt 0.357211 3.382708
vt 0.357211 3.456977
vt 0.357211 3.534829
vt 0.357211 3.609098
vt 0.357211 3.683367
vt 0.357211 3.761219
vt 0.357211 3.835489
vt 0.357211 3.913340
vt 0.357211 3.987610
vt 0.357211 4.065462
vt 0.357211 4.139731
vt 0.357211 4.217583
vt 0.357211 4.291852
vt 0.357211 4.369704
vt 0.357211 4.443973
vt 0.357211 4.521825
vt 0.357211 4.596094
vt 0.357211 4.673946
vt 0.357211 4.748215
vt 0.357211 4.826067
vt 0.357211 4.900336
vt 0.357211 4.978189
vt 0.357211 5.052458
vt 0.357211 5.130310
vt 0.357211 5.204579
vt 0.357211 5.282431
vt 0.357211 5.356700
vt 0.357211 5.434552
vt 0.357211 5.508821
vt 0.357211 5.586673
vt 0.357211 5.660942
vt 0.357211 5.738794
vt 0.357211 5.813063
vt 0.357211 5.890915
vt 0.357211 5.965185
vt 0.357211 6.043036
vt 0.357211 6.117306
f 22/22/22 23/23/23 24/24/24
f 29/29/29 26/26/26 27/27/27
f 29/29/29 27/27/27 28/28/28
f 53/53/53 1/1/1 2/2/2
f 52/52/52 53/53/53 2/2/2
f 49/49/49 50/50/50 48/48/48
f 54/54/54 21/21/21 22/22/22
f 54/54/54 24/24/24 25/25/25
f 54/54/54 25/25/25 26/26/26
f 54/54/54 22/22/22 24/24/24
f 54/54/54 26/26/26 29/29/29
f 55/55/55 54/54/54 29/29/29
f 55/55/55 20/20/20 21/21/21
f 55/55/55 29/29/29 30/30/30
f 55/55/55 21/21/21 54/54/54
f 56/56/56 20/20/20 55/55/55
f 56/56/56 55/55/55 30/30/30
f 57/57/57 19/19/19 20/20/20
f 57/57/57 30/30/30 31/31/31
f 57/57/57 56/56/56 30/30/30
f 57/57/57 20/20/20 56/56/56
f 58/58/58 19/19/19 57/57/57
f 58/58/58 57/57/57 31/31/31
f 59/59/59 18/18/18 19/19/19
f 59/59/59 31/31/31 32/32/32
f 59/59/59 19/19/19 58/58/58
f 59/59/59 58/58/58 31/31/31
f 60/60/60 18/18/18 59/59/59
f 60/60/60 59/59/59 32/32/32
f 61/61/61 17/17/17 18/18/18
f 61/61/61 18/18/18 60/60/60
f 61/61/61 32/32/32 33/33/33
f 61/61/61 60/60/60 32/32/32
f 62/62/62 17/17/17 61/61/61
f 62/62/62 61/61/61 33/33/33
f 63/63/63 16/16/16 17/17/17
f 63/63/63 33/33/33 34/34/34
f 63/63/63 17/17/17 62/62/62
f 63/63/63 62/62/62 33/33/33
f 64/64/64 16/16/16 63/63/63
f 64/64/64 63/63/63 34/34/34
f 65/65/65 15/15/15 16/16/16
f 65/65/65 34/34/34 35/35/35
f 65/65/65 16/16/16 64/64/64
f 65/65/65 64/64/64 34/34/34
f 66/66/66 65/65/65 35/35/35
f 66/66/66 15/15/15 65/65/65
f 67/67/67 14/14/14 15/15/15
f 67/67/67 35/35/35 36/36/36
f 67/67/67 15/15/15 66/66/66
f 67/67/67 66/66/66 35/35/35
f 68/68/68 14/14/14 67/67/67
f 68/68/68 67/67/67 36/36/36
f 69/69/69 13/13/13 14/14/14
f 69/69/69 36/36/36 37/37/37
f 69/69/69 14/14/14 68/68/68
f 69/69/69 68/68/68 36/36/36
f 70/70/70 69/69/69 37/37/37
f 70/70/70 13/13/13 69/69/69
f 71/71/71 12/12/12 13/13/13
f 71/71/71 37/37/37 38/38/38
f 71/71/71 70/70/70 37/37/37
f 71/71/71 13/13/13 70/70/70
f 72/72/72 12/12/12 71/71/71
f 72/72/72 71/71/71 38/38/38
f 73/73/73 11/11/11 12/12/12
f 73/73/73 38/38/38 39/39/39
f 73/73/73 12/12/12 72/72/72
f 73/73/73 72/72/72 38/38/38
f 74/74/74 11/11/11 73/73/73
f 74/74/74 73/73/73 39/39/39
f 75/75/75 11/11/11 74/74/74
f 75/75/75 10/10/10 11/11/11
f 75/75/75 39/39/39 40/40/40
f 75/75/75 74/74/74 39/39/39
f 76/76/76 10/10/10 75/75/75
f 76/76/76 75/75/75 40/40/40
f 77/77/77 9/9/9 10/10/10
f 77/77/77 10/10/10 76/76/76
f 77/77/77 40/40/40 41/41/41
f 77/77/77 76/76/76 40/40/40
f 78/78/78 9/9/9 77/77/77
f 78/78/78 77/77/77 41/41/41
f 79/79/79 8/8/8 9/9/9
f 79/79/79 9/9/9 78/78/78
f 79/79/79 78/78/78 41/41/41
f 80/80/80 7/7/7 8/8/8
f 80/80/80 41/41/41 42/42/42
f 80/80/80 8/8/8 79/79/79
f 80/80/80 79/79/79 41/41/41
f 81/81/81 7/7/7 80/80/80
f 81/81/81 80/80/80 42/42/42
f 82/82/82 6/6/6 7/7/7
f 82/82/82 7/7/7 81/81/81
f 82/82/82 42/42/42 43/43/43
f 82/82/82 81/81/81 42/42/42
f 83/83/83 6/6/6 82/82/82
f 83/83/83 82/82/82 43/43/43
f 84/84/84 5/5/5 6/6/6
f 84/84/84 6/6/6 83/83/83
f 84/84/84 43/43/43 44/44/44
f 84/84/84 83/83/83 43/43/43
f 85/85/85 5/5/5 84/84/84
f 85/85/85 84/84/84 44/44/44
f 86/86/86 4/4/4 5/5/5
f 86/86/86 5/5/5 85/85/85
f 86/86/86 44/44/44 45/45/45
f 86/86/86 85/85/85 44/44/44
f 87/87/87 86/86/86 45/45/45
f 87/87/87 4/4/4 86/86/86
f 88/88/88 4/4/4 87/87/87
f 88/88/88 3/3/3 4/4/4
f 88/88/88 87/87/87 45/45/45
f 88/88/88 45/45/45 46/46/46
f 89/89/89 88/88/88 46/46/46
f 89/89/89 3/3/3 88/88/88
f 90/90/90 2/2/2 3/3/3
f 90/90/90 89/89/89 46/46/46
f 90/90/90 46/46/46 47/47/47
f 90/90/90 3/3/3 89/89/89
f 91/91/91 2/2/2 90/90/90
f 91/91/91 90/90/90 47/47/47
f 91/91/91 47/47/47 48/48/48
f 91/91/91 52/52/52 2/2/2
f 91/91/91 50/50/50 51/51/51
f 91/91/91 51/51/51 52/52/52
f 91/91/91 48/48/48 50/50/50
v -7945.199707 19308.240234 -13065.416992
v -7926.070801 19029.720703 -13065.416992
v -7865.218750 18743.417969 -13065.416992
v -7759.318359 18458.615234 -13065.416992
v -7607.557617 18185.763672 -13065.416992
v -7412.549805 17935.722656 -13065.416992
v -7180.191895 17718.314453 -13065.416992
v -6919.159668 17541.156250 -13065.416992
v -6639.912109 17408.753906 -13065.416992
v -6353.206543 17322.287109 -13065.416992
v -6069.218262 17279.730469 -13065.416992
v -5793.429688 17276.832031 -13065.416992
v -5510.799316 17313.207031 -13065.416992
v -5223.828125 17392.869141 -13065.416992
v -4942.804688 17518.378906 -13065.416992
v -4678.342773 17689.021484 -13065.416992
v -4441.073242 17900.808594 -13065.416992
v -4240.003418 18146.537109 -13065.416992
v -4081.506836 18416.650391 -13065.416992
v -3968.688965 18700.363281 -13065.416992
v -3901.280273 18987.039062 -13065.416992
v -3881.837402 19149.587891 -13065.416992
v -3875.760986 19308.240234 -13065.416992
v -3886.818604 19308.240234 -12936.586914
v -3920.367432 19308.240234 -12809.574219
v -3975.453857 19308.240234 -12690.185547
v -4014.529053 19308.240234 -12628.881836
v -4058.721680 19308.240234 -12572.299805
v -4077.276367 19046.517578 -12572.299805
v -4134.817383 18782.937500 -12572.299805
v -4231.951172 18526.232422 -12572.299805
v -4366.989746 18285.210938 -12572.299805
v -4535.528320 18067.876953 -12572.299805
v -4731.090820 17880.675781 -12572.299805
v -4946.034668 17727.400391 -12572.299805
v -5177.896973 17607.578125 -12572.299805
v -5431.739258 17519.447266 -12572.299805
v -5700.838867 17468.378906 -12572.299805
v -5976.805176 17457.693359 -12572.299805
v -6250.532715 17487.955078 -12572.299805
v -6513.424805 17557.472656 -12572.299805
v -6756.856934 17661.109375 -12572.299805
v -6979.940430 17796.585938 -12572.299805
v -7186.548340 17966.351562 -12572.299805
v -7370.081543 18168.691406 -12572.299805
v -7523.241211 18398.294922 -12572.299805
v -7640.509277 18647.923828 -12572.299805
v -7718.641113 18909.019531 -12572.299805
v -7751.675293 19109.773438 -12572.299805
v -7762.238770 19308.240234 -12572.299805
v -7837.888672 19308.240234 -12677.164062
v -7895.305176 19308.240234 -12795.322266
v -7931.422852 19308.240234 -12921.748047
v -7941.790527 19308.240234 -12993.703125
v -3941.748047 19010.378906 -12812.441406
v -3968.413574 18868.917969 -12812.441406
v -4005.642578 18728.394531 -12812.441406
v -4053.529053 18589.658203 -12812.441406
v -4113.069824 18451.535156 -12812.441406
v -4181.705078 18320.332031 -12812.441406
v -4263.177246 18189.750000 -12812.441406
v -4350.651367 18070.677734 -12812.441406
v -4452.119141 17952.582031 -12812.441406
v -4555.174316 17849.552734 -12812.441406
v -4673.293457 17748.113281 -12812.441406
v -4787.816406 17663.779297 -12812.441406
v -4918.229004 17581.955078 -12812.441406
v -5042.580078 17516.208984 -12812.441406
v -5180.493164 17455.744141 -12812.441406
v -5317.036133 17407.595703 -12812.441406
v -5457.558105 17369.300781 -12812.441406
v -5602.390625 17341.083984 -12812.441406
v -5740.696777 17324.355469 -12812.441406
v -5889.099609 17317.218750 -12812.441406
v -6023.509766 17320.314453 -12812.441406
v -6170.488281 17334.152344 -12812.441406
v -6309.998535 17357.595703 -12812.441406
v -6451.330078 17391.966797 -12812.441406
v -6591.566895 17437.210938 -12812.441406
v -6723.104004 17490.474609 -12812.441406
v -6859.220215 17557.664062 -12812.441406
v -6980.044922 17628.759766 -12812.441406
v -7107.181152 17716.845703 -12812.441406
v -7218.970703 17807.414062 -12812.441406
v -7332.372559 17914.378906 -12812.441406
v -7431.347656 18023.099609 -12812.441406
v -7526.901855 18145.566406 -12812.441406
v -7609.065430 18269.281250 -12812.441406
v -7683.824707 18402.769531 -12812.441406
v -7746.308105 18537.289062 -12812.441406
v -7798.812988 18676.712891 -12812.441406
v -7840.139648 18817.279297 -12812.441406
v -7870.489746 18957.537109 -12812.441406
v -7886.739746 19065.285156 -12812.441406
vn -1.000000 -0.000000 0.000000
vn -0.990586 -0.136894 -0.000000
vn -0.960701 -0.277584 -0.000000
vn -0.908647 -0.417565 -0.000000
vn -0.834067 -0.551663 -0.000000
vn -0.738225 -0.674554 -0.000000
vn -0.624025 -0.781405 -0.000000
vn -0.495737 -0.868473 -0.000000
vn -0.358483 -0.933536 -0.000000
vn -0.217597 -0.976039 -0.000000
vn -0.078022 -0.996952 -0.000000
vn 0.057464 -0.998348 -0.000000
vn 0.196463 -0.980511 -0.000000
vn 0.337451 -0.941343 -0.000000
vn 0.475587 -0.879669 -0.000000
vn 0.605559 -0.795801 -0.000000
vn 0.722173 -0.691713 -0.000000
vn 0.820992 -0.570940 -0.000000
vn 0.898883 -0.438189 -0.000000
vn 0.954331 -0.298750 -0.000000
vn 0.987462 -0.157858 -0.000000
vn 0.996952 -0.078022 -0.000000
vn 1.000000 -0.000000 0.000000
vn 0.985374 0.000000 0.170408
vn 0.940997 0.000000 0.338414
vn 0.868133 0.000000 0.496332
vn 0.816447 0.000000 0.577421
vn 0.757991 -0.000000 0.652265
vn 0.750381 -0.107136 0.652265
vn 0.726853 -0.215022 0.652265
vn 0.687083 -0.320106 0.652265
vn 0.631811 -0.418766 0.652265
vn 0.562819 -0.507726 0.652265
vn 0.482768 -0.584368 0.652265
vn 0.394777 -0.647071 0.652265
vn 0.299873 -0.696151 0.652265
vn 0.195960 -0.732223 0.652265
vn 0.085876 -0.753111 0.652265
vn -0.027027 -0.757509 0.652265
vn -0.139263 -0.745088 0.652265
vn -0.246797 -0.716688 0.652265
vn -0.346445 -0.674186 0.652265
vn -0.437771 -0.618795 0.652265
vn -0.522341 -0.549282 0.652265
vn -0.597467 -0.466458 0.652265
vn -0.660162 -0.372474 0.652265
vn -0.708161 -0.270293 0.652265
vn -0.740167 -0.163410 0.652265
vn -0.753624 -0.081251 0.652265
vn -0.757991 0.000000 0.652265
vn -0.858056 0.000000 0.513557
vn -0.934003 0.000000 0.357265
vn -0.981777 0.000000 0.190037
vn -0.995491 0.000000 0.094859
vn 0.931749 -0.140970 0.334621
vn 0.919129 -0.207920 0.334621
vn 0.901509 -0.274426 0.334621
vn 0.878846 -0.340086 0.334621
vn 0.850667 -0.405456 0.334621
vn 0.818184 -0.467551 0.334621
vn 0.779625 -0.529352 0.334621
vn 0.738226 -0.585706 0.334621
vn 0.690204 -0.641598 0.334621
vn 0.641431 -0.690359 0.334621
vn 0.585528 -0.738367 0.334621
vn 0.531327 -0.778280 0.334621
vn 0.469606 -0.817006 0.334621
vn 0.410754 -0.848121 0.334621
vn 0.345484 -0.876738 0.334621
vn 0.280861 -0.899525 0.334621
vn 0.214356 -0.917649 0.334621
vn 0.145811 -0.931004 0.334621
vn 0.080354 -0.938921 0.334621
vn 0.010119 -0.942298 0.334621
vn -0.053494 -0.940833 0.334621
vn -0.123055 -0.934284 0.334621
vn -0.189081 -0.923188 0.334621
vn -0.255970 -0.906922 0.334621
vn -0.322340 -0.885509 0.334621
vn -0.384593 -0.860300 0.334621
vn -0.449014 -0.828502 0.334621
vn -0.506197 -0.794854 0.334621
vn -0.566367 -0.753165 0.334621
vn -0.619274 -0.710302 0.334621
vn -0.672944 -0.659678 0.334621
vn -0.719786 -0.608224 0.334621
vn -0.765009 -0.550263 0.334621
vn -0.803895 -0.491712 0.334621
vn -0.839277 -0.428536 0.334621
vn -0.868849 -0.364871 0.334621
vn -0.893698 -0.298886 0.334621
vn -0.913257 -0.232359 0.334621
vn -0.927621 -0.165979 0.334621
vn -0.935311 -0.114985 0.334621
vt 0.000000 3.141593
vt 0.000000 2.993054
vt 0.000000 2.844516
vt 0.000000 2.695977
vt 0.000000 2.547439
vt 0.000000 2.398900
vt 0.000000 2.250361
vt 0.000000 2.101823
vt 0.000000 1.953285
vt 0.000000 1.804746
vt 0.000000 1.656207
vt -0.000000 1.507669
vt 0.000000 1.359130
vt 0.000000 1.210592
vt 0.000000 1.062053
vt 0.000000 0.913515
vt 0.000000 0.764976
vt 0.000000 0.616438
vt 0.000000 0.467899
vt 0.000000 0.319361
vt 0.000000 0.170822
vt 0.000000 0.085411
vt 0.000000 0.000000
vt 0.184124 0.000000
vt 0.361222 0.000000
vt 0.531689 0.000000
vt 0.623999 0.000000
vt 0.714422 0.000000
vt 0.714422 0.153274
vt 0.714422 0.303486
vt 0.714422 0.450727
vt 0.714422 0.595080
vt 0.714422 0.736641
vt 0.714422 0.875458
vt 0.714422 1.011710
vt 0.714422 1.148743
vt 0.714422 1.293770
vt 0.714422 1.447456
vt 0.714422 1.610122
vt 0.714422 1.769011
vt 0.714422 1.918468
vt 0.714422 2.059226
vt 0.714422 2.194937
vt 0.714422 2.332364
vt 0.714422 2.472497
vt 0.714422 2.615384
vt 0.714422 2.761112
vt 0.714422 2.909766
vt 0.714422 3.024788
vt 0.714422 3.141593
vt 0.550922 3.141593
vt 0.381195 3.141593
vt 0.204881 3.141593
vt 0.103561 3.141593
vt 0.357211 0.162048
vt 0.357211 0.237154
vt 0.357211 0.311423
vt 0.357211 0.385044
vt 0.357211 0.459313
vt 0.357211 0.531490
vt 0.357211 0.605759
vt 0.357211 0.676539
vt 0.357211 0.750809
vt 0.357211 0.820217
vt 0.357211 0.894486
vt 0.357211 0.962612
vt 0.357211 1.036882
vt 0.357211 1.105398
vt 0.357211 1.179667
vt 0.357211 1.252181
vt 0.357211 1.326450
vt 0.357211 1.403293
vt 0.357211 1.477562
vt 0.357211 1.558896
vt 0.357211 1.633165
vt 0.357211 1.712609
vt 0.357211 1.786878
vt 0.357211 1.861607
vt 0.357211 1.935876
vt 0.357211 2.006255
vt 0.357211 2.080524
vt 0.357211 2.148380
vt 0.357211 2.222649
vt 0.357211 2.291363
vt 0.357211 2.365632
vt 0.357211 2.435698
vt 0.357211 2.509968
vt 0.357211 2.581411
vt 0.357211 2.655681
vt 0.357211 2.728544
vt 0.357211 2.802814
vt 0.357211 2.877141
vt 0.357211 2.951410
vt 0.357211 3.008921
f 113/113/113 114/114/114 115/115/115
f 120/120/120 117/117/117 118/118/118
f 120/120/120 118/118/118 119/119/119
f 145/145/145 92/92/92 93/93/93
f 144/144/144 145/145/145 93/93/93
f 141/141/141 142/142/142 140/140/140
f 146/146/146 112/112/112 113/113/113
f 146/146/146 115/115/115 116/116/116
f 146/146/146 116/116/116 117/117/117
f 146/146/146 113/113/113 115/115/115
f 146/146/146 117/117/117 120/120/120
f 147/147/147 146/146/146 120/120/120
f 147/147/147 111/111/111 112/112/112
f 147/147/147 120/120/120 121/121/121
f 147/147/147 112/112/112 146/146/146
f 148/148/148 111/111/111 147/147/147
f 148/148/148 147/147/147 121/121/121
f 149/149/149 110/110/110 111/111/111
f 149/149/149 121/121/121 122/122/122
f 149/149/149 148/148/148 121/121/121
f 149/149/149 111/111/111 148/148/148
f 150/150/150 149/149/149 122/122/122
f 150/150/150 110/110/110 149/149/149
f 151/151/151 109/109/109 110/110/110
f 151/151/151 122/122/122 123/123/123
f 151/151/151 110/110/110 150/150/150
f 151/151/151 150/150/150 122/122/122
f 152/152/152 151/151/151 123/123/123
f 152/152/152 109/109/109 151/151/151
f 153/153/153 108/108/108 109/109/109
f 153/153/153 109/109/109 152/152/152
f 153/153/153 152/152/152 123/123/123
f 153/153/153 123/123/123 124/124/124
f 154/154/154 108/108/108 153/153/153
f 154/154/154 153/153/153 124/124/124
f 155/155/155 107/107/107 108/108/108
f 155/155/155 124/124/124 125/125/125
f 155/155/155 154/154/154 124/124/124
f 155/155/155 108/108/108 154/154/154
f 156/156/156 107/107/107 155/155/155
f 156/156/156 155/155/155 125/125/125
f 157/157/157 106/106/106 107/107/107
f 157/157/157 125/125/125 126/126/126
f 157/157/157 107/107/107 156/156/156
f 157/157/157 156/156/156 125/125/125
f 158/158/158 106/106/106 157/157/157
f 158/158/158 157/157/157 126/126/126
f 159/159/159 105/105/105 106/106/106
f 159/159/159 126/126/126 127/127/127
f 159/159/159 106/106/106 158/158/158
f 159/159/159 158/158/158 126/126/126
f 160/160/160 159/159/159 127/127/127
f 160/160/160 105/105/105 159/159/159
f 161/161/161 104/104/104 105/105/105
f 161/161/161 127/127/127 128/128/128
f 161/161/161 160/160/160 127/127/127
f 161/161/161 105/105/105 160/160/160
f 162/162/162 104/104/104 161/161/161
f 162/162/162 161/161/161 128/128/128
f 163/163/163 162/162/162 128/128/128
f 163/163/163 103/103/103 104/104/104
f 163/163/163 128/128/128 129/129/129
f 163/163/163 104/104/104 162/162/162
f 164/164/164 103/103/103 163/163/163
f 164/164/164 163/163/163 129/129/129
f 165/165/165 102/102/102 103/103/103
f 165/165/165 129/129/129 130/130/130
f 165/165/165 103/103/103 164/164/164
f 165/165/165 164/164/164 129/129/129
f 166/166/166 165/165/165 130/130/130
f 166/166/166 102/102/102 165/165/165
f 167/167/167 101/101/101 102/102/102
f 167/167/167 166/166/166 130/130/130
f 167/167/167 130/130/130 131/131/131
f 167/167/167 102/102/102 166/166/166
f 168/168/168 101/101/101 167/167/167
f 168/168/168 167/167/167 131/131/131
f 169/169/169 100/100/100 101/101/101
f 169/169/169 101/101/101 168/168/168
f 169/169/169 131/131/131 132/132/132
f 169/169/169 168/168/168 131/131/131
f 170/170/170 100/100/100 169/169/169
f 170/170/170 169/169/169 132/132/132
f 171/171/171 99/99/99 100/100/100
f 171/171/171 100/100/100 170/170/170
f 171/171/171 132/132/132 133/133/133
f 171/171/171 170/170/170 132/132/132
f 172/172/172 99/99/99 171/171/171
f 172/172/172 171/171/171 133/133/133
f 173/173/173 98/98/98 99/99/99
f 173/173/173 99/99/99 172/172/172
f 173/173/173 133/133/133 134/134/134
f 173/173/173 172/172/172 133/133/133
f 174/174/174 98/98/98 173/173/173
f 174/174/174 173/173/173 134/134/134
f 175/175/175 97/97/97 98/98/98
f 175/175/175 98/98/98 174/174/174
f 175/175/175 134/134/134 135/135/135
f 175/175/175 174/174/174 134/134/134
f 176/176/176 97/97/97 175/175/175
f 176/176/176 175/175/175 135/135/135
f 177/177/177 97/97/97 176/176/176
f 177/177/177 135/135/135 136/136/136
f 177/177/177 176/176/176 135/135/135
f 178/178/178 96/96/96 97/97/97
f 178/178/178 136/136/136 137/137/137
f 178/178/178 97/97/97 177/177/177
f 178/178/178 177/177/177 136/136/136
f 179/179/179 178/178/178 137/137/137
f 179/179/179 96/96/96 178/178/178
f 180/180/180 96/96/96 179/179/179
f 180/180/180 95/95/95 96/96/96
f 180/180/180 179/179/179 137/137/137
f 180/180/180 137/137/137 138/138/138
f 181/181/181 95/95/95 180/180/180
f 181/181/181 180/180/180 138/138/138
f 182/182/182 94/94/94 95/95/95
f 182/182/182 95/95/95 181/181/181
f 182/182/182 181/181/181 138/138/138
f 182/182/182 138/138/138 139/139/139
f 183/183/183 94/94/94 182/182/182
f 183/183/183 182/182/182 139/139/139
f 184/184/184 93/93/93 94/94/94
f 184/184/184 183/183/183 139/139/139
f 184/184/184 139/139/139 140/140/140
f 184/184/184 94/94/94 183/183/183
f 185/185/185 93/93/93 184/184/184
f 185/185/185 184/184/184 140/140/140
f 185/185/185 142/142/142 143/143/143
f 185/185/185 143/143/143 144/144/144
f 185/185/185 144/144/144 93/93/93
f 185/185/185 140/140/140 142/142/142
v -4243.665527 19308.240234 -13714.204102
v -5492.555664 19308.240234 -13553.746094
v -5497.857422 19374.587891 -13553.746094
v -5514.767578 19442.675781 -13553.746094
v -5540.688965 19502.958984 -13553.746094
v -5572.652344 19554.275391 -13553.746094
v -5612.168945 19600.933594 -13553.746094
v -5658.102539 19641.353516 -13553.746094
v -5708.914551 19674.341797 -13553.746094
v -5762.811523 19699.208984 -13553.746094
v -5817.981934 19715.798828 -13553.746094
v -5872.718262 19724.447266 -13553.746094
v -5925.831055 19725.910156 -13553.746094
v -5979.849609 19720.351562 -13553.746094
v -6035.058105 19707.169922 -13553.746094
v -6089.696289 19685.785156 -13553.746094
v -6142.031738 19656.156250 -13553.746094
v -6190.218750 19618.736328 -13553.746094
v -6232.591797 19574.519531 -13553.746094
v -6267.828125 19524.945312 -13553.746094
v -6295.090820 19471.750000 -13553.746094
v -6314.061035 19416.775391 -13553.746094
v -6324.972656 19361.753906 -13553.746094
v -6328.404785 19308.240234 -13553.746094
v -7577.295410 19308.240234 -13714.204102
v -7558.046875 19560.828125 -13714.204102
v -7496.713379 19820.232422 -13714.204102
v -7389.924316 20076.041016 -13714.204102
v -7237.803711 20316.449219 -13714.204102
v -7044.569824 20529.761719 -13714.204102
v -6818.292480 20706.150391 -13714.204102
v -6569.800293 20839.109375 -13714.204102
v -6311.070312 20926.208984 -13714.204102
v -6053.380859 20968.894531 -13714.204102
v -5803.548828 20971.652344 -13714.204102
v -5546.987305 20934.925781 -13714.204102
v -5287.713867 20854.347656 -13714.204102
v -5037.034668 20727.873047 -13714.204102
v -4806.878418 20557.373047 -13714.204102
v -4608.359375 20348.791016 -13714.204102
v -4450.021973 20111.560547 -13714.204102
v -4336.659180 19857.205078 -13714.204102
v -4269.002441 19597.654297 -13714.204102
v -4249.710938 19451.111328 -13714.204102
vn -0.127433 -0.000000 -0.991847
vn -0.127433 0.000000 -0.991847
vn -0.125817 -0.020230 -0.991847
vn -0.120660 -0.040992 -0.991847
vn -0.112756 -0.059373 -0.991847
vn -0.103010 -0.075020 -0.991847
vn -0.090961 -0.089248 -0.991847
vn -0.076955 -0.101573 -0.991847
vn -0.061462 -0.111632 -0.991847
vn -0.045026 -0.119214 -0.991847
vn -0.028206 -0.124273 -0.991847
vn -0.011519 -0.126911 -0.991847
vn 0.004666 -0.127348 -0.991847
vn 0.021160 -0.125664 -0.991847
vn 0.037983 -0.121641 -0.991847
vn 0.054647 -0.115121 -0.991847
vn 0.070604 -0.106086 -0.991847
vn 0.085298 -0.094676 -0.991847
vn 0.098218 -0.081194 -0.991847
vn 0.108963 -0.066078 -0.991847
vn 0.117275 -0.049857 -0.991847
vn 0.123061 -0.033092 -0.991847
vn 0.126384 -0.016319 -0.991847
vn 0.127433 -0.000000 -0.991847
vn 0.127433 0.000000 -0.991847
vn 0.125961 -0.019311 -0.991847
vn 0.121273 -0.039143 -0.991847
vn 0.113108 -0.058701 -0.991847
vn 0.101478 -0.077081 -0.991847
vn 0.086705 -0.093389 -0.991847
vn 0.069405 -0.106874 -0.991847
vn 0.050407 -0.117040 -0.991847
vn 0.030625 -0.123698 -0.991847
vn 0.010929 -0.126964 -0.991847
vn -0.008170 -0.127171 -0.991847
vn -0.027792 -0.124366 -0.991847
vn -0.047612 -0.118205 -0.991847
vn -0.066778 -0.108535 -0.991847
vn -0.084374 -0.095500 -0.991847
vn -0.099551 -0.079553 -0.991847
vn -0.111657 -0.061416 -0.991847
vn -0.120323 -0.041970 -0.991847
vn -0.125498 -0.022125 -0.991847
vn -0.126964 -0.010929 -0.991847
vt 0.629578 6.549402
vt -0.629578 6.549402
vt -0.629578 6.370358
vt -0.629578 6.191314
vt -0.629578 6.030174
vt -0.629578 5.885148
vt -0.629578 5.740122
vt -0.629578 5.595096
vt -0.629578 5.450070
vt -0.629578 5.305044
vt -0.629578 5.160018
vt -0.629578 5.014993
vt -0.629578 4.869967
vt -0.629578 4.724941
vt -0.629578 4.579915
vt -0.629578 4.434889
vt -0.629578 4.289863
vt -0.629578 4.144837
vt -0.629578 3.999812
vt -0.629578 3.854786
vt -0.629578 3.709760
vt -0.629578 3.564734
vt -0.629578 3.419718
vt -0.629578 3.274701
vt 0.629578 3.274701
vt 0.629578 3.445769
vt 0.629578 3.616838
vt 0.629578 3.787906
vt 0.629578 3.958974
vt 0.629578 4.130043
vt 0.629578 4.301111
vt 0.629578 4.472179
vt 0.629578 4.643247
vt 0.629578 4.814315
vt 0.629578 4.985384
vt 0.629578 5.156452
vt 0.629578 5.327520
vt 0.629578 5.498589
vt 0.629578 5.669657
vt 0.629578 5.840725
vt 0.629578 6.011793
vt 0.629578 6.182861
vt 0.629578 6.353930
vt 0.629578 6.451666
f 210/210/210 208/208/208 209/209/209
f 211/211/211 207/207/207 208/208/208
f 211/211/211 208/208/208 210/210/210
f 212/212/212 206/206/206 207/207/207
f 212/212/212 207/207/207 211/211/211
f 213/213/213 205/205/205 206/206/206
f 213/213/213 206/206/206 212/212/212
f 214/214/214 204/204/204 205/205/205
f 214/214/214 205/205/205 213/213/213
f 215/215/215 203/203/203 204/204/204
f 215/215/215 204/204/204 214/214/214
f 216/216/216 201/201/201 202/202/202
f 216/216/216 202/202/202 203/203/203
f 216/216/216 203/203/203 215/215/215
f 217/217/217 200/200/200 201/201/201
f 217/217/217 201/201/201 216/216/216
f 218/218/218 199/199/199 200/200/200
f 218/218/218 200/200/200 217/217/217
f 219/219/219 198/198/198 199/199/199
f 219/219/219 199/199/199 218/218/218
f 220/220/220 198/198/198 219/219/219
f 220/220/220 197/197/197 198/198/198
f 221/221/221 195/195/195 196/196/196
f 221/221/221 197/197/197 220/220/220
f 221/221/221 196/196/196 197/197/197
f 222/222/222 194/194/194 195/195/195
f 222/222/222 195/195/195 221/221/221
f 223/223/223 193/193/193 194/194/194
f 223/223/223 194/194/194 222/222/222
f 224/224/224 192/192/192 193/193/193
f 224/224/224 193/193/193 223/223/223
f 225/225/225 192/192/192 224/224/224
f 225/225/225 191/191/191 192/192/192
f 226/226/226 190/190/190 191/191/191
f 226/226/226 191/191/191 225/225/225
f 227/227/227 189/189/189 190/190/190
f 227/227/227 190/190/190 226/226/226
f 228/228/228 188/188/188 189/189/189
f 228/228/228 189/189/189 227/227/227
f 229/229/229 187/187/187 188/188/188
f 229/229/229 188/188/188 228/228/228
f 186/186/186 187/187/187 229/229/229
v -3875.760986 19308.240234 -13065.416992
v -3894.889893 19029.720703 -13065.416992
v -3955.741699 18743.417969 -13065.416992
v -4061.642334 18458.615234 -13065.416992
v -4213.403320 18185.763672 -13065.416992
v -4408.411133 17935.722656 -13065.416992
v -4640.768555 17718.314453 -13065.416992
v -4901.800781 17541.156250 -13065.416992
v -5181.048340 17408.753906 -13065.416992
v -5467.753906 17322.287109 -13065.416992
v -5751.742188 17279.730469 -13065.416992
v -6027.530762 17276.832031 -13065.416992
v -6310.161133 17313.207031 -13065.416992
v -6597.132324 17392.869141 -13065.416992
v -6878.155762 17518.378906 -13065.416992
v -7142.617676 17689.021484 -13065.416992
v -7379.887207 17900.808594 -13065.416992
v -7580.957031 18146.537109 -13065.416992
v -7739.453613 18416.650391 -13065.416992
v -7852.271484 18700.363281 -13065.416992
v -7919.680664 18987.037109 -13065.416992
v -7939.123047 19149.587891 -13065.416992
v -7945.199707 19308.240234 -13065.416992
v -7934.596680 19308.240234 -13191.588867
v -7901.812012 19308.240234 -13317.845703
v -7853.279297 19308.240234 -13426.714844
v -7795.331543 19308.240234 -13517.238281
v -7725.799316 19308.240234 -13597.958984
v -7654.262207 19308.240234 -13661.452148
v -7577.295410 19308.240234 -13714.204102
v -7558.695801 19059.812500 -13714.204102
v -7501.074219 18809.998047 -13714.204102
v -7403.908691 18568.011719 -13714.204102
v -7269.418457 18343.083984 -13714.204102
v -7102.678711 18143.367188 -13714.204102
v -6910.946289 17975.128906 -13714.204102
v -6701.834961 17841.144531 -13714.204102
v -6473.372559 17739.423828 -13714.204102
v -6224.880859 17671.330078 -13714.204102
v -5965.265625 17642.347656 -13714.204102
v -5703.604492 17654.304688 -13714.204102
v -5449.418457 17706.490234 -13714.204102
v -5211.651367 17794.962891 -13714.204102
v -4995.515137 17915.011719 -13714.204102
v -4795.755859 18069.025391 -13714.204102
v -4617.602539 18256.224609 -13714.204102
v -4468.898438 18471.525391 -13714.204102
v -4355.691895 18707.484375 -13714.204102
v -4281.538086 18955.156250 -13714.204102
v -4252.836914 19132.720703 -13714.204102
v -4243.665527 19308.240234 -13714.204102
v -4140.831543 19308.240234 -13640.333984
v -4049.311279 19308.240234 -13547.382812
v -3980.797607 19308.240234 -13449.844727
v -3932.860352 19308.240234 -13353.644531
v -3899.283447 19308.240234 -13252.535156
v -3881.519287 19308.240234 -13158.548828
v -3996.950439 18969.605469 -13425.861328
v -4026.291016 18832.740234 -13425.861328
v -4068.807861 18688.150391 -13425.861328
v -4120.352051 18552.125000 -13425.861328
v -4185.163086 18414.066406 -13425.861328
v -4258.978516 18284.125000 -13425.861328
v -4344.408691 18157.724609 -13425.861328
v -4438.920898 18039.074219 -13425.861328
v -4541.758789 17928.794922 -13425.861328
v -4653.840820 17825.970703 -13425.861328
v -4769.705566 17735.058594 -13425.861328
v -4895.049316 17651.386719 -13425.861328
v -5020.868652 17580.566406 -13425.861328
v -5154.581055 17518.021484 -13425.861328
v -5293.244629 17465.609375 -13425.861328
v -5430.322754 17425.232422 -13425.861328
v -5578.674805 17393.515625 -13425.861328
v -5714.114746 17374.925781 -13425.861328
v -5867.144043 17365.460938 -13425.861328
v -5998.041504 17366.951172 -13425.861328
v -6148.741211 17379.640625 -13425.861328
v -6284.722168 17401.355469 -13425.861328
v -6429.559082 17435.587891 -13425.861328
v -6566.474121 17479.048828 -13425.861328
v -6700.958008 17533.019531 -13425.861328
v -6833.866211 17598.378906 -13425.861328
v -6958.166016 17671.589844 -13425.861328
v -7082.068359 17757.869141 -13425.861328
v -7197.157715 17851.968750 -13425.861328
v -7307.149902 17957.099609 -13425.861328
v -7408.494629 18070.410156 -13425.861328
v -7500.368164 18190.867188 -13425.861328
v -7583.627930 18319.884766 -13425.861328
v -7654.433105 18450.978516 -13425.861328
v -7716.565430 18591.076172 -13425.861328
v -7764.946289 18727.529297 -13425.861328
v -7802.441406 18864.671875 -13425.861328
v -7830.727539 19010.046875 -13425.861328
vn 1.000000 -0.000000 0.000000
vn 0.990586 -0.136894 -0.000000
vn 0.960701 -0.277584 -0.000000
vn 0.908647 -0.417565 -0.000000
vn 0.834067 -0.551663 -0.000000
vn 0.738225 -0.674554 -0.000000
vn 0.624025 -0.781405 -0.000000
vn 0.495737 -0.868473 -0.000000
vn 0.358483 -0.933536 -0.000000
vn 0.217597 -0.976039 -0.000000
vn 0.078023 -0.996952 -0.000000
vn -0.057464 -0.998348 -0.000000
vn -0.196463 -0.980511 -0.000000
vn -0.337451 -0.941343 -0.000000
vn -0.475586 -0.879669 -0.000000
vn -0.605558 -0.795801 -0.000000
vn -0.722172 -0.691713 -0.000000
vn -0.820992 -0.570940 -0.000000
vn -0.898883 -0.438189 -0.000000
vn -0.954331 -0.298751 -0.000000
vn -0.987462 -0.157858 -0.000000
vn -0.996952 -0.078023 -0.000000
vn -1.000000 -0.000000 -0.000000
vn -0.985975 0.000000 -0.166892
vn -0.942610 0.000000 -0.333897
vn -0.878413 0.000000 -0.477902
vn -0.801764 0.000000 -0.597641
vn -0.709791 0.000000 -0.704412
vn -0.615166 0.000000 -0.788398
vn -0.513359 0.000000 -0.858174
vn -0.507625 -0.076514 -0.858174
vn -0.489888 -0.153451 -0.858174
vn -0.459958 -0.227982 -0.858174
vn -0.418539 -0.297258 -0.858174
vn -0.367184 -0.358767 -0.858174
vn -0.308134 -0.410599 -0.858174
vn -0.243722 -0.451815 -0.858174
vn -0.173359 -0.483202 -0.858174
vn -0.096875 -0.504136 -0.858174
vn -0.016790 -0.513085 -0.858174
vn 0.063766 -0.509383 -0.858174
vn 0.141993 -0.493331 -0.858174
vn 0.215230 -0.466062 -0.858174
vn 0.281799 -0.429100 -0.858174
vn 0.343322 -0.381664 -0.858174
vn 0.398191 -0.324009 -0.858174
vn 0.443992 -0.257700 -0.858174
vn 0.478855 -0.185028 -0.858174
vn 0.501710 -0.108742 -0.858174
vn 0.510504 -0.054066 -0.858174
vn 0.513359 -0.000000 -0.858174
vn 0.649381 -0.000000 -0.760463
vn 0.770439 -0.000000 -0.637514
vn 0.861064 -0.000000 -0.508496
vn 0.924472 -0.000000 -0.381249
vn 0.968886 -0.000000 -0.247508
vn 0.992383 -0.000000 -0.123188
vn 0.865577 -0.153180 -0.476772
vn 0.852305 -0.215090 -0.476772
vn 0.833073 -0.280495 -0.476772
vn 0.809757 -0.342026 -0.476772
vn 0.780440 -0.404477 -0.476772
vn 0.747050 -0.463254 -0.476772
vn 0.708406 -0.520432 -0.476772
vn 0.665654 -0.574102 -0.476772
vn 0.619135 -0.623987 -0.476772
vn 0.568436 -0.670499 -0.476772
vn 0.516025 -0.711623 -0.476772
vn 0.459326 -0.749472 -0.476772
vn 0.402412 -0.781507 -0.476772
vn 0.341928 -0.809799 -0.476772
vn 0.279204 -0.833507 -0.476772
vn 0.217197 -0.851771 -0.476772
vn 0.150091 -0.866118 -0.476772
vn 0.088825 -0.874528 -0.476772
vn 0.019603 -0.878808 -0.476772
vn -0.039608 -0.878134 -0.476772
vn -0.107776 -0.872395 -0.476772
vn -0.169287 -0.862572 -0.476772
vn -0.234803 -0.847087 -0.476772
vn -0.296736 -0.827427 -0.476772
vn -0.357569 -0.803015 -0.476772
vn -0.417690 -0.773449 -0.476772
vn -0.473916 -0.740332 -0.476772
vn -0.529963 -0.701304 -0.476772
vn -0.582023 -0.658739 -0.476772
vn -0.631778 -0.611184 -0.476772
vn -0.677621 -0.559927 -0.476772
vn -0.719179 -0.505440 -0.476772
vn -0.756841 -0.447079 -0.476772
vn -0.788870 -0.387779 -0.476772
vn -0.816975 -0.324407 -0.476772
vn -0.838860 -0.262683 -0.476772
vn -0.855821 -0.200647 -0.476772
vn -0.868616 -0.134887 -0.476772
vt 0.000000 0.000000
vt 0.000000 0.148539
vt 0.000000 0.297077
vt 0.000000 0.445616
vt 0.000000 0.594154
vt 0.000000 0.742693
vt 0.000000 0.891231
vt 0.000000 1.039770
vt 0.000000 1.188308
vt 0.000000 1.336847
vt 0.000000 1.485385
vt 0.000000 1.633924
vt 0.000000 1.782462
vt 0.000000 1.931001
vt 0.000000 2.079539
vt 0.000000 2.228078
vt 0.000000 2.376616
vt 0.000000 2.525155
vt 0.000000 2.673693
vt 0.000000 2.822232
vt 0.000000 2.970770
vt 0.000000 3.056181
vt 0.000000 3.141593
vt -0.180400 3.141593
vt -0.356445 3.141593
vt -0.511293 3.141593
vt -0.647838 3.141593
vt -0.781792 3.141593
vt -0.901968 3.141593
vt -1.020096 3.141593
vt -1.020096 2.980126
vt -1.020096 2.822057
vt -1.020096 2.667279
vt -1.020096 2.515692
vt -1.020096 2.367187
vt -1.020096 2.221716
vt -1.020096 2.078629
vt -1.020096 1.931259
vt -1.020096 1.774273
vt -1.020096 1.606889
vt -1.020096 1.435781
vt -1.020096 1.274758
vt -1.020096 1.123357
vt -1.020096 0.979776
vt -1.020096 0.835504
vt -1.020096 0.688272
vt -1.020096 0.537984
vt -1.020096 0.384550
vt -1.020096 0.227867
vt -1.020096 0.114795
vt -1.020096 0.000000
vt -0.859980 0.000000
vt -0.696091 0.000000
vt -0.545252 0.000000
vt -0.406706 0.000000
vt -0.265435 0.000000
vt -0.133921 0.000000
vt -0.510048 0.188203
vt -0.510048 0.262472
vt -0.510048 0.340813
vt -0.510048 0.415083
vt -0.510048 0.491800
vt -0.510048 0.566069
vt -0.510048 0.641213
vt -0.510048 0.715482
vt -0.510048 0.789098
vt -0.510048 0.863367
vt -0.510048 0.935503
vt -0.510048 1.009773
vt -0.510048 1.081563
vt -0.510048 1.155833
vt -0.510048 1.231533
vt -0.510048 1.305802
vt -0.510048 1.386314
vt -0.510048 1.460583
vt -0.510048 1.546137
vt -0.510048 1.620406
vt -0.510048 1.704098
vt -0.510048 1.778367
vt -0.510048 1.856861
vt -0.510048 1.931130
vt -0.510048 2.004815
vt -0.510048 2.079084
vt -0.510048 2.150628
vt -0.510048 2.224897
vt -0.510048 2.297632
vt -0.510048 2.371902
vt -0.510048 2.446154
vt -0.510048 2.520423
vt -0.510048 2.596217
vt -0.510048 2.670486
vt -0.510048 2.747875
vt -0.510048 2.822145
vt -0.510048 2.896414
vt -0.510048 2.975448
f 279/279/279 280/280/280 281/281/281
f 282/282/282 279/279/279 281/281/281
f 231/231/231 285/285/285 286/286/286
f 231/231/231 286/286/286 230/230/230
f 258/258/258 259/259/259 260/260/260
f 257/257/257 258/258/258 260/260/260
f 253/253/253 254/254/254 251/251/251
f 252/252/252 253/253/253 251/251/251
f 287/287/287 231/231/231 232/232/232
f 287/287/287 278/278/278 279/279/279
f 287/287/287 282/282/282 283/283/283
f 287/287/287 283/283/283 284/284/284
f 287/287/287 284/284/284 285/285/285
f 287/287/287 279/279/279 282/282/282
f 287/287/287 285/285/285 231/231/231
f 288/288/288 278/278/278 287/287/287
f 288/288/288 287/287/287 232/232/232
f 289/289/289 232/232/232 233/233/233
f 289/289/289 288/288/288 232/232/232
f 289/289/289 278/278/278 288/288/288
f 289/289/289 277/277/277 278/278/278
f 290/290/290 289/289/289 233/233/233
f 290/290/290 277/277/277 289/289/289
f 291/291/291 233/233/233 234/234/234
f 291/291/291 276/276/276 277/277/277
f 291/291/291 277/277/277 290/290/290
f 291/291/291 290/290/290 233/233/233
f 292/292/292 276/276/276 291/291/291
f 292/292/292 291/291/291 234/234/234
f 293/293/293 276/276/276 292/292/292
f 293/293/293 234/234/234 235/235/235
f 293/293/293 292/292/292 234/234/234
f 293/293/293 275/275/275 276/276/276
f 294/294/294 275/275/275 293/293/293
f 294/294/294 293/293/293 235/235/235
f 295/295/295 235/235/235 236/236/236
f 295/295/295 274/274/274 275/275/275
f 295/295/295 294/294/294 235/235/235
f 295/295/295 275/275/275 294/294/294
f 296/296/296 295/295/295 236/236/236
f 296/296/296 274/274/274 295/295/295
f 297/297/297 236/236/236 237/237/237
f 297/297/297 273/273/273 274/274/274
f 297/297/297 274/274/274 296/296/296
f 297/297/297 296/296/296 236/236/236
f 298/298/298 297/297/297 237/237/237
f 298/298/298 273/273/273 297/297/297
f 299/299/299 237/237/237 238/238/238
f 299/299/299 298/298/298 237/237/237
f 299/299/299 272/272/272 273/273/273
f 299/299/299 273/273/273 298/298/298
f 300/300/300 299/299/299 238/238/238
f 300/300/300 272/272/272 299/299/299
f 301/301/301 272/272/272 300/300/300
f 301/301/301 238/238/238 239/239/239
f 301/301/301 271/271/271 272/272/272
f 301/301/301 300/300/300 238/238/238
f 302/302/302 271/271/271 301/301/301
f 302/302/302 301/301/301 239/239/239
f 303/303/303 239/239/239 240/240/240
f 303/303/303 270/270/270 271/271/271
f 303/303/303 271/271/271 302/302/302
f 303/303/303 302/302/302 239/239/239
f 304/304/304 270/270/270 303/303/303
f 304/304/304 303/303/303 240/240/240
f 305/305/305 304/304/304 240/240/240
f 305/305/305 240/240/240 241/241/241
f 305/305/305 269/269/269 270/270/270
f 305/305/305 270/270/270 304/304/304
f 306/306/306 269/269/269 305/305/305
f 306/306/306 305/305/305 241/241/241
f 307/307/307 241/241/241 242/242/242
f 307/307/307 306/306/306 241/241/241
f 307/307/307 268/268/268 269/269/269
f 307/307/307 269/269/269 306/306/306
f 308/308/308 268/268/268 307/307/307
f 308/308/308 307/307/307 242/242/242
f 309/309/309 242/242/242 243/243/243
f 309/309/309 267/267/267 268/268/268
f 309/309/309 268/268/268 308/308/308
f 309/309/309 308/308/308 242/242/242
f 310/310/310 267/267/267 309/309/309
f 310/310/310 309/309/309 243/243/243
f 311/311/311 243/243/243 244/244/244
f 311/311/311 310/310/310 243/243/243
f 311/311/311 266/266/266 267/267/267
f 311/311/311 267/267/267 310/310/310
f 312/312/312 311/311/311 244/244/244
f 312/312/312 266/266/266 311/311/311
f 313/313/313 244/244/244 245/245/245
f 313/313/313 265/265/265 266/266/266
f 313/313/313 312/312/312 244/244/244
f 313/313/313 266/266/266 312/312/312
f 314/314/314 313/313/313 245/245/245
f 314/314/314 265/265/265 313/313/313
f 315/315/315 245/245/245 246/246/246
f 315/315/315 314/314/314 245/245/245
f 315/315/315 264/264/264 265/265/265
f 315/315/315 265/265/265 314/314/314
f 316/316/316 315/315/315 246/246/246
f 316/316/316 264/264/264 315/315/315
f 317/317/317 246/246/246 247/247/247
f 317/317/317 316/316/316 246/246/246
f 317/317/317 263/263/263 264/264/264
f 317/317/317 264/264/264 316/316/316
f 318/318/318 263/263/263 317/317/317
f 318/318/318 317/317/317 247/247/247
f 319/319/319 318/318/318 247/247/247
f 319/319/319 247/247/247 248/248/248
f 319/319/319 262/262/262 263/263/263
f 319/319/319 263/263/263 318/318/318
f 320/320/320 262/262/262 319/319/319
f 320/320/320 319/319/319 248/248/248
f 321/321/321 262/262/262 320/320/320
f 321/321/321 320/320/320 248/248/248
f 321/321/321 248/248/248 249/249/249
f 321/321/321 261/261/261 262/262/262
f 322/322/322 261/261/261 321/321/321
f 322/322/322 321/321/321 249/249/249
f 323/323/323 261/261/261 322/322/322
f 323/323/323 249/249/249 250/250/250
f 323/323/323 260/260/260 261/261/261
f 323/323/323 322/322/322 249/249/249
f 324/324/324 323/323/323 250/250/250
f 324/324/324 260/260/260 323/323/323
f 324/324/324 250/250/250 251/251/251
f 324/324/324 254/254/254 255/255/255
f 324/324/324 255/255/255 256/256/256
f 324/324/324 256/256/256 257/257/257
f 324/324/324 257/257/257 260/260/260
f 324/324/324 251/251/251 254/254/254
v -7762.238770 19308.240234 -12572.299805
v -7278.646484 19308.240234 -8328.967773
v -7259.281738 19537.546875 -8328.967773
v -7205.648926 19749.169922 -8328.967773
v -7125.785156 19936.662109 -8328.967773
v -7016.120117 20114.115234 -8328.967773
v -6878.983398 20274.607422 -8328.967773
v -6718.780273 20412.103516 -8328.967773
v -6541.517578 20522.171875 -8328.967773
v -6354.156250 20602.482422 -8328.967773
v -6163.508789 20652.765625 -8328.967773
v -5976.275879 20674.886719 -8328.967773
v -5792.999512 20671.333984 -8328.967773
v -5604.094727 20641.654297 -8328.967773
v -5413.726562 20583.046875 -8328.967773
v -5228.468750 20494.291016 -8328.967773
v -5055.311035 20376.203125 -8328.967773
v -4901.023438 20231.738281 -8328.967773
v -4771.225586 20065.837891 -8328.967773
v -4669.761230 19884.859375 -8328.967773
v -4598.371094 19695.835938 -8328.967773
v -4556.611816 19505.574219 -8328.967773
v -4545.710449 19405.765625 -8328.967773
v -4542.314453 19308.240234 -8328.967773
v -4058.721680 19308.240234 -12572.299805
v -4077.907227 19574.191406 -12572.299805
v -4138.980957 19847.478516 -12572.299805
v -4245.312012 20118.314453 -12572.299805
v -4397.301758 20375.609375 -12572.299805
v -4591.631348 20608.089844 -12572.299805
v -4821.413574 20805.876953 -12572.299805
v -5076.967773 20961.781250 -12572.299805
v -5347.020508 21072.210938 -12572.299805
v -5620.666016 21137.099609 -12572.299805
v -5887.325195 21160.013672 -12572.299805
v -6152.375488 21144.046875 -12572.299805
v -6425.547363 21086.943359 -12572.299805
v -6696.989746 20984.654297 -12572.299805
v -6955.952148 20836.634766 -12572.299805
v -7191.058105 20645.820312 -12572.299805
v -7392.250977 20418.810547 -12572.299805
v -7552.065918 20165.099609 -12572.299805
v -7666.546875 19895.816406 -12572.299805
v -7735.406250 19622.232422 -12572.299805
v -7755.839844 19463.265625 -12572.299805
v -4446.444336 19887.839844 -10442.627930
v -4797.076660 20421.644531 -10442.627930
v -5330.881836 20772.277344 -10442.627930
v -5910.480469 20882.832031 -10442.627930
v -6490.078613 20772.277344 -10442.627930
v -7023.884277 20421.644531 -10442.627930
v -7374.516113 19887.839844 -10442.627930
vn -0.989428 -0.000000 0.145028
vn -0.996688 -0.000000 0.081321
vn -0.982591 0.167038 0.081321
vn -0.943509 0.321212 0.081321
vn -0.885331 0.457795 0.081321
vn -0.805444 0.587066 0.081321
vn -0.705544 0.703985 0.081321
vn -0.588836 0.804151 0.081321
vn -0.459706 0.884340 0.081321
vn -0.323191 0.942833 0.081321
vn -0.184371 0.979487 0.081321
vn -0.047838 0.995539 0.081321
vn 0.085611 0.993004 0.081321
vn 0.223203 0.971374 0.081321
vn 0.361870 0.928675 0.081321
vn 0.496838 0.864025 0.081321
vn 0.622979 0.778000 0.081321
vn 0.735380 0.672758 0.081321
vn 0.829937 0.551898 0.081321
vn 0.903846 0.420058 0.081321
vn 0.955859 0.282350 0.081321
vn 0.986266 0.143759 0.081321
vn 0.994149 0.071098 0.081321
vn 0.996688 -0.000000 0.081321
vn 0.989428 -0.000000 0.145028
vn 0.979169 0.142107 0.145028
vn 0.946548 0.288120 0.145028
vn 0.889730 0.432837 0.145028
vn 0.808523 0.570314 0.145028
vn 0.704689 0.694536 0.145028
vn 0.581909 0.800218 0.145028
vn 0.445367 0.883525 0.145028
vn 0.301043 0.942518 0.145028
vn 0.154921 0.977224 0.145028
vn 0.012287 0.989351 0.145028
vn -0.129325 0.980939 0.145028
vn -0.275187 0.950389 0.145028
vn -0.420252 0.895743 0.145028
vn -0.558615 0.816650 0.145028
vn -0.684237 0.714693 0.145028
vn -0.791737 0.593397 0.145028
vn -0.877128 0.457835 0.145028
vn -0.938297 0.313953 0.145028
vn -0.975101 0.167763 0.145028
vn -0.985950 0.082879 0.145028
vn 0.923827 0.365735 0.113054
vn 0.702573 0.702573 0.113054
vn 0.365735 0.923827 0.113054
vn -0.000000 0.993589 0.113054
vn -0.365735 0.923827 0.113054
vn -0.702573 0.702573 0.113054
vn -0.923827 0.365735 0.113054
vt -2.984398 3.141593
vt -3.052619 3.141593
vt -3.052619 2.960449
vt -3.052619 2.797421
vt -3.052619 2.650695
vt -3.052619 2.503969
vt -3.052619 2.357243
vt -3.052619 2.210517
vt -3.052619 2.063791
vt -3.052619 1.917065
vt -3.052619 1.770339
vt -3.052619 1.623613
vt -3.052619 1.476887
vt -3.052619 1.330161
vt -3.052619 1.183435
vt -3.052619 1.036709
vt -3.052619 0.889983
vt -3.052619 0.743257
vt -3.052619 0.596532
vt -3.052619 0.449806
vt -3.052619 0.303080
vt -3.052619 0.156354
vt -3.052619 0.078177
vt -3.052619 -0.000000
vt -2.984398 -0.000000
vt -2.984398 0.155704
vt -2.984398 0.311408
vt -2.984398 0.467111
vt -2.984398 0.622815
vt -2.984398 0.778519
vt -2.984398 0.934223
vt -2.984398 1.089926
vt -2.984398 1.245630
vt -2.984398 1.401334
vt -2.984398 1.557038
vt -2.984398 1.712742
vt -2.984398 1.868445
vt -2.984398 2.024149
vt -2.984398 2.179853
vt -2.984398 2.335557
vt -2.984398 2.491261
vt -2.984398 2.646964
vt -2.984398 2.802668
vt -2.984398 2.958372
vt -2.984398 3.049982
vt -3.018509 0.392699
vt -3.018509 0.785398
vt -3.018509 1.178097
vt -3.018509 1.570796
vt -3.018509 1.963495
vt -3.018509 2.356194
vt -3.018509 2.748893
f 370/370/370 343/343/343 344/344/344
f 370/370/370 344/344/344 345/345/345
f 370/370/370 345/345/345 346/346/346
f 370/370/370 346/346/346 347/347/347
f 370/370/370 347/347/347 348/348/348
f 370/370/370 348/348/348 349/349/349
f 370/370/370 349/349/349 350/350/350
f 370/370/370 350/350/350 351/351/351
f 370/370/370 351/351/351 352/352/352
f 370/370/370 352/352/352 353/353/353
f 371/371/371 340/340/340 341/341/341
f 371/371/371 341/341/341 342/342/342
f 371/371/371 342/342/342 343/343/343
f 371/371/371 353/353/353 354/354/354
f 371/371/371 354/354/354 355/355/355
f 371/371/371 370/370/370 353/353/353
f 371/371/371 343/343/343 370/370/370
f 372/372/372 338/338/338 339/339/339
f 372/372/372 339/339/339 340/340/340
f 372/372/372 355/355/355 356/356/356
f 372/372/372 356/356/356 357/357/357
f 372/372/372 357/357/357 358/358/358
f 372/372/372 340/340/340 371/371/371
f 372/372/372 371/371/371 355/355/355
f 373/373/373 338/338/338 372/372/372
f 373/373/373 335/335/335 336/336/336
f 373/373/373 336/336/336 337/337/337
f 373/373/373 337/337/337 338/338/338
f 373/373/373 358/358/358 359/359/359
f 373/373/373 359/359/359 360/360/360
f 373/373/373 372/372/372 358/358/358
f 374/374/374 335/335/335 373/373/373
f 374/374/374 332/332/332 333/333/333
f 374/374/374 333/333/333 334/334/334
f 374/374/374 334/334/334 335/335/335
f 374/374/374 360/360/360 361/361/361
f 374/374/374 361/361/361 362/362/362
f 374/374/374 362/362/362 363/363/363
f 374/374/374 373/373/373 360/360/360
f 375/375/375 330/330/330 331/331/331
f 375/375/375 331/331/331 332/332/332
f 375/375/375 332/332/332 374/374/374
f 375/375/375 374/374/374 363/363/363
f 375/375/375 363/363/363 364/364/364
f 375/375/375 364/364/364 365/365/365
f 376/376/376 326/326/326 327/327/327
f 376/376/376 327/327/327 328/328/328
f 376/376/376 328/328/328 329/329/329
f 376/376/376 329/329/329 330/330/330
f 376/376/376 330/330/330 375/375/375
f 376/376/376 325/325/325 326/326/326
f 376/376/376 365/365/365 366/366/366
f 376/376/376 366/366/366 367/367/367
f 376/376/376 367/367/367 368/368/368
f 376/376/376 368/368/368 369/369/369
f 376/376/376 369/369/369 325/325/325
f 376/376/376 375/375/375 365/365/365
v -4542.314453 19308.240234 -8328.967773
v -5025.964844 19308.240234 13645.575195
v -5038.223145 19161.519531 13645.575195
v -5076.140625 19014.562500 13645.575195
v -5139.835449 18874.107422 13645.575195
v -5227.045410 18746.740234 13645.575195
v -5333.406738 18637.912109 13645.575195
v -5453.198242 18551.066406 13645.575195
v -5584.473633 18486.027344 13645.575195
v -5729.493652 18442.431641 13645.575195
v -5882.429199 18424.181641 13645.575195
v -6036.646973 18432.763672 13645.575195
v -6185.282227 18467.529297 13645.575195
v -6321.818359 18525.130859 13645.575195
v -6445.397949 18603.833984 13645.575195
v -6557.307129 18704.933594 13645.575195
v -6652.054688 18826.138672 13645.575195
v -6718.494629 18948.412109 13645.575195
v -6760.955078 19065.269531 13645.575195
v -6786.364746 19184.847656 13645.575195
v -6792.941406 19246.910156 13645.575195
v -6794.996094 19308.240234 13645.575195
v -7278.646484 19308.240234 -8328.967773
v -7259.968750 19082.972656 -8328.967773
v -7202.188477 18857.271484 -8328.967773
v -7105.094238 18641.330078 -8328.967773
v -6972.041992 18445.126953 -8328.967773
v -6809.562012 18276.974609 -8328.967773
v -6626.292480 18142.224609 -8328.967773
v -6425.754883 18040.855469 -8328.967773
v -6204.045898 17971.927734 -8328.967773
v -5969.691406 17941.371094 -8328.967773
v -5732.672363 17951.669922 -8328.967773
v -5503.438965 18002.068359 -8328.967773
v -5291.898926 18087.816406 -8328.967773
v -5100.656250 18205.535156 -8328.967773
v -4926.698242 18357.427734 -8328.967773
v -4778.000000 18540.558594 -8328.967773
v -4662.354980 18747.835938 -8328.967773
v -4584.829590 18969.958984 -8328.967773
v -4552.652832 19139.937500 -8328.967773
vn 0.999758 0.000000 0.022004
vn 0.999758 -0.000000 0.022004
vn 0.985908 -0.165837 0.022004
vn 0.943043 -0.331943 0.022004
vn 0.871053 -0.490697 0.022004
vn 0.772479 -0.634659 0.022004
vn 0.652261 -0.757675 0.022004
vn 0.516853 -0.855791 0.022004
vn 0.368480 -0.929375 0.022004
vn 0.204629 -0.978592 0.022004
vn 0.031545 -0.999260 0.022004
vn -0.142716 -0.989519 0.022004
vn -0.310589 -0.950290 0.022004
vn -0.464921 -0.885079 0.022004
vn -0.604615 -0.796214 0.022004
vn -0.731103 -0.681912 0.022004
vn -0.838200 -0.544919 0.022004
vn -0.913290 -0.406714 0.022004
vn -0.961300 -0.274623 0.022004
vn -0.989981 -0.139476 0.022004
vn -0.997350 -0.069345 0.022004
vn -0.999758 -0.000000 0.022004
vn -0.999758 -0.000000 0.022004
vn -0.986113 -0.164609 0.022004
vn -0.943886 -0.329537 0.022004
vn -0.872939 -0.487332 0.022004
vn -0.775713 -0.630702 0.022004
vn -0.656985 -0.753583 0.022004
vn -0.523059 -0.852013 0.022004
vn -0.376525 -0.926145 0.022004
vn -0.214563 -0.976462 0.022004
vn -0.043115 -0.998828 0.022004
vn 0.130034 -0.991265 0.022004
vn 0.297419 -0.954494 0.022004
vn 0.452007 -0.891743 0.022004
vn 0.591766 -0.805809 0.022004
vn 0.718880 -0.694786 0.022004
vn 0.827542 -0.560972 0.022004
vn 0.912041 -0.409507 0.022004
vn 0.968719 -0.247184 0.022004
vn 0.992163 -0.122995 0.022004
vt -10.989932 -0.000000
vt 10.989932 -0.000000
vt 10.989932 0.201981
vt 10.989932 0.399249
vt 10.989932 0.591965
vt 10.989932 0.780288
vt 10.989932 0.964352
vt 10.989932 1.144399
vt 10.989932 1.326371
vt 10.989932 1.521082
vt 10.989932 1.730025
vt 10.989932 1.943579
vt 10.989932 2.143104
vt 10.989932 2.329216
vt 10.989932 2.508501
vt 10.989932 2.691042
vt 10.989932 2.877816
vt 10.989932 3.049610
vt 10.989932 3.207325
vt 10.989932 3.368062
vt 10.989932 3.452856
vt 10.989932 3.538504
vt -10.989932 3.538504
vt -10.989932 3.337989
vt -10.989932 3.142120
vt -10.989932 2.950738
vt -10.989932 2.763688
vt -10.989932 2.580836
vt -10.989932 2.401976
vt -10.989932 2.221781
vt -10.989932 2.029220
vt -10.989932 1.822751
vt -10.989932 1.610144
vt -10.989932 1.411038
vt -10.989932 1.225186
vt -10.989932 1.047221
vt -10.989932 0.866428
vt -10.989932 0.681475
vt -10.989932 0.492273
vt -10.989932 0.298658
vt -10.989932 0.150644
f 378/378/378 417/417/417 377/377/377
f 379/379/379 416/416/416 417/417/417
f 379/379/379 417/417/417 378/378/378
f 380/380/380 415/415/415 416/416/416
f 380/380/380 416/416/416 379/379/379
f 381/381/381 414/414/414 415/415/415
f 381/381/381 415/415/415 380/380/380
f 382/382/382 413/413/413 414/414/414
f 382/382/382 414/414/414 381/381/381
f 383/383/383 412/412/412 413/413/413
f 383/383/383 413/413/413 382/382/382
f 384/384/384 411/411/411 412/412/412
f 384/384/384 412/412/412 383/383/383
f 385/385/385 410/410/410 411/411/411
f 385/385/385 411/411/411 384/384/384
f 386/386/386 409/409/409 410/410/410
f 386/386/386 410/410/410 385/385/385
f 387/387/387 408/408/408 409/409/409
f 387/387/387 409/409/409 386/386/386
f 388/388/388 407/407/407 408/408/408
f 388/388/388 408/408/408 387/387/387
f 389/389/389 406/406/406 407/407/407
f 389/389/389 407/407/407 388/388/388
f 390/390/390 405/405/405 406/406/406
f 390/390/390 406/406/406 389/389/389
f 391/391/391 404/404/404 405/405/405
f 391/391/391 405/405/405 390/390/390
f 392/392/392 403/403/403 404/404/404
f 392/392/392 404/404/404 391/391/391
f 393/393/393 402/402/402 403/403/403
f 393/393/393 403/403/403 392/392/392
f 394/394/394 401/401/401 402/402/402
f 394/394/394 402/402/402 393/393/393
f 395/395/395 400/400/400 401/401/401
f 395/395/395 401/401/401 394/394/394
f 396/396/396 400/400/400 395/395/395
f 397/397/397 400/400/400 396/396/396
f 397/397/397 399/399/399 400/400/400
f 398/398/398 399/399/399 397/397/397
v -5025.964844 19308.240234 13645.575195
v -5049.260254 19308.240234 13702.179688
v -5081.695801 19308.240234 13755.836914
v -5122.576172 19308.240234 13804.390625
v -5170.547363 19308.240234 13845.951172
v -5223.741699 19308.240234 13879.141602
v -5280.011719 19308.240234 13903.233398
v -5288.040527 19207.939453 13903.233398
v -5312.889160 19107.306641 13903.233398
v -5354.704590 19010.576172 13903.233398
v -5412.220703 18921.941406 13903.233398
v -5482.855469 18844.960938 13903.233398
v -5563.083984 18782.121094 13903.233398
v -5650.449707 18733.886719 13903.233398
v -5747.071777 18699.320312 13903.233398
v -5850.295410 18680.650391 13903.233398
v -5956.017578 18679.421875 13903.233398
v -6059.833008 18695.714844 13903.233398
v -6157.637695 18728.248047 13903.233398
v -6246.172363 18774.562500 13903.233398
v -6327.437988 18835.341797 13903.233398
v -6399.630371 18910.468750 13903.233398
v -6459.150879 18997.677734 13903.233398
v -6503.260742 19093.525391 13903.233398
v -6530.478516 19193.869141 13903.233398
v -6538.426758 19251.404297 13903.233398
v -6540.948730 19308.240234 13903.233398
v -6597.219238 19308.240234 13879.141602
v -6650.413574 19308.240234 13845.951172
v -6698.384766 19308.240234 13804.390625
v -6739.265137 19308.240234 13755.836914
v -6771.700684 19308.240234 13702.179688
v -6794.996094 19308.240234 13645.575195
v -6782.737793 19161.519531 13645.575195
v -6744.819824 19014.562500 13645.575195
v -6681.125000 18874.107422 13645.575195
v -6593.915527 18746.740234 13645.575195
v -6487.554199 18637.912109 13645.575195
v -6367.762207 18551.066406 13645.575195
v -6236.487305 18486.027344 13645.575195
v -6091.467285 18442.431641 13645.575195
v -5938.531738 18424.181641 13645.575195
v -5784.313965 18432.763672 13645.575195
v -5635.678223 18467.529297 13645.575195
v -5499.142090 18525.130859 13645.575195
v -5375.562988 18603.833984 13645.575195
v -5263.653320 18704.933594 13645.575195
v -5168.906250 18826.138672 13645.575195
v -5102.465820 18948.412109 13645.575195
v -5060.005859 19065.269531 13645.575195
v -5034.596191 19184.847656 13645.575195
v -5028.019043 19246.910156 13645.575195
v -5177.791992 19018.175781 13804.277344
v -5353.269043 18751.029297 13804.277344
v -5620.416016 18575.552734 13804.277344
v -5910.480469 18520.224609 13804.277344
v -6200.544922 18575.552734 13804.277344
v -6467.691895 18751.029297 13804.277344
v -6643.168457 19018.175781 13804.277344
vn 0.950891 -0.000000 0.309526
vn 0.893308 -0.000000 0.449446
vn 0.813130 -0.000000 0.582082
vn 0.712079 -0.000000 0.702100
vn 0.593499 -0.000000 0.804835
vn 0.462008 -0.000000 0.886876
vn 0.322914 -0.000000 0.946428
vn 0.318802 -0.051373 0.946428
vn 0.306075 -0.102915 0.946428
vn 0.284658 -0.152458 0.946428
vn 0.255199 -0.197856 0.946428
vn 0.219021 -0.237283 0.946428
vn 0.177930 -0.269471 0.946428
vn 0.133183 -0.294170 0.946428
vn 0.083692 -0.311880 0.946428
vn 0.030838 -0.321438 0.946428
vn -0.023307 -0.322072 0.946428
vn -0.076500 -0.313722 0.946428
vn -0.126589 -0.297067 0.946428
vn -0.171934 -0.273335 0.946428
vn -0.213558 -0.242212 0.946428
vn -0.250533 -0.203732 0.946428
vn -0.281019 -0.159065 0.946428
vn -0.303610 -0.109974 0.946428
vn -0.317557 -0.058577 0.946428
vn -0.321599 -0.029117 0.946428
vn -0.322914 -0.000000 0.946428
vn -0.462008 -0.000000 0.886876
vn -0.593499 -0.000000 0.804835
vn -0.712079 -0.000000 0.702100
vn -0.813130 -0.000000 0.582082
vn -0.893308 -0.000000 0.449446
vn -0.950891 -0.000000 0.309526
vn -0.937718 -0.157731 0.309526
vn -0.896948 -0.315718 0.309526
vn -0.828477 -0.466712 0.309526
vn -0.734721 -0.603638 0.309526
vn -0.620379 -0.720641 0.309526
vn -0.491590 -0.813961 0.309526
vn -0.350469 -0.883949 0.309526
vn -0.194627 -0.930760 0.309525
vn -0.030003 -0.950418 0.309525
vn 0.135740 -0.941153 0.309525
vn 0.295408 -0.903841 0.309526
vn 0.442196 -0.841817 0.309526
vn 0.575063 -0.757296 0.309526
vn 0.695368 -0.648581 0.309526
vn 0.797230 -0.518284 0.309526
vn 0.868650 -0.386835 0.309526
vn 0.914313 -0.261200 0.309526
vn 0.941592 -0.132658 0.309526
vn 0.948601 -0.065955 0.309526
vn 0.662339 -0.262214 0.701819
vn 0.503711 -0.503711 0.701819
vn 0.262214 -0.662339 0.701819
vn -0.000000 -0.712355 0.701819
vn -0.262214 -0.662339 0.701819
vn -0.503711 -0.503711 0.701819
vn -0.662339 -0.262214 0.701819
vt 0.330716 0.000000
vt 0.480130 0.000000
vt 0.629461 0.000000
vt 0.778708 0.000000
vt 0.927873 0.000000
vt 1.076955 -0.000000
vt 1.225954 -0.000000
vt 1.225954 0.172130
vt 1.225954 0.340401
vt 1.225954 0.504943
vt 1.225954 0.665878
vt 1.225954 0.823325
vt 1.225954 0.977386
vt 1.225954 1.130696
vt 1.225954 1.293084
vt 1.225954 1.466548
vt 1.225954 1.649885
vt 1.225954 1.825076
vt 1.225954 1.989006
vt 1.225954 2.143022
vt 1.225954 2.296649
vt 1.225954 2.453613
vt 1.225954 2.614058
vt 1.225954 2.778090
vt 1.225954 2.945836
vt 1.225954 3.043080
vt 1.225954 3.141593
vt 1.076955 3.141593
vt 0.927873 3.141593
vt 0.778708 3.141593
vt 0.629461 3.141593
vt 0.480130 3.141593
vt 0.330716 3.141593
vt 0.330716 2.962267
vt 0.330716 2.787127
vt 0.330716 2.616028
vt 0.330716 2.448829
vt 0.330716 2.285411
vt 0.330716 2.125560
vt 0.330716 1.964000
vt 0.330716 1.791129
vt 0.330716 1.605623
vt 0.330716 1.416023
vt 0.330716 1.238879
vt 0.330716 1.073642
vt 0.330716 0.914468
vt 0.330716 0.752403
vt 0.330716 0.586579
vt 0.330716 0.434055
vt 0.330716 0.294031
vt 0.330716 0.151324
vt 0.330716 0.076041
vt 0.778335 0.392699
vt 0.778335 0.785398
vt 0.778335 1.178097
vt 0.778335 1.570796
vt 0.778335 1.963495
vt 0.778335 2.356194
vt 0.778335 2.748893
f 419/419/419 469/469/469 418/418/418
f 468/468/468 469/469/469 419/419/419
f 420/420/420 468/468/468 419/419/419
f 425/425/425 422/422/422 423/423/423
f 425/425/425 423/423/423 424/424/424
f 449/449/449 450/450/450 451/451/451
f 448/448/448 449/449/449 451/451/451
f 443/443/443 446/446/446 442/442/442
f 445/445/445 446/446/446 443/443/443
f 444/444/444 445/445/445 443/443/443
f 470/470/470 420/420/420 421/421/421
f 470/470/470 421/421/421 422/422/422
f 470/470/470 425/425/425 426/426/426
f 470/470/470 426/426/426 427/427/427
f 470/470/470 427/427/427 428/428/428
f 470/470/470 465/465/465 466/466/466
f 470/470/470 466/466/466 467/467/467
f 470/470/470 467/467/467 468/468/468
f 470/470/470 468/468/468 420/420/420
f 470/470/470 422/422/422 425/425/425
f 471/471/471 428/428/428 429/429/429
f 471/471/471 429/429/429 430/430/430
f 471/471/471 470/470/470 428/428/428
f 471/471/471 465/465/465 470/470/470
f 471/471/471 463/463/463 464/464/464
f 471/471/471 464/464/464 465/465/465
f 472/472/472 462/462/462 463/463/463
f 472/472/472 463/463/463 471/471/471
f 472/472/472 430/430/430 431/431/431
f 472/472/472 431/431/431 432/432/432
f 472/472/472 471/471/471 430/430/430
f 472/472/472 460/460/460 461/461/461
f 472/472/472 461/461/461 462/462/462
f 473/473/473 460/460/460 472/472/472
f 473/473/473 432/432/432 433/433/433
f 473/473/473 433/433/433 434/434/434
f 473/473/473 434/434/434 435/435/435
f 473/473/473 472/472/472 432/432/432
f 473/473/473 458/458/458 459/459/459
f 473/473/473 459/459/459 460/460/460
f 474/474/474 435/435/435 436/436/436
f 474/474/474 436/436/436 437/437/437
f 474/474/474 456/456/456 457/457/457
f 474/474/474 457/457/457 458/458/458
f 474/474/474 458/458/458 473/473/473
f 474/474/474 473/473/473 435/435/435
f 475/475/475 437/437/437 438/438/438
f 475/475/475 438/438/438 439/439/439
f 475/475/475 439/439/439 440/440/440
f 475/475/475 453/453/453 454/454/454
f 475/475/475 454/454/454 455/455/455
f 475/475/475 455/455/455 456/456/456
f 475/475/475 456/456/456 474/474/474
f 475/475/475 474/474/474 437/437/437
f 476/476/476 440/440/440 441/441/441
f 476/476/476 441/441/441 442/442/442
f 476/476/476 442/442/442 446/446/446
f 476/476/476 446/446/446 447/447/447
f 476/476/476 447/447/447 448/448/448
f 476/476/476 451/451/451 452/452/452
f 476/476/476 452/452/452 453/453/453
f 476/476/476 448/448/448 451/451/451
f 476/476/476 453/453/453 475/475/475
f 476/476/476 475/475/475 440/440/440
v -5280.011719 19308.240234 13903.233398
v -5819.509766 19308.240234 13930.291992
v -5824.508301 19278.501953 13930.291992
v -5833.963867 19259.041016 13930.291992
v -5846.551270 19243.521484 13930.291992
v -5861.125000 19231.822266 13930.291992
v -5876.014160 19224.052734 13930.291992
v -5904.254883 19217.482422 13930.291992
v -5927.282715 19218.837891 13930.291992
v -5946.964355 19224.908203 13930.291992
v -5962.569336 19233.660156 13930.291992
v -5984.145020 19254.863281 13930.291992
v -5997.346680 19281.226562 13930.291992
v -6001.450684 19308.240234 13930.291992
v -6540.948730 19308.240234 13903.233398
v -6532.919922 19207.939453 13903.233398
v -6508.071777 19107.306641 13903.233398
v -6466.255859 19010.576172 13903.233398
v -6408.740234 18921.941406 13903.233398
v -6338.104980 18844.960938 13903.233398
v -6257.876953 18782.121094 13903.233398
v -6170.511230 18733.886719 13903.233398
v -6073.889160 18699.320312 13903.233398
v -5970.665527 18680.650391 13903.233398
v -5864.943359 18679.421875 13903.233398
v -5761.127930 18695.714844 13903.233398
v -5663.323242 18728.248047 13903.233398
v -5574.788574 18774.560547 13903.233398
v -5493.522949 18835.341797 13903.233398
v -5421.330566 18910.468750 13903.233398
v -5361.810059 18997.677734 13903.233398
v -5317.700195 19093.523438 13903.233398
v -5290.482422 19193.869141 13903.233398
v -5282.533691 19251.404297 13903.233398
vn 0.050094 -0.000000 0.998745
vn 0.050094 0.000000 0.998745
vn 0.047341 -0.016376 0.998745
vn 0.042135 -0.027093 0.998745
vn 0.035203 -0.035639 0.998745
vn 0.027178 -0.042080 0.998745
vn 0.018979 -0.046359 0.998745
vn 0.003427 -0.049976 0.998745
vn -0.009255 -0.049231 0.998745
vn -0.020090 -0.045889 0.998745
vn -0.028683 -0.041069 0.998745
vn -0.040564 -0.029393 0.998745
vn -0.047834 -0.014876 0.998745
vn -0.050094 0.000000 0.998745
vn -0.050094 -0.000000 0.998745
vn -0.049456 -0.007969 0.998745
vn -0.047481 -0.015965 0.998745
vn -0.044159 -0.023651 0.998745
vn -0.039589 -0.030693 0.998745
vn -0.033977 -0.036810 0.998745
vn -0.027602 -0.041803 0.998745
vn -0.020661 -0.045635 0.998745
vn -0.012983 -0.048382 0.998745
vn -0.004784 -0.049865 0.998745
vn 0.003616 -0.049963 0.998745
vn 0.011867 -0.048668 0.998745
vn 0.019638 -0.046084 0.998745
vn 0.026672 -0.042403 0.998745
vn 0.033129 -0.037574 0.998745
vn 0.038865 -0.031605 0.998745
vn 0.043595 -0.024676 0.998745
vn 0.047099 -0.017060 0.998745
vn 0.049263 -0.009087 0.998745
vn 0.049890 -0.004517 0.998745
vt -0.270088 -0.000000
vt 0.270088 -0.000000
vt 0.270088 0.125915
vt 0.270088 0.209858
vt 0.270088 0.285409
vt 0.270088 0.356061
vt 0.270088 0.420826
vt 0.270088 0.539560
vt 0.270088 0.638506
vt 0.270088 0.720961
vt 0.270088 0.789673
vt 0.270088 0.904193
vt 0.270088 1.018714
vt 0.270088 1.133234
vt -0.270088 1.133234
vt -0.270088 1.071143
vt -0.270088 1.010445
vt -0.270088 0.951091
vt -0.270088 0.893039
vt -0.270088 0.836245
vt -0.270088 0.780672
vt -0.270088 0.725370
vt -0.270088 0.666793
vt -0.270088 0.604222
vt -0.270088 0.538088
vt -0.270088 0.474893
vt -0.270088 0.415761
vt -0.270088 0.360204
vt -0.270088 0.304788
vt -0.270088 0.248168
vt -0.270088 0.190292
vt -0.270088 0.131123
vt -0.270088 0.070614
vt -0.270088 0.035536
f 478/478/478 509/509/509 510/510/510
f 478/478/478 510/510/510 477/477/477
f 479/479/479 507/507/507 508/508/508
f 479/479/479 508/508/508 509/509/509
f 479/479/479 509/509/509 478/478/478
f 480/480/480 506/506/506 507/507/507
f 480/480/480 507/507/507 479/479/479
f 481/481/481 505/505/505 506/506/506
f 481/481/481 506/506/506 480/480/480
f 482/482/482 503/503/503 504/504/504
f 482/482/482 504/504/504 505/505/505
f 482/482/482 505/505/505 481/481/481
f 483/483/483 502/502/502 503/503/503
f 483/483/483 503/503/503 482/482/482
f 484/484/484 500/500/500 501/501/501
f 484/484/484 501/501/501 502/502/502
f 484/484/484 502/502/502 483/483/483
f 485/485/485 499/499/499 500/500/500
f 485/485/485 500/500/500 484/484/484
f 486/486/486 497/497/497 498/498/498
f 486/486/486 498/498/498 499/499/499
f 486/486/486 499/499/499 485/485/485
f 487/487/487 496/496/496 497/497/497
f 487/487/487 497/497/497 486/486/486
f 488/488/488 494/494/494 495/495/495
f 488/488/488 495/495/495 496/496/496
f 488/488/488 496/496/496 487/487/487
f 489/489/489 492/492/492 493/493/493
f 489/489/489 493/493/493 494/494/494
f 489/489/489 494/494/494 488/488/488
f 490/490/490 491/491/491 492/492/492
f 490/490/490 492/492/492 489/489/489
v -5062.893066 17958.113281 20649.574219
v -5062.893066 20595.160156 20649.574219
v -5010.630859 20573.505859 21253.343750
v -4873.177734 20563.277344 21788.525391
v -4679.103027 20562.052734 22246.365234
v -4529.946777 20565.027344 22510.000000
v -4360.480957 20570.724609 22757.353516
v -4360.480957 17781.033203 22757.353516
v -4680.853027 17840.566406 22242.931641
v -4891.920898 17887.947266 21732.281250
v -5011.291016 17923.957031 21249.544922
v -5050.100098 17942.480469 20949.138672
vn 1.000000 0.000000 -0.000000
vn 1.000000 0.000000 -0.000000
vn 0.985126 0.000000 -0.171833
vn 0.946007 0.000000 -0.324147
vn 0.890773 0.000000 -0.454449
vn 0.848323 0.000000 -0.529479
vn 0.800093 0.000000 -0.599876
vn 0.800093 0.000000 -0.599876
vn 0.891271 0.000000 -0.453471
vn 0.951341 0.000000 -0.308140
vn 0.985314 0.000000 -0.170753
vn 0.996359 0.000000 -0.085256
vt 3.338485 22.077164
vt 0.701439 22.077164
vt 0.723093 21.424906
vt 0.733322 20.860924
vt 0.734546 20.370979
vt 0.731570 20.078350
vt 0.725874 19.791515
vt 3.515566 19.791515
vt 3.456033 20.374725
vt 3.408652 20.920263
vt 3.372642 21.428926
vt 3.354119 21.749619
f 518/518/518 516/516/516 517/517/517
f 519/519/519 515/515/515 516/516/516
f 519/519/519 516/516/516 518/518/518
f 520/520/520 514/514/514 515/515/515
f 520/520/520 515/515/515 519/519/519
f 521/521/521 513/513/513 514/514/514
f 521/521/521 514/514/514 520/520/520
f 522/522/522 512/512/512 513/513/513
f 522/522/522 513/513/513 521/521/521
f 511/511/511 512/512/512 522/522/522
v -10739.272461 20758.703125 22758.037109
v -10771.021484 20756.167969 22758.037109
v -10803.607422 20748.074219 22758.037109
v -10832.456055 20735.669922 22758.037109
v -10861.683594 20716.867188 22758.037109
v -10886.811523 20693.730469 22758.037109
v -10906.198242 20668.865234 22758.037109
v -10922.236328 20639.476562 22758.037109
v -10932.668945 20609.671875 22758.037109
v -10937.686523 20583.837891 22758.037109
v -10939.272461 20558.703125 22758.037109
v -10939.272461 20543.091797 22958.457031
v -10939.272461 20493.324219 23164.224609
v -10939.272461 20406.683594 23366.691406
v -10939.272461 20283.455078 23556.058594
v -10939.272461 20144.289062 23707.330078
v -10939.272461 20000.328125 23822.845703
v -10939.272461 19843.498047 23915.654297
v -10939.272461 19679.083984 23984.246094
v -10939.272461 19512.152344 24028.515625
v -10939.272461 19347.724609 24049.839844
v -10939.272461 19187.505859 24050.271484
v -10939.272461 19023.300781 24029.857422
v -10939.272461 18856.367188 23986.591797
v -10939.272461 18691.750000 23919.029297
v -10939.272461 18534.492188 23827.216797
v -10939.272461 18389.890625 23712.605469
v -10939.272461 18262.689453 23578.144531
v -10939.272461 18156.644531 23428.039062
v -10939.272461 18074.134766 23267.285156
v -10939.272461 18016.080078 23101.199219
v -10939.272461 17981.859375 22934.777344
v -10939.272461 17972.625000 22845.416016
v -10939.272461 17969.751953 22758.037109
v -10936.736328 17938.003906 22758.037109
v -10928.642578 17905.417969 22758.037109
v -10916.238281 17876.568359 22758.037109
v -10897.434570 17847.341797 22758.037109
v -10874.298828 17822.212891 22758.037109
v -10849.433594 17802.826172 22758.037109
v -10820.044922 17786.789062 22758.037109
v -10790.241211 17776.355469 22758.037109
v -10764.407227 17771.337891 22758.037109
v -10739.272461 17769.751953 22758.037109
v -10739.272461 17789.064453 22997.476562
v -10739.272461 17850.681641 23243.164062
v -10739.272461 17945.123047 23460.472656
v -10739.272461 18061.509766 23645.123047
v -10739.272461 18205.259766 23812.560547
v -10739.272461 18372.119141 23957.025391
v -10739.272461 18556.371094 24074.224609
v -10739.272461 18751.386719 24161.773438
v -10739.272461 18950.564453 24219.207031
v -10739.272461 19147.582031 24247.947266
v -10739.272461 19338.996094 24250.703125
v -10739.272461 19534.648438 24227.794922
v -10739.272461 19733.921875 24176.796875
v -10739.272461 19930.375000 24095.818359
v -10739.272461 20117.552734 23984.935547
v -10739.272461 20288.722656 23846.091797
v -10739.272461 20437.914062 23683.193359
v -10739.272461 20560.507812 23501.742188
v -10739.272461 20653.744141 23308.212891
v -10739.272461 20716.787109 23109.390625
v -10739.272461 20748.671875 22931.279297
v -10816.829102 20740.613281 22842.966797
v -10926.747070 20624.367188 22862.439453
v -10812.890625 20675.650391 23204.771484
v -10880.693359 20644.986328 23152.128906
v -10880.693359 20599.308594 23286.582031
v -10812.890625 20640.703125 23303.011719
v -10812.890625 20598.259766 23399.941406
v -10925.229492 20550.326172 23224.550781
v -10925.229492 20506.089844 23332.025391
v -10812.890625 20370.941406 23741.332031
v -10812.890625 20295.191406 23820.486328
v -10880.693359 20279.560547 23773.369141
v -10925.229492 20288.447266 23665.041016
v -10812.890625 20213.839844 23893.783203
v -10925.229492 20213.146484 23743.550781
v -10925.229492 20140.277344 23808.855469
v -10812.890625 19866.964844 24110.216797
v -10880.693359 19905.531250 24042.765625
v -10880.693359 19792.773438 24093.117188
v -10812.890625 19769.402344 24149.611328
v -10925.229492 19822.443359 24007.068359
v -10812.890625 19670.861328 24181.529297
v -10925.229492 19735.292969 24042.474609
v -10925.229492 19647.263672 24071.416016
v -10812.890625 19396.548828 24232.544922
v -10812.890625 19301.023438 24238.011719
v -10812.890625 19206.845703 24237.357422
v -10880.693359 19264.228516 24193.933594
v -10925.229492 19308.066406 24125.427734
v -10880.693359 19165.693359 24190.548828
v -10925.229492 19223.943359 24125.537109
v -10812.890625 18836.134766 24175.222656
v -10812.890625 18737.738281 24141.687500
v -10925.229492 18884.900391 24072.492188
v -10812.890625 18640.496094 24100.662109
v -10880.693359 18735.681641 24093.117188
v -10925.229492 18796.847656 24043.820312
v -10925.229492 18709.646484 24008.685547
v -10880.693359 18606.583984 24034.478516
v -10812.890625 18296.492188 23878.380859
v -10812.890625 18216.302734 23803.759766
v -10880.693359 18248.896484 23773.369141
v -10925.229492 18391.335938 23811.478516
v -10812.890625 18141.853516 23723.416016
v -10925.229492 18318.277344 23746.398438
v -10925.229492 18250.005859 23676.207031
v -10812.890625 17920.333984 23379.027344
v -10812.890625 17875.449219 23270.847656
v -10880.693359 17929.148438 23286.582031
v -10925.229492 18038.294922 23365.302734
v -10925.229492 17999.191406 23278.962891
v -10880.693359 17892.179688 23181.453125
v -10925.229492 17966.568359 23191.351562
v -10808.937500 17786.929688 22875.375000
v -10923.622070 17895.330078 22850.726562
v -10883.788086 20693.744141 22853.984375
v -10880.693359 20686.912109 22952.384766
v -10812.890625 20732.929688 22944.035156
v -10812.890625 20726.705078 22987.912109
v -10880.693359 20672.597656 23037.849609
v -10812.890625 20710.052734 23076.273438
v -10925.229492 20617.847656 22956.517578
v -10812.890625 20695.810547 23135.205078
v -10925.229492 20611.253906 22997.207031
v -10925.229492 20587.341797 23105.964844
v -10925.229492 20571.804688 23160.439453
v -10880.693359 20562.923828 23370.562500
v -10880.693359 20520.767578 23452.953125
v -10812.890625 20554.080078 23484.648438
v -10812.890625 20521.259766 23540.056641
v -10880.693359 20455.515625 23559.681641
v -10925.229492 20466.585938 23410.738281
v -10812.890625 20460.568359 23630.074219
v -10880.693359 20393.359375 23645.089844
v -10925.229492 20437.123047 23462.308594
v -10812.890625 20427.634766 23673.552734
v -10925.229492 20371.099609 23562.099609
v -10925.229492 20340.732422 23602.324219
v -10880.693359 20338.427734 23710.873047
v -10880.693359 20184.484375 23860.275391
v -10880.693359 20082.427734 23938.015625
v -10812.890625 20108.669922 23974.013672
v -10812.890625 20063.533203 24004.148438
v -10880.693359 19993.972656 23994.675781
v -10812.890625 19970.691406 24059.033203
v -10925.229492 20042.992188 23882.851562
v -10812.890625 19924.773438 24082.937500
v -10925.229492 20001.246094 23910.636719
v -10925.229492 19918.269531 23959.666016
v -10925.229492 19875.849609 23981.802734
v -10880.693359 19662.437500 24137.613281
v -10880.693359 19531.703125 24168.800781
v -10812.890625 19536.087891 24213.294922
v -10812.890625 19488.660156 24221.359375
v -10880.693359 19439.914062 24183.144531
v -10925.229492 19522.687500 24101.496094
v -10925.229492 19478.824219 24109.195312
v -10880.693359 19351.214844 24191.296875
v -10925.229492 19391.867188 24120.164062
v -10812.890625 19155.656250 24234.484375
v -10812.890625 19109.013672 24230.310547
v -10880.693359 19074.964844 24181.406250
v -10925.229492 19176.787109 24123.333984
v -10812.890625 19011.453125 24216.730469
v -10880.693359 18979.884766 24165.498047
v -10925.229492 19133.798828 24119.900391
v -10812.890625 18962.277344 24207.349609
v -10925.229492 19046.804688 24108.744141
v -10925.229492 19001.427734 24100.652344
v -10880.693359 18857.556641 24135.140625
v -10812.890625 18574.582031 24068.025391
v -10812.890625 18529.054688 24043.027344
v -10880.693359 18518.607422 23985.167969
v -10925.229492 18648.394531 23979.687500
v -10812.890625 18437.212891 23985.933594
v -10880.693359 18430.773438 23927.289062
v -10925.229492 18606.029297 23957.394531
v -10812.890625 18392.669922 23954.728516
v -10925.229492 18523.187500 23908.054688
v -10925.229492 18481.525391 23880.113281
v -10880.693359 18336.792969 23854.242188
v -10880.693359 18187.589844 23708.117188
v -10880.693359 18130.578125 23639.306641
v -10812.890625 18084.013672 23651.779297
v -10812.890625 18052.964844 23609.224609
v -10880.693359 18070.810547 23556.507812
v -10925.229492 18194.828125 23611.304688
v -10812.890625 17993.939453 23518.332031
v -10880.693359 18015.726562 23467.291016
v -10925.229492 18165.097656 23572.648438
v -10812.890625 17967.128906 23471.630859
v -10925.229492 18110.082031 23492.632812
v -10925.229492 18084.042969 23450.023438
v -10880.693359 17969.021484 23377.908203
v -10812.890625 17856.609375 23216.611328
v -10812.890625 17838.201172 23155.691406
v -10880.693359 17861.138672 23063.226562
v -10812.890625 17809.722656 23033.894531
v -10880.693359 17844.222656 22971.074219
v -10925.229492 17950.851562 23141.085938
v -10812.890625 17801.521484 22986.447266
v -10925.229492 17935.714844 23084.742188
v -10925.229492 17917.111328 22996.691406
v -10925.229492 17910.085938 22952.925781
v -10877.529297 17829.113281 22863.603516
vn 0.000000 1.000000 -0.000000
vn -0.158748 0.987319 -0.000000
vn -0.321674 0.946850 -0.000000
vn -0.465918 0.884828 -0.000000
vn -0.612056 0.790814 -0.000000
vn -0.737698 0.675131 -0.000000
vn -0.834632 0.550808 -0.000000
vn -0.914819 0.403863 -0.000000
vn -0.966982 0.254843 -0.000000
vn -0.992072 0.125674 -0.000000
vn -1.000000 -0.000000 -0.000000
vn -1.000000 -0.000000 -0.000000
vn -1.000000 -0.000000 -0.000000
vn -1.000000 -0.000000 -0.000000
vn -1.000000 -0.000000 -0.000000
vn -1.000000 -0.000000 -0.000000
vn -1.000000 -0.000000 -0.000000
vn -1.000000 -0.000000 -0.000000
vn -1.000000 -0.000000 -0.000000
vn -1.000000 -0.000000 -0.000000
vn -1.000000 -0.000000 -0.000000
vn -1.000000 0.000000 -0.000000
vn -1.000000 0.000000 -0.000000
vn -1.000000 0.000000 -0.000000
vn -1.000000 0.000000 -0.000000
vn -1.000000 0.000000 -0.000000
vn -1.000000 0.000000 -0.000000
vn -1.000000 0.000000 -0.000000
vn -1.000000 0.000000 -0.000000
vn -1.000000 0.000000 -0.000000
vn -1.000000 0.000000 -0.000000
vn -1.000000 0.000000 -0.000000
vn -1.000000 0.000000 -0.000000
vn -1.000000 0.000000 -0.000000
vn -0.987319 -0.158748 0.000000
vn -0.946850 -0.321674 0.000000
vn -0.884828 -0.465918 0.000000
vn -0.790814 -0.612056 0.000000
vn -0.675131 -0.737698 0.000000
vn -0.550808 -0.834632 0.000000
vn -0.403863 -0.914819 0.000000
vn -0.254843 -0.966982 0.000000
vn -0.125674 -0.992072 0.000000
vn 0.000000 -1.000000 -0.000000
vn -0.000000 -0.987083 0.160212
vn 0.000000 -0.945846 0.324615
vn -0.000000 -0.882655 0.470022
vn 0.000000 -0.804778 0.593576
vn -0.000000 -0.708593 0.705617
vn -0.000000 -0.596940 0.802286
vn 0.000000 -0.473654 0.880711
vn -0.000000 -0.343144 0.939283
vn 0.000000 -0.209901 0.977723
vn 0.000000 -0.078059 0.996949
vn -0.000000 0.049942 0.998752
vn 0.000000 0.180995 0.983484
vn 0.000000 0.314265 0.949335
vn 0.000000 0.445745 0.895160
vn 0.000000 0.570987 0.820959
vn -0.000000 0.685522 0.728052
vn -0.000000 0.785350 0.619052
vn 0.000000 0.867386 0.497636
vn 0.000000 0.929769 0.368143
vn 0.000000 0.971975 0.235084
vn 0.000000 0.993255 0.115948
vn -0.387784 0.920229 0.052936
vn -0.937373 0.347305 0.026659
vn -0.368095 0.886446 0.280572
vn -0.707107 0.679954 0.194070
vn -0.707107 0.657460 0.260282
vn -0.368095 0.864497 0.342272
vn -0.368095 0.837841 0.403149
vn -0.929788 0.346033 0.125519
vn -0.929788 0.334131 0.154435
vn -0.368095 0.695073 0.617560
vn -0.368095 0.647498 0.667273
vn -0.707107 0.500000 0.500000
vn -0.929788 0.275573 0.244035
vn -0.368095 0.596406 0.713307
vn -0.929788 0.255313 0.265159
vn -0.929788 0.235707 0.282729
vn -0.368095 0.378550 0.849239
vn -0.707107 0.315810 0.632664
vn -0.707107 0.260282 0.657460
vn -0.368095 0.317276 0.873981
vn -0.929788 0.150191 0.336060
vn -0.368095 0.255387 0.894027
vn -0.929788 0.126743 0.345586
vn -0.929788 0.103058 0.353373
vn -0.368095 0.083104 0.926067
vn -0.368095 0.023109 0.929501
vn -0.368095 -0.036039 0.929090
vn -0.707107 0.000000 0.707107
vn -0.929788 0.011795 0.367906
vn -0.707107 -0.048523 0.705440
vn -0.929788 -0.010839 0.367935
vn -0.368095 -0.268865 0.890066
vn -0.368095 -0.330663 0.869004
vn -0.929788 -0.102061 0.353663
vn -0.368095 -0.391735 0.843238
vn -0.707107 -0.260282 0.657460
vn -0.929788 -0.125752 0.345948
vn -0.929788 -0.149214 0.336495
vn -0.707107 -0.323857 0.628583
vn -0.368095 -0.607788 0.703633
vn -0.368095 -0.658151 0.656767
vn -0.707107 -0.500000 0.500000
vn -0.929788 -0.234857 0.283436
vn -0.368095 -0.704909 0.606308
vn -0.929788 -0.254514 0.265925
vn -0.929788 -0.272883 0.247040
vn -0.368095 -0.844035 0.390014
vn -0.368095 -0.872225 0.322072
vn -0.707107 -0.657460 0.260282
vn -0.929788 -0.329845 0.163389
vn -0.929788 -0.340366 0.140159
vn -0.707107 -0.675665 0.208511
vn -0.929788 -0.349144 0.116586
vn -0.348326 -0.934430 0.074219
vn -0.921750 -0.386898 0.026197
vn -0.722581 0.689734 0.046294
vn -0.707107 0.700600 0.095706
vn -0.368095 0.922421 0.116817
vn -0.368095 0.918511 0.144374
vn -0.707107 0.693551 0.137793
vn -0.368095 0.908052 0.199869
vn -0.929788 0.364200 0.053403
vn -0.368095 0.899107 0.236881
vn -0.929788 0.362426 0.064350
vn -0.929788 0.355992 0.093612
vn -0.929788 0.351812 0.108269
vn -0.707107 0.639542 0.301638
vn -0.707107 0.618782 0.342211
vn -0.368095 0.810094 0.456349
vn -0.368095 0.789480 0.491149
vn -0.707107 0.586649 0.394770
vn -0.929788 0.323502 0.175614
vn -0.368095 0.751364 0.547685
vn -0.707107 0.556040 0.436828
vn -0.929788 0.315575 0.189489
vn -0.368095 0.730679 0.574991
vn -0.929788 0.297811 0.216339
vn -0.929788 0.289640 0.227161
vn -0.707107 0.528989 0.469223
vn -0.707107 0.453180 0.542796
vn -0.707107 0.402922 0.581080
vn -0.368095 0.530353 0.763696
vn -0.368095 0.502005 0.782622
vn -0.707107 0.359362 0.608982
vn -0.368095 0.443696 0.817093
vn -0.929788 0.209532 0.302639
vn -0.368095 0.414857 0.832106
vn -0.929788 0.198300 0.310114
vn -0.929788 0.175974 0.323306
vn -0.929788 0.164561 0.329262
vn -0.707107 0.196098 0.679371
vn -0.707107 0.131718 0.694731
vn -0.368095 0.170742 0.913977
vn -0.368095 0.140954 0.919042
vn -0.707107 0.086517 0.701794
vn -0.929788 0.069540 0.361466
vn -0.929788 0.057738 0.363538
vn -0.707107 0.042837 0.705808
vn -0.929788 0.034342 0.366489
vn -0.368095 -0.068188 0.927285
vn -0.368095 -0.097482 0.924664
vn -0.707107 -0.093203 0.700937
vn -0.929788 -0.023526 0.367342
vn -0.368095 -0.158756 0.916135
vn -0.707107 -0.140025 0.693104
vn -0.929788 -0.035093 0.366418
vn -0.368095 -0.189641 0.910243
vn -0.929788 -0.058499 0.363416
vn -0.929788 -0.070708 0.361240
vn -0.707107 -0.200266 0.678155
vn -0.368095 -0.433134 0.822740
vn -0.368095 -0.461727 0.807040
vn -0.707107 -0.367180 0.604300
vn -0.929788 -0.165694 0.328693
vn -0.368095 -0.519408 0.771182
vn -0.707107 -0.410434 0.575798
vn -0.929788 -0.177093 0.322695
vn -0.368095 -0.547383 0.751584
vn -0.929788 -0.199382 0.309420
vn -0.929788 -0.210592 0.301902
vn -0.707107 -0.456715 0.539826
vn -0.707107 -0.530190 0.467866
vn -0.707107 -0.558265 0.433981
vn -0.368095 -0.741236 0.561316
vn -0.368095 -0.760736 0.534590
vn -0.707107 -0.587698 0.393206
vn -0.929788 -0.287729 0.229577
vn -0.368095 -0.797807 0.477505
vn -0.707107 -0.614824 0.349272
vn -0.929788 -0.295728 0.219177
vn -0.368095 -0.814645 0.448174
vn -0.929788 -0.310530 0.197648
vn -0.929788 -0.317537 0.186183
vn -0.707107 -0.637824 0.305256
vn -0.368095 -0.884057 0.288009
vn -0.368095 -0.895619 0.249747
vn -0.707107 -0.690951 0.150290
vn -0.368095 -0.913504 0.173253
vn -0.707107 -0.699281 0.104911
vn -0.929788 -0.353372 0.103062
vn -0.368095 -0.918655 0.143453
vn -0.929788 -0.357445 0.087902
vn -0.929788 -0.362451 0.064212
vn -0.929788 -0.364341 0.052436
vn -0.691286 -0.720634 0.053010
vt -0.000000 -0.000000
vt 0.171767 0.000000
vt 0.343533 0.000000
vt 0.498123 0.000000
vt 0.665080 0.000000
vt 0.827362 0.000000
vt 0.977624 0.000000
vt 1.139906 0.000000
vt 1.297645 0.000000
vt 1.434220 0.000000
vt 1.570796 -0.000000
vt 1.570796 0.167605
vt 1.570796 0.335210
vt 1.570796 0.502815
vt 1.570796 0.670420
vt 1.570796 0.821265
vt 1.570796 0.957025
vt 1.570796 1.092785
vt 1.570796 1.228545
vt 1.570796 1.364305
vt 1.570796 1.500065
vt 1.570796 1.635825
vt 1.570796 1.771585
vt 1.570796 1.907345
vt 1.570796 2.043105
vt 1.570796 2.178865
vt 1.570796 2.314625
vt 1.570796 2.450385
vt 1.570796 2.586145
vt 1.570796 2.721905
vt 1.570796 2.857665
vt 1.570796 2.993425
vt 1.570796 3.067509
vt 1.570796 3.141593
vt 1.399030 3.141593
vt 1.227263 3.141593
vt 1.072673 3.141593
vt 0.905716 3.141593
vt 0.743434 3.141593
vt 0.593172 3.141593
vt 0.430890 3.141593
vt 0.273152 3.141593
vt 0.136576 3.141593
vt -0.000000 3.141593
vt -0.000000 2.968273
vt 0.000000 2.794954
vt -0.000000 2.638967
vt 0.000000 2.498579
vt -0.000000 2.358190
vt -0.000000 2.217801
vt 0.000000 2.077413
vt -0.000000 1.937024
vt 0.000000 1.796636
vt 0.000000 1.656247
vt -0.000000 1.515859
vt 0.000000 1.375470
vt 0.000000 1.235081
vt 0.000000 1.094693
vt 0.000000 0.954304
vt -0.000000 0.813916
vt -0.000000 0.673527
vt 0.000000 0.533139
vt 0.000000 0.392750
vt 0.000000 0.252362
vt 0.000000 0.126181
vt 0.413681 0.063090
vt 1.199079 0.083802
vt 0.392699 0.322530
vt 0.785398 0.293786
vt 0.785398 0.392699
vt 0.392699 0.392725
vt 0.392699 0.462919
vt 1.178097 0.363955
vt 1.178097 0.447757
vt 0.392699 0.729463
vt 0.392699 0.799657
vt 0.785398 0.785398
vt 1.178097 0.727909
vt 0.392699 0.869851
vt 1.178097 0.803331
vt 1.178097 0.871211
vt 0.392699 1.136395
vt 0.785398 1.093739
vt 0.785398 1.178097
vt 0.392699 1.206589
vt 1.178097 1.135441
vt 0.392699 1.276784
vt 1.178097 1.203321
vt 1.178097 1.271201
vt 0.392699 1.473133
vt 0.392699 1.543327
vt 0.392699 1.613522
vt 0.785398 1.570796
vt 1.178097 1.535431
vt 0.785398 1.646036
vt 1.178097 1.603311
vt 0.392699 1.880066
vt 0.392699 1.950260
vt 1.178097 1.867540
vt 0.392699 2.020454
vt 0.785398 1.963495
vt 1.178097 1.935420
vt 1.178097 2.003300
vt 0.785398 2.060259
vt 0.392699 2.286998
vt 0.392699 2.357192
vt 0.785398 2.356194
vt 1.178097 2.267530
vt 0.392699 2.427387
vt 1.178097 2.335410
vt 1.178097 2.403290
vt 0.392699 2.693930
vt 0.392699 2.771924
vt 0.785398 2.748893
vt 1.178097 2.667519
vt 1.178097 2.735399
vt 0.785398 2.826310
vt 1.178097 2.803279
vt 0.371717 3.054933
vt 1.157115 3.067509
vt 0.806380 0.073446
vt 0.785398 0.146893
vt 0.392699 0.136537
vt 0.392699 0.168082
vt 0.785398 0.209983
vt 0.392699 0.231172
vt 1.178097 0.157249
vt 0.392699 0.273074
vt 1.178097 0.188794
vt 1.178097 0.272597
vt 1.178097 0.314498
vt 0.785398 0.455338
vt 0.785398 0.517977
vt 0.392699 0.525558
vt 0.392699 0.567459
vt 0.785398 0.601779
vt 1.178097 0.510396
vt 0.392699 0.637653
vt 0.785398 0.671974
vt 1.178097 0.552297
vt 0.392699 0.672750
vt 1.178097 0.636100
vt 1.178097 0.671197
vt 0.785398 0.728686
vt 0.785398 0.870531
vt 0.785398 0.955664
vt 0.392699 0.954984
vt 0.392699 0.990082
vt 0.785398 1.025859
vt 0.392699 1.060276
vt 1.178097 0.956344
vt 0.392699 1.094216
vt 1.178097 0.991442
vt 1.178097 1.059322
vt 1.178097 1.093262
vt 0.785398 1.273992
vt 0.785398 1.369887
vt 0.392699 1.372679
vt 0.392699 1.406619
vt 0.785398 1.437767
vt 1.178097 1.367096
vt 1.178097 1.401036
vt 0.785398 1.504282
vt 1.178097 1.468916
vt 0.392699 1.651142
vt 0.392699 1.685082
vt 0.785398 1.713916
vt 1.178097 1.640930
vt 0.392699 1.755276
vt 0.785398 1.784110
vt 1.178097 1.674870
vt 0.392699 1.790373
vt 1.178097 1.742750
vt 1.178097 1.777848
vt 0.785398 1.873803
vt 0.392699 2.068836
vt 0.392699 2.102776
vt 0.785398 2.128139
vt 1.178097 2.051682
vt 0.392699 2.172970
vt 0.785398 2.198333
vt 1.178097 2.085622
vt 0.392699 2.208067
vt 1.178097 2.153502
vt 1.178097 2.188599
vt 0.785398 2.277264
vt 0.785398 2.415338
vt 0.785398 2.474482
vt 0.392699 2.486530
vt 0.392699 2.520470
vt 0.785398 2.542362
vt 1.178097 2.462433
vt 0.392699 2.590664
vt 0.785398 2.612556
vt 1.178097 2.496373
vt 0.392699 2.625762
vt 1.178097 2.564253
vt 1.178097 2.599351
vt 0.785398 2.680725
vt 0.392699 2.810632
vt 0.392699 2.853962
vt 0.785398 2.912969
vt 0.392699 2.940621
vt 0.785398 2.980849
vt 1.178097 2.841987
vt 0.392699 2.974561
vt 1.178097 2.885317
vt 1.178097 2.953197
vt 1.178097 2.987137
vt 0.764416 3.061221
f 556/556/556 557/557/557 555/555/555
f 588/588/588 523/523/523 524/524/524
f 588/588/588 524/524/524 525/525/525
f 588/588/588 525/525/525 526/526/526
f 588/588/588 526/526/526 527/527/527
f 588/588/588 587/587/587 523/523/523
f 589/589/589 529/529/529 530/530/530
f 589/589/589 530/530/530 531/531/531
f 589/589/589 531/531/531 532/532/532
f 589/589/589 532/532/532 533/533/533
f 589/589/589 533/533/533 534/534/534
f 590/590/590 585/585/585 586/586/586
f 591/591/591 592/592/592 590/590/590
f 593/593/593 590/590/590 592/592/592
f 593/593/593 585/585/585 590/590/590
f 594/594/594 585/585/585 593/593/593
f 594/594/594 584/584/584 585/585/585
f 595/595/595 592/592/592 591/591/591
f 596/596/596 535/535/535 536/536/536
f 596/596/596 592/592/592 595/595/595
f 596/596/596 595/595/595 535/535/535
f 597/597/597 582/582/582 583/583/583
f 598/598/598 582/582/582 597/597/597
f 598/598/598 597/597/597 599/599/599
f 600/600/600 537/537/537 538/538/538
f 601/601/601 582/582/582 598/598/598
f 601/601/601 581/581/581 582/582/582
f 602/602/602 599/599/599 600/600/600
f 602/602/602 600/600/600 538/538/538
f 603/603/603 538/538/538 539/539/539
f 603/603/603 602/602/602 538/538/538
f 604/604/604 579/579/579 580/580/580
f 605/605/605 606/606/606 604/604/604
f 607/607/607 604/604/604 606/606/606
f 607/607/607 579/579/579 604/604/604
f 608/608/608 606/606/606 605/605/605
f 608/608/608 540/540/540 541/541/541
f 609/609/609 579/579/579 607/607/607
f 609/609/609 578/578/578 579/579/579
f 610/610/610 608/608/608 541/541/541
f 610/610/610 606/606/606 608/608/608
f 611/611/611 610/610/610 541/541/541
f 611/611/611 541/541/541 542/542/542
f 612/612/612 577/577/577 578/578/578
f 613/613/613 577/577/577 612/612/612
f 614/614/614 613/613/613 615/615/615
f 614/614/614 577/577/577 613/613/613
f 614/614/614 576/576/576 577/577/577
f 616/616/616 543/543/543 544/544/544
f 617/617/617 614/614/614 615/615/615
f 618/618/618 616/616/616 544/544/544
f 618/618/618 617/617/617 615/615/615
f 618/618/618 615/615/615 616/616/616
f 619/619/619 574/574/574 575/575/575
f 620/620/620 574/574/574 619/619/619
f 621/621/621 545/545/545 546/546/546
f 622/622/622 573/573/573 574/574/574
f 622/622/622 574/574/574 620/620/620
f 622/622/622 620/620/620 623/623/623
f 624/624/624 621/621/621 546/546/546
f 625/625/625 546/546/546 547/547/547
f 625/625/625 624/624/624 546/546/546
f 625/625/625 623/623/623 624/624/624
f 626/626/626 622/622/622 623/623/623
f 626/626/626 623/623/623 625/625/625
f 627/627/627 571/571/571 572/572/572
f 628/628/628 627/627/627 629/629/629
f 628/628/628 571/571/571 627/627/627
f 630/630/630 548/548/548 549/549/549
f 631/631/631 570/570/570 571/571/571
f 631/631/631 571/571/571 628/628/628
f 632/632/632 630/630/630 549/549/549
f 633/633/633 629/629/629 632/632/632
f 633/633/633 549/549/549 550/550/550
f 633/633/633 632/632/632 549/549/549
f 634/634/634 568/568/568 569/569/569
f 635/635/635 634/634/634 636/636/636
f 635/635/635 568/568/568 634/634/634
f 637/637/637 551/551/551 552/552/552
f 638/638/638 637/637/637 552/552/552
f 639/639/639 635/635/635 636/636/636
f 640/640/640 638/638/638 552/552/552
f 640/640/640 639/639/639 636/636/636
f 640/640/640 552/552/552 553/553/553
f 640/640/640 636/636/636 638/638/638
f 641/641/641 562/562/562 563/563/563
f 641/641/641 563/563/563 564/564/564
f 641/641/641 564/564/564 565/565/565
f 641/641/641 565/565/565 566/566/566
f 641/641/641 566/566/566 567/567/567
f 642/642/642 554/554/554 555/555/555
f 642/642/642 557/557/557 558/558/558
f 642/642/642 558/558/558 559/559/559
f 642/642/642 559/559/559 560/560/560
f 642/642/642 555/555/555 557/557/557
f 643/643/643 527/527/527 528/528/528
f 643/643/643 528/528/528 529/529/529
f 643/643/643 529/529/529 589/589/589
f 643/643/643 588/588/588 527/527/527
f 643/643/643 589/589/589 644/644/644
f 645/645/645 587/587/587 588/588/588
f 645/645/645 588/588/588 643/643/643
f 645/645/645 643/643/643 644/644/644
f 646/646/646 645/645/645 644/644/644
f 646/646/646 586/586/586 587/587/587
f 646/646/646 587/587/587 645/645/645
f 646/646/646 644/644/644 647/647/647
f 648/648/648 647/647/647 591/591/591
f 648/648/648 586/586/586 646/646/646
f 648/648/648 646/646/646 647/647/647
f 649/649/649 644/644/644 589/589/589
f 649/649/649 589/589/589 534/534/534
f 650/650/650 591/591/591 590/590/590
f 650/650/650 590/590/590 586/586/586
f 650/650/650 586/586/586 648/648/648
f 650/650/650 648/648/648 591/591/591
f 651/651/651 649/649/649 534/534/534
f 651/651/651 647/647/647 644/644/644
f 651/651/651 644/644/644 649/649/649
f 652/652/652 534/534/534 535/535/535
f 652/652/652 591/591/591 647/647/647
f 652/652/652 647/647/647 651/651/651
f 652/652/652 651/651/651 534/534/534
f 653/653/653 591/591/591 652/652/652
f 653/653/653 652/652/652 535/535/535
f 653/653/653 595/595/595 591/591/591
f 653/653/653 535/535/535 595/595/595
f 654/654/654 655/655/655 594/594/594
f 654/654/654 592/592/592 596/596/596
f 654/654/654 593/593/593 592/592/592
f 654/654/654 594/594/594 593/593/593
f 656/656/656 594/594/594 655/655/655
f 656/656/656 584/584/584 594/594/594
f 657/657/657 655/655/655 658/658/658
f 657/657/657 584/584/584 656/656/656
f 657/657/657 656/656/656 655/655/655
f 659/659/659 655/655/655 654/654/654
f 659/659/659 654/654/654 596/596/596
f 659/659/659 596/596/596 536/536/536
f 660/660/660 658/658/658 661/661/661
f 660/660/660 583/583/583 584/584/584
f 660/660/660 657/657/657 658/658/658
f 660/660/660 584/584/584 657/657/657
f 662/662/662 536/536/536 537/537/537
f 662/662/662 658/658/658 655/655/655
f 662/662/662 659/659/659 536/536/536
f 662/662/662 655/655/655 659/659/659
f 663/663/663 660/660/660 661/661/661
f 663/663/663 583/583/583 660/660/660
f 663/663/663 597/597/597 583/583/583
f 664/664/664 661/661/661 658/658/658
f 664/664/664 662/662/662 537/537/537
f 664/664/664 658/658/658 662/662/662
f 665/665/665 537/537/537 600/600/600
f 665/665/665 600/600/600 661/661/661
f 665/665/665 661/661/661 664/664/664
f 665/665/665 664/664/664 537/537/537
f 666/666/666 599/599/599 597/597/597
f 666/666/666 600/600/600 599/599/599
f 666/666/666 663/663/663 661/661/661
f 666/666/666 661/661/661 600/600/600
f 666/666/666 597/597/597 663/663/663
f 667/667/667 602/602/602 603/603/603
f 667/667/667 603/603/603 668/668/668
f 667/667/667 598/598/598 599/599/599
f 667/667/667 601/601/601 598/598/598
f 667/667/667 599/599/599 602/602/602
f 669/669/669 601/601/601 667/667/667
f 669/669/669 581/581/581 601/601/601
f 669/669/669 667/667/667 668/668/668
f 670/670/670 668/668/668 671/671/671
f 670/670/670 581/581/581 669/669/669
f 670/670/670 580/580/580 581/581/581
f 670/670/670 669/669/669 668/668/668
f 672/672/672 670/670/670 671/671/671
f 672/672/672 671/671/671 605/605/605
f 672/672/672 580/580/580 670/670/670
f 673/673/673 668/668/668 603/603/603
f 673/673/673 603/603/603 539/539/539
f 674/674/674 672/672/672 605/605/605
f 674/674/674 580/580/580 672/672/672
f 674/674/674 604/604/604 580/580/580
f 674/674/674 605/605/605 604/604/604
f 675/675/675 668/668/668 673/673/673
f 675/675/675 671/671/671 668/668/668
f 675/675/675 673/673/673 539/539/539
f 675/675/675 539/539/539 540/540/540
f 676/676/676 605/605/605 671/671/671
f 676/676/676 671/671/671 675/675/675
f 676/676/676 675/675/675 540/540/540
f 677/677/677 605/605/605 676/676/676
f 677/677/677 608/608/608 605/605/605
f 677/677/677 540/540/540 608/608/608
f 677/677/677 676/676/676 540/540/540
f 678/678/678 607/607/607 606/606/606
f 678/678/678 609/609/609 607/607/607
f 678/678/678 606/606/606 610/610/610
f 678/678/678 610/610/610 611/611/611
f 678/678/678 679/679/679 609/609/609
f 680/680/680 578/578/578 609/609/609
f 680/680/680 609/609/609 679/679/679
f 681/681/681 578/578/578 680/680/680
f 681/681/681 680/680/680 679/679/679
f 681/681/681 612/612/612 578/578/578
f 681/681/681 679/679/679 682/682/682
f 681/681/681 682/682/682 612/612/612
f 683/683/683 678/678/678 611/611/611
f 683/683/683 679/679/679 678/678/678
f 683/683/683 611/611/611 542/542/542
f 684/684/684 542/542/542 543/543/543
f 684/684/684 683/683/683 542/542/542
f 684/684/684 679/679/679 683/683/683
f 684/684/684 682/682/682 679/679/679
f 685/685/685 613/613/613 612/612/612
f 685/685/685 612/612/612 682/682/682
f 685/685/685 615/615/615 613/613/613
f 685/685/685 616/616/616 615/615/615
f 686/686/686 543/543/543 616/616/616
f 686/686/686 684/684/684 543/543/543
f 686/686/686 685/685/685 682/682/682
f 686/686/686 682/682/682 684/684/684
f 686/686/686 616/616/616 685/685/685
f 687/687/687 576/576/576 614/614/614
f 687/687/687 614/614/614 617/617/617
f 688/688/688 617/617/617 689/689/689
f 688/688/688 576/576/576 687/687/687
f 688/688/688 687/687/687 617/617/617
f 690/690/690 618/618/618 544/544/544
f 690/690/690 617/617/617 618/618/618
f 691/691/691 689/689/689 692/692/692
f 691/691/691 688/688/688 689/689/689
f 691/691/691 576/576/576 688/688/688
f 691/691/691 575/575/575 576/576/576
f 693/693/693 544/544/544 545/545/545
f 693/693/693 689/689/689 617/617/617
f 693/693/693 690/690/690 544/544/544
f 693/693/693 617/617/617 690/690/690
f 694/694/694 691/691/691 692/692/692
f 694/694/694 575/575/575 691/691/691
f 694/694/694 619/619/619 575/575/575
f 695/695/695 693/693/693 545/545/545
f 695/695/695 692/692/692 689/689/689
f 695/695/695 689/689/689 693/693/693
f 696/696/696 695/695/695 545/545/545
f 696/696/696 545/545/545 621/621/621
f 696/696/696 692/692/692 695/695/695
f 696/696/696 621/621/621 692/692/692
f 697/697/697 694/694/694 692/692/692
f 697/697/697 620/620/620 619/619/619
f 697/697/697 619/619/619 694/694/694
f 697/697/697 623/623/623 620/620/620
f 697/697/697 692/692/692 621/621/621
f 697/697/697 624/624/624 623/623/623
f 697/697/697 621/621/621 624/624/624
f 698/698/698 573/573/573 622/622/622
f 698/698/698 622/622/622 626/626/626
f 699/699/699 573/573/573 698/698/698
f 699/699/699 698/698/698 626/626/626
f 699/699/699 626/626/626 700/700/700
f 701/701/701 625/625/625 547/547/547
f 701/701/701 626/626/626 625/625/625
f 702/702/702 572/572/572 573/573/573
f 702/702/702 699/699/699 700/700/700
f 702/702/702 573/573/573 699/699/699
f 702/702/702 700/700/700 703/703/703
f 704/704/704 547/547/547 548/548/548
f 704/704/704 701/701/701 547/547/547
f 704/704/704 626/626/626 701/701/701
f 704/704/704 700/700/700 626/626/626
f 705/705/705 572/572/572 702/702/702
f 705/705/705 702/702/702 703/703/703
f 705/705/705 627/627/627 572/572/572
f 706/706/706 704/704/704 548/548/548
f 706/706/706 703/703/703 700/700/700
f 706/706/706 700/700/700 704/704/704
f 707/707/707 706/706/706 548/548/548
f 707/707/707 548/548/548 630/630/630
f 707/707/707 703/703/703 706/706/706
f 707/707/707 630/630/630 703/703/703
f 708/708/708 630/630/630 632/632/632
f 708/708/708 632/632/632 629/629/629
f 708/708/708 629/629/629 627/627/627
f 708/708/708 705/705/705 703/703/703
f 708/708/708 627/627/627 705/705/705
f 708/708/708 703/703/703 630/630/630
f 709/709/709 710/710/710 631/631/631
f 709/709/709 628/628/628 629/629/629
f 709/709/709 631/631/631 628/628/628
f 709/709/709 629/629/629 633/633/633
f 711/711/711 570/570/570 631/631/631
f 711/711/711 631/631/631 710/710/710
f 712/712/712 710/710/710 713/713/713
f 712/712/712 570/570/570 711/711/711
f 712/712/712 711/711/711 710/710/710
f 714/714/714 709/709/709 633/633/633
f 714/714/714 633/633/633 550/550/550
f 714/714/714 710/710/710 709/709/709
f 715/715/715 712/712/712 713/713/713
f 715/715/715 570/570/570 712/712/712
f 715/715/715 713/713/713 716/716/716
f 715/715/715 569/569/569 570/570/570
f 717/717/717 713/713/713 710/710/710
f 717/717/717 710/710/710 714/714/714
f 717/717/717 550/550/550 551/551/551
f 717/717/717 714/714/714 550/550/550
f 718/718/718 715/715/715 716/716/716
f 718/718/718 569/569/569 715/715/715
f 718/718/718 634/634/634 569/569/569
f 719/719/719 716/716/716 713/713/713
f 719/719/719 713/713/713 717/717/717
f 719/719/719 717/717/717 551/551/551
f 720/720/720 716/716/716 719/719/719
f 720/720/720 637/637/637 716/716/716
f 720/720/720 551/551/551 637/637/637
f 720/720/720 719/719/719 551/551/551
f 721/721/721 716/716/716 637/637/637
f 721/721/721 636/636/636 634/634/634
f 721/721/721 718/718/718 716/716/716
f 721/721/721 634/634/634 718/718/718
f 721/721/721 637/637/637 638/638/638
f 721/721/721 638/638/638 636/636/636
f 722/722/722 568/568/568 635/635/635
f 722/722/722 635/635/635 639/639/639
f 723/723/723 639/639/639 724/724/724
f 723/723/723 568/568/568 722/722/722
f 723/723/723 722/722/722 639/639/639
f 723/723/723 567/567/567 568/568/568
f 725/725/725 723/723/723 724/724/724
f 725/725/725 567/567/567 723/723/723
f 725/725/725 724/724/724 726/726/726
f 727/727/727 639/639/639 640/640/640
f 727/727/727 640/640/640 553/553/553
f 728/728/728 567/567/567 725/725/725
f 728/728/728 641/641/641 567/567/567
f 728/728/728 725/725/725 726/726/726
f 728/728/728 726/726/726 641/641/641
f 729/729/729 724/724/724 639/639/639
f 729/729/729 639/639/639 727/727/727
f 729/729/729 727/727/727 553/553/553
f 730/730/730 553/553/553 554/554/554
f 730/730/730 729/729/729 553/553/553
f 730/730/730 724/724/724 729/729/729
f 730/730/730 726/726/726 724/724/724
f 731/731/731 730/730/730 554/554/554
f 731/731/731 726/726/726 730/730/730
f 731/731/731 554/554/554 642/642/642
f 732/732/732 562/562/562 641/641/641
f 732/732/732 560/560/560 561/561/561
f 732/732/732 561/561/561 562/562/562
f 732/732/732 641/641/641 726/726/726
f 732/732/732 642/642/642 560/560/560
f 732/732/732 726/726/726 731/731/731
f 732/732/732 731/731/731 642/642/642
v -10739.272461 17769.751953 22758.037109
v -9360.479492 17769.751953 22758.037109
v -9360.479492 17788.396484 22993.384766
v -9360.479492 17846.103516 23229.603516
v -9360.479492 17943.253906 23456.953125
v -9360.479492 18077.019531 23665.773438
v -9360.479492 18241.554688 23847.808594
v -9360.479492 18428.814453 23997.183594
v -9360.479492 18632.607422 24112.515625
v -9360.479492 18857.767578 24196.156250
v -9360.479492 19099.062500 24243.363281
v -9360.479492 19347.039062 24250.205078
v -9360.479492 19591.597656 24216.228516
v -9360.479492 19823.261719 24143.968750
v -9360.479492 20033.658203 24039.287109
v -9360.479492 20226.607422 23901.378906
v -9360.479492 20399.669922 23729.750000
v -9360.479492 20544.462891 23529.029297
v -9360.479492 20654.296875 23306.824219
v -9360.479492 20725.210938 23072.472656
v -9360.479492 20750.593750 22914.339844
v -9360.479492 20758.703125 22758.037109
v -10739.272461 20758.703125 22758.037109
v -10739.272461 20739.390625 22997.476562
v -10739.272461 20677.773438 23243.164062
v -10739.272461 20583.333984 23460.472656
v -10739.272461 20466.947266 23645.123047
v -10739.272461 20323.197266 23812.560547
v -10739.272461 20156.337891 23957.025391
v -10739.272461 19972.083984 24074.224609
v -10739.272461 19777.070312 24161.773438
v -10739.272461 19577.892578 24219.207031
v -10739.272461 19380.873047 24247.947266
v -10739.272461 19189.460938 24250.703125
v -10739.272461 18993.806641 24227.794922
v -10739.272461 18794.533203 24176.796875
v -10739.272461 18598.082031 24095.818359
v -10739.272461 18410.904297 23984.935547
v -10739.272461 18239.734375 23846.091797
v -10739.272461 18090.542969 23683.193359
v -10739.272461 17967.949219 23501.742188
v -10739.272461 17874.712891 23308.212891
v -10739.272461 17811.667969 23109.390625
v -10739.272461 17779.785156 22931.279297
vn 0.000000 -1.000000 -0.000000
vn 0.000000 -1.000000 -0.000000
vn 0.000000 -0.987522 0.157479
vn 0.000000 -0.948912 0.315539
vn 0.000000 -0.883905 0.467666
vn 0.000000 -0.794399 0.607396
vn 0.000000 -0.684302 0.729198
vn 0.000000 -0.559004 0.829165
vn 0.000000 -0.422634 0.906300
vn 0.000000 -0.271961 0.962308
vn 0.000000 -0.110594 0.993866
vn -0.000000 0.055292 0.998470
vn -0.000000 0.219093 0.975704
vn -0.000000 0.374065 0.927402
vn -0.000000 0.514841 0.857285
vn -0.000000 0.643959 0.765060
vn -0.000000 0.759760 0.650204
vn -0.000000 0.856650 0.515899
vn -0.000000 0.930137 0.367214
vn -0.000000 0.977617 0.210391
vn -0.000000 0.994514 0.104603
vn 0.000000 1.000000 -0.000000
vn 0.000000 1.000000 -0.000000
vn -0.000000 0.987083 0.160212
vn -0.000000 0.945846 0.324615
vn -0.000000 0.882655 0.470022
vn -0.000000 0.804778 0.593576
vn -0.000000 0.708593 0.705617
vn -0.000000 0.596940 0.802286
vn -0.000000 0.473654 0.880711
vn -0.000000 0.343144 0.939283
vn -0.000000 0.209901 0.977723
vn -0.000000 0.078059 0.996949
vn 0.000000 -0.049942 0.998752
vn 0.000000 -0.180995 0.983484
vn 0.000000 -0.314265 0.949335
vn 0.000000 -0.445745 0.895160
vn 0.000000 -0.570987 0.820959
vn 0.000000 -0.685522 0.728052
vn 0.000000 -0.785350 0.619052
vn 0.000000 -0.867386 0.497636
vn 0.000000 -0.929769 0.368143
vn 0.000000 -0.971975 0.235084
vn 0.000000 -0.993255 0.115948
vt -1.578793 0.000000
vt -0.200000 0.000000
vt -0.200000 0.254689
vt -0.200000 0.503726
vt -0.200000 0.747298
vt -0.200000 0.985579
vt -0.200000 1.218749
vt -0.200000 1.446939
vt -0.200000 1.673391
vt -0.200000 1.912384
vt -0.200000 2.167508
vt -0.200000 2.438328
vt -0.200000 2.699504
vt -0.200000 2.943890
vt -0.200000 3.173010
vt -0.200000 3.399725
vt -0.200000 3.631201
vt -0.200000 3.867766
vt -0.200000 4.109554
vt -0.200000 4.356750
vt -0.200000 4.524621
vt -0.200000 4.695033
vt -1.578793 4.695033
vt -1.578793 4.436012
vt -1.578793 4.176991
vt -1.578793 3.943871
vt -1.578793 3.734064
vt -1.578793 3.524257
vt -1.578793 3.314450
vt -1.578793 3.104642
vt -1.578793 2.894835
vt -1.578793 2.685028
vt -1.578793 2.475221
vt -1.578793 2.265413
vt -1.578793 2.055606
vt -1.578793 1.845799
vt -1.578793 1.635992
vt -1.578793 1.426184
vt -1.578793 1.216377
vt -1.578793 1.006570
vt -1.578793 0.796763
vt -1.578793 0.586955
vt -1.578793 0.377148
vt -1.578793 0.188574
f 734/734/734 776/776/776 733/733/733
f 735/735/735 775/775/775 776/776/776
f 735/735/735 776/776/776 734/734/734
f 736/736/736 774/774/774 775/775/775
f 736/736/736 775/775/775 735/735/735
f 737/737/737 773/773/773 774/774/774
f 737/737/737 774/774/774 736/736/736
f 738/738/738 772/772/772 773/773/773
f 738/738/738 773/773/773 737/737/737
f 739/739/739 770/770/770 771/771/771
f 739/739/739 771/771/771 772/772/772
f 739/739/739 772/772/772 738/738/738
f 740/740/740 769/769/769 770/770/770
f 740/740/740 770/770/770 739/739/739
f 741/741/741 768/768/768 769/769/769
f 741/741/741 769/769/769 740/740/740
f 742/742/742 767/767/767 768/768/768
f 742/742/742 768/768/768 741/741/741
f 743/743/743 766/766/766 767/767/767
f 743/743/743 767/767/767 742/742/742
f 744/744/744 765/765/765 766/766/766
f 744/744/744 766/766/766 743/743/743
f 745/745/745 765/765/765 744/744/744
f 745/745/745 763/763/763 764/764/764
f 745/745/745 764/764/764 765/765/765
f 746/746/746 763/763/763 745/745/745
f 746/746/746 762/762/762 763/763/763
f 747/747/747 762/762/762 746/746/746
f 747/747/747 761/761/761 762/762/762
f 748/748/748 761/761/761 747/747/747
f 748/748/748 760/760/760 761/761/761
f 749/749/749 760/760/760 748/748/748
f 749/749/749 759/759/759 760/760/760
f 750/750/750 759/759/759 749/749/749
f 750/750/750 758/758/758 759/759/759
f 751/751/751 757/757/757 758/758/758
f 751/751/751 758/758/758 750/750/750
f 752/752/752 757/757/757 751/751/751
f 752/752/752 756/756/756 757/757/757
f 753/753/753 755/755/755 756/756/756
f 753/753/753 756/756/756 752/752/752
f 754/754/754 755/755/755 753/753/753
v -9360.479492 17769.751953 22758.037109
v -9328.729492 17772.289062 22758.037109
v -9296.144531 17780.382812 22758.037109
v -9267.295898 17792.787109 22758.037109
v -9238.068359 17811.589844 22758.037109
v -9212.939453 17834.726562 22758.037109
v -9193.552734 17859.591797 22758.037109
v -9177.515625 17888.980469 22758.037109
v -9167.083008 17918.785156 22758.037109
v -9162.065430 17944.617188 22758.037109
v -9160.479492 17969.751953 22758.037109
v -9160.479492 17988.451172 22977.207031
v -9160.479492 18046.277344 23196.523438
v -9160.479492 18131.923828 23385.371094
v -9160.479492 18234.119141 23541.962891
v -9160.479492 18356.603516 23681.013672
v -9160.479492 18494.804688 23798.980469
v -9160.479492 18644.142578 23894.419922
v -9160.479492 18806.025391 23968.648438
v -9160.479492 18981.658203 24021.306641
v -9160.479492 19165.699219 24048.753906
v -9160.479492 19352.830078 24049.470703
v -9160.479492 19537.173828 24023.421875
v -9160.479492 19713.392578 23972.029297
v -9160.479492 19876.072266 23898.878906
v -9160.479492 20025.955078 23804.626953
v -9160.479492 20164.855469 23687.843750
v -9160.479492 20288.296875 23549.835938
v -9160.479492 20391.667969 23394.070312
v -9160.479492 20471.482422 23225.162109
v -9160.479492 20525.646484 23048.550781
v -9160.479492 20550.683594 22902.488281
v -9160.479492 20558.703125 22758.037109
v -9163.015625 20590.453125 22758.037109
v -9171.109375 20623.039062 22758.037109
v -9183.513672 20651.886719 22758.037109
v -9202.316406 20681.115234 22758.037109
v -9225.453125 20706.242188 22758.037109
v -9250.318359 20725.630859 22758.037109
v -9279.707031 20741.667969 22758.037109
v -9309.510742 20752.099609 22758.037109
v -9335.344727 20757.117188 22758.037109
v -9360.479492 20758.703125 22758.037109
v -9360.479492 20740.060547 22993.384766
v -9360.479492 20682.351562 23229.603516
v -9360.479492 20585.203125 23456.953125
v -9360.479492 20451.437500 23665.773438
v -9360.479492 20286.900391 23847.808594
v -9360.479492 20099.642578 23997.183594
v -9360.479492 19895.847656 24112.515625
v -9360.479492 19670.689453 24196.156250
v -9360.479492 19429.394531 24243.363281
v -9360.479492 19181.417969 24250.205078
v -9360.479492 18936.857422 24216.228516
v -9360.479492 18705.195312 24143.968750
v -9360.479492 18494.798828 24039.287109
v -9360.479492 18301.849609 23901.378906
v -9360.479492 18128.787109 23729.750000
v -9360.479492 17983.994141 23529.029297
v -9360.479492 17874.160156 23306.824219
v -9360.479492 17803.246094 23072.472656
v -9360.479492 17777.861328 22914.339844
v -9282.922852 17787.392578 22834.708984
v -9173.004883 17904.867188 22872.138672
v -9286.860352 17847.150391 23186.494141
v -9286.860352 17887.480469 23302.324219
v -9219.058594 17929.148438 23286.582031
v -9174.521484 17946.482422 23125.773438
v -9286.860352 17936.990234 23413.875000
v -9174.521484 17984.431641 23241.570312
v -9174.521484 18027.076172 23342.105469
v -9286.860352 18177.597656 23763.480469
v -9219.058594 18146.957031 23659.980469
v -9219.058594 18248.896484 23773.369141
v -9286.860352 18263.248047 23848.781250
v -9174.521484 18233.775391 23657.953125
v -9174.521484 18300.902344 23729.472656
v -9219.058594 18374.744141 23885.253906
v -9174.521484 18371.574219 23794.787109
v -9286.860352 18609.199219 24085.673828
v -9286.860352 18714.867188 24132.767578
v -9174.521484 18684.085938 23997.035156
v -9286.860352 18829.324219 24173.148438
v -9219.058594 18735.681641 24093.117188
v -9174.521484 18770.300781 24033.857422
v -9174.521484 18862.849609 24065.927734
v -9219.058594 19169.933594 24190.833984
v -9219.058594 19264.228516 24193.933594
v -9286.860352 19223.509766 24237.910156
v -9286.860352 19345.349609 24236.246094
v -9174.521484 19212.537109 24125.154297
v -9174.521484 19310.714844 24125.341797
v -9219.058594 19392.634766 24188.181641
v -9286.860352 19738.197266 24160.546875
v -9174.521484 19660.525391 24067.476562
v -9286.860352 19849.681641 24117.789062
v -9219.058594 19792.773438 24093.117188
v -9174.521484 19753.386719 24035.693359
v -9219.058594 19907.164062 24041.949219
v -9174.521484 19839.925781 23999.105469
v -9286.860352 20205.515625 23900.691406
v -9286.860352 20294.300781 23821.349609
v -9174.521484 20153.037109 23798.085938
v -9286.860352 20378.187500 23733.115234
v -9219.058594 20279.560547 23773.369141
v -9174.521484 20223.876953 23733.103516
v -9174.521484 20291.212891 23661.908203
v -9286.860352 20608.941406 23377.251953
v -9286.860352 20655.460938 23264.152344
v -9219.058594 20599.308594 23286.582031
v -9174.521484 20499.146484 23346.814453
v -9174.521484 20538.212891 23256.679688
v -9219.058594 20646.796875 23145.728516
v -9174.521484 20570.832031 23163.580078
v -9290.814453 20741.681641 22873.386719
v -9176.129883 20634.162109 22833.900391
v -9286.860352 17794.619141 22936.722656
v -9215.962891 17834.783203 22855.042969
v -9219.058594 17841.841797 22954.542969
v -9286.860352 17806.253906 23014.931641
v -9219.058594 17854.439453 23030.607422
v -9286.860352 17813.736328 23054.277344
v -9174.521484 17912.253906 22967.433594
v -9174.521484 17918.369141 23003.693359
v -9219.058594 17885.394531 23158.804688
v -9219.058594 17971.285156 23382.615234
v -9219.058594 18020.974609 23476.451172
v -9286.860352 17989.158203 23510.287109
v -9286.860352 18017.099609 23555.753906
v -9219.058594 18076.013672 23564.230469
v -9174.521484 18073.550781 23431.810547
v -9286.860352 18087.378906 23656.205078
v -9174.521484 18098.552734 23474.195312
v -9286.860352 18125.755859 23704.378906
v -9174.521484 18153.392578 23556.615234
v -9174.521484 18187.507812 23602.048828
v -9286.860352 18328.912109 23905.585938
v -9286.860352 18375.378906 23941.941406
v -9219.058594 18467.076172 23952.335938
v -9286.860352 18472.009766 24008.666016
v -9219.058594 18550.576172 24004.029297
v -9174.521484 18433.798828 23845.265625
v -9286.860352 18515.208984 24035.007812
v -9174.521484 18477.679688 23877.421875
v -9174.521484 18556.244141 23928.695312
v -9174.521484 18596.556641 23952.146484
v -9219.058594 18642.097656 24052.160156
v -9219.058594 18842.683594 24130.662109
v -9219.058594 18950.181641 24159.169922
v -9286.860352 18940.158203 24202.564453
v -9286.860352 18993.271484 24213.462891
v -9219.058594 19052.980469 24178.308594
v -9174.521484 18965.271484 24093.068359
v -9286.860352 19114.798828 24230.910156
v -9174.521484 19014.353516 24103.119141
v -9286.860352 19174.697266 24235.759766
v -9174.521484 19111.755859 24117.607422
v -9174.521484 19167.269531 24122.691406
v -9286.860352 19412.263672 24231.050781
v -9286.860352 19464.837891 24224.814453
v -9219.058594 19494.755859 24175.306641
v -9174.521484 19372.152344 24121.867188
v -9286.860352 19584.212891 24203.474609
v -9219.058594 19610.882812 24151.460938
v -9174.521484 19420.482422 24117.179688
v -9286.860352 19644.240234 24188.867188
v -9174.521484 19518.267578 24102.337891
v -9174.521484 19573.630859 24090.685547
v -9219.058594 19702.066406 24125.552734
v -9286.860352 19908.548828 24090.904297
v -9286.860352 19959.986328 24064.789062
v -9219.058594 20005.652344 23987.707031
v -9286.860352 20060.433594 24006.130859
v -9219.058594 20088.156250 23934.021484
v -9174.521484 19893.873047 23972.626953
v -9286.860352 20102.783203 23978.080078
v -9174.521484 19940.910156 23947.062500
v -9174.521484 20020.564453 23898.054688
v -9174.521484 20059.294922 23871.388672
v -9219.058594 20187.177734 23858.019531
v -9219.058594 20343.394531 23705.244141
v -9219.058594 20402.544922 23633.271484
v -9286.860352 20439.068359 23658.832031
v -9286.860352 20470.994141 23615.589844
v -9219.058594 20462.966797 23548.494141
v -9174.521484 20347.667969 23593.406250
v -9286.860352 20538.056641 23512.386719
v -9219.058594 20524.257812 23446.603516
v -9174.521484 20377.285156 23553.515625
v -9286.860352 20568.097656 23459.183594
v -9174.521484 20431.830078 23471.050781
v -9174.521484 20460.304688 23422.177734
v -9219.058594 20564.449219 23367.316406
v -9286.860352 20679.787109 23191.484375
v -9286.860352 20710.488281 23074.287109
v -9219.058594 20673.722656 23032.128906
v -9286.860352 20722.035156 23015.873047
v -9219.058594 20687.080078 22951.148438
v -9286.860352 20728.804688 22974.138672
v -9174.521484 20589.861328 23096.234375
v -9174.521484 20602.505859 23042.107422
v -9174.521484 20616.613281 22964.763672
v -9174.521484 20621.927734 22926.355469
v -9222.222656 20700.029297 22853.794922
vn 0.000000 -1.000000 -0.000000
vn 0.158748 -0.987319 -0.000000
vn 0.321674 -0.946850 -0.000000
vn 0.465918 -0.884828 -0.000000
vn 0.612056 -0.790814 -0.000000
vn 0.737698 -0.675131 -0.000000
vn 0.834632 -0.550808 -0.000000
vn 0.914819 -0.403863 -0.000000
vn 0.966982 -0.254843 -0.000000
vn 0.992072 -0.125674 -0.000000
vn 1.000000 0.000000 -0.000000
vn 1.000000 0.000000 -0.000000
vn 1.000000 0.000000 -0.000000
vn 1.000000 0.000000 -0.000000
vn 1.000000 0.000000 -0.000000
vn 1.000000 0.000000 -0.000000
vn 1.000000 0.000000 -0.000000
vn 1.000000 0.000000 -0.000000
vn 1.000000 0.000000 -0.000000
vn 1.000000 0.000000 -0.000000
vn 1.000000 0.000000 -0.000000
vn 1.000000 -0.000000 -0.000000
vn 1.000000 -0.000000 -0.000000
vn 1.000000 -0.000000 -0.000000
vn 1.000000 -0.000000 -0.000000
vn 1.000000 -0.000000 -0.000000
vn 1.000000 -0.000000 -0.000000
vn 1.000000 -0.000000 -0.000000
vn 1.000000 -0.000000 -0.000000
vn 1.000000 -0.000000 -0.000000
vn 1.000000 -0.000000 -0.000000
vn 1.000000 -0.000000 -0.000000
vn 1.000000 -0.000000 -0.000000
vn 0.987319 0.158748 0.000000
vn 0.946850 0.321674 0.000000
vn 0.884828 0.465918 0.000000
vn 0.790814 0.612056 0.000000
vn 0.675131 0.737698 0.000000
vn 0.550808 0.834632 0.000000
vn 0.403863 0.914819 0.000000
vn 0.254843 0.966982 0.000000
vn 0.125674 0.992072 0.000000
vn 0.000000 1.000000 -0.000000
vn -0.000000 0.987522 0.157479
vn -0.000000 0.948912 0.315539
vn 0.000000 0.883905 0.467666
vn -0.000000 0.794399 0.607396
vn -0.000000 0.684302 0.729198
vn -0.000000 0.559004 0.829165
vn -0.000000 0.422634 0.906300
vn 0.000000 0.271961 0.962308
vn -0.000000 0.110594 0.993866
vn -0.000000 -0.055292 0.998470
vn -0.000000 -0.219093 0.975704
vn -0.000000 -0.374065 0.927402
vn -0.000000 -0.514841 0.857285
vn -0.000000 -0.643959 0.765060
vn -0.000000 -0.759760 0.650204
vn -0.000000 -0.856650 0.515899
vn -0.000000 -0.930137 0.367214
vn -0.000000 -0.977617 0.210391
vn -0.000000 -0.994514 0.104603
vn 0.387784 -0.920510 0.047790
vn 0.937373 -0.347106 0.029135
vn 0.368095 -0.889997 0.269093
vn 0.368095 -0.864668 0.341841
vn 0.707107 -0.657460 0.260282
vn 0.929788 -0.354548 0.098942
vn 0.368095 -0.833573 0.411900
vn 0.929788 -0.344338 0.130098
vn 0.929788 -0.332864 0.157147
vn 0.368095 -0.682460 0.631470
vn 0.707107 -0.550200 0.444162
vn 0.707107 -0.500000 0.500000
vn 0.368095 -0.628667 0.685043
vn 0.929788 -0.277250 0.242128
vn 0.929788 -0.259189 0.261371
vn 0.707107 -0.438026 0.555097
vn 0.929788 -0.240174 0.278944
vn 0.368095 -0.411392 0.833824
vn 0.368095 -0.345027 0.863402
vn 0.929788 -0.156091 0.333360
vn 0.368095 -0.273141 0.888763
vn 0.707107 -0.260282 0.657460
vn 0.929788 -0.132895 0.343268
vn 0.929788 -0.107994 0.351896
vn 0.707107 -0.046435 0.705580
vn 0.707107 -0.000000 0.707107
vn 0.368095 -0.025573 0.929437
vn 0.368095 0.050949 0.928391
vn 0.929788 -0.013908 0.367832
vn 0.929788 0.012507 0.367882
vn 0.707107 0.063233 0.704274
vn 0.368095 0.297677 0.880849
vn 0.929788 0.106626 0.352313
vn 0.368095 0.367695 0.853994
vn 0.707107 0.260282 0.657460
vn 0.929788 0.131611 0.343762
vn 0.707107 0.316613 0.632263
vn 0.929788 0.154895 0.333918
vn 0.368095 0.591177 0.717646
vn 0.368095 0.646939 0.667815
vn 0.929788 0.239140 0.279832
vn 0.368095 0.699624 0.612399
vn 0.707107 0.500000 0.500000
vn 0.929788 0.258200 0.262348
vn 0.929788 0.276317 0.243193
vn 0.368095 0.844550 0.388898
vn 0.368095 0.873766 0.317866
vn 0.707107 0.657460 0.260282
vn 0.929788 0.332263 0.158414
vn 0.929788 0.342774 0.134163
vn 0.707107 0.680845 0.190918
vn 0.929788 0.351551 0.109114
vn 0.348326 0.934529 0.072962
vn 0.921750 0.387191 0.021442
vn 0.368095 -0.922991 0.112224
vn 0.722581 -0.689700 0.046805
vn 0.707107 -0.700454 0.096769
vn 0.368095 -0.915683 0.161343
vn 0.707107 -0.694250 0.134227
vn 0.368095 -0.910983 0.186054
vn 0.929788 -0.363758 0.056340
vn 0.929788 -0.362112 0.066095
vn 0.707107 -0.679007 0.197358
vn 0.707107 -0.636709 0.307573
vn 0.707107 -0.612240 0.353783
vn 0.368095 -0.800810 0.472452
vn 0.368095 -0.783261 0.501008
vn 0.707107 -0.585136 0.397009
vn 0.929788 -0.320359 0.181283
vn 0.368095 -0.739122 0.564096
vn 0.929788 -0.313633 0.192687
vn 0.368095 -0.715019 0.594352
vn 0.929788 -0.298877 0.214863
vn 0.929788 -0.289699 0.227087
vn 0.368095 -0.587426 0.720720
vn 0.368095 -0.558243 0.743553
vn 0.707107 -0.392557 0.588132
vn 0.368095 -0.497554 0.785459
vn 0.707107 -0.351438 0.613589
vn 0.929788 -0.223433 0.292526
vn 0.368095 -0.470423 0.802003
vn 0.929788 -0.211626 0.301178
vn 0.929788 -0.190488 0.314973
vn 0.929788 -0.179641 0.321283
vn 0.707107 -0.306368 0.637290
vn 0.707107 -0.207590 0.675949
vn 0.707107 -0.154652 0.689987
vn 0.368095 -0.203533 0.907238
vn 0.368095 -0.170175 0.914083
vn 0.707107 -0.104029 0.699413
vn 0.929788 -0.080436 0.359199
vn 0.368095 -0.093849 0.925040
vn 0.929788 -0.067230 0.361903
vn 0.368095 -0.056230 0.928086
vn 0.929788 -0.041024 0.365802
vn 0.929788 -0.026087 0.367169
vn 0.368095 0.092974 0.925128
vn 0.368095 0.125993 0.921212
vn 0.707107 0.113524 0.697934
vn 0.929788 0.029038 0.366948
vn 0.368095 0.200967 0.907810
vn 0.707107 0.170710 0.686191
vn 0.929788 0.042041 0.365686
vn 0.368095 0.238668 0.898635
vn 0.929788 0.068351 0.361693
vn 0.929788 0.083247 0.358558
vn 0.707107 0.215613 0.673432
vn 0.368095 0.404666 0.837109
vn 0.368095 0.436972 0.820708
vn 0.707107 0.365114 0.605551
vn 0.368095 0.500058 0.783867
vn 0.707107 0.405743 0.579113
vn 0.929788 0.169410 0.326794
vn 0.368095 0.526656 0.766251
vn 0.929788 0.182066 0.319915
vn 0.929788 0.203497 0.306729
vn 0.929788 0.213918 0.299554
vn 0.707107 0.454506 0.541686
vn 0.707107 0.531435 0.466452
vn 0.707107 0.560564 0.431009
vn 0.368095 0.737860 0.565746
vn 0.368095 0.757912 0.538587
vn 0.707107 0.590319 0.389261
vn 0.929788 0.291506 0.224761
vn 0.368095 0.800030 0.473771
vn 0.707107 0.620501 0.339084
vn 0.929788 0.299475 0.214029
vn 0.368095 0.818897 0.440357
vn 0.929788 0.314151 0.191841
vn 0.929788 0.321812 0.178691
vn 0.707107 0.640294 0.300040
vn 0.368095 0.889043 0.272228
vn 0.368095 0.908326 0.198621
vn 0.707107 0.694105 0.134976
vn 0.368095 0.915578 0.161934
vn 0.707107 0.700683 0.095097
vn 0.368095 0.919829 0.135723
vn 0.929788 0.356670 0.090994
vn 0.929788 0.360072 0.076431
vn 0.929788 0.363868 0.055621
vn 0.929788 0.365298 0.045287
vn 0.691286 0.720980 0.048084
vt 0.000000 0.000000
vt 0.171767 0.000000
vt 0.343533 0.000000
vt 0.498123 0.000000
vt 0.665080 0.000000
vt 0.827362 0.000000
vt 0.977624 0.000000
vt 1.139906 0.000000
vt 1.297645 0.000000
vt 1.434220 0.000000
vt 1.570796 -0.000000
vt 1.570796 0.182960
vt 1.570796 0.361565
vt 1.570796 0.518712
vt 1.570796 0.657323
vt 1.570796 0.793346
vt 1.570796 0.926812
vt 1.570796 1.058279
vt 1.570796 1.193105
vt 1.570796 1.336075
vt 1.570796 1.487484
vt 1.570796 1.645773
vt 1.570796 1.797695
vt 1.570796 1.941086
vt 1.570796 2.076305
vt 1.570796 2.207750
vt 1.570796 2.341084
vt 1.570796 2.476970
vt 1.570796 2.615441
vt 1.570796 2.756578
vt 1.570796 2.900460
vt 1.570796 3.020061
vt 1.570796 3.141593
vt 1.399030 3.141593
vt 1.227263 3.141593
vt 1.072673 3.141593
vt 0.905716 3.141593
vt 0.743434 3.141593
vt 0.593172 3.141593
vt 0.430890 3.141593
vt 0.273152 3.141593
vt 0.136576 3.141593
vt 0.000000 3.141593
vt 0.000000 2.971172
vt 0.000000 2.804534
vt -0.000000 2.641552
vt 0.000000 2.482111
vt 0.000000 2.326090
vt -0.000000 2.173401
vt 0.000000 2.021875
vt -0.000000 1.861957
vt 0.000000 1.691246
vt 0.000000 1.510032
vt 0.000000 1.335271
vt 0.000000 1.171744
vt 0.000000 1.018433
vt 0.000000 0.866731
vt 0.000000 0.711843
vt -0.000000 0.553550
vt 0.000000 0.391762
vt 0.000000 0.226356
vt 0.000000 0.114028
vt 0.413681 0.057014
vt 1.199079 0.091480
vt 0.392699 0.309527
vt 0.392699 0.392231
vt 0.785398 0.392699
vt 1.178097 0.287830
vt 0.392699 0.473125
vt 1.178097 0.377132
vt 1.178097 0.455706
vt 0.392699 0.748621
vt 0.785398 0.684583
vt 0.785398 0.785398
vt 0.392699 0.826065
vt 1.178097 0.721361
vt 1.178097 0.789372
vt 0.785398 0.896771
vt 1.178097 0.856105
vt 0.392699 1.098265
vt 0.392699 1.174921
vt 1.178097 1.118188
vt 0.392699 1.256684
vt 0.785398 1.178097
vt 1.178097 1.185601
vt 1.178097 1.257086
vt 0.785398 1.498758
vt 0.785398 1.570796
vt 0.392699 1.540414
vt 0.392699 1.631021
vt 1.178097 1.529140
vt 1.178097 1.608284
vt 0.785398 1.668509
vt 0.392699 1.912726
vt 1.178097 1.880595
vt 0.392699 1.992685
vt 0.785398 1.963495
vt 1.178097 1.952291
vt 0.785398 2.049090
vt 1.178097 2.019900
vt 0.392699 2.264798
vt 0.392699 2.341142
vt 1.178097 2.281972
vt 0.392699 2.419153
vt 0.785398 2.356194
vt 1.178097 2.348639
vt 1.178097 2.416582
vt 0.392699 2.695223
vt 0.392699 2.776714
vt 0.785398 2.748893
vt 1.178097 2.682167
vt 1.178097 2.752736
vt 0.785398 2.852497
vt 1.178097 2.824677
vt 0.371717 3.056382
vt 1.157115 3.080827
vt 0.392699 0.131261
vt 0.806380 0.074247
vt 0.785398 0.148494
vt 0.392699 0.187425
vt 0.785398 0.204658
vt 0.392699 0.215507
vt 1.178097 0.165727
vt 1.178097 0.193809
vt 0.785398 0.298679
vt 0.785398 0.464415
vt 0.785398 0.536131
vt 0.392699 0.544841
vt 0.392699 0.579494
vt 0.785398 0.605437
vt 1.178097 0.527422
vt 0.392699 0.658640
vt 1.178097 0.562075
vt 0.392699 0.698213
vt 1.178097 0.631380
vt 1.178097 0.670953
vt 0.392699 0.881751
vt 0.392699 0.919677
vt 0.785398 0.972622
vt 0.392699 0.995528
vt 0.785398 1.038356
vt 1.178097 0.911791
vt 0.392699 1.028395
vt 1.178097 0.949717
vt 1.178097 1.015451
vt 1.178097 1.048318
vt 0.785398 1.108227
vt 0.785398 1.256885
vt 0.785398 1.335673
vt 0.392699 1.335472
vt 0.392699 1.373324
vt 0.785398 1.411378
vt 1.178097 1.335874
vt 0.392699 1.460705
vt 1.178097 1.373726
vt 0.392699 1.504395
vt 1.178097 1.449431
vt 1.178097 1.493121
vt 0.392699 1.679877
vt 0.392699 1.717858
vt 0.785398 1.744470
vt 1.178097 1.657141
vt 0.392699 1.803214
vt 0.785398 1.829826
vt 1.178097 1.695122
vt 0.392699 1.845891
vt 1.178097 1.771083
vt 1.178097 1.813761
vt 0.785398 1.896661
vt 0.392699 2.035483
vt 0.392699 2.073364
vt 0.785398 2.124853
vt 0.392699 2.149127
vt 0.785398 2.190575
vt 1.178097 2.062698
vt 0.392699 2.181988
vt 1.178097 2.100579
vt 1.178097 2.166301
vt 1.178097 2.199162
vt 0.785398 2.273385
vt 0.785398 2.417867
vt 0.785398 2.479540
vt 0.392699 2.480825
vt 0.392699 2.515443
vt 0.785398 2.548776
vt 1.178097 2.478255
vt 0.392699 2.595164
vt 0.785398 2.628497
vt 1.178097 2.512873
vt 0.392699 2.635025
vt 1.178097 2.582108
vt 1.178097 2.621969
vt 0.785398 2.688695
vt 0.392699 2.828515
vt 0.392699 2.911834
vt 0.785398 2.935816
vt 0.392699 2.953494
vt 0.785398 2.995617
vt 0.392699 2.983394
vt 1.178097 2.876478
vt 1.178097 2.918138
vt 1.178097 2.977939
vt 1.178097 3.007839
vt 0.764416 3.068605
f 839/839/839 777/777/777 778/778/778
f 839/839/839 778/778/778 779/779/779
f 839/839/839 779/779/779 780/780/780
f 839/839/839 780/780/780 781/781/781
f 839/839/839 838/838/838 777/777/777
f 840/840/840 784/784/784 785/785/785
f 840/840/840 785/785/785 786/786/786
f 840/840/840 786/786/786 787/787/787
f 840/840/840 787/787/787 788/788/788
f 841/841/841 836/836/836 837/837/837
f 842/842/842 841/841/841 843/843/843
f 842/842/842 836/836/836 841/841/841
f 844/844/844 788/788/788 789/789/789
f 845/845/845 836/836/836 842/842/842
f 845/845/845 835/835/835 836/836/836
f 846/846/846 844/844/844 789/789/789
f 847/847/847 789/789/789 790/790/790
f 847/847/847 843/843/843 846/846/846
f 847/847/847 846/846/846 789/789/789
f 848/848/848 849/849/849 850/850/850
f 851/851/851 848/848/848 850/850/850
f 851/851/851 834/834/834 848/848/848
f 851/851/851 833/833/833 834/834/834
f 852/852/852 791/791/791 792/792/792
f 852/852/852 850/850/850 849/849/849
f 853/853/853 852/852/852 792/792/792
f 853/853/853 850/850/850 852/852/852
f 854/854/854 851/851/851 850/850/850
f 855/855/855 792/792/792 793/793/793
f 855/855/855 853/853/853 792/792/792
f 855/855/855 850/850/850 853/853/853
f 855/855/855 854/854/854 850/850/850
f 856/856/856 831/831/831 832/832/832
f 857/857/857 831/831/831 856/856/856
f 858/858/858 794/794/794 795/795/795
f 859/859/859 857/857/857 860/860/860
f 859/859/859 831/831/831 857/857/857
f 859/859/859 830/830/830 831/831/831
f 861/861/861 860/860/860 858/858/858
f 861/861/861 858/858/858 795/795/795
f 862/862/862 861/861/861 795/795/795
f 862/862/862 795/795/795 796/796/796
f 863/863/863 864/864/864 865/865/865
f 866/866/866 865/865/865 864/864/864
f 866/866/866 829/829/829 865/865/865
f 866/866/866 828/828/828 829/829/829
f 867/867/867 797/797/797 798/798/798
f 867/867/867 864/864/864 863/863/863
f 868/868/868 867/867/867 798/798/798
f 868/868/868 864/864/864 867/867/867
f 869/869/869 866/866/866 864/864/864
f 869/869/869 864/864/864 868/868/868
f 870/870/870 826/826/826 827/827/827
f 871/871/871 799/799/799 800/800/800
f 872/872/872 870/870/870 873/873/873
f 872/872/872 826/826/826 870/870/870
f 874/874/874 871/871/871 800/800/800
f 875/875/875 872/872/872 873/873/873
f 876/876/876 800/800/800 801/801/801
f 876/876/876 874/874/874 800/800/800
f 876/876/876 873/873/873 874/874/874
f 876/876/876 875/875/875 873/873/873
f 877/877/877 824/824/824 825/825/825
f 878/878/878 824/824/824 877/877/877
f 879/879/879 802/802/802 803/803/803
f 880/880/880 823/823/823 824/824/824
f 880/880/880 824/824/824 878/878/878
f 880/880/880 878/878/878 881/881/881
f 882/882/882 879/879/879 803/803/803
f 882/882/882 881/881/881 879/879/879
f 883/883/883 803/803/803 804/804/804
f 883/883/883 882/882/882 803/803/803
f 883/883/883 881/881/881 882/882/882
f 884/884/884 821/821/821 822/822/822
f 885/885/885 884/884/884 886/886/886
f 885/885/885 821/821/821 884/884/884
f 887/887/887 805/805/805 806/806/806
f 888/888/888 887/887/887 806/806/806
f 889/889/889 885/885/885 886/886/886
f 890/890/890 888/888/888 806/806/806
f 890/890/890 889/889/889 886/886/886
f 890/890/890 806/806/806 807/807/807
f 890/890/890 886/886/886 888/888/888
f 891/891/891 815/815/815 816/816/816
f 891/891/891 816/816/816 817/817/817
f 891/891/891 817/817/817 818/818/818
f 891/891/891 818/818/818 819/819/819
f 891/891/891 819/819/819 820/820/820
f 892/892/892 808/808/808 809/809/809
f 892/892/892 809/809/809 810/810/810
f 892/892/892 810/810/810 811/811/811
f 892/892/892 811/811/811 812/812/812
f 892/892/892 812/812/812 813/813/813
f 893/893/893 838/838/838 839/839/839
f 894/894/894 781/781/781 782/782/782
f 894/894/894 893/893/893 839/839/839
f 894/894/894 782/782/782 783/783/783
f 894/894/894 783/783/783 784/784/784
f 894/894/894 895/895/895 893/893/893
f 894/894/894 839/839/839 781/781/781
f 894/894/894 840/840/840 895/895/895
f 894/894/894 784/784/784 840/840/840
f 896/896/896 893/893/893 895/895/895
f 896/896/896 838/838/838 893/893/893
f 896/896/896 837/837/837 838/838/838
f 896/896/896 895/895/895 897/897/897
f 898/898/898 837/837/837 896/896/896
f 898/898/898 896/896/896 897/897/897
f 898/898/898 841/841/841 837/837/837
f 899/899/899 840/840/840 788/788/788
f 899/899/899 895/895/895 840/840/840
f 899/899/899 897/897/897 895/895/895
f 900/900/900 897/897/897 899/899/899
f 900/900/900 788/788/788 844/844/844
f 900/900/900 844/844/844 897/897/897
f 900/900/900 899/899/899 788/788/788
f 901/901/901 843/843/843 841/841/841
f 901/901/901 844/844/844 846/846/846
f 901/901/901 898/898/898 897/897/897
f 901/901/901 841/841/841 898/898/898
f 901/901/901 897/897/897 844/844/844
f 901/901/901 846/846/846 843/843/843
f 902/902/902 842/842/842 843/843/843
f 902/902/902 903/903/903 845/845/845
f 902/902/902 845/845/845 842/842/842
f 902/902/902 843/843/843 847/847/847
f 904/904/904 845/845/845 903/903/903
f 904/904/904 835/835/835 845/845/845
f 905/905/905 835/835/835 904/904/904
f 905/905/905 904/904/904 903/903/903
f 905/905/905 903/903/903 906/906/906
f 907/907/907 903/903/903 902/902/902
f 907/907/907 902/902/902 847/847/847
f 907/907/907 847/847/847 790/790/790
f 908/908/908 835/835/835 905/905/905
f 908/908/908 834/834/834 835/835/835
f 908/908/908 905/905/905 906/906/906
f 908/908/908 906/906/906 849/849/849
f 909/909/909 790/790/790 791/791/791
f 909/909/909 907/907/907 790/790/790
f 909/909/909 906/906/906 903/903/903
f 909/909/909 903/903/903 907/907/907
f 910/910/910 849/849/849 848/848/848
f 910/910/910 848/848/848 834/834/834
f 910/910/910 908/908/908 849/849/849
f 910/910/910 834/834/834 908/908/908
f 911/911/911 909/909/909 791/791/791
f 911/911/911 906/906/906 909/909/909
f 911/911/911 849/849/849 906/906/906
f 912/912/912 911/911/911 791/791/791
f 912/912/912 852/852/852 849/849/849
f 912/912/912 849/849/849 911/911/911
f 912/912/912 791/791/791 852/852/852
f 913/913/913 833/833/833 851/851/851
f 913/913/913 851/851/851 854/854/854
f 914/914/914 854/854/854 915/915/915
f 914/914/914 832/832/832 833/833/833
f 914/914/914 913/913/913 854/854/854
f 914/914/914 833/833/833 913/913/913
f 916/916/916 915/915/915 917/917/917
f 916/916/916 914/914/914 915/915/915
f 916/916/916 832/832/832 914/914/914
f 918/918/918 855/855/855 793/793/793
f 918/918/918 854/854/854 855/855/855
f 919/919/919 917/917/917 856/856/856
f 919/919/919 856/856/856 832/832/832
f 919/919/919 916/916/916 917/917/917
f 919/919/919 832/832/832 916/916/916
f 920/920/920 915/915/915 854/854/854
f 920/920/920 854/854/854 918/918/918
f 920/920/920 918/918/918 793/793/793
f 921/921/921 917/917/917 915/915/915
f 921/921/921 793/793/793 794/794/794
f 921/921/921 915/915/915 920/920/920
f 921/921/921 920/920/920 793/793/793
f 922/922/922 921/921/921 794/794/794
f 922/922/922 794/794/794 858/858/858
f 922/922/922 917/917/917 921/921/921
f 923/923/923 922/922/922 858/858/858
f 923/923/923 917/917/917 922/922/922
f 923/923/923 856/856/856 917/917/917
f 923/923/923 860/860/860 857/857/857
f 923/923/923 858/858/858 860/860/860
f 923/923/923 857/857/857 856/856/856
f 924/924/924 859/859/859 860/860/860
f 924/924/924 860/860/860 861/861/861
f 924/924/924 861/861/861 862/862/862
f 924/924/924 862/862/862 925/925/925
f 926/926/926 924/924/924 925/925/925
f 926/926/926 859/859/859 924/924/924
f 926/926/926 830/830/830 859/859/859
f 927/927/927 830/830/830 926/926/926
f 927/927/927 925/925/925 928/928/928
f 927/927/927 926/926/926 925/925/925
f 929/929/929 925/925/925 862/862/862
f 929/929/929 862/862/862 796/796/796
f 930/930/930 830/830/830 927/927/927
f 930/930/930 927/927/927 928/928/928
f 930/930/930 928/928/928 863/863/863
f 930/930/930 829/829/829 830/830/830
f 931/931/931 929/929/929 796/796/796
f 931/931/931 925/925/925 929/929/929
f 931/931/931 928/928/928 925/925/925
f 932/932/932 829/829/829 930/930/930
f 932/932/932 930/930/930 863/863/863
f 932/932/932 865/865/865 829/829/829
f 932/932/932 863/863/863 865/865/865
f 933/933/933 931/931/931 796/796/796
f 933/933/933 796/796/796 797/797/797
f 933/933/933 928/928/928 931/931/931
f 933/933/933 863/863/863 928/928/928
f 934/934/934 797/797/797 867/867/867
f 934/934/934 933/933/933 797/797/797
f 934/934/934 863/863/863 933/933/933
f 934/934/934 867/867/867 863/863/863
f 935/935/935 866/866/866 869/869/869
f 935/935/935 828/828/828 866/866/866
f 936/936/936 869/869/869 937/937/937
f 936/936/936 828/828/828 935/935/935
f 936/936/936 935/935/935 869/869/869
f 938/938/938 868/868/868 798/798/798
f 938/938/938 869/869/869 868/868/868
f 939/939/939 936/936/936 937/937/937
f 939/939/939 828/828/828 936/936/936
f 939/939/939 937/937/937 940/940/940
f 939/939/939 827/827/827 828/828/828
f 941/941/941 798/798/798 799/799/799
f 941/941/941 937/937/937 869/869/869
f 941/941/941 869/869/869 938/938/938
f 941/941/941 938/938/938 798/798/798
f 942/942/942 827/827/827 939/939/939
f 942/942/942 939/939/939 940/940/940
f 942/942/942 870/870/870 827/827/827
f 943/943/943 941/941/941 799/799/799
f 943/943/943 937/937/937 941/941/941
f 943/943/943 940/940/940 937/937/937
f 944/944/944 799/799/799 871/871/871
f 944/944/944 943/943/943 799/799/799
f 944/944/944 940/940/940 943/943/943
f 944/944/944 871/871/871 940/940/940
f 945/945/945 942/942/942 940/940/940
f 945/945/945 870/870/870 942/942/942
f 945/945/945 873/873/873 870/870/870
f 945/945/945 940/940/940 871/871/871
f 945/945/945 874/874/874 873/873/873
f 945/945/945 871/871/871 874/874/874
f 946/946/946 826/826/826 872/872/872
f 946/946/946 872/872/872 875/875/875
f 947/947/947 826/826/826 946/946/946
f 947/947/947 825/825/825 826/826/826
f 947/947/947 946/946/946 875/875/875
f 947/947/947 875/875/875 948/948/948
f 949/949/949 825/825/825 947/947/947
f 949/949/949 947/947/947 948/948/948
f 949/949/949 948/948/948 950/950/950
f 951/951/951 876/876/876 801/801/801
f 951/951/951 875/875/875 876/876/876
f 952/952/952 949/949/949 950/950/950
f 952/952/952 825/825/825 949/949/949
f 952/952/952 877/877/877 825/825/825
f 952/952/952 950/950/950 877/877/877
f 953/953/953 951/951/951 801/801/801
f 953/953/953 948/948/948 875/875/875
f 953/953/953 875/875/875 951/951/951
f 954/954/954 801/801/801 802/802/802
f 954/954/954 953/953/953 801/801/801
f 954/954/954 950/950/950 948/948/948
f 954/954/954 948/948/948 953/953/953
f 955/955/955 954/954/954 802/802/802
f 955/955/955 802/802/802 879/879/879
f 955/955/955 950/950/950 954/954/954
f 956/956/956 877/877/877 950/950/950
f 956/956/956 878/878/878 877/877/877
f 956/956/956 881/881/881 878/878/878
f 956/956/956 879/879/879 881/881/881
f 956/956/956 955/955/955 879/879/879
f 956/956/956 950/950/950 955/955/955
f 957/957/957 880/880/880 881/881/881
f 957/957/957 881/881/881 883/883/883
f 957/957/957 958/958/958 880/880/880
f 959/959/959 823/823/823 880/880/880
f 959/959/959 880/880/880 958/958/958
f 960/960/960 959/959/959 958/958/958
f 960/960/960 823/823/823 959/959/959
f 960/960/960 958/958/958 961/961/961
f 962/962/962 883/883/883 804/804/804
f 962/962/962 957/957/957 883/883/883
f 962/962/962 958/958/958 957/957/957
f 963/963/963 822/822/822 823/823/823
f 963/963/963 823/823/823 960/960/960
f 963/963/963 960/960/960 961/961/961
f 963/963/963 961/961/961 964/964/964
f 965/965/965 804/804/804 805/805/805
f 965/965/965 962/962/962 804/804/804
f 965/965/965 958/958/958 962/962/962
f 965/965/965 961/961/961 958/958/958
f 966/966/966 822/822/822 963/963/963
f 966/966/966 884/884/884 822/822/822
f 966/966/966 963/963/963 964/964/964
f 967/967/967 961/961/961 965/965/965
f 967/967/967 965/965/965 805/805/805
f 967/967/967 964/964/964 961/961/961
f 968/968/968 887/887/887 964/964/964
f 968/968/968 805/805/805 887/887/887
f 968/968/968 967/967/967 805/805/805
f 968/968/968 964/964/964 967/967/967
f 969/969/969 964/964/964 887/887/887
f 969/969/969 886/886/886 884/884/884
f 969/969/969 966/966/966 964/964/964
f 969/969/969 884/884/884 966/966/966
f 969/969/969 887/887/887 888/888/888
f 969/969/969 888/888/888 886/886/886
f 970/970/970 821/821/821 885/885/885
f 970/970/970 885/885/885 889/889/889
f 971/971/971 821/821/821 970/970/970
f 971/971/971 970/970/970 889/889/889
f 971/971/971 820/820/820 821/821/821
f 971/971/971 889/889/889 972/972/972
f 973/973/973 820/820/820 971/971/971
f 973/973/973 972/972/972 974/974/974
f 973/973/973 971/971/971 972/972/972
f 975/975/975 820/820/820 973/973/973
f 975/975/975 974/974/974 891/891/891
f 975/975/975 973/973/973 974/974/974
f 975/975/975 891/891/891 820/820/820
f 976/976/976 889/889/889 890/890/890
f 976/976/976 890/890/890 807/807/807
f 976/976/976 972/972/972 889/889/889
f 977/977/977 976/976/976 807/807/807
f 977/977/977 972/972/972 976/976/976
f 978/978/978 974/974/974 972/972/972
f 978/978/978 807/807/807 808/808/808
f 978/978/978 977/977/977 807/807/807
f 978/978/978 972/972/972 977/977/977
f 979/979/979 974/974/974 978/978/978
f 979/979/979 978/978/978 808/808/808
f 979/979/979 808/808/808 892/892/892
f 980/980/980 891/891/891 974/974/974
f 980/980/980 892/892/892 813/813/813
f 980/980/980 974/974/974 979/979/979
f 980/980/980 813/813/813 814/814/814
f 980/980/980 814/814/814 815/815/815
f 980/980/980 979/979/979 892/892/892
f 980/980/980 815/815/815 891/891/891
v -5910.480469 20208.238281 13930.291992
v -5910.480469 20208.238281 20519.384766
v -5839.737793 20203.685547 20519.384766
v -5768.152832 20189.416016 20519.384766
v -5696.944336 20165.335938 20519.384766
v -5627.330078 20131.320312 20519.384766
v -5560.547363 20087.708984 20519.384766
v -5497.772461 20035.171875 20519.384766
v -5440.033203 19974.677734 20519.384766
v -5388.187988 19907.453125 20519.384766
v -5329.237305 19809.742188 20519.384766
v -5276.986816 19691.181641 20519.384766
v -5238.569824 19560.574219 20519.384766
v -5215.952637 19420.595703 20519.384766
v -5210.927734 19276.392578 20519.384766
v -5223.806152 19133.423828 20519.384766
v -5253.731934 18996.896484 20519.384766
v -5298.235352 18871.830078 20519.384766
v -5356.960938 18757.345703 20519.384766
v -5430.636719 18652.972656 20519.384766
v -5517.812500 18563.189453 20519.384766
v -5605.409180 18498.212891 20519.384766
v -5689.348145 18454.332031 20519.384766
v -5775.836914 18425.068359 20519.384766
v -5843.564941 18412.304688 20519.384766
v -5910.480469 18408.244141 20519.384766
v -5910.480469 18408.244141 13930.291992
v -5839.737793 18412.796875 13930.291992
v -5768.152832 18427.066406 13930.291992
v -5696.944336 18451.146484 13930.291992
v -5627.330078 18485.162109 13930.291992
v -5560.547363 18528.773438 13930.291992
v -5497.772461 18581.310547 13930.291992
v -5440.033203 18641.804688 13930.291992
v -5388.187988 18709.027344 13930.291992
v -5329.237305 18806.740234 13930.291992
v -5276.986816 18925.300781 13930.291992
v -5238.569824 19055.906250 13930.291992
v -5215.952637 19195.886719 13930.291992
v -5210.927734 19340.089844 13930.291992
v -5223.806152 19483.056641 13930.291992
v -5253.731934 19619.585938 13930.291992
v -5298.235352 19744.652344 13930.291992
v -5356.960938 19859.136719 13930.291992
v -5430.636719 19963.509766 13930.291992
v -5517.812500 20053.292969 13930.291992
v -5605.409180 20118.269531 13930.291992
v -5689.348145 20162.150391 13930.291992
v -5775.836914 20191.414062 13930.291992
v -5843.564941 20204.177734 13930.291992
vn 0.000000 1.000000 -0.000000
vn 0.000000 1.000000 -0.000000
vn 0.129525 0.991576 -0.000000
vn 0.257950 0.966158 -0.000000
vn 0.380806 0.924655 -0.000000
vn 0.494334 0.869272 -0.000000
vn 0.595942 0.803027 -0.000000
vn 0.684331 0.729171 -0.000000
vn 0.759325 0.650712 -0.000000
vn 0.821529 0.570167 -0.000000
vn 0.886511 0.462707 -0.000000
vn 0.939173 0.343446 -0.000000
vn 0.975156 0.221521 -0.000000
vn 0.995238 0.097476 -0.000000
vn 0.999624 -0.027405 0.000000
vn 0.988338 -0.152276 0.000000
vn 0.961257 -0.275654 0.000000
vn 0.918260 -0.395978 0.000000
vn 0.856715 -0.515790 0.000000
vn 0.770956 -0.636889 0.000000
vn 0.656888 -0.753988 0.000000
vn 0.528515 -0.848924 0.000000
vn 0.393538 -0.919308 0.000000
vn 0.244362 -0.969684 0.000000
vn 0.122563 -0.992461 0.000000
vn -0.000000 -1.000000 0.000000
vn -0.000000 -1.000000 0.000000
vn 0.129525 -0.991576 0.000000
vn 0.257950 -0.966158 0.000000
vn 0.380806 -0.924655 0.000000
vn 0.494334 -0.869272 0.000000
vn 0.595942 -0.803027 0.000000
vn 0.684331 -0.729171 0.000000
vn 0.759325 -0.650712 0.000000
vn 0.821529 -0.570167 0.000000
vn 0.886511 -0.462707 0.000000
vn 0.939173 -0.343446 0.000000
vn 0.975156 -0.221521 0.000000
vn 0.995238 -0.097476 0.000000
vn 0.999624 0.027405 -0.000000
vn 0.988338 0.152276 -0.000000
vn 0.961257 0.275654 -0.000000
vn 0.918260 0.395978 -0.000000
vn 0.856715 0.515790 -0.000000
vn 0.770956 0.636889 -0.000000
vn 0.656888 0.753988 -0.000000
vn 0.528515 0.848924 -0.000000
vn 0.393538 0.919308 -0.000000
vn 0.244362 0.969684 -0.000000
vn 0.122563 0.992461 -0.000000
vt -6.589092 -0.000000
vt 0.000000 -0.000000
vt 0.000000 0.099219
vt 0.000000 0.197008
vt 0.000000 0.293398
vt 0.000000 0.388418
vt 0.000000 0.482097
vt 0.000000 0.574463
vt 0.000000 0.665552
vt 0.000000 0.755369
vt 0.000000 0.873214
vt 0.000000 1.004972
vt 0.000000 1.143720
vt 0.000000 1.291501
vt 0.000000 1.448682
vt 0.000000 1.602172
vt 0.000000 1.745974
vt 0.000000 1.880817
vt 0.000000 2.012342
vt 0.000000 2.146271
vt 0.000000 2.283050
vt 0.000000 2.408631
vt 0.000000 2.523728
vt 0.000000 2.640841
vt 0.000000 2.733492
vt 0.000000 2.827425
vt -6.589092 2.827425
vt -6.589092 2.728206
vt -6.589092 2.630417
vt -6.589092 2.534028
vt -6.589092 2.439007
vt -6.589092 2.345328
vt -6.589092 2.252962
vt -6.589092 2.161874
vt -6.589092 2.072057
vt -6.589092 1.954211
vt -6.589092 1.822453
vt -6.589092 1.683705
vt -6.589092 1.535924
vt -6.589092 1.378743
vt -6.589092 1.225253
vt -6.589092 1.081451
vt -6.589092 0.946608
vt -6.589092 0.815083
vt -6.589092 0.681155
vt -6.589092 0.544375
vt -6.589092 0.418794
vt -6.589092 0.303697
vt -6.589092 0.186583
vt -6.589092 0.093933
f 982/982/982 1030/1030/1030 981/981/981
f 983/983/983 1029/1029/1029 1030/1030/1030
f 983/983/983 1030/1030/1030 982/982/982
f 984/984/984 1029/1029/1029 983/983/983
f 984/984/984 1028/1028/1028 1029/1029/1029
f 985/985/985 1028/1028/1028 984/984/984
f 986/986/986 1027/1027/1027 1028/1028/1028
f 986/986/986 1028/1028/1028 985/985/985
f 987/987/987 1027/1027/1027 986/986/986
f 987/987/987 1026/1026/1026 1027/1027/1027
f 988/988/988 1026/1026/1026 987/987/987
f 988/988/988 1025/1025/1025 1026/1026/1026
f 989/989/989 1025/1025/1025 988/988/988
f 990/990/990 1024/1024/1024 1025/1025/1025
f 990/990/990 1025/1025/1025 989/989/989
f 991/991/991 1024/1024/1024 990/990/990
f 991/991/991 1023/1023/1023 1024/1024/1024
f 992/992/992 1023/1023/1023 991/991/991
f 992/992/992 1022/1022/1022 1023/1023/1023
f 993/993/993 1022/1022/1022 992/992/992
f 993/993/993 1021/1021/1021 1022/1022/1022
f 994/994/994 1021/1021/1021 993/993/993
f 994/994/994 1020/1020/1020 1021/1021/1021
f 995/995/995 1020/1020/1020 994/994/994
f 995/995/995 1019/1019/1019 1020/1020/1020
f 996/996/996 1019/1019/1019 995/995/995
f 996/996/996 1018/1018/1018 1019/1019/1019
f 997/997/997 1018/1018/1018 996/996/996
f 997/997/997 1017/1017/1017 1018/1018/1018
f 998/998/998 1017/1017/1017 997/997/997
f 998/998/998 1016/1016/1016 1017/1017/1017
f 999/999/999 1015/1015/1015 1016/1016/1016
f 999/999/999 1016/1016/1016 998/998/998
f 1000/1000/1000 1013/1013/1013 1014/1014/1014
f 1000/1000/1000 1015/1015/1015 999/999/999
f 1000/1000/1000 1014/1014/1014 1015/1015/1015
f 1001/1001/1001 1013/1013/1013 1000/1000/1000
f 1001/1001/1001 1012/1012/1012 1013/1013/1013
f 1002/1002/1002 1011/1011/1011 1012/1012/1012
f 1002/1002/1002 1012/1012/1012 1001/1001/1001
f 1003/1003/1003 1011/1011/1011 1002/1002/1002
f 1003/1003/1003 1009/1009/1009 1010/1010/1010
f 1003/1003/1003 1010/1010/1010 1011/1011/1011
f 1004/1004/1004 1009/1009/1009 1003/1003/1003
f 1004/1004/1004 1008/1008/1008 1009/1009/1009
f 1005/1005/1005 1007/1007/1007 1008/1008/1008
f 1005/1005/1005 1008/1008/1008 1004/1004/1004
f 1006/1006/1006 1007/1007/1007 1005/1005/1005
v -5910.480469 18408.244141 13930.291992
v -5982.141113 18412.935547 13930.291992
v -6055.766113 18427.859375 13930.291992
v -6130.000000 18453.644531 13930.291992
v -6203.470215 18490.875000 13930.291992
v -6274.600098 18539.595703 13930.291992
v -6341.791504 18599.384766 13930.291992
v -6403.518066 18669.373047 13930.291992
v -6458.440430 18748.205078 13930.291992
v -6505.502441 18834.185547 13930.291992
v -6543.973145 18925.371094 13930.291992
v -6581.391113 19051.458984 13930.291992
v -6604.812988 19194.271484 13930.291992
v -6610.274414 19332.650391 13930.291992
v -6598.657227 19472.802734 13930.291992
v -6568.313477 19615.902344 13930.291992
v -6517.931641 19755.468750 13930.291992
v -6448.012695 19884.744141 13930.291992
v -6360.893555 19997.173828 13930.291992
v -6271.065918 20079.636719 13930.291992
v -6184.100586 20136.630859 13930.291992
v -6094.312988 20176.638672 13930.291992
v -6004.391113 20200.115234 13930.291992
v -5956.914551 20206.312500 13930.291992
v -5910.480469 20208.238281 13930.291992
v -5839.737793 20203.685547 13930.291992
v -5768.152832 20189.416016 13930.291992
v -5696.944336 20165.335938 13930.291992
v -5627.330078 20131.320312 13930.291992
v -5560.547363 20087.708984 13930.291992
v -5497.772461 20035.171875 13930.291992
v -5440.033203 19974.677734 13930.291992
v -5388.187988 19907.453125 13930.291992
v -5329.237305 19809.742188 13930.291992
v -5276.986816 19691.181641 13930.291992
v -5238.569824 19560.574219 13930.291992
v -5215.952637 19420.595703 13930.291992
v -5210.927734 19276.392578 13930.291992
v -5223.806152 19133.423828 13930.291992
v -5253.731934 18996.896484 13930.291992
v -5298.235352 18871.830078 13930.291992
v -5356.960938 18757.345703 13930.291992
v -5430.636719 18652.972656 13930.291992
v -5517.812500 18563.189453 13930.291992
v -5605.409180 18498.212891 13930.291992
v -5689.348145 18454.332031 13930.291992
v -5775.836914 18425.068359 13930.291992
v -5843.564941 18412.304688 13930.291992
v -6001.450684 19308.240234 13930.291992
v -5996.452637 19278.501953 13930.291992
v -5986.997070 19259.041016 13930.291992
v -5974.409668 19243.521484 13930.291992
v -5959.835449 19231.822266 13930.291992
v -5944.946289 19224.052734 13930.291992
v -5916.705566 19217.482422 13930.291992
v -5893.677734 19218.837891 13930.291992
v -5873.996582 19224.908203 13930.291992
v -5858.391113 19233.660156 13930.291992
v -5836.815918 19254.863281 13930.291992
v -5823.613770 19281.226562 13930.291992
v -5819.509766 19308.240234 13930.291992
v -5824.508301 19337.980469 13930.291992
v -5833.963867 19357.441406 13930.291992
v -5846.551270 19372.960938 13930.291992
v -5861.125000 19384.658203 13930.291992
v -5876.014160 19392.429688 13930.291992
v -5904.254883 19399.000000 13930.291992
v -5927.282715 19397.644531 13930.291992
v -5946.964355 19391.574219 13930.291992
v -5962.569336 19382.822266 13930.291992
v -5984.145020 19361.619141 13930.291992
v -5997.346680 19335.255859 13930.291992
vn 0.000000 0.000000 -1.000000
vn 0.000000 0.000000 -1.000000
vn 0.000000 0.000000 -1.000000
vn 0.000000 0.000000 -1.000000
vn 0.000000 0.000000 -1.000000
vn 0.000000 0.000000 -1.000000
vn 0.000000 0.000000 -1.000000
vn 0.000000 0.000000 -1.000000
vn 0.000000 0.000000 -1.000000
vn 0.000000 0.000000 -1.000000
vn 0.000000 0.000000 -1.000000
vn 0.000000 0.000000 -1.000000
vn 0.000000 0.000000 -1.000000
vn 0.000000 0.000000 -1.000000
vn 0.000000 0.000000 -1.000000
vn 0.000000 0.000000 -1.000000
vn 0.000000 0.000000 -1.000000
vn 0.000000 0.000000 -1.000000
vn 0.000000 0.000000 -1.000000
vn 0.000000 0.000000 -1.000000
vn 0.000000 0.000000 -1.000000
vn 0.000000 0.000000 -1.000000
vn 0.000000 0.000000 -1.000000
vn 0.000000 0.000000 -1.000000
vn 0.000000 0.000000 -1.000000
vn 0.000000 0.000000 -1.000000
vn 0.000000 0.000000 -1.000000
vn 0.000000 0.000000 -1.000000
vn 0.000000 0.000000 -1.000000
vn 0.000000 0.000000 -1.000000
vn 0.000000 0.000000 -1.000000
vn 0.000000 0.000000 -1.000000
vn 0.000000 0.000000 -1.000000
vn 0.000000 0.000000 -1.000000
vn 0.000000 0.000000 -1.000000
vn 0.000000 0.000000 -1.000000
vn 0.000000 0.000000 -1.000000
vn 0.000000 0.000000 -1.000000
vn 0.000000 0.000000 -1.000000
vn 0.000000 0.000000 -1.000000
vn 0.000000 0.000000 -1.000000
vn 0.000000 0.000000 -1.000000
vn 0.000000 0.000000 -1.000000
vn 0.000000 0.000000 -1.000000
vn 0.000000 0.000000 -1.000000
vn 0.000000 0.000000 -1.000000
vn 0.000000 0.000000 -1.000000
vn 0.000000 0.000000 -1.000000
vn 0.000000 0.000000 -1.000000
vn 0.000000 0.000000 -1.000000
vn 0.000000 0.000000 -1.000000
vn 0.000000 0.000000 -1.000000
vn 0.000000 0.000000 -1.000000
vn 0.000000 0.000000 -1.000000
vn 0.000000 0.000000 -1.000000
vn 0.000000 0.000000 -1.000000
vn 0.000000 0.000000 -1.000000
vn 0.000000 0.000000 -1.000000
vn 0.000000 0.000000 -1.000000
vn 0.000000 0.000000 -1.000000
vn 0.000000 0.000000 -1.000000
vn 0.000000 0.000000 -1.000000
vn 0.000000 0.000000 -1.000000
vn 0.000000 0.000000 -1.000000
vn 0.000000 0.000000 -1.000000
vn 0.000000 0.000000 -1.000000
vn 0.000000 0.000000 -1.000000
vn 0.000000 0.000000 -1.000000
vn 0.000000 0.000000 -1.000000
vn 0.000000 0.000000 -1.000000
vn 0.000000 0.000000 -1.000000
vn 0.000000 0.000000 -1.000000
vt 0.700000 1.799995
vt 0.628339 1.795303
vt 0.554714 1.780379
vt 0.480480 1.754595
vt 0.407010 1.717364
vt 0.335880 1.668643
vt 0.268689 1.608855
vt 0.206962 1.538866
vt 0.152040 1.460033
vt 0.104978 1.374053
vt 0.066507 1.282868
vt 0.029089 1.156780
vt 0.005667 1.013967
vt 0.000206 0.875589
vt 0.011823 0.735436
vt 0.042166 0.592336
vt 0.092549 0.452769
vt 0.162468 0.323495
vt 0.249586 0.211064
vt 0.339414 0.128601
vt 0.426379 0.071608
vt 0.516167 0.031600
vt 0.606089 0.008124
vt 0.653565 0.001925
vt 0.700000 0.000000
vt 0.770742 0.004552
vt 0.842327 0.018823
vt 0.913536 0.042902
vt 0.983150 0.076918
vt 1.049933 0.120530
vt 1.112708 0.173067
vt 1.170447 0.233561
vt 1.222292 0.300784
vt 1.281243 0.398497
vt 1.333493 0.517057
vt 1.371910 0.647663
vt 1.394527 0.787642
vt 1.399552 0.931846
vt 1.386674 1.074814
vt 1.356748 1.211342
vt 1.312245 1.336409
vt 1.253519 1.450893
vt 1.179843 1.555266
vt 1.092668 1.645048
vt 1.005071 1.710026
vt 0.921132 1.753906
vt 0.834643 1.783170
vt 0.766915 1.795933
vt 0.609029 0.899997
vt 0.614027 0.929737
vt 0.623483 0.949198
vt 0.636070 0.964717
vt 0.650645 0.976415
vt 0.665534 0.984186
vt 0.693774 0.990756
vt 0.716802 0.989400
vt 0.736483 0.983331
vt 0.752089 0.974578
vt 0.773664 0.953375
vt 0.786866 0.927012
vt 0.790970 0.899997
vt 0.785972 0.870258
vt 0.776516 0.850796
vt 0.763929 0.835278
vt 0.749355 0.823579
vt 0.734466 0.815808
vt 0.706225 0.809239
vt 0.683197 0.810595
vt 0.663516 0.816664
vt 0.647911 0.825416
vt 0.626335 0.846620
vt 0.613133 0.872982
f 1101/1101/1101 1046/1046/1046 1047/1047/1047
f 1100/1100/1100 1101/1101/1101 1047/1047/1047
f 1100/1100/1100 1047/1047/1047 1048/1048/1048
f 1099/1099/1099 1048/1048/1048 1049/1049/1049
f 1099/1099/1099 1049/1049/1049 1050/1050/1050
f 1099/1099/1099 1100/1100/1100 1048/1048/1048
f 1102/1102/1102 1046/1046/1046 1101/1101/1101
f 1102/1102/1102 1044/1044/1044 1045/1045/1045
f 1102/1102/1102 1045/1045/1045 1046/1046/1046
f 1098/1098/1098 1099/1099/1099 1050/1050/1050
f 1098/1098/1098 1050/1050/1050 1051/1051/1051
f 1098/1098/1098 1051/1051/1051 1052/1052/1052
f 1098/1098/1098 1052/1052/1052 1053/1053/1053
f 1079/1079/1079 1043/1043/1043 1044/1044/1044
f 1079/1079/1079 1044/1044/1044 1102/1102/1102
f 1097/1097/1097 1098/1098/1098 1053/1053/1053
f 1097/1097/1097 1053/1053/1053 1054/1054/1054
f 1097/1097/1097 1054/1054/1054 1055/1055/1055
f 1097/1097/1097 1055/1055/1055 1056/1056/1056
f 1097/1097/1097 1056/1056/1056 1057/1057/1057
f 1097/1097/1097 1057/1057/1057 1058/1058/1058
f 1097/1097/1097 1058/1058/1058 1059/1059/1059
f 1097/1097/1097 1059/1059/1059 1060/1060/1060
f 1080/1080/1080 1042/1042/1042 1043/1043/1043
f 1080/1080/1080 1043/1043/1043 1079/1079/1079
f 1096/1096/1096 1060/1060/1060 1061/1061/1061
f 1096/1096/1096 1061/1061/1061 1062/1062/1062
f 1096/1096/1096 1062/1062/1062 1063/1063/1063
f 1096/1096/1096 1097/1097/1097 1060/1060/1060
f 1081/1081/1081 1041/1041/1041 1042/1042/1042
f 1081/1081/1081 1042/1042/1042 1080/1080/1080
f 1095/1095/1095 1096/1096/1096 1063/1063/1063
f 1082/1082/1082 1040/1040/1040 1041/1041/1041
f 1082/1082/1082 1041/1041/1041 1081/1081/1081
f 1083/1083/1083 1039/1039/1039 1040/1040/1040
f 1083/1083/1083 1040/1040/1040 1082/1082/1082
f 1064/1064/1064 1095/1095/1095 1063/1063/1063
f 1064/1064/1064 1094/1094/1094 1095/1095/1095
f 1038/1038/1038 1083/1083/1083 1084/1084/1084
f 1038/1038/1038 1039/1039/1039 1083/1083/1083
f 1065/1065/1065 1094/1094/1094 1064/1064/1064
f 1065/1065/1065 1093/1093/1093 1094/1094/1094
f 1037/1037/1037 1038/1038/1038 1084/1084/1084
f 1036/1036/1036 1084/1084/1084 1085/1085/1085
f 1036/1036/1036 1037/1037/1037 1084/1084/1084
f 1066/1066/1066 1092/1092/1092 1093/1093/1093
f 1066/1066/1066 1093/1093/1093 1065/1065/1065
f 1035/1035/1035 1036/1036/1036 1085/1085/1085
f 1067/1067/1067 1092/1092/1092 1066/1066/1066
f 1067/1067/1067 1091/1091/1091 1092/1092/1092
f 1034/1034/1034 1035/1035/1035 1085/1085/1085
f 1068/1068/1068 1090/1090/1090 1091/1091/1091
f 1068/1068/1068 1091/1091/1091 1067/1067/1067
f 1033/1033/1033 1034/1034/1034 1085/1085/1085
f 1032/1032/1032 1033/1033/1033 1085/1085/1085
f 1069/1069/1069 1090/1090/1090 1068/1068/1068
f 1031/1031/1031 1032/1032/1032 1085/1085/1085
f 1078/1078/1078 1031/1031/1031 1085/1085/1085
f 1070/1070/1070 1089/1089/1089 1090/1090/1090
f 1070/1070/1070 1090/1090/1090 1069/1069/1069
f 1077/1077/1077 1085/1085/1085 1086/1086/1086
f 1077/1077/1077 1078/1078/1078 1085/1085/1085
f 1071/1071/1071 1089/1089/1089 1070/1070/1070
f 1071/1071/1071 1088/1088/1088 1089/1089/1089
f 1076/1076/1076 1077/1077/1077 1086/1086/1086
f 1072/1072/1072 1088/1088/1088 1071/1071/1071
f 1075/1075/1075 1076/1076/1076 1086/1086/1086
f 1073/1073/1073 1088/1088/1088 1072/1072/1072
f 1073/1073/1073 1087/1087/1087 1088/1088/1088
f 1074/1074/1074 1075/1075/1075 1086/1086/1086
f 1074/1074/1074 1087/1087/1087 1073/1073/1073
f 1074/1074/1074 1086/1086/1086 1087/1087/1087
v -5910.480469 20208.238281 20519.384766
v -5910.480469 20208.238281 13930.291992
v -5982.141113 20203.546875 13930.291992
v -6055.766113 20188.623047 13930.291992
v -6130.000000 20162.837891 13930.291992
v -6203.470215 20125.607422 13930.291992
v -6274.600098 20076.886719 13930.291992
v -6341.791504 20017.097656 13930.291992
v -6403.518066 19947.109375 13930.291992
v -6458.440430 19868.277344 13930.291992
v -6505.502441 19782.296875 13930.291992
v -6543.973145 19691.111328 13930.291992
v -6581.391113 19565.023438 13930.291992
v -6604.812988 19422.210938 13930.291992
v -6610.274414 19283.832031 13930.291992
v -6598.657227 19143.679688 13930.291992
v -6568.313477 19000.580078 13930.291992
v -6517.931641 18861.013672 13930.291992
v -6448.012695 18731.738281 13930.291992
v -6360.893555 18619.308594 13930.291992
v -6271.065918 18536.845703 13930.291992
v -6184.100586 18479.851562 13930.291992
v -6094.312988 18439.843750 13930.291992
v -6004.391113 18416.367188 13930.291992
v -5956.914551 18410.169922 13930.291992
v -5910.480469 18408.244141 13930.291992
v -5910.480469 18408.244141 20519.384766
v -5982.141113 18412.935547 20519.384766
v -6055.766113 18427.859375 20519.384766
v -6130.000000 18453.644531 20519.384766
v -6203.470215 18490.875000 20519.384766
v -6274.600098 18539.595703 20519.384766
v -6341.791504 18599.384766 20519.384766
v -6403.518066 18669.373047 20519.384766
v -6458.440430 18748.205078 20519.384766
v -6505.502441 18834.185547 20519.384766
v -6543.973145 18925.371094 20519.384766
v -6581.391113 19051.458984 20519.384766
v -6604.812988 19194.271484 20519.384766
v -6610.274414 19332.650391 20519.384766
v -6598.657227 19472.802734 20519.384766
v -6568.313477 19615.902344 20519.384766
v -6517.931641 19755.468750 20519.384766
v -6448.012695 19884.744141 20519.384766
v -6360.893555 19997.173828 20519.384766
v -6271.065918 20079.636719 20519.384766
v -6184.100586 20136.630859 20519.384766
v -6094.312988 20176.638672 20519.384766
v -6004.391113 20200.115234 20519.384766
v -5956.914551 20206.312500 20519.384766
vn -0.000000 1.000000 0.000000
vn -0.000000 1.000000 0.000000
vn -0.131218 0.991354 0.000000
vn -0.263152 0.964754 0.000000
vn -0.390844 0.920457 0.000000
vn -0.509773 0.860309 0.000000
vn -0.616534 0.787328 0.000000
vn -0.709154 0.705053 0.000000
vn -0.787022 0.616925 0.000000
vn -0.850561 0.525876 0.000000
vn -0.900834 0.434164 0.000000
vn -0.939195 0.343385 0.000000
vn -0.974232 0.225549 0.000000
vn -0.995101 0.098866 0.000000
vn -0.999779 -0.021002 0.000000
vn -0.989694 -0.143200 0.000000
vn -0.962233 -0.272228 0.000000
vn -0.913494 -0.406852 0.000000
vn -0.838905 -0.544278 0.000000
vn -0.733993 -0.679157 0.000000
vn -0.611437 -0.791293 0.000000
vn -0.479229 -0.877690 0.000000
vn -0.330280 -0.943883 0.000000
vn -0.171499 -0.985184 0.000000
vn -0.085234 -0.996361 0.000000
vn -0.000000 -1.000000 0.000000
vn 0.000000 -1.000000 0.000000
vn -0.131218 -0.991354 0.000000
vn -0.263152 -0.964754 0.000000
vn -0.390844 -0.920457 0.000000
vn -0.509773 -0.860309 0.000000
vn -0.616534 -0.787328 0.000000
vn -0.709154 -0.705053 0.000000
vn -0.787022 -0.616925 0.000000
vn -0.850561 -0.525876 0.000000
vn -0.900834 -0.434164 0.000000
vn -0.939195 -0.343385 0.000000
vn -0.974232 -0.225549 0.000000
vn -0.995101 -0.098866 0.000000
vn -0.999779 0.021002 0.000000
vn -0.989694 0.143200 0.000000
vn -0.962233 0.272228 0.000000
vn -0.913494 0.406852 0.000000
vn -0.838905 0.544278 0.000000
vn -0.733993 0.679157 0.000000
vn -0.611437 0.791293 0.000000
vn -0.479229 0.877690 0.000000
vn -0.330280 0.943883 0.000000
vn -0.171499 0.985184 0.000000
vn -0.085234 0.996361 0.000000
vt 0.000000 5.654850
vt -6.589092 5.654850
vt -6.589092 5.554346
vt -6.589092 5.453842
vt -6.589092 5.353338
vt -6.589092 5.252835
vt -6.589092 5.152331
vt -6.589092 5.051827
vt -6.589092 4.951323
vt -6.589092 4.850819
vt -6.589092 4.750315
vt -6.589092 4.649811
vt -6.589092 4.515806
vt -6.589092 4.365050
vt -6.589092 4.214294
vt -6.589092 4.063539
vt -6.589092 3.912783
vt -6.589092 3.762027
vt -6.589092 3.611271
vt -6.589092 3.460515
vt -6.589092 3.324835
vt -6.589092 3.202723
vt -6.589092 3.080611
vt -6.589092 2.958498
vt -6.589092 2.892962
vt -6.589092 2.827425
vt 0.000000 2.827425
vt 0.000000 2.927929
vt 0.000000 3.028433
vt 0.000000 3.128937
vt 0.000000 3.229441
vt 0.000000 3.329945
vt 0.000000 3.430449
vt 0.000000 3.530952
vt 0.000000 3.631456
vt 0.000000 3.731960
vt 0.000000 3.832464
vt 0.000000 3.966469
vt 0.000000 4.117225
vt 0.000000 4.267981
vt 0.000000 4.418737
vt 0.000000 4.569492
vt 0.000000 4.720248
vt 0.000000 4.871004
vt 0.000000 5.021760
vt 0.000000 5.157440
vt 0.000000 5.279552
vt 0.000000 5.401665
vt 0.000000 5.523777
vt 0.000000 5.589314
f 1129/1129/1129 1127/1127/1127 1128/1128/1128
f 1130/1130/1130 1126/1126/1126 1127/1127/1127
f 1130/1130/1130 1127/1127/1127 1129/1129/1129
f 1131/1131/1131 1126/1126/1126 1130/1130/1130
f 1131/1131/1131 1125/1125/1125 1126/1126/1126
f 1132/1132/1132 1125/1125/1125 1131/1131/1131
f 1132/1132/1132 1124/1124/1124 1125/1125/1125
f 1133/1133/1133 1124/1124/1124 1132/1132/1132
f 1133/1133/1133 1123/1123/1123 1124/1124/1124
f 1134/1134/1134 1123/1123/1123 1133/1133/1133
f 1135/1135/1135 1122/1122/1122 1123/1123/1123
f 1135/1135/1135 1123/1123/1123 1134/1134/1134
f 1136/1136/1136 1122/1122/1122 1135/1135/1135
f 1136/1136/1136 1121/1121/1121 1122/1122/1122
f 1137/1137/1137 1121/1121/1121 1136/1136/1136
f 1138/1138/1138 1120/1120/1120 1121/1121/1121
f 1138/1138/1138 1121/1121/1121 1137/1137/1137
f 1139/1139/1139 1120/1120/1120 1138/1138/1138
f 1139/1139/1139 1119/1119/1119 1120/1120/1120
f 1140/1140/1140 1118/1118/1118 1119/1119/1119
f 1140/1140/1140 1119/1119/1119 1139/1139/1139
f 1141/1141/1141 1118/1118/1118 1140/1140/1140
f 1141/1141/1141 1117/1117/1117 1118/1118/1118
f 1142/1142/1142 1116/1116/1116 1117/1117/1117
f 1142/1142/1142 1117/1117/1117 1141/1141/1141
f 1143/1143/1143 1115/1115/1115 1116/1116/1116
f 1143/1143/1143 1116/1116/1116 1142/1142/1142
f 1144/1144/1144 1114/1114/1114 1115/1115/1115
f 1144/1144/1144 1115/1115/1115 1143/1143/1143
f 1145/1145/1145 1113/1113/1113 1114/1114/1114
f 1145/1145/1145 1114/1114/1114 1144/1144/1144
f 1146/1146/1146 1111/1111/1111 1112/1112/1112
f 1146/1146/1146 1112/1112/1112 1113/1113/1113
f 1146/1146/1146 1113/1113/1113 1145/1145/1145
f 1147/1147/1147 1110/1110/1110 1111/1111/1111
f 1147/1147/1147 1111/1111/1111 1146/1146/1146
f 1148/1148/1148 1108/1108/1108 1109/1109/1109
f 1148/1148/1148 1109/1109/1109 1110/1110/1110
f 1148/1148/1148 1110/1110/1110 1147/1147/1147
f 1149/1149/1149 1107/1107/1107 1108/1108/1108
f 1149/1149/1149 1108/1108/1108 1148/1148/1148
f 1150/1150/1150 1106/1106/1106 1107/1107/1107
f 1150/1150/1150 1107/1107/1107 1149/1149/1149
f 1151/1151/1151 1105/1105/1105 1106/1106/1106
f 1151/1151/1151 1106/1106/1106 1150/1150/1150
f 1152/1152/1152 1104/1104/1104 1105/1105/1105
f 1152/1152/1152 1105/1105/1105 1151/1151/1151
f 1103/1103/1103 1104/1104/1104 1152/1152/1152
v -9160.479492 17969.751953 22758.037109
v -9163.015625 17938.003906 22758.037109
v -9171.109375 17905.417969 22758.037109
v -9183.513672 17876.568359 22758.037109
v -9202.316406 17847.341797 22758.037109
v -9225.453125 17822.212891 22758.037109
v -9250.318359 17802.826172 22758.037109
v -9279.707031 17786.789062 22758.037109
v -9309.510742 17776.355469 22758.037109
v -9335.344727 17771.337891 22758.037109
v -9360.479492 17769.751953 22758.037109
v -9360.479492 17789.064453 22518.597656
v -9360.479492 17850.681641 22272.910156
v -9360.479492 17945.123047 22055.599609
v -9360.479492 18061.509766 21870.951172
v -9360.479492 18205.259766 21703.513672
v -9360.479492 18372.119141 21559.048828
v -9360.479492 18556.371094 21441.849609
v -9360.479492 18751.386719 21354.300781
v -9360.479492 18950.564453 21296.867188
v -9360.479492 19147.582031 21268.126953
v -9360.479492 19338.996094 21265.371094
v -9360.479492 19534.648438 21288.279297
v -9360.479492 19733.921875 21339.275391
v -9360.479492 19930.375000 21420.255859
v -9360.479492 20117.552734 21531.136719
v -9360.479492 20288.722656 21669.982422
v -9360.479492 20437.914062 21832.880859
v -9360.479492 20560.507812 22014.332031
v -9360.479492 20653.744141 22207.861328
v -9360.479492 20716.787109 22406.683594
v -9360.479492 20748.671875 22584.794922
v -9360.479492 20758.703125 22758.037109
v -9328.729492 20756.167969 22758.037109
v -9296.144531 20748.074219 22758.037109
v -9267.295898 20735.669922 22758.037109
v -9238.068359 20716.867188 22758.037109
v -9212.939453 20693.730469 22758.037109
v -9193.552734 20668.865234 22758.037109
v -9177.515625 20639.476562 22758.037109
v -9167.083008 20609.671875 22758.037109
v -9162.065430 20583.837891 22758.037109
v -9160.479492 20558.703125 22758.037109
v -9160.479492 20543.091797 22557.617188
v -9160.479492 20493.324219 22351.849609
v -9160.479492 20406.683594 22149.382812
v -9160.479492 20283.455078 21960.015625
v -9160.479492 20144.289062 21808.744141
v -9160.479492 20000.328125 21693.228516
v -9160.479492 19843.498047 21600.419922
v -9160.479492 19679.083984 21531.828125
v -9160.479492 19512.152344 21487.558594
v -9160.479492 19347.724609 21466.234375
v -9160.479492 19187.505859 21465.802734
v -9160.479492 19023.300781 21486.216797
v -9160.479492 18856.367188 21529.482422
v -9160.479492 18691.750000 21597.044922
v -9160.479492 18534.492188 21688.855469
v -9160.479492 18389.890625 21803.468750
v -9160.479492 18262.689453 21937.929688
v -9160.479492 18156.644531 22088.035156
v -9160.479492 18074.134766 22248.789062
v -9160.479492 18016.080078 22414.875000
v -9160.479492 17981.859375 22581.296875
v -9160.479492 17972.625000 22670.656250
v -9282.922852 20740.613281 22673.107422
v -9173.004883 20624.367188 22653.634766
v -9286.860352 20675.650391 22311.302734
v -9219.058594 20644.986328 22363.945312
v -9219.058594 20599.308594 22229.490234
v -9286.860352 20640.703125 22213.062500
v -9286.860352 20598.259766 22116.132812
v -9174.521484 20550.326172 22291.523438
v -9174.521484 20506.089844 22184.048828
v -9286.860352 20370.941406 21774.742188
v -9286.860352 20295.191406 21695.587891
v -9219.058594 20279.560547 21742.705078
v -9174.521484 20288.447266 21851.033203
v -9286.860352 20213.839844 21622.291016
v -9174.521484 20213.146484 21772.523438
v -9174.521484 20140.277344 21707.218750
v -9286.860352 19866.964844 21405.857422
v -9219.058594 19905.531250 21473.308594
v -9219.058594 19792.773438 21422.957031
v -9286.860352 19769.402344 21366.462891
v -9174.521484 19822.443359 21509.005859
v -9286.860352 19670.861328 21334.544922
v -9174.521484 19735.292969 21473.599609
v -9174.521484 19647.263672 21444.658203
v -9286.860352 19396.548828 21283.529297
v -9286.860352 19301.023438 21278.060547
v -9286.860352 19206.845703 21278.716797
v -9219.058594 19264.228516 21322.140625
v -9174.521484 19308.066406 21390.644531
v -9219.058594 19165.693359 21325.525391
v -9174.521484 19223.943359 21390.535156
v -9286.860352 18836.134766 21340.849609
v -9286.860352 18737.738281 21374.386719
v -9174.521484 18884.900391 21443.582031
v -9286.860352 18640.496094 21415.412109
v -9219.058594 18735.681641 21422.957031
v -9174.521484 18796.847656 21472.253906
v -9174.521484 18709.646484 21507.388672
v -9219.058594 18606.583984 21481.595703
v -9286.860352 18296.492188 21637.693359
v -9286.860352 18216.302734 21712.314453
v -9219.058594 18248.896484 21742.705078
v -9174.521484 18391.335938 21704.593750
v -9286.860352 18141.853516 21792.658203
v -9174.521484 18318.277344 21769.673828
v -9174.521484 18250.005859 21839.867188
v -9286.860352 17920.333984 22137.046875
v -9286.860352 17875.449219 22245.224609
v -9219.058594 17929.148438 22229.490234
v -9174.521484 18038.296875 22150.771484
v -9174.521484 17999.191406 22237.111328
v -9219.058594 17892.179688 22334.621094
v -9174.521484 17966.568359 22324.722656
v -9290.814453 17786.929688 22640.699219
v -9176.129883 17895.330078 22665.347656
v -9215.962891 20693.744141 22662.089844
v -9219.058594 20686.912109 22563.689453
v -9286.860352 20732.929688 22572.039062
v -9286.860352 20726.705078 22528.162109
v -9219.058594 20672.597656 22478.224609
v -9286.860352 20710.052734 22439.800781
v -9174.521484 20617.847656 22559.554688
v -9286.860352 20695.810547 22380.869141
v -9174.521484 20611.253906 22518.867188
v -9174.521484 20587.341797 22410.109375
v -9174.521484 20571.804688 22355.634766
v -9219.058594 20562.923828 22145.511719
v -9219.058594 20520.767578 22063.121094
v -9286.860352 20554.080078 22031.425781
v -9286.860352 20521.259766 21976.017578
v -9219.058594 20455.515625 21956.392578
v -9174.521484 20466.585938 22105.335938
v -9286.860352 20460.568359 21886.000000
v -9219.058594 20393.359375 21870.984375
v -9174.521484 20437.123047 22053.765625
v -9286.860352 20427.634766 21842.521484
v -9174.521484 20371.099609 21953.972656
v -9174.521484 20340.732422 21913.750000
v -9219.058594 20338.427734 21805.201172
v -9219.058594 20184.484375 21655.798828
v -9219.058594 20082.427734 21578.058594
v -9286.860352 20108.669922 21542.060547
v -9286.860352 20063.533203 21511.925781
v -9219.058594 19993.972656 21521.398438
v -9286.860352 19970.691406 21457.041016
v -9174.521484 20042.992188 21633.222656
v -9286.860352 19924.773438 21433.136719
v -9174.521484 20001.246094 21605.437500
v -9174.521484 19918.269531 21556.408203
v -9174.521484 19875.849609 21534.271484
v -9219.058594 19662.437500 21378.460938
v -9219.058594 19531.703125 21347.271484
v -9286.860352 19536.087891 21302.779297
v -9286.860352 19488.660156 21294.714844
v -9219.058594 19439.914062 21332.927734
v -9174.521484 19522.687500 21414.578125
v -9174.521484 19478.824219 21406.878906
v -9219.058594 19351.214844 21324.777344
v -9174.521484 19391.867188 21395.910156
v -9286.860352 19155.656250 21281.589844
v -9286.860352 19109.013672 21285.763672
v -9219.058594 19074.964844 21334.667969
v -9174.521484 19176.787109 21392.740234
v -9286.860352 19011.453125 21299.343750
v -9219.058594 18979.884766 21350.576172
v -9174.521484 19133.798828 21396.173828
v -9286.860352 18962.277344 21308.724609
v -9174.521484 19046.804688 21407.330078
v -9174.521484 19001.427734 21415.419922
v -9219.058594 18857.556641 21380.931641
v -9286.860352 18574.582031 21448.048828
v -9286.860352 18529.054688 21473.046875
v -9219.058594 18518.607422 21530.906250
v -9174.521484 18648.394531 21536.386719
v -9286.860352 18437.212891 21530.140625
v -9219.058594 18430.773438 21588.783203
v -9174.521484 18606.029297 21558.679688
v -9286.860352 18392.669922 21561.345703
v -9174.521484 18523.187500 21608.019531
v -9174.521484 18481.525391 21635.958984
v -9219.058594 18336.792969 21661.832031
v -9219.058594 18187.589844 21807.957031
v -9219.058594 18130.578125 21876.765625
v -9286.860352 18084.013672 21864.294922
v -9286.860352 18052.964844 21906.847656
v -9219.058594 18070.810547 21959.566406
v -9174.521484 18194.828125 21904.769531
v -9286.860352 17993.939453 21997.742188
v -9219.058594 18015.726562 22048.783203
v -9174.521484 18165.097656 21943.423828
v -9286.860352 17967.128906 22044.443359
v -9174.521484 18110.082031 22023.441406
v -9174.521484 18084.042969 22066.050781
v -9219.058594 17969.021484 22138.164062
v -9286.860352 17856.609375 22299.462891
v -9286.860352 17838.201172 22360.382812
v -9219.058594 17861.138672 22452.847656
v -9286.860352 17809.722656 22482.179688
v -9219.058594 17844.222656 22544.998047
v -9174.521484 17950.851562 22374.988281
v -9286.860352 17801.521484 22529.626953
v -9174.521484 17935.714844 22431.332031
v -9174.521484 17917.111328 22519.382812
v -9174.521484 17910.085938 22563.148438
v -9222.222656 17829.113281 22652.470703
vn 1.000000 0.000000 0.000000
vn 0.987319 -0.158748 -0.000000
vn 0.946850 -0.321674 -0.000000
vn 0.884828 -0.465918 -0.000000
vn 0.790814 -0.612056 -0.000000
vn 0.675131 -0.737698 -0.000000
vn 0.550808 -0.834632 -0.000000
vn 0.403863 -0.914819 -0.000000
vn 0.254843 -0.966982 -0.000000
vn 0.125674 -0.992072 -0.000000
vn 0.000000 -1.000000 0.000000
vn -0.000000 -0.987083 -0.160212
vn 0.000000 -0.945846 -0.324615
vn 0.000000 -0.882655 -0.470022
vn -0.000000 -0.804778 -0.593576
vn -0.000000 -0.708593 -0.705617
vn 0.000000 -0.596940 -0.802286
vn -0.000000 -0.473654 -0.880711
vn -0.000000 -0.343144 -0.939283
vn 0.000000 -0.209901 -0.977723
vn -0.000000 -0.078059 -0.996949
vn -0.000000 0.049942 -0.998752
vn -0.000000 0.180995 -0.983484
vn 0.000000 0.314265 -0.949335
vn -0.000000 0.445745 -0.895160
vn -0.000000 0.570987 -0.820959
vn -0.000000 0.685522 -0.728052
vn -0.000000 0.785350 -0.619052
vn 0.000000 0.867386 -0.497636
vn -0.000000 0.929769 -0.368143
vn -0.000000 0.971975 -0.235084
vn -0.000000 0.993255 -0.115948
vn 0.000000 1.000000 -0.000000
vn 0.158748 0.987319 0.000000
vn 0.321674 0.946850 0.000000
vn 0.465918 0.884828 0.000000
vn 0.612056 0.790814 0.000000
vn 0.737698 0.675131 0.000000
vn 0.834632 0.550808 0.000000
vn 0.914819 0.403863 0.000000
vn 0.966982 0.254843 0.000000
vn 0.992072 0.125674 0.000000
vn 1.000000 -0.000000 0.000000
vn 1.000000 -0.000000 0.000000
vn 1.000000 -0.000000 0.000000
vn 1.000000 -0.000000 0.000000
vn 1.000000 -0.000000 0.000000
vn 1.000000 -0.000000 0.000000
vn 1.000000 -0.000000 0.000000
vn 1.000000 -0.000000 0.000000
vn 1.000000 -0.000000 0.000000
vn 1.000000 -0.000000 0.000000
vn 1.000000 -0.000000 0.000000
vn 1.000000 0.000000 0.000000
vn 1.000000 0.000000 0.000000
vn 1.000000 0.000000 0.000000
vn 1.000000 0.000000 0.000000
vn 1.000000 0.000000 0.000000
vn 1.000000 0.000000 0.000000
vn 1.000000 0.000000 0.000000
vn 1.000000 0.000000 0.000000
vn 1.000000 0.000000 0.000000
vn 1.000000 0.000000 0.000000
vn 1.000000 0.000000 0.000000
vn 1.000000 0.000000 0.000000
vn 0.387784 0.920229 -0.052936
vn 0.937373 0.347305 -0.026659
vn 0.368095 0.886446 -0.280572
vn 0.707107 0.679954 -0.194070
vn 0.707107 0.657460 -0.260282
vn 0.368095 0.864497 -0.342272
vn 0.368095 0.837841 -0.403149
vn 0.929788 0.346033 -0.125519
vn 0.929788 0.334131 -0.154435
vn 0.368095 0.695073 -0.617560
vn 0.368095 0.647498 -0.667273
vn 0.707107 0.500000 -0.500000
vn 0.929788 0.275573 -0.244035
vn 0.368095 0.596406 -0.713307
vn 0.929788 0.255313 -0.265159
vn 0.929788 0.235707 -0.282729
vn 0.368095 0.378550 -0.849239
vn 0.707107 0.315810 -0.632664
vn 0.707107 0.260282 -0.657460
vn 0.368095 0.317276 -0.873981
vn 0.929788 0.150191 -0.336060
vn 0.368095 0.255387 -0.894027
vn 0.929788 0.126743 -0.345586
vn 0.929788 0.103058 -0.353373
vn 0.368095 0.083104 -0.926067
vn 0.368095 0.023109 -0.929501
vn 0.368095 -0.036039 -0.929090
vn 0.707107 0.000000 -0.707107
vn 0.929788 0.011795 -0.367906
vn 0.707107 -0.048523 -0.705440
vn 0.929788 -0.010839 -0.367935
vn 0.368095 -0.268865 -0.890066
vn 0.368095 -0.330663 -0.869004
vn 0.929788 -0.102061 -0.353663
vn 0.368095 -0.391735 -0.843238
vn 0.707107 -0.260282 -0.657460
vn 0.929788 -0.125752 -0.345948
vn 0.929788 -0.149214 -0.336495
vn 0.707107 -0.323857 -0.628583
vn 0.368095 -0.607788 -0.703633
vn 0.368095 -0.658151 -0.656767
vn 0.707107 -0.500000 -0.500000
vn 0.929788 -0.234857 -0.283436
vn 0.368095 -0.704909 -0.606308
vn 0.929788 -0.254514 -0.265925
vn 0.929788 -0.272883 -0.247040
vn 0.368095 -0.844035 -0.390014
vn 0.368095 -0.872225 -0.322072
vn 0.707107 -0.657460 -0.260282
vn 0.929788 -0.329845 -0.163389
vn 0.929788 -0.340366 -0.140159
vn 0.707107 -0.675665 -0.208511
vn 0.929788 -0.349144 -0.116586
vn 0.348326 -0.934430 -0.074219
vn 0.921750 -0.386898 -0.026197
vn 0.722581 0.689734 -0.046294
vn 0.707107 0.700600 -0.095706
vn 0.368095 0.922421 -0.116817
vn 0.368095 0.918511 -0.144374
vn 0.707107 0.693551 -0.137793
vn 0.368095 0.908052 -0.199869
vn 0.929788 0.364200 -0.053403
vn 0.368095 0.899107 -0.236881
vn 0.929788 0.362426 -0.064350
vn 0.929788 0.355992 -0.093612
vn 0.929788 0.351812 -0.108269
vn 0.707107 0.639542 -0.301638
vn 0.707107 0.618782 -0.342211
vn 0.368095 0.810094 -0.456349
vn 0.368095 0.789480 -0.491149
vn 0.707107 0.586649 -0.394770
vn 0.929788 0.323502 -0.175614
vn 0.368095 0.751364 -0.547685
vn 0.707107 0.556040 -0.436828
vn 0.929788 0.315575 -0.189489
vn 0.368095 0.730679 -0.574991
vn 0.929788 0.297811 -0.216339
vn 0.929788 0.289640 -0.227161
vn 0.707107 0.528989 -0.469223
vn 0.707107 0.453180 -0.542796
vn 0.707107 0.402922 -0.581080
vn 0.368095 0.530353 -0.763696
vn 0.368095 0.502005 -0.782622
vn 0.707107 0.359362 -0.608982
vn 0.368095 0.443696 -0.817093
vn 0.929788 0.209532 -0.302639
vn 0.368095 0.414857 -0.832106
vn 0.929788 0.198300 -0.310114
vn 0.929788 0.175974 -0.323306
vn 0.929788 0.164561 -0.329262
vn 0.707107 0.196098 -0.679371
vn 0.707107 0.131718 -0.694730
vn 0.368095 0.170742 -0.913977
vn 0.368095 0.140954 -0.919042
vn 0.707107 0.086517 -0.701794
vn 0.929788 0.069540 -0.361466
vn 0.929788 0.057738 -0.363538
vn 0.707107 0.042837 -0.705808
vn 0.929788 0.034342 -0.366489
vn 0.368095 -0.068188 -0.927285
vn 0.368095 -0.097482 -0.924664
vn 0.707107 -0.093203 -0.700937
vn 0.929788 -0.023526 -0.367342
vn 0.368095 -0.158756 -0.916135
vn 0.707107 -0.140025 -0.693104
vn 0.929788 -0.035093 -0.366418
vn 0.368095 -0.189641 -0.910243
vn 0.929788 -0.058499 -0.363416
vn 0.929788 -0.070708 -0.361240
vn 0.707107 -0.200266 -0.678155
vn 0.368095 -0.433134 -0.822740
vn 0.368095 -0.461727 -0.807040
vn 0.707107 -0.367180 -0.604300
vn 0.929788 -0.165694 -0.328693
vn 0.368095 -0.519408 -0.771182
vn 0.707107 -0.410434 -0.575798
vn 0.929788 -0.177093 -0.322695
vn 0.368095 -0.547383 -0.751584
vn 0.929788 -0.199382 -0.309420
vn 0.929788 -0.210592 -0.301902
vn 0.707107 -0.456715 -0.539826
vn 0.707107 -0.530190 -0.467866
vn 0.707107 -0.558265 -0.433981
vn 0.368095 -0.741236 -0.561316
vn 0.368095 -0.760736 -0.534590
vn 0.707107 -0.587698 -0.393206
vn 0.929788 -0.287729 -0.229577
vn 0.368095 -0.797807 -0.477505
vn 0.707107 -0.614824 -0.349272
vn 0.929788 -0.295728 -0.219177
vn 0.368095 -0.814645 -0.448174
vn 0.929788 -0.310530 -0.197648
vn 0.929788 -0.317537 -0.186183
vn 0.707107 -0.637824 -0.305256
vn 0.368095 -0.884057 -0.288009
vn 0.368095 -0.895619 -0.249747
vn 0.707107 -0.690951 -0.150290
vn 0.368095 -0.913504 -0.173253
vn 0.707107 -0.699281 -0.104911
vn 0.929788 -0.353372 -0.103062
vn 0.368095 -0.918655 -0.143453
vn 0.929788 -0.357445 -0.087902
vn 0.929788 -0.362451 -0.064212
vn 0.929788 -0.364341 -0.052436
vn 0.691286 -0.720634 -0.053010
vt 1.570796 6.283185
vt 1.399030 6.283185
vt 1.227263 6.283185
vt 1.072673 6.283185
vt 0.905716 6.283185
vt 0.743434 6.283185
vt 0.593172 6.283185
vt 0.430890 6.283185
vt 0.273152 6.283185
vt 0.136576 6.283185
vt 0.000000 6.283185
vt 0.000000 6.109866
vt -0.000000 5.936547
vt -0.000000 5.780560
vt 0.000000 5.640171
vt 0.000000 5.499783
vt -0.000000 5.359394
vt -0.000000 5.219006
vt 0.000000 5.078617
vt -0.000000 4.938228
vt 0.000000 4.797840
vt 0.000000 4.657451
vt 0.000000 4.517063
vt -0.000000 4.376674
vt 0.000000 4.236286
vt 0.000000 4.095897
vt 0.000000 3.955508
vt -0.000000 3.815120
vt -0.000000 3.674731
vt 0.000000 3.534343
vt 0.000000 3.393954
vt -0.000000 3.267773
vt 0.000000 3.141593
vt 0.171767 3.141593
vt 0.343533 3.141593
vt 0.498123 3.141593
vt 0.665080 3.141593
vt 0.827362 3.141593
vt 0.977624 3.141593
vt 1.139906 3.141593
vt 1.297645 3.141593
vt 1.434220 3.141593
vt 1.570796 3.141593
vt 1.570796 3.309198
vt 1.570796 3.476803
vt 1.570796 3.644408
vt 1.570796 3.812013
vt 1.570796 3.962857
vt 1.570796 4.098617
vt 1.570796 4.234377
vt 1.570796 4.370137
vt 1.570796 4.505898
vt 1.570796 4.641657
vt 1.570796 4.777418
vt 1.570796 4.913177
vt 1.570796 5.048937
vt 1.570796 5.184698
vt 1.570796 5.320457
vt 1.570796 5.456218
vt 1.570796 5.591978
vt 1.570796 5.727738
vt 1.570796 5.863498
vt 1.570796 5.999258
vt 1.570796 6.135018
vt 1.570796 6.209102
vt 0.413681 3.204683
vt 1.199079 3.225395
vt 0.392699 3.464123
vt 0.785398 3.435379
vt 0.785398 3.534292
vt 0.392699 3.534317
vt 0.392699 3.604511
vt 1.178097 3.505547
vt 1.178097 3.589350
vt 0.392699 3.871055
vt 0.392699 3.941250
vt 0.785398 3.926991
vt 1.178097 3.869502
vt 0.392699 4.011444
vt 1.178097 3.944924
vt 1.178097 4.012804
vt 0.392699 4.277988
vt 0.785398 4.235332
vt 0.785398 4.319690
vt 0.392699 4.348182
vt 1.178097 4.277033
vt 0.392699 4.418376
vt 1.178097 4.344913
vt 1.178097 4.412794
vt 0.392699 4.614726
vt 0.392699 4.684920
vt 0.392699 4.755115
vt 0.785398 4.712389
vt 1.178097 4.677023
vt 0.785398 4.787629
vt 1.178097 4.744903
vt 0.392699 5.021658
vt 0.392699 5.091853
vt 1.178097 5.009133
vt 0.392699 5.162047
vt 0.785398 5.105088
vt 1.178097 5.077013
vt 1.178097 5.144893
vt 0.785398 5.201851
vt 0.392699 5.428591
vt 0.392699 5.498785
vt 0.785398 5.497787
vt 1.178097 5.409122
vt 0.392699 5.568979
vt 1.178097 5.477003
vt 1.178097 5.544882
vt 0.392699 5.835523
vt 0.392699 5.913517
vt 0.785398 5.890486
vt 1.178097 5.809112
vt 1.178097 5.876992
vt 0.785398 5.967902
vt 1.178097 5.944872
vt 0.371717 6.196526
vt 1.157115 6.209102
vt 0.806380 3.215039
vt 0.785398 3.288486
vt 0.392699 3.278130
vt 0.392699 3.309675
vt 0.785398 3.351576
vt 0.392699 3.372765
vt 1.178097 3.298842
vt 0.392699 3.414666
vt 1.178097 3.330387
vt 1.178097 3.414189
vt 1.178097 3.456090
vt 0.785398 3.596931
vt 0.785398 3.659570
vt 0.392699 3.667150
vt 0.392699 3.709052
vt 0.785398 3.743372
vt 1.178097 3.651989
vt 0.392699 3.779246
vt 0.785398 3.813566
vt 1.178097 3.693890
vt 0.392699 3.814343
vt 1.178097 3.777692
vt 1.178097 3.812789
vt 0.785398 3.870279
vt 0.785398 4.012124
vt 0.785398 4.097257
vt 0.392699 4.096577
vt 0.392699 4.131674
vt 0.785398 4.167451
vt 0.392699 4.201869
vt 1.178097 4.097937
vt 0.392699 4.235808
vt 1.178097 4.133034
vt 1.178097 4.200914
vt 1.178097 4.234854
vt 0.785398 4.415585
vt 0.785398 4.511480
vt 0.392699 4.514271
vt 0.392699 4.548212
vt 0.785398 4.579360
vt 1.178097 4.508688
vt 1.178097 4.542629
vt 0.785398 4.645875
vt 1.178097 4.610509
vt 0.392699 4.792734
vt 0.392699 4.826674
vt 0.785398 4.855509
vt 1.178097 4.782523
vt 0.392699 4.896869
vt 0.785398 4.925703
vt 1.178097 4.816463
vt 0.392699 4.931966
vt 1.178097 4.884343
vt 1.178097 4.919440
vt 0.785398 5.015396
vt 0.392699 5.210428
vt 0.392699 5.244369
vt 0.785398 5.269732
vt 1.178097 5.193274
vt 0.392699 5.314563
vt 0.785398 5.339926
vt 1.178097 5.227214
vt 0.392699 5.349660
vt 1.178097 5.295094
vt 1.178097 5.330192
vt 0.785398 5.418857
vt 0.785398 5.556931
vt 0.785398 5.616075
vt 0.392699 5.628123
vt 0.392699 5.662063
vt 0.785398 5.683954
vt 1.178097 5.604026
vt 0.392699 5.732257
vt 0.785398 5.754148
vt 1.178097 5.637966
vt 0.392699 5.767354
vt 1.178097 5.705846
vt 1.178097 5.740943
vt 0.785398 5.822318
vt 0.392699 5.952225
vt 0.392699 5.995554
vt 0.785398 6.054562
vt 0.392699 6.082214
vt 0.785398 6.122442
vt 1.178097 5.983580
vt 0.392699 6.116154
vt 1.178097 6.026910
vt 1.178097 6.094790
vt 1.178097 6.128730
vt 0.764416 6.202814
f 1153/1153/1153 1154/1154/1154 1217/1217/1217
f 1218/1218/1218 1184/1184/1184 1185/1185/1185
f 1218/1218/1218 1185/1185/1185 1186/1186/1186
f 1218/1218/1218 1186/1186/1186 1187/1187/1187
f 1218/1218/1218 1187/1187/1187 1188/1188/1188
f 1218/1218/1218 1188/1188/1188 1189/1189/1189
f 1219/1219/1219 1191/1191/1191 1192/1192/1192
f 1219/1219/1219 1192/1192/1192 1193/1193/1193
f 1219/1219/1219 1193/1193/1193 1194/1194/1194
f 1219/1219/1219 1194/1194/1194 1195/1195/1195
f 1219/1219/1219 1195/1195/1195 1196/1196/1196
f 1220/1220/1220 1182/1182/1182 1183/1183/1183
f 1221/1221/1221 1222/1222/1222 1220/1220/1220
f 1223/1223/1223 1220/1220/1220 1222/1222/1222
f 1223/1223/1223 1182/1182/1182 1220/1220/1220
f 1224/1224/1224 1181/1181/1181 1182/1182/1182
f 1224/1224/1224 1182/1182/1182 1223/1223/1223
f 1225/1225/1225 1222/1222/1222 1221/1221/1221
f 1226/1226/1226 1197/1197/1197 1198/1198/1198
f 1226/1226/1226 1225/1225/1225 1197/1197/1197
f 1226/1226/1226 1222/1222/1222 1225/1225/1225
f 1227/1227/1227 1179/1179/1179 1180/1180/1180
f 1228/1228/1228 1179/1179/1179 1227/1227/1227
f 1228/1228/1228 1227/1227/1227 1229/1229/1229
f 1230/1230/1230 1199/1199/1199 1200/1200/1200
f 1231/1231/1231 1179/1179/1179 1228/1228/1228
f 1231/1231/1231 1178/1178/1178 1179/1179/1179
f 1232/1232/1232 1229/1229/1229 1230/1230/1230
f 1232/1232/1232 1230/1230/1230 1200/1200/1200
f 1233/1233/1233 1200/1200/1200 1201/1201/1201
f 1233/1233/1233 1232/1232/1232 1200/1200/1200
f 1234/1234/1234 1176/1176/1176 1177/1177/1177
f 1235/1235/1235 1236/1236/1236 1234/1234/1234
f 1237/1237/1237 1234/1234/1234 1236/1236/1236
f 1237/1237/1237 1176/1176/1176 1234/1234/1234
f 1238/1238/1238 1236/1236/1236 1235/1235/1235
f 1238/1238/1238 1202/1202/1202 1203/1203/1203
f 1239/1239/1239 1175/1175/1175 1176/1176/1176
f 1239/1239/1239 1176/1176/1176 1237/1237/1237
f 1240/1240/1240 1236/1236/1236 1238/1238/1238
f 1240/1240/1240 1238/1238/1238 1203/1203/1203
f 1241/1241/1241 1240/1240/1240 1203/1203/1203
f 1241/1241/1241 1203/1203/1203 1204/1204/1204
f 1242/1242/1242 1174/1174/1174 1175/1175/1175
f 1243/1243/1243 1174/1174/1174 1242/1242/1242
f 1244/1244/1244 1173/1173/1173 1174/1174/1174
f 1244/1244/1244 1174/1174/1174 1243/1243/1243
f 1244/1244/1244 1243/1243/1243 1245/1245/1245
f 1246/1246/1246 1205/1205/1205 1206/1206/1206
f 1247/1247/1247 1244/1244/1244 1245/1245/1245
f 1248/1248/1248 1246/1246/1246 1206/1206/1206
f 1248/1248/1248 1245/1245/1245 1246/1246/1246
f 1248/1248/1248 1247/1247/1247 1245/1245/1245
f 1249/1249/1249 1171/1171/1171 1172/1172/1172
f 1250/1250/1250 1171/1171/1171 1249/1249/1249
f 1251/1251/1251 1207/1207/1207 1208/1208/1208
f 1252/1252/1252 1171/1171/1171 1250/1250/1250
f 1252/1252/1252 1170/1170/1170 1171/1171/1171
f 1252/1252/1252 1250/1250/1250 1253/1253/1253
f 1254/1254/1254 1251/1251/1251 1208/1208/1208
f 1255/1255/1255 1208/1208/1208 1209/1209/1209
f 1255/1255/1255 1253/1253/1253 1254/1254/1254
f 1255/1255/1255 1254/1254/1254 1208/1208/1208
f 1256/1256/1256 1252/1252/1252 1253/1253/1253
f 1256/1256/1256 1253/1253/1253 1255/1255/1255
f 1257/1257/1257 1168/1168/1168 1169/1169/1169
f 1258/1258/1258 1168/1168/1168 1257/1257/1257
f 1258/1258/1258 1257/1257/1257 1259/1259/1259
f 1260/1260/1260 1210/1210/1210 1211/1211/1211
f 1261/1261/1261 1167/1167/1167 1168/1168/1168
f 1261/1261/1261 1168/1168/1168 1258/1258/1258
f 1262/1262/1262 1260/1260/1260 1211/1211/1211
f 1263/1263/1263 1259/1259/1259 1262/1262/1262
f 1263/1263/1263 1211/1211/1211 1212/1212/1212
f 1263/1263/1263 1262/1262/1262 1211/1211/1211
f 1264/1264/1264 1165/1165/1165 1166/1166/1166
f 1265/1265/1265 1165/1165/1165 1264/1264/1264
f 1265/1265/1265 1264/1264/1264 1266/1266/1266
f 1267/1267/1267 1213/1213/1213 1214/1214/1214
f 1268/1268/1268 1267/1267/1267 1214/1214/1214
f 1269/1269/1269 1265/1265/1265 1266/1266/1266
f 1270/1270/1270 1268/1268/1268 1214/1214/1214
f 1270/1270/1270 1214/1214/1214 1215/1215/1215
f 1270/1270/1270 1269/1269/1269 1266/1266/1266
f 1270/1270/1270 1266/1266/1266 1268/1268/1268
f 1271/1271/1271 1159/1159/1159 1160/1160/1160
f 1271/1271/1271 1160/1160/1160 1161/1161/1161
f 1271/1271/1271 1161/1161/1161 1162/1162/1162
f 1271/1271/1271 1162/1162/1162 1163/1163/1163
f 1271/1271/1271 1163/1163/1163 1164/1164/1164
f 1272/1272/1272 1154/1154/1154 1155/1155/1155
f 1272/1272/1272 1155/1155/1155 1156/1156/1156
f 1272/1272/1272 1156/1156/1156 1157/1157/1157
f 1272/1272/1272 1216/1216/1216 1217/1217/1217
f 1272/1272/1272 1217/1217/1217 1154/1154/1154
f 1273/1273/1273 1218/1218/1218 1189/1189/1189
f 1273/1273/1273 1189/1189/1189 1190/1190/1190
f 1273/1273/1273 1190/1190/1190 1191/1191/1191
f 1273/1273/1273 1191/1191/1191 1219/1219/1219
f 1273/1273/1273 1219/1219/1219 1274/1274/1274
f 1275/1275/1275 1218/1218/1218 1273/1273/1273
f 1275/1275/1275 1273/1273/1273 1274/1274/1274
f 1275/1275/1275 1184/1184/1184 1218/1218/1218
f 1276/1276/1276 1183/1183/1183 1184/1184/1184
f 1276/1276/1276 1275/1275/1275 1274/1274/1274
f 1276/1276/1276 1184/1184/1184 1275/1275/1275
f 1276/1276/1276 1274/1274/1274 1277/1277/1277
f 1278/1278/1278 1277/1277/1277 1221/1221/1221
f 1278/1278/1278 1183/1183/1183 1276/1276/1276
f 1278/1278/1278 1276/1276/1276 1277/1277/1277
f 1279/1279/1279 1219/1219/1219 1196/1196/1196
f 1279/1279/1279 1274/1274/1274 1219/1219/1219
f 1280/1280/1280 1221/1221/1221 1220/1220/1220
f 1280/1280/1280 1220/1220/1220 1183/1183/1183
f 1280/1280/1280 1183/1183/1183 1278/1278/1278
f 1280/1280/1280 1278/1278/1278 1221/1221/1221
f 1281/1281/1281 1279/1279/1279 1196/1196/1196
f 1281/1281/1281 1274/1274/1274 1279/1279/1279
f 1281/1281/1281 1277/1277/1277 1274/1274/1274
f 1282/1282/1282 1221/1221/1221 1277/1277/1277
f 1282/1282/1282 1196/1196/1196 1197/1197/1197
f 1282/1282/1282 1277/1277/1277 1281/1281/1281
f 1282/1282/1282 1281/1281/1281 1196/1196/1196
f 1283/1283/1283 1282/1282/1282 1197/1197/1197
f 1283/1283/1283 1221/1221/1221 1282/1282/1282
f 1283/1283/1283 1197/1197/1197 1225/1225/1225
f 1283/1283/1283 1225/1225/1225 1221/1221/1221
f 1284/1284/1284 1222/1222/1222 1226/1226/1226
f 1284/1284/1284 1223/1223/1223 1222/1222/1222
f 1284/1284/1284 1285/1285/1285 1224/1224/1224
f 1284/1284/1284 1224/1224/1224 1223/1223/1223
f 1286/1286/1286 1181/1181/1181 1224/1224/1224
f 1286/1286/1286 1224/1224/1224 1285/1285/1285
f 1287/1287/1287 1286/1286/1286 1285/1285/1285
f 1287/1287/1287 1181/1181/1181 1286/1286/1286
f 1287/1287/1287 1285/1285/1285 1288/1288/1288
f 1289/1289/1289 1284/1284/1284 1226/1226/1226
f 1289/1289/1289 1285/1285/1285 1284/1284/1284
f 1289/1289/1289 1226/1226/1226 1198/1198/1198
f 1290/1290/1290 1288/1288/1288 1291/1291/1291
f 1290/1290/1290 1180/1180/1180 1181/1181/1181
f 1290/1290/1290 1181/1181/1181 1287/1287/1287
f 1290/1290/1290 1287/1287/1287 1288/1288/1288
f 1292/1292/1292 1198/1198/1198 1199/1199/1199
f 1292/1292/1292 1285/1285/1285 1289/1289/1289
f 1292/1292/1292 1289/1289/1289 1198/1198/1198
f 1292/1292/1292 1288/1288/1288 1285/1285/1285
f 1293/1293/1293 1180/1180/1180 1290/1290/1290
f 1293/1293/1293 1227/1227/1227 1180/1180/1180
f 1293/1293/1293 1290/1290/1290 1291/1291/1291
f 1294/1294/1294 1291/1291/1291 1288/1288/1288
f 1294/1294/1294 1288/1288/1288 1292/1292/1292
f 1294/1294/1294 1292/1292/1292 1199/1199/1199
f 1295/1295/1295 1291/1291/1291 1294/1294/1294
f 1295/1295/1295 1199/1199/1199 1230/1230/1230
f 1295/1295/1295 1230/1230/1230 1291/1291/1291
f 1295/1295/1295 1294/1294/1294 1199/1199/1199
f 1296/1296/1296 1291/1291/1291 1230/1230/1230
f 1296/1296/1296 1230/1230/1230 1229/1229/1229
f 1296/1296/1296 1293/1293/1293 1291/1291/1291
f 1296/1296/1296 1229/1229/1229 1227/1227/1227
f 1296/1296/1296 1227/1227/1227 1293/1293/1293
f 1297/1297/1297 1232/1232/1232 1233/1233/1233
f 1297/1297/1297 1233/1233/1233 1298/1298/1298
f 1297/1297/1297 1228/1228/1228 1229/1229/1229
f 1297/1297/1297 1231/1231/1231 1228/1228/1228
f 1297/1297/1297 1229/1229/1229 1232/1232/1232
f 1299/1299/1299 1231/1231/1231 1297/1297/1297
f 1299/1299/1299 1178/1178/1178 1231/1231/1231
f 1299/1299/1299 1297/1297/1297 1298/1298/1298
f 1300/1300/1300 1178/1178/1178 1299/1299/1299
f 1300/1300/1300 1298/1298/1298 1301/1301/1301
f 1300/1300/1300 1299/1299/1299 1298/1298/1298
f 1300/1300/1300 1177/1177/1177 1178/1178/1178
f 1302/1302/1302 1300/1300/1300 1301/1301/1301
f 1302/1302/1302 1177/1177/1177 1300/1300/1300
f 1302/1302/1302 1301/1301/1301 1235/1235/1235
f 1303/1303/1303 1298/1298/1298 1233/1233/1233
f 1303/1303/1303 1233/1233/1233 1201/1201/1201
f 1304/1304/1304 1177/1177/1177 1302/1302/1302
f 1304/1304/1304 1302/1302/1302 1235/1235/1235
f 1304/1304/1304 1235/1235/1235 1234/1234/1234
f 1304/1304/1304 1234/1234/1234 1177/1177/1177
f 1305/1305/1305 1298/1298/1298 1303/1303/1303
f 1305/1305/1305 1301/1301/1301 1298/1298/1298
f 1305/1305/1305 1303/1303/1303 1201/1201/1201
f 1305/1305/1305 1201/1201/1201 1202/1202/1202
f 1306/1306/1306 1235/1235/1235 1301/1301/1301
f 1306/1306/1306 1301/1301/1301 1305/1305/1305
f 1306/1306/1306 1305/1305/1305 1202/1202/1202
f 1307/1307/1307 1235/1235/1235 1306/1306/1306
f 1307/1307/1307 1202/1202/1202 1238/1238/1238
f 1307/1307/1307 1306/1306/1306 1202/1202/1202
f 1307/1307/1307 1238/1238/1238 1235/1235/1235
f 1308/1308/1308 1309/1309/1309 1239/1239/1239
f 1308/1308/1308 1239/1239/1239 1237/1237/1237
f 1308/1308/1308 1236/1236/1236 1240/1240/1240
f 1308/1308/1308 1240/1240/1240 1241/1241/1241
f 1308/1308/1308 1237/1237/1237 1236/1236/1236
f 1310/1310/1310 1175/1175/1175 1239/1239/1239
f 1310/1310/1310 1239/1239/1239 1309/1309/1309
f 1311/1311/1311 1175/1175/1175 1310/1310/1310
f 1311/1311/1311 1309/1309/1309 1312/1312/1312
f 1311/1311/1311 1310/1310/1310 1309/1309/1309
f 1311/1311/1311 1242/1242/1242 1175/1175/1175
f 1311/1311/1311 1312/1312/1312 1242/1242/1242
f 1313/1313/1313 1309/1309/1309 1308/1308/1308
f 1313/1313/1313 1308/1308/1308 1241/1241/1241
f 1313/1313/1313 1241/1241/1241 1204/1204/1204
f 1314/1314/1314 1312/1312/1312 1309/1309/1309
f 1314/1314/1314 1309/1309/1309 1313/1313/1313
f 1314/1314/1314 1313/1313/1313 1204/1204/1204
f 1314/1314/1314 1204/1204/1204 1205/1205/1205
f 1315/1315/1315 1246/1246/1246 1245/1245/1245
f 1315/1315/1315 1242/1242/1242 1312/1312/1312
f 1315/1315/1315 1243/1243/1243 1242/1242/1242
f 1315/1315/1315 1245/1245/1245 1243/1243/1243
f 1316/1316/1316 1312/1312/1312 1314/1314/1314
f 1316/1316/1316 1246/1246/1246 1315/1315/1315
f 1316/1316/1316 1314/1314/1314 1205/1205/1205
f 1316/1316/1316 1205/1205/1205 1246/1246/1246
f 1316/1316/1316 1315/1315/1315 1312/1312/1312
f 1317/1317/1317 1173/1173/1173 1244/1244/1244
f 1317/1317/1317 1244/1244/1244 1247/1247/1247
f 1318/1318/1318 1317/1317/1317 1247/1247/1247
f 1318/1318/1318 1173/1173/1173 1317/1317/1317
f 1318/1318/1318 1247/1247/1247 1319/1319/1319
f 1320/1320/1320 1248/1248/1248 1206/1206/1206
f 1320/1320/1320 1247/1247/1247 1248/1248/1248
f 1321/1321/1321 1172/1172/1172 1173/1173/1173
f 1321/1321/1321 1318/1318/1318 1319/1319/1319
f 1321/1321/1321 1173/1173/1173 1318/1318/1318
f 1321/1321/1321 1319/1319/1319 1322/1322/1322
f 1323/1323/1323 1206/1206/1206 1207/1207/1207
f 1323/1323/1323 1320/1320/1320 1206/1206/1206
f 1323/1323/1323 1247/1247/1247 1320/1320/1320
f 1323/1323/1323 1319/1319/1319 1247/1247/1247
f 1324/1324/1324 1172/1172/1172 1321/1321/1321
f 1324/1324/1324 1321/1321/1321 1322/1322/1322
f 1324/1324/1324 1249/1249/1249 1172/1172/1172
f 1325/1325/1325 1323/1323/1323 1207/1207/1207
f 1325/1325/1325 1319/1319/1319 1323/1323/1323
f 1325/1325/1325 1322/1322/1322 1319/1319/1319
f 1326/1326/1326 1325/1325/1325 1207/1207/1207
f 1326/1326/1326 1207/1207/1207 1251/1251/1251
f 1326/1326/1326 1322/1322/1322 1325/1325/1325
f 1326/1326/1326 1251/1251/1251 1322/1322/1322
f 1327/1327/1327 1250/1250/1250 1249/1249/1249
f 1327/1327/1327 1324/1324/1324 1322/1322/1322
f 1327/1327/1327 1253/1253/1253 1250/1250/1250
f 1327/1327/1327 1249/1249/1249 1324/1324/1324
f 1327/1327/1327 1322/1322/1322 1251/1251/1251
f 1327/1327/1327 1254/1254/1254 1253/1253/1253
f 1327/1327/1327 1251/1251/1251 1254/1254/1254
f 1328/1328/1328 1170/1170/1170 1252/1252/1252
f 1328/1328/1328 1252/1252/1252 1256/1256/1256
f 1329/1329/1329 1170/1170/1170 1328/1328/1328
f 1329/1329/1329 1328/1328/1328 1256/1256/1256
f 1329/1329/1329 1256/1256/1256 1330/1330/1330
f 1331/1331/1331 1256/1256/1256 1255/1255/1255
f 1331/1331/1331 1255/1255/1255 1209/1209/1209
f 1332/1332/1332 1169/1169/1169 1170/1170/1170
f 1332/1332/1332 1329/1329/1329 1330/1330/1330
f 1332/1332/1332 1330/1330/1330 1333/1333/1333
f 1332/1332/1332 1170/1170/1170 1329/1329/1329
f 1334/1334/1334 1209/1209/1209 1210/1210/1210
f 1334/1334/1334 1331/1331/1331 1209/1209/1209
f 1334/1334/1334 1256/1256/1256 1331/1331/1331
f 1334/1334/1334 1330/1330/1330 1256/1256/1256
f 1335/1335/1335 1169/1169/1169 1332/1332/1332
f 1335/1335/1335 1332/1332/1332 1333/1333/1333
f 1335/1335/1335 1257/1257/1257 1169/1169/1169
f 1336/1336/1336 1334/1334/1334 1210/1210/1210
f 1336/1336/1336 1333/1333/1333 1330/1330/1330
f 1336/1336/1336 1330/1330/1330 1334/1334/1334
f 1337/1337/1337 1336/1336/1336 1210/1210/1210
f 1337/1337/1337 1210/1210/1210 1260/1260/1260
f 1337/1337/1337 1333/1333/1333 1336/1336/1336
f 1337/1337/1337 1260/1260/1260 1333/1333/1333
f 1338/1338/1338 1262/1262/1262 1259/1259/1259
f 1338/1338/1338 1260/1260/1260 1262/1262/1262
f 1338/1338/1338 1259/1259/1259 1257/1257/1257
f 1338/1338/1338 1335/1335/1335 1333/1333/1333
f 1338/1338/1338 1257/1257/1257 1335/1335/1335
f 1338/1338/1338 1333/1333/1333 1260/1260/1260
f 1339/1339/1339 1340/1340/1340 1261/1261/1261
f 1339/1339/1339 1259/1259/1259 1263/1263/1263
f 1339/1339/1339 1258/1258/1258 1259/1259/1259
f 1339/1339/1339 1261/1261/1261 1258/1258/1258
f 1341/1341/1341 1261/1261/1261 1340/1340/1340
f 1341/1341/1341 1167/1167/1167 1261/1261/1261
f 1342/1342/1342 1340/1340/1340 1343/1343/1343
f 1342/1342/1342 1167/1167/1167 1341/1341/1341
f 1342/1342/1342 1341/1341/1341 1340/1340/1340
f 1344/1344/1344 1339/1339/1339 1263/1263/1263
f 1344/1344/1344 1263/1263/1263 1212/1212/1212
f 1344/1344/1344 1340/1340/1340 1339/1339/1339
f 1345/1345/1345 1342/1342/1342 1343/1343/1343
f 1345/1345/1345 1343/1343/1343 1346/1346/1346
f 1345/1345/1345 1166/1166/1166 1167/1167/1167
f 1345/1345/1345 1167/1167/1167 1342/1342/1342
f 1347/1347/1347 1343/1343/1343 1340/1340/1340
f 1347/1347/1347 1344/1344/1344 1212/1212/1212
f 1347/1347/1347 1340/1340/1340 1344/1344/1344
f 1347/1347/1347 1212/1212/1212 1213/1213/1213
f 1348/1348/1348 1345/1345/1345 1346/1346/1346
f 1348/1348/1348 1166/1166/1166 1345/1345/1345
f 1348/1348/1348 1264/1264/1264 1166/1166/1166
f 1349/1349/1349 1346/1346/1346 1343/1343/1343
f 1349/1349/1349 1343/1343/1343 1347/1347/1347
f 1349/1349/1349 1347/1347/1347 1213/1213/1213
f 1350/1350/1350 1346/1346/1346 1349/1349/1349
f 1350/1350/1350 1267/1267/1267 1346/1346/1346
f 1350/1350/1350 1213/1213/1213 1267/1267/1267
f 1350/1350/1350 1349/1349/1349 1213/1213/1213
f 1351/1351/1351 1346/1346/1346 1267/1267/1267
f 1351/1351/1351 1266/1266/1266 1264/1264/1264
f 1351/1351/1351 1348/1348/1348 1346/1346/1346
f 1351/1351/1351 1264/1264/1264 1348/1348/1348
f 1351/1351/1351 1267/1267/1267 1268/1268/1268
f 1351/1351/1351 1268/1268/1268 1266/1266/1266
f 1352/1352/1352 1165/1165/1165 1265/1265/1265
f 1352/1352/1352 1265/1265/1265 1269/1269/1269
f 1353/1353/1353 1164/1164/1164 1165/1165/1165
f 1353/1353/1353 1352/1352/1352 1269/1269/1269
f 1353/1353/1353 1269/1269/1269 1354/1354/1354
f 1353/1353/1353 1165/1165/1165 1352/1352/1352
f 1355/1355/1355 1164/1164/1164 1353/1353/1353
f 1355/1355/1355 1353/1353/1353 1354/1354/1354
f 1355/1355/1355 1354/1354/1354 1356/1356/1356
f 1357/1357/1357 1270/1270/1270 1215/1215/1215
f 1357/1357/1357 1269/1269/1269 1270/1270/1270
f 1358/1358/1358 1164/1164/1164 1355/1355/1355
f 1358/1358/1358 1355/1355/1355 1356/1356/1356
f 1358/1358/1358 1271/1271/1271 1164/1164/1164
f 1358/1358/1358 1356/1356/1356 1271/1271/1271
f 1359/1359/1359 1357/1357/1357 1215/1215/1215
f 1359/1359/1359 1269/1269/1269 1357/1357/1357
f 1359/1359/1359 1354/1354/1354 1269/1269/1269
f 1360/1360/1360 1356/1356/1356 1354/1354/1354
f 1360/1360/1360 1354/1354/1354 1359/1359/1359
f 1360/1360/1360 1359/1359/1359 1215/1215/1215
f 1360/1360/1360 1215/1215/1215 1216/1216/1216
f 1361/1361/1361 1356/1356/1356 1360/1360/1360
f 1361/1361/1361 1360/1360/1360 1216/1216/1216
f 1361/1361/1361 1216/1216/1216 1272/1272/1272
f 1362/1362/1362 1157/1157/1157 1158/1158/1158
f 1362/1362/1362 1158/1158/1158 1159/1159/1159
f 1362/1362/1362 1271/1271/1271 1356/1356/1356
f 1362/1362/1362 1356/1356/1356 1361/1361/1361
f 1362/1362/1362 1361/1361/1361 1272/1272/1272
f 1362/1362/1362 1159/1159/1159 1271/1271/1271
f 1362/1362/1362 1272/1272/1272 1157/1157/1157
v -9360.479492 17769.751953 22758.037109
v -10739.272461 17769.751953 22758.037109
v -10739.272461 17788.396484 22522.689453
v -10739.272461 17846.103516 22286.470703
v -10739.272461 17943.253906 22059.121094
v -10739.272461 18077.019531 21850.300781
v -10739.272461 18241.554688 21668.265625
v -10739.272461 18428.814453 21518.890625
v -10739.272461 18632.607422 21403.558594
v -10739.272461 18857.767578 21319.916016
v -10739.272461 19099.062500 21272.710938
v -10739.272461 19347.039062 21265.869141
v -10739.272461 19591.597656 21299.845703
v -10739.272461 19823.261719 21372.105469
v -10739.272461 20033.658203 21476.787109
v -10739.272461 20226.607422 21614.695312
v -10739.272461 20399.669922 21786.324219
v -10739.272461 20544.462891 21987.044922
v -10739.272461 20654.296875 22209.250000
v -10739.272461 20725.210938 22443.601562
v -10739.272461 20750.593750 22601.732422
v -10739.272461 20758.703125 22758.037109
v -9360.479492 20758.703125 22758.037109
v -9360.479492 20739.390625 22518.597656
v -9360.479492 20677.773438 22272.910156
v -9360.479492 20583.333984 22055.599609
v -9360.479492 20466.947266 21870.951172
v -9360.479492 20323.197266 21703.513672
v -9360.479492 20156.337891 21559.048828
v -9360.479492 19972.083984 21441.849609
v -9360.479492 19777.070312 21354.300781
v -9360.479492 19577.892578 21296.867188
v -9360.479492 19380.873047 21268.126953
v -9360.479492 19189.460938 21265.371094
v -9360.479492 18993.806641 21288.279297
v -9360.479492 18794.533203 21339.275391
v -9360.479492 18598.082031 21420.255859
v -9360.479492 18410.904297 21531.136719
v -9360.479492 18239.734375 21669.982422
v -9360.479492 18090.542969 21832.880859
v -9360.479492 17967.949219 22014.332031
v -9360.479492 17874.712891 22207.861328
v -9360.479492 17811.667969 22406.683594
v -9360.479492 17779.785156 22584.794922
vn 0.000000 -1.000000 0.000000
vn 0.000000 -1.000000 0.000000
vn 0.000000 -0.987522 -0.157479
vn 0.000000 -0.948912 -0.315539
vn 0.000000 -0.883905 -0.467666
vn 0.000000 -0.794399 -0.607396
vn 0.000000 -0.684302 -0.729198
vn 0.000000 -0.559004 -0.829165
vn 0.000000 -0.422634 -0.906300
vn 0.000000 -0.271961 -0.962308
vn 0.000000 -0.110594 -0.993866
vn 0.000000 0.055292 -0.998470
vn 0.000000 0.219093 -0.975704
vn 0.000000 0.374065 -0.927402
vn 0.000000 0.514841 -0.857285
vn 0.000000 0.643959 -0.765060
vn 0.000000 0.759760 -0.650204
vn 0.000000 0.856650 -0.515899
vn 0.000000 0.930137 -0.367214
vn 0.000000 0.977617 -0.210391
vn 0.000000 0.994514 -0.104603
vn -0.000000 1.000000 0.000000
vn -0.000000 1.000000 0.000000
vn 0.000000 0.987083 -0.160212
vn 0.000000 0.945846 -0.324615
vn 0.000000 0.882655 -0.470022
vn 0.000000 0.804778 -0.593576
vn 0.000000 0.708593 -0.705617
vn 0.000000 0.596940 -0.802286
vn 0.000000 0.473654 -0.880711
vn 0.000000 0.343144 -0.939283
vn 0.000000 0.209901 -0.977723
vn 0.000000 0.078059 -0.996949
vn 0.000000 -0.049942 -0.998752
vn 0.000000 -0.180995 -0.983484
vn 0.000000 -0.314265 -0.949335
vn 0.000000 -0.445745 -0.895160
vn 0.000000 -0.570987 -0.820959
vn 0.000000 -0.685522 -0.728052
vn 0.000000 -0.785350 -0.619052
vn 0.000000 -0.867386 -0.497636
vn 0.000000 -0.929769 -0.368143
vn 0.000000 -0.971975 -0.235084
vn 0.000000 -0.993255 -0.115948
vt -0.200000 9.390066
vt -1.578793 9.390066
vt -1.578793 9.135376
vt -1.578793 8.886339
vt -1.578793 8.642768
vt -1.578793 8.404487
vt -1.578793 8.171316
vt -1.578793 7.943127
vt -1.578793 7.716675
vt -1.578793 7.477682
vt -1.578793 7.222558
vt -1.578793 6.951738
vt -1.578793 6.690562
vt -1.578793 6.446176
vt -1.578793 6.217056
vt -1.578793 5.990341
vt -1.578793 5.758865
vt -1.578793 5.522300
vt -1.578793 5.280512
vt -1.578793 5.033316
vt -1.578793 4.865444
vt -1.578793 4.695033
vt -0.200000 4.695033
vt -0.200000 4.954054
vt -0.200000 5.213076
vt -0.200000 5.446195
vt -0.200000 5.656002
vt -0.200000 5.865809
vt -0.200000 6.075616
vt -0.200000 6.285423
vt -0.200000 6.495231
vt -0.200000 6.705038
vt -0.200000 6.914845
vt -0.200000 7.124652
vt -0.200000 7.334460
vt -0.200000 7.544267
vt -0.200000 7.754074
vt -0.200000 7.963881
vt -0.200000 8.173689
vt -0.200000 8.383496
vt -0.200000 8.593303
vt -0.200000 8.803110
vt -0.200000 9.012918
vt -0.200000 9.201491
f 1385/1385/1385 1383/1383/1383 1384/1384/1384
f 1386/1386/1386 1382/1382/1382 1383/1383/1383
f 1386/1386/1386 1383/1383/1383 1385/1385/1385
f 1387/1387/1387 1381/1381/1381 1382/1382/1382
f 1387/1387/1387 1382/1382/1382 1386/1386/1386
f 1388/1388/1388 1380/1380/1380 1381/1381/1381
f 1388/1388/1388 1381/1381/1381 1387/1387/1387
f 1389/1389/1389 1379/1379/1379 1380/1380/1380
f 1389/1389/1389 1380/1380/1380 1388/1388/1388
f 1390/1390/1390 1378/1378/1378 1379/1379/1379
f 1390/1390/1390 1379/1379/1379 1389/1389/1389
f 1391/1391/1391 1377/1377/1377 1378/1378/1378
f 1391/1391/1391 1378/1378/1378 1390/1390/1390
f 1392/1392/1392 1376/1376/1376 1377/1377/1377
f 1392/1392/1392 1377/1377/1377 1391/1391/1391
f 1393/1393/1393 1375/1375/1375 1376/1376/1376
f 1393/1393/1393 1376/1376/1376 1392/1392/1392
f 1394/1394/1394 1375/1375/1375 1393/1393/1393
f 1395/1395/1395 1374/1374/1374 1375/1375/1375
f 1395/1395/1395 1375/1375/1375 1394/1394/1394
f 1396/1396/1396 1373/1373/1373 1374/1374/1374
f 1396/1396/1396 1374/1374/1374 1395/1395/1395
f 1397/1397/1397 1373/1373/1373 1396/1396/1396
f 1397/1397/1397 1372/1372/1372 1373/1373/1373
f 1398/1398/1398 1372/1372/1372 1397/1397/1397
f 1398/1398/1398 1371/1371/1371 1372/1372/1372
f 1399/1399/1399 1370/1370/1370 1371/1371/1371
f 1399/1399/1399 1371/1371/1371 1398/1398/1398
f 1400/1400/1400 1369/1369/1369 1370/1370/1370
f 1400/1400/1400 1370/1370/1370 1399/1399/1399
f 1401/1401/1401 1369/1369/1369 1400/1400/1400
f 1402/1402/1402 1368/1368/1368 1369/1369/1369
f 1402/1402/1402 1369/1369/1369 1401/1401/1401
f 1403/1403/1403 1367/1367/1367 1368/1368/1368
f 1403/1403/1403 1368/1368/1368 1402/1402/1402
f 1404/1404/1404 1366/1366/1366 1367/1367/1367
f 1404/1404/1404 1367/1367/1367 1403/1403/1403
f 1405/1405/1405 1365/1365/1365 1366/1366/1366
f 1405/1405/1405 1366/1366/1366 1404/1404/1404
f 1406/1406/1406 1364/1364/1364 1365/1365/1365
f 1406/1406/1406 1365/1365/1365 1405/1405/1405
f 1363/1363/1363 1364/1364/1364 1406/1406/1406
v -10939.272461 20558.703125 22758.037109
v -10936.736328 20590.453125 22758.037109
v -10928.642578 20623.039062 22758.037109
v -10916.238281 20651.886719 22758.037109
v -10897.434570 20681.115234 22758.037109
v -10874.298828 20706.242188 22758.037109
v -10849.433594 20725.630859 22758.037109
v -10820.044922 20741.667969 22758.037109
v -10790.241211 20752.099609 22758.037109
v -10764.407227 20757.117188 22758.037109
v -10739.272461 20758.703125 22758.037109
v -10739.272461 20740.060547 22522.689453
v -10739.272461 20682.351562 22286.470703
v -10739.272461 20585.203125 22059.121094
v -10739.272461 20451.437500 21850.300781
v -10739.272461 20286.900391 21668.265625
v -10739.272461 20099.642578 21518.890625
v -10739.272461 19895.847656 21403.558594
v -10739.272461 19670.689453 21319.916016
v -10739.272461 19429.394531 21272.710938
v -10739.272461 19181.417969 21265.869141
v -10739.272461 18936.857422 21299.845703
v -10739.272461 18705.195312 21372.105469
v -10739.272461 18494.798828 21476.787109
v -10739.272461 18301.849609 21614.695312
v -10739.272461 18128.787109 21786.324219
v -10739.272461 17983.994141 21987.044922
v -10739.272461 17874.160156 22209.250000
v -10739.272461 17803.246094 22443.601562
v -10739.272461 17777.861328 22601.732422
v -10739.272461 17769.751953 22758.037109
v -10771.021484 17772.289062 22758.037109
v -10803.607422 17780.382812 22758.037109
v -10832.456055 17792.787109 22758.037109
v -10861.683594 17811.589844 22758.037109
v -10886.811523 17834.726562 22758.037109
v -10906.198242 17859.591797 22758.037109
v -10922.236328 17888.980469 22758.037109
v -10932.668945 17918.785156 22758.037109
v -10937.686523 17944.617188 22758.037109
v -10939.272461 17969.751953 22758.037109
v -10939.272461 17988.451172 22538.867188
v -10939.272461 18046.277344 22319.550781
v -10939.272461 18131.923828 22130.701172
v -10939.272461 18234.119141 21974.111328
v -10939.272461 18356.603516 21835.060547
v -10939.272461 18494.804688 21717.093750
v -10939.272461 18644.142578 21621.654297
v -10939.272461 18806.025391 21547.423828
v -10939.272461 18981.658203 21494.767578
v -10939.272461 19165.699219 21467.320312
v -10939.272461 19352.830078 21466.603516
v -10939.272461 19537.173828 21492.652344
v -10939.272461 19713.392578 21544.044922
v -10939.272461 19876.072266 21617.195312
v -10939.272461 20025.955078 21711.447266
v -10939.272461 20164.855469 21828.230469
v -10939.272461 20288.296875 21966.236328
v -10939.272461 20391.667969 22122.003906
v -10939.272461 20471.482422 22290.912109
v -10939.272461 20525.646484 22467.523438
v -10939.272461 20550.683594 22613.585938
v -10816.829102 17787.392578 22681.363281
v -10926.747070 17904.867188 22643.935547
v -10812.890625 17847.150391 22329.580078
v -10812.890625 17887.480469 22213.750000
v -10880.693359 17929.148438 22229.490234
v -10925.229492 17946.482422 22390.298828
v -10812.890625 17936.990234 22102.199219
v -10925.229492 17984.431641 22274.503906
v -10925.229492 18027.076172 22173.968750
v -10812.890625 18177.597656 21752.593750
v -10880.693359 18146.957031 21856.093750
v -10880.693359 18248.896484 21742.705078
v -10812.890625 18263.248047 21667.292969
v -10925.229492 18233.775391 21858.121094
v -10925.229492 18300.902344 21786.601562
v -10880.693359 18374.744141 21630.820312
v -10925.229492 18371.574219 21721.287109
v -10812.890625 18609.199219 21430.400391
v -10812.890625 18714.867188 21383.306641
v -10925.229492 18684.085938 21519.039062
v -10812.890625 18829.324219 21342.925781
v -10880.693359 18735.681641 21422.957031
v -10925.229492 18770.300781 21482.216797
v -10925.229492 18862.849609 21450.146484
v -10880.693359 19169.933594 21325.240234
v -10880.693359 19264.228516 21322.140625
v -10812.890625 19223.509766 21278.164062
v -10812.890625 19345.349609 21279.828125
v -10925.229492 19212.537109 21390.919922
v -10925.229492 19310.714844 21390.732422
v -10880.693359 19392.634766 21327.892578
v -10812.890625 19738.197266 21355.527344
v -10925.229492 19660.525391 21448.597656
v -10812.890625 19849.681641 21398.285156
v -10880.693359 19792.773438 21422.957031
v -10925.229492 19753.386719 21480.380859
v -10880.693359 19907.164062 21474.123047
v -10925.229492 19839.925781 21516.966797
v -10812.890625 20205.515625 21615.380859
v -10812.890625 20294.300781 21694.724609
v -10925.229492 20153.037109 21717.988281
v -10812.890625 20378.187500 21782.958984
v -10880.693359 20279.560547 21742.705078
v -10925.229492 20223.876953 21782.970703
v -10925.229492 20291.212891 21854.166016
v -10812.890625 20608.941406 22138.822266
v -10812.890625 20655.460938 22251.921875
v -10880.693359 20599.308594 22229.490234
v -10925.229492 20499.146484 22169.259766
v -10925.229492 20538.212891 22259.394531
v -10880.693359 20646.796875 22370.345703
v -10925.229492 20570.832031 22352.494141
v -10808.937500 20741.681641 22642.687500
v -10923.622070 20634.162109 22682.173828
v -10812.890625 17794.619141 22579.351562
v -10883.788086 17834.783203 22661.031250
v -10880.693359 17841.841797 22561.531250
v -10812.890625 17806.253906 22501.142578
v -10880.693359 17854.439453 22485.466797
v -10812.890625 17813.736328 22461.796875
v -10925.229492 17912.253906 22548.640625
v -10925.229492 17918.369141 22512.380859
v -10880.693359 17885.392578 22357.269531
v -10880.693359 17971.285156 22133.458984
v -10880.693359 18020.974609 22039.621094
v -10812.890625 17989.158203 22005.787109
v -10812.890625 18017.099609 21960.318359
v -10880.693359 18076.013672 21951.843750
v -10925.229492 18073.550781 22084.263672
v -10812.890625 18087.378906 21859.869141
v -10925.229492 18098.552734 22041.878906
v -10812.890625 18125.755859 21811.693359
v -10925.229492 18153.392578 21959.458984
v -10925.229492 18187.507812 21914.025391
v -10812.890625 18328.912109 21610.488281
v -10812.890625 18375.378906 21574.132812
v -10880.693359 18467.076172 21563.738281
v -10812.890625 18472.009766 21507.408203
v -10880.693359 18550.576172 21512.042969
v -10925.229492 18433.798828 21670.808594
v -10812.890625 18515.208984 21481.066406
v -10925.229492 18477.679688 21638.650391
v -10925.229492 18556.244141 21587.378906
v -10925.229492 18596.556641 21563.927734
v -10880.693359 18642.097656 21463.914062
v -10880.693359 18842.683594 21385.412109
v -10880.693359 18950.181641 21356.904297
v -10812.890625 18940.158203 21313.509766
v -10812.890625 18993.271484 21302.611328
v -10880.693359 19052.980469 21337.765625
v -10925.229492 18965.271484 21423.005859
v -10812.890625 19114.798828 21285.164062
v -10925.229492 19014.353516 21412.955078
v -10812.890625 19174.697266 21280.314453
v -10925.229492 19111.755859 21398.464844
v -10925.229492 19167.269531 21393.382812
v -10812.890625 19412.263672 21285.023438
v -10812.890625 19464.837891 21291.259766
v -10880.693359 19494.755859 21340.765625
v -10925.229492 19372.152344 21394.207031
v -10812.890625 19584.212891 21312.599609
v -10880.693359 19610.882812 21364.613281
v -10925.229492 19420.482422 21398.894531
v -10812.890625 19644.240234 21327.207031
v -10925.229492 19518.267578 21413.736328
v -10925.229492 19573.630859 21425.388672
v -10880.693359 19702.066406 21390.521484
v -10812.890625 19908.548828 21425.169922
v -10812.890625 19959.986328 21451.285156
v -10880.693359 20005.652344 21528.367188
v -10812.890625 20060.433594 21509.943359
v -10880.693359 20088.156250 21582.052734
v -10925.229492 19893.873047 21543.447266
v -10812.890625 20102.783203 21537.992188
v -10925.229492 19940.910156 21569.011719
v -10925.229492 20020.564453 21618.019531
v -10925.229492 20059.294922 21644.685547
v -10880.693359 20187.177734 21658.052734
v -10880.693359 20343.394531 21810.830078
v -10880.693359 20402.544922 21882.802734
v -10812.890625 20439.068359 21857.242188
v -10812.890625 20470.994141 21900.484375
v -10880.693359 20462.966797 21967.580078
v -10925.229492 20347.667969 21922.667969
v -10812.890625 20538.056641 22003.687500
v -10880.693359 20524.257812 22069.470703
v -10925.229492 20377.285156 21962.558594
v -10812.890625 20568.097656 22056.888672
v -10925.229492 20431.830078 22045.023438
v -10925.229492 20460.304688 22093.896484
v -10880.693359 20564.449219 22148.757812
v -10812.890625 20679.787109 22324.587891
v -10812.890625 20710.488281 22441.787109
v -10880.693359 20673.722656 22483.945312
v -10812.890625 20722.035156 22500.201172
v -10880.693359 20687.080078 22564.925781
v -10812.890625 20728.804688 22541.935547
v -10925.229492 20589.861328 22419.839844
v -10925.229492 20602.505859 22473.966797
v -10925.229492 20616.613281 22551.310547
v -10925.229492 20621.927734 22589.718750
v -10877.529297 20700.029297 22662.279297
vn -1.000000 -0.000000 0.000000
vn -0.987319 0.158748 -0.000000
vn -0.946850 0.321674 -0.000000
vn -0.884828 0.465918 -0.000000
vn -0.790814 0.612056 -0.000000
vn -0.675131 0.737698 -0.000000
vn -0.550808 0.834632 -0.000000
vn -0.403863 0.914819 -0.000000
vn -0.254843 0.966982 -0.000000
vn -0.125674 0.992072 -0.000000
vn -0.000000 1.000000 0.000000
vn -0.000000 0.987522 -0.157479
vn -0.000000 0.948912 -0.315539
vn -0.000000 0.883905 -0.467666
vn -0.000000 0.794399 -0.607396
vn -0.000000 0.684302 -0.729198
vn -0.000000 0.559004 -0.829165
vn 0.000000 0.422634 -0.906300
vn 0.000000 0.271961 -0.962308
vn -0.000000 0.110594 -0.993866
vn -0.000000 -0.055292 -0.998470
vn 0.000000 -0.219093 -0.975704
vn -0.000000 -0.374065 -0.927402
vn -0.000000 -0.514841 -0.857285
vn -0.000000 -0.643959 -0.765060
vn -0.000000 -0.759760 -0.650204
vn 0.000000 -0.856650 -0.515899
vn 0.000000 -0.930137 -0.367214
vn -0.000000 -0.977617 -0.210391
vn -0.000000 -0.994514 -0.104603
vn -0.000000 -1.000000 -0.000000
vn -0.158748 -0.987319 0.000000
vn -0.321674 -0.946850 0.000000
vn -0.465918 -0.884828 0.000000
vn -0.612056 -0.790814 0.000000
vn -0.737698 -0.675131 0.000000
vn -0.834632 -0.550808 0.000000
vn -0.914819 -0.403863 0.000000
vn -0.966982 -0.254843 0.000000
vn -0.992072 -0.125674 0.000000
vn -1.000000 0.000000 -0.000000
vn -1.000000 0.000000 0.000000
vn -1.000000 0.000000 0.000000
vn -1.000000 0.000000 0.000000
vn -1.000000 0.000000 0.000000
vn -1.000000 0.000000 0.000000
vn -1.000000 0.000000 0.000000
vn -1.000000 0.000000 0.000000
vn -1.000000 0.000000 0.000000
vn -1.000000 0.000000 0.000000
vn -1.000000 0.000000 0.000000
vn -1.000000 -0.000000 0.000000
vn -1.000000 -0.000000 0.000000
vn -1.000000 -0.000000 0.000000
vn -1.000000 -0.000000 0.000000
vn -1.000000 -0.000000 0.000000
vn -1.000000 -0.000000 0.000000
vn -1.000000 -0.000000 0.000000
vn -1.000000 -0.000000 0.000000
vn -1.000000 -0.000000 0.000000
vn -1.000000 -0.000000 0.000000
vn -1.000000 -0.000000 0.000000
vn -0.387784 -0.920510 -0.047790
vn -0.937373 -0.347106 -0.029135
vn -0.368095 -0.889997 -0.269093
vn -0.368095 -0.864668 -0.341841
vn -0.707107 -0.657460 -0.260282
vn -0.929788 -0.354548 -0.098942
vn -0.368095 -0.833573 -0.411900
vn -0.929788 -0.344338 -0.130098
vn -0.929788 -0.332864 -0.157147
vn -0.368095 -0.682460 -0.631470
vn -0.707107 -0.550200 -0.444162
vn -0.707107 -0.500000 -0.500000
vn -0.368095 -0.628667 -0.685043
vn -0.929788 -0.277250 -0.242128
vn -0.929788 -0.259189 -0.261371
vn -0.707107 -0.438026 -0.555097
vn -0.929788 -0.240174 -0.278944
vn -0.368095 -0.411392 -0.833824
vn -0.368095 -0.345027 -0.863402
vn -0.929788 -0.156091 -0.333360
vn -0.368095 -0.273141 -0.888763
vn -0.707107 -0.260282 -0.657460
vn -0.929788 -0.132895 -0.343268
vn -0.929788 -0.107994 -0.351896
vn -0.707107 -0.046435 -0.705580
vn -0.707107 -0.000000 -0.707107
vn -0.368095 -0.025573 -0.929437
vn -0.368095 0.050949 -0.928391
vn -0.929788 -0.013908 -0.367832
vn -0.929788 0.012507 -0.367882
vn -0.707107 0.063233 -0.704274
vn -0.368095 0.297677 -0.880849
vn -0.929788 0.106626 -0.352313
vn -0.368095 0.367695 -0.853994
vn -0.707107 0.260282 -0.657460
vn -0.929788 0.131611 -0.343762
vn -0.707107 0.316613 -0.632263
vn -0.929788 0.154895 -0.333918
vn -0.368095 0.591177 -0.717646
vn -0.368095 0.646939 -0.667815
vn -0.929788 0.239140 -0.279832
vn -0.368095 0.699624 -0.612399
vn -0.707107 0.500000 -0.500000
vn -0.929788 0.258200 -0.262348
vn -0.929788 0.276317 -0.243193
vn -0.368095 0.844550 -0.388898
vn -0.368095 0.873766 -0.317866
vn -0.707107 0.657460 -0.260282
vn -0.929788 0.332263 -0.158414
vn -0.929788 0.342774 -0.134163
vn -0.707107 0.680845 -0.190918
vn -0.929788 0.351551 -0.109114
vn -0.348326 0.934529 -0.072962
vn -0.921750 0.387191 -0.021442
vn -0.368095 -0.922991 -0.112224
vn -0.722581 -0.689700 -0.046804
vn -0.707107 -0.700454 -0.096769
vn -0.368095 -0.915683 -0.161343
vn -0.707107 -0.694250 -0.134227
vn -0.368095 -0.910983 -0.186054
vn -0.929788 -0.363758 -0.056340
vn -0.929788 -0.362112 -0.066095
vn -0.707107 -0.679007 -0.197358
vn -0.707107 -0.636709 -0.307573
vn -0.707107 -0.612240 -0.353783
vn -0.368095 -0.800810 -0.472452
vn -0.368095 -0.783261 -0.501008
vn -0.707107 -0.585136 -0.397009
vn -0.929788 -0.320359 -0.181283
vn -0.368095 -0.739122 -0.564096
vn -0.929788 -0.313633 -0.192687
vn -0.368095 -0.715019 -0.594352
vn -0.929788 -0.298877 -0.214863
vn -0.929788 -0.289699 -0.227087
vn -0.368095 -0.587426 -0.720720
vn -0.368095 -0.558243 -0.743553
vn -0.707107 -0.392557 -0.588132
vn -0.368095 -0.497554 -0.785459
vn -0.707107 -0.351438 -0.613589
vn -0.929788 -0.223433 -0.292526
vn -0.368095 -0.470423 -0.802003
vn -0.929788 -0.211626 -0.301178
vn -0.929788 -0.190488 -0.314973
vn -0.929788 -0.179641 -0.321283
vn -0.707107 -0.306368 -0.637290
vn -0.707107 -0.207590 -0.675949
vn -0.707107 -0.154652 -0.689987
vn -0.368095 -0.203533 -0.907238
vn -0.368095 -0.170175 -0.914083
vn -0.707107 -0.104029 -0.699413
vn -0.929788 -0.080436 -0.359199
vn -0.368095 -0.093849 -0.925040
vn -0.929788 -0.067230 -0.361903
vn -0.368095 -0.056230 -0.928086
vn -0.929788 -0.041024 -0.365802
vn -0.929788 -0.026087 -0.367169
vn -0.368095 0.092974 -0.925128
vn -0.368095 0.125993 -0.921212
vn -0.707107 0.113524 -0.697934
vn -0.929788 0.029038 -0.366948
vn -0.368095 0.200967 -0.907810
vn -0.707107 0.170710 -0.686191
vn -0.929788 0.042041 -0.365686
vn -0.368095 0.238668 -0.898635
vn -0.929788 0.068351 -0.361693
vn -0.929788 0.083247 -0.358558
vn -0.707107 0.215613 -0.673432
vn -0.368095 0.404666 -0.837109
vn -0.368095 0.436972 -0.820708
vn -0.707107 0.365114 -0.605551
vn -0.368095 0.500058 -0.783867
vn -0.707107 0.405743 -0.579113
vn -0.929788 0.169410 -0.326794
vn -0.368095 0.526656 -0.766251
vn -0.929788 0.182066 -0.319915
vn -0.929788 0.203497 -0.306729
vn -0.929788 0.213918 -0.299554
vn -0.707107 0.454506 -0.541686
vn -0.707107 0.531435 -0.466452
vn -0.707107 0.560564 -0.431009
vn -0.368095 0.737860 -0.565746
vn -0.368095 0.757912 -0.538587
vn -0.707107 0.590319 -0.389261
vn -0.929788 0.291506 -0.224761
vn -0.368095 0.800030 -0.473771
vn -0.707107 0.620501 -0.339084
vn -0.929788 0.299475 -0.214029
vn -0.368095 0.818897 -0.440357
vn -0.929788 0.314151 -0.191841
vn -0.929788 0.321812 -0.178691
vn -0.707107 0.640294 -0.300040
vn -0.368095 0.889043 -0.272228
vn -0.368095 0.908326 -0.198621
vn -0.707107 0.694105 -0.134976
vn -0.368095 0.915578 -0.161934
vn -0.707107 0.700683 -0.095097
vn -0.368095 0.919829 -0.135723
vn -0.929788 0.356670 -0.090994
vn -0.929788 0.360072 -0.076431
vn -0.929788 0.363868 -0.055621
vn -0.929788 0.365298 -0.045287
vn -0.691286 0.720980 -0.048084
vt 1.570796 6.283185
vt 1.399030 6.283185
vt 1.227263 6.283185
vt 1.072673 6.283185
vt 0.905716 6.283185
vt 0.743434 6.283185
vt 0.593172 6.283185
vt 0.430890 6.283185
vt 0.273152 6.283185
vt 0.136576 6.283185
vt 0.000000 6.283185
vt -0.000000 6.112765
vt -0.000000 5.946126
vt -0.000000 5.783145
vt -0.000000 5.623703
vt -0.000000 5.467682
vt -0.000000 5.314993
vt 0.000000 5.163467
vt 0.000000 5.003550
vt -0.000000 4.832839
vt -0.000000 4.651625
vt 0.000000 4.476863
vt -0.000000 4.313337
vt -0.000000 4.160026
vt -0.000000 4.008324
vt -0.000000 3.853436
vt 0.000000 3.695143
vt 0.000000 3.533355
vt -0.000000 3.367949
vt -0.000000 3.255620
vt 0.000000 3.141593
vt 0.171767 3.141593
vt 0.343533 3.141593
vt 0.498123 3.141593
vt 0.665080 3.141593
vt 0.827362 3.141593
vt 0.977624 3.141593
vt 1.139906 3.141593
vt 1.297645 3.141593
vt 1.434220 3.141593
vt 1.570796 3.141593
vt 1.570796 3.324553
vt 1.570796 3.503158
vt 1.570796 3.660305
vt 1.570796 3.798916
vt 1.570796 3.934938
vt 1.570796 4.068404
vt 1.570796 4.199872
vt 1.570796 4.334697
vt 1.570796 4.477668
vt 1.570796 4.629077
vt 1.570796 4.787365
vt 1.570796 4.939288
vt 1.570796 5.082678
vt 1.570796 5.217898
vt 1.570796 5.349342
vt 1.570796 5.482677
vt 1.570796 5.618562
vt 1.570796 5.757034
vt 1.570796 5.898171
vt 1.570796 6.042052
vt 1.570796 6.161654
vt 0.413681 3.198606
vt 1.199079 3.233073
vt 0.392699 3.451120
vt 0.392699 3.533823
vt 0.785398 3.534292
vt 1.178097 3.429422
vt 0.392699 3.614717
vt 1.178097 3.518725
vt 1.178097 3.597298
vt 0.392699 3.890213
vt 0.785398 3.826176
vt 0.785398 3.926991
vt 0.392699 3.967657
vt 1.178097 3.862953
vt 1.178097 3.930964
vt 0.785398 4.038364
vt 1.178097 3.997698
vt 0.392699 4.239858
vt 0.392699 4.316514
vt 1.178097 4.259781
vt 0.392699 4.398277
vt 0.785398 4.319690
vt 1.178097 4.327194
vt 1.178097 4.398679
vt 0.785398 4.640351
vt 0.785398 4.712389
vt 0.392699 4.682007
vt 0.392699 4.772614
vt 1.178097 4.670733
vt 1.178097 4.749877
vt 0.785398 4.810102
vt 0.392699 5.054319
vt 1.178097 5.022188
vt 0.392699 5.134278
vt 0.785398 5.105088
vt 1.178097 5.093884
vt 0.785398 5.190683
vt 1.178097 5.161493
vt 0.392699 5.406390
vt 0.392699 5.482735
vt 1.178097 5.423565
vt 0.392699 5.560745
vt 0.785398 5.497787
vt 1.178097 5.490232
vt 1.178097 5.558175
vt 0.392699 5.836816
vt 0.392699 5.918306
vt 0.785398 5.890486
vt 1.178097 5.823760
vt 1.178097 5.894329
vt 0.785398 5.994089
vt 1.178097 5.966269
vt 0.371717 6.197975
vt 1.157115 6.222420
vt 0.392699 3.272853
vt 0.806380 3.215840
vt 0.785398 3.290087
vt 0.392699 3.329018
vt 0.785398 3.346251
vt 0.392699 3.357100
vt 1.178097 3.307320
vt 1.178097 3.335402
vt 0.785398 3.440271
vt 0.785398 3.606008
vt 0.785398 3.677724
vt 0.392699 3.686434
vt 0.392699 3.721086
vt 0.785398 3.747030
vt 1.178097 3.669015
vt 0.392699 3.800233
vt 1.178097 3.703667
vt 0.392699 3.839806
vt 1.178097 3.772973
vt 1.178097 3.812546
vt 0.392699 4.023344
vt 0.392699 4.061269
vt 0.785398 4.114215
vt 0.392699 4.137120
vt 0.785398 4.179949
vt 1.178097 4.053384
vt 0.392699 4.169987
vt 1.178097 4.091310
vt 1.178097 4.157043
vt 1.178097 4.189910
vt 0.785398 4.249819
vt 0.785398 4.398478
vt 0.785398 4.477266
vt 0.392699 4.477065
vt 0.392699 4.514917
vt 0.785398 4.552970
vt 1.178097 4.477467
vt 0.392699 4.602297
vt 1.178097 4.515319
vt 0.392699 4.645988
vt 1.178097 4.591024
vt 1.178097 4.634714
vt 0.392699 4.821470
vt 0.392699 4.859451
vt 0.785398 4.886063
vt 1.178097 4.798734
vt 0.392699 4.944806
vt 0.785398 4.971419
vt 1.178097 4.836714
vt 0.392699 4.987484
vt 1.178097 4.912675
vt 1.178097 4.955353
vt 0.785398 5.038253
vt 0.392699 5.177075
vt 0.392699 5.214957
vt 0.785398 5.266446
vt 0.392699 5.290720
vt 0.785398 5.332168
vt 1.178097 5.204290
vt 0.392699 5.323581
vt 1.178097 5.242172
vt 1.178097 5.307894
vt 1.178097 5.340755
vt 0.785398 5.414978
vt 0.785398 5.559460
vt 0.785398 5.621133
vt 0.392699 5.622418
vt 0.392699 5.657036
vt 0.785398 5.690369
vt 1.178097 5.619848
vt 0.392699 5.736757
vt 0.785398 5.770090
vt 1.178097 5.654466
vt 0.392699 5.776618
vt 1.178097 5.723701
vt 1.178097 5.763562
vt 0.785398 5.830288
vt 0.392699 5.970108
vt 0.392699 6.053427
vt 0.785398 6.077408
vt 0.392699 6.095087
vt 0.785398 6.137209
vt 0.392699 6.124987
vt 1.178097 6.018071
vt 1.178097 6.059730
vt 1.178097 6.119531
vt 1.178097 6.149432
vt 0.764416 6.210197
f 1469/1469/1469 1436/1436/1436 1437/1437/1437
f 1469/1469/1469 1437/1437/1437 1438/1438/1438
f 1469/1469/1469 1438/1438/1438 1439/1439/1439
f 1469/1469/1469 1439/1439/1439 1440/1440/1440
f 1469/1469/1469 1440/1440/1440 1441/1441/1441
f 1470/1470/1470 1444/1444/1444 1445/1445/1445
f 1470/1470/1470 1445/1445/1445 1446/1446/1446
f 1470/1470/1470 1446/1446/1446 1447/1447/1447
f 1470/1470/1470 1447/1447/1447 1448/1448/1448
f 1471/1471/1471 1434/1434/1434 1435/1435/1435
f 1472/1472/1472 1471/1471/1471 1473/1473/1473
f 1472/1472/1472 1434/1434/1434 1471/1471/1471
f 1474/1474/1474 1448/1448/1448 1449/1449/1449
f 1475/1475/1475 1433/1433/1433 1434/1434/1434
f 1475/1475/1475 1434/1434/1434 1472/1472/1472
f 1476/1476/1476 1474/1474/1474 1449/1449/1449
f 1477/1477/1477 1449/1449/1449 1450/1450/1450
f 1477/1477/1477 1476/1476/1476 1449/1449/1449
f 1477/1477/1477 1473/1473/1473 1476/1476/1476
f 1478/1478/1478 1479/1479/1479 1480/1480/1480
f 1481/1481/1481 1478/1478/1478 1480/1480/1480
f 1481/1481/1481 1431/1431/1431 1432/1432/1432
f 1481/1481/1481 1432/1432/1432 1478/1478/1478
f 1482/1482/1482 1451/1451/1451 1452/1452/1452
f 1482/1482/1482 1480/1480/1480 1479/1479/1479
f 1483/1483/1483 1482/1482/1482 1452/1452/1452
f 1483/1483/1483 1480/1480/1480 1482/1482/1482
f 1484/1484/1484 1481/1481/1481 1480/1480/1480
f 1485/1485/1485 1452/1452/1452 1453/1453/1453
f 1485/1485/1485 1484/1484/1484 1480/1480/1480
f 1485/1485/1485 1480/1480/1480 1483/1483/1483
f 1485/1485/1485 1483/1483/1483 1452/1452/1452
f 1486/1486/1486 1429/1429/1429 1430/1430/1430
f 1487/1487/1487 1429/1429/1429 1486/1486/1486
f 1488/1488/1488 1454/1454/1454 1455/1455/1455
f 1489/1489/1489 1487/1487/1487 1490/1490/1490
f 1489/1489/1489 1429/1429/1429 1487/1487/1487
f 1489/1489/1489 1428/1428/1428 1429/1429/1429
f 1491/1491/1491 1490/1490/1490 1488/1488/1488
f 1491/1491/1491 1488/1488/1488 1455/1455/1455
f 1492/1492/1492 1491/1491/1491 1455/1455/1455
f 1492/1492/1492 1455/1455/1455 1456/1456/1456
f 1493/1493/1493 1494/1494/1494 1495/1495/1495
f 1496/1496/1496 1426/1426/1426 1427/1427/1427
f 1496/1496/1496 1495/1495/1495 1494/1494/1494
f 1496/1496/1496 1427/1427/1427 1495/1495/1495
f 1497/1497/1497 1494/1494/1494 1493/1493/1493
f 1497/1497/1497 1457/1457/1457 1458/1458/1458
f 1498/1498/1498 1497/1497/1497 1458/1458/1458
f 1498/1498/1498 1494/1494/1494 1497/1497/1497
f 1499/1499/1499 1496/1496/1496 1494/1494/1494
f 1499/1499/1499 1494/1494/1494 1498/1498/1498
f 1500/1500/1500 1424/1424/1424 1425/1425/1425
f 1501/1501/1501 1459/1459/1459 1460/1460/1460
f 1502/1502/1502 1500/1500/1500 1503/1503/1503
f 1502/1502/1502 1424/1424/1424 1500/1500/1500
f 1504/1504/1504 1501/1501/1501 1460/1460/1460
f 1505/1505/1505 1502/1502/1502 1503/1503/1503
f 1506/1506/1506 1505/1505/1505 1503/1503/1503
f 1506/1506/1506 1460/1460/1460 1461/1461/1461
f 1506/1506/1506 1504/1504/1504 1460/1460/1460
f 1506/1506/1506 1503/1503/1503 1504/1504/1504
f 1507/1507/1507 1422/1422/1422 1423/1423/1423
f 1508/1508/1508 1422/1422/1422 1507/1507/1507
f 1509/1509/1509 1462/1462/1462 1463/1463/1463
f 1510/1510/1510 1421/1421/1421 1422/1422/1422
f 1510/1510/1510 1422/1422/1422 1508/1508/1508
f 1510/1510/1510 1508/1508/1508 1511/1511/1511
f 1512/1512/1512 1509/1509/1509 1463/1463/1463
f 1512/1512/1512 1511/1511/1511 1509/1509/1509
f 1513/1513/1513 1463/1463/1463 1464/1464/1464
f 1513/1513/1513 1512/1512/1512 1463/1463/1463
f 1513/1513/1513 1511/1511/1511 1512/1512/1512
f 1514/1514/1514 1419/1419/1419 1420/1420/1420
f 1515/1515/1515 1514/1514/1514 1516/1516/1516
f 1515/1515/1515 1419/1419/1419 1514/1514/1514
f 1517/1517/1517 1465/1465/1465 1466/1466/1466
f 1518/1518/1518 1517/1517/1517 1466/1466/1466
f 1519/1519/1519 1515/1515/1515 1516/1516/1516
f 1520/1520/1520 1518/1518/1518 1466/1466/1466
f 1520/1520/1520 1519/1519/1519 1516/1516/1516
f 1520/1520/1520 1466/1466/1466 1467/1467/1467
f 1520/1520/1520 1516/1516/1516 1518/1518/1518
f 1521/1521/1521 1413/1413/1413 1414/1414/1414
f 1521/1521/1521 1414/1414/1414 1415/1415/1415
f 1521/1521/1521 1415/1415/1415 1416/1416/1416
f 1521/1521/1521 1416/1416/1416 1417/1417/1417
f 1521/1521/1521 1417/1417/1417 1418/1418/1418
f 1522/1522/1522 1407/1407/1407 1408/1408/1408
f 1522/1522/1522 1408/1408/1408 1409/1409/1409
f 1522/1522/1522 1409/1409/1409 1410/1410/1410
f 1522/1522/1522 1410/1410/1410 1411/1411/1411
f 1522/1522/1522 1468/1468/1468 1407/1407/1407
f 1523/1523/1523 1436/1436/1436 1469/1469/1469
f 1524/1524/1524 1469/1469/1469 1441/1441/1441
f 1524/1524/1524 1441/1441/1441 1442/1442/1442
f 1524/1524/1524 1523/1523/1523 1469/1469/1469
f 1524/1524/1524 1442/1442/1442 1443/1443/1443
f 1524/1524/1524 1443/1443/1443 1444/1444/1444
f 1524/1524/1524 1525/1525/1525 1523/1523/1523
f 1524/1524/1524 1444/1444/1444 1470/1470/1470
f 1524/1524/1524 1470/1470/1470 1525/1525/1525
f 1526/1526/1526 1435/1435/1435 1436/1436/1436
f 1526/1526/1526 1436/1436/1436 1523/1523/1523
f 1526/1526/1526 1523/1523/1523 1525/1525/1525
f 1526/1526/1526 1525/1525/1525 1527/1527/1527
f 1528/1528/1528 1526/1526/1526 1527/1527/1527
f 1528/1528/1528 1435/1435/1435 1526/1526/1526
f 1528/1528/1528 1471/1471/1471 1435/1435/1435
f 1529/1529/1529 1525/1525/1525 1470/1470/1470
f 1529/1529/1529 1470/1470/1470 1448/1448/1448
f 1529/1529/1529 1527/1527/1527 1525/1525/1525
f 1530/1530/1530 1448/1448/1448 1474/1474/1474
f 1530/1530/1530 1527/1527/1527 1529/1529/1529
f 1530/1530/1530 1474/1474/1474 1527/1527/1527
f 1530/1530/1530 1529/1529/1529 1448/1448/1448
f 1531/1531/1531 1473/1473/1473 1471/1471/1471
f 1531/1531/1531 1528/1528/1528 1527/1527/1527
f 1531/1531/1531 1471/1471/1471 1528/1528/1528
f 1531/1531/1531 1527/1527/1527 1474/1474/1474
f 1531/1531/1531 1474/1474/1474 1476/1476/1476
f 1531/1531/1531 1476/1476/1476 1473/1473/1473
f 1532/1532/1532 1472/1472/1472 1473/1473/1473
f 1532/1532/1532 1473/1473/1473 1477/1477/1477
f 1532/1532/1532 1533/1533/1533 1475/1475/1475
f 1532/1532/1532 1475/1475/1475 1472/1472/1472
f 1534/1534/1534 1475/1475/1475 1533/1533/1533
f 1534/1534/1534 1433/1433/1433 1475/1475/1475
f 1535/1535/1535 1534/1534/1534 1533/1533/1533
f 1535/1535/1535 1433/1433/1433 1534/1534/1534
f 1535/1535/1535 1533/1533/1533 1536/1536/1536
f 1537/1537/1537 1477/1477/1477 1450/1450/1450
f 1537/1537/1537 1533/1533/1533 1532/1532/1532
f 1537/1537/1537 1532/1532/1532 1477/1477/1477
f 1538/1538/1538 1432/1432/1432 1433/1433/1433
f 1538/1538/1538 1535/1535/1535 1536/1536/1536
f 1538/1538/1538 1536/1536/1536 1479/1479/1479
f 1538/1538/1538 1433/1433/1433 1535/1535/1535
f 1539/1539/1539 1450/1450/1450 1451/1451/1451
f 1539/1539/1539 1533/1533/1533 1537/1537/1537
f 1539/1539/1539 1537/1537/1537 1450/1450/1450
f 1539/1539/1539 1536/1536/1536 1533/1533/1533
f 1540/1540/1540 1479/1479/1479 1478/1478/1478
f 1540/1540/1540 1478/1478/1478 1432/1432/1432
f 1540/1540/1540 1432/1432/1432 1538/1538/1538
f 1540/1540/1540 1538/1538/1538 1479/1479/1479
f 1541/1541/1541 1536/1536/1536 1539/1539/1539
f 1541/1541/1541 1539/1539/1539 1451/1451/1451
f 1541/1541/1541 1479/1479/1479 1536/1536/1536
f 1542/1542/1542 1451/1451/1451 1482/1482/1482
f 1542/1542/1542 1482/1482/1482 1479/1479/1479
f 1542/1542/1542 1479/1479/1479 1541/1541/1541
f 1542/1542/1542 1541/1541/1541 1451/1451/1451
f 1543/1543/1543 1481/1481/1481 1484/1484/1484
f 1543/1543/1543 1431/1431/1431 1481/1481/1481
f 1544/1544/1544 1484/1484/1484 1545/1545/1545
f 1544/1544/1544 1430/1430/1430 1431/1431/1431
f 1544/1544/1544 1431/1431/1431 1543/1543/1543
f 1544/1544/1544 1543/1543/1543 1484/1484/1484
f 1546/1546/1546 1544/1544/1544 1545/1545/1545
f 1546/1546/1546 1430/1430/1430 1544/1544/1544
f 1546/1546/1546 1545/1545/1545 1547/1547/1547
f 1548/1548/1548 1485/1485/1485 1453/1453/1453
f 1548/1548/1548 1484/1484/1484 1485/1485/1485
f 1549/1549/1549 1486/1486/1486 1430/1430/1430
f 1549/1549/1549 1430/1430/1430 1546/1546/1546
f 1549/1549/1549 1547/1547/1547 1486/1486/1486
f 1549/1549/1549 1546/1546/1546 1547/1547/1547
f 1550/1550/1550 1545/1545/1545 1484/1484/1484
f 1550/1550/1550 1484/1484/1484 1548/1548/1548
f 1550/1550/1550 1548/1548/1548 1453/1453/1453
f 1551/1551/1551 1550/1550/1550 1453/1453/1453
f 1551/1551/1551 1453/1453/1453 1454/1454/1454
f 1551/1551/1551 1547/1547/1547 1545/1545/1545
f 1551/1551/1551 1545/1545/1545 1550/1550/1550
f 1552/1552/1552 1454/1454/1454 1488/1488/1488
f 1552/1552/1552 1551/1551/1551 1454/1454/1454
f 1552/1552/1552 1547/1547/1547 1551/1551/1551
f 1553/1553/1553 1547/1547/1547 1552/1552/1552
f 1553/1553/1553 1486/1486/1486 1547/1547/1547
f 1553/1553/1553 1490/1490/1490 1487/1487/1487
f 1553/1553/1553 1488/1488/1488 1490/1490/1490
f 1553/1553/1553 1487/1487/1487 1486/1486/1486
f 1553/1553/1553 1552/1552/1552 1488/1488/1488
f 1554/1554/1554 1489/1489/1489 1490/1490/1490
f 1554/1554/1554 1491/1491/1491 1492/1492/1492
f 1554/1554/1554 1492/1492/1492 1555/1555/1555
f 1554/1554/1554 1490/1490/1490 1491/1491/1491
f 1556/1556/1556 1554/1554/1554 1555/1555/1555
f 1556/1556/1556 1428/1428/1428 1489/1489/1489
f 1556/1556/1556 1489/1489/1489 1554/1554/1554
f 1557/1557/1557 1428/1428/1428 1556/1556/1556
f 1557/1557/1557 1556/1556/1556 1555/1555/1555
f 1557/1557/1557 1555/1555/1555 1558/1558/1558
f 1559/1559/1559 1492/1492/1492 1456/1456/1456
f 1559/1559/1559 1555/1555/1555 1492/1492/1492
f 1560/1560/1560 1557/1557/1557 1558/1558/1558
f 1560/1560/1560 1558/1558/1558 1493/1493/1493
f 1560/1560/1560 1427/1427/1427 1428/1428/1428
f 1560/1560/1560 1428/1428/1428 1557/1557/1557
f 1561/1561/1561 1559/1559/1559 1456/1456/1456
f 1561/1561/1561 1555/1555/1555 1559/1559/1559
f 1561/1561/1561 1558/1558/1558 1555/1555/1555
f 1562/1562/1562 1427/1427/1427 1560/1560/1560
f 1562/1562/1562 1495/1495/1495 1427/1427/1427
f 1562/1562/1562 1560/1560/1560 1493/1493/1493
f 1562/1562/1562 1493/1493/1493 1495/1495/1495
f 1563/1563/1563 1493/1493/1493 1558/1558/1558
f 1563/1563/1563 1561/1561/1561 1456/1456/1456
f 1563/1563/1563 1558/1558/1558 1561/1561/1561
f 1563/1563/1563 1456/1456/1456 1457/1457/1457
f 1564/1564/1564 1493/1493/1493 1563/1563/1563
f 1564/1564/1564 1563/1563/1563 1457/1457/1457
f 1564/1564/1564 1497/1497/1497 1493/1493/1493
f 1564/1564/1564 1457/1457/1457 1497/1497/1497
f 1565/1565/1565 1426/1426/1426 1496/1496/1496
f 1565/1565/1565 1496/1496/1496 1499/1499/1499
f 1566/1566/1566 1565/1565/1565 1499/1499/1499
f 1566/1566/1566 1426/1426/1426 1565/1565/1565
f 1566/1566/1566 1499/1499/1499 1567/1567/1567
f 1568/1568/1568 1498/1498/1498 1458/1458/1458
f 1568/1568/1568 1499/1499/1499 1498/1498/1498
f 1569/1569/1569 1425/1425/1425 1426/1426/1426
f 1569/1569/1569 1426/1426/1426 1566/1566/1566
f 1569/1569/1569 1566/1566/1566 1567/1567/1567
f 1569/1569/1569 1567/1567/1567 1570/1570/1570
f 1571/1571/1571 1499/1499/1499 1568/1568/1568
f 1571/1571/1571 1567/1567/1567 1499/1499/1499
f 1571/1571/1571 1568/1568/1568 1458/1458/1458
f 1571/1571/1571 1458/1458/1458 1459/1459/1459
f 1572/1572/1572 1425/1425/1425 1569/1569/1569
f 1572/1572/1572 1569/1569/1569 1570/1570/1570
f 1572/1572/1572 1500/1500/1500 1425/1425/1425
f 1573/1573/1573 1567/1567/1567 1571/1571/1571
f 1573/1573/1573 1571/1571/1571 1459/1459/1459
f 1573/1573/1573 1570/1570/1570 1567/1567/1567
f 1574/1574/1574 1573/1573/1573 1459/1459/1459
f 1574/1574/1574 1570/1570/1570 1573/1573/1573
f 1574/1574/1574 1501/1501/1501 1570/1570/1570
f 1574/1574/1574 1459/1459/1459 1501/1501/1501
f 1575/1575/1575 1503/1503/1503 1500/1500/1500
f 1575/1575/1575 1572/1572/1572 1570/1570/1570
f 1575/1575/1575 1500/1500/1500 1572/1572/1572
f 1575/1575/1575 1570/1570/1570 1501/1501/1501
f 1575/1575/1575 1501/1501/1501 1504/1504/1504
f 1575/1575/1575 1504/1504/1504 1503/1503/1503
f 1576/1576/1576 1502/1502/1502 1505/1505/1505
f 1576/1576/1576 1424/1424/1424 1502/1502/1502
f 1577/1577/1577 1423/1423/1423 1424/1424/1424
f 1577/1577/1577 1424/1424/1424 1576/1576/1576
f 1577/1577/1577 1576/1576/1576 1505/1505/1505
f 1577/1577/1577 1505/1505/1505 1578/1578/1578
f 1579/1579/1579 1423/1423/1423 1577/1577/1577
f 1579/1579/1579 1577/1577/1577 1578/1578/1578
f 1579/1579/1579 1578/1578/1578 1580/1580/1580
f 1581/1581/1581 1505/1505/1505 1506/1506/1506
f 1581/1581/1581 1506/1506/1506 1461/1461/1461
f 1582/1582/1582 1423/1423/1423 1579/1579/1579
f 1582/1582/1582 1579/1579/1579 1580/1580/1580
f 1582/1582/1582 1507/1507/1507 1423/1423/1423
f 1582/1582/1582 1580/1580/1580 1507/1507/1507
f 1583/1583/1583 1581/1581/1581 1461/1461/1461
f 1583/1583/1583 1505/1505/1505 1581/1581/1581
f 1583/1583/1583 1578/1578/1578 1505/1505/1505
f 1584/1584/1584 1583/1583/1583 1461/1461/1461
f 1584/1584/1584 1461/1461/1461 1462/1462/1462
f 1584/1584/1584 1580/1580/1580 1578/1578/1578
f 1584/1584/1584 1578/1578/1578 1583/1583/1583
f 1585/1585/1585 1584/1584/1584 1462/1462/1462
f 1585/1585/1585 1462/1462/1462 1509/1509/1509
f 1585/1585/1585 1580/1580/1580 1584/1584/1584
f 1586/1586/1586 1507/1507/1507 1580/1580/1580
f 1586/1586/1586 1508/1508/1508 1507/1507/1507
f 1586/1586/1586 1511/1511/1511 1508/1508/1508
f 1586/1586/1586 1509/1509/1509 1511/1511/1511
f 1586/1586/1586 1585/1585/1585 1509/1509/1509
f 1586/1586/1586 1580/1580/1580 1585/1585/1585
f 1587/1587/1587 1510/1510/1510 1511/1511/1511
f 1587/1587/1587 1511/1511/1511 1513/1513/1513
f 1587/1587/1587 1588/1588/1588 1510/1510/1510
f 1589/1589/1589 1421/1421/1421 1510/1510/1510
f 1589/1589/1589 1510/1510/1510 1588/1588/1588
f 1590/1590/1590 1589/1589/1589 1588/1588/1588
f 1590/1590/1590 1588/1588/1588 1591/1591/1591
f 1590/1590/1590 1421/1421/1421 1589/1589/1589
f 1592/1592/1592 1587/1587/1587 1513/1513/1513
f 1592/1592/1592 1513/1513/1513 1464/1464/1464
f 1592/1592/1592 1588/1588/1588 1587/1587/1587
f 1593/1593/1593 1420/1420/1420 1421/1421/1421
f 1593/1593/1593 1591/1591/1591 1594/1594/1594
f 1593/1593/1593 1421/1421/1421 1590/1590/1590
f 1593/1593/1593 1590/1590/1590 1591/1591/1591
f 1595/1595/1595 1591/1591/1591 1588/1588/1588
f 1595/1595/1595 1464/1464/1464 1465/1465/1465
f 1595/1595/1595 1588/1588/1588 1592/1592/1592
f 1595/1595/1595 1592/1592/1592 1464/1464/1464
f 1596/1596/1596 1514/1514/1514 1420/1420/1420
f 1596/1596/1596 1420/1420/1420 1593/1593/1593
f 1596/1596/1596 1593/1593/1593 1594/1594/1594
f 1597/1597/1597 1595/1595/1595 1465/1465/1465
f 1597/1597/1597 1594/1594/1594 1591/1591/1591
f 1597/1597/1597 1591/1591/1591 1595/1595/1595
f 1598/1598/1598 1465/1465/1465 1517/1517/1517
f 1598/1598/1598 1594/1594/1594 1597/1597/1597
f 1598/1598/1598 1517/1517/1517 1594/1594/1594
f 1598/1598/1598 1597/1597/1597 1465/1465/1465
f 1599/1599/1599 1516/1516/1516 1514/1514/1514
f 1599/1599/1599 1596/1596/1596 1594/1594/1594
f 1599/1599/1599 1594/1594/1594 1517/1517/1517
f 1599/1599/1599 1517/1517/1517 1518/1518/1518
f 1599/1599/1599 1518/1518/1518 1516/1516/1516
f 1599/1599/1599 1514/1514/1514 1596/1596/1596
f 1600/1600/1600 1419/1419/1419 1515/1515/1515
f 1600/1600/1600 1515/1515/1515 1519/1519/1519
f 1601/1601/1601 1419/1419/1419 1600/1600/1600
f 1601/1601/1601 1418/1418/1418 1419/1419/1419
f 1601/1601/1601 1600/1600/1600 1519/1519/1519
f 1601/1601/1601 1519/1519/1519 1602/1602/1602
f 1603/1603/1603 1601/1601/1601 1602/1602/1602
f 1603/1603/1603 1602/1602/1602 1604/1604/1604
f 1603/1603/1603 1418/1418/1418 1601/1601/1601
f 1605/1605/1605 1603/1603/1603 1604/1604/1604
f 1605/1605/1605 1418/1418/1418 1603/1603/1603
f 1605/1605/1605 1521/1521/1521 1418/1418/1418
f 1605/1605/1605 1604/1604/1604 1521/1521/1521
f 1606/1606/1606 1520/1520/1520 1467/1467/1467
f 1606/1606/1606 1519/1519/1519 1520/1520/1520
f 1606/1606/1606 1602/1602/1602 1519/1519/1519
f 1607/1607/1607 1606/1606/1606 1467/1467/1467
f 1607/1607/1607 1602/1602/1602 1606/1606/1606
f 1608/1608/1608 1602/1602/1602 1607/1607/1607
f 1608/1608/1608 1604/1604/1604 1602/1602/1602
f 1608/1608/1608 1607/1607/1607 1467/1467/1467
f 1608/1608/1608 1467/1467/1467 1468/1468/1468
f 1609/1609/1609 1604/1604/1604 1608/1608/1608
f 1609/1609/1609 1468/1468/1468 1522/1522/1522
f 1609/1609/1609 1608/1608/1608 1468/1468/1468
f 1610/1610/1610 1411/1411/1411 1412/1412/1412
f 1610/1610/1610 1412/1412/1412 1413/1413/1413
f 1610/1610/1610 1521/1521/1521 1604/1604/1604
f 1610/1610/1610 1604/1604/1604 1609/1609/1609
f 1610/1610/1610 1609/1609/1609 1522/1522/1522
f 1610/1610/1610 1413/1413/1413 1521/1521/1521
f 1610/1610/1610 1522/1522/1522 1411/1411/1411
v -10939.272461 20558.703125 22758.037109
v -10939.272461 20540.005859 22538.867188
v -10939.272461 20482.177734 22319.550781
v -10939.272461 20396.533203 22130.701172
v -10939.272461 20294.335938 21974.111328
v -10939.272461 20171.853516 21835.060547
v -10939.272461 20033.652344 21717.093750
v -10939.272461 19884.312500 21621.654297
v -10939.272461 19722.431641 21547.423828
v -10939.272461 19546.796875 21494.767578
v -10939.272461 19362.755859 21467.320312
v -10939.272461 19175.625000 21466.603516
v -10939.272461 18991.283203 21492.652344
v -10939.272461 18815.062500 21544.044922
v -10939.272461 18652.384766 21617.195312
v -10939.272461 18502.500000 21711.447266
v -10939.272461 18363.601562 21828.230469
v -10939.272461 18240.158203 21966.236328
v -10939.272461 18136.787109 22122.003906
v -10939.272461 18056.972656 22290.912109
v -10939.272461 18002.810547 22467.523438
v -10939.272461 17977.771484 22613.585938
v -10939.272461 17969.751953 22758.037109
v -10939.272461 17985.363281 22958.457031
v -10939.272461 18035.130859 23164.224609
v -10939.272461 18121.773438 23366.691406
v -10939.272461 18245.000000 23556.058594
v -10939.272461 18384.166016 23707.330078
v -10939.272461 18528.128906 23822.845703
v -10939.272461 18684.958984 23915.654297
v -10939.272461 18849.373047 23984.246094
v -10939.272461 19016.304688 24028.515625
v -10939.272461 19180.730469 24049.839844
v -10939.272461 19340.951172 24050.271484
v -10939.272461 19505.156250 24029.857422
v -10939.272461 19672.087891 23986.591797
v -10939.272461 19836.705078 23919.029297
v -10939.272461 19993.962891 23827.216797
v -10939.272461 20138.566406 23712.605469
v -10939.272461 20265.767578 23578.144531
v -10939.272461 20371.810547 23428.039062
v -10939.272461 20454.322266 23267.285156
v -10939.272461 20512.375000 23101.199219
v -10939.272461 20546.595703 22934.777344
v -10939.272461 20555.832031 22845.416016
vn -1.000000 0.000000 0.000000
vn -1.000000 0.000000 0.000000
vn -1.000000 0.000000 0.000000
vn -1.000000 0.000000 0.000000
vn -1.000000 0.000000 0.000000
vn -1.000000 0.000000 0.000000
vn -1.000000 0.000000 0.000000
vn -1.000000 0.000000 0.000000
vn -1.000000 0.000000 0.000000
vn -1.000000 0.000000 0.000000
vn -1.000000 0.000000 0.000000
vn -1.000000 0.000000 0.000000
vn -1.000000 0.000000 0.000000
vn -1.000000 0.000000 0.000000
vn -1.000000 0.000000 0.000000
vn -1.000000 0.000000 0.000000
vn -1.000000 0.000000 0.000000
vn -1.000000 0.000000 0.000000
vn -1.000000 0.000000 0.000000
vn -1.000000 0.000000 0.000000
vn -1.000000 0.000000 0.000000
vn -1.000000 0.000000 0.000000
vn -1.000000 0.000000 0.000000
vn -1.000000 0.000000 0.000000
vn -1.000000 0.000000 0.000000
vn -1.000000 0.000000 0.000000
vn -1.000000 0.000000 0.000000
vn -1.000000 0.000000 0.000000
vn -1.000000 0.000000 0.000000
vn -1.000000 0.000000 0.000000
vn -1.000000 0.000000 0.000000
vn -1.000000 0.000000 0.000000
vn -1.000000 0.000000 0.000000
vn -1.000000 0.000000 0.000000
vn -1.000000 0.000000 0.000000
vn -1.000000 0.000000 0.000000
vn -1.000000 0.000000 0.000000
vn -1.000000 0.000000 0.000000
vn -1.000000 0.000000 0.000000
vn -1.000000 0.000000 0.000000
vn -1.000000 0.000000 0.000000
vn -1.000000 0.000000 0.000000
vn -1.000000 0.000000 0.000000
vn -1.000000 0.000000 0.000000
vn -1.000000 0.000000 0.000000
vt 0.000000 1.294475
vt 0.018698 1.075306
vt 0.076525 0.855990
vt 0.162170 0.667140
vt 0.264367 0.510550
vt 0.386850 0.371499
vt 0.525051 0.253532
vt 0.674390 0.158092
vt 0.836273 0.083863
vt 1.011906 0.031206
vt 1.195947 0.003758
vt 1.383078 0.003041
vt 1.567421 0.029091
vt 1.743640 0.080483
vt 1.906319 0.153634
vt 2.056202 0.247886
vt 2.195102 0.364668
vt 2.318545 0.502676
vt 2.421916 0.658443
vt 2.501730 0.827351
vt 2.555893 1.003962
vt 2.580932 1.150025
vt 2.588951 1.294475
vt 2.573339 1.494896
vt 2.523572 1.700663
vt 2.436930 1.903130
vt 2.313703 2.092498
vt 2.174536 2.243768
vt 2.030575 2.359283
vt 1.873745 2.452092
vt 1.709330 2.520684
vt 1.542399 2.564954
vt 1.377972 2.586278
vt 1.217753 2.586709
vt 1.053548 2.566295
vt 0.886615 2.523029
vt 0.721998 2.455467
vt 0.564740 2.363656
vt 0.420138 2.249043
vt 0.292936 2.114583
vt 0.186892 1.964478
vt 0.104382 1.803724
vt 0.046328 1.637638
vt 0.012107 1.471216
vt 0.002871 1.381855
f 1617/1617/1617 1615/1615/1615 1616/1616/1616
f 1614/1614/1614 1615/1615/1615 1617/1617/1617
f 1619/1619/1619 1617/1617/1617 1618/1618/1618
f 1612/1612/1612 1613/1613/1613 1614/1614/1614
f 1612/1612/1612 1614/1614/1614 1617/1617/1617
f 1621/1621/1621 1619/1619/1619 1620/1620/1620
f 1622/1622/1622 1619/1619/1619 1621/1621/1621
f 1654/1654/1654 1655/1655/1655 1611/1611/1611
f 1653/1653/1653 1611/1611/1611 1612/1612/1612
f 1653/1653/1653 1617/1617/1617 1619/1619/1619
f 1653/1653/1653 1654/1654/1654 1611/1611/1611
f 1653/1653/1653 1612/1612/1612 1617/1617/1617
f 1624/1624/1624 1622/1622/1622 1623/1623/1623
f 1624/1624/1624 1619/1619/1619 1622/1622/1622
f 1651/1651/1651 1652/1652/1652 1653/1653/1653
f 1626/1626/1626 1624/1624/1624 1625/1625/1625
f 1628/1628/1628 1626/1626/1626 1627/1627/1627
f 1629/1629/1629 1626/1626/1626 1628/1628/1628
f 1647/1647/1647 1648/1648/1648 1649/1649/1649
f 1647/1647/1647 1649/1649/1649 1650/1650/1650
f 1647/1647/1647 1650/1650/1650 1651/1651/1651
f 1631/1631/1631 1626/1626/1626 1629/1629/1629
f 1631/1631/1631 1629/1629/1629 1630/1630/1630
f 1631/1631/1631 1624/1624/1624 1626/1626/1626
f 1645/1645/1645 1646/1646/1646 1647/1647/1647
f 1645/1645/1645 1651/1651/1651 1653/1653/1653
f 1645/1645/1645 1653/1653/1653 1619/1619/1619
f 1645/1645/1645 1619/1619/1619 1624/1624/1624
f 1645/1645/1645 1647/1647/1647 1651/1651/1651
f 1633/1633/1633 1631/1631/1631 1632/1632/1632
f 1643/1643/1643 1644/1644/1644 1645/1645/1645
f 1634/1634/1634 1631/1631/1631 1633/1633/1633
f 1642/1642/1642 1624/1624/1624 1631/1631/1631
f 1642/1642/1642 1645/1645/1645 1624/1624/1624
f 1642/1642/1642 1643/1643/1643 1645/1645/1645
f 1635/1635/1635 1631/1631/1631 1634/1634/1634
f 1640/1640/1640 1641/1641/1641 1642/1642/1642
f 1636/1636/1636 1631/1631/1631 1635/1635/1635
f 1637/1637/1637 1642/1642/1642 1631/1631/1631
f 1637/1637/1637 1631/1631/1631 1636/1636/1636
f 1637/1637/1637 1640/1640/1640 1642/1642/1642
f 1638/1638/1638 1640/1640/1640 1637/1637/1637
f 1638/1638/1638 1639/1639/1639 1640/1640/1640
v -9160.479492 19874.294922 22090.224609
v -9160.479492 19928.720703 21819.283203
v -9156.470703 19886.525391 21823.583984
vn -0.995143 -0.096510 -0.019386
vn -0.995143 -0.096510 -0.019386
vn -0.995143 -0.096510 -0.019386
vt 0.000000 0.054113
vt 0.273119 0.011959
vt 0.266952 0.054113
f 1658/1658/1658 1656/1656/1656 1657/1657/1657
v -9160.479492 19795.617188 23722.164062
v -9160.479492 19874.294922 22090.224609
v -9156.470703 19886.525391 21823.583984
v -9085.060547 19873.250000 21887.304688
v -9004.126953 19862.529297 21939.443359
v -8916.364258 19855.652344 21980.822266
v -8824.094727 19853.396484 22012.326172
v -8728.735352 19856.257812 22035.078125
v -8628.798828 19864.888672 22050.308594
v -8487.896484 19886.769531 22059.257812
v -8321.066406 19927.738281 22053.554688
v -8149.788086 19987.783203 22031.199219
v -7978.933594 20067.476562 21992.816406
v -7811.957520 20167.082031 21939.355469
v -7652.414062 20286.093750 21872.230469
v -7682.012207 20195.796875 23841.105469
v -7833.327637 20089.791016 23696.474609
v -7992.583984 19999.521484 23592.523438
v -8136.829102 19933.578125 23531.082031
v -8275.727539 19882.550781 23496.103516
v -8422.262695 19840.783203 23481.562500
v -8571.384766 19810.109375 23488.138672
v -8720.294922 19790.666016 23515.160156
v -8865.541016 19782.177734 23561.162109
v -9001.866211 19783.351562 23623.175781
v -9083.672852 19788.214844 23670.220703
vn -0.147781 -0.987877 -0.047528
vn -0.160692 -0.985855 -0.047629
vn -0.160692 -0.985855 -0.047629
vn -0.122610 -0.991327 -0.047308
vn -0.079607 -0.995724 -0.046863
vn -0.033098 -0.998380 -0.046286
vn 0.015703 -0.998838 -0.045573
vn 0.066058 -0.996813 -0.044723
vn 0.118763 -0.991960 -0.043708
vn 0.192957 -0.980305 -0.042059
vn 0.280686 -0.958976 -0.039761
vn 0.370619 -0.928048 -0.036991
vn 0.460190 -0.887178 -0.033770
vn 0.547589 -0.836205 -0.030119
vn 0.630965 -0.775373 -0.026075
vn 0.630965 -0.775373 -0.026075
vn 0.550237 -0.834469 -0.029999
vn 0.465654 -0.884330 -0.033557
vn 0.389295 -0.920395 -0.036359
vn 0.315948 -0.947986 -0.038727
vn 0.238739 -0.970222 -0.040908
vn 0.160367 -0.986128 -0.042816
vn 0.082211 -0.995624 -0.044426
vn 0.006146 -0.998935 -0.045721
vn -0.065099 -0.996786 -0.046694
vn -0.107775 -0.993056 -0.047164
vt -1.441349 3.666578
vt -3.074996 3.691273
vt -3.341948 3.691273
vt -3.278764 3.618353
vt -3.227411 3.535615
vt -3.187084 3.445392
vt -3.156897 3.349567
vt -3.135735 3.249060
vt -3.122418 3.141619
vt -3.116597 2.985427
vt -3.126675 2.798110
vt -3.154329 2.607284
vt -3.198882 2.415532
vt -3.259351 2.223428
vt -3.334246 2.031462
vt -1.363078 2.031462
vt -1.500413 2.217486
vt -1.597718 2.403705
vt -1.653900 2.567547
vt -1.684415 2.723296
vt -1.694825 2.887372
vt -1.684613 3.054834
vt -1.654495 3.216398
vt -1.605978 3.368442
vt -1.542042 3.507568
vt -1.494047 3.589870
f 1660/1660/1660 1661/1661/1661 1662/1662/1662
f 1660/1660/1660 1662/1662/1662 1663/1663/1663
f 1660/1660/1660 1663/1663/1663 1664/1664/1664
f 1660/1660/1660 1664/1664/1664 1665/1665/1665
f 1660/1660/1660 1665/1665/1665 1666/1666/1666
f 1675/1675/1675 1672/1672/1672 1673/1673/1673
f 1675/1675/1675 1673/1673/1673 1674/1674/1674
f 1676/1676/1676 1671/1671/1671 1672/1672/1672
f 1676/1676/1676 1672/1672/1672 1675/1675/1675
f 1677/1677/1677 1670/1670/1670 1671/1671/1671
f 1677/1677/1677 1671/1671/1671 1676/1676/1676
f 1678/1678/1678 1669/1669/1669 1670/1670/1670
f 1678/1678/1678 1670/1670/1670 1677/1677/1677
f 1679/1679/1679 1668/1668/1668 1669/1669/1669
f 1679/1679/1679 1669/1669/1669 1678/1678/1678
f 1680/1680/1680 1667/1667/1667 1668/1668/1668
f 1680/1680/1680 1668/1668/1668 1679/1679/1679
f 1681/1681/1681 1666/1666/1666 1667/1667/1667
f 1681/1681/1681 1660/1660/1660 1666/1666/1666
f 1681/1681/1681 1667/1667/1667 1680/1680/1680
f 1682/1682/1682 1660/1660/1660 1681/1681/1681
f 1683/1683/1683 1660/1660/1660 1682/1682/1682
f 1684/1684/1684 1660/1660/1660 1683/1683/1683
f 1659/1659/1659 1660/1660/1660 1684/1684/1684
v -9158.205078 18513.669922 21821.734375
v -9160.479492 18516.738281 21819.283203
v -9160.479492 18486.804688 21843.919922
vn -0.000000 0.625465 0.780252
vn -0.000000 0.622908 0.782295
vn -0.000000 0.647853 0.761766
vt 1.102274 4.837280
vt 1.100000 4.841015
vt 1.100000 4.804173
f 1686/1686/1686 1687/1687/1687 1685/1685/1685
v -3601.012939 19042.736328 23381.136719
v -3170.806396 19001.816406 23554.470703
v -2719.637451 18957.720703 23664.748047
v -2255.488037 18911.449219 23723.435547
v -1633.789795 18848.376953 23735.978516
v -924.874817 18775.232422 23676.470703
v 13.593469 18676.701172 23494.755859
v 998.439697 18571.238281 23179.619141
v 1561.202881 18509.816406 22929.578125
v 2039.517578 18456.595703 22655.626953
v 2239.517578 18439.607422 22859.080078
v 1689.547363 18501.585938 23221.408203
v 1002.011230 18577.037109 23551.646484
v -81.091133 18693.662109 23937.019531
v -1740.918823 18869.398438 24346.943359
v -3455.617920 19048.292969 24610.453125
v -3654.208252 19048.292969 23389.791016
vn -0.101249 -0.994725 0.016472
vn -0.101249 -0.994725 0.016472
vn -0.101249 -0.994725 0.016472
vn -0.101249 -0.994725 0.016472
vn -0.101249 -0.994725 0.016472
vn -0.101249 -0.994725 0.016472
vn -0.101249 -0.994725 0.016472
vn -0.101249 -0.994725 0.016472
vn -0.101249 -0.994725 0.016472
vn -0.101249 -0.994725 0.016472
vn -0.101249 -0.994725 0.016472
vn -0.101249 -0.994725 0.016472
vn -0.101249 -0.994725 0.016472
vn -0.101249 -0.994725 0.016472
vn -0.101249 -0.994725 0.016472
vn -0.101249 -0.994725 0.016472
vn -0.101249 -0.994725 0.016472
vt 2.151281 0.249171
vt 1.911114 0.648065
vt 1.729820 1.077939
vt 1.597361 1.529020
vt 1.485148 2.143880
vt 1.430047 2.856912
vt 1.458706 3.817449
vt 1.611607 4.845542
vt 1.768034 5.444313
vt 1.961623 5.963148
vt 1.728696 6.128756
vt 1.459383 5.524553
vt 1.243833 4.789030
vt 1.037386 3.652102
vt 0.899316 1.938952
vt 0.914570 0.194990
vt 2.151281 0.194990
f 1689/1689/1689 1703/1703/1703 1704/1704/1704
f 1689/1689/1689 1704/1704/1704 1688/1688/1688
f 1690/1690/1690 1703/1703/1703 1689/1689/1689
f 1691/1691/1691 1702/1702/1702 1703/1703/1703
f 1691/1691/1691 1703/1703/1703 1690/1690/1690
f 1692/1692/1692 1702/1702/1702 1691/1691/1691
f 1693/1693/1693 1702/1702/1702 1692/1692/1692
f 1701/1701/1701 1702/1702/1702 1693/1693/1693
f 1694/1694/1694 1701/1701/1701 1693/1693/1693
f 1700/1700/1700 1701/1701/1701 1694/1694/1694
f 1695/1695/1695 1700/1700/1700 1694/1694/1694
f 1699/1699/1699 1700/1700/1700 1695/1695/1695
f 1696/1696/1696 1699/1699/1699 1695/1695/1695
f 1697/1697/1697 1698/1698/1698 1699/1699/1699
f 1697/1697/1697 1699/1699/1699 1696/1696/1696
v 2039.517578 19885.937500 22655.626953
v 1297.653931 19769.691406 23054.402344
v 391.959595 19631.328125 23389.589844
v -604.556519 19482.167969 23627.091797
v -1620.858887 19333.181641 23735.572266
v -2538.637451 19201.923828 23693.425781
v -3084.462646 19125.921875 23580.437500
v -3352.953369 19089.335938 23490.775391
v -3601.012939 19056.162109 23381.136719
v -3654.208252 19048.292969 23389.791016
v -3455.617920 19048.292969 24610.453125
v -1333.050171 19362.318359 24261.779297
v 621.887024 19657.150391 23701.373047
v 1459.387939 19786.238281 23342.664062
v 1866.531250 19850.167969 23118.218750
v 2239.517578 19909.986328 22859.080078
vn -0.142583 0.989511 0.023197
vn -0.142583 0.989511 0.023197
vn -0.142583 0.989511 0.023197
vn -0.142583 0.989511 0.023197
vn -0.142583 0.989511 0.023197
vn -0.142583 0.989511 0.023197
vn -0.142583 0.989511 0.023197
vn -0.142583 0.989511 0.023197
vn -0.142583 0.989511 0.023197
vn -0.142583 0.989511 0.023197
vn -0.142583 0.989511 0.023197
vn -0.142583 0.989511 0.023197
vn -0.142583 0.989511 0.023197
vn -0.142583 0.989511 0.023197
vn -0.142583 0.989511 0.023197
vn -0.142583 0.989511 0.023197
vt 0.914322 5.992509
vt 1.188795 5.187797
vt 1.374197 4.229986
vt 1.448597 3.197433
vt 1.392472 2.166082
vt 1.203495 1.257451
vt 1.004326 0.731334
vt 0.872714 0.478068
vt 0.724664 0.248425
vt 0.724664 0.193959
vt 1.961376 0.193959
vt 1.958067 2.367773
vt 1.718854 4.408739
vt 1.499286 5.302345
vt 1.343133 5.744888
vt 1.147250 6.158990
f 1712/1712/1712 1713/1713/1713 1714/1714/1714
f 1715/1715/1715 1711/1711/1711 1712/1712/1712
f 1715/1715/1715 1712/1712/1712 1714/1714/1714
f 1710/1710/1710 1711/1711/1711 1715/1715/1715
f 1716/1716/1716 1709/1709/1709 1710/1710/1710
f 1716/1716/1716 1710/1710/1710 1715/1715/1715
f 1708/1708/1708 1709/1709/1709 1716/1716/1716
f 1717/1717/1717 1707/1707/1707 1708/1708/1708
f 1717/1717/1717 1708/1708/1708 1716/1716/1716
f 1706/1706/1706 1707/1707/1707 1717/1717/1717
f 1718/1718/1718 1706/1706/1706 1717/1717/1717
f 1719/1719/1719 1705/1705/1705 1706/1706/1706
f 1719/1719/1719 1706/1706/1706 1718/1718/1718
f 1720/1720/1720 1705/1705/1705 1719/1719/1719
v -3601.012939 19042.736328 23381.136719
v -3601.012939 19056.162109 23381.136719
v -3654.208252 19048.292969 23389.791016
vn 0.160579 0.000000 0.987023
vn 0.160579 0.000000 0.987023
vn 0.160579 -0.000000 0.987023
vt 0.002156 0.021906
vt 0.000000 0.008654
vt 0.054459 0.007766
f 1723/1723/1723 1721/1721/1721 1722/1722/1722
v 2239.517578 19909.986328 22859.080078
v 2039.517578 19885.937500 22655.626953
v 2039.517578 21204.978516 22655.626953
v 2239.517578 21215.628906 22859.080078
vn 0.713130 0.000000 -0.701031
vn 0.713130 0.000000 -0.701031
vn 0.713130 0.000000 -0.701031
vn 0.713130 0.000000 -0.701031
vt 0.024049 0.285294
vt 0.000000 0.000000
vt 1.319041 0.000000
vt 1.329691 0.285294
f 1726/1726/1726 1724/1724/1724 1725/1725/1725
f 1727/1727/1727 1724/1724/1724 1726/1726/1726
v 2039.517578 18456.595703 22655.626953
v 2239.517578 18439.607422 22859.080078
v 2239.517578 17053.244141 22859.080078
v 2039.517578 17084.818359 22655.626953
vn 0.713130 0.000000 -0.701031
vn 0.713130 0.000000 -0.701031
vn 0.713130 0.000000 -0.701031
vn 0.713130 0.000000 -0.701031
vt 1.403350 0.000000
vt 1.386362 0.285294
vt 0.000000 0.285294
vt 0.031574 0.000000
f 1729/1729/1729 1730/1730/1730 1731/1731/1731
f 1729/1729/1729 1731/1731/1731 1728/1728/1728
v -7360.479980 18030.691406 24419.283203
v -6961.120605 17980.427734 24552.951172
v -6416.800293 17916.320312 24652.339844
v -5596.973145 17823.601562 24712.507812
v -3104.661133 17557.419922 24568.580078
v -509.269440 17297.289062 24059.996094
v 1221.041504 17136.425781 23456.130859
v 1749.957153 17091.283203 23187.277344
v 2239.517578 17053.244141 22859.080078
v 2239.517578 18439.607422 22859.080078
v 1689.547363 18501.585938 23221.408203
v 1002.011230 18577.037109 23551.646484
v -81.091133 18693.662109 23937.019531
v -1740.918823 18869.398438 24346.943359
v -3455.617920 19048.292969 24610.453125
v -1333.050171 19362.318359 24261.779297
v 621.887024 19657.150391 23701.373047
v 1459.387939 19786.238281 23342.664062
v 1866.531250 19850.167969 23118.218750
v 2239.517578 19909.986328 22859.080078
v 2239.517578 21215.628906 22859.080078
v 1638.161011 21139.123047 23249.619141
v 990.686035 21061.791016 23556.548828
v -1014.446167 20836.435547 24188.695312
v -3397.875000 20583.482422 24603.994141
v -5643.428223 20357.773438 24711.107422
v -6547.085449 20272.267578 24634.230469
v -6960.620117 20235.177734 24553.130859
v -7360.479980 20201.773438 24419.283203
vn -0.407988 0.000000 0.912987
vn -0.243528 0.000000 0.969894
vn -0.126772 0.000000 0.991932
vn -0.028485 0.000000 0.999594
vn 0.127160 0.000000 0.991882
vn 0.262079 0.000000 0.965046
vn 0.413322 0.000000 0.910585
vn 0.497722 0.000000 0.867337
vn 0.624492 0.000000 0.781031
vn 0.624492 0.000000 0.781031
vn 0.486139 0.000000 0.873881
vn 0.386630 0.000000 0.922235
vn 0.290546 0.000000 0.956861
vn 0.193845 0.000000 0.981032
vn 0.109688 0.000000 0.993966
vn 0.214914 0.000000 0.976633
vn 0.347463 0.000000 0.937694
vn 0.447118 0.000000 0.894475
vn 0.522027 0.000000 0.852929
vn 0.624492 0.000000 0.781031
vn 0.624492 0.000000 0.781031
vn 0.476759 0.000000 0.879034
vn 0.385319 0.000000 0.922783
vn 0.232257 0.000000 0.972654
vn 0.112600 0.000000 0.993640
vn -0.032809 0.000000 0.999462
vn -0.148910 0.000000 0.988851
vn -0.243354 0.000000 0.969938
vn -0.407988 0.000000 0.912987
vt 1.000000 3.265907
vt 0.933419 3.316171
vt 0.861080 3.380278
vt 0.770075 3.472998
vt 0.540932 3.739179
vt 0.314729 3.999310
vt 0.140099 4.160172
vt 0.074319 4.205316
vt 0.000000 4.243354
vt 0.000000 2.856992
vt 0.082394 2.795012
vt 0.164831 2.719562
vt 0.274830 2.602936
vt 0.423808 2.427201
vt 0.571293 2.248305
vt 0.388337 1.934281
vt 0.205384 1.639448
vt 0.111703 1.510360
vt 0.058197 1.446432
vt 0.000000 1.386611
vt 0.000000 0.080970
vt 0.089132 0.157475
vt 0.166103 0.234807
vt 0.360249 0.460162
vt 0.566278 0.713116
vt 0.774873 0.938826
vt 0.877197 1.024331
vt 0.933331 1.061422
vt 1.000000 1.094826
f 1750/1750/1750 1751/1751/1751 1752/1752/1752
f 1750/1750/1750 1752/1752/1752 1753/1753/1753
f 1749/1749/1749 1753/1753/1753 1754/1754/1754
f 1749/1749/1749 1750/1750/1750 1753/1753/1753
f 1748/1748/1748 1749/1749/1749 1754/1754/1754
f 1755/1755/1755 1748/1748/1748 1754/1754/1754
f 1739/1739/1739 1740/1740/1740 1741/1741/1741
f 1739/1739/1739 1741/1741/1741 1742/1742/1742
f 1738/1738/1738 1742/1742/1742 1743/1743/1743
f 1738/1738/1738 1739/1739/1739 1742/1742/1742
f 1747/1747/1747 1748/1748/1748 1755/1755/1755
f 1756/1756/1756 1747/1747/1747 1755/1755/1755
f 1737/1737/1737 1743/1743/1743 1744/1744/1744
f 1737/1737/1737 1744/1744/1744 1745/1745/1745
f 1737/1737/1737 1738/1738/1738 1743/1743/1743
f 1746/1746/1746 1747/1747/1747 1756/1756/1756
f 1757/1757/1757 1746/1746/1746 1756/1756/1756
f 1736/1736/1736 1745/1745/1745 1746/1746/1746
f 1736/1736/1736 1737/1737/1737 1745/1745/1745
f 1735/1735/1735 1736/1736/1736 1746/1746/1746
f 1735/1735/1735 1746/1746/1746 1757/1757/1757
f 1734/1734/1734 1757/1757/1757 1758/1758/1758
f 1734/1734/1734 1735/1735/1735 1757/1757/1757
f 1733/1733/1733 1758/1758/1758 1759/1759/1759
f 1733/1733/1733 1734/1734/1734 1758/1758/1758
f 1732/1732/1732 1759/1759/1759 1760/1760/1760
f 1732/1732/1732 1733/1733/1733 1759/1759/1759
v -7360.479980 20201.773438 24419.283203
v -7444.086914 20202.683594 24213.398438
v -7550.104980 20200.898438 24018.572266
v -7682.012207 20195.796875 23841.105469
v -7652.414062 20286.093750 21872.230469
v -7403.279297 20316.943359 21729.468750
v -7202.215820 20343.906250 21567.724609
v -7046.438477 20366.861328 21395.880859
v -6921.200195 20387.775391 21202.337891
v -6830.141113 20406.201172 20989.058594
v -6777.010742 20421.376953 20764.904297
v -6763.785645 20428.089844 20642.968750
v -6760.479980 20433.900391 20519.384766
v -5060.480469 20601.175781 20519.384766
v -5062.893066 20595.160156 20649.574219
v -5010.630859 20573.505859 21253.343750
v -4873.177734 20563.277344 21788.525391
v -4679.103027 20562.052734 22246.365234
v -4529.946777 20565.027344 22510.000000
v -4360.480957 20570.724609 22757.353516
v -4189.270996 20578.679688 22957.683594
v -3992.533936 20590.228516 23133.658203
v -3775.363525 20604.906250 23284.402344
v -3542.537109 20622.255859 23409.689453
v -3213.833008 20648.789062 23540.570312
v -2826.494629 20682.312500 23643.968750
v -2297.739746 20730.964844 23720.052734
v -1693.788086 20789.609375 23737.664062
v -869.592590 20873.755859 23668.978516
v 43.447323 20971.666016 23487.140625
v 894.025208 21067.230469 23219.710938
v 1515.551270 21140.255859 22952.302734
v 2039.517578 21204.978516 22655.626953
v 2239.517578 21215.628906 22859.080078
v 1638.161011 21139.123047 23249.619141
v 990.686035 21061.791016 23556.548828
v -1014.446167 20836.435547 24188.695312
v -3397.875000 20583.482422 24603.994141
v -5643.428223 20357.773438 24711.107422
v -6547.085449 20272.267578 24634.230469
v -6960.620117 20235.177734 24553.130859
vn 0.097829 -0.994224 -0.044127
vn 0.097829 -0.994224 -0.044127
vn 0.097829 -0.994224 -0.044127
vn 0.097829 -0.994224 -0.044127
vn 0.097829 -0.994224 -0.044127
vn 0.097829 -0.994224 -0.044127
vn 0.097829 -0.994224 -0.044127
vn 0.097829 -0.994224 -0.044127
vn 0.097829 -0.994224 -0.044127
vn 0.097829 -0.994224 -0.044127
vn 0.097829 -0.994224 -0.044127
vn 0.097829 -0.994224 -0.044127
vn 0.097829 -0.994224 -0.044127
vn 0.097829 -0.994224 -0.044127
vn 0.097829 -0.994224 -0.044127
vn 0.097829 -0.994224 -0.044127
vn 0.097829 -0.994224 -0.044127
vn 0.097829 -0.994224 -0.044127
vn 0.097829 -0.994224 -0.044127
vn 0.097829 -0.994224 -0.044127
vn 0.097829 -0.994224 -0.044127
vn 0.097829 -0.994224 -0.044127
vn 0.097829 -0.994224 -0.044127
vn 0.097829 -0.994224 -0.044127
vn 0.097829 -0.994224 -0.044127
vn 0.097829 -0.994224 -0.044127
vn 0.097829 -0.994224 -0.044127
vn 0.097829 -0.994224 -0.044127
vn 0.097829 -0.994224 -0.044127
vn 0.097829 -0.994224 -0.044127
vn 0.097829 -0.994224 -0.044127
vn 0.097829 -0.994224 -0.044127
vn 0.097829 -0.994224 -0.044127
vn 0.097829 -0.994224 -0.044127
vn 0.097829 -0.994224 -0.044127
vn 0.097829 -0.994224 -0.044127
vn 0.097829 -0.994224 -0.044127
vn 0.097829 -0.994224 -0.044127
vn 0.097829 -0.994224 -0.044127
vn 0.097829 -0.994224 -0.044127
vn 0.097829 -0.994224 -0.044127
vt 0.328503 0.396233
vt 0.532935 0.309129
vt 0.725862 0.199676
vt 0.900907 0.064477
vt 2.872075 0.064477
vt 3.019824 0.312611
vt 3.185633 0.512165
vt 3.360669 0.666070
vt 3.556826 0.788966
vt 3.772068 0.877226
vt 3.997455 0.927218
vt 4.119755 0.938663
vt 4.243511 0.940117
vt 4.276700 2.648004
vt 4.146351 2.647546
vt 3.543076 2.709170
vt 3.010112 2.855343
vt 2.555662 3.057233
vt 2.294710 3.211063
vt 2.050449 3.385051
vt 1.853287 3.560081
vt 1.681001 3.760389
vt 1.534366 3.980843
vt 1.413514 4.216642
vt 1.288937 4.548848
vt 1.193011 4.939545
vt 1.127183 5.471902
vt 1.121348 6.078922
vt 1.206183 6.905904
vt 1.406006 7.820434
vt 1.690274 8.670919
vt 1.970049 9.291290
vt 2.277211 9.813207
vt 2.077487 10.017207
vt 1.674867 9.418959
vt 1.355030 8.773116
vt 0.683186 6.768228
vt 0.220995 4.380013
vt 0.069948 2.125659
vt 0.129250 1.216648
vt 0.202346 0.799970
f 1801/1801/1801 1761/1761/1761 1762/1762/1762
f 1801/1801/1801 1762/1762/1762 1763/1763/1763
f 1800/1800/1800 1801/1801/1801 1763/1763/1763
f 1766/1766/1766 1763/1763/1763 1764/1764/1764
f 1766/1766/1766 1764/1764/1764 1765/1765/1765
f 1767/1767/1767 1800/1800/1800 1763/1763/1763
f 1767/1767/1767 1763/1763/1763 1766/1766/1766
f 1780/1780/1780 1781/1781/1781 1799/1799/1799
f 1782/1782/1782 1799/1799/1799 1781/1781/1781
f 1779/1779/1779 1799/1799/1799 1800/1800/1800
f 1779/1779/1779 1780/1780/1780 1799/1799/1799
f 1783/1783/1783 1798/1798/1798 1799/1799/1799
f 1783/1783/1783 1799/1799/1799 1782/1782/1782
f 1778/1778/1778 1800/1800/1800 1767/1767/1767
f 1778/1778/1778 1779/1779/1779 1800/1800/1800
f 1784/1784/1784 1798/1798/1798 1783/1783/1783
f 1785/1785/1785 1798/1798/1798 1784/1784/1784
f 1777/1777/1777 1767/1767/1767 1768/1768/1768
f 1777/1777/1777 1768/1768/1768 1769/1769/1769
f 1777/1777/1777 1778/1778/1778 1767/1767/1767
f 1786/1786/1786 1798/1798/1798 1785/1785/1785
f 1776/1776/1776 1769/1769/1769 1770/1770/1770
f 1776/1776/1776 1770/1770/1770 1771/1771/1771
f 1776/1776/1776 1777/1777/1777 1769/1769/1769
f 1787/1787/1787 1798/1798/1798 1786/1786/1786
f 1775/1775/1775 1771/1771/1771 1772/1772/1772
f 1775/1775/1775 1772/1772/1772 1773/1773/1773
f 1775/1775/1775 1776/1776/1776 1771/1771/1771
f 1774/1774/1774 1775/1775/1775 1773/1773/1773
f 1797/1797/1797 1798/1798/1798 1787/1787/1787
f 1797/1797/1797 1787/1787/1787 1788/1788/1788
f 1789/1789/1789 1797/1797/1797 1788/1788/1788
f 1790/1790/1790 1797/1797/1797 1789/1789/1789
f 1796/1796/1796 1797/1797/1797 1790/1790/1790
f 1791/1791/1791 1796/1796/1796 1790/1790/1790
f 1795/1795/1795 1796/1796/1796 1791/1791/1791
f 1792/1792/1792 1795/1795/1795 1791/1791/1791
f 1793/1793/1793 1795/1795/1795 1792/1792/1792
f 1794/1794/1794 1795/1795/1795 1793/1793/1793
v -7691.810547 18094.978516 23830.074219
v -7555.524414 18071.498047 24010.056641
v -7446.272461 18050.091797 24208.746094
v -7360.479980 18030.691406 24419.283203
v -6850.877930 17967.302734 24578.597656
v -6334.460938 17906.750000 24662.470703
v -5136.997559 17773.011719 24716.562500
v -3719.369629 17621.464844 24637.884766
v -744.328796 17320.093750 24121.951172
v 1071.704102 17149.666016 23522.080078
v 1676.055054 17097.400391 23228.820312
v 2239.517578 17053.244141 22859.080078
v 2039.517578 17084.818359 22655.626953
v 1292.479370 17147.593750 23056.708984
v 380.067932 17231.550781 23393.181641
v -619.539612 17329.810547 23629.691406
v -1634.706665 17435.958984 23736.023438
v -2553.936523 17538.775391 23691.300781
v -3199.525635 17616.431641 23545.257812
v -3655.081299 17675.462891 23353.068359
v -3965.810547 17718.935547 23154.433594
v -4176.858398 17750.810547 22970.128906
v -4360.480957 17781.033203 22757.353516
v -4680.853027 17840.566406 22242.931641
v -4891.920898 17887.947266 21732.281250
v -5011.291016 17923.957031 21249.544922
v -5050.100098 17942.480469 20949.138672
v -5062.893066 17958.113281 20649.574219
v -5060.480469 17964.035156 20519.384766
v -6760.479980 18150.250000 20519.384766
v -6779.059570 18139.998047 20778.001953
v -6835.314941 18135.400391 21004.507812
v -6918.527344 18135.355469 21197.300781
v -7029.646484 18139.148438 21373.664062
v -7165.911133 18146.541016 21532.248047
v -7323.612305 18157.199219 21671.492188
v -7487.389648 18169.812500 21783.595703
v -7662.449219 18184.552734 21876.955078
vn 0.108766 0.992947 0.047174
vn 0.108766 0.992947 0.047174
vn 0.108766 0.992947 0.047174
vn 0.108766 0.992947 0.047174
vn 0.108766 0.992947 0.047174
vn 0.108766 0.992947 0.047174
vn 0.108766 0.992947 0.047174
vn 0.108766 0.992947 0.047174
vn 0.108766 0.992947 0.047174
vn 0.108766 0.992947 0.047174
vn 0.108766 0.992947 0.047174
vn 0.108766 0.992947 0.047174
vn 0.108766 0.992947 0.047174
vn 0.108766 0.992947 0.047174
vn 0.108766 0.992947 0.047174
vn 0.108766 0.992947 0.047174
vn 0.108766 0.992947 0.047174
vn 0.108766 0.992947 0.047174
vn 0.108766 0.992947 0.047174
vn 0.108766 0.992947 0.047174
vn 0.108766 0.992947 0.047174
vn 0.108766 0.992947 0.047174
vn 0.108766 0.992947 0.047174
vn 0.108766 0.992947 0.047174
vn 0.108766 0.992947 0.047174
vn 0.108766 0.992947 0.047174
vn 0.108766 0.992947 0.047174
vn 0.108766 0.992947 0.047174
vn 0.108766 0.992947 0.047174
vn 0.108766 0.992947 0.047174
vn 0.108766 0.992947 0.047174
vn 0.108766 0.992947 0.047174
vn 0.108766 0.992947 0.047174
vn 0.108766 0.992947 0.047174
vn 0.108766 0.992947 0.047174
vn 0.108766 0.992947 0.047174
vn 0.108766 0.992947 0.047174
vn 0.108766 0.992947 0.047174
vt 3.460077 0.042663
vt 3.638880 0.182479
vt 3.836678 0.295384
vt 4.046571 0.384869
vt 4.200951 0.899903
vt 4.279746 1.420652
vt 4.321921 2.626036
vt 4.228991 4.050883
vt 3.682790 7.035769
vt 3.064155 8.853503
vt 2.764556 9.457005
vt 2.388807 10.018218
vt 2.187148 9.813954
vt 2.596105 9.068550
vt 2.942042 8.155815
vt 3.188783 7.153854
vt 3.305373 6.134274
vt 3.269796 5.208915
vt 3.130060 4.557288
vt 2.942230 4.096124
vt 2.746500 3.780547
vt 2.564119 3.565460
vt 2.352963 3.377531
vt 1.841222 3.047479
vt 1.332165 2.827437
vt 0.850133 2.700059
vt 0.549809 2.656477
vt 0.250069 2.639078
vt 0.119723 2.639536
vt 0.136720 0.929452
vt 0.395786 0.914674
vt 0.623082 0.861510
vt 0.816904 0.780719
vt 0.994557 0.671608
vt 1.154663 0.536933
vt 1.295625 0.380402
vt 1.409480 0.217349
vt 1.504684 0.042663
f 1829/1829/1829 1830/1830/1830 1831/1831/1831
f 1829/1829/1829 1831/1831/1831 1832/1832/1832
f 1828/1828/1828 1832/1832/1832 1833/1833/1833
f 1828/1828/1828 1829/1829/1829 1832/1832/1832
f 1802/1802/1802 1837/1837/1837 1838/1838/1838
f 1802/1802/1802 1838/1838/1838 1839/1839/1839
f 1827/1827/1827 1833/1833/1833 1834/1834/1834
f 1827/1827/1827 1828/1828/1828 1833/1833/1833
f 1803/1803/1803 1837/1837/1837 1802/1802/1802
f 1826/1826/1826 1834/1834/1834 1835/1835/1835
f 1826/1826/1826 1835/1835/1835 1836/1836/1836
f 1826/1826/1826 1827/1827/1827 1834/1834/1834
f 1825/1825/1825 1836/1836/1836 1837/1837/1837
f 1825/1825/1825 1826/1826/1826 1836/1836/1836
f 1825/1825/1825 1837/1837/1837 1803/1803/1803
f 1806/1806/1806 1803/1803/1803 1804/1804/1804
f 1806/1806/1806 1804/1804/1804 1805/1805/1805
f 1807/1807/1807 1803/1803/1803 1806/1806/1806
f 1807/1807/1807 1825/1825/1825 1803/1803/1803
f 1824/1824/1824 1825/1825/1825 1807/1807/1807
f 1808/1808/1808 1822/1822/1822 1823/1823/1823
f 1808/1808/1808 1823/1823/1823 1824/1824/1824
f 1808/1808/1808 1824/1824/1824 1807/1807/1807
f 1809/1809/1809 1820/1820/1820 1821/1821/1821
f 1809/1809/1809 1821/1821/1821 1822/1822/1822
f 1809/1809/1809 1822/1822/1822 1808/1808/1808
f 1819/1819/1819 1820/1820/1820 1809/1809/1809
f 1818/1818/1818 1819/1819/1819 1809/1809/1809
f 1810/1810/1810 1818/1818/1818 1809/1809/1809
f 1810/1810/1810 1817/1817/1817 1818/1818/1818
f 1816/1816/1816 1817/1817/1817 1810/1810/1810
f 1811/1811/1811 1816/1816/1816 1810/1810/1810
f 1811/1811/1811 1815/1815/1815 1816/1816/1816
f 1812/1812/1812 1815/1815/1815 1811/1811/1811
f 1812/1812/1812 1814/1814/1814 1815/1815/1815
f 1813/1813/1813 1814/1814/1814 1812/1812/1812
v -9160.479492 18677.279297 23077.906250
v -9160.479492 18648.449219 23722.164062
v -8997.321289 18657.646484 23620.806641
v -8838.771484 18652.025391 23551.199219
v -8690.623047 18633.591797 23508.154297
v -8540.813477 18601.666016 23485.111328
v -8392.203125 18555.986328 23482.789062
v -8250.160156 18498.189453 23500.917969
v -8115.975098 18429.537109 23538.296875
v -7991.820312 18352.212891 23592.912109
v -7879.314941 18268.863281 23662.007812
v -7780.782715 18183.646484 23740.882812
v -7691.810547 18094.978516 23830.074219
v -7662.449219 18184.552734 21876.955078
v -7892.146484 18375.070312 21967.056641
v -8139.818848 18523.388672 22029.390625
v -8369.408203 18620.902344 22056.902344
v -8568.871094 18679.566406 22055.773438
v -8754.726562 18714.785156 22029.736328
v -8904.973633 18730.501953 21985.283203
v -9023.392578 18735.337891 21928.468750
v -9085.405273 18735.386719 21887.037109
v -9141.847656 18734.123047 21838.500000
vn -0.076180 0.996099 0.044538
vn -0.071060 0.996473 0.044633
vn 0.014385 0.998837 0.046025
vn 0.097650 0.994107 0.047060
vn 0.175635 0.983297 0.047737
vn 0.254657 0.965833 0.048124
vn 0.333217 0.941618 0.048194
vn 0.408472 0.911511 0.047945
vn 0.479727 0.876137 0.047394
vn 0.545818 0.836608 0.046574
vn 0.605870 0.794260 0.045535
vn 0.658617 0.751171 0.044352
vn 0.706392 0.706512 0.043022
vn 0.706392 0.706512 0.043022
vn 0.585605 0.809295 0.045920
vn 0.455120 0.889156 0.047621
vn 0.333935 0.941363 0.048193
vn 0.228462 0.972367 0.048030
vn 0.129991 0.990383 0.047376
vn 0.050207 0.997655 0.046510
vn -0.012847 0.998876 0.045618
vn -0.045958 0.997926 0.045077
vn -0.076180 0.996099 0.044538
vt -2.033628 9.155118
vt -1.388798 9.165420
vt -1.492910 9.334468
vt -1.564559 9.495310
vt -1.608935 9.644055
vt -1.632737 9.794415
vt -1.635195 9.945066
vt -1.616573 10.092081
vt -1.578108 10.235384
vt -1.521878 10.373613
vt -1.450734 10.505444
vt -1.369526 10.627888
vt -1.277713 10.745965
vt -3.233106 10.745965
vt -3.148388 10.460168
vt -3.089201 10.185328
vt -3.062741 9.946455
vt -3.063560 9.744519
vt -3.088391 9.557133
vt -3.131256 9.404027
vt -3.186447 9.281124
vt -3.226901 9.215619
vt -3.274477 9.155118
f 1840/1840/1840 1857/1857/1857 1858/1858/1858
f 1840/1840/1840 1858/1858/1858 1859/1859/1859
f 1840/1840/1840 1859/1859/1859 1860/1860/1860
f 1840/1840/1840 1860/1860/1860 1861/1861/1861
f 1840/1840/1840 1861/1861/1861 1862/1862/1862
f 1842/1842/1842 1840/1840/1840 1841/1841/1841
f 1843/1843/1843 1840/1840/1840 1842/1842/1842
f 1844/1844/1844 1840/1840/1840 1843/1843/1843
f 1845/1845/1845 1856/1856/1856 1857/1857/1857
f 1845/1845/1845 1857/1857/1857 1840/1840/1840
f 1845/1845/1845 1840/1840/1840 1844/1844/1844
f 1846/1846/1846 1856/1856/1856 1845/1845/1845
f 1847/1847/1847 1855/1855/1855 1856/1856/1856
f 1847/1847/1847 1856/1856/1856 1846/1846/1846
f 1848/1848/1848 1854/1854/1854 1855/1855/1855
f 1848/1848/1848 1855/1855/1855 1847/1847/1847
f 1849/1849/1849 1853/1853/1853 1854/1854/1854
f 1849/1849/1849 1854/1854/1854 1848/1848/1848
f 1850/1850/1850 1853/1853/1853 1849/1849/1849
f 1851/1851/1851 1853/1853/1853 1850/1850/1850
f 1852/1852/1852 1853/1853/1853 1851/1851/1851
v -9158.205078 18513.669922 21821.734375
v -9160.479492 18486.804688 21843.919922
v -9160.479492 18677.279297 23077.906250
v -9141.847656 18734.123047 21838.500000
vn -0.997127 0.074867 -0.011556
vn -0.997127 0.074867 -0.011556
vn -0.997127 0.074867 -0.011556
vn -0.997127 0.074867 -0.011556
vt 1.255976 0.279606
vt 1.232553 0.305499
vt 0.008725 0.058006
vt 1.249574 0.058006
f 1864/1864/1864 1865/1865/1865 1866/1866/1866
f 1864/1864/1864 1866/1866/1866 1863/1863/1863
v -7360.479980 20201.773438 24419.283203
v -7444.086914 20202.683594 24213.398438
v -7550.104980 20200.898438 24018.572266
v -7682.012207 20195.796875 23841.105469
v -7833.327637 20089.791016 23696.474609
v -7992.583984 19999.521484 23592.523438
v -8136.829102 19933.578125 23531.082031
v -8275.727539 19882.550781 23496.103516
v -8422.262695 19840.783203 23481.562500
v -8571.384766 19810.109375 23488.138672
v -8720.294922 19790.666016 23515.160156
v -8865.541016 19782.177734 23561.162109
v -9001.866211 19783.351562 23623.175781
v -9083.672852 19788.214844 23670.220703
v -9160.479492 19795.617188 23722.164062
v -9160.479492 18648.449219 23722.164062
v -8997.321289 18657.646484 23620.806641
v -8838.771484 18652.025391 23551.199219
v -8690.623047 18633.591797 23508.154297
v -8540.813477 18601.666016 23485.111328
v -8392.203125 18555.986328 23482.789062
v -8250.160156 18498.189453 23500.917969
v -8115.975098 18429.537109 23538.296875
v -7991.820312 18352.212891 23592.912109
v -7879.314941 18268.863281 23662.007812
v -7780.782715 18183.646484 23740.882812
v -7691.810547 18094.978516 23830.074219
v -7555.524414 18071.498047 24010.056641
v -7446.272461 18050.091797 24208.746094
v -7360.479980 18030.691406 24419.283203
vn -0.943640 0.000000 0.330973
vn -0.905660 0.000000 0.424005
vn -0.845333 0.000000 0.534239
vn -0.751524 0.000000 0.659706
vn -0.621116 0.000000 0.783718
vn -0.464962 0.000000 0.885331
vn -0.315585 0.000000 0.948897
vn -0.172007 0.000000 0.985096
vn -0.026345 0.000000 0.999653
vn 0.112721 0.000000 0.993627
vn 0.241875 0.000000 0.970308
vn 0.359982 0.000000 0.932959
vn 0.466405 0.000000 0.884571
vn 0.529727 0.000000 0.848168
vn 0.589973 0.000000 0.807423
vn 0.589973 0.000000 0.807423
vn 0.462895 0.000000 0.886413
vn 0.338686 0.000000 0.940900
vn 0.216861 0.000000 0.976202
vn 0.085024 0.000000 0.996379
vn -0.055556 0.000000 0.998456
vn -0.198155 0.000000 0.980171
vn -0.337324 0.000000 0.941389
vn -0.465735 0.000000 0.884924
vn -0.577583 0.000000 0.816332
vn -0.668826 0.000000 0.743419
vn -0.743768 0.000000 0.668438
vn -0.841883 0.000000 0.539660
vn -0.904555 0.000000 0.426358
vn -0.943640 0.000000 0.330973
vt 0.000000 1.094826
vt 0.065676 1.093915
vt 0.138537 1.095700
vt 0.219569 1.100802
vt 0.304593 1.206808
vt 0.388520 1.297077
vt 0.461597 1.363020
vt 0.530527 1.414048
vt 0.602723 1.455815
vt 0.676640 1.486488
vt 0.751995 1.505932
vt 0.828258 1.514422
vt 0.903883 1.513246
vt 0.952065 1.508385
vt 1.000000 1.500982
vt 1.000000 2.648150
vt 0.901280 2.638952
vt 0.813929 2.644573
vt 0.736796 2.663006
vt 0.661399 2.694932
vt 0.587911 2.740612
vt 0.517901 2.798409
vt 0.451150 2.867062
vt 0.388130 2.944385
vt 0.329293 3.027735
vt 0.275791 3.112952
vt 0.225289 3.201620
vt 0.142043 3.225100
vt 0.067276 3.246507
vt 0.000000 3.265907
f 1871/1871/1871 1869/1869/1869 1870/1870/1870
f 1895/1895/1895 1867/1867/1867 1868/1868/1868
f 1895/1895/1895 1896/1896/1896 1867/1867/1867
f 1892/1892/1892 1893/1893/1893 1894/1894/1894
f 1891/1891/1891 1868/1868/1868 1869/1869/1869
f 1891/1891/1891 1894/1894/1894 1895/1895/1895
f 1891/1891/1891 1869/1869/1869 1871/1871/1871
f 1891/1891/1891 1895/1895/1895 1868/1868/1868
f 1891/1891/1891 1892/1892/1892 1894/1894/1894
f 1890/1890/1890 1871/1871/1871 1872/1872/1872
f 1890/1890/1890 1891/1891/1891 1871/1871/1871
f 1889/1889/1889 1872/1872/1872 1873/1873/1873
f 1889/1889/1889 1890/1890/1890 1872/1872/1872
f 1888/1888/1888 1873/1873/1873 1874/1874/1874
f 1888/1888/1888 1889/1889/1889 1873/1873/1873
f 1887/1887/1887 1874/1874/1874 1875/1875/1875
f 1887/1887/1887 1888/1888/1888 1874/1874/1874
f 1886/1886/1886 1875/1875/1875 1876/1876/1876
f 1886/1886/1886 1887/1887/1887 1875/1875/1875
f 1885/1885/1885 1876/1876/1876 1877/1877/1877
f 1885/1885/1885 1886/1886/1886 1876/1876/1876
f 1884/1884/1884 1877/1877/1877 1878/1878/1878
f 1884/1884/1884 1885/1885/1885 1877/1877/1877
f 1883/1883/1883 1878/1878/1878 1879/1879/1879
f 1883/1883/1883 1879/1879/1879 1880/1880/1880
f 1883/1883/1883 1884/1884/1884 1878/1878/1878
f 1882/1882/1882 1880/1880/1880 1881/1881/1881
f 1882/1882/1882 1883/1883/1883 1880/1880/1880
v -9160.479492 20558.703125 22758.037109
v -9160.479492 20540.005859 22977.207031
v -9160.479492 20482.177734 23196.523438
v -9160.479492 20396.533203 23385.371094
v -9160.479492 20294.335938 23541.962891
v -9160.479492 20171.853516 23681.013672
v -9160.479492 20033.652344 23798.980469
v -9160.479492 19884.312500 23894.419922
v -9160.479492 19722.431641 23968.648438
v -9160.479492 19546.796875 24021.306641
v -9160.479492 19362.755859 24048.753906
v -9160.479492 19175.625000 24049.470703
v -9160.479492 18991.283203 24023.421875
v -9160.479492 18815.062500 23972.029297
v -9160.479492 18652.384766 23898.878906
v -9160.479492 18502.500000 23804.626953
v -9160.479492 18363.601562 23687.843750
v -9160.479492 18240.158203 23549.835938
v -9160.479492 18136.787109 23394.070312
v -9160.479492 18056.972656 23225.162109
v -9160.479492 18002.810547 23048.550781
v -9160.479492 17977.771484 22902.488281
v -9160.479492 17969.751953 22758.037109
v -9160.479492 17985.363281 22557.617188
v -9160.479492 18035.130859 22351.849609
v -9160.479492 18121.773438 22149.382812
v -9160.479492 18245.000000 21960.015625
v -9160.479492 18384.166016 21808.744141
v -9160.479492 18528.128906 21693.228516
v -9160.479492 18684.958984 21600.419922
v -9160.479492 18849.373047 21531.828125
v -9160.479492 19016.304688 21487.558594
v -9160.479492 19180.730469 21466.234375
v -9160.479492 19340.951172 21465.802734
v -9160.479492 19505.156250 21486.216797
v -9160.479492 19672.087891 21529.482422
v -9160.479492 19836.705078 21597.044922
v -9160.479492 19993.962891 21688.855469
v -9160.479492 20138.566406 21803.468750
v -9160.479492 20265.767578 21937.929688
v -9160.479492 20371.810547 22088.035156
v -9160.479492 20454.322266 22248.789062
v -9160.479492 20512.375000 22414.875000
v -9160.479492 20546.595703 22581.296875
v -9160.479492 20555.832031 22670.656250
v -9160.479492 18516.738281 21819.283203
v -9160.479492 18486.804688 21843.919922
v -9160.479492 18677.279297 23077.906250
v -9160.479492 18648.449219 23722.164062
v -9160.479492 19795.617188 23722.164062
v -9160.479492 19874.294922 22090.224609
v -9160.479492 19928.720703 21819.283203
vn 1.000000 0.000000 0.000000
vn 1.000000 0.000000 0.000000
vn 1.000000 0.000000 0.000000
vn 1.000000 0.000000 0.000000
vn 1.000000 0.000000 0.000000
vn 1.000000 0.000000 0.000000
vn 1.000000 0.000000 0.000000
vn 1.000000 0.000000 0.000000
vn 1.000000 0.000000 0.000000
vn 1.000000 0.000000 0.000000
vn 1.000000 0.000000 0.000000
vn 1.000000 0.000000 0.000000
vn 1.000000 0.000000 0.000000
vn 1.000000 0.000000 0.000000
vn 1.000000 0.000000 0.000000
vn 1.000000 0.000000 0.000000
vn 1.000000 0.000000 0.000000
vn 1.000000 0.000000 0.000000
vn 1.000000 0.000000 0.000000
vn 1.000000 0.000000 0.000000
vn 1.000000 0.000000 0.000000
vn 1.000000 0.000000 0.000000
vn 1.000000 0.000000 0.000000
vn 1.000000 0.000000 0.000000
vn 1.000000 0.000000 0.000000
vn 1.000000 0.000000 0.000000
vn 1.000000 0.000000 0.000000
vn 1.000000 0.000000 0.000000
vn 1.000000 0.000000 0.000000
vn 1.000000 0.000000 0.000000
vn 1.000000 0.000000 0.000000
vn 1.000000 0.000000 0.000000
vn 1.000000 0.000000 0.000000
vn 1.000000 0.000000 0.000000
vn 1.000000 0.000000 0.000000
vn 1.000000 0.000000 0.000000
vn 1.000000 0.000000 0.000000
vn 1.000000 0.000000 0.000000
vn 1.000000 0.000000 0.000000
vn 1.000000 0.000000 0.000000
vn 1.000000 0.000000 0.000000
vn 1.000000 0.000000 0.000000
vn 1.000000 0.000000 0.000000
vn 1.000000 0.000000 0.000000
vn 1.000000 0.000000 0.000000
vn 1.000000 0.000000 0.000000
vn 1.000000 0.000000 0.000000
vn 1.000000 0.000000 0.000000
vn 1.000000 0.000000 0.000000
vn 1.000000 0.000000 0.000000
vn 1.000000 0.000000 0.000000
vn 1.000000 0.000000 0.000000
vt 2.588951 1.294475
vt 2.570252 1.513644
vt 2.512425 1.732961
vt 2.426780 1.921810
vt 2.324584 2.078400
vt 2.202101 2.217451
vt 2.063899 2.335418
vt 1.914560 2.430858
vt 1.752678 2.505088
vt 1.577044 2.557745
vt 1.393003 2.585193
vt 1.205873 2.585910
vt 1.021530 2.559860
vt 0.845311 2.508468
vt 0.682632 2.435317
vt 0.532748 2.341064
vt 0.393848 2.224282
vt 0.270406 2.086275
vt 0.167034 1.930508
vt 0.087220 1.761600
vt 0.033058 1.584989
vt 0.008019 1.438926
vt 0.000000 1.294475
vt 0.015611 1.094055
vt 0.065379 0.888287
vt 0.152020 0.685820
vt 0.275247 0.496453
vt 0.414414 0.345182
vt 0.558376 0.229667
vt 0.715206 0.136858
vt 0.879620 0.068266
vt 1.046552 0.023996
vt 1.210979 0.002673
vt 1.371198 0.002241
vt 1.535403 0.022656
vt 1.702335 0.065921
vt 1.866953 0.133484
vt 2.024210 0.225295
vt 2.168813 0.339907
vt 2.296014 0.474368
vt 2.402059 0.624473
vt 2.484569 0.785227
vt 2.542623 0.951313
vt 2.576844 1.117734
vt 2.586079 1.207095
vt 0.546986 0.355722
vt 0.517052 0.380357
vt 0.707527 1.614345
vt 0.678695 2.258603
vt 1.825864 2.258603
vt 1.904543 0.626663
vt 1.958968 0.355722
f 1943/1943/1943 1922/1922/1922 1923/1923/1923
f 1943/1943/1943 1923/1923/1923 1924/1924/1924
f 1942/1942/1942 1924/1924/1924 1925/1925/1925
f 1942/1942/1942 1925/1925/1925 1926/1926/1926
f 1942/1942/1942 1943/1943/1943 1924/1924/1924
f 1927/1927/1927 1942/1942/1942 1926/1926/1926
f 1928/1928/1928 1942/1942/1942 1927/1927/1927
f 1948/1948/1948 1932/1932/1932 1933/1933/1933
f 1948/1948/1948 1933/1933/1933 1934/1934/1934
f 1944/1944/1944 1915/1915/1915 1916/1916/1916
f 1944/1944/1944 1916/1916/1916 1917/1917/1917
f 1944/1944/1944 1917/1917/1917 1918/1918/1918
f 1944/1944/1944 1918/1918/1918 1919/1919/1919
f 1944/1944/1944 1919/1919/1919 1920/1920/1920
f 1944/1944/1944 1920/1920/1920 1921/1921/1921
f 1944/1944/1944 1921/1921/1921 1922/1922/1922
f 1944/1944/1944 1922/1922/1922 1943/1943/1943
f 1914/1914/1914 1915/1915/1915 1944/1944/1944
f 1935/1935/1935 1948/1948/1948 1934/1934/1934
f 1947/1947/1947 1948/1948/1948 1935/1935/1935
f 1936/1936/1936 1947/1947/1947 1935/1935/1935
f 1945/1945/1945 1914/1914/1914 1944/1944/1944
f 1945/1945/1945 1912/1912/1912 1913/1913/1913
f 1945/1945/1945 1913/1913/1913 1914/1914/1914
f 1937/1937/1937 1947/1947/1947 1936/1936/1936
f 1911/1911/1911 1912/1912/1912 1945/1945/1945
f 1938/1938/1938 1947/1947/1947 1937/1937/1937
f 1910/1910/1910 1911/1911/1911 1945/1945/1945
f 1939/1939/1939 1947/1947/1947 1938/1938/1938
f 1909/1909/1909 1910/1910/1910 1945/1945/1945
f 1940/1940/1940 1947/1947/1947 1939/1939/1939
f 1908/1908/1908 1909/1909/1909 1945/1945/1945
f 1941/1941/1941 1947/1947/1947 1940/1940/1940
f 1897/1897/1897 1947/1947/1947 1941/1941/1941
f 1898/1898/1898 1947/1947/1947 1897/1897/1897
f 1946/1946/1946 1907/1907/1907 1908/1908/1908
f 1906/1906/1906 1907/1907/1907 1946/1946/1946
f 1899/1899/1899 1947/1947/1947 1898/1898/1898
f 1899/1899/1899 1946/1946/1946 1947/1947/1947
f 1905/1905/1905 1906/1906/1906 1946/1946/1946
f 1904/1904/1904 1905/1905/1905 1946/1946/1946
f 1900/1900/1900 1946/1946/1946 1899/1899/1899
f 1903/1903/1903 1904/1904/1904 1946/1946/1946
f 1901/1901/1901 1946/1946/1946 1900/1900/1900
f 1902/1902/1902 1903/1903/1903 1946/1946/1946
f 1902/1902/1902 1946/1946/1946 1901/1901/1901
f 1945/1945/1945 1946/1946/1946 1908/1908/1908
f 1948/1948/1948 1942/1942/1942 1932/1932/1932
f 1932/1932/1932 1942/1942/1942 1931/1931/1931
f 1931/1931/1931 1942/1942/1942 1930/1930/1930
f 1930/1930/1930 1942/1942/1942 1929/1929/1929
f 1929/1929/1929 1942/1942/1942 1928/1928/1928
v -3601.012939 19042.736328 23381.136719
v -3170.806396 19001.816406 23554.470703
v -2719.637451 18957.720703 23664.748047
v -2255.488037 18911.449219 23723.435547
v -1633.789795 18848.376953 23735.978516
v -924.874817 18775.232422 23676.470703
v 13.593469 18676.701172 23494.755859
v 998.439697 18571.238281 23179.619141
v 1561.202881 18509.816406 22929.578125
v 2039.517578 18456.595703 22655.626953
v 2039.517578 17084.818359 22655.626953
v 1292.479370 17147.593750 23056.708984
v 380.067932 17231.550781 23393.181641
v -619.539612 17329.810547 23629.691406
v -1634.706665 17435.958984 23736.023438
v -2553.936523 17538.775391 23691.300781
v -3199.525635 17616.431641 23545.257812
v -3655.081299 17675.462891 23353.068359
v -3965.810547 17718.935547 23154.433594
v -4176.858398 17750.810547 22970.128906
v -4360.480957 17781.033203 22757.353516
v -4360.480957 20570.724609 22757.353516
v -4189.270996 20578.679688 22957.683594
v -3992.533936 20590.228516 23133.658203
v -3775.363525 20604.906250 23284.402344
v -3542.537109 20622.255859 23409.689453
v -3213.833008 20648.789062 23540.570312
v -2826.494629 20682.312500 23643.968750
v -2297.739746 20730.964844 23720.052734
v -1693.788086 20789.609375 23737.664062
v -869.592590 20873.755859 23668.978516
v 43.447323 20971.666016 23487.140625
v 894.025208 21067.230469 23219.710938
v 1515.551270 21140.255859 22952.302734
v 2039.517578 21204.978516 22655.626953
v 2039.517578 19885.937500 22655.626953
v 1297.653931 19769.691406 23054.402344
v 391.959595 19631.328125 23389.589844
v -604.556519 19482.167969 23627.091797
v -1620.858887 19333.181641 23735.572266
v -2538.637451 19201.923828 23693.425781
v -3084.462646 19125.921875 23580.437500
v -3352.953369 19089.335938 23490.775391
v -3601.012939 19056.162109 23381.136719
vn 0.449905 0.000000 -0.893076
vn 0.300965 0.000000 -0.953635
vn 0.177731 0.000000 -0.984079
vn 0.076449 0.000000 -0.997073
vn -0.031963 -0.000000 -0.999489
vn -0.132001 -0.000000 -0.991250
vn -0.245608 -0.000000 -0.969369
vn -0.365322 -0.000000 -0.930881
vn -0.449505 -0.000000 -0.893278
vn -0.549876 -0.000000 -0.835246
vn -0.549876 -0.000000 -0.835246
vn -0.406591 -0.000000 -0.913610
vn -0.288539 -0.000000 -0.957468
vn -0.170402 -0.000000 -0.985375
vn -0.031821 -0.000000 -0.999494
vn 0.139060 0.000000 -0.990284
vn 0.309852 0.000000 -0.950785
vn 0.471228 0.000000 -0.882011
vn 0.605895 0.000000 -0.795545
vn 0.708304 0.000000 -0.705908
vn 0.802072 0.000000 -0.597227
vn 0.802072 0.000000 -0.597227
vn 0.714519 0.000000 -0.699616
vn 0.618442 0.000000 -0.785830
vn 0.520892 0.000000 -0.853623
vn 0.427536 0.000000 -0.903998
vn 0.314329 0.000000 -0.949314
vn 0.204382 0.000000 -0.978891
vn 0.084818 0.000000 -0.996396
vn -0.022526 -0.000000 -0.999746
vn -0.139109 -0.000000 -0.990277
vn -0.249091 -0.000000 -0.968480
vn -0.351632 -0.000000 -0.936138
vn -0.441748 -0.000000 -0.897139
vn -0.549876 -0.000000 -0.835246
vn -0.549876 -0.000000 -0.835246
vn -0.407363 -0.000000 -0.913266
vn -0.289947 -0.000000 -0.957043
vn -0.172238 -0.000000 -0.985055
vn -0.033974 -0.000000 -0.999423
vn 0.135641 0.000000 -0.990758
vn 0.275067 0.000000 -0.961425
vn 0.359761 0.000000 -0.933044
vn 0.449905 0.000000 -0.893076
vt 0.159909 2.253863
vt 0.231705 2.294781
vt 0.300489 2.338878
vt 0.366976 2.385150
vt 0.452072 2.448222
vt 0.546652 2.521365
vt 0.672972 2.619897
vt 0.815349 2.725359
vt 0.907681 2.786781
vt 1.000000 2.840004
vt 1.000000 4.211780
vt 0.862074 4.149005
vt 0.724137 4.065047
vt 0.587331 3.966788
vt 0.451949 3.860639
vt 0.324621 3.757823
vt 0.227135 3.680168
vt 0.150269 3.621136
vt 0.090998 3.577662
vt 0.045446 3.545788
vt 0.000000 3.515566
vt 0.000000 0.725874
vt 0.042590 0.717919
vt 0.085510 0.706371
vt 0.128186 0.691692
vt 0.170154 0.674344
vt 0.224849 0.647809
vt 0.284644 0.614285
vt 0.361057 0.565634
vt 0.443988 0.506989
vt 0.554004 0.422842
vt 0.677084 0.324932
vt 0.799371 0.229368
vt 0.899692 0.156343
vt 1.000000 0.091619
vt 1.000000 1.410661
vt 0.862923 1.526907
vt 0.725826 1.665270
vt 0.589333 1.814430
vt 0.453812 1.963417
vt 0.326825 2.094676
vt 0.245287 2.170677
vt 0.202235 2.207263
vt 0.159909 2.240437
f 1992/1992/1992 1970/1970/1970 1971/1971/1971
f 1992/1992/1992 1971/1971/1971 1972/1972/1972
f 1992/1992/1992 1972/1972/1972 1973/1973/1973
f 1992/1992/1992 1973/1973/1973 1974/1974/1974
f 1969/1969/1969 1992/1992/1992 1949/1949/1949
f 1969/1969/1969 1970/1970/1970 1992/1992/1992
f 1991/1991/1991 1974/1974/1974 1975/1975/1975
f 1991/1991/1991 1992/1992/1992 1974/1974/1974
f 1990/1990/1990 1975/1975/1975 1976/1976/1976
f 1990/1990/1990 1991/1991/1991 1975/1975/1975
f 1968/1968/1968 1969/1969/1969 1949/1949/1949
f 1967/1967/1967 1968/1968/1968 1949/1949/1949
f 1989/1989/1989 1976/1976/1976 1977/1977/1977
f 1989/1989/1989 1990/1990/1990 1976/1976/1976
f 1966/1966/1966 1949/1949/1949 1950/1950/1950
f 1966/1966/1966 1967/1967/1967 1949/1949/1949
f 1988/1988/1988 1977/1977/1977 1978/1978/1978
f 1988/1988/1988 1989/1989/1989 1977/1977/1977
f 1965/1965/1965 1950/1950/1950 1951/1951/1951
f 1965/1965/1965 1966/1966/1966 1950/1950/1950
f 1987/1987/1987 1978/1978/1978 1979/1979/1979
f 1987/1987/1987 1979/1979/1979 1980/1980/1980
f 1987/1987/1987 1988/1988/1988 1978/1978/1978
f 1964/1964/1964 1951/1951/1951 1952/1952/1952
f 1964/1964/1964 1952/1952/1952 1953/1953/1953
f 1964/1964/1964 1965/1965/1965 1951/1951/1951
f 1986/1986/1986 1987/1987/1987 1980/1980/1980
f 1986/1986/1986 1980/1980/1980 1981/1981/1981
f 1963/1963/1963 1953/1953/1953 1954/1954/1954
f 1963/1963/1963 1964/1964/1964 1953/1953/1953
f 1985/1985/1985 1986/1986/1986 1981/1981/1981
f 1985/1985/1985 1981/1981/1981 1982/1982/1982
f 1962/1962/1962 1954/1954/1954 1955/1955/1955
f 1962/1962/1962 1963/1963/1963 1954/1954/1954
f 1984/1984/1984 1985/1985/1985 1982/1982/1982
f 1984/1984/1984 1982/1982/1982 1983/1983/1983
f 1961/1961/1961 1955/1955/1955 1956/1956/1956
f 1961/1961/1961 1962/1962/1962 1955/1955/1955
f 1960/1960/1960 1956/1956/1956 1957/1957/1957
f 1960/1960/1960 1961/1961/1961 1956/1956/1956
f 1959/1959/1959 1957/1957/1957 1958/1958/1958
f 1959/1959/1959 1960/1960/1960 1957/1957/1957
v -5062.893066 20595.160156 20649.574219
v -5062.893066 17958.113281 20649.574219
v -5060.480469 17964.035156 20519.384766
v -5060.480469 20601.175781 20519.384766
vn 1.000000 0.000000 0.000000
vn 1.000000 0.000000 0.000000
vn 0.999313 0.000000 0.037052
vn 0.999313 0.000000 0.037052
vt 0.701439 0.000000
vt 3.338485 0.000000
vt 3.332564 0.143552
vt 0.695423 0.143552
f 1995/1995/1995 1993/1993/1993 1994/1994/1994
f 1995/1995/1995 1996/1996/1996 1993/1993/1993
v -6760.479980 20433.900391 20519.384766
v -5060.480469 20601.175781 20519.384766
v -5060.480469 17964.035156 20519.384766
v -6760.479980 18150.250000 20519.384766
v -5910.480469 20208.238281 20519.384766
v -5982.141113 20203.546875 20519.384766
v -6055.766113 20188.623047 20519.384766
v -6130.000000 20162.837891 20519.384766
v -6203.470215 20125.607422 20519.384766
v -6274.600098 20076.886719 20519.384766
v -6341.791504 20017.097656 20519.384766
v -6403.518066 19947.109375 20519.384766
v -6458.440430 19868.277344 20519.384766
v -6505.502441 19782.296875 20519.384766
v -6543.973145 19691.111328 20519.384766
v -6581.391113 19565.023438 20519.384766
v -6604.812988 19422.210938 20519.384766
v -6610.274414 19283.832031 20519.384766
v -6598.657227 19143.679688 20519.384766
v -6568.313477 19000.580078 20519.384766
v -6517.931641 18861.013672 20519.384766
v -6448.012695 18731.738281 20519.384766
v -6360.893555 18619.308594 20519.384766
v -6271.065918 18536.845703 20519.384766
v -6184.100586 18479.851562 20519.384766
v -6094.312988 18439.843750 20519.384766
v -6004.391113 18416.367188 20519.384766
v -5956.914551 18410.169922 20519.384766
v -5910.480469 18408.244141 20519.384766
v -5839.737793 18412.796875 20519.384766
v -5768.152832 18427.066406 20519.384766
v -5696.944336 18451.146484 20519.384766
v -5627.330078 18485.162109 20519.384766
v -5560.547363 18528.773438 20519.384766
v -5497.772461 18581.310547 20519.384766
v -5440.033203 18641.804688 20519.384766
v -5388.187988 18709.027344 20519.384766
v -5329.237305 18806.740234 20519.384766
v -5276.986816 18925.300781 20519.384766
v -5238.569824 19055.906250 20519.384766
v -5215.952637 19195.886719 20519.384766
v -5210.927734 19340.089844 20519.384766
v -5223.806152 19483.056641 20519.384766
v -5253.731934 19619.585938 20519.384766
v -5298.235352 19744.652344 20519.384766
v -5356.960938 19859.136719 20519.384766
v -5430.636719 19963.509766 20519.384766
v -5517.812500 20053.292969 20519.384766
v -5605.409180 20118.269531 20519.384766
v -5689.348145 20162.150391 20519.384766
v -5775.836914 20191.414062 20519.384766
v -5843.564941 20204.177734 20519.384766
vn 0.000000 0.000000 -1.000000
vn 0.000000 0.000000 -1.000000
vn 0.000000 0.000000 -1.000000
vn 0.000000 0.000000 -1.000000
vn 0.000000 0.000000 -1.000000
vn 0.000000 0.000000 -1.000000
vn 0.000000 0.000000 -1.000000
vn 0.000000 0.000000 -1.000000
vn 0.000000 0.000000 -1.000000
vn 0.000000 0.000000 -1.000000
vn 0.000000 0.000000 -1.000000
vn 0.000000 0.000000 -1.000000
vn 0.000000 0.000000 -1.000000
vn 0.000000 0.000000 -1.000000
vn 0.000000 0.000000 -1.000000
vn 0.000000 0.000000 -1.000000
vn 0.000000 0.000000 -1.000000
vn 0.000000 0.000000 -1.000000
vn 0.000000 0.000000 -1.000000
vn 0.000000 0.000000 -1.000000
vn 0.000000 0.000000 -1.000000
vn 0.000000 0.000000 -1.000000
vn 0.000000 0.000000 -1.000000
vn 0.000000 0.000000 -1.000000
vn 0.000000 0.000000 -1.000000
vn 0.000000 0.000000 -1.000000
vn 0.000000 0.000000 -1.000000
vn 0.000000 0.000000 -1.000000
vn 0.000000 0.000000 -1.000000
vn 0.000000 0.000000 -1.000000
vn 0.000000 0.000000 -1.000000
vn 0.000000 0.000000 -1.000000
vn 0.000000 0.000000 -1.000000
vn 0.000000 0.000000 -1.000000
vn 0.000000 0.000000 -1.000000
vn 0.000000 0.000000 -1.000000
vn 0.000000 0.000000 -1.000000
vn 0.000000 0.000000 -1.000000
vn 0.000000 0.000000 -1.000000
vn 0.000000 0.000000 -1.000000
vn 0.000000 0.000000 -1.000000
vn 0.000000 0.000000 -1.000000
vn 0.000000 0.000000 -1.000000
vn 0.000000 0.000000 -1.000000
vn 0.000000 0.000000 -1.000000
vn 0.000000 0.000000 -1.000000
vn 0.000000 0.000000 -1.000000
vn 0.000000 0.000000 -1.000000
vn 0.000000 0.000000 -1.000000
vn 0.000000 0.000000 -1.000000
vn 0.000000 0.000000 -1.000000
vn 0.000000 0.000000 -1.000000
vt 2.469867 0.000000
vt 2.637141 1.700000
vt 0.000000 1.700000
vt 0.186216 0.000000
vt 2.244204 0.850000
vt 2.239512 0.778339
vt 2.224588 0.704714
vt 2.198804 0.630480
vt 2.161574 0.557010
vt 2.112853 0.485880
vt 2.053064 0.418689
vt 1.983075 0.356962
vt 1.904242 0.302040
vt 1.818262 0.254978
vt 1.727077 0.216507
vt 1.600989 0.179089
vt 1.458176 0.155667
vt 1.319798 0.150206
vt 1.179645 0.161823
vt 1.036545 0.192167
vt 0.896979 0.242549
vt 0.767704 0.312468
vt 0.655273 0.399586
vt 0.572811 0.489414
vt 0.515817 0.576379
vt 0.475810 0.666167
vt 0.452333 0.756089
vt 0.446135 0.803565
vt 0.444209 0.850000
vt 0.448762 0.920742
vt 0.463032 0.992327
vt 0.487111 1.063536
vt 0.521127 1.133150
vt 0.564740 1.199933
vt 0.617276 1.262708
vt 0.677771 1.320447
vt 0.744994 1.372292
vt 0.842706 1.431243
vt 0.961266 1.483493
vt 1.091873 1.521910
vt 1.231851 1.544527
vt 1.376055 1.549552
vt 1.519023 1.536674
vt 1.655551 1.506748
vt 1.780619 1.462245
vt 1.895102 1.403519
vt 1.999475 1.329843
vt 2.089258 1.242668
vt 2.154236 1.155071
vt 2.198115 1.071132
vt 2.227379 0.984643
vt 2.240143 0.916915
f 2020/2020/2020 2000/2000/2000 2019/2019/2019
f 2018/2018/2018 2019/2019/2019 2000/2000/2000
f 2021/2021/2021 2000/2000/2000 2020/2020/2020
f 2017/2017/2017 2018/2018/2018 2000/2000/2000
f 2022/2022/2022 2000/2000/2000 2021/2021/2021
f 2023/2023/2023 2000/2000/2000 2022/2022/2022
f 2016/2016/2016 2017/2017/2017 2000/2000/2000
f 2024/2024/2024 2000/2000/2000 2023/2023/2023
f 2015/2015/2015 2016/2016/2016 2000/2000/2000
f 2014/2014/2014 2015/2015/2015 2000/2000/2000
f 1999/1999/1999 2024/2024/2024 2025/2025/2025
f 1999/1999/1999 2025/2025/2025 2026/2026/2026
f 1999/1999/1999 2026/2026/2026 2027/2027/2027
f 1999/1999/1999 2027/2027/2027 2028/2028/2028
f 1999/1999/1999 2028/2028/2028 2029/2029/2029
f 1999/1999/1999 2000/2000/2000 2024/2024/2024
f 2030/2030/2030 1999/1999/1999 2029/2029/2029
f 2031/2031/2031 1999/1999/1999 2030/2030/2030
f 2032/2032/2032 1999/1999/1999 2031/2031/2031
f 2033/2033/2033 1999/1999/1999 2032/2032/2032
f 2034/2034/2034 1999/1999/1999 2033/2033/2033
f 2035/2035/2035 1999/1999/1999 2034/2034/2034
f 1997/1997/1997 2008/2008/2008 2009/2009/2009
f 1997/1997/1997 2009/2009/2009 2010/2010/2010
f 1997/1997/1997 2010/2010/2010 2011/2011/2011
f 1997/1997/1997 2011/2011/2011 2012/2012/2012
f 1997/1997/1997 2012/2012/2012 2013/2013/2013
f 1997/1997/1997 2013/2013/2013 2014/2014/2014
f 1997/1997/1997 2014/2014/2014 2000/2000/2000
f 2007/2007/2007 2008/2008/2008 1997/1997/1997
f 2006/2006/2006 2007/2007/2007 1997/1997/1997
f 2036/2036/2036 1999/1999/1999 2035/2035/2035
f 2005/2005/2005 2006/2006/2006 1997/1997/1997
f 2004/2004/2004 2005/2005/2005 1997/1997/1997
f 2003/2003/2003 2004/2004/2004 1997/1997/1997
f 2002/2002/2002 2003/2003/2003 1997/1997/1997
f 2001/2001/2001 2002/2002/2002 1997/1997/1997
f 1998/1998/1998 2001/2001/2001 1997/1997/1997
f 1998/1998/1998 2039/2039/2039 2040/2040/2040
f 1998/1998/1998 2040/2040/2040 2041/2041/2041
f 1998/1998/1998 2041/2041/2041 2042/2042/2042
f 1998/1998/1998 2042/2042/2042 2043/2043/2043
f 1998/1998/1998 2043/2043/2043 2044/2044/2044
f 1998/1998/1998 2044/2044/2044 2045/2045/2045
f 1998/1998/1998 2045/2045/2045 2046/2046/2046
f 1998/1998/1998 2046/2046/2046 2047/2047/2047
f 1998/1998/1998 2047/2047/2047 2048/2048/2048
f 1998/1998/1998 2048/2048/2048 2001/2001/2001
f 1998/1998/1998 1999/1999/1999 2038/2038/2038
f 2038/2038/2038 1999/1999/1999 2037/2037/2037
f 2037/2037/2037 1999/1999/1999 2036/2036/2036
f 1998/1998/1998 2038/2038/2038 2039/2039/2039
v -9158.205078 18513.669922 21821.734375
v -9160.479492 18516.738281 21819.283203
v -9160.479492 19928.720703 21819.283203
v -9156.470703 19886.525391 21823.583984
v -9085.060547 19873.250000 21887.304688
v -9004.126953 19862.529297 21939.443359
v -8916.364258 19855.652344 21980.822266
v -8824.094727 19853.396484 22012.326172
v -8728.735352 19856.257812 22035.078125
v -8628.798828 19864.888672 22050.308594
v -8487.896484 19886.769531 22059.257812
v -8321.066406 19927.738281 22053.554688
v -8149.788086 19987.783203 22031.199219
v -7978.933594 20067.476562 21992.816406
v -7811.957520 20167.082031 21939.355469
v -7652.414062 20286.093750 21872.230469
v -7403.279297 20316.943359 21729.468750
v -7202.215820 20343.906250 21567.724609
v -7046.438477 20366.861328 21395.880859
v -6921.200195 20387.775391 21202.337891
v -6830.141113 20406.201172 20989.058594
v -6777.010742 20421.376953 20764.904297
v -6763.785645 20428.089844 20642.968750
v -6760.479980 20433.900391 20519.384766
v -6760.479980 18150.250000 20519.384766
v -6779.059570 18139.998047 20778.001953
v -6835.314941 18135.400391 21004.507812
v -6918.527344 18135.355469 21197.300781
v -7029.646484 18139.148438 21373.664062
v -7165.911133 18146.541016 21532.248047
v -7323.612305 18157.199219 21671.492188
v -7487.389648 18169.812500 21783.595703
v -7662.449219 18184.552734 21876.955078
v -7892.146484 18375.070312 21967.056641
v -8139.818848 18523.388672 22029.390625
v -8369.408203 18620.902344 22056.902344
v -8568.871094 18679.566406 22055.773438
v -8754.726562 18714.785156 22029.736328
v -8904.973633 18730.501953 21985.283203
v -9023.392578 18735.337891 21928.468750
v -9085.405273 18735.386719 21887.037109
v -9141.847656 18734.123047 21838.500000
vn 0.730922 0.000000 -0.682461
vn 0.735241 0.000000 -0.677806
vn 0.735241 0.000000 -0.677806
vn 0.727641 0.000000 -0.685958
vn 0.602250 0.000000 -0.798308
vn 0.481787 0.000000 -0.876289
vn 0.372457 0.000000 -0.928050
vn 0.275732 0.000000 -0.961235
vn 0.190273 0.000000 -0.981731
vn 0.112305 0.000000 -0.993674
vn 0.016577 0.000000 -0.999863
vn -0.082632 -0.000000 -0.996580
vn -0.175034 -0.000000 -0.984562
vn -0.262430 -0.000000 -0.964951
vn -0.346661 -0.000000 -0.937991
vn -0.428626 -0.000000 -0.903482
vn -0.564880 -0.000000 -0.825173
vn -0.687069 -0.000000 -0.726592
vn -0.791752 -0.000000 -0.610843
vn -0.882331 -0.000000 -0.470629
vn -0.950185 -0.000000 -0.311685
vn -0.988746 -0.000000 -0.149604
vn -0.997774 -0.000000 -0.066685
vn -0.999924 0.000000 0.012334
vn -0.999924 0.000000 0.012334
vn -0.987315 -0.000000 -0.158771
vn -0.946346 -0.000000 -0.323155
vn -0.884313 -0.000000 -0.466895
vn -0.803592 -0.000000 -0.595180
vn -0.710635 -0.000000 -0.703561
vn -0.611719 -0.000000 -0.791075
vn -0.517350 -0.000000 -0.855774
vn -0.423384 -0.000000 -0.905950
vn -0.306170 -0.000000 -0.951977
vn -0.180227 -0.000000 -0.983625
vn -0.055065 -0.000000 -0.998483
vn 0.069886 0.000000 -0.997555
vn 0.212349 0.000000 -0.977194
vn 0.359621 0.000000 -0.933098
vn 0.508567 0.000000 -0.861023
vn 0.602817 0.000000 -0.797880
vn 0.700417 0.000000 -0.713734
vt 0.001449 2.782928
vt 0.000000 2.779860
vt 0.000000 1.367878
vt 0.002547 1.410074
vt 0.043440 1.423348
vt 0.083026 1.434069
vt 0.121158 1.440946
vt 0.157755 1.443202
vt 0.192993 1.440342
vt 0.227912 1.431711
vt 0.274689 1.409829
vt 0.327629 1.368860
vt 0.380397 1.308816
vt 0.432407 1.229122
vt 0.483458 1.129516
vt 0.533219 1.010505
vt 0.615095 0.979654
vt 0.688324 0.952692
vt 0.753795 0.929737
vt 0.818013 0.908824
vt 0.880834 0.890398
vt 0.940411 0.875221
vt 0.970652 0.868508
vt 1.000000 0.862697
vt 1.000000 3.146348
vt 0.937079 3.156600
vt 0.876508 3.161199
vt 0.819582 3.161244
vt 0.761605 3.157451
vt 0.702679 3.150059
vt 0.643062 3.139400
vt 0.586664 3.126786
vt 0.530044 3.112045
vt 0.458863 2.921529
vt 0.383441 2.773211
vt 0.312491 2.675697
vt 0.248102 2.617031
vt 0.183601 2.581812
vt 0.125839 2.566096
vt 0.074069 2.561261
vt 0.043257 2.561211
vt 0.011569 2.562476
f 2090/2090/2090 2052/2052/2052 2053/2053/2053
f 2089/2089/2089 2053/2053/2053 2054/2054/2054
f 2089/2089/2089 2090/2090/2090 2053/2053/2053
f 2050/2050/2050 2051/2051/2051 2052/2052/2052
f 2050/2050/2050 2052/2052/2052 2090/2090/2090
f 2049/2049/2049 2050/2050/2050 2090/2090/2090
f 2088/2088/2088 2054/2054/2054 2055/2055/2055
f 2088/2088/2088 2089/2089/2089 2054/2054/2054
f 2087/2087/2087 2055/2055/2055 2056/2056/2056
f 2087/2087/2087 2088/2088/2088 2055/2055/2055
f 2065/2065/2065 2063/2063/2063 2064/2064/2064
f 2086/2086/2086 2056/2056/2056 2057/2057/2057
f 2086/2086/2086 2057/2057/2057 2058/2058/2058
f 2086/2086/2086 2087/2087/2087 2056/2056/2056
f 2085/2085/2085 2058/2058/2058 2059/2059/2059
f 2085/2085/2085 2086/2086/2086 2058/2058/2058
f 2084/2084/2084 2059/2059/2059 2060/2060/2060
f 2084/2084/2084 2060/2060/2060 2061/2061/2061
f 2084/2084/2084 2085/2085/2085 2059/2059/2059
f 2083/2083/2083 2061/2061/2061 2062/2062/2062
f 2083/2083/2083 2084/2084/2084 2061/2061/2061
f 2082/2082/2082 2062/2062/2062 2063/2063/2063
f 2082/2082/2082 2063/2063/2063 2065/2065/2065
f 2082/2082/2082 2083/2083/2083 2062/2062/2062
f 2080/2080/2080 2081/2081/2081 2082/2082/2082
f 2079/2079/2079 2080/2080/2080 2082/2082/2082
f 2079/2079/2079 2065/2065/2065 2066/2066/2066
f 2079/2079/2079 2082/2082/2082 2065/2065/2065
f 2078/2078/2078 2079/2079/2079 2066/2066/2066
f 2077/2077/2077 2078/2078/2078 2066/2066/2066
f 2077/2077/2077 2066/2066/2066 2067/2067/2067
f 2076/2076/2076 2067/2067/2067 2068/2068/2068
f 2076/2076/2076 2077/2077/2077 2067/2067/2067
f 2075/2075/2075 2076/2076/2076 2068/2068/2068
f 2075/2075/2075 2068/2068/2068 2069/2069/2069
f 2074/2074/2074 2069/2069/2069 2070/2070/2070
f 2074/2074/2074 2075/2075/2075 2069/2069/2069
f 2073/2073/2073 2074/2074/2074 2070/2070/2070
f 2073/2073/2073 2070/2070/2070 2071/2071/2071
f 2073/2073/2073 2071/2071/2071 2072/2072/2072
v -5819.509766 19308.240234 13930.291992
v -5280.011719 19308.240234 13903.233398
v -5288.009277 19408.328125 13903.233398
v -5313.520020 19511.044922 13903.233398
v -5352.624023 19601.988281 13903.233398
v -5400.843262 19679.400391 13903.233398
v -5460.456543 19749.789062 13903.233398
v -5529.750977 19810.765625 13903.233398
v -5606.404785 19860.529297 13903.233398
v -5687.711426 19898.044922 13903.233398
v -5770.939941 19923.070312 13903.233398
v -5853.513184 19936.119141 13903.233398
v -5933.638184 19938.324219 13903.233398
v -6015.128906 19929.939453 13903.233398
v -6098.414551 19910.054688 13903.233398
v -6180.839844 19877.792969 13903.233398
v -6259.791504 19833.095703 13903.233398
v -6332.485840 19776.644531 13903.233398
v -6396.408203 19709.939453 13903.233398
v -6449.564453 19635.156250 13903.233398
v -6490.691895 19554.904297 13903.233398
v -6519.310059 19471.970703 13903.233398
v -6535.770996 19388.968750 13903.233398
v -6540.948730 19308.240234 13903.233398
v -6001.450684 19308.240234 13930.291992
v -5996.452637 19337.980469 13930.291992
v -5986.997070 19357.441406 13930.291992
v -5974.409668 19372.960938 13930.291992
v -5959.835449 19384.658203 13930.291992
v -5944.946289 19392.429688 13930.291992
v -5916.705566 19399.000000 13930.291992
v -5893.677734 19397.644531 13930.291992
v -5873.996582 19391.574219 13930.291992
v -5858.391113 19382.822266 13930.291992
v -5836.815918 19361.619141 13930.291992
v -5823.613770 19335.255859 13930.291992
vn 0.050094 -0.000000 0.998745
vn 0.050094 0.000000 0.998745
vn 0.049458 0.007952 0.998745
vn 0.047431 0.016114 0.998745
vn 0.044324 0.023340 0.998745
vn 0.040493 0.029490 0.998745
vn 0.035757 0.035083 0.998745
vn 0.030251 0.039928 0.998745
vn 0.024160 0.043882 0.998745
vn 0.017699 0.046863 0.998745
vn 0.011088 0.048851 0.998745
vn 0.004528 0.049889 0.998745
vn -0.001834 0.050060 0.998745
vn -0.008318 0.049398 0.998745
vn -0.014931 0.047817 0.998745
vn -0.021482 0.045254 0.998745
vn -0.027754 0.041702 0.998745
vn -0.033530 0.037217 0.998745
vn -0.038609 0.031917 0.998745
vn -0.042833 0.025975 0.998745
vn -0.046101 0.019599 0.998745
vn -0.048375 0.013008 0.998745
vn -0.049681 0.006415 0.998745
vn -0.050094 0.000000 0.998745
vn -0.050094 0.000000 0.998745
vn -0.047341 0.016376 0.998745
vn -0.042135 0.027093 0.998745
vn -0.035203 0.035639 0.998745
vn -0.027178 0.042080 0.998745
vn -0.018979 0.046359 0.998745
vn -0.003427 0.049976 0.998745
vn 0.009255 0.049231 0.998745
vn 0.020090 0.045889 0.998745
vn 0.028683 0.041069 0.998745
vn 0.040564 0.029393 0.998745
vn 0.047834 0.014876 0.998745
vt 0.270088 2.266468
vt -0.270088 2.266468
vt -0.270088 2.204508
vt -0.270088 2.142549
vt -0.270088 2.086785
vt -0.270088 2.036598
vt -0.270088 1.986410
vt -0.270088 1.936223
vt -0.270088 1.886036
vt -0.270088 1.835849
vt -0.270088 1.785662
vt -0.270088 1.735474
vt -0.270088 1.685287
vt -0.270088 1.635100
vt -0.270088 1.584913
vt -0.270088 1.534725
vt -0.270088 1.484538
vt -0.270088 1.434351
vt -0.270088 1.384164
vt -0.270088 1.333976
vt -0.270088 1.283789
vt -0.270088 1.233602
vt -0.270088 1.183418
vt -0.270088 1.133234
vt 0.270088 1.133234
vt 0.270088 1.259149
vt 0.270088 1.343092
vt 0.270088 1.418643
vt 0.270088 1.489295
vt 0.270088 1.554060
vt 0.270088 1.672794
vt 0.270088 1.771740
vt 0.270088 1.854195
vt 0.270088 1.922907
vt 0.270088 2.037427
vt 0.270088 2.151947
f 2115/2115/2115 2113/2113/2113 2114/2114/2114
f 2116/2116/2116 2111/2111/2111 2112/2112/2112
f 2116/2116/2116 2112/2112/2112 2113/2113/2113
f 2116/2116/2116 2113/2113/2113 2115/2115/2115
f 2117/2117/2117 2109/2109/2109 2110/2110/2110
f 2117/2117/2117 2110/2110/2110 2111/2111/2111
f 2117/2117/2117 2111/2111/2111 2116/2116/2116
f 2118/2118/2118 2108/2108/2108 2109/2109/2109
f 2118/2118/2118 2109/2109/2109 2117/2117/2117
f 2119/2119/2119 2106/2106/2106 2107/2107/2107
f 2119/2119/2119 2107/2107/2107 2108/2108/2108
f 2119/2119/2119 2108/2108/2108 2118/2118/2118
f 2120/2120/2120 2104/2104/2104 2105/2105/2105
f 2120/2120/2120 2105/2105/2105 2106/2106/2106
f 2120/2120/2120 2106/2106/2106 2119/2119/2119
f 2121/2121/2121 2102/2102/2102 2103/2103/2103
f 2121/2121/2121 2103/2103/2103 2104/2104/2104
f 2121/2121/2121 2104/2104/2104 2120/2120/2120
f 2122/2122/2122 2100/2100/2100 2101/2101/2101
f 2122/2122/2122 2101/2101/2101 2102/2102/2102
f 2122/2122/2122 2102/2102/2102 2121/2121/2121
f 2123/2123/2123 2099/2099/2099 2100/2100/2100
f 2123/2123/2123 2100/2100/2100 2122/2122/2122
f 2124/2124/2124 2097/2097/2097 2098/2098/2098
f 2124/2124/2124 2098/2098/2098 2099/2099/2099
f 2124/2124/2124 2099/2099/2099 2123/2123/2123
f 2125/2125/2125 2095/2095/2095 2096/2096/2096
f 2125/2125/2125 2096/2096/2096 2097/2097/2097
f 2125/2125/2125 2097/2097/2097 2124/2124/2124
f 2126/2126/2126 2093/2093/2093 2094/2094/2094
f 2126/2126/2126 2094/2094/2094 2095/2095/2095
f 2126/2126/2126 2095/2095/2095 2125/2125/2125
f 2091/2091/2091 2092/2092/2092 2093/2093/2093
f 2091/2091/2091 2093/2093/2093 2126/2126/2126
v -5280.011719 19308.240234 13903.233398
v -5223.741699 19308.240234 13879.141602
v -5170.547363 19308.240234 13845.951172
v -5122.576172 19308.240234 13804.390625
v -5081.695801 19308.240234 13755.836914
v -5049.260254 19308.240234 13702.179688
v -5025.964844 19308.240234 13645.575195
v -5038.675781 19457.607422 13645.575195
v -5073.886719 19595.433594 13645.575195
v -5126.315430 19717.451172 13645.575195
v -5198.272949 19832.765625 13645.575195
v -5288.181641 19936.816406 13645.575195
v -5393.084473 20025.640625 13645.575195
v -5508.975098 20096.367188 13645.575195
v -5631.236816 20147.529297 13645.575195
v -5755.394043 20179.023438 13645.575195
v -5877.015137 20192.177734 13645.575195
v -5996.533203 20188.537109 13645.575195
v -6119.829102 20167.626953 13645.575195
v -6243.673828 20127.601562 13645.575195
v -6363.734863 20067.794922 13645.575195
v -6475.362305 19988.880859 13645.575195
v -6574.145020 19892.968750 13645.575195
v -6656.485840 19783.458984 13645.575195
v -6720.015137 19664.634766 13645.575195
v -6763.765625 19541.167969 13645.575195
v -6787.523438 19423.087891 13645.575195
v -6794.996094 19308.240234 13645.575195
v -6771.700684 19308.240234 13702.179688
v -6739.265137 19308.240234 13755.836914
v -6698.384766 19308.240234 13804.390625
v -6650.413574 19308.240234 13845.951172
v -6597.219238 19308.240234 13879.141602
v -6540.948730 19308.240234 13903.233398
v -6532.951172 19408.328125 13903.233398
v -6507.440430 19511.044922 13903.233398
v -6468.336426 19601.988281 13903.233398
v -6420.117188 19679.400391 13903.233398
v -6360.503906 19749.789062 13903.233398
v -6291.209961 19810.765625 13903.233398
v -6214.556152 19860.529297 13903.233398
v -6133.249512 19898.044922 13903.233398
v -6050.020508 19923.070312 13903.233398
v -5967.447266 19936.119141 13903.233398
v -5887.322754 19938.324219 13903.233398
v -5805.831543 19929.939453 13903.233398
v -5722.546387 19910.054688 13903.233398
v -5640.120605 19877.792969 13903.233398
v -5561.168945 19833.095703 13903.233398
v -5488.475098 19776.644531 13903.233398
v -5424.552246 19709.939453 13903.233398
v -5371.395996 19635.156250 13903.233398
v -5330.269043 19554.904297 13903.233398
v -5301.650879 19471.970703 13903.233398
v -5285.189453 19388.968750 13903.233398
v -6643.168457 19598.304688 13804.277344
v -6467.691895 19865.453125 13804.277344
v -6200.544922 20040.929688 13804.277344
v -5910.480469 20096.257812 13804.277344
v -5620.416016 20040.929688 13804.277344
v -5353.269043 19865.453125 13804.277344
v -5177.791992 19598.304688 13804.277344
vn 0.322914 0.000000 0.946428
vn 0.462008 0.000000 0.886876
vn 0.593499 0.000000 0.804835
vn 0.712079 0.000000 0.702100
vn 0.813130 0.000000 0.582082
vn 0.893308 0.000000 0.449446
vn 0.950891 0.000000 0.309526
vn 0.937237 0.160566 0.309526
vn 0.899372 0.308746 0.309526
vn 0.843010 0.439918 0.309526
vn 0.765654 0.563886 0.309526
vn 0.669000 0.675746 0.309526
vn 0.556224 0.771239 0.309526
vn 0.431641 0.847278 0.309526
vn 0.300178 0.902268 0.309526
vn 0.166775 0.936152 0.309525
vn 0.035866 0.950215 0.309525
vn -0.092559 0.946376 0.309525
vn -0.225054 0.923875 0.309526
vn -0.358194 0.880847 0.309526
vn -0.487269 0.816556 0.309526
vn -0.607273 0.731720 0.309526
vn -0.713472 0.628610 0.309526
vn -0.801995 0.510880 0.309526
vn -0.870286 0.383141 0.309526
vn -0.917331 0.250394 0.309526
vn -0.942840 0.123479 0.309526
vn -0.950891 0.000000 0.309526
vn -0.893308 0.000000 0.449446
vn -0.813130 0.000000 0.582082
vn -0.712079 0.000000 0.702100
vn -0.593499 0.000000 0.804835
vn -0.462008 0.000000 0.886876
vn -0.322914 -0.000000 0.946428
vn -0.318819 0.051262 0.946428
vn -0.305751 0.103873 0.946428
vn -0.285724 0.150451 0.946428
vn -0.261027 0.190101 0.946428
vn -0.230495 0.226154 0.946428
vn -0.195003 0.257386 0.946428
vn -0.155743 0.282874 0.946428
vn -0.114095 0.302086 0.946428
vn -0.071473 0.314905 0.946428
vn -0.029190 0.321592 0.946428
vn 0.011823 0.322698 0.946428
vn 0.053619 0.318431 0.946428
vn 0.096249 0.308237 0.946428
vn 0.138475 0.291716 0.946428
vn 0.178911 0.268821 0.946428
vn 0.216143 0.239908 0.946428
vn 0.248884 0.205743 0.946428
vn 0.276111 0.167440 0.946428
vn 0.297174 0.126337 0.946428
vn 0.311836 0.083855 0.946428
vn 0.320255 0.041352 0.946428
vn -0.662339 0.262214 0.701819
vn -0.503711 0.503711 0.701819
vn -0.262214 0.662339 0.701819
vn 0.000000 0.712355 0.701819
vn 0.262214 0.662339 0.701819
vn 0.503711 0.503711 0.701819
vn 0.662339 0.262214 0.701819
vt 1.225954 6.283185
vt 1.076955 6.283185
vt 0.927873 6.283185
vt 0.778708 6.283185
vt 0.629461 6.283185
vt 0.480130 6.283185
vt 0.330716 6.283185
vt 0.330716 6.100702
vt 0.330716 5.936467
vt 0.330716 5.788655
vt 0.330716 5.640843
vt 0.330716 5.493032
vt 0.330716 5.345220
vt 0.330716 5.197408
vt 0.330716 5.049597
vt 0.330716 4.901785
vt 0.330716 4.753973
vt 0.330716 4.606162
vt 0.330716 4.458350
vt 0.330716 4.310538
vt 0.330716 4.162727
vt 0.330716 4.014915
vt 0.330716 3.867103
vt 0.330716 3.719292
vt 0.330716 3.571480
vt 0.330716 3.423668
vt 0.330716 3.282630
vt 0.330716 3.141593
vt 0.480130 3.141593
vt 0.629461 3.141593
vt 0.778708 3.141593
vt 0.927873 3.141593
vt 1.076955 3.141593
vt 1.225954 3.141593
vt 1.225954 3.313359
vt 1.225954 3.485126
vt 1.225954 3.639716
vt 1.225954 3.778847
vt 1.225954 3.917978
vt 1.225954 4.057108
vt 1.225954 4.196239
vt 1.225954 4.335371
vt 1.225954 4.474501
vt 1.225954 4.613632
vt 1.225954 4.752763
vt 1.225954 4.891894
vt 1.225954 5.031025
vt 1.225954 5.170156
vt 1.225954 5.309287
vt 1.225954 5.448418
vt 1.225954 5.587549
vt 1.225954 5.726680
vt 1.225954 5.865810
vt 1.225954 6.004941
vt 1.225954 6.144063
vt 0.778335 3.534292
vt 0.778335 3.926991
vt 0.778335 4.319690
vt 0.778335 4.712389
vt 0.778335 5.105088
vt 0.778335 5.497787
vt 0.778335 5.890486
f 2153/2153/2153 2154/2154/2154 2155/2155/2155
f 2156/2156/2156 2153/2153/2153 2155/2155/2155
f 2161/2161/2161 2158/2158/2158 2159/2159/2159
f 2161/2161/2161 2159/2159/2159 2160/2160/2160
f 2132/2132/2132 2133/2133/2133 2134/2134/2134
f 2131/2131/2131 2132/2132/2132 2134/2134/2134
f 2128/2128/2128 2129/2129/2129 2181/2181/2181
f 2127/2127/2127 2128/2128/2128 2181/2181/2181
f 2182/2182/2182 2161/2161/2161 2162/2162/2162
f 2182/2182/2182 2150/2150/2150 2151/2151/2151
f 2182/2182/2182 2151/2151/2151 2152/2152/2152
f 2182/2182/2182 2152/2152/2152 2153/2153/2153
f 2182/2182/2182 2156/2156/2156 2157/2157/2157
f 2182/2182/2182 2157/2157/2157 2158/2158/2158
f 2182/2182/2182 2162/2162/2162 2163/2163/2163
f 2182/2182/2182 2163/2163/2163 2164/2164/2164
f 2182/2182/2182 2153/2153/2153 2156/2156/2156
f 2182/2182/2182 2158/2158/2158 2161/2161/2161
f 2183/2183/2183 2147/2147/2147 2148/2148/2148
f 2183/2183/2183 2150/2150/2150 2182/2182/2182
f 2183/2183/2183 2148/2148/2148 2149/2149/2149
f 2183/2183/2183 2149/2149/2149 2150/2150/2150
f 2183/2183/2183 2164/2164/2164 2165/2165/2165
f 2183/2183/2183 2165/2165/2165 2166/2166/2166
f 2183/2183/2183 2182/2182/2182 2164/2164/2164
f 2184/2184/2184 2145/2145/2145 2146/2146/2146
f 2184/2184/2184 2146/2146/2146 2147/2147/2147
f 2184/2184/2184 2166/2166/2166 2167/2167/2167
f 2184/2184/2184 2167/2167/2167 2168/2168/2168
f 2184/2184/2184 2168/2168/2168 2169/2169/2169
f 2184/2184/2184 2147/2147/2147 2183/2183/2183
f 2184/2184/2184 2183/2183/2183 2166/2166/2166
f 2185/2185/2185 2142/2142/2142 2143/2143/2143
f 2185/2185/2185 2143/2143/2143 2144/2144/2144
f 2185/2185/2185 2144/2144/2144 2145/2145/2145
f 2185/2185/2185 2169/2169/2169 2170/2170/2170
f 2185/2185/2185 2170/2170/2170 2171/2171/2171
f 2185/2185/2185 2171/2171/2171 2172/2172/2172
f 2185/2185/2185 2145/2145/2145 2184/2184/2184
f 2185/2185/2185 2184/2184/2184 2169/2169/2169
f 2186/2186/2186 2139/2139/2139 2140/2140/2140
f 2186/2186/2186 2140/2140/2140 2141/2141/2141
f 2186/2186/2186 2141/2141/2141 2142/2142/2142
f 2186/2186/2186 2172/2172/2172 2173/2173/2173
f 2186/2186/2186 2173/2173/2173 2174/2174/2174
f 2186/2186/2186 2174/2174/2174 2175/2175/2175
f 2186/2186/2186 2185/2185/2185 2172/2172/2172
f 2186/2186/2186 2142/2142/2142 2185/2185/2185
f 2187/2187/2187 2137/2137/2137 2138/2138/2138
f 2187/2187/2187 2138/2138/2138 2139/2139/2139
f 2187/2187/2187 2175/2175/2175 2176/2176/2176
f 2187/2187/2187 2176/2176/2176 2177/2177/2177
f 2187/2187/2187 2177/2177/2177 2178/2178/2178
f 2187/2187/2187 2186/2186/2186 2175/2175/2175
f 2187/2187/2187 2139/2139/2139 2186/2186/2186
f 2188/2188/2188 2137/2137/2137 2187/2187/2187
f 2188/2188/2188 2134/2134/2134 2135/2135/2135
f 2188/2188/2188 2135/2135/2135 2136/2136/2136
f 2188/2188/2188 2136/2136/2136 2137/2137/2137
f 2188/2188/2188 2187/2187/2187 2178/2178/2178
f 2188/2188/2188 2178/2178/2178 2179/2179/2179
f 2188/2188/2188 2131/2131/2131 2134/2134/2134
f 2188/2188/2188 2179/2179/2179 2180/2180/2180
f 2188/2188/2188 2180/2180/2180 2181/2181/2181
f 2188/2188/2188 2129/2129/2129 2130/2130/2130
f 2188/2188/2188 2130/2130/2130 2131/2131/2131
f 2188/2188/2188 2181/2181/2181 2129/2129/2129
v -5025.964844 19308.240234 13645.575195
v -4542.314453 19308.240234 -8328.967773
v -4561.678711 19537.546875 -8328.967773
v -4615.311523 19749.169922 -8328.967773
v -4695.175781 19936.662109 -8328.967773
v -4804.840332 20114.115234 -8328.967773
v -4941.977051 20274.607422 -8328.967773
v -5102.180664 20412.103516 -8328.967773
v -5279.443359 20522.171875 -8328.967773
v -5466.804688 20602.482422 -8328.967773
v -5657.452148 20652.765625 -8328.967773
v -5844.685059 20674.886719 -8328.967773
v -6027.961426 20671.333984 -8328.967773
v -6216.866211 20641.654297 -8328.967773
v -6407.234375 20583.046875 -8328.967773
v -6592.492676 20494.291016 -8328.967773
v -6765.649902 20376.203125 -8328.967773
v -6919.937500 20231.736328 -8328.967773
v -7049.735352 20065.837891 -8328.967773
v -7151.199707 19884.857422 -8328.967773
v -7222.589355 19695.833984 -8328.967773
v -7264.349121 19505.574219 -8328.967773
v -7275.250000 19405.765625 -8328.967773
v -7278.646484 19308.240234 -8328.967773
v -6794.996094 19308.240234 13645.575195
v -6782.285156 19457.607422 13645.575195
v -6747.074219 19595.433594 13645.575195
v -6694.645508 19717.451172 13645.575195
v -6622.687500 19832.765625 13645.575195
v -6532.779297 19936.814453 13645.575195
v -6427.876465 20025.640625 13645.575195
v -6311.985840 20096.367188 13645.575195
v -6189.724121 20147.529297 13645.575195
v -6065.566895 20179.023438 13645.575195
v -5943.945801 20192.177734 13645.575195
v -5824.427734 20188.537109 13645.575195
v -5701.131836 20167.626953 13645.575195
v -5577.287109 20127.601562 13645.575195
v -5457.226074 20067.794922 13645.575195
v -5345.598633 19988.880859 13645.575195
v -5246.815430 19892.968750 13645.575195
v -5164.475098 19783.458984 13645.575195
v -5100.945801 19664.636719 13645.575195
v -5057.194824 19541.167969 13645.575195
v -5033.437012 19423.087891 13645.575195
vn 0.999758 0.000000 0.022004
vn 0.999758 -0.000000 0.022004
vn 0.985617 0.167553 0.022004
vn 0.946415 0.322201 0.022004
vn 0.888058 0.459205 0.022004
vn 0.807925 0.588875 0.022004
vn 0.707717 0.706154 0.022004
vn 0.590649 0.806628 0.022004
vn 0.461122 0.887064 0.022004
vn 0.324187 0.945737 0.022004
vn 0.184939 0.982504 0.022004
vn 0.047985 0.998606 0.022004
vn -0.085875 0.996063 0.022004
vn -0.223891 0.974366 0.022004
vn -0.362985 0.931535 0.022004
vn -0.498368 0.866686 0.022004
vn -0.624898 0.780396 0.022004
vn -0.737645 0.674830 0.022004
vn -0.832494 0.553597 0.022004
vn -0.906630 0.421351 0.022004
vn -0.958803 0.283219 0.022004
vn -0.989304 0.144202 0.022004
vn -0.997211 0.071317 0.022004
vn -0.999758 0.000000 0.022004
vn -0.999758 -0.000000 0.022004
vn -0.985402 0.168818 0.022004
vn -0.945591 0.324613 0.022004
vn -0.886333 0.462525 0.022004
vn -0.805001 0.592865 0.022004
vn -0.703381 0.710473 0.022004
vn -0.584808 0.810873 0.022004
vn -0.453823 0.890820 0.022004
vn -0.315604 0.948636 0.022004
vn -0.175346 0.984261 0.022004
vn -0.037709 0.999046 0.022004
vn 0.097315 0.995010 0.022004
vn 0.236620 0.971353 0.022004
vn 0.376602 0.926114 0.022004
vn 0.512309 0.858519 0.022004
vn 0.638480 0.769324 0.022004
vn 0.750138 0.660915 0.022004
vn 0.843210 0.537134 0.022004
vn 0.915010 0.402831 0.022004
vn 0.964473 0.263262 0.022004
vn 0.991293 0.129825 0.022004
vt 10.989932 7.077008
vt -10.989932 7.077008
vt -10.989932 6.872979
vt -10.989932 6.689353
vt -10.989932 6.524089
vt -10.989932 6.358826
vt -10.989932 6.193563
vt -10.989932 6.028299
vt -10.989932 5.863036
vt -10.989932 5.697773
vt -10.989932 5.532509
vt -10.989932 5.367246
vt -10.989932 5.201982
vt -10.989932 5.036718
vt -10.989932 4.871455
vt -10.989932 4.706192
vt -10.989932 4.540928
vt -10.989932 4.375665
vt -10.989932 4.210402
vt -10.989932 4.045138
vt -10.989932 3.879874
vt -10.989932 3.714611
vt -10.989932 3.626558
vt -10.989932 3.538504
vt 10.989932 3.538504
vt 10.989932 3.744043
vt 10.989932 3.929027
vt 10.989932 4.095514
vt 10.989932 4.262000
vt 10.989932 4.428486
vt 10.989932 4.594973
vt 10.989932 4.761459
vt 10.989932 4.927945
vt 10.989932 5.094431
vt 10.989932 5.260918
vt 10.989932 5.427404
vt 10.989932 5.593890
vt 10.989932 5.760376
vt 10.989932 5.926863
vt 10.989932 6.093349
vt 10.989932 6.259835
vt 10.989932 6.426322
vt 10.989932 6.592808
vt 10.989932 6.759294
vt 10.989932 6.918151
f 2213/2213/2213 2211/2211/2211 2212/2212/2212
f 2214/2214/2214 2209/2209/2209 2210/2210/2210
f 2214/2214/2214 2210/2210/2210 2211/2211/2211
f 2214/2214/2214 2211/2211/2211 2213/2213/2213
f 2215/2215/2215 2208/2208/2208 2209/2209/2209
f 2215/2215/2215 2209/2209/2209 2214/2214/2214
f 2216/2216/2216 2207/2207/2207 2208/2208/2208
f 2216/2216/2216 2208/2208/2208 2215/2215/2215
f 2217/2217/2217 2206/2206/2206 2207/2207/2207
f 2217/2217/2217 2207/2207/2207 2216/2216/2216
f 2218/2218/2218 2205/2205/2205 2206/2206/2206
f 2218/2218/2218 2206/2206/2206 2217/2217/2217
f 2219/2219/2219 2204/2204/2204 2205/2205/2205
f 2219/2219/2219 2205/2205/2205 2218/2218/2218
f 2220/2220/2220 2203/2203/2203 2204/2204/2204
f 2220/2220/2220 2204/2204/2204 2219/2219/2219
f 2221/2221/2221 2202/2202/2202 2203/2203/2203
f 2221/2221/2221 2203/2203/2203 2220/2220/2220
f 2222/2222/2222 2201/2201/2201 2202/2202/2202
f 2222/2222/2222 2202/2202/2202 2221/2221/2221
f 2223/2223/2223 2200/2200/2200 2201/2201/2201
f 2223/2223/2223 2201/2201/2201 2222/2222/2222
f 2224/2224/2224 2199/2199/2199 2200/2200/2200
f 2224/2224/2224 2200/2200/2200 2223/2223/2223
f 2225/2225/2225 2198/2198/2198 2199/2199/2199
f 2225/2225/2225 2199/2199/2199 2224/2224/2224
f 2226/2226/2226 2198/2198/2198 2225/2225/2225
f 2226/2226/2226 2197/2197/2197 2198/2198/2198
f 2227/2227/2227 2197/2197/2197 2226/2226/2226
f 2227/2227/2227 2196/2196/2196 2197/2197/2197
f 2228/2228/2228 2196/2196/2196 2227/2227/2227
f 2228/2228/2228 2195/2195/2195 2196/2196/2196
f 2229/2229/2229 2194/2194/2194 2195/2195/2195
f 2229/2229/2229 2195/2195/2195 2228/2228/2228
f 2230/2230/2230 2193/2193/2193 2194/2194/2194
f 2230/2230/2230 2194/2194/2194 2229/2229/2229
f 2231/2231/2231 2192/2192/2192 2193/2193/2193
f 2231/2231/2231 2193/2193/2193 2230/2230/2230
f 2232/2232/2232 2191/2191/2191 2192/2192/2192
f 2232/2232/2232 2192/2192/2192 2231/2231/2231
f 2233/2233/2233 2190/2190/2190 2191/2191/2191
f 2233/2233/2233 2191/2191/2191 2232/2232/2232
f 2189/2189/2189 2190/2190/2190 2233/2233/2233
v -7278.646484 19308.240234 -8328.967773
v -7762.238770 19308.240234 -12572.299805
v -7743.684082 19046.517578 -12572.299805
v -7686.143066 18782.937500 -12572.299805
v -7589.009766 18526.232422 -12572.299805
v -7453.970703 18285.210938 -12572.299805
v -7285.432129 18067.876953 -12572.299805
v -7089.869629 17880.675781 -12572.299805
v -6874.925781 17727.400391 -12572.299805
v -6643.063477 17607.576172 -12572.299805
v -6389.221191 17519.447266 -12572.299805
v -6120.122070 17468.378906 -12572.299805
v -5844.155273 17457.693359 -12572.299805
v -5570.427734 17487.955078 -12572.299805
v -5307.535645 17557.472656 -12572.299805
v -5064.103516 17661.109375 -12572.299805
v -4841.020020 17796.585938 -12572.299805
v -4634.412109 17966.351562 -12572.299805
v -4450.878906 18168.691406 -12572.299805
v -4297.719727 18398.294922 -12572.299805
v -4180.451172 18647.923828 -12572.299805
v -4102.319336 18909.019531 -12572.299805
v -4069.285156 19109.773438 -12572.299805
v -4058.721680 19308.240234 -12572.299805
v -4542.314453 19308.240234 -8328.967773
v -4560.992188 19082.972656 -8328.967773
v -4618.772461 18857.271484 -8328.967773
v -4715.866211 18641.330078 -8328.967773
v -4848.918945 18445.126953 -8328.967773
v -5011.398926 18276.974609 -8328.967773
v -5194.667969 18142.224609 -8328.967773
v -5395.205566 18040.855469 -8328.967773
v -5616.914551 17971.927734 -8328.967773
v -5851.269531 17941.371094 -8328.967773
v -6088.288086 17951.669922 -8328.967773
v -6317.521484 18002.068359 -8328.967773
v -6529.061523 18087.816406 -8328.967773
v -6720.304688 18205.535156 -8328.967773
v -6894.262207 18357.427734 -8328.967773
v -7042.960938 18540.558594 -8328.967773
v -7158.605469 18747.835938 -8328.967773
v -7236.130859 18969.958984 -8328.967773
v -7268.307617 19139.937500 -8328.967773
v -7374.516113 18728.642578 -10442.627930
v -7023.884277 18194.837891 -10442.627930
v -6490.078613 17844.205078 -10442.627930
v -5910.480469 17733.650391 -10442.627930
v -5330.881836 17844.205078 -10442.627930
v -4797.076660 18194.837891 -10442.627930
v -4446.444336 18728.642578 -10442.627930
vn -0.996688 -0.000000 0.081321
vn -0.989428 -0.000000 0.145028
vn -0.979495 -0.139848 0.145028
vn -0.948783 -0.280675 0.145028
vn -0.896869 -0.417843 0.145028
vn -0.824721 -0.546628 0.145028
vn -0.734663 -0.662749 0.145028
vn -0.630171 -0.762792 0.145028
vn -0.515314 -0.844641 0.145028
vn -0.391433 -0.908706 0.145028
vn -0.255793 -0.955791 0.145028
vn -0.112096 -0.983057 0.145028
vn 0.035279 -0.988798 0.145028
vn 0.181785 -0.972585 0.145028
vn 0.322151 -0.935513 0.145028
vn 0.452225 -0.880034 0.145028
vn 0.571436 -0.807730 0.145028
vn 0.681827 -0.716993 0.145028
vn 0.779891 -0.608882 0.145028
vn 0.861728 -0.486201 0.145028
vn 0.924383 -0.352822 0.145028
vn 0.966162 -0.213303 0.145028
vn 0.983727 -0.106059 0.145028
vn 0.989428 0.000000 0.145028
vn 0.996688 0.000000 0.081321
vn 0.983085 -0.164104 0.081321
vn 0.940988 -0.328525 0.081321
vn 0.870259 -0.485836 0.081321
vn 0.773331 -0.628765 0.081321
vn 0.654967 -0.751269 0.081321
vn 0.521452 -0.849396 0.081321
vn 0.375369 -0.923301 0.081321
vn 0.213904 -0.973464 0.081321
vn 0.042982 -0.995761 0.081321
vn -0.129634 -0.988222 0.081321
vn -0.296505 -0.951563 0.081321
vn -0.450619 -0.889005 0.081321
vn -0.589949 -0.803335 0.081321
vn -0.716672 -0.692653 0.081321
vn -0.825001 -0.559250 0.081321
vn -0.909241 -0.408250 0.081321
vn -0.965744 -0.246425 0.081321
vn -0.989117 -0.122617 0.081321
vn -0.923827 -0.365735 0.113054
vn -0.702573 -0.702573 0.113054
vn -0.365735 -0.923827 0.113054
vn 0.000000 -0.993589 0.113054
vn 0.365735 -0.923827 0.113054
vn 0.702573 -0.702573 0.113054
vn 0.923827 -0.365735 0.113054
vt -3.052619 3.141593
vt -2.984398 3.141593
vt -2.984398 3.294867
vt -2.984398 3.445079
vt -2.984398 3.592319
vt -2.984398 3.736673
vt -2.984398 3.878234
vt -2.984398 4.017050
vt -2.984398 4.153303
vt -2.984398 4.290335
vt -2.984398 4.435363
vt -2.984398 4.589048
vt -2.984398 4.751715
vt -2.984398 4.910604
vt -2.984398 5.060061
vt -2.984398 5.200819
vt -2.984398 5.336530
vt -2.984398 5.473956
vt -2.984398 5.614089
vt -2.984398 5.756977
vt -2.984398 5.902705
vt -2.984398 6.051359
vt -2.984398 6.166381
vt -2.984398 6.283185
vt -3.052619 6.283185
vt -3.052619 6.105162
vt -3.052619 5.931263
vt -3.052619 5.761349
vt -3.052619 5.595280
vt -3.052619 5.432939
vt -3.052619 5.274141
vt -3.052619 5.114158
vt -3.052619 4.943197
vt -3.052619 4.759887
vt -3.052619 4.571128
vt -3.052619 4.394355
vt -3.052619 4.229350
vt -3.052619 4.071348
vt -3.052619 3.910834
vt -3.052619 3.746627
vt -3.052619 3.578648
vt -3.052619 3.406750
vt -3.052619 3.275339
vt -3.018509 3.534292
vt -3.018509 3.926991
vt -3.018509 4.319690
vt -3.018509 4.712389
vt -3.018509 5.105088
vt -3.018509 5.497787
vt -3.018509 5.890486
f 2277/2277/2277 2234/2234/2234 2235/2235/2235
f 2277/2277/2277 2235/2235/2235 2236/2236/2236
f 2277/2277/2277 2236/2236/2236 2237/2237/2237
f 2277/2277/2277 2237/2237/2237 2238/2238/2238
f 2277/2277/2277 2238/2238/2238 2239/2239/2239
f 2277/2277/2277 2276/2276/2276 2234/2234/2234
f 2277/2277/2277 2273/2273/2273 2274/2274/2274
f 2277/2277/2277 2274/2274/2274 2275/2275/2275
f 2277/2277/2277 2275/2275/2275 2276/2276/2276
f 2278/2278/2278 2271/2271/2271 2272/2272/2272
f 2278/2278/2278 2239/2239/2239 2240/2240/2240
f 2278/2278/2278 2240/2240/2240 2241/2241/2241
f 2278/2278/2278 2241/2241/2241 2242/2242/2242
f 2278/2278/2278 2273/2273/2273 2277/2277/2277
f 2278/2278/2278 2272/2272/2272 2273/2273/2273
f 2278/2278/2278 2277/2277/2277 2239/2239/2239
f 2279/2279/2279 2242/2242/2242 2243/2243/2243
f 2279/2279/2279 2243/2243/2243 2244/2244/2244
f 2279/2279/2279 2244/2244/2244 2245/2245/2245
f 2279/2279/2279 2278/2278/2278 2242/2242/2242
f 2279/2279/2279 2268/2268/2268 2269/2269/2269
f 2279/2279/2279 2269/2269/2269 2270/2270/2270
f 2279/2279/2279 2270/2270/2270 2271/2271/2271
f 2279/2279/2279 2271/2271/2271 2278/2278/2278
f 2280/2280/2280 2245/2245/2245 2246/2246/2246
f 2280/2280/2280 2246/2246/2246 2247/2247/2247
f 2280/2280/2280 2266/2266/2266 2267/2267/2267
f 2280/2280/2280 2267/2267/2267 2268/2268/2268
f 2280/2280/2280 2279/2279/2279 2245/2245/2245
f 2280/2280/2280 2268/2268/2268 2279/2279/2279
f 2281/2281/2281 2248/2248/2248 2249/2249/2249
f 2281/2281/2281 2249/2249/2249 2250/2250/2250
f 2281/2281/2281 2266/2266/2266 2280/2280/2280
f 2281/2281/2281 2247/2247/2247 2248/2248/2248
f 2281/2281/2281 2264/2264/2264 2265/2265/2265
f 2281/2281/2281 2265/2265/2265 2266/2266/2266
f 2281/2281/2281 2280/2280/2280 2247/2247/2247
f 2282/2282/2282 2264/2264/2264 2281/2281/2281
f 2282/2282/2282 2250/2250/2250 2251/2251/2251
f 2282/2282/2282 2251/2251/2251 2252/2252/2252
f 2282/2282/2282 2252/2252/2252 2253/2253/2253
f 2282/2282/2282 2261/2261/2261 2262/2262/2262
f 2282/2282/2282 2262/2262/2262 2263/2263/2263
f 2282/2282/2282 2263/2263/2263 2264/2264/2264
f 2282/2282/2282 2281/2281/2281 2250/2250/2250
f 2283/2283/2283 2256/2256/2256 2257/2257/2257
f 2283/2283/2283 2253/2253/2253 2254/2254/2254
f 2283/2283/2283 2254/2254/2254 2255/2255/2255
f 2283/2283/2283 2255/2255/2255 2256/2256/2256
f 2283/2283/2283 2257/2257/2257 2258/2258/2258
f 2283/2283/2283 2258/2258/2258 2259/2259/2259
f 2283/2283/2283 2259/2259/2259 2260/2260/2260
f 2283/2283/2283 2260/2260/2260 2261/2261/2261
f 2283/2283/2283 2261/2261/2261 2282/2282/2282
f 2283/2283/2283 2282/2282/2282 2253/2253/2253
v -7945.199707 19308.240234 -13065.416992
v -7926.070801 19586.759766 -13065.416992
v -7865.218750 19873.064453 -13065.416992
v -7759.318359 20157.867188 -13065.416992
v -7607.557617 20430.718750 -13065.416992
v -7412.549805 20680.757812 -13065.416992
v -7180.191895 20898.167969 -13065.416992
v -6919.159668 21075.326172 -13065.416992
v -6639.912109 21207.726562 -13065.416992
v -6353.206543 21294.195312 -13065.416992
v -6069.218262 21336.751953 -13065.416992
v -5793.429688 21339.650391 -13065.416992
v -5510.799316 21303.275391 -13065.416992
v -5223.828125 21223.611328 -13065.416992
v -4942.804688 21098.101562 -13065.416992
v -4678.342773 20927.458984 -13065.416992
v -4441.073242 20715.673828 -13065.416992
v -4240.003418 20469.943359 -13065.416992
v -4081.506836 20199.832031 -13065.416992
v -3968.688965 19916.119141 -13065.416992
v -3901.280273 19629.443359 -13065.416992
v -3881.837402 19466.894531 -13065.416992
v -3875.760986 19308.240234 -13065.416992
v -3886.363770 19308.240234 -13191.588867
v -3919.148682 19308.240234 -13317.845703
v -3967.681641 19308.240234 -13426.714844
v -4025.628906 19308.240234 -13517.238281
v -4095.161377 19308.240234 -13597.958984
v -4166.698730 19308.240234 -13661.452148
v -4243.665527 19308.240234 -13714.204102
v -4262.913574 19560.828125 -13714.204102
v -4324.247070 19820.232422 -13714.204102
v -4431.036621 20076.041016 -13714.204102
v -4583.157227 20316.449219 -13714.204102
v -4776.390625 20529.761719 -13714.204102
v -5002.668457 20706.150391 -13714.204102
v -5251.160645 20839.109375 -13714.204102
v -5509.890625 20926.208984 -13714.204102
v -5767.580078 20968.894531 -13714.204102
v -6017.412109 20971.652344 -13714.204102
v -6273.973633 20934.925781 -13714.204102
v -6533.247070 20854.347656 -13714.204102
v -6783.926270 20727.873047 -13714.204102
v -7014.082031 20557.373047 -13714.204102
v -7212.601562 20348.791016 -13714.204102
v -7370.938477 20111.560547 -13714.204102
v -7484.301270 19857.205078 -13714.204102
v -7551.958008 19597.654297 -13714.204102
v -7571.249512 19451.111328 -13714.204102
v -7577.295410 19308.240234 -13714.204102
v -7680.128906 19308.240234 -13640.333984
v -7771.649414 19308.240234 -13547.382812
v -7840.163086 19308.240234 -13449.844727
v -7888.100098 19308.240234 -13353.644531
v -7921.677246 19308.240234 -13252.535156
v -7939.441406 19308.240234 -13158.548828
v -7830.187988 19609.892578 -13425.861328
v -7803.678223 19746.500000 -13425.861328
v -7762.085449 19898.009766 -13425.861328
v -7712.978516 20034.375000 -13425.861328
v -7645.912109 20182.625000 -13425.861328
v -7573.709961 20313.197266 -13425.861328
v -7481.604004 20451.849609 -13425.861328
v -7387.640625 20570.884766 -13425.861328
v -7273.017090 20693.796875 -13425.861328
v -7160.487793 20796.109375 -13425.861328
v -7027.790039 20898.173828 -13425.861328
v -6901.415039 20979.863281 -13425.861328
v -6756.446289 21057.701172 -13425.861328
v -6621.828613 21116.625000 -13425.861328
v -6470.947266 21168.925781 -13425.861328
v -6333.805664 21204.833984 -13425.861328
v -6197.322754 21230.216797 -13425.861328
v -6048.570801 21246.591797 -13425.861328
v -5916.803711 21251.494141 -13425.861328
v -5771.377441 21246.519531 -13425.861328
v -5636.837402 21232.140625 -13425.861328
v -5486.114258 21204.601562 -13425.861328
v -5348.972168 21168.611328 -13425.861328
v -5198.100586 21116.218750 -13425.861328
v -5063.502441 21057.210938 -13425.861328
v -4918.566406 20979.281250 -13425.861328
v -4792.231934 20897.513672 -13425.861328
v -4659.589355 20795.367188 -13425.861328
v -4547.119629 20692.986328 -13425.861328
v -4432.570312 20570.005859 -13425.861328
v -4338.680664 20450.919922 -13425.861328
v -4246.661621 20312.220703 -13425.861328
v -4174.541992 20181.617188 -13425.861328
v -4107.567871 20033.345703 -13425.861328
v -4058.544189 19896.970703 -13425.861328
v -4017.041504 19745.458984 -13425.861328
v -3990.610840 19608.859375 -13425.861328
vn -1.000000 0.000000 -0.000000
vn -0.990586 0.136894 -0.000000
vn -0.960701 0.277584 -0.000000
vn -0.908647 0.417565 -0.000000
vn -0.834067 0.551663 -0.000000
vn -0.738225 0.674554 -0.000000
vn -0.624025 0.781405 -0.000000
vn -0.495737 0.868473 -0.000000
vn -0.358483 0.933536 -0.000000
vn -0.217597 0.976039 -0.000000
vn -0.078022 0.996952 -0.000000
vn 0.057464 0.998348 -0.000000
vn 0.196463 0.980511 -0.000000
vn 0.337451 0.941343 -0.000000
vn 0.475587 0.879669 -0.000000
vn 0.605559 0.795801 -0.000000
vn 0.722173 0.691713 -0.000000
vn 0.820992 0.570940 -0.000000
vn 0.898883 0.438189 -0.000000
vn 0.954331 0.298750 -0.000000
vn 0.987462 0.157858 -0.000000
vn 0.996952 0.078022 -0.000000
vn 1.000000 -0.000000 0.000000
vn 0.985975 -0.000000 -0.166892
vn 0.942610 -0.000000 -0.333897
vn 0.878413 -0.000000 -0.477902
vn 0.801764 -0.000000 -0.597641
vn 0.709791 -0.000000 -0.704412
vn 0.615166 -0.000000 -0.788398
vn 0.513359 -0.000000 -0.858174
vn 0.507430 0.077794 -0.858174
vn 0.488541 0.157687 -0.858174
vn 0.455651 0.236474 -0.858174
vn 0.408800 0.310516 -0.858174
vn 0.349286 0.376214 -0.858174
vn 0.279595 0.430539 -0.858174
vn 0.203064 0.471490 -0.858174
vn 0.123373 0.498314 -0.858174
vn 0.044026 0.511468 -0.858174
vn -0.032914 0.512303 -0.858174
vn -0.111957 0.501002 -0.858174
vn -0.191803 0.476182 -0.858174
vn -0.269011 0.437231 -0.858174
vn -0.339896 0.384718 -0.858174
vn -0.401038 0.320478 -0.858174
vn -0.449805 0.247413 -0.858174
vn -0.484717 0.169076 -0.858174
vn -0.505562 0.089131 -0.858174
vn -0.511468 0.044026 -0.858174
vn -0.513359 0.000000 -0.858174
vn -0.649381 0.000000 -0.760463
vn -0.770439 0.000000 -0.637514
vn -0.861064 0.000000 -0.508496
vn -0.924472 0.000000 -0.381249
vn -0.968886 0.000000 -0.247508
vn -0.992383 0.000000 -0.123188
vn -0.868372 0.136451 -0.476772
vn -0.856380 0.198245 -0.476772
vn -0.837566 0.266780 -0.476772
vn -0.815353 0.328464 -0.476772
vn -0.785015 0.395524 -0.476772
vn -0.752355 0.454588 -0.476772
vn -0.710691 0.517307 -0.476772
vn -0.668187 0.571151 -0.476772
vn -0.616338 0.626750 -0.476772
vn -0.565436 0.673031 -0.476772
vn -0.505410 0.719200 -0.476772
vn -0.448245 0.756151 -0.476772
vn -0.382669 0.791361 -0.476772
vn -0.321775 0.818015 -0.476772
vn -0.253525 0.841673 -0.476772
vn -0.191489 0.857916 -0.476772
vn -0.129752 0.869398 -0.476772
vn -0.062465 0.876805 -0.476772
vn -0.002860 0.879022 -0.476772
vn 0.062923 0.876772 -0.476772
vn 0.123781 0.870268 -0.476772
vn 0.191960 0.857811 -0.476772
vn 0.253996 0.841531 -0.476772
vn 0.322242 0.817832 -0.476772
vn 0.383127 0.791140 -0.476772
vn 0.448688 0.755888 -0.476772
vn 0.505835 0.718901 -0.476772
vn 0.565836 0.672695 -0.476772
vn 0.616711 0.626383 -0.476772
vn 0.668527 0.570754 -0.476772
vn 0.710997 0.516886 -0.476772
vn 0.752622 0.454147 -0.476772
vn 0.785245 0.395068 -0.476772
vn 0.815540 0.327998 -0.476772
vn 0.837716 0.266309 -0.476772
vn 0.856489 0.197774 -0.476772
vn 0.868445 0.135983 -0.476772
vt 0.000000 3.141593
vt -0.000000 3.290131
vt 0.000000 3.438670
vt 0.000000 3.587208
vt 0.000000 3.735747
vt 0.000000 3.884285
vt 0.000000 4.032824
vt 0.000000 4.181362
vt 0.000000 4.329901
vt 0.000000 4.478439
vt 0.000000 4.626978
vt 0.000000 4.775517
vt 0.000000 4.924055
vt 0.000000 5.072593
vt 0.000000 5.221132
vt 0.000000 5.369670
vt 0.000000 5.518209
vt 0.000000 5.666748
vt 0.000000 5.815286
vt 0.000000 5.963825
vt 0.000000 6.112363
vt 0.000000 6.197774
vt -0.000000 6.283185
vt -0.180400 6.283185
vt -0.356445 6.283185
vt -0.511293 6.283185
vt -0.647838 6.283185
vt -0.781792 6.283185
vt -0.901968 6.283185
vt -1.020096 6.283185
vt -1.020096 6.119071
vt -1.020096 5.954956
vt -1.020096 5.790841
vt -1.020096 5.626726
vt -1.020096 5.462612
vt -1.020096 5.298497
vt -1.020096 5.134382
vt -1.020096 4.970267
vt -1.020096 4.806152
vt -1.020096 4.642038
vt -1.020096 4.477923
vt -1.020096 4.313808
vt -1.020096 4.149693
vt -1.020096 3.985579
vt -1.020096 3.821464
vt -1.020096 3.657349
vt -1.020096 3.493234
vt -1.020096 3.329119
vt -1.020096 3.235356
vt -1.020096 3.141593
vt -0.859980 3.141593
vt -0.696091 3.141593
vt -0.545252 3.141593
vt -0.406706 3.141593
vt -0.265435 3.141593
vt -0.133921 3.141593
vt -0.510048 3.309625
vt -0.510048 3.383895
vt -0.510048 3.465952
vt -0.510048 3.540221
vt -0.510048 3.622279
vt -0.510048 3.696548
vt -0.510048 3.778605
vt -0.510048 3.852875
vt -0.510048 3.934932
vt -0.510048 4.009201
vt -0.510048 4.091259
vt -0.510048 4.165528
vt -0.510048 4.247585
vt -0.510048 4.321855
vt -0.510048 4.403912
vt -0.510048 4.478181
vt -0.510048 4.552450
vt -0.510048 4.634508
vt -0.510048 4.708777
vt -0.510048 4.790834
vt -0.510048 4.865104
vt -0.510048 4.947161
vt -0.510048 5.021430
vt -0.510048 5.103487
vt -0.510048 5.177757
vt -0.510048 5.259814
vt -0.510048 5.334084
vt -0.510048 5.416141
vt -0.510048 5.490410
vt -0.510048 5.572468
vt -0.510048 5.646737
vt -0.510048 5.728794
vt -0.510048 5.803063
vt -0.510048 5.885121
vt -0.510048 5.959390
vt -0.510048 6.041448
vt -0.510048 6.115717
f 2332/2332/2332 2333/2333/2333 2334/2334/2334
f 2335/2335/2335 2332/2332/2332 2334/2334/2334
f 2285/2285/2285 2338/2338/2338 2339/2339/2339
f 2285/2285/2285 2339/2339/2339 2284/2284/2284
f 2312/2312/2312 2313/2313/2313 2314/2314/2314
f 2311/2311/2311 2312/2312/2312 2314/2314/2314
f 2307/2307/2307 2308/2308/2308 2305/2305/2305
f 2306/2306/2306 2307/2307/2307 2305/2305/2305
f 2340/2340/2340 2331/2331/2331 2332/2332/2332
f 2340/2340/2340 2335/2335/2335 2336/2336/2336
f 2340/2340/2340 2336/2336/2336 2337/2337/2337
f 2340/2340/2340 2337/2337/2337 2338/2338/2338
f 2340/2340/2340 2332/2332/2332 2335/2335/2335
f 2340/2340/2340 2338/2338/2338 2285/2285/2285
f 2341/2341/2341 2285/2285/2285 2286/2286/2286
f 2341/2341/2341 2330/2330/2330 2331/2331/2331
f 2341/2341/2341 2340/2340/2340 2285/2285/2285
f 2341/2341/2341 2331/2331/2331 2340/2340/2340
f 2342/2342/2342 2341/2341/2341 2286/2286/2286
f 2342/2342/2342 2330/2330/2330 2341/2341/2341
f 2343/2343/2343 2286/2286/2286 2287/2287/2287
f 2343/2343/2343 2329/2329/2329 2330/2330/2330
f 2343/2343/2343 2342/2342/2342 2286/2286/2286
f 2343/2343/2343 2330/2330/2330 2342/2342/2342
f 2344/2344/2344 2329/2329/2329 2343/2343/2343
f 2344/2344/2344 2343/2343/2343 2287/2287/2287
f 2345/2345/2345 2287/2287/2287 2288/2288/2288
f 2345/2345/2345 2329/2329/2329 2344/2344/2344
f 2345/2345/2345 2344/2344/2344 2287/2287/2287
f 2346/2346/2346 2288/2288/2288 2289/2289/2289
f 2346/2346/2346 2328/2328/2328 2329/2329/2329
f 2346/2346/2346 2345/2345/2345 2288/2288/2288
f 2346/2346/2346 2329/2329/2329 2345/2345/2345
f 2347/2347/2347 2328/2328/2328 2346/2346/2346
f 2347/2347/2347 2346/2346/2346 2289/2289/2289
f 2348/2348/2348 2289/2289/2289 2290/2290/2290
f 2348/2348/2348 2327/2327/2327 2328/2328/2328
f 2348/2348/2348 2328/2328/2328 2347/2347/2347
f 2348/2348/2348 2347/2347/2347 2289/2289/2289
f 2349/2349/2349 2348/2348/2348 2290/2290/2290
f 2349/2349/2349 2327/2327/2327 2348/2348/2348
f 2350/2350/2350 2290/2290/2290 2291/2291/2291
f 2350/2350/2350 2326/2326/2326 2327/2327/2327
f 2350/2350/2350 2327/2327/2327 2349/2349/2349
f 2350/2350/2350 2349/2349/2349 2290/2290/2290
f 2351/2351/2351 2326/2326/2326 2350/2350/2350
f 2351/2351/2351 2350/2350/2350 2291/2291/2291
f 2352/2352/2352 2291/2291/2291 2292/2292/2292
f 2352/2352/2352 2325/2325/2325 2326/2326/2326
f 2352/2352/2352 2326/2326/2326 2351/2351/2351
f 2352/2352/2352 2351/2351/2351 2291/2291/2291
f 2353/2353/2353 2352/2352/2352 2292/2292/2292
f 2353/2353/2353 2325/2325/2325 2352/2352/2352
f 2354/2354/2354 2353/2353/2353 2292/2292/2292
f 2354/2354/2354 2292/2292/2292 2293/2293/2293
f 2354/2354/2354 2324/2324/2324 2325/2325/2325
f 2354/2354/2354 2325/2325/2325 2353/2353/2353
f 2355/2355/2355 2324/2324/2324 2354/2354/2354
f 2355/2355/2355 2354/2354/2354 2293/2293/2293
f 2356/2356/2356 2293/2293/2293 2294/2294/2294
f 2356/2356/2356 2323/2323/2323 2324/2324/2324
f 2356/2356/2356 2324/2324/2324 2355/2355/2355
f 2356/2356/2356 2355/2355/2355 2293/2293/2293
f 2357/2357/2357 2323/2323/2323 2356/2356/2356
f 2357/2357/2357 2356/2356/2356 2294/2294/2294
f 2358/2358/2358 2294/2294/2294 2295/2295/2295
f 2358/2358/2358 2322/2322/2322 2323/2323/2323
f 2358/2358/2358 2323/2323/2323 2357/2357/2357
f 2358/2358/2358 2357/2357/2357 2294/2294/2294
f 2359/2359/2359 2358/2358/2358 2295/2295/2295
f 2359/2359/2359 2322/2322/2322 2358/2358/2358
f 2360/2360/2360 2295/2295/2295 2296/2296/2296
f 2360/2360/2360 2322/2322/2322 2359/2359/2359
f 2360/2360/2360 2321/2321/2321 2322/2322/2322
f 2360/2360/2360 2359/2359/2359 2295/2295/2295
f 2361/2361/2361 2360/2360/2360 2296/2296/2296
f 2361/2361/2361 2321/2321/2321 2360/2360/2360
f 2362/2362/2362 2296/2296/2296 2297/2297/2297
f 2362/2362/2362 2361/2361/2361 2296/2296/2296
f 2362/2362/2362 2320/2320/2320 2321/2321/2321
f 2362/2362/2362 2321/2321/2321 2361/2361/2361
f 2363/2363/2363 2362/2362/2362 2297/2297/2297
f 2363/2363/2363 2320/2320/2320 2362/2362/2362
f 2364/2364/2364 2297/2297/2297 2298/2298/2298
f 2364/2364/2364 2319/2319/2319 2320/2320/2320
f 2364/2364/2364 2363/2363/2363 2297/2297/2297
f 2364/2364/2364 2320/2320/2320 2363/2363/2363
f 2365/2365/2365 2298/2298/2298 2299/2299/2299
f 2365/2365/2365 2364/2364/2364 2298/2298/2298
f 2365/2365/2365 2319/2319/2319 2364/2364/2364
f 2366/2366/2366 2365/2365/2365 2299/2299/2299
f 2366/2366/2366 2319/2319/2319 2365/2365/2365
f 2367/2367/2367 2299/2299/2299 2300/2300/2300
f 2367/2367/2367 2318/2318/2318 2319/2319/2319
f 2367/2367/2367 2366/2366/2366 2299/2299/2299
f 2367/2367/2367 2319/2319/2319 2366/2366/2366
f 2368/2368/2368 2367/2367/2367 2300/2300/2300
f 2368/2368/2368 2318/2318/2318 2367/2367/2367
f 2369/2369/2369 2300/2300/2300 2301/2301/2301
f 2369/2369/2369 2368/2368/2368 2300/2300/2300
f 2369/2369/2369 2317/2317/2317 2318/2318/2318
f 2369/2369/2369 2318/2318/2318 2368/2368/2368
f 2370/2370/2370 2369/2369/2369 2301/2301/2301
f 2370/2370/2370 2317/2317/2317 2369/2369/2369
f 2371/2371/2371 2301/2301/2301 2302/2302/2302
f 2371/2371/2371 2370/2370/2370 2301/2301/2301
f 2371/2371/2371 2316/2316/2316 2317/2317/2317
f 2371/2371/2371 2317/2317/2317 2370/2370/2370
f 2372/2372/2372 2316/2316/2316 2371/2371/2371
f 2372/2372/2372 2371/2371/2371 2302/2302/2302
f 2373/2373/2373 2372/2372/2372 2302/2302/2302
f 2373/2373/2373 2302/2302/2302 2303/2303/2303
f 2373/2373/2373 2315/2315/2315 2316/2316/2316
f 2373/2373/2373 2316/2316/2316 2372/2372/2372
f 2374/2374/2374 2315/2315/2315 2373/2373/2373
f 2374/2374/2374 2373/2373/2373 2303/2303/2303
f 2375/2375/2375 2315/2315/2315 2374/2374/2374
f 2375/2375/2375 2303/2303/2303 2304/2304/2304
f 2375/2375/2375 2314/2314/2314 2315/2315/2315
f 2375/2375/2375 2374/2374/2374 2303/2303/2303
f 2376/2376/2376 2375/2375/2375 2304/2304/2304
f 2376/2376/2376 2314/2314/2314 2375/2375/2375
f 2376/2376/2376 2304/2304/2304 2305/2305/2305
f 2376/2376/2376 2308/2308/2308 2309/2309/2309
f 2376/2376/2376 2309/2309/2309 2310/2310/2310
f 2376/2376/2376 2310/2310/2310 2311/2311/2311
f 2376/2376/2376 2311/2311/2311 2314/2314/2314
f 2376/2376/2376 2305/2305/2305 2308/2308/2308
v -5492.555664 19308.240234 -13553.746094
v -4243.665527 19308.240234 -13714.204102
v -4262.265137 19059.812500 -13714.204102
v -4319.886230 18810.000000 -13714.204102
v -4417.051758 18568.011719 -13714.204102
v -4551.541992 18343.083984 -13714.204102
v -4718.281738 18143.367188 -13714.204102
v -4910.014160 17975.128906 -13714.204102
v -5119.125488 17841.144531 -13714.204102
v -5347.587891 17739.423828 -13714.204102
v -5596.079590 17671.330078 -13714.204102
v -5855.694824 17642.347656 -13714.204102
v -6117.355957 17654.304688 -13714.204102
v -6371.541992 17706.490234 -13714.204102
v -6609.308594 17794.962891 -13714.204102
v -6825.445312 17915.011719 -13714.204102
v -7025.204102 18069.025391 -13714.204102
v -7203.357422 18256.224609 -13714.204102
v -7352.062012 18471.523438 -13714.204102
v -7465.269043 18707.482422 -13714.204102
v -7539.422852 18955.154297 -13714.204102
v -7568.124023 19132.720703 -13714.204102
v -7577.295410 19308.240234 -13714.204102
v -6328.404785 19308.240234 -13553.746094
v -6322.566406 19238.638672 -13553.746094
v -6304.506348 19168.939453 -13553.746094
v -6277.738281 19108.785156 -13553.746094
v -6245.747070 19058.728516 -13553.746094
v -6207.323242 19014.054688 -13553.746094
v -6163.849609 18975.892578 -13553.746094
v -6116.787109 18944.759766 -13553.746094
v -6065.988770 18920.339844 -13553.746094
v -6010.746094 18902.521484 -13553.746094
v -5952.613281 18892.445312 -13553.746094
v -5893.216797 18890.677734 -13553.746094
v -5834.351074 18897.304688 -13553.746094
v -5777.688477 18911.992188 -13553.746094
v -5724.928711 18933.744141 -13553.746094
v -5676.494141 18961.964844 -13553.746094
v -5631.352051 18997.197266 -13553.746094
v -5590.626465 19039.253906 -13553.746094
v -5555.790527 19087.212891 -13553.746094
v -5528.028809 19139.744141 -13553.746094
v -5508.130371 19195.240234 -13553.746094
v -5496.350098 19251.972656 -13553.746094
vn -0.127433 -0.000000 -0.991847
vn -0.127433 0.000000 -0.991847
vn -0.126010 0.018993 -0.991847
vn -0.121607 0.038092 -0.991847
vn -0.114177 0.056593 -0.991847
vn -0.103896 0.073790 -0.991847
vn -0.091148 0.089058 -0.991847
vn -0.076489 0.101924 -0.991847
vn -0.060500 0.112156 -0.991847
vn -0.043034 0.119947 -0.991847
vn -0.024048 0.125144 -0.991847
vn -0.004168 0.127365 -0.991847
vn 0.015829 0.126446 -0.991847
vn 0.035248 0.122462 -0.991847
vn 0.053427 0.115692 -0.991847
vn 0.069952 0.106517 -0.991847
vn 0.085224 0.094742 -0.991847
vn 0.098844 0.080430 -0.991847
vn 0.110214 0.063970 -0.991847
vn 0.118868 0.045930 -0.991847
vn 0.124541 0.026994 -0.991847
vn 0.126724 0.013421 -0.991847
vn 0.127433 0.000000 -0.991847
vn 0.127433 -0.000000 -0.991847
vn 0.125654 0.021223 -0.991847
vn 0.120146 0.042476 -0.991847
vn 0.111984 0.060818 -0.991847
vn 0.102229 0.076081 -0.991847
vn 0.090513 0.089703 -0.991847
vn 0.077258 0.101343 -0.991847
vn 0.062905 0.110825 -0.991847
vn 0.047417 0.118283 -0.991847
vn 0.030574 0.123711 -0.991847
vn 0.012854 0.126783 -0.991847
vn -0.005244 0.127325 -0.991847
vn -0.023225 0.125299 -0.991847
vn -0.040489 0.120830 -0.991847
vn -0.056577 0.114185 -0.991847
vn -0.071347 0.105588 -0.991847
vn -0.085112 0.094843 -0.991847
vn -0.097530 0.082019 -0.991847
vn -0.108153 0.067396 -0.991847
vn -0.116617 0.051378 -0.991847
vn -0.122687 0.034455 -0.991847
vn -0.126273 0.017158 -0.991847
vt -0.629578 -0.000000
vt 0.629578 0.000000
vt 0.629578 0.168307
vt 0.629578 0.333074
vt 0.629578 0.494410
vt 0.629578 0.652420
vt 0.629578 0.807217
vt 0.629578 0.958851
vt 0.629578 1.108001
vt 0.629578 1.261615
vt 0.629578 1.425253
vt 0.629578 1.599728
vt 0.629578 1.778086
vt 0.629578 1.945931
vt 0.629578 2.103747
vt 0.629578 2.253412
vt 0.629578 2.403797
vt 0.629578 2.557267
vt 0.629578 2.713923
vt 0.629578 2.873858
vt 0.629578 3.037179
vt 0.629578 3.155042
vt 0.629578 3.274701
vt -0.629578 3.274701
vt -0.629578 3.087047
vt -0.629578 2.903789
vt -0.629578 2.742490
vt -0.629578 2.600173
vt -0.629578 2.460471
vt -0.629578 2.323356
vt -0.629578 2.188442
vt -0.629578 2.051125
vt -0.629578 1.905714
vt -0.629578 1.752031
vt -0.629578 1.590088
vt -0.629578 1.432364
vt -0.629578 1.283605
vt -0.629578 1.143079
vt -0.629578 1.008161
vt -0.629578 0.872078
vt -0.629578 0.733466
vt -0.629578 0.592254
vt -0.629578 0.448381
vt -0.629578 0.301763
vt -0.629578 0.152333
f 2378/2378/2378 2421/2421/2421 2377/2377/2377
f 2379/2379/2379 2420/2420/2420 2421/2421/2421
f 2379/2379/2379 2421/2421/2421 2378/2378/2378
f 2380/2380/2380 2419/2419/2419 2420/2420/2420
f 2380/2380/2380 2420/2420/2420 2379/2379/2379
f 2381/2381/2381 2418/2418/2418 2419/2419/2419
f 2381/2381/2381 2419/2419/2419 2380/2380/2380
f 2382/2382/2382 2417/2417/2417 2418/2418/2418
f 2382/2382/2382 2418/2418/2418 2381/2381/2381
f 2383/2383/2383 2416/2416/2416 2417/2417/2417
f 2383/2383/2383 2417/2417/2417 2382/2382/2382
f 2384/2384/2384 2415/2415/2415 2416/2416/2416
f 2384/2384/2384 2416/2416/2416 2383/2383/2383
f 2385/2385/2385 2414/2414/2414 2415/2415/2415
f 2385/2385/2385 2415/2415/2415 2384/2384/2384
f 2386/2386/2386 2413/2413/2413 2414/2414/2414
f 2386/2386/2386 2414/2414/2414 2385/2385/2385
f 2387/2387/2387 2411/2411/2411 2412/2412/2412
f 2387/2387/2387 2412/2412/2412 2413/2413/2413
f 2387/2387/2387 2413/2413/2413 2386/2386/2386
f 2388/2388/2388 2410/2410/2410 2411/2411/2411
f 2388/2388/2388 2411/2411/2411 2387/2387/2387
f 2389/2389/2389 2410/2410/2410 2388/2388/2388
f 2389/2389/2389 2409/2409/2409 2410/2410/2410
f 2390/2390/2390 2409/2409/2409 2389/2389/2389
f 2390/2390/2390 2408/2408/2408 2409/2409/2409
f 2391/2391/2391 2408/2408/2408 2390/2390/2390
f 2391/2391/2391 2407/2407/2407 2408/2408/2408
f 2392/2392/2392 2407/2407/2407 2391/2391/2391
f 2392/2392/2392 2406/2406/2406 2407/2407/2407
f 2393/2393/2393 2406/2406/2406 2392/2392/2392
f 2393/2393/2393 2405/2405/2405 2406/2406/2406
f 2394/2394/2394 2405/2405/2405 2393/2393/2393
f 2394/2394/2394 2404/2404/2404 2405/2405/2405
f 2395/2395/2395 2404/2404/2404 2394/2394/2394
f 2395/2395/2395 2403/2403/2403 2404/2404/2404
f 2396/2396/2396 2403/2403/2403 2395/2395/2395
f 2396/2396/2396 2402/2402/2402 2403/2403/2403
f 2397/2397/2397 2401/2401/2401 2402/2402/2402
f 2397/2397/2397 2402/2402/2402 2396/2396/2396
f 2398/2398/2398 2400/2400/2400 2401/2401/2401
f 2398/2398/2398 2401/2401/2401 2397/2397/2397
f 2399/2399/2399 2400/2400/2400 2398/2398/2398
v -5492.555664 19308.240234 -13553.746094
v -5498.394531 19238.638672 -13553.746094
v -5516.454590 19168.939453 -13553.746094
v -5543.222656 19108.785156 -13553.746094
v -5575.213867 19058.728516 -13553.746094
v -5613.637695 19014.054688 -13553.746094
v -5657.110840 18975.892578 -13553.746094
v -5704.173828 18944.759766 -13553.746094
v -5754.972168 18920.339844 -13553.746094
v -5810.214844 18902.521484 -13553.746094
v -5868.347168 18892.445312 -13553.746094
v -5927.744141 18890.677734 -13553.746094
v -5986.609863 18897.304688 -13553.746094
v -6043.271973 18911.992188 -13553.746094
v -6096.031738 18933.744141 -13553.746094
v -6144.466309 18961.964844 -13553.746094
v -6189.608887 18997.197266 -13553.746094
v -6230.334473 19039.253906 -13553.746094
v -6265.170410 19087.212891 -13553.746094
v -6292.932129 19139.744141 -13553.746094
v -6312.830566 19195.240234 -13553.746094
v -6324.610352 19251.972656 -13553.746094
v -6328.404785 19308.240234 -13553.746094
v -6323.103516 19374.587891 -13553.746094
v -6306.192871 19442.675781 -13553.746094
v -6280.271484 19502.958984 -13553.746094
v -6248.308105 19554.275391 -13553.746094
v -6208.791504 19600.933594 -13553.746094
v -6162.857910 19641.353516 -13553.746094
v -6112.045898 19674.341797 -13553.746094
v -6058.149414 19699.208984 -13553.746094
v -6002.978516 19715.798828 -13553.746094
v -5948.242676 19724.447266 -13553.746094
v -5895.129395 19725.910156 -13553.746094
v -5841.110840 19720.351562 -13553.746094
v -5785.902832 19707.169922 -13553.746094
v -5731.264648 19685.785156 -13553.746094
v -5678.929199 19656.156250 -13553.746094
v -5630.741699 19618.736328 -13553.746094
v -5588.368652 19574.519531 -13553.746094
v -5553.132324 19524.945312 -13553.746094
v -5525.870117 19471.750000 -13553.746094
v -5506.899902 19416.775391 -13553.746094
v -5495.987793 19361.753906 -13553.746094
vn 0.000000 0.000000 -1.000000
vn 0.000000 0.000000 -1.000000
vn 0.000000 0.000000 -1.000000
vn 0.000000 0.000000 -1.000000
vn 0.000000 0.000000 -1.000000
vn 0.000000 0.000000 -1.000000
vn 0.000000 0.000000 -1.000000
vn 0.000000 0.000000 -1.000000
vn 0.000000 0.000000 -1.000000
vn 0.000000 0.000000 -1.000000
vn 0.000000 0.000000 -1.000000
vn 0.000000 0.000000 -1.000000
vn 0.000000 0.000000 -1.000000
vn 0.000000 0.000000 -1.000000
vn 0.000000 0.000000 -1.000000
vn 0.000000 0.000000 -1.000000
vn 0.000000 0.000000 -1.000000
vn 0.000000 0.000000 -1.000000
vn 0.000000 0.000000 -1.000000
vn 0.000000 0.000000 -1.000000
vn 0.000000 0.000000 -1.000000
vn 0.000000 0.000000 -1.000000
vn 0.000000 0.000000 -1.000000
vn 0.000000 0.000000 -1.000000
vn 0.000000 0.000000 -1.000000
vn 0.000000 0.000000 -1.000000
vn 0.000000 0.000000 -1.000000
vn 0.000000 0.000000 -1.000000
vn 0.000000 0.000000 -1.000000
vn 0.000000 0.000000 -1.000000
vn 0.000000 0.000000 -1.000000
vn 0.000000 0.000000 -1.000000
vn 0.000000 0.000000 -1.000000
vn 0.000000 0.000000 -1.000000
vn 0.000000 0.000000 -1.000000
vn 0.000000 0.000000 -1.000000
vn 0.000000 0.000000 -1.000000
vn 0.000000 0.000000 -1.000000
vn 0.000000 0.000000 -1.000000
vn 0.000000 0.000000 -1.000000
vn 0.000000 0.000000 -1.000000
vn 0.000000 0.000000 -1.000000
vn 0.000000 0.000000 -1.000000
vn 0.000000 0.000000 -1.000000
vt 0.835849 0.417925
vt 0.830011 0.487526
vt 0.811951 0.557227
vt 0.785182 0.617380
vt 0.753191 0.667437
vt 0.714767 0.712110
vt 0.671294 0.750274
vt 0.624231 0.781405
vt 0.573433 0.805826
vt 0.518190 0.823645
vt 0.460058 0.833721
vt 0.400661 0.835488
vt 0.341795 0.828861
vt 0.285133 0.814174
vt 0.232373 0.792421
vt 0.183938 0.764200
vt 0.138796 0.728967
vt 0.098071 0.686912
vt 0.063235 0.638953
vt 0.035473 0.586421
vt 0.015575 0.530925
vt 0.003794 0.474192
vt 0.000000 0.417925
vt 0.005301 0.351578
vt 0.022212 0.283490
vt 0.048133 0.223206
vt 0.080097 0.171891
vt 0.119613 0.125232
vt 0.165547 0.084811
vt 0.216359 0.051825
vt 0.270256 0.026956
vt 0.325426 0.010367
vt 0.380162 0.001718
vt 0.433275 0.000256
vt 0.487294 0.005814
vt 0.542502 0.018995
vt 0.597140 0.040380
vt 0.649476 0.070010
vt 0.697663 0.107429
vt 0.740036 0.151647
vt 0.775272 0.201219
vt 0.802535 0.254416
vt 0.821505 0.309391
vt 0.832417 0.364412
f 2451/2451/2451 2449/2449/2449 2450/2450/2450
f 2447/2447/2447 2448/2448/2448 2449/2449/2449
f 2453/2453/2453 2451/2451/2451 2452/2452/2452
f 2445/2445/2445 2446/2446/2446 2447/2447/2447
f 2445/2445/2445 2447/2447/2447 2449/2449/2449
f 2454/2454/2454 2451/2451/2451 2453/2453/2453
f 2456/2456/2456 2454/2454/2454 2455/2455/2455
f 2456/2456/2456 2449/2449/2449 2451/2451/2451
f 2456/2456/2456 2451/2451/2451 2454/2454/2454
f 2442/2442/2442 2443/2443/2443 2444/2444/2444
f 2442/2442/2442 2444/2444/2444 2445/2445/2445
f 2442/2442/2442 2445/2445/2445 2449/2449/2449
f 2442/2442/2442 2449/2449/2449 2456/2456/2456
f 2458/2458/2458 2456/2456/2456 2457/2457/2457
f 2440/2440/2440 2441/2441/2441 2442/2442/2442
f 2460/2460/2460 2458/2458/2458 2459/2459/2459
f 2460/2460/2460 2456/2456/2456 2458/2458/2458
f 2461/2461/2461 2456/2456/2456 2460/2460/2460
f 2437/2437/2437 2438/2438/2438 2439/2439/2439
f 2437/2437/2437 2439/2439/2439 2440/2440/2440
f 2462/2462/2462 2456/2456/2456 2461/2461/2461
f 2435/2435/2435 2436/2436/2436 2437/2437/2437
f 2435/2435/2435 2442/2442/2442 2456/2456/2456
f 2435/2435/2435 2440/2440/2440 2442/2442/2442
f 2435/2435/2435 2437/2437/2437 2440/2440/2440
f 2464/2464/2464 2462/2462/2462 2463/2463/2463
f 2464/2464/2464 2456/2456/2456 2462/2462/2462
f 2433/2433/2433 2434/2434/2434 2435/2435/2435
f 2422/2422/2422 2464/2464/2464 2465/2465/2465
f 2423/2423/2423 2464/2464/2464 2422/2422/2422
f 2430/2430/2430 2431/2431/2431 2432/2432/2432
f 2430/2430/2430 2432/2432/2432 2433/2433/2433
f 2430/2430/2430 2433/2433/2433 2435/2435/2435
f 2430/2430/2430 2435/2435/2435 2456/2456/2456
f 2425/2425/2425 2423/2423/2423 2424/2424/2424
f 2428/2428/2428 2425/2425/2425 2426/2426/2426
f 2428/2428/2428 2456/2456/2456 2464/2464/2464
f 2428/2428/2428 2429/2429/2429 2430/2430/2430
f 2428/2428/2428 2430/2430/2430 2456/2456/2456
f 2428/2428/2428 2464/2464/2464 2423/2423/2423
f 2428/2428/2428 2423/2423/2423 2425/2425/2425
f 2427/2427/2427 2428/2428/2428 2426/2426/2426
