v -25.999807692 -0.100000000 38.000000000
v -25.589416538 -4.602364746 38.000000000
v -24.405297229 -8.965571213 38.000000000
v -22.483253100 -13.057692371 38.000000000
v -19.881399569 -16.754997797 38.000000000
v -16.678406947 -19.945694816 38.000000000
v -12.971121739 -22.533308697 38.000000000
v -8.871638371 -24.439599682 38.000000000
v -4.503909872 -25.606928669 38.000000000
v -0.000000000 -26.000000000 38.000000000
v 4.503909872 -25.606928669 38.000000000
v 8.871638371 -24.439599682 38.000000000
v 12.971121739 -22.533308697 38.000000000
v 16.678406947 -19.945694816 38.000000000
v 19.881399569 -16.754997797 38.000000000
v 22.483253100 -13.057692371 38.000000000
v 24.405297229 -8.965571213 38.000000000
v 25.589416538 -4.602364746 38.000000000
v 25.999807692 -0.100000000 38.000000000
v -25.999807692 -0.100000000 24.000000000
v -25.589416538 -4.602364746 24.000000000
v -24.405297229 -8.965571213 24.000000000
v -22.483253100 -13.057692371 24.000000000
v -19.881399569 -16.754997797 24.000000000
v -16.678406947 -19.945694816 24.000000000
v -12.971121739 -22.533308697 24.000000000
v -8.871638371 -24.439599682 24.000000000
v -4.503909872 -25.606928669 24.000000000
v -0.000000000 -26.000000000 24.000000000
v 4.503909872 -25.606928669 24.000000000
v 8.871638371 -24.439599682 24.000000000
v 12.971121739 -22.533308697 24.000000000
v 16.678406947 -19.945694816 24.000000000
v 19.881399569 -16.754997797 24.000000000
v 22.483253100 -13.057692371 24.000000000
v 24.405297229 -8.965571213 24.000000000
v 25.589416538 -4.602364746 24.000000000
v 25.999807692 -0.100000000 24.000000000
v -23.999791666 -0.100000000 38.000000000
v -25.999807692 -0.100000000 38.000000000
v -23.619788560 -4.255066200 38.000000000
v -22.525902873 -8.281527623 38.000000000
v -20.751196116 -12.057688823 38.000000000
v -18.349306883 -15.469419410 38.000000000
v -15.392829681 -18.413603515 38.000000000
v -11.971120838 -20.801256353 38.000000000
v -8.187597805 -22.560213700 38.000000000
v -4.156613478 -23.637312969 38.000000000
v -0.000000000 -24.000000000 38.000000000
v 4.156613478 -23.637312969 38.000000000
v 8.187597805 -22.560213700 38.000000000
v 11.971120838 -20.801256353 38.000000000
v 15.392829681 -18.413603515 38.000000000
v 18.349306883 -15.469419411 38.000000000
v 20.751196116 -12.057688823 38.000000000
v 22.525902873 -8.281527623 38.000000000
v 23.619788560 -4.255066200 38.000000000
v 23.999791666 -0.100000000 38.000000000
v 25.999807692 -0.100000000 38.000000000
v -25.589416538 -4.602364746 38.000000000
v -24.405297229 -8.965571213 38.000000000
v -22.483253100 -13.057692371 38.000000000
v -19.881399569 -16.754997797 38.000000000
v -16.678406947 -19.945694816 38.000000000
v -12.971121739 -22.533308697 38.000000000
v -8.871638371 -24.439599682 38.000000000
v -4.503909872 -25.606928669 38.000000000
v -0.000000000 -26.000000000 38.000000000
v 4.503909872 -25.606928669 38.000000000
v 8.871638371 -24.439599682 38.000000000
v 12.971121739 -22.533308697 38.000000000
v 16.678406947 -19.945694816 38.000000000
v 19.881399569 -16.754997797 38.000000000
v 22.483253100 -13.057692371 38.000000000
v 24.405297229 -8.965571213 38.000000000
v 25.589416538 -4.602364746 38.000000000
v -25.999807692 -0.100000000 24.000000000
v -25.999807692 -0.100000000 38.000000000
v -23.999791666 -0.100000000 38.000000000
v -23.999791666 -0.100000000 42.000000000
v -25.999807692 -0.100000000 42.000000000
v -25.999807692 -0.100000000 59.000000000
v -22.999782608 -0.100000000 59.000000000
v -22.999782608 -0.100000000 24.000000000
v 25.999807692 -0.100000000 24.000000000
v 25.999807692 -0.100000000 38.000000000
v 22.999782608 -0.100000000 24.000000000
v 22.999782608 -0.100000000 59.000000000
v 25.999807692 -0.100000000 59.000000000
v 25.999807692 -0.100000000 42.000000000
v 23.999791666 -0.100000000 42.000000000
v 23.999791666 -0.100000000 38.000000000
v -22.999782608 -0.100000000 24.000000000
v -25.999807692 -0.100000000 24.000000000
v -22.634973758 -4.081416784 24.000000000
v -21.586205100 -7.939505613 24.000000000
v -19.885167221 -11.557686819 24.000000000
v -17.583260292 -14.826630011 24.000000000
v -14.750040915 -17.647557707 24.000000000
v -11.471120328 -19.935230082 24.000000000
v -7.845577504 -21.620520660 24.000000000
v -3.982965278 -22.652505106 24.000000000
v -0.000000000 -23.000000000 24.000000000
v 3.982965278 -22.652505106 24.000000000
v 7.845577504 -21.620520660 24.000000000
v 11.471120328 -19.935230082 24.000000000
v 14.750040915 -17.647557707 24.000000000
v 17.583260292 -14.826630011 24.000000000
v 19.885167221 -11.557686819 24.000000000
v 21.586205100 -7.939505613 24.000000000
v 22.634973758 -4.081416784 24.000000000
v 22.999782608 -0.100000000 24.000000000
v 25.999807692 -0.100000000 24.000000000
v -25.589416538 -4.602364746 24.000000000
v -24.405297229 -8.965571213 24.000000000
v -22.483253100 -13.057692371 24.000000000
v -19.881399569 -16.754997797 24.000000000
v -16.678406947 -19.945694816 24.000000000
v -12.971121739 -22.533308697 24.000000000
v -8.871638371 -24.439599682 24.000000000
v -4.503909872 -25.606928669 24.000000000
v -0.000000000 -26.000000000 24.000000000
v 4.503909872 -25.606928669 24.000000000
v 8.871638371 -24.439599682 24.000000000
v 12.971121739 -22.533308697 24.000000000
v 16.678406947 -19.945694816 24.000000000
v 19.881399569 -16.754997797 24.000000000
v 22.483253100 -13.057692371 24.000000000
v 24.405297229 -8.965571213 24.000000000
v 25.589416538 -4.602364746 24.000000000
v -23.999791666 -0.100000000 38.000000000
v -23.619788560 -4.255066200 38.000000000
v -22.525902873 -8.281527623 38.000000000
v -20.751196116 -12.057688823 38.000000000
v -18.349306883 -15.469419410 38.000000000
v -15.392829681 -18.413603515 38.000000000
v -11.971120838 -20.801256353 38.000000000
v -8.187597805 -22.560213700 38.000000000
v -4.156613478 -23.637312969 38.000000000
v -0.000000000 -24.000000000 38.000000000
v 4.156613478 -23.637312969 38.000000000
v 8.187597805 -22.560213700 38.000000000
v 11.971120838 -20.801256353 38.000000000
v 15.392829681 -18.413603515 38.000000000
v 18.349306883 -15.469419411 38.000000000
v 20.751196116 -12.057688823 38.000000000
v 22.525902873 -8.281527623 38.000000000
v 23.619788560 -4.255066200 38.000000000
v 23.999791666 -0.100000000 38.000000000
v 23.999791666 -0.100000000 42.000000000
v -23.999791666 -0.100000000 42.000000000
v -23.619788560 -4.255066200 42.000000000
v -22.525902873 -8.281527623 42.000000000
v -20.751196116 -12.057688823 42.000000000
v -18.349306883 -15.469419411 42.000000000
v -15.392829681 -18.413603515 42.000000000
v -11.971120838 -20.801256353 42.000000000
v -8.187597805 -22.560213700 42.000000000
v -4.156613478 -23.637312969 42.000000000
v -0.000000000 -24.000000000 42.000000000
v 4.156613478 -23.637312969 42.000000000
v 8.187597805 -22.560213700 42.000000000
v 11.971120838 -20.801256353 42.000000000
v 15.392829681 -18.413603515 42.000000000
v 18.349306883 -15.469419411 42.000000000
v 20.751196116 -12.057688823 42.000000000
v 22.525902873 -8.281527623 42.000000000
v 23.619788560 -4.255066200 42.000000000
v -22.999782608 -0.100000000 24.000000000
v -22.634973758 -4.081416784 24.000000000
v -21.586205100 -7.939505613 24.000000000
v -19.885167221 -11.557686819 24.000000000
v -17.583260292 -14.826630011 24.000000000
v -14.750040915 -17.647557707 24.000000000
v -11.471120328 -19.935230082 24.000000000
v -7.845577504 -21.620520660 24.000000000
v -3.982965278 -22.652505106 24.000000000
v -0.000000000 -23.000000000 24.000000000
v 3.982965278 -22.652505106 24.000000000
v 7.845577504 -21.620520660 24.000000000
v 11.471120328 -19.935230082 24.000000000
v 14.750040915 -17.647557707 24.000000000
v 17.583260292 -14.826630011 24.000000000
v 19.885167221 -11.557686819 24.000000000
v 21.586205100 -7.939505613 24.000000000
v 22.634973758 -4.081416784 24.000000000
v 22.999782608 -0.100000000 24.000000000
v 22.999782608 -0.100000000 59.000000000
v -22.999782608 -0.100000000 59.000000000
v -22.634973758 -4.081416784 59.000000000
v -21.586205100 -7.939505613 59.000000000
v -19.885167221 -11.557686819 59.000000000
v -17.583260292 -14.826630011 59.000000000
v -14.750040915 -17.647557707 59.000000000
v -11.471120328 -19.935230082 59.000000000
v -7.845577504 -21.620520660 59.000000000
v -3.982965278 -22.652505106 59.000000000
v -0.000000000 -23.000000000 59.000000000
v 3.982965278 -22.652505106 59.000000000
v 7.845577504 -21.620520660 59.000000000
v 11.471120328 -19.935230082 59.000000000
v 14.750040915 -17.647557707 59.000000000
v 17.583260292 -14.826630011 59.000000000
v 19.885167221 -11.557686819 59.000000000
v 21.586205100 -7.939505613 59.000000000
v 22.634973758 -4.081416784 59.000000000
v 25.999807692 -0.100000000 59.000000000
v 22.999782608 -0.100000000 59.000000000
v -25.999807692 -0.100000000 59.000000000
v -25.589416538 -4.602364746 59.000000000
v -24.405297229 -8.965571213 59.000000000
v -22.483253100 -13.057692371 59.000000000
v -19.881399569 -16.754997797 59.000000000
v -16.678406947 -19.945694816 59.000000000
v -12.971121739 -22.533308697 59.000000000
v -8.871638371 -24.439599682 59.000000000
v -4.503909872 -25.606928669 59.000000000
v -0.000000000 -26.000000000 59.000000000
v 4.503909872 -25.606928669 59.000000000
v 8.871638371 -24.439599682 59.000000000
v 12.971121739 -22.533308697 59.000000000
v 16.678406947 -19.945694816 59.000000000
v 19.881399569 -16.754997797 59.000000000
v 22.483253100 -13.057692371 59.000000000
v 24.405297229 -8.965571213 59.000000000
v 25.589416538 -4.602364746 59.000000000
v -22.999782608 -0.100000000 59.000000000
v -22.634973758 -4.081416784 59.000000000
v -21.586205100 -7.939505613 59.000000000
v -19.885167221 -11.557686819 59.000000000
v -17.583260292 -14.826630011 59.000000000
v -14.750040915 -17.647557707 59.000000000
v -11.471120328 -19.935230082 59.000000000
v -7.845577504 -21.620520660 59.000000000
v -3.982965278 -22.652505106 59.000000000
v -0.000000000 -23.000000000 59.000000000
v 3.982965278 -22.652505106 59.000000000
v 7.845577504 -21.620520660 59.000000000
v 11.471120328 -19.935230082 59.000000000
v 14.750040915 -17.647557707 59.000000000
v 17.583260292 -14.826630011 59.000000000
v 19.885167221 -11.557686819 59.000000000
v 21.586205100 -7.939505613 59.000000000
v 22.634973758 -4.081416784 59.000000000
v 25.999807692 -0.100000000 42.000000000
v 23.999791666 -0.100000000 42.000000000
v -25.999807692 -0.100000000 42.000000000
v -25.589416538 -4.602364746 42.000000000
v -24.405297229 -8.965571213 42.000000000
v -22.483253100 -13.057692371 42.000000000
v -19.881399569 -16.754997797 42.000000000
v -16.678406947 -19.945694816 42.000000000
v -12.971121739 -22.533308697 42.000000000
v -8.871638371 -24.439599682 42.000000000
v -4.503909872 -25.606928669 42.000000000
v -0.000000000 -26.000000000 42.000000000
v 4.503909872 -25.606928669 42.000000000
v 8.871638371 -24.439599682 42.000000000
v 12.971121739 -22.533308697 42.000000000
v 16.678406947 -19.945694816 42.000000000
v 19.881399569 -16.754997797 42.000000000
v 22.483253100 -13.057692371 42.000000000
v 24.405297229 -8.965571213 42.000000000
v 25.589416538 -4.602364746 42.000000000
v -23.999791666 -0.100000000 42.000000000
v -23.619788560 -4.255066200 42.000000000
v -22.525902873 -8.281527623 42.000000000
v -20.751196116 -12.057688823 42.000000000
v -18.349306883 -15.469419411 42.000000000
v -15.392829681 -18.413603515 42.000000000
v -11.971120838 -20.801256353 42.000000000
v -8.187597805 -22.560213700 42.000000000
v -4.156613478 -23.637312969 42.000000000
v -0.000000000 -24.000000000 42.000000000
v 4.156613478 -23.637312969 42.000000000
v 8.187597805 -22.560213700 42.000000000
v 11.971120838 -20.801256353 42.000000000
v 15.392829681 -18.413603515 42.000000000
v 18.349306883 -15.469419411 42.000000000
v 20.751196116 -12.057688823 42.000000000
v 22.525902873 -8.281527623 42.000000000
v 23.619788560 -4.255066200 42.000000000
v -25.999807692 -0.100000000 42.000000000
v -25.589416538 -4.602364746 42.000000000
v -24.405297229 -8.965571213 42.000000000
v -22.483253100 -13.057692371 42.000000000
v -19.881399569 -16.754997797 42.000000000
v -16.678406947 -19.945694816 42.000000000
v -12.971121739 -22.533308697 42.000000000
v -8.871638371 -24.439599682 42.000000000
v -4.503909872 -25.606928669 42.000000000
v -0.000000000 -26.000000000 42.000000000
v 4.503909872 -25.606928669 42.000000000
v 8.871638371 -24.439599682 42.000000000
v 12.971121739 -22.533308697 42.000000000
v 16.678406947 -19.945694816 42.000000000
v 19.881399569 -16.754997797 42.000000000
v 22.483253100 -13.057692371 42.000000000
v 24.405297229 -8.965571213 42.000000000
v 25.589416538 -4.602364746 42.000000000
v 25.999807692 -0.100000000 42.000000000
v 25.999807692 -0.100000000 59.000000000
v -25.999807692 -0.100000000 59.000000000
v -25.589416538 -4.602364746 59.000000000
v -24.405297229 -8.965571213 59.000000000
v -22.483253100 -13.057692371 59.000000000
v -19.881399569 -16.754997797 59.000000000
v -16.678406947 -19.945694816 59.000000000
v -12.971121739 -22.533308697 59.000000000
v -8.871638371 -24.439599682 59.000000000
v -4.503909872 -25.606928669 59.000000000
v -0.000000000 -26.000000000 59.000000000
v 4.503909872 -25.606928669 59.000000000
v 8.871638371 -24.439599682 59.000000000
v 12.971121739 -22.533308697 59.000000000
v 16.678406947 -19.945694816 59.000000000
v 19.881399569 -16.754997797 59.000000000
v 22.483253100 -13.057692371 59.000000000
v 24.405297229 -8.965571213 59.000000000
v 25.589416538 -4.602364746 59.000000000
v -159.000000000 -0.100000000 -63.999843750
v -159.000000000 -5.644258744 -63.498291116
v -159.000000000 -11.017699509 -62.043473460
v -159.000000000 -16.057700357 -59.679419417
v -159.000000000 -20.611730584 -56.477674774
v -159.000000000 -24.541966912 -52.535137207
v -159.000000000 -27.729464577 -47.971123764
v -159.000000000 -30.077757074 -42.923759857
v -159.000000000 -31.515775624 -37.545799024
v -159.000000000 -32.000000000 -32.000000000
v -159.000000000 -31.515775624 -26.454200976
v -159.000000000 -30.077757074 -21.076240143
v -159.000000000 -27.729464577 -16.028876236
v -159.000000000 -24.541966912 -11.464862793
v -159.000000000 -20.611730584 -7.522325226
v -159.000000000 -16.057700357 -4.320580583
v -159.000000000 -11.017699509 -1.956526540
v -159.000000000 -5.644258744 -0.501708884
v -159.000000000 -0.100000000 -0.000156250
v -159.000000000 -0.100000000 -3.000172414
v -159.000000000 -5.123312000 -3.456144722
v -159.000000000 -9.991635745 -4.775613595
v -159.000000000 -14.557696776 -6.918663023
v -159.000000000 -18.683364558 -9.820462386
v -159.000000000 -22.243831145 -13.393227684
v -159.000000000 -25.131386815 -17.528877143
v -159.000000000 -27.258678464 -22.102300853
v -159.000000000 -28.561352169 -26.975145547
v -159.000000000 -29.000000000 -32.000000000
v -159.000000000 -28.561352169 -37.024854453
v -159.000000000 -27.258678464 -41.897699147
v -159.000000000 -25.131386815 -46.471122857
v -159.000000000 -22.243831145 -50.606772316
v -159.000000000 -18.683364558 -54.179537614
v -159.000000000 -14.557696776 -57.081336977
v -159.000000000 -9.991635745 -59.224386405
v -159.000000000 -5.123312000 -60.543855278
v -159.000000000 -0.100000000 -60.999827586
v -159.000000000 -0.100000000 -63.999843750
v -159.000000000 -5.644258744 -63.498291116
v -159.000000000 -11.017699509 -62.043473460
v -159.000000000 -16.057700357 -59.679419417
v -159.000000000 -20.611730584 -56.477674774
v -159.000000000 -24.541966912 -52.535137207
v -159.000000000 -27.729464577 -47.971123764
v -159.000000000 -30.077757074 -42.923759857
v -159.000000000 -31.515775624 -37.545799024
v -159.000000000 -32.000000000 -32.000000000
v -159.000000000 -31.515775624 -26.454200976
v -159.000000000 -30.077757074 -21.076240143
v -159.000000000 -27.729464577 -16.028876236
v -159.000000000 -24.541966912 -11.464862793
v -159.000000000 -20.611730584 -7.522325226
v -159.000000000 -16.057700357 -4.320580583
v -159.000000000 -11.017699509 -1.956526540
v -159.000000000 -5.644258744 -0.501708884
v -159.000000000 -0.100000000 -0.000156250
v -133.000000000 -0.100000000 -63.999843750
v -133.000000000 -5.249193918 -63.566532380
v -133.000000000 -10.261556496 -62.310071732
v -133.000000000 -15.006210081 -60.263292033
v -133.000000000 -19.359885059 -57.479301682
v -133.000000000 -23.208478125 -54.031034434
v -133.000000000 -26.452349297 -50.007588769
v -133.000000000 -29.006060340 -45.514748761
v -133.000000000 -30.803270103 -40.669405315
v -133.000000000 -31.797139665 -35.597477052
v -133.000000000 -31.961576989 -30.432349351
v -133.000000000 -31.292331677 -25.307465674
v -133.000000000 -29.806954557 -20.357602030
v -133.000000000 -27.544180642 -15.711410451
v -133.000000000 -24.562778778 -11.489762716
v -133.000000000 -20.941204898 -7.803598017
v -133.000000000 -16.773031783 -4.748111220
v -133.000000000 -12.167827894 -2.403649964
v -133.000000000 -7.245294423 -0.831013106
v -133.000000000 -3.695902082 -0.214150156
v -133.000000000 -0.100000000 -0.000156250
v -159.000000000 -0.100000000 -60.999827586
v -159.000000000 -0.100000000 -63.999843750
v -59.500000000 -0.100000000 -60.999827586
v -59.500000000 -0.100000000 -57.999807692
v -55.500000000 -0.100000000 -57.999807692
v -55.500000000 -0.100000000 -63.999843750
v -60.000000000 -0.100000000 -63.999843750
v -60.000000000 -0.100000000 -70.000000000
v -70.000000000 -0.100000000 -70.000000000
v -70.000000000 -0.100000000 -63.999843750
v -87.000000000 -0.100000000 -63.999843750
v -87.040417128 -0.100000000 -64.490630550
v -87.164339347 -0.100000000 -64.979148357
v -87.376516942 -0.100000000 -65.454957650
v -87.647316787 -0.100000000 -65.861271593
v -87.958743484 -0.100000000 -66.198324155
v -88.335626814 -0.100000000 -66.495824165
v -88.776650741 -0.100000000 -66.739092571
v -89.222219442 -0.100000000 -66.897279258
v -89.605105345 -0.100000000 -66.973753177
v -90.000000000 -0.100000000 -66.999857143
v -93.000000000 -0.100000000 -63.999843750
v -92.959582872 -0.100000000 -64.490630550
v -92.835660653 -0.100000000 -64.979148357
v -92.623483058 -0.100000000 -65.454957650
v -92.352683213 -0.100000000 -65.861271593
v -92.041256516 -0.100000000 -66.198324155
v -91.664373186 -0.100000000 -66.495824165
v -91.223349259 -0.100000000 -66.739092571
v -90.777780558 -0.100000000 -66.897279258
v -90.394894655 -0.100000000 -66.973753177
v -97.000000000 -0.100000000 -63.999843750
v -97.040417128 -0.100000000 -64.490630550
v -97.164339347 -0.100000000 -64.979148357
v -97.376516942 -0.100000000 -65.454957650
v -97.647316787 -0.100000000 -65.861271593
v -97.958743484 -0.100000000 -66.198324155
v -98.335626814 -0.100000000 -66.495824165
v -98.776650741 -0.100000000 -66.739092571
v -99.222219442 -0.100000000 -66.897279258
v -99.605105345 -0.100000000 -66.973753177
v -100.000000000 -0.100000000 -66.999857143
v -103.000000000 -0.100000000 -63.999843750
v -102.959582872 -0.100000000 -64.490630550
v -102.835660653 -0.100000000 -64.979148357
v -102.623483057 -0.100000000 -65.454957650
v -102.352683213 -0.100000000 -65.861271593
v -102.041256516 -0.100000000 -66.198324155
v -101.664373186 -0.100000000 -66.495824165
v -101.223349259 -0.100000000 -66.739092571
v -100.777780558 -0.100000000 -66.897279258
v -100.394894655 -0.100000000 -66.973753177
v -107.000000000 -0.100000000 -63.999843750
v -107.040417128 -0.100000000 -64.490630550
v -107.164339347 -0.100000000 -64.979148357
v -107.376516942 -0.100000000 -65.454957650
v -107.647316787 -0.100000000 -65.861271593
v -107.958743484 -0.100000000 -66.198324155
v -108.335626814 -0.100000000 -66.495824165
v -108.776650741 -0.100000000 -66.739092571
v -109.222219442 -0.100000000 -66.897279258
v -109.605105345 -0.100000000 -66.973753177
v -110.000000000 -0.100000000 -66.999857143
v -113.000000000 -0.100000000 -63.999843750
v -112.959582872 -0.100000000 -64.490630550
v -112.835660653 -0.100000000 -64.979148357
v -112.623483057 -0.100000000 -65.454957650
v -112.352683213 -0.100000000 -65.861271593
v -112.041256516 -0.100000000 -66.198324155
v -111.664373186 -0.100000000 -66.495824165
v -111.223349259 -0.100000000 -66.739092571
v -110.777780558 -0.100000000 -66.897279258
v -110.394894655 -0.100000000 -66.973753177
v -117.000000000 -0.100000000 -63.999843750
v -117.040417128 -0.100000000 -64.490630550
v -117.164339347 -0.100000000 -64.979148357
v -117.376516942 -0.100000000 -65.454957650
v -117.647316787 -0.100000000 -65.861271593
v -117.958743484 -0.100000000 -66.198324155
v -118.335626814 -0.100000000 -66.495824165
v -118.776650741 -0.100000000 -66.739092571
v -119.222219442 -0.100000000 -66.897279258
v -119.605105345 -0.100000000 -66.973753177
v -120.000000000 -0.100000000 -66.999857143
v -123.000000000 -0.100000000 -63.999843750
v -122.959582872 -0.100000000 -64.490630550
v -122.835660653 -0.100000000 -64.979148357
v -122.623483057 -0.100000000 -65.454957650
v -122.352683213 -0.100000000 -65.861271593
v -122.041256516 -0.100000000 -66.198324155
v -121.664373186 -0.100000000 -66.495824165
v -121.223349259 -0.100000000 -66.739092571
v -120.777780558 -0.100000000 -66.897279258
v -120.394894655 -0.100000000 -66.973753177
v -127.000000000 -0.100000000 -63.999843750
v -127.040417128 -0.100000000 -64.490630550
v -127.164339347 -0.100000000 -64.979148357
v -127.376516942 -0.100000000 -65.454957650
v -127.647316787 -0.100000000 -65.861271593
v -127.958743484 -0.100000000 -66.198324155
v -128.335626814 -0.100000000 -66.495824165
v -128.776650741 -0.100000000 -66.739092571
v -129.222219442 -0.100000000 -66.897279258
v -129.605105345 -0.100000000 -66.973753177
v -130.000000000 -0.100000000 -66.999857143
v -133.000000000 -0.100000000 -63.999843750
v -132.959582872 -0.100000000 -64.490630550
v -132.835660653 -0.100000000 -64.979148357
v -132.623483057 -0.100000000 -65.454957650
v -132.352683213 -0.100000000 -65.861271593
v -132.041256516 -0.100000000 -66.198324155
v -131.664373186 -0.100000000 -66.495824165
v -131.223349259 -0.100000000 -66.739092571
v -130.777780558 -0.100000000 -66.897279258
v -130.394894655 -0.100000000 -66.973753177
v -159.000000000 -0.100000000 -0.000156250
v -159.000000000 -0.100000000 -3.000172414
v -133.000000000 -0.100000000 -0.000156250
v -132.959582872 -0.100000000 0.490630549
v -132.835660654 -0.100000000 0.979148355
v -132.623483059 -0.100000000 1.454957646
v -132.352683216 -0.100000000 1.861271589
v -132.041256521 -0.100000000 2.198324150
v -131.664373193 -0.100000000 2.495824160
v -131.223349265 -0.100000000 2.739092568
v -130.777780563 -0.100000000 2.897279257
v -130.394894657 -0.100000000 2.973753176
v -130.000000000 -0.100000000 2.999857143
v -127.000000000 -0.100000000 -0.000156250
v -127.040417128 -0.100000000 0.490630549
v -127.164339346 -0.100000000 0.979148355
v -127.376516940 -0.100000000 1.454957646
v -127.647316784 -0.100000000 1.861271589
v -127.958743479 -0.100000000 2.198324150
v -128.335626806 -0.100000000 2.495824160
v -128.776650735 -0.100000000 2.739092568
v -129.222219437 -0.100000000 2.897279257
v -129.605105343 -0.100000000 2.973753176
v -123.000000000 -0.100000000 -0.000156250
v -122.959582872 -0.100000000 0.490630549
v -122.835660654 -0.100000000 0.979148355
v -122.623483059 -0.100000000 1.454957646
v -122.352683216 -0.100000000 1.861271589
v -122.041256521 -0.100000000 2.198324150
v -121.664373193 -0.100000000 2.495824160
v -121.223349265 -0.100000000 2.739092568
v -120.777780563 -0.100000000 2.897279257
v -120.394894657 -0.100000000 2.973753176
v -120.000000000 -0.100000000 2.999857143
v -117.000000000 -0.100000000 -0.000156250
v -117.040417128 -0.100000000 0.490630549
v -117.164339346 -0.100000000 0.979148355
v -117.376516940 -0.100000000 1.454957646
v -117.647316784 -0.100000000 1.861271589
v -117.958743479 -0.100000000 2.198324150
v -118.335626806 -0.100000000 2.495824160
v -118.776650735 -0.100000000 2.739092568
v -119.222219437 -0.100000000 2.897279257
v -119.605105343 -0.100000000 2.973753176
v -113.000000000 -0.100000000 -0.000156250
v -112.959582872 -0.100000000 0.490630549
v -112.835660654 -0.100000000 0.979148355
v -112.623483059 -0.100000000 1.454957646
v -112.352683216 -0.100000000 1.861271589
v -112.041256521 -0.100000000 2.198324150
v -111.664373193 -0.100000000 2.495824160
v -111.223349265 -0.100000000 2.739092568
v -110.777780563 -0.100000000 2.897279257
v -110.394894657 -0.100000000 2.973753176
v -110.000000000 -0.100000000 2.999857143
v -107.000000000 -0.100000000 -0.000156250
v -107.040417128 -0.100000000 0.490630549
v -107.164339346 -0.100000000 0.979148355
v -107.376516940 -0.100000000 1.454957646
v -107.647316784 -0.100000000 1.861271589
v -107.958743479 -0.100000000 2.198324150
v -108.335626806 -0.100000000 2.495824160
v -108.776650735 -0.100000000 2.739092568
v -109.222219437 -0.100000000 2.897279257
v -109.605105343 -0.100000000 2.973753176
v -103.000000000 -0.100000000 -0.000156250
v -102.959582872 -0.100000000 0.490630549
v -102.835660654 -0.100000000 0.979148355
v -102.623483059 -0.100000000 1.454957646
v -102.352683216 -0.100000000 1.861271589
v -102.041256521 -0.100000000 2.198324150
v -101.664373193 -0.100000000 2.495824160
v -101.223349265 -0.100000000 2.739092568
v -100.777780563 -0.100000000 2.897279257
v -100.394894657 -0.100000000 2.973753176
v -100.000000000 -0.100000000 2.999857143
v -97.000000000 -0.100000000 -0.000156250
v -97.040417128 -0.100000000 0.490630549
v -97.164339346 -0.100000000 0.979148355
v -97.376516941 -0.100000000 1.454957646
v -97.647316784 -0.100000000 1.861271589
v -97.958743479 -0.100000000 2.198324150
v -98.335626807 -0.100000000 2.495824160
v -98.776650735 -0.100000000 2.739092568
v -99.222219437 -0.100000000 2.897279257
v -99.605105343 -0.100000000 2.973753176
v -93.000000000 -0.100000000 -0.000156250
v -92.959582872 -0.100000000 0.490630549
v -92.835660654 -0.100000000 0.979148355
v -92.623483059 -0.100000000 1.454957646
v -92.352683216 -0.100000000 1.861271589
v -92.041256521 -0.100000000 2.198324150
v -91.664373193 -0.100000000 2.495824160
v -91.223349265 -0.100000000 2.739092568
v -90.777780563 -0.100000000 2.897279257
v -90.394894657 -0.100000000 2.973753176
v -90.000000000 -0.100000000 2.999857143
v -87.000000000 -0.100000000 -0.000156250
v -87.040417128 -0.100000000 0.490630549
v -87.164339346 -0.100000000 0.979148355
v -87.376516941 -0.100000000 1.454957646
v -87.647316784 -0.100000000 1.861271589
v -87.958743479 -0.100000000 2.198324150
v -88.335626807 -0.100000000 2.495824160
v -88.776650735 -0.100000000 2.739092568
v -89.222219437 -0.100000000 2.897279257
v -89.605105343 -0.100000000 2.973753176
v -70.000000000 -0.100000000 -0.000156250
v -70.000000000 -0.100000000 10.000000000
v -60.000000000 -0.100000000 10.000000000
v -60.000000000 -0.100000000 -0.000156250
v -55.500000000 -0.100000000 -0.000156250
v -55.500000000 -0.100000000 -6.000192308
v -59.500000000 -0.100000000 -6.000192308
v -59.500000000 -0.100000000 -3.000172414
v -159.000000000 -0.100000000 -3.000172414
v -159.000000000 -5.123312000 -3.456144722
v -159.000000000 -9.991635745 -4.775613595
v -159.000000000 -14.557696776 -6.918663023
v -159.000000000 -18.683364558 -9.820462386
v -159.000000000 -22.243831145 -13.393227684
v -159.000000000 -25.131386815 -17.528877143
v -159.000000000 -27.258678464 -22.102300853
v -159.000000000 -28.561352169 -26.975145547
v -159.000000000 -29.000000000 -32.000000000
v -159.000000000 -28.561352169 -37.024854453
v -159.000000000 -27.258678464 -41.897699147
v -159.000000000 -25.131386815 -46.471122857
v -159.000000000 -22.243831145 -50.606772316
v -159.000000000 -18.683364558 -54.179537614
v -159.000000000 -14.557696776 -57.081336977
v -159.000000000 -9.991635745 -59.224386405
v -159.000000000 -5.123312000 -60.543855278
v -159.000000000 -0.100000000 -60.999827586
v -59.500000000 -0.100000000 -60.999827586
v -59.500000000 -0.100000000 -3.000172414
v -59.500000000 -5.123312000 -3.456144722
v -59.500000000 -9.991635745 -4.775613595
v -59.500000000 -14.557696776 -6.918663023
v -59.500000000 -18.683364558 -9.820462386
v -59.500000000 -22.243831145 -13.393227684
v -59.500000000 -25.131386815 -17.528877143
v -59.500000000 -27.258678464 -22.102300853
v -59.500000000 -28.561352169 -26.975145547
v -59.500000000 -29.000000000 -32.000000000
v -59.500000000 -28.561352169 -37.024854453
v -59.500000000 -27.258678464 -41.897699147
v -59.500000000 -25.131386815 -46.471122857
v -59.500000000 -22.243831145 -50.606772316
v -59.500000000 -18.683364558 -54.179537614
v -59.500000000 -14.557696776 -57.081336977
v -59.500000000 -9.991635745 -59.224386405
v -59.500000000 -5.123312000 -60.543855278
v -133.000000000 -0.100000000 -63.999843750
v -133.000000000 -5.249193918 -63.566532380
v -133.000000000 -10.261556496 -62.310071732
v -133.000000000 -15.006210081 -60.263292033
v -133.000000000 -19.359885059 -57.479301682
v -133.000000000 -23.208478125 -54.031034434
v -133.000000000 -26.452349297 -50.007588769
v -133.000000000 -29.006060340 -45.514748761
v -133.000000000 -30.803270103 -40.669405315
v -133.000000000 -31.797139665 -35.597477052
v -133.000000000 -31.961576989 -30.432349351
v -133.000000000 -31.292331677 -25.307465674
v -133.000000000 -29.806954557 -20.357602030
v -133.000000000 -27.544180642 -15.711410451
v -133.000000000 -24.562778778 -11.489762716
v -133.000000000 -20.941204898 -7.803598017
v -133.000000000 -16.773031783 -4.748111220
v -133.000000000 -12.167827894 -2.403649964
v -133.000000000 -7.245294423 -0.831013106
v -133.000000000 -3.695902082 -0.214150156
v -133.000000000 -0.100000000 -0.000156250
v -132.959582872 -0.100000000 -64.490630550
v -132.835660653 -0.100000000 -64.979148357
v -132.623483057 -0.100000000 -65.454957650
v -132.352683213 -0.100000000 -65.861271593
v -132.041256516 -0.100000000 -66.198324155
v -131.664373186 -0.100000000 -66.495824165
v -131.223349259 -0.100000000 -66.739092571
v -130.777780558 -0.100000000 -66.897279258
v -130.394894655 -0.100000000 -66.973753177
v -130.000000000 -0.100000000 -66.999857143
v -130.000000000 -0.100000000 2.999857143
v -130.000000000 -6.165205110 2.452724797
v -130.000000000 -12.043762702 0.862558938
v -130.000000000 -17.557703324 -1.722499212
v -130.000000000 -22.540096062 -5.224188723
v -130.000000000 -26.840102262 -9.536498257
v -130.000000000 -30.327542073 -14.528875485
v -130.000000000 -32.896835556 -20.050179482
v -130.000000000 -34.470199045 -25.933256411
v -130.000000000 -35.000000000 -32.000000000
v -130.000000000 -34.470199045 -38.066743589
v -130.000000000 -32.896835556 -43.949820518
v -130.000000000 -30.327542073 -49.471124515
v -130.000000000 -26.840102262 -54.463501743
v -130.000000000 -22.540096062 -58.775811277
v -130.000000000 -17.557703324 -62.277500788
v -130.000000000 -12.043762702 -64.862558938
v -130.000000000 -6.165205110 -66.452724797
v -132.959582872 -0.100000000 0.490630549
v -132.835660654 -0.100000000 0.979148355
v -132.623483059 -0.100000000 1.454957646
v -132.352683216 -0.100000000 1.861271589
v -132.041256521 -0.100000000 2.198324150
v -131.664373193 -0.100000000 2.495824160
v -131.223349265 -0.100000000 2.739092568
v -130.777780563 -0.100000000 2.897279257
v -130.394894657 -0.100000000 2.973753176
v -132.959582859 -3.752578628 0.273351587
v -132.835660665 -3.809000581 0.758598055
v -132.623483059 -3.863954727 1.231220925
v -132.352683228 -3.910882444 1.634813991
v -132.041256503 -3.949810736 1.969609500
v -132.959582859 -5.723209995 -0.017255647
v -131.664373214 -3.984170864 2.265117357
v -132.835660665 -5.809261406 0.463621391
v -131.223349269 -4.012267445 2.506756760
v -132.623483059 -5.893074205 0.931988502
v -130.777780551 -4.030537414 2.663884210
v -132.352683228 -5.964645571 1.331947392
v -132.959582859 -7.356417525 -0.352975018
v -132.041256503 -6.024016690 1.663728215
v -132.835660665 -7.467025052 0.122854307
v -131.664373214 -6.076420715 1.956575154
v -132.623483059 -7.574755145 0.586305019
v -131.223349269 -6.119271952 2.196038702
v -132.352683228 -7.666750521 0.982065584
v -130.777780551 -6.147136223 2.351751290
v -132.041256503 -7.743064118 1.310363740
v -131.664373214 -7.810422451 1.600136697
v -131.223349269 -7.865501959 1.837086622
v -130.777780551 -7.901317735 1.991164711
v -132.959582859 -11.180322770 -1.493419534
v -132.835660665 -11.348424683 -1.034737380
v -132.623483059 -11.512153456 -0.587987757
v -132.352683228 -11.651968521 -0.206488975
v -132.041256503 -11.767950334 0.109978501
v -131.664373214 -11.870321890 0.389309087
v -131.223349269 -11.954032022 0.617720192
v -130.777780551 -12.008465031 0.766245864
v -132.835660665 -16.544021890 -3.470549048
v -132.623483059 -16.782709856 -3.058941965
v -132.352683228 -16.986535810 -2.707452912
v -132.041256503 -17.155617045 -2.415879628
v -131.664373214 -17.304856901 -2.158521944
v -131.223349269 -17.426891659 -1.948078277
v -130.777780551 -17.506245482 -1.811236038
v -132.959582859 -20.924154310 -7.143796842
v -132.835660665 -21.238759750 -6.770071022
v -132.623483059 -21.545180787 -6.406067610
v -132.352683228 -21.806846935 -6.095229388
v -132.041256503 -22.023908769 -5.837377483
v -131.664373214 -22.215498786 -5.609784036
v -131.223349269 -22.372163648 -5.423678851
v -130.777780551 -22.474035901 -5.302662853
v -132.959582859 -24.915885002 -11.146948819
v -132.835660665 -25.290508169 -10.833412451
v -132.623483059 -25.655385584 -10.528032674
v -132.352683228 -25.966970155 -10.267255703
v -132.041256503 -26.225441184 -10.050931475
v -131.664373214 -26.453581102 -9.859992506
v -131.223349269 -26.640133142 -9.703860013
v -130.777780551 -26.761439709 -9.602333937
v -132.959582859 -27.966626992 -15.461594886
v -132.835660665 -28.387119636 -15.212931445
v -132.623483059 -28.796673243 -14.970736937
v -132.352683228 -29.146408742 -14.763916595
v -132.041256503 -29.436527389 -14.592351403
v -131.664373214 -29.692601134 -14.440919079
v -131.223349269 -29.901994913 -14.317091520
v -130.777780551 -30.038154457 -14.236571917
v -132.959582859 -30.264104712 -20.179042551
v -132.835660665 -30.719141118 -20.001308366
v -132.623483059 -31.162339836 -19.828197903
v -132.352683228 -31.540806348 -19.680371408
v -132.041256503 -31.854758442 -19.557743814
v -131.664373214 -32.131868822 -19.449506347
v -131.223349269 -32.358464445 -19.360999608
v -130.777780551 -32.505809588 -19.303447578
v -132.959582859 -31.772261239 -25.204819004
v -132.835660665 -32.249973555 -25.102649957
v -132.623483059 -32.715258274 -25.003138819
v -132.352683228 -33.112584975 -24.918161964
v -132.041256503 -33.442182300 -24.847670491
v -131.664373214 -33.733101971 -24.785451066
v -131.223349269 -33.970989574 -24.734573689
v -130.777780551 -34.125677395 -24.701490374
v -132.959582859 -32.451773475 -30.408313048
v -132.835660665 -32.939702607 -30.384381214
v -132.623483059 -33.414938354 -30.361071963
v -132.352683228 -33.820762668 -30.341167188
v -132.959582859 -32.490784370 -32.000000000
v -132.041256503 -34.157409079 -30.324655434
v -132.835660665 -32.979300052 -32.000000000
v -131.664373214 -34.454550639 -30.310081304
v -132.623483059 -33.455107089 -32.000000000
v -131.223349269 -34.697525935 -30.298163909
v -132.352683228 -33.861419251 -32.000000000
v -130.777780551 -34.855522059 -30.290414552
v -132.041256503 -34.198470352 -32.000000000
v -131.664373214 -34.495969111 -32.000000000
v -131.223349269 -34.739236493 -32.000000000
v -130.777780551 -34.897422547 -32.000000000
v -132.959582859 -32.284814610 -35.652644879
v -132.835660665 -32.770233430 -35.707564277
v -132.623483059 -33.243024169 -35.761054956
v -132.352683228 -33.646760586 -35.806732956
v -132.041256503 -33.981675009 -35.844624561
v -132.959582859 -31.998965840 -37.631807365
v -131.664373214 -34.277287826 -35.878069655
v -132.835660665 -32.480086776 -37.716484490
v -131.223349269 -34.519013055 -35.905418005
v -132.623483059 -32.948691441 -37.798958756
v -130.777780551 -34.676196316 -35.923201432
v -132.352683228 -33.348853187 -37.869387090
v -132.041256503 -33.680802288 -37.927810022
v -131.664373214 -33.973797758 -37.979377127
v -131.223349269 -34.213382760 -38.021544008
v -132.959582859 -31.275698702 -40.802371256
v -130.777780551 -34.369174324 -38.048963272
v -132.835660665 -31.745944944 -40.934719443
v -132.623483059 -32.203957818 -41.063624616
v -132.352683228 -32.595074777 -41.173702307
v -132.041256503 -32.919520889 -41.265015858
v -131.664373214 -33.205893833 -41.345613929
v -132.959582859 -30.538399729 -43.093115478
v -131.223349269 -33.440063536 -41.411519688
v -132.835660665 -30.997560302 -43.259906184
v -130.777780551 -33.592333770 -41.454375298
v -132.623483059 -31.444775897 -43.422357861
v -132.352683228 -31.826672594 -43.561082359
v -132.041256503 -32.143470155 -43.676159506
v -131.664373214 -32.423092091 -43.777732557
v -132.959582859 -29.450927209 -45.722024470
v -131.223349269 -32.651741436 -43.860789744
v -130.777780551 -32.800422024 -43.914798171
v -132.835660665 -29.893737072 -45.928342177
v -132.623483059 -30.325027318 -46.129292568
v -132.352683228 -30.693324673 -46.300892778
v -132.041256503 -30.998841071 -46.443241556
v -131.664373214 -31.268505669 -46.568885961
v -132.959582859 -28.153303714 -48.218586838
v -131.223349269 -31.489012810 -46.671626508
v -132.835660665 -28.576603139 -48.462441647
v -130.777780551 -31.632398882 -46.738434156
v -132.623483059 -28.988890508 -48.699952617
v -132.352683228 -29.340960486 -48.902773486
v -132.041256503 -29.633015669 -49.071020964
v -131.664373214 -29.890798702 -49.219524903
v -132.959582859 -26.858050347 -50.283768774
v -131.223349269 -30.101590181 -49.340957895
v -132.835660665 -27.261874971 -50.558674657
v -130.777780551 -30.238658586 -49.419920416
v -132.623483059 -27.655194171 -50.826428914
v -132.352683228 -27.991066411 -51.055075830
v -132.041256503 -28.269684967 -51.244746978
v -131.664373214 -28.515608136 -51.412160558
v -131.223349269 -28.716701699 -51.549056132
v -132.959582859 -24.915885002 -52.853051181
v -130.777780551 -28.847463978 -51.638073288
v -132.835660665 -25.290508169 -53.166587549
v -132.623483059 -25.655385584 -53.471967326
v -132.352683228 -25.966970155 -53.732744297
v -132.041256503 -26.225441184 -53.949068525
v -132.959582859 -23.564423220 -54.368929954
v -131.664373214 -26.453581102 -54.140007494
v -132.835660665 -23.918726463 -54.705258340
v -131.223349269 -26.640133142 -54.296139987
v -132.623483059 -24.263812573 -55.032837205
v -130.777780551 -26.761439709 -54.397666063
v -132.352683228 -24.558496495 -55.312570936
v -132.041256503 -24.802947804 -55.544620503
v -131.664373214 -25.018713192 -55.749439471
v -131.223349269 -25.195146468 -55.916921762
v -130.777780551 -25.309873249 -56.025828113
v -132.959582859 -20.924154310 -56.856203158
v -132.835660665 -21.238759750 -57.229928978
v -132.623483059 -21.545180787 -57.593932390
v -132.352683228 -21.806846935 -57.904770612
v -132.959582859 -19.656811627 -57.870075872
v -132.041256503 -22.023908769 -58.162622517
v -132.835660665 -19.952361917 -58.259045791
v -131.664373214 -22.215498786 -58.390215964
v -132.623483059 -20.240223521 -58.637896729
v -131.223349269 -22.372163648 -58.576321149
v -132.352683228 -20.486040967 -58.961413895
v -130.777780551 -22.474035901 -58.697337147
v -132.041256503 -20.689955712 -59.229783456
v -131.664373214 -20.869941427 -59.466660331
v -131.223349269 -21.017117348 -59.660356659
v -130.777780551 -21.112819360 -59.786308842
v -132.959582859 -16.298958650 -60.106849982
v -132.835660665 -16.544021890 -60.529450952
v -132.623483059 -16.782709856 -60.941058035
v -132.352683228 -16.986535810 -61.292547088
v -132.041256503 -17.155617045 -61.584120372
v -131.664373214 -17.304856901 -61.841478056
v -131.223349269 -17.426891659 -62.051921723
v -130.777780551 -17.506245482 -62.188763962
v -132.835660665 -11.348424683 -62.965262620
v -132.623483059 -11.512153456 -63.412012243
v -132.352683228 -11.651968521 -63.793511025
v -132.041256503 -11.767950334 -64.109978501
v -131.664373214 -11.870321890 -64.389309087
v -131.223349269 -11.954032022 -64.617720192
v -130.777780551 -12.008465031 -64.766245864
v -132.959582859 -5.723209995 -63.982744353
v -132.835660665 -5.809261406 -64.463621391
v -132.623483059 -5.893074205 -64.931988502
v -132.352683228 -5.964645571 -65.331947392
v -132.041256503 -6.024016690 -65.663728215
v -131.664373214 -6.076420715 -65.956575154
v -131.223349269 -6.119271952 -66.196038702
v -130.777780551 -6.147136223 -66.351751290
v -59.500000000 -0.100000000 -3.000172414
v -59.500000000 -5.123312000 -3.456144722
v -59.500000000 -9.991635745 -4.775613595
v -59.500000000 -14.557696776 -6.918663023
v -59.500000000 -18.683364558 -9.820462386
v -59.500000000 -22.243831145 -13.393227684
v -59.500000000 -25.131386815 -17.528877143
v -59.500000000 -27.258678464 -22.102300853
v -59.500000000 -28.561352169 -26.975145547
v -59.500000000 -29.000000000 -32.000000000
v -59.500000000 -28.561352169 -37.024854453
v -59.500000000 -27.258678464 -41.897699147
v -59.500000000 -25.131386815 -46.471122857
v -59.500000000 -22.243831145 -50.606772316
v -59.500000000 -18.683364558 -54.179537614
v -59.500000000 -14.557696776 -57.081336977
v -59.500000000 -9.991635745 -59.224386405
v -59.500000000 -5.123312000 -60.543855278
v -59.500000000 -0.100000000 -60.999827586
v -59.500000000 -0.100000000 -57.999807692
v -59.500000000 -0.100000000 -6.000192308
v -59.500000000 -4.602364746 -6.410583462
v -59.500000000 -8.965571213 -7.594702771
v -59.500000000 -13.057692371 -9.516746900
v -59.500000000 -16.754997797 -12.118600431
v -59.500000000 -19.945694816 -15.321593053
v -59.500000000 -22.533308697 -19.028878261
v -59.500000000 -24.439599682 -23.128361629
v -59.500000000 -25.606928669 -27.496090128
v -59.500000000 -26.000000000 -32.000000000
v -59.500000000 -25.606928669 -36.503909872
v -59.500000000 -24.439599682 -40.871638371
v -59.500000000 -22.533308697 -44.971121739
v -59.500000000 -19.945694816 -48.678406947
v -59.500000000 -16.754997797 -51.881399569
v -59.500000000 -13.057692371 -54.483253100
v -59.500000000 -8.965571213 -56.405297229
v -59.500000000 -4.602364746 -57.589416538
v -59.500000000 -0.100000000 -6.000192308
v -59.500000000 -4.602364746 -6.410583462
v -59.500000000 -8.965571213 -7.594702771
v -59.500000000 -13.057692371 -9.516746900
v -59.500000000 -16.754997797 -12.118600431
v -59.500000000 -19.945694816 -15.321593053
v -59.500000000 -22.533308697 -19.028878261
v -59.500000000 -24.439599682 -23.128361629
v -59.500000000 -25.606928669 -27.496090128
v -59.500000000 -26.000000000 -32.000000000
v -59.500000000 -25.606928669 -36.503909872
v -59.500000000 -24.439599682 -40.871638371
v -59.500000000 -22.533308697 -44.971121739
v -59.500000000 -19.945694816 -48.678406947
v -59.500000000 -16.754997797 -51.881399569
v -59.500000000 -13.057692371 -54.483253100
v -59.500000000 -8.965571213 -56.405297229
v -59.500000000 -4.602364746 -57.589416538
v -59.500000000 -0.100000000 -57.999807692
v -55.500000000 -0.100000000 -57.999807692
v -55.500000000 -0.100000000 -6.000192308
v -55.500000000 -4.602364746 -6.410583462
v -55.500000000 -8.965571213 -7.594702771
v -55.500000000 -13.057692371 -9.516746900
v -55.500000000 -16.754997797 -12.118600431
v -55.500000000 -19.945694816 -15.321593053
v -55.500000000 -22.533308697 -19.028878261
v -55.500000000 -24.439599682 -23.128361629
v -55.500000000 -25.606928669 -27.496090128
v -55.500000000 -26.000000000 -32.000000000
v -55.500000000 -25.606928669 -36.503909872
v -55.500000000 -24.439599682 -40.871638371
v -55.500000000 -22.533308697 -44.971121739
v -55.500000000 -19.945694816 -48.678406947
v -55.500000000 -16.754997797 -51.881399569
v -55.500000000 -13.057692371 -54.483253100
v -55.500000000 -8.965571213 -56.405297229
v -55.500000000 -4.602364746 -57.589416538
v -130.000000000 -0.100000000 2.999857143
v -130.000000000 -6.165205110 2.452724797
v -130.000000000 -12.043762702 0.862558938
v -130.000000000 -17.557703324 -1.722499212
v -130.000000000 -22.540096062 -5.224188723
v -130.000000000 -26.840102262 -9.536498257
v -130.000000000 -30.327542073 -14.528875485
v -130.000000000 -32.896835556 -20.050179482
v -130.000000000 -34.470199045 -25.933256411
v -130.000000000 -35.000000000 -32.000000000
v -130.000000000 -34.470199045 -38.066743589
v -130.000000000 -32.896835556 -43.949820518
v -130.000000000 -30.327542073 -49.471124515
v -130.000000000 -26.840102262 -54.463501743
v -130.000000000 -22.540096062 -58.775811277
v -130.000000000 -17.557703324 -62.277500788
v -130.000000000 -12.043762702 -64.862558938
v -130.000000000 -6.165205110 -66.452724797
v -130.000000000 -0.100000000 -66.999857143
v -127.000000000 -0.100000000 -63.999843750
v -127.040417128 -0.100000000 -64.490630550
v -127.164339347 -0.100000000 -64.979148357
v -127.376516942 -0.100000000 -65.454957650
v -127.647316787 -0.100000000 -65.861271593
v -127.958743484 -0.100000000 -66.198324155
v -128.335626814 -0.100000000 -66.495824165
v -128.776650741 -0.100000000 -66.739092571
v -129.222219442 -0.100000000 -66.897279258
v -129.605105345 -0.100000000 -66.973753177
v -127.000000000 -5.249193917 -63.566532380
v -127.000000000 -10.261556496 -62.310071732
v -127.000000000 -15.006210081 -60.263292033
v -127.000000000 -19.359885058 -57.479301682
v -127.000000000 -23.208478124 -54.031034434
v -127.000000000 -26.452349296 -50.007588769
v -127.000000000 -29.006060340 -45.514748762
v -127.000000000 -30.803270102 -40.669405316
v -127.000000000 -31.797139665 -35.597477053
v -127.000000000 -31.961576989 -30.432349351
v -127.000000000 -31.292331677 -25.307465675
v -127.000000000 -29.806954558 -20.357602031
v -127.000000000 -27.544180642 -15.711410452
v -127.000000000 -24.562778778 -11.489762717
v -127.000000000 -20.941204899 -7.803598018
v -127.000000000 -16.773031785 -4.748111221
v -127.000000000 -12.167827895 -2.403649964
v -127.000000000 -7.245294425 -0.831013106
v -127.000000000 -3.695902082 -0.214150156
v -127.000000000 -0.100000000 -0.000156250
v -127.040417128 -0.100000000 0.490630549
v -127.164339346 -0.100000000 0.979148355
v -127.376516940 -0.100000000 1.454957646
v -127.647316784 -0.100000000 1.861271589
v -127.958743479 -0.100000000 2.198324150
v -128.335626806 -0.100000000 2.495824160
v -128.776650735 -0.100000000 2.739092568
v -129.222219437 -0.100000000 2.897279257
v -129.605105343 -0.100000000 2.973753176
v -129.605105336 -4.039369862 2.739846024
v -128.776650737 -4.012267446 2.506756762
v -128.335626793 -3.984170865 2.265117361
v -127.958743502 -3.949810738 1.969609504
v -129.605105336 -6.160606947 2.427029101
v -127.647316776 -3.910882445 1.634813996
v -127.376516943 -3.863954728 1.231220929
v -128.776650737 -6.119271953 2.196038705
v -127.164339336 -3.809000582 0.758598057
v -128.335626793 -6.076420716 1.956575159
v -129.605105336 -7.918632543 2.065652339
v -127.040417141 -3.752578628 0.273351588
v -127.958743502 -6.024016691 1.663728220
v -127.647316776 -5.964645572 1.331947396
v -128.776650737 -7.865501962 1.837086624
v -127.376516943 -5.893074205 0.931988506
v -128.335626793 -7.810422454 1.600136702
v -127.164339336 -5.809261406 0.463621394
v -127.958743502 -7.743064120 1.310363744
v -127.040417141 -5.723209995 -0.017255646
v -127.647316776 -7.666750523 0.982065588
v -127.376516943 -7.574755147 0.586305022
v -127.164339336 -7.467025054 0.122854309
v -127.040417141 -7.356417526 -0.352975017
v -129.605105336 -12.034780165 0.838049227
v -128.776650737 -11.954032023 0.617720195
v -128.335626793 -11.870321892 0.389309092
v -127.958743502 -11.767950336 0.109978506
v -127.647316776 -11.651968522 -0.206488971
v -127.376516943 -11.512153457 -0.587987754
v -127.164339336 -11.348424684 -1.034737378
v -127.040417141 -11.180322771 -1.493419532
v -129.605105336 -17.544608354 -1.745080923
v -128.776650737 -17.426891660 -1.948078275
v -128.335626793 -17.304856904 -2.158521940
v -127.958743502 -17.155617048 -2.415879624
v -127.647316776 -16.986535812 -2.707452909
v -127.376516943 -16.782709857 -3.058941962
v -127.164339336 -16.544021892 -3.470549046
v -127.040417141 -16.298958651 -3.893150017
v -129.605105336 -22.523285099 -5.244158787
v -128.776650737 -22.372163650 -5.423678848
v -128.335626793 -22.215498789 -5.609784033
v -127.958743502 -22.023908772 -5.837377480
v -127.647316776 -21.806846938 -6.095229384
v -127.376516943 -21.545180789 -6.406067608
v -127.164339336 -21.238759751 -6.770071020
v -127.040417141 -20.924154310 -7.143796841
v -129.605105336 -26.820084248 -9.553252093
v -128.776650737 -26.640133144 -9.703860012
v -128.335626793 -26.453581106 -9.859992503
v -127.958743502 -26.225441188 -10.050931472
v -127.647316776 -25.966970159 -10.267255700
v -127.376516943 -25.655385587 -10.528032672
v -127.164339336 -25.290508171 -10.833412449
v -127.040417141 -24.915885003 -11.146948818
v -129.605105336 -30.103979530 -14.197645461
v -128.776650737 -29.901994916 -14.317091519
v -128.335626793 -29.692601139 -14.440919077
v -127.958743502 -29.436527394 -14.592351402
v -127.647316776 -29.146408746 -14.763916593
v -127.376516943 -28.796673246 -14.970736936
v -127.164339336 -28.387119639 -15.212931445
v -127.040417141 -27.966626993 -15.461594886
v -129.605105336 -32.577042237 -19.275624582
v -128.776650737 -32.358464448 -19.360999608
v -128.335626793 -32.131868827 -19.449506347
v -127.958743502 -31.854758447 -19.557743813
v -127.647316776 -31.540806352 -19.680371407
v -127.376516943 -31.162339839 -19.828197903
v -127.164339336 -30.719141120 -20.001308366
v -127.040417141 -30.264104713 -20.179042552
v -128.776650737 -33.970989577 -24.734573690
v -128.335626793 -33.733101976 -24.785451066
v -127.958743502 -33.442182305 -24.847670491
v -127.647316776 -33.112584980 -24.918161964
v -127.376516943 -32.715258278 -25.003138819
v -127.164339336 -32.249973558 -25.102649958
v -127.040417141 -31.772261240 -25.204819005
v -128.776650737 -34.697525938 -30.298163910
v -128.335626793 -34.454550644 -30.310081305
v -129.605105336 -34.973896132 -32.000000000
v -127.958743502 -34.157409084 -30.324655434
v -127.647316776 -33.820762672 -30.341167188
v -128.776650737 -34.739236496 -32.000000000
v -127.376516943 -33.414938358 -30.361071964
v -128.335626793 -34.495969116 -32.000000000
v -127.164339336 -32.939702610 -30.384381215
v -127.958743502 -34.198470357 -32.000000000
v -127.040417141 -32.451773476 -30.408313048
v -127.647316776 -33.861419256 -32.000000000
v -127.376516943 -33.455107092 -32.000000000
v -127.164339336 -32.979300054 -32.000000000
v -129.605105336 -34.752185110 -35.931798666
v -127.040417141 -32.490784372 -32.000000000
v -128.776650737 -34.519013058 -35.905418007
v -128.335626793 -34.277287830 -35.878069656
v -127.958743502 -33.981675013 -35.844624563
v -129.605105336 -34.444490316 -38.062218861
v -127.647316776 -33.646760590 -35.806732958
v -127.376516943 -33.243024173 -35.761054958
v -128.776650737 -34.213382763 -38.021544009
v -127.164339336 -32.770233432 -35.707564278
v -128.335626793 -33.973797763 -37.979377128
v -127.040417141 -32.284814611 -35.652644880
v -127.958743502 -33.680802293 -37.927810023
v -127.647316776 -33.348853192 -37.869387091
v -127.376516943 -32.948691444 -37.798958756
v -127.164339336 -32.480086779 -37.716484491
v -129.605105336 -33.665947407 -41.475093447
v -127.040417141 -31.998965841 -37.631807365
v -128.776650737 -33.440063538 -41.411519689
v -128.335626793 -33.205893837 -41.345613931
v -127.958743502 -32.919520893 -41.265015860
v -127.647316776 -32.595074781 -41.173702308
v -129.605105336 -32.872300280 -43.940908046
v -127.376516943 -32.203957821 -41.063624618
v -127.164339336 -31.745944946 -40.934719444
v -128.776650737 -32.651741438 -43.860789745
v -127.040417141 -31.275698702 -40.802371257
v -128.335626793 -32.423092096 -43.777732558
v -127.958743502 -32.143470159 -43.676159508
v -127.647316776 -31.826672598 -43.561082360
v -127.376516943 -31.444775900 -43.422357862
v -129.605105336 -31.701717553 -46.770731697
v -127.164339336 -30.997560304 -43.259906185
v -128.776650737 -31.489012812 -46.671626510
v -127.040417141 -30.538399730 -43.093115478
v -128.335626793 -31.268505674 -46.568885963
v -127.958743502 -30.998841075 -46.443241559
v -127.647316776 -30.693324676 -46.300892781
v -127.376516943 -30.325027321 -46.129292570
v -129.605105336 -30.304923040 -49.458094117
v -127.164339336 -29.893737074 -45.928342179
v -128.776650737 -30.101590183 -49.340957897
v -127.040417141 -29.450927209 -45.722024471
v -128.335626793 -29.890798706 -49.219524906
v -127.958743502 -29.633015673 -49.071020966
v -127.647316776 -29.340960489 -48.902773488
v -129.605105336 -28.910679792 -51.681107810
v -127.376516943 -28.988890511 -48.699952619
v -127.164339336 -28.576603141 -48.462441648
v -128.776650737 -28.716701701 -51.549056134
v -127.040417141 -28.153303715 -48.218586839
v -128.335626793 -28.515608140 -51.412160561
v -127.958743502 -28.269684971 -51.244746981
v -127.647316776 -27.991066415 -51.055075833
v -127.376516943 -27.655194174 -50.826428916
v -127.164339336 -27.261874972 -50.558674659
v -129.605105336 -26.820084248 -54.446747907
v -127.040417141 -26.858050347 -50.283768775
v -128.776650737 -26.640133144 -54.296139988
v -128.335626793 -26.453581106 -54.140007497
v -127.958743502 -26.225441188 -53.949068528
v -129.605105336 -25.365336851 -56.078477882
v -127.647316776 -25.966970159 -53.732744300
v -127.376516943 -25.655385587 -53.471967328
v -128.776650737 -25.195146470 -55.916921764
v -127.164339336 -25.290508171 -53.166587551
v -128.335626793 -25.018713195 -55.749439474
v -127.040417141 -24.915885003 -52.853051182
v -127.958743502 -24.802947807 -55.544620507
v -127.647316776 -24.558496498 -55.312570939
v -127.376516943 -24.263812575 -55.032837208
v -127.164339336 -23.918726465 -54.705258342
v -129.605105336 -22.523285099 -58.755841212
v -127.040417141 -23.564423221 -54.368929955
v -128.776650737 -22.372163650 -58.576321152
v -128.335626793 -22.215498789 -58.390215967
v -129.605105336 -21.159085613 -59.847199261
v -127.958743502 -22.023908772 -58.162622520
v -127.647316776 -21.806846938 -57.904770616
v -128.776650737 -21.017117349 -59.660356662
v -127.376516943 -21.545180789 -57.593932392
v -128.335626793 -20.869941430 -59.466660336
v -127.164339336 -21.238759751 -57.229928980
v -127.958743502 -20.689955714 -59.229783460
v -127.040417141 -20.924154310 -56.856203159
v -127.647316776 -20.486040969 -58.961413899
v -127.376516943 -20.240223522 -58.637896732
v -127.164339336 -19.952361918 -58.259045793
v -127.040417141 -19.656811628 -57.870075874
v -129.605105336 -17.544608354 -62.254919077
v -128.776650737 -17.426891660 -62.051921725
v -128.335626793 -17.304856904 -61.841478060
v -127.958743502 -17.155617048 -61.584120376
v -127.647316776 -16.986535813 -61.292547091
v -127.376516943 -16.782709857 -60.941058038
v -127.164339336 -16.544021892 -60.529450954
v -127.040417141 -16.298958651 -60.106849983
v -129.605105336 -12.034780165 -64.838049227
v -128.776650737 -11.954032023 -64.617720195
v -128.335626793 -11.870321892 -64.389309092
v -127.958743502 -11.767950336 -64.109978506
v -127.647316776 -11.651968522 -63.793511029
v -127.376516943 -11.512153457 -63.412012246
v -127.164339336 -11.348424684 -62.965262622
v -127.040417141 -11.180322771 -62.506580467
v -129.605105336 -6.160606947 -66.427029101
v -128.776650737 -6.119271953 -66.196038705
v -128.335626793 -6.076420716 -65.956575159
v -127.958743502 -6.024016691 -65.663728220
v -127.647316776 -5.964645572 -65.331947396
v -127.376516943 -5.893074205 -64.931988506
v -127.164339336 -5.809261406 -64.463621394
v -127.040417141 -5.723209995 -63.982744354
v -55.500000000 -0.100000000 -63.999843750
v -55.500000000 -0.100000000 -57.999807692
v -55.500000000 -0.100000000 -0.000156250
v -55.500000000 -5.644258744 -0.501708884
v -55.500000000 -11.017699509 -1.956526540
v -55.500000000 -16.057700357 -4.320580583
v -55.500000000 -20.611730584 -7.522325226
v -55.500000000 -24.541966912 -11.464862793
v -55.500000000 -27.729464577 -16.028876236
v -55.500000000 -30.077757074 -21.076240143
v -55.500000000 -31.515775624 -26.454200976
v -55.500000000 -32.000000000 -32.000000000
v -55.500000000 -31.515775624 -37.545799024
v -55.500000000 -30.077757074 -42.923759857
v -55.500000000 -27.729464577 -47.971123764
v -55.500000000 -24.541966912 -52.535137207
v -55.500000000 -20.611730584 -56.477674774
v -55.500000000 -16.057700357 -59.679419417
v -55.500000000 -11.017699509 -62.043473460
v -55.500000000 -5.644258744 -63.498291116
v -55.500000000 -0.100000000 -6.000192308
v -55.500000000 -4.602364746 -6.410583462
v -55.500000000 -8.965571213 -7.594702771
v -55.500000000 -13.057692371 -9.516746900
v -55.500000000 -16.754997797 -12.118600431
v -55.500000000 -19.945694816 -15.321593053
v -55.500000000 -22.533308697 -19.028878261
v -55.500000000 -24.439599682 -23.128361629
v -55.500000000 -25.606928669 -27.496090128
v -55.500000000 -26.000000000 -32.000000000
v -55.500000000 -25.606928669 -36.503909872
v -55.500000000 -24.439599682 -40.871638371
v -55.500000000 -22.533308697 -44.971121739
v -55.500000000 -19.945694816 -48.678406947
v -55.500000000 -16.754997797 -51.881399569
v -55.500000000 -13.057692371 -54.483253100
v -55.500000000 -8.965571213 -56.405297229
v -55.500000000 -4.602364746 -57.589416538
v -127.000000000 -0.100000000 -63.999843750
v -127.000000000 -5.249193917 -63.566532380
v -127.000000000 -10.261556496 -62.310071732
v -127.000000000 -15.006210081 -60.263292033
v -127.000000000 -19.359885058 -57.479301682
v -127.000000000 -23.208478124 -54.031034434
v -127.000000000 -26.452349296 -50.007588769
v -127.000000000 -29.006060340 -45.514748762
v -127.000000000 -30.803270102 -40.669405316
v -127.000000000 -31.797139665 -35.597477053
v -127.000000000 -31.961576989 -30.432349351
v -127.000000000 -31.292331677 -25.307465675
v -127.000000000 -29.806954558 -20.357602031
v -127.000000000 -27.544180642 -15.711410452
v -127.000000000 -24.562778778 -11.489762717
v -127.000000000 -20.941204899 -7.803598018
v -127.000000000 -16.773031785 -4.748111221
v -127.000000000 -12.167827895 -2.403649964
v -127.000000000 -7.245294425 -0.831013106
v -127.000000000 -3.695902082 -0.214150156
v -127.000000000 -0.100000000 -0.000156250
v -123.000000000 -0.100000000 -63.999843750
v -123.000000000 -5.249193918 -63.566532380
v -123.000000000 -10.261556496 -62.310071732
v -123.000000000 -15.006210081 -60.263292033
v -123.000000000 -19.359885059 -57.479301682
v -123.000000000 -23.208478125 -54.031034434
v -123.000000000 -26.452349297 -50.007588769
v -123.000000000 -29.006060340 -45.514748761
v -123.000000000 -30.803270103 -40.669405315
v -123.000000000 -31.797139665 -35.597477052
v -123.000000000 -31.961576989 -30.432349351
v -123.000000000 -31.292331677 -25.307465674
v -123.000000000 -29.806954557 -20.357602030
v -123.000000000 -27.544180642 -15.711410451
v -123.000000000 -24.562778778 -11.489762716
v -123.000000000 -20.941204898 -7.803598017
v -123.000000000 -16.773031783 -4.748111220
v -123.000000000 -12.167827894 -2.403649964
v -123.000000000 -7.245294423 -0.831013106
v -123.000000000 -3.695902082 -0.214150156
v -123.000000000 -0.100000000 -0.000156250
v -55.500000000 -0.100000000 -0.000156250
v -55.500000000 -5.644258744 -0.501708884
v -55.500000000 -11.017699509 -1.956526540
v -55.500000000 -16.057700357 -4.320580583
v -55.500000000 -20.611730584 -7.522325226
v -55.500000000 -24.541966912 -11.464862793
v -55.500000000 -27.729464577 -16.028876236
v -55.500000000 -30.077757074 -21.076240143
v -55.500000000 -31.515775624 -26.454200976
v -55.500000000 -32.000000000 -32.000000000
v -55.500000000 -31.515775624 -37.545799024
v -55.500000000 -30.077757074 -42.923759857
v -55.500000000 -27.729464577 -47.971123764
v -55.500000000 -24.541966912 -52.535137207
v -55.500000000 -20.611730584 -56.477674774
v -55.500000000 -16.057700357 -59.679419417
v -55.500000000 -11.017699509 -62.043473460
v -55.500000000 -5.644258744 -63.498291116
v -55.500000000 -0.100000000 -63.999843750
v -60.000000000 -0.100000000 -0.000156250
v -60.000000000 -5.644258744 -0.501708884
v -60.000000000 -11.017699509 -1.956526540
v -60.000000000 -16.057700357 -4.320580583
v -60.000000000 -20.611730584 -7.522325226
v -60.000000000 -24.541966912 -11.464862793
v -60.000000000 -27.729464577 -16.028876236
v -60.000000000 -30.077757074 -21.076240143
v -60.000000000 -31.515775624 -26.454200976
v -60.000000000 -32.000000000 -32.000000000
v -60.000000000 -31.515775624 -37.545799024
v -60.000000000 -30.077757074 -42.923759857
v -60.000000000 -27.729464577 -47.971123764
v -60.000000000 -24.541966912 -52.535137207
v -60.000000000 -20.611730584 -56.477674774
v -60.000000000 -16.057700357 -59.679419417
v -60.000000000 -11.017699509 -62.043473460
v -60.000000000 -5.644258744 -63.498291116
v -60.000000000 -0.100000000 -63.999843750
v -123.000000000 -0.100000000 -63.999843750
v -123.000000000 -5.249193918 -63.566532380
v -123.000000000 -10.261556496 -62.310071732
v -123.000000000 -15.006210081 -60.263292033
v -123.000000000 -19.359885059 -57.479301682
v -123.000000000 -23.208478125 -54.031034434
v -123.000000000 -26.452349297 -50.007588769
v -123.000000000 -29.006060340 -45.514748761
v -123.000000000 -30.803270103 -40.669405315
v -123.000000000 -31.797139665 -35.597477052
v -123.000000000 -31.961576989 -30.432349351
v -123.000000000 -31.292331677 -25.307465674
v -123.000000000 -29.806954557 -20.357602030
v -123.000000000 -27.544180642 -15.711410451
v -123.000000000 -24.562778778 -11.489762716
v -123.000000000 -20.941204898 -7.803598017
v -123.000000000 -16.773031783 -4.748111220
v -123.000000000 -12.167827894 -2.403649964
v -123.000000000 -7.245294423 -0.831013106
v -123.000000000 -3.695902082 -0.214150156
v -123.000000000 -0.100000000 -0.000156250
v -122.959582872 -0.100000000 -64.490630550
v -122.835660653 -0.100000000 -64.979148357
v -122.623483057 -0.100000000 -65.454957650
v -122.352683213 -0.100000000 -65.861271593
v -122.041256516 -0.100000000 -66.198324155
v -121.664373186 -0.100000000 -66.495824165
v -121.223349259 -0.100000000 -66.739092571
v -120.777780558 -0.100000000 -66.897279258
v -120.394894655 -0.100000000 -66.973753177
v -120.000000000 -0.100000000 -66.999857143
v -120.000000000 -0.100000000 2.999857143
v -120.000000000 -6.165205110 2.452724797
v -120.000000000 -12.043762702 0.862558938
v -120.000000000 -17.557703324 -1.722499212
v -120.000000000 -22.540096062 -5.224188723
v -120.000000000 -26.840102262 -9.536498257
v -120.000000000 -30.327542073 -14.528875485
v -120.000000000 -32.896835556 -20.050179482
v -120.000000000 -34.470199045 -25.933256411
v -120.000000000 -35.000000000 -32.000000000
v -120.000000000 -34.470199045 -38.066743589
v -120.000000000 -32.896835556 -43.949820518
v -120.000000000 -30.327542073 -49.471124515
v -120.000000000 -26.840102262 -54.463501743
v -120.000000000 -22.540096062 -58.775811277
v -120.000000000 -17.557703324 -62.277500788
v -120.000000000 -12.043762702 -64.862558938
v -120.000000000 -6.165205110 -66.452724797
v -122.959582872 -0.100000000 0.490630549
v -122.835660654 -0.100000000 0.979148355
v -122.623483059 -0.100000000 1.454957646
v -122.352683216 -0.100000000 1.861271589
v -122.041256521 -0.100000000 2.198324150
v -121.664373193 -0.100000000 2.495824160
v -121.223349265 -0.100000000 2.739092568
v -120.777780563 -0.100000000 2.897279257
v -120.394894657 -0.100000000 2.973753176
v -122.959582859 -3.752578628 0.273351587
v -122.835660665 -3.809000581 0.758598055
v -122.623483059 -3.863954727 1.231220925
v -122.352683228 -3.910882444 1.634813991
v -122.041256503 -3.949810736 1.969609500
v -122.959582859 -5.723209995 -0.017255647
v -121.664373214 -3.984170864 2.265117357
v -122.835660665 -5.809261406 0.463621391
v -121.223349269 -4.012267445 2.506756760
v -122.623483059 -5.893074205 0.931988502
v -120.777780551 -4.030537414 2.663884210
v -122.352683228 -5.964645571 1.331947392
v -122.959582859 -7.356417525 -0.352975018
v -122.041256503 -6.024016690 1.663728215
v -122.835660665 -7.467025052 0.122854307
v -121.664373214 -6.076420715 1.956575154
v -122.623483059 -7.574755145 0.586305019
v -121.223349269 -6.119271952 2.196038702
v -122.352683228 -7.666750521 0.982065584
v -120.777780551 -6.147136223 2.351751290
v -122.041256503 -7.743064118 1.310363740
v -121.664373214 -7.810422451 1.600136697
v -121.223349269 -7.865501959 1.837086622
v -120.777780551 -7.901317735 1.991164711
v -122.959582859 -11.180322770 -1.493419534
v -122.835660665 -11.348424683 -1.034737380
v -122.623483059 -11.512153456 -0.587987757
v -122.352683228 -11.651968521 -0.206488975
v -122.041256503 -11.767950334 0.109978501
v -121.664373214 -11.870321890 0.389309087
v -121.223349269 -11.954032022 0.617720192
v -120.777780551 -12.008465031 0.766245864
v -122.835660665 -16.544021890 -3.470549048
v -122.623483059 -16.782709856 -3.058941965
v -122.352683228 -16.986535810 -2.707452912
v -122.041256503 -17.155617045 -2.415879628
v -121.664373214 -17.304856901 -2.158521944
v -121.223349269 -17.426891659 -1.948078277
v -120.777780551 -17.506245482 -1.811236038
v -122.959582859 -20.924154310 -7.143796842
v -122.835660665 -21.238759750 -6.770071022
v -122.623483059 -21.545180787 -6.406067610
v -122.352683228 -21.806846935 -6.095229388
v -122.041256503 -22.023908769 -5.837377483
v -121.664373214 -22.215498786 -5.609784036
v -121.223349269 -22.372163648 -5.423678851
v -120.777780551 -22.474035901 -5.302662853
v -122.959582859 -24.915885002 -11.146948819
v -122.835660665 -25.290508169 -10.833412451
v -122.623483059 -25.655385584 -10.528032674
v -122.352683228 -25.966970155 -10.267255703
v -122.041256503 -26.225441184 -10.050931475
v -121.664373214 -26.453581102 -9.859992506
v -121.223349269 -26.640133142 -9.703860013
v -120.777780551 -26.761439709 -9.602333937
v -122.959582859 -27.966626992 -15.461594886
v -122.835660665 -28.387119636 -15.212931445
v -122.623483059 -28.796673243 -14.970736937
v -122.352683228 -29.146408742 -14.763916595
v -122.041256503 -29.436527389 -14.592351403
v -121.664373214 -29.692601134 -14.440919079
v -121.223349269 -29.901994913 -14.317091520
v -120.777780551 -30.038154457 -14.236571917
v -122.959582859 -30.264104712 -20.179042551
v -122.835660665 -30.719141118 -20.001308366
v -122.623483059 -31.162339836 -19.828197903
v -122.352683228 -31.540806348 -19.680371408
v -122.041256503 -31.854758442 -19.557743814
v -121.664373214 -32.131868822 -19.449506347
v -121.223349269 -32.358464445 -19.360999608
v -120.777780551 -32.505809588 -19.303447578
v -122.959582859 -31.772261239 -25.204819004
v -122.835660665 -32.249973555 -25.102649957
v -122.623483059 -32.715258274 -25.003138819
v -122.352683228 -33.112584975 -24.918161964
v -122.041256503 -33.442182300 -24.847670491
v -121.664373214 -33.733101971 -24.785451066
v -121.223349269 -33.970989574 -24.734573689
v -120.777780551 -34.125677395 -24.701490374
v -122.959582859 -32.451773475 -30.408313048
v -122.835660665 -32.939702607 -30.384381214
v -122.623483059 -33.414938354 -30.361071963
v -122.352683228 -33.820762668 -30.341167188
v -122.959582859 -32.490784370 -32.000000000
v -122.041256503 -34.157409079 -30.324655434
v -122.835660665 -32.979300052 -32.000000000
v -121.664373214 -34.454550639 -30.310081304
v -122.623483059 -33.455107089 -32.000000000
v -121.223349269 -34.697525935 -30.298163909
v -122.352683228 -33.861419251 -32.000000000
v -120.777780551 -34.855522059 -30.290414552
v -122.041256503 -34.198470352 -32.000000000
v -121.664373214 -34.495969111 -32.000000000
v -121.223349269 -34.739236493 -32.000000000
v -120.777780551 -34.897422547 -32.000000000
v -122.959582859 -32.284814610 -35.652644879
v -122.835660665 -32.770233430 -35.707564277
v -122.623483059 -33.243024169 -35.761054956
v -122.352683228 -33.646760586 -35.806732956
v -122.041256503 -33.981675009 -35.844624561
v -122.959582859 -31.998965840 -37.631807365
v -121.664373214 -34.277287826 -35.878069655
v -122.835660665 -32.480086776 -37.716484490
v -121.223349269 -34.519013055 -35.905418005
v -122.623483059 -32.948691441 -37.798958756
v -120.777780551 -34.676196316 -35.923201432
v -122.352683228 -33.348853187 -37.869387090
v -122.041256503 -33.680802288 -37.927810022
v -121.664373214 -33.973797758 -37.979377127
v -121.223349269 -34.213382760 -38.021544008
v -122.959582859 -31.275698702 -40.802371256
v -120.777780551 -34.369174324 -38.048963272
v -122.835660665 -31.745944944 -40.934719443
v -122.623483059 -32.203957818 -41.063624616
v -122.352683228 -32.595074777 -41.173702307
v -122.041256503 -32.919520889 -41.265015858
v -121.664373214 -33.205893833 -41.345613929
v -122.959582859 -30.538399729 -43.093115478
v -121.223349269 -33.440063536 -41.411519688
v -122.835660665 -30.997560302 -43.259906184
v -120.777780551 -33.592333770 -41.454375298
v -122.623483059 -31.444775897 -43.422357861
v -122.352683228 -31.826672594 -43.561082359
v -122.041256503 -32.143470155 -43.676159506
v -121.664373214 -32.423092091 -43.777732557
v -122.959582859 -29.450927209 -45.722024470
v -121.223349269 -32.651741436 -43.860789744
v -120.777780551 -32.800422024 -43.914798171
v -122.835660665 -29.893737072 -45.928342177
v -122.623483059 -30.325027318 -46.129292568
v -122.352683228 -30.693324673 -46.300892778
v -122.041256503 -30.998841071 -46.443241556
v -121.664373214 -31.268505669 -46.568885961
v -122.959582859 -28.153303714 -48.218586838
v -121.223349269 -31.489012810 -46.671626508
v -122.835660665 -28.576603139 -48.462441647
v -120.777780551 -31.632398882 -46.738434156
v -122.623483059 -28.988890508 -48.699952617
v -122.352683228 -29.340960486 -48.902773486
v -122.041256503 -29.633015669 -49.071020964
v -121.664373214 -29.890798702 -49.219524903
v -122.959582859 -26.858050347 -50.283768774
v -121.223349269 -30.101590181 -49.340957895
v -122.835660665 -27.261874971 -50.558674657
v -120.777780551 -30.238658586 -49.419920416
v -122.623483059 -27.655194171 -50.826428914
v -122.352683228 -27.991066411 -51.055075830
v -122.041256503 -28.269684967 -51.244746978
v -121.664373214 -28.515608136 -51.412160558
v -121.223349269 -28.716701699 -51.549056132
v -122.959582859 -24.915885002 -52.853051181
v -120.777780551 -28.847463978 -51.638073288
v -122.835660665 -25.290508169 -53.166587549
v -122.623483059 -25.655385584 -53.471967326
v -122.352683228 -25.966970155 -53.732744297
v -122.041256503 -26.225441184 -53.949068525
v -122.959582859 -23.564423220 -54.368929954
v -121.664373214 -26.453581102 -54.140007494
v -122.835660665 -23.918726463 -54.705258340
v -121.223349269 -26.640133142 -54.296139987
v -122.623483059 -24.263812573 -55.032837205
v -120.777780551 -26.761439709 -54.397666063
v -122.352683228 -24.558496495 -55.312570936
v -122.041256503 -24.802947804 -55.544620503
v -121.664373214 -25.018713192 -55.749439471
v -121.223349269 -25.195146468 -55.916921762
v -120.777780551 -25.309873249 -56.025828113
v -122.959582859 -20.924154310 -56.856203158
v -122.835660665 -21.238759750 -57.229928978
v -122.623483059 -21.545180787 -57.593932390
v -122.352683228 -21.806846935 -57.904770612
v -122.959582859 -19.656811627 -57.870075872
v -122.041256503 -22.023908769 -58.162622517
v -122.835660665 -19.952361917 -58.259045791
v -121.664373214 -22.215498786 -58.390215964
v -122.623483059 -20.240223521 -58.637896729
v -121.223349269 -22.372163648 -58.576321149
v -122.352683228 -20.486040967 -58.961413895
v -120.777780551 -22.474035901 -58.697337147
v -122.041256503 -20.689955712 -59.229783456
v -121.664373214 -20.869941427 -59.466660331
v -121.223349269 -21.017117348 -59.660356659
v -120.777780551 -21.112819360 -59.786308842
v -122.959582859 -16.298958650 -60.106849982
v -122.835660665 -16.544021890 -60.529450952
v -122.623483059 -16.782709856 -60.941058035
v -122.352683228 -16.986535810 -61.292547088
v -122.041256503 -17.155617045 -61.584120372
v -121.664373214 -17.304856901 -61.841478056
v -121.223349269 -17.426891659 -62.051921723
v -120.777780551 -17.506245482 -62.188763962
v -122.835660665 -11.348424683 -62.965262620
v -122.623483059 -11.512153456 -63.412012243
v -122.352683228 -11.651968521 -63.793511025
v -122.041256503 -11.767950334 -64.109978501
v -121.664373214 -11.870321890 -64.389309087
v -121.223349269 -11.954032022 -64.617720192
v -120.777780551 -12.008465031 -64.766245864
v -122.959582859 -5.723209995 -63.982744353
v -122.835660665 -5.809261406 -64.463621391
v -122.623483059 -5.893074205 -64.931988502
v -122.352683228 -5.964645571 -65.331947392
v -122.041256503 -6.024016690 -65.663728215
v -121.664373214 -6.076420715 -65.956575154
v -121.223349269 -6.119271952 -66.196038702
v -120.777780551 -6.147136223 -66.351751290
v -60.000000000 -0.100000000 -0.000156250
v -60.000000000 -5.644258744 -0.501708884
v -60.000000000 -11.017699509 -1.956526540
v -60.000000000 -16.057700357 -4.320580583
v -60.000000000 -20.611730584 -7.522325226
v -60.000000000 -24.541966912 -11.464862793
v -60.000000000 -27.729464577 -16.028876236
v -60.000000000 -30.077757074 -21.076240143
v -60.000000000 -31.515775624 -26.454200976
v -60.000000000 -32.000000000 -32.000000000
v -60.000000000 -31.515775624 -37.545799024
v -60.000000000 -30.077757074 -42.923759857
v -60.000000000 -27.729464577 -47.971123764
v -60.000000000 -24.541966912 -52.535137207
v -60.000000000 -20.611730584 -56.477674774
v -60.000000000 -16.057700357 -59.679419417
v -60.000000000 -11.017699509 -62.043473460
v -60.000000000 -5.644258744 -63.498291116
v -60.000000000 -0.100000000 -63.999843750
v -60.000000000 -0.100000000 -70.000000000
v -60.000000000 -40.000000000 -70.000000000
v -60.000000000 -40.000000000 10.000000000
v -60.000000000 -0.100000000 10.000000000
v -120.000000000 -0.100000000 2.999857143
v -120.000000000 -6.165205110 2.452724797
v -120.000000000 -12.043762702 0.862558938
v -120.000000000 -17.557703324 -1.722499212
v -120.000000000 -22.540096062 -5.224188723
v -120.000000000 -26.840102262 -9.536498257
v -120.000000000 -30.327542073 -14.528875485
v -120.000000000 -32.896835556 -20.050179482
v -120.000000000 -34.470199045 -25.933256411
v -120.000000000 -35.000000000 -32.000000000
v -120.000000000 -34.470199045 -38.066743589
v -120.000000000 -32.896835556 -43.949820518
v -120.000000000 -30.327542073 -49.471124515
v -120.000000000 -26.840102262 -54.463501743
v -120.000000000 -22.540096062 -58.775811277
v -120.000000000 -17.557703324 -62.277500788
v -120.000000000 -12.043762702 -64.862558938
v -120.000000000 -6.165205110 -66.452724797
v -120.000000000 -0.100000000 -66.999857143
v -117.000000000 -0.100000000 -63.999843750
v -117.040417128 -0.100000000 -64.490630550
v -117.164339347 -0.100000000 -64.979148357
v -117.376516942 -0.100000000 -65.454957650
v -117.647316787 -0.100000000 -65.861271593
v -117.958743484 -0.100000000 -66.198324155
v -118.335626814 -0.100000000 -66.495824165
v -118.776650741 -0.100000000 -66.739092571
v -119.222219442 -0.100000000 -66.897279258
v -119.605105345 -0.100000000 -66.973753177
v -117.000000000 -5.249193917 -63.566532380
v -117.000000000 -10.261556496 -62.310071732
v -117.000000000 -15.006210081 -60.263292033
v -117.000000000 -19.359885058 -57.479301682
v -117.000000000 -23.208478124 -54.031034434
v -117.000000000 -26.452349296 -50.007588769
v -117.000000000 -29.006060340 -45.514748762
v -117.000000000 -30.803270102 -40.669405316
v -117.000000000 -31.797139665 -35.597477053
v -117.000000000 -31.961576989 -30.432349351
v -117.000000000 -31.292331677 -25.307465675
v -117.000000000 -29.806954558 -20.357602031
v -117.000000000 -27.544180642 -15.711410452
v -117.000000000 -24.562778778 -11.489762717
v -117.000000000 -20.941204899 -7.803598018
v -117.000000000 -16.773031785 -4.748111221
v -117.000000000 -12.167827895 -2.403649964
v -117.000000000 -7.245294425 -0.831013106
v -117.000000000 -3.695902082 -0.214150156
v -117.000000000 -0.100000000 -0.000156250
v -117.040417128 -0.100000000 0.490630549
v -117.164339346 -0.100000000 0.979148355
v -117.376516940 -0.100000000 1.454957646
v -117.647316784 -0.100000000 1.861271589
v -117.958743479 -0.100000000 2.198324150
v -118.335626806 -0.100000000 2.495824160
v -118.776650735 -0.100000000 2.739092568
v -119.222219437 -0.100000000 2.897279257
v -119.605105343 -0.100000000 2.973753176
v -119.605105336 -4.039369862 2.739846024
v -118.776650737 -4.012267446 2.506756762
v -118.335626793 -3.984170865 2.265117361
v -117.958743502 -3.949810738 1.969609504
v -119.605105336 -6.160606947 2.427029101
v -117.647316776 -3.910882445 1.634813996
v -117.376516943 -3.863954728 1.231220929
v -118.776650737 -6.119271953 2.196038705
v -117.164339336 -3.809000582 0.758598057
v -118.335626793 -6.076420716 1.956575159
v -119.605105336 -7.918632543 2.065652339
v -117.040417141 -3.752578628 0.273351588
v -117.958743502 -6.024016691 1.663728220
v -117.647316776 -5.964645572 1.331947396
v -118.776650737 -7.865501962 1.837086624
v -117.376516943 -5.893074205 0.931988506
v -118.335626793 -7.810422454 1.600136702
v -117.164339336 -5.809261406 0.463621394
v -117.958743502 -7.743064120 1.310363744
v -117.040417141 -5.723209995 -0.017255646
v -117.647316776 -7.666750523 0.982065588
v -117.376516943 -7.574755147 0.586305022
v -117.164339336 -7.467025054 0.122854309
v -117.040417141 -7.356417526 -0.352975017
v -119.605105336 -12.034780165 0.838049227
v -118.776650737 -11.954032023 0.617720195
v -118.335626793 -11.870321892 0.389309092
v -117.958743502 -11.767950336 0.109978506
v -117.647316776 -11.651968522 -0.206488971
v -117.376516943 -11.512153457 -0.587987754
v -117.164339336 -11.348424684 -1.034737378
v -117.040417141 -11.180322771 -1.493419532
v -119.605105336 -17.544608354 -1.745080923
v -118.776650737 -17.426891660 -1.948078275
v -118.335626793 -17.304856904 -2.158521940
v -117.958743502 -17.155617048 -2.415879624
v -117.647316776 -16.986535812 -2.707452909
v -117.376516943 -16.782709857 -3.058941962
v -117.164339336 -16.544021892 -3.470549046
v -117.040417141 -16.298958651 -3.893150017
v -119.605105336 -22.523285099 -5.244158787
v -118.776650737 -22.372163650 -5.423678848
v -118.335626793 -22.215498789 -5.609784033
v -117.958743502 -22.023908772 -5.837377480
v -117.647316776 -21.806846938 -6.095229384
v -117.376516943 -21.545180789 -6.406067608
v -117.164339336 -21.238759751 -6.770071020
v -117.040417141 -20.924154310 -7.143796841
v -119.605105336 -26.820084248 -9.553252093
v -118.776650737 -26.640133144 -9.703860012
v -118.335626793 -26.453581106 -9.859992503
v -117.958743502 -26.225441188 -10.050931472
v -117.647316776 -25.966970159 -10.267255700
v -117.376516943 -25.655385587 -10.528032672
v -117.164339336 -25.290508171 -10.833412449
v -117.040417141 -24.915885003 -11.146948818
v -119.605105336 -30.103979530 -14.197645461
v -118.776650737 -29.901994916 -14.317091519
v -118.335626793 -29.692601139 -14.440919077
v -117.958743502 -29.436527394 -14.592351402
v -117.647316776 -29.146408746 -14.763916593
v -117.376516943 -28.796673246 -14.970736936
v -117.164339336 -28.387119639 -15.212931445
v -117.040417141 -27.966626993 -15.461594886
v -119.605105336 -32.577042237 -19.275624582
v -118.776650737 -32.358464448 -19.360999608
v -118.335626793 -32.131868827 -19.449506347
v -117.958743502 -31.854758447 -19.557743813
v -117.647316776 -31.540806352 -19.680371407
v -117.376516943 -31.162339839 -19.828197903
v -117.164339336 -30.719141120 -20.001308366
v -117.040417141 -30.264104713 -20.179042552
v -118.776650737 -33.970989577 -24.734573690
v -118.335626793 -33.733101976 -24.785451066
v -117.958743502 -33.442182305 -24.847670491
v -117.647316776 -33.112584980 -24.918161964
v -117.376516943 -32.715258278 -25.003138819
v -117.164339336 -32.249973558 -25.102649958
v -117.040417141 -31.772261240 -25.204819005
v -118.776650737 -34.697525938 -30.298163910
v -118.335626793 -34.454550644 -30.310081305
v -119.605105336 -34.973896132 -32.000000000
v -117.958743502 -34.157409084 -30.324655434
v -117.647316776 -33.820762672 -30.341167188
v -118.776650737 -34.739236496 -32.000000000
v -117.376516943 -33.414938358 -30.361071964
v -118.335626793 -34.495969116 -32.000000000
v -117.164339336 -32.939702610 -30.384381215
v -117.958743502 -34.198470357 -32.000000000
v -117.040417141 -32.451773476 -30.408313048
v -117.647316776 -33.861419256 -32.000000000
v -117.376516943 -33.455107092 -32.000000000
v -117.164339336 -32.979300054 -32.000000000
v -119.605105336 -34.752185110 -35.931798666
v -117.040417141 -32.490784372 -32.000000000
v -118.776650737 -34.519013058 -35.905418007
v -118.335626793 -34.277287830 -35.878069656
v -117.958743502 -33.981675013 -35.844624563
v -119.605105336 -34.444490316 -38.062218861
v -117.647316776 -33.646760590 -35.806732958
v -117.376516943 -33.243024173 -35.761054958
v -118.776650737 -34.213382763 -38.021544009
v -117.164339336 -32.770233432 -35.707564278
v -118.335626793 -33.973797763 -37.979377128
v -117.040417141 -32.284814611 -35.652644880
v -117.958743502 -33.680802293 -37.927810023
v -117.647316776 -33.348853192 -37.869387091
v -117.376516943 -32.948691444 -37.798958756
v -117.164339336 -32.480086779 -37.716484491
v -119.605105336 -33.665947407 -41.475093447
v -117.040417141 -31.998965841 -37.631807365
v -118.776650737 -33.440063538 -41.411519689
v -118.335626793 -33.205893837 -41.345613931
v -117.958743502 -32.919520893 -41.265015860
v -117.647316776 -32.595074781 -41.173702308
v -119.605105336 -32.872300280 -43.940908046
v -117.376516943 -32.203957821 -41.063624618
v -117.164339336 -31.745944946 -40.934719444
v -118.776650737 -32.651741438 -43.860789745
v -117.040417141 -31.275698702 -40.802371257
v -118.335626793 -32.423092096 -43.777732558
v -117.958743502 -32.143470159 -43.676159508
v -117.647316776 -31.826672598 -43.561082360
v -117.376516943 -31.444775900 -43.422357862
v -119.605105336 -31.701717553 -46.770731697
v -117.164339336 -30.997560304 -43.259906185
v -118.776650737 -31.489012812 -46.671626510
v -117.040417141 -30.538399730 -43.093115478
v -118.335626793 -31.268505674 -46.568885963
v -117.958743502 -30.998841075 -46.443241559
v -117.647316776 -30.693324676 -46.300892781
v -117.376516943 -30.325027321 -46.129292570
v -119.605105336 -30.304923040 -49.458094117
v -117.164339336 -29.893737074 -45.928342179
v -118.776650737 -30.101590183 -49.340957897
v -117.040417141 -29.450927209 -45.722024471
v -118.335626793 -29.890798706 -49.219524906
v -117.958743502 -29.633015673 -49.071020966
v -117.647316776 -29.340960489 -48.902773488
v -119.605105336 -28.910679792 -51.681107810
v -117.376516943 -28.988890511 -48.699952619
v -117.164339336 -28.576603141 -48.462441648
v -118.776650737 -28.716701701 -51.549056134
v -117.040417141 -28.153303715 -48.218586839
v -118.335626793 -28.515608140 -51.412160561
v -117.958743502 -28.269684971 -51.244746981
v -117.647316776 -27.991066415 -51.055075833
v -117.376516943 -27.655194174 -50.826428916
v -117.164339336 -27.261874972 -50.558674659
v -119.605105336 -26.820084248 -54.446747907
v -117.040417141 -26.858050347 -50.283768775
v -118.776650737 -26.640133144 -54.296139988
v -118.335626793 -26.453581106 -54.140007497
v -117.958743502 -26.225441188 -53.949068528
v -119.605105336 -25.365336851 -56.078477882
v -117.647316776 -25.966970159 -53.732744300
v -117.376516943 -25.655385587 -53.471967328
v -118.776650737 -25.195146470 -55.916921764
v -117.164339336 -25.290508171 -53.166587551
v -118.335626793 -25.018713195 -55.749439474
v -117.040417141 -24.915885003 -52.853051182
v -117.958743502 -24.802947807 -55.544620507
v -117.647316776 -24.558496498 -55.312570939
v -117.376516943 -24.263812575 -55.032837208
v -117.164339336 -23.918726465 -54.705258342
v -119.605105336 -22.523285099 -58.755841212
v -117.040417141 -23.564423221 -54.368929955
v -118.776650737 -22.372163650 -58.576321152
v -118.335626793 -22.215498789 -58.390215967
v -119.605105336 -21.159085613 -59.847199261
v -117.958743502 -22.023908772 -58.162622520
v -117.647316776 -21.806846938 -57.904770616
v -118.776650737 -21.017117349 -59.660356662
v -117.376516943 -21.545180789 -57.593932392
v -118.335626793 -20.869941430 -59.466660336
v -117.164339336 -21.238759751 -57.229928980
v -117.958743502 -20.689955714 -59.229783460
v -117.040417141 -20.924154310 -56.856203159
v -117.647316776 -20.486040969 -58.961413899
v -117.376516943 -20.240223522 -58.637896732
v -117.164339336 -19.952361918 -58.259045793
v -117.040417141 -19.656811628 -57.870075874
v -119.605105336 -17.544608354 -62.254919077
v -118.776650737 -17.426891660 -62.051921725
v -118.335626793 -17.304856904 -61.841478060
v -117.958743502 -17.155617048 -61.584120376
v -117.647316776 -16.986535813 -61.292547091
v -117.376516943 -16.782709857 -60.941058038
v -117.164339336 -16.544021892 -60.529450954
v -117.040417141 -16.298958651 -60.106849983
v -119.605105336 -12.034780165 -64.838049227
v -118.776650737 -11.954032023 -64.617720195
v -118.335626793 -11.870321892 -64.389309092
v -117.958743502 -11.767950336 -64.109978506
v -117.647316776 -11.651968522 -63.793511029
v -117.376516943 -11.512153457 -63.412012246
v -117.164339336 -11.348424684 -62.965262622
v -117.040417141 -11.180322771 -62.506580467
v -119.605105336 -6.160606947 -66.427029101
v -118.776650737 -6.119271953 -66.196038705
v -118.335626793 -6.076420716 -65.956575159
v -117.958743502 -6.024016691 -65.663728220
v -117.647316776 -5.964645572 -65.331947396
v -117.376516943 -5.893074205 -64.931988506
v -117.164339336 -5.809261406 -64.463621394
v -117.040417141 -5.723209995 -63.982744354
v -60.000000000 -40.000000000 -70.000000000
v -60.000000000 -0.100000000 -70.000000000
v -70.000000000 -0.100000000 -70.000000000
v -70.000000000 -40.000000000 -70.000000000
v -117.000000000 -0.100000000 -63.999843750
v -117.000000000 -5.249193917 -63.566532380
v -117.000000000 -10.261556496 -62.310071732
v -117.000000000 -15.006210081 -60.263292033
v -117.000000000 -19.359885058 -57.479301682
v -117.000000000 -23.208478124 -54.031034434
v -117.000000000 -26.452349296 -50.007588769
v -117.000000000 -29.006060340 -45.514748762
v -117.000000000 -30.803270102 -40.669405316
v -117.000000000 -31.797139665 -35.597477053
v -117.000000000 -31.961576989 -30.432349351
v -117.000000000 -31.292331677 -25.307465675
v -117.000000000 -29.806954558 -20.357602031
v -117.000000000 -27.544180642 -15.711410452
v -117.000000000 -24.562778778 -11.489762717
v -117.000000000 -20.941204899 -7.803598018
v -117.000000000 -16.773031785 -4.748111221
v -117.000000000 -12.167827895 -2.403649964
v -117.000000000 -7.245294425 -0.831013106
v -117.000000000 -3.695902082 -0.214150156
v -117.000000000 -0.100000000 -0.000156250
v -113.000000000 -0.100000000 -63.999843750
v -113.000000000 -5.249193918 -63.566532380
v -113.000000000 -10.261556496 -62.310071732
v -113.000000000 -15.006210081 -60.263292033
v -113.000000000 -19.359885059 -57.479301682
v -113.000000000 -23.208478125 -54.031034434
v -113.000000000 -26.452349297 -50.007588769
v -113.000000000 -29.006060340 -45.514748761
v -113.000000000 -30.803270103 -40.669405315
v -113.000000000 -31.797139665 -35.597477052
v -113.000000000 -31.961576989 -30.432349351
v -113.000000000 -31.292331677 -25.307465674
v -113.000000000 -29.806954557 -20.357602030
v -113.000000000 -27.544180642 -15.711410451
v -113.000000000 -24.562778778 -11.489762716
v -113.000000000 -20.941204898 -7.803598017
v -113.000000000 -16.773031783 -4.748111220
v -113.000000000 -12.167827894 -2.403649964
v -113.000000000 -7.245294423 -0.831013106
v -113.000000000 -3.695902082 -0.214150156
v -113.000000000 -0.100000000 -0.000156250
v -70.000000000 -40.000000000 -70.000000000
v -70.000000000 -0.100000000 -70.000000000
v -70.000000000 -40.000000000 10.000000000
v -70.000000000 -0.100000000 10.000000000
v -70.000000000 -0.100000000 -0.000156250
v -70.000000000 -0.100000000 -63.999843750
v -70.000000000 -5.644258744 -63.498291116
v -70.000000000 -11.017699509 -62.043473460
v -70.000000000 -16.057700357 -59.679419417
v -70.000000000 -20.611730584 -56.477674774
v -70.000000000 -24.541966912 -52.535137207
v -70.000000000 -27.729464577 -47.971123764
v -70.000000000 -30.077757074 -42.923759857
v -70.000000000 -31.515775624 -37.545799024
v -70.000000000 -32.000000000 -32.000000000
v -70.000000000 -31.515775624 -26.454200976
v -70.000000000 -30.077757074 -21.076240143
v -70.000000000 -27.729464577 -16.028876236
v -70.000000000 -24.541966912 -11.464862793
v -70.000000000 -20.611730584 -7.522325226
v -70.000000000 -16.057700357 -4.320580583
v -70.000000000 -11.017699509 -1.956526540
v -70.000000000 -5.644258744 -0.501708884
v -113.000000000 -0.100000000 -63.999843750
v -113.000000000 -5.249193918 -63.566532380
v -113.000000000 -10.261556496 -62.310071732
v -113.000000000 -15.006210081 -60.263292033
v -113.000000000 -19.359885059 -57.479301682
v -113.000000000 -23.208478125 -54.031034434
v -113.000000000 -26.452349297 -50.007588769
v -113.000000000 -29.006060340 -45.514748761
v -113.000000000 -30.803270103 -40.669405315
v -113.000000000 -31.797139665 -35.597477052
v -113.000000000 -31.961576989 -30.432349351
v -113.000000000 -31.292331677 -25.307465674
v -113.000000000 -29.806954557 -20.357602030
v -113.000000000 -27.544180642 -15.711410451
v -113.000000000 -24.562778778 -11.489762716
v -113.000000000 -20.941204898 -7.803598017
v -113.000000000 -16.773031783 -4.748111220
v -113.000000000 -12.167827894 -2.403649964
v -113.000000000 -7.245294423 -0.831013106
v -113.000000000 -3.695902082 -0.214150156
v -113.000000000 -0.100000000 -0.000156250
v -112.959582872 -0.100000000 -64.490630550
v -112.835660653 -0.100000000 -64.979148357
v -112.623483057 -0.100000000 -65.454957650
v -112.352683213 -0.100000000 -65.861271593
v -112.041256516 -0.100000000 -66.198324155
v -111.664373186 -0.100000000 -66.495824165
v -111.223349259 -0.100000000 -66.739092571
v -110.777780558 -0.100000000 -66.897279258
v -110.394894655 -0.100000000 -66.973753177
v -110.000000000 -0.100000000 -66.999857143
v -110.000000000 -0.100000000 2.999857143
v -110.000000000 -6.165205110 2.452724797
v -110.000000000 -12.043762702 0.862558938
v -110.000000000 -17.557703324 -1.722499212
v -110.000000000 -22.540096062 -5.224188723
v -110.000000000 -26.840102262 -9.536498257
v -110.000000000 -30.327542073 -14.528875485
v -110.000000000 -32.896835556 -20.050179482
v -110.000000000 -34.470199045 -25.933256411
v -110.000000000 -35.000000000 -32.000000000
v -110.000000000 -34.470199045 -38.066743589
v -110.000000000 -32.896835556 -43.949820518
v -110.000000000 -30.327542073 -49.471124515
v -110.000000000 -26.840102262 -54.463501743
v -110.000000000 -22.540096062 -58.775811277
v -110.000000000 -17.557703324 -62.277500788
v -110.000000000 -12.043762702 -64.862558938
v -110.000000000 -6.165205110 -66.452724797
v -112.959582872 -0.100000000 0.490630549
v -112.835660654 -0.100000000 0.979148355
v -112.623483059 -0.100000000 1.454957646
v -112.352683216 -0.100000000 1.861271589
v -112.041256521 -0.100000000 2.198324150
v -111.664373193 -0.100000000 2.495824160
v -111.223349265 -0.100000000 2.739092568
v -110.777780563 -0.100000000 2.897279257
v -110.394894657 -0.100000000 2.973753176
v -112.959582859 -3.752578628 0.273351587
v -112.835660665 -3.809000581 0.758598055
v -112.623483059 -3.863954727 1.231220925
v -112.352683228 -3.910882444 1.634813991
v -112.041256503 -3.949810736 1.969609500
v -112.959582859 -5.723209995 -0.017255647
v -111.664373214 -3.984170864 2.265117357
v -112.835660665 -5.809261406 0.463621391
v -111.223349269 -4.012267445 2.506756760
v -112.623483059 -5.893074205 0.931988502
v -110.777780551 -4.030537414 2.663884210
v -112.352683228 -5.964645571 1.331947392
v -112.959582859 -7.356417525 -0.352975018
v -112.041256503 -6.024016690 1.663728215
v -112.835660665 -7.467025052 0.122854307
v -111.664373214 -6.076420715 1.956575154
v -112.623483059 -7.574755145 0.586305019
v -111.223349269 -6.119271952 2.196038702
v -112.352683228 -7.666750521 0.982065584
v -110.777780551 -6.147136223 2.351751290
v -112.041256503 -7.743064118 1.310363740
v -111.664373214 -7.810422451 1.600136697
v -111.223349269 -7.865501959 1.837086622
v -110.777780551 -7.901317735 1.991164711
v -112.959582859 -11.180322770 -1.493419534
v -112.835660665 -11.348424683 -1.034737380
v -112.623483059 -11.512153456 -0.587987757
v -112.352683228 -11.651968521 -0.206488975
v -112.041256503 -11.767950334 0.109978501
v -111.664373214 -11.870321890 0.389309087
v -111.223349269 -11.954032022 0.617720192
v -110.777780551 -12.008465031 0.766245864
v -112.835660665 -16.544021890 -3.470549048
v -112.623483059 -16.782709856 -3.058941965
v -112.352683228 -16.986535810 -2.707452912
v -112.041256503 -17.155617045 -2.415879628
v -111.664373214 -17.304856901 -2.158521944
v -111.223349269 -17.426891659 -1.948078277
v -110.777780551 -17.506245482 -1.811236038
v -112.959582859 -20.924154310 -7.143796842
v -112.835660665 -21.238759749 -6.770071022
v -112.623483059 -21.545180787 -6.406067610
v -112.352683228 -21.806846935 -6.095229388
v -112.041256503 -22.023908769 -5.837377483
v -111.664373214 -22.215498786 -5.609784036
v -111.223349269 -22.372163648 -5.423678851
v -110.777780551 -22.474035901 -5.302662853
v -112.959582859 -24.915885002 -11.146948819
v -112.835660665 -25.290508169 -10.833412451
v -112.623483059 -25.655385584 -10.528032674
v -112.352683228 -25.966970155 -10.267255703
v -112.041256503 -26.225441184 -10.050931475
v -111.664373214 -26.453581102 -9.859992506
v -111.223349269 -26.640133142 -9.703860013
v -110.777780551 -26.761439709 -9.602333937
v -112.959582859 -27.966626992 -15.461594886
v -112.835660665 -28.387119636 -15.212931445
v -112.623483059 -28.796673243 -14.970736937
v -112.352683228 -29.146408742 -14.763916595
v -112.041256503 -29.436527389 -14.592351403
v -111.664373214 -29.692601134 -14.440919079
v -111.223349269 -29.901994913 -14.317091520
v -110.777780551 -30.038154457 -14.236571917
v -112.959582859 -30.264104712 -20.179042551
v -112.835660665 -30.719141118 -20.001308366
v -112.623483059 -31.162339836 -19.828197903
v -112.352683228 -31.540806348 -19.680371408
v -112.041256503 -31.854758442 -19.557743814
v -111.664373214 -32.131868822 -19.449506347
v -111.223349269 -32.358464445 -19.360999608
v -110.777780551 -32.505809588 -19.303447578
v -112.959582859 -31.772261239 -25.204819004
v -112.835660665 -32.249973555 -25.102649957
v -112.623483059 -32.715258274 -25.003138819
v -112.352683228 -33.112584975 -24.918161964
v -112.041256503 -33.442182300 -24.847670491
v -111.664373214 -33.733101971 -24.785451066
v -111.223349269 -33.970989574 -24.734573689
v -110.777780551 -34.125677395 -24.701490374
v -112.959582859 -32.451773475 -30.408313048
v -112.835660665 -32.939702607 -30.384381214
v -112.623483059 -33.414938354 -30.361071963
v -112.352683228 -33.820762668 -30.341167188
v -112.959582859 -32.490784370 -32.000000000
v -112.041256503 -34.157409079 -30.324655434
v -112.835660665 -32.979300052 -32.000000000
v -111.664373214 -34.454550639 -30.310081304
v -112.623483059 -33.455107089 -32.000000000
v -111.223349269 -34.697525935 -30.298163909
v -112.352683228 -33.861419251 -32.000000000
v -110.777780551 -34.855522059 -30.290414552
v -112.041256503 -34.198470352 -32.000000000
v -111.664373214 -34.495969111 -32.000000000
v -111.223349269 -34.739236493 -32.000000000
v -110.777780551 -34.897422547 -32.000000000
v -112.959582859 -32.284814610 -35.652644879
v -112.835660665 -32.770233430 -35.707564277
v -112.623483059 -33.243024169 -35.761054956
v -112.352683228 -33.646760586 -35.806732956
v -112.041256503 -33.981675009 -35.844624561
v -112.959582859 -31.998965840 -37.631807365
v -111.664373214 -34.277287826 -35.878069655
v -112.835660665 -32.480086776 -37.716484490
v -111.223349269 -34.519013055 -35.905418005
v -112.623483059 -32.948691441 -37.798958756
v -110.777780551 -34.676196316 -35.923201432
v -112.352683228 -33.348853187 -37.869387090
v -112.041256503 -33.680802288 -37.927810022
v -111.664373214 -33.973797758 -37.979377127
v -111.223349269 -34.213382760 -38.021544008
v -112.959582859 -31.275698702 -40.802371256
v -110.777780551 -34.369174324 -38.048963272
v -112.835660665 -31.745944944 -40.934719443
v -112.623483059 -32.203957818 -41.063624616
v -112.352683228 -32.595074777 -41.173702307
v -112.041256503 -32.919520889 -41.265015858
v -111.664373214 -33.205893833 -41.345613929
v -112.959582859 -30.538399729 -43.093115478
v -111.223349269 -33.440063536 -41.411519688
v -112.835660665 -30.997560302 -43.259906184
v -110.777780551 -33.592333770 -41.454375298
v -112.623483059 -31.444775897 -43.422357861
v -112.352683228 -31.826672594 -43.561082359
v -112.041256503 -32.143470155 -43.676159506
v -111.664373214 -32.423092091 -43.777732557
v -112.959582859 -29.450927209 -45.722024470
v -111.223349269 -32.651741436 -43.860789744
v -110.777780551 -32.800422024 -43.914798171
v -112.835660665 -29.893737072 -45.928342177
v -112.623483059 -30.325027318 -46.129292568
v -112.352683228 -30.693324673 -46.300892778
v -112.041256503 -30.998841071 -46.443241556
v -111.664373214 -31.268505669 -46.568885961
v -112.959582859 -28.153303713 -48.218586838
v -111.223349269 -31.489012810 -46.671626508
v -112.835660665 -28.576603139 -48.462441647
v -110.777780551 -31.632398882 -46.738434156
v -112.623483059 -28.988890508 -48.699952617
v -112.352683228 -29.340960486 -48.902773486
v -112.041256503 -29.633015669 -49.071020964
v -111.664373214 -29.890798702 -49.219524903
v -112.959582859 -26.858050347 -50.283768774
v -111.223349269 -30.101590181 -49.340957895
v -112.835660665 -27.261874971 -50.558674657
v -110.777780551 -30.238658586 -49.419920416
v -112.623483059 -27.655194171 -50.826428914
v -112.352683228 -27.991066411 -51.055075830
v -112.041256503 -28.269684967 -51.244746978
v -111.664373214 -28.515608136 -51.412160558
v -111.223349269 -28.716701699 -51.549056132
v -112.959582859 -24.915885002 -52.853051181
v -110.777780551 -28.847463978 -51.638073288
v -112.835660665 -25.290508169 -53.166587549
v -112.623483059 -25.655385584 -53.471967326
v -112.352683228 -25.966970155 -53.732744297
v -112.041256503 -26.225441184 -53.949068525
v -112.959582859 -23.564423220 -54.368929954
v -111.664373214 -26.453581102 -54.140007494
v -112.835660665 -23.918726463 -54.705258340
v -111.223349269 -26.640133142 -54.296139987
v -112.623483059 -24.263812573 -55.032837205
v -110.777780551 -26.761439709 -54.397666063
v -112.352683228 -24.558496495 -55.312570936
v -112.041256503 -24.802947804 -55.544620503
v -111.664373214 -25.018713192 -55.749439471
v -111.223349269 -25.195146468 -55.916921762
v -110.777780551 -25.309873249 -56.025828113
v -112.959582859 -20.924154310 -56.856203158
v -112.835660665 -21.238759750 -57.229928978
v -112.623483059 -21.545180787 -57.593932390
v -112.352683228 -21.806846935 -57.904770612
v -112.959582859 -19.656811627 -57.870075872
v -112.041256503 -22.023908769 -58.162622517
v -112.835660665 -19.952361917 -58.259045791
v -111.664373214 -22.215498786 -58.390215964
v -112.623483059 -20.240223521 -58.637896729
v -111.223349269 -22.372163648 -58.576321149
v -112.352683228 -20.486040967 -58.961413895
v -110.777780551 -22.474035901 -58.697337147
v -112.041256503 -20.689955712 -59.229783456
v -111.664373214 -20.869941427 -59.466660331
v -111.223349269 -21.017117348 -59.660356659
v -110.777780551 -21.112819360 -59.786308842
v -112.959582859 -16.298958650 -60.106849982
v -112.835660665 -16.544021890 -60.529450952
v -112.623483059 -16.782709856 -60.941058035
v -112.352683228 -16.986535810 -61.292547088
v -112.041256503 -17.155617045 -61.584120372
v -111.664373214 -17.304856901 -61.841478056
v -111.223349269 -17.426891659 -62.051921723
v -110.777780551 -17.506245482 -62.188763962
v -112.835660665 -11.348424683 -62.965262620
v -112.623483059 -11.512153456 -63.412012243
v -112.352683228 -11.651968521 -63.793511025
v -112.041256503 -11.767950334 -64.109978501
v -111.664373214 -11.870321890 -64.389309087
v -111.223349269 -11.954032022 -64.617720192
v -110.777780551 -12.008465031 -64.766245864
v -112.959582859 -5.723209995 -63.982744353
v -112.835660665 -5.809261406 -64.463621391
v -112.623483059 -5.893074205 -64.931988502
v -112.352683228 -5.964645571 -65.331947392
v -112.041256503 -6.024016690 -65.663728215
v -111.664373214 -6.076420715 -65.956575154
v -111.223349269 -6.119271952 -66.196038702
v -110.777780551 -6.147136223 -66.351751290
v -70.000000000 -0.100000000 -63.999843750
v -70.000000000 -5.644258744 -63.498291116
v -70.000000000 -11.017699509 -62.043473460
v -70.000000000 -16.057700357 -59.679419417
v -70.000000000 -20.611730584 -56.477674774
v -70.000000000 -24.541966912 -52.535137207
v -70.000000000 -27.729464577 -47.971123764
v -70.000000000 -30.077757074 -42.923759857
v -70.000000000 -31.515775624 -37.545799024
v -70.000000000 -32.000000000 -32.000000000
v -70.000000000 -31.515775624 -26.454200976
v -70.000000000 -30.077757074 -21.076240143
v -70.000000000 -27.729464577 -16.028876236
v -70.000000000 -24.541966912 -11.464862793
v -70.000000000 -20.611730584 -7.522325226
v -70.000000000 -16.057700357 -4.320580583
v -70.000000000 -11.017699509 -1.956526540
v -70.000000000 -5.644258744 -0.501708884
v -70.000000000 -0.100000000 -0.000156250
v -87.000000000 -0.100000000 -0.000156250
v -87.000000000 -0.100000000 -63.999843750
v -87.000000000 -5.249193917 -63.566532380
v -87.000000000 -10.261556496 -62.310071732
v -87.000000000 -15.006210081 -60.263292033
v -87.000000000 -19.359885058 -57.479301682
v -87.000000000 -23.208478124 -54.031034434
v -87.000000000 -26.452349296 -50.007588769
v -87.000000000 -29.006060340 -45.514748762
v -87.000000000 -30.803270102 -40.669405316
v -87.000000000 -31.797139665 -35.597477053
v -87.000000000 -31.961576989 -30.432349351
v -87.000000000 -31.292331677 -25.307465675
v -87.000000000 -29.806954558 -20.357602031
v -87.000000000 -27.544180642 -15.711410452
v -87.000000000 -24.562778778 -11.489762717
v -87.000000000 -20.941204899 -7.803598018
v -87.000000000 -16.773031785 -4.748111221
v -87.000000000 -12.167827895 -2.403649964
v -87.000000000 -7.245294425 -0.831013106
v -87.000000000 -3.695902082 -0.214150156
v -110.000000000 -0.100000000 2.999857143
v -110.000000000 -6.165205110 2.452724797
v -110.000000000 -12.043762702 0.862558938
v -110.000000000 -17.557703324 -1.722499212
v -110.000000000 -22.540096062 -5.224188723
v -110.000000000 -26.840102262 -9.536498257
v -110.000000000 -30.327542073 -14.528875485
v -110.000000000 -32.896835556 -20.050179482
v -110.000000000 -34.470199045 -25.933256411
v -110.000000000 -35.000000000 -32.000000000
v -110.000000000 -34.470199045 -38.066743589
v -110.000000000 -32.896835556 -43.949820518
v -110.000000000 -30.327542073 -49.471124515
v -110.000000000 -26.840102262 -54.463501743
v -110.000000000 -22.540096062 -58.775811277
v -110.000000000 -17.557703324 -62.277500788
v -110.000000000 -12.043762702 -64.862558938
v -110.000000000 -6.165205110 -66.452724797
v -110.000000000 -0.100000000 -66.999857143
v -107.000000000 -0.100000000 -63.999843750
v -107.040417128 -0.100000000 -64.490630550
v -107.164339347 -0.100000000 -64.979148357
v -107.376516942 -0.100000000 -65.454957650
v -107.647316787 -0.100000000 -65.861271593
v -107.958743484 -0.100000000 -66.198324155
v -108.335626814 -0.100000000 -66.495824165
v -108.776650741 -0.100000000 -66.739092571
v -109.222219442 -0.100000000 -66.897279258
v -109.605105345 -0.100000000 -66.973753177
v -107.000000000 -5.249193917 -63.566532380
v -107.000000000 -10.261556496 -62.310071732
v -107.000000000 -15.006210081 -60.263292033
v -107.000000000 -19.359885058 -57.479301682
v -107.000000000 -23.208478124 -54.031034434
v -107.000000000 -26.452349296 -50.007588769
v -107.000000000 -29.006060340 -45.514748762
v -107.000000000 -30.803270102 -40.669405316
v -107.000000000 -31.797139665 -35.597477053
v -107.000000000 -31.961576989 -30.432349351
v -107.000000000 -31.292331677 -25.307465675
v -107.000000000 -29.806954558 -20.357602031
v -107.000000000 -27.544180642 -15.711410452
v -107.000000000 -24.562778778 -11.489762717
v -107.000000000 -20.941204899 -7.803598018
v -107.000000000 -16.773031785 -4.748111221
v -107.000000000 -12.167827895 -2.403649964
v -107.000000000 -7.245294425 -0.831013106
v -107.000000000 -3.695902082 -0.214150156
v -107.000000000 -0.100000000 -0.000156250
v -107.040417128 -0.100000000 0.490630549
v -107.164339346 -0.100000000 0.979148355
v -107.376516940 -0.100000000 1.454957646
v -107.647316784 -0.100000000 1.861271589
v -107.958743479 -0.100000000 2.198324150
v -108.335626806 -0.100000000 2.495824160
v -108.776650735 -0.100000000 2.739092568
v -109.222219437 -0.100000000 2.897279257
v -109.605105343 -0.100000000 2.973753176
v -109.605105336 -4.039369862 2.739846024
v -108.776650737 -4.012267446 2.506756762
v -108.335626793 -3.984170865 2.265117361
v -107.958743502 -3.949810738 1.969609504
v -109.605105336 -6.160606947 2.427029101
v -107.647316776 -3.910882445 1.634813996
v -107.376516943 -3.863954728 1.231220929
v -108.776650737 -6.119271953 2.196038705
v -107.164339336 -3.809000582 0.758598057
v -108.335626793 -6.076420716 1.956575159
v -109.605105336 -7.918632543 2.065652339
v -107.040417141 -3.752578628 0.273351588
v -107.958743502 -6.024016691 1.663728220
v -107.647316776 -5.964645572 1.331947396
v -108.776650737 -7.865501962 1.837086624
v -107.376516943 -5.893074205 0.931988506
v -108.335626793 -7.810422454 1.600136702
v -107.164339336 -5.809261406 0.463621394
v -107.958743502 -7.743064120 1.310363744
v -107.040417141 -5.723209995 -0.017255646
v -107.647316776 -7.666750523 0.982065588
v -107.376516943 -7.574755147 0.586305022
v -107.164339336 -7.467025054 0.122854309
v -107.040417141 -7.356417526 -0.352975017
v -109.605105336 -12.034780165 0.838049227
v -108.776650737 -11.954032023 0.617720195
v -108.335626793 -11.870321892 0.389309092
v -107.958743502 -11.767950336 0.109978506
v -107.647316776 -11.651968522 -0.206488971
v -107.376516943 -11.512153457 -0.587987754
v -107.164339336 -11.348424684 -1.034737378
v -107.040417141 -11.180322771 -1.493419532
v -109.605105336 -17.544608354 -1.745080923
v -108.776650737 -17.426891660 -1.948078275
v -108.335626793 -17.304856904 -2.158521940
v -107.958743502 -17.155617048 -2.415879624
v -107.647316776 -16.986535812 -2.707452909
v -107.376516943 -16.782709857 -3.058941962
v -107.164339336 -16.544021892 -3.470549046
v -107.040417141 -16.298958651 -3.893150017
v -109.605105336 -22.523285099 -5.244158787
v -108.776650737 -22.372163650 -5.423678848
v -108.335626793 -22.215498789 -5.609784033
v -107.958743502 -22.023908772 -5.837377480
v -107.647316776 -21.806846938 -6.095229384
v -107.376516943 -21.545180789 -6.406067608
v -107.164339336 -21.238759751 -6.770071020
v -107.040417141 -20.924154310 -7.143796841
v -109.605105336 -26.820084248 -9.553252093
v -108.776650737 -26.640133144 -9.703860012
v -108.335626793 -26.453581106 -9.859992503
v -107.958743502 -26.225441188 -10.050931472
v -107.647316776 -25.966970159 -10.267255700
v -107.376516943 -25.655385587 -10.528032672
v -107.164339336 -25.290508171 -10.833412449
v -107.040417141 -24.915885003 -11.146948818
v -109.605105336 -30.103979530 -14.197645461
v -108.776650737 -29.901994916 -14.317091519
v -108.335626793 -29.692601139 -14.440919077
v -107.958743502 -29.436527394 -14.592351402
v -107.647316776 -29.146408746 -14.763916593
v -107.376516943 -28.796673246 -14.970736936
v -107.164339336 -28.387119639 -15.212931445
v -107.040417141 -27.966626993 -15.461594886
v -109.605105336 -32.577042237 -19.275624582
v -108.776650737 -32.358464448 -19.360999608
v -108.335626793 -32.131868827 -19.449506347
v -107.958743502 -31.854758447 -19.557743813
v -107.647316776 -31.540806352 -19.680371407
v -107.376516943 -31.162339839 -19.828197903
v -107.164339336 -30.719141120 -20.001308366
v -107.040417141 -30.264104713 -20.179042552
v -108.776650737 -33.970989577 -24.734573690
v -108.335626793 -33.733101976 -24.785451066
v -107.958743502 -33.442182305 -24.847670491
v -107.647316776 -33.112584980 -24.918161964
v -107.376516943 -32.715258278 -25.003138819
v -107.164339336 -32.249973558 -25.102649958
v -107.040417141 -31.772261240 -25.204819005
v -108.776650737 -34.697525938 -30.298163910
v -108.335626793 -34.454550644 -30.310081305
v -109.605105336 -34.973896132 -32.000000000
v -107.958743502 -34.157409084 -30.324655434
v -107.647316776 -33.820762672 -30.341167188
v -108.776650737 -34.739236496 -32.000000000
v -107.376516943 -33.414938358 -30.361071964
v -108.335626793 -34.495969116 -32.000000000
v -107.164339336 -32.939702610 -30.384381215
v -107.958743502 -34.198470357 -32.000000000
v -107.040417141 -32.451773476 -30.408313048
v -107.647316776 -33.861419256 -32.000000000
v -107.376516943 -33.455107092 -32.000000000
v -107.164339336 -32.979300054 -32.000000000
v -109.605105336 -34.752185110 -35.931798666
v -107.040417141 -32.490784372 -32.000000000
v -108.776650737 -34.519013058 -35.905418007
v -108.335626793 -34.277287830 -35.878069656
v -107.958743502 -33.981675013 -35.844624563
v -109.605105336 -34.444490316 -38.062218861
v -107.647316776 -33.646760590 -35.806732958
v -107.376516943 -33.243024173 -35.761054958
v -108.776650737 -34.213382763 -38.021544009
v -107.164339336 -32.770233432 -35.707564278
v -108.335626793 -33.973797763 -37.979377128
v -107.040417141 -32.284814611 -35.652644880
v -107.958743502 -33.680802293 -37.927810023
v -107.647316776 -33.348853192 -37.869387091
v -107.376516943 -32.948691444 -37.798958756
v -107.164339336 -32.480086779 -37.716484491
v -109.605105336 -33.665947407 -41.475093447
v -107.040417141 -31.998965841 -37.631807365
v -108.776650737 -33.440063538 -41.411519689
v -108.335626793 -33.205893837 -41.345613931
v -107.958743502 -32.919520893 -41.265015860
v -107.647316776 -32.595074781 -41.173702308
v -109.605105336 -32.872300280 -43.940908046
v -107.376516943 -32.203957821 -41.063624618
v -107.164339336 -31.745944946 -40.934719444
v -108.776650737 -32.651741438 -43.860789745
v -107.040417141 -31.275698702 -40.802371257
v -108.335626793 -32.423092096 -43.777732558
v -107.958743502 -32.143470159 -43.676159508
v -107.647316776 -31.826672598 -43.561082360
v -107.376516943 -31.444775900 -43.422357862
v -109.605105336 -31.701717553 -46.770731697
v -107.164339336 -30.997560304 -43.259906185
v -108.776650737 -31.489012812 -46.671626510
v -107.040417141 -30.538399730 -43.093115478
v -108.335626793 -31.268505674 -46.568885963
v -107.958743502 -30.998841075 -46.443241559
v -107.647316776 -30.693324676 -46.300892781
v -107.376516943 -30.325027321 -46.129292570
v -109.605105336 -30.304923040 -49.458094117
v -107.164339336 -29.893737074 -45.928342179
v -108.776650737 -30.101590183 -49.340957897
v -107.040417141 -29.450927209 -45.722024471
v -108.335626793 -29.890798706 -49.219524906
v -107.958743502 -29.633015673 -49.071020966
v -107.647316776 -29.340960489 -48.902773488
v -109.605105336 -28.910679792 -51.681107810
v -107.376516943 -28.988890511 -48.699952619
v -107.164339336 -28.576603141 -48.462441648
v -108.776650737 -28.716701701 -51.549056134
v -107.040417141 -28.153303715 -48.218586839
v -108.335626793 -28.515608140 -51.412160561
v -107.958743502 -28.269684971 -51.244746981
v -107.647316776 -27.991066415 -51.055075833
v -107.376516943 -27.655194174 -50.826428916
v -107.164339336 -27.261874972 -50.558674659
v -109.605105336 -26.820084248 -54.446747907
v -107.040417141 -26.858050347 -50.283768775
v -108.776650737 -26.640133144 -54.296139988
v -108.335626793 -26.453581106 -54.140007497
v -107.958743502 -26.225441188 -53.949068528
v -109.605105336 -25.365336851 -56.078477882
v -107.647316776 -25.966970159 -53.732744300
v -107.376516943 -25.655385587 -53.471967328
v -108.776650737 -25.195146470 -55.916921764
v -107.164339336 -25.290508171 -53.166587551
v -108.335626793 -25.018713195 -55.749439474
v -107.040417141 -24.915885003 -52.853051182
v -107.958743502 -24.802947807 -55.544620507
v -107.647316776 -24.558496498 -55.312570939
v -107.376516943 -24.263812575 -55.032837208
v -107.164339336 -23.918726465 -54.705258342
v -109.605105336 -22.523285099 -58.755841212
v -107.040417141 -23.564423221 -54.368929955
v -108.776650737 -22.372163650 -58.576321152
v -108.335626793 -22.215498789 -58.390215967
v -109.605105336 -21.159085613 -59.847199261
v -107.958743502 -22.023908772 -58.162622520
v -107.647316776 -21.806846938 -57.904770616
v -108.776650737 -21.017117349 -59.660356662
v -107.376516943 -21.545180789 -57.593932392
v -108.335626793 -20.869941430 -59.466660336
v -107.164339336 -21.238759751 -57.229928980
v -107.958743502 -20.689955714 -59.229783460
v -107.040417141 -20.924154310 -56.856203159
v -107.647316776 -20.486040969 -58.961413899
v -107.376516943 -20.240223522 -58.637896732
v -107.164339336 -19.952361918 -58.259045793
v -107.040417141 -19.656811628 -57.870075874
v -109.605105336 -17.544608354 -62.254919077
v -108.776650737 -17.426891660 -62.051921725
v -108.335626793 -17.304856904 -61.841478060
v -107.958743502 -17.155617048 -61.584120376
v -107.647316776 -16.986535813 -61.292547091
v -107.376516943 -16.782709857 -60.941058038
v -107.164339336 -16.544021892 -60.529450954
v -107.040417141 -16.298958651 -60.106849983
v -109.605105336 -12.034780165 -64.838049227
v -108.776650737 -11.954032023 -64.617720195
v -108.335626793 -11.870321892 -64.389309092
v -107.958743502 -11.767950336 -64.109978506
v -107.647316776 -11.651968522 -63.793511029
v -107.376516943 -11.512153457 -63.412012246
v -107.164339336 -11.348424684 -62.965262622
v -107.040417141 -11.180322771 -62.506580467
v -109.605105336 -6.160606947 -66.427029101
v -108.776650737 -6.119271953 -66.196038705
v -108.335626793 -6.076420716 -65.956575159
v -107.958743502 -6.024016691 -65.663728220
v -107.647316776 -5.964645572 -65.331947396
v -107.376516943 -5.893074205 -64.931988506
v -107.164339336 -5.809261406 -64.463621394
v -107.040417141 -5.723209995 -63.982744354
v -87.000000000 -0.100000000 -63.999843750
v -87.000000000 -5.249193917 -63.566532380
v -87.000000000 -10.261556496 -62.310071732
v -87.000000000 -15.006210081 -60.263292033
v -87.000000000 -19.359885058 -57.479301682
v -87.000000000 -23.208478124 -54.031034434
v -87.000000000 -26.452349296 -50.007588769
v -87.000000000 -29.006060340 -45.514748762
v -87.000000000 -30.803270102 -40.669405316
v -87.000000000 -31.797139665 -35.597477053
v -87.000000000 -31.961576989 -30.432349351
v -87.000000000 -31.292331677 -25.307465675
v -87.000000000 -29.806954558 -20.357602031
v -87.000000000 -27.544180642 -15.711410452
v -87.000000000 -24.562778778 -11.489762717
v -87.000000000 -20.941204899 -7.803598018
v -87.000000000 -16.773031785 -4.748111221
v -87.000000000 -12.167827895 -2.403649964
v -87.000000000 -7.245294425 -0.831013106
v -87.000000000 -3.695902082 -0.214150156
v -87.000000000 -0.100000000 -0.000156250
v -87.040417128 -0.100000000 0.490630549
v -87.164339346 -0.100000000 0.979148355
v -87.376516941 -0.100000000 1.454957646
v -87.647316784 -0.100000000 1.861271589
v -87.958743479 -0.100000000 2.198324150
v -88.335626807 -0.100000000 2.495824160
v -88.776650735 -0.100000000 2.739092568
v -89.222219437 -0.100000000 2.897279257
v -89.605105343 -0.100000000 2.973753176
v -90.000000000 -0.100000000 2.999857143
v -90.000000000 -6.165205110 2.452724797
v -90.000000000 -12.043762702 0.862558938
v -90.000000000 -17.557703324 -1.722499212
v -90.000000000 -22.540096062 -5.224188723
v -90.000000000 -26.840102262 -9.536498257
v -90.000000000 -30.327542073 -14.528875485
v -90.000000000 -32.896835556 -20.050179482
v -90.000000000 -34.470199045 -25.933256411
v -90.000000000 -35.000000000 -32.000000000
v -90.000000000 -34.470199045 -38.066743589
v -90.000000000 -32.896835556 -43.949820518
v -90.000000000 -30.327542073 -49.471124515
v -90.000000000 -26.840102262 -54.463501743
v -90.000000000 -22.540096062 -58.775811277
v -90.000000000 -17.557703324 -62.277500788
v -90.000000000 -12.043762702 -64.862558938
v -90.000000000 -6.165205110 -66.452724797
v -90.000000000 -0.100000000 -66.999857143
v -87.040417128 -0.100000000 -64.490630550
v -87.164339347 -0.100000000 -64.979148357
v -87.376516942 -0.100000000 -65.454957650
v -87.647316787 -0.100000000 -65.861271593
v -87.958743484 -0.100000000 -66.198324155
v -88.335626814 -0.100000000 -66.495824165
v -88.776650741 -0.100000000 -66.739092571
v -89.222219442 -0.100000000 -66.897279258
v -89.605105345 -0.100000000 -66.973753177
v -89.605105336 -4.039369862 2.739846024
v -88.776650737 -4.012267446 2.506756762
v -88.335626793 -3.984170865 2.265117361
v -87.958743502 -3.949810738 1.969609504
v -89.605105336 -6.160606947 2.427029101
v -87.647316776 -3.910882445 1.634813996
v -87.376516943 -3.863954728 1.231220929
v -88.776650737 -6.119271953 2.196038705
v -87.164339336 -3.809000582 0.758598057
v -88.335626793 -6.076420716 1.956575159
v -89.605105336 -7.918632543 2.065652339
v -87.040417141 -3.752578628 0.273351588
v -87.958743502 -6.024016691 1.663728220
v -87.647316776 -5.964645572 1.331947396
v -88.776650737 -7.865501962 1.837086624
v -87.376516943 -5.893074205 0.931988506
v -88.335626793 -7.810422454 1.600136702
v -87.164339336 -5.809261406 0.463621394
v -87.958743502 -7.743064120 1.310363744
v -87.040417141 -5.723209995 -0.017255646
v -87.647316776 -7.666750523 0.982065588
v -87.376516943 -7.574755147 0.586305022
v -87.164339336 -7.467025054 0.122854309
v -87.040417141 -7.356417526 -0.352975017
v -89.605105336 -12.034780165 0.838049227
v -88.776650737 -11.954032023 0.617720195
v -88.335626793 -11.870321892 0.389309092
v -87.958743502 -11.767950336 0.109978506
v -87.647316776 -11.651968522 -0.206488971
v -87.376516943 -11.512153457 -0.587987754
v -87.164339336 -11.348424684 -1.034737378
v -87.040417141 -11.180322771 -1.493419532
v -89.605105336 -17.544608354 -1.745080923
v -88.776650737 -17.426891660 -1.948078275
v -88.335626793 -17.304856904 -2.158521940
v -87.958743502 -17.155617048 -2.415879624
v -87.647316776 -16.986535812 -2.707452909
v -87.376516943 -16.782709857 -3.058941962
v -87.164339336 -16.544021892 -3.470549046
v -87.040417141 -16.298958651 -3.893150017
v -89.605105336 -22.523285099 -5.244158787
v -88.776650737 -22.372163650 -5.423678848
v -88.335626793 -22.215498789 -5.609784033
v -87.958743502 -22.023908772 -5.837377480
v -87.647316776 -21.806846938 -6.095229384
v -87.376516943 -21.545180789 -6.406067608
v -87.164339336 -21.238759751 -6.770071020
v -87.040417141 -20.924154310 -7.143796841
v -89.605105336 -26.820084248 -9.553252093
v -88.776650737 -26.640133144 -9.703860012
v -88.335626793 -26.453581106 -9.859992503
v -87.958743502 -26.225441188 -10.050931472
v -87.647316776 -25.966970159 -10.267255700
v -87.376516943 -25.655385587 -10.528032672
v -87.164339336 -25.290508171 -10.833412449
v -87.040417141 -24.915885003 -11.146948818
v -89.605105336 -30.103979530 -14.197645461
v -88.776650737 -29.901994916 -14.317091519
v -88.335626793 -29.692601139 -14.440919077
v -87.958743502 -29.436527394 -14.592351402
v -87.647316776 -29.146408746 -14.763916593
v -87.376516943 -28.796673246 -14.970736936
v -87.164339336 -28.387119639 -15.212931445
v -87.040417141 -27.966626993 -15.461594886
v -89.605105336 -32.577042237 -19.275624582
v -88.776650737 -32.358464448 -19.360999608
v -88.335626793 -32.131868827 -19.449506347
v -87.958743502 -31.854758447 -19.557743813
v -87.647316776 -31.540806352 -19.680371407
v -87.376516943 -31.162339839 -19.828197903
v -87.164339336 -30.719141120 -20.001308366
v -87.040417141 -30.264104713 -20.179042552
v -88.776650737 -33.970989577 -24.734573690
v -88.335626793 -33.733101976 -24.785451066
v -87.958743502 -33.442182305 -24.847670491
v -87.647316776 -33.112584980 -24.918161964
v -87.376516943 -32.715258278 -25.003138819
v -87.164339336 -32.249973558 -25.102649958
v -87.040417141 -31.772261240 -25.204819005
v -88.776650737 -34.697525938 -30.298163910
v -88.335626793 -34.454550644 -30.310081305
v -89.605105336 -34.973896132 -32.000000000
v -87.958743502 -34.157409084 -30.324655434
v -87.647316776 -33.820762672 -30.341167188
v -88.776650737 -34.739236496 -32.000000000
v -87.376516943 -33.414938358 -30.361071964
v -88.335626793 -34.495969116 -32.000000000
v -87.164339336 -32.939702610 -30.384381215
v -87.958743502 -34.198470357 -32.000000000
v -87.040417141 -32.451773476 -30.408313048
v -87.647316776 -33.861419256 -32.000000000
v -87.376516943 -33.455107092 -32.000000000
v -87.164339336 -32.979300054 -32.000000000
v -89.605105336 -34.752185110 -35.931798666
v -87.040417141 -32.490784372 -32.000000000
v -88.776650737 -34.519013058 -35.905418007
v -88.335626793 -34.277287830 -35.878069656
v -87.958743502 -33.981675013 -35.844624563
v -89.605105336 -34.444490316 -38.062218861
v -87.647316776 -33.646760590 -35.806732958
v -87.376516943 -33.243024173 -35.761054958
v -88.776650737 -34.213382763 -38.021544009
v -87.164339336 -32.770233432 -35.707564278
v -88.335626793 -33.973797763 -37.979377128
v -87.040417141 -32.284814611 -35.652644880
v -87.958743502 -33.680802293 -37.927810023
v -87.647316776 -33.348853192 -37.869387091
v -87.376516943 -32.948691444 -37.798958756
v -87.164339336 -32.480086779 -37.716484491
v -89.605105336 -33.665947407 -41.475093447
v -87.040417141 -31.998965841 -37.631807365
v -88.776650737 -33.440063538 -41.411519689
v -88.335626793 -33.205893837 -41.345613931
v -87.958743502 -32.919520893 -41.265015860
v -87.647316776 -32.595074781 -41.173702308
v -89.605105336 -32.872300280 -43.940908046
v -87.376516943 -32.203957821 -41.063624618
v -87.164339336 -31.745944946 -40.934719444
v -88.776650737 -32.651741438 -43.860789745
v -87.040417141 -31.275698702 -40.802371257
v -88.335626793 -32.423092096 -43.777732558
v -87.958743502 -32.143470159 -43.676159508
v -87.647316776 -31.826672598 -43.561082360
v -87.376516943 -31.444775900 -43.422357862
v -89.605105336 -31.701717553 -46.770731697
v -87.164339336 -30.997560304 -43.259906185
v -88.776650737 -31.489012812 -46.671626510
v -87.040417141 -30.538399730 -43.093115478
v -88.335626793 -31.268505674 -46.568885963
v -87.958743502 -30.998841075 -46.443241559
v -87.647316776 -30.693324676 -46.300892781
v -87.376516943 -30.325027321 -46.129292570
v -89.605105336 -30.304923040 -49.458094117
v -87.164339336 -29.893737074 -45.928342179
v -88.776650737 -30.101590183 -49.340957897
v -87.040417141 -29.450927209 -45.722024471
v -88.335626793 -29.890798706 -49.219524906
v -87.958743502 -29.633015673 -49.071020966
v -87.647316776 -29.340960489 -48.902773488
v -89.605105336 -28.910679792 -51.681107810
v -87.376516943 -28.988890511 -48.699952619
v -87.164339336 -28.576603141 -48.462441648
v -88.776650737 -28.716701701 -51.549056134
v -87.040417141 -28.153303715 -48.218586839
v -88.335626793 -28.515608140 -51.412160561
v -87.958743502 -28.269684971 -51.244746981
v -87.647316776 -27.991066415 -51.055075833
v -87.376516943 -27.655194174 -50.826428916
v -87.164339336 -27.261874972 -50.558674659
v -89.605105336 -26.820084248 -54.446747907
v -87.040417141 -26.858050347 -50.283768775
v -88.776650737 -26.640133144 -54.296139988
v -88.335626793 -26.453581106 -54.140007497
v -87.958743502 -26.225441188 -53.949068528
v -89.605105336 -25.365336851 -56.078477882
v -87.647316776 -25.966970159 -53.732744300
v -87.376516943 -25.655385587 -53.471967328
v -88.776650737 -25.195146470 -55.916921764
v -87.164339336 -25.290508171 -53.166587551
v -88.335626793 -25.018713195 -55.749439474
v -87.040417141 -24.915885003 -52.853051182
v -87.958743502 -24.802947807 -55.544620507
v -87.647316776 -24.558496498 -55.312570939
v -87.376516943 -24.263812575 -55.032837208
v -87.164339336 -23.918726465 -54.705258342
v -89.605105336 -22.523285099 -58.755841212
v -87.040417141 -23.564423221 -54.368929955
v -88.776650737 -22.372163650 -58.576321152
v -88.335626793 -22.215498789 -58.390215967
v -89.605105336 -21.159085613 -59.847199261
v -87.958743502 -22.023908772 -58.162622520
v -87.647316776 -21.806846938 -57.904770616
v -88.776650737 -21.017117349 -59.660356662
v -87.376516943 -21.545180789 -57.593932392
v -88.335626793 -20.869941430 -59.466660336
v -87.164339336 -21.238759751 -57.229928980
v -87.958743502 -20.689955714 -59.229783460
v -87.040417141 -20.924154310 -56.856203159
v -87.647316776 -20.486040969 -58.961413899
v -87.376516943 -20.240223522 -58.637896732
v -87.164339336 -19.952361918 -58.259045793
v -87.040417141 -19.656811628 -57.870075874
v -89.605105336 -17.544608354 -62.254919077
v -88.776650737 -17.426891660 -62.051921725
v -88.335626793 -17.304856904 -61.841478060
v -87.958743502 -17.155617048 -61.584120376
v -87.647316776 -16.986535813 -61.292547091
v -87.376516943 -16.782709857 -60.941058038
v -87.164339336 -16.544021892 -60.529450954
v -87.040417141 -16.298958651 -60.106849983
v -89.605105336 -12.034780165 -64.838049227
v -88.776650737 -11.954032023 -64.617720195
v -88.335626793 -11.870321892 -64.389309092
v -87.958743502 -11.767950336 -64.109978506
v -87.647316776 -11.651968522 -63.793511029
v -87.376516943 -11.512153457 -63.412012246
v -87.164339336 -11.348424684 -62.965262622
v -87.040417141 -11.180322771 -62.506580467
v -89.605105336 -6.160606947 -66.427029101
v -88.776650737 -6.119271953 -66.196038705
v -88.335626793 -6.076420716 -65.956575159
v -87.958743502 -6.024016691 -65.663728220
v -87.647316776 -5.964645572 -65.331947396
v -87.376516943 -5.893074205 -64.931988506
v -87.164339336 -5.809261406 -64.463621394
v -87.040417141 -5.723209995 -63.982744354
v -107.000000000 -0.100000000 -63.999843750
v -107.000000000 -5.249193917 -63.566532380
v -107.000000000 -10.261556496 -62.310071732
v -107.000000000 -15.006210081 -60.263292033
v -107.000000000 -19.359885058 -57.479301682
v -107.000000000 -23.208478124 -54.031034434
v -107.000000000 -26.452349296 -50.007588769
v -107.000000000 -29.006060340 -45.514748762
v -107.000000000 -30.803270102 -40.669405316
v -107.000000000 -31.797139665 -35.597477053
v -107.000000000 -31.961576989 -30.432349351
v -107.000000000 -31.292331677 -25.307465675
v -107.000000000 -29.806954558 -20.357602031
v -107.000000000 -27.544180642 -15.711410452
v -107.000000000 -24.562778778 -11.489762717
v -107.000000000 -20.941204899 -7.803598018
v -107.000000000 -16.773031785 -4.748111221
v -107.000000000 -12.167827895 -2.403649964
v -107.000000000 -7.245294425 -0.831013106
v -107.000000000 -3.695902082 -0.214150156
v -107.000000000 -0.100000000 -0.000156250
v -103.000000000 -0.100000000 -63.999843750
v -103.000000000 -5.249193918 -63.566532380
v -103.000000000 -10.261556496 -62.310071732
v -103.000000000 -15.006210081 -60.263292033
v -103.000000000 -19.359885059 -57.479301682
v -103.000000000 -23.208478125 -54.031034434
v -103.000000000 -26.452349297 -50.007588769
v -103.000000000 -29.006060340 -45.514748761
v -103.000000000 -30.803270103 -40.669405315
v -103.000000000 -31.797139665 -35.597477052
v -103.000000000 -31.961576989 -30.432349351
v -103.000000000 -31.292331677 -25.307465674
v -103.000000000 -29.806954557 -20.357602030
v -103.000000000 -27.544180642 -15.711410451
v -103.000000000 -24.562778778 -11.489762716
v -103.000000000 -20.941204898 -7.803598017
v -103.000000000 -16.773031783 -4.748111220
v -103.000000000 -12.167827894 -2.403649964
v -103.000000000 -7.245294423 -0.831013106
v -103.000000000 -3.695902082 -0.214150156
v -103.000000000 -0.100000000 -0.000156250
v -90.000000000 -0.100000000 2.999857143
v -90.000000000 -6.165205110 2.452724797
v -90.000000000 -12.043762702 0.862558938
v -90.000000000 -17.557703324 -1.722499212
v -90.000000000 -22.540096062 -5.224188723
v -90.000000000 -26.840102262 -9.536498257
v -90.000000000 -30.327542073 -14.528875485
v -90.000000000 -32.896835556 -20.050179482
v -90.000000000 -34.470199045 -25.933256411
v -90.000000000 -35.000000000 -32.000000000
v -90.000000000 -34.470199045 -38.066743589
v -90.000000000 -32.896835556 -43.949820518
v -90.000000000 -30.327542073 -49.471124515
v -90.000000000 -26.840102262 -54.463501743
v -90.000000000 -22.540096062 -58.775811277
v -90.000000000 -17.557703324 -62.277500788
v -90.000000000 -12.043762702 -64.862558938
v -90.000000000 -6.165205110 -66.452724797
v -90.000000000 -0.100000000 -66.999857143
v -93.000000000 -0.100000000 -0.000156250
v -92.959582872 -0.100000000 0.490630549
v -92.835660654 -0.100000000 0.979148355
v -92.623483059 -0.100000000 1.454957646
v -92.352683216 -0.100000000 1.861271589
v -92.041256521 -0.100000000 2.198324150
v -91.664373193 -0.100000000 2.495824160
v -91.223349265 -0.100000000 2.739092568
v -90.777780563 -0.100000000 2.897279257
v -90.394894657 -0.100000000 2.973753176
v -93.000000000 -0.100000000 -63.999843750
v -93.000000000 -5.249193918 -63.566532380
v -93.000000000 -10.261556496 -62.310071732
v -93.000000000 -15.006210081 -60.263292033
v -93.000000000 -19.359885059 -57.479301682
v -93.000000000 -23.208478125 -54.031034434
v -93.000000000 -26.452349297 -50.007588769
v -93.000000000 -29.006060340 -45.514748761
v -93.000000000 -30.803270103 -40.669405315
v -93.000000000 -31.797139665 -35.597477052
v -93.000000000 -31.961576989 -30.432349351
v -93.000000000 -31.292331677 -25.307465674
v -93.000000000 -29.806954557 -20.357602030
v -93.000000000 -27.544180642 -15.711410451
v -93.000000000 -24.562778778 -11.489762716
v -93.000000000 -20.941204898 -7.803598017
v -93.000000000 -16.773031783 -4.748111220
v -93.000000000 -12.167827894 -2.403649964
v -93.000000000 -7.245294423 -0.831013106
v -93.000000000 -3.695902082 -0.214150156
v -92.959582872 -0.100000000 -64.490630550
v -92.835660653 -0.100000000 -64.979148357
v -92.623483058 -0.100000000 -65.454957650
v -92.352683213 -0.100000000 -65.861271593
v -92.041256516 -0.100000000 -66.198324155
v -91.664373186 -0.100000000 -66.495824165
v -91.223349259 -0.100000000 -66.739092571
v -90.777780558 -0.100000000 -66.897279258
v -90.394894655 -0.100000000 -66.973753177
v -92.959582859 -3.752578628 0.273351587
v -92.835660665 -3.809000581 0.758598055
v -92.623483059 -3.863954727 1.231220925
v -92.352683228 -3.910882444 1.634813991
v -92.041256503 -3.949810736 1.969609500
v -92.959582859 -5.723209995 -0.017255647
v -91.664373214 -3.984170864 2.265117357
v -92.835660665 -5.809261406 0.463621391
v -91.223349269 -4.012267445 2.506756760
v -92.623483059 -5.893074205 0.931988502
v -90.777780551 -4.030537414 2.663884210
v -92.352683228 -5.964645571 1.331947392
v -92.959582859 -7.356417525 -0.352975018
v -92.041256503 -6.024016690 1.663728215
v -92.835660665 -7.467025052 0.122854307
v -91.664373214 -6.076420715 1.956575154
v -92.623483059 -7.574755145 0.586305019
v -91.223349269 -6.119271952 2.196038702
v -92.352683228 -7.666750521 0.982065584
v -90.777780551 -6.147136223 2.351751290
v -92.041256503 -7.743064118 1.310363740
v -91.664373214 -7.810422451 1.600136697
v -91.223349269 -7.865501959 1.837086622
v -90.777780551 -7.901317735 1.991164711
v -92.959582859 -11.180322770 -1.493419534
v -92.835660665 -11.348424683 -1.034737380
v -92.623483059 -11.512153456 -0.587987757
v -92.352683228 -11.651968521 -0.206488975
v -92.041256503 -11.767950334 0.109978501
v -91.664373214 -11.870321890 0.389309087
v -91.223349269 -11.954032022 0.617720192
v -90.777780551 -12.008465031 0.766245864
v -92.835660665 -16.544021890 -3.470549048
v -92.623483059 -16.782709856 -3.058941965
v -92.352683228 -16.986535810 -2.707452912
v -92.041256503 -17.155617045 -2.415879628
v -91.664373214 -17.304856901 -2.158521944
v -91.223349269 -17.426891659 -1.948078277
v -90.777780551 -17.506245482 -1.811236038
v -92.959582859 -20.924154310 -7.143796842
v -92.835660665 -21.238759750 -6.770071022
v -92.623483059 -21.545180787 -6.406067610
v -92.352683228 -21.806846935 -6.095229388
v -92.041256503 -22.023908769 -5.837377483
v -91.664373214 -22.215498786 -5.609784036
v -91.223349269 -22.372163648 -5.423678851
v -90.777780551 -22.474035901 -5.302662853
v -92.959582859 -24.915885002 -11.146948819
v -92.835660665 -25.290508169 -10.833412451
v -92.623483059 -25.655385584 -10.528032674
v -92.352683228 -25.966970155 -10.267255703
v -92.041256503 -26.225441184 -10.050931475
v -91.664373214 -26.453581102 -9.859992506
v -91.223349269 -26.640133142 -9.703860013
v -90.777780551 -26.761439709 -9.602333937
v -92.959582859 -27.966626992 -15.461594886
v -92.835660665 -28.387119636 -15.212931445
v -92.623483059 -28.796673243 -14.970736937
v -92.352683228 -29.146408742 -14.763916595
v -92.041256503 -29.436527389 -14.592351403
v -91.664373214 -29.692601134 -14.440919079
v -91.223349269 -29.901994913 -14.317091520
v -90.777780551 -30.038154457 -14.236571917
v -92.959582859 -30.264104712 -20.179042551
v -92.835660665 -30.719141118 -20.001308366
v -92.623483059 -31.162339836 -19.828197903
v -92.352683228 -31.540806348 -19.680371408
v -92.041256503 -31.854758442 -19.557743814
v -91.664373214 -32.131868822 -19.449506347
v -91.223349269 -32.358464445 -19.360999608
v -90.777780551 -32.505809588 -19.303447578
v -92.959582859 -31.772261239 -25.204819004
v -92.835660665 -32.249973555 -25.102649957
v -92.623483059 -32.715258274 -25.003138819
v -92.352683228 -33.112584975 -24.918161964
v -92.041256503 -33.442182300 -24.847670491
v -91.664373214 -33.733101971 -24.785451066
v -91.223349269 -33.970989574 -24.734573689
v -90.777780551 -34.125677395 -24.701490374
v -92.959582859 -32.451773475 -30.408313048
v -92.835660665 -32.939702607 -30.384381214
v -92.623483059 -33.414938354 -30.361071963
v -92.352683228 -33.820762668 -30.341167188
v -92.959582859 -32.490784370 -32.000000000
v -92.041256503 -34.157409079 -30.324655434
v -92.835660665 -32.979300052 -32.000000000
v -91.664373214 -34.454550639 -30.310081304
v -92.623483059 -33.455107089 -32.000000000
v -91.223349269 -34.697525935 -30.298163909
v -92.352683228 -33.861419251 -32.000000000
v -90.777780551 -34.855522059 -30.290414552
v -92.041256503 -34.198470352 -32.000000000
v -91.664373214 -34.495969111 -32.000000000
v -91.223349269 -34.739236493 -32.000000000
v -90.777780551 -34.897422547 -32.000000000
v -92.959582859 -32.284814610 -35.652644879
v -92.835660665 -32.770233430 -35.707564277
v -92.623483059 -33.243024169 -35.761054956
v -92.352683228 -33.646760586 -35.806732956
v -92.041256503 -33.981675009 -35.844624561
v -92.959582859 -31.998965840 -37.631807365
v -91.664373214 -34.277287826 -35.878069655
v -92.835660665 -32.480086776 -37.716484490
v -91.223349269 -34.519013055 -35.905418005
v -92.623483059 -32.948691441 -37.798958756
v -90.777780551 -34.676196316 -35.923201432
v -92.352683228 -33.348853187 -37.869387090
v -92.041256503 -33.680802288 -37.927810022
v -91.664373214 -33.973797758 -37.979377127
v -91.223349269 -34.213382760 -38.021544008
v -92.959582859 -31.275698702 -40.802371256
v -90.777780551 -34.369174324 -38.048963272
v -92.835660665 -31.745944944 -40.934719443
v -92.623483059 -32.203957818 -41.063624616
v -92.352683228 -32.595074777 -41.173702307
v -92.041256503 -32.919520889 -41.265015858
v -91.664373214 -33.205893833 -41.345613929
v -92.959582859 -30.538399729 -43.093115478
v -91.223349269 -33.440063536 -41.411519688
v -92.835660665 -30.997560302 -43.259906184
v -90.777780551 -33.592333770 -41.454375298
v -92.623483059 -31.444775897 -43.422357861
v -92.352683228 -31.826672594 -43.561082359
v -92.041256503 -32.143470155 -43.676159506
v -91.664373214 -32.423092091 -43.777732557
v -92.959582859 -29.450927209 -45.722024470
v -91.223349269 -32.651741436 -43.860789744
v -90.777780551 -32.800422024 -43.914798171
v -92.835660665 -29.893737072 -45.928342177
v -92.623483059 -30.325027318 -46.129292568
v -92.352683228 -30.693324673 -46.300892778
v -92.041256503 -30.998841071 -46.443241556
v -91.664373214 -31.268505669 -46.568885961
v -92.959582859 -28.153303713 -48.218586838
v -91.223349269 -31.489012810 -46.671626508
v -92.835660665 -28.576603139 -48.462441647
v -90.777780551 -31.632398882 -46.738434156
v -92.623483059 -28.988890508 -48.699952617
v -92.352683228 -29.340960486 -48.902773486
v -92.041256503 -29.633015669 -49.071020964
v -91.664373214 -29.890798702 -49.219524903
v -92.959582859 -26.858050347 -50.283768774
v -91.223349269 -30.101590181 -49.340957895
v -92.835660665 -27.261874971 -50.558674657
v -90.777780551 -30.238658586 -49.419920416
v -92.623483059 -27.655194171 -50.826428914
v -92.352683228 -27.991066411 -51.055075830
v -92.041256503 -28.269684967 -51.244746978
v -91.664373214 -28.515608136 -51.412160558
v -91.223349269 -28.716701699 -51.549056132
v -92.959582859 -24.915885002 -52.853051181
v -90.777780551 -28.847463978 -51.638073288
v -92.835660665 -25.290508169 -53.166587549
v -92.623483059 -25.655385584 -53.471967326
v -92.352683228 -25.966970155 -53.732744297
v -92.041256503 -26.225441184 -53.949068525
v -92.959582859 -23.564423220 -54.368929954
v -91.664373214 -26.453581102 -54.140007494
v -92.835660665 -23.918726463 -54.705258340
v -91.223349269 -26.640133142 -54.296139987
v -92.623483059 -24.263812573 -55.032837205
v -90.777780551 -26.761439709 -54.397666063
v -92.352683228 -24.558496495 -55.312570936
v -92.041256503 -24.802947804 -55.544620503
v -91.664373214 -25.018713192 -55.749439471
v -91.223349269 -25.195146468 -55.916921762
v -90.777780551 -25.309873249 -56.025828113
v -92.959582859 -20.924154310 -56.856203158
v -92.835660665 -21.238759750 -57.229928978
v -92.623483059 -21.545180787 -57.593932390
v -92.352683228 -21.806846935 -57.904770612
v -92.959582859 -19.656811627 -57.870075872
v -92.041256503 -22.023908769 -58.162622517
v -92.835660665 -19.952361917 -58.259045791
v -91.664373214 -22.215498786 -58.390215964
v -92.623483059 -20.240223521 -58.637896729
v -91.223349269 -22.372163648 -58.576321149
v -92.352683228 -20.486040967 -58.961413895
v -90.777780551 -22.474035901 -58.697337147
v -92.041256503 -20.689955712 -59.229783456
v -91.664373214 -20.869941427 -59.466660331
v -91.223349269 -21.017117348 -59.660356659
v -90.777780551 -21.112819360 -59.786308842
v -92.959582859 -16.298958650 -60.106849982
v -92.835660665 -16.544021890 -60.529450952
v -92.623483059 -16.782709856 -60.941058035
v -92.352683228 -16.986535810 -61.292547088
v -92.041256503 -17.155617045 -61.584120372
v -91.664373214 -17.304856901 -61.841478056
v -91.223349269 -17.426891659 -62.051921723
v -90.777780551 -17.506245482 -62.188763962
v -92.835660665 -11.348424683 -62.965262620
v -92.623483059 -11.512153456 -63.412012243
v -92.352683228 -11.651968521 -63.793511025
v -92.041256503 -11.767950334 -64.109978501
v -91.664373214 -11.870321890 -64.389309087
v -91.223349269 -11.954032022 -64.617720192
v -90.777780551 -12.008465031 -64.766245864
v -92.959582859 -5.723209995 -63.982744353
v -92.835660665 -5.809261406 -64.463621391
v -92.623483059 -5.893074205 -64.931988502
v -92.352683228 -5.964645571 -65.331947392
v -92.041256503 -6.024016690 -65.663728215
v -91.664373214 -6.076420715 -65.956575154
v -91.223349269 -6.119271952 -66.196038702
v -90.777780551 -6.147136223 -66.351751290
v -103.000000000 -0.100000000 -63.999843750
v -103.000000000 -5.249193918 -63.566532380
v -103.000000000 -10.261556496 -62.310071732
v -103.000000000 -15.006210081 -60.263292033
v -103.000000000 -19.359885059 -57.479301682
v -103.000000000 -23.208478125 -54.031034434
v -103.000000000 -26.452349297 -50.007588769
v -103.000000000 -29.006060340 -45.514748761
v -103.000000000 -30.803270103 -40.669405315
v -103.000000000 -31.797139665 -35.597477052
v -103.000000000 -31.961576989 -30.432349351
v -103.000000000 -31.292331677 -25.307465674
v -103.000000000 -29.806954557 -20.357602030
v -103.000000000 -27.544180642 -15.711410451
v -103.000000000 -24.562778778 -11.489762716
v -103.000000000 -20.941204898 -7.803598017
v -103.000000000 -16.773031783 -4.748111220
v -103.000000000 -12.167827894 -2.403649964
v -103.000000000 -7.245294423 -0.831013106
v -103.000000000 -3.695902082 -0.214150156
v -103.000000000 -0.100000000 -0.000156250
v -102.959582872 -0.100000000 -64.490630550
v -102.835660653 -0.100000000 -64.979148357
v -102.623483057 -0.100000000 -65.454957650
v -102.352683213 -0.100000000 -65.861271593
v -102.041256516 -0.100000000 -66.198324155
v -101.664373186 -0.100000000 -66.495824165
v -101.223349259 -0.100000000 -66.739092571
v -100.777780558 -0.100000000 -66.897279258
v -100.394894655 -0.100000000 -66.973753177
v -100.000000000 -0.100000000 -66.999857143
v -100.000000000 -0.100000000 2.999857143
v -100.000000000 -6.165205110 2.452724797
v -100.000000000 -12.043762702 0.862558938
v -100.000000000 -17.557703324 -1.722499212
v -100.000000000 -22.540096062 -5.224188723
v -100.000000000 -26.840102262 -9.536498257
v -100.000000000 -30.327542073 -14.528875485
v -100.000000000 -32.896835556 -20.050179482
v -100.000000000 -34.470199045 -25.933256411
v -100.000000000 -35.000000000 -32.000000000
v -100.000000000 -34.470199045 -38.066743589
v -100.000000000 -32.896835556 -43.949820518
v -100.000000000 -30.327542073 -49.471124515
v -100.000000000 -26.840102262 -54.463501743
v -100.000000000 -22.540096062 -58.775811277
v -100.000000000 -17.557703324 -62.277500788
v -100.000000000 -12.043762702 -64.862558938
v -100.000000000 -6.165205110 -66.452724797
v -102.959582872 -0.100000000 0.490630549
v -102.835660654 -0.100000000 0.979148355
v -102.623483059 -0.100000000 1.454957646
v -102.352683216 -0.100000000 1.861271589
v -102.041256521 -0.100000000 2.198324150
v -101.664373193 -0.100000000 2.495824160
v -101.223349265 -0.100000000 2.739092568
v -100.777780563 -0.100000000 2.897279257
v -100.394894657 -0.100000000 2.973753176
v -102.959582859 -3.752578628 0.273351587
v -102.835660665 -3.809000581 0.758598055
v -102.623483059 -3.863954727 1.231220925
v -102.352683228 -3.910882444 1.634813991
v -102.041256503 -3.949810736 1.969609500
v -102.959582859 -5.723209995 -0.017255647
v -101.664373214 -3.984170864 2.265117357
v -102.835660665 -5.809261406 0.463621391
v -101.223349269 -4.012267445 2.506756760
v -102.623483059 -5.893074205 0.931988502
v -100.777780551 -4.030537414 2.663884210
v -102.352683228 -5.964645571 1.331947392
v -102.959582859 -7.356417525 -0.352975018
v -102.041256503 -6.024016690 1.663728215
v -102.835660665 -7.467025052 0.122854307
v -101.664373214 -6.076420715 1.956575154
v -102.623483059 -7.574755145 0.586305019
v -101.223349269 -6.119271952 2.196038702
v -102.352683228 -7.666750521 0.982065584
v -100.777780551 -6.147136223 2.351751290
v -102.041256503 -7.743064118 1.310363740
v -101.664373214 -7.810422451 1.600136697
v -101.223349269 -7.865501959 1.837086622
v -100.777780551 -7.901317735 1.991164711
v -102.959582859 -11.180322770 -1.493419534
v -102.835660665 -11.348424683 -1.034737380
v -102.623483059 -11.512153456 -0.587987757
v -102.352683228 -11.651968521 -0.206488975
v -102.041256503 -11.767950334 0.109978501
v -101.664373214 -11.870321890 0.389309087
v -101.223349269 -11.954032022 0.617720192
v -100.777780551 -12.008465031 0.766245864
v -102.835660665 -16.544021890 -3.470549048
v -102.623483059 -16.782709856 -3.058941965
v -102.352683228 -16.986535810 -2.707452912
v -102.041256503 -17.155617045 -2.415879628
v -101.664373214 -17.304856901 -2.158521944
v -101.223349269 -17.426891659 -1.948078277
v -100.777780551 -17.506245482 -1.811236038
v -102.959582859 -20.924154310 -7.143796842
v -102.835660665 -21.238759749 -6.770071022
v -102.623483059 -21.545180787 -6.406067610
v -102.352683228 -21.806846935 -6.095229388
v -102.041256503 -22.023908769 -5.837377483
v -101.664373214 -22.215498786 -5.609784036
v -101.223349269 -22.372163648 -5.423678851
v -100.777780551 -22.474035901 -5.302662853
v -102.959582859 -24.915885002 -11.146948819
v -102.835660665 -25.290508169 -10.833412451
v -102.623483059 -25.655385584 -10.528032674
v -102.352683228 -25.966970155 -10.267255703
v -102.041256503 -26.225441184 -10.050931475
v -101.664373214 -26.453581102 -9.859992506
v -101.223349269 -26.640133142 -9.703860013
v -100.777780551 -26.761439709 -9.602333937
v -102.959582859 -27.966626992 -15.461594886
v -102.835660665 -28.387119636 -15.212931445
v -102.623483059 -28.796673243 -14.970736937
v -102.352683228 -29.146408742 -14.763916595
v -102.041256503 -29.436527389 -14.592351403
v -101.664373214 -29.692601134 -14.440919079
v -101.223349269 -29.901994913 -14.317091520
v -100.777780551 -30.038154457 -14.236571917
v -102.959582859 -30.264104712 -20.179042551
v -102.835660665 -30.719141118 -20.001308366
v -102.623483059 -31.162339836 -19.828197903
v -102.352683228 -31.540806348 -19.680371408
v -102.041256503 -31.854758442 -19.557743814
v -101.664373214 -32.131868822 -19.449506347
v -101.223349269 -32.358464445 -19.360999608
v -100.777780551 -32.505809588 -19.303447578
v -102.959582859 -31.772261239 -25.204819004
v -102.835660665 -32.249973555 -25.102649957
v -102.623483059 -32.715258274 -25.003138819
v -102.352683228 -33.112584975 -24.918161964
v -102.041256503 -33.442182300 -24.847670491
v -101.664373214 -33.733101971 -24.785451066
v -101.223349269 -33.970989574 -24.734573689
v -100.777780551 -34.125677395 -24.701490374
v -102.959582859 -32.451773475 -30.408313048
v -102.835660665 -32.939702607 -30.384381214
v -102.623483059 -33.414938354 -30.361071963
v -102.352683228 -33.820762668 -30.341167188
v -102.959582859 -32.490784370 -32.000000000
v -102.041256503 -34.157409079 -30.324655434
v -102.835660665 -32.979300052 -32.000000000
v -101.664373214 -34.454550639 -30.310081304
v -102.623483059 -33.455107089 -32.000000000
v -101.223349269 -34.697525935 -30.298163909
v -102.352683228 -33.861419251 -32.000000000
v -100.777780551 -34.855522059 -30.290414552
v -102.041256503 -34.198470352 -32.000000000
v -101.664373214 -34.495969111 -32.000000000
v -101.223349269 -34.739236493 -32.000000000
v -100.777780551 -34.897422547 -32.000000000
v -102.959582859 -32.284814610 -35.652644879
v -102.835660665 -32.770233430 -35.707564277
v -102.623483059 -33.243024169 -35.761054956
v -102.352683228 -33.646760586 -35.806732956
v -102.041256503 -33.981675009 -35.844624561
v -102.959582859 -31.998965840 -37.631807365
v -101.664373214 -34.277287826 -35.878069655
v -102.835660665 -32.480086776 -37.716484490
v -101.223349269 -34.519013055 -35.905418005
v -102.623483059 -32.948691441 -37.798958756
v -100.777780551 -34.676196316 -35.923201432
v -102.352683228 -33.348853187 -37.869387090
v -102.041256503 -33.680802288 -37.927810022
v -101.664373214 -33.973797758 -37.979377127
v -101.223349269 -34.213382760 -38.021544008
v -102.959582859 -31.275698702 -40.802371256
v -100.777780551 -34.369174324 -38.048963272
v -102.835660665 -31.745944944 -40.934719443
v -102.623483059 -32.203957818 -41.063624616
v -102.352683228 -32.595074777 -41.173702307
v -102.041256503 -32.919520889 -41.265015858
v -101.664373214 -33.205893833 -41.345613929
v -102.959582859 -30.538399729 -43.093115478
v -101.223349269 -33.440063536 -41.411519688
v -102.835660665 -30.997560302 -43.259906184
v -100.777780551 -33.592333770 -41.454375298
v -102.623483059 -31.444775897 -43.422357861
v -102.352683228 -31.826672594 -43.561082359
v -102.041256503 -32.143470155 -43.676159506
v -101.664373214 -32.423092091 -43.777732557
v -102.959582859 -29.450927209 -45.722024470
v -101.223349269 -32.651741436 -43.860789744
v -100.777780551 -32.800422024 -43.914798171
v -102.835660665 -29.893737072 -45.928342177
v -102.623483059 -30.325027318 -46.129292568
v -102.352683228 -30.693324673 -46.300892778
v -102.041256503 -30.998841071 -46.443241556
v -101.664373214 -31.268505669 -46.568885961
v -102.959582859 -28.153303713 -48.218586838
v -101.223349269 -31.489012810 -46.671626508
v -102.835660665 -28.576603139 -48.462441647
v -100.777780551 -31.632398882 -46.738434156
v -102.623483059 -28.988890508 -48.699952617
v -102.352683228 -29.340960486 -48.902773486
v -102.041256503 -29.633015669 -49.071020964
v -101.664373214 -29.890798702 -49.219524903
v -102.959582859 -26.858050347 -50.283768774
v -101.223349269 -30.101590181 -49.340957895
v -102.835660665 -27.261874971 -50.558674657
v -100.777780551 -30.238658586 -49.419920416
v -102.623483059 -27.655194171 -50.826428914
v -102.352683228 -27.991066411 -51.055075830
v -102.041256503 -28.269684967 -51.244746978
v -101.664373214 -28.515608136 -51.412160558
v -101.223349269 -28.716701699 -51.549056132
v -102.959582859 -24.915885002 -52.853051181
v -100.777780551 -28.847463978 -51.638073288
v -102.835660665 -25.290508169 -53.166587549
v -102.623483059 -25.655385584 -53.471967326
v -102.352683228 -25.966970155 -53.732744297
v -102.041256503 -26.225441184 -53.949068525
v -102.959582859 -23.564423220 -54.368929954
v -101.664373214 -26.453581102 -54.140007494
v -102.835660665 -23.918726463 -54.705258340
v -101.223349269 -26.640133142 -54.296139987
v -102.623483059 -24.263812573 -55.032837205
v -100.777780551 -26.761439709 -54.397666063
v -102.352683228 -24.558496495 -55.312570936
v -102.041256503 -24.802947804 -55.544620503
v -101.664373214 -25.018713192 -55.749439471
v -101.223349269 -25.195146468 -55.916921762
v -100.777780551 -25.309873249 -56.025828113
v -102.959582859 -20.924154310 -56.856203158
v -102.835660665 -21.238759750 -57.229928978
v -102.623483059 -21.545180787 -57.593932390
v -102.352683228 -21.806846935 -57.904770612
v -102.959582859 -19.656811627 -57.870075872
v -102.041256503 -22.023908769 -58.162622517
v -102.835660665 -19.952361917 -58.259045791
v -101.664373214 -22.215498786 -58.390215964
v -102.623483059 -20.240223521 -58.637896729
v -101.223349269 -22.372163648 -58.576321149
v -102.352683228 -20.486040967 -58.961413895
v -100.777780551 -22.474035901 -58.697337147
v -102.041256503 -20.689955712 -59.229783456
v -101.664373214 -20.869941427 -59.466660331
v -101.223349269 -21.017117348 -59.660356659
v -100.777780551 -21.112819360 -59.786308842
v -102.959582859 -16.298958650 -60.106849982
v -102.835660665 -16.544021890 -60.529450952
v -102.623483059 -16.782709856 -60.941058035
v -102.352683228 -16.986535810 -61.292547088
v -102.041256503 -17.155617045 -61.584120372
v -101.664373214 -17.304856901 -61.841478056
v -101.223349269 -17.426891659 -62.051921723
v -100.777780551 -17.506245482 -62.188763962
v -102.835660665 -11.348424683 -62.965262620
v -102.623483059 -11.512153456 -63.412012243
v -102.352683228 -11.651968521 -63.793511025
v -102.041256503 -11.767950334 -64.109978501
v -101.664373214 -11.870321890 -64.389309087
v -101.223349269 -11.954032022 -64.617720192
v -100.777780551 -12.008465031 -64.766245864
v -102.959582859 -5.723209995 -63.982744353
v -102.835660665 -5.809261406 -64.463621391
v -102.623483059 -5.893074205 -64.931988502
v -102.352683228 -5.964645571 -65.331947392
v -102.041256503 -6.024016690 -65.663728215
v -101.664373214 -6.076420715 -65.956575154
v -101.223349269 -6.119271952 -66.196038702
v -100.777780551 -6.147136223 -66.351751290
v -97.000000000 -0.100000000 -63.999843750
v -97.000000000 -5.249193917 -63.566532380
v -97.000000000 -10.261556496 -62.310071732
v -97.000000000 -15.006210081 -60.263292033
v -97.000000000 -19.359885058 -57.479301682
v -97.000000000 -23.208478124 -54.031034434
v -97.000000000 -26.452349296 -50.007588769
v -97.000000000 -29.006060340 -45.514748762
v -97.000000000 -30.803270102 -40.669405316
v -97.000000000 -31.797139665 -35.597477053
v -97.000000000 -31.961576989 -30.432349351
v -97.000000000 -31.292331677 -25.307465675
v -97.000000000 -29.806954558 -20.357602031
v -97.000000000 -27.544180642 -15.711410452
v -97.000000000 -24.562778778 -11.489762717
v -97.000000000 -20.941204899 -7.803598018
v -97.000000000 -16.773031785 -4.748111221
v -97.000000000 -12.167827895 -2.403649964
v -97.000000000 -7.245294425 -0.831013106
v -97.000000000 -3.695902082 -0.214150156
v -97.000000000 -0.100000000 -0.000156250
v -93.000000000 -0.100000000 -63.999843750
v -93.000000000 -5.249193918 -63.566532380
v -93.000000000 -10.261556496 -62.310071732
v -93.000000000 -15.006210081 -60.263292033
v -93.000000000 -19.359885059 -57.479301682
v -93.000000000 -23.208478125 -54.031034434
v -93.000000000 -26.452349297 -50.007588769
v -93.000000000 -29.006060340 -45.514748761
v -93.000000000 -30.803270103 -40.669405315
v -93.000000000 -31.797139665 -35.597477052
v -93.000000000 -31.961576989 -30.432349351
v -93.000000000 -31.292331677 -25.307465674
v -93.000000000 -29.806954557 -20.357602030
v -93.000000000 -27.544180642 -15.711410451
v -93.000000000 -24.562778778 -11.489762716
v -93.000000000 -20.941204898 -7.803598017
v -93.000000000 -16.773031783 -4.748111220
v -93.000000000 -12.167827894 -2.403649964
v -93.000000000 -7.245294423 -0.831013106
v -93.000000000 -3.695902082 -0.214150156
v -93.000000000 -0.100000000 -0.000156250
v -100.000000000 -0.100000000 2.999857143
v -100.000000000 -6.165205110 2.452724797
v -100.000000000 -12.043762702 0.862558938
v -100.000000000 -17.557703324 -1.722499212
v -100.000000000 -22.540096062 -5.224188723
v -100.000000000 -26.840102262 -9.536498257
v -100.000000000 -30.327542073 -14.528875485
v -100.000000000 -32.896835556 -20.050179482
v -100.000000000 -34.470199045 -25.933256411
v -100.000000000 -35.000000000 -32.000000000
v -100.000000000 -34.470199045 -38.066743589
v -100.000000000 -32.896835556 -43.949820518
v -100.000000000 -30.327542073 -49.471124515
v -100.000000000 -26.840102262 -54.463501743
v -100.000000000 -22.540096062 -58.775811277
v -100.000000000 -17.557703324 -62.277500788
v -100.000000000 -12.043762702 -64.862558938
v -100.000000000 -6.165205110 -66.452724797
v -100.000000000 -0.100000000 -66.999857143
v -97.000000000 -0.100000000 -63.999843750
v -97.040417128 -0.100000000 -64.490630550
v -97.164339347 -0.100000000 -64.979148357
v -97.376516942 -0.100000000 -65.454957650
v -97.647316787 -0.100000000 -65.861271593
v -97.958743484 -0.100000000 -66.198324155
v -98.335626814 -0.100000000 -66.495824165
v -98.776650741 -0.100000000 -66.739092571
v -99.222219442 -0.100000000 -66.897279258
v -99.605105345 -0.100000000 -66.973753177
v -97.000000000 -5.249193917 -63.566532380
v -97.000000000 -10.261556496 -62.310071732
v -97.000000000 -15.006210081 -60.263292033
v -97.000000000 -19.359885058 -57.479301682
v -97.000000000 -23.208478124 -54.031034434
v -97.000000000 -26.452349296 -50.007588769
v -97.000000000 -29.006060340 -45.514748762
v -97.000000000 -30.803270102 -40.669405316
v -97.000000000 -31.797139665 -35.597477053
v -97.000000000 -31.961576989 -30.432349351
v -97.000000000 -31.292331677 -25.307465675
v -97.000000000 -29.806954558 -20.357602031
v -97.000000000 -27.544180642 -15.711410452
v -97.000000000 -24.562778778 -11.489762717
v -97.000000000 -20.941204899 -7.803598018
v -97.000000000 -16.773031785 -4.748111221
v -97.000000000 -12.167827895 -2.403649964
v -97.000000000 -7.245294425 -0.831013106
v -97.000000000 -3.695902082 -0.214150156
v -97.000000000 -0.100000000 -0.000156250
v -97.040417128 -0.100000000 0.490630549
v -97.164339346 -0.100000000 0.979148355
v -97.376516941 -0.100000000 1.454957646
v -97.647316784 -0.100000000 1.861271589
v -97.958743479 -0.100000000 2.198324150
v -98.335626807 -0.100000000 2.495824160
v -98.776650735 -0.100000000 2.739092568
v -99.222219437 -0.100000000 2.897279257
v -99.605105343 -0.100000000 2.973753176
v -99.605105336 -4.039369862 2.739846024
v -98.776650737 -4.012267446 2.506756762
v -98.335626793 -3.984170865 2.265117361
v -97.958743502 -3.949810738 1.969609504
v -99.605105336 -6.160606947 2.427029101
v -97.647316776 -3.910882445 1.634813996
v -97.376516943 -3.863954728 1.231220929
v -98.776650737 -6.119271953 2.196038705
v -97.164339336 -3.809000582 0.758598057
v -98.335626793 -6.076420716 1.956575159
v -99.605105336 -7.918632543 2.065652339
v -97.040417141 -3.752578628 0.273351588
v -97.958743502 -6.024016691 1.663728220
v -97.647316776 -5.964645572 1.331947396
v -98.776650737 -7.865501962 1.837086624
v -97.376516943 -5.893074205 0.931988506
v -98.335626793 -7.810422454 1.600136702
v -97.164339336 -5.809261406 0.463621394
v -97.958743502 -7.743064120 1.310363744
v -97.040417141 -5.723209995 -0.017255646
v -97.647316776 -7.666750523 0.982065588
v -97.376516943 -7.574755147 0.586305022
v -97.164339336 -7.467025054 0.122854309
v -97.040417141 -7.356417526 -0.352975017
v -99.605105336 -12.034780165 0.838049227
v -98.776650737 -11.954032023 0.617720195
v -98.335626793 -11.870321892 0.389309092
v -97.958743502 -11.767950336 0.109978506
v -97.647316776 -11.651968522 -0.206488971
v -97.376516943 -11.512153457 -0.587987754
v -97.164339336 -11.348424684 -1.034737378
v -97.040417141 -11.180322771 -1.493419532
v -99.605105336 -17.544608354 -1.745080923
v -98.776650737 -17.426891660 -1.948078275
v -98.335626793 -17.304856904 -2.158521940
v -97.958743502 -17.155617048 -2.415879624
v -97.647316776 -16.986535812 -2.707452909
v -97.376516943 -16.782709857 -3.058941962
v -97.164339336 -16.544021892 -3.470549046
v -97.040417141 -16.298958651 -3.893150017
v -99.605105336 -22.523285099 -5.244158787
v -98.776650737 -22.372163650 -5.423678848
v -98.335626793 -22.215498789 -5.609784033
v -97.958743502 -22.023908772 -5.837377480
v -97.647316776 -21.806846938 -6.095229384
v -97.376516943 -21.545180789 -6.406067608
v -97.164339336 -21.238759751 -6.770071020
v -97.040417141 -20.924154310 -7.143796841
v -99.605105336 -26.820084248 -9.553252093
v -98.776650737 -26.640133144 -9.703860012
v -98.335626793 -26.453581106 -9.859992503
v -97.958743502 -26.225441188 -10.050931472
v -97.647316776 -25.966970159 -10.267255700
v -97.376516943 -25.655385587 -10.528032672
v -97.164339336 -25.290508171 -10.833412449
v -97.040417141 -24.915885003 -11.146948818
v -99.605105336 -30.103979530 -14.197645461
v -98.776650737 -29.901994916 -14.317091519
v -98.335626793 -29.692601139 -14.440919077
v -97.958743502 -29.436527394 -14.592351402
v -97.647316776 -29.146408746 -14.763916593
v -97.376516943 -28.796673246 -14.970736936
v -97.164339336 -28.387119639 -15.212931445
v -97.040417141 -27.966626993 -15.461594886
v -99.605105336 -32.577042237 -19.275624582
v -98.776650737 -32.358464448 -19.360999608
v -98.335626793 -32.131868827 -19.449506347
v -97.958743502 -31.854758447 -19.557743813
v -97.647316776 -31.540806352 -19.680371407
v -97.376516943 -31.162339839 -19.828197903
v -97.164339336 -30.719141120 -20.001308366
v -97.040417141 -30.264104713 -20.179042552
v -98.776650737 -33.970989577 -24.734573690
v -98.335626793 -33.733101976 -24.785451066
v -97.958743502 -33.442182305 -24.847670491
v -97.647316776 -33.112584980 -24.918161964
v -97.376516943 -32.715258278 -25.003138819
v -97.164339336 -32.249973558 -25.102649958
v -97.040417141 -31.772261240 -25.204819005
v -98.776650737 -34.697525938 -30.298163910
v -98.335626793 -34.454550644 -30.310081305
v -99.605105336 -34.973896132 -32.000000000
v -97.958743502 -34.157409084 -30.324655434
v -97.647316776 -33.820762672 -30.341167188
v -98.776650737 -34.739236496 -32.000000000
v -97.376516943 -33.414938358 -30.361071964
v -98.335626793 -34.495969116 -32.000000000
v -97.164339336 -32.939702610 -30.384381215
v -97.958743502 -34.198470357 -32.000000000
v -97.040417141 -32.451773476 -30.408313048
v -97.647316776 -33.861419256 -32.000000000
v -97.376516943 -33.455107092 -32.000000000
v -97.164339336 -32.979300054 -32.000000000
v -99.605105336 -34.752185110 -35.931798666
v -97.040417141 -32.490784372 -32.000000000
v -98.776650737 -34.519013058 -35.905418007
v -98.335626793 -34.277287830 -35.878069656
v -97.958743502 -33.981675013 -35.844624563
v -99.605105336 -34.444490316 -38.062218861
v -97.647316776 -33.646760590 -35.806732958
v -97.376516943 -33.243024173 -35.761054958
v -98.776650737 -34.213382763 -38.021544009
v -97.164339336 -32.770233432 -35.707564278
v -98.335626793 -33.973797763 -37.979377128
v -97.040417141 -32.284814611 -35.652644880
v -97.958743502 -33.680802293 -37.927810023
v -97.647316776 -33.348853192 -37.869387091
v -97.376516943 -32.948691444 -37.798958756
v -97.164339336 -32.480086779 -37.716484491
v -99.605105336 -33.665947407 -41.475093447
v -97.040417141 -31.998965841 -37.631807365
v -98.776650737 -33.440063538 -41.411519689
v -98.335626793 -33.205893837 -41.345613931
v -97.958743502 -32.919520893 -41.265015860
v -97.647316776 -32.595074781 -41.173702308
v -99.605105336 -32.872300280 -43.940908046
v -97.376516943 -32.203957821 -41.063624618
v -97.164339336 -31.745944946 -40.934719444
v -98.776650737 -32.651741438 -43.860789745
v -97.040417141 -31.275698702 -40.802371257
v -98.335626793 -32.423092096 -43.777732558
v -97.958743502 -32.143470159 -43.676159508
v -97.647316776 -31.826672598 -43.561082360
v -97.376516943 -31.444775900 -43.422357862
v -99.605105336 -31.701717553 -46.770731697
v -97.164339336 -30.997560304 -43.259906185
v -98.776650737 -31.489012812 -46.671626510
v -97.040417141 -30.538399730 -43.093115478
v -98.335626793 -31.268505674 -46.568885963
v -97.958743502 -30.998841075 -46.443241559
v -97.647316776 -30.693324676 -46.300892781
v -97.376516943 -30.325027321 -46.129292570
v -99.605105336 -30.304923040 -49.458094117
v -97.164339336 -29.893737074 -45.928342179
v -98.776650737 -30.101590183 -49.340957897
v -97.040417141 -29.450927209 -45.722024471
v -98.335626793 -29.890798706 -49.219524906
v -97.958743502 -29.633015673 -49.071020966
v -97.647316776 -29.340960489 -48.902773488
v -99.605105336 -28.910679792 -51.681107810
v -97.376516943 -28.988890511 -48.699952619
v -97.164339336 -28.576603141 -48.462441648
v -98.776650737 -28.716701701 -51.549056134
v -97.040417141 -28.153303715 -48.218586839
v -98.335626793 -28.515608140 -51.412160561
v -97.958743502 -28.269684971 -51.244746981
v -97.647316776 -27.991066415 -51.055075833
v -97.376516943 -27.655194174 -50.826428916
v -97.164339336 -27.261874972 -50.558674659
v -99.605105336 -26.820084248 -54.446747907
v -97.040417141 -26.858050347 -50.283768775
v -98.776650737 -26.640133144 -54.296139988
v -98.335626793 -26.453581106 -54.140007497
v -97.958743502 -26.225441188 -53.949068528
v -99.605105336 -25.365336851 -56.078477882
v -97.647316776 -25.966970159 -53.732744300
v -97.376516943 -25.655385587 -53.471967328
v -98.776650737 -25.195146470 -55.916921764
v -97.164339336 -25.290508171 -53.166587551
v -98.335626793 -25.018713195 -55.749439474
v -97.040417141 -24.915885003 -52.853051182
v -97.958743502 -24.802947807 -55.544620507
v -97.647316776 -24.558496498 -55.312570939
v -97.376516943 -24.263812575 -55.032837208
v -97.164339336 -23.918726465 -54.705258342
v -99.605105336 -22.523285099 -58.755841212
v -97.040417141 -23.564423221 -54.368929955
v -98.776650737 -22.372163650 -58.576321152
v -98.335626793 -22.215498789 -58.390215967
v -99.605105336 -21.159085613 -59.847199261
v -97.958743502 -22.023908772 -58.162622520
v -97.647316776 -21.806846938 -57.904770616
v -98.776650737 -21.017117349 -59.660356662
v -97.376516943 -21.545180789 -57.593932392
v -98.335626793 -20.869941430 -59.466660336
v -97.164339336 -21.238759751 -57.229928980
v -97.958743502 -20.689955714 -59.229783460
v -97.040417141 -20.924154310 -56.856203159
v -97.647316776 -20.486040969 -58.961413899
v -97.376516943 -20.240223522 -58.637896732
v -97.164339336 -19.952361918 -58.259045793
v -97.040417141 -19.656811628 -57.870075874
v -99.605105336 -17.544608354 -62.254919077
v -98.776650737 -17.426891660 -62.051921725
v -98.335626793 -17.304856904 -61.841478060
v -97.958743502 -17.155617048 -61.584120376
v -97.647316776 -16.986535813 -61.292547091
v -97.376516943 -16.782709857 -60.941058038
v -97.164339336 -16.544021892 -60.529450954
v -97.040417141 -16.298958651 -60.106849983
v -99.605105336 -12.034780165 -64.838049227
v -98.776650737 -11.954032023 -64.617720195
v -98.335626793 -11.870321892 -64.389309092
v -97.958743502 -11.767950336 -64.109978506
v -97.647316776 -11.651968522 -63.793511029
v -97.376516943 -11.512153457 -63.412012246
v -97.164339336 -11.348424684 -62.965262622
v -97.040417141 -11.180322771 -62.506580467
v -99.605105336 -6.160606947 -66.427029101
v -98.776650737 -6.119271953 -66.196038705
v -98.335626793 -6.076420716 -65.956575159
v -97.958743502 -6.024016691 -65.663728220
v -97.647316776 -5.964645572 -65.331947396
v -97.376516943 -5.893074205 -64.931988506
v -97.164339336 -5.809261406 -64.463621394
v -97.040417141 -5.723209995 -63.982744354
v -60.000000000 -40.000000000 10.000000000
v -60.000000000 -0.100000000 10.000000000
v -70.000000000 -0.100000000 10.000000000
v -70.000000000 -40.000000000 10.000000000
v -60.000000000 -40.000000000 -70.000000000
v -60.000000000 -40.000000000 10.000000000
v -70.000000000 -40.000000000 -70.000000000
v -70.000000000 -40.000000000 10.000000000
v -110.000000000 0.000000000 -43.000000000
v -109.848077530 1.736481777 -43.000000000
v -109.396926208 3.420201433 -43.000000000
v -108.660254038 5.000000000 -43.000000000
v -107.660444431 6.427876097 -43.000000000
v -106.427876097 7.660444431 -43.000000000
v -105.000000000 8.660254038 -43.000000000
v -103.420201433 9.396926208 -43.000000000
v -101.736481777 9.848077530 -43.000000000
v -100.000000000 10.000000000 -43.000000000
v -98.263518223 9.848077530 -43.000000000
v -96.579798567 9.396926208 -43.000000000
v -95.000000000 8.660254038 -43.000000000
v -93.572123903 7.660444431 -43.000000000
v -92.339555569 6.427876097 -43.000000000
v -91.339745962 5.000000000 -43.000000000
v -90.603073792 3.420201433 -43.000000000
v -90.151922470 1.736481777 -43.000000000
v -90.000000000 -0.000000000 -43.000000000
v -90.151922470 -1.736481777 -43.000000000
v -90.603073792 -3.420201433 -43.000000000
v -91.339745962 -5.000000000 -43.000000000
v -92.339555569 -6.427876097 -43.000000000
v -93.572123903 -7.660444431 -43.000000000
v -95.000000000 -8.660254038 -43.000000000
v -96.579798567 -9.396926208 -43.000000000
v -98.263518223 -9.848077530 -43.000000000
v -100.000000000 -10.000000000 -43.000000000
v -101.736481777 -9.848077530 -43.000000000
v -103.420201433 -9.396926208 -43.000000000
v -105.000000000 -8.660254038 -43.000000000
v -106.427876097 -7.660444431 -43.000000000
v -107.660444431 -6.427876097 -43.000000000
v -108.660254038 -5.000000000 -43.000000000
v -109.396926208 -3.420201433 -43.000000000
v -109.848077530 -1.736481777 -43.000000000
v -95.000000000 0.010000000 -43.000000000
v -95.075961235 0.878240888 -43.000000000
v -95.301536896 1.720100717 -43.000000000
v -95.669872981 2.510000000 -43.000000000
v -96.169777784 3.223938048 -43.000000000
v -96.786061952 3.840222216 -43.000000000
v -97.500000000 4.340127019 -43.000000000
v -98.289899283 4.708463104 -43.000000000
v -99.131759112 4.934038765 -43.000000000
v -100.000000000 5.010000000 -43.000000000
v -100.868240888 4.934038765 -43.000000000
v -101.710100717 4.708463104 -43.000000000
v -102.500000000 4.340127019 -43.000000000
v -103.213938048 3.840222216 -43.000000000
v -103.830222216 3.223938048 -43.000000000
v -104.330127019 2.510000000 -43.000000000
v -104.698463104 1.720100717 -43.000000000
v -104.924038765 0.878240888 -43.000000000
v -105.000000000 0.010000000 -43.000000000
v -104.924038765 -0.858240888 -43.000000000
v -104.698463104 -1.700100717 -43.000000000
v -104.330127019 -2.490000000 -43.000000000
v -103.830222216 -3.203938048 -43.000000000
v -103.213938048 -3.820222216 -43.000000000
v -102.500000000 -4.320127019 -43.000000000
v -101.710100717 -4.688463104 -43.000000000
v -100.868240888 -4.914038765 -43.000000000
v -100.000000000 -4.990000000 -43.000000000
v -99.131759112 -4.914038765 -43.000000000
v -98.289899283 -4.688463104 -43.000000000
v -97.500000000 -4.320127019 -43.000000000
v -96.786061952 -3.820222216 -43.000000000
v -96.169777784 -3.203938048 -43.000000000
v -95.669872981 -2.490000000 -43.000000000
v -95.301536896 -1.700100717 -43.000000000
v -95.075961235 -0.858240888 -43.000000000
v -110.000000000 0.000000000 -43.000000000
v -109.848077530 1.736481777 -43.000000000
v -109.396926208 3.420201433 -43.000000000
v -108.660254038 5.000000000 -43.000000000
v -107.660444431 6.427876097 -43.000000000
v -106.427876097 7.660444431 -43.000000000
v -105.000000000 8.660254038 -43.000000000
v -103.420201433 9.396926208 -43.000000000
v -101.736481777 9.848077530 -43.000000000
v -100.000000000 10.000000000 -43.000000000
v -98.263518223 9.848077530 -43.000000000
v -96.579798567 9.396926208 -43.000000000
v -95.000000000 8.660254038 -43.000000000
v -93.572123903 7.660444431 -43.000000000
v -92.339555569 6.427876097 -43.000000000
v -91.339745962 5.000000000 -43.000000000
v -90.603073792 3.420201433 -43.000000000
v -90.151922470 1.736481777 -43.000000000
v -90.000000000 -0.000000000 -43.000000000
v -90.151922470 -1.736481777 -43.000000000
v -90.603073792 -3.420201433 -43.000000000
v -91.339745962 -5.000000000 -43.000000000
v -92.339555569 -6.427876097 -43.000000000
v -93.572123903 -7.660444431 -43.000000000
v -95.000000000 -8.660254038 -43.000000000
v -96.579798567 -9.396926208 -43.000000000
v -98.263518223 -9.848077530 -43.000000000
v -100.000000000 -10.000000000 -43.000000000
v -101.736481777 -9.848077530 -43.000000000
v -103.420201433 -9.396926208 -43.000000000
v -105.000000000 -8.660254038 -43.000000000
v -106.427876097 -7.660444431 -43.000000000
v -107.660444431 -6.427876097 -43.000000000
v -108.660254038 -5.000000000 -43.000000000
v -109.396926208 -3.420201433 -43.000000000
v -109.848077530 -1.736481777 -43.000000000
v -110.000000000 0.000000000 -43.000000000
v -110.000000000 0.000000000 -23.000000000
v -109.848077530 1.736481777 -23.000000000
v -109.396926208 3.420201433 -23.000000000
v -108.660254038 5.000000000 -23.000000000
v -107.660444431 6.427876097 -23.000000000
v -106.427876097 7.660444431 -23.000000000
v -105.000000000 8.660254038 -23.000000000
v -103.420201433 9.396926208 -23.000000000
v -101.736481777 9.848077530 -23.000000000
v -100.000000000 10.000000000 -23.000000000
v -98.263518223 9.848077530 -23.000000000
v -96.579798567 9.396926208 -23.000000000
v -95.000000000 8.660254038 -23.000000000
v -93.572123903 7.660444431 -23.000000000
v -92.339555569 6.427876097 -23.000000000
v -91.339745962 5.000000000 -23.000000000
v -90.603073792 3.420201433 -23.000000000
v -90.151922470 1.736481777 -23.000000000
v -90.000000000 -0.000000000 -23.000000000
v -90.151922470 -1.736481777 -23.000000000
v -90.603073792 -3.420201433 -23.000000000
v -91.339745962 -5.000000000 -23.000000000
v -92.339555569 -6.427876097 -23.000000000
v -93.572123903 -7.660444431 -23.000000000
v -95.000000000 -8.660254038 -23.000000000
v -96.579798567 -9.396926208 -23.000000000
v -98.263518223 -9.848077530 -23.000000000
v -100.000000000 -10.000000000 -23.000000000
v -101.736481777 -9.848077530 -23.000000000
v -103.420201433 -9.396926208 -23.000000000
v -105.000000000 -8.660254038 -23.000000000
v -106.427876097 -7.660444431 -23.000000000
v -107.660444431 -6.427876097 -23.000000000
v -108.660254038 -5.000000000 -23.000000000
v -109.396926208 -3.420201433 -23.000000000
v -109.848077530 -1.736481777 -23.000000000
v -110.000000000 0.000000000 -23.000000000
v -90.202041028 -2.000000000 -25.000000000
v -90.202041028 -2.000000000 -35.000000000
v -90.202041028 2.000000000 -25.000000000
v -90.022516552 0.670689228 -25.000000000
v -90.022516552 -0.670689228 -25.000000000
v -90.202041028 2.000000000 -35.000000000
v -90.022516552 0.670689228 -35.000000000
v -90.022516552 -0.670689228 -35.000000000
v -95.000000000 0.010000000 -43.000000000
v -95.000000000 0.010000000 -23.000000000
v -95.000000000 0.010000000 -23.000000000
v -95.075961235 0.878240888 -23.000000000
v -95.301536896 1.720100717 -23.000000000
v -95.669872981 2.510000000 -23.000000000
v -96.169777784 3.223938048 -23.000000000
v -96.786061952 3.840222216 -23.000000000
v -97.500000000 4.340127019 -23.000000000
v -98.289899283 4.708463104 -23.000000000
v -99.131759112 4.934038765 -23.000000000
v -100.000000000 5.010000000 -23.000000000
v -100.868240888 4.934038765 -23.000000000
v -101.710100717 4.708463104 -23.000000000
v -102.500000000 4.340127019 -23.000000000
v -103.213938048 3.840222216 -23.000000000
v -103.830222216 3.223938048 -23.000000000
v -104.330127019 2.510000000 -23.000000000
v -104.698463104 1.720100717 -23.000000000
v -104.924038765 0.878240888 -23.000000000
v -105.000000000 0.010000000 -23.000000000
v -104.924038765 -0.858240888 -23.000000000
v -104.698463104 -1.700100717 -23.000000000
v -104.330127019 -2.490000000 -23.000000000
v -103.830222216 -3.203938048 -23.000000000
v -103.213938048 -3.820222216 -23.000000000
v -102.500000000 -4.320127019 -23.000000000
v -101.710100717 -4.688463104 -23.000000000
v -100.868240888 -4.914038765 -23.000000000
v -100.000000000 -4.990000000 -23.000000000
v -99.131759112 -4.914038765 -23.000000000
v -98.289899283 -4.688463104 -23.000000000
v -97.500000000 -4.320127019 -23.000000000
v -96.786061952 -3.820222216 -23.000000000
v -96.169777784 -3.203938048 -23.000000000
v -95.669872981 -2.490000000 -23.000000000
v -95.301536896 -1.700100717 -23.000000000
v -95.075961235 -0.858240888 -23.000000000
v -95.000000000 0.010000000 -43.000000000
v -95.075961235 0.878240888 -43.000000000
v -95.301536896 1.720100717 -43.000000000
v -95.669872981 2.510000000 -43.000000000
v -96.169777784 3.223938048 -43.000000000
v -96.786061952 3.840222216 -43.000000000
v -97.500000000 4.340127019 -43.000000000
v -98.289899283 4.708463104 -43.000000000
v -99.131759112 4.934038765 -43.000000000
v -100.000000000 5.010000000 -43.000000000
v -100.868240888 4.934038765 -43.000000000
v -101.710100717 4.708463104 -43.000000000
v -102.500000000 4.340127019 -43.000000000
v -103.213938048 3.840222216 -43.000000000
v -103.830222216 3.223938048 -43.000000000
v -104.330127019 2.510000000 -43.000000000
v -104.698463104 1.720100717 -43.000000000
v -104.924038765 0.878240888 -43.000000000
v -105.000000000 0.010000000 -43.000000000
v -104.924038765 -0.858240888 -43.000000000
v -104.698463104 -1.700100717 -43.000000000
v -104.330127019 -2.490000000 -43.000000000
v -103.830222216 -3.203938048 -43.000000000
v -103.213938048 -3.820222216 -43.000000000
v -102.500000000 -4.320127019 -43.000000000
v -101.710100717 -4.688463104 -43.000000000
v -100.868240888 -4.914038765 -43.000000000
v -100.000000000 -4.990000000 -43.000000000
v -99.131759112 -4.914038765 -43.000000000
v -98.289899283 -4.688463104 -43.000000000
v -97.500000000 -4.320127019 -43.000000000
v -96.786061952 -3.820222216 -43.000000000
v -96.169777784 -3.203938048 -43.000000000
v -95.669872981 -2.490000000 -43.000000000
v -95.301536896 -1.700100717 -43.000000000
v -95.075961235 -0.858240888 -43.000000000
v -110.000000000 0.000000000 -23.000000000
v -109.848077530 1.736481777 -23.000000000
v -109.396926208 3.420201433 -23.000000000
v -108.660254038 5.000000000 -23.000000000
v -107.660444431 6.427876097 -23.000000000
v -106.427876097 7.660444431 -23.000000000
v -105.000000000 8.660254038 -23.000000000
v -103.420201433 9.396926208 -23.000000000
v -101.736481777 9.848077530 -23.000000000
v -100.000000000 10.000000000 -23.000000000
v -98.263518223 9.848077530 -23.000000000
v -96.579798567 9.396926208 -23.000000000
v -95.000000000 8.660254038 -23.000000000
v -93.572123903 7.660444431 -23.000000000
v -92.339555569 6.427876097 -23.000000000
v -91.339745962 5.000000000 -23.000000000
v -90.603073792 3.420201433 -23.000000000
v -90.151922470 1.736481777 -23.000000000
v -90.000000000 -0.000000000 -23.000000000
v -90.151922470 -1.736481777 -23.000000000
v -90.603073792 -3.420201433 -23.000000000
v -91.339745962 -5.000000000 -23.000000000
v -92.339555569 -6.427876097 -23.000000000
v -93.572123903 -7.660444431 -23.000000000
v -95.000000000 -8.660254038 -23.000000000
v -96.579798567 -9.396926208 -23.000000000
v -98.263518223 -9.848077530 -23.000000000
v -100.000000000 -10.000000000 -23.000000000
v -101.736481777 -9.848077530 -23.000000000
v -103.420201433 -9.396926208 -23.000000000
v -105.000000000 -8.660254038 -23.000000000
v -106.427876097 -7.660444431 -23.000000000
v -107.660444431 -6.427876097 -23.000000000
v -108.660254038 -5.000000000 -23.000000000
v -109.396926208 -3.420201433 -23.000000000
v -109.848077530 -1.736481777 -23.000000000
v -95.000000000 0.010000000 -23.000000000
v -95.075961235 0.878240888 -23.000000000
v -95.301536896 1.720100717 -23.000000000
v -95.669872981 2.510000000 -23.000000000
v -96.169777784 3.223938048 -23.000000000
v -96.786061952 3.840222216 -23.000000000
v -97.500000000 4.340127019 -23.000000000
v -98.289899283 4.708463104 -23.000000000
v -99.131759112 4.934038765 -23.000000000
v -100.000000000 5.010000000 -23.000000000
v -100.868240888 4.934038765 -23.000000000
v -101.710100717 4.708463104 -23.000000000
v -102.500000000 4.340127019 -23.000000000
v -103.213938048 3.840222216 -23.000000000
v -103.830222216 3.223938048 -23.000000000
v -104.330127019 2.510000000 -23.000000000
v -104.698463104 1.720100717 -23.000000000
v -104.924038765 0.878240888 -23.000000000
v -105.000000000 0.010000000 -23.000000000
v -104.924038765 -0.858240888 -23.000000000
v -104.698463104 -1.700100717 -23.000000000
v -104.330127019 -2.490000000 -23.000000000
v -103.830222216 -3.203938048 -23.000000000
v -103.213938048 -3.820222216 -23.000000000
v -102.500000000 -4.320127019 -23.000000000
v -101.710100717 -4.688463104 -23.000000000
v -100.868240888 -4.914038765 -23.000000000
v -100.000000000 -4.990000000 -23.000000000
v -99.131759112 -4.914038765 -23.000000000
v -98.289899283 -4.688463104 -23.000000000
v -97.500000000 -4.320127019 -23.000000000
v -96.786061952 -3.820222216 -23.000000000
v -96.169777784 -3.203938048 -23.000000000
v -95.669872981 -2.490000000 -23.000000000
v -95.301536896 -1.700100717 -23.000000000
v -95.075961235 -0.858240888 -23.000000000
v -90.202041028 -2.000000000 -35.000000000
v 10.183346174 -2.000000000 -35.000000000
v -90.202041028 -2.000000000 -25.000000000
v 10.183346174 -2.000000000 -25.000000000
v 10.416994756 -2.000000000 -25.000000000
v 10.416994756 -2.000000000 -35.000000000
v -90.202041028 -2.000000000 -25.000000000
v 10.183346174 -2.000000000 -25.000000000
v 10.183346174 2.000000000 -25.000000000
v 10.020422320 0.669980571 -25.000000000
v 10.020422320 -0.669980571 -25.000000000
v -90.202041028 2.000000000 -25.000000000
v -90.022516552 0.670689228 -25.000000000
v -90.022516552 -0.670689228 -25.000000000
v -90.202041028 -2.000000000 -35.000000000
v 10.183346174 -2.000000000 -35.000000000
v 10.183346174 2.000000000 -35.000000000
v 10.020422320 0.669980571 -35.000000000
v 10.020422320 -0.669980571 -35.000000000
v -90.202041028 2.000000000 -35.000000000
v -90.022516552 0.670689228 -35.000000000
v -90.022516552 -0.670689228 -35.000000000
v -90.202041028 2.000000000 -35.000000000
v 10.183346174 2.000000000 -35.000000000
v -90.202041028 2.000000000 -25.000000000
v 10.183346174 2.000000000 -25.000000000
v 10.416994756 2.000000000 -25.000000000
v 10.416994756 2.000000000 -35.000000000
v 11.379086142 -2.727272727 -35.000000000
v 11.320368300 -2.571145433 -35.000000000
v 11.232424904 -2.421144515 -35.000000000
v 11.129181307 -2.298009746 -35.000000000
v 11.004144560 -2.190521707 -35.000000000
v 10.869682872 -2.108331076 -35.000000000
v 10.722839112 -2.047918475 -35.000000000
v 10.568774779 -2.011585702 -35.000000000
v 10.416994756 -2.000000000 -35.000000000
v 10.183346174 -2.000000000 -35.000000000
v 11.166678340 -1.818181818 -36.000000000
v 11.154208820 -1.820487433 -35.841251896
v 11.115924966 -1.827566120 -35.682882747
v 11.050128120 -1.839731961 -35.527767839
v 10.966295081 -1.855232696 -35.394993029
v 10.862968563 -1.874337776 -35.277281235
v 10.738871555 -1.897283321 -35.174869202
v 10.593310939 -1.924197488 -35.091053978
v 10.442906566 -1.952007266 -35.035466382
v 10.311345384 -1.976332938 -35.008508158
v 11.374848478 -2.712279150 -35.179578491
v 11.362909030 -2.669546337 -35.348786936
v 11.344170069 -2.600951430 -35.506531929
v 11.318942290 -2.505418453 -35.652864127
v 11.290300593 -2.392015347 -35.774311998
v 11.258977377 -2.261079002 -35.872529494
v 11.226714951 -2.117285843 -35.943994191
v 11.197003742 -1.975161859 -35.984895685
v 11.000332252 -2.175669533 -35.101395641
v 10.977057636 -2.130171986 -35.178295113
v 10.924678097 -2.002140175 -35.276388040
v 10.900652843 -1.934417695 -35.294209371
v 11.194086803 -2.258283547 -35.447059718
v 10.951691308 -2.072059983 -35.235908012
v 11.184306212 -2.219648151 -35.484834000
v 10.780821276 -1.960638283 -35.180557174
v 10.650521519 -1.992084030 -35.080018825
v 10.579697802 -1.985718377 -35.056432222
v 10.433339598 -1.985173896 -35.020126103
v 10.763844103 -2.047120188 -35.070515150
v 11.379086142 -2.727272727 -35.000000000
v 11.320368300 -2.571145433 -35.000000000
v 11.232424904 -2.421144515 -35.000000000
v 11.129181307 -2.298009746 -35.000000000
v 11.004144560 -2.190521707 -35.000000000
v 10.869682872 -2.108331076 -35.000000000
v 10.722839112 -2.047918475 -35.000000000
v 10.568774779 -2.011585702 -35.000000000
v 10.416994756 -2.000000000 -35.000000000
v 10.416994756 -2.000000000 -25.000000000
v 11.379086142 -2.727272727 -25.000000000
v 11.320368300 -2.571145433 -25.000000000
v 11.232424904 -2.421144515 -25.000000000
v 11.129181307 -2.298009746 -25.000000000
v 11.004144560 -2.190521707 -25.000000000
v 10.869682872 -2.108331076 -25.000000000
v 10.722839112 -2.047918475 -25.000000000
v 10.568774779 -2.011585702 -25.000000000
v 11.379086142 -2.727272727 -25.000000000
v 11.320368300 -2.571145433 -25.000000000
v 11.232424904 -2.421144515 -25.000000000
v 11.129181307 -2.298009746 -25.000000000
v 11.004144560 -2.190521707 -25.000000000
v 10.869682872 -2.108331076 -25.000000000
v 10.722839112 -2.047918475 -25.000000000
v 10.568774779 -2.011585702 -25.000000000
v 10.416994756 -2.000000000 -25.000000000
v 10.183346174 -2.000000000 -25.000000000
v 11.166678340 -1.818181818 -24.000000000
v 11.154208820 -1.820487433 -24.158748104
v 11.115924966 -1.827566120 -24.317117253
v 11.050128120 -1.839731961 -24.472232161
v 10.966295081 -1.855232696 -24.605006971
v 10.862968563 -1.874337776 -24.722718765
v 10.738871555 -1.897283321 -24.825130798
v 10.593310939 -1.924197488 -24.908946022
v 10.442906566 -1.952007266 -24.964533618
v 10.311345384 -1.976332938 -24.991491842
v 11.374905875 -2.712482825 -24.821637857
v 11.362507634 -2.668096866 -24.646992306
v 11.344419490 -2.601877210 -24.495197159
v 11.320408559 -2.511077365 -24.354414242
v 11.294108391 -2.407419382 -24.239856633
v 11.263079991 -2.278681358 -24.138622668
v 11.232353342 -2.143146930 -24.066467911
v 11.200723907 -1.993536569 -24.018884293
v 11.183670559 -1.907793569 -24.004895553
v 10.999575501 -2.174354238 -24.895570247
v 10.975368401 -2.126545160 -24.817170597
v 10.922125914 -1.995145587 -24.720857532
v 10.895749720 -1.920279504 -24.704538386
v 11.193527058 -2.256101505 -24.550630965
v 10.949644785 -2.067044388 -24.760313107
v 11.184413813 -2.220079034 -24.515553286
v 10.653677895 -1.994611433 -24.921117065
v 10.779729137 -1.958709271 -24.819084519
v 10.583043326 -1.987612279 -24.944226408
v 10.437081876 -1.985970574 -24.979950646
v 10.310154701 -1.986976141 -24.993506498
v 11.166678340 1.818181818 -24.000000000
v 11.154208820 1.820487433 -24.158748104
v 11.115924966 1.827566120 -24.317117253
v 11.050128120 1.839731961 -24.472232161
v 10.966295081 1.855232696 -24.605006971
v 10.862968563 1.874337776 -24.722718765
v 10.738871555 1.897283321 -24.825130798
v 10.593310939 1.924197488 -24.908946022
v 10.442906566 1.952007266 -24.964533618
v 10.311345384 1.976332938 -24.991491842
v 10.183346174 2.000000000 -25.000000000
v 11.018565745 0.609073247 -24.000000000
v 11.018565745 -0.609073247 -24.000000000
v 11.166678340 -1.818181818 -24.000000000
v 11.154208820 -1.820487433 -24.158748104
v 11.115924966 -1.827566120 -24.317117253
v 11.050128120 -1.839731961 -24.472232161
v 10.966295081 -1.855232696 -24.605006971
v 10.862968563 -1.874337776 -24.722718765
v 10.738871555 -1.897283321 -24.825130798
v 10.593310939 -1.924197488 -24.908946022
v 10.442906566 -1.952007266 -24.964533618
v 10.311345384 -1.976332938 -24.991491842
v 10.183346174 -2.000000000 -25.000000000
v 10.020422320 0.669980571 -25.000000000
v 10.020422320 -0.669980571 -25.000000000
v 11.005908408 0.609845605 -24.158748087
v 10.967047901 0.612216897 -24.317117276
v 10.900260023 0.616292334 -24.472232135
v 10.815164229 0.621484932 -24.605007001
v 10.710281402 0.627884946 -24.722718759
v 10.584315207 0.635571481 -24.825130794
v 10.436562093 0.644587467 -24.908946027
v 10.283892310 0.653903471 -24.964533613
v 11.005908408 -0.609845605 -24.158748087
v 10.150349474 0.662052336 -24.991491844
v 10.967047901 -0.612216897 -24.317117276
v 10.900260023 -0.616292334 -24.472232135
v 10.815164229 -0.621484932 -24.605007001
v 10.710281402 -0.627884946 -24.722718759
v 10.584315207 -0.635571481 -24.825130794
v 10.436562093 -0.644587467 -24.908946027
v 10.283892310 -0.653903471 -24.964533613
v 10.150349474 -0.662052336 -24.991491844
v 11.166678340 1.818181818 -36.000000000
v 11.018565745 0.609073247 -36.000000000
v 11.018565745 -0.609073247 -36.000000000
v 11.166678340 -1.818181818 -36.000000000
v 11.154208820 1.820487433 -35.841251896
v 11.115924966 1.827566120 -35.682882747
v 11.050128120 1.839731961 -35.527767839
v 10.966295081 1.855232696 -35.394993029
v 10.862968563 1.874337776 -35.277281235
v 10.738871555 1.897283321 -35.174869202
v 10.593310939 1.924197488 -35.091053978
v 10.442906566 1.952007266 -35.035466382
v 10.311345384 1.976332938 -35.008508158
v 10.183346174 2.000000000 -35.000000000
v 10.020422320 0.669980571 -35.000000000
v 10.020422320 -0.669980571 -35.000000000
v 10.183346174 -2.000000000 -35.000000000
v 11.154208820 -1.820487433 -35.841251896
v 11.115924966 -1.827566120 -35.682882747
v 11.050128120 -1.839731961 -35.527767839
v 10.966295081 -1.855232696 -35.394993029
v 10.862968563 -1.874337776 -35.277281235
v 10.738871555 -1.897283321 -35.174869202
v 10.593310939 -1.924197488 -35.091053978
v 10.442906566 -1.952007266 -35.035466382
v 10.311345384 -1.976332938 -35.008508158
v 11.005908408 -0.609845605 -35.841251913
v 10.967047901 -0.612216897 -35.682882724
v 10.900260023 -0.616292334 -35.527767865
v 10.815164229 -0.621484932 -35.394992999
v 10.710281402 -0.627884946 -35.277281241
v 10.584315207 -0.635571481 -35.174869206
v 10.436562093 -0.644587467 -35.091053973
v 10.283892310 -0.653903471 -35.035466387
v 11.005908408 0.609845605 -35.841251913
v 10.150349474 -0.662052336 -35.008508156
v 10.967047901 0.612216897 -35.682882724
v 10.900260023 0.616292334 -35.527767865
v 10.815164229 0.621484932 -35.394992999
v 10.710281402 0.627884946 -35.277281241
v 10.584315207 0.635571481 -35.174869206
v 10.436562093 0.644587467 -35.091053973
v 10.283892310 0.653903471 -35.035466387
v 10.150349474 0.662052336 -35.008508156
v 11.379086142 2.727272727 -35.000000000
v 11.320368300 2.571145433 -35.000000000
v 11.232424904 2.421144515 -35.000000000
v 11.129181307 2.298009746 -35.000000000
v 11.004144560 2.190521707 -35.000000000
v 10.869682872 2.108331076 -35.000000000
v 10.722839112 2.047918475 -35.000000000
v 10.568774779 2.011585702 -35.000000000
v 10.416994756 2.000000000 -35.000000000
v 10.183346174 2.000000000 -35.000000000
v 11.166678340 1.818181818 -36.000000000
v 11.154208820 1.820487433 -35.841251896
v 11.115924966 1.827566120 -35.682882747
v 11.050128120 1.839731961 -35.527767839
v 10.966295081 1.855232696 -35.394993029
v 10.862968563 1.874337776 -35.277281235
v 10.738871555 1.897283321 -35.174869202
v 10.593310939 1.924197488 -35.091053978
v 10.442906566 1.952007266 -35.035466382
v 10.311345384 1.976332938 -35.008508158
v 11.374848478 2.712279148 -35.179578501
v 11.362909029 2.669546332 -35.348786951
v 11.344170066 2.600951420 -35.506531948
v 11.318942287 2.505418439 -35.652864146
v 11.290300588 2.392015328 -35.774312014
v 11.258977373 2.261078985 -35.872529505
v 11.226714949 2.117285837 -35.943994193
v 11.197003743 1.975161861 -35.984895685
v 10.999575501 2.174354238 -35.104429753
v 10.975368401 2.126545160 -35.182829403
v 10.907387250 1.953742410 -35.291115318
v 10.931888373 2.021563189 -35.267582128
v 11.195244344 2.262784686 -35.442223453
v 10.953849444 2.077297376 -35.231793687
v 11.185518989 2.224497190 -35.480434005
v 10.781926979 1.962588582 -35.180170321
v 10.650521516 1.992084027 -35.080018827
v 10.579697798 1.985718375 -35.056432223
v 10.433339594 1.985173895 -35.020126103
v 10.763844101 2.047120186 -35.070515153
v 10.416994756 2.000000000 -35.000000000
v 10.416994756 2.000000000 -25.000000000
v 11.379086142 2.727272727 -35.000000000
v 11.320368300 2.571145433 -35.000000000
v 11.232424904 2.421144515 -35.000000000
v 11.129181307 2.298009746 -35.000000000
v 11.004144560 2.190521707 -35.000000000
v 10.869682872 2.108331076 -35.000000000
v 10.722839112 2.047918475 -35.000000000
v 10.568774779 2.011585702 -35.000000000
v 11.379086142 2.727272727 -25.000000000
v 11.320368300 2.571145433 -25.000000000
v 11.232424904 2.421144515 -25.000000000
v 11.129181307 2.298009746 -25.000000000
v 11.004144560 2.190521707 -25.000000000
v 10.869682872 2.108331076 -25.000000000
v 10.722839112 2.047918475 -25.000000000
v 10.568774779 2.011585702 -25.000000000
v 11.379086142 2.727272727 -25.000000000
v 11.320368300 2.571145433 -25.000000000
v 11.232424904 2.421144515 -25.000000000
v 11.129181307 2.298009746 -25.000000000
v 11.004144560 2.190521707 -25.000000000
v 10.869682872 2.108331076 -25.000000000
v 10.722839112 2.047918475 -25.000000000
v 10.568774779 2.011585702 -25.000000000
v 10.416994756 2.000000000 -25.000000000
v 10.183346174 2.000000000 -25.000000000
v 11.166678340 1.818181818 -24.000000000
v 11.154208820 1.820487433 -24.158748104
v 11.115924966 1.827566120 -24.317117253
v 11.050128120 1.839731961 -24.472232161
v 10.966295081 1.855232696 -24.605006971
v 10.862968563 1.874337776 -24.722718765
v 10.738871555 1.897283321 -24.825130798
v 10.593310939 1.924197488 -24.908946022
v 10.442906566 1.952007266 -24.964533618
v 10.311345384 1.976332938 -24.991491842
v 11.374905875 2.712482825 -24.821637857
v 11.362507634 2.668096866 -24.646992306
v 11.344419490 2.601877210 -24.495197159
v 11.320408559 2.511077365 -24.354414242
v 11.294108391 2.407419382 -24.239856633
v 11.263079991 2.278681358 -24.138622668
v 11.232353342 2.143146930 -24.066467911
v 11.200723907 1.993536569 -24.018884293
v 11.183670559 1.907793569 -24.004895553
v 10.999575501 2.174354238 -24.895570247
v 10.975368401 2.126545160 -24.817170597
v 10.922125914 1.995145587 -24.720857532
v 10.895749720 1.920279504 -24.704538386
v 11.193527058 2.256101505 -24.550630965
v 10.949644785 2.067044388 -24.760313107
v 11.184413813 2.220079034 -24.515553286
v 10.653677895 1.994611433 -24.921117065
v 10.779729137 1.958709271 -24.819084519
v 10.583043326 1.987612279 -24.944226408
v 10.437081876 1.985970574 -24.979950646
v 10.310154701 1.986976141 -24.993506498
v 31.000000000 0.000000000 -15.000000000
v 30.848077530 1.736481777 -15.000000000
v 30.396926208 3.420201433 -15.000000000
v 29.660254038 5.000000000 -15.000000000
v 28.660444431 6.427876097 -15.000000000
v 27.427876097 7.660444431 -15.000000000
v 26.000000000 8.660254038 -15.000000000
v 24.420201433 9.396926208 -15.000000000
v 22.736481777 9.848077530 -15.000000000
v 21.000000000 10.000000000 -15.000000000
v 19.263518223 9.848077530 -15.000000000
v 17.579798567 9.396926208 -15.000000000
v 16.000000000 8.660254038 -15.000000000
v 14.572123903 7.660444431 -15.000000000
v 13.339555569 6.427876097 -15.000000000
v 12.339745962 5.000000000 -15.000000000
v 11.603073792 3.420201433 -15.000000000
v 11.151922470 1.736481777 -15.000000000
v 11.000000000 0.000000000 -15.000000000
v 11.151922470 -1.736481777 -15.000000000
v 11.603073792 -3.420201433 -15.000000000
v 12.339745962 -5.000000000 -15.000000000
v 13.339555569 -6.427876097 -15.000000000
v 14.572123903 -7.660444431 -15.000000000
v 16.000000000 -8.660254038 -15.000000000
v 17.579798567 -9.396926208 -15.000000000
v 19.263518223 -9.848077530 -15.000000000
v 21.000000000 -10.000000000 -15.000000000
v 22.736481777 -9.848077530 -15.000000000
v 24.420201433 -9.396926208 -15.000000000
v 26.000000000 -8.660254038 -15.000000000
v 27.427876097 -7.660444431 -15.000000000
v 28.660444431 -6.427876097 -15.000000000
v 29.660254038 -5.000000000 -15.000000000
v 30.396926208 -3.420201433 -15.000000000
v 30.848077530 -1.736481777 -15.000000000
v 31.000000000 0.000000000 -15.000000000
v 31.000000000 0.000000000 -37.500000000
v 30.848077530 1.736481777 -37.500000000
v 30.396926208 3.420201433 -37.500000000
v 29.660254038 5.000000000 -37.500000000
v 28.660444431 6.427876097 -37.500000000
v 27.427876097 7.660444431 -37.500000000
v 26.000000000 8.660254038 -37.500000000
v 24.420201433 9.396926208 -37.500000000
v 22.736481777 9.848077530 -37.500000000
v 21.000000000 10.000000000 -37.500000000
v 19.263518223 9.848077530 -37.500000000
v 17.579798567 9.396926208 -37.500000000
v 16.000000000 8.660254038 -37.500000000
v 14.572123903 7.660444431 -37.500000000
v 13.339555569 6.427876097 -37.500000000
v 12.339745962 5.000000000 -37.500000000
v 11.603073792 3.420201433 -37.500000000
v 11.151922470 1.736481777 -37.500000000
v 11.000000000 0.000000000 -37.500000000
v 11.151922470 -1.736481777 -37.500000000
v 11.603073792 -3.420201433 -37.500000000
v 12.339745962 -5.000000000 -37.500000000
v 13.339555569 -6.427876097 -37.500000000
v 14.572123903 -7.660444431 -37.500000000
v 16.000000000 -8.660254038 -37.500000000
v 17.579798567 -9.396926208 -37.500000000
v 19.263518223 -9.848077530 -37.500000000
v 21.000000000 -10.000000000 -37.500000000
v 22.736481777 -9.848077530 -37.500000000
v 24.420201433 -9.396926208 -37.500000000
v 26.000000000 -8.660254038 -37.500000000
v 27.427876097 -7.660444431 -37.500000000
v 28.660444431 -6.427876097 -37.500000000
v 29.660254038 -5.000000000 -37.500000000
v 30.396926208 -3.420201433 -37.500000000
v 30.848077530 -1.736481777 -37.500000000
v 31.000000000 0.000000000 -37.500000000
v 11.379086142 -2.727272727 -35.000000000
v 11.379086142 -2.727272727 -25.000000000
v 11.374848478 -2.712279150 -35.179578491
v 11.362909030 -2.669546337 -35.348786936
v 11.344170069 -2.600951430 -35.506531929
v 11.318942290 -2.505418453 -35.652864127
v 11.290300593 -2.392015347 -35.774311998
v 11.258977377 -2.261079002 -35.872529494
v 11.226714951 -2.117285843 -35.943994191
v 11.197003742 -1.975161859 -35.984895685
v 11.166678340 -1.818181818 -36.000000000
v 11.166678340 1.818181818 -36.000000000
v 11.018565745 0.609073247 -36.000000000
v 11.018565745 -0.609073247 -36.000000000
v 11.379086142 2.727272727 -35.000000000
v 11.374848478 2.712279148 -35.179578501
v 11.362909029 2.669546332 -35.348786951
v 11.344170066 2.600951420 -35.506531948
v 11.318942287 2.505418439 -35.652864146
v 11.290300588 2.392015328 -35.774312014
v 11.258977373 2.261078985 -35.872529505
v 11.226714949 2.117285837 -35.943994193
v 11.197003743 1.975161861 -35.984895685
v 11.379086142 2.727272727 -25.000000000
v 11.374905875 2.712482825 -24.821637857
v 11.362507634 2.668096866 -24.646992306
v 11.344419490 2.601877210 -24.495197159
v 11.320408559 2.511077365 -24.354414242
v 11.294108391 2.407419382 -24.239856633
v 11.263079991 2.278681358 -24.138622668
v 11.232353342 2.143146930 -24.066467911
v 11.200723907 1.993536569 -24.018884293
v 11.183670559 1.907793569 -24.004895553
v 11.166678340 1.818181818 -24.000000000
v 11.018565745 0.609073247 -24.000000000
v 11.018565745 -0.609073247 -24.000000000
v 11.166678340 -1.818181818 -24.000000000
v 11.374905875 -2.712482825 -24.821637857
v 11.362507634 -2.668096866 -24.646992306
v 11.344419490 -2.601877210 -24.495197159
v 11.320408559 -2.511077365 -24.354414242
v 11.294108391 -2.407419382 -24.239856633
v 11.263079991 -2.278681358 -24.138622668
v 11.232353342 -2.143146930 -24.066467911
v 11.200723907 -1.993536569 -24.018884293
v 11.183670559 -1.907793569 -24.004895553
v 31.000000000 0.000000000 -15.000000000
v 30.848077530 1.736481777 -15.000000000
v 30.396926208 3.420201433 -15.000000000
v 29.660254038 5.000000000 -15.000000000
v 28.660444431 6.427876097 -15.000000000
v 27.427876097 7.660444431 -15.000000000
v 26.000000000 8.660254038 -15.000000000
v 24.420201433 9.396926208 -15.000000000
v 22.736481777 9.848077530 -15.000000000
v 21.000000000 10.000000000 -15.000000000
v 19.263518223 9.848077530 -15.000000000
v 17.579798567 9.396926208 -15.000000000
v 16.000000000 8.660254038 -15.000000000
v 14.572123903 7.660444431 -15.000000000
v 13.339555569 6.427876097 -15.000000000
v 12.339745962 5.000000000 -15.000000000
v 11.603073792 3.420201433 -15.000000000
v 11.151922470 1.736481777 -15.000000000
v 11.000000000 0.000000000 -15.000000000
v 11.151922470 -1.736481777 -15.000000000
v 11.603073792 -3.420201433 -15.000000000
v 12.339745962 -5.000000000 -15.000000000
v 13.339555569 -6.427876097 -15.000000000
v 14.572123903 -7.660444431 -15.000000000
v 16.000000000 -8.660254038 -15.000000000
v 17.579798567 -9.396926208 -15.000000000
v 19.263518223 -9.848077530 -15.000000000
v 21.000000000 -10.000000000 -15.000000000
v 22.736481777 -9.848077530 -15.000000000
v 24.420201433 -9.396926208 -15.000000000
v 26.000000000 -8.660254038 -15.000000000
v 27.427876097 -7.660444431 -15.000000000
v 28.660444431 -6.427876097 -15.000000000
v 29.660254038 -5.000000000 -15.000000000
v 30.396926208 -3.420201433 -15.000000000
v 30.848077530 -1.736481777 -15.000000000
v 29.000000000 0.000000000 -15.000000000
v 28.878462024 1.389185421 -15.000000000
v 28.517540966 2.736161147 -15.000000000
v 27.928203230 4.000000000 -15.000000000
v 27.128355545 5.142300877 -15.000000000
v 26.142300877 6.128355545 -15.000000000
v 25.000000000 6.928203230 -15.000000000
v 23.736161147 7.517540966 -15.000000000
v 22.389185421 7.878462024 -15.000000000
v 21.000000000 8.000000000 -15.000000000
v 19.610814579 7.878462024 -15.000000000
v 18.263838853 7.517540966 -15.000000000
v 17.000000000 6.928203230 -15.000000000
v 15.857699123 6.128355545 -15.000000000
v 14.871644455 5.142300877 -15.000000000
v 14.071796770 4.000000000 -15.000000000
v 13.482459034 2.736161147 -15.000000000
v 13.121537976 1.389185421 -15.000000000
v 13.000000000 0.000000000 -15.000000000
v 13.121537976 -1.389185421 -15.000000000
v 13.482459034 -2.736161147 -15.000000000
v 14.071796770 -4.000000000 -15.000000000
v 14.871644455 -5.142300877 -15.000000000
v 15.857699123 -6.128355545 -15.000000000
v 17.000000000 -6.928203230 -15.000000000
v 18.263838853 -7.517540966 -15.000000000
v 19.610814579 -7.878462024 -15.000000000
v 21.000000000 -8.000000000 -15.000000000
v 22.389185421 -7.878462024 -15.000000000
v 23.736161147 -7.517540966 -15.000000000
v 25.000000000 -6.928203230 -15.000000000
v 26.142300877 -6.128355545 -15.000000000
v 27.128355545 -5.142300877 -15.000000000
v 27.928203230 -4.000000000 -15.000000000
v 28.517540966 -2.736161147 -15.000000000
v 28.878462024 -1.389185421 -15.000000000
v 31.000000000 0.000000000 -37.500000000
v 30.848077530 1.736481777 -37.500000000
v 30.396926208 3.420201433 -37.500000000
v 29.660254038 5.000000000 -37.500000000
v 28.660444431 6.427876097 -37.500000000
v 27.427876097 7.660444431 -37.500000000
v 26.000000000 8.660254038 -37.500000000
v 24.420201433 9.396926208 -37.500000000
v 22.736481777 9.848077530 -37.500000000
v 21.000000000 10.000000000 -37.500000000
v 19.263518223 9.848077530 -37.500000000
v 17.579798567 9.396926208 -37.500000000
v 16.000000000 8.660254038 -37.500000000
v 14.572123903 7.660444431 -37.500000000
v 13.339555569 6.427876097 -37.500000000
v 12.339745962 5.000000000 -37.500000000
v 11.603073792 3.420201433 -37.500000000
v 11.151922470 1.736481777 -37.500000000
v 11.000000000 0.000000000 -37.500000000
v 11.151922470 -1.736481777 -37.500000000
v 11.603073792 -3.420201433 -37.500000000
v 12.339745962 -5.000000000 -37.500000000
v 13.339555569 -6.427876097 -37.500000000
v 14.572123903 -7.660444431 -37.500000000
v 16.000000000 -8.660254038 -37.500000000
v 17.579798567 -9.396926208 -37.500000000
v 19.263518223 -9.848077530 -37.500000000
v 21.000000000 -10.000000000 -37.500000000
v 22.736481777 -9.848077530 -37.500000000
v 24.420201433 -9.396926208 -37.500000000
v 26.000000000 -8.660254038 -37.500000000
v 27.427876097 -7.660444431 -37.500000000
v 28.660444431 -6.427876097 -37.500000000
v 29.660254038 -5.000000000 -37.500000000
v 30.396926208 -3.420201433 -37.500000000
v 30.848077530 -1.736481777 -37.500000000
v 29.000000000 0.000000000 -37.500000000
v 28.878462024 1.389185421 -37.500000000
v 28.517540966 2.736161147 -37.500000000
v 27.928203230 4.000000000 -37.500000000
v 27.128355545 5.142300877 -37.500000000
v 26.142300877 6.128355545 -37.500000000
v 25.000000000 6.928203230 -37.500000000
v 23.736161147 7.517540966 -37.500000000
v 22.389185421 7.878462024 -37.500000000
v 21.000000000 8.000000000 -37.500000000
v 19.610814579 7.878462024 -37.500000000
v 18.263838853 7.517540966 -37.500000000
v 17.000000000 6.928203230 -37.500000000
v 15.857699123 6.128355545 -37.500000000
v 14.871644455 5.142300877 -37.500000000
v 14.071796770 4.000000000 -37.500000000
v 13.482459034 2.736161147 -37.500000000
v 13.121537976 1.389185421 -37.500000000
v 13.000000000 0.000000000 -37.500000000
v 13.121537976 -1.389185421 -37.500000000
v 13.482459034 -2.736161147 -37.500000000
v 14.071796770 -4.000000000 -37.500000000
v 14.871644455 -5.142300877 -37.500000000
v 15.857699123 -6.128355545 -37.500000000
v 17.000000000 -6.928203230 -37.500000000
v 18.263838853 -7.517540966 -37.500000000
v 19.610814579 -7.878462024 -37.500000000
v 21.000000000 -8.000000000 -37.500000000
v 22.389185421 -7.878462024 -37.500000000
v 23.736161147 -7.517540966 -37.500000000
v 25.000000000 -6.928203230 -37.500000000
v 26.142300877 -6.128355545 -37.500000000
v 27.128355545 -5.142300877 -37.500000000
v 27.928203230 -4.000000000 -37.500000000
v 28.517540966 -2.736161147 -37.500000000
v 28.878462024 -1.389185421 -37.500000000
v 29.000000000 0.000000000 -37.500000000
v 29.000000000 0.000000000 -15.000000000
v 29.000000000 0.000000000 -15.000000000
v 28.878462024 1.389185421 -15.000000000
v 28.517540966 2.736161147 -15.000000000
v 27.928203230 4.000000000 -15.000000000
v 27.128355545 5.142300877 -15.000000000
v 26.142300877 6.128355545 -15.000000000
v 25.000000000 6.928203230 -15.000000000
v 23.736161147 7.517540966 -15.000000000
v 22.389185421 7.878462024 -15.000000000
v 21.000000000 8.000000000 -15.000000000
v 19.610814579 7.878462024 -15.000000000
v 18.263838853 7.517540966 -15.000000000
v 17.000000000 6.928203230 -15.000000000
v 15.857699123 6.128355545 -15.000000000
v 14.871644455 5.142300877 -15.000000000
v 14.071796770 4.000000000 -15.000000000
v 13.482459034 2.736161147 -15.000000000
v 13.121537976 1.389185421 -15.000000000
v 13.000000000 0.000000000 -15.000000000
v 13.121537976 -1.389185421 -15.000000000
v 13.482459034 -2.736161147 -15.000000000
v 14.071796770 -4.000000000 -15.000000000
v 14.871644455 -5.142300877 -15.000000000
v 15.857699123 -6.128355545 -15.000000000
v 17.000000000 -6.928203230 -15.000000000
v 18.263838853 -7.517540966 -15.000000000
v 19.610814579 -7.878462024 -15.000000000
v 21.000000000 -8.000000000 -15.000000000
v 22.389185421 -7.878462024 -15.000000000
v 23.736161147 -7.517540966 -15.000000000
v 25.000000000 -6.928203230 -15.000000000
v 26.142300877 -6.128355545 -15.000000000
v 27.128355545 -5.142300877 -15.000000000
v 27.928203230 -4.000000000 -15.000000000
v 28.517540966 -2.736161147 -15.000000000
v 28.878462024 -1.389185421 -15.000000000
v 29.000000000 0.000000000 -37.500000000
v 28.878462024 1.389185421 -37.500000000
v 28.517540966 2.736161147 -37.500000000
v 27.928203230 4.000000000 -37.500000000
v 27.128355545 5.142300877 -37.500000000
v 26.142300877 6.128355545 -37.500000000
v 25.000000000 6.928203230 -37.500000000
v 23.736161147 7.517540966 -37.500000000
v 22.389185421 7.878462024 -37.500000000
v 21.000000000 8.000000000 -37.500000000
v 19.610814579 7.878462024 -37.500000000
v 18.263838853 7.517540966 -37.500000000
v 17.000000000 6.928203230 -37.500000000
v 15.857699123 6.128355545 -37.500000000
v 14.871644455 5.142300877 -37.500000000
v 14.071796770 4.000000000 -37.500000000
v 13.482459034 2.736161147 -37.500000000
v 13.121537976 1.389185421 -37.500000000
v 13.000000000 0.000000000 -37.500000000
v 13.121537976 -1.389185421 -37.500000000
v 13.482459034 -2.736161147 -37.500000000
v 14.071796770 -4.000000000 -37.500000000
v 14.871644455 -5.142300877 -37.500000000
v 15.857699123 -6.128355545 -37.500000000
v 17.000000000 -6.928203230 -37.500000000
v 18.263838853 -7.517540966 -37.500000000
v 19.610814579 -7.878462024 -37.500000000
v 21.000000000 -8.000000000 -37.500000000
v 22.389185421 -7.878462024 -37.500000000
v 23.736161147 -7.517540966 -37.500000000
v 25.000000000 -6.928203230 -37.500000000
v 26.142300877 -6.128355545 -37.500000000
v 27.128355545 -5.142300877 -37.500000000
v 27.928203230 -4.000000000 -37.500000000
v 28.517540966 -2.736161147 -37.500000000
v 28.878462024 -1.389185421 -37.500000000
v -13.999642853 -0.100000000 94.000000000
v -19.999749998 -0.100000000 94.000000000
v -13.771595217 -2.518564109 94.000000000
v -13.128892012 -4.861295562 94.000000000
v -12.090884696 -7.057655933 94.000000000
v -10.688827129 -9.041513955 94.000000000
v -8.964934536 -10.753136694 94.000000000
v -6.971112427 -12.140988079 94.000000000
v -4.767393747 -13.163280627 94.000000000
v -2.420131321 -13.789233640 94.000000000
v -0.000000000 -14.000000000 94.000000000
v 2.420131321 -13.789233640 94.000000000
v 4.767393747 -13.163280627 94.000000000
v 6.971112427 -12.140988079 94.000000000
v 8.964934536 -10.753136694 94.000000000
v 10.688827129 -9.041513955 94.000000000
v 12.090884696 -7.057655933 94.000000000
v 13.128892012 -4.861295562 94.000000000
v 13.771595217 -2.518564109 94.000000000
v 13.999642853 -0.100000000 94.000000000
v 19.999749998 -0.100000000 94.000000000
v -19.680525122 -3.560467796 94.000000000
v -18.767108690 -6.913438465 94.000000000
v -17.287078439 -10.057679605 94.000000000
v -15.285119228 -12.898260743 94.000000000
v -12.821673917 -15.349419466 94.000000000
v -9.971118491 -17.337150748 94.000000000
v -6.819516503 -18.801441292 94.000000000
v -3.462020664 -19.698081453 94.000000000
v -0.000000000 -20.000000000 94.000000000
v 3.462020664 -19.698081453 94.000000000
v 6.819516503 -18.801441292 94.000000000
v 9.971118491 -17.337150748 94.000000000
v 12.821673917 -15.349419466 94.000000000
v 15.285119228 -12.898260743 94.000000000
v 17.287078439 -10.057679605 94.000000000
v 18.767108690 -6.913438465 94.000000000
v 19.680525122 -3.560467796 94.000000000
v -19.999749998 -0.100000000 94.000000000
v -19.680525122 -3.560467796 94.000000000
v -18.767108690 -6.913438465 94.000000000
v -17.287078439 -10.057679605 94.000000000
v -15.285119228 -12.898260743 94.000000000
v -12.821673917 -15.349419466 94.000000000
v -9.971118491 -17.337150748 94.000000000
v -6.819516503 -18.801441292 94.000000000
v -3.462020664 -19.698081453 94.000000000
v -0.000000000 -20.000000000 94.000000000
v 3.462020664 -19.698081453 94.000000000
v 6.819516503 -18.801441292 94.000000000
v 9.971118491 -17.337150748 94.000000000
v 12.821673917 -15.349419466 94.000000000
v 15.285119228 -12.898260743 94.000000000
v 17.287078439 -10.057679605 94.000000000
v 18.767108690 -6.913438465 94.000000000
v 19.680525122 -3.560467796 94.000000000
v 19.999749998 -0.100000000 94.000000000
v -19.999749998 -0.100000000 74.000000000
v -19.680525122 -3.560467796 74.000000000
v -18.767108690 -6.913438465 74.000000000
v -17.287078439 -10.057679605 74.000000000
v -15.285119228 -12.898260743 74.000000000
v -12.821673917 -15.349419466 74.000000000
v -9.971118491 -17.337150748 74.000000000
v -6.819516503 -18.801441292 74.000000000
v -3.462020664 -19.698081453 74.000000000
v -0.000000000 -20.000000000 74.000000000
v 3.462020664 -19.698081453 74.000000000
v 6.819516503 -18.801441292 74.000000000
v 9.971118491 -17.337150748 74.000000000
v 12.821673917 -15.349419466 74.000000000
v 15.285119228 -12.898260743 74.000000000
v 17.287078439 -10.057679605 74.000000000
v 18.767108690 -6.913438465 74.000000000
v 19.680525122 -3.560467796 74.000000000
v 19.999749998 -0.100000000 74.000000000
v -13.999642853 -0.100000000 94.000000000
v -19.999749998 -0.100000000 94.000000000
v -13.999642853 -0.100000000 74.000000000
v -19.999749998 -0.100000000 74.000000000
v 19.999749998 -0.100000000 94.000000000
v 13.999642853 -0.100000000 94.000000000
v 19.999749998 -0.100000000 74.000000000
v 13.999642853 -0.100000000 74.000000000
v -13.999642853 -0.100000000 94.000000000
v -13.771595217 -2.518564109 94.000000000
v -13.128892012 -4.861295562 94.000000000
v -12.090884696 -7.057655933 94.000000000
v -10.688827129 -9.041513955 94.000000000
v -8.964934536 -10.753136694 94.000000000
v -6.971112427 -12.140988079 94.000000000
v -4.767393747 -13.163280627 94.000000000
v -2.420131321 -13.789233640 94.000000000
v -0.000000000 -14.000000000 94.000000000
v 2.420131321 -13.789233640 94.000000000
v 4.767393747 -13.163280627 94.000000000
v 6.971112427 -12.140988079 94.000000000
v 8.964934536 -10.753136694 94.000000000
v 10.688827129 -9.041513955 94.000000000
v 12.090884696 -7.057655933 94.000000000
v 13.128892012 -4.861295562 94.000000000
v 13.771595217 -2.518564109 94.000000000
v 13.999642853 -0.100000000 94.000000000
v -13.999642853 -0.100000000 74.000000000
v -13.771595217 -2.518564109 74.000000000
v -13.128892012 -4.861295562 74.000000000
v -12.090884696 -7.057655933 74.000000000
v -10.688827129 -9.041513955 74.000000000
v -8.964934536 -10.753136694 74.000000000
v -6.971112427 -12.140988079 74.000000000
v -4.767393747 -13.163280627 74.000000000
v -2.420131321 -13.789233640 74.000000000
v -0.000000000 -14.000000000 74.000000000
v 2.420131321 -13.789233640 74.000000000
v 4.767393747 -13.163280627 74.000000000
v 6.971112427 -12.140988079 74.000000000
v 8.964934536 -10.753136694 74.000000000
v 10.688827129 -9.041513955 74.000000000
v 12.090884696 -7.057655933 74.000000000
v 13.128892012 -4.861295562 74.000000000
v 13.771595217 -2.518564109 74.000000000
v 13.999642853 -0.100000000 74.000000000
v -13.999642853 -0.100000000 74.000000000
v -19.999749998 -0.100000000 74.000000000
v -13.771595217 -2.518564109 74.000000000
v -13.128892012 -4.861295562 74.000000000
v -12.090884696 -7.057655933 74.000000000
v -10.688827129 -9.041513955 74.000000000
v -8.964934536 -10.753136694 74.000000000
v -6.971112427 -12.140988079 74.000000000
v -4.767393747 -13.163280627 74.000000000
v -2.420131321 -13.789233640 74.000000000
v -0.000000000 -14.000000000 74.000000000
v 2.420131321 -13.789233640 74.000000000
v 4.767393747 -13.163280627 74.000000000
v 6.971112427 -12.140988079 74.000000000
v 8.964934536 -10.753136694 74.000000000
v 10.688827129 -9.041513955 74.000000000
v 12.090884696 -7.057655933 74.000000000
v 13.128892012 -4.861295562 74.000000000
v 13.771595217 -2.518564109 74.000000000
v 13.999642853 -0.100000000 74.000000000
v 19.999749998 -0.100000000 74.000000000
v -19.680525122 -3.560467796 74.000000000
v -18.767108690 -6.913438465 74.000000000
v -17.287078439 -10.057679605 74.000000000
v -15.285119228 -12.898260743 74.000000000
v -12.821673917 -15.349419466 74.000000000
v -9.971118491 -17.337150748 74.000000000
v -6.819516503 -18.801441292 74.000000000
v -3.462020664 -19.698081453 74.000000000
v -0.000000000 -20.000000000 74.000000000
v 3.462020664 -19.698081453 74.000000000
v 6.819516503 -18.801441292 74.000000000
v 9.971118491 -17.337150748 74.000000000
v 12.821673917 -15.349419466 74.000000000
v 15.285119228 -12.898260743 74.000000000
v 17.287078439 -10.057679605 74.000000000
v 18.767108690 -6.913438465 74.000000000
v 19.680525122 -3.560467796 74.000000000
v -52.000000000 -45.000000000 -70.000000000
v -52.000000000 45.000000000 -70.000000000
v 48.000000000 -45.000000000 -70.000000000
v 48.000000000 45.000000000 -70.000000000
v -40.000000000 -38.000000000 -70.000000000
v -40.000000000 38.000000000 -70.000000000
v 40.000000000 38.000000000 -70.000000000
v 40.000000000 -38.000000000 -70.000000000
v -52.000000000 -45.000000000 -74.000000000
v -52.000000000 -45.000000000 -70.000000000
v -52.000000000 45.000000000 -74.000000000
v -52.000000000 45.000000000 -70.000000000
v -52.000000000 45.000000000 -74.000000000
v 48.000000000 45.000000000 -74.000000000
v -52.000000000 45.000000000 -70.000000000
v 48.000000000 45.000000000 -70.000000000
v 48.000000000 -45.000000000 -74.000000000
v 48.000000000 -45.000000000 -70.000000000
v 48.000000000 45.000000000 -74.000000000
v 48.000000000 45.000000000 -70.000000000
v -52.000000000 -45.000000000 -74.000000000
v 48.000000000 -45.000000000 -74.000000000
v -52.000000000 -45.000000000 -70.000000000
v 48.000000000 -45.000000000 -70.000000000
v -40.000000000 -38.000000000 -70.000000000
v -40.000000000 -38.000000000 -67.000000000
v -40.000000000 38.000000000 -70.000000000
v -40.000000000 38.000000000 -67.000000000
v 40.000000000 -38.000000000 -70.000000000
v 40.000000000 -38.000000000 -67.000000000
v -40.000000000 -38.000000000 -70.000000000
v -40.000000000 -38.000000000 -67.000000000
v 40.000000000 38.000000000 -70.000000000
v 40.000000000 38.000000000 -67.000000000
v -40.000000000 38.000000000 -70.000000000
v -40.000000000 38.000000000 -67.000000000
v 40.000000000 -38.000000000 -70.000000000
v 40.000000000 -38.000000000 -67.000000000
v 40.000000000 38.000000000 -70.000000000
v 40.000000000 38.000000000 -67.000000000
v -52.000000000 -45.000000000 -74.000000000
v -52.000000000 45.000000000 -74.000000000
v 48.000000000 -45.000000000 -74.000000000
v 48.000000000 45.000000000 -74.000000000
v -40.000000000 -38.000000000 -67.000000000
v -40.000000000 38.000000000 -67.000000000
v 40.000000000 -38.000000000 -67.000000000
v 40.000000000 38.000000000 -67.000000000
v 45.000000000 0.000000000 21.000000000
v 44.948521191 -0.639672108 21.000000000
v 44.795409797 -1.262879436 21.000000000
v 44.544606815 -1.853581000 21.000000000
v 44.202567764 -2.396572493 21.000000000
v 43.778096526 -2.877877637 21.000000000
v 43.282118738 -3.285107923 21.000000000
v 42.727400571 -3.607781488 21.000000000
v 42.128220143 -3.837592906 21.000000000
v 41.500000000 -3.968626967 21.000000000
v 41.500000000 -3.968626967 19.100000000
v 41.167055173 -3.996510049 19.100000000
v 40.832944827 -3.996510049 19.100000000
v 40.500000000 -3.968626967 19.100000000
v 40.500000000 -3.968626967 21.000000000
v 39.835575062 -3.826762935 21.000000000
v 39.204742757 -3.574500165 21.000000000
v 38.625702042 -3.219116215 21.000000000
v 38.115157731 -2.770863599 21.000000000
v 37.687838577 -2.242674009 21.000000000
v 37.356072362 -1.649785250 21.000000000
v 37.129430249 -1.009301640 21.000000000
v 37.014450662 -0.339700567 21.000000000
v 37.014450662 0.339700567 21.000000000
v 37.129430249 1.009301640 21.000000000
v 37.356072362 1.649785250 21.000000000
v 37.687838577 2.242674009 21.000000000
v 38.115157731 2.770863599 21.000000000
v 38.625702042 3.219116215 21.000000000
v 39.204742757 3.574500165 21.000000000
v 39.835575062 3.826762935 21.000000000
v 40.500000000 3.968626967 21.000000000
v 40.500000000 3.968626967 19.100000000
v 40.832944827 3.996510049 19.100000000
v 41.167055173 3.996510049 19.100000000
v 41.500000000 3.968626967 19.100000000
v 41.500000000 3.968626967 21.000000000
v 42.128220143 3.837592906 21.000000000
v 42.727400571 3.607781488 21.000000000
v 43.282118738 3.285107923 21.000000000
v 43.778096526 2.877877637 21.000000000
v 44.202567764 2.396572493 21.000000000
v 44.544606815 1.853581000 21.000000000
v 44.795409797 1.262879436 21.000000000
v 44.948521191 0.639672108 21.000000000
v 45.000000000 0.000000000 21.000000000
v 45.000000000 0.000000000 17.000000000
v 45.000000000 0.000000000 17.000000000
v 44.939231012 -0.694592711 17.000000000
v 44.758770483 -1.368080573 17.000000000
v 44.464101615 -2.000000000 17.000000000
v 44.064177772 -2.571150439 17.000000000
v 43.571150439 -3.064177772 17.000000000
v 43.000000000 -3.464101615 17.000000000
v 42.368080573 -3.758770483 17.000000000
v 41.694592711 -3.939231012 17.000000000
v 41.000000000 -4.000000000 17.000000000
v 40.305407289 -3.939231012 17.000000000
v 39.631919427 -3.758770483 17.000000000
v 39.000000000 -3.464101615 17.000000000
v 38.428849561 -3.064177772 17.000000000
v 37.935822228 -2.571150439 17.000000000
v 37.535898385 -2.000000000 17.000000000
v 37.241229517 -1.368080573 17.000000000
v 37.060768988 -0.694592711 17.000000000
v 37.000000000 -0.000000000 17.000000000
v 37.060768988 0.694592711 17.000000000
v 37.241229517 1.368080573 17.000000000
v 37.535898385 2.000000000 17.000000000
v 37.935822228 2.571150439 17.000000000
v 38.428849561 3.064177772 17.000000000
v 39.000000000 3.464101615 17.000000000
v 39.631919427 3.758770483 17.000000000
v 40.305407289 3.939231012 17.000000000
v 41.000000000 4.000000000 17.000000000
v 41.694592711 3.939231012 17.000000000
v 42.368080573 3.758770483 17.000000000
v 43.000000000 3.464101615 17.000000000
v 43.571150439 3.064177772 17.000000000
v 44.064177772 2.571150439 17.000000000
v 44.464101615 2.000000000 17.000000000
v 44.758770483 1.368080573 17.000000000
v 44.939231012 0.694592711 17.000000000
v 45.000000000 0.000000000 21.000000000
v 44.948521191 -0.639672108 21.000000000
v 44.795409797 -1.262879436 21.000000000
v 44.544606815 -1.853581000 21.000000000
v 44.202567764 -2.396572493 21.000000000
v 43.778096526 -2.877877637 21.000000000
v 43.282118738 -3.285107923 21.000000000
v 42.727400571 -3.607781488 21.000000000
v 42.128220143 -3.837592906 21.000000000
v 41.500000000 -3.968626967 21.000000000
v 41.500000000 3.968626967 21.000000000
v 42.128220143 3.837592906 21.000000000
v 42.727400571 3.607781488 21.000000000
v 43.282118738 3.285107923 21.000000000
v 43.778096526 2.877877637 21.000000000
v 44.202567764 2.396572493 21.000000000
v 44.544606815 1.853581000 21.000000000
v 44.795409797 1.262879436 21.000000000
v 44.948521191 0.639672108 21.000000000
v 41.500000000 -3.968626967 19.100000000
v 41.500000000 3.968626967 19.100000000
v 41.500000000 3.968626967 21.000000000
v 41.500000000 -3.968626967 21.000000000
v 40.500000000 -3.968626967 19.100000000
v 40.500000000 3.968626967 19.100000000
v 41.500000000 -3.968626967 19.100000000
v 41.167055173 -3.996510049 19.100000000
v 40.832944827 -3.996510049 19.100000000
v 41.500000000 3.968626967 19.100000000
v 40.832944827 3.996510049 19.100000000
v 41.167055173 3.996510049 19.100000000
v 45.000000000 0.000000000 17.000000000
v 44.939231012 -0.694592711 17.000000000
v 44.758770483 -1.368080573 17.000000000
v 44.464101615 -2.000000000 17.000000000
v 44.064177772 -2.571150439 17.000000000
v 43.571150439 -3.064177772 17.000000000
v 43.000000000 -3.464101615 17.000000000
v 42.368080573 -3.758770483 17.000000000
v 41.694592711 -3.939231012 17.000000000
v 41.000000000 -4.000000000 17.000000000
v 40.305407289 -3.939231012 17.000000000
v 39.631919427 -3.758770483 17.000000000
v 39.000000000 -3.464101615 17.000000000
v 38.428849561 -3.064177772 17.000000000
v 37.935822228 -2.571150439 17.000000000
v 37.535898385 -2.000000000 17.000000000
v 37.241229517 -1.368080573 17.000000000
v 37.060768988 -0.694592711 17.000000000
v 37.000000000 -0.000000000 17.000000000
v 37.060768988 0.694592711 17.000000000
v 37.241229517 1.368080573 17.000000000
v 37.535898385 2.000000000 17.000000000
v 37.935822228 2.571150439 17.000000000
v 38.428849561 3.064177772 17.000000000
v 39.000000000 3.464101615 17.000000000
v 39.631919427 3.758770483 17.000000000
v 40.305407289 3.939231012 17.000000000
v 41.000000000 4.000000000 17.000000000
v 41.694592711 3.939231012 17.000000000
v 42.368080573 3.758770483 17.000000000
v 43.000000000 3.464101615 17.000000000
v 43.571150439 3.064177772 17.000000000
v 44.064177772 2.571150439 17.000000000
v 44.464101615 2.000000000 17.000000000
v 44.758770483 1.368080573 17.000000000
v 44.939231012 0.694592711 17.000000000
v 43.000000000 0.000000000 17.000000000
v 42.969615506 -0.347296355 17.000000000
v 42.879385242 -0.684040287 17.000000000
v 42.732050808 -1.000000000 17.000000000
v 42.532088886 -1.285575219 17.000000000
v 42.285575219 -1.532088886 17.000000000
v 42.000000000 -1.732050808 17.000000000
v 41.684040287 -1.879385242 17.000000000
v 41.347296355 -1.969615506 17.000000000
v 41.000000000 -2.000000000 17.000000000
v 40.652703645 -1.969615506 17.000000000
v 40.315959713 -1.879385242 17.000000000
v 40.000000000 -1.732050808 17.000000000
v 39.714424781 -1.532088886 17.000000000
v 39.467911114 -1.285575219 17.000000000
v 39.267949192 -1.000000000 17.000000000
v 39.120614758 -0.684040287 17.000000000
v 39.030384494 -0.347296355 17.000000000
v 39.000000000 -0.000000000 17.000000000
v 39.030384494 0.347296355 17.000000000
v 39.120614758 0.684040287 17.000000000
v 39.267949192 1.000000000 17.000000000
v 39.467911114 1.285575219 17.000000000
v 39.714424781 1.532088886 17.000000000
v 40.000000000 1.732050808 17.000000000
v 40.315959713 1.879385242 17.000000000
v 40.652703645 1.969615506 17.000000000
v 41.000000000 2.000000000 17.000000000
v 41.347296355 1.969615506 17.000000000
v 41.684040287 1.879385242 17.000000000
v 42.000000000 1.732050808 17.000000000
v 42.285575219 1.532088886 17.000000000
v 42.532088886 1.285575219 17.000000000
v 42.732050808 1.000000000 17.000000000
v 42.879385242 0.684040287 17.000000000
v 42.969615506 0.347296355 17.000000000
v 40.500000000 -3.968626967 19.100000000
v 40.500000000 3.968626967 19.100000000
v 40.500000000 3.968626967 21.000000000
v 40.500000000 -3.968626967 21.000000000
v 40.500000000 -3.968626967 21.000000000
v 39.835575062 -3.826762935 21.000000000
v 39.204742757 -3.574500165 21.000000000
v 38.625702042 -3.219116215 21.000000000
v 38.115157731 -2.770863599 21.000000000
v 37.687838577 -2.242674009 21.000000000
v 37.356072362 -1.649785250 21.000000000
v 37.129430249 -1.009301640 21.000000000
v 37.014450662 -0.339700567 21.000000000
v 37.014450662 0.339700567 21.000000000
v 37.129430249 1.009301640 21.000000000
v 37.356072362 1.649785250 21.000000000
v 37.687838577 2.242674009 21.000000000
v 38.115157731 2.770863599 21.000000000
v 38.625702042 3.219116215 21.000000000
v 39.204742757 3.574500165 21.000000000
v 39.835575062 3.826762935 21.000000000
v 40.500000000 3.968626967 21.000000000
v 43.000000000 0.000000000 17.000000000
v 43.000000000 0.000000000 1.000000000
v 43.000000000 0.000000000 1.000000000
v 42.969615506 -0.347296355 1.000000000
v 42.879385242 -0.684040287 1.000000000
v 42.732050808 -1.000000000 1.000000000
v 42.532088886 -1.285575219 1.000000000
v 42.285575219 -1.532088886 1.000000000
v 42.000000000 -1.732050808 1.000000000
v 41.684040287 -1.879385242 1.000000000
v 41.347296355 -1.969615506 1.000000000
v 41.000000000 -2.000000000 1.000000000
v 40.652703645 -1.969615506 1.000000000
v 40.315959713 -1.879385242 1.000000000
v 40.000000000 -1.732050808 1.000000000
v 39.714424781 -1.532088886 1.000000000
v 39.467911114 -1.285575219 1.000000000
v 39.267949192 -1.000000000 1.000000000
v 39.120614758 -0.684040287 1.000000000
v 39.030384494 -0.347296355 1.000000000
v 39.000000000 -0.000000000 1.000000000
v 39.030384494 0.347296355 1.000000000
v 39.120614758 0.684040287 1.000000000
v 39.267949192 1.000000000 1.000000000
v 39.467911114 1.285575219 1.000000000
v 39.714424781 1.532088886 1.000000000
v 40.000000000 1.732050808 1.000000000
v 40.315959713 1.879385242 1.000000000
v 40.652703645 1.969615506 1.000000000
v 41.000000000 2.000000000 1.000000000
v 41.347296355 1.969615506 1.000000000
v 41.684040287 1.879385242 1.000000000
v 42.000000000 1.732050808 1.000000000
v 42.285575219 1.532088886 1.000000000
v 42.532088886 1.285575219 1.000000000
v 42.732050808 1.000000000 1.000000000
v 42.879385242 0.684040287 1.000000000
v 42.969615506 0.347296355 1.000000000
v 43.000000000 0.000000000 17.000000000
v 42.969615506 -0.347296355 17.000000000
v 42.879385242 -0.684040287 17.000000000
v 42.732050808 -1.000000000 17.000000000
v 42.532088886 -1.285575219 17.000000000
v 42.285575219 -1.532088886 17.000000000
v 42.000000000 -1.732050808 17.000000000
v 41.684040287 -1.879385242 17.000000000
v 41.347296355 -1.969615506 17.000000000
v 41.000000000 -2.000000000 17.000000000
v 40.652703645 -1.969615506 17.000000000
v 40.315959713 -1.879385242 17.000000000
v 40.000000000 -1.732050808 17.000000000
v 39.714424781 -1.532088886 17.000000000
v 39.467911114 -1.285575219 17.000000000
v 39.267949192 -1.000000000 17.000000000
v 39.120614758 -0.684040287 17.000000000
v 39.030384494 -0.347296355 17.000000000
v 39.000000000 -0.000000000 17.000000000
v 39.030384494 0.347296355 17.000000000
v 39.120614758 0.684040287 17.000000000
v 39.267949192 1.000000000 17.000000000
v 39.467911114 1.285575219 17.000000000
v 39.714424781 1.532088886 17.000000000
v 40.000000000 1.732050808 17.000000000
v 40.315959713 1.879385242 17.000000000
v 40.652703645 1.969615506 17.000000000
v 41.000000000 2.000000000 17.000000000
v 41.347296355 1.969615506 17.000000000
v 41.684040287 1.879385242 17.000000000
v 42.000000000 1.732050808 17.000000000
v 42.285575219 1.532088886 17.000000000
v 42.532088886 1.285575219 17.000000000
v 42.732050808 1.000000000 17.000000000
v 42.879385242 0.684040287 17.000000000
v 42.969615506 0.347296355 17.000000000
v 43.000000000 0.000000000 1.000000000
v 42.969615506 -0.347296355 1.000000000
v 42.879385242 -0.684040287 1.000000000
v 42.732050808 -1.000000000 1.000000000
v 42.532088886 -1.285575219 1.000000000
v 42.285575219 -1.532088886 1.000000000
v 42.000000000 -1.732050808 1.000000000
v 41.684040287 -1.879385242 1.000000000
v 41.347296355 -1.969615506 1.000000000
v 41.000000000 -2.000000000 1.000000000
v 40.652703645 -1.969615506 1.000000000
v 40.315959713 -1.879385242 1.000000000
v 40.000000000 -1.732050808 1.000000000
v 39.714424781 -1.532088886 1.000000000
v 39.467911114 -1.285575219 1.000000000
v 39.267949192 -1.000000000 1.000000000
v 39.120614758 -0.684040287 1.000000000
v 39.030384494 -0.347296355 1.000000000
v 39.000000000 -0.000000000 1.000000000
v 39.030384494 0.347296355 1.000000000
v 39.120614758 0.684040287 1.000000000
v 39.267949192 1.000000000 1.000000000
v 39.467911114 1.285575219 1.000000000
v 39.714424781 1.532088886 1.000000000
v 40.000000000 1.732050808 1.000000000
v 40.315959713 1.879385242 1.000000000
v 40.652703645 1.969615506 1.000000000
v 41.000000000 2.000000000 1.000000000
v 41.347296355 1.969615506 1.000000000
v 41.684040287 1.879385242 1.000000000
v 42.000000000 1.732050808 1.000000000
v 42.285575219 1.532088886 1.000000000
v 42.532088886 1.285575219 1.000000000
v 42.732050808 1.000000000 1.000000000
v 42.879385242 0.684040287 1.000000000
v 42.969615506 0.347296355 1.000000000
v 26.000000000 0.000000000 74.000000000
v 25.605001578 4.514852619 74.000000000
v 24.432008140 8.892523726 74.000000000
v 22.516660498 13.000000000 74.000000000
v 19.917155521 16.712477852 74.000000000
v 16.712477852 19.917155521 74.000000000
v 13.000000000 22.516660498 74.000000000
v 8.892523726 24.432008140 74.000000000
v 4.514852619 25.605001578 74.000000000
v -0.000000000 26.000000000 74.000000000
v -4.514852619 25.605001578 74.000000000
v -8.892523726 24.432008140 74.000000000
v -13.000000000 22.516660498 74.000000000
v -16.712477852 19.917155521 74.000000000
v -19.917155521 16.712477852 74.000000000
v -22.516660498 13.000000000 74.000000000
v -24.432008140 8.892523726 74.000000000
v -25.605001578 4.514852619 74.000000000
v -26.000000000 0.000000000 74.000000000
v -25.605001578 -4.514852619 74.000000000
v -24.432008140 -8.892523726 74.000000000
v -22.516660498 -13.000000000 74.000000000
v -19.917155521 -16.712477852 74.000000000
v -16.712477852 -19.917155521 74.000000000
v -13.000000000 -22.516660498 74.000000000
v -8.892523726 -24.432008140 74.000000000
v -4.514852619 -25.605001578 74.000000000
v -0.000000000 -26.000000000 74.000000000
v 4.514852619 -25.605001578 74.000000000
v 8.892523726 -24.432008140 74.000000000
v 13.000000000 -22.516660498 74.000000000
v 16.712477852 -19.917155521 74.000000000
v 19.917155521 -16.712477852 74.000000000
v 22.516660498 -13.000000000 74.000000000
v 24.432008140 -8.892523726 74.000000000
v 25.605001578 -4.514852619 74.000000000
v 16.000000000 0.000000000 74.000000000
v 15.756924048 2.778370843 74.000000000
v 15.035081933 5.472322293 74.000000000
v 13.856406461 8.000000000 74.000000000
v 12.256711090 10.284601755 74.000000000
v 10.284601755 12.256711090 74.000000000
v 8.000000000 13.856406461 74.000000000
v 5.472322293 15.035081933 74.000000000
v 2.778370843 15.756924048 74.000000000
v 0.000000000 16.000000000 74.000000000
v -2.778370843 15.756924048 74.000000000
v -5.472322293 15.035081933 74.000000000
v -8.000000000 13.856406461 74.000000000
v -10.284601755 12.256711090 74.000000000
v -12.256711090 10.284601755 74.000000000
v -13.856406461 8.000000000 74.000000000
v -15.035081933 5.472322293 74.000000000
v -15.756924048 2.778370843 74.000000000
v -16.000000000 0.000000000 74.000000000
v -15.756924048 -2.778370843 74.000000000
v -15.035081933 -5.472322293 74.000000000
v -13.856406461 -8.000000000 74.000000000
v -12.256711090 -10.284601755 74.000000000
v -10.284601755 -12.256711090 74.000000000
v -8.000000000 -13.856406461 74.000000000
v -5.472322293 -15.035081933 74.000000000
v -2.778370843 -15.756924048 74.000000000
v -0.000000000 -16.000000000 74.000000000
v 2.778370843 -15.756924048 74.000000000
v 5.472322293 -15.035081933 74.000000000
v 8.000000000 -13.856406461 74.000000000
v 10.284601755 -12.256711090 74.000000000
v 12.256711090 -10.284601755 74.000000000
v 13.856406461 -8.000000000 74.000000000
v 15.035081933 -5.472322293 74.000000000
v 15.756924048 -2.778370843 74.000000000
v 26.000000000 0.000000000 74.000000000
v 25.605001578 4.514852619 74.000000000
v 24.432008140 8.892523726 74.000000000
v 22.516660498 13.000000000 74.000000000
v 19.917155521 16.712477852 74.000000000
v 16.712477852 19.917155521 74.000000000
v 13.000000000 22.516660498 74.000000000
v 8.892523726 24.432008140 74.000000000
v 4.514852619 25.605001578 74.000000000
v -0.000000000 26.000000000 74.000000000
v -4.514852619 25.605001578 74.000000000
v -8.892523726 24.432008140 74.000000000
v -13.000000000 22.516660498 74.000000000
v -16.712477852 19.917155521 74.000000000
v -19.917155521 16.712477852 74.000000000
v -22.516660498 13.000000000 74.000000000
v -24.432008140 8.892523726 74.000000000
v -25.605001578 4.514852619 74.000000000
v -26.000000000 0.000000000 74.000000000
v -25.605001578 -4.514852619 74.000000000
v -24.432008140 -8.892523726 74.000000000
v -22.516660498 -13.000000000 74.000000000
v -19.917155521 -16.712477852 74.000000000
v -16.712477852 -19.917155521 74.000000000
v -13.000000000 -22.516660498 74.000000000
v -8.892523726 -24.432008140 74.000000000
v -4.514852619 -25.605001578 74.000000000
v -0.000000000 -26.000000000 74.000000000
v 4.514852619 -25.605001578 74.000000000
v 8.892523726 -24.432008140 74.000000000
v 13.000000000 -22.516660498 74.000000000
v 16.712477852 -19.917155521 74.000000000
v 19.917155521 -16.712477852 74.000000000
v 22.516660498 -13.000000000 74.000000000
v 24.432008140 -8.892523726 74.000000000
v 25.605001578 -4.514852619 74.000000000
v 26.000000000 0.000000000 74.000000000
v 26.000000000 0.000000000 59.000000000
v 25.605001578 4.514852619 59.000000000
v 24.432008140 8.892523726 59.000000000
v 22.516660498 13.000000000 59.000000000
v 19.917155521 16.712477852 59.000000000
v 16.712477852 19.917155521 59.000000000
v 13.000000000 22.516660498 59.000000000
v 8.892523726 24.432008140 59.000000000
v 4.514852619 25.605001578 59.000000000
v -0.000000000 26.000000000 59.000000000
v -4.514852619 25.605001578 59.000000000
v -8.892523726 24.432008140 59.000000000
v -13.000000000 22.516660498 59.000000000
v -16.712477852 19.917155521 59.000000000
v -19.917155521 16.712477852 59.000000000
v -22.516660498 13.000000000 59.000000000
v -24.432008140 8.892523726 59.000000000
v -25.605001578 4.514852619 59.000000000
v -26.000000000 0.000000000 59.000000000
v -25.605001578 -4.514852619 59.000000000
v -24.432008140 -8.892523726 59.000000000
v -22.516660498 -13.000000000 59.000000000
v -19.917155521 -16.712477852 59.000000000
v -16.712477852 -19.917155521 59.000000000
v -13.000000000 -22.516660498 59.000000000
v -8.892523726 -24.432008140 59.000000000
v -4.514852619 -25.605001578 59.000000000
v -0.000000000 -26.000000000 59.000000000
v 4.514852619 -25.605001578 59.000000000
v 8.892523726 -24.432008140 59.000000000
v 13.000000000 -22.516660498 59.000000000
v 16.712477852 -19.917155521 59.000000000
v 19.917155521 -16.712477852 59.000000000
v 22.516660498 -13.000000000 59.000000000
v 24.432008140 -8.892523726 59.000000000
v 25.605001578 -4.514852619 59.000000000
v 26.000000000 0.000000000 59.000000000
v 16.000000000 0.000000000 59.000000000
v 16.000000000 0.000000000 74.000000000
v 16.000000000 0.000000000 74.000000000
v 15.756924048 2.778370843 74.000000000
v 15.035081933 5.472322293 74.000000000
v 13.856406461 8.000000000 74.000000000
v 12.256711090 10.284601755 74.000000000
v 10.284601755 12.256711090 74.000000000
v 8.000000000 13.856406461 74.000000000
v 5.472322293 15.035081933 74.000000000
v 2.778370843 15.756924048 74.000000000
v 0.000000000 16.000000000 74.000000000
v -2.778370843 15.756924048 74.000000000
v -5.472322293 15.035081933 74.000000000
v -8.000000000 13.856406461 74.000000000
v -10.284601755 12.256711090 74.000000000
v -12.256711090 10.284601755 74.000000000
v -13.856406461 8.000000000 74.000000000
v -15.035081933 5.472322293 74.000000000
v -15.756924048 2.778370843 74.000000000
v -16.000000000 0.000000000 74.000000000
v -15.756924048 -2.778370843 74.000000000
v -15.035081933 -5.472322293 74.000000000
v -13.856406461 -8.000000000 74.000000000
v -12.256711090 -10.284601755 74.000000000
v -10.284601755 -12.256711090 74.000000000
v -8.000000000 -13.856406461 74.000000000
v -5.472322293 -15.035081933 74.000000000
v -2.778370843 -15.756924048 74.000000000
v -0.000000000 -16.000000000 74.000000000
v 2.778370843 -15.756924048 74.000000000
v 5.472322293 -15.035081933 74.000000000
v 8.000000000 -13.856406461 74.000000000
v 10.284601755 -12.256711090 74.000000000
v 12.256711090 -10.284601755 74.000000000
v 13.856406461 -8.000000000 74.000000000
v 15.035081933 -5.472322293 74.000000000
v 15.756924048 -2.778370843 74.000000000
v 16.000000000 0.000000000 59.000000000
v 15.756924048 2.778370843 59.000000000
v 15.035081933 5.472322293 59.000000000
v 13.856406461 8.000000000 59.000000000
v 12.256711090 10.284601755 59.000000000
v 10.284601755 12.256711090 59.000000000
v 8.000000000 13.856406461 59.000000000
v 5.472322293 15.035081933 59.000000000
v 2.778370843 15.756924048 59.000000000
v 0.000000000 16.000000000 59.000000000
v -2.778370843 15.756924048 59.000000000
v -5.472322293 15.035081933 59.000000000
v -8.000000000 13.856406461 59.000000000
v -10.284601755 12.256711090 59.000000000
v -12.256711090 10.284601755 59.000000000
v -13.856406461 8.000000000 59.000000000
v -15.035081933 5.472322293 59.000000000
v -15.756924048 2.778370843 59.000000000
v -16.000000000 0.000000000 59.000000000
v -15.756924048 -2.778370843 59.000000000
v -15.035081933 -5.472322293 59.000000000
v -13.856406461 -8.000000000 59.000000000
v -12.256711090 -10.284601755 59.000000000
v -10.284601755 -12.256711090 59.000000000
v -8.000000000 -13.856406461 59.000000000
v -5.472322293 -15.035081933 59.000000000
v -2.778370843 -15.756924048 59.000000000
v -0.000000000 -16.000000000 59.000000000
v 2.778370843 -15.756924048 59.000000000
v 5.472322293 -15.035081933 59.000000000
v 8.000000000 -13.856406461 59.000000000
v 10.284601755 -12.256711090 59.000000000
v 12.256711090 -10.284601755 59.000000000
v 13.856406461 -8.000000000 59.000000000
v 15.035081933 -5.472322293 59.000000000
v 15.756924048 -2.778370843 59.000000000
v 26.000000000 0.000000000 59.000000000
v 25.605001578 4.514852619 59.000000000
v 24.432008140 8.892523726 59.000000000
v 22.516660498 13.000000000 59.000000000
v 19.917155521 16.712477852 59.000000000
v 16.712477852 19.917155521 59.000000000
v 13.000000000 22.516660498 59.000000000
v 8.892523726 24.432008140 59.000000000
v 4.514852619 25.605001578 59.000000000
v -0.000000000 26.000000000 59.000000000
v -4.514852619 25.605001578 59.000000000
v -8.892523726 24.432008140 59.000000000
v -13.000000000 22.516660498 59.000000000
v -16.712477852 19.917155521 59.000000000
v -19.917155521 16.712477852 59.000000000
v -22.516660498 13.000000000 59.000000000
v -24.432008140 8.892523726 59.000000000
v -25.605001578 4.514852619 59.000000000
v -26.000000000 0.000000000 59.000000000
v -25.605001578 -4.514852619 59.000000000
v -24.432008140 -8.892523726 59.000000000
v -22.516660498 -13.000000000 59.000000000
v -19.917155521 -16.712477852 59.000000000
v -16.712477852 -19.917155521 59.000000000
v -13.000000000 -22.516660498 59.000000000
v -8.892523726 -24.432008140 59.000000000
v -4.514852619 -25.605001578 59.000000000
v -0.000000000 -26.000000000 59.000000000
v 4.514852619 -25.605001578 59.000000000
v 8.892523726 -24.432008140 59.000000000
v 13.000000000 -22.516660498 59.000000000
v 16.712477852 -19.917155521 59.000000000
v 19.917155521 -16.712477852 59.000000000
v 22.516660498 -13.000000000 59.000000000
v 24.432008140 -8.892523726 59.000000000
v 25.605001578 -4.514852619 59.000000000
v 16.000000000 0.000000000 59.000000000
v 15.756924048 2.778370843 59.000000000
v 15.035081933 5.472322293 59.000000000
v 13.856406461 8.000000000 59.000000000
v 12.256711090 10.284601755 59.000000000
v 10.284601755 12.256711090 59.000000000
v 8.000000000 13.856406461 59.000000000
v 5.472322293 15.035081933 59.000000000
v 2.778370843 15.756924048 59.000000000
v 0.000000000 16.000000000 59.000000000
v -2.778370843 15.756924048 59.000000000
v -5.472322293 15.035081933 59.000000000
v -8.000000000 13.856406461 59.000000000
v -10.284601755 12.256711090 59.000000000
v -12.256711090 10.284601755 59.000000000
v -13.856406461 8.000000000 59.000000000
v -15.035081933 5.472322293 59.000000000
v -15.756924048 2.778370843 59.000000000
v -16.000000000 0.000000000 59.000000000
v -15.756924048 -2.778370843 59.000000000
v -15.035081933 -5.472322293 59.000000000
v -13.856406461 -8.000000000 59.000000000
v -12.256711090 -10.284601755 59.000000000
v -10.284601755 -12.256711090 59.000000000
v -8.000000000 -13.856406461 59.000000000
v -5.472322293 -15.035081933 59.000000000
v -2.778370843 -15.756924048 59.000000000
v -0.000000000 -16.000000000 59.000000000
v 2.778370843 -15.756924048 59.000000000
v 5.472322293 -15.035081933 59.000000000
v 8.000000000 -13.856406461 59.000000000
v 10.284601755 -12.256711090 59.000000000
v 12.256711090 -10.284601755 59.000000000
v 13.856406461 -8.000000000 59.000000000
v 15.035081933 -5.472322293 59.000000000
v 15.756924048 -2.778370843 59.000000000
v -36.419872365 2.000000000 40.000000000
v -24.919872365 2.000000000 40.000000000
v -24.919872365 2.000000000 40.000000000
v -24.919872365 1.969615506 40.347296355
v -24.919872365 1.879385242 40.684040287
v -24.919872365 1.732050808 41.000000000
v -24.919872365 1.532088886 41.285575219
v -24.919872365 1.285575219 41.532088886
v -24.919872365 1.000000000 41.732050808
v -24.919872365 0.684040287 41.879385242
v -24.919872365 0.347296355 41.969615506
v -24.919872365 0.000000000 42.000000000
v -24.919872365 -0.347296355 41.969615506
v -24.919872365 -0.684040287 41.879385242
v -24.919872365 -1.000000000 41.732050808
v -24.919872365 -1.285575219 41.532088886
v -24.919872365 -1.532088886 41.285575219
v -24.919872365 -1.732050808 41.000000000
v -24.919872365 -1.879385242 40.684040287
v -24.919872365 -1.969615506 40.347296355
v -24.919872365 -2.000000000 40.000000000
v -24.919872365 -1.969615506 39.652703645
v -24.919872365 -1.879385242 39.315959713
v -24.919872365 -1.732050808 39.000000000
v -24.919872365 -1.532088886 38.714424781
v -24.919872365 -1.285575219 38.467911114
v -24.919872365 -1.000000000 38.267949192
v -24.919872365 -0.684040287 38.120614758
v -24.919872365 -0.347296355 38.030384494
v -24.919872365 -0.000000000 38.000000000
v -24.919872365 0.347296355 38.030384494
v -24.919872365 0.684040287 38.120614758
v -24.919872365 1.000000000 38.267949192
v -24.919872365 1.285575219 38.467911114
v -24.919872365 1.532088886 38.714424781
v -24.919872365 1.732050808 39.000000000
v -24.919872365 1.879385242 39.315959713
v -24.919872365 1.969615506 39.652703645
v -36.419872365 2.000000000 40.000000000
v -36.419872365 1.969615506 40.347296355
v -36.419872365 1.879385242 40.684040287
v -36.419872365 1.732050808 41.000000000
v -36.419872365 1.532088886 41.285575219
v -36.419872365 1.285575219 41.532088886
v -36.419872365 1.000000000 41.732050808
v -36.419872365 0.684040287 41.879385242
v -36.419872365 0.347296355 41.969615506
v -36.419872365 0.000000000 42.000000000
v -36.419872365 -0.347296355 41.969615506
v -36.419872365 -0.684040287 41.879385242
v -36.419872365 -1.000000000 41.732050808
v -36.419872365 -1.285575219 41.532088886
v -36.419872365 -1.532088886 41.285575219
v -36.419872365 -1.732050808 41.000000000
v -36.419872365 -1.879385242 40.684040287
v -36.419872365 -1.969615506 40.347296355
v -36.419872365 -2.000000000 40.000000000
v -36.419872365 -1.969615506 39.652703645
v -36.419872365 -1.879385242 39.315959713
v -36.419872365 -1.732050808 39.000000000
v -36.419872365 -1.532088886 38.714424781
v -36.419872365 -1.285575219 38.467911114
v -36.419872365 -1.000000000 38.267949192
v -36.419872365 -0.684040287 38.120614758
v -36.419872365 -0.347296355 38.030384494
v -36.419872365 -0.000000000 38.000000000
v -36.419872365 0.347296355 38.030384494
v -36.419872365 0.684040287 38.120614758
v -36.419872365 1.000000000 38.267949192
v -36.419872365 1.285575219 38.467911114
v -36.419872365 1.532088886 38.714424781
v -36.419872365 1.732050808 39.000000000
v -36.419872365 1.879385242 39.315959713
v -36.419872365 1.969615506 39.652703645
v -24.919872365 2.000000000 40.000000000
v -24.919872365 1.969615506 40.347296355
v -24.919872365 1.879385242 40.684040287
v -24.919872365 1.732050808 41.000000000
v -24.919872365 1.532088886 41.285575219
v -24.919872365 1.285575219 41.532088886
v -24.919872365 1.000000000 41.732050808
v -24.919872365 0.684040287 41.879385242
v -24.919872365 0.347296355 41.969615506
v -24.919872365 0.000000000 42.000000000
v -24.919872365 -0.347296355 41.969615506
v -24.919872365 -0.684040287 41.879385242
v -24.919872365 -1.000000000 41.732050808
v -24.919872365 -1.285575219 41.532088886
v -24.919872365 -1.532088886 41.285575219
v -24.919872365 -1.732050808 41.000000000
v -24.919872365 -1.879385242 40.684040287
v -24.919872365 -1.969615506 40.347296355
v -24.919872365 -2.000000000 40.000000000
v -24.919872365 -1.969615506 39.652703645
v -24.919872365 -1.879385242 39.315959713
v -24.919872365 -1.732050808 39.000000000
v -24.919872365 -1.532088886 38.714424781
v -24.919872365 -1.285575219 38.467911114
v -24.919872365 -1.000000000 38.267949192
v -24.919872365 -0.684040287 38.120614758
v -24.919872365 -0.347296355 38.030384494
v -24.919872365 -0.000000000 38.000000000
v -24.919872365 0.347296355 38.030384494
v -24.919872365 0.684040287 38.120614758
v -24.919872365 1.000000000 38.267949192
v -24.919872365 1.285575219 38.467911114
v -24.919872365 1.532088886 38.714424781
v -24.919872365 1.732050808 39.000000000
v -24.919872365 1.879385242 39.315959713
v -24.919872365 1.969615506 39.652703645
v -36.419872365 4.000000000 40.000000000
v -36.419872365 3.939231012 40.694592711
v -36.419872365 3.758770483 41.368080573
v -36.419872365 3.464101615 42.000000000
v -36.419872365 3.064177772 42.571150439
v -36.419872365 2.571150439 43.064177772
v -36.419872365 2.000000000 43.464101615
v -36.419872365 1.368080573 43.758770483
v -36.419872365 0.694592711 43.939231012
v -36.419872365 -0.000000000 44.000000000
v -36.419872365 -0.694592711 43.939231012
v -36.419872365 -1.368080573 43.758770483
v -36.419872365 -2.000000000 43.464101615
v -36.419872365 -2.571150439 43.064177772
v -36.419872365 -3.064177772 42.571150439
v -36.419872365 -3.464101615 42.000000000
v -36.419872365 -3.758770483 41.368080573
v -36.419872365 -3.939231012 40.694592711
v -36.419872365 -4.000000000 40.000000000
v -36.419872365 -3.939231012 39.305407289
v -36.419872365 -3.758770483 38.631919427
v -36.419872365 -3.464101615 38.000000000
v -36.419872365 -3.064177772 37.428849561
v -36.419872365 -2.571150439 36.935822228
v -36.419872365 -2.000000000 36.535898385
v -36.419872365 -1.368080573 36.241229517
v -36.419872365 -0.694592711 36.060768988
v -36.419872365 -0.000000000 36.000000000
v -36.419872365 0.694592711 36.060768988
v -36.419872365 1.368080573 36.241229517
v -36.419872365 2.000000000 36.535898385
v -36.419872365 2.571150439 36.935822228
v -36.419872365 3.064177772 37.428849561
v -36.419872365 3.464101615 38.000000000
v -36.419872365 3.758770483 38.631919427
v -36.419872365 3.939231012 39.305407289
v -36.419872365 2.000000000 40.000000000
v -36.419872365 1.969615506 40.347296355
v -36.419872365 1.879385242 40.684040287
v -36.419872365 1.732050808 41.000000000
v -36.419872365 1.532088886 41.285575219
v -36.419872365 1.285575219 41.532088886
v -36.419872365 1.000000000 41.732050808
v -36.419872365 0.684040287 41.879385242
v -36.419872365 0.347296355 41.969615506
v -36.419872365 0.000000000 42.000000000
v -36.419872365 -0.347296355 41.969615506
v -36.419872365 -0.684040287 41.879385242
v -36.419872365 -1.000000000 41.732050808
v -36.419872365 -1.285575219 41.532088886
v -36.419872365 -1.532088886 41.285575219
v -36.419872365 -1.732050808 41.000000000
v -36.419872365 -1.879385242 40.684040287
v -36.419872365 -1.969615506 40.347296355
v -36.419872365 -2.000000000 40.000000000
v -36.419872365 -1.969615506 39.652703645
v -36.419872365 -1.879385242 39.315959713
v -36.419872365 -1.732050808 39.000000000
v -36.419872365 -1.532088886 38.714424781
v -36.419872365 -1.285575219 38.467911114
v -36.419872365 -1.000000000 38.267949192
v -36.419872365 -0.684040287 38.120614758
v -36.419872365 -0.347296355 38.030384494
v -36.419872365 -0.000000000 38.000000000
v -36.419872365 0.347296355 38.030384494
v -36.419872365 0.684040287 38.120614758
v -36.419872365 1.000000000 38.267949192
v -36.419872365 1.285575219 38.467911114
v -36.419872365 1.532088886 38.714424781
v -36.419872365 1.732050808 39.000000000
v -36.419872365 1.879385242 39.315959713
v -36.419872365 1.969615506 39.652703645
v -36.419872365 4.000000000 40.000000000
v -36.419872365 3.939231012 40.694592711
v -36.419872365 3.758770483 41.368080573
v -36.419872365 3.464101615 42.000000000
v -36.419872365 3.064177772 42.571150439
v -36.419872365 2.571150439 43.064177772
v -36.419872365 2.000000000 43.464101615
v -36.419872365 1.368080573 43.758770483
v -36.419872365 0.694592711 43.939231012
v -36.419872365 -0.000000000 44.000000000
v -36.419872365 -0.694592711 43.939231012
v -36.419872365 -1.368080573 43.758770483
v -36.419872365 -2.000000000 43.464101615
v -36.419872365 -2.571150439 43.064177772
v -36.419872365 -3.064177772 42.571150439
v -36.419872365 -3.464101615 42.000000000
v -36.419872365 -3.758770483 41.368080573
v -36.419872365 -3.939231012 40.694592711
v -36.419872365 -4.000000000 40.000000000
v -36.419872365 -3.939231012 39.305407289
v -36.419872365 -3.758770483 38.631919427
v -36.419872365 -3.464101615 38.000000000
v -36.419872365 -3.064177772 37.428849561
v -36.419872365 -2.571150439 36.935822228
v -36.419872365 -2.000000000 36.535898385
v -36.419872365 -1.368080573 36.241229517
v -36.419872365 -0.694592711 36.060768988
v -36.419872365 -0.000000000 36.000000000
v -36.419872365 0.694592711 36.060768988
v -36.419872365 1.368080573 36.241229517
v -36.419872365 2.000000000 36.535898385
v -36.419872365 2.571150439 36.935822228
v -36.419872365 3.064177772 37.428849561
v -36.419872365 3.464101615 38.000000000
v -36.419872365 3.758770483 38.631919427
v -36.419872365 3.939231012 39.305407289
v -36.419872365 4.000000000 40.000000000
v -40.419872365 4.000000000 40.000000000
v -40.419872365 3.939231012 40.694592711
v -40.419872365 3.758770483 41.368080573
v -40.419872365 3.464101615 42.000000000
v -40.419872365 3.064177772 42.571150439
v -40.419872365 2.571150439 43.064177772
v -40.419872365 2.000000000 43.464101615
v -40.419872365 1.368080573 43.758770483
v -40.419872365 0.694592711 43.939231012
v -40.419872365 -0.000000000 44.000000000
v -40.419872365 -0.694592711 43.939231012
v -40.419872365 -1.368080573 43.758770483
v -40.419872365 -2.000000000 43.464101615
v -40.419872365 -2.571150439 43.064177772
v -40.419872365 -3.064177772 42.571150439
v -40.419872365 -3.464101615 42.000000000
v -40.419872365 -3.758770483 41.368080573
v -40.419872365 -3.939231012 40.694592711
v -40.419872365 -4.000000000 40.000000000
v -40.419872365 -3.939231012 39.305407289
v -40.419872365 -3.758770483 38.631919427
v -40.419872365 -3.464101615 38.000000000
v -40.419872365 -3.064177772 37.428849561
v -40.419872365 -2.571150439 36.935822228
v -40.419872365 -2.000000000 36.535898385
v -40.419872365 -1.368080573 36.241229517
v -40.419872365 -0.694592711 36.060768988
v -40.419872365 -0.000000000 36.000000000
v -40.419872365 0.694592711 36.060768988
v -40.419872365 1.368080573 36.241229517
v -40.419872365 2.000000000 36.535898385
v -40.419872365 2.571150439 36.935822228
v -40.419872365 3.064177772 37.428849561
v -40.419872365 3.464101615 38.000000000
v -40.419872365 3.758770483 38.631919427
v -40.419872365 3.939231012 39.305407289
v -40.419872365 4.000000000 40.000000000
v -40.419872365 4.000000000 40.000000000
v -40.419872365 3.939231012 40.694592711
v -40.419872365 3.758770483 41.368080573
v -40.419872365 3.464101615 42.000000000
v -40.419872365 3.064177772 42.571150439
v -40.419872365 2.571150439 43.064177772
v -40.419872365 2.000000000 43.464101615
v -40.419872365 1.368080573 43.758770483
v -40.419872365 0.694592711 43.939231012
v -40.419872365 -0.000000000 44.000000000
v -40.419872365 -0.694592711 43.939231012
v -40.419872365 -1.368080573 43.758770483
v -40.419872365 -2.000000000 43.464101615
v -40.419872365 -2.571150439 43.064177772
v -40.419872365 -3.064177772 42.571150439
v -40.419872365 -3.464101615 42.000000000
v -40.419872365 -3.758770483 41.368080573
v -40.419872365 -3.939231012 40.694592711
v -40.419872365 -4.000000000 40.000000000
v -40.419872365 -3.939231012 39.305407289
v -40.419872365 -3.758770483 38.631919427
v -40.419872365 -3.464101615 38.000000000
v -40.419872365 -3.064177772 37.428849561
v -40.419872365 -2.571150439 36.935822228
v -40.419872365 -2.000000000 36.535898385
v -40.419872365 -1.368080573 36.241229517
v -40.419872365 -0.694592711 36.060768988
v -40.419872365 -0.000000000 36.000000000
v -40.419872365 0.694592711 36.060768988
v -40.419872365 1.368080573 36.241229517
v -40.419872365 2.000000000 36.535898385
v -40.419872365 2.571150439 36.935822228
v -40.419872365 3.064177772 37.428849561
v -40.419872365 3.464101615 38.000000000
v -40.419872365 3.758770483 38.631919427
v -40.419872365 3.939231012 39.305407289
v -95.001210146 -0.100000000 -22.000000000
v -95.093882102 -0.954368795 -22.000000000
v -95.331487478 -1.780248819 -22.000000000
v -95.707007087 -2.553242449 -22.000000000
v -96.209347568 -3.250514398 -22.000000000
v -96.823669096 -3.851466300 -22.000000000
v -97.531823775 -4.338345217 -22.000000000
v -98.312891749 -4.696768079 -22.000000000
v -99.143799204 -4.916146587 -22.000000000
v -100.000000000 -4.990000000 -22.000000000
v -100.856200796 -4.916146587 -22.000000000
v -101.687108251 -4.696768079 -22.000000000
v -102.468176225 -4.338345217 -22.000000000
v -103.176330904 -3.851466300 -22.000000000
v -103.790652432 -3.250514398 -22.000000000
v -104.292992913 -2.553242449 -22.000000000
v -104.668512522 -1.780248819 -22.000000000
v -104.906117898 -0.954368795 -22.000000000
v -104.998789853 -0.100000000 -22.000000000
v -104.008749805 -0.100000000 -22.000000000
v -96.011250195 -0.100000000 -22.000000000
v -96.087177531 -0.781961559 -22.000000000
v -96.278542874 -1.440912114 -22.000000000
v -96.579714862 -2.057460540 -22.000000000
v -96.981830821 -2.613463492 -22.000000000
v -97.473057572 -3.092559315 -22.000000000
v -98.038939646 -3.480649520 -22.000000000
v -98.662824670 -3.766313666 -22.000000000
v -99.326353404 -3.941145434 -22.000000000
v -100.010000000 -4.000000000 -22.000000000
v -100.693646596 -3.941145434 -22.000000000
v -101.357175330 -3.766313666 -22.000000000
v -101.981060354 -3.480649520 -22.000000000
v -102.546942428 -3.092559315 -22.000000000
v -103.038169179 -2.613463492 -22.000000000
v -103.440285138 -2.057460540 -22.000000000
v -103.741457126 -1.440912114 -22.000000000
v -103.932822469 -0.781961559 -22.000000000
v -95.001210146 -0.100000000 -22.000000000
v -95.093882102 -0.954368795 -22.000000000
v -95.331487478 -1.780248819 -22.000000000
v -95.707007087 -2.553242449 -22.000000000
v -96.209347568 -3.250514398 -22.000000000
v -96.823669096 -3.851466300 -22.000000000
v -97.531823775 -4.338345217 -22.000000000
v -98.312891749 -4.696768079 -22.000000000
v -99.143799204 -4.916146587 -22.000000000
v -100.000000000 -4.990000000 -22.000000000
v -100.856200796 -4.916146587 -22.000000000
v -101.687108251 -4.696768079 -22.000000000
v -102.468176225 -4.338345217 -22.000000000
v -103.176330904 -3.851466300 -22.000000000
v -103.790652432 -3.250514398 -22.000000000
v -104.292992913 -2.553242449 -22.000000000
v -104.668512522 -1.780248819 -22.000000000
v -104.906117898 -0.954368795 -22.000000000
v -104.998789853 -0.100000000 -22.000000000
v -95.001210146 -0.100000000 -10.000630408
v -104.998789853 -0.100000000 -10.000640481
v -104.934750414 -0.795133180 -10.037254070
v -104.815778087 -1.334725576 -10.105377271
v -104.669283970 -1.778235783 -10.188141510
v -104.446653502 -2.276322950 -10.310323964
v -104.165995418 -2.754864796 -10.456745795
v -103.851298667 -3.178651530 -10.608885534
v -103.494222993 -3.566367665 -10.764743808
v -103.093515842 -3.918124200 -10.920918690
v -102.646218912 -4.232349052 -11.073959132
v -102.145834285 -4.506126063 -11.219754103
v -101.566338446 -4.738324324 -11.352942257
v -100.827484406 -4.921051567 -11.461594895
v -100.084702970 -4.989282489 -11.501786488
v -99.356917603 -4.948481558 -11.477090163
v -98.831423306 -4.851525327 -11.419364617
v -98.394150321 -4.725107900 -11.345863606
v -97.900389138 -4.527800815 -11.234996119
v -97.426524795 -4.276866429 -11.100694045
v -97.011139553 -3.998330474 -10.960868357
v -96.522925631 -3.583042423 -10.770507631
v -96.043798952 -3.047527209 -10.556341244
v -95.627388949 -2.414927340 -10.348427413
v -95.305342504 -1.710520117 -10.174773679
v -95.099715211 -0.983585109 -10.057813074
v -95.034578684 -0.577018872 -10.019908815
v -80.000000000 -0.100000000 -3.000172414
v -96.011250197 -0.100000000 -3.000172414
v -80.000000000 -0.100000000 -5.000185186
v -80.029786952 -0.100000000 -5.344077998
v -80.118468186 -0.100000000 -5.678303466
v -80.264736116 -0.100000000 -5.994606292
v -80.445255841 -0.100000000 -6.258276379
v -80.648753906 -0.100000000 -6.474690326
v -80.892019324 -0.100000000 -6.665243602
v -81.175508241 -0.100000000 -6.822343848
v -81.496732262 -0.100000000 -6.935844483
v -81.744107557 -0.100000000 -6.983762090
v -82.000000000 -0.100000000 -7.000200001
v -92.000595950 -0.100000000 -7.000200001
v -92.403309105 -0.100000000 -7.027348854
v -92.796009880 -0.100000000 -7.107552329
v -93.170144208 -0.100000000 -7.237523531
v -93.518925352 -0.100000000 -7.412712010
v -93.837426868 -0.100000000 -7.628127193
v -94.122583611 -0.100000000 -7.879311281
v -94.372223100 -0.100000000 -8.162601544
v -94.584572874 -0.100000000 -8.475443738
v -94.757569752 -0.100000000 -8.816397679
v -94.888329254 -0.100000000 -9.185471998
v -94.971820022 -0.100000000 -9.581756875
v -95.001210146 -0.100000000 -10.000630408
v -95.001210146 -0.100000000 -22.000000000
v -96.011250195 -0.100000000 -22.000000000
v -104.998789853 -0.100000000 -42.000000000
v -104.998788288 -0.100000000 -53.999375234
v -104.008749805 -0.100000000 -42.000000000
v -104.008749805 -0.100000000 -57.000000000
v -96.011250195 -0.100000000 -57.000000000
v -96.011250195 -0.100000000 -42.000000000
v -95.001210146 -0.100000000 -42.000000000
v -95.001210145 -0.100000000 -53.999362299
v -92.000596377 -0.100000000 -56.999799999
v -92.404588173 -0.100000000 -56.972477663
v -92.798553419 -0.100000000 -56.891747200
v -93.173757455 -0.100000000 -56.760944311
v -93.523262975 -0.100000000 -56.584738178
v -93.842059507 -0.100000000 -56.368278739
v -94.127062404 -0.100000000 -56.116198667
v -94.376140623 -0.100000000 -55.832331758
v -94.587618910 -0.100000000 -55.519382538
v -94.759567264 -0.100000000 -55.178938926
v -94.889311516 -0.100000000 -54.811036723
v -94.972071196 -0.100000000 -54.416452292
v -82.000000000 -0.100000000 -56.999799999
v -80.000000000 -0.100000000 -58.999814814
v -80.029786952 -0.100000000 -58.655922003
v -80.118468186 -0.100000000 -58.321696533
v -80.264736117 -0.100000000 -58.005393707
v -80.445255842 -0.100000000 -57.741723619
v -80.648753907 -0.100000000 -57.525309673
v -80.892019325 -0.100000000 -57.334756397
v -81.175508240 -0.100000000 -57.177656153
v -81.496732257 -0.100000000 -57.064155518
v -81.744107554 -0.100000000 -57.016237911
v -80.000000000 -0.100000000 -60.999827586
v -130.000000000 -0.100000000 -60.999827586
v -130.000000000 -0.100000000 -3.000172414
v -104.008749715 -0.100000000 -3.000172414
v -104.008749805 -0.100000000 -22.000000000
v -104.998789853 -0.100000000 -22.000000000
v -104.998789853 -0.100000000 -10.000640481
v -107.999403028 -0.100000000 -7.000200001
v -107.597768690 -0.100000000 -7.027203028
v -107.206085286 -0.100000000 -7.106977217
v -106.832741210 -0.100000000 -7.236304471
v -106.484399256 -0.100000000 -7.410765423
v -106.165935614 -0.100000000 -7.625529622
v -105.880445589 -0.100000000 -7.876288382
v -105.630191892 -0.100000000 -8.159493778
v -105.417083980 -0.100000000 -8.472645518
v -105.243334041 -0.100000000 -8.814302413
v -105.112007140 -0.100000000 -9.184289023
v -105.028232913 -0.100000000 -9.581390552
v -119.000000000 -0.100000000 -7.000200001
v -119.165710071 -0.100000000 -7.014025557
v -119.319110907 -0.100000000 -7.052483095
v -119.467272720 -0.100000000 -7.116087672
v -119.605368857 -0.100000000 -7.204256563
v -119.734268732 -0.100000000 -7.321343717
v -119.833768931 -0.100000000 -7.448090043
v -119.912418909 -0.100000000 -7.590947273
v -119.969319949 -0.100000000 -7.754403752
v -119.992377754 -0.100000000 -7.876974242
v -120.000000000 -0.100000000 -8.000208334
v -120.000000000 -0.100000000 -55.999791666
v -119.000000000 -0.100000000 -56.999799999
v -119.165710067 -0.100000000 -56.985974443
v -119.319110900 -0.100000000 -56.947516908
v -119.467272710 -0.100000000 -56.883912333
v -119.605368851 -0.100000000 -56.795743442
v -119.734268753 -0.100000000 -56.678656260
v -119.833768948 -0.100000000 -56.551909931
v -119.912418918 -0.100000000 -56.409052707
v -119.969319952 -0.100000000 -56.245596236
v -119.992377754 -0.100000000 -56.123025753
v -107.998772649 -0.100000000 -56.999799999
v -107.594467316 -0.100000000 -56.972429614
v -107.200475200 -0.100000000 -56.891629216
v -106.825555947 -0.100000000 -56.760860720
v -106.476572844 -0.100000000 -56.584894555
v -106.158381910 -0.100000000 -56.368905141
v -105.873872391 -0.100000000 -56.117434825
v -105.625033002 -0.100000000 -55.834146189
v -105.413483924 -0.100000000 -55.521531135
v -105.241190174 -0.100000000 -55.180942652
v -105.111029106 -0.100000000 -54.812425231
v -105.027993272 -0.100000000 -54.417019811
v -96.011250195 -0.100000000 -22.000000000
v -96.087177531 -0.781961559 -22.000000000
v -96.278542874 -1.440912114 -22.000000000
v -96.579714862 -2.057460540 -22.000000000
v -96.981830821 -2.613463492 -22.000000000
v -97.473057572 -3.092559315 -22.000000000
v -98.038939646 -3.480649520 -22.000000000
v -98.662824670 -3.766313666 -22.000000000
v -99.326353404 -3.941145434 -22.000000000
v -100.010000000 -4.000000000 -22.000000000
v -100.693646596 -3.941145434 -22.000000000
v -101.357175330 -3.766313666 -22.000000000
v -101.981060354 -3.480649520 -22.000000000
v -102.546942428 -3.092559315 -22.000000000
v -103.038169179 -2.613463492 -22.000000000
v -103.440285138 -2.057460540 -22.000000000
v -103.741457126 -1.440912114 -22.000000000
v -103.932822469 -0.781961559 -22.000000000
v -104.008749805 -0.100000000 -22.000000000
v -96.011250197 -0.100000000 -3.000172414
v -100.010000000 -4.000000000 -3.277186767
v -99.357082126 -3.946352497 -3.269766761
v -98.861013564 -3.831426338 -3.254214704
v -98.459237778 -3.687158172 -3.235353910
v -98.013248337 -3.465974826 -3.207865336
v -97.589958582 -3.184869010 -3.175416620
v -97.223246842 -2.869495902 -3.142314824
v -96.898467412 -2.513636052 -3.109142701
v -96.608715461 -2.105055993 -3.076502004
v -96.352566902 -1.619624113 -3.045262618
v -96.137868323 -1.003292710 -3.017360307
v -96.055321672 -0.600432675 -3.006216517
v -104.008749715 -0.100000000 -3.000172414
v -103.941744083 -0.735791081 -3.009335785
v -103.819899887 -1.218463726 -3.025609003
v -103.670807440 -1.611982585 -3.044836196
v -103.444391956 -2.050597767 -3.072590021
v -103.157691153 -2.468205399 -3.105226081
v -102.836328304 -2.830524264 -3.138466211
v -102.473670330 -3.151242518 -3.171720993
v -102.056617187 -3.436767068 -3.204364374
v -101.558447034 -3.688131241 -3.235478660
v -100.920119528 -3.895084420 -3.262771230
v -100.512025894 -3.968371208 -3.272799824
v -104.998789853 -0.100000000 -10.000640481
v -104.934750414 -0.795133180 -10.037254070
v -104.815778087 -1.334725576 -10.105377271
v -104.669283970 -1.778235783 -10.188141510
v -104.446653502 -2.276322950 -10.310323964
v -104.165995418 -2.754864796 -10.456745795
v -103.851298667 -3.178651530 -10.608885534
v -103.494222993 -3.566367665 -10.764743808
v -103.093515842 -3.918124200 -10.920918690
v -102.646218912 -4.232349052 -11.073959132
v -102.145834285 -4.506126063 -11.219754103
v -101.566338446 -4.738324324 -11.352942257
v -100.827484406 -4.921051567 -11.461594895
v -100.084702970 -4.989282489 -11.501786488
v -99.356917603 -4.948481558 -11.477090163
v -98.831423306 -4.851525327 -11.419364617
v -98.394150321 -4.725107900 -11.345863606
v -97.900389138 -4.527800815 -11.234996119
v -97.426524795 -4.276866429 -11.100694045
v -97.011139553 -3.998330474 -10.960868357
v -96.522925631 -3.583042423 -10.770507631
v -96.043798952 -3.047527209 -10.556341244
v -95.627388949 -2.414927340 -10.348427413
v -95.305342504 -1.710520117 -10.174773679
v -95.099715211 -0.983585109 -10.057813074
v -95.034578684 -0.577018872 -10.019908815
v -95.001210146 -0.100000000 -10.000630408
v -92.000595950 -0.100000000 -7.000200001
v -92.403309105 -0.100000000 -7.027348854
v -92.796009880 -0.100000000 -7.107552329
v -93.170144208 -0.100000000 -7.237523531
v -93.518925352 -0.100000000 -7.412712010
v -93.837426868 -0.100000000 -7.628127193
v -94.122583611 -0.100000000 -7.879311281
v -94.372223100 -0.100000000 -8.162601544
v -94.584572874 -0.100000000 -8.475443738
v -94.757569752 -0.100000000 -8.816397679
v -94.888329254 -0.100000000 -9.185471998
v -94.971820022 -0.100000000 -9.581756875
v -107.999403028 -0.100000000 -7.000200001
v -107.851911561 -1.735453040 -7.060308667
v -107.562585340 -2.963071518 -7.176216905
v -107.203245096 -3.956017958 -7.314985884
v -106.795429494 -4.799836669 -7.465095005
v -106.188776675 -5.763850460 -7.673511805
v -105.424834350 -6.684458821 -7.910209418
v -104.543887024 -7.482828253 -8.146126492
v -103.480731963 -8.182184087 -8.376878619
v -102.400710063 -8.664829598 -8.549611346
v -101.248351798 -8.969128810 -8.664303559
v -100.171604257 -9.077455885 -8.706228415
v -99.090921765 -9.021286776 -8.684417551
v -98.206544844 -8.850590264 -8.619087871
v -97.477384243 -8.620444793 -8.533259034
v -96.659613557 -8.256841983 -8.402869659
v -95.878490906 -7.790801884 -8.244928835
v -95.198301642 -7.272645135 -8.081207540
v -94.592292992 -6.702247732 -7.915152578
v -93.873269687 -5.849351486 -7.693928949
v -93.164464807 -4.725983240 -7.450762082
v -92.561929096 -3.346482736 -7.224991355
v -92.175443040 -1.888570648 -7.071436006
v -92.055956438 -1.065979718 -7.022736594
v -107.597768690 -0.100000000 -7.027203028
v -107.206085286 -0.100000000 -7.106977217
v -106.832741210 -0.100000000 -7.236304471
v -106.484399256 -0.100000000 -7.410765423
v -106.165935614 -0.100000000 -7.625529622
v -105.880445589 -0.100000000 -7.876288382
v -105.630191892 -0.100000000 -8.159493778
v -105.417083980 -0.100000000 -8.472645518
v -105.243334041 -0.100000000 -8.814302413
v -105.112007140 -0.100000000 -9.184289023
v -105.028232913 -0.100000000 -9.581390552
v -105.618669805 -1.832118868 -7.971799879
v -94.213563301 -1.095240575 -7.911924570
v -106.557146444 -2.373031711 -7.330165294
v -106.410125657 -2.830162836 -7.380783042
v -105.818619859 -4.132076141 -7.574591306
v -104.573669701 -3.938032162 -8.314685437
v -105.627458919 -4.452402612 -7.633696039
v -104.992340940 -1.507949348 -8.993048841
v -104.912855118 -1.756213815 -9.028133825
v -105.359370448 -4.850640155 -7.713582983
v -104.798614875 -2.056118712 -9.078007698
v -105.039310520 -5.264763066 -7.804285970
v -104.338951109 -2.926406286 -9.270519733
v -104.176734083 -3.160914531 -9.334836035
v -104.111577355 -6.198454252 -8.037682099
v -104.005380778 -3.382344807 -9.400300660
v -103.698445505 -6.519263712 -8.127224085
v -103.823905128 -3.592827156 -9.466735153
v -103.246544423 -6.817749195 -8.214872962
v -102.931118759 -5.446544404 -8.726139301
v -102.209222215 -7.327282426 -8.374284340
v -101.069971069 -6.190693911 -8.985269395
v -103.107417505 -4.247441136 -9.701268686
v -102.878524181 -4.411076290 -9.767149553
v -101.681587069 -7.503637347 -8.432405841
v -101.175107235 -7.625333255 -8.473425342
v -102.637817547 -4.564147532 -9.831772087
v -100.754348312 -7.692725037 -8.496470025
v -102.384400556 -4.706303927 -9.894624980
v -102.116140818 -4.837408525 -9.955185500
v -99.423021147 -7.712192190 -8.503184369
v -98.997779684 -6.203614170 -8.990030640
v -99.004130018 -7.657599149 -8.484453153
v -98.629725810 -7.583619641 -8.459306349
v -98.291011535 -7.495630570 -8.429750163
v -101.286373371 -5.131117924 -10.099312842
v -97.883608447 -7.362258417 -8.385677120
v -96.846859258 -5.302817523 -8.680722912
v -100.892867532 -5.216999749 -10.143124348
v -100.557478686 -5.265056988 -10.167720724
v -96.669831730 -6.767880592 -8.199805580
v -99.562551688 -5.276759149 -10.173393128
v -99.230707289 -5.237285622 -10.152943435
v -96.356932189 -6.560106999 -8.138841071
v -98.963819700 -5.189410469 -10.128434132
v -96.063229930 -6.341349849 -8.076866623
v -98.721237730 -5.133047945 -10.099966471
v -98.427871494 -5.047946206 -10.057741212
v -95.786046115 -6.111614467 -8.014206732
v -97.526555094 -4.658879334 -9.875636101
v -97.297339879 -4.525114463 -9.817076631
v -94.741490210 -4.986182964 -7.742544651
v -97.080777827 -4.383642580 -9.757445033
v -94.456908138 -4.582042397 -7.659058843
v -96.808837575 -4.182902171 -9.676780519
v -94.156627516 -4.086790388 -7.566707113
v -95.074897522 -3.417235285 -8.205528943
v -93.878007753 -3.539128634 -7.477186868
v -96.019511466 -3.412128558 -9.407719005
v -93.383843672 -2.161038510 -7.309677632
v -95.781753246 -3.102952955 -9.316935544
v -95.558369716 -2.762339141 -9.227817368
v -95.369553575 -2.421351456 -9.149796636
v -94.987307166 -1.437288571 -8.984538063
v -103.899120029 -4.696447924 -8.503377139
v -103.479719384 -5.060681296 -8.606913094
v -96.428453147 -4.987187328 -8.585368897
v -95.960035227 -4.557214248 -8.465957739
v -95.533647461 -4.075045281 -8.346032618
v -100.010000000 -4.000000000 -3.277186767
v -99.357082126 -3.946352497 -3.269766761
v -98.861013564 -3.831426338 -3.254214704
v -98.459237778 -3.687158172 -3.235353910
v -98.013248337 -3.465974826 -3.207865336
v -97.589958582 -3.184869010 -3.175416620
v -97.223246842 -2.869495902 -3.142314824
v -96.898467412 -2.513636052 -3.109142701
v -96.608715461 -2.105055993 -3.076502004
v -96.352566902 -1.619624113 -3.045262618
v -96.137868323 -1.003292710 -3.017360307
v -96.055321672 -0.600432675 -3.006216517
v -96.011250197 -0.100000000 -3.000172414
v -104.008749715 -0.100000000 -3.000172414
v -103.941744083 -0.735791081 -3.009335785
v -103.819899887 -1.218463726 -3.025609003
v -103.670807440 -1.611982585 -3.044836196
v -103.444391956 -2.050597767 -3.072590021
v -103.157691153 -2.468205399 -3.105226081
v -102.836328304 -2.830524264 -3.138466211
v -102.473670330 -3.151242518 -3.171720993
v -102.056617187 -3.436767068 -3.204364374
v -101.558447034 -3.688131241 -3.235478660
v -100.920119528 -3.895084420 -3.262771230
v -100.512025894 -3.968371208 -3.272799824
v -130.000000000 -0.100000000 -3.000172414
v -130.000000000 -0.100000000 -60.999827586
v -130.000000000 -5.123312000 -60.543855278
v -130.000000000 -9.991635745 -59.224386405
v -130.000000000 -14.557696776 -57.081336977
v -130.000000000 -18.683364558 -54.179537614
v -130.000000000 -22.243831145 -50.606772316
v -130.000000000 -25.131386815 -46.471122857
v -130.000000000 -27.258678464 -41.897699147
v -130.000000000 -28.561352169 -37.024854453
v -130.000000000 -29.000000000 -32.000000000
v -130.000000000 -28.561352169 -26.975145547
v -130.000000000 -27.258678464 -22.102300853
v -130.000000000 -25.131386815 -17.528877143
v -130.000000000 -22.243831145 -13.393227684
v -130.000000000 -18.683364558 -9.820462386
v -130.000000000 -14.557696776 -6.918663023
v -130.000000000 -9.991635745 -4.775613595
v -130.000000000 -5.123312000 -3.456144722
v -80.000000000 -0.100000000 -60.999827586
v -80.000000000 -5.123312000 -60.543855278
v -80.000000000 -9.991635745 -59.224386405
v -80.000000000 -14.557696776 -57.081336977
v -80.000000000 -18.683364558 -54.179537614
v -80.000000000 -22.243831145 -50.606772316
v -80.000000000 -25.131386815 -46.471122857
v -80.000000000 -27.258678464 -41.897699147
v -80.000000000 -28.561352169 -37.024854453
v -80.000000000 -29.000000000 -32.000000000
v -80.000000000 -28.561352169 -26.975145547
v -80.000000000 -27.258678464 -22.102300853
v -80.000000000 -25.131386815 -17.528877143
v -80.000000000 -22.243831145 -13.393227684
v -80.000000000 -18.683364558 -9.820462386
v -80.000000000 -14.557696776 -6.918663023
v -80.000000000 -9.991635745 -4.775613595
v -80.000000000 -5.123312000 -3.456144722
v -80.000000000 -0.100000000 -3.000172414
v -80.000000000 -0.100000000 -58.999814814
v -80.000000000 -0.100000000 -60.999827586
v -80.000000000 -4.776013898 -58.574229834
v -80.000000000 -9.307592824 -57.344993900
v -80.000000000 -13.557693948 -55.349281248
v -80.000000000 -17.397786814 -52.647445701
v -80.000000000 -20.711740333 -49.321195466
v -80.000000000 -23.399334783 -45.471122140
v -80.000000000 -25.379292632 -41.213658638
v -80.000000000 -26.591736508 -36.677558067
v -80.000000000 -27.000000000 -32.000000000
v -80.000000000 -26.591736508 -27.322441933
v -80.000000000 -25.379292632 -22.786341362
v -80.000000000 -23.399334783 -18.528877860
v -80.000000000 -20.711740333 -14.678804534
v -80.000000000 -17.397786814 -11.352554299
v -80.000000000 -13.557693948 -8.650718752
v -80.000000000 -9.307592825 -6.655006100
v -80.000000000 -4.776013898 -5.425770166
v -80.000000000 -0.100000000 -5.000185186
v -80.000000000 -0.100000000 -3.000172414
v -80.000000000 -5.123312000 -60.543855278
v -80.000000000 -9.991635745 -59.224386405
v -80.000000000 -14.557696776 -57.081336977
v -80.000000000 -18.683364558 -54.179537614
v -80.000000000 -22.243831145 -50.606772316
v -80.000000000 -25.131386815 -46.471122857
v -80.000000000 -27.258678464 -41.897699147
v -80.000000000 -28.561352169 -37.024854453
v -80.000000000 -29.000000000 -32.000000000
v -80.000000000 -28.561352169 -26.975145547
v -80.000000000 -27.258678464 -22.102300853
v -80.000000000 -25.131386815 -17.528877143
v -80.000000000 -22.243831145 -13.393227684
v -80.000000000 -18.683364558 -9.820462386
v -80.000000000 -14.557696776 -6.918663023
v -80.000000000 -9.991635745 -4.775613595
v -80.000000000 -5.123312000 -3.456144722
v -80.000000000 -0.100000000 -5.000185186
v -80.029786952 -0.100000000 -5.344077998
v -80.118468186 -0.100000000 -5.678303466
v -80.264736116 -0.100000000 -5.994606292
v -80.445255841 -0.100000000 -6.258276379
v -80.648753906 -0.100000000 -6.474690326
v -80.892019324 -0.100000000 -6.665243602
v -81.175508241 -0.100000000 -6.822343848
v -81.496732262 -0.100000000 -6.935844483
v -81.744107557 -0.100000000 -6.983762090
v -82.000000000 -0.100000000 -7.000200001
v -80.000000000 -0.100000000 -58.999814814
v -80.000000000 -4.776013898 -58.574229834
v -80.000000000 -9.307592824 -57.344993900
v -80.000000000 -13.557693948 -55.349281248
v -80.000000000 -17.397786814 -52.647445701
v -80.000000000 -20.711740333 -49.321195466
v -80.000000000 -23.399334783 -45.471122140
v -80.000000000 -25.379292632 -41.213658638
v -80.000000000 -26.591736508 -36.677558067
v -80.000000000 -27.000000000 -32.000000000
v -80.000000000 -26.591736508 -27.322441933
v -80.000000000 -25.379292632 -22.786341362
v -80.000000000 -23.399334783 -18.528877860
v -80.000000000 -20.711740333 -14.678804534
v -80.000000000 -17.397786814 -11.352554299
v -80.000000000 -13.557693948 -8.650718752
v -80.000000000 -9.307592825 -6.655006100
v -80.000000000 -4.776013898 -5.425770166
v -80.029786952 -0.100000000 -58.655922003
v -80.118468186 -0.100000000 -58.321696533
v -80.264736117 -0.100000000 -58.005393707
v -80.445255842 -0.100000000 -57.741723619
v -80.648753907 -0.100000000 -57.525309673
v -80.892019325 -0.100000000 -57.334756397
v -81.175508240 -0.100000000 -57.177656153
v -81.496732257 -0.100000000 -57.064155518
v -81.744107554 -0.100000000 -57.016237911
v -82.000000000 -0.100000000 -56.999799999
v -82.000000000 -4.428715517 -56.604602798
v -82.000000000 -8.623549484 -55.465600233
v -82.000000000 -12.557690668 -53.617224731
v -82.000000000 -16.112208667 -51.115353302
v -82.000000000 -19.179649214 -48.035618355
v -82.000000000 -21.667282556 -44.471121307
v -82.000000000 -23.499906706 -40.529618094
v -82.000000000 -24.622120823 -36.330261676
v -82.000000000 -25.000000000 -32.000000000
v -82.000000000 -24.622120823 -27.669738324
v -82.000000000 -23.499906706 -23.470381906
v -82.000000000 -21.667282556 -19.528878693
v -82.000000000 -19.179649214 -15.964381645
v -82.000000000 -16.112208667 -12.884646698
v -82.000000000 -12.557690668 -10.382775269
v -82.000000000 -8.623549484 -8.534399767
v -82.000000000 -4.428715517 -7.395397202
v -80.029786962 -4.715183336 -5.764237635
v -80.118468179 -4.656062794 -6.093190378
v -80.264736116 -4.600112594 -6.404503013
v -80.445255820 -4.553472508 -6.664013221
v -80.648753937 -4.515191442 -6.877012987
v -80.892019283 -4.481484875 -7.064559776
v -81.175508236 -4.453695710 -7.219181530
v -81.496732270 -4.433618807 -7.330891473
v -80.029786962 -9.189044991 -6.977817183
v -80.118468179 -9.073829678 -7.291553661
v -80.264736116 -8.964792793 -7.588466003
v -80.445255820 -8.873899647 -7.835972128
v -80.648753937 -8.799296729 -8.039119230
v -80.892019283 -8.733608686 -8.217990725
v -81.175508236 -8.679452598 -8.365460188
v -81.496732270 -8.640326322 -8.472002799
v -80.029786962 -13.385013935 -8.948111081
v -80.118468179 -13.217188164 -9.237143357
v -80.264736116 -13.058362059 -9.510676261
v -80.445255820 -12.925964619 -9.738693287
v -80.648753937 -12.817295971 -9.925844202
v -80.892019283 -12.721612973 -10.090631018
v -81.175508236 -12.642727737 -10.226488457
v -81.496732270 -12.585735333 -10.324641702
v -80.029786962 -17.176196766 -11.615534213
v -80.118468179 -16.960835880 -11.871121447
v -80.264736116 -16.757023732 -12.113002803
v -80.445255820 -16.587125928 -12.314635097
v -80.648753937 -16.447677879 -12.480130057
v -80.892019283 -16.324893547 -12.625848754
v -81.175508236 -16.223664788 -12.745985604
v -81.496732270 -16.150529808 -12.832781157
v -80.029786962 -20.447941519 -14.899419062
v -80.118468179 -20.191558405 -15.113831852
v -80.264736116 -19.948923849 -15.316746745
v -80.445255820 -19.746663686 -15.485896597
v -80.648753937 -19.580653387 -15.624730746
v -80.892019283 -19.434480933 -15.746974537
v -81.175508236 -19.313969986 -15.847757650
v -81.496732270 -19.226904157 -15.920570664
v -80.029786962 -23.101304938 -18.700455236
v -80.118468179 -22.811653068 -18.867209366
v -80.264736116 -22.537533795 -19.025021297
v -80.445255820 -22.309027972 -19.156573321
v -80.648753937 -22.121475864 -19.264548072
v -80.892019283 -21.956335796 -19.359620092
v -81.175508236 -21.820187122 -19.438001612
v -81.496732270 -21.721823467 -19.494630094
v -80.029786962 -25.056044696 -22.903692786
v -80.118468179 -24.741883647 -23.017745321
v -80.264736116 -24.444569501 -23.125681783
v -80.445255820 -24.196728432 -23.215657616
v -80.648753937 -23.993306417 -23.289507626
v -80.892019283 -23.814192859 -23.354532731
v -81.175508236 -23.666523830 -23.408142264
v -81.496732270 -23.559837037 -23.446873670
v -80.029786962 -26.253046063 -27.382018495
v -80.118468179 -25.923876611 -27.439920288
v -80.264736116 -25.612358888 -27.494717094
v -80.445255820 -25.352677719 -27.540395711
v -80.648753937 -25.139537632 -27.577887626
v -80.892019283 -24.951867290 -27.610899345
v -81.175508236 -24.797143675 -27.638115646
v -81.496732270 -24.685360138 -27.657778671
v -80.029786962 -26.656109633 -32.000000000
v -80.118468179 -26.321886435 -32.000000000
v -80.264736116 -26.005585975 -32.000000000
v -80.445255820 -25.741917915 -32.000000000
v -80.648753937 -25.525505484 -32.000000000
v -80.892019283 -25.334953835 -32.000000000
v -81.175508236 -25.177854745 -32.000000000
v -81.496732270 -25.064354993 -32.000000000
v -80.029786962 -26.253198082 -36.617117199
v -80.118468179 -25.924026724 -36.559226243
v -80.264736116 -25.612507198 -36.504439692
v -80.445255820 -25.352824524 -36.458769624
v -80.648753937 -25.139683204 -36.421284726
v -80.892019283 -24.952011775 -36.388279186
v -81.175508236 -24.797287263 -36.361067979
v -81.496732270 -24.685503080 -36.341408634
v -80.029786962 -25.056643580 -41.094657402
v -80.118468179 -24.742475022 -40.980625552
v -80.264736116 -24.445153769 -40.872708667
v -80.445255820 -24.197306777 -40.782749153
v -80.648753937 -23.993879900 -40.708912537
v -80.892019283 -23.814762061 -40.643899226
v -81.175508236 -23.667089502 -40.590299416
v -81.496732270 -23.560400159 -40.551575035
v -80.029786962 -23.102618370 -45.297263072
v -80.118468179 -22.812950032 -45.130537551
v -80.264736116 -22.538815174 -44.972752694
v -80.445255820 -22.310296359 -44.841223239
v -80.648753937 -22.122733588 -44.733267013
v -80.892019283 -21.957584131 -44.638211303
v -81.175508236 -21.821427716 -44.559843231
v -81.496732270 -21.723058469 -44.503224464
v -80.029786962 -20.450193286 -49.097888036
v -80.118468179 -20.193781939 -48.883509011
v -80.264736116 -19.951120664 -48.680626072
v -80.445255820 -19.748838228 -48.511502857
v -80.648753937 -19.582809647 -48.372690571
v -80.892019283 -19.436621096 -48.250466030
v -81.175508236 -19.316096878 -48.149698788
v -81.496732270 -19.229021462 -48.076897240
v -80.029786962 -17.179552026 -52.381638132
v -80.118468179 -16.964149070 -52.126086352
v -80.264736116 -16.760297109 -51.884238550
v -80.445255820 -16.590366117 -51.682634225
v -80.648753937 -16.450890827 -51.517162222
v -80.892019283 -16.328082510 -51.371463738
v -81.175508236 -16.226833977 -51.251343554
v -81.496732270 -16.153684710 -51.164560040
v -80.029786962 -13.389567167 -55.049244496
v -80.118468179 -13.221684306 -54.760245377
v -80.264736116 -13.062804172 -54.486743852
v -80.445255820 -12.930361695 -54.258752983
v -80.648753937 -12.821656080 -54.071623537
v -80.892019283 -12.725940534 -53.906855625
v -81.175508236 -12.647028462 -53.771013771
v -81.496732270 -12.590016672 -53.672871786
v -80.029786962 -9.194811218 -57.020064497
v -80.118468179 -9.079523607 -56.706354579
v -80.264736116 -8.970418300 -56.409467373
v -80.445255820 -8.879468118 -56.161982201
v -80.648753937 -8.804818385 -55.958852298
v -80.892019283 -8.739089122 -55.779995945
v -81.175508236 -8.684899051 -55.632538967
v -81.496732270 -8.645748222 -55.526005375
v -80.029786962 -4.722093054 -58.234519587
v -80.118468179 -4.662885876 -57.905582426
v -80.264736116 -4.606853685 -57.594284538
v -80.445255820 -4.560145252 -57.334786622
v -80.648753937 -4.521808088 -57.121796947
v -80.892019283 -4.488052127 -56.934259041
v -81.175508236 -4.460222239 -56.779644612
v -81.496732270 -4.440115915 -56.667939960
v -107.999403028 -0.100000000 -7.000200001
v -107.851911561 -1.735453040 -7.060308667
v -107.562585340 -2.963071518 -7.176216905
v -107.203245096 -3.956017958 -7.314985884
v -106.795429494 -4.799836669 -7.465095005
v -106.188776675 -5.763850460 -7.673511805
v -105.424834350 -6.684458821 -7.910209418
v -104.543887024 -7.482828253 -8.146126492
v -103.480731963 -8.182184087 -8.376878619
v -102.400710063 -8.664829598 -8.549611346
v -101.248351798 -8.969128810 -8.664303559
v -100.171604257 -9.077455885 -8.706228415
v -99.090921765 -9.021286776 -8.684417551
v -98.206544844 -8.850590264 -8.619087871
v -97.477384243 -8.620444793 -8.533259034
v -96.659613557 -8.256841983 -8.402869659
v -95.878490906 -7.790801884 -8.244928835
v -95.198301642 -7.272645135 -8.081207540
v -94.592292992 -6.702247732 -7.915152578
v -93.873269687 -5.849351486 -7.693928949
v -93.164464807 -4.725983240 -7.450762082
v -92.561929096 -3.346482736 -7.224991355
v -92.175443040 -1.888570648 -7.071436006
v -92.055956438 -1.065979718 -7.022736594
v -92.000595950 -0.100000000 -7.000200001
v -119.000000000 -0.100000000 -7.000200001
v -119.000000000 -0.100000000 -56.999799999
v -119.000000000 -4.428715517 -56.604602798
v -119.000000000 -8.623549484 -55.465600233
v -119.000000000 -12.557690668 -53.617224731
v -119.000000000 -16.112208667 -51.115353302
v -119.000000000 -19.179649214 -48.035618355
v -119.000000000 -21.667282556 -44.471121307
v -119.000000000 -23.499906706 -40.529618094
v -119.000000000 -24.622120823 -36.330261676
v -119.000000000 -25.000000000 -32.000000000
v -119.000000000 -24.622120823 -27.669738324
v -119.000000000 -23.499906706 -23.470381906
v -119.000000000 -21.667282556 -19.528878693
v -119.000000000 -19.179649214 -15.964381645
v -119.000000000 -16.112208667 -12.884646698
v -119.000000000 -12.557690668 -10.382775269
v -119.000000000 -8.623549484 -8.534399767
v -119.000000000 -4.428715517 -7.395397202
v -107.998772649 -0.100000000 -56.999799999
v -92.000596377 -0.100000000 -56.999799999
v -92.106309334 -1.470888360 -56.956692238
v -92.362556141 -2.703470143 -56.853395156
v -92.730634076 -3.796300846 -56.710080975
v -93.189840225 -4.772994879 -56.540140955
v -93.734512874 -5.656208612 -56.351741270
v -94.368963011 -6.460712958 -56.150759629
v -95.109702211 -7.196263969 -55.941883487
v -95.991047497 -7.865799165 -55.730343520
v -97.087195576 -8.461548405 -55.524502091
v -98.248859256 -8.861430891 -55.376805654
v -99.280703632 -9.043135597 -55.307116909
v -100.422101671 -9.067014373 -55.297837890
v -101.334940224 -8.953487071 -55.341702364
v -102.083022748 -8.769275264 -55.411531585
v -102.899218099 -8.467541611 -55.522345525
v -103.659119928 -8.081565096 -55.657732441
v -104.312890333 -7.656408880 -55.798726940
v -105.066338444 -7.037713689 -55.988967934
v -105.782265194 -6.285789786 -56.196877239
v -106.401778143 -5.455593310 -56.397469347
v -106.933996410 -4.536679278 -56.584925078
v -107.362622465 -3.553153893 -56.746214317
v -107.724630938 -2.360577440 -56.888304031
v -107.921300198 -1.264501943 -56.968000251
v -82.000000000 -0.100000000 -56.999799999
v -82.000000000 -4.428715517 -56.604602798
v -82.000000000 -8.623549484 -55.465600233
v -82.000000000 -12.557690668 -53.617224731
v -82.000000000 -16.112208667 -51.115353302
v -82.000000000 -19.179649214 -48.035618355
v -82.000000000 -21.667282556 -44.471121307
v -82.000000000 -23.499906706 -40.529618094
v -82.000000000 -24.622120823 -36.330261676
v -82.000000000 -25.000000000 -32.000000000
v -82.000000000 -24.622120823 -27.669738324
v -82.000000000 -23.499906706 -23.470381906
v -82.000000000 -21.667282556 -19.528878693
v -82.000000000 -19.179649214 -15.964381645
v -82.000000000 -16.112208667 -12.884646698
v -82.000000000 -12.557690668 -10.382775269
v -82.000000000 -8.623549484 -8.534399767
v -82.000000000 -4.428715517 -7.395397202
v -82.000000000 -0.100000000 -7.000200001
v -130.000000000 -0.100000000 -60.999827586
v -130.000000000 -5.123312000 -60.543855278
v -130.000000000 -9.991635745 -59.224386405
v -130.000000000 -14.557696776 -57.081336977
v -130.000000000 -18.683364558 -54.179537614
v -130.000000000 -22.243831145 -50.606772316
v -130.000000000 -25.131386815 -46.471122857
v -130.000000000 -27.258678464 -41.897699147
v -130.000000000 -28.561352169 -37.024854453
v -130.000000000 -29.000000000 -32.000000000
v -130.000000000 -28.561352169 -26.975145547
v -130.000000000 -27.258678464 -22.102300853
v -130.000000000 -25.131386815 -17.528877143
v -130.000000000 -22.243831145 -13.393227684
v -130.000000000 -18.683364558 -9.820462386
v -130.000000000 -14.557696776 -6.918663023
v -130.000000000 -9.991635745 -4.775613595
v -130.000000000 -5.123312000 -3.456144722
v -130.000000000 -0.100000000 -3.000172414
v -92.000596377 -0.100000000 -56.999799999
v -92.106309334 -1.470888360 -56.956692238
v -92.362556141 -2.703470143 -56.853395156
v -92.730634076 -3.796300846 -56.710080975
v -93.189840225 -4.772994879 -56.540140955
v -93.734512874 -5.656208612 -56.351741270
v -94.368963011 -6.460712958 -56.150759629
v -95.109702211 -7.196263969 -55.941883487
v -95.991047497 -7.865799165 -55.730343520
v -97.087195576 -8.461548405 -55.524502091
v -98.248859256 -8.861430891 -55.376805654
v -99.280703632 -9.043135597 -55.307116909
v -100.422101671 -9.067014373 -55.297837890
v -101.334940224 -8.953487071 -55.341702364
v -102.083022748 -8.769275264 -55.411531585
v -102.899218099 -8.467541611 -55.522345525
v -103.659119928 -8.081565096 -55.657732441
v -104.312890333 -7.656408880 -55.798726940
v -105.066338444 -7.037713689 -55.988967934
v -105.782265194 -6.285789786 -56.196877239
v -106.401778143 -5.455593310 -56.397469347
v -106.933996410 -4.536679278 -56.584925078
v -107.362622465 -3.553153893 -56.746214317
v -107.724630938 -2.360577440 -56.888304031
v -107.921300198 -1.264501943 -56.968000251
v -107.998772649 -0.100000000 -56.999799999
v -92.404588173 -0.100000000 -56.972477663
v -92.798553419 -0.100000000 -56.891747200
v -93.173757455 -0.100000000 -56.760944311
v -93.523262975 -0.100000000 -56.584738178
v -93.842059507 -0.100000000 -56.368278739
v -94.127062404 -0.100000000 -56.116198667
v -94.376140623 -0.100000000 -55.832331758
v -94.587618910 -0.100000000 -55.519382538
v -94.759567264 -0.100000000 -55.178938926
v -94.889311516 -0.100000000 -54.811036723
v -94.972071196 -0.100000000 -54.416452292
v -95.001210145 -0.100000000 -53.999362299
v -95.073324625 -0.843152837 -53.957455085
v -95.236665718 -1.510080500 -53.863856626
v -95.467869362 -2.101821541 -53.736101742
v -95.755198426 -2.632283201 -53.585628706
v -96.094153305 -3.111596184 -53.420009981
v -96.487821241 -3.548735441 -53.244309998
v -96.945898999 -3.948846697 -53.062778754
v -97.489848010 -4.314249867 -52.879813284
v -98.161477998 -4.639713618 -52.702778644
v -98.867338839 -4.860018275 -52.575492527
v -99.573617085 -4.971786115 -52.508855758
v -100.280230755 -4.982140887 -52.502514145
v -100.836080947 -4.919601267 -52.540276899
v -101.292105099 -4.820162156 -52.599521582
v -101.800460010 -4.654584056 -52.694551267
v -102.279127556 -4.440346224 -52.811821360
v -102.803334813 -4.130207071 -52.973698833
v -103.296967417 -3.748989390 -53.156899660
v -103.728157277 -3.321794307 -53.337993747
v -104.089382070 -2.866970310 -53.509123747
v -104.406571093 -2.352653418 -53.669573090
v -104.679431542 -1.751517515 -53.813730925
v -104.857897652 -1.173570758 -53.920778395
v -104.954570775 -0.662464848 -53.974136534
v -104.998788288 -0.100000000 -53.999375234
v -107.594467316 -0.100000000 -56.972429614
v -107.200475200 -0.100000000 -56.891629216
v -106.825555947 -0.100000000 -56.760860720
v -106.476572844 -0.100000000 -56.584894555
v -106.158381910 -0.100000000 -56.368905141
v -105.873872391 -0.100000000 -56.117434825
v -105.625033002 -0.100000000 -55.834146189
v -105.413483924 -0.100000000 -55.521531135
v -105.241190174 -0.100000000 -55.180942652
v -105.111029106 -0.100000000 -54.812425231
v -105.027993272 -0.100000000 -54.417019811
v -94.589480695 -2.442318638 -55.955407204
v -93.523511938 -2.635791348 -56.641872688
v -93.689514085 -3.097752218 -56.585415474
v -93.875495755 -3.533698208 -56.523643936
v -95.125743512 -1.863936505 -54.954527518
v -94.663837439 -4.881140068 -56.279856424
v -95.255347298 -2.181496722 -54.898555696
v -94.931921312 -5.228639978 -56.203824182
v -95.399967426 -2.480461130 -54.837431875
v -95.220235885 -5.560627742 -56.126058490
v -96.012020724 -4.609559019 -55.520128275
v -95.530909457 -5.878002852 -56.046985572
v -95.867059847 -6.181329962 -55.967045058
v -96.013750835 -3.405149950 -54.594517892
v -96.218349923 -3.638397468 -54.519817053
v -97.181082069 -7.056533144 -55.712064311
v -96.437164053 -3.860029340 -54.443578577
v -97.703568294 -7.293277096 -55.636775763
v -98.250949669 -6.008026858 -55.081922313
v -96.671592933 -4.070750593 -54.366227899
v -98.191033213 -7.465769650 -55.580196262
v -96.924110353 -4.271344171 -54.288138776
v -98.564362720 -7.568295132 -55.545871522
v -100.326215290 -6.287335225 -54.978303959
v -99.885002406 -7.738557389 -55.487716092
v -100.375732029 -7.728038027 -55.491352553
v -100.782054139 -7.689189232 -55.504727362
v -97.909883445 -4.849403802 -54.037527825
v -101.149444579 -7.630198602 -55.524890203
v -98.292701364 -5.002254002 -53.964624614
v -98.647373586 -5.113404278 -53.909796911
v -102.329221987 -7.279945001 -55.641077104
v -102.348695996 -5.765895354 -55.167254100
v -98.949888804 -5.186518609 -53.872931259
v -102.645239971 -7.141510660 -55.685356993
v -102.971517601 -6.976760011 -55.736844130
v -103.272340536 -6.803812808 -55.789478992
v -99.928692517 -5.295017759 -53.817070643
v -100.285673535 -5.287529812 -53.820940008
v -100.579665365 -5.262542383 -53.833939155
v -100.845384589 -5.225122012 -53.853314981
v -104.313483440 -6.022807384 -56.009322047
v -104.090881129 -4.504625994 -55.547863924
v -101.716575695 -4.998932492 -53.966453813
v -104.602523215 -5.745942197 -56.080423541
v -101.952147328 -4.908612727 -54.009552912
v -102.196333238 -4.800601881 -54.059776690
v -104.905217640 -5.420885937 -56.159412469
v -102.492278658 -4.648578040 -54.128336684
v -105.187034356 -5.079727375 -56.237098658
v -103.254505077 -4.131991691 -54.343450764
v -105.916075092 -3.952630414 -56.456370944
v -103.497239119 -3.921522669 -54.421853695
v -106.121880327 -3.539503467 -56.522783563
v -103.724686634 -3.698691290 -54.499500239
v -106.308095647 -3.104910998 -56.584656398
v -105.334890717 -2.626270394 -55.929452454
v -103.935477691 -3.465723004 -54.575389174
v -106.476962290 -2.635408400 -56.642067473
v -104.482900442 -2.692429544 -54.789540463
v -104.645675786 -2.391327706 -54.856147740
v -104.794887988 -2.065984849 -54.918764711
v -104.915493552 -1.749290648 -54.972002139
v -95.496807671 -4.028241232 -55.664846203
v -96.528096253 -5.067756208 -55.390902401
v -104.739311441 -3.704859252 -55.736227794
v -105.035631566 -3.227371438 -55.830168351
v -95.001210145 -0.100000000 -53.999362299
v -95.073324625 -0.843152837 -53.957455085
v -95.236665718 -1.510080500 -53.863856626
v -95.467869362 -2.101821541 -53.736101742
v -95.755198426 -2.632283201 -53.585628706
v -96.094153305 -3.111596184 -53.420009981
v -96.487821241 -3.548735441 -53.244309998
v -96.945898999 -3.948846697 -53.062778754
v -97.489848010 -4.314249867 -52.879813284
v -98.161477998 -4.639713618 -52.702778644
v -98.867338839 -4.860018275 -52.575492527
v -99.573617085 -4.971786115 -52.508855758
v -100.280230755 -4.982140887 -52.502514145
v -100.836080947 -4.919601267 -52.540276899
v -101.292105099 -4.820162156 -52.599521582
v -101.800460010 -4.654584056 -52.694551267
v -102.279127556 -4.440346224 -52.811821360
v -102.803334813 -4.130207071 -52.973698833
v -103.296967417 -3.748989390 -53.156899660
v -103.728157277 -3.321794307 -53.337993747
v -104.089382070 -2.866970310 -53.509123747
v -104.406571093 -2.352653418 -53.669573090
v -104.679431542 -1.751517515 -53.813730925
v -104.857897652 -1.173570758 -53.920778395
v -104.954570775 -0.662464848 -53.974136534
v -104.998788288 -0.100000000 -53.999375234
v -95.001210146 -0.100000000 -42.000000000
v -95.093882102 -0.954368795 -42.000000000
v -95.331487478 -1.780248819 -42.000000000
v -95.707007087 -2.553242449 -42.000000000
v -96.209347568 -3.250514398 -42.000000000
v -96.823669096 -3.851466300 -42.000000000
v -97.531823775 -4.338345217 -42.000000000
v -98.312891749 -4.696768079 -42.000000000
v -99.143799204 -4.916146587 -42.000000000
v -100.000000000 -4.990000000 -42.000000000
v -100.856200796 -4.916146587 -42.000000000
v -101.687108251 -4.696768079 -42.000000000
v -102.468176225 -4.338345217 -42.000000000
v -103.176330904 -3.851466300 -42.000000000
v -103.790652432 -3.250514398 -42.000000000
v -104.292992913 -2.553242449 -42.000000000
v -104.668512522 -1.780248819 -42.000000000
v -104.906117898 -0.954368795 -42.000000000
v -104.998789853 -0.100000000 -42.000000000
v -95.001210146 -0.100000000 -42.000000000
v -95.093882102 -0.954368795 -42.000000000
v -95.331487478 -1.780248819 -42.000000000
v -95.707007087 -2.553242449 -42.000000000
v -96.209347568 -3.250514398 -42.000000000
v -96.823669096 -3.851466300 -42.000000000
v -97.531823775 -4.338345217 -42.000000000
v -98.312891749 -4.696768079 -42.000000000
v -99.143799204 -4.916146587 -42.000000000
v -100.000000000 -4.990000000 -42.000000000
v -100.856200796 -4.916146587 -42.000000000
v -101.687108251 -4.696768079 -42.000000000
v -102.468176225 -4.338345217 -42.000000000
v -103.176330904 -3.851466300 -42.000000000
v -103.790652432 -3.250514398 -42.000000000
v -104.292992913 -2.553242449 -42.000000000
v -104.668512522 -1.780248819 -42.000000000
v -104.906117898 -0.954368795 -42.000000000
v -104.998789853 -0.100000000 -42.000000000
v -104.008749805 -0.100000000 -42.000000000
v -96.011250195 -0.100000000 -42.000000000
v -96.087177531 -0.781961559 -42.000000000
v -96.278542874 -1.440912114 -42.000000000
v -96.579714862 -2.057460540 -42.000000000
v -96.981830821 -2.613463492 -42.000000000
v -97.473057572 -3.092559315 -42.000000000
v -98.038939646 -3.480649520 -42.000000000
v -98.662824670 -3.766313666 -42.000000000
v -99.326353404 -3.941145434 -42.000000000
v -100.010000000 -4.000000000 -42.000000000
v -100.693646596 -3.941145434 -42.000000000
v -101.357175330 -3.766313666 -42.000000000
v -101.981060354 -3.480649520 -42.000000000
v -102.546942428 -3.092559315 -42.000000000
v -103.038169179 -2.613463492 -42.000000000
v -103.440285138 -2.057460540 -42.000000000
v -103.741457126 -1.440912114 -42.000000000
v -103.932822469 -0.781961559 -42.000000000
v -96.011250195 -0.100000000 -42.000000000
v -96.087177531 -0.781961559 -42.000000000
v -96.278542874 -1.440912114 -42.000000000
v -96.579714862 -2.057460540 -42.000000000
v -96.981830821 -2.613463492 -42.000000000
v -97.473057572 -3.092559315 -42.000000000
v -98.038939646 -3.480649520 -42.000000000
v -98.662824670 -3.766313666 -42.000000000
v -99.326353404 -3.941145434 -42.000000000
v -100.010000000 -4.000000000 -42.000000000
v -100.693646596 -3.941145434 -42.000000000
v -101.357175330 -3.766313666 -42.000000000
v -101.981060354 -3.480649520 -42.000000000
v -102.546942428 -3.092559315 -42.000000000
v -103.038169179 -2.613463492 -42.000000000
v -103.440285138 -2.057460540 -42.000000000
v -103.741457126 -1.440912114 -42.000000000
v -103.932822469 -0.781961559 -42.000000000
v -104.008749805 -0.100000000 -42.000000000
v -104.008749805 -0.100000000 -57.000000000
v -96.011250195 -0.100000000 -57.000000000
v -96.087177531 -0.781961559 -57.000000000
v -96.278542874 -1.440912114 -57.000000000
v -96.579714862 -2.057460540 -57.000000000
v -96.981830821 -2.613463492 -57.000000000
v -97.473057572 -3.092559315 -57.000000000
v -98.038939646 -3.480649520 -57.000000000
v -98.662824670 -3.766313666 -57.000000000
v -99.326353404 -3.941145434 -57.000000000
v -100.010000000 -4.000000000 -57.000000000
v -100.693646596 -3.941145434 -57.000000000
v -101.357175330 -3.766313666 -57.000000000
v -101.981060354 -3.480649520 -57.000000000
v -102.546942428 -3.092559315 -57.000000000
v -103.038169179 -2.613463492 -57.000000000
v -103.440285138 -2.057460540 -57.000000000
v -103.741457126 -1.440912114 -57.000000000
v -103.932822469 -0.781961559 -57.000000000
v -96.011250195 -0.100000000 -57.000000000
v -96.087177531 -0.781961559 -57.000000000
v -96.278542874 -1.440912114 -57.000000000
v -96.579714862 -2.057460540 -57.000000000
v -96.981830821 -2.613463492 -57.000000000
v -97.473057572 -3.092559315 -57.000000000
v -98.038939646 -3.480649520 -57.000000000
v -98.662824670 -3.766313666 -57.000000000
v -99.326353404 -3.941145434 -57.000000000
v -100.010000000 -4.000000000 -57.000000000
v -100.693646596 -3.941145434 -57.000000000
v -101.357175330 -3.766313666 -57.000000000
v -101.981060354 -3.480649520 -57.000000000
v -102.546942428 -3.092559315 -57.000000000
v -103.038169179 -2.613463492 -57.000000000
v -103.440285138 -2.057460540 -57.000000000
v -103.741457126 -1.440912114 -57.000000000
v -103.932822469 -0.781961559 -57.000000000
v -104.008749805 -0.100000000 -57.000000000
v -119.000000000 -0.100000000 -56.999799999
v -119.000000000 -4.428715517 -56.604602798
v -119.000000000 -8.623549484 -55.465600233
v -119.000000000 -12.557690668 -53.617224731
v -119.000000000 -16.112208667 -51.115353302
v -119.000000000 -19.179649214 -48.035618355
v -119.000000000 -21.667282556 -44.471121307
v -119.000000000 -23.499906706 -40.529618094
v -119.000000000 -24.622120823 -36.330261676
v -119.000000000 -25.000000000 -32.000000000
v -119.000000000 -24.622120823 -27.669738324
v -119.000000000 -23.499906706 -23.470381906
v -119.000000000 -21.667282556 -19.528878693
v -119.000000000 -19.179649214 -15.964381645
v -119.000000000 -16.112208667 -12.884646698
v -119.000000000 -12.557690668 -10.382775269
v -119.000000000 -8.623549484 -8.534399767
v -119.000000000 -4.428715517 -7.395397202
v -119.000000000 -0.100000000 -7.000200001
v -119.165710071 -0.100000000 -7.014025557
v -119.319110907 -0.100000000 -7.052483095
v -119.467272720 -0.100000000 -7.116087672
v -119.605368857 -0.100000000 -7.204256563
v -119.734268732 -0.100000000 -7.321343717
v -119.833768931 -0.100000000 -7.448090043
v -119.912418909 -0.100000000 -7.590947273
v -119.969319949 -0.100000000 -7.754403752
v -119.992377754 -0.100000000 -7.876974242
v -120.000000000 -0.100000000 -8.000208334
v -120.000000000 -0.100000000 -55.999791666
v -120.000000000 -4.255066200 -55.619788560
v -120.000000000 -8.281527623 -54.525902873
v -120.000000000 -12.057688823 -52.751196116
v -120.000000000 -15.469419411 -50.349306883
v -120.000000000 -18.413603515 -47.392829681
v -120.000000000 -20.801256353 -43.971120838
v -120.000000000 -22.560213700 -40.187597805
v -120.000000000 -23.637312969 -36.156613478
v -120.000000000 -24.000000000 -32.000000000
v -120.000000000 -23.637312969 -27.843386522
v -120.000000000 -22.560213700 -23.812402195
v -120.000000000 -20.801256353 -20.028879162
v -120.000000000 -18.413603515 -16.607170319
v -120.000000000 -15.469419411 -13.650693117
v -120.000000000 -12.057688823 -11.248803884
v -120.000000000 -8.281527623 -9.474097127
v -120.000000000 -4.255066200 -8.380211440
v -119.165710067 -0.100000000 -56.985974443
v -119.319110900 -0.100000000 -56.947516908
v -119.467272710 -0.100000000 -56.883912333
v -119.605368851 -0.100000000 -56.795743442
v -119.734268753 -0.100000000 -56.678656260
v -119.833768948 -0.100000000 -56.551909931
v -119.912418918 -0.100000000 -56.409052707
v -119.969319952 -0.100000000 -56.245596236
v -119.992377754 -0.100000000 -56.123025753
v -119.165710108 -4.426266350 -56.590995969
v -119.319110850 -4.419453726 -56.553147092
v -119.467272735 -4.408186334 -56.490548874
v -119.605368754 -4.392567481 -56.403775251
v -119.734268801 -4.371825804 -56.288540773
v -119.833768855 -4.349373070 -56.163800181
v -119.912418909 -4.324066305 -56.023203456
v -119.969319945 -4.295110461 -55.862333554
v -119.165710108 -8.618780491 -55.452623294
v -119.319110850 -8.605515019 -55.416526527
v -119.467272735 -8.583575269 -55.356826122
v -119.605368754 -8.553162398 -55.274069446
v -119.734268801 -8.512774417 -55.164169432
v -119.833768855 -8.469054684 -55.045203363
v -119.912418909 -8.419777610 -54.911115178
v -119.969319945 -8.363395088 -54.757692306
v -119.165710108 -12.550746018 -53.605269981
v -119.319110850 -12.531428718 -53.572016541
v -119.467272735 -12.499479856 -53.517018711
v -119.605368754 -12.455192357 -53.440780744
v -119.734268801 -12.396379015 -53.339537508
v -119.833768855 -12.332713944 -53.229942347
v -119.912418909 -12.260956225 -53.106416232
v -119.969319945 -12.178851487 -52.965078415
v -119.165710108 -16.103298298 -51.104782136
v -119.319110850 -16.078513139 -51.075377286
v -119.467272735 -16.037520989 -51.026744635
v -119.605368754 -15.980697690 -50.959330076
v -119.734268801 -15.905236933 -50.869804235
v -119.833768855 -15.823551141 -50.772893079
v -119.912418909 -15.731482036 -50.663663270
v -119.969319945 -15.626137135 -50.538683198
v -119.165710108 -19.169042490 -48.026750343
v -119.319110850 -19.139538734 -48.002083001
v -119.467272735 -19.090742504 -47.961285710
v -119.605368754 -19.023101191 -47.904732524
v -119.734268801 -18.933274223 -47.829630474
v -119.833768855 -18.836037100 -47.748332980
v -119.912418909 -18.726439888 -47.656701531
v -119.969319945 -18.601039437 -47.551857393
v -119.165710108 -21.655300122 -44.464224531
v -119.319110850 -21.621969679 -44.445040400
v -119.467272735 -21.566844494 -44.413311785
v -119.605368754 -21.490429987 -44.369329592
v -119.734268801 -21.388952307 -44.310921694
v -119.833768855 -21.279103362 -44.247695513
v -119.912418909 -21.155291204 -44.176432472
v -119.969319945 -21.013626100 -44.094893742
v -119.165710108 -23.486910795 -40.524901047
v -119.319110850 -23.450761254 -40.511780069
v -119.467272735 -23.390973567 -40.490079296
v -119.605368754 -23.308095902 -40.459997694
v -119.734268801 -23.198035216 -40.420049637
v -119.833768855 -23.078895219 -40.376806117
v -119.912418909 -22.944610999 -40.328065791
v -119.969319945 -22.790963824 -40.272297412
v -119.165710108 -24.608504306 -36.327866956
v -119.319110850 -24.570628481 -36.321205782
v -119.467272735 -24.507985694 -36.310188873
v -119.605368754 -24.421150290 -36.294917239
v -119.734268801 -24.305833767 -36.274636666
v -119.833768855 -24.181004362 -36.252683074
v -119.912418909 -24.040307535 -36.227938898
v -119.969319945 -23.879323096 -36.199626766
v -119.165710108 -24.986174508 -32.000000000
v -119.319110850 -24.947717397 -32.000000000
v -119.467272735 -24.884113223 -32.000000000
v -119.605368754 -24.795945144 -32.000000000
v -119.734268801 -24.678858842 -32.000000000
v -119.833768855 -24.552113662 -32.000000000
v -119.912418909 -24.409257541 -32.000000000
v -119.969319945 -24.245802451 -32.000000000
v -119.165710108 -24.608584448 -27.672588762
v -119.319110850 -24.570708499 -27.679249234
v -119.467272735 -24.508065509 -27.690264983
v -119.605368754 -24.421229822 -27.705535009
v -119.734268801 -24.305912924 -27.725813447
v -119.833768855 -24.181083112 -27.747764727
v -119.912418909 -24.040385826 -27.772506297
v -119.969319945 -23.879400863 -27.800815448
v -119.165710108 -23.487226518 -23.475968851
v -119.319110850 -23.451076492 -23.489088491
v -119.467272735 -23.391288001 -23.510787050
v -119.605368754 -23.308409222 -23.540865582
v -119.734268801 -23.198347056 -23.580809563
v -119.833768855 -23.079205458 -23.624048669
v -119.912418909 -22.944919432 -23.672784022
v -119.969319945 -22.791270192 -23.728546711
v -119.165710108 -21.655992551 -19.536978570
v -119.319110850 -21.622661042 -19.556160850
v -119.467272735 -21.567534095 -19.587886403
v -119.605368754 -21.491117144 -19.631864349
v -119.734268801 -21.389636220 -19.690266611
v -119.833768855 -21.279783763 -19.753486688
v -119.912418909 -21.155967646 -19.824742850
v -119.969319945 -21.014298012 -19.906273710
v -119.165710108 -19.170229614 -15.974669642
v -119.319110850 -19.140724031 -15.999334798
v -119.467272735 -19.091924779 -16.040128475
v -119.605368754 -19.024279277 -16.096676650
v -119.734268801 -18.934446747 -16.171772046
v -119.833768855 -18.837203601 -16.253062337
v -119.912418909 -18.727599602 -16.344685668
v -119.969319945 -18.602191385 -16.449520516
v -119.165710108 -16.105067205 -12.896709005
v -119.319110850 -16.080279323 -12.926111560
v -119.467272735 -16.039282671 -12.974740415
v -119.605368754 -15.982453130 -13.042149712
v -119.734268801 -15.906984083 -13.131668566
v -119.833768855 -15.825289319 -13.228572157
v -119.912418909 -15.733210100 -13.337793441
v -119.969319945 -15.627853628 -13.462763758
v -119.165710108 -12.553146546 -10.396124692
v -119.319110850 -12.533825551 -10.429375985
v -119.467272735 -12.501870578 -10.484370264
v -119.605368754 -12.457574609 -10.560603310
v -119.734268801 -12.398750018 -10.661840010
v -119.833768855 -12.335072770 -10.771428097
v -119.912418909 -12.263301326 -10.894946239
v -119.969319945 -12.181180884 -11.036274931
v -119.165710108 -8.621820599 -8.548494161
v -119.319110850 -8.608550448 -8.584589209
v -119.467272735 -8.586602959 -8.644286769
v -119.605368754 -8.556179360 -8.727039502
v -119.734268801 -8.515777133 -8.836934280
v -119.833768855 -8.472041979 -8.955894680
v -119.912418909 -8.422747524 -9.089976477
v -119.969319945 -8.366345114 -9.243392038
v -119.165710108 -4.429909442 -7.409660050
v -119.319110850 -4.423091211 -7.447507917
v -119.467272735 -4.411814545 -7.510104465
v -119.605368754 -4.396182837 -7.596875773
v -119.734268801 -4.375424088 -7.712107177
v -119.833768855 -4.352952874 -7.836844441
v -119.912418909 -4.327625280 -7.977437415
v -119.969319945 -4.298645604 -8.138303026
v -120.000000000 -0.100000000 -55.999791666
v -120.000000000 -4.255066200 -55.619788560
v -120.000000000 -8.281527623 -54.525902873
v -120.000000000 -12.057688823 -52.751196116
v -120.000000000 -15.469419411 -50.349306883
v -120.000000000 -18.413603515 -47.392829681
v -120.000000000 -20.801256353 -43.971120838
v -120.000000000 -22.560213700 -40.187597805
v -120.000000000 -23.637312969 -36.156613478
v -120.000000000 -24.000000000 -32.000000000
v -120.000000000 -23.637312969 -27.843386522
v -120.000000000 -22.560213700 -23.812402195
v -120.000000000 -20.801256353 -20.028879162
v -120.000000000 -18.413603515 -16.607170319
v -120.000000000 -15.469419411 -13.650693117
v -120.000000000 -12.057688823 -11.248803884
v -120.000000000 -8.281527623 -9.474097127
v -120.000000000 -4.255066200 -8.380211440
v -120.000000000 -0.100000000 -8.000208334
v 26.000000000 0.000000000 24.000000000
v 25.605001578 4.514852619 24.000000000
v 24.432008140 8.892523726 24.000000000
v 22.516660498 13.000000000 24.000000000
v 19.917155521 16.712477852 24.000000000
v 16.712477852 19.917155521 24.000000000
v 13.000000000 22.516660498 24.000000000
v 8.892523726 24.432008140 24.000000000
v 4.514852619 25.605001578 24.000000000
v -0.000000000 26.000000000 24.000000000
v -4.514852619 25.605001578 24.000000000
v -8.892523726 24.432008140 24.000000000
v -13.000000000 22.516660498 24.000000000
v -16.712477852 19.917155521 24.000000000
v -19.917155521 16.712477852 24.000000000
v -22.516660498 13.000000000 24.000000000
v -24.432008140 8.892523726 24.000000000
v -25.605001578 4.514852619 24.000000000
v -26.000000000 0.000000000 24.000000000
v -25.605001578 -4.514852619 24.000000000
v -24.432008140 -8.892523726 24.000000000
v -22.516660498 -13.000000000 24.000000000
v -19.917155521 -16.712477852 24.000000000
v -16.712477852 -19.917155521 24.000000000
v -13.000000000 -22.516660498 24.000000000
v -8.892523726 -24.432008140 24.000000000
v -4.514852619 -25.605001578 24.000000000
v -0.000000000 -26.000000000 24.000000000
v 4.514852619 -25.605001578 24.000000000
v 8.892523726 -24.432008140 24.000000000
v 13.000000000 -22.516660498 24.000000000
v 16.712477852 -19.917155521 24.000000000
v 19.917155521 -16.712477852 24.000000000
v 22.516660498 -13.000000000 24.000000000
v 24.432008140 -8.892523726 24.000000000
v 25.605001578 -4.514852619 24.000000000
v 16.000000000 0.000000000 24.000000000
v 15.756924048 2.778370843 24.000000000
v 15.035081933 5.472322293 24.000000000
v 13.856406461 8.000000000 24.000000000
v 12.256711090 10.284601755 24.000000000
v 10.284601755 12.256711090 24.000000000
v 8.000000000 13.856406461 24.000000000
v 5.472322293 15.035081933 24.000000000
v 2.778370843 15.756924048 24.000000000
v 0.000000000 16.000000000 24.000000000
v -2.778370843 15.756924048 24.000000000
v -5.472322293 15.035081933 24.000000000
v -8.000000000 13.856406461 24.000000000
v -10.284601755 12.256711090 24.000000000
v -12.256711090 10.284601755 24.000000000
v -13.856406461 8.000000000 24.000000000
v -15.035081933 5.472322293 24.000000000
v -15.756924048 2.778370843 24.000000000
v -16.000000000 0.000000000 24.000000000
v -15.756924048 -2.778370843 24.000000000
v -15.035081933 -5.472322293 24.000000000
v -13.856406461 -8.000000000 24.000000000
v -12.256711090 -10.284601755 24.000000000
v -10.284601755 -12.256711090 24.000000000
v -8.000000000 -13.856406461 24.000000000
v -5.472322293 -15.035081933 24.000000000
v -2.778370843 -15.756924048 24.000000000
v -0.000000000 -16.000000000 24.000000000
v 2.778370843 -15.756924048 24.000000000
v 5.472322293 -15.035081933 24.000000000
v 8.000000000 -13.856406461 24.000000000
v 10.284601755 -12.256711090 24.000000000
v 12.256711090 -10.284601755 24.000000000
v 13.856406461 -8.000000000 24.000000000
v 15.035081933 -5.472322293 24.000000000
v 15.756924048 -2.778370843 24.000000000
v 26.000000000 0.000000000 24.000000000
v 25.605001578 4.514852619 24.000000000
v 24.432008140 8.892523726 24.000000000
v 22.516660498 13.000000000 24.000000000
v 19.917155521 16.712477852 24.000000000
v 16.712477852 19.917155521 24.000000000
v 13.000000000 22.516660498 24.000000000
v 8.892523726 24.432008140 24.000000000
v 4.514852619 25.605001578 24.000000000
v -0.000000000 26.000000000 24.000000000
v -4.514852619 25.605001578 24.000000000
v -8.892523726 24.432008140 24.000000000
v -13.000000000 22.516660498 24.000000000
v -16.712477852 19.917155521 24.000000000
v -19.917155521 16.712477852 24.000000000
v -22.516660498 13.000000000 24.000000000
v -24.432008140 8.892523726 24.000000000
v -25.605001578 4.514852619 24.000000000
v -26.000000000 0.000000000 24.000000000
v -25.605001578 -4.514852619 24.000000000
v -24.432008140 -8.892523726 24.000000000
v -22.516660498 -13.000000000 24.000000000
v -19.917155521 -16.712477852 24.000000000
v -16.712477852 -19.917155521 24.000000000
v -13.000000000 -22.516660498 24.000000000
v -8.892523726 -24.432008140 24.000000000
v -4.514852619 -25.605001578 24.000000000
v -0.000000000 -26.000000000 24.000000000
v 4.514852619 -25.605001578 24.000000000
v 8.892523726 -24.432008140 24.000000000
v 13.000000000 -22.516660498 24.000000000
v 16.712477852 -19.917155521 24.000000000
v 19.917155521 -16.712477852 24.000000000
v 22.516660498 -13.000000000 24.000000000
v 24.432008140 -8.892523726 24.000000000
v 25.605001578 -4.514852619 24.000000000
v 26.000000000 0.000000000 24.000000000
v 26.000000000 0.000000000 9.000000000
v 25.605001578 4.514852619 9.000000000
v 24.432008140 8.892523726 9.000000000
v 22.516660498 13.000000000 9.000000000
v 19.917155521 16.712477852 9.000000000
v 16.712477852 19.917155521 9.000000000
v 13.000000000 22.516660498 9.000000000
v 8.892523726 24.432008140 9.000000000
v 4.514852619 25.605001578 9.000000000
v -0.000000000 26.000000000 9.000000000
v -4.514852619 25.605001578 9.000000000
v -8.892523726 24.432008140 9.000000000
v -13.000000000 22.516660498 9.000000000
v -16.712477852 19.917155521 9.000000000
v -19.917155521 16.712477852 9.000000000
v -22.516660498 13.000000000 9.000000000
v -24.432008140 8.892523726 9.000000000
v -25.605001578 4.514852619 9.000000000
v -26.000000000 0.000000000 9.000000000
v -25.605001578 -4.514852619 9.000000000
v -24.432008140 -8.892523726 9.000000000
v -22.516660498 -13.000000000 9.000000000
v -19.917155521 -16.712477852 9.000000000
v -16.712477852 -19.917155521 9.000000000
v -13.000000000 -22.516660498 9.000000000
v -8.892523726 -24.432008140 9.000000000
v -4.514852619 -25.605001578 9.000000000
v -0.000000000 -26.000000000 9.000000000
v 4.514852619 -25.605001578 9.000000000
v 8.892523726 -24.432008140 9.000000000
v 13.000000000 -22.516660498 9.000000000
v 16.712477852 -19.917155521 9.000000000
v 19.917155521 -16.712477852 9.000000000
v 22.516660498 -13.000000000 9.000000000
v 24.432008140 -8.892523726 9.000000000
v 25.605001578 -4.514852619 9.000000000
v 26.000000000 0.000000000 9.000000000
v 16.000000000 0.000000000 9.000000000
v 16.000000000 0.000000000 24.000000000
v 16.000000000 0.000000000 24.000000000
v 15.756924048 2.778370843 24.000000000
v 15.035081933 5.472322293 24.000000000
v 13.856406461 8.000000000 24.000000000
v 12.256711090 10.284601755 24.000000000
v 10.284601755 12.256711090 24.000000000
v 8.000000000 13.856406461 24.000000000
v 5.472322293 15.035081933 24.000000000
v 2.778370843 15.756924048 24.000000000
v 0.000000000 16.000000000 24.000000000
v -2.778370843 15.756924048 24.000000000
v -5.472322293 15.035081933 24.000000000
v -8.000000000 13.856406461 24.000000000
v -10.284601755 12.256711090 24.000000000
v -12.256711090 10.284601755 24.000000000
v -13.856406461 8.000000000 24.000000000
v -15.035081933 5.472322293 24.000000000
v -15.756924048 2.778370843 24.000000000
v -16.000000000 0.000000000 24.000000000
v -15.756924048 -2.778370843 24.000000000
v -15.035081933 -5.472322293 24.000000000
v -13.856406461 -8.000000000 24.000000000
v -12.256711090 -10.284601755 24.000000000
v -10.284601755 -12.256711090 24.000000000
v -8.000000000 -13.856406461 24.000000000
v -5.472322293 -15.035081933 24.000000000
v -2.778370843 -15.756924048 24.000000000
v -0.000000000 -16.000000000 24.000000000
v 2.778370843 -15.756924048 24.000000000
v 5.472322293 -15.035081933 24.000000000
v 8.000000000 -13.856406461 24.000000000
v 10.284601755 -12.256711090 24.000000000
v 12.256711090 -10.284601755 24.000000000
v 13.856406461 -8.000000000 24.000000000
v 15.035081933 -5.472322293 24.000000000
v 15.756924048 -2.778370843 24.000000000
v 16.000000000 0.000000000 9.000000000
v 15.756924048 2.778370843 9.000000000
v 15.035081933 5.472322293 9.000000000
v 13.856406461 8.000000000 9.000000000
v 12.256711090 10.284601755 9.000000000
v 10.284601755 12.256711090 9.000000000
v 8.000000000 13.856406461 9.000000000
v 5.472322293 15.035081933 9.000000000
v 2.778370843 15.756924048 9.000000000
v 0.000000000 16.000000000 9.000000000
v -2.778370843 15.756924048 9.000000000
v -5.472322293 15.035081933 9.000000000
v -8.000000000 13.856406461 9.000000000
v -10.284601755 12.256711090 9.000000000
v -12.256711090 10.284601755 9.000000000
v -13.856406461 8.000000000 9.000000000
v -15.035081933 5.472322293 9.000000000
v -15.756924048 2.778370843 9.000000000
v -16.000000000 0.000000000 9.000000000
v -15.756924048 -2.778370843 9.000000000
v -15.035081933 -5.472322293 9.000000000
v -13.856406461 -8.000000000 9.000000000
v -12.256711090 -10.284601755 9.000000000
v -10.284601755 -12.256711090 9.000000000
v -8.000000000 -13.856406461 9.000000000
v -5.472322293 -15.035081933 9.000000000
v -2.778370843 -15.756924048 9.000000000
v -0.000000000 -16.000000000 9.000000000
v 2.778370843 -15.756924048 9.000000000
v 5.472322293 -15.035081933 9.000000000
v 8.000000000 -13.856406461 9.000000000
v 10.284601755 -12.256711090 9.000000000
v 12.256711090 -10.284601755 9.000000000
v 13.856406461 -8.000000000 9.000000000
v 15.035081933 -5.472322293 9.000000000
v 15.756924048 -2.778370843 9.000000000
v 26.000000000 0.000000000 9.000000000
v 25.605001578 4.514852619 9.000000000
v 24.432008140 8.892523726 9.000000000
v 22.516660498 13.000000000 9.000000000
v 19.917155521 16.712477852 9.000000000
v 16.712477852 19.917155521 9.000000000
v 13.000000000 22.516660498 9.000000000
v 8.892523726 24.432008140 9.000000000
v 4.514852619 25.605001578 9.000000000
v -0.000000000 26.000000000 9.000000000
v -4.514852619 25.605001578 9.000000000
v -8.892523726 24.432008140 9.000000000
v -13.000000000 22.516660498 9.000000000
v -16.712477852 19.917155521 9.000000000
v -19.917155521 16.712477852 9.000000000
v -22.516660498 13.000000000 9.000000000
v -24.432008140 8.892523726 9.000000000
v -25.605001578 4.514852619 9.000000000
v -26.000000000 0.000000000 9.000000000
v -25.605001578 -4.514852619 9.000000000
v -24.432008140 -8.892523726 9.000000000
v -22.516660498 -13.000000000 9.000000000
v -19.917155521 -16.712477852 9.000000000
v -16.712477852 -19.917155521 9.000000000
v -13.000000000 -22.516660498 9.000000000
v -8.892523726 -24.432008140 9.000000000
v -4.514852619 -25.605001578 9.000000000
v -0.000000000 -26.000000000 9.000000000
v 4.514852619 -25.605001578 9.000000000
v 8.892523726 -24.432008140 9.000000000
v 13.000000000 -22.516660498 9.000000000
v 16.712477852 -19.917155521 9.000000000
v 19.917155521 -16.712477852 9.000000000
v 22.516660498 -13.000000000 9.000000000
v 24.432008140 -8.892523726 9.000000000
v 25.605001578 -4.514852619 9.000000000
v 16.000000000 0.000000000 9.000000000
v 15.756924048 2.778370843 9.000000000
v 15.035081933 5.472322293 9.000000000
v 13.856406461 8.000000000 9.000000000
v 12.256711090 10.284601755 9.000000000
v 10.284601755 12.256711090 9.000000000
v 8.000000000 13.856406461 9.000000000
v 5.472322293 15.035081933 9.000000000
v 2.778370843 15.756924048 9.000000000
v 0.000000000 16.000000000 9.000000000
v -2.778370843 15.756924048 9.000000000
v -5.472322293 15.035081933 9.000000000
v -8.000000000 13.856406461 9.000000000
v -10.284601755 12.256711090 9.000000000
v -12.256711090 10.284601755 9.000000000
v -13.856406461 8.000000000 9.000000000
v -15.035081933 5.472322293 9.000000000
v -15.756924048 2.778370843 9.000000000
v -16.000000000 0.000000000 9.000000000
v -15.756924048 -2.778370843 9.000000000
v -15.035081933 -5.472322293 9.000000000
v -13.856406461 -8.000000000 9.000000000
v -12.256711090 -10.284601755 9.000000000
v -10.284601755 -12.256711090 9.000000000
v -8.000000000 -13.856406461 9.000000000
v -5.472322293 -15.035081933 9.000000000
v -2.778370843 -15.756924048 9.000000000
v -0.000000000 -16.000000000 9.000000000
v 2.778370843 -15.756924048 9.000000000
v 5.472322293 -15.035081933 9.000000000
v 8.000000000 -13.856406461 9.000000000
v 10.284601755 -12.256711090 9.000000000
v 12.256711090 -10.284601755 9.000000000
v 13.856406461 -8.000000000 9.000000000
v 15.035081933 -5.472322293 9.000000000
v 15.756924048 -2.778370843 9.000000000
v -15.999687497 -0.100000000 59.000000000
v -17.999722220 -0.100000000 59.000000000
v -15.741245469 -2.865866553 59.000000000
v -15.008302653 -5.545345028 59.000000000
v -13.822952724 -8.057665791 59.000000000
v -12.220926620 -10.327097973 59.000000000
v -10.250515479 -12.285232290 59.000000000
v -7.971114958 -13.873043153 59.000000000
v -5.451434828 -15.042667926 59.000000000
v -2.767427794 -15.758849685 59.000000000
v -0.000000000 -16.000000000 59.000000000
v 2.767427794 -15.758849685 59.000000000
v 5.451434828 -15.042667926 59.000000000
v 7.971114958 -13.873043153 59.000000000
v 10.250515479 -12.285232290 59.000000000
v 12.220926620 -10.327097973 59.000000000
v 13.822952724 -8.057665791 59.000000000
v 15.008302653 -5.545345028 59.000000000
v 15.741245469 -2.865866553 59.000000000
v 15.999687497 -0.100000000 59.000000000
v 17.999722220 -0.100000000 59.000000000
v -17.710887998 -3.213167647 59.000000000
v -16.887707648 -6.229392459 59.000000000
v -15.555016922 -9.057673463 59.000000000
v -13.753023750 -11.612680041 59.000000000
v -11.536095144 -13.817326399 59.000000000
v -8.971116922 -15.605097282 59.000000000
v -6.135475728 -16.922054769 59.000000000
v -3.114724239 -17.728465611 59.000000000
v -0.000000000 -18.000000000 59.000000000
v 3.114724239 -17.728465611 59.000000000
v 6.135475728 -16.922054769 59.000000000
v 8.971116922 -15.605097282 59.000000000
v 11.536095144 -13.817326399 59.000000000
v 13.753023750 -11.612680041 59.000000000
v 15.555016922 -9.057673463 59.000000000
v 16.887707648 -6.229392459 59.000000000
v 17.710887998 -3.213167647 59.000000000
v -17.999722220 -0.100000000 59.000000000
v -17.710887998 -3.213167647 59.000000000
v -16.887707648 -6.229392459 59.000000000
v -15.555016922 -9.057673463 59.000000000
v -13.753023750 -11.612680041 59.000000000
v -11.536095144 -13.817326399 59.000000000
v -8.971116922 -15.605097282 59.000000000
v -6.135475728 -16.922054769 59.000000000
v -3.114724239 -17.728465611 59.000000000
v -0.000000000 -18.000000000 59.000000000
v 3.114724239 -17.728465611 59.000000000
v 6.135475728 -16.922054769 59.000000000
v 8.971116922 -15.605097282 59.000000000
v 11.536095144 -13.817326399 59.000000000
v 13.753023750 -11.612680041 59.000000000
v 15.555016922 -9.057673463 59.000000000
v 16.887707648 -6.229392459 59.000000000
v 17.710887998 -3.213167647 59.000000000
v 17.999722220 -0.100000000 59.000000000
v -17.999722220 -0.100000000 24.000000000
v -17.710887998 -3.213167647 24.000000000
v -16.887707648 -6.229392459 24.000000000
v -15.555016922 -9.057673463 24.000000000
v -13.753023750 -11.612680041 24.000000000
v -11.536095144 -13.817326399 24.000000000
v -8.971116922 -15.605097282 24.000000000
v -6.135475728 -16.922054769 24.000000000
v -3.114724239 -17.728465611 24.000000000
v -0.000000000 -18.000000000 24.000000000
v 3.114724239 -17.728465611 24.000000000
v 6.135475728 -16.922054769 24.000000000
v 8.971116922 -15.605097282 24.000000000
v 11.536095144 -13.817326399 24.000000000
v 13.753023750 -11.612680041 24.000000000
v 15.555016922 -9.057673463 24.000000000
v 16.887707648 -6.229392459 24.000000000
v 17.710887998 -3.213167647 24.000000000
v 17.999722220 -0.100000000 24.000000000
v -15.999687497 -0.100000000 59.000000000
v -17.999722220 -0.100000000 59.000000000
v -15.999687497 -0.100000000 24.000000000
v -17.999722220 -0.100000000 24.000000000
v 17.999722220 -0.100000000 59.000000000
v 15.999687497 -0.100000000 59.000000000
v 17.999722220 -0.100000000 24.000000000
v 15.999687497 -0.100000000 24.000000000
v -15.999687497 -0.100000000 59.000000000
v -15.741245469 -2.865866553 59.000000000
v -15.008302653 -5.545345028 59.000000000
v -13.822952724 -8.057665791 59.000000000
v -12.220926620 -10.327097973 59.000000000
v -10.250515479 -12.285232290 59.000000000
v -7.971114958 -13.873043153 59.000000000
v -5.451434828 -15.042667926 59.000000000
v -2.767427794 -15.758849685 59.000000000
v -0.000000000 -16.000000000 59.000000000
v 2.767427794 -15.758849685 59.000000000
v 5.451434828 -15.042667926 59.000000000
v 7.971114958 -13.873043153 59.000000000
v 10.250515479 -12.285232290 59.000000000
v 12.220926620 -10.327097973 59.000000000
v 13.822952724 -8.057665791 59.000000000
v 15.008302653 -5.545345028 59.000000000
v 15.741245469 -2.865866553 59.000000000
v 15.999687497 -0.100000000 59.000000000
v -15.999687497 -0.100000000 24.000000000
v -15.741245469 -2.865866553 24.000000000
v -15.008302653 -5.545345028 24.000000000
v -13.822952724 -8.057665791 24.000000000
v -12.220926620 -10.327097973 24.000000000
v -10.250515479 -12.285232290 24.000000000
v -7.971114958 -13.873043153 24.000000000
v -5.451434828 -15.042667926 24.000000000
v -2.767427794 -15.758849685 24.000000000
v -0.000000000 -16.000000000 24.000000000
v 2.767427794 -15.758849685 24.000000000
v 5.451434828 -15.042667926 24.000000000
v 7.971114958 -13.873043153 24.000000000
v 10.250515479 -12.285232290 24.000000000
v 12.220926620 -10.327097973 24.000000000
v 13.822952724 -8.057665791 24.000000000
v 15.008302653 -5.545345028 24.000000000
v 15.741245469 -2.865866553 24.000000000
v 15.999687497 -0.100000000 24.000000000
v -15.999687497 -0.100000000 24.000000000
v -17.999722220 -0.100000000 24.000000000
v -15.741245469 -2.865866553 24.000000000
v -15.008302653 -5.545345028 24.000000000
v -13.822952724 -8.057665791 24.000000000
v -12.220926620 -10.327097973 24.000000000
v -10.250515479 -12.285232290 24.000000000
v -7.971114958 -13.873043153 24.000000000
v -5.451434828 -15.042667926 24.000000000
v -2.767427794 -15.758849685 24.000000000
v -0.000000000 -16.000000000 24.000000000
v 2.767427794 -15.758849685 24.000000000
v 5.451434828 -15.042667926 24.000000000
v 7.971114958 -13.873043153 24.000000000
v 10.250515479 -12.285232290 24.000000000
v 12.220926620 -10.327097973 24.000000000
v 13.822952724 -8.057665791 24.000000000
v 15.008302653 -5.545345028 24.000000000
v 15.741245469 -2.865866553 24.000000000
v 15.999687497 -0.100000000 24.000000000
v 17.999722220 -0.100000000 24.000000000
v -17.710887998 -3.213167647 24.000000000
v -16.887707648 -6.229392459 24.000000000
v -15.555016922 -9.057673463 24.000000000
v -13.753023750 -11.612680041 24.000000000
v -11.536095144 -13.817326399 24.000000000
v -8.971116922 -15.605097282 24.000000000
v -6.135475728 -16.922054769 24.000000000
v -3.114724239 -17.728465611 24.000000000
v -0.000000000 -18.000000000 24.000000000
v 3.114724239 -17.728465611 24.000000000
v 6.135475728 -16.922054769 24.000000000
v 8.971116922 -15.605097282 24.000000000
v 11.536095144 -13.817326399 24.000000000
v 13.753023750 -11.612680041 24.000000000
v 15.555016922 -9.057673463 24.000000000
v 16.887707648 -6.229392459 24.000000000
v 17.710887998 -3.213167647 24.000000000
v 28.000000000 0.000000000 -39.950000000
v 28.000000000 0.000000000 -39.000000000
v 28.000000000 0.000000000 -39.000000000
v 27.893654271 1.215537244 -39.000000000
v 27.577848346 2.394141003 -39.000000000
v 27.062177826 3.500000000 -39.000000000
v 26.362311102 4.499513268 -39.000000000
v 25.499513268 5.362311102 -39.000000000
v 24.500000000 6.062177826 -39.000000000
v 23.394141003 6.577848346 -39.000000000
v 22.215537244 6.893654271 -39.000000000
v 21.000000000 7.000000000 -39.000000000
v 19.784462756 6.893654271 -39.000000000
v 18.605858997 6.577848346 -39.000000000
v 17.500000000 6.062177826 -39.000000000
v 16.500486732 5.362311102 -39.000000000
v 15.637688898 4.499513268 -39.000000000
v 14.937822174 3.500000000 -39.000000000
v 14.422151654 2.394141003 -39.000000000
v 14.106345729 1.215537244 -39.000000000
v 14.000000000 0.000000000 -39.000000000
v 14.106345729 -1.215537244 -39.000000000
v 14.422151654 -2.394141003 -39.000000000
v 14.937822174 -3.500000000 -39.000000000
v 15.637688898 -4.499513268 -39.000000000
v 16.500486732 -5.362311102 -39.000000000
v 17.500000000 -6.062177826 -39.000000000
v 18.605858997 -6.577848346 -39.000000000
v 19.784462756 -6.893654271 -39.000000000
v 21.000000000 -7.000000000 -39.000000000
v 22.215537244 -6.893654271 -39.000000000
v 23.394141003 -6.577848346 -39.000000000
v 24.500000000 -6.062177826 -39.000000000
v 25.499513268 -5.362311102 -39.000000000
v 26.362311102 -4.499513268 -39.000000000
v 27.062177826 -3.500000000 -39.000000000
v 27.577848346 -2.394141003 -39.000000000
v 27.893654271 -1.215537244 -39.000000000
v 28.000000000 0.000000000 -39.950000000
v 27.893654271 1.215537244 -39.950000000
v 27.577848346 2.394141003 -39.950000000
v 27.062177826 3.500000000 -39.950000000
v 26.362311102 4.499513268 -39.950000000
v 25.499513268 5.362311102 -39.950000000
v 24.500000000 6.062177826 -39.950000000
v 23.394141003 6.577848346 -39.950000000
v 22.215537244 6.893654271 -39.950000000
v 21.000000000 7.000000000 -39.950000000
v 19.784462756 6.893654271 -39.950000000
v 18.605858997 6.577848346 -39.950000000
v 17.500000000 6.062177826 -39.950000000
v 16.500486732 5.362311102 -39.950000000
v 15.637688898 4.499513268 -39.950000000
v 14.937822174 3.500000000 -39.950000000
v 14.422151654 2.394141003 -39.950000000
v 14.106345729 1.215537244 -39.950000000
v 14.000000000 0.000000000 -39.950000000
v 14.106345729 -1.215537244 -39.950000000
v 14.422151654 -2.394141003 -39.950000000
v 14.937822174 -3.500000000 -39.950000000
v 15.637688898 -4.499513268 -39.950000000
v 16.500486732 -5.362311102 -39.950000000
v 17.500000000 -6.062177826 -39.950000000
v 18.605858997 -6.577848346 -39.950000000
v 19.784462756 -6.893654271 -39.950000000
v 21.000000000 -7.000000000 -39.950000000
v 22.215537244 -6.893654271 -39.950000000
v 23.394141003 -6.577848346 -39.950000000
v 24.500000000 -6.062177826 -39.950000000
v 25.499513268 -5.362311102 -39.950000000
v 26.362311102 -4.499513268 -39.950000000
v 27.062177826 -3.500000000 -39.950000000
v 27.577848346 -2.394141003 -39.950000000
v 27.893654271 -1.215537244 -39.950000000
v 28.000000000 0.000000000 -39.000000000
v 27.893654271 1.215537244 -39.000000000
v 27.577848346 2.394141003 -39.000000000
v 27.062177826 3.500000000 -39.000000000
v 26.362311102 4.499513268 -39.000000000
v 25.499513268 5.362311102 -39.000000000
v 24.500000000 6.062177826 -39.000000000
v 23.394141003 6.577848346 -39.000000000
v 22.215537244 6.893654271 -39.000000000
v 21.000000000 7.000000000 -39.000000000
v 19.784462756 6.893654271 -39.000000000
v 18.605858997 6.577848346 -39.000000000
v 17.500000000 6.062177826 -39.000000000
v 16.500486732 5.362311102 -39.000000000
v 15.637688898 4.499513268 -39.000000000
v 14.937822174 3.500000000 -39.000000000
v 14.422151654 2.394141003 -39.000000000
v 14.106345729 1.215537244 -39.000000000
v 14.000000000 0.000000000 -39.000000000
v 14.106345729 -1.215537244 -39.000000000
v 14.422151654 -2.394141003 -39.000000000
v 14.937822174 -3.500000000 -39.000000000
v 15.637688898 -4.499513268 -39.000000000
v 16.500486732 -5.362311102 -39.000000000
v 17.500000000 -6.062177826 -39.000000000
v 18.605858997 -6.577848346 -39.000000000
v 19.784462756 -6.893654271 -39.000000000
v 21.000000000 -7.000000000 -39.000000000
v 22.215537244 -6.893654271 -39.000000000
v 23.394141003 -6.577848346 -39.000000000
v 24.500000000 -6.062177826 -39.000000000
v 25.499513268 -5.362311102 -39.000000000
v 26.362311102 -4.499513268 -39.000000000
v 27.062177826 -3.500000000 -39.000000000
v 27.577848346 -2.394141003 -39.000000000
v 27.893654271 -1.215537244 -39.000000000
v 27.000000000 0.000000000 -39.000000000
v 26.908846518 1.041889066 -39.000000000
v 26.638155725 2.052120860 -39.000000000
v 26.196152423 3.000000000 -39.000000000
v 25.596266659 3.856725658 -39.000000000
v 24.856725658 4.596266659 -39.000000000
v 24.000000000 5.196152423 -39.000000000
v 23.052120860 5.638155725 -39.000000000
v 22.041889066 5.908846518 -39.000000000
v 21.000000000 6.000000000 -39.000000000
v 19.958110934 5.908846518 -39.000000000
v 18.947879140 5.638155725 -39.000000000
v 18.000000000 5.196152423 -39.000000000
v 17.143274342 4.596266659 -39.000000000
v 16.403733341 3.856725658 -39.000000000
v 15.803847577 3.000000000 -39.000000000
v 15.361844275 2.052120860 -39.000000000
v 15.091153482 1.041889066 -39.000000000
v 15.000000000 0.000000000 -39.000000000
v 15.091153482 -1.041889066 -39.000000000
v 15.361844275 -2.052120860 -39.000000000
v 15.803847577 -3.000000000 -39.000000000
v 16.403733341 -3.856725658 -39.000000000
v 17.143274342 -4.596266659 -39.000000000
v 18.000000000 -5.196152423 -39.000000000
v 18.947879140 -5.638155725 -39.000000000
v 19.958110934 -5.908846518 -39.000000000
v 21.000000000 -6.000000000 -39.000000000
v 22.041889066 -5.908846518 -39.000000000
v 23.052120860 -5.638155725 -39.000000000
v 24.000000000 -5.196152423 -39.000000000
v 24.856725658 -4.596266659 -39.000000000
v 25.596266659 -3.856725658 -39.000000000
v 26.196152423 -3.000000000 -39.000000000
v 26.638155725 -2.052120860 -39.000000000
v 26.908846518 -1.041889066 -39.000000000
v 28.000000000 0.000000000 -39.950000000
v 27.893654271 1.215537244 -39.950000000
v 27.577848346 2.394141003 -39.950000000
v 27.062177826 3.500000000 -39.950000000
v 26.362311102 4.499513268 -39.950000000
v 25.499513268 5.362311102 -39.950000000
v 24.500000000 6.062177826 -39.950000000
v 23.394141003 6.577848346 -39.950000000
v 22.215537244 6.893654271 -39.950000000
v 21.000000000 7.000000000 -39.950000000
v 19.784462756 6.893654271 -39.950000000
v 18.605858997 6.577848346 -39.950000000
v 17.500000000 6.062177826 -39.950000000
v 16.500486732 5.362311102 -39.950000000
v 15.637688898 4.499513268 -39.950000000
v 14.937822174 3.500000000 -39.950000000
v 14.422151654 2.394141003 -39.950000000
v 14.106345729 1.215537244 -39.950000000
v 14.000000000 0.000000000 -39.950000000
v 14.106345729 -1.215537244 -39.950000000
v 14.422151654 -2.394141003 -39.950000000
v 14.937822174 -3.500000000 -39.950000000
v 15.637688898 -4.499513268 -39.950000000
v 16.500486732 -5.362311102 -39.950000000
v 17.500000000 -6.062177826 -39.950000000
v 18.605858997 -6.577848346 -39.950000000
v 19.784462756 -6.893654271 -39.950000000
v 21.000000000 -7.000000000 -39.950000000
v 22.215537244 -6.893654271 -39.950000000
v 23.394141003 -6.577848346 -39.950000000
v 24.500000000 -6.062177826 -39.950000000
v 25.499513268 -5.362311102 -39.950000000
v 26.362311102 -4.499513268 -39.950000000
v 27.062177826 -3.500000000 -39.950000000
v 27.577848346 -2.394141003 -39.950000000
v 27.893654271 -1.215537244 -39.950000000
v 27.000000000 0.000000000 -39.000000000
v 27.000000000 0.000000000 -38.000000000
v 27.000000000 0.000000000 -38.000000000
v 26.908846518 1.041889066 -38.000000000
v 26.638155725 2.052120860 -38.000000000
v 26.196152423 3.000000000 -38.000000000
v 25.596266659 3.856725658 -38.000000000
v 24.856725658 4.596266659 -38.000000000
v 24.000000000 5.196152423 -38.000000000
v 23.052120860 5.638155725 -38.000000000
v 22.041889066 5.908846518 -38.000000000
v 21.000000000 6.000000000 -38.000000000
v 19.958110934 5.908846518 -38.000000000
v 18.947879140 5.638155725 -38.000000000
v 18.000000000 5.196152423 -38.000000000
v 17.143274342 4.596266659 -38.000000000
v 16.403733341 3.856725658 -38.000000000
v 15.803847577 3.000000000 -38.000000000
v 15.361844275 2.052120860 -38.000000000
v 15.091153482 1.041889066 -38.000000000
v 15.000000000 0.000000000 -38.000000000
v 15.091153482 -1.041889066 -38.000000000
v 15.361844275 -2.052120860 -38.000000000
v 15.803847577 -3.000000000 -38.000000000
v 16.403733341 -3.856725658 -38.000000000
v 17.143274342 -4.596266659 -38.000000000
v 18.000000000 -5.196152423 -38.000000000
v 18.947879140 -5.638155725 -38.000000000
v 19.958110934 -5.908846518 -38.000000000
v 21.000000000 -6.000000000 -38.000000000
v 22.041889066 -5.908846518 -38.000000000
v 23.052120860 -5.638155725 -38.000000000
v 24.000000000 -5.196152423 -38.000000000
v 24.856725658 -4.596266659 -38.000000000
v 25.596266659 -3.856725658 -38.000000000
v 26.196152423 -3.000000000 -38.000000000
v 26.638155725 -2.052120860 -38.000000000
v 26.908846518 -1.041889066 -38.000000000
v 27.000000000 0.000000000 -39.000000000
v 26.908846518 1.041889066 -39.000000000
v 26.638155725 2.052120860 -39.000000000
v 26.196152423 3.000000000 -39.000000000
v 25.596266659 3.856725658 -39.000000000
v 24.856725658 4.596266659 -39.000000000
v 24.000000000 5.196152423 -39.000000000
v 23.052120860 5.638155725 -39.000000000
v 22.041889066 5.908846518 -39.000000000
v 21.000000000 6.000000000 -39.000000000
v 19.958110934 5.908846518 -39.000000000
v 18.947879140 5.638155725 -39.000000000
v 18.000000000 5.196152423 -39.000000000
v 17.143274342 4.596266659 -39.000000000
v 16.403733341 3.856725658 -39.000000000
v 15.803847577 3.000000000 -39.000000000
v 15.361844275 2.052120860 -39.000000000
v 15.091153482 1.041889066 -39.000000000
v 15.000000000 0.000000000 -39.000000000
v 15.091153482 -1.041889066 -39.000000000
v 15.361844275 -2.052120860 -39.000000000
v 15.803847577 -3.000000000 -39.000000000
v 16.403733341 -3.856725658 -39.000000000
v 17.143274342 -4.596266659 -39.000000000
v 18.000000000 -5.196152423 -39.000000000
v 18.947879140 -5.638155725 -39.000000000
v 19.958110934 -5.908846518 -39.000000000
v 21.000000000 -6.000000000 -39.000000000
v 22.041889066 -5.908846518 -39.000000000
v 23.052120860 -5.638155725 -39.000000000
v 24.000000000 -5.196152423 -39.000000000
v 24.856725658 -4.596266659 -39.000000000
v 25.596266659 -3.856725658 -39.000000000
v 26.196152423 -3.000000000 -39.000000000
v 26.638155725 -2.052120860 -39.000000000
v 26.908846518 -1.041889066 -39.000000000
v 28.000000000 0.000000000 -38.000000000
v 27.893654271 1.215537244 -38.000000000
v 27.577848346 2.394141003 -38.000000000
v 27.062177826 3.500000000 -38.000000000
v 26.362311102 4.499513268 -38.000000000
v 25.499513268 5.362311102 -38.000000000
v 24.500000000 6.062177826 -38.000000000
v 23.394141003 6.577848346 -38.000000000
v 22.215537244 6.893654271 -38.000000000
v 21.000000000 7.000000000 -38.000000000
v 19.784462756 6.893654271 -38.000000000
v 18.605858997 6.577848346 -38.000000000
v 17.500000000 6.062177826 -38.000000000
v 16.500486732 5.362311102 -38.000000000
v 15.637688898 4.499513268 -38.000000000
v 14.937822174 3.500000000 -38.000000000
v 14.422151654 2.394141003 -38.000000000
v 14.106345729 1.215537244 -38.000000000
v 14.000000000 0.000000000 -38.000000000
v 14.106345729 -1.215537244 -38.000000000
v 14.422151654 -2.394141003 -38.000000000
v 14.937822174 -3.500000000 -38.000000000
v 15.637688898 -4.499513268 -38.000000000
v 16.500486732 -5.362311102 -38.000000000
v 17.500000000 -6.062177826 -38.000000000
v 18.605858997 -6.577848346 -38.000000000
v 19.784462756 -6.893654271 -38.000000000
v 21.000000000 -7.000000000 -38.000000000
v 22.215537244 -6.893654271 -38.000000000
v 23.394141003 -6.577848346 -38.000000000
v 24.500000000 -6.062177826 -38.000000000
v 25.499513268 -5.362311102 -38.000000000
v 26.362311102 -4.499513268 -38.000000000
v 27.062177826 -3.500000000 -38.000000000
v 27.577848346 -2.394141003 -38.000000000
v 27.893654271 -1.215537244 -38.000000000
v 27.000000000 0.000000000 -38.000000000
v 26.908846518 1.041889066 -38.000000000
v 26.638155725 2.052120860 -38.000000000
v 26.196152423 3.000000000 -38.000000000
v 25.596266659 3.856725658 -38.000000000
v 24.856725658 4.596266659 -38.000000000
v 24.000000000 5.196152423 -38.000000000
v 23.052120860 5.638155725 -38.000000000
v 22.041889066 5.908846518 -38.000000000
v 21.000000000 6.000000000 -38.000000000
v 19.958110934 5.908846518 -38.000000000
v 18.947879140 5.638155725 -38.000000000
v 18.000000000 5.196152423 -38.000000000
v 17.143274342 4.596266659 -38.000000000
v 16.403733341 3.856725658 -38.000000000
v 15.803847577 3.000000000 -38.000000000
v 15.361844275 2.052120860 -38.000000000
v 15.091153482 1.041889066 -38.000000000
v 15.000000000 0.000000000 -38.000000000
v 15.091153482 -1.041889066 -38.000000000
v 15.361844275 -2.052120860 -38.000000000
v 15.803847577 -3.000000000 -38.000000000
v 16.403733341 -3.856725658 -38.000000000
v 17.143274342 -4.596266659 -38.000000000
v 18.000000000 -5.196152423 -38.000000000
v 18.947879140 -5.638155725 -38.000000000
v 19.958110934 -5.908846518 -38.000000000
v 21.000000000 -6.000000000 -38.000000000
v 22.041889066 -5.908846518 -38.000000000
v 23.052120860 -5.638155725 -38.000000000
v 24.000000000 -5.196152423 -38.000000000
v 24.856725658 -4.596266659 -38.000000000
v 25.596266659 -3.856725658 -38.000000000
v 26.196152423 -3.000000000 -38.000000000
v 26.638155725 -2.052120860 -38.000000000
v 26.908846518 -1.041889066 -38.000000000
v 28.000000000 0.000000000 -38.000000000
v 28.000000000 0.000000000 -14.950000000
v 28.000000000 0.000000000 -14.950000000
v 27.893654271 1.215537244 -14.950000000
v 27.577848346 2.394141003 -14.950000000
v 27.062177826 3.500000000 -14.950000000
v 26.362311102 4.499513268 -14.950000000
v 25.499513268 5.362311102 -14.950000000
v 24.500000000 6.062177826 -14.950000000
v 23.394141003 6.577848346 -14.950000000
v 22.215537244 6.893654271 -14.950000000
v 21.000000000 7.000000000 -14.950000000
v 19.784462756 6.893654271 -14.950000000
v 18.605858997 6.577848346 -14.950000000
v 17.500000000 6.062177826 -14.950000000
v 16.500486732 5.362311102 -14.950000000
v 15.637688898 4.499513268 -14.950000000
v 14.937822174 3.500000000 -14.950000000
v 14.422151654 2.394141003 -14.950000000
v 14.106345729 1.215537244 -14.950000000
v 14.000000000 0.000000000 -14.950000000
v 14.106345729 -1.215537244 -14.950000000
v 14.422151654 -2.394141003 -14.950000000
v 14.937822174 -3.500000000 -14.950000000
v 15.637688898 -4.499513268 -14.950000000
v 16.500486732 -5.362311102 -14.950000000
v 17.500000000 -6.062177826 -14.950000000
v 18.605858997 -6.577848346 -14.950000000
v 19.784462756 -6.893654271 -14.950000000
v 21.000000000 -7.000000000 -14.950000000
v 22.215537244 -6.893654271 -14.950000000
v 23.394141003 -6.577848346 -14.950000000
v 24.500000000 -6.062177826 -14.950000000
v 25.499513268 -5.362311102 -14.950000000
v 26.362311102 -4.499513268 -14.950000000
v 27.062177826 -3.500000000 -14.950000000
v 27.577848346 -2.394141003 -14.950000000
v 27.893654271 -1.215537244 -14.950000000
v 28.000000000 0.000000000 -38.000000000
v 27.893654271 1.215537244 -38.000000000
v 27.577848346 2.394141003 -38.000000000
v 27.062177826 3.500000000 -38.000000000
v 26.362311102 4.499513268 -38.000000000
v 25.499513268 5.362311102 -38.000000000
v 24.500000000 6.062177826 -38.000000000
v 23.394141003 6.577848346 -38.000000000
v 22.215537244 6.893654271 -38.000000000
v 21.000000000 7.000000000 -38.000000000
v 19.784462756 6.893654271 -38.000000000
v 18.605858997 6.577848346 -38.000000000
v 17.500000000 6.062177826 -38.000000000
v 16.500486732 5.362311102 -38.000000000
v 15.637688898 4.499513268 -38.000000000
v 14.937822174 3.500000000 -38.000000000
v 14.422151654 2.394141003 -38.000000000
v 14.106345729 1.215537244 -38.000000000
v 14.000000000 0.000000000 -38.000000000
v 14.106345729 -1.215537244 -38.000000000
v 14.422151654 -2.394141003 -38.000000000
v 14.937822174 -3.500000000 -38.000000000
v 15.637688898 -4.499513268 -38.000000000
v 16.500486732 -5.362311102 -38.000000000
v 17.500000000 -6.062177826 -38.000000000
v 18.605858997 -6.577848346 -38.000000000
v 19.784462756 -6.893654271 -38.000000000
v 21.000000000 -7.000000000 -38.000000000
v 22.215537244 -6.893654271 -38.000000000
v 23.394141003 -6.577848346 -38.000000000
v 24.500000000 -6.062177826 -38.000000000
v 25.499513268 -5.362311102 -38.000000000
v 26.362311102 -4.499513268 -38.000000000
v 27.062177826 -3.500000000 -38.000000000
v 27.577848346 -2.394141003 -38.000000000
v 27.893654271 -1.215537244 -38.000000000
v 28.000000000 0.000000000 -14.950000000
v 27.893654271 1.215537244 -14.950000000
v 27.577848346 2.394141003 -14.950000000
v 27.062177826 3.500000000 -14.950000000
v 26.362311102 4.499513268 -14.950000000
v 25.499513268 5.362311102 -14.950000000
v 24.500000000 6.062177826 -14.950000000
v 23.394141003 6.577848346 -14.950000000
v 22.215537244 6.893654271 -14.950000000
v 21.000000000 7.000000000 -14.950000000
v 19.784462756 6.893654271 -14.950000000
v 18.605858997 6.577848346 -14.950000000
v 17.500000000 6.062177826 -14.950000000
v 16.500486732 5.362311102 -14.950000000
v 15.637688898 4.499513268 -14.950000000
v 14.937822174 3.500000000 -14.950000000
v 14.422151654 2.394141003 -14.950000000
v 14.106345729 1.215537244 -14.950000000
v 14.000000000 0.000000000 -14.950000000
v 14.106345729 -1.215537244 -14.950000000
v 14.422151654 -2.394141003 -14.950000000
v 14.937822174 -3.500000000 -14.950000000
v 15.637688898 -4.499513268 -14.950000000
v 16.500486732 -5.362311102 -14.950000000
v 17.500000000 -6.062177826 -14.950000000
v 18.605858997 -6.577848346 -14.950000000
v 19.784462756 -6.893654271 -14.950000000
v 21.000000000 -7.000000000 -14.950000000
v 22.215537244 -6.893654271 -14.950000000
v 23.394141003 -6.577848346 -14.950000000
v 24.500000000 -6.062177826 -14.950000000
v 25.499513268 -5.362311102 -14.950000000
v 26.362311102 -4.499513268 -14.950000000
v 27.062177826 -3.500000000 -14.950000000
v 27.577848346 -2.394141003 -14.950000000
v 27.893654271 -1.215537244 -14.950000000
v 27.000000000 0.000000000 -14.950000000
v 26.908846518 1.041889066 -14.950000000
v 26.638155725 2.052120860 -14.950000000
v 26.196152423 3.000000000 -14.950000000
v 25.596266659 3.856725658 -14.950000000
v 24.856725658 4.596266659 -14.950000000
v 24.000000000 5.196152423 -14.950000000
v 23.052120860 5.638155725 -14.950000000
v 22.041889066 5.908846518 -14.950000000
v 21.000000000 6.000000000 -14.950000000
v 19.958110934 5.908846518 -14.950000000
v 18.947879140 5.638155725 -14.950000000
v 18.000000000 5.196152423 -14.950000000
v 17.143274342 4.596266659 -14.950000000
v 16.403733341 3.856725658 -14.950000000
v 15.803847577 3.000000000 -14.950000000
v 15.361844275 2.052120860 -14.950000000
v 15.091153482 1.041889066 -14.950000000
v 15.000000000 0.000000000 -14.950000000
v 15.091153482 -1.041889066 -14.950000000
v 15.361844275 -2.052120860 -14.950000000
v 15.803847577 -3.000000000 -14.950000000
v 16.403733341 -3.856725658 -14.950000000
v 17.143274342 -4.596266659 -14.950000000
v 18.000000000 -5.196152423 -14.950000000
v 18.947879140 -5.638155725 -14.950000000
v 19.958110934 -5.908846518 -14.950000000
v 21.000000000 -6.000000000 -14.950000000
v 22.041889066 -5.908846518 -14.950000000
v 23.052120860 -5.638155725 -14.950000000
v 24.000000000 -5.196152423 -14.950000000
v 24.856725658 -4.596266659 -14.950000000
v 25.596266659 -3.856725658 -14.950000000
v 26.196152423 -3.000000000 -14.950000000
v 26.638155725 -2.052120860 -14.950000000
v 26.908846518 -1.041889066 -14.950000000
v 27.000000000 0.000000000 -14.950000000
v 27.000000000 0.000000000 -1.000000000
v 27.000000000 0.000000000 -1.000000000
v 26.908846518 1.041889066 -1.000000000
v 26.638155725 2.052120860 -1.000000000
v 26.196152423 3.000000000 -1.000000000
v 25.596266659 3.856725658 -1.000000000
v 24.856725658 4.596266659 -1.000000000
v 24.000000000 5.196152423 -1.000000000
v 23.052120860 5.638155725 -1.000000000
v 22.041889066 5.908846518 -1.000000000
v 21.000000000 6.000000000 -1.000000000
v 19.958110934 5.908846518 -1.000000000
v 18.947879140 5.638155725 -1.000000000
v 18.000000000 5.196152423 -1.000000000
v 17.143274342 4.596266659 -1.000000000
v 16.403733341 3.856725658 -1.000000000
v 15.803847577 3.000000000 -1.000000000
v 15.361844275 2.052120860 -1.000000000
v 15.091153482 1.041889066 -1.000000000
v 15.000000000 0.000000000 -1.000000000
v 15.091153482 -1.041889066 -1.000000000
v 15.361844275 -2.052120860 -1.000000000
v 15.803847577 -3.000000000 -1.000000000
v 16.403733341 -3.856725658 -1.000000000
v 17.143274342 -4.596266659 -1.000000000
v 18.000000000 -5.196152423 -1.000000000
v 18.947879140 -5.638155725 -1.000000000
v 19.958110934 -5.908846518 -1.000000000
v 21.000000000 -6.000000000 -1.000000000
v 22.041889066 -5.908846518 -1.000000000
v 23.052120860 -5.638155725 -1.000000000
v 24.000000000 -5.196152423 -1.000000000
v 24.856725658 -4.596266659 -1.000000000
v 25.596266659 -3.856725658 -1.000000000
v 26.196152423 -3.000000000 -1.000000000
v 26.638155725 -2.052120860 -1.000000000
v 26.908846518 -1.041889066 -1.000000000
v 27.000000000 0.000000000 -14.950000000
v 26.908846518 1.041889066 -14.950000000
v 26.638155725 2.052120860 -14.950000000
v 26.196152423 3.000000000 -14.950000000
v 25.596266659 3.856725658 -14.950000000
v 24.856725658 4.596266659 -14.950000000
v 24.000000000 5.196152423 -14.950000000
v 23.052120860 5.638155725 -14.950000000
v 22.041889066 5.908846518 -14.950000000
v 21.000000000 6.000000000 -14.950000000
v 19.958110934 5.908846518 -14.950000000
v 18.947879140 5.638155725 -14.950000000
v 18.000000000 5.196152423 -14.950000000
v 17.143274342 4.596266659 -14.950000000
v 16.403733341 3.856725658 -14.950000000
v 15.803847577 3.000000000 -14.950000000
v 15.361844275 2.052120860 -14.950000000
v 15.091153482 1.041889066 -14.950000000
v 15.000000000 0.000000000 -14.950000000
v 15.091153482 -1.041889066 -14.950000000
v 15.361844275 -2.052120860 -14.950000000
v 15.803847577 -3.000000000 -14.950000000
v 16.403733341 -3.856725658 -14.950000000
v 17.143274342 -4.596266659 -14.950000000
v 18.000000000 -5.196152423 -14.950000000
v 18.947879140 -5.638155725 -14.950000000
v 19.958110934 -5.908846518 -14.950000000
v 21.000000000 -6.000000000 -14.950000000
v 22.041889066 -5.908846518 -14.950000000
v 23.052120860 -5.638155725 -14.950000000
v 24.000000000 -5.196152423 -14.950000000
v 24.856725658 -4.596266659 -14.950000000
v 25.596266659 -3.856725658 -14.950000000
v 26.196152423 -3.000000000 -14.950000000
v 26.638155725 -2.052120860 -14.950000000
v 26.908846518 -1.041889066 -14.950000000
v 27.000000000 0.000000000 -1.000000000
v 26.908846518 1.041889066 -1.000000000
v 26.638155725 2.052120860 -1.000000000
v 26.196152423 3.000000000 -1.000000000
v 25.596266659 3.856725658 -1.000000000
v 24.856725658 4.596266659 -1.000000000
v 24.000000000 5.196152423 -1.000000000
v 23.052120860 5.638155725 -1.000000000
v 22.041889066 5.908846518 -1.000000000
v 21.000000000 6.000000000 -1.000000000
v 19.958110934 5.908846518 -1.000000000
v 18.947879140 5.638155725 -1.000000000
v 18.000000000 5.196152423 -1.000000000
v 17.143274342 4.596266659 -1.000000000
v 16.403733341 3.856725658 -1.000000000
v 15.803847577 3.000000000 -1.000000000
v 15.361844275 2.052120860 -1.000000000
v 15.091153482 1.041889066 -1.000000000
v 15.000000000 0.000000000 -1.000000000
v 15.091153482 -1.041889066 -1.000000000
v 15.361844275 -2.052120860 -1.000000000
v 15.803847577 -3.000000000 -1.000000000
v 16.403733341 -3.856725658 -1.000000000
v 17.143274342 -4.596266659 -1.000000000
v 18.000000000 -5.196152423 -1.000000000
v 18.947879140 -5.638155725 -1.000000000
v 19.958110934 -5.908846518 -1.000000000
v 21.000000000 -6.000000000 -1.000000000
v 22.041889066 -5.908846518 -1.000000000
v 23.052120860 -5.638155725 -1.000000000
v 24.000000000 -5.196152423 -1.000000000
v 24.856725658 -4.596266659 -1.000000000
v 25.596266659 -3.856725658 -1.000000000
v 26.196152423 -3.000000000 -1.000000000
v 26.638155725 -2.052120860 -1.000000000
v 26.908846518 -1.041889066 -1.000000000
v 12.000555573 -0.100000000 -37.500000000
v 12.152597986 -1.650296217 -37.500000000
v 12.569684016 -3.151154139 -37.500000000
v 13.239318922 -4.557612226 -37.500000000
v 14.141442300 -5.827536896 -37.500000000
v 15.249029037 -6.922884729 -37.500000000
v 16.528898907 -7.810842145 -37.500000000
v 17.942710560 -8.464808402 -37.500000000
v 19.448110123 -8.865192486 -37.500000000
v 21.000000000 -9.000000000 -37.500000000
v 22.551889877 -8.865192486 -37.500000000
v 24.057289440 -8.464808402 -37.500000000
v 25.471101093 -7.810842145 -37.500000000
v 26.750970963 -6.922884730 -37.500000000
v 27.858557700 -5.827536896 -37.500000000
v 28.760681078 -4.557612226 -37.500000000
v 29.430315984 -3.151154139 -37.500000000
v 29.847402014 -1.650296217 -37.500000000
v 29.999444427 -0.100000000 -37.500000000
v 12.000555573 -0.100000000 -38.000000000
v 12.152597986 -1.650296217 -38.000000000
v 12.569684016 -3.151154139 -38.000000000
v 13.239318922 -4.557612226 -38.000000000
v 14.141442300 -5.827536896 -38.000000000
v 15.249029037 -6.922884729 -38.000000000
v 16.528898907 -7.810842145 -38.000000000
v 17.942710560 -8.464808402 -38.000000000
v 19.448110123 -8.865192486 -38.000000000
v 21.000000000 -9.000000000 -38.000000000
v 22.551889877 -8.865192486 -38.000000000
v 24.057289440 -8.464808402 -38.000000000
v 25.471101093 -7.810842145 -38.000000000
v 26.750970963 -6.922884730 -38.000000000
v 27.858557700 -5.827536896 -38.000000000
v 28.760681078 -4.557612226 -38.000000000
v 29.430315984 -3.151154139 -38.000000000
v 29.847402014 -1.650296217 -38.000000000
v 29.999444427 -0.100000000 -38.000000000
v 13.000625024 -0.100000000 -37.500000000
v 12.000555573 -0.100000000 -37.500000000
v 13.137459799 -1.476638611 -37.500000000
v 13.509416175 -2.809119784 -37.500000000
v 14.105371159 -4.057596967 -37.500000000
v 14.907503299 -5.184735668 -37.500000000
v 15.891825614 -6.156829902 -37.500000000
v 17.028902906 -6.944810139 -37.500000000
v 18.284731985 -7.525112598 -37.500000000
v 19.621758508 -7.880383899 -37.500000000
v 21.000000000 -8.000000000 -37.500000000
v 22.378241492 -7.880383899 -37.500000000
v 23.715268015 -7.525112598 -37.500000000
v 24.971097094 -6.944810139 -37.500000000
v 26.108174386 -6.156829902 -37.500000000
v 27.092496701 -5.184735668 -37.500000000
v 27.894628841 -4.057596967 -37.500000000
v 28.490583825 -2.809119784 -37.500000000
v 28.862540201 -1.476638611 -37.500000000
v 28.999374976 -0.100000000 -37.500000000
v 29.999444427 -0.100000000 -37.500000000
v 12.152597986 -1.650296217 -37.500000000
v 12.569684016 -3.151154139 -37.500000000
v 13.239318922 -4.557612226 -37.500000000
v 14.141442300 -5.827536896 -37.500000000
v 15.249029037 -6.922884729 -37.500000000
v 16.528898907 -7.810842145 -37.500000000
v 17.942710560 -8.464808402 -37.500000000
v 19.448110123 -8.865192486 -37.500000000
v 21.000000000 -9.000000000 -37.500000000
v 22.551889877 -8.865192486 -37.500000000
v 24.057289440 -8.464808402 -37.500000000
v 25.471101093 -7.810842145 -37.500000000
v 26.750970963 -6.922884730 -37.500000000
v 27.858557700 -5.827536896 -37.500000000
v 28.760681078 -4.557612226 -37.500000000
v 29.430315984 -3.151154139 -37.500000000
v 29.847402014 -1.650296217 -37.500000000
v 12.000555573 -0.100000000 -38.000000000
v 12.000555573 -0.100000000 -37.500000000
v 13.000625024 -0.100000000 -37.500000000
v 13.000625024 -0.100000000 -14.900000000
v 14.000714322 -0.100000000 -14.900000000
v 14.000714322 -0.100000000 -38.000000000
v 29.999444427 -0.100000000 -38.000000000
v 29.999444427 -0.100000000 -37.500000000
v 27.999285678 -0.100000000 -38.000000000
v 27.999285678 -0.100000000 -14.900000000
v 28.999374976 -0.100000000 -14.900000000
v 28.999374976 -0.100000000 -37.500000000
v 14.000714322 -0.100000000 -38.000000000
v 12.000555573 -0.100000000 -38.000000000
v 14.122337063 -1.302978328 -38.000000000
v 14.449159642 -2.467081394 -38.000000000
v 14.971431082 -3.557577378 -38.000000000
v 15.673569052 -4.541930576 -38.000000000
v 16.534624780 -5.390772129 -38.000000000
v 17.528908071 -6.078776260 -38.000000000
v 18.626753795 -6.585415891 -38.000000000
v 19.795406964 -6.895575075 -38.000000000
v 21.000000000 -7.000000000 -38.000000000
v 22.204593036 -6.895575075 -38.000000000
v 23.373246205 -6.585415891 -38.000000000
v 24.471091928 -6.078776260 -38.000000000
v 25.465375220 -5.390772129 -38.000000000
v 26.326430948 -4.541930576 -38.000000000
v 27.028568918 -3.557577378 -38.000000000
v 27.550840358 -2.467081394 -38.000000000
v 27.877662937 -1.302978328 -38.000000000
v 27.999285678 -0.100000000 -38.000000000
v 29.999444427 -0.100000000 -38.000000000
v 12.152597986 -1.650296217 -38.000000000
v 12.569684016 -3.151154139 -38.000000000
v 13.239318922 -4.557612226 -38.000000000
v 14.141442300 -5.827536896 -38.000000000
v 15.249029037 -6.922884729 -38.000000000
v 16.528898907 -7.810842145 -38.000000000
v 17.942710560 -8.464808402 -38.000000000
v 19.448110123 -8.865192486 -38.000000000
v 21.000000000 -9.000000000 -38.000000000
v 22.551889877 -8.865192486 -38.000000000
v 24.057289440 -8.464808402 -38.000000000
v 25.471101093 -7.810842145 -38.000000000
v 26.750970963 -6.922884730 -38.000000000
v 27.858557700 -5.827536896 -38.000000000
v 28.760681078 -4.557612226 -38.000000000
v 29.430315984 -3.151154139 -38.000000000
v 29.847402014 -1.650296217 -38.000000000
v 13.000625024 -0.100000000 -37.500000000
v 13.137459799 -1.476638611 -37.500000000
v 13.509416175 -2.809119784 -37.500000000
v 14.105371159 -4.057596967 -37.500000000
v 14.907503299 -5.184735668 -37.500000000
v 15.891825614 -6.156829902 -37.500000000
v 17.028902906 -6.944810139 -37.500000000
v 18.284731985 -7.525112598 -37.500000000
v 19.621758508 -7.880383899 -37.500000000
v 21.000000000 -8.000000000 -37.500000000
v 22.378241492 -7.880383899 -37.500000000
v 23.715268015 -7.525112598 -37.500000000
v 24.971097094 -6.944810139 -37.500000000
v 26.108174386 -6.156829902 -37.500000000
v 27.092496701 -5.184735668 -37.500000000
v 27.894628841 -4.057596967 -37.500000000
v 28.490583825 -2.809119784 -37.500000000
v 28.862540201 -1.476638611 -37.500000000
v 28.999374976 -0.100000000 -37.500000000
v 28.999374976 -0.100000000 -14.900000000
v 13.000625024 -0.100000000 -14.900000000
v 13.137459799 -1.476638611 -14.900000000
v 13.509416175 -2.809119784 -14.900000000
v 14.105371159 -4.057596967 -14.900000000
v 14.907503299 -5.184735668 -14.900000000
v 15.891825614 -6.156829902 -14.900000000
v 17.028902906 -6.944810139 -14.900000000
v 18.284731985 -7.525112598 -14.900000000
v 19.621758508 -7.880383899 -14.900000000
v 21.000000000 -8.000000000 -14.900000000
v 22.378241492 -7.880383899 -14.900000000
v 23.715268015 -7.525112598 -14.900000000
v 24.971097094 -6.944810139 -14.900000000
v 26.108174386 -6.156829902 -14.900000000
v 27.092496701 -5.184735668 -14.900000000
v 27.894628841 -4.057596967 -14.900000000
v 28.490583825 -2.809119784 -14.900000000
v 28.862540201 -1.476638611 -14.900000000
v 14.000714322 -0.100000000 -38.000000000
v 14.122337063 -1.302978328 -38.000000000
v 14.449159642 -2.467081394 -38.000000000
v 14.971431082 -3.557577378 -38.000000000
v 15.673569052 -4.541930576 -38.000000000
v 16.534624780 -5.390772129 -38.000000000
v 17.528908071 -6.078776260 -38.000000000
v 18.626753795 -6.585415891 -38.000000000
v 19.795406964 -6.895575075 -38.000000000
v 21.000000000 -7.000000000 -38.000000000
v 22.204593036 -6.895575075 -38.000000000
v 23.373246205 -6.585415891 -38.000000000
v 24.471091928 -6.078776260 -38.000000000
v 25.465375220 -5.390772129 -38.000000000
v 26.326430948 -4.541930576 -38.000000000
v 27.028568918 -3.557577378 -38.000000000
v 27.550840358 -2.467081394 -38.000000000
v 27.877662937 -1.302978328 -38.000000000
v 27.999285678 -0.100000000 -38.000000000
v 27.999285678 -0.100000000 -14.900000000
v 14.000714322 -0.100000000 -14.900000000
v 14.122337063 -1.302978328 -14.900000000
v 14.449159642 -2.467081394 -14.900000000
v 14.971431082 -3.557577378 -14.900000000
v 15.673569052 -4.541930576 -14.900000000
v 16.534624780 -5.390772129 -14.900000000
v 17.528908071 -6.078776260 -14.900000000
v 18.626753795 -6.585415891 -14.900000000
v 19.795406964 -6.895575075 -14.900000000
v 21.000000000 -7.000000000 -14.900000000
v 22.204593036 -6.895575075 -14.900000000
v 23.373246205 -6.585415891 -14.900000000
v 24.471091928 -6.078776260 -14.900000000
v 25.465375220 -5.390772129 -14.900000000
v 26.326430948 -4.541930576 -14.900000000
v 27.028568918 -3.557577378 -14.900000000
v 27.550840358 -2.467081394 -14.900000000
v 27.877662937 -1.302978328 -14.900000000
v 28.999374976 -0.100000000 -14.900000000
v 27.999285678 -0.100000000 -14.900000000
v 13.000625024 -0.100000000 -14.900000000
v 13.137459799 -1.476638611 -14.900000000
v 13.509416175 -2.809119784 -14.900000000
v 14.105371159 -4.057596967 -14.900000000
v 14.907503299 -5.184735668 -14.900000000
v 15.891825614 -6.156829902 -14.900000000
v 17.028902906 -6.944810139 -14.900000000
v 18.284731985 -7.525112598 -14.900000000
v 19.621758508 -7.880383899 -14.900000000
v 21.000000000 -8.000000000 -14.900000000
v 22.378241492 -7.880383899 -14.900000000
v 23.715268015 -7.525112598 -14.900000000
v 24.971097094 -6.944810139 -14.900000000
v 26.108174386 -6.156829902 -14.900000000
v 27.092496701 -5.184735668 -14.900000000
v 27.894628841 -4.057596967 -14.900000000
v 28.490583825 -2.809119784 -14.900000000
v 28.862540201 -1.476638611 -14.900000000
v 14.000714322 -0.100000000 -14.900000000
v 14.122337063 -1.302978328 -14.900000000
v 14.449159642 -2.467081394 -14.900000000
v 14.971431082 -3.557577378 -14.900000000
v 15.673569052 -4.541930576 -14.900000000
v 16.534624780 -5.390772129 -14.900000000
v 17.528908071 -6.078776260 -14.900000000
v 18.626753795 -6.585415891 -14.900000000
v 19.795406964 -6.895575075 -14.900000000
v 21.000000000 -7.000000000 -14.900000000
v 22.204593036 -6.895575075 -14.900000000
v 23.373246205 -6.585415891 -14.900000000
v 24.471091928 -6.078776260 -14.900000000
v 25.465375220 -5.390772129 -14.900000000
v 26.326430948 -4.541930576 -14.900000000
v 27.028568918 -3.557577378 -14.900000000
v 27.550840358 -2.467081394 -14.900000000
v 27.877662937 -1.302978328 -14.900000000
v -46.000000000 -39.000000000 -64.400000000
v -46.000000000 -0.100000000 -64.400000000
v 42.000000000 -39.000000000 -64.400000000
v 42.000000000 -0.100000000 -64.400000000
v 29.999833333 -0.100000000 -64.400000000
v -29.999833333 -0.100000000 -64.400000000
v -29.528667504 -5.296960964 -64.400000000
v -28.164082294 -10.333657073 -64.400000000
v -25.947364596 -15.057698049 -64.400000000
v -22.945583419 -19.326153304 -64.400000000
v -19.249560658 -23.009876455 -64.400000000
v -14.971123180 -25.997412770 -64.400000000
v -10.239719390 -28.198371350 -64.400000000
v -5.198502644 -29.546159992 -64.400000000
v -0.000000000 -30.000000000 -64.400000000
v 5.198502644 -29.546159992 -64.400000000
v 10.239719390 -28.198371350 -64.400000000
v 14.971123180 -25.997412770 -64.400000000
v 19.249560658 -23.009876455 -64.400000000
v 22.945583419 -19.326153304 -64.400000000
v 25.947364596 -15.057698049 -64.400000000
v 28.164082294 -10.333657073 -64.400000000
v 29.528667504 -5.296960964 -64.400000000
v -46.000000000 -0.100000000 -64.400000000
v -46.153966832 -0.100000000 -64.388076017
v -46.304261868 -0.100000000 -64.352588429
v -46.447300877 -0.100000000 -64.294383545
v -46.579672670 -0.100000000 -64.214849431
v -46.698220448 -0.100000000 -64.115882816
v -46.800117088 -0.100000000 -63.999843850
v -46.000000000 -39.000000000 -64.400000000
v -46.170923144 -39.000000000 -64.385284299
v -46.336815915 -39.000000000 -64.341570536
v -46.492795719 -39.000000000 -64.270145088
v -46.634271831 -39.000000000 -64.173110070
v -46.757080551 -39.000000000 -64.053321480
v -46.857607482 -39.000000000 -63.914304857
v -46.932893857 -39.000000000 -63.760151514
v -46.980723890 -39.000000000 -63.595398386
v -46.995169275 -39.000000000 -63.498173424
v -47.000000000 -39.000000000 -63.400000000
v -47.000000000 -6.167657578 -63.400000000
v -46.894914989 -3.133241880 -63.846236753
v -46.000000000 -0.100000000 -64.400000000
v -46.153966832 -0.100000000 -64.388076017
v -46.304261868 -0.100000000 -64.352588429
v -46.447300877 -0.100000000 -64.294383545
v -46.579672670 -0.100000000 -64.214849431
v -46.698220448 -0.100000000 -64.115882816
v -46.800117088 -0.100000000 -63.999843850
v -29.999833333 -0.100000000 -64.400000000
v -29.999833333 -0.100000000 -65.000000000
v 29.999833333 -0.100000000 -65.000000000
v 29.999833333 -0.100000000 -64.400000000
v 42.000000000 -0.100000000 -64.400000000
v 43.000000000 -0.100000000 -63.400000000
v 42.984807753 -0.100000000 -63.573648178
v 42.939692621 -0.100000000 -63.742020143
v 42.866025404 -0.100000000 -63.900000000
v 42.766044443 -0.100000000 -64.042787610
v 42.642787610 -0.100000000 -64.166044443
v 42.500000000 -0.100000000 -64.266025404
v 42.342020143 -0.100000000 -64.339692621
v 42.173648178 -0.100000000 -64.384807753
v 43.000000000 -0.100000000 -0.400000000
v 42.000000000 -0.100000000 0.600000000
v 42.173648178 -0.100000000 0.584807753
v 42.342020143 -0.100000000 0.539692621
v 42.500000000 -0.100000000 0.466025404
v 42.642787610 -0.100000000 0.366044443
v 42.766044443 -0.100000000 0.242787610
v 42.866025404 -0.100000000 0.100000000
v 42.939692621 -0.100000000 -0.057979857
v 42.984807753 -0.100000000 -0.226351822
v 35.999861111 -0.100000000 0.600000000
v 35.999861111 -0.100000000 10.000000000
v 39.002501564 -0.100000000 10.000000000
v 39.002501564 -0.100000000 1.000000000
v 42.997498436 -0.100000000 1.000000000
v 42.997498436 -0.100000000 10.000000000
v 50.000000000 -0.100000000 10.000000000
v 50.000000000 -0.100000000 -70.000000000
v -60.000000000 -0.100000000 -70.000000000
v -60.000000000 -0.100000000 -63.999843750
v -46.000000000 -39.000000000 -64.400000000
v -46.000000000 -39.170923144 -64.385284299
v -46.000000000 -39.336815915 -64.341570536
v -46.000000000 -39.492795719 -64.270145088
v -46.000000000 -39.634271831 -64.173110070
v -46.000000000 -39.757080551 -64.053321480
v -46.000000000 -39.857607482 -63.914304857
v -46.000000000 -39.932893857 -63.760151514
v -46.000000000 -39.980723890 -63.595398386
v -46.000000000 -39.995169275 -63.498173424
v -46.000000000 -40.000000000 -63.400000000
v 42.000000000 -39.000000000 -64.400000000
v 42.000000000 -39.170923144 -64.385284299
v 42.000000000 -39.336815915 -64.341570536
v 42.000000000 -39.492795719 -64.270145088
v 42.000000000 -39.634271831 -64.173110070
v 42.000000000 -39.757080551 -64.053321480
v 42.000000000 -39.857607482 -63.914304857
v 42.000000000 -39.932893857 -63.760151514
v 42.000000000 -39.980723890 -63.595398386
v 42.000000000 -39.995169275 -63.498173424
v 42.000000000 -40.000000000 -63.400000000
v -29.999833333 -0.100000000 -64.400000000
v -29.528667504 -5.296960964 -64.400000000
v -28.164082294 -10.333657073 -64.400000000
v -25.947364596 -15.057698049 -64.400000000
v -22.945583419 -19.326153304 -64.400000000
v -19.249560658 -23.009876455 -64.400000000
v -14.971123180 -25.997412770 -64.400000000
v -10.239719390 -28.198371350 -64.400000000
v -5.198502644 -29.546159992 -64.400000000
v -0.000000000 -30.000000000 -64.400000000
v 5.198502644 -29.546159992 -64.400000000
v 10.239719390 -28.198371350 -64.400000000
v 14.971123180 -25.997412770 -64.400000000
v 19.249560658 -23.009876455 -64.400000000
v 22.945583419 -19.326153304 -64.400000000
v 25.947364596 -15.057698049 -64.400000000
v 28.164082294 -10.333657073 -64.400000000
v 29.528667504 -5.296960964 -64.400000000
v 29.999833333 -0.100000000 -64.400000000
v -29.999833333 -0.100000000 -65.000000000
v -29.528667504 -5.296960964 -65.000000000
v -28.164082294 -10.333657073 -65.000000000
v -25.947364596 -15.057698049 -65.000000000
v -22.945583419 -19.326153304 -65.000000000
v -19.249560658 -23.009876455 -65.000000000
v -14.971123180 -25.997412770 -65.000000000
v -10.239719390 -28.198371350 -65.000000000
v -5.198502644 -29.546159992 -65.000000000
v -0.000000000 -30.000000000 -65.000000000
v 5.198502644 -29.546159992 -65.000000000
v 10.239719390 -28.198371350 -65.000000000
v 14.971123180 -25.997412770 -65.000000000
v 19.249560658 -23.009876455 -65.000000000
v 22.945583419 -19.326153304 -65.000000000
v 25.947364596 -15.057698049 -65.000000000
v 28.164082294 -10.333657073 -65.000000000
v 29.528667504 -5.296960964 -65.000000000
v 29.999833333 -0.100000000 -65.000000000
v 42.000000000 -39.000000000 -64.400000000
v 42.000000000 -0.100000000 -64.400000000
v 43.000000000 -0.100000000 -63.400000000
v 42.984807753 -0.100000000 -63.573648178
v 42.939692621 -0.100000000 -63.742020143
v 42.866025404 -0.100000000 -63.900000000
v 42.766044443 -0.100000000 -64.042787610
v 42.642787610 -0.100000000 -64.166044443
v 42.500000000 -0.100000000 -64.266025404
v 42.342020143 -0.100000000 -64.339692621
v 42.173648178 -0.100000000 -64.384807753
v 43.000000000 -39.000000000 -63.400000000
v 42.170923144 -39.000000000 -64.385284299
v 42.336815915 -39.000000000 -64.341570536
v 42.492795719 -39.000000000 -64.270145088
v 42.634271831 -39.000000000 -64.173110070
v 42.757080551 -39.000000000 -64.053321480
v 42.857607482 -39.000000000 -63.914304857
v 42.932893857 -39.000000000 -63.760151514
v 42.980723890 -39.000000000 -63.595398386
v 42.995169275 -39.000000000 -63.498173424
v -46.000000000 -39.000000000 -64.400000000
v -46.000000000 -39.170923144 -64.385284299
v -46.000000000 -39.336815915 -64.341570536
v -46.000000000 -39.492795719 -64.270145088
v -46.000000000 -39.634271831 -64.173110070
v -46.000000000 -39.757080551 -64.053321480
v -46.000000000 -39.857607482 -63.914304857
v -46.000000000 -39.932893857 -63.760151514
v -46.000000000 -39.980723890 -63.595398386
v -46.000000000 -39.995169275 -63.498173424
v -46.000000000 -40.000000000 -63.400000000
v -47.000000000 -39.000000000 -63.400000000
v -46.985284299 -39.170923144 -63.400000000
v -46.941570536 -39.336815915 -63.400000000
v -46.870145088 -39.492795719 -63.400000000
v -46.773110070 -39.634271831 -63.400000000
v -46.653321480 -39.757080551 -63.400000000
v -46.514304857 -39.857607482 -63.400000000
v -46.360151514 -39.932893857 -63.400000000
v -46.195398386 -39.980723890 -63.400000000
v -46.098173424 -39.995169275 -63.400000000
v -46.170923144 -39.000000000 -64.385284299
v -46.336815915 -39.000000000 -64.341570536
v -46.492795719 -39.000000000 -64.270145088
v -46.634271831 -39.000000000 -64.173110070
v -46.757080551 -39.000000000 -64.053321480
v -46.857607482 -39.000000000 -63.914304857
v -46.932893857 -39.000000000 -63.760151514
v -46.980723890 -39.000000000 -63.595398386
v -46.995169275 -39.000000000 -63.498173424
v -46.178704382 -39.041569520 -64.382428004
v -46.135823179 -39.111439023 -64.384070780
v -46.522092086 -39.117016235 -64.241683983
v -46.080529310 -39.157519820 -64.383523188
v -46.041569520 -39.178704382 -64.382428004
v -46.405879702 -39.327051282 -64.251898342
v -46.798507843 -39.178475720 -63.967248562
v -46.230292776 -39.470117954 -64.248493556
v -46.117016235 -39.522092086 -64.241683983
v -46.632894753 -39.507113926 -63.978926876
v -46.954856764 -39.214387285 -63.597568229
v -46.353481430 -39.730066993 -63.975034105
v -46.178475720 -39.798507843 -63.967248562
v -46.764968633 -39.609460246 -63.600046185
v -46.422399797 -39.881652849 -63.599220199
v -46.214387285 -39.954856764 -63.597568229
v -47.000000000 -6.167657578 -63.400000000
v -46.894914989 -3.133241880 -63.846236753
v -46.800117088 -0.100000000 -63.999843850
v -47.000000000 -11.520602173 -61.854241333
v -47.000000000 -16.524290423 -59.403427267
v -47.000000000 -21.027031486 -56.121856208
v -47.000000000 -24.892321133 -52.109011627
v -47.000000000 -28.002979994 -47.486546143
v -47.000000000 -30.264705937 -42.394593526
v -47.000000000 -31.608932915 -36.987520425
v -47.000000000 -31.994909604 -31.429246620
v -47.000000000 -31.410934810 -25.888275664
v -47.000000000 -29.874712199 -20.532586560
v -47.000000000 -27.432813599 -15.524541341
v -47.000000000 -24.159267134 -11.015962935
v -47.000000000 -20.153313006 -7.143532534
v -47.000000000 -15.536394943 -4.024645987
v -47.000000000 -10.448478540 -1.753854854
v -47.000000000 -5.043808085 -0.400000000
v -46.916583294 -0.100000000 -0.000156250
v -60.000000000 -0.100000000 -0.000156250
v -60.000000000 -0.100000000 -63.999843750
v -60.000000000 -5.644258744 -63.498291116
v -60.000000000 -11.017699509 -62.043473460
v -60.000000000 -16.057700357 -59.679419417
v -60.000000000 -20.611730584 -56.477674774
v -60.000000000 -24.541966912 -52.535137207
v -60.000000000 -27.729464577 -47.971123764
v -60.000000000 -30.077757074 -42.923759857
v -60.000000000 -31.515775624 -37.545799024
v -60.000000000 -32.000000000 -32.000000000
v -60.000000000 -31.515775624 -26.454200976
v -60.000000000 -30.077757074 -21.076240143
v -60.000000000 -27.729464577 -16.028876236
v -60.000000000 -24.541966912 -11.464862793
v -60.000000000 -20.611730584 -7.522325226
v -60.000000000 -16.057700357 -4.320580583
v -60.000000000 -11.017699509 -1.956526540
v -60.000000000 -5.644258744 -0.501708884
v -47.000000000 -39.000000000 -63.400000000
v -47.000000000 -6.167657578 -63.400000000
v -47.000000000 -11.520602173 -61.854241333
v -47.000000000 -16.524290423 -59.403427267
v -47.000000000 -21.027031486 -56.121856208
v -47.000000000 -24.892321133 -52.109011627
v -47.000000000 -28.002979994 -47.486546143
v -47.000000000 -30.264705937 -42.394593526
v -47.000000000 -31.608932915 -36.987520425
v -47.000000000 -31.994909604 -31.429246620
v -47.000000000 -31.410934810 -25.888275664
v -47.000000000 -29.874712199 -20.532586560
v -47.000000000 -27.432813599 -15.524541341
v -47.000000000 -24.159267134 -11.015962935
v -47.000000000 -20.153313006 -7.143532534
v -47.000000000 -15.536394943 -4.024645987
v -47.000000000 -10.448478540 -1.753854854
v -47.000000000 -5.043808085 -0.400000000
v -47.000000000 -39.000000000 -0.400000000
v 43.000000000 -39.000000000 -63.400000000
v 43.000000000 -0.100000000 -63.400000000
v 43.000000000 -0.100000000 -0.400000000
v 43.000000000 -39.000000000 -0.400000000
v -29.999833333 -0.100000000 -65.000000000
v -29.528667504 -5.296960964 -65.000000000
v -28.164082294 -10.333657073 -65.000000000
v -25.947364596 -15.057698049 -65.000000000
v -22.945583419 -19.326153304 -65.000000000
v -19.249560658 -23.009876455 -65.000000000
v -14.971123180 -25.997412770 -65.000000000
v -10.239719390 -28.198371350 -65.000000000
v -5.198502644 -29.546159992 -65.000000000
v -0.000000000 -30.000000000 -65.000000000
v 5.198502644 -29.546159992 -65.000000000
v 10.239719390 -28.198371350 -65.000000000
v 14.971123180 -25.997412770 -65.000000000
v 19.249560658 -23.009876455 -65.000000000
v 22.945583419 -19.326153304 -65.000000000
v 25.947364596 -15.057698049 -65.000000000
v 28.164082294 -10.333657073 -65.000000000
v 29.528667504 -5.296960964 -65.000000000
v 29.999833333 -0.100000000 -65.000000000
v 42.000000000 -39.000000000 0.600000000
v 42.170923144 -39.000000000 0.585284299
v 42.336815915 -39.000000000 0.541570536
v 42.492795719 -39.000000000 0.470145088
v 42.634271831 -39.000000000 0.373110070
v 42.757080551 -39.000000000 0.253321480
v 42.857607482 -39.000000000 0.114304857
v 42.932893857 -39.000000000 -0.039848486
v 42.980723890 -39.000000000 -0.204601614
v 42.995169275 -39.000000000 -0.301826576
v 43.000000000 -39.000000000 -0.400000000
v 43.000000000 -0.100000000 -0.400000000
v 42.000000000 -0.100000000 0.600000000
v 42.173648178 -0.100000000 0.584807753
v 42.342020143 -0.100000000 0.539692621
v 42.500000000 -0.100000000 0.466025404
v 42.642787610 -0.100000000 0.366044443
v 42.766044443 -0.100000000 0.242787610
v 42.866025404 -0.100000000 0.100000000
v 42.939692621 -0.100000000 -0.057979857
v 42.984807753 -0.100000000 -0.226351822
v -46.000000000 -39.000000000 0.600000000
v -46.000000000 -0.100000000 0.600000000
v 42.000000000 -39.000000000 0.600000000
v 42.000000000 -0.100000000 0.600000000
v 35.999861111 -0.100000000 0.600000000
v -35.999861111 -0.100000000 0.600000000
v -35.437535638 -6.338853830 0.600000000
v -33.802253816 -12.385783664 0.600000000
v -31.143527721 -18.057704204 0.600000000
v -27.541856660 -23.182884457 0.600000000
v -23.106289859 -27.606147304 0.600000000
v -17.971124737 -31.193567857 0.600000000
v -12.291840730 -33.836528360 0.600000000
v -6.240391776 -35.455006846 0.600000000
v -0.000000000 -36.000000000 0.600000000
v 6.240391776 -35.455006846 0.600000000
v 12.291840730 -33.836528360 0.600000000
v 17.971124737 -31.193567857 0.600000000
v 23.106289859 -27.606147304 0.600000000
v 27.541856660 -23.182884457 0.600000000
v 31.143527721 -18.057704204 0.600000000
v 33.802253816 -12.385783664 0.600000000
v 35.437535638 -6.338853831 0.600000000
v -35.999861111 -0.100000000 0.600000000
v -35.437535638 -6.338853830 0.600000000
v -33.802253816 -12.385783664 0.600000000
v -31.143527721 -18.057704204 0.600000000
v -27.541856660 -23.182884457 0.600000000
v -23.106289859 -27.606147304 0.600000000
v -17.971124737 -31.193567857 0.600000000
v -12.291840730 -33.836528360 0.600000000
v -6.240391776 -35.455006846 0.600000000
v -0.000000000 -36.000000000 0.600000000
v 6.240391776 -35.455006846 0.600000000
v 12.291840730 -33.836528360 0.600000000
v 17.971124737 -31.193567857 0.600000000
v 23.106289859 -27.606147304 0.600000000
v 27.541856660 -23.182884457 0.600000000
v 31.143527721 -18.057704204 0.600000000
v 33.802253816 -12.385783664 0.600000000
v 35.437535638 -6.338853831 0.600000000
v 35.999861111 -0.100000000 0.600000000
v 35.999861111 -0.100000000 10.000000000
v -35.999861111 -0.100000000 10.000000000
v -35.437535638 -6.338853830 10.000000000
v -33.802253816 -12.385783664 10.000000000
v -31.143527721 -18.057704204 10.000000000
v -27.541856660 -23.182884457 10.000000000
v -23.106289859 -27.606147304 10.000000000
v -17.971124737 -31.193567857 10.000000000
v -12.291840730 -33.836528360 10.000000000
v -6.240391776 -35.455006846 10.000000000
v -0.000000000 -36.000000000 10.000000000
v 6.240391776 -35.455006846 10.000000000
v 12.291840730 -33.836528360 10.000000000
v 17.971124737 -31.193567857 10.000000000
v 23.106289859 -27.606147304 10.000000000
v 27.541856660 -23.182884457 10.000000000
v 31.143527721 -18.057704204 10.000000000
v 33.802253816 -12.385783664 10.000000000
v 35.437535638 -6.338853831 10.000000000
v -60.000000000 -50.000000000 10.000000000
v -60.000000000 -0.100000000 10.000000000
v 50.000000000 -50.000000000 10.000000000
v 50.000000000 -0.100000000 10.000000000
v 42.997498436 -0.100000000 10.000000000
v 42.952232159 -0.434499247 10.000000000
v 42.851357145 -0.756621915 10.000000000
v 42.697746786 -1.057192438 10.000000000
v 42.495776626 -1.327649157 10.000000000
v 42.251199726 -1.560288194 10.000000000
v 41.970982781 -1.748482896 10.000000000
v 41.663107688 -1.886872596 10.000000000
v 41.336344175 -1.971515305 10.000000000
v 41.000000000 -2.000000000 10.000000000
v 40.663655825 -1.971515305 10.000000000
v 40.336892312 -1.886872596 10.000000000
v 40.029017219 -1.748482896 10.000000000
v 39.748800274 -1.560288194 10.000000000
v 39.504223373 -1.327649157 10.000000000
v 39.302253214 -1.057192438 10.000000000
v 39.148642855 -0.756621915 10.000000000
v 39.047767841 -0.434499247 10.000000000
v 39.002501564 -0.100000000 10.000000000
v 35.999861111 -0.100000000 10.000000000
v -35.999861111 -0.100000000 10.000000000
v -35.437535638 -6.338853830 10.000000000
v -33.802253816 -12.385783664 10.000000000
v -31.143527721 -18.057704204 10.000000000
v -27.541856660 -23.182884457 10.000000000
v -23.106289859 -27.606147304 10.000000000
v -17.971124737 -31.193567857 10.000000000
v -12.291840730 -33.836528360 10.000000000
v -6.240391776 -35.455006846 10.000000000
v -0.000000000 -36.000000000 10.000000000
v 6.240391776 -35.455006846 10.000000000
v 12.291840730 -33.836528360 10.000000000
v 17.971124737 -31.193567857 10.000000000
v 23.106289859 -27.606147304 10.000000000
v 27.541856660 -23.182884457 10.000000000
v 31.143527721 -18.057704204 10.000000000
v 33.802253816 -12.385783664 10.000000000
v 35.437535638 -6.338853831 10.000000000
v -39.002501564 -0.100000000 10.000000000
v -39.047767841 -0.434499247 10.000000000
v -39.148642855 -0.756621915 10.000000000
v -39.302253214 -1.057192438 10.000000000
v -39.504223373 -1.327649157 10.000000000
v -39.748800274 -1.560288194 10.000000000
v -40.029017219 -1.748482896 10.000000000
v -40.336892312 -1.886872596 10.000000000
v -40.663655825 -1.971515305 10.000000000
v -41.000000000 -2.000000000 10.000000000
v -41.336344175 -1.971515305 10.000000000
v -41.663107688 -1.886872596 10.000000000
v -41.970982781 -1.748482896 10.000000000
v -42.251199726 -1.560288194 10.000000000
v -42.495776626 -1.327649157 10.000000000
v -42.697746786 -1.057192438 10.000000000
v -42.851357145 -0.756621915 10.000000000
v -42.952232159 -0.434499247 10.000000000
v -42.997498436 -0.100000000 10.000000000
v 0.000000000 -43.000000000 10.000000000
v -0.347296355 -42.969615506 10.000000000
v -0.684040287 -42.879385242 10.000000000
v -1.000000000 -42.732050808 10.000000000
v -1.285575219 -42.532088886 10.000000000
v -1.532088886 -42.285575219 10.000000000
v -1.732050808 -42.000000000 10.000000000
v -1.879385242 -41.684040287 10.000000000
v -1.969615506 -41.347296355 10.000000000
v -2.000000000 -41.000000000 10.000000000
v -1.969615506 -40.652703645 10.000000000
v -1.879385242 -40.315959713 10.000000000
v -1.732050808 -40.000000000 10.000000000
v -1.532088886 -39.714424781 10.000000000
v -1.285575219 -39.467911114 10.000000000
v -1.000000000 -39.267949192 10.000000000
v -0.684040287 -39.120614758 10.000000000
v -0.347296355 -39.030384494 10.000000000
v -0.000000000 -39.000000000 10.000000000
v 0.347296355 -39.030384494 10.000000000
v 0.684040287 -39.120614758 10.000000000
v 1.000000000 -39.267949192 10.000000000
v 1.285575219 -39.467911114 10.000000000
v 1.532088886 -39.714424781 10.000000000
v 1.732050808 -40.000000000 10.000000000
v 1.879385242 -40.315959713 10.000000000
v 1.969615506 -40.652703645 10.000000000
v 2.000000000 -41.000000000 10.000000000
v 1.969615506 -41.347296355 10.000000000
v 1.879385242 -41.684040287 10.000000000
v 1.732050808 -42.000000000 10.000000000
v 1.532088886 -42.285575219 10.000000000
v 1.285575219 -42.532088886 10.000000000
v 1.000000000 -42.732050808 10.000000000
v 0.684040287 -42.879385242 10.000000000
v 0.347296355 -42.969615506 10.000000000
v 42.997498436 -0.100000000 10.000000000
v 42.952232159 -0.434499247 10.000000000
v 42.851357145 -0.756621915 10.000000000
v 42.697746786 -1.057192438 10.000000000
v 42.495776626 -1.327649157 10.000000000
v 42.251199726 -1.560288194 10.000000000
v 41.970982781 -1.748482896 10.000000000
v 41.663107688 -1.886872596 10.000000000
v 41.336344175 -1.971515305 10.000000000
v 41.000000000 -2.000000000 10.000000000
v 40.663655825 -1.971515305 10.000000000
v 40.336892312 -1.886872596 10.000000000
v 40.029017219 -1.748482896 10.000000000
v 39.748800274 -1.560288194 10.000000000
v 39.504223373 -1.327649157 10.000000000
v 39.302253214 -1.057192438 10.000000000
v 39.148642855 -0.756621915 10.000000000
v 39.047767841 -0.434499247 10.000000000
v 39.002501564 -0.100000000 10.000000000
v 39.002501564 -0.100000000 1.000000000
v 42.997498436 -0.100000000 1.000000000
v 42.952232159 -0.434499247 1.000000000
v 42.851357145 -0.756621915 1.000000000
v 42.697746786 -1.057192438 1.000000000
v 42.495776626 -1.327649157 1.000000000
v 42.251199726 -1.560288194 1.000000000
v 41.970982781 -1.748482896 1.000000000
v 41.663107688 -1.886872596 1.000000000
v 41.336344175 -1.971515305 1.000000000
v 41.000000000 -2.000000000 1.000000000
v 40.663655825 -1.971515305 1.000000000
v 40.336892312 -1.886872596 1.000000000
v 40.029017219 -1.748482896 1.000000000
v 39.748800274 -1.560288194 1.000000000
v 39.504223373 -1.327649157 1.000000000
v 39.302253214 -1.057192438 1.000000000
v 39.148642855 -0.756621915 1.000000000
v 39.047767841 -0.434499247 1.000000000
v -60.000000000 -0.100000000 -63.999843750
v -60.000000000 -5.644258744 -63.498291116
v -60.000000000 -11.017699509 -62.043473460
v -60.000000000 -16.057700357 -59.679419417
v -60.000000000 -20.611730584 -56.477674774
v -60.000000000 -24.541966912 -52.535137207
v -60.000000000 -27.729464577 -47.971123764
v -60.000000000 -30.077757074 -42.923759857
v -60.000000000 -31.515775624 -37.545799024
v -60.000000000 -32.000000000 -32.000000000
v -60.000000000 -31.515775624 -26.454200976
v -60.000000000 -30.077757074 -21.076240143
v -60.000000000 -27.729464577 -16.028876236
v -60.000000000 -24.541966912 -11.464862793
v -60.000000000 -20.611730584 -7.522325226
v -60.000000000 -16.057700357 -4.320580583
v -60.000000000 -11.017699509 -1.956526540
v -60.000000000 -5.644258744 -0.501708884
v -60.000000000 -0.100000000 -0.000156250
v -60.000000000 -0.100000000 10.000000000
v -60.000000000 -50.000000000 10.000000000
v -60.000000000 -50.000000000 -70.000000000
v -60.000000000 -0.100000000 -70.000000000
v 42.997498436 -0.100000000 1.000000000
v 42.952232159 -0.434499247 1.000000000
v 42.851357145 -0.756621915 1.000000000
v 42.697746786 -1.057192438 1.000000000
v 42.495776626 -1.327649157 1.000000000
v 42.251199726 -1.560288194 1.000000000
v 41.970982781 -1.748482896 1.000000000
v 41.663107688 -1.886872596 1.000000000
v 41.336344175 -1.971515305 1.000000000
v 41.000000000 -2.000000000 1.000000000
v 40.663655825 -1.971515305 1.000000000
v 40.336892312 -1.886872596 1.000000000
v 40.029017219 -1.748482896 1.000000000
v 39.748800274 -1.560288194 1.000000000
v 39.504223373 -1.327649157 1.000000000
v 39.302253214 -1.057192438 1.000000000
v 39.148642855 -0.756621915 1.000000000
v 39.047767841 -0.434499247 1.000000000
v 39.002501564 -0.100000000 1.000000000
v -60.000000000 -50.000000000 -70.000000000
v -60.000000000 -0.100000000 -70.000000000
v 50.000000000 -50.000000000 -70.000000000
v 50.000000000 -0.100000000 -70.000000000
v 50.000000000 -50.000000000 10.000000000
v 50.000000000 -0.100000000 10.000000000
v 50.000000000 -50.000000000 -70.000000000
v 50.000000000 -0.100000000 -70.000000000
v -46.000000000 -40.000000000 -63.400000000
v -46.000000000 -40.000000000 -0.400000000
v 42.000000000 -40.000000000 -0.400000000
v 42.000000000 -40.000000000 -63.400000000
v 42.000000000 -39.000000000 -64.400000000
v 42.000000000 -39.170923144 -64.385284299
v 42.000000000 -39.336815915 -64.341570536
v 42.000000000 -39.492795719 -64.270145088
v 42.000000000 -39.634271831 -64.173110070
v 42.000000000 -39.757080551 -64.053321480
v 42.000000000 -39.857607482 -63.914304857
v 42.000000000 -39.932893857 -63.760151514
v 42.000000000 -39.980723890 -63.595398386
v 42.000000000 -39.995169275 -63.498173424
v 42.000000000 -40.000000000 -63.400000000
v 43.000000000 -39.000000000 -63.400000000
v 42.985284299 -39.170923144 -63.400000000
v 42.941570536 -39.336815915 -63.400000000
v 42.870145088 -39.492795719 -63.400000000
v 42.773110070 -39.634271831 -63.400000000
v 42.653321480 -39.757080551 -63.400000000
v 42.514304857 -39.857607482 -63.400000000
v 42.360151514 -39.932893857 -63.400000000
v 42.195398386 -39.980723890 -63.400000000
v 42.098173424 -39.995169275 -63.400000000
v 42.170923144 -39.000000000 -64.385284299
v 42.336815915 -39.000000000 -64.341570536
v 42.492795719 -39.000000000 -64.270145088
v 42.634271831 -39.000000000 -64.173110070
v 42.757080551 -39.000000000 -64.053321480
v 42.857607482 -39.000000000 -63.914304857
v 42.932893857 -39.000000000 -63.760151514
v 42.980723890 -39.000000000 -63.595398386
v 42.995169275 -39.000000000 -63.498173424
v 42.178704382 -39.041569520 -64.382428004
v 42.135823179 -39.111439023 -64.384070780
v 42.522092086 -39.117016235 -64.241683983
v 42.080529310 -39.157519820 -64.383523188
v 42.041569520 -39.178704382 -64.382428004
v 42.405879702 -39.327051282 -64.251898342
v 42.798507843 -39.178475720 -63.967248562
v 42.230292776 -39.470117954 -64.248493556
v 42.117016235 -39.522092086 -64.241683983
v 42.632894753 -39.507113926 -63.978926876
v 42.954856764 -39.214387285 -63.597568229
v 42.353481430 -39.730066993 -63.975034105
v 42.178475720 -39.798507843 -63.967248562
v 42.764968633 -39.609460246 -63.600046185
v 42.422399797 -39.881652849 -63.599220199
v 42.214387285 -39.954856764 -63.597568229
v -47.000000000 -39.000000000 -63.400000000
v -47.000000000 -39.000000000 -0.400000000
v -46.985284299 -39.170923144 -63.400000000
v -46.941570536 -39.336815915 -63.400000000
v -46.870145088 -39.492795719 -63.400000000
v -46.773110070 -39.634271831 -63.400000000
v -46.653321480 -39.757080551 -63.400000000
v -46.514304857 -39.857607482 -63.400000000
v -46.360151514 -39.932893857 -63.400000000
v -46.195398386 -39.980723890 -63.400000000
v -46.098173424 -39.995169275 -63.400000000
v -46.000000000 -40.000000000 -63.400000000
v -46.000000000 -40.000000000 -0.400000000
v -46.985284299 -39.170923144 -0.400000000
v -46.941570536 -39.336815915 -0.400000000
v -46.870145088 -39.492795719 -0.400000000
v -46.773110070 -39.634271831 -0.400000000
v -46.653321480 -39.757080551 -0.400000000
v -46.514304857 -39.857607482 -0.400000000
v -46.360151514 -39.932893857 -0.400000000
v -46.195398386 -39.980723890 -0.400000000
v -46.098173424 -39.995169275 -0.400000000
v -47.000000000 -5.043808085 -0.400000000
v -46.916583294 -0.100000000 -0.000156250
v -47.000000000 -39.000000000 -0.400000000
v -46.000000000 -39.000000000 0.600000000
v -46.170923144 -39.000000000 0.585284299
v -46.336815915 -39.000000000 0.541570536
v -46.492795719 -39.000000000 0.470145088
v -46.634271831 -39.000000000 0.373110070
v -46.757080551 -39.000000000 0.253321480
v -46.857607482 -39.000000000 0.114304857
v -46.932893857 -39.000000000 -0.039848486
v -46.980723890 -39.000000000 -0.204601614
v -46.995169275 -39.000000000 -0.301826576
v -46.000000000 -0.100000000 0.600000000
v -46.838112728 -0.100000000 0.145497072
v -46.736700885 -0.100000000 0.276218756
v -46.615123682 -0.100000000 0.388430629
v -46.476708993 -0.100000000 0.479061167
v -46.325245578 -0.100000000 0.545629586
v -46.164879371 -0.100000000 0.586313740
v -46.916583294 -0.100000000 -0.000156250
v -60.000000000 -0.100000000 -0.000156250
v -60.000000000 -0.100000000 10.000000000
v -42.997498436 -0.100000000 10.000000000
v -42.997498436 -0.100000000 1.000000000
v -39.002501564 -0.100000000 1.000000000
v -39.002501564 -0.100000000 10.000000000
v -35.999861111 -0.100000000 10.000000000
v -35.999861111 -0.100000000 0.600000000
v -46.000000000 -0.100000000 0.600000000
v -46.838112728 -0.100000000 0.145497072
v -46.736700885 -0.100000000 0.276218756
v -46.615123682 -0.100000000 0.388430629
v -46.476708993 -0.100000000 0.479061167
v -46.325245578 -0.100000000 0.545629586
v -46.164879371 -0.100000000 0.586313740
v 43.000000000 -39.000000000 -63.400000000
v 42.985284299 -39.170923144 -63.400000000
v 42.941570536 -39.336815915 -63.400000000
v 42.870145088 -39.492795719 -63.400000000
v 42.773110070 -39.634271831 -63.400000000
v 42.653321480 -39.757080551 -63.400000000
v 42.514304857 -39.857607482 -63.400000000
v 42.360151514 -39.932893857 -63.400000000
v 42.195398386 -39.980723890 -63.400000000
v 42.098173424 -39.995169275 -63.400000000
v 42.000000000 -40.000000000 -63.400000000
v 43.000000000 -39.000000000 -0.400000000
v 42.985284299 -39.170923144 -0.400000000
v 42.941570536 -39.336815915 -0.400000000
v 42.870145088 -39.492795719 -0.400000000
v 42.773110070 -39.634271831 -0.400000000
v 42.653321480 -39.757080551 -0.400000000
v 42.514304857 -39.857607482 -0.400000000
v 42.360151514 -39.932893857 -0.400000000
v 42.195398386 -39.980723890 -0.400000000
v 42.098173424 -39.995169275 -0.400000000
v 42.000000000 -40.000000000 -0.400000000
v 42.000000000 -39.000000000 0.600000000
v 42.000000000 -39.170923144 0.585284299
v 42.000000000 -39.336815915 0.541570536
v 42.000000000 -39.492795719 0.470145088
v 42.000000000 -39.634271831 0.373110070
v 42.000000000 -39.757080551 0.253321480
v 42.000000000 -39.857607482 0.114304857
v 42.000000000 -39.932893857 -0.039848486
v 42.000000000 -39.980723890 -0.204601614
v 42.000000000 -39.995169275 -0.301826576
v 42.000000000 -40.000000000 -0.400000000
v 43.000000000 -39.000000000 -0.400000000
v 42.985284299 -39.170923144 -0.400000000
v 42.941570536 -39.336815915 -0.400000000
v 42.870145088 -39.492795719 -0.400000000
v 42.773110070 -39.634271831 -0.400000000
v 42.653321480 -39.757080551 -0.400000000
v 42.514304857 -39.857607482 -0.400000000
v 42.360151514 -39.932893857 -0.400000000
v 42.195398386 -39.980723890 -0.400000000
v 42.098173424 -39.995169275 -0.400000000
v 42.170923144 -39.000000000 0.585284299
v 42.336815915 -39.000000000 0.541570536
v 42.492795719 -39.000000000 0.470145088
v 42.634271831 -39.000000000 0.373110070
v 42.757080551 -39.000000000 0.253321480
v 42.857607482 -39.000000000 0.114304857
v 42.932893857 -39.000000000 -0.039848486
v 42.980723890 -39.000000000 -0.204601614
v 42.995169275 -39.000000000 -0.301826576
v 42.178704382 -39.041569520 0.582428004
v 42.135823179 -39.111439023 0.584070780
v 42.522092086 -39.117016235 0.441683983
v 42.080529310 -39.157519820 0.583523188
v 42.041569520 -39.178704382 0.582428004
v 42.405879702 -39.327051282 0.451898342
v 42.798507843 -39.178475720 0.167248562
v 42.230292776 -39.470117954 0.448493556
v 42.117016235 -39.522092086 0.441683983
v 42.632894753 -39.507113926 0.178926876
v 42.954856764 -39.214387285 -0.202431771
v 42.353481430 -39.730066993 0.175034105
v 42.178475720 -39.798507843 0.167248562
v 42.764968633 -39.609460246 -0.199953815
v 42.422399797 -39.881652849 -0.200779801
v 42.214387285 -39.954856764 -0.202431771
v -46.000000000 -39.000000000 0.600000000
v 42.000000000 -39.000000000 0.600000000
v -46.000000000 -39.170923144 0.585284299
v -46.000000000 -39.336815915 0.541570536
v -46.000000000 -39.492795719 0.470145088
v -46.000000000 -39.634271831 0.373110070
v -46.000000000 -39.757080551 0.253321480
v -46.000000000 -39.857607482 0.114304857
v -46.000000000 -39.932893857 -0.039848486
v -46.000000000 -39.980723890 -0.204601614
v -46.000000000 -39.995169275 -0.301826576
v -46.000000000 -40.000000000 -0.400000000
v 42.000000000 -40.000000000 -0.400000000
v 42.000000000 -39.170923144 0.585284299
v 42.000000000 -39.336815915 0.541570536
v 42.000000000 -39.492795719 0.470145088
v 42.000000000 -39.634271831 0.373110070
v 42.000000000 -39.757080551 0.253321480
v 42.000000000 -39.857607482 0.114304857
v 42.000000000 -39.932893857 -0.039848486
v 42.000000000 -39.980723890 -0.204601614
v 42.000000000 -39.995169275 -0.301826576
v 0.000000000 -43.000000000 10.000000000
v 0.000000000 -43.000000000 1.000000000
v 0.000000000 -43.000000000 1.000000000
v -0.347296355 -42.969615506 1.000000000
v -0.684040287 -42.879385242 1.000000000
v -1.000000000 -42.732050808 1.000000000
v -1.285575219 -42.532088886 1.000000000
v -1.532088886 -42.285575219 1.000000000
v -1.732050808 -42.000000000 1.000000000
v -1.879385242 -41.684040287 1.000000000
v -1.969615506 -41.347296355 1.000000000
v -2.000000000 -41.000000000 1.000000000
v -1.969615506 -40.652703645 1.000000000
v -1.879385242 -40.315959713 1.000000000
v -1.732050808 -40.000000000 1.000000000
v -1.532088886 -39.714424781 1.000000000
v -1.285575219 -39.467911114 1.000000000
v -1.000000000 -39.267949192 1.000000000
v -0.684040287 -39.120614758 1.000000000
v -0.347296355 -39.030384494 1.000000000
v -0.000000000 -39.000000000 1.000000000
v 0.347296355 -39.030384494 1.000000000
v 0.684040287 -39.120614758 1.000000000
v 1.000000000 -39.267949192 1.000000000
v 1.285575219 -39.467911114 1.000000000
v 1.532088886 -39.714424781 1.000000000
v 1.732050808 -40.000000000 1.000000000
v 1.879385242 -40.315959713 1.000000000
v 1.969615506 -40.652703645 1.000000000
v 2.000000000 -41.000000000 1.000000000
v 1.969615506 -41.347296355 1.000000000
v 1.879385242 -41.684040287 1.000000000
v 1.732050808 -42.000000000 1.000000000
v 1.532088886 -42.285575219 1.000000000
v 1.285575219 -42.532088886 1.000000000
v 1.000000000 -42.732050808 1.000000000
v 0.684040287 -42.879385242 1.000000000
v 0.347296355 -42.969615506 1.000000000
v 0.000000000 -43.000000000 10.000000000
v -0.347296355 -42.969615506 10.000000000
v -0.684040287 -42.879385242 10.000000000
v -1.000000000 -42.732050808 10.000000000
v -1.285575219 -42.532088886 10.000000000
v -1.532088886 -42.285575219 10.000000000
v -1.732050808 -42.000000000 10.000000000
v -1.879385242 -41.684040287 10.000000000
v -1.969615506 -41.347296355 10.000000000
v -2.000000000 -41.000000000 10.000000000
v -1.969615506 -40.652703645 10.000000000
v -1.879385242 -40.315959713 10.000000000
v -1.732050808 -40.000000000 10.000000000
v -1.532088886 -39.714424781 10.000000000
v -1.285575219 -39.467911114 10.000000000
v -1.000000000 -39.267949192 10.000000000
v -0.684040287 -39.120614758 10.000000000
v -0.347296355 -39.030384494 10.000000000
v -0.000000000 -39.000000000 10.000000000
v 0.347296355 -39.030384494 10.000000000
v 0.684040287 -39.120614758 10.000000000
v 1.000000000 -39.267949192 10.000000000
v 1.285575219 -39.467911114 10.000000000
v 1.532088886 -39.714424781 10.000000000
v 1.732050808 -40.000000000 10.000000000
v 1.879385242 -40.315959713 10.000000000
v 1.969615506 -40.652703645 10.000000000
v 2.000000000 -41.000000000 10.000000000
v 1.969615506 -41.347296355 10.000000000
v 1.879385242 -41.684040287 10.000000000
v 1.732050808 -42.000000000 10.000000000
v 1.532088886 -42.285575219 10.000000000
v 1.285575219 -42.532088886 10.000000000
v 1.000000000 -42.732050808 10.000000000
v 0.684040287 -42.879385242 10.000000000
v 0.347296355 -42.969615506 10.000000000
v -60.000000000 -50.000000000 -70.000000000
v 50.000000000 -50.000000000 -70.000000000
v -60.000000000 -50.000000000 10.000000000
v 50.000000000 -50.000000000 10.000000000
v -39.002501564 -0.100000000 10.000000000
v -39.047767841 -0.434499247 10.000000000
v -39.148642855 -0.756621915 10.000000000
v -39.302253214 -1.057192438 10.000000000
v -39.504223373 -1.327649157 10.000000000
v -39.748800274 -1.560288194 10.000000000
v -40.029017219 -1.748482896 10.000000000
v -40.336892312 -1.886872596 10.000000000
v -40.663655825 -1.971515305 10.000000000
v -41.000000000 -2.000000000 10.000000000
v -41.336344175 -1.971515305 10.000000000
v -41.663107688 -1.886872596 10.000000000
v -41.970982781 -1.748482896 10.000000000
v -42.251199726 -1.560288194 10.000000000
v -42.495776626 -1.327649157 10.000000000
v -42.697746786 -1.057192438 10.000000000
v -42.851357145 -0.756621915 10.000000000
v -42.952232159 -0.434499247 10.000000000
v -42.997498436 -0.100000000 10.000000000
v -42.997498436 -0.100000000 1.000000000
v -39.002501564 -0.100000000 1.000000000
v -39.047767841 -0.434499247 1.000000000
v -39.148642855 -0.756621915 1.000000000
v -39.302253214 -1.057192438 1.000000000
v -39.504223374 -1.327649157 1.000000000
v -39.748800274 -1.560288194 1.000000000
v -40.029017219 -1.748482896 1.000000000
v -40.336892312 -1.886872596 1.000000000
v -40.663655825 -1.971515305 1.000000000
v -41.000000000 -2.000000000 1.000000000
v -41.336344175 -1.971515305 1.000000000
v -41.663107688 -1.886872596 1.000000000
v -41.970982781 -1.748482896 1.000000000
v -42.251199726 -1.560288194 1.000000000
v -42.495776626 -1.327649157 1.000000000
v -42.697746786 -1.057192438 1.000000000
v -42.851357145 -0.756621915 1.000000000
v -42.952232159 -0.434499247 1.000000000
v -46.000000000 -39.000000000 0.600000000
v -46.000000000 -39.170923144 0.585284299
v -46.000000000 -39.336815915 0.541570536
v -46.000000000 -39.492795719 0.470145088
v -46.000000000 -39.634271831 0.373110070
v -46.000000000 -39.757080551 0.253321480
v -46.000000000 -39.857607482 0.114304857
v -46.000000000 -39.932893857 -0.039848486
v -46.000000000 -39.980723890 -0.204601614
v -46.000000000 -39.995169275 -0.301826576
v -46.000000000 -40.000000000 -0.400000000
v -47.000000000 -39.000000000 -0.400000000
v -46.985284299 -39.170923144 -0.400000000
v -46.941570536 -39.336815915 -0.400000000
v -46.870145088 -39.492795719 -0.400000000
v -46.773110070 -39.634271831 -0.400000000
v -46.653321480 -39.757080551 -0.400000000
v -46.514304857 -39.857607482 -0.400000000
v -46.360151514 -39.932893857 -0.400000000
v -46.195398386 -39.980723890 -0.400000000
v -46.098173424 -39.995169275 -0.400000000
v -46.170923144 -39.000000000 0.585284299
v -46.336815915 -39.000000000 0.541570536
v -46.492795719 -39.000000000 0.470145088
v -46.634271831 -39.000000000 0.373110070
v -46.757080551 -39.000000000 0.253321480
v -46.857607482 -39.000000000 0.114304857
v -46.932893857 -39.000000000 -0.039848486
v -46.980723890 -39.000000000 -0.204601614
v -46.995169275 -39.000000000 -0.301826576
v -46.178704382 -39.041569520 0.582428004
v -46.135823179 -39.111439023 0.584070780
v -46.522092086 -39.117016235 0.441683983
v -46.080529310 -39.157519820 0.583523188
v -46.041569520 -39.178704382 0.582428004
v -46.405879702 -39.327051282 0.451898342
v -46.798507843 -39.178475720 0.167248562
v -46.230292776 -39.470117954 0.448493556
v -46.117016235 -39.522092086 0.441683983
v -46.632894753 -39.507113926 0.178926876
v -46.954856764 -39.214387285 -0.202431771
v -46.353481430 -39.730066993 0.175034105
v -46.178475720 -39.798507843 0.167248562
v -46.764968633 -39.609460246 -0.199953815
v -46.422399797 -39.881652849 -0.200779801
v -46.214387285 -39.954856764 -0.202431771
v -39.002501564 -0.100000000 1.000000000
v -39.047767841 -0.434499247 1.000000000
v -39.148642855 -0.756621915 1.000000000
v -39.302253214 -1.057192438 1.000000000
v -39.504223374 -1.327649157 1.000000000
v -39.748800274 -1.560288194 1.000000000
v -40.029017219 -1.748482896 1.000000000
v -40.336892312 -1.886872596 1.000000000
v -40.663655825 -1.971515305 1.000000000
v -41.000000000 -2.000000000 1.000000000
v -41.336344175 -1.971515305 1.000000000
v -41.663107688 -1.886872596 1.000000000
v -41.970982781 -1.748482896 1.000000000
v -42.251199726 -1.560288194 1.000000000
v -42.495776626 -1.327649157 1.000000000
v -42.697746786 -1.057192438 1.000000000
v -42.851357145 -0.756621915 1.000000000
v -42.952232159 -0.434499247 1.000000000
v -42.997498436 -0.100000000 1.000000000
v 0.000000000 -43.000000000 1.000000000
v -0.347296355 -42.969615506 1.000000000
v -0.684040287 -42.879385242 1.000000000
v -1.000000000 -42.732050808 1.000000000
v -1.285575219 -42.532088886 1.000000000
v -1.532088886 -42.285575219 1.000000000
v -1.732050808 -42.000000000 1.000000000
v -1.879385242 -41.684040287 1.000000000
v -1.969615506 -41.347296355 1.000000000
v -2.000000000 -41.000000000 1.000000000
v -1.969615506 -40.652703645 1.000000000
v -1.879385242 -40.315959713 1.000000000
v -1.732050808 -40.000000000 1.000000000
v -1.532088886 -39.714424781 1.000000000
v -1.285575219 -39.467911114 1.000000000
v -1.000000000 -39.267949192 1.000000000
v -0.684040287 -39.120614758 1.000000000
v -0.347296355 -39.030384494 1.000000000
v -0.000000000 -39.000000000 1.000000000
v 0.347296355 -39.030384494 1.000000000
v 0.684040287 -39.120614758 1.000000000
v 1.000000000 -39.267949192 1.000000000
v 1.285575219 -39.467911114 1.000000000
v 1.532088886 -39.714424781 1.000000000
v 1.732050808 -40.000000000 1.000000000
v 1.879385242 -40.315959713 1.000000000
v 1.969615506 -40.652703645 1.000000000
v 2.000000000 -41.000000000 1.000000000
v 1.969615506 -41.347296355 1.000000000
v 1.879385242 -41.684040287 1.000000000
v 1.732050808 -42.000000000 1.000000000
v 1.532088886 -42.285575219 1.000000000
v 1.285575219 -42.532088886 1.000000000
v 1.000000000 -42.732050808 1.000000000
v 0.684040287 -42.879385242 1.000000000
v 0.347296355 -42.969615506 1.000000000
v 35.000000000 -5.000000000 80.000000000
v 35.000000000 -0.100000000 80.000000000
v 35.000000000 -5.000000000 31.000000000
v 35.000000000 -0.100000000 31.000000000
v 35.000000000 -0.100000000 38.002501564
v 35.000000000 -0.434499247 38.047767841
v 35.000000000 -0.756621915 38.148642855
v 35.000000000 -1.057192438 38.302253214
v 35.000000000 -1.327649157 38.504223374
v 35.000000000 -1.560288194 38.748800274
v 35.000000000 -1.748482896 39.029017219
v 35.000000000 -1.886872596 39.336892312
v 35.000000000 -1.971515305 39.663655825
v 35.000000000 -2.000000000 40.000000000
v 35.000000000 -1.971515305 40.336344175
v 35.000000000 -1.886872596 40.663107688
v 35.000000000 -1.748482896 40.970982781
v 35.000000000 -1.560288194 41.251199726
v 35.000000000 -1.327649157 41.495776626
v 35.000000000 -1.057192438 41.697746786
v 35.000000000 -0.756621915 41.851357145
v 35.000000000 -0.434499247 41.952232159
v 35.000000000 -0.100000000 41.997498436
v 35.000000000 -5.000000000 80.000000000
v 35.000000000 -0.100000000 80.000000000
v 25.999807692 -0.100000000 80.000000000
v -25.999807692 -0.100000000 80.000000000
v -25.589416538 -4.602364746 80.000000000
v -24.405297229 -8.965571213 80.000000000
v -22.483253100 -13.057692371 80.000000000
v -19.881399569 -16.754997797 80.000000000
v -16.678406947 -19.945694816 80.000000000
v -12.971121739 -22.533308697 80.000000000
v -8.871638371 -24.439599682 80.000000000
v -4.503909872 -25.606928669 80.000000000
v -0.000000000 -26.000000000 80.000000000
v 4.503909872 -25.606928669 80.000000000
v 8.871638371 -24.439599682 80.000000000
v 12.971121739 -22.533308697 80.000000000
v 16.678406947 -19.945694816 80.000000000
v 19.881399569 -16.754997797 80.000000000
v 22.483253100 -13.057692371 80.000000000
v 24.405297229 -8.965571213 80.000000000
v 25.589416538 -4.602364746 80.000000000
v -35.999861111 -0.100000000 80.000000000
v -35.484606631 -6.069818142 80.000000000
v -33.986291213 -11.871478829 80.000000000
v -31.546423994 -17.344253608 80.000000000
v -28.232598738 -22.336525435 80.000000000
v -24.136621230 -26.709989060 80.000000000
v -19.371965900 -30.343482614 80.000000000
v -14.070632141 -33.136344264 80.000000000
v -8.379487414 -35.011200932 80.000000000
v -2.456198456 -35.916111832 80.000000000
v 3.535136706 -35.826007431 80.000000000
v 9.428534899 -34.743383970 80.000000000
v 15.060726185 -32.698234307 80.000000000
v 20.275677067 -29.747217004 80.000000000
v 24.928913222 -25.972086662 80.000000000
v 28.891522001 -21.477429001 80.000000000
v 32.053723803 -16.387763433 80.000000000
v 34.327913401 -10.844093395 80.000000000
v 35.651086940 -5.000000000 80.000000000
v 35.000000000 -0.100000000 80.000000000
v 25.999807692 -0.100000000 80.000000000
v 35.000000000 -0.100000000 41.997498436
v 25.999807692 -0.100000000 41.997498416
v 35.000000000 -5.000000000 31.000000000
v 35.000000000 -5.000000000 80.000000000
v 35.651086940 -5.000000000 80.000000000
v 35.651086940 -5.000000000 31.000000000
v 35.000000000 -2.000000000 40.000000000
v 35.000000000 -1.971515305 40.336344175
v 35.000000000 -1.886872596 40.663107688
v 35.000000000 -1.748482896 40.970982781
v 35.000000000 -1.560288194 41.251199726
v 35.000000000 -1.327649157 41.495776626
v 35.000000000 -1.057192438 41.697746786
v 35.000000000 -0.756621915 41.851357145
v 35.000000000 -0.434499247 41.952232159
v 35.000000000 -0.100000000 41.997498436
v 25.999807692 -0.100000000 41.997498416
v 25.996451434 -0.429549660 41.953327204
v 25.991187094 -0.676899077 41.881968805
v 25.985100359 -0.880090464 41.795951192
v 25.978635717 -1.053796039 41.699856973
v 25.969718038 -1.254489753 41.557643994
v 25.959526076 -1.450174443 41.377314037
v 25.949372481 -1.621748393 41.170441107
v 25.939507945 -1.772548322 40.926322773
v 25.930397503 -1.901179986 40.620898871
v 25.925410117 -1.968021921 40.356215826
v 25.923564133 -1.992190419 40.176571556
v 25.922962794 -2.000000000 40.000000000
v 35.000000000 -5.000000000 31.000000000
v 35.000000000 -0.100000000 31.000000000
v 35.651086940 -5.000000000 31.000000000
v 35.841680697 -3.372524991 31.000000000
v 35.958019096 -1.738062920 31.000000000
v 35.999861111 -0.100000000 31.000000000
v 35.000000000 -0.100000000 38.002501564
v 35.000000000 -0.434499247 38.047767841
v 35.000000000 -0.756621915 38.148642855
v 35.000000000 -1.057192438 38.302253214
v 35.000000000 -1.327649157 38.504223374
v 35.000000000 -1.560288194 38.748800274
v 35.000000000 -1.748482896 39.029017219
v 35.000000000 -1.886872596 39.336892312
v 35.000000000 -1.971515305 39.663655825
v 35.000000000 -2.000000000 40.000000000
v 25.922962794 -2.000000000 40.000000000
v 25.924997918 -1.973444434 39.675166179
v 25.929276493 -1.916408249 39.427829704
v 25.934471976 -1.844766472 39.227448131
v 25.942051732 -1.734921314 39.004988578
v 25.951005450 -1.595404528 38.793897961
v 25.960144610 -1.439059417 38.611076674
v 25.969308556 -1.262938439 38.449198022
v 25.978334371 -1.061198619 38.304754658
v 25.986990221 -0.822398309 38.176909007
v 25.994774845 -0.521230114 38.069114390
v 25.997874185 -0.332472313 38.027828062
v 25.999807692 -0.100000000 38.002501570
v 35.999861111 -0.100000000 20.000000000
v 35.999861111 -0.100000000 31.000000000
v 37.001250195 -0.100000000 20.000000000
v 37.001250195 -0.100000000 17.000000000
v 39.002501564 -0.100000000 17.000000000
v 39.002501564 -0.100000000 10.000000000
v 35.999861111 -0.100000000 10.000000000
v 35.999861111 -0.100000000 0.000000000
v 25.999807692 -0.100000000 0.000000000
v 25.999807692 -0.100000000 38.002501570
v 35.000000000 -0.100000000 38.002501564
v 35.000000000 -0.100000000 31.000000000
v 25.922962794 -2.000000000 40.000000000
v 25.924997918 -1.973444434 39.675166179
v 25.929276493 -1.916408249 39.427829704
v 25.934471976 -1.844766472 39.227448131
v 25.942051732 -1.734921314 39.004988578
v 25.951005450 -1.595404528 38.793897961
v 25.960144610 -1.439059417 38.611076674
v 25.969308556 -1.262938439 38.449198022
v 25.978334371 -1.061198619 38.304754658
v 25.986990221 -0.822398309 38.176909007
v 25.994774845 -0.521230114 38.069114390
v 25.997874185 -0.332472313 38.027828062
v 25.999807692 -0.100000000 38.002501570
v 25.999807692 -0.100000000 41.997498416
v 25.996451434 -0.429549660 41.953327204
v 25.991187094 -0.676899077 41.881968805
v 25.985100359 -0.880090464 41.795951192
v 25.978635717 -1.053796039 41.699856973
v 25.969718038 -1.254489753 41.557643994
v 25.959526076 -1.450174443 41.377314037
v 25.949372481 -1.621748393 41.170441107
v 25.939507945 -1.772548322 40.926322773
v 25.930397503 -1.901179986 40.620898871
v 25.925410117 -1.968021921 40.356215826
v 25.923564133 -1.992190419 40.176571556
v 25.999807692 -0.100000000 80.000000000
v -25.999807692 -0.100000000 80.000000000
v -25.589416538 -4.602364746 80.000000000
v -24.405297229 -8.965571213 80.000000000
v -22.483253100 -13.057692371 80.000000000
v -19.881399569 -16.754997797 80.000000000
v -16.678406947 -19.945694816 80.000000000
v -12.971121739 -22.533308697 80.000000000
v -8.871638371 -24.439599682 80.000000000
v -4.503909872 -25.606928669 80.000000000
v -0.000000000 -26.000000000 80.000000000
v 4.503909872 -25.606928669 80.000000000
v 8.871638371 -24.439599682 80.000000000
v 12.971121739 -22.533308697 80.000000000
v 16.678406947 -19.945694816 80.000000000
v 19.881399569 -16.754997797 80.000000000
v 22.483253100 -13.057692371 80.000000000
v 24.405297229 -8.965571213 80.000000000
v 25.589416538 -4.602364746 80.000000000
v -25.999807692 -0.100000000 0.000000000
v -25.589416538 -4.602364746 0.000000000
v -24.405297229 -8.965571213 0.000000000
v -22.483253100 -13.057692371 0.000000000
v -19.881399569 -16.754997797 0.000000000
v -16.678406947 -19.945694816 0.000000000
v -12.971121739 -22.533308697 0.000000000
v -8.871638371 -24.439599682 0.000000000
v -4.503909872 -25.606928669 0.000000000
v -0.000000000 -26.000000000 0.000000000
v 4.503909872 -25.606928669 0.000000000
v 8.871638371 -24.439599682 0.000000000
v 12.971121739 -22.533308697 0.000000000
v 16.678406947 -19.945694816 0.000000000
v 19.881399569 -16.754997797 0.000000000
v 22.483253100 -13.057692371 0.000000000
v 24.405297229 -8.965571213 0.000000000
v 25.589416538 -4.602364746 0.000000000
v 25.999807692 -0.100000000 0.000000000
v 35.651086940 -5.000000000 31.000000000
v 35.841680697 -3.372524991 31.000000000
v 35.958019096 -1.738062920 31.000000000
v 35.999861111 -0.100000000 31.000000000
v 35.651086940 -5.000000000 80.000000000
v -35.999861111 -0.100000000 80.000000000
v -35.484606631 -6.069818142 80.000000000
v -33.986291213 -11.871478829 80.000000000
v -31.546423994 -17.344253608 80.000000000
v -28.232598738 -22.336525435 80.000000000
v -24.136621230 -26.709989060 80.000000000
v -19.371965900 -30.343482614 80.000000000
v -14.070632141 -33.136344264 80.000000000
v -8.379487414 -35.011200932 80.000000000
v -2.456198456 -35.916111832 80.000000000
v 3.535136706 -35.826007431 80.000000000
v 9.428534899 -34.743383970 80.000000000
v 15.060726185 -32.698234307 80.000000000
v 20.275677067 -29.747217004 80.000000000
v 24.928913222 -25.972086662 80.000000000
v 28.891522001 -21.477429001 80.000000000
v 32.053723803 -16.387763433 80.000000000
v 34.327913401 -10.844093395 80.000000000
v -35.999861111 -0.100000000 20.000000000
v -35.437535638 -6.338853830 20.000000000
v -33.802253816 -12.385783664 20.000000000
v -31.143527721 -18.057704204 20.000000000
v -27.541856660 -23.182884457 20.000000000
v -23.106289859 -27.606147304 20.000000000
v -17.971124737 -31.193567857 20.000000000
v -12.291840730 -33.836528360 20.000000000
v -6.240391776 -35.455006846 20.000000000
v -0.000000000 -36.000000000 20.000000000
v 6.240391776 -35.455006846 20.000000000
v 12.291840730 -33.836528360 20.000000000
v 17.971124737 -31.193567857 20.000000000
v 23.106289859 -27.606147304 20.000000000
v 27.541856660 -23.182884457 20.000000000
v 31.143527721 -18.057704204 20.000000000
v 33.802253816 -12.385783664 20.000000000
v 35.437535638 -6.338853831 20.000000000
v 35.999861111 -0.100000000 20.000000000
v -25.999807692 -0.100000000 80.000000000
v -35.999861111 -0.100000000 80.000000000
v -25.999807692 -0.100000000 0.000000000
v -35.999861111 -0.100000000 0.000000000
v -35.999861111 -0.100000000 10.000000000
v -39.002501564 -0.100000000 10.000000000
v -39.002501564 -0.100000000 17.000000000
v -37.001250195 -0.100000000 17.000000000
v -37.001250195 -0.100000000 20.000000000
v -35.999861111 -0.100000000 20.000000000
v -35.999861111 -0.100000000 20.000000000
v -35.437535638 -6.338853830 20.000000000
v -33.802253816 -12.385783664 20.000000000
v -31.143527721 -18.057704204 20.000000000
v -27.541856660 -23.182884457 20.000000000
v -23.106289859 -27.606147304 20.000000000
v -17.971124737 -31.193567857 20.000000000
v -12.291840730 -33.836528360 20.000000000
v -6.240391776 -35.455006846 20.000000000
v -0.000000000 -36.000000000 20.000000000
v 6.240391776 -35.455006846 20.000000000
v 12.291840730 -33.836528360 20.000000000
v 17.971124737 -31.193567857 20.000000000
v 23.106289859 -27.606147304 20.000000000
v 27.541856660 -23.182884457 20.000000000
v 31.143527721 -18.057704204 20.000000000
v 33.802253816 -12.385783664 20.000000000
v 35.437535638 -6.338853831 20.000000000
v 35.999861111 -0.100000000 20.000000000
v -37.001250195 -0.100000000 20.000000000
v -37.077177531 -0.781961559 20.000000000
v -37.268542874 -1.440912114 20.000000000
v -37.569714862 -2.057460540 20.000000000
v -37.971830821 -2.613463492 20.000000000
v -38.463057572 -3.092559315 20.000000000
v -39.028939646 -3.480649520 20.000000000
v -39.652824670 -3.766313666 20.000000000
v -40.316353404 -3.941145434 20.000000000
v -41.000000000 -4.000000000 20.000000000
v -41.683646596 -3.941145434 20.000000000
v -42.347175330 -3.766313666 20.000000000
v -42.971060354 -3.480649520 20.000000000
v -43.536942428 -3.092559315 20.000000000
v -44.028169179 -2.613463492 20.000000000
v -44.430285138 -2.057460540 20.000000000
v -44.731457126 -1.440912114 20.000000000
v -44.922822469 -0.781961559 20.000000000
v -44.998749805 -0.100000000 20.000000000
v -45.999891304 -0.100000000 20.000000000
v -45.285636664 -8.075339741 20.000000000
v -43.199197192 -15.805991330 20.000000000
v -39.803793389 -23.057710898 20.000000000
v -35.202308242 -29.610766529 20.000000000
v -29.534169803 -35.266596292 20.000000000
v -22.971126428 -39.853824793 20.000000000
v -15.712042683 -43.233455965 20.000000000
v -7.976873623 -45.303084743 20.000000000
v -0.000000000 -46.000000000 20.000000000
v 7.976873623 -45.303084743 20.000000000
v 15.712042683 -43.233455966 20.000000000
v 22.971126428 -39.853824793 20.000000000
v 29.534169803 -35.266596292 20.000000000
v 35.202308242 -29.610766529 20.000000000
v 39.803793389 -23.057710898 20.000000000
v 43.199197192 -15.805991330 20.000000000
v 45.285636664 -8.075339741 20.000000000
v 45.999891304 -0.100000000 20.000000000
v 44.998749805 -0.100000000 20.000000000
v 44.922822469 -0.781961559 20.000000000
v 44.731457126 -1.440912114 20.000000000
v 44.430285138 -2.057460540 20.000000000
v 44.028169179 -2.613463492 20.000000000
v 43.536942428 -3.092559315 20.000000000
v 42.971060354 -3.480649520 20.000000000
v 42.347175330 -3.766313666 20.000000000
v 41.683646596 -3.941145434 20.000000000
v 41.000000000 -4.000000000 20.000000000
v 40.316353404 -3.941145434 20.000000000
v 39.652824670 -3.766313666 20.000000000
v 39.028939646 -3.480649520 20.000000000
v 38.463057572 -3.092559315 20.000000000
v 37.971830821 -2.613463492 20.000000000
v 37.569714862 -2.057460540 20.000000000
v 37.268542874 -1.440912114 20.000000000
v 37.077177531 -0.781961559 20.000000000
v 37.001250195 -0.100000000 20.000000000
v 0.000000000 -45.000000000 20.000000000
v -0.694592711 -44.939231012 20.000000000
v -1.368080573 -44.758770483 20.000000000
v -2.000000000 -44.464101615 20.000000000
v -2.571150439 -44.064177772 20.000000000
v -3.064177772 -43.571150439 20.000000000
v -3.464101615 -43.000000000 20.000000000
v -3.758770483 -42.368080573 20.000000000
v -3.939231012 -41.694592711 20.000000000
v -4.000000000 -41.000000000 20.000000000
v -3.939231012 -40.305407289 20.000000000
v -3.758770483 -39.631919427 20.000000000
v -3.464101615 -39.000000000 20.000000000
v -3.064177772 -38.428849561 20.000000000
v -2.571150439 -37.935822228 20.000000000
v -2.000000000 -37.535898385 20.000000000
v -1.368080573 -37.241229517 20.000000000
v -0.694592711 -37.060768988 20.000000000
v -0.000000000 -37.000000000 20.000000000
v 0.694592711 -37.060768988 20.000000000
v 1.368080573 -37.241229517 20.000000000
v 2.000000000 -37.535898385 20.000000000
v 2.571150439 -37.935822228 20.000000000
v 3.064177772 -38.428849561 20.000000000
v 3.464101615 -39.000000000 20.000000000
v 3.758770483 -39.631919427 20.000000000
v 3.939231012 -40.305407289 20.000000000
v 4.000000000 -41.000000000 20.000000000
v 3.939231012 -41.694592711 20.000000000
v 3.758770483 -42.368080573 20.000000000
v 3.464101615 -43.000000000 20.000000000
v 3.064177772 -43.571150439 20.000000000
v 2.571150439 -44.064177772 20.000000000
v 2.000000000 -44.464101615 20.000000000
v 1.368080573 -44.758770483 20.000000000
v 0.694592711 -44.939231012 20.000000000
v 44.998749805 -0.100000000 20.000000000
v 44.922822469 -0.781961559 20.000000000
v 44.731457126 -1.440912114 20.000000000
v 44.430285138 -2.057460540 20.000000000
v 44.028169179 -2.613463492 20.000000000
v 43.536942428 -3.092559315 20.000000000
v 42.971060354 -3.480649520 20.000000000
v 42.347175330 -3.766313666 20.000000000
v 41.683646596 -3.941145434 20.000000000
v 41.000000000 -4.000000000 20.000000000
v 40.316353404 -3.941145434 20.000000000
v 39.652824670 -3.766313666 20.000000000
v 39.028939646 -3.480649520 20.000000000
v 38.463057572 -3.092559315 20.000000000
v 37.971830821 -2.613463492 20.000000000
v 37.569714862 -2.057460540 20.000000000
v 37.268542874 -1.440912114 20.000000000
v 37.077177531 -0.781961559 20.000000000
v 37.001250195 -0.100000000 20.000000000
v 37.001250195 -0.100000000 17.000000000
v 44.998749805 -0.100000000 17.000000000
v 44.922822469 -0.781961559 17.000000000
v 44.731457126 -1.440912114 17.000000000
v 44.430285138 -2.057460540 17.000000000
v 44.028169179 -2.613463492 17.000000000
v 43.536942428 -3.092559315 17.000000000
v 42.971060354 -3.480649520 17.000000000
v 42.347175330 -3.766313666 17.000000000
v 41.683646596 -3.941145434 17.000000000
v 41.000000000 -4.000000000 17.000000000
v 40.316353404 -3.941145434 17.000000000
v 39.652824670 -3.766313666 17.000000000
v 39.028939646 -3.480649520 17.000000000
v 38.463057572 -3.092559315 17.000000000
v 37.971830821 -2.613463492 17.000000000
v 37.569714862 -2.057460540 17.000000000
v 37.268542874 -1.440912114 17.000000000
v 37.077177531 -0.781961559 17.000000000
v 44.998749805 -0.100000000 17.000000000
v 44.922822469 -0.781961559 17.000000000
v 44.731457126 -1.440912114 17.000000000
v 44.430285138 -2.057460540 17.000000000
v 44.028169179 -2.613463492 17.000000000
v 43.536942428 -3.092559315 17.000000000
v 42.971060354 -3.480649520 17.000000000
v 42.347175330 -3.766313666 17.000000000
v 41.683646596 -3.941145434 17.000000000
v 41.000000000 -4.000000000 17.000000000
v 40.316353404 -3.941145434 17.000000000
v 39.652824670 -3.766313666 17.000000000
v 39.028939646 -3.480649520 17.000000000
v 38.463057572 -3.092559315 17.000000000
v 37.971830821 -2.613463492 17.000000000
v 37.569714862 -2.057460540 17.000000000
v 37.268542874 -1.440912114 17.000000000
v 37.077177531 -0.781961559 17.000000000
v 37.001250195 -0.100000000 17.000000000
v 39.002501564 -0.100000000 17.000000000
v 42.997498436 -0.100000000 17.000000000
v 42.952232159 -0.434499247 17.000000000
v 42.851357145 -0.756621915 17.000000000
v 42.697746786 -1.057192438 17.000000000
v 42.495776626 -1.327649157 17.000000000
v 42.251199726 -1.560288194 17.000000000
v 41.970982781 -1.748482896 17.000000000
v 41.663107688 -1.886872596 17.000000000
v 41.336344175 -1.971515305 17.000000000
v 41.000000000 -2.000000000 17.000000000
v 40.663655825 -1.971515305 17.000000000
v 40.336892312 -1.886872596 17.000000000
v 40.029017219 -1.748482896 17.000000000
v 39.748800274 -1.560288194 17.000000000
v 39.504223374 -1.327649157 17.000000000
v 39.302253214 -1.057192438 17.000000000
v 39.148642855 -0.756621915 17.000000000
v 39.047767841 -0.434499247 17.000000000
v 42.997498436 -0.100000000 10.000000000
v 42.952232159 -0.434499247 10.000000000
v 42.851357145 -0.756621915 10.000000000
v 42.697746786 -1.057192438 10.000000000
v 42.495776626 -1.327649157 10.000000000
v 42.251199726 -1.560288194 10.000000000
v 41.970982781 -1.748482896 10.000000000
v 41.663107688 -1.886872596 10.000000000
v 41.336344175 -1.971515305 10.000000000
v 41.000000000 -2.000000000 10.000000000
v 40.663655825 -1.971515305 10.000000000
v 40.336892312 -1.886872596 10.000000000
v 40.029017219 -1.748482896 10.000000000
v 39.748800274 -1.560288194 10.000000000
v 39.504223374 -1.327649157 10.000000000
v 39.302253214 -1.057192438 10.000000000
v 39.148642855 -0.756621915 10.000000000
v 39.047767841 -0.434499247 10.000000000
v 39.002501564 -0.100000000 10.000000000
v 42.997498436 -0.100000000 17.000000000
v 42.952232159 -0.434499247 17.000000000
v 42.851357145 -0.756621915 17.000000000
v 42.697746786 -1.057192438 17.000000000
v 42.495776626 -1.327649157 17.000000000
v 42.251199726 -1.560288194 17.000000000
v 41.970982781 -1.748482896 17.000000000
v 41.663107688 -1.886872596 17.000000000
v 41.336344175 -1.971515305 17.000000000
v 41.000000000 -2.000000000 17.000000000
v 40.663655825 -1.971515305 17.000000000
v 40.336892312 -1.886872596 17.000000000
v 40.029017219 -1.748482896 17.000000000
v 39.748800274 -1.560288194 17.000000000
v 39.504223374 -1.327649157 17.000000000
v 39.302253214 -1.057192438 17.000000000
v 39.148642855 -0.756621915 17.000000000
v 39.047767841 -0.434499247 17.000000000
v 39.002501564 -0.100000000 17.000000000
v -45.999891304 -0.100000000 10.000000000
v -45.285636664 -8.075339741 10.000000000
v -43.199197192 -15.805991330 10.000000000
v -39.803793389 -23.057710898 10.000000000
v -35.202308242 -29.610766529 10.000000000
v -29.534169803 -35.266596292 10.000000000
v -22.971126428 -39.853824793 10.000000000
v -15.712042683 -43.233455965 10.000000000
v -7.976873623 -45.303084743 10.000000000
v -0.000000000 -46.000000000 10.000000000
v 7.976873623 -45.303084743 10.000000000
v 15.712042683 -43.233455966 10.000000000
v 22.971126428 -39.853824793 10.000000000
v 29.534169803 -35.266596292 10.000000000
v 35.202308242 -29.610766529 10.000000000
v 39.803793389 -23.057710898 10.000000000
v 43.199197192 -15.805991330 10.000000000
v 45.285636664 -8.075339741 10.000000000
v 45.999891304 -0.100000000 10.000000000
v 42.997498436 -0.100000000 10.000000000
v 42.952232159 -0.434499247 10.000000000
v 42.851357145 -0.756621915 10.000000000
v 42.697746786 -1.057192438 10.000000000
v 42.495776626 -1.327649157 10.000000000
v 42.251199726 -1.560288194 10.000000000
v 41.970982781 -1.748482896 10.000000000
v 41.663107688 -1.886872596 10.000000000
v 41.336344175 -1.971515305 10.000000000
v 41.000000000 -2.000000000 10.000000000
v 40.663655825 -1.971515305 10.000000000
v 40.336892312 -1.886872596 10.000000000
v 40.029017219 -1.748482896 10.000000000
v 39.748800274 -1.560288194 10.000000000
v 39.504223374 -1.327649157 10.000000000
v 39.302253214 -1.057192438 10.000000000
v 39.148642855 -0.756621915 10.000000000
v 39.047767841 -0.434499247 10.000000000
v 39.002501564 -0.100000000 10.000000000
v 35.999861111 -0.100000000 10.000000000
v -35.999861111 -0.100000000 10.000000000
v -35.437535638 -6.338853830 10.000000000
v -33.802253816 -12.385783664 10.000000000
v -31.143527721 -18.057704204 10.000000000
v -27.541856660 -23.182884457 10.000000000
v -23.106289859 -27.606147304 10.000000000
v -17.971124737 -31.193567857 10.000000000
v -12.291840730 -33.836528360 10.000000000
v -6.240391776 -35.455006846 10.000000000
v -0.000000000 -36.000000000 10.000000000
v 6.240391776 -35.455006846 10.000000000
v 12.291840730 -33.836528360 10.000000000
v 17.971124737 -31.193567857 10.000000000
v 23.106289859 -27.606147304 10.000000000
v 27.541856660 -23.182884457 10.000000000
v 31.143527721 -18.057704204 10.000000000
v 33.802253816 -12.385783664 10.000000000
v 35.437535638 -6.338853831 10.000000000
v -39.002501564 -0.100000000 10.000000000
v -39.047767841 -0.434499247 10.000000000
v -39.148642855 -0.756621915 10.000000000
v -39.302253214 -1.057192438 10.000000000
v -39.504223374 -1.327649157 10.000000000
v -39.748800274 -1.560288194 10.000000000
v -40.029017219 -1.748482896 10.000000000
v -40.336892312 -1.886872596 10.000000000
v -40.663655825 -1.971515305 10.000000000
v -41.000000000 -2.000000000 10.000000000
v -41.336344175 -1.971515305 10.000000000
v -41.663107688 -1.886872596 10.000000000
v -41.970982781 -1.748482896 10.000000000
v -42.251199726 -1.560288194 10.000000000
v -42.495776626 -1.327649157 10.000000000
v -42.697746786 -1.057192438 10.000000000
v -42.851357145 -0.756621915 10.000000000
v -42.952232159 -0.434499247 10.000000000
v -42.997498436 -0.100000000 10.000000000
v 0.000000000 -43.000000000 10.000000000
v -0.347296355 -42.969615506 10.000000000
v -0.684040287 -42.879385242 10.000000000
v -1.000000000 -42.732050808 10.000000000
v -1.285575219 -42.532088886 10.000000000
v -1.532088886 -42.285575219 10.000000000
v -1.732050808 -42.000000000 10.000000000
v -1.879385242 -41.684040287 10.000000000
v -1.969615506 -41.347296355 10.000000000
v -2.000000000 -41.000000000 10.000000000
v -1.969615506 -40.652703645 10.000000000
v -1.879385242 -40.315959713 10.000000000
v -1.732050808 -40.000000000 10.000000000
v -1.532088886 -39.714424781 10.000000000
v -1.285575219 -39.467911114 10.000000000
v -1.000000000 -39.267949192 10.000000000
v -0.684040287 -39.120614758 10.000000000
v -0.347296355 -39.030384494 10.000000000
v -0.000000000 -39.000000000 10.000000000
v 0.347296355 -39.030384494 10.000000000
v 0.684040287 -39.120614758 10.000000000
v 1.000000000 -39.267949192 10.000000000
v 1.285575219 -39.467911114 10.000000000
v 1.532088886 -39.714424781 10.000000000
v 1.732050808 -40.000000000 10.000000000
v 1.879385242 -40.315959713 10.000000000
v 1.969615506 -40.652703645 10.000000000
v 2.000000000 -41.000000000 10.000000000
v 1.969615506 -41.347296355 10.000000000
v 1.879385242 -41.684040287 10.000000000
v 1.732050808 -42.000000000 10.000000000
v 1.532088886 -42.285575219 10.000000000
v 1.285575219 -42.532088886 10.000000000
v 1.000000000 -42.732050808 10.000000000
v 0.684040287 -42.879385242 10.000000000
v 0.347296355 -42.969615506 10.000000000
v 35.999861111 -0.100000000 0.000000000
v 25.999807692 -0.100000000 0.000000000
v -35.999861111 -0.100000000 0.000000000
v -35.437535638 -6.338853831 0.000000000
v -33.802253816 -12.385783664 0.000000000
v -31.143527721 -18.057704204 0.000000000
v -27.541856660 -23.182884457 0.000000000
v -23.106289859 -27.606147304 0.000000000
v -17.971124737 -31.193567857 0.000000000
v -12.291840730 -33.836528360 0.000000000
v -6.240391776 -35.455006846 0.000000000
v -0.000000000 -36.000000000 0.000000000
v 6.240391776 -35.455006846 0.000000000
v 12.291840730 -33.836528360 0.000000000
v 17.971124737 -31.193567857 0.000000000
v 23.106289859 -27.606147304 0.000000000
v 27.541856660 -23.182884457 0.000000000
v 31.143527721 -18.057704204 0.000000000
v 33.802253816 -12.385783664 0.000000000
v 35.437535638 -6.338853831 0.000000000
v -25.999807692 -0.100000000 0.000000000
v -25.589416538 -4.602364746 0.000000000
v -24.405297229 -8.965571213 0.000000000
v -22.483253100 -13.057692371 0.000000000
v -19.881399569 -16.754997797 0.000000000
v -16.678406947 -19.945694816 0.000000000
v -12.971121739 -22.533308697 0.000000000
v -8.871638371 -24.439599682 0.000000000
v -4.503909872 -25.606928669 0.000000000
v -0.000000000 -26.000000000 0.000000000
v 4.503909872 -25.606928669 0.000000000
v 8.871638371 -24.439599682 0.000000000
v 12.971121739 -22.533308697 0.000000000
v 16.678406947 -19.945694816 0.000000000
v 19.881399569 -16.754997797 0.000000000
v 22.483253100 -13.057692371 0.000000000
v 24.405297229 -8.965571213 0.000000000
v 25.589416538 -4.602364746 0.000000000
v -35.999861111 -0.100000000 0.000000000
v -35.437535638 -6.338853831 0.000000000
v -33.802253816 -12.385783664 0.000000000
v -31.143527721 -18.057704204 0.000000000
v -27.541856660 -23.182884457 0.000000000
v -23.106289859 -27.606147304 0.000000000
v -17.971124737 -31.193567857 0.000000000
v -12.291840730 -33.836528360 0.000000000
v -6.240391776 -35.455006846 0.000000000
v -0.000000000 -36.000000000 0.000000000
v 6.240391776 -35.455006846 0.000000000
v 12.291840730 -33.836528360 0.000000000
v 17.971124737 -31.193567857 0.000000000
v 23.106289859 -27.606147304 0.000000000
v 27.541856660 -23.182884457 0.000000000
v 31.143527721 -18.057704204 0.000000000
v 33.802253816 -12.385783664 0.000000000
v 35.437535638 -6.338853831 0.000000000
v 35.999861111 -0.100000000 0.000000000
v 35.999861111 -0.100000000 10.000000000
v -35.999861111 -0.100000000 10.000000000
v -35.437535638 -6.338853830 10.000000000
v -33.802253816 -12.385783664 10.000000000
v -31.143527721 -18.057704204 10.000000000
v -27.541856660 -23.182884457 10.000000000
v -23.106289859 -27.606147304 10.000000000
v -17.971124737 -31.193567857 10.000000000
v -12.291840730 -33.836528360 10.000000000
v -6.240391776 -35.455006846 10.000000000
v -0.000000000 -36.000000000 10.000000000
v 6.240391776 -35.455006846 10.000000000
v 12.291840730 -33.836528360 10.000000000
v 17.971124737 -31.193567857 10.000000000
v 23.106289859 -27.606147304 10.000000000
v 27.541856660 -23.182884457 10.000000000
v 31.143527721 -18.057704204 10.000000000
v 33.802253816 -12.385783664 10.000000000
v 35.437535638 -6.338853831 10.000000000
v -37.001250195 -0.100000000 20.000000000
v -37.077177531 -0.781961559 20.000000000
v -37.268542874 -1.440912114 20.000000000
v -37.569714862 -2.057460540 20.000000000
v -37.971830821 -2.613463492 20.000000000
v -38.463057572 -3.092559315 20.000000000
v -39.028939646 -3.480649520 20.000000000
v -39.652824670 -3.766313666 20.000000000
v -40.316353404 -3.941145434 20.000000000
v -41.000000000 -4.000000000 20.000000000
v -41.683646596 -3.941145434 20.000000000
v -42.347175330 -3.766313666 20.000000000
v -42.971060354 -3.480649520 20.000000000
v -43.536942428 -3.092559315 20.000000000
v -44.028169179 -2.613463492 20.000000000
v -44.430285138 -2.057460540 20.000000000
v -44.731457126 -1.440912114 20.000000000
v -44.922822469 -0.781961559 20.000000000
v -44.998749805 -0.100000000 20.000000000
v -44.998749805 -0.100000000 17.000000000
v -37.001250195 -0.100000000 17.000000000
v -37.077177531 -0.781961559 17.000000000
v -37.268542874 -1.440912114 17.000000000
v -37.569714862 -2.057460540 17.000000000
v -37.971830821 -2.613463492 17.000000000
v -38.463057572 -3.092559315 17.000000000
v -39.028939646 -3.480649520 17.000000000
v -39.652824670 -3.766313666 17.000000000
v -40.316353404 -3.941145434 17.000000000
v -41.000000000 -4.000000000 17.000000000
v -41.683646596 -3.941145434 17.000000000
v -42.347175330 -3.766313666 17.000000000
v -42.971060354 -3.480649520 17.000000000
v -43.536942428 -3.092559315 17.000000000
v -44.028169179 -2.613463492 17.000000000
v -44.430285138 -2.057460540 17.000000000
v -44.731457126 -1.440912114 17.000000000
v -44.922822469 -0.781961559 17.000000000
v -37.001250195 -0.100000000 17.000000000
v -37.077177531 -0.781961559 17.000000000
v -37.268542874 -1.440912114 17.000000000
v -37.569714862 -2.057460540 17.000000000
v -37.971830821 -2.613463492 17.000000000
v -38.463057572 -3.092559315 17.000000000
v -39.028939646 -3.480649520 17.000000000
v -39.652824670 -3.766313666 17.000000000
v -40.316353404 -3.941145434 17.000000000
v -41.000000000 -4.000000000 17.000000000
v -41.683646596 -3.941145434 17.000000000
v -42.347175330 -3.766313666 17.000000000
v -42.971060354 -3.480649520 17.000000000
v -43.536942428 -3.092559315 17.000000000
v -44.028169179 -2.613463492 17.000000000
v -44.430285138 -2.057460540 17.000000000
v -44.731457126 -1.440912114 17.000000000
v -44.922822469 -0.781961559 17.000000000
v -44.998749805 -0.100000000 17.000000000
v -42.997498436 -0.100000000 17.000000000
v -39.002501564 -0.100000000 17.000000000
v -39.047767841 -0.434499247 17.000000000
v -39.148642855 -0.756621915 17.000000000
v -39.302253214 -1.057192438 17.000000000
v -39.504223374 -1.327649157 17.000000000
v -39.748800274 -1.560288194 17.000000000
v -40.029017219 -1.748482896 17.000000000
v -40.336892312 -1.886872596 17.000000000
v -40.663655825 -1.971515305 17.000000000
v -41.000000000 -2.000000000 17.000000000
v -41.336344175 -1.971515305 17.000000000
v -41.663107688 -1.886872596 17.000000000
v -41.970982781 -1.748482896 17.000000000
v -42.251199726 -1.560288194 17.000000000
v -42.495776626 -1.327649157 17.000000000
v -42.697746786 -1.057192438 17.000000000
v -42.851357145 -0.756621915 17.000000000
v -42.952232159 -0.434499247 17.000000000
v -39.002501564 -0.100000000 10.000000000
v -39.047767841 -0.434499247 10.000000000
v -39.148642855 -0.756621915 10.000000000
v -39.302253214 -1.057192438 10.000000000
v -39.504223374 -1.327649157 10.000000000
v -39.748800274 -1.560288194 10.000000000
v -40.029017219 -1.748482896 10.000000000
v -40.336892312 -1.886872596 10.000000000
v -40.663655825 -1.971515305 10.000000000
v -41.000000000 -2.000000000 10.000000000
v -41.336344175 -1.971515305 10.000000000
v -41.663107688 -1.886872596 10.000000000
v -41.970982781 -1.748482896 10.000000000
v -42.251199726 -1.560288194 10.000000000
v -42.495776626 -1.327649157 10.000000000
v -42.697746786 -1.057192438 10.000000000
v -42.851357145 -0.756621915 10.000000000
v -42.952232159 -0.434499247 10.000000000
v -42.997498436 -0.100000000 10.000000000
v -39.002501564 -0.100000000 17.000000000
v -39.047767841 -0.434499247 17.000000000
v -39.148642855 -0.756621915 17.000000000
v -39.302253214 -1.057192438 17.000000000
v -39.504223374 -1.327649157 17.000000000
v -39.748800274 -1.560288194 17.000000000
v -40.029017219 -1.748482896 17.000000000
v -40.336892312 -1.886872596 17.000000000
v -40.663655825 -1.971515305 17.000000000
v -41.000000000 -2.000000000 17.000000000
v -41.336344175 -1.971515305 17.000000000
v -41.663107688 -1.886872596 17.000000000
v -41.970982781 -1.748482896 17.000000000
v -42.251199726 -1.560288194 17.000000000
v -42.495776626 -1.327649157 17.000000000
v -42.697746786 -1.057192438 17.000000000
v -42.851357145 -0.756621915 17.000000000
v -42.952232159 -0.434499247 17.000000000
v -42.997498436 -0.100000000 17.000000000
v 0.000000000 -45.000000000 20.000000000
v 0.000000000 -45.000000000 17.000000000
v 0.000000000 -45.000000000 17.000000000
v -0.694592711 -44.939231012 17.000000000
v -1.368080573 -44.758770483 17.000000000
v -2.000000000 -44.464101615 17.000000000
v -2.571150439 -44.064177772 17.000000000
v -3.064177772 -43.571150439 17.000000000
v -3.464101615 -43.000000000 17.000000000
v -3.758770483 -42.368080573 17.000000000
v -3.939231012 -41.694592711 17.000000000
v -4.000000000 -41.000000000 17.000000000
v -3.939231012 -40.305407289 17.000000000
v -3.758770483 -39.631919427 17.000000000
v -3.464101615 -39.000000000 17.000000000
v -3.064177772 -38.428849561 17.000000000
v -2.571150439 -37.935822228 17.000000000
v -2.000000000 -37.535898385 17.000000000
v -1.368080573 -37.241229517 17.000000000
v -0.694592711 -37.060768988 17.000000000
v -0.000000000 -37.000000000 17.000000000
v 0.694592711 -37.060768988 17.000000000
v 1.368080573 -37.241229517 17.000000000
v 2.000000000 -37.535898385 17.000000000
v 2.571150439 -37.935822228 17.000000000
v 3.064177772 -38.428849561 17.000000000
v 3.464101615 -39.000000000 17.000000000
v 3.758770483 -39.631919427 17.000000000
v 3.939231012 -40.305407289 17.000000000
v 4.000000000 -41.000000000 17.000000000
v 3.939231012 -41.694592711 17.000000000
v 3.758770483 -42.368080573 17.000000000
v 3.464101615 -43.000000000 17.000000000
v 3.064177772 -43.571150439 17.000000000
v 2.571150439 -44.064177772 17.000000000
v 2.000000000 -44.464101615 17.000000000
v 1.368080573 -44.758770483 17.000000000
v 0.694592711 -44.939231012 17.000000000
v 0.000000000 -45.000000000 20.000000000
v -0.694592711 -44.939231012 20.000000000
v -1.368080573 -44.758770483 20.000000000
v -2.000000000 -44.464101615 20.000000000
v -2.571150439 -44.064177772 20.000000000
v -3.064177772 -43.571150439 20.000000000
v -3.464101615 -43.000000000 20.000000000
v -3.758770483 -42.368080573 20.000000000
v -3.939231012 -41.694592711 20.000000000
v -4.000000000 -41.000000000 20.000000000
v -3.939231012 -40.305407289 20.000000000
v -3.758770483 -39.631919427 20.000000000
v -3.464101615 -39.000000000 20.000000000
v -3.064177772 -38.428849561 20.000000000
v -2.571150439 -37.935822228 20.000000000
v -2.000000000 -37.535898385 20.000000000
v -1.368080573 -37.241229517 20.000000000
v -0.694592711 -37.060768988 20.000000000
v -0.000000000 -37.000000000 20.000000000
v 0.694592711 -37.060768988 20.000000000
v 1.368080573 -37.241229517 20.000000000
v 2.000000000 -37.535898385 20.000000000
v 2.571150439 -37.935822228 20.000000000
v 3.064177772 -38.428849561 20.000000000
v 3.464101615 -39.000000000 20.000000000
v 3.758770483 -39.631919427 20.000000000
v 3.939231012 -40.305407289 20.000000000
v 4.000000000 -41.000000000 20.000000000
v 3.939231012 -41.694592711 20.000000000
v 3.758770483 -42.368080573 20.000000000
v 3.464101615 -43.000000000 20.000000000
v 3.064177772 -43.571150439 20.000000000
v 2.571150439 -44.064177772 20.000000000
v 2.000000000 -44.464101615 20.000000000
v 1.368080573 -44.758770483 20.000000000
v 0.694592711 -44.939231012 20.000000000
v -44.998749805 -0.100000000 20.000000000
v -45.999891304 -0.100000000 20.000000000
v -44.998749805 -0.100000000 17.000000000
v -42.997498436 -0.100000000 17.000000000
v -42.997498436 -0.100000000 10.000000000
v -45.999891304 -0.100000000 10.000000000
v 45.999891304 -0.100000000 20.000000000
v 44.998749805 -0.100000000 20.000000000
v 45.999891304 -0.100000000 10.000000000
v 42.997498436 -0.100000000 10.000000000
v 42.997498436 -0.100000000 17.000000000
v 44.998749805 -0.100000000 17.000000000
v -45.999891304 -0.100000000 20.000000000
v -45.285636664 -8.075339741 20.000000000
v -43.199197192 -15.805991330 20.000000000
v -39.803793389 -23.057710898 20.000000000
v -35.202308242 -29.610766529 20.000000000
v -29.534169803 -35.266596292 20.000000000
v -22.971126428 -39.853824793 20.000000000
v -15.712042683 -43.233455965 20.000000000
v -7.976873623 -45.303084743 20.000000000
v -0.000000000 -46.000000000 20.000000000
v 7.976873623 -45.303084743 20.000000000
v 15.712042683 -43.233455966 20.000000000
v 22.971126428 -39.853824793 20.000000000
v 29.534169803 -35.266596292 20.000000000
v 35.202308242 -29.610766529 20.000000000
v 39.803793389 -23.057710898 20.000000000
v 43.199197192 -15.805991330 20.000000000
v 45.285636664 -8.075339741 20.000000000
v 45.999891304 -0.100000000 20.000000000
v -45.999891304 -0.100000000 10.000000000
v -45.285636664 -8.075339741 10.000000000
v -43.199197192 -15.805991330 10.000000000
v -39.803793389 -23.057710898 10.000000000
v -35.202308242 -29.610766529 10.000000000
v -29.534169803 -35.266596292 10.000000000
v -22.971126428 -39.853824793 10.000000000
v -15.712042683 -43.233455965 10.000000000
v -7.976873623 -45.303084743 10.000000000
v -0.000000000 -46.000000000 10.000000000
v 7.976873623 -45.303084743 10.000000000
v 15.712042683 -43.233455966 10.000000000
v 22.971126428 -39.853824793 10.000000000
v 29.534169803 -35.266596292 10.000000000
v 35.202308242 -29.610766529 10.000000000
v 39.803793389 -23.057710898 10.000000000
v 43.199197192 -15.805991330 10.000000000
v 45.285636664 -8.075339741 10.000000000
v 45.999891304 -0.100000000 10.000000000
v 0.000000000 -43.000000000 17.000000000
v 0.000000000 -43.000000000 10.000000000
v 0.000000000 -43.000000000 10.000000000
v -0.347296355 -42.969615506 10.000000000
v -0.684040287 -42.879385242 10.000000000
v -1.000000000 -42.732050808 10.000000000
v -1.285575219 -42.532088886 10.000000000
v -1.532088886 -42.285575219 10.000000000
v -1.732050808 -42.000000000 10.000000000
v -1.879385242 -41.684040287 10.000000000
v -1.969615506 -41.347296355 10.000000000
v -2.000000000 -41.000000000 10.000000000
v -1.969615506 -40.652703645 10.000000000
v -1.879385242 -40.315959713 10.000000000
v -1.732050808 -40.000000000 10.000000000
v -1.532088886 -39.714424781 10.000000000
v -1.285575219 -39.467911114 10.000000000
v -1.000000000 -39.267949192 10.000000000
v -0.684040287 -39.120614758 10.000000000
v -0.347296355 -39.030384494 10.000000000
v -0.000000000 -39.000000000 10.000000000
v 0.347296355 -39.030384494 10.000000000
v 0.684040287 -39.120614758 10.000000000
v 1.000000000 -39.267949192 10.000000000
v 1.285575219 -39.467911114 10.000000000
v 1.532088886 -39.714424781 10.000000000
v 1.732050808 -40.000000000 10.000000000
v 1.879385242 -40.315959713 10.000000000
v 1.969615506 -40.652703645 10.000000000
v 2.000000000 -41.000000000 10.000000000
v 1.969615506 -41.347296355 10.000000000
v 1.879385242 -41.684040287 10.000000000
v 1.732050808 -42.000000000 10.000000000
v 1.532088886 -42.285575219 10.000000000
v 1.285575219 -42.532088886 10.000000000
v 1.000000000 -42.732050808 10.000000000
v 0.684040287 -42.879385242 10.000000000
v 0.347296355 -42.969615506 10.000000000
v 0.000000000 -43.000000000 17.000000000
v -0.347296355 -42.969615506 17.000000000
v -0.684040287 -42.879385242 17.000000000
v -1.000000000 -42.732050808 17.000000000
v -1.285575219 -42.532088886 17.000000000
v -1.532088886 -42.285575219 17.000000000
v -1.732050808 -42.000000000 17.000000000
v -1.879385242 -41.684040287 17.000000000
v -1.969615506 -41.347296355 17.000000000
v -2.000000000 -41.000000000 17.000000000
v -1.969615506 -40.652703645 17.000000000
v -1.879385242 -40.315959713 17.000000000
v -1.732050808 -40.000000000 17.000000000
v -1.532088886 -39.714424781 17.000000000
v -1.285575219 -39.467911114 17.000000000
v -1.000000000 -39.267949192 17.000000000
v -0.684040287 -39.120614758 17.000000000
v -0.347296355 -39.030384494 17.000000000
v -0.000000000 -39.000000000 17.000000000
v 0.347296355 -39.030384494 17.000000000
v 0.684040287 -39.120614758 17.000000000
v 1.000000000 -39.267949192 17.000000000
v 1.285575219 -39.467911114 17.000000000
v 1.532088886 -39.714424781 17.000000000
v 1.732050808 -40.000000000 17.000000000
v 1.879385242 -40.315959713 17.000000000
v 1.969615506 -40.652703645 17.000000000
v 2.000000000 -41.000000000 17.000000000
v 1.969615506 -41.347296355 17.000000000
v 1.879385242 -41.684040287 17.000000000
v 1.732050808 -42.000000000 17.000000000
v 1.532088886 -42.285575219 17.000000000
v 1.285575219 -42.532088886 17.000000000
v 1.000000000 -42.732050808 17.000000000
v 0.684040287 -42.879385242 17.000000000
v 0.347296355 -42.969615506 17.000000000
v 0.000000000 -45.000000000 17.000000000
v -0.694592711 -44.939231012 17.000000000
v -1.368080573 -44.758770483 17.000000000
v -2.000000000 -44.464101615 17.000000000
v -2.571150439 -44.064177772 17.000000000
v -3.064177772 -43.571150439 17.000000000
v -3.464101615 -43.000000000 17.000000000
v -3.758770483 -42.368080573 17.000000000
v -3.939231012 -41.694592711 17.000000000
v -4.000000000 -41.000000000 17.000000000
v -3.939231012 -40.305407289 17.000000000
v -3.758770483 -39.631919427 17.000000000
v -3.464101615 -39.000000000 17.000000000
v -3.064177772 -38.428849561 17.000000000
v -2.571150439 -37.935822228 17.000000000
v -2.000000000 -37.535898385 17.000000000
v -1.368080573 -37.241229517 17.000000000
v -0.694592711 -37.060768988 17.000000000
v -0.000000000 -37.000000000 17.000000000
v 0.694592711 -37.060768988 17.000000000
v 1.368080573 -37.241229517 17.000000000
v 2.000000000 -37.535898385 17.000000000
v 2.571150439 -37.935822228 17.000000000
v 3.064177772 -38.428849561 17.000000000
v 3.464101615 -39.000000000 17.000000000
v 3.758770483 -39.631919427 17.000000000
v 3.939231012 -40.305407289 17.000000000
v 4.000000000 -41.000000000 17.000000000
v 3.939231012 -41.694592711 17.000000000
v 3.758770483 -42.368080573 17.000000000
v 3.464101615 -43.000000000 17.000000000
v 3.064177772 -43.571150439 17.000000000
v 2.571150439 -44.064177772 17.000000000
v 2.000000000 -44.464101615 17.000000000
v 1.368080573 -44.758770483 17.000000000
v 0.694592711 -44.939231012 17.000000000
v 0.000000000 -43.000000000 17.000000000
v -0.347296355 -42.969615506 17.000000000
v -0.684040287 -42.879385242 17.000000000
v -1.000000000 -42.732050808 17.000000000
v -1.285575219 -42.532088886 17.000000000
v -1.532088886 -42.285575219 17.000000000
v -1.732050808 -42.000000000 17.000000000
v -1.879385242 -41.684040287 17.000000000
v -1.969615506 -41.347296355 17.000000000
v -2.000000000 -41.000000000 17.000000000
v -1.969615506 -40.652703645 17.000000000
v -1.879385242 -40.315959713 17.000000000
v -1.732050808 -40.000000000 17.000000000
v -1.532088886 -39.714424781 17.000000000
v -1.285575219 -39.467911114 17.000000000
v -1.000000000 -39.267949192 17.000000000
v -0.684040287 -39.120614758 17.000000000
v -0.347296355 -39.030384494 17.000000000
v -0.000000000 -39.000000000 17.000000000
v 0.347296355 -39.030384494 17.000000000
v 0.684040287 -39.120614758 17.000000000
v 1.000000000 -39.267949192 17.000000000
v 1.285575219 -39.467911114 17.000000000
v 1.532088886 -39.714424781 17.000000000
v 1.732050808 -40.000000000 17.000000000
v 1.879385242 -40.315959713 17.000000000
v 1.969615506 -40.652703645 17.000000000
v 2.000000000 -41.000000000 17.000000000
v 1.969615506 -41.347296355 17.000000000
v 1.879385242 -41.684040287 17.000000000
v 1.732050808 -42.000000000 17.000000000
v 1.532088886 -42.285575219 17.000000000
v 1.285575219 -42.532088886 17.000000000
v 1.000000000 -42.732050808 17.000000000
v 0.684040287 -42.879385242 17.000000000
v 0.347296355 -42.969615506 17.000000000
v 12.000555573 -0.100000000 -38.000000000
v 12.152597986 -1.650296217 -38.000000000
v 12.569684016 -3.151154139 -38.000000000
v 13.239318922 -4.557612226 -38.000000000
v 14.141442300 -5.827536896 -38.000000000
v 15.249029037 -6.922884729 -38.000000000
v 16.528898907 -7.810842145 -38.000000000
v 17.942710560 -8.464808402 -38.000000000
v 19.448110123 -8.865192486 -38.000000000
v 21.000000000 -9.000000000 -38.000000000
v 22.551889877 -8.865192486 -38.000000000
v 24.057289440 -8.464808402 -38.000000000
v 25.471101093 -7.810842145 -38.000000000
v 26.750970963 -6.922884730 -38.000000000
v 27.858557700 -5.827536896 -38.000000000
v 28.760681078 -4.557612226 -38.000000000
v 29.430315984 -3.151154139 -38.000000000
v 29.847402014 -1.650296217 -38.000000000
v 29.999444427 -0.100000000 -38.000000000
v 26.999166609 -0.100000000 -38.000000000
v 15.000833391 -0.100000000 -38.000000000
v 15.107237507 -1.129314039 -38.000000000
v 15.388920079 -2.125036970 -38.000000000
v 15.837502545 -3.057551312 -38.000000000
v 16.439641952 -3.899119705 -38.000000000
v 17.177427845 -4.624709949 -38.000000000
v 18.028915002 -5.212739581 -38.000000000
v 18.968776194 -5.645717833 -38.000000000
v 19.969055529 -5.910765898 -38.000000000
v 21.000000000 -6.000000000 -38.000000000
v 22.030944471 -5.910765898 -38.000000000
v 23.031223806 -5.645717833 -38.000000000
v 23.971084998 -5.212739581 -38.000000000
v 24.822572155 -4.624709949 -38.000000000
v 25.560358048 -3.899119705 -38.000000000
v 26.162497455 -3.057551312 -38.000000000
v 26.611079921 -2.125036970 -38.000000000
v 26.892762493 -1.129314039 -38.000000000
v 12.000555573 -0.100000000 -38.000000000
v 12.152597986 -1.650296217 -38.000000000
v 12.569684016 -3.151154139 -38.000000000
v 13.239318922 -4.557612226 -38.000000000
v 14.141442300 -5.827536896 -38.000000000
v 15.249029037 -6.922884729 -38.000000000
v 16.528898907 -7.810842145 -38.000000000
v 17.942710560 -8.464808402 -38.000000000
v 19.448110123 -8.865192486 -38.000000000
v 21.000000000 -9.000000000 -38.000000000
v 22.551889877 -8.865192486 -38.000000000
v 24.057289440 -8.464808402 -38.000000000
v 25.471101093 -7.810842145 -38.000000000
v 26.750970963 -6.922884730 -38.000000000
v 27.858557700 -5.827536896 -38.000000000
v 28.760681078 -4.557612226 -38.000000000
v 29.430315984 -3.151154139 -38.000000000
v 29.847402014 -1.650296217 -38.000000000
v 29.999444427 -0.100000000 -38.000000000
v 12.000555573 -0.100000000 -39.000000000
v 12.152597986 -1.650296217 -39.000000000
v 12.569684016 -3.151154139 -39.000000000
v 13.239318922 -4.557612226 -39.000000000
v 14.141442300 -5.827536896 -39.000000000
v 15.249029037 -6.922884729 -39.000000000
v 16.528898907 -7.810842145 -39.000000000
v 17.942710560 -8.464808402 -39.000000000
v 19.448110123 -8.865192486 -39.000000000
v 21.000000000 -9.000000000 -39.000000000
v 22.551889877 -8.865192486 -39.000000000
v 24.057289440 -8.464808402 -39.000000000
v 25.471101093 -7.810842145 -39.000000000
v 26.750970963 -6.922884730 -39.000000000
v 27.858557700 -5.827536896 -39.000000000
v 28.760681078 -4.557612226 -39.000000000
v 29.430315984 -3.151154139 -39.000000000
v 29.847402014 -1.650296217 -39.000000000
v 29.999444427 -0.100000000 -39.000000000
v 15.000833391 -0.100000000 -38.000000000
v 12.000555573 -0.100000000 -38.000000000
v 15.000833391 -0.100000000 -39.000000000
v 12.000555573 -0.100000000 -39.000000000
v 29.999444427 -0.100000000 -38.000000000
v 26.999166609 -0.100000000 -38.000000000
v 29.999444427 -0.100000000 -39.000000000
v 26.999166609 -0.100000000 -39.000000000
v 15.000833391 -0.100000000 -38.000000000
v 15.107237507 -1.129314039 -38.000000000
v 15.388920079 -2.125036970 -38.000000000
v 15.837502545 -3.057551312 -38.000000000
v 16.439641952 -3.899119705 -38.000000000
v 17.177427845 -4.624709949 -38.000000000
v 18.028915002 -5.212739581 -38.000000000
v 18.968776194 -5.645717833 -38.000000000
v 19.969055529 -5.910765898 -38.000000000
v 21.000000000 -6.000000000 -38.000000000
v 22.030944471 -5.910765898 -38.000000000
v 23.031223806 -5.645717833 -38.000000000
v 23.971084998 -5.212739581 -38.000000000
v 24.822572155 -4.624709949 -38.000000000
v 25.560358048 -3.899119705 -38.000000000
v 26.162497455 -3.057551312 -38.000000000
v 26.611079921 -2.125036970 -38.000000000
v 26.892762493 -1.129314039 -38.000000000
v 26.999166609 -0.100000000 -38.000000000
v 15.000833391 -0.100000000 -39.000000000
v 15.107237507 -1.129314039 -39.000000000
v 15.388920079 -2.125036970 -39.000000000
v 15.837502545 -3.057551312 -39.000000000
v 16.439641952 -3.899119705 -39.000000000
v 17.177427845 -4.624709949 -39.000000000
v 18.028915002 -5.212739581 -39.000000000
v 18.968776194 -5.645717833 -39.000000000
v 19.969055529 -5.910765898 -39.000000000
v 21.000000000 -6.000000000 -39.000000000
v 22.030944471 -5.910765898 -39.000000000
v 23.031223806 -5.645717833 -39.000000000
v 23.971084998 -5.212739581 -39.000000000
v 24.822572155 -4.624709949 -39.000000000
v 25.560358048 -3.899119705 -39.000000000
v 26.162497455 -3.057551312 -39.000000000
v 26.611079921 -2.125036970 -39.000000000
v 26.892762493 -1.129314039 -39.000000000
v 26.999166609 -0.100000000 -39.000000000
v 12.000555573 -0.100000000 -39.000000000
v 12.152597986 -1.650296217 -39.000000000
v 12.569684016 -3.151154139 -39.000000000
v 13.239318922 -4.557612226 -39.000000000
v 14.141442300 -5.827536896 -39.000000000
v 15.249029037 -6.922884729 -39.000000000
v 16.528898907 -7.810842145 -39.000000000
v 17.942710560 -8.464808402 -39.000000000
v 19.448110123 -8.865192486 -39.000000000
v 21.000000000 -9.000000000 -39.000000000
v 22.551889877 -8.865192486 -39.000000000
v 24.057289440 -8.464808402 -39.000000000
v 25.471101093 -7.810842145 -39.000000000
v 26.750970963 -6.922884730 -39.000000000
v 27.858557700 -5.827536896 -39.000000000
v 28.760681078 -4.557612226 -39.000000000
v 29.430315984 -3.151154139 -39.000000000
v 29.847402014 -1.650296217 -39.000000000
v 29.999444427 -0.100000000 -39.000000000
v 26.999166609 -0.100000000 -39.000000000
v 15.000833391 -0.100000000 -39.000000000
v 15.107237507 -1.129314039 -39.000000000
v 15.388920079 -2.125036970 -39.000000000
v 15.837502545 -3.057551312 -39.000000000
v 16.439641952 -3.899119705 -39.000000000
v 17.177427845 -4.624709949 -39.000000000
v 18.028915002 -5.212739581 -39.000000000
v 18.968776194 -5.645717833 -39.000000000
v 19.969055529 -5.910765898 -39.000000000
v 21.000000000 -6.000000000 -39.000000000
v 22.030944471 -5.910765898 -39.000000000
v 23.031223806 -5.645717833 -39.000000000
v 23.971084998 -5.212739581 -39.000000000
v 24.822572155 -4.624709949 -39.000000000
v 25.560358048 -3.899119705 -39.000000000
v 26.162497455 -3.057551312 -39.000000000
v 26.611079921 -2.125036970 -39.000000000
v 26.892762493 -1.129314039 -39.000000000
v 19.166666667 5.713045500 5.100000000
v 19.150799174 5.707929248 5.100000000
v 19.134945958 5.702768926 5.100000000
v 19.119107143 5.697564573 5.100000000
v 19.166666667 5.713045500 -1.500000000
v 27.000000000 0.000000000 -1.500000000
v 26.912461017 1.021178106 -1.500000000
v 26.652398426 2.012558580 -1.500000000
v 26.227400764 2.945213278 -1.500000000
v 25.649869320 3.791927650 -1.500000000
v 24.936656266 4.527994859 -1.500000000
v 24.108572917 5.131936713 -1.500000000
v 23.189782463 5.586130393 -1.500000000
v 22.207094899 5.877322682 -1.500000000
v 21.189184716 5.997016687 -1.500000000
v 20.165754186 5.941719778 -1.500000000
v 27.000000000 0.000000000 -14.900000000
v 26.908846518 1.041889066 -14.900000000
v 26.638155725 2.052120860 -14.900000000
v 26.196152423 3.000000000 -14.900000000
v 25.596266659 3.856725658 -14.900000000
v 24.856725658 4.596266659 -14.900000000
v 24.000000000 5.196152423 -14.900000000
v 23.052120860 5.638155725 -14.900000000
v 22.041889066 5.908846518 -14.900000000
v 21.000000000 6.000000000 -14.900000000
v 19.958110934 5.908846518 -14.900000000
v 18.947879140 5.638155725 -14.900000000
v 18.000000000 5.196152423 -14.900000000
v 17.143274342 4.596266659 -14.900000000
v 16.403733341 3.856725658 -14.900000000
v 15.803847577 3.000000000 -14.900000000
v 15.361844275 2.052120860 -14.900000000
v 15.091153482 1.041889066 -14.900000000
v 15.000000000 0.000000000 -14.900000000
v 15.091153482 -1.041889066 -14.900000000
v 15.361844275 -2.052120860 -14.900000000
v 15.803847577 -3.000000000 -14.900000000
v 16.403733341 -3.856725658 -14.900000000
v 17.143274342 -4.596266659 -14.900000000
v 18.000000000 -5.196152423 -14.900000000
v 18.947879140 -5.638155725 -14.900000000
v 19.958110934 -5.908846518 -14.900000000
v 21.000000000 -6.000000000 -14.900000000
v 22.041889066 -5.908846518 -14.900000000
v 23.052120860 -5.638155725 -14.900000000
v 24.000000000 -5.196152423 -14.900000000
v 24.856725658 -4.596266659 -14.900000000
v 25.596266659 -3.856725658 -14.900000000
v 26.196152423 -3.000000000 -14.900000000
v 26.638155725 -2.052120860 -14.900000000
v 26.908846518 -1.041889066 -14.900000000
v 27.000000000 0.000000000 -14.900000000
v 27.000000000 0.000000000 -1.500000000
v 19.166666667 -5.713045500 -1.500000000
v 20.165754186 -5.941719778 -1.500000000
v 21.189184716 -5.997016687 -1.500000000
v 22.207094899 -5.877322682 -1.500000000
v 23.189782463 -5.586130393 -1.500000000
v 24.108572917 -5.131936713 -1.500000000
v 24.936656266 -4.527994859 -1.500000000
v 25.649869320 -3.791927650 -1.500000000
v 26.227400764 -2.945213278 -1.500000000
v 26.652398426 -2.012558580 -1.500000000
v 26.912461017 -1.021178106 -1.500000000
v 19.166666667 -5.713045500 5.100000000
v 19.119107143 -5.697564573 5.100000000
v 19.134945958 -5.702768926 5.100000000
v 19.150799174 -5.707929248 5.100000000
v 18.465773810 -5.438538187 6.500000000
v 18.465773810 5.438538187 6.500000000
v 17.621238809 4.958222748 6.500000000
v 16.865297019 4.347899638 6.500000000
v 16.217769701 3.623571907 6.500000000
v 15.695635422 2.804231878 6.500000000
v 15.312584867 1.911363153 6.500000000
v 15.078661857 0.968377303 6.500000000
v 15.000000000 0.000000000 6.500000000
v 15.078661857 -0.968377303 6.500000000
v 15.312584867 -1.911363153 6.500000000
v 15.695635422 -2.804231878 6.500000000
v 16.217769701 -3.623571907 6.500000000
v 16.865297019 -4.347899638 6.500000000
v 17.621238809 -4.958222748 6.500000000
v 19.119107143 5.697564573 5.100000000
v 17.854308749 8.900907768 5.100000000
v 16.057422880 11.838989418 5.100000000
v 13.781999662 14.424249905 5.100000000
v 11.095850411 16.579644256 5.100000000
v 8.079026749 18.240938210 5.100000000
v 4.821434935 19.358622502 5.100000000
v 1.420156508 19.899388320 5.100000000
v -2.023444896 19.847119961 5.100000000
v -5.406744346 19.203375109 5.100000000
v -8.628914011 17.987338408 5.100000000
v -11.593927987 16.235249731 5.100000000
v -14.213424029 13.999324176 5.100000000
v -16.409336890 11.346195963 5.100000000
v -18.116224791 8.354932634 5.100000000
v -19.283219693 5.114678708 5.100000000
v -19.875543247 1.721999028 5.100000000
v -19.875543247 -1.721999028 5.100000000
v -19.283219693 -5.114678708 5.100000000
v -18.116224791 -8.354932634 5.100000000
v -16.409336890 -11.346195963 5.100000000
v -14.213424029 -13.999324176 5.100000000
v -11.593927987 -16.235249731 5.100000000
v -8.628914011 -17.987338408 5.100000000
v -5.406744346 -19.203375109 5.100000000
v -2.023444896 -19.847119961 5.100000000
v 1.420156508 -19.899388320 5.100000000
v 4.821434935 -19.358622502 5.100000000
v 8.079026749 -18.240938210 5.100000000
v 11.095850411 -16.579644256 5.100000000
v 13.781999662 -14.424249905 5.100000000
v 16.057422880 -11.838989418 5.100000000
v 17.854308749 -8.900907768 5.100000000
v 19.119107143 -5.697564573 5.100000000
v 19.134945958 -5.702768926 5.100000000
v 19.150799174 -5.707929248 5.100000000
v 19.166666667 -5.713045500 5.100000000
v 19.166666667 5.713045500 5.100000000
v 17.898530976 8.924269657 5.100000000
v 16.097013302 11.869547707 5.100000000
v 13.815799452 14.461109415 5.100000000
v 11.122870332 16.621725409 5.100000000
v 8.098476097 18.287008637 5.100000000
v 4.832744669 19.407333123 5.100000000
v 1.422995894 19.949312837 5.100000000
v -2.029158616 19.896796609 5.100000000
v -5.420843547 19.251349440 5.100000000
v -8.650985595 18.032205862 5.100000000
v -11.623325489 16.275696746 5.100000000
v -14.249286543 14.034166630 5.100000000
v -16.450614273 11.374413833 5.100000000
v -18.161708404 8.375699843 5.100000000
v -19.331577780 5.127387303 5.100000000
v -19.925359917 1.726276971 5.100000000
v -19.925359917 -1.726276971 5.100000000
v -19.331577780 -5.127387303 5.100000000
v -18.161708404 -8.375699843 5.100000000
v -16.450614273 -11.374413833 5.100000000
v -14.249286543 -14.034166630 5.100000000
v -11.623325489 -16.275696746 5.100000000
v -8.650985595 -18.032205862 5.100000000
v -5.420843547 -19.251349440 5.100000000
v -2.029158616 -19.896796609 5.100000000
v 1.422995894 -19.949312837 5.100000000
v 4.832744669 -19.407333123 5.100000000
v 8.098476097 -18.287008637 5.100000000
v 11.122870332 -16.621725409 5.100000000
v 13.815799452 -14.461109415 5.100000000
v 16.097013302 -11.869547707 5.100000000
v 17.898530976 -8.924269657 5.100000000
v 19.150799174 5.707929248 5.100000000
v 19.134945958 5.702768926 5.100000000
v 19.166666667 5.713045500 -1.500000000
v 17.898530976 8.924269657 -1.500000000
v 16.097013302 11.869547707 -1.500000000
v 13.815799452 14.461109415 -1.500000000
v 11.122870332 16.621725409 -1.500000000
v 8.098476097 18.287008637 -1.500000000
v 4.832744669 19.407333123 -1.500000000
v 1.422995894 19.949312837 -1.500000000
v -2.029158616 19.896796609 -1.500000000
v -5.420843547 19.251349440 -1.500000000
v -8.650985595 18.032205862 -1.500000000
v -11.623325489 16.275696746 -1.500000000
v -14.249286543 14.034166630 -1.500000000
v -16.450614273 11.374413833 -1.500000000
v -18.161708404 8.375699843 -1.500000000
v -19.331577780 5.127387303 -1.500000000
v -19.925359917 1.726276971 -1.500000000
v -19.925359917 -1.726276971 -1.500000000
v -19.331577780 -5.127387303 -1.500000000
v -18.161708404 -8.375699843 -1.500000000
v -16.450614273 -11.374413833 -1.500000000
v -14.249286543 -14.034166630 -1.500000000
v -11.623325489 -16.275696746 -1.500000000
v -8.650985595 -18.032205862 -1.500000000
v -5.420843547 -19.251349440 -1.500000000
v -2.029158616 -19.896796609 -1.500000000
v 1.422995894 -19.949312837 -1.500000000
v 4.832744669 -19.407333123 -1.500000000
v 8.098476097 -18.287008637 -1.500000000
v 11.122870332 -16.621725409 -1.500000000
v 13.815799452 -14.461109415 -1.500000000
v 16.097013302 -11.869547707 -1.500000000
v 17.898530976 -8.924269657 -1.500000000
v 19.166666667 -5.713045500 -1.500000000
v 19.166666667 -5.713045500 5.100000000
v 19.166666667 5.713045500 5.100000000
v 17.898530976 8.924269657 5.100000000
v 16.097013302 11.869547707 5.100000000
v 13.815799452 14.461109415 5.100000000
v 11.122870332 16.621725409 5.100000000
v 8.098476097 18.287008637 5.100000000
v 4.832744669 19.407333123 5.100000000
v 1.422995894 19.949312837 5.100000000
v -2.029158616 19.896796609 5.100000000
v -5.420843547 19.251349440 5.100000000
v -8.650985595 18.032205862 5.100000000
v -11.623325489 16.275696746 5.100000000
v -14.249286543 14.034166630 5.100000000
v -16.450614273 11.374413833 5.100000000
v -18.161708404 8.375699843 5.100000000
v -19.331577780 5.127387303 5.100000000
v -19.925359917 1.726276971 5.100000000
v -19.925359917 -1.726276971 5.100000000
v -19.331577780 -5.127387303 5.100000000
v -18.161708404 -8.375699843 5.100000000
v -16.450614273 -11.374413833 5.100000000
v -14.249286543 -14.034166630 5.100000000
v -11.623325489 -16.275696746 5.100000000
v -8.650985595 -18.032205862 5.100000000
v -5.420843547 -19.251349440 5.100000000
v -2.029158616 -19.896796609 5.100000000
v 1.422995894 -19.949312837 5.100000000
v 4.832744669 -19.407333123 5.100000000
v 8.098476097 -18.287008637 5.100000000
v 11.122870332 -16.621725409 5.100000000
v 13.815799452 -14.461109415 5.100000000
v 16.097013302 -11.869547707 5.100000000
v 17.898530976 -8.924269657 5.100000000
v 19.250000000 0.000000000 6.500000000
v 18.000000000 0.000000000 9.000000000
v 18.000000000 0.000000000 9.000000000
v 17.726539554 3.125667198 9.000000000
v 16.914467174 6.156362580 9.000000000
v 15.588457268 9.000000000 9.000000000
v 13.788799976 11.570176974 9.000000000
v 11.570176974 13.788799976 9.000000000
v 9.000000000 15.588457268 9.000000000
v 6.156362580 16.914467174 9.000000000
v 3.125667198 17.726539554 9.000000000
v -0.000000000 18.000000000 9.000000000
v -3.125667198 17.726539554 9.000000000
v -6.156362580 16.914467174 9.000000000
v -9.000000000 15.588457268 9.000000000
v -11.570176974 13.788799976 9.000000000
v -13.788799976 11.570176974 9.000000000
v -15.588457268 9.000000000 9.000000000
v -16.914467174 6.156362580 9.000000000
v -17.726539554 3.125667198 9.000000000
v -18.000000000 0.000000000 9.000000000
v -17.726539554 -3.125667198 9.000000000
v -16.914467174 -6.156362580 9.000000000
v -15.588457268 -9.000000000 9.000000000
v -13.788799976 -11.570176974 9.000000000
v -11.570176974 -13.788799976 9.000000000
v -9.000000000 -15.588457268 9.000000000
v -6.156362580 -16.914467174 9.000000000
v -3.125667198 -17.726539554 9.000000000
v -0.000000000 -18.000000000 9.000000000
v 3.125667198 -17.726539554 9.000000000
v 6.156362580 -16.914467174 9.000000000
v 9.000000000 -15.588457268 9.000000000
v 11.570176974 -13.788799976 9.000000000
v 13.788799976 -11.570176974 9.000000000
v 15.588457268 -9.000000000 9.000000000
v 16.914467174 -6.156362580 9.000000000
v 17.726539554 -3.125667198 9.000000000
v 19.250000000 0.000000000 6.500000000
v 19.162332226 1.835081376 6.500000000
v 18.900127412 3.653448206 6.500000000
v 18.465773810 5.438538187 6.500000000
v 19.119107143 5.697564573 5.100000000
v 17.854308749 8.900907768 5.100000000
v 16.057422880 11.838989418 5.100000000
v 13.781999662 14.424249905 5.100000000
v 11.095850411 16.579644256 5.100000000
v 8.079026749 18.240938210 5.100000000
v 4.821434935 19.358622502 5.100000000
v 1.420156508 19.899388320 5.100000000
v -2.023444896 19.847119961 5.100000000
v -5.406744346 19.203375109 5.100000000
v -8.628914011 17.987338408 5.100000000
v -11.593927987 16.235249731 5.100000000
v -14.213424029 13.999324176 5.100000000
v -16.409336890 11.346195963 5.100000000
v -18.116224791 8.354932634 5.100000000
v -19.283219693 5.114678708 5.100000000
v -19.875543247 1.721999028 5.100000000
v -19.875543247 -1.721999028 5.100000000
v -19.283219693 -5.114678708 5.100000000
v -18.116224791 -8.354932634 5.100000000
v -16.409336890 -11.346195963 5.100000000
v -14.213424029 -13.999324176 5.100000000
v -11.593927987 -16.235249731 5.100000000
v -8.628914011 -17.987338408 5.100000000
v -5.406744346 -19.203375109 5.100000000
v -2.023444896 -19.847119961 5.100000000
v 1.420156508 -19.899388320 5.100000000
v 4.821434935 -19.358622502 5.100000000
v 8.079026749 -18.240938210 5.100000000
v 11.095850411 -16.579644256 5.100000000
v 13.781999662 -14.424249905 5.100000000
v 16.057422880 -11.838989418 5.100000000
v 17.854308749 -8.900907768 5.100000000
v 19.119107143 -5.697564573 5.100000000
v 18.465773810 -5.438538187 6.500000000
v 18.900127412 -3.653448206 6.500000000
v 19.162332226 -1.835081376 6.500000000
v 34.000000000 0.000000000 -1.500000000
v 33.483463602 5.904038041 -1.500000000
v 31.949549107 11.628684873 -1.500000000
v 29.444863729 17.000000000 -1.500000000
v 26.045511066 21.854778729 -1.500000000
v 21.854778729 26.045511066 -1.500000000
v 17.000000000 29.444863729 -1.500000000
v 11.628684873 31.949549107 -1.500000000
v 5.904038041 33.483463602 -1.500000000
v 0.000000000 34.000000000 -1.500000000
v -5.904038041 33.483463602 -1.500000000
v -11.628684873 31.949549107 -1.500000000
v -17.000000000 29.444863729 -1.500000000
v -21.854778729 26.045511066 -1.500000000
v -26.045511066 21.854778729 -1.500000000
v -29.444863729 17.000000000 -1.500000000
v -31.949549107 11.628684873 -1.500000000
v -33.483463602 5.904038041 -1.500000000
v -34.000000000 0.000000000 -1.500000000
v -33.483463602 -5.904038041 -1.500000000
v -31.949549107 -11.628684873 -1.500000000
v -29.444863729 -17.000000000 -1.500000000
v -26.045511066 -21.854778729 -1.500000000
v -21.854778729 -26.045511066 -1.500000000
v -17.000000000 -29.444863729 -1.500000000
v -11.628684873 -31.949549107 -1.500000000
v -5.904038041 -33.483463602 -1.500000000
v -0.000000000 -34.000000000 -1.500000000
v 5.904038041 -33.483463602 -1.500000000
v 11.628684873 -31.949549107 -1.500000000
v 17.000000000 -29.444863729 -1.500000000
v 21.854778729 -26.045511066 -1.500000000
v 26.045511066 -21.854778729 -1.500000000
v 29.444863729 -17.000000000 -1.500000000
v 31.949549107 -11.628684873 -1.500000000
v 33.483463602 -5.904038041 -1.500000000
v 19.166666667 5.713045500 -1.500000000
v 17.898530976 8.924269657 -1.500000000
v 16.097013302 11.869547707 -1.500000000
v 13.815799452 14.461109415 -1.500000000
v 11.122870332 16.621725409 -1.500000000
v 8.098476097 18.287008637 -1.500000000
v 4.832744669 19.407333123 -1.500000000
v 1.422995894 19.949312837 -1.500000000
v -2.029158616 19.896796609 -1.500000000
v -5.420843547 19.251349440 -1.500000000
v -8.650985595 18.032205862 -1.500000000
v -11.623325489 16.275696746 -1.500000000
v -14.249286543 14.034166630 -1.500000000
v -16.450614273 11.374413833 -1.500000000
v -18.161708404 8.375699843 -1.500000000
v -19.331577780 5.127387303 -1.500000000
v -19.925359917 1.726276971 -1.500000000
v -19.925359917 -1.726276971 -1.500000000
v -19.331577780 -5.127387303 -1.500000000
v -18.161708404 -8.375699843 -1.500000000
v -16.450614273 -11.374413833 -1.500000000
v -14.249286543 -14.034166630 -1.500000000
v -11.623325489 -16.275696746 -1.500000000
v -8.650985595 -18.032205862 -1.500000000
v -5.420843547 -19.251349440 -1.500000000
v -2.029158616 -19.896796609 -1.500000000
v 1.422995894 -19.949312837 -1.500000000
v 4.832744669 -19.407333123 -1.500000000
v 8.098476097 -18.287008637 -1.500000000
v 11.122870332 -16.621725409 -1.500000000
v 13.815799452 -14.461109415 -1.500000000
v 16.097013302 -11.869547707 -1.500000000
v 17.898530976 -8.924269657 -1.500000000
v 19.166666667 -5.713045500 -1.500000000
v 27.000000000 0.000000000 -1.500000000
v 26.912461017 1.021178106 -1.500000000
v 26.652398426 2.012558580 -1.500000000
v 26.227400764 2.945213278 -1.500000000
v 25.649869320 3.791927650 -1.500000000
v 24.936656266 4.527994859 -1.500000000
v 24.108572917 5.131936713 -1.500000000
v 23.189782463 5.586130393 -1.500000000
v 22.207094899 5.877322682 -1.500000000
v 21.189184716 5.997016687 -1.500000000
v 20.165754186 5.941719778 -1.500000000
v 20.165754186 -5.941719778 -1.500000000
v 21.189184716 -5.997016687 -1.500000000
v 22.207094899 -5.877322682 -1.500000000
v 23.189782463 -5.586130393 -1.500000000
v 24.108572917 -5.131936713 -1.500000000
v 24.936656266 -4.527994859 -1.500000000
v 25.649869320 -3.791927650 -1.500000000
v 26.227400764 -2.945213278 -1.500000000
v 26.652398426 -2.012558580 -1.500000000
v 26.912461017 -1.021178106 -1.500000000
v 18.465773810 5.438538187 6.500000000
v 17.621238809 4.958222748 6.500000000
v 16.865297019 4.347899638 6.500000000
v 16.217769701 3.623571907 6.500000000
v 15.695635422 2.804231878 6.500000000
v 15.312584867 1.911363153 6.500000000
v 15.078661857 0.968377303 6.500000000
v 15.000000000 0.000000000 6.500000000
v 15.078661857 -0.968377303 6.500000000
v 15.312584867 -1.911363153 6.500000000
v 15.695635422 -2.804231878 6.500000000
v 16.217769701 -3.623571907 6.500000000
v 16.865297019 -4.347899638 6.500000000
v 17.621238809 -4.958222748 6.500000000
v 18.465773810 -5.438538187 6.500000000
v 18.900127412 -3.653448206 6.500000000
v 19.162332226 -1.835081376 6.500000000
v 19.250000000 0.000000000 6.500000000
v 19.162332226 1.835081376 6.500000000
v 18.900127412 3.653448206 6.500000000
v 34.000000000 0.000000000 -14.900000000
v 33.483463602 5.904038041 -14.900000000
v 31.949549107 11.628684873 -14.900000000
v 29.444863729 17.000000000 -14.900000000
v 26.045511066 21.854778729 -14.900000000
v 21.854778729 26.045511066 -14.900000000
v 17.000000000 29.444863729 -14.900000000
v 11.628684873 31.949549107 -14.900000000
v 5.904038041 33.483463602 -14.900000000
v -0.000000000 34.000000000 -14.900000000
v -5.904038041 33.483463602 -14.900000000
v -11.628684873 31.949549107 -14.900000000
v -17.000000000 29.444863729 -14.900000000
v -21.854778729 26.045511066 -14.900000000
v -26.045511066 21.854778729 -14.900000000
v -29.444863729 17.000000000 -14.900000000
v -31.949549107 11.628684873 -14.900000000
v -33.483463602 5.904038041 -14.900000000
v -34.000000000 0.000000000 -14.900000000
v -33.483463602 -5.904038041 -14.900000000
v -31.949549107 -11.628684873 -14.900000000
v -29.444863729 -17.000000000 -14.900000000
v -26.045511066 -21.854778729 -14.900000000
v -21.854778729 -26.045511066 -14.900000000
v -17.000000000 -29.444863729 -14.900000000
v -11.628684873 -31.949549107 -14.900000000
v -5.904038041 -33.483463602 -14.900000000
v -0.000000000 -34.000000000 -14.900000000
v 5.904038041 -33.483463602 -14.900000000
v 11.628684873 -31.949549107 -14.900000000
v 17.000000000 -29.444863729 -14.900000000
v 21.854778729 -26.045511066 -14.900000000
v 26.045511066 -21.854778729 -14.900000000
v 29.444863729 -17.000000000 -14.900000000
v 31.949549107 -11.628684873 -14.900000000
v 33.483463602 -5.904038041 -14.900000000
v 27.000000000 0.000000000 -14.900000000
v 26.908846518 1.041889066 -14.900000000
v 26.638155725 2.052120860 -14.900000000
v 26.196152423 3.000000000 -14.900000000
v 25.596266659 3.856725658 -14.900000000
v 24.856725658 4.596266659 -14.900000000
v 24.000000000 5.196152423 -14.900000000
v 23.052120860 5.638155725 -14.900000000
v 22.041889066 5.908846518 -14.900000000
v 21.000000000 6.000000000 -14.900000000
v 19.958110934 5.908846518 -14.900000000
v 18.947879140 5.638155725 -14.900000000
v 18.000000000 5.196152423 -14.900000000
v 17.143274342 4.596266659 -14.900000000
v 16.403733341 3.856725658 -14.900000000
v 15.803847577 3.000000000 -14.900000000
v 15.361844275 2.052120860 -14.900000000
v 15.091153482 1.041889066 -14.900000000
v 15.000000000 0.000000000 -14.900000000
v 15.091153482 -1.041889066 -14.900000000
v 15.361844275 -2.052120860 -14.900000000
v 15.803847577 -3.000000000 -14.900000000
v 16.403733341 -3.856725658 -14.900000000
v 17.143274342 -4.596266659 -14.900000000
v 18.000000000 -5.196152423 -14.900000000
v 18.947879140 -5.638155725 -14.900000000
v 19.958110934 -5.908846518 -14.900000000
v 21.000000000 -6.000000000 -14.900000000
v 22.041889066 -5.908846518 -14.900000000
v 23.052120860 -5.638155725 -14.900000000
v 24.000000000 -5.196152423 -14.900000000
v 24.856725658 -4.596266659 -14.900000000
v 25.596266659 -3.856725658 -14.900000000
v 26.196152423 -3.000000000 -14.900000000
v 26.638155725 -2.052120860 -14.900000000
v 26.908846518 -1.041889066 -14.900000000
v 18.000000000 0.000000000 9.000000000
v 17.726539554 3.125667198 9.000000000
v 16.914467174 6.156362580 9.000000000
v 15.588457268 9.000000000 9.000000000
v 13.788799976 11.570176974 9.000000000
v 11.570176974 13.788799976 9.000000000
v 9.000000000 15.588457268 9.000000000
v 6.156362580 16.914467174 9.000000000
v 3.125667198 17.726539554 9.000000000
v -0.000000000 18.000000000 9.000000000
v -3.125667198 17.726539554 9.000000000
v -6.156362580 16.914467174 9.000000000
v -9.000000000 15.588457268 9.000000000
v -11.570176974 13.788799976 9.000000000
v -13.788799976 11.570176974 9.000000000
v -15.588457268 9.000000000 9.000000000
v -16.914467174 6.156362580 9.000000000
v -17.726539554 3.125667198 9.000000000
v -18.000000000 0.000000000 9.000000000
v -17.726539554 -3.125667198 9.000000000
v -16.914467174 -6.156362580 9.000000000
v -15.588457268 -9.000000000 9.000000000
v -13.788799976 -11.570176974 9.000000000
v -11.570176974 -13.788799976 9.000000000
v -9.000000000 -15.588457268 9.000000000
v -6.156362580 -16.914467174 9.000000000
v -3.125667198 -17.726539554 9.000000000
v -0.000000000 -18.000000000 9.000000000
v 3.125667198 -17.726539554 9.000000000
v 6.156362580 -16.914467174 9.000000000
v 9.000000000 -15.588457268 9.000000000
v 11.570176974 -13.788799976 9.000000000
v 13.788799976 -11.570176974 9.000000000
v 15.588457268 -9.000000000 9.000000000
v 16.914467174 -6.156362580 9.000000000
v 17.726539554 -3.125667198 9.000000000
v 16.000000000 0.000000000 9.000000000
v 15.756924048 2.778370843 9.000000000
v 15.035081933 5.472322293 9.000000000
v 13.856406461 8.000000000 9.000000000
v 12.256711090 10.284601755 9.000000000
v 10.284601755 12.256711090 9.000000000
v 8.000000000 13.856406461 9.000000000
v 5.472322293 15.035081933 9.000000000
v 2.778370843 15.756924048 9.000000000
v 0.000000000 16.000000000 9.000000000
v -2.778370843 15.756924048 9.000000000
v -5.472322293 15.035081933 9.000000000
v -8.000000000 13.856406461 9.000000000
v -10.284601755 12.256711090 9.000000000
v -12.256711090 10.284601755 9.000000000
v -13.856406461 8.000000000 9.000000000
v -15.035081933 5.472322293 9.000000000
v -15.756924048 2.778370843 9.000000000
v -16.000000000 0.000000000 9.000000000
v -15.756924048 -2.778370843 9.000000000
v -15.035081933 -5.472322293 9.000000000
v -13.856406461 -8.000000000 9.000000000
v -12.256711090 -10.284601755 9.000000000
v -10.284601755 -12.256711090 9.000000000
v -8.000000000 -13.856406461 9.000000000
v -5.472322293 -15.035081933 9.000000000
v -2.778370843 -15.756924048 9.000000000
v -0.000000000 -16.000000000 9.000000000
v 2.778370843 -15.756924048 9.000000000
v 5.472322293 -15.035081933 9.000000000
v 8.000000000 -13.856406461 9.000000000
v 10.284601755 -12.256711090 9.000000000
v 12.256711090 -10.284601755 9.000000000
v 13.856406461 -8.000000000 9.000000000
v 15.035081933 -5.472322293 9.000000000
v 15.756924048 -2.778370843 9.000000000
v 34.000000000 0.000000000 -14.900000000
v 34.000000000 0.000000000 -1.500000000
v 34.000000000 0.000000000 -1.500000000
v 33.483463602 5.904038041 -1.500000000
v 31.949549107 11.628684873 -1.500000000
v 29.444863729 17.000000000 -1.500000000
v 26.045511066 21.854778729 -1.500000000
v 21.854778729 26.045511066 -1.500000000
v 17.000000000 29.444863729 -1.500000000
v 11.628684873 31.949549107 -1.500000000
v 5.904038041 33.483463602 -1.500000000
v 0.000000000 34.000000000 -1.500000000
v -5.904038041 33.483463602 -1.500000000
v -11.628684873 31.949549107 -1.500000000
v -17.000000000 29.444863729 -1.500000000
v -21.854778729 26.045511066 -1.500000000
v -26.045511066 21.854778729 -1.500000000
v -29.444863729 17.000000000 -1.500000000
v -31.949549107 11.628684873 -1.500000000
v -33.483463602 5.904038041 -1.500000000
v -34.000000000 0.000000000 -1.500000000
v -33.483463602 -5.904038041 -1.500000000
v -31.949549107 -11.628684873 -1.500000000
v -29.444863729 -17.000000000 -1.500000000
v -26.045511066 -21.854778729 -1.500000000
v -21.854778729 -26.045511066 -1.500000000
v -17.000000000 -29.444863729 -1.500000000
v -11.628684873 -31.949549107 -1.500000000
v -5.904038041 -33.483463602 -1.500000000
v -0.000000000 -34.000000000 -1.500000000
v 5.904038041 -33.483463602 -1.500000000
v 11.628684873 -31.949549107 -1.500000000
v 17.000000000 -29.444863729 -1.500000000
v 21.854778729 -26.045511066 -1.500000000
v 26.045511066 -21.854778729 -1.500000000
v 29.444863729 -17.000000000 -1.500000000
v 31.949549107 -11.628684873 -1.500000000
v 33.483463602 -5.904038041 -1.500000000
v 34.000000000 0.000000000 -14.900000000
v 33.483463602 5.904038041 -14.900000000
v 31.949549107 11.628684873 -14.900000000
v 29.444863729 17.000000000 -14.900000000
v 26.045511066 21.854778729 -14.900000000
v 21.854778729 26.045511066 -14.900000000
v 17.000000000 29.444863729 -14.900000000
v 11.628684873 31.949549107 -14.900000000
v 5.904038041 33.483463602 -14.900000000
v -0.000000000 34.000000000 -14.900000000
v -5.904038041 33.483463602 -14.900000000
v -11.628684873 31.949549107 -14.900000000
v -17.000000000 29.444863729 -14.900000000
v -21.854778729 26.045511066 -14.900000000
v -26.045511066 21.854778729 -14.900000000
v -29.444863729 17.000000000 -14.900000000
v -31.949549107 11.628684873 -14.900000000
v -33.483463602 5.904038041 -14.900000000
v -34.000000000 0.000000000 -14.900000000
v -33.483463602 -5.904038041 -14.900000000
v -31.949549107 -11.628684873 -14.900000000
v -29.444863729 -17.000000000 -14.900000000
v -26.045511066 -21.854778729 -14.900000000
v -21.854778729 -26.045511066 -14.900000000
v -17.000000000 -29.444863729 -14.900000000
v -11.628684873 -31.949549107 -14.900000000
v -5.904038041 -33.483463602 -14.900000000
v -0.000000000 -34.000000000 -14.900000000
v 5.904038041 -33.483463602 -14.900000000
v 11.628684873 -31.949549107 -14.900000000
v 17.000000000 -29.444863729 -14.900000000
v 21.854778729 -26.045511066 -14.900000000
v 26.045511066 -21.854778729 -14.900000000
v 29.444863729 -17.000000000 -14.900000000
v 31.949549107 -11.628684873 -14.900000000
v 33.483463602 -5.904038041 -14.900000000
v 16.000000000 0.000000000 9.000000000
v 16.000000000 0.000000000 25.900000000
v 16.000000000 0.000000000 25.900000000
v 15.756924048 2.778370843 25.900000000
v 15.035081933 5.472322293 25.900000000
v 13.856406461 8.000000000 25.900000000
v 12.256711090 10.284601755 25.900000000
v 10.284601755 12.256711090 25.900000000
v 8.000000000 13.856406461 25.900000000
v 5.472322293 15.035081933 25.900000000
v 2.778370843 15.756924048 25.900000000
v -0.000000000 16.000000000 25.900000000
v -2.778370843 15.756924048 25.900000000
v -5.472322293 15.035081933 25.900000000
v -8.000000000 13.856406461 25.900000000
v -10.284601755 12.256711090 25.900000000
v -12.256711090 10.284601755 25.900000000
v -13.856406461 8.000000000 25.900000000
v -15.035081933 5.472322293 25.900000000
v -15.756924048 2.778370843 25.900000000
v -16.000000000 0.000000000 25.900000000
v -15.756924048 -2.778370843 25.900000000
v -15.035081933 -5.472322293 25.900000000
v -13.856406461 -8.000000000 25.900000000
v -12.256711090 -10.284601755 25.900000000
v -10.284601755 -12.256711090 25.900000000
v -8.000000000 -13.856406461 25.900000000
v -5.472322293 -15.035081933 25.900000000
v -2.778370843 -15.756924048 25.900000000
v -0.000000000 -16.000000000 25.900000000
v 2.778370843 -15.756924048 25.900000000
v 5.472322293 -15.035081933 25.900000000
v 8.000000000 -13.856406461 25.900000000
v 10.284601755 -12.256711090 25.900000000
v 12.256711090 -10.284601755 25.900000000
v 13.856406461 -8.000000000 25.900000000
v 15.035081933 -5.472322293 25.900000000
v 15.756924048 -2.778370843 25.900000000
v 16.000000000 0.000000000 9.000000000
v 15.756924048 2.778370843 9.000000000
v 15.035081933 5.472322293 9.000000000
v 13.856406461 8.000000000 9.000000000
v 12.256711090 10.284601755 9.000000000
v 10.284601755 12.256711090 9.000000000
v 8.000000000 13.856406461 9.000000000
v 5.472322293 15.035081933 9.000000000
v 2.778370843 15.756924048 9.000000000
v 0.000000000 16.000000000 9.000000000
v -2.778370843 15.756924048 9.000000000
v -5.472322293 15.035081933 9.000000000
v -8.000000000 13.856406461 9.000000000
v -10.284601755 12.256711090 9.000000000
v -12.256711090 10.284601755 9.000000000
v -13.856406461 8.000000000 9.000000000
v -15.035081933 5.472322293 9.000000000
v -15.756924048 2.778370843 9.000000000
v -16.000000000 0.000000000 9.000000000
v -15.756924048 -2.778370843 9.000000000
v -15.035081933 -5.472322293 9.000000000
v -13.856406461 -8.000000000 9.000000000
v -12.256711090 -10.284601755 9.000000000
v -10.284601755 -12.256711090 9.000000000
v -8.000000000 -13.856406461 9.000000000
v -5.472322293 -15.035081933 9.000000000
v -2.778370843 -15.756924048 9.000000000
v -0.000000000 -16.000000000 9.000000000
v 2.778370843 -15.756924048 9.000000000
v 5.472322293 -15.035081933 9.000000000
v 8.000000000 -13.856406461 9.000000000
v 10.284601755 -12.256711090 9.000000000
v 12.256711090 -10.284601755 9.000000000
v 13.856406461 -8.000000000 9.000000000
v 15.035081933 -5.472322293 9.000000000
v 15.756924048 -2.778370843 9.000000000
v 16.000000000 0.000000000 25.900000000
v 15.756924048 2.778370843 25.900000000
v 15.035081933 5.472322293 25.900000000
v 13.856406461 8.000000000 25.900000000
v 12.256711090 10.284601755 25.900000000
v 10.284601755 12.256711090 25.900000000
v 8.000000000 13.856406461 25.900000000
v 5.472322293 15.035081933 25.900000000
v 2.778370843 15.756924048 25.900000000
v -0.000000000 16.000000000 25.900000000
v -2.778370843 15.756924048 25.900000000
v -5.472322293 15.035081933 25.900000000
v -8.000000000 13.856406461 25.900000000
v -10.284601755 12.256711090 25.900000000
v -12.256711090 10.284601755 25.900000000
v -13.856406461 8.000000000 25.900000000
v -15.035081933 5.472322293 25.900000000
v -15.756924048 2.778370843 25.900000000
v -16.000000000 0.000000000 25.900000000
v -15.756924048 -2.778370843 25.900000000
v -15.035081933 -5.472322293 25.900000000
v -13.856406461 -8.000000000 25.900000000
v -12.256711090 -10.284601755 25.900000000
v -10.284601755 -12.256711090 25.900000000
v -8.000000000 -13.856406461 25.900000000
v -5.472322293 -15.035081933 25.900000000
v -2.778370843 -15.756924048 25.900000000
v -0.000000000 -16.000000000 25.900000000
v 2.778370843 -15.756924048 25.900000000
v 5.472322293 -15.035081933 25.900000000
v 8.000000000 -13.856406461 25.900000000
v 10.284601755 -12.256711090 25.900000000
v 12.256711090 -10.284601755 25.900000000
v 13.856406461 -8.000000000 25.900000000
v 15.035081933 -5.472322293 25.900000000
v 15.756924048 -2.778370843 25.900000000
v 15.000000000 0.000000000 25.900000000
v 14.772116295 2.604722665 25.900000000
v 14.095389312 5.130302150 25.900000000
v 12.990381057 7.500000000 25.900000000
v 11.490666647 9.641814145 25.900000000
v 9.641814145 11.490666647 25.900000000
v 7.500000000 12.990381057 25.900000000
v 5.130302150 14.095389312 25.900000000
v 2.604722665 14.772116295 25.900000000
v 0.000000000 15.000000000 25.900000000
v -2.604722665 14.772116295 25.900000000
v -5.130302150 14.095389312 25.900000000
v -7.500000000 12.990381057 25.900000000
v -9.641814145 11.490666647 25.900000000
v -11.490666647 9.641814145 25.900000000
v -12.990381057 7.500000000 25.900000000
v -14.095389312 5.130302150 25.900000000
v -14.772116295 2.604722665 25.900000000
v -15.000000000 0.000000000 25.900000000
v -14.772116295 -2.604722665 25.900000000
v -14.095389312 -5.130302150 25.900000000
v -12.990381057 -7.500000000 25.900000000
v -11.490666647 -9.641814145 25.900000000
v -9.641814145 -11.490666647 25.900000000
v -7.500000000 -12.990381057 25.900000000
v -5.130302150 -14.095389312 25.900000000
v -2.604722665 -14.772116295 25.900000000
v -0.000000000 -15.000000000 25.900000000
v 2.604722665 -14.772116295 25.900000000
v 5.130302150 -14.095389312 25.900000000
v 7.500000000 -12.990381057 25.900000000
v 9.641814145 -11.490666647 25.900000000
v 11.490666647 -9.641814145 25.900000000
v 12.990381057 -7.500000000 25.900000000
v 14.095389312 -5.130302150 25.900000000
v 14.772116295 -2.604722665 25.900000000
v 15.000000000 0.000000000 25.900000000
v 15.000000000 0.000000000 52.800000000
v 15.000000000 0.000000000 52.800000000
v 14.772116295 2.604722665 52.800000000
v 14.095389312 5.130302150 52.800000000
v 12.990381057 7.500000000 52.800000000
v 11.490666647 9.641814145 52.800000000
v 9.641814145 11.490666647 52.800000000
v 7.500000000 12.990381057 52.800000000
v 5.130302150 14.095389312 52.800000000
v 2.604722665 14.772116295 52.800000000
v 0.000000000 15.000000000 52.800000000
v -2.604722665 14.772116295 52.800000000
v -5.130302150 14.095389312 52.800000000
v -7.500000000 12.990381057 52.800000000
v -9.641814145 11.490666647 52.800000000
v -11.490666647 9.641814145 52.800000000
v -12.990381057 7.500000000 52.800000000
v -14.095389312 5.130302150 52.800000000
v -14.772116295 2.604722665 52.800000000
v -15.000000000 0.000000000 52.800000000
v -14.772116295 -2.604722665 52.800000000
v -14.095389312 -5.130302150 52.800000000
v -12.990381057 -7.500000000 52.800000000
v -11.490666647 -9.641814145 52.800000000
v -9.641814145 -11.490666647 52.800000000
v -7.500000000 -12.990381057 52.800000000
v -5.130302150 -14.095389312 52.800000000
v -2.604722665 -14.772116295 52.800000000
v -0.000000000 -15.000000000 52.800000000
v 2.604722665 -14.772116295 52.800000000
v 5.130302150 -14.095389312 52.800000000
v 7.500000000 -12.990381057 52.800000000
v 9.641814145 -11.490666647 52.800000000
v 11.490666647 -9.641814145 52.800000000
v 12.990381057 -7.500000000 52.800000000
v 14.095389312 -5.130302150 52.800000000
v 14.772116295 -2.604722665 52.800000000
v 15.000000000 0.000000000 25.900000000
v 14.772116295 2.604722665 25.900000000
v 14.095389312 5.130302150 25.900000000
v 12.990381057 7.500000000 25.900000000
v 11.490666647 9.641814145 25.900000000
v 9.641814145 11.490666647 25.900000000
v 7.500000000 12.990381057 25.900000000
v 5.130302150 14.095389312 25.900000000
v 2.604722665 14.772116295 25.900000000
v 0.000000000 15.000000000 25.900000000
v -2.604722665 14.772116295 25.900000000
v -5.130302150 14.095389312 25.900000000
v -7.500000000 12.990381057 25.900000000
v -9.641814145 11.490666647 25.900000000
v -11.490666647 9.641814145 25.900000000
v -12.990381057 7.500000000 25.900000000
v -14.095389312 5.130302150 25.900000000
v -14.772116295 2.604722665 25.900000000
v -15.000000000 0.000000000 25.900000000
v -14.772116295 -2.604722665 25.900000000
v -14.095389312 -5.130302150 25.900000000
v -12.990381057 -7.500000000 25.900000000
v -11.490666647 -9.641814145 25.900000000
v -9.641814145 -11.490666647 25.900000000
v -7.500000000 -12.990381057 25.900000000
v -5.130302150 -14.095389312 25.900000000
v -2.604722665 -14.772116295 25.900000000
v -0.000000000 -15.000000000 25.900000000
v 2.604722665 -14.772116295 25.900000000
v 5.130302150 -14.095389312 25.900000000
v 7.500000000 -12.990381057 25.900000000
v 9.641814145 -11.490666647 25.900000000
v 11.490666647 -9.641814145 25.900000000
v 12.990381057 -7.500000000 25.900000000
v 14.095389312 -5.130302150 25.900000000
v 14.772116295 -2.604722665 25.900000000
v 16.000000000 0.000000000 52.800000000
v 15.756924048 2.778370843 52.800000000
v 15.035081933 5.472322293 52.800000000
v 13.856406461 8.000000000 52.800000000
v 12.256711090 10.284601755 52.800000000
v 10.284601755 12.256711090 52.800000000
v 8.000000000 13.856406461 52.800000000
v 5.472322293 15.035081933 52.800000000
v 2.778370843 15.756924048 52.800000000
v -0.000000000 16.000000000 52.800000000
v -2.778370843 15.756924048 52.800000000
v -5.472322293 15.035081933 52.800000000
v -8.000000000 13.856406461 52.800000000
v -10.284601755 12.256711090 52.800000000
v -12.256711090 10.284601755 52.800000000
v -13.856406461 8.000000000 52.800000000
v -15.035081933 5.472322293 52.800000000
v -15.756924048 2.778370843 52.800000000
v -16.000000000 0.000000000 52.800000000
v -15.756924048 -2.778370843 52.800000000
v -15.035081933 -5.472322293 52.800000000
v -13.856406461 -8.000000000 52.800000000
v -12.256711090 -10.284601755 52.800000000
v -10.284601755 -12.256711090 52.800000000
v -8.000000000 -13.856406461 52.800000000
v -5.472322293 -15.035081933 52.800000000
v -2.778370843 -15.756924048 52.800000000
v -0.000000000 -16.000000000 52.800000000
v 2.778370843 -15.756924048 52.800000000
v 5.472322293 -15.035081933 52.800000000
v 8.000000000 -13.856406461 52.800000000
v 10.284601755 -12.256711090 52.800000000
v 12.256711090 -10.284601755 52.800000000
v 13.856406461 -8.000000000 52.800000000
v 15.035081933 -5.472322293 52.800000000
v 15.756924048 -2.778370843 52.800000000
v 15.000000000 0.000000000 52.800000000
v 14.772116295 2.604722665 52.800000000
v 14.095389312 5.130302150 52.800000000
v 12.990381057 7.500000000 52.800000000
v 11.490666647 9.641814145 52.800000000
v 9.641814145 11.490666647 52.800000000
v 7.500000000 12.990381057 52.800000000
v 5.130302150 14.095389312 52.800000000
v 2.604722665 14.772116295 52.800000000
v 0.000000000 15.000000000 52.800000000
v -2.604722665 14.772116295 52.800000000
v -5.130302150 14.095389312 52.800000000
v -7.500000000 12.990381057 52.800000000
v -9.641814145 11.490666647 52.800000000
v -11.490666647 9.641814145 52.800000000
v -12.990381057 7.500000000 52.800000000
v -14.095389312 5.130302150 52.800000000
v -14.772116295 2.604722665 52.800000000
v -15.000000000 0.000000000 52.800000000
v -14.772116295 -2.604722665 52.800000000
v -14.095389312 -5.130302150 52.800000000
v -12.990381057 -7.500000000 52.800000000
v -11.490666647 -9.641814145 52.800000000
v -9.641814145 -11.490666647 52.800000000
v -7.500000000 -12.990381057 52.800000000
v -5.130302150 -14.095389312 52.800000000
v -2.604722665 -14.772116295 52.800000000
v -0.000000000 -15.000000000 52.800000000
v 2.604722665 -14.772116295 52.800000000
v 5.130302150 -14.095389312 52.800000000
v 7.500000000 -12.990381057 52.800000000
v 9.641814145 -11.490666647 52.800000000
v 11.490666647 -9.641814145 52.800000000
v 12.990381057 -7.500000000 52.800000000
v 14.095389312 -5.130302150 52.800000000
v 14.772116295 -2.604722665 52.800000000
v 16.000000000 0.000000000 69.800000000
v 15.756924048 2.778370843 69.800000000
v 15.035081933 5.472322293 69.800000000
v 13.856406461 8.000000000 69.800000000
v 12.256711090 10.284601755 69.800000000
v 10.284601755 12.256711090 69.800000000
v 8.000000000 13.856406461 69.800000000
v 5.472322293 15.035081933 69.800000000
v 2.778370843 15.756924048 69.800000000
v -0.000000000 16.000000000 69.800000000
v -2.778370843 15.756924048 69.800000000
v -5.472322293 15.035081933 69.800000000
v -8.000000000 13.856406461 69.800000000
v -10.284601755 12.256711090 69.800000000
v -12.256711090 10.284601755 69.800000000
v -13.856406461 8.000000000 69.800000000
v -15.035081933 5.472322293 69.800000000
v -15.756924048 2.778370843 69.800000000
v -16.000000000 0.000000000 69.800000000
v -15.756924048 -2.778370843 69.800000000
v -15.035081933 -5.472322293 69.800000000
v -13.856406461 -8.000000000 69.800000000
v -12.256711090 -10.284601755 69.800000000
v -10.284601755 -12.256711090 69.800000000
v -8.000000000 -13.856406461 69.800000000
v -5.472322293 -15.035081933 69.800000000
v -2.778370843 -15.756924048 69.800000000
v -0.000000000 -16.000000000 69.800000000
v 2.778370843 -15.756924048 69.800000000
v 5.472322293 -15.035081933 69.800000000
v 8.000000000 -13.856406461 69.800000000
v 10.284601755 -12.256711090 69.800000000
v 12.256711090 -10.284601755 69.800000000
v 13.856406461 -8.000000000 69.800000000
v 15.035081933 -5.472322293 69.800000000
v 15.756924048 -2.778370843 69.800000000
v 16.000000000 0.000000000 69.800000000
v 16.000000000 0.000000000 52.800000000
v 15.756924048 2.778370843 52.800000000
v 15.035081933 5.472322293 52.800000000
v 13.856406461 8.000000000 52.800000000
v 12.256711090 10.284601755 52.800000000
v 10.284601755 12.256711090 52.800000000
v 8.000000000 13.856406461 52.800000000
v 5.472322293 15.035081933 52.800000000
v 2.778370843 15.756924048 52.800000000
v -0.000000000 16.000000000 52.800000000
v -2.778370843 15.756924048 52.800000000
v -5.472322293 15.035081933 52.800000000
v -8.000000000 13.856406461 52.800000000
v -10.284601755 12.256711090 52.800000000
v -12.256711090 10.284601755 52.800000000
v -13.856406461 8.000000000 52.800000000
v -15.035081933 5.472322293 52.800000000
v -15.756924048 2.778370843 52.800000000
v -16.000000000 0.000000000 52.800000000
v -15.756924048 -2.778370843 52.800000000
v -15.035081933 -5.472322293 52.800000000
v -13.856406461 -8.000000000 52.800000000
v -12.256711090 -10.284601755 52.800000000
v -10.284601755 -12.256711090 52.800000000
v -8.000000000 -13.856406461 52.800000000
v -5.472322293 -15.035081933 52.800000000
v -2.778370843 -15.756924048 52.800000000
v -0.000000000 -16.000000000 52.800000000
v 2.778370843 -15.756924048 52.800000000
v 5.472322293 -15.035081933 52.800000000
v 8.000000000 -13.856406461 52.800000000
v 10.284601755 -12.256711090 52.800000000
v 12.256711090 -10.284601755 52.800000000
v 13.856406461 -8.000000000 52.800000000
v 15.035081933 -5.472322293 52.800000000
v 15.756924048 -2.778370843 52.800000000
v 16.000000000 0.000000000 52.800000000
v 16.000000000 0.000000000 69.800000000
v 15.756924048 2.778370843 69.800000000
v 15.035081933 5.472322293 69.800000000
v 13.856406461 8.000000000 69.800000000
v 12.256711090 10.284601755 69.800000000
v 10.284601755 12.256711090 69.800000000
v 8.000000000 13.856406461 69.800000000
v 5.472322293 15.035081933 69.800000000
v 2.778370843 15.756924048 69.800000000
v -0.000000000 16.000000000 69.800000000
v -2.778370843 15.756924048 69.800000000
v -5.472322293 15.035081933 69.800000000
v -8.000000000 13.856406461 69.800000000
v -10.284601755 12.256711090 69.800000000
v -12.256711090 10.284601755 69.800000000
v -13.856406461 8.000000000 69.800000000
v -15.035081933 5.472322293 69.800000000
v -15.756924048 2.778370843 69.800000000
v -16.000000000 0.000000000 69.800000000
v -15.756924048 -2.778370843 69.800000000
v -15.035081933 -5.472322293 69.800000000
v -13.856406461 -8.000000000 69.800000000
v -12.256711090 -10.284601755 69.800000000
v -10.284601755 -12.256711090 69.800000000
v -8.000000000 -13.856406461 69.800000000
v -5.472322293 -15.035081933 69.800000000
v -2.778370843 -15.756924048 69.800000000
v -0.000000000 -16.000000000 69.800000000
v 2.778370843 -15.756924048 69.800000000
v 5.472322293 -15.035081933 69.800000000
v 8.000000000 -13.856406461 69.800000000
v 10.284601755 -12.256711090 69.800000000
v 12.256711090 -10.284601755 69.800000000
v 13.856406461 -8.000000000 69.800000000
v 15.035081933 -5.472322293 69.800000000
v 15.756924048 -2.778370843 69.800000000
v 14.000000000 0.000000000 69.800000000
v 13.787308542 2.431074487 69.800000000
v 13.155696691 4.788282007 69.800000000
v 12.124355653 7.000000000 69.800000000
v 10.724622204 8.999026536 69.800000000
v 8.999026536 10.724622204 69.800000000
v 7.000000000 12.124355653 69.800000000
v 4.788282007 13.155696691 69.800000000
v 2.431074487 13.787308542 69.800000000
v 0.000000000 14.000000000 69.800000000
v -2.431074487 13.787308542 69.800000000
v -4.788282007 13.155696691 69.800000000
v -7.000000000 12.124355653 69.800000000
v -8.999026536 10.724622204 69.800000000
v -10.724622204 8.999026536 69.800000000
v -12.124355653 7.000000000 69.800000000
v -13.155696691 4.788282007 69.800000000
v -13.787308542 2.431074487 69.800000000
v -14.000000000 0.000000000 69.800000000
v -13.787308542 -2.431074487 69.800000000
v -13.155696691 -4.788282007 69.800000000
v -12.124355653 -7.000000000 69.800000000
v -10.724622204 -8.999026536 69.800000000
v -8.999026536 -10.724622204 69.800000000
v -7.000000000 -12.124355653 69.800000000
v -4.788282007 -13.155696691 69.800000000
v -2.431074487 -13.787308542 69.800000000
v -0.000000000 -14.000000000 69.800000000
v 2.431074487 -13.787308542 69.800000000
v 4.788282007 -13.155696691 69.800000000
v 7.000000000 -12.124355653 69.800000000
v 8.999026536 -10.724622204 69.800000000
v 10.724622204 -8.999026536 69.800000000
v 12.124355653 -7.000000000 69.800000000
v 13.155696691 -4.788282007 69.800000000
v 13.787308542 -2.431074487 69.800000000
v 14.000000000 0.000000000 69.800000000
v 14.000000000 0.000000000 114.900000000
v 14.000000000 0.000000000 114.900000000
v 13.787308542 2.431074487 114.900000000
v 13.155696691 4.788282007 114.900000000
v 12.124355653 7.000000000 114.900000000
v 10.724622204 8.999026536 114.900000000
v 8.999026536 10.724622204 114.900000000
v 7.000000000 12.124355653 114.900000000
v 4.788282007 13.155696691 114.900000000
v 2.431074487 13.787308542 114.900000000
v -0.000000000 14.000000000 114.900000000
v -2.431074487 13.787308542 114.900000000
v -4.788282007 13.155696691 114.900000000
v -7.000000000 12.124355653 114.900000000
v -8.999026536 10.724622204 114.900000000
v -10.724622204 8.999026536 114.900000000
v -12.124355653 7.000000000 114.900000000
v -13.155696691 4.788282007 114.900000000
v -13.787308542 2.431074487 114.900000000
v -14.000000000 0.000000000 114.900000000
v -13.787308542 -2.431074487 114.900000000
v -13.155696691 -4.788282007 114.900000000
v -12.124355653 -7.000000000 114.900000000
v -10.724622204 -8.999026536 114.900000000
v -8.999026536 -10.724622204 114.900000000
v -7.000000000 -12.124355653 114.900000000
v -4.788282007 -13.155696691 114.900000000
v -2.431074487 -13.787308542 114.900000000
v -0.000000000 -14.000000000 114.900000000
v 2.431074487 -13.787308542 114.900000000
v 4.788282007 -13.155696691 114.900000000
v 7.000000000 -12.124355653 114.900000000
v 8.999026536 -10.724622204 114.900000000
v 10.724622204 -8.999026536 114.900000000
v 12.124355653 -7.000000000 114.900000000
v 13.155696691 -4.788282007 114.900000000
v 13.787308542 -2.431074487 114.900000000
v 14.000000000 0.000000000 69.800000000
v 13.787308542 2.431074487 69.800000000
v 13.155696691 4.788282007 69.800000000
v 12.124355653 7.000000000 69.800000000
v 10.724622204 8.999026536 69.800000000
v 8.999026536 10.724622204 69.800000000
v 7.000000000 12.124355653 69.800000000
v 4.788282007 13.155696691 69.800000000
v 2.431074487 13.787308542 69.800000000
v 0.000000000 14.000000000 69.800000000
v -2.431074487 13.787308542 69.800000000
v -4.788282007 13.155696691 69.800000000
v -7.000000000 12.124355653 69.800000000
v -8.999026536 10.724622204 69.800000000
v -10.724622204 8.999026536 69.800000000
v -12.124355653 7.000000000 69.800000000
v -13.155696691 4.788282007 69.800000000
v -13.787308542 2.431074487 69.800000000
v -14.000000000 0.000000000 69.800000000
v -13.787308542 -2.431074487 69.800000000
v -13.155696691 -4.788282007 69.800000000
v -12.124355653 -7.000000000 69.800000000
v -10.724622204 -8.999026536 69.800000000
v -8.999026536 -10.724622204 69.800000000
v -7.000000000 -12.124355653 69.800000000
v -4.788282007 -13.155696691 69.800000000
v -2.431074487 -13.787308542 69.800000000
v -0.000000000 -14.000000000 69.800000000
v 2.431074487 -13.787308542 69.800000000
v 4.788282007 -13.155696691 69.800000000
v 7.000000000 -12.124355653 69.800000000
v 8.999026536 -10.724622204 69.800000000
v 10.724622204 -8.999026536 69.800000000
v 12.124355653 -7.000000000 69.800000000
v 13.155696691 -4.788282007 69.800000000
v 13.787308542 -2.431074487 69.800000000
v 14.000000000 0.000000000 114.900000000
v 13.787308542 2.431074487 114.900000000
v 13.155696691 4.788282007 114.900000000
v 12.124355653 7.000000000 114.900000000
v 10.724622204 8.999026536 114.900000000
v 8.999026536 10.724622204 114.900000000
v 7.000000000 12.124355653 114.900000000
v 4.788282007 13.155696691 114.900000000
v 2.431074487 13.787308542 114.900000000
v -0.000000000 14.000000000 114.900000000
v -2.431074487 13.787308542 114.900000000
v -4.788282007 13.155696691 114.900000000
v -7.000000000 12.124355653 114.900000000
v -8.999026536 10.724622204 114.900000000
v -10.724622204 8.999026536 114.900000000
v -12.124355653 7.000000000 114.900000000
v -13.155696691 4.788282007 114.900000000
v -13.787308542 2.431074487 114.900000000
v -14.000000000 0.000000000 114.900000000
v -13.787308542 -2.431074487 114.900000000
v -13.155696691 -4.788282007 114.900000000
v -12.124355653 -7.000000000 114.900000000
v -10.724622204 -8.999026536 114.900000000
v -8.999026536 -10.724622204 114.900000000
v -7.000000000 -12.124355653 114.900000000
v -4.788282007 -13.155696691 114.900000000
v -2.431074487 -13.787308542 114.900000000
v -0.000000000 -14.000000000 114.900000000
v 2.431074487 -13.787308542 114.900000000
v 4.788282007 -13.155696691 114.900000000
v 7.000000000 -12.124355653 114.900000000
v 8.999026536 -10.724622204 114.900000000
v 10.724622204 -8.999026536 114.900000000
v 12.124355653 -7.000000000 114.900000000
v 13.155696691 -4.788282007 114.900000000
v 13.787308542 -2.431074487 114.900000000
f 2 1 20
f 2 20 21
f 3 21 22
f 3 2 21
f 4 22 23
f 4 3 22
f 5 23 24
f 5 4 23
f 6 24 25
f 6 5 24
f 7 25 26
f 7 6 25
f 8 26 27
f 8 7 26
f 9 27 28
f 9 8 27
f 10 28 29
f 10 9 28
f 11 29 30
f 11 10 29
f 12 30 31
f 12 11 30
f 13 31 32
f 13 12 31
f 14 32 33
f 14 13 32
f 15 33 34
f 15 14 33
f 16 34 35
f 16 15 34
f 17 35 36
f 17 16 35
f 18 36 37
f 18 17 36
f 19 37 38
f 19 18 37
f 58 39 41
f 58 41 42
f 58 42 43
f 58 43 44
f 58 44 45
f 58 45 46
f 58 46 47
f 58 47 48
f 58 48 49
f 58 49 50
f 58 50 51
f 58 51 52
f 58 52 53
f 58 53 54
f 58 54 55
f 58 55 56
f 58 56 57
f 79 77 78
f 79 84 77
f 82 80 81
f 83 80 82
f 83 84 79
f 83 79 80
f 92 85 87
f 86 85 92
f 91 92 87
f 88 91 87
f 89 90 91
f 89 91 88
f 95 96 97
f 108 106 107
f 112 93 95
f 112 97 98
f 112 98 99
f 112 99 100
f 112 100 101
f 112 101 102
f 112 102 103
f 112 103 104
f 112 104 105
f 112 105 106
f 112 108 109
f 112 109 110
f 112 110 111
f 112 95 97
f 112 106 108
f 151 131 132
f 152 132 133
f 152 151 132
f 153 133 134
f 153 152 133
f 154 134 135
f 154 153 134
f 155 135 136
f 155 154 135
f 156 136 137
f 156 155 136
f 157 137 138
f 157 156 137
f 158 138 139
f 158 157 138
f 159 139 140
f 159 158 139
f 160 140 141
f 160 159 140
f 161 141 142
f 161 160 141
f 162 142 143
f 162 161 142
f 163 143 144
f 163 162 143
f 164 144 145
f 164 163 144
f 165 145 146
f 165 164 145
f 166 146 147
f 166 165 146
f 167 147 148
f 167 166 147
f 168 167 148
f 150 148 149
f 150 168 148
f 190 169 170
f 190 170 171
f 190 189 169
f 191 190 171
f 192 171 172
f 192 172 173
f 192 191 171
f 193 192 173
f 194 173 174
f 194 174 175
f 194 193 173
f 195 194 175
f 196 175 176
f 196 195 175
f 197 176 177
f 197 196 176
f 198 177 178
f 198 197 177
f 199 178 179
f 199 198 178
f 200 179 180
f 200 199 179
f 201 180 181
f 201 181 182
f 201 200 180
f 202 201 182
f 203 182 183
f 203 183 184
f 203 202 182
f 204 203 184
f 205 184 185
f 205 204 184
f 206 185 186
f 206 205 185
f 188 186 187
f 188 206 186
f 234 232 233
f 228 229 230
f 235 231 232
f 235 232 234
f 236 231 235
f 240 238 239
f 241 237 238
f 241 238 240
f 242 227 228
f 242 230 231
f 242 236 237
f 242 228 230
f 242 231 236
f 242 237 241
f 208 242 243
f 208 243 244
f 208 227 242
f 265 266 267
f 265 267 268
f 265 268 269
f 265 269 270
f 274 272 273
f 278 270 271
f 278 271 272
f 278 274 275
f 278 275 276
f 278 276 277
f 278 265 270
f 278 272 274
f 279 265 278
f 282 279 280
f 282 280 281
f 282 265 279
f 246 265 282
f 303 283 284
f 304 284 285
f 304 303 284
f 305 285 286
f 305 304 285
f 306 286 287
f 306 305 286
f 307 287 288
f 307 306 287
f 308 288 289
f 308 307 288
f 309 289 290
f 309 308 289
f 310 290 291
f 310 309 290
f 311 291 292
f 311 310 291
f 312 292 293
f 312 311 292
f 313 293 294
f 313 312 293
f 314 294 295
f 314 313 294
f 315 295 296
f 315 314 295
f 316 296 297
f 316 315 296
f 317 297 298
f 317 316 297
f 318 298 299
f 318 317 298
f 319 299 300
f 319 318 299
f 320 319 300
f 302 300 301
f 302 320 300
f 354 325 326
f 353 326 327
f 353 354 326
f 355 324 325
f 355 325 354
f 352 327 328
f 352 353 327
f 356 323 324
f 356 324 355
f 351 352 328
f 329 351 328
f 357 322 323
f 357 323 356
f 350 351 329
f 330 350 329
f 358 321 322
f 358 322 357
f 349 350 330
f 348 330 331
f 348 349 330
f 347 331 332
f 347 348 331
f 346 332 333
f 346 347 332
f 345 333 334
f 345 346 333
f 344 345 334
f 335 344 334
f 343 344 335
f 336 343 335
f 342 343 336
f 337 342 336
f 341 342 337
f 338 341 337
f 340 341 338
f 339 340 338
f 359 378 379
f 360 379 380
f 360 359 379
f 361 380 381
f 361 360 380
f 362 381 382
f 362 361 381
f 363 382 383
f 363 362 382
f 364 383 384
f 364 363 383
f 365 384 385
f 365 364 384
f 366 385 386
f 366 365 385
f 367 386 387
f 367 366 386
f 368 387 388
f 368 367 387
f 369 388 389
f 369 368 388
f 370 389 390
f 370 369 389
f 371 390 391
f 371 370 390
f 372 391 392
f 372 392 393
f 372 371 391
f 373 393 394
f 373 372 393
f 374 394 395
f 374 373 394
f 375 395 396
f 375 374 395
f 376 396 397
f 376 375 396
f 377 397 398
f 377 376 397
f 503 513 512
f 504 400 399
f 501 502 503
f 501 512 511
f 501 503 512
f 500 511 510
f 500 501 511
f 499 500 510
f 498 510 509
f 498 499 510
f 497 508 507
f 497 509 508
f 497 498 509
f 496 507 506
f 496 497 507
f 495 496 506
f 494 506 505
f 494 495 506
f 493 505 504
f 493 494 505
f 482 492 491
f 480 481 482
f 480 491 490
f 480 482 491
f 479 480 490
f 478 490 489
f 478 479 490
f 477 489 488
f 477 478 489
f 476 487 486
f 476 488 487
f 476 477 488
f 475 486 485
f 475 476 486
f 474 475 485
f 473 485 484
f 473 474 485
f 472 484 483
f 472 473 484
f 461 471 470
f 459 460 461
f 459 470 469
f 459 461 470
f 458 469 468
f 458 459 469
f 457 458 468
f 456 468 467
f 456 457 468
f 455 466 465
f 455 467 466
f 455 456 467
f 454 465 464
f 454 455 465
f 453 454 464
f 452 464 463
f 452 453 464
f 451 463 462
f 451 452 463
f 440 450 449
f 438 439 440
f 438 449 448
f 438 440 449
f 437 448 447
f 437 438 448
f 436 437 447
f 435 447 446
f 435 436 447
f 434 445 444
f 434 446 445
f 434 435 446
f 433 434 444
f 432 444 443
f 432 433 444
f 431 443 442
f 431 432 443
f 430 442 441
f 430 431 442
f 419 429 428
f 417 418 419
f 417 428 427
f 417 419 428
f 416 427 426
f 416 417 427
f 415 416 426
f 414 426 425
f 414 415 426
f 413 424 423
f 413 425 424
f 413 414 425
f 412 423 422
f 412 413 423
f 411 412 422
f 410 422 421
f 410 411 422
f 409 421 420
f 409 410 421
f 405 406 407
f 405 407 408
f 401 405 408
f 404 405 401
f 403 401 402
f 403 404 401
f 399 401 409
f 409 401 408
f 399 409 420
f 399 420 430
f 399 430 441
f 399 441 451
f 399 451 462
f 399 462 472
f 399 472 483
f 399 483 493
f 399 493 504
f 516 515 514
f 527 516 517
f 526 524 525
f 528 517 518
f 528 527 517
f 535 523 524
f 535 526 536
f 535 524 526
f 529 528 518
f 534 523 535
f 530 518 519
f 530 519 520
f 530 529 518
f 533 521 522
f 533 522 523
f 533 523 534
f 531 530 520
f 532 520 521
f 532 521 533
f 532 531 520
f 548 537 538
f 547 545 546
f 549 538 539
f 549 548 538
f 556 544 545
f 556 547 557
f 556 545 547
f 550 549 539
f 555 544 556
f 551 539 540
f 551 540 541
f 551 550 539
f 554 542 543
f 554 543 544
f 554 544 555
f 552 551 541
f 553 541 542
f 553 542 554
f 553 552 541
f 569 558 559
f 568 566 567
f 570 559 560
f 570 569 559
f 577 565 566
f 577 568 578
f 577 566 568
f 571 570 560
f 576 565 577
f 572 560 561
f 572 561 562
f 572 571 560
f 575 563 564
f 575 564 565
f 575 565 576
f 573 572 562
f 574 562 563
f 574 563 575
f 574 573 562
f 590 579 580
f 589 587 588
f 591 590 580
f 598 586 587
f 598 589 599
f 598 587 589
f 592 580 581
f 592 591 580
f 597 585 586
f 597 586 598
f 593 581 582
f 593 582 583
f 593 592 581
f 596 585 597
f 594 583 584
f 594 593 583
f 595 584 585
f 595 585 596
f 595 594 584
f 611 600 601
f 610 608 609
f 612 601 602
f 612 611 601
f 619 607 608
f 619 610 620
f 619 608 610
f 613 612 602
f 618 606 607
f 618 607 619
f 614 602 603
f 614 603 604
f 614 613 602
f 617 605 606
f 617 606 618
f 615 614 604
f 616 604 605
f 616 605 617
f 616 615 604
f 626 627 628
f 624 628 621
f 625 626 628
f 625 628 624
f 623 621 622
f 623 624 621
f 628 515 621
f 621 515 611
f 611 515 600
f 600 515 590
f 590 515 579
f 579 515 569
f 569 515 558
f 558 515 548
f 548 515 537
f 537 515 527
f 527 515 516
f 649 629 630
f 650 630 631
f 650 649 630
f 651 631 632
f 651 650 631
f 652 632 633
f 652 651 632
f 653 633 634
f 653 652 633
f 654 634 635
f 654 653 634
f 655 635 636
f 655 654 635
f 656 636 637
f 656 655 636
f 657 637 638
f 657 656 637
f 658 638 639
f 658 657 638
f 659 639 640
f 659 658 639
f 660 640 641
f 660 659 640
f 661 641 642
f 661 660 641
f 662 642 643
f 662 661 642
f 663 643 644
f 663 662 643
f 664 644 645
f 664 663 644
f 665 645 646
f 665 664 645
f 666 665 646
f 648 646 647
f 648 666 646
f 688 668 667
f 689 668 688
f 690 668 689
f 697 715 696
f 725 687 686
f 725 716 687
f 726 717 716
f 726 716 725
f 727 718 717
f 727 717 726
f 728 719 718
f 728 718 727
f 729 720 719
f 729 719 728
f 730 686 685
f 730 725 686
f 731 721 720
f 731 720 729
f 732 725 730
f 732 726 725
f 733 722 721
f 733 721 731
f 734 727 726
f 734 726 732
f 735 699 698
f 735 723 722
f 735 724 723
f 735 698 724
f 735 722 733
f 736 728 727
f 736 727 734
f 737 730 685
f 738 731 729
f 738 729 728
f 738 728 736
f 739 730 737
f 739 732 730
f 740 731 738
f 741 732 739
f 741 734 732
f 742 733 731
f 742 731 740
f 743 734 741
f 743 736 734
f 744 733 742
f 744 735 733
f 744 699 735
f 745 738 736
f 745 736 743
f 746 740 738
f 746 738 745
f 747 740 746
f 747 742 740
f 748 700 699
f 748 744 742
f 748 699 744
f 748 742 747
f 749 685 684
f 749 737 685
f 750 737 749
f 750 739 737
f 750 749 684
f 751 743 741
f 751 741 739
f 751 739 750
f 751 750 684
f 752 743 751
f 752 751 684
f 753 745 743
f 753 752 684
f 753 746 745
f 753 743 752
f 754 746 753
f 755 747 746
f 755 746 754
f 756 700 748
f 756 748 747
f 756 747 755
f 757 684 683
f 758 684 757
f 758 757 683
f 759 684 758
f 759 758 683
f 760 753 684
f 760 684 759
f 761 754 753
f 761 753 760
f 762 754 761
f 762 755 754
f 763 701 700
f 763 700 756
f 763 756 755
f 763 755 762
f 764 683 682
f 765 683 764
f 765 764 682
f 766 683 765
f 766 765 682
f 767 759 683
f 767 683 766
f 768 759 767
f 768 760 759
f 768 761 760
f 769 761 768
f 770 762 761
f 770 761 769
f 771 702 701
f 771 701 763
f 771 763 762
f 771 762 770
f 772 682 681
f 773 682 772
f 774 682 773
f 774 766 682
f 775 767 766
f 775 766 774
f 776 768 767
f 776 767 775
f 777 769 768
f 777 770 769
f 777 768 776
f 778 770 777
f 779 703 702
f 779 702 771
f 779 771 770
f 779 770 778
f 780 681 680
f 780 772 681
f 781 772 780
f 781 773 772
f 782 774 773
f 782 773 781
f 783 775 774
f 783 776 775
f 783 774 782
f 784 776 783
f 784 777 776
f 785 778 777
f 785 777 784
f 786 778 785
f 787 704 703
f 787 703 779
f 787 779 778
f 787 786 704
f 787 778 786
f 788 680 679
f 788 780 680
f 789 781 780
f 789 780 788
f 790 782 781
f 790 781 789
f 791 782 790
f 791 783 782
f 792 785 784
f 792 784 783
f 792 783 791
f 793 785 792
f 794 704 786
f 794 786 785
f 794 793 705
f 794 785 793
f 795 705 704
f 795 794 705
f 795 704 794
f 796 678 677
f 796 679 678
f 796 788 679
f 797 788 796
f 797 789 788
f 798 789 797
f 798 790 789
f 799 791 790
f 799 790 798
f 800 792 791
f 800 791 799
f 801 705 793
f 801 793 792
f 801 800 706
f 801 792 800
f 802 801 706
f 802 705 801
f 803 706 705
f 803 802 706
f 803 705 802
f 804 797 796
f 804 796 677
f 805 797 804
f 805 798 797
f 806 799 798
f 806 798 805
f 807 799 806
f 808 677 676
f 808 804 677
f 808 805 804
f 809 706 800
f 809 800 799
f 809 799 807
f 810 805 808
f 811 706 809
f 812 806 805
f 812 805 810
f 813 706 811
f 814 807 806
f 814 806 812
f 815 707 706
f 815 706 813
f 816 809 807
f 816 807 814
f 817 809 816
f 817 811 809
f 818 813 811
f 818 811 817
f 819 707 815
f 819 815 813
f 819 813 818
f 820 808 676
f 821 810 808
f 821 808 820
f 822 812 810
f 822 814 812
f 822 810 821
f 823 814 822
f 824 816 814
f 824 814 823
f 825 676 675
f 825 820 676
f 826 817 816
f 826 818 817
f 826 816 824
f 827 821 820
f 827 820 825
f 828 818 826
f 829 822 821
f 829 821 827
f 830 708 707
f 830 707 819
f 830 819 818
f 830 818 828
f 831 823 822
f 831 822 829
f 832 824 823
f 832 823 831
f 833 826 824
f 833 824 832
f 834 826 833
f 834 828 826
f 835 825 675
f 836 708 830
f 836 830 828
f 836 828 834
f 837 827 825
f 837 829 827
f 837 825 835
f 838 829 837
f 839 832 831
f 839 831 829
f 839 829 838
f 840 832 839
f 841 833 832
f 841 834 833
f 841 832 840
f 842 675 674
f 842 835 675
f 843 834 841
f 844 837 835
f 844 835 842
f 845 709 708
f 845 708 836
f 845 836 834
f 845 834 843
f 846 838 837
f 846 837 844
f 847 839 838
f 847 838 846
f 848 839 847
f 848 840 839
f 849 841 840
f 849 840 848
f 850 842 674
f 851 841 849
f 851 843 841
f 852 709 845
f 852 845 843
f 852 843 851
f 853 844 842
f 853 842 850
f 854 846 844
f 854 844 853
f 855 846 854
f 855 847 846
f 855 848 847
f 856 848 855
f 857 849 848
f 857 848 856
f 858 674 673
f 858 850 674
f 859 851 849
f 859 849 857
f 860 853 850
f 860 850 858
f 861 710 709
f 861 709 852
f 861 852 851
f 861 851 859
f 862 854 853
f 862 853 860
f 863 855 854
f 863 854 862
f 864 856 855
f 864 855 863
f 865 857 856
f 865 859 857
f 865 856 864
f 866 858 673
f 867 859 865
f 868 860 858
f 868 858 866
f 869 710 861
f 869 861 859
f 869 859 867
f 870 862 860
f 870 860 868
f 871 863 862
f 871 862 870
f 872 864 863
f 872 863 871
f 873 865 864
f 873 864 872
f 874 869 867
f 874 867 865
f 874 865 873
f 875 673 672
f 875 868 866
f 875 866 673
f 876 711 710
f 876 710 869
f 876 869 874
f 877 868 875
f 877 870 868
f 878 870 877
f 879 871 870
f 879 870 878
f 880 871 879
f 880 872 871
f 881 875 672
f 882 873 872
f 882 872 880
f 883 877 875
f 883 875 881
f 883 878 877
f 884 873 882
f 884 874 873
f 884 876 874
f 885 878 883
f 886 711 876
f 886 876 884
f 887 880 879
f 887 879 878
f 887 878 885
f 888 880 887
f 889 884 882
f 889 882 880
f 889 880 888
f 890 884 889
f 891 712 711
f 891 711 886
f 891 886 884
f 891 884 890
f 892 672 671
f 892 881 672
f 893 883 881
f 893 881 892
f 894 885 883
f 894 883 893
f 895 885 894
f 895 887 885
f 896 892 671
f 896 893 892
f 897 888 887
f 897 887 895
f 898 893 896
f 899 889 888
f 899 888 897
f 900 894 893
f 900 893 898
f 901 890 889
f 901 889 899
f 902 895 894
f 902 897 895
f 902 894 900
f 903 712 891
f 903 891 890
f 903 890 901
f 904 897 902
f 905 899 897
f 905 897 904
f 906 901 899
f 906 903 901
f 906 899 905
f 907 713 712
f 907 712 903
f 907 903 906
f 908 671 670
f 908 896 671
f 908 898 896
f 909 898 908
f 909 908 670
f 909 900 898
f 910 909 670
f 910 900 909
f 911 904 902
f 911 902 900
f 911 910 670
f 911 900 910
f 912 911 670
f 912 904 911
f 913 905 904
f 913 904 912
f 914 905 913
f 914 906 905
f 915 713 907
f 915 907 906
f 915 906 914
f 916 670 669
f 917 670 916
f 917 916 669
f 918 670 917
f 918 917 669
f 919 912 670
f 919 670 918
f 920 913 912
f 920 914 913
f 920 912 919
f 921 914 920
f 922 714 713
f 922 715 714
f 922 713 915
f 922 915 914
f 922 914 921
f 923 669 668
f 924 669 923
f 924 923 668
f 925 668 690
f 925 924 668
f 925 669 924
f 926 690 691
f 926 918 669
f 926 925 690
f 926 669 925
f 927 691 692
f 927 919 918
f 927 920 919
f 927 918 926
f 927 926 691
f 928 692 693
f 928 927 692
f 928 920 927
f 929 693 694
f 929 928 693
f 929 921 920
f 929 922 921
f 929 920 928
f 930 694 695
f 930 695 696
f 930 696 715
f 930 715 922
f 930 929 694
f 930 922 929
f 955 935 936
f 956 936 937
f 956 955 936
f 954 934 935
f 954 935 955
f 957 937 938
f 957 956 937
f 953 933 934
f 953 934 954
f 958 938 939
f 958 957 938
f 952 932 933
f 952 933 953
f 959 958 939
f 940 959 939
f 951 931 932
f 951 932 952
f 960 959 940
f 961 940 941
f 961 960 940
f 962 941 942
f 962 961 941
f 963 942 943
f 963 962 942
f 964 943 944
f 964 963 943
f 965 964 944
f 945 965 944
f 966 965 945
f 946 966 945
f 967 966 946
f 947 967 946
f 968 967 947
f 948 968 947
f 950 968 948
f 949 950 948
f 989 969 970
f 990 970 971
f 990 989 970
f 991 971 972
f 991 990 971
f 992 972 973
f 992 991 972
f 993 973 974
f 993 992 973
f 994 974 975
f 994 993 974
f 995 975 976
f 995 994 975
f 996 995 976
f 997 976 977
f 997 996 976
f 998 977 978
f 998 997 977
f 999 978 979
f 999 998 978
f 1000 979 980
f 1000 999 979
f 1001 980 981
f 1001 1000 980
f 1002 981 982
f 1002 1001 981
f 1003 982 983
f 1003 1002 982
f 1004 983 984
f 1004 1003 983
f 1005 984 985
f 1005 1004 984
f 1006 985 986
f 1006 1005 985
f 988 986 987
f 988 1006 986
f 1035 1024 1025
f 1028 1036 1029
f 1027 1036 1028
f 1026 1036 1027
f 1065 1007 1008
f 1065 1063 1064
f 1065 1064 1007
f 1066 1061 1062
f 1066 1062 1063
f 1066 1063 1065
f 1067 1060 1061
f 1067 1061 1066
f 1068 1059 1060
f 1068 1060 1067
f 1069 1065 1008
f 1069 1066 1065
f 1070 1058 1059
f 1070 1059 1068
f 1071 1057 1058
f 1071 1058 1070
f 1072 1066 1069
f 1073 1056 1057
f 1073 1057 1071
f 1074 1066 1072
f 1074 1067 1066
f 1075 1008 1009
f 1075 1069 1008
f 1076 1054 1055
f 1076 1055 1056
f 1076 1056 1073
f 1077 1067 1074
f 1077 1068 1067
f 1078 1071 1070
f 1078 1070 1068
f 1078 1068 1077
f 1079 1072 1069
f 1079 1069 1075
f 1080 1071 1078
f 1080 1073 1071
f 1081 1072 1079
f 1081 1074 1072
f 1082 1073 1080
f 1083 1077 1074
f 1083 1074 1081
f 1084 1053 1054
f 1084 1076 1073
f 1084 1073 1082
f 1084 1054 1076
f 1085 1077 1083
f 1085 1078 1077
f 1086 1080 1078
f 1086 1078 1085
f 1087 1084 1082
f 1087 1080 1086
f 1087 1082 1080
f 1088 1053 1084
f 1088 1084 1087
f 1089 1075 1009
f 1089 1079 1075
f 1090 1079 1089
f 1091 1081 1079
f 1091 1079 1090
f 1092 1083 1081
f 1092 1081 1091
f 1093 1085 1083
f 1093 1092 1052
f 1093 1086 1085
f 1093 1083 1092
f 1094 1093 1052
f 1094 1086 1093
f 1095 1087 1086
f 1095 1094 1052
f 1095 1086 1094
f 1096 1052 1053
f 1096 1053 1088
f 1096 1088 1087
f 1096 1087 1095
f 1096 1095 1052
f 1097 1009 1010
f 1097 1089 1009
f 1098 1090 1089
f 1098 1089 1097
f 1099 1092 1091
f 1099 1091 1090
f 1099 1090 1098
f 1100 1092 1099
f 1100 1052 1092
f 1101 1052 1100
f 1102 1101 1051
f 1102 1052 1101
f 1103 1102 1051
f 1103 1052 1102
f 1104 1051 1052
f 1104 1103 1051
f 1104 1052 1103
f 1105 1010 1011
f 1105 1097 1010
f 1106 1098 1097
f 1106 1099 1098
f 1106 1097 1105
f 1107 1099 1106
f 1108 1100 1099
f 1108 1101 1100
f 1108 1099 1107
f 1109 1051 1101
f 1109 1101 1108
f 1110 1051 1109
f 1111 1110 1050
f 1111 1051 1110
f 1112 1050 1051
f 1112 1111 1050
f 1112 1051 1111
f 1113 1011 1012
f 1113 1106 1105
f 1113 1105 1011
f 1114 1106 1113
f 1115 1108 1107
f 1115 1107 1106
f 1115 1106 1114
f 1116 1108 1115
f 1116 1109 1108
f 1117 1109 1116
f 1118 1050 1110
f 1118 1110 1109
f 1118 1109 1117
f 1119 1050 1118
f 1120 1049 1050
f 1120 1050 1119
f 1121 1012 1013
f 1121 1113 1012
f 1122 1113 1121
f 1122 1114 1113
f 1122 1121 1013
f 1123 1114 1122
f 1123 1115 1114
f 1123 1116 1115
f 1124 1116 1123
f 1125 1116 1124
f 1125 1117 1116
f 1125 1118 1117
f 1126 1118 1125
f 1127 1119 1118
f 1127 1118 1126
f 1128 1048 1049
f 1128 1049 1120
f 1128 1120 1119
f 1128 1119 1127
f 1129 1013 1014
f 1130 1122 1013
f 1130 1013 1129
f 1130 1129 1014
f 1131 1123 1122
f 1131 1130 1014
f 1131 1122 1130
f 1132 1124 1123
f 1132 1123 1131
f 1133 1125 1124
f 1133 1124 1132
f 1134 1126 1125
f 1134 1125 1133
f 1135 1127 1126
f 1135 1126 1134
f 1136 1047 1048
f 1136 1048 1128
f 1136 1128 1127
f 1136 1127 1135
f 1137 1014 1015
f 1138 1014 1137
f 1138 1131 1014
f 1138 1137 1015
f 1139 1138 1015
f 1139 1131 1138
f 1139 1132 1131
f 1140 1133 1132
f 1140 1134 1133
f 1140 1132 1139
f 1141 1134 1140
f 1142 1135 1134
f 1142 1134 1141
f 1143 1046 1047
f 1143 1047 1136
f 1143 1136 1135
f 1143 1135 1142
f 1144 1015 1016
f 1145 1015 1144
f 1146 1144 1016
f 1147 1139 1015
f 1147 1015 1145
f 1148 1140 1139
f 1148 1139 1147
f 1149 1144 1146
f 1150 1141 1140
f 1150 1140 1148
f 1151 1144 1149
f 1151 1145 1144
f 1151 1147 1145
f 1152 1142 1141
f 1152 1143 1142
f 1152 1141 1150
f 1153 1147 1151
f 1154 1045 1046
f 1154 1046 1143
f 1154 1143 1152
f 1155 1148 1147
f 1155 1147 1153
f 1156 1150 1148
f 1156 1148 1155
f 1157 1152 1150
f 1157 1150 1156
f 1158 1016 1017
f 1158 1146 1016
f 1159 1044 1045
f 1159 1045 1154
f 1159 1154 1152
f 1159 1152 1157
f 1160 1146 1158
f 1160 1149 1146
f 1161 1151 1149
f 1161 1149 1160
f 1162 1151 1161
f 1162 1153 1151
f 1163 1158 1017
f 1163 1160 1158
f 1164 1155 1153
f 1164 1156 1155
f 1164 1153 1162
f 1165 1156 1164
f 1166 1160 1163
f 1167 1157 1156
f 1167 1156 1165
f 1168 1162 1161
f 1168 1161 1160
f 1168 1160 1166
f 1169 1157 1167
f 1169 1044 1159
f 1169 1159 1157
f 1170 1162 1168
f 1171 1164 1162
f 1171 1162 1170
f 1172 1165 1164
f 1172 1164 1171
f 1173 1167 1165
f 1173 1169 1167
f 1173 1165 1172
f 1174 1017 1018
f 1174 1163 1017
f 1175 1043 1044
f 1175 1044 1169
f 1175 1169 1173
f 1176 1166 1163
f 1176 1163 1174
f 1177 1168 1166
f 1177 1170 1168
f 1177 1166 1176
f 1178 1170 1177
f 1179 1171 1170
f 1179 1170 1178
f 1180 1174 1018
f 1181 1172 1171
f 1181 1171 1179
f 1182 1172 1181
f 1182 1173 1172
f 1183 1174 1180
f 1183 1176 1174
f 1183 1177 1176
f 1184 1043 1175
f 1184 1175 1173
f 1184 1173 1182
f 1185 1177 1183
f 1185 1178 1177
f 1186 1178 1185
f 1187 1179 1178
f 1187 1181 1179
f 1187 1178 1186
f 1188 1181 1187
f 1189 1018 1019
f 1189 1180 1018
f 1190 1182 1181
f 1190 1181 1188
f 1191 1183 1180
f 1191 1180 1189
f 1192 1042 1043
f 1192 1184 1182
f 1192 1043 1184
f 1192 1182 1190
f 1193 1183 1191
f 1193 1185 1183
f 1194 1185 1193
f 1194 1186 1185
f 1195 1187 1186
f 1195 1186 1194
f 1196 1188 1187
f 1196 1187 1195
f 1197 1189 1019
f 1198 1190 1188
f 1198 1188 1196
f 1199 1191 1189
f 1199 1193 1191
f 1199 1189 1197
f 1200 1042 1192
f 1200 1192 1190
f 1200 1190 1198
f 1201 1193 1199
f 1202 1194 1193
f 1202 1193 1201
f 1203 1195 1194
f 1203 1194 1202
f 1204 1019 1020
f 1204 1197 1019
f 1205 1196 1195
f 1205 1198 1196
f 1205 1195 1203
f 1206 1198 1205
f 1207 1199 1197
f 1207 1197 1204
f 1208 1041 1042
f 1208 1042 1200
f 1208 1200 1198
f 1208 1198 1206
f 1209 1201 1199
f 1209 1199 1207
f 1210 1202 1201
f 1210 1201 1209
f 1211 1202 1210
f 1211 1203 1202
f 1212 1205 1203
f 1212 1206 1205
f 1212 1203 1211
f 1213 1206 1212
f 1214 1204 1020
f 1215 1041 1208
f 1215 1208 1206
f 1215 1206 1213
f 1216 1207 1204
f 1216 1204 1214
f 1217 1209 1207
f 1217 1207 1216
f 1218 1211 1210
f 1218 1210 1209
f 1218 1209 1217
f 1219 1020 1021
f 1219 1214 1020
f 1220 1211 1218
f 1221 1212 1211
f 1221 1213 1212
f 1221 1211 1220
f 1222 1216 1214
f 1222 1214 1219
f 1223 1213 1221
f 1224 1217 1216
f 1224 1216 1222
f 1225 1040 1041
f 1225 1041 1215
f 1225 1215 1213
f 1225 1213 1223
f 1226 1217 1224
f 1226 1220 1218
f 1226 1218 1217
f 1227 1220 1226
f 1228 1221 1220
f 1228 1220 1227
f 1229 1223 1221
f 1229 1221 1228
f 1230 1219 1021
f 1231 1040 1225
f 1231 1225 1223
f 1231 1223 1229
f 1232 1222 1219
f 1232 1219 1230
f 1232 1224 1222
f 1233 1224 1232
f 1234 1021 1022
f 1234 1230 1021
f 1235 1226 1224
f 1235 1227 1226
f 1235 1224 1233
f 1236 1227 1235
f 1237 1232 1230
f 1237 1230 1234
f 1238 1228 1227
f 1238 1227 1236
f 1239 1232 1237
f 1239 1233 1232
f 1240 1229 1228
f 1240 1228 1238
f 1241 1235 1233
f 1241 1233 1239
f 1242 1039 1040
f 1242 1040 1231
f 1242 1231 1229
f 1242 1229 1240
f 1243 1236 1235
f 1243 1235 1241
f 1244 1236 1243
f 1244 1240 1238
f 1244 1238 1236
f 1245 1240 1244
f 1246 1039 1242
f 1246 1242 1240
f 1246 1240 1245
f 1247 1022 1023
f 1247 1234 1022
f 1248 1237 1234
f 1248 1234 1247
f 1249 1237 1248
f 1249 1239 1237
f 1250 1239 1249
f 1250 1241 1239
f 1250 1243 1241
f 1251 1250 1038
f 1251 1243 1250
f 1252 1244 1243
f 1252 1245 1244
f 1252 1251 1038
f 1252 1243 1251
f 1253 1252 1038
f 1253 1246 1245
f 1253 1245 1252
f 1254 1038 1039
f 1254 1039 1246
f 1254 1253 1038
f 1254 1246 1253
f 1255 1247 1023
f 1256 1247 1255
f 1256 1249 1248
f 1256 1248 1247
f 1257 1249 1256
f 1258 1250 1249
f 1258 1038 1250
f 1258 1249 1257
f 1259 1038 1258
f 1260 1259 1037
f 1260 1038 1259
f 1261 1260 1037
f 1261 1038 1260
f 1262 1037 1038
f 1262 1261 1037
f 1262 1038 1261
f 1263 1023 1024
f 1263 1035 1034
f 1263 1255 1023
f 1263 1024 1035
f 1264 1033 1032
f 1264 1034 1033
f 1264 1255 1263
f 1264 1263 1034
f 1264 1256 1255
f 1265 1032 1031
f 1265 1256 1264
f 1265 1257 1256
f 1265 1264 1032
f 1266 1031 1030
f 1266 1265 1031
f 1266 1258 1257
f 1266 1257 1265
f 1267 1030 1029
f 1267 1266 1030
f 1267 1037 1259
f 1267 1259 1258
f 1267 1258 1266
f 1268 1029 1036
f 1268 1037 1267
f 1268 1267 1029
f 1269 1268 1036
f 1269 1037 1268
f 1270 1036 1037
f 1270 1269 1036
f 1270 1037 1269
f 1297 1295 1296
f 1298 1293 1294
f 1298 1294 1295
f 1298 1295 1297
f 1292 1293 1298
f 1300 1291 1292
f 1300 1298 1299
f 1300 1292 1298
f 1306 1300 1301
f 1306 1301 1302
f 1306 1302 1303
f 1306 1303 1304
f 1306 1304 1305
f 1307 1300 1306
f 1308 1300 1307
f 1272 1291 1300
f 1272 1300 1308
f 1309 1330 1331
f 1310 1309 1331
f 1311 1331 1332
f 1311 1310 1331
f 1312 1332 1333
f 1312 1311 1332
f 1313 1333 1334
f 1313 1312 1333
f 1314 1334 1335
f 1314 1313 1334
f 1315 1335 1336
f 1315 1314 1335
f 1316 1336 1337
f 1316 1315 1336
f 1317 1337 1338
f 1317 1316 1337
f 1318 1338 1339
f 1318 1317 1338
f 1319 1339 1340
f 1319 1318 1339
f 1320 1340 1341
f 1320 1319 1340
f 1321 1341 1342
f 1321 1320 1341
f 1322 1342 1343
f 1322 1321 1342
f 1323 1343 1344
f 1323 1322 1343
f 1324 1344 1345
f 1324 1323 1344
f 1325 1345 1346
f 1325 1324 1345
f 1326 1346 1347
f 1326 1325 1346
f 1327 1347 1348
f 1327 1326 1347
f 1328 1348 1349
f 1328 1327 1348
f 1329 1349 1350
f 1329 1328 1349
f 1352 1351 1370
f 1352 1370 1371
f 1352 1371 1372
f 1353 1372 1373
f 1353 1352 1372
f 1354 1373 1374
f 1354 1353 1373
f 1355 1374 1375
f 1355 1354 1374
f 1356 1375 1376
f 1356 1355 1375
f 1357 1376 1377
f 1357 1356 1376
f 1358 1377 1378
f 1358 1357 1377
f 1359 1378 1379
f 1359 1358 1378
f 1360 1379 1380
f 1360 1359 1379
f 1361 1380 1381
f 1361 1360 1380
f 1362 1381 1382
f 1362 1361 1381
f 1363 1382 1383
f 1363 1362 1382
f 1364 1383 1384
f 1364 1363 1383
f 1365 1384 1385
f 1365 1364 1384
f 1366 1385 1386
f 1366 1365 1385
f 1367 1386 1387
f 1367 1366 1386
f 1368 1387 1388
f 1368 1367 1387
f 1369 1368 1388
f 1410 1390 1389
f 1411 1390 1410
f 1412 1390 1411
f 1419 1437 1418
f 1447 1409 1408
f 1447 1438 1409
f 1448 1439 1438
f 1448 1438 1447
f 1449 1440 1439
f 1449 1439 1448
f 1450 1441 1440
f 1450 1440 1449
f 1451 1442 1441
f 1451 1441 1450
f 1452 1408 1407
f 1452 1447 1408
f 1453 1443 1442
f 1453 1442 1451
f 1454 1447 1452
f 1454 1448 1447
f 1455 1444 1443
f 1455 1443 1453
f 1456 1449 1448
f 1456 1448 1454
f 1457 1421 1420
f 1457 1445 1444
f 1457 1446 1445
f 1457 1420 1446
f 1457 1444 1455
f 1458 1450 1449
f 1458 1449 1456
f 1459 1452 1407
f 1460 1451 1450
f 1460 1450 1458
f 1461 1452 1459
f 1461 1454 1452
f 1462 1453 1451
f 1462 1451 1460
f 1463 1454 1461
f 1463 1456 1454
f 1464 1455 1453
f 1464 1453 1462
f 1465 1456 1463
f 1465 1458 1456
f 1466 1455 1464
f 1466 1457 1455
f 1466 1421 1457
f 1467 1460 1458
f 1467 1458 1465
f 1468 1464 1462
f 1468 1460 1467
f 1468 1462 1460
f 1469 1464 1468
f 1470 1422 1421
f 1470 1466 1464
f 1470 1421 1466
f 1470 1464 1469
f 1471 1407 1406
f 1471 1459 1407
f 1472 1459 1471
f 1472 1461 1459
f 1472 1471 1406
f 1473 1463 1461
f 1473 1461 1472
f 1473 1472 1406
f 1474 1467 1465
f 1474 1465 1463
f 1474 1463 1473
f 1474 1473 1406
f 1475 1467 1474
f 1475 1474 1406
f 1476 1468 1467
f 1476 1469 1468
f 1476 1467 1475
f 1477 1469 1476
f 1478 1422 1470
f 1478 1470 1469
f 1478 1469 1477
f 1479 1406 1405
f 1480 1406 1479
f 1480 1479 1405
f 1481 1406 1480
f 1481 1480 1405
f 1482 1475 1406
f 1482 1406 1481
f 1483 1476 1475
f 1483 1475 1482
f 1484 1477 1476
f 1484 1476 1483
f 1485 1423 1422
f 1485 1424 1423
f 1485 1422 1478
f 1485 1478 1477
f 1485 1477 1484
f 1486 1405 1404
f 1487 1405 1486
f 1487 1486 1404
f 1488 1405 1487
f 1488 1487 1404
f 1489 1481 1405
f 1489 1405 1488
f 1490 1481 1489
f 1490 1482 1481
f 1490 1483 1482
f 1491 1483 1490
f 1492 1484 1483
f 1492 1485 1484
f 1492 1483 1491
f 1493 1424 1485
f 1493 1485 1492
f 1494 1404 1403
f 1495 1404 1494
f 1496 1404 1495
f 1496 1488 1404
f 1497 1489 1488
f 1497 1488 1496
f 1498 1490 1489
f 1498 1489 1497
f 1499 1491 1490
f 1499 1492 1491
f 1499 1490 1498
f 1500 1492 1499
f 1501 1425 1424
f 1501 1424 1493
f 1501 1493 1492
f 1501 1492 1500
f 1502 1403 1402
f 1502 1494 1403
f 1503 1494 1502
f 1503 1495 1494
f 1504 1496 1495
f 1504 1495 1503
f 1505 1497 1496
f 1505 1498 1497
f 1505 1496 1504
f 1506 1498 1505
f 1506 1499 1498
f 1507 1499 1506
f 1508 1500 1499
f 1508 1499 1507
f 1509 1426 1425
f 1509 1425 1501
f 1509 1501 1500
f 1509 1508 1426
f 1509 1500 1508
f 1510 1402 1401
f 1510 1503 1502
f 1510 1502 1402
f 1511 1503 1510
f 1512 1504 1503
f 1512 1503 1511
f 1513 1504 1512
f 1513 1505 1504
f 1514 1507 1506
f 1514 1506 1505
f 1514 1505 1513
f 1515 1507 1514
f 1516 1426 1508
f 1516 1508 1507
f 1516 1515 1427
f 1516 1507 1515
f 1517 1427 1426
f 1517 1516 1427
f 1517 1426 1516
f 1518 1400 1399
f 1518 1401 1400
f 1518 1510 1401
f 1519 1510 1518
f 1519 1511 1510
f 1520 1511 1519
f 1520 1512 1511
f 1521 1513 1512
f 1521 1512 1520
f 1522 1513 1521
f 1522 1514 1513
f 1523 1427 1515
f 1523 1515 1514
f 1523 1522 1428
f 1523 1514 1522
f 1524 1523 1428
f 1524 1427 1523
f 1525 1428 1427
f 1525 1524 1428
f 1525 1427 1524
f 1526 1519 1518
f 1526 1518 1399
f 1527 1520 1519
f 1527 1519 1526
f 1528 1521 1520
f 1528 1520 1527
f 1529 1521 1528
f 1530 1399 1398
f 1530 1526 1399
f 1531 1428 1522
f 1531 1522 1521
f 1531 1521 1529
f 1532 1526 1530
f 1532 1527 1526
f 1533 1428 1531
f 1534 1527 1532
f 1534 1528 1527
f 1535 1428 1533
f 1536 1529 1528
f 1536 1528 1534
f 1537 1429 1428
f 1537 1428 1535
f 1538 1531 1529
f 1538 1529 1536
f 1539 1531 1538
f 1539 1533 1531
f 1539 1535 1533
f 1540 1535 1539
f 1541 1429 1537
f 1541 1537 1535
f 1541 1535 1540
f 1542 1530 1398
f 1543 1532 1530
f 1543 1530 1542
f 1544 1534 1532
f 1544 1536 1534
f 1544 1532 1543
f 1545 1536 1544
f 1546 1538 1536
f 1546 1536 1545
f 1547 1398 1397
f 1547 1542 1398
f 1548 1538 1546
f 1548 1539 1538
f 1549 1543 1542
f 1549 1542 1547
f 1550 1540 1539
f 1550 1539 1548
f 1551 1544 1543
f 1551 1543 1549
f 1552 1430 1429
f 1552 1429 1541
f 1552 1541 1540
f 1552 1540 1550
f 1553 1545 1544
f 1553 1544 1551
f 1554 1545 1553
f 1554 1546 1545
f 1555 1548 1546
f 1555 1546 1554
f 1556 1548 1555
f 1556 1550 1548
f 1557 1547 1397
f 1558 1430 1552
f 1558 1552 1550
f 1558 1550 1556
f 1559 1549 1547
f 1559 1551 1549
f 1559 1547 1557
f 1560 1551 1559
f 1561 1551 1560
f 1561 1554 1553
f 1561 1553 1551
f 1562 1554 1561
f 1563 1555 1554
f 1563 1556 1555
f 1563 1554 1562
f 1564 1397 1396
f 1564 1557 1397
f 1565 1556 1563
f 1566 1559 1557
f 1566 1557 1564
f 1567 1431 1430
f 1567 1430 1558
f 1567 1558 1556
f 1567 1556 1565
f 1568 1560 1559
f 1568 1559 1566
f 1569 1561 1560
f 1569 1560 1568
f 1570 1562 1561
f 1570 1561 1569
f 1571 1563 1562
f 1571 1565 1563
f 1571 1562 1570
f 1572 1564 1396
f 1573 1565 1571
f 1574 1431 1567
f 1574 1567 1565
f 1574 1565 1573
f 1575 1566 1564
f 1575 1564 1572
f 1576 1566 1575
f 1576 1568 1566
f 1577 1569 1568
f 1577 1570 1569
f 1577 1568 1576
f 1578 1570 1577
f 1579 1571 1570
f 1579 1570 1578
f 1580 1396 1395
f 1580 1572 1396
f 1581 1573 1571
f 1581 1571 1579
f 1582 1575 1572
f 1582 1572 1580
f 1583 1432 1431
f 1583 1573 1581
f 1583 1431 1574
f 1583 1574 1573
f 1584 1576 1575
f 1584 1575 1582
f 1585 1577 1576
f 1585 1576 1584
f 1586 1578 1577
f 1586 1577 1585
f 1587 1579 1578
f 1587 1578 1586
f 1588 1580 1395
f 1589 1579 1587
f 1589 1581 1579
f 1590 1582 1580
f 1590 1580 1588
f 1591 1432 1583
f 1591 1583 1581
f 1591 1581 1589
f 1592 1584 1582
f 1592 1582 1590
f 1593 1585 1584
f 1593 1584 1592
f 1594 1586 1585
f 1594 1585 1593
f 1595 1587 1586
f 1595 1586 1594
f 1596 1587 1595
f 1596 1589 1587
f 1596 1591 1589
f 1597 1395 1394
f 1597 1590 1588
f 1597 1588 1395
f 1598 1433 1432
f 1598 1432 1591
f 1598 1591 1596
f 1599 1590 1597
f 1599 1592 1590
f 1600 1592 1599
f 1601 1593 1592
f 1601 1592 1600
f 1602 1594 1593
f 1602 1593 1601
f 1603 1597 1394
f 1604 1595 1594
f 1604 1596 1595
f 1604 1594 1602
f 1605 1599 1597
f 1605 1597 1603
f 1606 1598 1596
f 1606 1596 1604
f 1607 1600 1599
f 1607 1599 1605
f 1608 1433 1598
f 1608 1598 1606
f 1609 1601 1600
f 1609 1602 1601
f 1609 1600 1607
f 1610 1602 1609
f 1611 1604 1602
f 1611 1606 1604
f 1611 1602 1610
f 1612 1606 1611
f 1613 1434 1433
f 1613 1433 1608
f 1613 1608 1606
f 1613 1606 1612
f 1614 1394 1393
f 1614 1603 1394
f 1615 1605 1603
f 1615 1603 1614
f 1616 1607 1605
f 1616 1605 1615
f 1617 1609 1607
f 1617 1607 1616
f 1618 1614 1393
f 1618 1615 1614
f 1619 1609 1617
f 1619 1610 1609
f 1620 1615 1618
f 1621 1611 1610
f 1621 1610 1619
f 1622 1616 1615
f 1622 1615 1620
f 1623 1612 1611
f 1623 1611 1621
f 1624 1619 1617
f 1624 1617 1616
f 1624 1616 1622
f 1625 1434 1613
f 1625 1613 1612
f 1625 1612 1623
f 1626 1619 1624
f 1627 1621 1619
f 1627 1619 1626
f 1628 1623 1621
f 1628 1625 1623
f 1628 1621 1627
f 1629 1435 1434
f 1629 1434 1625
f 1629 1625 1628
f 1630 1393 1392
f 1630 1618 1393
f 1631 1618 1630
f 1631 1620 1618
f 1631 1630 1392
f 1632 1620 1631
f 1632 1622 1620
f 1632 1631 1392
f 1633 1624 1622
f 1633 1626 1624
f 1633 1632 1392
f 1633 1622 1632
f 1634 1633 1392
f 1634 1626 1633
f 1635 1627 1626
f 1635 1628 1627
f 1635 1626 1634
f 1636 1628 1635
f 1637 1435 1629
f 1637 1629 1628
f 1637 1628 1636
f 1638 1392 1391
f 1639 1392 1638
f 1639 1638 1391
f 1640 1392 1639
f 1640 1639 1391
f 1641 1634 1392
f 1641 1392 1640
f 1642 1635 1634
f 1642 1634 1641
f 1643 1636 1635
f 1643 1635 1642
f 1644 1436 1435
f 1644 1437 1436
f 1644 1435 1637
f 1644 1637 1636
f 1644 1636 1643
f 1645 1391 1390
f 1646 1391 1645
f 1646 1645 1390
f 1647 1390 1412
f 1647 1646 1390
f 1647 1391 1646
f 1648 1412 1413
f 1648 1640 1391
f 1648 1647 1412
f 1648 1391 1647
f 1649 1413 1414
f 1649 1641 1640
f 1649 1642 1641
f 1649 1640 1648
f 1649 1648 1413
f 1650 1414 1415
f 1650 1649 1414
f 1650 1642 1649
f 1651 1415 1416
f 1651 1650 1415
f 1651 1643 1642
f 1651 1644 1643
f 1651 1642 1650
f 1652 1416 1417
f 1652 1417 1418
f 1652 1418 1437
f 1652 1437 1644
f 1652 1651 1416
f 1652 1644 1651
f 1666 1667 1673
f 1668 1673 1667
f 1665 1666 1673
f 1669 1673 1668
f 1664 1665 1673
f 1672 1673 1669
f 1670 1672 1669
f 1663 1664 1673
f 1671 1672 1670
f 1662 1663 1673
f 1674 1658 1659
f 1674 1659 1660
f 1674 1660 1661
f 1674 1661 1662
f 1674 1662 1673
f 1657 1658 1674
f 1656 1657 1674
f 1655 1656 1674
f 1675 1653 1654
f 1675 1654 1655
f 1675 1655 1674
f 1704 1693 1694
f 1697 1705 1698
f 1696 1705 1697
f 1695 1705 1696
f 1734 1676 1677
f 1734 1732 1733
f 1734 1733 1676
f 1735 1730 1731
f 1735 1731 1732
f 1735 1732 1734
f 1736 1729 1730
f 1736 1730 1735
f 1737 1728 1729
f 1737 1729 1736
f 1738 1734 1677
f 1739 1727 1728
f 1739 1728 1737
f 1740 1726 1727
f 1740 1727 1739
f 1741 1734 1738
f 1741 1735 1734
f 1742 1725 1726
f 1742 1726 1740
f 1743 1737 1736
f 1743 1736 1735
f 1743 1735 1741
f 1744 1677 1678
f 1744 1738 1677
f 1745 1723 1724
f 1745 1724 1725
f 1745 1725 1742
f 1746 1737 1743
f 1747 1739 1737
f 1747 1737 1746
f 1748 1743 1741
f 1748 1741 1738
f 1748 1738 1744
f 1749 1740 1739
f 1749 1739 1747
f 1750 1743 1748
f 1751 1742 1740
f 1751 1740 1749
f 1752 1747 1746
f 1752 1746 1743
f 1752 1743 1750
f 1753 1722 1723
f 1753 1742 1751
f 1753 1745 1742
f 1753 1723 1745
f 1754 1747 1752
f 1755 1749 1747
f 1755 1747 1754
f 1756 1749 1755
f 1756 1751 1749
f 1756 1753 1751
f 1757 1722 1753
f 1757 1753 1756
f 1758 1744 1678
f 1759 1748 1744
f 1759 1744 1758
f 1760 1750 1748
f 1760 1748 1759
f 1761 1752 1750
f 1761 1750 1760
f 1762 1754 1752
f 1762 1755 1754
f 1762 1752 1761
f 1762 1761 1721
f 1763 1755 1762
f 1763 1762 1721
f 1764 1756 1755
f 1764 1763 1721
f 1764 1755 1763
f 1765 1721 1722
f 1765 1722 1757
f 1765 1757 1756
f 1765 1764 1721
f 1765 1756 1764
f 1766 1678 1679
f 1766 1679 1680
f 1766 1759 1758
f 1766 1758 1678
f 1767 1759 1766
f 1768 1761 1760
f 1768 1760 1759
f 1768 1759 1767
f 1769 1721 1761
f 1769 1761 1768
f 1770 1721 1769
f 1771 1770 1720
f 1771 1721 1770
f 1772 1771 1720
f 1772 1721 1771
f 1773 1720 1721
f 1773 1772 1720
f 1773 1721 1772
f 1774 1766 1680
f 1775 1766 1774
f 1775 1767 1766
f 1776 1768 1767
f 1776 1767 1775
f 1777 1769 1768
f 1777 1770 1769
f 1777 1768 1776
f 1778 1720 1770
f 1778 1770 1777
f 1779 1720 1778
f 1780 1779 1719
f 1780 1720 1779
f 1781 1719 1720
f 1781 1780 1719
f 1781 1720 1780
f 1782 1680 1681
f 1782 1774 1680
f 1783 1775 1774
f 1783 1774 1782
f 1784 1777 1776
f 1784 1776 1775
f 1784 1775 1783
f 1785 1778 1777
f 1785 1777 1784
f 1786 1778 1785
f 1787 1719 1779
f 1787 1779 1778
f 1787 1778 1786
f 1788 1719 1787
f 1789 1718 1719
f 1789 1719 1788
f 1790 1681 1682
f 1790 1782 1681
f 1791 1782 1790
f 1791 1783 1782
f 1791 1790 1682
f 1792 1783 1791
f 1792 1784 1783
f 1792 1785 1784
f 1793 1785 1792
f 1794 1785 1793
f 1794 1786 1785
f 1794 1787 1786
f 1795 1787 1794
f 1796 1788 1787
f 1796 1787 1795
f 1797 1717 1718
f 1797 1718 1789
f 1797 1789 1788
f 1797 1788 1796
f 1798 1682 1683
f 1799 1792 1791
f 1799 1791 1682
f 1799 1682 1798
f 1799 1798 1683
f 1800 1799 1683
f 1800 1792 1799
f 1801 1793 1792
f 1801 1792 1800
f 1802 1794 1793
f 1802 1793 1801
f 1803 1795 1794
f 1803 1794 1802
f 1804 1796 1795
f 1804 1795 1803
f 1805 1716 1717
f 1805 1717 1797
f 1805 1797 1796
f 1805 1796 1804
f 1806 1683 1684
f 1807 1683 1806
f 1807 1800 1683
f 1807 1806 1684
f 1808 1807 1684
f 1808 1800 1807
f 1808 1801 1800
f 1809 1802 1801
f 1809 1803 1802
f 1809 1801 1808
f 1810 1803 1809
f 1811 1804 1803
f 1811 1803 1810
f 1812 1715 1716
f 1812 1716 1805
f 1812 1805 1804
f 1812 1804 1811
f 1813 1684 1685
f 1814 1684 1813
f 1815 1813 1685
f 1816 1808 1684
f 1816 1684 1814
f 1817 1809 1808
f 1817 1808 1816
f 1818 1813 1815
f 1819 1810 1809
f 1819 1809 1817
f 1820 1813 1818
f 1820 1814 1813
f 1820 1816 1814
f 1821 1811 1810
f 1821 1812 1811
f 1821 1810 1819
f 1822 1816 1820
f 1823 1714 1715
f 1823 1715 1812
f 1823 1812 1821
f 1824 1817 1816
f 1824 1816 1822
f 1825 1819 1817
f 1825 1817 1824
f 1826 1821 1819
f 1826 1819 1825
f 1827 1685 1686
f 1827 1815 1685
f 1828 1713 1714
f 1828 1714 1823
f 1828 1823 1821
f 1828 1821 1826
f 1829 1815 1827
f 1829 1818 1815
f 1830 1820 1818
f 1830 1818 1829
f 1831 1820 1830
f 1831 1822 1820
f 1832 1827 1686
f 1833 1824 1822
f 1833 1825 1824
f 1833 1822 1831
f 1834 1825 1833
f 1835 1827 1832
f 1835 1829 1827
f 1836 1826 1825
f 1836 1825 1834
f 1837 1831 1830
f 1837 1830 1829
f 1837 1829 1835
f 1838 1826 1836
f 1838 1713 1828
f 1838 1828 1826
f 1839 1831 1837
f 1840 1833 1831
f 1840 1831 1839
f 1841 1834 1833
f 1841 1833 1840
f 1842 1836 1834
f 1842 1838 1836
f 1842 1834 1841
f 1843 1686 1687
f 1843 1832 1686
f 1844 1712 1713
f 1844 1713 1838
f 1844 1838 1842
f 1845 1835 1832
f 1845 1832 1843
f 1846 1837 1835
f 1846 1839 1837
f 1846 1835 1845
f 1847 1839 1846
f 1848 1840 1839
f 1848 1839 1847
f 1849 1843 1687
f 1850 1841 1840
f 1850 1840 1848
f 1851 1841 1850
f 1851 1842 1841
f 1852 1843 1849
f 1852 1845 1843
f 1852 1846 1845
f 1853 1712 1844
f 1853 1844 1842
f 1853 1842 1851
f 1854 1846 1852
f 1854 1847 1846
f 1855 1847 1854
f 1856 1848 1847
f 1856 1850 1848
f 1856 1847 1855
f 1857 1850 1856
f 1858 1687 1688
f 1858 1849 1687
f 1859 1851 1850
f 1859 1850 1857
f 1860 1852 1849
f 1860 1854 1852
f 1860 1849 1858
f 1861 1711 1712
f 1861 1853 1851
f 1861 1712 1853
f 1861 1851 1859
f 1862 1854 1860
f 1863 1854 1862
f 1863 1855 1854
f 1864 1856 1855
f 1864 1855 1863
f 1865 1857 1856
f 1865 1856 1864
f 1866 1858 1688
f 1867 1859 1857
f 1867 1857 1865
f 1868 1860 1858
f 1868 1858 1866
f 1868 1862 1860
f 1869 1711 1861
f 1869 1861 1859
f 1869 1859 1867
f 1870 1862 1868
f 1871 1863 1862
f 1871 1862 1870
f 1872 1864 1863
f 1872 1863 1871
f 1873 1688 1689
f 1873 1868 1866
f 1873 1866 1688
f 1874 1865 1864
f 1874 1867 1865
f 1874 1864 1872
f 1875 1867 1874
f 1876 1868 1873
f 1877 1710 1711
f 1877 1711 1869
f 1877 1869 1867
f 1877 1867 1875
f 1878 1870 1868
f 1878 1868 1876
f 1879 1870 1878
f 1879 1871 1870
f 1880 1872 1871
f 1880 1871 1879
f 1881 1874 1872
f 1881 1875 1874
f 1881 1872 1880
f 1882 1875 1881
f 1883 1873 1689
f 1884 1710 1877
f 1884 1877 1875
f 1884 1875 1882
f 1885 1873 1883
f 1885 1876 1873
f 1886 1878 1876
f 1886 1876 1885
f 1887 1879 1878
f 1887 1880 1879
f 1887 1878 1886
f 1888 1689 1690
f 1888 1885 1883
f 1888 1883 1689
f 1889 1880 1887
f 1890 1881 1880
f 1890 1882 1881
f 1890 1880 1889
f 1891 1885 1888
f 1891 1886 1885
f 1892 1882 1890
f 1893 1886 1891
f 1894 1709 1710
f 1894 1710 1884
f 1894 1884 1882
f 1894 1882 1892
f 1895 1886 1893
f 1895 1887 1886
f 1895 1889 1887
f 1896 1889 1895
f 1897 1890 1889
f 1897 1889 1896
f 1898 1892 1890
f 1898 1890 1897
f 1899 1888 1690
f 1900 1709 1894
f 1900 1894 1892
f 1900 1892 1898
f 1901 1888 1899
f 1901 1891 1888
f 1902 1891 1901
f 1902 1893 1891
f 1903 1690 1691
f 1903 1899 1690
f 1904 1895 1893
f 1904 1893 1902
f 1904 1896 1895
f 1905 1896 1904
f 1906 1902 1901
f 1906 1901 1899
f 1906 1899 1903
f 1907 1897 1896
f 1907 1896 1905
f 1908 1902 1906
f 1909 1898 1897
f 1909 1897 1907
f 1910 1904 1902
f 1910 1902 1908
f 1911 1708 1709
f 1911 1709 1900
f 1911 1900 1898
f 1911 1898 1909
f 1912 1905 1904
f 1912 1904 1910
f 1913 1905 1912
f 1913 1907 1905
f 1913 1909 1907
f 1914 1909 1913
f 1915 1708 1911
f 1915 1911 1909
f 1915 1909 1914
f 1916 1903 1691
f 1917 1903 1916
f 1917 1906 1903
f 1917 1908 1906
f 1918 1908 1917
f 1919 1908 1918
f 1919 1910 1908
f 1919 1912 1910
f 1920 1919 1707
f 1920 1912 1919
f 1921 1913 1912
f 1921 1914 1913
f 1921 1920 1707
f 1921 1912 1920
f 1922 1921 1707
f 1922 1915 1914
f 1922 1914 1921
f 1923 1707 1708
f 1923 1708 1915
f 1923 1922 1707
f 1923 1915 1922
f 1924 1691 1692
f 1924 1916 1691
f 1925 1916 1924
f 1925 1917 1916
f 1925 1918 1917
f 1926 1918 1925
f 1927 1919 1918
f 1927 1707 1919
f 1927 1918 1926
f 1928 1707 1927
f 1929 1928 1706
f 1929 1707 1928
f 1930 1929 1706
f 1930 1707 1929
f 1931 1706 1707
f 1931 1930 1706
f 1931 1707 1930
f 1932 1692 1693
f 1932 1704 1703
f 1932 1693 1704
f 1932 1924 1692
f 1933 1702 1701
f 1933 1703 1702
f 1933 1932 1703
f 1933 1925 1924
f 1933 1924 1932
f 1934 1701 1700
f 1934 1925 1933
f 1934 1926 1925
f 1934 1933 1701
f 1935 1700 1699
f 1935 1934 1700
f 1935 1927 1926
f 1935 1926 1934
f 1936 1699 1698
f 1936 1935 1699
f 1936 1706 1928
f 1936 1928 1927
f 1936 1927 1935
f 1937 1698 1705
f 1937 1706 1936
f 1937 1936 1698
f 1938 1937 1705
f 1938 1706 1937
f 1939 1705 1706
f 1939 1938 1705
f 1939 1706 1938
f 1943 1940 1941
f 1943 1941 1942
f 1944 1965 1966
f 1945 1944 1966
f 1946 1966 1967
f 1946 1945 1966
f 1947 1967 1968
f 1947 1946 1967
f 1948 1968 1969
f 1948 1947 1968
f 1949 1969 1970
f 1949 1948 1969
f 1950 1970 1971
f 1950 1949 1970
f 1951 1971 1972
f 1951 1950 1971
f 1952 1972 1973
f 1952 1951 1972
f 1953 1973 1974
f 1953 1952 1973
f 1954 1974 1975
f 1954 1953 1974
f 1955 1975 1976
f 1955 1954 1975
f 1956 1976 1977
f 1956 1955 1976
f 1957 1977 1978
f 1957 1956 1977
f 1958 1978 1979
f 1958 1957 1978
f 1959 1979 1980
f 1959 1958 1979
f 1960 1980 1981
f 1960 1959 1980
f 1961 1981 1982
f 1961 1960 1981
f 1962 1982 1983
f 1962 1961 1982
f 1963 1983 1984
f 1963 1962 1983
f 1964 1984 1985
f 1964 1963 1984
f 1996 1995 1986
f 1994 1986 1995
f 1997 1996 1986
f 1993 1986 1994
f 1998 1997 1986
f 1987 1986 1993
f 1992 1987 1993
f 1999 1998 1986
f 1991 1987 1992
f 2000 1999 1986
f 1988 2001 2000
f 1988 2002 2001
f 1988 2003 2002
f 1988 2004 2003
f 1988 2000 1986
f 2005 2004 1988
f 2006 2005 1988
f 2007 2006 1988
f 1989 2008 2007
f 1989 1990 2008
f 1989 2007 1988
f 2030 2010 2009
f 2031 2010 2030
f 2032 2010 2031
f 2039 2057 2038
f 2067 2029 2028
f 2067 2058 2029
f 2068 2059 2058
f 2068 2058 2067
f 2069 2060 2059
f 2069 2059 2068
f 2070 2061 2060
f 2070 2060 2069
f 2071 2062 2061
f 2071 2061 2070
f 2072 2028 2027
f 2072 2067 2028
f 2073 2063 2062
f 2073 2062 2071
f 2074 2067 2072
f 2074 2068 2067
f 2075 2064 2063
f 2075 2063 2073
f 2076 2069 2068
f 2076 2068 2074
f 2077 2041 2040
f 2077 2065 2064
f 2077 2066 2065
f 2077 2040 2066
f 2077 2064 2075
f 2078 2070 2069
f 2078 2069 2076
f 2079 2072 2027
f 2080 2073 2071
f 2080 2071 2070
f 2080 2070 2078
f 2081 2072 2079
f 2081 2074 2072
f 2082 2073 2080
f 2083 2074 2081
f 2083 2076 2074
f 2084 2075 2073
f 2084 2073 2082
f 2085 2076 2083
f 2085 2078 2076
f 2086 2075 2084
f 2086 2077 2075
f 2086 2041 2077
f 2087 2080 2078
f 2087 2078 2085
f 2088 2082 2080
f 2088 2080 2087
f 2089 2086 2084
f 2089 2082 2088
f 2089 2084 2082
f 2090 2042 2041
f 2090 2041 2086
f 2090 2086 2089
f 2091 2027 2026
f 2091 2079 2027
f 2092 2079 2091
f 2092 2081 2079
f 2092 2091 2026
f 2093 2083 2081
f 2093 2081 2092
f 2093 2092 2026
f 2094 2085 2083
f 2094 2083 2093
f 2094 2093 2026
f 2095 2087 2085
f 2095 2094 2026
f 2095 2088 2087
f 2095 2085 2094
f 2096 2088 2095
f 2097 2089 2088
f 2097 2088 2096
f 2098 2042 2090
f 2098 2090 2089
f 2098 2089 2097
f 2099 2026 2025
f 2100 2026 2099
f 2100 2099 2025
f 2101 2026 2100
f 2101 2100 2025
f 2102 2095 2026
f 2102 2096 2095
f 2102 2026 2101
f 2103 2096 2102
f 2104 2097 2096
f 2104 2096 2103
f 2105 2043 2042
f 2105 2044 2043
f 2105 2042 2098
f 2105 2098 2097
f 2105 2097 2104
f 2106 2025 2024
f 2107 2025 2106
f 2107 2106 2024
f 2108 2025 2107
f 2108 2107 2024
f 2109 2101 2025
f 2109 2102 2101
f 2109 2025 2108
f 2110 2102 2109
f 2111 2103 2102
f 2111 2102 2110
f 2112 2104 2103
f 2112 2103 2111
f 2113 2044 2105
f 2113 2105 2104
f 2113 2104 2112
f 2114 2024 2023
f 2115 2024 2114
f 2116 2108 2024
f 2116 2024 2115
f 2117 2109 2108
f 2117 2108 2116
f 2118 2110 2109
f 2118 2109 2117
f 2119 2111 2110
f 2119 2110 2118
f 2120 2111 2119
f 2120 2112 2111
f 2121 2045 2044
f 2121 2044 2113
f 2121 2113 2112
f 2121 2112 2120
f 2122 2023 2022
f 2122 2114 2023
f 2123 2114 2122
f 2123 2115 2114
f 2123 2116 2115
f 2124 2116 2123
f 2125 2117 2116
f 2125 2116 2124
f 2126 2118 2117
f 2126 2117 2125
f 2127 2119 2118
f 2127 2120 2119
f 2127 2118 2126
f 2128 2120 2127
f 2129 2046 2045
f 2129 2045 2121
f 2129 2121 2120
f 2129 2128 2046
f 2129 2120 2128
f 2130 2022 2021
f 2130 2122 2022
f 2131 2123 2122
f 2131 2122 2130
f 2132 2124 2123
f 2132 2123 2131
f 2133 2125 2124
f 2133 2124 2132
f 2134 2126 2125
f 2134 2125 2133
f 2135 2127 2126
f 2135 2128 2127
f 2135 2126 2134
f 2136 2046 2128
f 2136 2135 2047
f 2136 2128 2135
f 2137 2047 2046
f 2137 2136 2047
f 2137 2046 2136
f 2138 2021 2020
f 2138 2130 2021
f 2139 2130 2138
f 2139 2131 2130
f 2140 2132 2131
f 2140 2131 2139
f 2141 2132 2140
f 2141 2133 2132
f 2142 2134 2133
f 2142 2135 2134
f 2142 2133 2141
f 2143 2047 2135
f 2143 2142 2048
f 2143 2135 2142
f 2144 2143 2048
f 2144 2047 2143
f 2145 2048 2047
f 2145 2144 2048
f 2145 2047 2144
f 2146 2020 2019
f 2146 2138 2020
f 2147 2138 2146
f 2147 2139 2138
f 2148 2140 2139
f 2148 2139 2147
f 2149 2140 2148
f 2149 2141 2140
f 2150 2019 2018
f 2150 2146 2019
f 2151 2048 2142
f 2151 2142 2141
f 2151 2141 2149
f 2152 2147 2146
f 2152 2146 2150
f 2153 2048 2151
f 2154 2148 2147
f 2154 2147 2152
f 2155 2048 2153
f 2156 2149 2148
f 2156 2148 2154
f 2157 2049 2048
f 2157 2048 2155
f 2158 2151 2149
f 2158 2149 2156
f 2159 2151 2158
f 2159 2153 2151
f 2160 2155 2153
f 2160 2153 2159
f 2161 2049 2157
f 2161 2157 2155
f 2161 2155 2160
f 2162 2150 2018
f 2163 2152 2150
f 2163 2150 2162
f 2164 2154 2152
f 2164 2152 2163
f 2165 2156 2154
f 2165 2154 2164
f 2166 2159 2158
f 2166 2158 2156
f 2166 2156 2165
f 2167 2018 2017
f 2167 2163 2162
f 2167 2162 2018
f 2168 2159 2166
f 2169 2163 2167
f 2170 2160 2159
f 2170 2161 2160
f 2170 2159 2168
f 2171 2164 2163
f 2171 2165 2164
f 2171 2163 2169
f 2172 2050 2049
f 2172 2049 2161
f 2172 2161 2170
f 2173 2165 2171
f 2174 2166 2165
f 2174 2165 2173
f 2175 2168 2166
f 2175 2166 2174
f 2176 2170 2168
f 2176 2168 2175
f 2177 2167 2017
f 2177 2169 2167
f 2178 2050 2172
f 2178 2172 2170
f 2178 2170 2176
f 2179 2169 2177
f 2180 2171 2169
f 2180 2169 2179
f 2181 2173 2171
f 2181 2171 2180
f 2182 2173 2181
f 2182 2174 2173
f 2183 2175 2174
f 2183 2174 2182
f 2184 2017 2016
f 2184 2177 2017
f 2185 2176 2175
f 2185 2175 2183
f 2186 2179 2177
f 2186 2177 2184
f 2187 2051 2050
f 2187 2050 2178
f 2187 2178 2176
f 2187 2176 2185
f 2188 2180 2179
f 2188 2179 2186
f 2189 2181 2180
f 2189 2180 2188
f 2190 2181 2189
f 2190 2182 2181
f 2190 2183 2182
f 2191 2183 2190
f 2192 2184 2016
f 2193 2185 2183
f 2193 2183 2191
f 2194 2051 2187
f 2194 2187 2185
f 2194 2185 2193
f 2195 2186 2184
f 2195 2188 2186
f 2195 2184 2192
f 2196 2188 2195
f 2196 2189 2188
f 2197 2189 2196
f 2198 2190 2189
f 2198 2189 2197
f 2199 2191 2190
f 2199 2193 2191
f 2199 2190 2198
f 2200 2016 2015
f 2200 2192 2016
f 2200 2195 2192
f 2201 2194 2193
f 2201 2193 2199
f 2202 2195 2200
f 2203 2052 2051
f 2203 2051 2194
f 2203 2194 2201
f 2204 2196 2195
f 2204 2195 2202
f 2205 2197 2196
f 2205 2196 2204
f 2206 2198 2197
f 2206 2197 2205
f 2207 2199 2198
f 2207 2198 2206
f 2208 2200 2015
f 2209 2199 2207
f 2209 2201 2199
f 2210 2202 2200
f 2210 2200 2208
f 2211 2052 2203
f 2211 2203 2201
f 2211 2201 2209
f 2212 2204 2202
f 2212 2202 2210
f 2213 2205 2204
f 2213 2204 2212
f 2214 2206 2205
f 2214 2205 2213
f 2215 2207 2206
f 2215 2206 2214
f 2216 2207 2215
f 2216 2209 2207
f 2216 2211 2209
f 2217 2015 2014
f 2217 2210 2208
f 2217 2208 2015
f 2218 2053 2052
f 2218 2052 2211
f 2218 2211 2216
f 2219 2210 2217
f 2220 2212 2210
f 2220 2210 2219
f 2221 2213 2212
f 2221 2212 2220
f 2222 2214 2213
f 2222 2215 2214
f 2222 2213 2221
f 2223 2217 2014
f 2224 2215 2222
f 2225 2219 2217
f 2225 2217 2223
f 2226 2216 2215
f 2226 2215 2224
f 2227 2220 2219
f 2227 2219 2225
f 2228 2216 2226
f 2228 2053 2218
f 2228 2218 2216
f 2229 2221 2220
f 2229 2220 2227
f 2230 2222 2221
f 2230 2221 2229
f 2231 2224 2222
f 2231 2226 2224
f 2231 2222 2230
f 2232 2226 2231
f 2233 2054 2053
f 2233 2228 2226
f 2233 2053 2228
f 2233 2226 2232
f 2234 2014 2013
f 2234 2223 2014
f 2235 2225 2223
f 2235 2223 2234
f 2235 2227 2225
f 2236 2227 2235
f 2237 2229 2227
f 2237 2227 2236
f 2238 2234 2013
f 2239 2229 2237
f 2239 2230 2229
f 2240 2235 2234
f 2240 2236 2235
f 2240 2234 2238
f 2241 2231 2230
f 2241 2230 2239
f 2242 2237 2236
f 2242 2236 2240
f 2243 2232 2231
f 2243 2231 2241
f 2244 2237 2242
f 2245 2054 2233
f 2245 2233 2232
f 2245 2232 2243
f 2246 2239 2237
f 2246 2237 2244
f 2247 2241 2239
f 2247 2239 2246
f 2248 2243 2241
f 2248 2241 2247
f 2248 2245 2243
f 2249 2055 2054
f 2249 2054 2245
f 2249 2245 2248
f 2250 2013 2012
f 2250 2238 2013
f 2251 2238 2250
f 2251 2250 2012
f 2251 2240 2238
f 2252 2251 2012
f 2252 2240 2251
f 2252 2242 2240
f 2253 2242 2252
f 2253 2244 2242
f 2253 2252 2012
f 2254 2246 2244
f 2254 2253 2012
f 2254 2244 2253
f 2255 2247 2246
f 2255 2246 2254
f 2256 2248 2247
f 2256 2249 2248
f 2256 2247 2255
f 2257 2055 2249
f 2257 2249 2256
f 2258 2012 2011
f 2259 2012 2258
f 2259 2258 2011
f 2260 2012 2259
f 2260 2259 2011
f 2261 2254 2012
f 2261 2012 2260
f 2261 2255 2254
f 2262 2256 2255
f 2262 2255 2261
f 2263 2256 2262
f 2264 2056 2055
f 2264 2055 2257
f 2264 2257 2256
f 2264 2256 2263
f 2265 2011 2010
f 2266 2011 2265
f 2266 2265 2010
f 2267 2010 2032
f 2267 2266 2010
f 2267 2011 2266
f 2268 2032 2033
f 2268 2260 2011
f 2268 2261 2260
f 2268 2267 2032
f 2268 2011 2267
f 2269 2033 2034
f 2269 2268 2033
f 2269 2261 2268
f 2270 2034 2035
f 2270 2262 2261
f 2270 2269 2034
f 2270 2261 2269
f 2271 2035 2036
f 2271 2262 2270
f 2271 2263 2262
f 2271 2270 2035
f 2272 2036 2037
f 2272 2037 2038
f 2272 2057 2056
f 2272 2038 2057
f 2272 2056 2264
f 2272 2264 2263
f 2272 2271 2036
f 2272 2263 2271
f 2294 2273 2274
f 2294 2293 2273
f 2295 2274 2275
f 2295 2294 2274
f 2296 2275 2276
f 2296 2295 2275
f 2297 2276 2277
f 2297 2296 2276
f 2298 2277 2278
f 2298 2297 2277
f 2299 2278 2279
f 2299 2298 2278
f 2300 2279 2280
f 2300 2299 2279
f 2301 2280 2281
f 2301 2300 2280
f 2302 2281 2282
f 2302 2301 2281
f 2303 2282 2283
f 2303 2302 2282
f 2304 2283 2284
f 2304 2303 2283
f 2305 2284 2285
f 2305 2304 2284
f 2306 2285 2286
f 2306 2305 2285
f 2307 2306 2286
f 2308 2286 2287
f 2308 2307 2286
f 2309 2287 2288
f 2309 2308 2287
f 2310 2288 2289
f 2310 2309 2288
f 2311 2289 2290
f 2311 2310 2289
f 2312 2290 2291
f 2312 2311 2290
f 2292 2312 2291
f 2341 2330 2331
f 2334 2342 2335
f 2333 2342 2334
f 2332 2342 2333
f 2371 2313 2314
f 2371 2369 2370
f 2371 2370 2313
f 2372 2367 2368
f 2372 2368 2369
f 2372 2369 2371
f 2373 2366 2367
f 2373 2367 2372
f 2374 2365 2366
f 2374 2366 2373
f 2375 2371 2314
f 2375 2372 2371
f 2376 2364 2365
f 2376 2365 2374
f 2377 2363 2364
f 2377 2364 2376
f 2378 2372 2375
f 2379 2362 2363
f 2379 2363 2377
f 2380 2372 2378
f 2380 2374 2373
f 2380 2373 2372
f 2381 2314 2315
f 2381 2375 2314
f 2382 2360 2361
f 2382 2361 2362
f 2382 2362 2379
f 2383 2374 2380
f 2384 2376 2374
f 2384 2374 2383
f 2385 2378 2375
f 2385 2375 2381
f 2386 2377 2376
f 2386 2376 2384
f 2387 2380 2378
f 2387 2378 2385
f 2388 2379 2377
f 2388 2377 2386
f 2389 2384 2383
f 2389 2383 2380
f 2389 2380 2387
f 2390 2359 2360
f 2390 2382 2379
f 2390 2379 2388
f 2390 2360 2382
f 2391 2384 2389
f 2392 2384 2391
f 2392 2386 2384
f 2393 2388 2386
f 2393 2390 2388
f 2393 2386 2392
f 2394 2359 2390
f 2394 2390 2393
f 2395 2315 2316
f 2395 2381 2315
f 2396 2385 2381
f 2396 2381 2395
f 2397 2385 2396
f 2397 2387 2385
f 2398 2389 2387
f 2398 2387 2397
f 2399 2391 2389
f 2399 2398 2358
f 2399 2392 2391
f 2399 2389 2398
f 2400 2399 2358
f 2400 2392 2399
f 2401 2393 2392
f 2401 2400 2358
f 2401 2392 2400
f 2402 2358 2359
f 2402 2359 2394
f 2402 2394 2393
f 2402 2393 2401
f 2402 2401 2358
f 2403 2395 2316
f 2404 2396 2395
f 2404 2395 2403
f 2405 2396 2404
f 2405 2398 2397
f 2405 2397 2396
f 2406 2358 2398
f 2406 2398 2405
f 2407 2358 2406
f 2408 2407 2357
f 2408 2358 2407
f 2409 2408 2357
f 2409 2358 2408
f 2410 2357 2358
f 2410 2409 2357
f 2410 2358 2409
f 2411 2316 2317
f 2411 2403 2316
f 2412 2403 2411
f 2412 2404 2403
f 2412 2405 2404
f 2413 2405 2412
f 2414 2406 2405
f 2414 2407 2406
f 2414 2405 2413
f 2415 2357 2407
f 2415 2407 2414
f 2416 2357 2415
f 2417 2416 2356
f 2417 2357 2416
f 2418 2356 2357
f 2418 2417 2356
f 2418 2357 2417
f 2419 2317 2318
f 2419 2411 2317
f 2420 2412 2411
f 2420 2411 2419
f 2421 2413 2412
f 2421 2412 2420
f 2421 2414 2413
f 2422 2415 2414
f 2422 2414 2421
f 2423 2415 2422
f 2424 2356 2416
f 2424 2416 2415
f 2424 2415 2423
f 2425 2356 2424
f 2426 2355 2356
f 2426 2356 2425
f 2427 2318 2319
f 2427 2419 2318
f 2428 2419 2427
f 2428 2420 2419
f 2428 2427 2319
f 2429 2420 2428
f 2429 2421 2420
f 2430 2422 2421
f 2430 2421 2429
f 2431 2423 2422
f 2431 2424 2423
f 2431 2422 2430
f 2432 2424 2431
f 2433 2425 2424
f 2433 2424 2432
f 2434 2354 2355
f 2434 2355 2426
f 2434 2426 2425
f 2434 2425 2433
f 2435 2319 2320
f 2436 2428 2319
f 2436 2319 2435
f 2436 2435 2320
f 2437 2429 2428
f 2437 2428 2436
f 2437 2436 2320
f 2438 2430 2429
f 2438 2429 2437
f 2439 2431 2430
f 2439 2430 2438
f 2440 2431 2439
f 2440 2432 2431
f 2441 2433 2432
f 2441 2432 2440
f 2442 2352 2353
f 2442 2353 2354
f 2442 2354 2434
f 2442 2434 2433
f 2442 2433 2441
f 2443 2320 2321
f 2444 2320 2443
f 2444 2437 2320
f 2444 2443 2321
f 2445 2444 2321
f 2445 2437 2444
f 2445 2438 2437
f 2446 2438 2445
f 2446 2439 2438
f 2446 2440 2439
f 2447 2440 2446
f 2448 2441 2440
f 2448 2442 2441
f 2448 2440 2447
f 2449 2352 2442
f 2449 2442 2448
f 2450 2321 2322
f 2451 2321 2450
f 2452 2450 2322
f 2453 2445 2321
f 2453 2321 2451
f 2454 2446 2445
f 2454 2445 2453
f 2455 2450 2452
f 2456 2447 2446
f 2456 2446 2454
f 2457 2450 2455
f 2457 2451 2450
f 2457 2453 2451
f 2458 2448 2447
f 2458 2447 2456
f 2459 2453 2457
f 2460 2351 2352
f 2460 2448 2458
f 2460 2352 2449
f 2460 2449 2448
f 2461 2454 2453
f 2461 2453 2459
f 2462 2456 2454
f 2462 2454 2461
f 2463 2458 2456
f 2463 2456 2462
f 2464 2322 2323
f 2464 2452 2322
f 2464 2455 2452
f 2465 2350 2351
f 2465 2351 2460
f 2465 2460 2458
f 2465 2458 2463
f 2466 2455 2464
f 2467 2457 2455
f 2467 2455 2466
f 2468 2457 2467
f 2468 2459 2457
f 2469 2464 2323
f 2469 2466 2464
f 2470 2461 2459
f 2470 2462 2461
f 2470 2459 2468
f 2471 2462 2470
f 2472 2466 2469
f 2473 2463 2462
f 2473 2462 2471
f 2474 2467 2466
f 2474 2468 2467
f 2474 2466 2472
f 2475 2463 2473
f 2475 2350 2465
f 2475 2465 2463
f 2476 2468 2474
f 2477 2470 2468
f 2477 2468 2476
f 2478 2471 2470
f 2478 2470 2477
f 2479 2473 2471
f 2479 2475 2473
f 2479 2471 2478
f 2480 2323 2324
f 2480 2469 2323
f 2481 2349 2350
f 2481 2350 2475
f 2481 2475 2479
f 2482 2472 2469
f 2482 2469 2480
f 2483 2474 2472
f 2483 2476 2474
f 2483 2472 2482
f 2484 2476 2483
f 2485 2477 2476
f 2485 2476 2484
f 2486 2480 2324
f 2487 2478 2477
f 2487 2477 2485
f 2488 2478 2487
f 2488 2479 2478
f 2489 2480 2486
f 2489 2482 2480
f 2489 2483 2482
f 2490 2349 2481
f 2490 2481 2479
f 2490 2479 2488
f 2491 2483 2489
f 2491 2484 2483
f 2492 2484 2491
f 2493 2485 2484
f 2493 2487 2485
f 2493 2484 2492
f 2494 2487 2493
f 2495 2324 2325
f 2495 2486 2324
f 2496 2488 2487
f 2496 2487 2494
f 2497 2489 2486
f 2497 2486 2495
f 2498 2348 2349
f 2498 2349 2490
f 2498 2490 2488
f 2498 2488 2496
f 2499 2489 2497
f 2499 2491 2489
f 2500 2491 2499
f 2500 2492 2491
f 2501 2492 2500
f 2501 2493 2492
f 2502 2494 2493
f 2502 2493 2501
f 2503 2495 2325
f 2504 2496 2494
f 2504 2494 2502
f 2505 2497 2495
f 2505 2499 2497
f 2505 2495 2503
f 2506 2348 2498
f 2506 2498 2496
f 2506 2496 2504
f 2507 2499 2505
f 2508 2500 2499
f 2508 2499 2507
f 2509 2501 2500
f 2509 2500 2508
f 2510 2325 2326
f 2510 2503 2325
f 2511 2502 2501
f 2511 2504 2502
f 2511 2501 2509
f 2512 2504 2511
f 2513 2505 2503
f 2513 2503 2510
f 2514 2347 2348
f 2514 2348 2506
f 2514 2506 2504
f 2514 2504 2512
f 2515 2507 2505
f 2515 2505 2513
f 2516 2508 2507
f 2516 2507 2515
f 2517 2508 2516
f 2517 2509 2508
f 2518 2511 2509
f 2518 2512 2511
f 2518 2509 2517
f 2519 2512 2518
f 2520 2510 2326
f 2521 2347 2514
f 2521 2514 2512
f 2521 2512 2519
f 2522 2513 2510
f 2522 2510 2520
f 2523 2515 2513
f 2523 2513 2522
f 2524 2517 2516
f 2524 2515 2523
f 2524 2516 2515
f 2525 2326 2327
f 2525 2520 2326
f 2526 2517 2524
f 2527 2518 2517
f 2527 2519 2518
f 2527 2517 2526
f 2528 2520 2525
f 2528 2522 2520
f 2529 2519 2527
f 2530 2523 2522
f 2530 2522 2528
f 2531 2346 2347
f 2531 2347 2521
f 2531 2521 2519
f 2531 2519 2529
f 2532 2523 2530
f 2532 2524 2523
f 2532 2526 2524
f 2533 2526 2532
f 2534 2527 2526
f 2534 2526 2533
f 2535 2529 2527
f 2535 2527 2534
f 2536 2525 2327
f 2536 2528 2525
f 2537 2346 2531
f 2537 2531 2529
f 2537 2529 2535
f 2538 2528 2536
f 2538 2530 2528
f 2539 2530 2538
f 2540 2327 2328
f 2540 2536 2327
f 2541 2532 2530
f 2541 2530 2539
f 2541 2533 2532
f 2542 2533 2541
f 2543 2538 2536
f 2543 2536 2540
f 2544 2534 2533
f 2544 2533 2542
f 2545 2539 2538
f 2545 2538 2543
f 2546 2535 2534
f 2546 2534 2544
f 2547 2541 2539
f 2547 2539 2545
f 2548 2345 2346
f 2548 2346 2537
f 2548 2537 2535
f 2548 2535 2546
f 2549 2542 2541
f 2549 2541 2547
f 2550 2544 2542
f 2550 2546 2544
f 2550 2542 2549
f 2551 2546 2550
f 2552 2345 2548
f 2552 2548 2546
f 2552 2546 2551
f 2553 2328 2329
f 2553 2540 2328
f 2554 2540 2553
f 2554 2543 2540
f 2555 2543 2554
f 2555 2545 2543
f 2556 2549 2547
f 2556 2547 2545
f 2556 2545 2555
f 2557 2549 2556
f 2557 2556 2344
f 2558 2550 2549
f 2558 2551 2550
f 2558 2557 2344
f 2558 2549 2557
f 2559 2558 2344
f 2559 2552 2551
f 2559 2551 2558
f 2560 2344 2345
f 2560 2345 2552
f 2560 2559 2344
f 2560 2552 2559
f 2561 2553 2329
f 2562 2553 2561
f 2562 2554 2553
f 2562 2555 2554
f 2563 2555 2562
f 2564 2344 2556
f 2564 2556 2555
f 2564 2555 2563
f 2565 2344 2564
f 2566 2565 2343
f 2566 2344 2565
f 2567 2566 2343
f 2567 2344 2566
f 2568 2343 2344
f 2568 2567 2343
f 2568 2344 2567
f 2569 2329 2330
f 2569 2341 2340
f 2569 2561 2329
f 2569 2330 2341
f 2570 2339 2338
f 2570 2340 2339
f 2570 2561 2569
f 2570 2569 2340
f 2570 2562 2561
f 2571 2338 2337
f 2571 2562 2570
f 2571 2563 2562
f 2571 2570 2338
f 2572 2337 2336
f 2572 2571 2337
f 2572 2564 2563
f 2572 2563 2571
f 2573 2336 2335
f 2573 2572 2336
f 2573 2343 2565
f 2573 2565 2564
f 2573 2564 2572
f 2574 2335 2342
f 2574 2343 2573
f 2574 2573 2335
f 2575 2574 2342
f 2575 2343 2574
f 2576 2342 2343
f 2576 2575 2342
f 2576 2343 2575
f 2634 2624 2625
f 2627 2578 2628
f 2626 2578 2627
f 2577 2578 2626
f 2635 2605 2606
f 2635 2606 2607
f 2635 2607 2608
f 2636 2603 2604
f 2636 2604 2605
f 2636 2605 2635
f 2637 2602 2603
f 2637 2603 2636
f 2638 2601 2602
f 2638 2602 2637
f 2639 2635 2608
f 2640 2600 2601
f 2640 2601 2638
f 2641 2599 2600
f 2641 2600 2640
f 2642 2636 2635
f 2642 2635 2639
f 2643 2598 2599
f 2643 2599 2641
f 2644 2636 2642
f 2644 2637 2636
f 2645 2608 2609
f 2645 2639 2608
f 2646 2596 2597
f 2646 2597 2598
f 2646 2598 2643
f 2647 2638 2637
f 2647 2637 2644
f 2648 2638 2647
f 2648 2640 2638
f 2649 2642 2639
f 2649 2639 2645
f 2650 2641 2640
f 2650 2640 2648
f 2651 2642 2649
f 2651 2644 2642
f 2652 2643 2641
f 2652 2641 2650
f 2653 2644 2651
f 2653 2647 2644
f 2654 2595 2596
f 2654 2596 2646
f 2654 2646 2643
f 2654 2643 2652
f 2655 2648 2647
f 2655 2647 2653
f 2656 2650 2648
f 2656 2648 2655
f 2657 2650 2656
f 2657 2652 2650
f 2658 2654 2652
f 2658 2595 2654
f 2658 2652 2657
f 2659 2645 2609
f 2660 2645 2659
f 2660 2649 2645
f 2661 2653 2651
f 2661 2651 2649
f 2661 2649 2660
f 2662 2653 2661
f 2663 2655 2653
f 2663 2653 2662
f 2663 2662 2594
f 2664 2656 2655
f 2664 2663 2594
f 2664 2655 2663
f 2665 2664 2594
f 2665 2657 2656
f 2665 2656 2664
f 2666 2594 2595
f 2666 2595 2658
f 2666 2658 2657
f 2666 2665 2594
f 2666 2657 2665
f 2667 2609 2610
f 2667 2659 2609
f 2668 2659 2667
f 2668 2660 2659
f 2669 2661 2660
f 2669 2660 2668
f 2670 2661 2669
f 2670 2594 2662
f 2670 2662 2661
f 2671 2594 2670
f 2672 2671 2593
f 2672 2594 2671
f 2673 2672 2593
f 2673 2594 2672
f 2674 2593 2594
f 2674 2673 2593
f 2674 2594 2673
f 2675 2610 2611
f 2675 2611 2612
f 2675 2667 2610
f 2676 2667 2675
f 2676 2668 2667
f 2677 2668 2676
f 2677 2669 2668
f 2677 2670 2669
f 2678 2671 2670
f 2678 2670 2677
f 2679 2593 2671
f 2679 2671 2678
f 2680 2593 2679
f 2681 2680 2592
f 2681 2593 2680
f 2682 2592 2593
f 2682 2681 2592
f 2682 2593 2681
f 2683 2675 2612
f 2684 2675 2683
f 2684 2676 2675
f 2685 2677 2676
f 2685 2676 2684
f 2686 2678 2677
f 2686 2677 2685
f 2687 2679 2678
f 2687 2680 2679
f 2687 2678 2686
f 2688 2592 2680
f 2688 2680 2687
f 2689 2592 2688
f 2690 2591 2592
f 2690 2592 2689
f 2691 2612 2613
f 2691 2683 2612
f 2691 2684 2683
f 2692 2684 2691
f 2692 2691 2613
f 2693 2685 2684
f 2693 2684 2692
f 2694 2686 2685
f 2694 2685 2693
f 2695 2686 2694
f 2695 2687 2686
f 2696 2688 2687
f 2696 2687 2695
f 2697 2689 2688
f 2697 2688 2696
f 2698 2590 2591
f 2698 2591 2690
f 2698 2690 2689
f 2698 2689 2697
f 2699 2613 2614
f 2700 2692 2613
f 2700 2613 2699
f 2700 2693 2692
f 2700 2699 2614
f 2701 2693 2700
f 2701 2700 2614
f 2702 2694 2693
f 2702 2693 2701
f 2703 2695 2694
f 2703 2694 2702
f 2704 2696 2695
f 2704 2695 2703
f 2705 2697 2696
f 2705 2696 2704
f 2706 2589 2590
f 2706 2590 2698
f 2706 2698 2697
f 2706 2697 2705
f 2707 2614 2615
f 2708 2701 2614
f 2708 2702 2701
f 2708 2707 2615
f 2708 2614 2707
f 2709 2702 2708
f 2709 2703 2702
f 2709 2708 2615
f 2710 2703 2709
f 2711 2704 2703
f 2711 2705 2704
f 2711 2703 2710
f 2712 2705 2711
f 2713 2588 2589
f 2713 2589 2706
f 2713 2706 2705
f 2713 2705 2712
f 2714 2615 2616
f 2715 2615 2714
f 2716 2714 2616
f 2717 2709 2615
f 2717 2615 2715
f 2718 2710 2709
f 2718 2709 2717
f 2719 2714 2716
f 2720 2711 2710
f 2720 2710 2718
f 2721 2714 2719
f 2721 2715 2714
f 2721 2717 2715
f 2722 2712 2711
f 2722 2713 2712
f 2722 2711 2720
f 2723 2717 2721
f 2724 2587 2588
f 2724 2588 2713
f 2724 2713 2722
f 2725 2718 2717
f 2725 2720 2718
f 2725 2717 2723
f 2726 2722 2720
f 2726 2720 2725
f 2727 2722 2726
f 2728 2616 2617
f 2728 2716 2616
f 2728 2719 2716
f 2729 2586 2587
f 2729 2587 2724
f 2729 2724 2722
f 2729 2722 2727
f 2730 2719 2728
f 2731 2721 2719
f 2731 2719 2730
f 2732 2723 2721
f 2732 2721 2731
f 2733 2728 2617
f 2734 2725 2723
f 2734 2723 2732
f 2735 2726 2725
f 2735 2725 2734
f 2736 2728 2733
f 2736 2730 2728
f 2737 2727 2726
f 2737 2726 2735
f 2738 2731 2730
f 2738 2732 2731
f 2738 2730 2736
f 2739 2727 2737
f 2739 2586 2729
f 2739 2729 2727
f 2740 2732 2738
f 2741 2734 2732
f 2741 2732 2740
f 2742 2735 2734
f 2742 2734 2741
f 2743 2737 2735
f 2743 2735 2742
f 2744 2617 2618
f 2744 2733 2617
f 2745 2585 2586
f 2745 2586 2739
f 2745 2739 2737
f 2745 2737 2743
f 2746 2736 2733
f 2746 2733 2744
f 2747 2738 2736
f 2747 2740 2738
f 2747 2736 2746
f 2748 2741 2740
f 2748 2740 2747
f 2749 2741 2748
f 2750 2744 2618
f 2751 2742 2741
f 2751 2741 2749
f 2752 2743 2742
f 2752 2745 2743
f 2752 2742 2751
f 2753 2744 2750
f 2753 2746 2744
f 2754 2745 2752
f 2754 2585 2745
f 2755 2747 2746
f 2755 2748 2747
f 2755 2746 2753
f 2756 2748 2755
f 2757 2749 2748
f 2757 2751 2749
f 2757 2748 2756
f 2758 2751 2757
f 2759 2618 2619
f 2759 2750 2618
f 2760 2752 2751
f 2760 2754 2752
f 2760 2751 2758
f 2761 2753 2750
f 2761 2750 2759
f 2762 2584 2585
f 2762 2585 2754
f 2762 2754 2760
f 2763 2755 2753
f 2763 2753 2761
f 2764 2755 2763
f 2764 2756 2755
f 2765 2756 2764
f 2765 2757 2756
f 2766 2758 2757
f 2766 2757 2765
f 2767 2759 2619
f 2768 2760 2758
f 2768 2758 2766
f 2769 2763 2761
f 2769 2759 2767
f 2769 2761 2759
f 2770 2584 2762
f 2770 2762 2760
f 2770 2760 2768
f 2771 2763 2769
f 2772 2764 2763
f 2772 2763 2771
f 2773 2765 2764
f 2773 2764 2772
f 2774 2619 2620
f 2774 2767 2619
f 2775 2766 2765
f 2775 2768 2766
f 2775 2765 2773
f 2776 2768 2775
f 2777 2769 2767
f 2777 2767 2774
f 2777 2771 2769
f 2778 2583 2584
f 2778 2584 2770
f 2778 2770 2768
f 2778 2768 2776
f 2779 2771 2777
f 2780 2771 2779
f 2780 2772 2771
f 2781 2773 2772
f 2781 2772 2780
f 2782 2775 2773
f 2782 2773 2781
f 2783 2776 2775
f 2783 2775 2782
f 2784 2774 2620
f 2785 2583 2778
f 2785 2778 2776
f 2785 2776 2783
f 2786 2777 2774
f 2786 2774 2784
f 2787 2777 2786
f 2787 2779 2777
f 2788 2780 2779
f 2788 2781 2780
f 2788 2779 2787
f 2789 2620 2621
f 2789 2784 2620
f 2790 2781 2788
f 2791 2782 2781
f 2791 2783 2782
f 2791 2781 2790
f 2792 2786 2784
f 2792 2787 2786
f 2792 2784 2789
f 2793 2783 2791
f 2794 2787 2792
f 2795 2582 2583
f 2795 2583 2785
f 2795 2785 2783
f 2795 2783 2793
f 2796 2787 2794
f 2796 2788 2787
f 2797 2790 2788
f 2797 2788 2796
f 2798 2791 2790
f 2798 2790 2797
f 2799 2793 2791
f 2799 2791 2798
f 2800 2789 2621
f 2801 2582 2795
f 2801 2795 2793
f 2801 2793 2799
f 2802 2792 2789
f 2802 2789 2800
f 2803 2792 2802
f 2803 2794 2792
f 2804 2621 2622
f 2804 2800 2621
f 2805 2796 2794
f 2805 2794 2803
f 2806 2797 2796
f 2806 2796 2805
f 2807 2803 2802
f 2807 2802 2800
f 2807 2800 2804
f 2808 2797 2806
f 2808 2798 2797
f 2809 2803 2807
f 2810 2799 2798
f 2810 2798 2808
f 2811 2803 2809
f 2811 2805 2803
f 2812 2581 2582
f 2812 2582 2801
f 2812 2801 2799
f 2812 2799 2810
f 2813 2806 2805
f 2813 2805 2811
f 2814 2808 2806
f 2814 2810 2808
f 2814 2806 2813
f 2815 2810 2814
f 2816 2581 2812
f 2816 2812 2810
f 2816 2810 2815
f 2817 2804 2622
f 2818 2807 2804
f 2818 2804 2817
f 2819 2807 2818
f 2819 2809 2807
f 2820 2809 2819
f 2820 2811 2809
f 2821 2813 2811
f 2821 2811 2820
f 2821 2820 2580
f 2822 2814 2813
f 2822 2821 2580
f 2822 2813 2821
f 2823 2822 2580
f 2823 2815 2814
f 2823 2814 2822
f 2824 2580 2581
f 2824 2581 2816
f 2824 2816 2815
f 2824 2823 2580
f 2824 2815 2823
f 2825 2622 2623
f 2825 2817 2622
f 2826 2818 2817
f 2826 2819 2818
f 2826 2817 2825
f 2827 2819 2826
f 2828 2820 2819
f 2828 2580 2820
f 2828 2819 2827
f 2829 2580 2828
f 2830 2829 2579
f 2830 2580 2829
f 2831 2830 2579
f 2831 2580 2830
f 2832 2579 2580
f 2832 2831 2579
f 2832 2580 2831
f 2833 2623 2624
f 2833 2634 2633
f 2833 2624 2634
f 2833 2825 2623
f 2834 2632 2631
f 2834 2633 2632
f 2834 2825 2833
f 2834 2833 2633
f 2834 2826 2825
f 2835 2631 2630
f 2835 2834 2631
f 2835 2826 2834
f 2835 2827 2826
f 2836 2630 2629
f 2836 2828 2827
f 2836 2835 2630
f 2836 2827 2835
f 2837 2629 2628
f 2837 2828 2836
f 2837 2579 2829
f 2837 2829 2828
f 2837 2836 2629
f 2838 2628 2578
f 2838 2837 2628
f 2838 2579 2837
f 2839 2838 2578
f 2839 2579 2838
f 2840 2578 2579
f 2840 2839 2578
f 2840 2579 2839
f 2841 2862 2863
f 2842 2841 2863
f 2843 2863 2864
f 2843 2842 2863
f 2844 2864 2865
f 2844 2843 2864
f 2845 2865 2866
f 2845 2844 2865
f 2846 2866 2867
f 2846 2845 2866
f 2847 2867 2868
f 2847 2846 2867
f 2848 2868 2869
f 2848 2847 2868
f 2849 2869 2870
f 2849 2848 2869
f 2850 2870 2871
f 2850 2849 2870
f 2851 2871 2872
f 2851 2850 2871
f 2852 2872 2873
f 2852 2851 2872
f 2853 2873 2874
f 2853 2852 2873
f 2854 2874 2875
f 2854 2853 2874
f 2855 2875 2876
f 2855 2854 2875
f 2856 2876 2877
f 2856 2855 2876
f 2857 2877 2878
f 2857 2856 2877
f 2858 2878 2879
f 2858 2857 2878
f 2859 2879 2880
f 2859 2858 2879
f 2860 2880 2881
f 2860 2859 2880
f 2861 2881 2882
f 2861 2860 2881
f 2932 2913 2912
f 2933 2913 2932
f 2934 2913 2933
f 2901 2900 2940
f 2941 2903 2902
f 2941 2902 2931
f 2942 2904 2903
f 2942 2903 2941
f 2943 2905 2904
f 2943 2904 2942
f 2944 2906 2905
f 2944 2905 2943
f 2945 2907 2906
f 2945 2906 2944
f 2946 2931 2930
f 2946 2941 2931
f 2947 2908 2907
f 2947 2907 2945
f 2948 2941 2946
f 2948 2942 2941
f 2948 2943 2942
f 2949 2909 2908
f 2949 2908 2947
f 2950 2943 2948
f 2951 2884 2883
f 2951 2910 2909
f 2951 2911 2910
f 2951 2883 2911
f 2951 2909 2949
f 2952 2944 2943
f 2952 2943 2950
f 2953 2946 2930
f 2954 2944 2952
f 2954 2945 2944
f 2955 2946 2953
f 2955 2948 2946
f 2956 2947 2945
f 2956 2945 2954
f 2956 2949 2947
f 2957 2948 2955
f 2957 2950 2948
f 2957 2952 2950
f 2958 2949 2956
f 2959 2952 2957
f 2960 2949 2958
f 2960 2884 2951
f 2960 2951 2949
f 2961 2952 2959
f 2961 2956 2954
f 2961 2954 2952
f 2962 2956 2961
f 2963 2958 2956
f 2963 2956 2962
f 2964 2885 2884
f 2964 2960 2958
f 2964 2884 2960
f 2964 2958 2963
f 2965 2930 2929
f 2965 2953 2930
f 2966 2965 2929
f 2966 2955 2953
f 2966 2953 2965
f 2967 2957 2955
f 2967 2959 2957
f 2967 2966 2929
f 2967 2955 2966
f 2968 2967 2929
f 2968 2961 2959
f 2968 2959 2967
f 2969 2962 2961
f 2969 2961 2968
f 2969 2968 2929
f 2970 2962 2969
f 2971 2963 2962
f 2971 2962 2970
f 2972 2885 2964
f 2972 2964 2963
f 2972 2963 2971
f 2973 2929 2928
f 2974 2929 2973
f 2974 2973 2928
f 2975 2929 2974
f 2975 2974 2928
f 2976 2969 2929
f 2976 2929 2975
f 2977 2970 2969
f 2977 2969 2976
f 2978 2970 2977
f 2978 2971 2970
f 2979 2886 2885
f 2979 2885 2972
f 2979 2972 2971
f 2979 2971 2978
f 2980 2928 2927
f 2981 2928 2980
f 2981 2980 2927
f 2982 2928 2981
f 2982 2981 2927
f 2983 2975 2928
f 2983 2928 2982
f 2984 2976 2975
f 2984 2975 2983
f 2985 2977 2976
f 2985 2978 2977
f 2985 2976 2984
f 2986 2978 2985
f 2987 2887 2886
f 2987 2886 2979
f 2987 2979 2978
f 2987 2978 2986
f 2988 2927 2926
f 2989 2927 2988
f 2990 2982 2927
f 2990 2927 2989
f 2991 2983 2982
f 2991 2982 2990
f 2992 2984 2983
f 2992 2983 2991
f 2993 2985 2984
f 2993 2984 2992
f 2994 2985 2993
f 2994 2986 2985
f 2995 2888 2887
f 2995 2887 2987
f 2995 2987 2986
f 2995 2986 2994
f 2996 2926 2925
f 2996 2988 2926
f 2997 2988 2996
f 2997 2989 2988
f 2998 2989 2997
f 2998 2990 2989
f 2999 2991 2990
f 2999 2990 2998
f 2999 2992 2991
f 3000 2992 2999
f 3001 2993 2992
f 3001 2992 3000
f 3002 2993 3001
f 3002 2994 2993
f 3003 2889 2888
f 3003 2888 2995
f 3003 2995 2994
f 3003 3002 2889
f 3003 2994 3002
f 3004 2925 2924
f 3004 2996 2925
f 3005 2996 3004
f 3005 2997 2996
f 3006 2998 2997
f 3006 2997 3005
f 3007 2999 2998
f 3007 2998 3006
f 3008 3000 2999
f 3008 3001 3000
f 3008 2999 3007
f 3009 3001 3008
f 3010 2889 3002
f 3010 3002 3001
f 3010 3009 2890
f 3010 3001 3009
f 3011 2890 2889
f 3011 3010 2890
f 3011 2889 3010
f 3012 2924 2923
f 3012 3004 2924
f 3012 3005 3004
f 3013 3005 3012
f 3014 3006 3005
f 3014 3005 3013
f 3015 3007 3006
f 3015 3006 3014
f 3015 3008 3007
f 3016 3008 3015
f 3017 2890 3009
f 3017 3009 3008
f 3017 3016 2891
f 3017 3008 3016
f 3018 3017 2891
f 3018 2890 3017
f 3019 2891 2890
f 3019 3018 2891
f 3019 2890 3018
f 3020 2923 2922
f 3020 3013 3012
f 3020 3012 2923
f 3021 3013 3020
f 3022 3014 3013
f 3022 3013 3021
f 3023 3015 3014
f 3023 3014 3022
f 3024 2922 2921
f 3024 3020 2922
f 3025 2891 3016
f 3025 3016 3015
f 3025 3015 3023
f 3026 3021 3020
f 3026 3020 3024
f 3027 2891 3025
f 3028 3022 3021
f 3028 3023 3022
f 3028 3021 3026
f 3029 2891 3027
f 3030 3023 3028
f 3031 2892 2891
f 3031 2891 3029
f 3032 3023 3030
f 3032 3025 3023
f 3033 3027 3025
f 3033 3025 3032
f 3034 3027 3033
f 3034 3029 3027
f 3035 2892 3031
f 3035 3031 3029
f 3035 3029 3034
f 3036 3024 2921
f 3036 3026 3024
f 3037 3026 3036
f 3038 3028 3026
f 3038 3026 3037
f 3039 3030 3028
f 3039 3028 3038
f 3040 3030 3039
f 3040 3032 3030
f 3041 2921 2920
f 3041 3036 2921
f 3042 3033 3032
f 3042 3034 3033
f 3042 3032 3040
f 3043 3037 3036
f 3043 3036 3041
f 3044 3035 3034
f 3044 3034 3042
f 3045 3038 3037
f 3045 3037 3043
f 3046 2893 2892
f 3046 2892 3035
f 3046 3035 3044
f 3047 3039 3038
f 3047 3038 3045
f 3048 3040 3039
f 3048 3039 3047
f 3049 3042 3040
f 3049 3040 3048
f 3050 3044 3042
f 3050 3042 3049
f 3051 3041 2920
f 3052 2893 3046
f 3052 3046 3044
f 3052 3044 3050
f 3053 3043 3041
f 3053 3041 3051
f 3054 3045 3043
f 3054 3043 3053
f 3055 3047 3045
f 3055 3045 3054
f 3056 3048 3047
f 3056 3047 3055
f 3057 3049 3048
f 3057 3048 3056
f 3058 2920 2919
f 3058 3053 3051
f 3058 3051 2920
f 3059 3050 3049
f 3059 3049 3057
f 3060 3053 3058
f 3061 2894 2893
f 3061 2893 3052
f 3061 3052 3050
f 3061 3050 3059
f 3062 3054 3053
f 3062 3053 3060
f 3062 3055 3054
f 3063 3056 3055
f 3063 3055 3062
f 3064 3056 3063
f 3065 3057 3056
f 3065 3056 3064
f 3066 3058 2919
f 3067 3057 3065
f 3067 3059 3057
f 3068 2894 3061
f 3068 3061 3059
f 3068 3059 3067
f 3069 3060 3058
f 3069 3062 3060
f 3069 3058 3066
f 3070 3063 3062
f 3070 3062 3069
f 3071 3063 3070
f 3072 3064 3063
f 3072 3063 3071
f 3073 3065 3064
f 3073 3064 3072
f 3074 2919 2918
f 3074 3066 2919
f 3075 3067 3065
f 3075 3065 3073
f 3076 3069 3066
f 3076 3066 3074
f 3077 2895 2894
f 3077 2894 3068
f 3077 3067 3075
f 3077 3068 3067
f 3078 3070 3069
f 3078 3069 3076
f 3079 3071 3070
f 3079 3070 3078
f 3080 3072 3071
f 3080 3071 3079
f 3081 3073 3072
f 3081 3075 3073
f 3081 3072 3080
f 3082 3074 2918
f 3083 3077 3075
f 3083 3075 3081
f 3084 3076 3074
f 3084 3074 3082
f 3085 2895 3077
f 3085 3077 3083
f 3086 3078 3076
f 3086 3079 3078
f 3086 3076 3084
f 3087 3079 3086
f 3088 3080 3079
f 3088 3081 3080
f 3088 3079 3087
f 3089 3083 3081
f 3089 3081 3088
f 3090 3083 3089
f 3091 2918 2917
f 3091 3082 2918
f 3092 2896 2895
f 3092 2895 3085
f 3092 3085 3083
f 3092 3083 3090
f 3093 3084 3082
f 3093 3082 3091
f 3094 3086 3084
f 3094 3084 3093
f 3095 3087 3086
f 3095 3086 3094
f 3096 3087 3095
f 3096 3088 3087
f 3097 3093 3091
f 3097 3091 2917
f 3098 3089 3088
f 3098 3088 3096
f 3099 3093 3097
f 3100 3089 3098
f 3100 3090 3089
f 3101 3094 3093
f 3101 3093 3099
f 3102 2896 3092
f 3102 3092 3090
f 3102 3090 3100
f 3103 3095 3094
f 3103 3096 3095
f 3103 3094 3101
f 3104 3096 3103
f 3105 3098 3096
f 3105 3096 3104
f 3106 3100 3098
f 3106 3102 3100
f 3106 3098 3105
f 3107 2897 2896
f 3107 2896 3102
f 3107 3102 3106
f 3108 2917 2916
f 3108 3097 2917
f 3109 3097 3108
f 3109 3099 3097
f 3110 3099 3109
f 3110 3101 3099
f 3111 3103 3101
f 3111 3101 3110
f 3112 3108 2916
f 3113 3103 3111
f 3113 3104 3103
f 3113 3105 3104
f 3114 3108 3112
f 3114 3109 3108
f 3115 3106 3105
f 3115 3105 3113
f 3116 3110 3109
f 3116 3109 3114
f 3117 3106 3115
f 3118 3113 3111
f 3118 3111 3110
f 3118 3110 3116
f 3119 2897 3107
f 3119 3107 3106
f 3119 3106 3117
f 3120 3113 3118
f 3121 3115 3113
f 3121 3117 3115
f 3121 3113 3120
f 3122 3117 3121
f 3123 2898 2897
f 3123 2897 3119
f 3123 3119 3117
f 3123 3117 3122
f 3124 2916 2915
f 3124 3112 2916
f 3125 3112 3124
f 3125 3114 3112
f 3125 3124 2915
f 3126 3125 2915
f 3126 3114 3125
f 3126 3116 3114
f 3126 3118 3116
f 3127 3126 2915
f 3127 3118 3126
f 3128 3120 3118
f 3128 3118 3127
f 3128 3127 2915
f 3129 3121 3120
f 3129 3122 3121
f 3129 3120 3128
f 3130 3123 3122
f 3130 3122 3129
f 3131 2898 3123
f 3131 3123 3130
f 3132 2915 2914
f 3133 2915 3132
f 3133 3132 2914
f 3134 2915 3133
f 3134 3133 2914
f 3135 3128 2915
f 3135 2915 3134
f 3136 3129 3128
f 3136 3130 3129
f 3136 3128 3135
f 3137 3130 3136
f 3138 2899 2898
f 3138 2898 3131
f 3138 3131 3130
f 3138 3130 3137
f 3139 2914 2913
f 3140 2914 3139
f 3140 3139 2913
f 3141 2913 2934
f 3141 3140 2913
f 3141 2914 3140
f 3142 2934 2935
f 3142 3134 2914
f 3142 3141 2934
f 3142 2914 3141
f 3143 2935 2936
f 3143 3135 3134
f 3143 3134 3142
f 3143 3142 2935
f 3144 2936 2937
f 3144 3136 3135
f 3144 3135 3143
f 3144 3143 2936
f 3145 2937 2938
f 3145 3136 3144
f 3145 3137 3136
f 3145 3138 3137
f 3145 3144 2937
f 3146 2900 2899
f 3146 2938 2939
f 3146 2939 2940
f 3146 2940 2900
f 3146 2899 3138
f 3146 3145 2938
f 3146 3138 3145
f 3168 3148 3147
f 3169 3148 3168
f 3170 3148 3169
f 3177 3195 3176
f 3205 3167 3166
f 3205 3196 3167
f 3206 3197 3196
f 3206 3196 3205
f 3207 3198 3197
f 3207 3197 3206
f 3208 3199 3198
f 3208 3198 3207
f 3209 3200 3199
f 3209 3199 3208
f 3210 3166 3165
f 3210 3205 3166
f 3210 3206 3205
f 3211 3201 3200
f 3211 3200 3209
f 3212 3206 3210
f 3213 3202 3201
f 3213 3201 3211
f 3214 3207 3206
f 3214 3206 3212
f 3215 3179 3178
f 3215 3203 3202
f 3215 3204 3203
f 3215 3178 3204
f 3215 3202 3213
f 3216 3207 3214
f 3216 3208 3207
f 3217 3210 3165
f 3218 3209 3208
f 3218 3208 3216
f 3219 3212 3210
f 3219 3210 3217
f 3219 3214 3212
f 3220 3211 3209
f 3220 3209 3218
f 3221 3214 3219
f 3222 3213 3211
f 3222 3211 3220
f 3223 3214 3221
f 3223 3216 3214
f 3224 3213 3222
f 3224 3215 3213
f 3224 3179 3215
f 3225 3218 3216
f 3225 3216 3223
f 3226 3220 3218
f 3226 3218 3225
f 3227 3222 3220
f 3227 3224 3222
f 3227 3220 3226
f 3228 3180 3179
f 3228 3179 3224
f 3228 3224 3227
f 3229 3165 3164
f 3229 3217 3165
f 3230 3221 3219
f 3230 3219 3217
f 3230 3229 3164
f 3230 3217 3229
f 3231 3221 3230
f 3231 3230 3164
f 3232 3223 3221
f 3232 3221 3231
f 3232 3231 3164
f 3233 3225 3223
f 3233 3223 3232
f 3233 3232 3164
f 3234 3225 3233
f 3234 3226 3225
f 3234 3227 3226
f 3235 3227 3234
f 3236 3180 3228
f 3236 3228 3227
f 3236 3227 3235
f 3237 3164 3163
f 3238 3164 3237
f 3238 3237 3163
f 3239 3164 3238
f 3239 3238 3163
f 3240 3233 3164
f 3240 3164 3239
f 3240 3234 3233
f 3241 3234 3240
f 3242 3235 3234
f 3242 3234 3241
f 3243 3181 3180
f 3243 3182 3181
f 3243 3180 3236
f 3243 3236 3235
f 3243 3235 3242
f 3244 3163 3162
f 3245 3163 3244
f 3245 3244 3162
f 3246 3163 3245
f 3246 3245 3162
f 3247 3239 3163
f 3247 3240 3239
f 3247 3163 3246
f 3248 3240 3247
f 3249 3241 3240
f 3249 3240 3248
f 3250 3242 3241
f 3250 3241 3249
f 3251 3182 3243
f 3251 3243 3242
f 3251 3242 3250
f 3252 3162 3161
f 3253 3162 3252
f 3254 3246 3162
f 3254 3162 3253
f 3255 3247 3246
f 3255 3246 3254
f 3256 3248 3247
f 3256 3247 3255
f 3257 3249 3248
f 3257 3248 3256
f 3258 3249 3257
f 3258 3250 3249
f 3259 3183 3182
f 3259 3182 3251
f 3259 3251 3250
f 3259 3250 3258
f 3260 3160 3159
f 3260 3161 3160
f 3260 3252 3161
f 3260 3253 3252
f 3261 3253 3260
f 3262 3253 3261
f 3262 3254 3253
f 3263 3255 3254
f 3263 3254 3262
f 3264 3255 3263
f 3264 3256 3255
f 3265 3257 3256
f 3265 3256 3264
f 3266 3257 3265
f 3266 3258 3257
f 3266 3259 3258
f 3267 3184 3183
f 3267 3183 3259
f 3267 3266 3184
f 3267 3259 3266
f 3268 3260 3159
f 3269 3261 3260
f 3269 3260 3268
f 3270 3261 3269
f 3270 3262 3261
f 3271 3263 3262
f 3271 3262 3270
f 3272 3264 3263
f 3272 3265 3264
f 3272 3263 3271
f 3273 3265 3272
f 3274 3184 3266
f 3274 3266 3265
f 3274 3273 3185
f 3274 3265 3273
f 3275 3185 3184
f 3275 3274 3185
f 3275 3184 3274
f 3276 3158 3157
f 3276 3159 3158
f 3276 3268 3159
f 3277 3268 3276
f 3277 3269 3268
f 3278 3270 3269
f 3278 3269 3277
f 3279 3270 3278
f 3279 3271 3270
f 3280 3272 3271
f 3280 3271 3279
f 3281 3185 3273
f 3281 3273 3272
f 3281 3280 3186
f 3281 3272 3280
f 3282 3281 3186
f 3282 3185 3281
f 3283 3186 3185
f 3283 3282 3186
f 3283 3185 3282
f 3284 3276 3157
f 3285 3277 3276
f 3285 3276 3284
f 3286 3279 3278
f 3286 3278 3277
f 3286 3277 3285
f 3287 3279 3286
f 3288 3157 3156
f 3288 3284 3157
f 3289 3186 3280
f 3289 3280 3279
f 3289 3279 3287
f 3290 3284 3288
f 3290 3285 3284
f 3291 3186 3289
f 3292 3285 3290
f 3292 3286 3285
f 3293 3186 3291
f 3294 3287 3286
f 3294 3289 3287
f 3294 3286 3292
f 3295 3187 3186
f 3295 3186 3293
f 3296 3289 3294
f 3297 3289 3296
f 3297 3291 3289
f 3298 3293 3291
f 3298 3291 3297
f 3299 3187 3295
f 3299 3295 3293
f 3299 3293 3298
f 3300 3288 3156
f 3300 3290 3288
f 3301 3290 3300
f 3302 3292 3290
f 3302 3290 3301
f 3303 3294 3292
f 3303 3292 3302
f 3304 3296 3294
f 3304 3294 3303
f 3305 3156 3155
f 3305 3300 3156
f 3306 3297 3296
f 3306 3296 3304
f 3307 3301 3300
f 3307 3300 3305
f 3307 3302 3301
f 3308 3298 3297
f 3308 3299 3298
f 3308 3297 3306
f 3309 3302 3307
f 3310 3188 3187
f 3310 3187 3299
f 3310 3299 3308
f 3311 3303 3302
f 3311 3304 3303
f 3311 3302 3309
f 3312 3304 3311
f 3313 3306 3304
f 3313 3304 3312
f 3314 3306 3313
f 3314 3308 3306
f 3315 3305 3155
f 3315 3307 3305
f 3316 3188 3310
f 3316 3310 3308
f 3316 3308 3314
f 3317 3307 3315
f 3318 3309 3307
f 3318 3307 3317
f 3319 3309 3318
f 3319 3311 3309
f 3319 3312 3311
f 3320 3312 3319
f 3320 3313 3312
f 3321 3313 3320
f 3322 3155 3154
f 3322 3315 3155
f 3322 3317 3315
f 3323 3314 3313
f 3323 3313 3321
f 3324 3317 3322
f 3325 3189 3188
f 3325 3188 3316
f 3325 3316 3314
f 3325 3314 3323
f 3326 3318 3317
f 3326 3317 3324
f 3327 3319 3318
f 3327 3318 3326
f 3328 3320 3319
f 3328 3319 3327
f 3329 3321 3320
f 3329 3320 3328
f 3330 3322 3154
f 3331 3323 3321
f 3331 3321 3329
f 3332 3189 3325
f 3332 3325 3323
f 3332 3323 3331
f 3333 3324 3322
f 3333 3326 3324
f 3333 3322 3330
f 3334 3326 3333
f 3335 3326 3334
f 3335 3327 3326
f 3336 3328 3327
f 3336 3327 3335
f 3337 3329 3328
f 3337 3328 3336
f 3338 3154 3153
f 3338 3330 3154
f 3339 3331 3329
f 3339 3332 3331
f 3339 3329 3337
f 3340 3330 3338
f 3340 3333 3330
f 3340 3334 3333
f 3341 3190 3189
f 3341 3189 3332
f 3341 3332 3339
f 3342 3334 3340
f 3343 3335 3334
f 3343 3334 3342
f 3344 3336 3335
f 3344 3335 3343
f 3345 3337 3336
f 3345 3336 3344
f 3346 3338 3153
f 3347 3339 3337
f 3347 3337 3345
f 3348 3338 3346
f 3348 3340 3338
f 3349 3190 3341
f 3349 3341 3339
f 3349 3339 3347
f 3350 3342 3340
f 3350 3340 3348
f 3351 3343 3342
f 3351 3342 3350
f 3352 3344 3343
f 3352 3343 3351
f 3353 3345 3344
f 3353 3347 3345
f 3353 3344 3352
f 3354 3347 3353
f 3355 3153 3152
f 3355 3346 3153
f 3356 3191 3190
f 3356 3190 3349
f 3356 3349 3347
f 3356 3347 3354
f 3357 3348 3346
f 3357 3350 3348
f 3357 3346 3355
f 3358 3350 3357
f 3359 3351 3350
f 3359 3350 3358
f 3360 3352 3351
f 3360 3351 3359
f 3361 3355 3152
f 3362 3353 3352
f 3362 3352 3360
f 3363 3355 3361
f 3363 3357 3355
f 3364 3354 3353
f 3364 3353 3362
f 3365 3357 3363
f 3365 3358 3357
f 3365 3359 3358
f 3366 3191 3356
f 3366 3356 3354
f 3366 3354 3364
f 3367 3359 3365
f 3368 3360 3359
f 3368 3359 3367
f 3369 3362 3360
f 3369 3360 3368
f 3370 3364 3362
f 3370 3366 3364
f 3370 3362 3369
f 3371 3192 3191
f 3371 3191 3366
f 3371 3366 3370
f 3372 3152 3151
f 3372 3361 3152
f 3373 3361 3372
f 3373 3363 3361
f 3373 3365 3363
f 3374 3365 3373
f 3375 3367 3365
f 3375 3365 3374
f 3376 3372 3151
f 3377 3368 3367
f 3377 3367 3375
f 3378 3373 3372
f 3378 3372 3376
f 3379 3369 3368
f 3379 3370 3369
f 3379 3368 3377
f 3380 3374 3373
f 3380 3373 3378
f 3381 3370 3379
f 3382 3375 3374
f 3382 3374 3380
f 3383 3192 3371
f 3383 3371 3370
f 3383 3370 3381
f 3384 3377 3375
f 3384 3375 3382
f 3385 3379 3377
f 3385 3377 3384
f 3386 3381 3379
f 3386 3379 3385
f 3386 3383 3381
f 3387 3193 3192
f 3387 3192 3383
f 3387 3383 3386
f 3388 3151 3150
f 3388 3376 3151
f 3389 3376 3388
f 3389 3378 3376
f 3389 3388 3150
f 3390 3389 3150
f 3390 3380 3378
f 3390 3378 3389
f 3391 3390 3150
f 3391 3382 3380
f 3391 3380 3390
f 3392 3391 3150
f 3392 3384 3382
f 3392 3382 3391
f 3393 3385 3384
f 3393 3384 3392
f 3394 3386 3385
f 3394 3385 3393
f 3395 3193 3387
f 3395 3387 3386
f 3395 3386 3394
f 3396 3150 3149
f 3397 3150 3396
f 3397 3396 3149
f 3398 3150 3397
f 3398 3397 3149
f 3399 3392 3150
f 3399 3150 3398
f 3399 3393 3392
f 3400 3394 3393
f 3400 3393 3399
f 3401 3394 3400
f 3402 3194 3193
f 3402 3193 3395
f 3402 3395 3394
f 3402 3394 3401
f 3403 3149 3148
f 3404 3149 3403
f 3404 3403 3148
f 3405 3148 3170
f 3405 3404 3148
f 3405 3149 3404
f 3406 3170 3171
f 3406 3398 3149
f 3406 3399 3398
f 3406 3405 3170
f 3406 3149 3405
f 3407 3171 3172
f 3407 3406 3171
f 3407 3399 3406
f 3408 3172 3173
f 3408 3400 3399
f 3408 3407 3172
f 3408 3399 3407
f 3409 3173 3174
f 3409 3400 3408
f 3409 3401 3400
f 3409 3408 3173
f 3410 3174 3175
f 3410 3175 3176
f 3410 3195 3194
f 3410 3176 3195
f 3410 3194 3402
f 3410 3402 3401
f 3410 3409 3174
f 3410 3401 3409
f 3411 3432 3433
f 3412 3411 3433
f 3413 3433 3434
f 3413 3412 3433
f 3414 3434 3435
f 3414 3413 3434
f 3415 3435 3436
f 3415 3414 3435
f 3416 3436 3437
f 3416 3415 3436
f 3417 3437 3438
f 3417 3416 3437
f 3418 3438 3439
f 3418 3417 3438
f 3419 3439 3440
f 3419 3418 3439
f 3420 3440 3441
f 3420 3419 3440
f 3421 3441 3442
f 3421 3420 3441
f 3422 3442 3443
f 3422 3421 3442
f 3423 3443 3444
f 3423 3422 3443
f 3424 3444 3445
f 3424 3423 3444
f 3425 3445 3446
f 3425 3424 3445
f 3426 3446 3447
f 3426 3425 3446
f 3427 3447 3448
f 3427 3426 3447
f 3428 3448 3449
f 3428 3427 3448
f 3429 3449 3450
f 3429 3428 3449
f 3430 3450 3451
f 3430 3429 3450
f 3431 3451 3452
f 3431 3430 3451
f 3481 3470 3471
f 3474 3482 3475
f 3473 3482 3474
f 3472 3482 3473
f 3511 3453 3454
f 3511 3509 3510
f 3511 3510 3453
f 3512 3507 3508
f 3512 3508 3509
f 3512 3509 3511
f 3513 3506 3507
f 3513 3507 3512
f 3514 3505 3506
f 3514 3506 3513
f 3515 3511 3454
f 3516 3504 3505
f 3516 3505 3514
f 3517 3503 3504
f 3517 3504 3516
f 3518 3511 3515
f 3518 3512 3511
f 3519 3502 3503
f 3519 3503 3517
f 3520 3514 3513
f 3520 3513 3512
f 3520 3512 3518
f 3521 3454 3455
f 3521 3515 3454
f 3522 3500 3501
f 3522 3501 3502
f 3522 3502 3519
f 3523 3514 3520
f 3524 3516 3514
f 3524 3514 3523
f 3525 3518 3515
f 3525 3515 3521
f 3526 3517 3516
f 3526 3516 3524
f 3527 3518 3525
f 3527 3520 3518
f 3528 3519 3517
f 3528 3517 3526
f 3529 3520 3527
f 3529 3524 3523
f 3529 3523 3520
f 3530 3499 3500
f 3530 3519 3528
f 3530 3522 3519
f 3530 3500 3522
f 3531 3524 3529
f 3532 3526 3524
f 3532 3524 3531
f 3533 3528 3526
f 3533 3530 3528
f 3533 3526 3532
f 3534 3499 3530
f 3534 3530 3533
f 3535 3521 3455
f 3536 3525 3521
f 3536 3521 3535
f 3537 3527 3525
f 3537 3525 3536
f 3538 3529 3527
f 3538 3527 3537
f 3539 3531 3529
f 3539 3532 3531
f 3539 3529 3538
f 3539 3538 3498
f 3540 3532 3539
f 3540 3539 3498
f 3541 3533 3532
f 3541 3540 3498
f 3541 3532 3540
f 3542 3498 3499
f 3542 3499 3534
f 3542 3534 3533
f 3542 3541 3498
f 3542 3533 3541
f 3543 3455 3456
f 3543 3536 3535
f 3543 3535 3455
f 3544 3536 3543
f 3545 3538 3537
f 3545 3537 3536
f 3545 3536 3544
f 3546 3498 3538
f 3546 3538 3545
f 3547 3498 3546
f 3548 3547 3497
f 3548 3498 3547
f 3549 3548 3497
f 3549 3498 3548
f 3550 3497 3498
f 3550 3549 3497
f 3550 3498 3549
f 3551 3456 3457
f 3551 3543 3456
f 3552 3545 3544
f 3552 3543 3551
f 3552 3544 3543
f 3553 3545 3552
f 3554 3546 3545
f 3554 3547 3546
f 3554 3545 3553
f 3555 3497 3547
f 3555 3547 3554
f 3556 3497 3555
f 3557 3556 3496
f 3557 3497 3556
f 3558 3496 3497
f 3558 3557 3496
f 3558 3497 3557
f 3559 3457 3458
f 3559 3551 3457
f 3560 3552 3551
f 3560 3551 3559
f 3561 3553 3552
f 3561 3554 3553
f 3561 3552 3560
f 3562 3555 3554
f 3562 3554 3561
f 3563 3555 3562
f 3564 3496 3556
f 3564 3556 3555
f 3564 3555 3563
f 3565 3496 3564
f 3566 3495 3496
f 3566 3496 3565
f 3567 3458 3459
f 3567 3560 3559
f 3567 3559 3458
f 3568 3560 3567
f 3568 3567 3459
f 3569 3561 3560
f 3569 3560 3568
f 3569 3562 3561
f 3570 3562 3569
f 3571 3562 3570
f 3571 3563 3562
f 3571 3564 3563
f 3572 3564 3571
f 3573 3565 3564
f 3573 3564 3572
f 3574 3494 3495
f 3574 3495 3566
f 3574 3566 3565
f 3574 3565 3573
f 3575 3459 3460
f 3576 3568 3459
f 3576 3459 3575
f 3576 3575 3460
f 3577 3569 3568
f 3577 3568 3576
f 3577 3576 3460
f 3578 3569 3577
f 3578 3570 3569
f 3579 3571 3570
f 3579 3570 3578
f 3580 3572 3571
f 3580 3571 3579
f 3581 3573 3572
f 3581 3572 3580
f 3582 3493 3494
f 3582 3494 3574
f 3582 3574 3573
f 3582 3573 3581
f 3583 3460 3461
f 3584 3460 3583
f 3584 3577 3460
f 3584 3583 3461
f 3585 3584 3461
f 3585 3578 3577
f 3585 3577 3584
f 3586 3579 3578
f 3586 3580 3579
f 3586 3578 3585
f 3587 3580 3586
f 3588 3581 3580
f 3588 3580 3587
f 3589 3492 3493
f 3589 3493 3582
f 3589 3582 3581
f 3589 3581 3588
f 3590 3461 3462
f 3591 3461 3590
f 3592 3590 3462
f 3593 3585 3461
f 3593 3461 3591
f 3594 3586 3585
f 3594 3585 3593
f 3595 3590 3592
f 3596 3587 3586
f 3596 3586 3594
f 3597 3590 3595
f 3597 3591 3590
f 3597 3593 3591
f 3598 3588 3587
f 3598 3589 3588
f 3598 3587 3596
f 3599 3593 3597
f 3600 3491 3492
f 3600 3492 3589
f 3600 3589 3598
f 3601 3594 3593
f 3601 3593 3599
f 3602 3596 3594
f 3602 3594 3601
f 3603 3598 3596
f 3603 3596 3602
f 3604 3462 3463
f 3604 3592 3462
f 3605 3490 3491
f 3605 3491 3600
f 3605 3600 3598
f 3605 3598 3603
f 3606 3592 3604
f 3606 3595 3592
f 3607 3597 3595
f 3607 3595 3606
f 3608 3597 3607
f 3608 3599 3597
f 3609 3604 3463
f 3609 3606 3604
f 3610 3601 3599
f 3610 3602 3601
f 3610 3599 3608
f 3611 3602 3610
f 3612 3606 3609
f 3613 3603 3602
f 3613 3602 3611
f 3614 3608 3607
f 3614 3607 3606
f 3614 3606 3612
f 3615 3603 3613
f 3615 3490 3605
f 3615 3605 3603
f 3616 3608 3614
f 3617 3610 3608
f 3617 3608 3616
f 3618 3611 3610
f 3618 3610 3617
f 3619 3613 3611
f 3619 3615 3613
f 3619 3611 3618
f 3620 3463 3464
f 3620 3609 3463
f 3621 3489 3490
f 3621 3490 3615
f 3621 3615 3619
f 3622 3612 3609
f 3622 3609 3620
f 3623 3614 3612
f 3623 3616 3614
f 3623 3612 3622
f 3624 3616 3623
f 3625 3617 3616
f 3625 3616 3624
f 3626 3620 3464
f 3627 3618 3617
f 3627 3617 3625
f 3628 3618 3627
f 3628 3619 3618
f 3629 3620 3626
f 3629 3622 3620
f 3629 3623 3622
f 3630 3489 3621
f 3630 3621 3619
f 3630 3619 3628
f 3631 3623 3629
f 3631 3624 3623
f 3632 3624 3631
f 3633 3625 3624
f 3633 3627 3625
f 3633 3624 3632
f 3634 3627 3633
f 3635 3464 3465
f 3635 3626 3464
f 3636 3628 3627
f 3636 3627 3634
f 3637 3629 3626
f 3637 3626 3635
f 3638 3488 3489
f 3638 3630 3628
f 3638 3489 3630
f 3638 3628 3636
f 3639 3629 3637
f 3639 3631 3629
f 3640 3631 3639
f 3640 3632 3631
f 3641 3633 3632
f 3641 3632 3640
f 3642 3634 3633
f 3642 3633 3641
f 3643 3635 3465
f 3644 3636 3634
f 3644 3634 3642
f 3645 3637 3635
f 3645 3639 3637
f 3645 3635 3643
f 3646 3488 3638
f 3646 3638 3636
f 3646 3636 3644
f 3647 3639 3645
f 3648 3640 3639
f 3648 3639 3647
f 3649 3641 3640
f 3649 3640 3648
f 3650 3465 3466
f 3650 3643 3465
f 3651 3642 3641
f 3651 3644 3642
f 3651 3641 3649
f 3652 3644 3651
f 3653 3645 3643
f 3653 3643 3650
f 3654 3487 3488
f 3654 3488 3646
f 3654 3646 3644
f 3654 3644 3652
f 3655 3647 3645
f 3655 3645 3653
f 3656 3648 3647
f 3656 3647 3655
f 3657 3648 3656
f 3657 3649 3648
f 3658 3651 3649
f 3658 3652 3651
f 3658 3649 3657
f 3659 3652 3658
f 3660 3653 3650
f 3660 3650 3466
f 3661 3487 3654
f 3661 3654 3652
f 3661 3652 3659
f 3662 3653 3660
f 3663 3653 3662
f 3663 3655 3653
f 3664 3657 3656
f 3664 3656 3655
f 3664 3655 3663
f 3665 3466 3467
f 3665 3660 3466
f 3666 3657 3664
f 3667 3658 3657
f 3667 3659 3658
f 3667 3657 3666
f 3668 3662 3660
f 3668 3660 3665
f 3669 3659 3667
f 3670 3663 3662
f 3670 3662 3668
f 3671 3486 3487
f 3671 3487 3661
f 3671 3661 3659
f 3671 3659 3669
f 3672 3663 3670
f 3672 3664 3663
f 3672 3666 3664
f 3673 3666 3672
f 3674 3667 3666
f 3674 3666 3673
f 3675 3669 3667
f 3675 3667 3674
f 3676 3665 3467
f 3676 3668 3665
f 3677 3486 3671
f 3677 3671 3669
f 3677 3669 3675
f 3678 3670 3668
f 3678 3668 3676
f 3679 3670 3678
f 3680 3467 3468
f 3680 3676 3467
f 3681 3670 3679
f 3681 3672 3670
f 3681 3673 3672
f 3682 3673 3681
f 3683 3678 3676
f 3683 3676 3680
f 3684 3674 3673
f 3684 3673 3682
f 3685 3679 3678
f 3685 3678 3683
f 3686 3675 3674
f 3686 3674 3684
f 3687 3681 3679
f 3687 3679 3685
f 3688 3485 3486
f 3688 3486 3677
f 3688 3677 3675
f 3688 3675 3686
f 3689 3682 3681
f 3689 3681 3687
f 3690 3682 3689
f 3690 3684 3682
f 3690 3686 3684
f 3691 3686 3690
f 3692 3485 3688
f 3692 3688 3686
f 3692 3686 3691
f 3693 3680 3468
f 3694 3683 3680
f 3694 3680 3693
f 3695 3683 3694
f 3695 3685 3683
f 3696 3685 3695
f 3696 3687 3685
f 3696 3689 3687
f 3697 3696 3484
f 3697 3689 3696
f 3698 3690 3689
f 3698 3691 3690
f 3698 3697 3484
f 3698 3689 3697
f 3699 3698 3484
f 3699 3692 3691
f 3699 3691 3698
f 3700 3484 3485
f 3700 3485 3692
f 3700 3699 3484
f 3700 3692 3699
f 3701 3468 3469
f 3701 3693 3468
f 3702 3693 3701
f 3702 3694 3693
f 3702 3695 3694
f 3703 3695 3702
f 3704 3696 3695
f 3704 3484 3696
f 3704 3695 3703
f 3705 3484 3704
f 3706 3705 3483
f 3706 3484 3705
f 3707 3706 3483
f 3707 3484 3706
f 3708 3483 3484
f 3708 3707 3483
f 3708 3484 3707
f 3709 3469 3470
f 3709 3481 3480
f 3709 3470 3481
f 3709 3701 3469
f 3709 3702 3701
f 3710 3479 3478
f 3710 3480 3479
f 3710 3702 3709
f 3710 3709 3480
f 3711 3478 3477
f 3711 3702 3710
f 3711 3703 3702
f 3711 3710 3478
f 3712 3477 3476
f 3712 3711 3477
f 3712 3704 3703
f 3712 3703 3711
f 3713 3476 3475
f 3713 3712 3476
f 3713 3483 3705
f 3713 3705 3704
f 3713 3704 3712
f 3714 3475 3482
f 3714 3483 3713
f 3714 3713 3475
f 3715 3714 3482
f 3715 3483 3714
f 3716 3482 3483
f 3716 3715 3482
f 3716 3483 3715
f 3720 3717 3718
f 3720 3718 3719
f 3722 3721 3723
f 3724 3722 3723
f 3793 3746 3747
f 3792 3747 3748
f 3792 3793 3747
f 3794 3745 3746
f 3794 3746 3793
f 3791 3748 3749
f 3791 3792 3748
f 3795 3744 3745
f 3795 3745 3794
f 3790 3749 3750
f 3790 3791 3749
f 3796 3743 3744
f 3796 3744 3795
f 3789 3750 3751
f 3789 3790 3750
f 3761 3742 3743
f 3761 3743 3796
f 3788 3751 3752
f 3788 3752 3753
f 3788 3789 3751
f 3762 3741 3742
f 3762 3742 3761
f 3787 3753 3754
f 3787 3788 3753
f 3763 3740 3741
f 3763 3741 3762
f 3786 3754 3755
f 3786 3787 3754
f 3764 3740 3763
f 3785 3786 3755
f 3756 3785 3755
f 3739 3740 3764
f 3765 3739 3764
f 3784 3785 3756
f 3757 3783 3784
f 3757 3784 3756
f 3738 3765 3766
f 3738 3739 3765
f 3758 3782 3783
f 3758 3783 3757
f 3737 3766 3767
f 3737 3738 3766
f 3759 3781 3782
f 3759 3782 3758
f 3736 3767 3768
f 3736 3737 3767
f 3760 3780 3781
f 3760 3781 3759
f 3735 3768 3769
f 3735 3736 3768
f 3734 3769 3770
f 3734 3770 3771
f 3734 3735 3769
f 3725 3779 3780
f 3725 3780 3760
f 3733 3771 3772
f 3733 3734 3771
f 3726 3778 3779
f 3726 3779 3725
f 3732 3772 3773
f 3732 3733 3772
f 3727 3777 3778
f 3727 3778 3726
f 3731 3773 3774
f 3731 3732 3773
f 3728 3776 3777
f 3728 3777 3727
f 3730 3774 3775
f 3730 3731 3774
f 3729 3775 3776
f 3729 3730 3775
f 3729 3776 3728
f 3798 3797 3834
f 3798 3834 3835
f 3798 3835 3836
f 3799 3798 3836
f 3800 3836 3837
f 3800 3799 3836
f 3801 3837 3838
f 3801 3800 3837
f 3802 3838 3839
f 3802 3839 3840
f 3802 3801 3838
f 3803 3840 3841
f 3803 3802 3840
f 3804 3803 3841
f 3805 3841 3842
f 3805 3804 3841
f 3806 3842 3843
f 3806 3843 3844
f 3806 3805 3842
f 3807 3844 3845
f 3807 3806 3844
f 3808 3807 3845
f 3809 3845 3846
f 3809 3808 3845
f 3810 3846 3847
f 3810 3809 3846
f 3811 3847 3848
f 3811 3810 3847
f 3812 3848 3849
f 3812 3811 3848
f 3873 3850 3851
f 3874 3873 3851
f 3852 3874 3851
f 3813 3849 3850
f 3813 3812 3849
f 3876 3850 3873
f 3876 3813 3850
f 3875 3874 3852
f 3853 3875 3852
f 3814 3876 3877
f 3814 3813 3876
f 3871 3875 3853
f 3854 3871 3853
f 3815 3877 3878
f 3815 3814 3877
f 3872 3871 3854
f 3816 3878 3872
f 3816 3815 3878
f 3817 3872 3854
f 3817 3816 3872
f 3818 3854 3855
f 3818 3817 3854
f 3819 3855 3856
f 3819 3856 3857
f 3819 3818 3855
f 3820 3819 3857
f 3821 3857 3858
f 3821 3820 3857
f 3822 3858 3859
f 3822 3859 3860
f 3822 3821 3858
f 3823 3822 3860
f 3824 3860 3861
f 3824 3823 3860
f 3825 3861 3862
f 3825 3824 3861
f 3826 3862 3863
f 3826 3825 3862
f 3827 3863 3864
f 3827 3826 3863
f 3828 3864 3865
f 3828 3827 3864
f 3829 3865 3866
f 3829 3828 3865
f 3830 3866 3867
f 3830 3829 3866
f 3831 3867 3868
f 3831 3830 3867
f 3832 3868 3869
f 3832 3869 3870
f 3832 3831 3868
f 3833 3832 3870
f 3881 3917 3918
f 3882 3881 3918
f 3883 3918 3919
f 3883 3919 3920
f 3883 3882 3918
f 3884 3883 3920
f 3885 3920 3921
f 3885 3884 3920
f 3886 3921 3922
f 3886 3922 3923
f 3886 3885 3921
f 3887 3886 3923
f 3888 3923 3924
f 3888 3887 3923
f 3889 3924 3925
f 3889 3925 3926
f 3889 3888 3924
f 3890 3889 3926
f 3891 3926 3927
f 3891 3890 3926
f 3892 3927 3928
f 3892 3891 3927
f 3893 3928 3929
f 3893 3892 3928
f 3894 3929 3930
f 3894 3893 3929
f 3895 3930 3931
f 3895 3894 3930
f 3896 3931 3932
f 3896 3932 3933
f 3896 3895 3931
f 3897 3896 3933
f 3898 3933 3934
f 3898 3897 3933
f 3899 3934 3935
f 3899 3898 3934
f 3900 3935 3936
f 3900 3899 3935
f 3901 3936 3937
f 3901 3937 3938
f 3901 3900 3936
f 3902 3901 3938
f 3903 3938 3939
f 3903 3902 3938
f 3904 3939 3940
f 3904 3903 3939
f 3905 3940 3941
f 3905 3904 3940
f 3906 3941 3942
f 3906 3905 3941
f 3907 3942 3943
f 3907 3906 3942
f 3908 3943 3944
f 3908 3907 3943
f 3909 3944 3945
f 3909 3908 3944
f 3910 3945 3946
f 3910 3946 3947
f 3910 3909 3945
f 3911 3910 3947
f 3912 3947 3948
f 3912 3911 3947
f 3913 3948 3949
f 3913 3912 3948
f 3914 3949 3950
f 3914 3913 3949
f 3915 3950 3951
f 3915 3914 3950
f 3916 3951 3952
f 3916 3952 3879
f 3916 3915 3951
f 3880 3916 3879
f 4021 3974 3975
f 4020 3975 3976
f 4020 4021 3975
f 4022 3973 3974
f 4022 3974 4021
f 4019 3976 3977
f 4019 4020 3976
f 4023 3972 3973
f 4023 3973 4022
f 4018 3977 3978
f 4018 4019 3977
f 4024 3971 3972
f 4024 3972 4023
f 4017 3978 3979
f 4017 4018 3978
f 3989 3970 3971
f 3989 3971 4024
f 4016 3979 3980
f 4016 3980 3981
f 4016 4017 3979
f 3990 3969 3970
f 3990 3970 3989
f 4015 3981 3982
f 4015 4016 3981
f 3991 3968 3969
f 3991 3969 3990
f 4014 3982 3983
f 4014 4015 3982
f 3992 3968 3991
f 4013 4014 3983
f 3984 4013 3983
f 3967 3968 3992
f 3993 3967 3992
f 4012 4013 3984
f 3985 4011 4012
f 3985 4012 3984
f 3966 3993 3994
f 3966 3967 3993
f 3986 4010 4011
f 3986 4011 3985
f 3965 3994 3995
f 3965 3966 3994
f 3987 4009 4010
f 3987 4010 3986
f 3964 3995 3996
f 3964 3965 3995
f 3988 4008 4009
f 3988 4009 3987
f 3963 3996 3997
f 3963 3964 3996
f 3962 3997 3998
f 3962 3998 3999
f 3962 3963 3997
f 3953 4007 4008
f 3953 4008 3988
f 3961 3999 4000
f 3961 3962 3999
f 3954 4006 4007
f 3954 4007 3953
f 3960 4000 4001
f 3960 3961 4000
f 3955 4005 4006
f 3955 4006 3954
f 3959 4001 4002
f 3959 3960 4001
f 3956 4004 4005
f 3956 4005 3955
f 3958 4002 4003
f 3958 3959 4002
f 3957 4003 4004
f 3957 3958 4003
f 3957 4004 3956
f 4026 4025 4027
f 4028 4026 4027
f 4029 4030 4026
f 4029 4026 4028
f 4032 4038 4031
f 4035 4038 4032
f 4034 4037 4038
f 4034 4038 4035
f 4033 4036 4037
f 4033 4037 4034
f 4040 4046 4039
f 4043 4046 4040
f 4042 4045 4046
f 4042 4046 4043
f 4041 4044 4045
f 4041 4045 4042
f 4048 4047 4049
f 4050 4048 4049
f 4051 4052 4048
f 4051 4048 4050
f 4054 4073 4053
f 4054 4074 4073
f 4075 4074 4054
f 4064 4079 4078
f 4064 4080 4079
f 4064 4063 4080
f 4081 4056 4057
f 4081 4057 4058
f 4082 4056 4081
f 4083 4067 4066
f 4084 4068 4067
f 4084 4069 4068
f 4084 4067 4083
f 4085 4054 4055
f 4085 4055 4056
f 4085 4076 4075
f 4085 4082 4086
f 4085 4075 4054
f 4085 4056 4082
f 4087 4065 4064
f 4087 4066 4065
f 4087 4077 4076
f 4087 4078 4077
f 4087 4085 4086
f 4087 4064 4078
f 4087 4076 4085
f 4087 4083 4066
f 4087 4086 4083
f 4088 4070 4069
f 4088 4084 4083
f 4088 4069 4084
f 4088 4089 4070
f 4088 4086 4089
f 4088 4083 4086
f 4090 4071 4070
f 4090 4070 4089
f 4091 4060 4061
f 4091 4061 4062
f 4091 4072 4071
f 4091 4062 4072
f 4091 4071 4090
f 4091 4090 4060
f 4092 4058 4059
f 4092 4059 4060
f 4092 4086 4082
f 4092 4082 4081
f 4092 4090 4089
f 4092 4089 4086
f 4092 4060 4090
f 4092 4081 4058
f 4104 4093 4094
f 4104 4094 4095
f 4104 4103 4093
f 4105 4104 4095
f 4106 4095 4096
f 4106 4105 4095
f 4107 4096 4097
f 4107 4106 4096
f 4108 4097 4098
f 4108 4098 4099
f 4108 4107 4097
f 4109 4108 4099
f 4110 4099 4100
f 4110 4100 4101
f 4110 4109 4099
f 4102 4110 4101
f 4112 4131 4111
f 4112 4132 4131
f 4133 4132 4112
f 4122 4137 4136
f 4122 4138 4137
f 4122 4139 4138
f 4122 4121 4139
f 4140 4114 4115
f 4140 4115 4116
f 4141 4114 4140
f 4141 4140 4116
f 4142 4125 4124
f 4143 4126 4125
f 4143 4127 4126
f 4143 4125 4142
f 4144 4112 4113
f 4144 4113 4114
f 4144 4134 4133
f 4144 4135 4134
f 4144 4141 4145
f 4144 4133 4112
f 4144 4114 4141
f 4146 4123 4122
f 4146 4124 4123
f 4146 4136 4135
f 4146 4122 4136
f 4146 4144 4145
f 4146 4142 4124
f 4146 4145 4142
f 4146 4135 4144
f 4147 4116 4117
f 4147 4145 4141
f 4147 4141 4116
f 4148 4128 4127
f 4148 4143 4142
f 4148 4127 4143
f 4148 4147 4128
f 4148 4145 4147
f 4148 4142 4145
f 4149 4117 4118
f 4149 4129 4128
f 4149 4128 4147
f 4149 4147 4117
f 4150 4118 4119
f 4150 4149 4118
f 4151 4119 4120
f 4151 4130 4129
f 4151 4120 4130
f 4151 4150 4119
f 4151 4129 4149
f 4151 4149 4150
f 4163 4153 4152
f 4176 4162 4161
f 4166 4164 4165
f 4178 4153 4163
f 4179 4154 4153
f 4179 4153 4178
f 4180 4155 4154
f 4180 4154 4179
f 4181 4156 4155
f 4181 4155 4180
f 4182 4157 4156
f 4182 4156 4181
f 4183 4158 4157
f 4183 4157 4182
f 4184 4159 4158
f 4184 4158 4183
f 4185 4160 4159
f 4185 4159 4184
f 4186 4163 4164
f 4186 4178 4163
f 4186 4164 4166
f 4187 4161 4160
f 4187 4176 4161
f 4187 4160 4185
f 4188 4166 4167
f 4188 4178 4186
f 4188 4186 4166
f 4188 4179 4178
f 4189 4167 4168
f 4189 4180 4179
f 4189 4179 4188
f 4189 4188 4167
f 4190 4168 4169
f 4190 4180 4189
f 4190 4181 4180
f 4190 4189 4168
f 4191 4169 4170
f 4191 4182 4181
f 4191 4190 4169
f 4191 4181 4190
f 4192 4170 4171
f 4192 4183 4182
f 4192 4182 4191
f 4192 4191 4170
f 4193 4171 4172
f 4193 4184 4183
f 4193 4183 4192
f 4193 4192 4171
f 4194 4172 4173
f 4194 4185 4184
f 4194 4184 4193
f 4194 4193 4172
f 4195 4173 4174
f 4195 4174 4175
f 4195 4177 4176
f 4195 4175 4177
f 4195 4194 4173
f 4195 4187 4185
f 4195 4176 4187
f 4195 4185 4194
f 4200 4197 4196
f 4209 4210 4208
f 4222 4199 4198
f 4222 4213 4199
f 4223 4214 4213
f 4223 4213 4222
f 4224 4215 4214
f 4224 4214 4223
f 4225 4216 4215
f 4225 4215 4224
f 4226 4217 4216
f 4226 4216 4225
f 4227 4218 4217
f 4227 4217 4226
f 4228 4219 4218
f 4228 4218 4227
f 4229 4220 4219
f 4229 4219 4228
f 4230 4198 4197
f 4230 4222 4198
f 4230 4197 4200
f 4231 4211 4212
f 4231 4221 4220
f 4231 4212 4221
f 4231 4220 4229
f 4232 4200 4201
f 4232 4223 4222
f 4232 4222 4230
f 4232 4230 4200
f 4233 4201 4202
f 4233 4224 4223
f 4233 4223 4232
f 4233 4232 4201
f 4234 4202 4203
f 4234 4203 4204
f 4234 4225 4224
f 4234 4224 4233
f 4234 4233 4202
f 4235 4234 4204
f 4235 4226 4225
f 4235 4225 4234
f 4236 4204 4205
f 4236 4227 4226
f 4236 4235 4204
f 4236 4226 4235
f 4237 4205 4206
f 4237 4227 4236
f 4237 4228 4227
f 4237 4236 4205
f 4238 4206 4207
f 4238 4229 4228
f 4238 4237 4206
f 4238 4228 4237
f 4239 4207 4208
f 4239 4210 4211
f 4239 4231 4229
f 4239 4211 4231
f 4239 4208 4210
f 4239 4238 4207
f 4239 4229 4238
f 4241 4260 4240
f 4241 4261 4260
f 4262 4261 4241
f 4251 4266 4265
f 4251 4267 4266
f 4251 4250 4267
f 4268 4243 4244
f 4268 4244 4245
f 4269 4243 4268
f 4270 4254 4253
f 4270 4255 4254
f 4270 4256 4255
f 4270 4253 4271
f 4272 4241 4242
f 4272 4242 4243
f 4272 4263 4262
f 4272 4269 4273
f 4272 4262 4241
f 4272 4243 4269
f 4274 4252 4251
f 4274 4253 4252
f 4274 4264 4263
f 4274 4265 4264
f 4274 4272 4273
f 4274 4263 4272
f 4274 4251 4265
f 4274 4273 4271
f 4274 4271 4253
f 4275 4257 4256
f 4275 4270 4271
f 4275 4256 4270
f 4275 4276 4257
f 4275 4273 4276
f 4275 4271 4273
f 4277 4258 4257
f 4277 4257 4276
f 4278 4247 4248
f 4278 4248 4249
f 4278 4259 4258
f 4278 4249 4259
f 4278 4258 4277
f 4278 4277 4247
f 4279 4245 4246
f 4279 4246 4247
f 4279 4273 4269
f 4279 4276 4273
f 4279 4277 4276
f 4279 4269 4268
f 4279 4247 4277
f 4279 4268 4245
f 4297 4281 4280
f 4297 4280 4289
f 4296 4289 4288
f 4296 4297 4289
f 4295 4287 4286
f 4295 4288 4287
f 4295 4296 4288
f 4294 4295 4286
f 4293 4286 4285
f 4293 4294 4286
f 4292 4285 4284
f 4292 4293 4285
f 4291 4284 4283
f 4291 4292 4284
f 4290 4283 4282
f 4290 4291 4283
f 4299 4318 4298
f 4299 4319 4318
f 4320 4319 4299
f 4309 4324 4323
f 4309 4325 4324
f 4309 4326 4325
f 4309 4308 4326
f 4327 4301 4302
f 4327 4302 4303
f 4328 4301 4327
f 4328 4327 4303
f 4329 4312 4311
f 4330 4313 4312
f 4330 4314 4313
f 4330 4312 4329
f 4331 4299 4300
f 4331 4300 4301
f 4331 4321 4320
f 4331 4322 4321
f 4331 4328 4332
f 4331 4320 4299
f 4331 4301 4328
f 4333 4310 4309
f 4333 4311 4310
f 4333 4323 4322
f 4333 4309 4323
f 4333 4331 4332
f 4333 4329 4311
f 4333 4332 4329
f 4333 4322 4331
f 4334 4303 4304
f 4334 4332 4328
f 4334 4328 4303
f 4335 4315 4314
f 4335 4330 4329
f 4335 4314 4330
f 4335 4334 4315
f 4335 4332 4334
f 4335 4329 4332
f 4336 4304 4305
f 4336 4316 4315
f 4336 4315 4334
f 4336 4334 4304
f 4337 4305 4306
f 4337 4336 4305
f 4338 4306 4307
f 4338 4317 4316
f 4338 4307 4317
f 4338 4337 4306
f 4338 4316 4336
f 4338 4336 4337
f 4340 4339 4376
f 4340 4376 4377
f 4341 4377 4378
f 4341 4340 4377
f 4342 4378 4379
f 4342 4341 4378
f 4343 4379 4380
f 4343 4342 4379
f 4344 4380 4381
f 4344 4343 4380
f 4345 4381 4382
f 4345 4344 4381
f 4346 4382 4383
f 4346 4345 4382
f 4347 4383 4384
f 4347 4346 4383
f 4348 4384 4385
f 4348 4347 4384
f 4349 4385 4386
f 4349 4348 4385
f 4350 4386 4387
f 4350 4349 4386
f 4351 4387 4388
f 4351 4350 4387
f 4352 4388 4389
f 4352 4351 4388
f 4353 4389 4390
f 4353 4352 4389
f 4427 4392 4428
f 4429 4428 4392
f 4430 4429 4392
f 4431 4430 4392
f 4432 4431 4392
f 4354 4390 4391
f 4354 4353 4390
f 4393 4433 4432
f 4393 4434 4433
f 4393 4435 4434
f 4393 4432 4392
f 4424 4435 4393
f 4436 4391 4392
f 4436 4392 4427
f 4436 4354 4391
f 4425 4424 4393
f 4394 4425 4393
f 4355 4436 4437
f 4355 4437 4438
f 4355 4438 4439
f 4355 4439 4440
f 4355 4440 4441
f 4355 4354 4436
f 4426 4425 4394
f 4395 4426 4394
f 4356 4441 4442
f 4356 4442 4443
f 4356 4443 4444
f 4356 4444 4445
f 4356 4445 4446
f 4356 4446 4447
f 4356 4355 4441
f 4423 4426 4395
f 4422 4423 4395
f 4421 4422 4395
f 4420 4421 4395
f 4419 4420 4395
f 4396 4413 4415
f 4396 4415 4416
f 4396 4416 4417
f 4396 4417 4418
f 4396 4418 4419
f 4396 4419 4395
f 4357 4447 4448
f 4357 4356 4447
f 4414 4413 4396
f 4397 4414 4396
f 4358 4448 4449
f 4358 4455 4454
f 4358 4456 4455
f 4358 4457 4456
f 4358 4458 4457
f 4358 4449 4458
f 4358 4357 4448
f 4359 4450 4414
f 4359 4451 4450
f 4359 4452 4451
f 4359 4453 4452
f 4359 4454 4453
f 4359 4358 4454
f 4360 4414 4397
f 4360 4359 4414
f 4361 4397 4398
f 4361 4398 4399
f 4361 4360 4397
f 4362 4361 4399
f 4363 4399 4400
f 4363 4362 4399
f 4364 4400 4401
f 4364 4363 4400
f 4365 4401 4402
f 4365 4364 4401
f 4366 4402 4403
f 4366 4365 4402
f 4367 4403 4404
f 4367 4366 4403
f 4368 4404 4405
f 4368 4367 4404
f 4369 4405 4406
f 4369 4368 4405
f 4370 4406 4407
f 4370 4369 4406
f 4371 4407 4408
f 4371 4370 4407
f 4372 4408 4409
f 4372 4371 4408
f 4373 4409 4410
f 4373 4372 4409
f 4374 4410 4411
f 4374 4373 4410
f 4375 4411 4412
f 4375 4374 4411
f 4518 4481 4482
f 4517 4480 4481
f 4517 4481 4518
f 4519 4482 4483
f 4519 4518 4482
f 4516 4479 4480
f 4516 4480 4517
f 4520 4483 4484
f 4520 4519 4483
f 4515 4478 4479
f 4515 4479 4516
f 4521 4484 4485
f 4521 4520 4484
f 4514 4477 4478
f 4514 4478 4515
f 4522 4485 4486
f 4522 4521 4485
f 4513 4476 4477
f 4513 4477 4514
f 4523 4486 4487
f 4523 4522 4486
f 4512 4476 4513
f 4475 4476 4512
f 4524 4487 4488
f 4524 4523 4487
f 4511 4475 4512
f 4474 4475 4511
f 4525 4488 4489
f 4525 4524 4488
f 4510 4474 4511
f 4526 4489 4490
f 4526 4525 4489
f 4509 4473 4474
f 4509 4474 4510
f 4491 4527 4526
f 4491 4526 4490
f 4472 4509 4508
f 4472 4473 4509
f 4528 4527 4491
f 4492 4528 4491
f 4471 4508 4507
f 4471 4472 4508
f 4529 4528 4492
f 4493 4529 4492
f 4470 4507 4506
f 4470 4471 4507
f 4530 4529 4493
f 4494 4495 4530
f 4494 4530 4493
f 4469 4506 4505
f 4469 4470 4506
f 4459 4495 4494
f 4468 4505 4504
f 4468 4469 4505
f 4460 4496 4495
f 4460 4497 4496
f 4460 4495 4459
f 4467 4504 4503
f 4467 4468 4504
f 4466 4502 4501
f 4466 4503 4502
f 4466 4467 4503
f 4461 4497 4460
f 4465 4466 4501
f 4462 4498 4497
f 4462 4499 4498
f 4462 4497 4461
f 4463 4499 4462
f 4464 4500 4499
f 4464 4501 4500
f 4464 4465 4501
f 4464 4499 4463
f 4590 4553 4554
f 4589 4552 4553
f 4589 4553 4590
f 4591 4554 4555
f 4591 4590 4554
f 4588 4551 4552
f 4588 4552 4589
f 4592 4555 4556
f 4592 4591 4555
f 4587 4550 4551
f 4587 4551 4588
f 4593 4556 4557
f 4593 4592 4556
f 4586 4549 4550
f 4586 4550 4587
f 4594 4557 4558
f 4594 4593 4557
f 4585 4548 4549
f 4585 4549 4586
f 4595 4558 4559
f 4595 4594 4558
f 4584 4548 4585
f 4547 4548 4584
f 4596 4559 4560
f 4596 4595 4559
f 4583 4547 4584
f 4546 4547 4583
f 4597 4560 4561
f 4597 4596 4560
f 4582 4546 4583
f 4598 4561 4562
f 4598 4597 4561
f 4581 4545 4546
f 4581 4546 4582
f 4563 4599 4598
f 4563 4598 4562
f 4544 4581 4580
f 4544 4545 4581
f 4600 4599 4563
f 4564 4600 4563
f 4543 4580 4579
f 4543 4544 4580
f 4601 4600 4564
f 4565 4601 4564
f 4542 4579 4578
f 4542 4543 4579
f 4602 4601 4565
f 4566 4567 4602
f 4566 4602 4565
f 4541 4578 4577
f 4541 4542 4578
f 4531 4567 4566
f 4540 4577 4576
f 4540 4541 4577
f 4532 4568 4567
f 4532 4569 4568
f 4532 4567 4531
f 4539 4576 4575
f 4539 4540 4576
f 4538 4574 4573
f 4538 4575 4574
f 4538 4539 4575
f 4533 4569 4532
f 4537 4538 4573
f 4534 4570 4569
f 4534 4571 4570
f 4534 4569 4533
f 4535 4571 4534
f 4536 4572 4571
f 4536 4573 4572
f 4536 4537 4573
f 4536 4571 4535
f 4605 4641 4642
f 4606 4605 4642
f 4607 4642 4643
f 4607 4643 4644
f 4607 4606 4642
f 4608 4607 4644
f 4609 4644 4645
f 4609 4608 4644
f 4610 4645 4646
f 4610 4646 4647
f 4610 4609 4645
f 4611 4610 4647
f 4612 4647 4648
f 4612 4648 4649
f 4612 4611 4647
f 4613 4612 4649
f 4614 4649 4650
f 4614 4613 4649
f 4615 4650 4651
f 4615 4614 4650
f 4616 4651 4652
f 4616 4615 4651
f 4617 4652 4653
f 4617 4653 4654
f 4617 4616 4652
f 4618 4617 4654
f 4619 4654 4655
f 4619 4618 4654
f 4620 4655 4656
f 4620 4619 4655
f 4621 4656 4657
f 4621 4620 4656
f 4622 4657 4658
f 4622 4658 4659
f 4622 4621 4657
f 4623 4622 4659
f 4624 4659 4660
f 4624 4623 4659
f 4625 4660 4661
f 4625 4624 4660
f 4626 4661 4662
f 4626 4625 4661
f 4627 4662 4663
f 4627 4663 4664
f 4627 4626 4662
f 4628 4627 4664
f 4629 4664 4665
f 4629 4628 4664
f 4630 4665 4666
f 4630 4629 4665
f 4631 4666 4667
f 4631 4630 4666
f 4632 4667 4668
f 4632 4631 4667
f 4633 4668 4669
f 4633 4632 4668
f 4634 4669 4670
f 4634 4633 4669
f 4635 4670 4671
f 4635 4634 4670
f 4636 4671 4672
f 4636 4672 4673
f 4636 4635 4671
f 4637 4636 4673
f 4638 4673 4674
f 4638 4637 4673
f 4639 4674 4675
f 4639 4638 4674
f 4640 4675 4676
f 4640 4676 4603
f 4640 4639 4675
f 4604 4640 4603
f 4696 4677 4679
f 4696 4679 4680
f 4696 4680 4681
f 4696 4681 4682
f 4696 4682 4683
f 4696 4683 4684
f 4696 4684 4685
f 4696 4685 4686
f 4696 4686 4687
f 4696 4687 4688
f 4696 4688 4689
f 4696 4689 4690
f 4696 4690 4691
f 4696 4691 4692
f 4696 4692 4693
f 4696 4693 4694
f 4696 4694 4695
f 4716 4715 4734
f 4716 4734 4735
f 4717 4735 4736
f 4717 4736 4737
f 4717 4716 4735
f 4718 4717 4737
f 4719 4737 4738
f 4719 4738 4739
f 4719 4718 4737
f 4720 4739 4740
f 4720 4719 4739
f 4721 4720 4740
f 4722 4740 4741
f 4722 4721 4740
f 4723 4741 4742
f 4723 4722 4741
f 4724 4742 4743
f 4724 4723 4742
f 4725 4743 4744
f 4725 4724 4743
f 4726 4744 4745
f 4726 4725 4744
f 4727 4745 4746
f 4727 4726 4745
f 4728 4746 4747
f 4728 4747 4748
f 4728 4727 4746
f 4729 4728 4748
f 4730 4748 4749
f 4730 4729 4748
f 4731 4749 4750
f 4731 4730 4749
f 4732 4750 4751
f 4732 4751 4752
f 4732 4731 4750
f 4733 4732 4752
f 4754 4755 4756
f 4753 4755 4754
f 4758 4759 4760
f 4757 4759 4758
f 4762 4761 4780
f 4762 4780 4781
f 4763 4781 4782
f 4763 4762 4781
f 4764 4782 4783
f 4764 4783 4784
f 4764 4763 4782
f 4765 4764 4784
f 4766 4784 4785
f 4766 4765 4784
f 4767 4785 4786
f 4767 4766 4785
f 4768 4786 4787
f 4768 4767 4786
f 4769 4787 4788
f 4769 4768 4787
f 4770 4788 4789
f 4770 4769 4788
f 4771 4789 4790
f 4771 4770 4789
f 4772 4790 4791
f 4772 4771 4790
f 4773 4791 4792
f 4773 4792 4793
f 4773 4772 4791
f 4774 4773 4793
f 4775 4793 4794
f 4775 4794 4795
f 4775 4774 4793
f 4776 4795 4796
f 4776 4775 4795
f 4777 4776 4796
f 4778 4796 4797
f 4778 4777 4796
f 4779 4797 4798
f 4779 4778 4797
f 4818 4799 4801
f 4818 4801 4802
f 4818 4802 4803
f 4818 4803 4804
f 4818 4804 4805
f 4818 4805 4806
f 4818 4806 4807
f 4818 4807 4808
f 4818 4808 4809
f 4818 4809 4810
f 4818 4810 4811
f 4818 4811 4812
f 4818 4812 4813
f 4818 4813 4814
f 4818 4814 4815
f 4818 4815 4816
f 4818 4816 4817
f 4842 4838 4837
f 4842 4837 4841
f 4839 4844 4841
f 4839 4841 4837
f 4840 4843 4844
f 4840 4844 4839
f 4840 4838 4842
f 4840 4842 4843
f 4846 4845 4847
f 4846 4847 4848
f 4852 4850 4849
f 4852 4849 4851
f 4854 4853 4855
f 4854 4855 4856
f 4860 4858 4857
f 4860 4857 4859
f 4862 4861 4863
f 4862 4863 4864
f 4866 4865 4867
f 4866 4867 4868
f 4870 4869 4871
f 4870 4871 4872
f 4874 4873 4875
f 4874 4875 4876
f 4880 4878 4877
f 4880 4877 4879
f 4884 4882 4881
f 4884 4881 4883
f 4932 4885 4886
f 4933 4886 4887
f 4933 4932 4886
f 4934 4887 4888
f 4934 4933 4887
f 4935 4888 4889
f 4935 4934 4888
f 4936 4889 4890
f 4936 4935 4889
f 4937 4890 4891
f 4937 4936 4890
f 4938 4891 4892
f 4938 4937 4891
f 4939 4892 4893
f 4939 4938 4892
f 4895 4893 4894
f 4895 4939 4893
f 4940 4939 4895
f 4900 4898 4899
f 4941 4895 4896
f 4941 4896 4897
f 4941 4897 4898
f 4941 4940 4895
f 4942 4941 4898
f 4943 4900 4901
f 4943 4898 4900
f 4943 4942 4898
f 4944 4901 4902
f 4944 4943 4901
f 4945 4902 4903
f 4945 4944 4902
f 4946 4903 4904
f 4946 4945 4903
f 4947 4904 4905
f 4947 4946 4904
f 4948 4905 4906
f 4948 4947 4905
f 4949 4906 4907
f 4949 4948 4906
f 4950 4907 4908
f 4950 4949 4907
f 4951 4908 4909
f 4951 4950 4908
f 4952 4909 4910
f 4952 4951 4909
f 4953 4910 4911
f 4953 4952 4910
f 4954 4911 4912
f 4954 4953 4911
f 4955 4912 4913
f 4955 4954 4912
f 4956 4913 4914
f 4956 4955 4913
f 4957 4914 4915
f 4957 4956 4914
f 4917 4915 4916
f 4917 4957 4915
f 4958 4957 4917
f 4920 4921 4922
f 4959 4917 4918
f 4959 4918 4919
f 4959 4919 4920
f 4959 4958 4917
f 4960 4959 4920
f 4961 4922 4923
f 4961 4920 4922
f 4961 4960 4920
f 4962 4923 4924
f 4962 4961 4923
f 4963 4924 4925
f 4963 4962 4924
f 4964 4925 4926
f 4964 4963 4925
f 4965 4926 4927
f 4965 4964 4926
f 4966 4927 4928
f 4966 4965 4927
f 4967 4928 4929
f 4967 4966 4928
f 4931 4929 4930
f 4931 4967 4929
f 4980 4978 4979
f 4986 4981 4982
f 4986 4982 4983
f 4986 4983 4984
f 4986 4984 4985
f 4976 4977 4978
f 4971 4969 4970
f 4974 4975 4976
f 4974 4980 4981
f 4974 4986 4968
f 4974 4978 4980
f 4974 4981 4986
f 4974 4976 4978
f 4973 4968 4969
f 4973 4971 4972
f 4973 4969 4971
f 4973 4974 4968
f 4990 4987 4988
f 4990 4988 4989
f 4998 4992 4991
f 4998 4995 4994
f 4998 4991 4995
f 4998 4997 4992
f 4996 4994 4993
f 4996 4998 4994
f 5058 5021 5022
f 5057 5020 5021
f 5057 5021 5058
f 5059 5022 5023
f 5059 5058 5022
f 5056 5019 5020
f 5056 5020 5057
f 5060 5023 5024
f 5060 5059 5023
f 5055 5018 5019
f 5055 5019 5056
f 5061 5024 5025
f 5061 5060 5024
f 5054 5017 5018
f 5054 5018 5055
f 5062 5025 5026
f 5062 5061 5025
f 5053 5016 5017
f 5053 5017 5054
f 5063 5026 5027
f 5063 5062 5026
f 5052 5016 5053
f 5064 5027 5028
f 5064 5063 5027
f 5051 5014 5015
f 5051 5015 5016
f 5051 5016 5052
f 5065 5028 5029
f 5065 5064 5028
f 5050 5014 5051
f 5013 5014 5050
f 5066 5029 5030
f 5066 5065 5029
f 5049 5013 5050
f 5031 5067 5066
f 5031 5066 5030
f 5012 5049 5048
f 5012 5013 5049
f 5068 5067 5031
f 5032 5069 5068
f 5032 5068 5031
f 5011 5048 5047
f 5011 5012 5048
f 5033 5069 5032
f 5010 5047 5046
f 5010 5011 5047
f 5034 5070 5069
f 5034 5035 5070
f 5034 5069 5033
f 5009 5046 5045
f 5009 5010 5046
f 4999 5035 5034
f 5008 5045 5044
f 5008 5009 5045
f 5007 5044 5043
f 5007 5008 5044
f 5000 5036 5035
f 5000 5035 4999
f 5001 5037 5036
f 5001 5036 5000
f 5006 5043 5042
f 5006 5007 5043
f 5005 5042 5041
f 5005 5006 5042
f 5002 5038 5037
f 5002 5039 5038
f 5002 5037 5001
f 5004 5041 5040
f 5004 5005 5041
f 5003 5040 5039
f 5003 5039 5002
f 5003 5004 5040
f 5074 5071 5072
f 5074 5072 5073
f 5091 5089 5090
f 5085 5086 5087
f 5092 5087 5088
f 5092 5088 5089
f 5092 5089 5091
f 5084 5085 5087
f 5081 5082 5083
f 5077 5078 5079
f 5077 5079 5080
f 5077 5080 5081
f 5075 5076 5077
f 5075 5083 5084
f 5075 5087 5092
f 5075 5084 5087
f 5075 5081 5083
f 5075 5077 5081
f 5095 5131 5132
f 5096 5132 5133
f 5096 5095 5132
f 5097 5133 5134
f 5097 5096 5133
f 5098 5134 5135
f 5098 5097 5134
f 5099 5135 5136
f 5099 5098 5135
f 5100 5136 5137
f 5100 5099 5136
f 5101 5137 5138
f 5101 5100 5137
f 5102 5138 5139
f 5102 5101 5138
f 5103 5139 5140
f 5103 5102 5139
f 5104 5140 5141
f 5104 5103 5140
f 5105 5141 5142
f 5105 5104 5141
f 5106 5142 5143
f 5106 5105 5142
f 5107 5143 5144
f 5107 5106 5143
f 5108 5144 5145
f 5108 5107 5144
f 5109 5145 5146
f 5109 5108 5145
f 5110 5146 5147
f 5110 5109 5146
f 5111 5147 5148
f 5111 5110 5147
f 5112 5148 5149
f 5112 5111 5148
f 5113 5149 5150
f 5113 5112 5149
f 5114 5150 5151
f 5114 5113 5150
f 5115 5151 5152
f 5115 5114 5151
f 5116 5152 5153
f 5116 5115 5152
f 5117 5153 5154
f 5117 5116 5153
f 5118 5154 5155
f 5118 5117 5154
f 5119 5155 5156
f 5119 5118 5155
f 5120 5156 5157
f 5120 5119 5156
f 5121 5157 5158
f 5121 5120 5157
f 5122 5158 5159
f 5122 5121 5158
f 5123 5159 5160
f 5123 5122 5159
f 5124 5160 5161
f 5124 5123 5160
f 5125 5161 5162
f 5125 5124 5161
f 5126 5162 5163
f 5126 5125 5162
f 5127 5163 5164
f 5127 5126 5163
f 5128 5164 5165
f 5128 5127 5164
f 5129 5165 5166
f 5129 5128 5165
f 5130 5166 5093
f 5130 5129 5166
f 5094 5130 5093
f 5183 5184 5185
f 5183 5185 5186
f 5183 5186 5187
f 5197 5194 5195
f 5197 5195 5196
f 5181 5182 5183
f 5199 5197 5198
f 5180 5181 5183
f 5179 5187 5188
f 5179 5188 5189
f 5179 5189 5190
f 5179 5190 5191
f 5179 5191 5192
f 5179 5192 5193
f 5179 5183 5187
f 5179 5180 5183
f 5167 5201 5202
f 5176 5177 5178
f 5176 5178 5179
f 5175 5176 5179
f 5169 5167 5168
f 5170 5200 5201
f 5170 5201 5167
f 5170 5167 5169
f 5172 5173 5174
f 5172 5174 5175
f 5171 5193 5194
f 5171 5199 5200
f 5171 5179 5193
f 5171 5194 5197
f 5171 5197 5199
f 5171 5175 5179
f 5171 5200 5170
f 5171 5172 5175
f 5262 5225 5226
f 5261 5224 5225
f 5261 5225 5262
f 5263 5226 5227
f 5263 5262 5226
f 5260 5223 5224
f 5260 5224 5261
f 5264 5227 5228
f 5264 5263 5227
f 5259 5222 5223
f 5259 5223 5260
f 5265 5228 5229
f 5265 5264 5228
f 5258 5221 5222
f 5258 5222 5259
f 5266 5229 5230
f 5266 5265 5229
f 5257 5220 5221
f 5257 5221 5258
f 5267 5230 5231
f 5267 5266 5230
f 5256 5219 5220
f 5256 5220 5257
f 5268 5231 5232
f 5268 5267 5231
f 5255 5219 5256
f 5218 5219 5255
f 5269 5232 5233
f 5269 5268 5232
f 5254 5218 5255
f 5217 5218 5254
f 5270 5233 5234
f 5270 5269 5233
f 5253 5217 5254
f 5271 5270 5234
f 5235 5271 5234
f 5216 5253 5252
f 5216 5217 5253
f 5272 5271 5235
f 5236 5272 5235
f 5215 5252 5251
f 5215 5216 5252
f 5237 5273 5272
f 5237 5272 5236
f 5214 5251 5250
f 5214 5215 5251
f 5238 5274 5273
f 5238 5273 5237
f 5213 5250 5249
f 5213 5214 5250
f 5203 5240 5239
f 5203 5239 5274
f 5203 5274 5238
f 5212 5249 5248
f 5212 5213 5249
f 5204 5240 5203
f 5211 5248 5247
f 5211 5212 5248
f 5205 5241 5240
f 5205 5240 5204
f 5210 5246 5245
f 5210 5247 5246
f 5210 5211 5247
f 5206 5242 5241
f 5206 5243 5242
f 5206 5241 5205
f 5209 5210 5245
f 5207 5243 5206
f 5208 5244 5243
f 5208 5245 5244
f 5208 5243 5207
f 5208 5209 5245
f 5276 5275 5312
f 5276 5312 5313
f 5277 5313 5314
f 5277 5276 5313
f 5278 5314 5315
f 5278 5277 5314
f 5279 5315 5316
f 5279 5278 5315
f 5280 5316 5317
f 5280 5279 5316
f 5281 5317 5318
f 5281 5280 5317
f 5282 5318 5319
f 5282 5281 5318
f 5283 5319 5320
f 5283 5320 5321
f 5283 5282 5319
f 5284 5283 5321
f 5285 5321 5322
f 5285 5284 5321
f 5286 5322 5323
f 5286 5285 5322
f 5287 5323 5324
f 5287 5286 5323
f 5288 5324 5325
f 5288 5325 5326
f 5288 5287 5324
f 5289 5288 5326
f 5290 5326 5327
f 5290 5289 5326
f 5291 5327 5328
f 5291 5290 5327
f 5292 5328 5329
f 5292 5291 5328
f 5293 5329 5330
f 5293 5292 5329
f 5294 5330 5331
f 5294 5331 5332
f 5294 5293 5330
f 5295 5294 5332
f 5296 5332 5333
f 5296 5295 5332
f 5297 5333 5334
f 5297 5296 5333
f 5298 5334 5335
f 5298 5297 5334
f 5299 5335 5336
f 5299 5298 5335
f 5300 5336 5337
f 5300 5299 5336
f 5301 5337 5338
f 5301 5300 5337
f 5302 5338 5339
f 5302 5339 5340
f 5302 5301 5338
f 5303 5302 5340
f 5304 5340 5341
f 5304 5303 5340
f 5305 5341 5342
f 5305 5304 5341
f 5306 5342 5343
f 5306 5305 5342
f 5307 5343 5344
f 5307 5306 5343
f 5308 5344 5345
f 5308 5307 5344
f 5309 5345 5346
f 5309 5308 5345
f 5310 5346 5347
f 5310 5347 5348
f 5310 5309 5346
f 5311 5310 5348
f 5351 5387 5388
f 5352 5351 5388
f 5353 5388 5389
f 5353 5389 5390
f 5353 5352 5388
f 5354 5353 5390
f 5355 5390 5391
f 5355 5391 5392
f 5355 5354 5390
f 5356 5355 5392
f 5357 5392 5393
f 5357 5356 5392
f 5358 5393 5394
f 5358 5357 5393
f 5359 5394 5395
f 5359 5395 5396
f 5359 5358 5394
f 5360 5359 5396
f 5361 5396 5397
f 5361 5397 5398
f 5361 5360 5396
f 5362 5398 5399
f 5362 5361 5398
f 5363 5362 5399
f 5364 5399 5400
f 5364 5363 5399
f 5365 5400 5401
f 5365 5364 5400
f 5366 5401 5402
f 5366 5365 5401
f 5367 5402 5403
f 5367 5366 5402
f 5368 5403 5404
f 5368 5404 5405
f 5368 5367 5403
f 5369 5368 5405
f 5370 5405 5406
f 5370 5369 5405
f 5371 5406 5407
f 5371 5370 5406
f 5372 5407 5408
f 5372 5371 5407
f 5373 5408 5409
f 5373 5409 5410
f 5373 5372 5408
f 5374 5373 5410
f 5375 5410 5411
f 5375 5374 5410
f 5376 5411 5412
f 5376 5375 5411
f 5377 5412 5413
f 5377 5376 5412
f 5378 5413 5414
f 5378 5414 5415
f 5378 5377 5413
f 5379 5378 5415
f 5380 5415 5416
f 5380 5379 5415
f 5381 5416 5417
f 5381 5380 5416
f 5382 5417 5418
f 5382 5418 5419
f 5382 5381 5417
f 5383 5382 5419
f 5384 5419 5420
f 5384 5383 5419
f 5385 5420 5421
f 5385 5384 5420
f 5386 5421 5422
f 5386 5385 5421
f 5350 5422 5349
f 5350 5386 5422
f 5482 5445 5446
f 5481 5444 5445
f 5481 5445 5482
f 5483 5446 5447
f 5483 5482 5446
f 5480 5443 5444
f 5480 5444 5481
f 5484 5447 5448
f 5484 5483 5447
f 5479 5442 5443
f 5479 5443 5480
f 5485 5448 5449
f 5485 5484 5448
f 5478 5441 5442
f 5478 5442 5479
f 5486 5449 5450
f 5486 5485 5449
f 5477 5440 5441
f 5477 5441 5478
f 5487 5450 5451
f 5487 5486 5450
f 5476 5439 5440
f 5476 5440 5477
f 5488 5451 5452
f 5488 5487 5451
f 5475 5439 5476
f 5438 5439 5475
f 5489 5452 5453
f 5489 5488 5452
f 5474 5438 5475
f 5437 5438 5474
f 5490 5453 5454
f 5490 5489 5453
f 5473 5437 5474
f 5491 5490 5454
f 5455 5491 5454
f 5436 5473 5472
f 5436 5437 5473
f 5492 5491 5455
f 5456 5492 5455
f 5435 5472 5471
f 5435 5436 5472
f 5457 5493 5492
f 5457 5492 5456
f 5434 5471 5470
f 5434 5435 5471
f 5458 5494 5493
f 5458 5493 5457
f 5433 5470 5469
f 5433 5434 5470
f 5423 5460 5459
f 5423 5459 5494
f 5423 5494 5458
f 5432 5469 5468
f 5432 5433 5469
f 5424 5460 5423
f 5431 5468 5467
f 5431 5432 5468
f 5425 5461 5460
f 5425 5460 5424
f 5430 5466 5465
f 5430 5467 5466
f 5430 5431 5467
f 5426 5462 5461
f 5426 5463 5462
f 5426 5461 5425
f 5429 5430 5465
f 5427 5463 5426
f 5428 5464 5463
f 5428 5465 5464
f 5428 5463 5427
f 5428 5429 5465
f 5497 5533 5534
f 5498 5534 5535
f 5498 5497 5534
f 5499 5498 5535
f 5500 5535 5536
f 5500 5499 5535
f 5501 5536 5537
f 5501 5537 5538
f 5501 5500 5536
f 5502 5501 5538
f 5503 5538 5539
f 5503 5502 5538
f 5504 5539 5540
f 5504 5503 5539
f 5505 5540 5541
f 5505 5504 5540
f 5506 5541 5542
f 5506 5505 5541
f 5507 5542 5543
f 5507 5506 5542
f 5508 5543 5544
f 5508 5507 5543
f 5509 5544 5545
f 5509 5508 5544
f 5510 5545 5546
f 5510 5509 5545
f 5511 5546 5547
f 5511 5547 5548
f 5511 5510 5546
f 5512 5511 5548
f 5513 5548 5549
f 5513 5512 5548
f 5514 5549 5550
f 5514 5513 5549
f 5515 5550 5551
f 5515 5514 5550
f 5516 5551 5552
f 5516 5515 5551
f 5517 5552 5553
f 5517 5516 5552
f 5518 5553 5554
f 5518 5517 5553
f 5519 5554 5555
f 5519 5518 5554
f 5520 5555 5556
f 5520 5556 5557
f 5520 5519 5555
f 5521 5520 5557
f 5522 5557 5558
f 5522 5521 5557
f 5523 5558 5559
f 5523 5559 5560
f 5523 5522 5558
f 5524 5523 5560
f 5525 5560 5561
f 5525 5524 5560
f 5526 5561 5562
f 5526 5525 5561
f 5527 5562 5563
f 5527 5526 5562
f 5528 5563 5564
f 5528 5527 5563
f 5529 5564 5565
f 5529 5528 5564
f 5530 5565 5566
f 5530 5529 5565
f 5531 5566 5567
f 5531 5530 5566
f 5532 5567 5568
f 5532 5568 5495
f 5532 5531 5567
f 5496 5532 5495
f 5594 5591 5590
f 5594 5592 5591
f 5594 5593 5592
f 5588 5590 5589
f 5597 5596 5595
f 5598 5597 5595
f 5585 5587 5586
f 5583 5585 5584
f 5601 5599 5598
f 5601 5600 5599
f 5602 5595 5594
f 5602 5594 5590
f 5602 5598 5595
f 5602 5601 5598
f 5603 5602 5590
f 5580 5582 5581
f 5604 5590 5588
f 5604 5603 5590
f 5569 5588 5587
f 5569 5604 5588
f 5578 5580 5579
f 5570 5587 5585
f 5570 5569 5587
f 5572 5571 5570
f 5572 5570 5585
f 5575 5577 5576
f 5575 5578 5577
f 5575 5582 5580
f 5575 5580 5578
f 5573 5583 5582
f 5573 5585 5583
f 5573 5572 5585
f 5573 5582 5575
f 5574 5573 5575
f 5664 5627 5628
f 5663 5626 5627
f 5663 5627 5664
f 5665 5628 5629
f 5665 5664 5628
f 5662 5625 5626
f 5662 5626 5663
f 5666 5629 5630
f 5666 5665 5629
f 5661 5624 5625
f 5661 5625 5662
f 5667 5630 5631
f 5667 5666 5630
f 5660 5623 5624
f 5660 5624 5661
f 5668 5631 5632
f 5668 5667 5631
f 5659 5622 5623
f 5659 5623 5660
f 5669 5632 5633
f 5669 5668 5632
f 5658 5622 5659
f 5670 5633 5634
f 5670 5669 5633
f 5657 5620 5621
f 5657 5621 5622
f 5657 5622 5658
f 5671 5634 5635
f 5671 5670 5634
f 5656 5620 5657
f 5619 5620 5656
f 5672 5635 5636
f 5672 5671 5635
f 5655 5619 5656
f 5637 5673 5672
f 5637 5672 5636
f 5618 5655 5654
f 5618 5619 5655
f 5674 5673 5637
f 5638 5674 5637
f 5617 5654 5653
f 5617 5618 5654
f 5639 5675 5674
f 5639 5676 5675
f 5639 5674 5638
f 5616 5653 5652
f 5616 5617 5653
f 5640 5641 5676
f 5640 5676 5639
f 5615 5652 5651
f 5615 5616 5652
f 5605 5642 5641
f 5605 5641 5640
f 5614 5651 5650
f 5614 5615 5651
f 5606 5642 5605
f 5613 5650 5649
f 5613 5614 5650
f 5607 5643 5642
f 5607 5642 5606
f 5612 5649 5648
f 5612 5613 5649
f 5608 5644 5643
f 5608 5643 5607
f 5611 5647 5646
f 5611 5648 5647
f 5611 5612 5648
f 5609 5645 5644
f 5609 5644 5608
f 5610 5646 5645
f 5610 5611 5646
f 5610 5645 5609
f 5678 5677 5714
f 5678 5714 5715
f 5679 5715 5716
f 5679 5678 5715
f 5680 5716 5717
f 5680 5679 5716
f 5681 5717 5718
f 5681 5680 5717
f 5682 5718 5719
f 5682 5681 5718
f 5683 5719 5720
f 5683 5682 5719
f 5684 5720 5721
f 5684 5683 5720
f 5685 5721 5722
f 5685 5684 5721
f 5686 5722 5723
f 5686 5685 5722
f 5687 5723 5724
f 5687 5686 5723
f 5688 5724 5725
f 5688 5687 5724
f 5689 5725 5726
f 5689 5688 5725
f 5690 5726 5727
f 5690 5689 5726
f 5691 5727 5728
f 5691 5690 5727
f 5692 5728 5729
f 5692 5691 5728
f 5693 5729 5730
f 5693 5692 5729
f 5694 5730 5731
f 5694 5693 5730
f 5695 5731 5732
f 5695 5694 5731
f 5696 5732 5733
f 5696 5695 5732
f 5697 5733 5734
f 5697 5696 5733
f 5698 5734 5735
f 5698 5697 5734
f 5699 5735 5736
f 5699 5698 5735
f 5700 5736 5737
f 5700 5699 5736
f 5701 5737 5738
f 5701 5700 5737
f 5702 5738 5739
f 5702 5701 5738
f 5703 5739 5740
f 5703 5702 5739
f 5704 5740 5741
f 5704 5703 5740
f 5705 5741 5742
f 5705 5704 5741
f 5706 5742 5743
f 5706 5705 5742
f 5707 5743 5744
f 5707 5706 5743
f 5708 5744 5745
f 5708 5707 5744
f 5709 5745 5746
f 5709 5708 5745
f 5710 5746 5747
f 5710 5709 5746
f 5711 5747 5748
f 5711 5710 5747
f 5712 5748 5749
f 5712 5711 5748
f 5713 5749 5750
f 5713 5712 5749
f 5772 5773 5774
f 5772 5774 5775
f 5781 5778 5779
f 5781 5779 5780
f 5782 5777 5778
f 5782 5778 5781
f 5765 5766 5767
f 5765 5767 5768
f 5765 5768 5769
f 5763 5764 5765
f 5785 5775 5776
f 5785 5776 5777
f 5785 5782 5783
f 5785 5783 5784
f 5785 5777 5782
f 5786 5775 5785
f 5761 5762 5763
f 5761 5763 5765
f 5751 5770 5771
f 5751 5771 5772
f 5751 5772 5775
f 5751 5775 5786
f 5758 5759 5760
f 5758 5760 5761
f 5754 5751 5752
f 5754 5752 5753
f 5755 5769 5770
f 5755 5765 5769
f 5755 5770 5751
f 5755 5751 5754
f 5756 5757 5758
f 5756 5761 5765
f 5756 5758 5761
f 5756 5765 5755
f 5806 5804 5805
f 5824 5804 5806
f 5803 5804 5824
f 5823 5803 5824
f 5802 5803 5823
f 5822 5802 5823
f 5801 5802 5822
f 5821 5801 5822
f 5800 5821 5820
f 5800 5801 5821
f 5799 5820 5819
f 5799 5800 5820
f 5818 5799 5819
f 5798 5799 5818
f 5817 5798 5818
f 5797 5817 5816
f 5797 5798 5817
f 5796 5816 5815
f 5796 5797 5816
f 5795 5815 5814
f 5795 5796 5815
f 5788 5808 5807
f 5788 5807 5787
f 5794 5814 5813
f 5794 5795 5814
f 5789 5809 5808
f 5789 5808 5788
f 5793 5813 5812
f 5793 5794 5813
f 5790 5810 5809
f 5790 5809 5789
f 5792 5812 5811
f 5792 5793 5812
f 5791 5811 5810
f 5791 5792 5811
f 5791 5810 5790
f 5825 5844 5870
f 5826 5869 5868
f 5826 5870 5869
f 5826 5825 5870
f 5827 5868 5867
f 5827 5826 5868
f 5828 5867 5866
f 5828 5827 5867
f 5829 5866 5865
f 5829 5828 5866
f 5830 5865 5864
f 5830 5829 5865
f 5831 5863 5862
f 5831 5864 5863
f 5831 5830 5864
f 5832 5861 5860
f 5832 5862 5861
f 5832 5831 5862
f 5833 5860 5859
f 5833 5832 5860
f 5834 5859 5858
f 5834 5833 5859
f 5835 5857 5856
f 5835 5858 5857
f 5835 5834 5858
f 5836 5856 5855
f 5836 5835 5856
f 5837 5855 5854
f 5837 5836 5855
f 5838 5853 5852
f 5838 5854 5853
f 5838 5837 5854
f 5839 5851 5850
f 5839 5852 5851
f 5839 5838 5852
f 5840 5850 5849
f 5840 5839 5850
f 5841 5848 5847
f 5841 5849 5848
f 5841 5840 5849
f 5842 5847 5846
f 5842 5841 5847
f 5843 5846 5845
f 5843 5842 5846
f 5896 5897 5898
f 5872 5885 5886
f 5872 5886 5887
f 5872 5887 5888
f 5872 5888 5889
f 5872 5889 5890
f 5872 5890 5891
f 5872 5891 5892
f 5872 5892 5893
f 5872 5893 5894
f 5872 5894 5895
f 5872 5895 5896
f 5872 5896 5898
f 5884 5885 5872
f 5881 5882 5883
f 5880 5881 5883
f 5879 5880 5883
f 5878 5879 5883
f 5877 5878 5883
f 5876 5877 5883
f 5875 5876 5883
f 5874 5875 5883
f 5873 5874 5883
f 5871 5883 5884
f 5871 5884 5872
f 5871 5873 5883
f 5965 5931 5966
f 5967 5966 5931
f 5964 5931 5965
f 5968 5967 5931
f 5963 5931 5964
f 5969 5968 5931
f 5962 5931 5963
f 5970 5969 5931
f 5961 5931 5962
f 5960 5970 5931
f 5971 5931 5961
f 5902 5971 5972
f 5902 5972 5973
f 5902 5973 5974
f 5902 5974 5975
f 5902 5975 5976
f 5902 5976 5977
f 5902 5977 5978
f 5902 5931 5971
f 5979 5902 5978
f 5980 5902 5979
f 5981 5902 5980
f 5982 5902 5981
f 5900 5902 5982
f 5912 5903 5913
f 5914 5913 5903
f 5911 5903 5912
f 5915 5914 5903
f 5916 5915 5903
f 5910 5903 5911
f 5917 5916 5903
f 5909 5903 5910
f 5918 5917 5903
f 5908 5903 5909
f 5906 5918 5903
f 5901 5900 5899
f 5930 5902 5903
f 5930 5908 5907
f 5930 5931 5902
f 5930 5903 5908
f 5919 5920 5930
f 5919 5930 5907
f 5921 5920 5919
f 5928 5919 5929
f 5922 5921 5919
f 5927 5919 5928
f 5923 5922 5919
f 5926 5919 5927
f 5924 5923 5919
f 5925 5919 5926
f 5925 5924 5919
f 5905 5906 5904
f 5959 5931 5932
f 5959 5960 5931
f 5958 5959 5932
f 5957 5958 5932
f 5956 5957 5932
f 5955 5956 5932
f 5954 5955 5932
f 5953 5954 5932
f 5952 5953 5932
f 5951 5952 5932
f 5950 5951 5932
f 5949 5950 5932
f 5936 5934 5935
f 5933 5938 5937
f 5933 5939 5938
f 5933 5940 5939
f 5933 5941 5940
f 5933 5942 5941
f 5933 5943 5942
f 5933 5944 5943
f 5933 5945 5944
f 5933 5946 5945
f 5933 5947 5946
f 5933 5948 5947
f 5933 5936 5948
f 5933 5937 5949
f 5933 5934 5936
f 5933 5949 5932
f 5901 5902 5900
f 5903 5904 5906
f 5983 6002 6014
f 5984 6014 6013
f 5984 5983 6014
f 5985 6013 6012
f 5985 5984 6013
f 5986 6011 6010
f 5986 6012 6011
f 5986 5985 6012
f 5987 6010 6009
f 5987 5986 6010
f 5988 6009 6008
f 5988 5987 6009
f 5989 6007 6006
f 5989 6008 6007
f 5989 5988 6008
f 5990 6006 6005
f 5990 5989 6006
f 5991 6005 6004
f 5991 5990 6005
f 5992 6004 6003
f 5992 6003 6026
f 5992 5991 6004
f 5993 6026 6025
f 5993 5992 6026
f 5994 6025 6024
f 5994 5993 6025
f 5995 6024 6023
f 5995 5994 6024
f 5996 6022 6021
f 5996 6023 6022
f 5996 5995 6023
f 5997 6021 6020
f 5997 5996 6021
f 5998 6019 6018
f 5998 6020 6019
f 5998 5997 6020
f 5999 6018 6017
f 5999 5998 6018
f 6000 6017 6016
f 6000 5999 6017
f 6001 6016 6015
f 6001 6000 6016
f 6067 6066 6090
f 6091 6067 6090
f 6028 6099 6100
f 6028 6100 6027
f 6055 6089 6088
f 6055 6054 6089
f 6056 6055 6088
f 6065 6064 6051
f 6052 6065 6051
f 6053 6065 6052
f 6101 6093 6094
f 6101 6094 6095
f 6101 6095 6096
f 6101 6096 6097
f 6102 6059 6058
f 6102 6060 6059
f 6102 6061 6060
f 6102 6062 6061
f 6103 6068 6067
f 6103 6091 6092
f 6103 6092 6093
f 6103 6067 6091
f 6103 6093 6101
f 6104 6069 6068
f 6104 6103 6101
f 6104 6068 6103
f 6105 6070 6069
f 6105 6104 6101
f 6105 6069 6104
f 6105 6101 6106
f 6107 6071 6070
f 6107 6105 6106
f 6107 6070 6105
f 6108 6028 6029
f 6108 6097 6098
f 6108 6098 6099
f 6108 6099 6028
f 6108 6101 6097
f 6109 6029 6030
f 6109 6101 6108
f 6109 6108 6029
f 6110 6107 6106
f 6110 6071 6107
f 6111 6030 6031
f 6111 6101 6109
f 6111 6109 6030
f 6112 6072 6071
f 6112 6110 6106
f 6112 6071 6110
f 6113 6031 6032
f 6113 6111 6031
f 6113 6101 6111
f 6113 6106 6101
f 6114 6032 6033
f 6114 6106 6113
f 6114 6113 6032
f 6115 6073 6072
f 6115 6072 6112
f 6116 6114 6033
f 6116 6106 6114
f 6117 6073 6115
f 6118 6033 6034
f 6118 6116 6033
f 6118 6106 6116
f 6119 6074 6073
f 6119 6073 6117
f 6119 6117 6120
f 6121 6075 6074
f 6121 6074 6119
f 6121 6119 6120
f 6121 6120 6122
f 6123 6034 6035
f 6123 6118 6034
f 6124 6035 6036
f 6124 6123 6035
f 6125 6076 6075
f 6125 6075 6121
f 6125 6121 6122
f 6126 6076 6125
f 6126 6125 6122
f 6127 6124 6036
f 6127 6120 6124
f 6128 6077 6076
f 6128 6076 6126
f 6128 6126 6122
f 6129 6036 6037
f 6129 6127 6036
f 6129 6120 6127
f 6130 6037 6038
f 6130 6129 6037
f 6130 6122 6120
f 6130 6120 6129
f 6131 6078 6077
f 6131 6122 6132
f 6131 6077 6128
f 6131 6128 6122
f 6133 6079 6078
f 6133 6078 6131
f 6133 6131 6132
f 6134 6079 6133
f 6134 6133 6132
f 6135 6080 6079
f 6135 6079 6134
f 6135 6134 6132
f 6136 6038 6039
f 6136 6130 6038
f 6136 6122 6130
f 6137 6081 6080
f 6137 6132 6138
f 6137 6080 6135
f 6137 6135 6132
f 6139 6136 6039
f 6139 6122 6136
f 6140 6039 6040
f 6140 6139 6039
f 6140 6122 6139
f 6141 6082 6081
f 6141 6081 6137
f 6141 6137 6138
f 6142 6040 6041
f 6142 6140 6040
f 6142 6132 6122
f 6142 6122 6140
f 6143 6142 6041
f 6143 6132 6142
f 6144 6082 6141
f 6144 6141 6138
f 6145 6041 6042
f 6145 6143 6041
f 6145 6132 6143
f 6146 6083 6082
f 6146 6082 6144
f 6146 6144 6138
f 6147 6042 6043
f 6147 6145 6042
f 6147 6132 6145
f 6148 6043 6044
f 6148 6147 6043
f 6148 6138 6132
f 6148 6132 6147
f 6149 6084 6083
f 6149 6083 6146
f 6150 6044 6045
f 6150 6148 6044
f 6150 6138 6148
f 6151 6150 6045
f 6151 6138 6150
f 6152 6085 6084
f 6152 6084 6149
f 6153 6045 6046
f 6153 6151 6045
f 6153 6138 6151
f 6154 6086 6085
f 6154 6085 6152
f 6155 6046 6047
f 6155 6153 6046
f 6156 6086 6154
f 6156 6154 6157
f 6158 6087 6086
f 6158 6086 6156
f 6158 6157 6102
f 6158 6156 6157
f 6159 6047 6048
f 6159 6155 6047
f 6160 6057 6056
f 6160 6058 6057
f 6160 6088 6087
f 6160 6102 6058
f 6160 6056 6088
f 6160 6087 6158
f 6160 6158 6102
f 6161 6048 6049
f 6161 6159 6048
f 6162 6161 6049
f 6162 6157 6161
f 6163 6049 6050
f 6163 6102 6157
f 6163 6162 6049
f 6163 6157 6162
f 6164 6050 6051
f 6164 6063 6062
f 6164 6064 6063
f 6164 6062 6102
f 6164 6163 6050
f 6164 6051 6064
f 6164 6102 6163
f 6165 6115 6112
f 6165 6118 6123
f 6165 6106 6118
f 6165 6112 6106
f 6166 6117 6115
f 6166 6124 6120
f 6166 6120 6117
f 6166 6115 6165
f 6166 6123 6124
f 6166 6165 6123
f 6167 6153 6155
f 6167 6146 6138
f 6167 6149 6146
f 6167 6138 6153
f 6168 6152 6149
f 6168 6167 6155
f 6168 6155 6159
f 6168 6149 6167
f 6169 6157 6154
f 6169 6154 6152
f 6169 6161 6157
f 6169 6159 6161
f 6169 6152 6168
f 6169 6168 6159
f 6197 6196 6214
f 6197 6214 6215
f 6198 6215 6216
f 6198 6197 6215
f 6199 6216 6217
f 6199 6198 6216
f 6200 6217 6218
f 6200 6199 6217
f 6201 6218 6219
f 6201 6200 6218
f 6202 6219 6220
f 6202 6220 6221
f 6202 6201 6219
f 6203 6202 6221
f 6204 6221 6222
f 6204 6222 6223
f 6204 6203 6221
f 6205 6204 6223
f 6206 6223 6224
f 6206 6205 6223
f 6207 6224 6225
f 6207 6206 6224
f 6208 6225 6226
f 6208 6207 6225
f 6209 6226 6227
f 6209 6227 6228
f 6209 6208 6226
f 6210 6209 6228
f 6211 6228 6229
f 6211 6210 6228
f 6212 6229 6230
f 6212 6211 6229
f 6172 6171 6231
f 6170 6230 6231
f 6170 6231 6171
f 6170 6212 6230
f 6173 6172 6231
f 6194 6212 6170
f 6174 6173 6231
f 6175 6174 6231
f 6176 6175 6231
f 6177 6176 6231
f 6178 6231 6232
f 6178 6177 6231
f 6179 6178 6232
f 6180 6179 6232
f 6181 6180 6232
f 6182 6181 6232
f 6213 6188 6187
f 6213 6189 6188
f 6213 6190 6189
f 6213 6191 6190
f 6213 6192 6191
f 6213 6193 6192
f 6213 6194 6193
f 6213 6212 6194
f 6195 6184 6183
f 6195 6185 6184
f 6195 6186 6185
f 6195 6187 6186
f 6195 6213 6187
f 6248 6249 6250
f 6244 6245 6246
f 6233 6251 6252
f 6242 6243 6244
f 6242 6244 6246
f 6237 6233 6235
f 6237 6235 6236
f 6237 6241 6242
f 6237 6246 6247
f 6237 6247 6248
f 6237 6250 6251
f 6237 6248 6250
f 6237 6242 6246
f 6237 6251 6233
f 6239 6240 6241
f 6238 6241 6237
f 6238 6239 6241
f 6299 6272 6271
f 6326 6281 6280
f 6300 6283 6282
f 6309 6310 6308
f 6327 6273 6272
f 6327 6272 6299
f 6328 6274 6273
f 6328 6273 6327
f 6329 6275 6274
f 6329 6274 6328
f 6330 6276 6275
f 6330 6275 6329
f 6331 6277 6276
f 6331 6276 6330
f 6332 6278 6277
f 6332 6277 6331
f 6333 6279 6278
f 6333 6278 6332
f 6334 6280 6279
f 6334 6326 6280
f 6334 6279 6333
f 6335 6299 6298
f 6335 6327 6299
f 6336 6327 6335
f 6336 6328 6327
f 6337 6329 6328
f 6337 6328 6336
f 6338 6329 6337
f 6338 6330 6329
f 6339 6330 6338
f 6339 6331 6330
f 6340 6331 6339
f 6340 6332 6331
f 6341 6333 6332
f 6341 6332 6340
f 6342 6325 6326
f 6342 6326 6334
f 6342 6334 6333
f 6342 6333 6341
f 6343 6298 6297
f 6343 6335 6298
f 6344 6336 6335
f 6344 6335 6343
f 6345 6337 6336
f 6345 6336 6344
f 6346 6337 6345
f 6346 6338 6337
f 6347 6338 6346
f 6347 6339 6338
f 6348 6341 6340
f 6348 6340 6339
f 6348 6339 6347
f 6349 6341 6348
f 6349 6342 6341
f 6350 6324 6325
f 6350 6325 6342
f 6350 6342 6349
f 6351 6297 6296
f 6351 6343 6297
f 6352 6344 6343
f 6352 6343 6351
f 6353 6344 6352
f 6353 6345 6344
f 6354 6346 6345
f 6354 6345 6353
f 6355 6347 6346
f 6355 6346 6354
f 6356 6347 6355
f 6356 6348 6347
f 6357 6349 6348
f 6357 6348 6356
f 6358 6323 6324
f 6358 6324 6350
f 6358 6350 6349
f 6358 6349 6357
f 6359 6295 6294
f 6359 6296 6295
f 6359 6351 6296
f 6360 6351 6359
f 6360 6352 6351
f 6361 6353 6352
f 6361 6354 6353
f 6361 6352 6360
f 6362 6354 6361
f 6363 6355 6354
f 6363 6354 6362
f 6364 6356 6355
f 6364 6355 6363
f 6365 6356 6364
f 6365 6357 6356
f 6366 6322 6323
f 6366 6323 6358
f 6366 6358 6357
f 6366 6357 6365
f 6367 6294 6293
f 6367 6359 6294
f 6368 6359 6367
f 6368 6360 6359
f 6369 6361 6360
f 6369 6360 6368
f 6370 6362 6361
f 6370 6363 6362
f 6370 6361 6369
f 6371 6363 6370
f 6372 6364 6363
f 6372 6363 6371
f 6373 6365 6364
f 6373 6364 6372
f 6374 6321 6322
f 6374 6322 6366
f 6374 6366 6365
f 6374 6365 6373
f 6375 6367 6293
f 6376 6368 6367
f 6376 6367 6375
f 6377 6369 6368
f 6377 6370 6369
f 6377 6368 6376
f 6378 6370 6377
f 6379 6370 6378
f 6379 6371 6370
f 6380 6372 6371
f 6380 6373 6372
f 6380 6371 6379
f 6381 6373 6380
f 6382 6320 6321
f 6382 6321 6374
f 6382 6374 6373
f 6382 6373 6381
f 6383 6293 6292
f 6383 6376 6375
f 6383 6375 6293
f 6384 6376 6383
f 6385 6377 6376
f 6385 6376 6384
f 6386 6378 6377
f 6386 6377 6385
f 6387 6379 6378
f 6387 6378 6386
f 6388 6380 6379
f 6388 6379 6387
f 6389 6381 6380
f 6389 6382 6381
f 6389 6380 6388
f 6390 6319 6320
f 6390 6320 6382
f 6390 6382 6389
f 6391 6292 6291
f 6391 6383 6292
f 6392 6383 6391
f 6392 6384 6383
f 6393 6384 6392
f 6393 6385 6384
f 6394 6386 6385
f 6394 6385 6393
f 6395 6387 6386
f 6395 6386 6394
f 6396 6388 6387
f 6396 6389 6388
f 6396 6387 6395
f 6397 6389 6396
f 6398 6318 6319
f 6398 6319 6390
f 6398 6390 6389
f 6398 6389 6397
f 6399 6291 6290
f 6399 6391 6291
f 6400 6392 6391
f 6400 6391 6399
f 6401 6393 6392
f 6401 6394 6393
f 6401 6392 6400
f 6402 6395 6394
f 6402 6394 6401
f 6403 6395 6402
f 6403 6396 6395
f 6404 6396 6403
f 6405 6397 6396
f 6405 6396 6404
f 6406 6317 6318
f 6406 6318 6398
f 6406 6398 6397
f 6406 6397 6405
f 6407 6290 6289
f 6407 6399 6290
f 6408 6399 6407
f 6408 6400 6399
f 6409 6400 6408
f 6409 6401 6400
f 6409 6402 6401
f 6410 6402 6409
f 6411 6403 6402
f 6411 6402 6410
f 6412 6404 6403
f 6412 6403 6411
f 6413 6404 6412
f 6413 6405 6404
f 6414 6316 6317
f 6414 6317 6406
f 6414 6406 6405
f 6414 6405 6413
f 6415 6289 6288
f 6415 6408 6407
f 6415 6407 6289
f 6416 6408 6415
f 6417 6409 6408
f 6417 6410 6409
f 6417 6408 6416
f 6418 6410 6417
f 6419 6411 6410
f 6419 6410 6418
f 6420 6412 6411
f 6420 6411 6419
f 6421 6413 6412
f 6421 6414 6413
f 6421 6412 6420
f 6422 6314 6315
f 6422 6315 6316
f 6422 6316 6414
f 6422 6414 6421
f 6423 6288 6287
f 6423 6416 6415
f 6423 6415 6288
f 6424 6416 6423
f 6425 6417 6416
f 6425 6418 6417
f 6425 6416 6424
f 6426 6418 6425
f 6427 6418 6426
f 6427 6419 6418
f 6427 6420 6419
f 6428 6420 6427
f 6429 6421 6420
f 6429 6420 6428
f 6430 6314 6422
f 6430 6422 6421
f 6430 6421 6429
f 6431 6287 6286
f 6431 6423 6287
f 6432 6423 6431
f 6432 6424 6423
f 6433 6424 6432
f 6433 6425 6424
f 6434 6426 6425
f 6434 6425 6433
f 6435 6427 6426
f 6435 6426 6434
f 6436 6428 6427
f 6436 6427 6435
f 6437 6428 6436
f 6437 6429 6428
f 6438 6313 6314
f 6438 6314 6430
f 6438 6430 6429
f 6438 6429 6437
f 6439 6286 6285
f 6439 6432 6431
f 6439 6431 6286
f 6440 6432 6439
f 6441 6433 6432
f 6441 6432 6440
f 6442 6434 6433
f 6442 6433 6441
f 6443 6435 6434
f 6443 6436 6435
f 6443 6434 6442
f 6444 6437 6436
f 6444 6436 6443
f 6445 6437 6444
f 6445 6438 6437
f 6446 6312 6313
f 6446 6313 6438
f 6446 6438 6445
f 6447 6285 6284
f 6447 6439 6285
f 6448 6439 6447
f 6448 6440 6439
f 6449 6440 6448
f 6449 6441 6440
f 6450 6442 6441
f 6450 6441 6449
f 6451 6443 6442
f 6451 6442 6450
f 6452 6444 6443
f 6452 6443 6451
f 6453 6444 6452
f 6453 6445 6444
f 6454 6311 6312
f 6454 6312 6446
f 6454 6446 6445
f 6454 6445 6453
f 6455 6284 6283
f 6455 6300 6301
f 6455 6283 6300
f 6455 6447 6284
f 6456 6301 6302
f 6456 6448 6447
f 6456 6447 6455
f 6456 6455 6301
f 6457 6302 6303
f 6457 6448 6456
f 6457 6449 6448
f 6457 6450 6449
f 6457 6456 6302
f 6458 6303 6304
f 6458 6457 6303
f 6458 6450 6457
f 6459 6304 6305
f 6459 6451 6450
f 6459 6458 6304
f 6459 6450 6458
f 6460 6305 6306
f 6460 6451 6459
f 6460 6452 6451
f 6460 6453 6452
f 6460 6459 6305
f 6461 6306 6307
f 6461 6454 6453
f 6461 6460 6306
f 6461 6453 6460
f 6462 6307 6308
f 6462 6310 6311
f 6462 6461 6307
f 6462 6308 6310
f 6462 6311 6454
f 6462 6454 6461
f 6509 6508 6533
f 6510 6533 6534
f 6510 6509 6533
f 6511 6510 6534
f 6512 6511 6534
f 6513 6512 6534
f 6489 6532 6531
f 6489 6507 6532
f 6514 6534 6535
f 6514 6513 6534
f 6515 6514 6535
f 6516 6515 6535
f 6517 6516 6535
f 6518 6517 6535
f 6536 6518 6535
f 6490 6528 6527
f 6490 6529 6528
f 6490 6530 6529
f 6490 6531 6530
f 6490 6489 6531
f 6519 6518 6536
f 6520 6519 6536
f 6491 6523 6522
f 6491 6524 6523
f 6491 6525 6524
f 6491 6526 6525
f 6491 6527 6526
f 6491 6490 6527
f 6492 6521 6520
f 6492 6522 6521
f 6492 6491 6522
f 6492 6520 6536
f 6493 6536 6537
f 6493 6537 6538
f 6493 6492 6536
f 6494 6493 6538
f 6495 6538 6539
f 6495 6494 6538
f 6496 6539 6540
f 6496 6495 6539
f 6497 6540 6541
f 6497 6496 6540
f 6498 6541 6542
f 6498 6497 6541
f 6499 6542 6543
f 6499 6498 6542
f 6500 6543 6544
f 6500 6544 6545
f 6500 6499 6543
f 6501 6500 6545
f 6502 6545 6546
f 6502 6501 6545
f 6503 6546 6547
f 6503 6502 6546
f 6476 6548 6549
f 6475 6548 6476
f 6477 6476 6549
f 6474 6548 6475
f 6478 6477 6549
f 6479 6478 6549
f 6504 6474 6473
f 6504 6547 6548
f 6504 6503 6547
f 6504 6548 6474
f 6480 6479 6549
f 6481 6480 6549
f 6482 6549 6550
f 6482 6481 6549
f 6483 6482 6550
f 6484 6483 6550
f 6505 6469 6468
f 6505 6470 6469
f 6505 6471 6470
f 6505 6472 6471
f 6505 6473 6472
f 6505 6504 6473
f 6485 6550 6551
f 6485 6484 6550
f 6486 6485 6551
f 6487 6486 6551
f 6506 6466 6465
f 6506 6467 6466
f 6506 6468 6467
f 6506 6505 6468
f 6464 6506 6465
f 6488 6464 6463
f 6488 6506 6464
f 6568 6569 6570
f 6566 6567 6568
f 6566 6568 6570
f 6565 6566 6570
f 6563 6564 6565
f 6559 6560 6561
f 6559 6561 6562
f 6559 6562 6563
f 6559 6570 6552
f 6559 6563 6565
f 6559 6565 6570
f 6554 6552 6553
f 6554 6559 6552
f 6556 6554 6555
f 6556 6557 6558
f 6556 6558 6559
f 6556 6559 6554
f 6572 6571 6597
f 6572 6597 6598
f 6609 6606 6607
f 6609 6607 6608
f 6634 6596 6595
f 6635 6634 6595
f 6632 6643 6631
f 6644 6643 6632
f 6633 6644 6632
f 6645 6601 6602
f 6645 6602 6603
f 6646 6573 6572
f 6646 6574 6573
f 6646 6598 6599
f 6646 6599 6600
f 6646 6600 6601
f 6646 6572 6598
f 6646 6601 6645
f 6647 6574 6646
f 6647 6646 6645
f 6648 6575 6574
f 6648 6574 6647
f 6648 6647 6645
f 6649 6603 6604
f 6649 6604 6605
f 6649 6605 6606
f 6649 6609 6610
f 6649 6610 6611
f 6649 6606 6609
f 6649 6645 6603
f 6650 6576 6575
f 6650 6575 6648
f 6651 6649 6611
f 6651 6645 6649
f 6652 6577 6576
f 6652 6576 6650
f 6653 6611 6612
f 6653 6645 6651
f 6653 6651 6611
f 6654 6652 6655
f 6654 6577 6652
f 6656 6578 6577
f 6656 6654 6655
f 6656 6577 6654
f 6657 6579 6578
f 6657 6578 6656
f 6658 6612 6613
f 6658 6653 6612
f 6659 6613 6614
f 6659 6658 6613
f 6660 6580 6579
f 6660 6579 6657
f 6661 6659 6614
f 6661 6655 6659
f 6662 6660 6663
f 6662 6580 6660
f 6664 6614 6615
f 6664 6655 6661
f 6664 6661 6614
f 6665 6581 6580
f 6665 6580 6662
f 6665 6662 6663
f 6666 6615 6616
f 6666 6664 6615
f 6667 6582 6581
f 6667 6663 6668
f 6667 6665 6663
f 6667 6581 6665
f 6669 6583 6582
f 6669 6667 6668
f 6669 6582 6667
f 6670 6583 6669
f 6670 6669 6668
f 6671 6584 6583
f 6671 6583 6670
f 6671 6670 6668
f 6672 6616 6617
f 6672 6666 6616
f 6673 6585 6584
f 6673 6584 6671
f 6673 6671 6668
f 6674 6672 6617
f 6674 6663 6672
f 6675 6617 6618
f 6675 6674 6617
f 6675 6663 6674
f 6676 6586 6585
f 6676 6668 6677
f 6676 6585 6673
f 6676 6673 6668
f 6678 6618 6619
f 6678 6668 6663
f 6678 6675 6618
f 6678 6663 6675
f 6679 6586 6676
f 6679 6676 6677
f 6680 6587 6586
f 6680 6586 6679
f 6680 6679 6677
f 6681 6588 6587
f 6681 6587 6680
f 6681 6680 6677
f 6682 6619 6620
f 6682 6678 6619
f 6682 6668 6678
f 6683 6682 6620
f 6683 6668 6682
f 6684 6620 6621
f 6684 6683 6620
f 6684 6668 6683
f 6685 6621 6622
f 6685 6684 6621
f 6685 6668 6684
f 6686 6589 6588
f 6686 6677 6687
f 6686 6588 6681
f 6686 6681 6677
f 6688 6622 6623
f 6688 6685 6622
f 6688 6677 6668
f 6688 6668 6685
f 6689 6590 6589
f 6689 6589 6686
f 6689 6686 6687
f 6690 6623 6624
f 6690 6688 6623
f 6690 6677 6688
f 6691 6690 6624
f 6691 6677 6690
f 6692 6590 6689
f 6692 6689 6687
f 6693 6624 6625
f 6693 6691 6624
f 6693 6677 6691
f 6694 6591 6590
f 6694 6590 6692
f 6694 6692 6687
f 6695 6625 6626
f 6695 6687 6677
f 6695 6693 6625
f 6695 6677 6693
f 6696 6592 6591
f 6696 6591 6694
f 6697 6626 6627
f 6697 6695 6626
f 6697 6687 6695
f 6698 6593 6592
f 6698 6592 6696
f 6699 6697 6627
f 6699 6687 6697
f 6700 6593 6698
f 6700 6698 6701
f 6702 6627 6628
f 6702 6699 6627
f 6702 6687 6699
f 6703 6594 6593
f 6703 6595 6594
f 6703 6636 6635
f 6703 6637 6636
f 6703 6638 6637
f 6703 6639 6638
f 6703 6593 6700
f 6703 6701 6639
f 6703 6635 6595
f 6703 6700 6701
f 6704 6628 6629
f 6704 6702 6628
f 6705 6629 6630
f 6705 6704 6629
f 6706 6705 6630
f 6706 6701 6705
f 6707 6630 6631
f 6707 6640 6639
f 6707 6641 6640
f 6707 6642 6641
f 6707 6643 6642
f 6707 6639 6701
f 6707 6706 6630
f 6707 6631 6643
f 6707 6701 6706
f 6708 6653 6658
f 6708 6645 6653
f 6708 6658 6659
f 6708 6655 6652
f 6708 6652 6650
f 6708 6648 6645
f 6708 6659 6655
f 6708 6650 6648
f 6709 6655 6664
f 6709 6656 6655
f 6709 6664 6666
f 6709 6663 6660
f 6709 6657 6656
f 6709 6660 6657
f 6709 6672 6663
f 6709 6666 6672
f 6710 6694 6687
f 6710 6696 6694
f 6710 6687 6702
f 6710 6702 6704
f 6711 6701 6698
f 6711 6698 6696
f 6711 6705 6701
f 6711 6704 6705
f 6711 6696 6710
f 6711 6710 6704
f 6713 6712 6738
f 6713 6738 6739
f 6714 6739 6740
f 6714 6713 6739
f 6715 6740 6741
f 6715 6714 6740
f 6716 6715 6741
f 6717 6741 6742
f 6717 6716 6741
f 6718 6742 6743
f 6718 6717 6742
f 6719 6743 6744
f 6719 6718 6743
f 6720 6719 6744
f 6721 6744 6745
f 6721 6720 6744
f 6722 6745 6746
f 6722 6721 6745
f 6723 6746 6747
f 6723 6722 6746
f 6724 6747 6748
f 6724 6723 6747
f 6725 6724 6748
f 6726 6748 6749
f 6726 6725 6748
f 6727 6726 6749
f 6728 6749 6750
f 6728 6727 6749
f 6729 6750 6751
f 6729 6728 6750
f 6730 6751 6752
f 6730 6729 6751
f 6731 6730 6752
f 6732 6752 6753
f 6732 6731 6752
f 6733 6753 6754
f 6733 6732 6753
f 6734 6733 6754
f 6735 6754 6755
f 6735 6734 6754
f 6736 6755 6756
f 6736 6735 6755
f 6737 6736 6756
f 6776 6774 6775
f 6794 6774 6776
f 6773 6774 6794
f 6793 6773 6794
f 6772 6773 6793
f 6792 6772 6793
f 6771 6772 6792
f 6791 6771 6792
f 6770 6791 6790
f 6770 6771 6791
f 6769 6790 6789
f 6769 6770 6790
f 6788 6769 6789
f 6768 6769 6788
f 6787 6768 6788
f 6767 6787 6786
f 6767 6768 6787
f 6766 6786 6785
f 6766 6767 6786
f 6765 6785 6784
f 6765 6766 6785
f 6758 6778 6777
f 6758 6777 6757
f 6764 6784 6783
f 6764 6765 6784
f 6759 6779 6778
f 6759 6778 6758
f 6763 6783 6782
f 6763 6764 6783
f 6760 6780 6779
f 6760 6779 6759
f 6762 6782 6781
f 6762 6763 6782
f 6761 6781 6780
f 6761 6762 6781
f 6761 6780 6760
f 6815 6795 6796
f 6816 6796 6797
f 6816 6815 6796
f 6817 6797 6798
f 6817 6816 6797
f 6818 6798 6799
f 6818 6817 6798
f 6819 6799 6800
f 6819 6818 6799
f 6820 6800 6801
f 6820 6819 6800
f 6821 6801 6802
f 6821 6820 6801
f 6822 6802 6803
f 6822 6821 6802
f 6823 6803 6804
f 6823 6822 6803
f 6824 6804 6805
f 6824 6823 6804
f 6825 6805 6806
f 6825 6824 6805
f 6826 6806 6807
f 6826 6825 6806
f 6827 6807 6808
f 6827 6826 6807
f 6828 6808 6809
f 6828 6827 6808
f 6829 6809 6810
f 6829 6828 6809
f 6830 6810 6811
f 6830 6829 6810
f 6831 6811 6812
f 6831 6830 6811
f 6832 6831 6812
f 6814 6812 6813
f 6814 6832 6812
f 6849 6850 6851
f 6847 6848 6849
f 6847 6849 6851
f 6844 6845 6846
f 6843 6844 6846
f 6841 6842 6843
f 6841 6846 6847
f 6841 6843 6846
f 6835 6833 6834
f 6836 6833 6835
f 6838 6839 6840
f 6837 6840 6841
f 6837 6851 6833
f 6837 6847 6851
f 6837 6841 6847
f 6837 6833 6836
f 6837 6838 6840
f 6853 6899 6852
f 6882 6881 6907
f 6871 6869 6870
f 6880 6898 6879
f 6908 6900 6899
f 6908 6899 6853
f 6909 6901 6900
f 6909 6900 6908
f 6910 6902 6901
f 6910 6901 6909
f 6911 6903 6902
f 6911 6902 6910
f 6912 6904 6903
f 6912 6903 6911
f 6913 6905 6904
f 6913 6904 6912
f 6914 6906 6905
f 6914 6905 6913
f 6915 6907 6906
f 6915 6906 6914
f 6915 6882 6907
f 6916 6853 6854
f 6916 6854 6855
f 6916 6908 6853
f 6917 6908 6916
f 6917 6909 6908
f 6918 6909 6917
f 6918 6910 6909
f 6919 6910 6918
f 6919 6911 6910
f 6920 6911 6919
f 6920 6912 6911
f 6921 6913 6912
f 6921 6912 6920
f 6922 6914 6913
f 6922 6913 6921
f 6923 6883 6882
f 6923 6882 6915
f 6923 6915 6914
f 6923 6914 6922
f 6924 6855 6856
f 6924 6916 6855
f 6925 6916 6924
f 6925 6917 6916
f 6926 6918 6917
f 6926 6917 6925
f 6927 6919 6918
f 6927 6918 6926
f 6928 6920 6919
f 6928 6919 6927
f 6929 6921 6920
f 6929 6920 6928
f 6930 6922 6921
f 6930 6921 6929
f 6931 6884 6883
f 6931 6923 6922
f 6931 6883 6923
f 6931 6922 6930
f 6932 6924 6856
f 6933 6926 6925
f 6933 6925 6924
f 6933 6924 6932
f 6934 6926 6933
f 6935 6927 6926
f 6935 6928 6927
f 6935 6926 6934
f 6936 6928 6935
f 6937 6929 6928
f 6937 6930 6929
f 6937 6928 6936
f 6938 6930 6937
f 6939 6885 6884
f 6939 6884 6931
f 6939 6931 6930
f 6939 6930 6938
f 6940 6856 6857
f 6940 6932 6856
f 6941 6932 6940
f 6941 6933 6932
f 6942 6933 6941
f 6942 6934 6933
f 6943 6934 6942
f 6943 6935 6934
f 6944 6936 6935
f 6944 6935 6943
f 6945 6937 6936
f 6945 6936 6944
f 6946 6937 6945
f 6946 6938 6937
f 6947 6886 6885
f 6947 6885 6939
f 6947 6939 6938
f 6947 6938 6946
f 6948 6857 6858
f 6948 6940 6857
f 6949 6940 6948
f 6949 6941 6940
f 6950 6942 6941
f 6950 6943 6942
f 6950 6941 6949
f 6951 6943 6950
f 6952 6944 6943
f 6952 6943 6951
f 6953 6945 6944
f 6953 6944 6952
f 6954 6945 6953
f 6954 6946 6945
f 6955 6887 6886
f 6955 6886 6947
f 6955 6947 6946
f 6955 6946 6954
f 6956 6858 6859
f 6956 6948 6858
f 6956 6949 6948
f 6957 6949 6956
f 6958 6950 6949
f 6958 6949 6957
f 6959 6951 6950
f 6959 6952 6951
f 6959 6950 6958
f 6960 6953 6952
f 6960 6952 6959
f 6961 6953 6960
f 6962 6954 6953
f 6962 6953 6961
f 6963 6888 6887
f 6963 6887 6955
f 6963 6955 6954
f 6963 6954 6962
f 6964 6859 6860
f 6964 6956 6859
f 6965 6956 6964
f 6965 6957 6956
f 6965 6958 6957
f 6966 6958 6965
f 6966 6959 6958
f 6967 6959 6966
f 6968 6960 6959
f 6968 6959 6967
f 6969 6961 6960
f 6969 6962 6961
f 6969 6960 6968
f 6970 6962 6969
f 6971 6889 6888
f 6971 6888 6963
f 6971 6963 6962
f 6971 6962 6970
f 6972 6860 6861
f 6972 6964 6860
f 6973 6965 6964
f 6973 6964 6972
f 6974 6966 6965
f 6974 6965 6973
f 6975 6967 6966
f 6975 6966 6974
f 6976 6968 6967
f 6976 6967 6975
f 6977 6969 6968
f 6977 6968 6976
f 6978 6969 6977
f 6978 6970 6969
f 6979 6890 6889
f 6979 6889 6971
f 6979 6971 6970
f 6979 6970 6978
f 6980 6861 6862
f 6980 6972 6861
f 6981 6972 6980
f 6981 6973 6972
f 6982 6973 6981
f 6982 6974 6973
f 6983 6975 6974
f 6983 6976 6975
f 6983 6974 6982
f 6984 6976 6983
f 6985 6977 6976
f 6985 6976 6984
f 6986 6977 6985
f 6986 6978 6977
f 6987 6891 6890
f 6987 6890 6979
f 6987 6979 6978
f 6987 6978 6986
f 6988 6862 6863
f 6988 6980 6862
f 6989 6981 6980
f 6989 6980 6988
f 6990 6982 6981
f 6990 6981 6989
f 6991 6983 6982
f 6991 6982 6990
f 6992 6984 6983
f 6992 6983 6991
f 6993 6985 6984
f 6993 6984 6992
f 6994 6985 6993
f 6994 6986 6985
f 6995 6892 6891
f 6995 6891 6987
f 6995 6987 6986
f 6995 6986 6994
f 6996 6863 6864
f 6996 6988 6863
f 6997 6988 6996
f 6997 6989 6988
f 6997 6990 6989
f 6998 6990 6997
f 6999 6991 6990
f 6999 6992 6991
f 6999 6990 6998
f 7000 6992 6999
f 7001 6993 6992
f 7001 6992 7000
f 7002 6993 7001
f 7002 6994 6993
f 7002 6995 6994
f 7003 6893 6892
f 7003 6894 6893
f 7003 6892 6995
f 7003 6995 7002
f 7004 6864 6865
f 7004 6996 6864
f 7005 6997 6996
f 7005 6996 7004
f 7006 6998 6997
f 7006 6997 7005
f 7007 6999 6998
f 7007 7000 6999
f 7007 6998 7006
f 7008 7000 7007
f 7009 7001 7000
f 7009 7000 7008
f 7010 7002 7001
f 7010 7003 7002
f 7010 7001 7009
f 7011 6894 7003
f 7011 7003 7010
f 7012 6865 6866
f 7012 7004 6865
f 7013 7004 7012
f 7013 7005 7004
f 7014 7005 7013
f 7014 7006 7005
f 7015 7007 7006
f 7015 7006 7014
f 7016 7008 7007
f 7016 7007 7015
f 7017 7009 7008
f 7017 7010 7009
f 7017 7008 7016
f 7018 7010 7017
f 7019 6895 6894
f 7019 6896 6895
f 7019 6894 7011
f 7019 7011 7010
f 7019 7010 7018
f 7020 6866 6867
f 7020 7012 6866
f 7021 7013 7012
f 7021 7012 7020
f 7021 7014 7013
f 7022 7014 7021
f 7023 7015 7014
f 7023 7016 7015
f 7023 7014 7022
f 7024 7016 7023
f 7025 7017 7016
f 7025 7018 7017
f 7025 7016 7024
f 7026 7018 7025
f 7027 6896 7019
f 7027 7019 7018
f 7027 7018 7026
f 7028 6867 6868
f 7028 7021 7020
f 7028 7020 6867
f 7029 7021 7028
f 7030 7022 7021
f 7030 7021 7029
f 7031 7023 7022
f 7031 7022 7030
f 7032 7024 7023
f 7032 7023 7031
f 7033 7025 7024
f 7033 7024 7032
f 7034 7026 7025
f 7034 7025 7033
f 7035 6897 6896
f 7035 6896 7027
f 7035 7027 7026
f 7035 7026 7034
f 7036 6868 6869
f 7036 6871 6872
f 7036 6869 6871
f 7036 7028 6868
f 7037 6872 6873
f 7037 7028 7036
f 7037 7036 6872
f 7037 7029 7028
f 7037 7030 7029
f 7038 6873 6874
f 7038 7030 7037
f 7038 7037 6873
f 7039 6874 6875
f 7039 7030 7038
f 7039 7031 7030
f 7039 7038 6874
f 7040 6875 6876
f 7040 7031 7039
f 7040 7032 7031
f 7040 7039 6875
f 7041 6876 6877
f 7041 7033 7032
f 7041 7040 6876
f 7041 7032 7040
f 7042 6877 6878
f 7042 7033 7041
f 7042 7034 7033
f 7042 7041 6877
f 7043 6878 6879
f 7043 6898 6897
f 7043 6879 6898
f 7043 6897 7035
f 7043 7035 7034
f 7043 7042 6878
f 7043 7034 7042
f 7059 7060 7061
f 7058 7061 7062
f 7058 7059 7061
f 7056 7057 7058
f 7056 7058 7062
f 7054 7055 7056
f 7053 7054 7056
f 7053 7056 7062
f 7045 7062 7044
f 7051 7052 7053
f 7047 7045 7046
f 7049 7050 7051
f 7049 7051 7053
f 7048 7053 7062
f 7048 7062 7045
f 7048 7045 7047
f 7048 7049 7053
f 7122 7085 7086
f 7121 7084 7085
f 7121 7085 7122
f 7123 7086 7087
f 7123 7122 7086
f 7120 7083 7084
f 7120 7084 7121
f 7124 7087 7088
f 7124 7123 7087
f 7119 7082 7083
f 7119 7083 7120
f 7125 7088 7089
f 7125 7124 7088
f 7118 7081 7082
f 7118 7082 7119
f 7126 7089 7090
f 7126 7125 7089
f 7117 7080 7081
f 7117 7081 7118
f 7127 7090 7091
f 7127 7126 7090
f 7116 7079 7080
f 7116 7080 7117
f 7128 7091 7092
f 7128 7127 7091
f 7115 7079 7116
f 7078 7079 7115
f 7129 7092 7093
f 7129 7128 7092
f 7114 7078 7115
f 7077 7078 7114
f 7130 7093 7094
f 7130 7129 7093
f 7113 7077 7114
f 7131 7130 7094
f 7095 7131 7094
f 7076 7113 7112
f 7076 7077 7113
f 7132 7131 7095
f 7096 7132 7095
f 7075 7112 7111
f 7075 7076 7112
f 7097 7133 7132
f 7097 7132 7096
f 7074 7111 7110
f 7074 7075 7111
f 7098 7134 7133
f 7098 7133 7097
f 7073 7110 7109
f 7073 7074 7110
f 7063 7100 7099
f 7063 7099 7134
f 7063 7134 7098
f 7072 7109 7108
f 7072 7073 7109
f 7064 7100 7063
f 7071 7108 7107
f 7071 7072 7108
f 7065 7101 7100
f 7065 7100 7064
f 7070 7106 7105
f 7070 7107 7106
f 7070 7071 7107
f 7066 7102 7101
f 7066 7103 7102
f 7066 7101 7065
f 7069 7070 7105
f 7067 7103 7066
f 7068 7104 7103
f 7068 7105 7104
f 7068 7103 7067
f 7068 7069 7105
f 7136 7135 7172
f 7136 7172 7173
f 7137 7173 7174
f 7137 7136 7173
f 7138 7174 7175
f 7138 7137 7174
f 7139 7175 7176
f 7139 7138 7175
f 7140 7176 7177
f 7140 7139 7176
f 7141 7177 7178
f 7141 7140 7177
f 7142 7178 7179
f 7142 7141 7178
f 7143 7179 7180
f 7143 7180 7181
f 7143 7142 7179
f 7144 7143 7181
f 7145 7181 7182
f 7145 7144 7181
f 7146 7182 7183
f 7146 7145 7182
f 7147 7183 7184
f 7147 7146 7183
f 7148 7184 7185
f 7148 7185 7186
f 7148 7147 7184
f 7149 7148 7186
f 7150 7186 7187
f 7150 7149 7186
f 7151 7187 7188
f 7151 7150 7187
f 7152 7188 7189
f 7152 7151 7188
f 7153 7189 7190
f 7153 7152 7189
f 7154 7190 7191
f 7154 7191 7192
f 7154 7153 7190
f 7155 7154 7192
f 7156 7192 7193
f 7156 7155 7192
f 7157 7193 7194
f 7157 7156 7193
f 7158 7194 7195
f 7158 7157 7194
f 7159 7195 7196
f 7159 7158 7195
f 7160 7196 7197
f 7160 7159 7196
f 7161 7197 7198
f 7161 7160 7197
f 7162 7198 7199
f 7162 7199 7200
f 7162 7161 7198
f 7163 7162 7200
f 7164 7200 7201
f 7164 7163 7200
f 7165 7201 7202
f 7165 7164 7201
f 7166 7202 7203
f 7166 7165 7202
f 7167 7203 7204
f 7167 7166 7203
f 7168 7204 7205
f 7168 7167 7204
f 7169 7205 7206
f 7169 7168 7205
f 7170 7206 7207
f 7170 7207 7208
f 7170 7169 7206
f 7171 7170 7208
f 7211 7247 7248
f 7212 7211 7248
f 7213 7248 7249
f 7213 7249 7250
f 7213 7212 7248
f 7214 7213 7250
f 7215 7250 7251
f 7215 7251 7252
f 7215 7214 7250
f 7216 7215 7252
f 7217 7252 7253
f 7217 7216 7252
f 7218 7253 7254
f 7218 7217 7253
f 7219 7254 7255
f 7219 7255 7256
f 7219 7218 7254
f 7220 7219 7256
f 7221 7256 7257
f 7221 7257 7258
f 7221 7220 7256
f 7222 7258 7259
f 7222 7221 7258
f 7223 7222 7259
f 7224 7259 7260
f 7224 7223 7259
f 7225 7260 7261
f 7225 7224 7260
f 7226 7261 7262
f 7226 7225 7261
f 7227 7262 7263
f 7227 7226 7262
f 7228 7263 7264
f 7228 7264 7265
f 7228 7227 7263
f 7229 7228 7265
f 7230 7265 7266
f 7230 7229 7265
f 7231 7266 7267
f 7231 7230 7266
f 7232 7267 7268
f 7232 7231 7267
f 7233 7268 7269
f 7233 7269 7270
f 7233 7232 7268
f 7234 7233 7270
f 7235 7270 7271
f 7235 7234 7270
f 7236 7271 7272
f 7236 7235 7271
f 7237 7272 7273
f 7237 7236 7272
f 7238 7273 7274
f 7238 7274 7275
f 7238 7237 7273
f 7239 7238 7275
f 7240 7275 7276
f 7240 7239 7275
f 7241 7276 7277
f 7241 7240 7276
f 7242 7277 7278
f 7242 7278 7279
f 7242 7241 7277
f 7243 7242 7279
f 7244 7279 7280
f 7244 7243 7279
f 7245 7280 7281
f 7245 7244 7280
f 7246 7281 7282
f 7246 7245 7281
f 7210 7282 7209
f 7210 7246 7282
f 7342 7305 7306
f 7341 7304 7305
f 7341 7305 7342
f 7343 7306 7307
f 7343 7342 7306
f 7340 7303 7304
f 7340 7304 7341
f 7344 7307 7308
f 7344 7343 7307
f 7339 7302 7303
f 7339 7303 7340
f 7345 7308 7309
f 7345 7344 7308
f 7338 7301 7302
f 7338 7302 7339
f 7346 7309 7310
f 7346 7345 7309
f 7337 7300 7301
f 7337 7301 7338
f 7347 7310 7311
f 7347 7346 7310
f 7336 7299 7300
f 7336 7300 7337
f 7348 7311 7312
f 7348 7347 7311
f 7335 7299 7336
f 7298 7299 7335
f 7349 7312 7313
f 7349 7348 7312
f 7334 7298 7335
f 7297 7298 7334
f 7350 7313 7314
f 7350 7349 7313
f 7333 7297 7334
f 7351 7350 7314
f 7315 7351 7314
f 7296 7333 7332
f 7296 7297 7333
f 7352 7351 7315
f 7316 7352 7315
f 7295 7332 7331
f 7295 7296 7332
f 7317 7353 7352
f 7317 7352 7316
f 7294 7331 7330
f 7294 7295 7331
f 7318 7354 7353
f 7318 7353 7317
f 7293 7330 7329
f 7293 7294 7330
f 7283 7320 7319
f 7283 7319 7354
f 7283 7354 7318
f 7292 7329 7328
f 7292 7293 7329
f 7284 7320 7283
f 7291 7328 7327
f 7291 7292 7328
f 7285 7321 7320
f 7285 7320 7284
f 7290 7326 7325
f 7290 7327 7326
f 7290 7291 7327
f 7286 7322 7321
f 7286 7323 7322
f 7286 7321 7285
f 7289 7290 7325
f 7287 7323 7286
f 7288 7324 7323
f 7288 7325 7324
f 7288 7323 7287
f 7288 7289 7325
f 7370 7368 7369
f 7374 7355 7357
f 7374 7357 7358
f 7374 7358 7359
f 7374 7359 7360
f 7374 7360 7361
f 7374 7361 7362
f 7374 7362 7363
f 7374 7363 7364
f 7374 7364 7365
f 7374 7365 7366
f 7374 7366 7367
f 7374 7367 7368
f 7374 7370 7371
f 7374 7371 7372
f 7374 7372 7373
f 7374 7368 7370
f 7394 7393 7412
f 7394 7412 7413
f 7395 7413 7414
f 7395 7394 7413
f 7396 7414 7415
f 7396 7415 7416
f 7396 7395 7414
f 7397 7396 7416
f 7398 7416 7417
f 7398 7417 7418
f 7398 7397 7416
f 7399 7398 7418
f 7400 7418 7419
f 7400 7419 7420
f 7400 7399 7418
f 7401 7400 7420
f 7402 7420 7421
f 7402 7401 7420
f 7403 7421 7422
f 7403 7402 7421
f 7404 7422 7423
f 7404 7403 7422
f 7405 7423 7424
f 7405 7424 7425
f 7405 7404 7423
f 7406 7405 7425
f 7407 7425 7426
f 7407 7426 7427
f 7407 7406 7425
f 7408 7427 7428
f 7408 7407 7427
f 7409 7408 7428
f 7410 7428 7429
f 7410 7409 7428
f 7411 7429 7430
f 7411 7410 7429
f 7431 7433 7434
f 7431 7434 7432
f 7435 7437 7438
f 7435 7438 7436
f 7440 7439 7458
f 7440 7458 7459
f 7441 7459 7460
f 7441 7440 7459
f 7442 7460 7461
f 7442 7441 7460
f 7443 7461 7462
f 7443 7442 7461
f 7444 7462 7463
f 7444 7463 7464
f 7444 7443 7462
f 7445 7464 7465
f 7445 7444 7464
f 7446 7445 7465
f 7447 7465 7466
f 7447 7446 7465
f 7448 7466 7467
f 7448 7447 7466
f 7449 7467 7468
f 7449 7448 7467
f 7450 7468 7469
f 7450 7449 7468
f 7451 7469 7470
f 7451 7450 7469
f 7452 7470 7471
f 7452 7451 7470
f 7453 7471 7472
f 7453 7472 7473
f 7453 7452 7471
f 7454 7453 7473
f 7455 7473 7474
f 7455 7454 7473
f 7456 7474 7475
f 7456 7455 7474
f 7457 7475 7476
f 7457 7456 7475
f 7492 7490 7491
f 7496 7477 7479
f 7496 7479 7480
f 7496 7480 7481
f 7496 7481 7482
f 7496 7482 7483
f 7496 7483 7484
f 7496 7484 7485
f 7496 7485 7486
f 7496 7486 7487
f 7496 7487 7488
f 7496 7488 7489
f 7496 7489 7490
f 7496 7492 7493
f 7496 7493 7494
f 7496 7494 7495
f 7496 7490 7492
f 7517 7553 7554
f 7518 7517 7554
f 7519 7554 7555
f 7519 7518 7554
f 7520 7555 7556
f 7520 7519 7555
f 7521 7556 7557
f 7521 7520 7556
f 7522 7557 7558
f 7522 7521 7557
f 7523 7558 7559
f 7523 7522 7558
f 7524 7559 7560
f 7524 7523 7559
f 7525 7560 7561
f 7525 7524 7560
f 7526 7561 7562
f 7526 7525 7561
f 7527 7562 7563
f 7527 7526 7562
f 7528 7563 7564
f 7528 7527 7563
f 7529 7564 7565
f 7529 7528 7564
f 7530 7565 7566
f 7530 7529 7565
f 7531 7566 7567
f 7531 7530 7566
f 7532 7567 7568
f 7532 7531 7567
f 7533 7568 7569
f 7533 7532 7568
f 7534 7569 7570
f 7534 7533 7569
f 7535 7570 7571
f 7535 7534 7570
f 7536 7571 7572
f 7536 7535 7571
f 7537 7572 7573
f 7537 7536 7572
f 7538 7573 7574
f 7538 7537 7573
f 7539 7574 7575
f 7539 7538 7574
f 7540 7575 7576
f 7540 7539 7575
f 7541 7576 7577
f 7541 7540 7576
f 7542 7577 7578
f 7542 7541 7577
f 7543 7578 7579
f 7543 7542 7578
f 7544 7579 7580
f 7544 7543 7579
f 7545 7580 7581
f 7545 7544 7580
f 7546 7581 7582
f 7546 7545 7581
f 7547 7582 7583
f 7547 7546 7582
f 7548 7583 7584
f 7548 7547 7583
f 7549 7584 7585
f 7549 7548 7584
f 7550 7585 7586
f 7550 7549 7585
f 7551 7586 7587
f 7551 7550 7586
f 7552 7587 7588
f 7552 7551 7587
f 7516 7588 7515
f 7516 7552 7588
f 7648 7611 7612
f 7647 7610 7611
f 7647 7611 7648
f 7649 7612 7613
f 7649 7648 7612
f 7646 7610 7647
f 7650 7613 7614
f 7650 7649 7613
f 7645 7609 7610
f 7645 7610 7646
f 7651 7614 7615
f 7651 7650 7614
f 7644 7608 7609
f 7644 7609 7645
f 7652 7615 7616
f 7652 7651 7615
f 7643 7607 7608
f 7643 7608 7644
f 7606 7607 7643
f 7653 7616 7617
f 7653 7652 7616
f 7642 7606 7643
f 7654 7617 7618
f 7654 7653 7617
f 7641 7605 7606
f 7641 7606 7642
f 7655 7618 7619
f 7655 7654 7618
f 7640 7604 7605
f 7640 7605 7641
f 7656 7619 7620
f 7656 7655 7619
f 7639 7603 7604
f 7639 7604 7640
f 7621 7657 7656
f 7621 7656 7620
f 7602 7639 7638
f 7602 7603 7639
f 7622 7658 7657
f 7622 7657 7621
f 7601 7638 7637
f 7601 7602 7638
f 7659 7658 7622
f 7623 7659 7622
f 7600 7637 7636
f 7600 7601 7637
f 7624 7660 7659
f 7624 7659 7623
f 7599 7636 7635
f 7599 7600 7636
f 7625 7660 7624
f 7589 7625 7624
f 7598 7635 7634
f 7598 7599 7635
f 7590 7626 7625
f 7590 7627 7626
f 7590 7625 7589
f 7597 7634 7633
f 7597 7598 7634
f 7591 7627 7590
f 7596 7633 7632
f 7596 7597 7633
f 7592 7628 7627
f 7592 7627 7591
f 7595 7631 7630
f 7595 7632 7631
f 7595 7596 7632
f 7594 7595 7630
f 7593 7629 7628
f 7593 7630 7629
f 7593 7628 7592
f 7593 7594 7630
f 7682 7683 7684
f 7687 7684 7685
f 7687 7685 7686
f 7680 7681 7682
f 7690 7688 7689
f 7691 7688 7690
f 7693 7687 7688
f 7693 7691 7692
f 7693 7684 7687
f 7693 7688 7691
f 7674 7675 7676
f 7674 7676 7677
f 7695 7693 7694
f 7695 7682 7684
f 7695 7680 7682
f 7695 7684 7693
f 7696 7680 7695
f 7671 7672 7673
f 7671 7673 7674
f 7670 7671 7674
f 7668 7669 7670
f 7664 7661 7662
f 7664 7662 7663
f 7664 7678 7679
f 7664 7679 7680
f 7664 7696 7661
f 7664 7680 7696
f 7665 7677 7678
f 7665 7674 7677
f 7665 7670 7674
f 7665 7678 7664
f 7666 7667 7668
f 7666 7668 7670
f 7666 7670 7665
f 7699 7735 7736
f 7700 7699 7736
f 7701 7736 7737
f 7701 7700 7736
f 7702 7737 7738
f 7702 7701 7737
f 7703 7738 7739
f 7703 7702 7738
f 7704 7739 7740
f 7704 7703 7739
f 7705 7740 7741
f 7705 7704 7740
f 7706 7741 7742
f 7706 7742 7743
f 7706 7705 7741
f 7707 7706 7743
f 7708 7743 7744
f 7708 7707 7743
f 7709 7744 7745
f 7709 7708 7744
f 7710 7745 7746
f 7710 7709 7745
f 7711 7746 7747
f 7711 7710 7746
f 7712 7747 7748
f 7712 7711 7747
f 7713 7748 7749
f 7713 7712 7748
f 7714 7749 7750
f 7714 7713 7749
f 7715 7750 7751
f 7715 7714 7750
f 7716 7751 7752
f 7716 7715 7751
f 7717 7752 7753
f 7717 7716 7752
f 7718 7753 7754
f 7718 7717 7753
f 7719 7754 7755
f 7719 7718 7754
f 7720 7755 7756
f 7720 7719 7755
f 7721 7756 7757
f 7721 7720 7756
f 7722 7757 7758
f 7722 7721 7757
f 7723 7758 7759
f 7723 7722 7758
f 7724 7759 7760
f 7724 7723 7759
f 7725 7760 7761
f 7725 7724 7760
f 7726 7761 7762
f 7726 7725 7761
f 7727 7762 7763
f 7727 7726 7762
f 7728 7763 7764
f 7728 7727 7763
f 7729 7764 7765
f 7729 7728 7764
f 7730 7765 7766
f 7730 7729 7765
f 7731 7766 7767
f 7731 7730 7766
f 7732 7767 7768
f 7732 7731 7767
f 7733 7768 7769
f 7733 7732 7768
f 7734 7769 7770
f 7734 7733 7769
f 7698 7770 7697
f 7698 7734 7770
f 7830 7793 7794
f 7829 7792 7793
f 7829 7793 7830
f 7831 7794 7795
f 7831 7830 7794
f 7828 7792 7829
f 7832 7795 7796
f 7832 7831 7795
f 7827 7791 7792
f 7827 7792 7828
f 7833 7796 7797
f 7833 7832 7796
f 7826 7790 7791
f 7826 7791 7827
f 7834 7797 7798
f 7834 7833 7797
f 7825 7789 7790
f 7825 7790 7826
f 7788 7789 7825
f 7835 7798 7799
f 7835 7834 7798
f 7824 7788 7825
f 7836 7799 7800
f 7836 7835 7799
f 7823 7787 7788
f 7823 7788 7824
f 7837 7800 7801
f 7837 7836 7800
f 7822 7786 7787
f 7822 7787 7823
f 7838 7801 7802
f 7838 7837 7801
f 7821 7785 7786
f 7821 7786 7822
f 7803 7839 7838
f 7803 7838 7802
f 7784 7821 7820
f 7784 7785 7821
f 7804 7840 7839
f 7804 7839 7803
f 7783 7820 7819
f 7783 7784 7820
f 7841 7840 7804
f 7805 7841 7804
f 7782 7819 7818
f 7782 7783 7819
f 7806 7842 7841
f 7806 7841 7805
f 7781 7818 7817
f 7781 7782 7818
f 7807 7842 7806
f 7771 7807 7806
f 7780 7817 7816
f 7780 7781 7817
f 7772 7808 7807
f 7772 7809 7808
f 7772 7807 7771
f 7779 7816 7815
f 7779 7780 7816
f 7773 7809 7772
f 7778 7815 7814
f 7778 7779 7815
f 7774 7810 7809
f 7774 7809 7773
f 7777 7813 7812
f 7777 7814 7813
f 7777 7778 7814
f 7776 7777 7812
f 7775 7811 7810
f 7775 7812 7811
f 7775 7810 7774
f 7775 7776 7812
f 7845 7881 7882
f 7846 7882 7883
f 7846 7845 7882
f 7847 7883 7884
f 7847 7846 7883
f 7848 7884 7885
f 7848 7847 7884
f 7849 7885 7886
f 7849 7848 7885
f 7850 7886 7887
f 7850 7849 7886
f 7851 7887 7888
f 7851 7850 7887
f 7852 7888 7889
f 7852 7851 7888
f 7853 7889 7890
f 7853 7852 7889
f 7854 7890 7891
f 7854 7853 7890
f 7855 7891 7892
f 7855 7854 7891
f 7856 7892 7893
f 7856 7855 7892
f 7857 7893 7894
f 7857 7856 7893
f 7858 7894 7895
f 7858 7857 7894
f 7859 7895 7896
f 7859 7858 7895
f 7860 7896 7897
f 7860 7859 7896
f 7861 7897 7898
f 7861 7860 7897
f 7862 7898 7899
f 7862 7861 7898
f 7863 7899 7900
f 7863 7862 7899
f 7864 7900 7901
f 7864 7863 7900
f 7865 7901 7902
f 7865 7864 7901
f 7866 7902 7903
f 7866 7865 7902
f 7867 7903 7904
f 7867 7866 7903
f 7868 7904 7905
f 7868 7867 7904
f 7869 7905 7906
f 7869 7868 7905
f 7870 7906 7907
f 7870 7869 7906
f 7871 7907 7908
f 7871 7870 7907
f 7872 7908 7909
f 7872 7871 7908
f 7873 7909 7910
f 7873 7872 7909
f 7874 7910 7911
f 7874 7873 7910
f 7875 7911 7912
f 7875 7874 7911
f 7876 7912 7913
f 7876 7875 7912
f 7877 7913 7914
f 7877 7876 7913
f 7878 7914 7915
f 7878 7877 7914
f 7879 7915 7916
f 7879 7878 7915
f 7880 7916 7843
f 7880 7879 7916
f 7844 7880 7843
f 7976 7939 7940
f 7975 7938 7939
f 7975 7939 7976
f 7977 7940 7941
f 7977 7976 7940
f 7974 7937 7938
f 7974 7938 7975
f 7978 7941 7942
f 7978 7977 7941
f 7973 7936 7937
f 7973 7937 7974
f 7979 7942 7943
f 7979 7978 7942
f 7972 7935 7936
f 7972 7936 7973
f 7980 7943 7944
f 7980 7979 7943
f 7971 7935 7972
f 7934 7935 7971
f 7981 7944 7945
f 7981 7980 7944
f 7970 7934 7971
f 7982 7945 7946
f 7982 7981 7945
f 7969 7933 7934
f 7969 7934 7970
f 7932 7933 7969
f 7983 7946 7947
f 7983 7982 7946
f 7968 7932 7969
f 7931 7932 7968
f 7984 7947 7948
f 7984 7983 7947
f 7967 7931 7968
f 7985 7984 7948
f 7949 7985 7948
f 7930 7967 7966
f 7930 7931 7967
f 7950 7986 7985
f 7950 7985 7949
f 7929 7966 7965
f 7929 7930 7966
f 7987 7986 7950
f 7951 7987 7950
f 7928 7965 7964
f 7928 7929 7965
f 7988 7987 7951
f 7952 7988 7951
f 7927 7964 7963
f 7927 7928 7964
f 7953 7988 7952
f 7917 7953 7952
f 7926 7963 7962
f 7926 7927 7963
f 7918 7954 7953
f 7918 7955 7954
f 7918 7953 7917
f 7925 7961 7960
f 7925 7962 7961
f 7925 7926 7962
f 7919 7955 7918
f 7924 7925 7960
f 7920 7956 7955
f 7920 7955 7919
f 7923 7959 7958
f 7923 7960 7959
f 7923 7924 7960
f 7921 7957 7956
f 7921 7956 7920
f 7922 7958 7957
f 7922 7923 7958
f 7922 7957 7921
f 7991 8027 8028
f 7992 8028 8029
f 7992 7991 8028
f 7993 8029 8030
f 7993 7992 8029
f 7994 8030 8031
f 7994 7993 8030
f 7995 8031 8032
f 7995 7994 8031
f 7996 8032 8033
f 7996 7995 8032
f 7997 8033 8034
f 7997 7996 8033
f 7998 8034 8035
f 7998 7997 8034
f 7999 8035 8036
f 7999 7998 8035
f 8000 8036 8037
f 8000 7999 8036
f 8001 8037 8038
f 8001 8000 8037
f 8002 8038 8039
f 8002 8001 8038
f 8003 8039 8040
f 8003 8002 8039
f 8004 8040 8041
f 8004 8003 8040
f 8005 8041 8042
f 8005 8004 8041
f 8006 8042 8043
f 8006 8005 8042
f 8007 8043 8044
f 8007 8006 8043
f 8008 8044 8045
f 8008 8007 8044
f 8009 8045 8046
f 8009 8008 8045
f 8010 8046 8047
f 8010 8009 8046
f 8011 8047 8048
f 8011 8010 8047
f 8012 8048 8049
f 8012 8011 8048
f 8013 8049 8050
f 8013 8012 8049
f 8014 8050 8051
f 8014 8013 8050
f 8015 8051 8052
f 8015 8014 8051
f 8016 8052 8053
f 8016 8015 8052
f 8017 8053 8054
f 8017 8016 8053
f 8018 8054 8055
f 8018 8017 8054
f 8019 8055 8056
f 8019 8018 8055
f 8020 8056 8057
f 8020 8019 8056
f 8021 8057 8058
f 8021 8020 8057
f 8022 8058 8059
f 8022 8021 8058
f 8023 8059 8060
f 8023 8022 8059
f 8024 8060 8061
f 8024 8023 8060
f 8025 8061 8062
f 8025 8024 8061
f 8026 8062 7989
f 8026 8025 8062
f 7990 8026 7989
f 8083 8084 8085
f 8081 8082 8083
f 8091 8087 8088
f 8091 8088 8089
f 8091 8089 8090
f 8093 8091 8092
f 8078 8079 8080
f 8078 8080 8081
f 8094 8091 8093
f 8077 8083 8085
f 8077 8081 8083
f 8077 8078 8081
f 8075 8076 8077
f 8097 8095 8096
f 8073 8074 8075
f 8073 8085 8086
f 8073 8086 8087
f 8073 8077 8085
f 8073 8075 8077
f 8063 8097 8098
f 8064 8094 8095
f 8064 8097 8063
f 8064 8091 8094
f 8064 8095 8097
f 8071 8072 8073
f 8071 8087 8091
f 8071 8073 8087
f 8070 8071 8091
f 8070 8091 8064
f 8066 8064 8065
f 8067 8064 8066
f 8068 8069 8070
f 8068 8070 8064
f 8068 8064 8067
f 8100 8099 8118
f 8100 8118 8119
f 8101 8119 8120
f 8101 8100 8119
f 8102 8120 8121
f 8102 8101 8120
f 8103 8121 8122
f 8103 8102 8121
f 8104 8122 8123
f 8104 8103 8122
f 8105 8123 8124
f 8105 8104 8123
f 8106 8124 8125
f 8106 8105 8124
f 8107 8125 8126
f 8107 8106 8125
f 8108 8126 8127
f 8108 8107 8126
f 8109 8127 8128
f 8109 8108 8127
f 8110 8128 8129
f 8110 8109 8128
f 8111 8129 8130
f 8111 8110 8129
f 8112 8130 8131
f 8112 8111 8130
f 8113 8131 8132
f 8113 8112 8131
f 8114 8132 8133
f 8114 8113 8132
f 8115 8133 8134
f 8115 8114 8133
f 8116 8134 8135
f 8116 8115 8134
f 8117 8135 8136
f 8117 8116 8135
f 8145 8143 8144
f 8139 8140 8141
f 8151 8149 8150
f 8156 8137 8139
f 8156 8141 8142
f 8156 8142 8143
f 8156 8145 8146
f 8156 8146 8147
f 8156 8147 8148
f 8156 8148 8149
f 8156 8151 8152
f 8156 8152 8153
f 8156 8153 8154
f 8156 8154 8155
f 8156 8143 8145
f 8156 8139 8141
f 8156 8149 8151
f 8177 8175 8176
f 8180 8175 8177
f 8179 8177 8178
f 8179 8180 8177
f 8181 8183 8186
f 8182 8181 8186
f 8184 8186 8183
f 8185 8186 8184
f 8190 8191 8192
f 8190 8192 8193
f 8197 8193 8194
f 8197 8194 8195
f 8197 8195 8196
f 8198 8187 8189
f 8198 8189 8190
f 8198 8193 8197
f 8198 8190 8193
f 8201 8198 8199
f 8201 8199 8200
f 8203 8201 8202
f 8204 8187 8198
f 8204 8198 8201
f 8204 8201 8203
f 8205 8187 8204
f 8206 8187 8205
f 8246 8225 8226
f 8246 8245 8225
f 8247 8226 8227
f 8247 8246 8226
f 8248 8227 8228
f 8248 8247 8227
f 8249 8228 8229
f 8249 8248 8228
f 8250 8229 8230
f 8250 8249 8229
f 8251 8230 8231
f 8251 8231 8232
f 8251 8250 8230
f 8252 8251 8232
f 8253 8232 8233
f 8253 8233 8234
f 8253 8252 8232
f 8254 8234 8235
f 8254 8253 8234
f 8255 8254 8235
f 8256 8235 8236
f 8256 8255 8235
f 8257 8236 8237
f 8257 8237 8238
f 8257 8256 8236
f 8258 8257 8238
f 8259 8238 8239
f 8259 8258 8238
f 8260 8239 8240
f 8260 8259 8239
f 8261 8240 8241
f 8261 8260 8240
f 8262 8241 8242
f 8262 8261 8241
f 8244 8242 8243
f 8244 8262 8242
f 8284 8263 8264
f 8284 8283 8263
f 8285 8264 8265
f 8285 8265 8266
f 8285 8284 8264
f 8286 8266 8267
f 8286 8285 8266
f 8287 8267 8268
f 8287 8286 8267
f 8288 8268 8269
f 8288 8287 8268
f 8289 8288 8269
f 8290 8269 8270
f 8290 8270 8271
f 8290 8289 8269
f 8291 8290 8271
f 8292 8271 8272
f 8292 8291 8271
f 8293 8272 8273
f 8293 8292 8272
f 8294 8273 8274
f 8294 8274 8275
f 8294 8293 8273
f 8295 8294 8275
f 8296 8275 8276
f 8296 8295 8275
f 8297 8276 8277
f 8297 8296 8276
f 8298 8277 8278
f 8298 8297 8277
f 8299 8278 8279
f 8299 8298 8278
f 8300 8279 8280
f 8300 8299 8279
f 8282 8280 8281
f 8282 8300 8280
f 8328 8326 8327
f 8322 8323 8324
f 8322 8324 8325
f 8330 8325 8326
f 8330 8328 8329
f 8330 8326 8328
f 8333 8330 8331
f 8333 8331 8332
f 8334 8330 8333
f 8335 8330 8334
f 8337 8335 8336
f 8337 8325 8330
f 8337 8330 8335
f 8338 8322 8325
f 8338 8325 8337
f 8302 8321 8322
f 8302 8322 8338
f 8349 8348 8339
f 8347 8339 8348
f 8350 8349 8339
f 8346 8340 8339
f 8346 8339 8347
f 8351 8350 8339
f 8345 8340 8346
f 8352 8351 8339
f 8344 8340 8345
f 8353 8352 8339
f 8341 8354 8353
f 8341 8355 8354
f 8341 8356 8355
f 8341 8357 8356
f 8341 8353 8339
f 8358 8357 8341
f 8359 8358 8341
f 8360 8359 8341
f 8342 8361 8360
f 8342 8343 8361
f 8342 8360 8341
f 8363 8362 8369
f 8363 8369 8370
f 8364 8370 8371
f 8364 8363 8370
f 8365 8371 8372
f 8365 8364 8371
f 8366 8372 8373
f 8366 8365 8372
f 8367 8373 8374
f 8367 8366 8373
f 8368 8374 8375
f 8368 8367 8374
f 8381 8375 8376
f 8381 8376 8377
f 8381 8368 8375
f 8380 8377 8378
f 8380 8378 8379
f 8380 8381 8377
f 8388 8421 8422
f 8388 8387 8421
f 8386 8421 8387
f 8385 8421 8386
f 8384 8421 8385
f 8383 8421 8384
f 8382 8421 8383
f 8390 8421 8382
f 8389 8390 8382
f 8393 8391 8392
f 8420 8395 8394
f 8420 8396 8395
f 8420 8397 8396
f 8420 8398 8397
f 8420 8399 8398
f 8420 8400 8399
f 8420 8401 8400
f 8420 8402 8401
f 8420 8393 8402
f 8420 8391 8393
f 8403 8420 8394
f 8417 8405 8404
f 8417 8406 8405
f 8417 8407 8406
f 8417 8408 8407
f 8417 8409 8408
f 8417 8410 8409
f 8417 8411 8410
f 8417 8412 8411
f 8417 8403 8412
f 8417 8404 8416
f 8414 8416 8413
f 8415 8416 8414
f 8419 8417 8418
f 8419 8403 8417
f 8404 8413 8416
f 8419 8420 8403
f 8420 8421 8390
f 8420 8390 8391
f 8444 8433 8432
f 8443 8444 8432
f 8442 8432 8431
f 8442 8443 8432
f 8441 8430 8429
f 8441 8431 8430
f 8441 8442 8431
f 8440 8441 8429
f 8439 8429 8428
f 8439 8440 8429
f 8438 8428 8427
f 8438 8439 8428
f 8437 8426 8425
f 8437 8427 8426
f 8437 8438 8427
f 8436 8437 8425
f 8435 8424 8423
f 8435 8425 8424
f 8435 8436 8425
f 8434 8435 8423
f 8446 8445 8464
f 8446 8464 8465
f 8447 8465 8466
f 8447 8446 8465
f 8448 8466 8467
f 8448 8447 8466
f 8449 8467 8468
f 8449 8448 8467
f 8450 8468 8469
f 8450 8449 8468
f 8451 8469 8470
f 8451 8450 8469
f 8452 8470 8471
f 8452 8451 8470
f 8453 8471 8472
f 8453 8452 8471
f 8454 8472 8473
f 8454 8453 8472
f 8455 8473 8474
f 8455 8454 8473
f 8456 8474 8475
f 8456 8455 8474
f 8457 8475 8476
f 8457 8456 8475
f 8458 8476 8477
f 8458 8457 8476
f 8459 8477 8478
f 8459 8458 8477
f 8460 8478 8479
f 8460 8459 8478
f 8461 8479 8480
f 8461 8460 8479
f 8462 8480 8481
f 8462 8461 8480
f 8463 8481 8482
f 8463 8462 8481
f 8485 8494 8503
f 8486 8503 8502
f 8486 8485 8503
f 8487 8502 8501
f 8487 8486 8502
f 8488 8501 8500
f 8488 8487 8501
f 8489 8500 8499
f 8489 8488 8500
f 8490 8499 8498
f 8490 8489 8499
f 8491 8498 8497
f 8491 8490 8498
f 8492 8497 8496
f 8492 8491 8497
f 8493 8496 8495
f 8493 8492 8496
f 8484 8495 8483
f 8484 8493 8495
f 8516 8515 8533
f 8524 8523 8513
f 8514 8524 8513
f 8534 8525 8504
f 8534 8526 8525
f 8535 8534 8504
f 8536 8527 8526
f 8536 8528 8527
f 8536 8529 8528
f 8536 8526 8534
f 8537 8504 8505
f 8537 8535 8504
f 8538 8505 8506
f 8538 8537 8505
f 8538 8506 8537
f 8539 8536 8534
f 8539 8534 8535
f 8540 8530 8529
f 8540 8531 8530
f 8540 8529 8536
f 8541 8535 8537
f 8541 8539 8535
f 8541 8537 8506
f 8542 8506 8507
f 8542 8507 8508
f 8542 8508 8509
f 8542 8509 8541
f 8542 8541 8506
f 8543 8536 8539
f 8543 8540 8536
f 8544 8517 8516
f 8544 8518 8517
f 8544 8532 8531
f 8544 8533 8532
f 8544 8516 8533
f 8544 8531 8540
f 8545 8541 8509
f 8545 8539 8541
f 8545 8543 8539
f 8546 8509 8510
f 8546 8510 8511
f 8546 8511 8545
f 8546 8545 8509
f 8547 8519 8518
f 8547 8520 8519
f 8547 8540 8543
f 8547 8518 8544
f 8547 8544 8540
f 8548 8521 8520
f 8548 8522 8521
f 8548 8520 8547
f 8548 8543 8545
f 8548 8545 8511
f 8548 8547 8543
f 8549 8511 8512
f 8549 8512 8513
f 8549 8523 8522
f 8549 8522 8548
f 8549 8548 8511
f 8549 8513 8523
f 8571 8552 8551
f 8572 8551 8550
f 8572 8571 8551
f 8573 8550 8553
f 8573 8572 8550
f 8574 8553 8554
f 8574 8573 8553
f 8575 8554 8555
f 8575 8574 8554
f 8576 8555 8556
f 8576 8575 8555
f 8577 8556 8557
f 8577 8576 8556
f 8578 8557 8558
f 8578 8577 8557
f 8579 8558 8559
f 8579 8578 8558
f 8580 8559 8560
f 8580 8579 8559
f 8581 8560 8561
f 8581 8580 8560
f 8582 8561 8562
f 8582 8581 8561
f 8583 8562 8563
f 8583 8582 8562
f 8584 8563 8564
f 8584 8583 8563
f 8585 8564 8565
f 8585 8584 8564
f 8586 8565 8566
f 8586 8585 8565
f 8587 8566 8567
f 8587 8586 8566
f 8588 8567 8568
f 8588 8587 8567
f 8570 8568 8569
f 8570 8588 8568
f 8589 8590 8591
f 8589 8591 8592
f 8589 8592 8593
f 8589 8593 8594
f 8595 8589 8594
f 8596 8589 8595
f 8597 8589 8596
f 8607 8599 8600
f 8607 8600 8601
f 8607 8601 8602
f 8607 8602 8603
f 8607 8603 8604
f 8607 8604 8605
f 8607 8605 8606
f 8607 8589 8598
f 8598 8589 8597
f 8607 8598 8599
f 8611 8608 8609
f 8611 8609 8610
f 8618 8615 8616
f 8618 8616 8617
f 8620 8618 8619
f 8620 8615 8618
f 8612 8613 8614
f 8622 8620 8621
f 8625 8623 8624
f 8626 8614 8615
f 8626 8622 8623
f 8626 8615 8620
f 8626 8612 8614
f 8626 8620 8622
f 8626 8623 8625
f 8629 8626 8627
f 8629 8627 8628
f 8630 8612 8626
f 8630 8626 8629
f 8643 8631 8632
f 8644 8632 8633
f 8644 8643 8632
f 8645 8633 8634
f 8645 8644 8633
f 8646 8634 8635
f 8646 8645 8634
f 8647 8635 8636
f 8647 8646 8635
f 8648 8636 8637
f 8648 8647 8636
f 8649 8637 8638
f 8649 8648 8637
f 8650 8638 8639
f 8650 8649 8638
f 8651 8639 8640
f 8651 8650 8639
f 8642 8640 8641
f 8642 8651 8640
f 8662 8661 8652
f 8660 8652 8661
f 8663 8662 8652
f 8659 8652 8660
f 8664 8663 8652
f 8653 8652 8659
f 8658 8653 8659
f 8665 8664 8652
f 8657 8653 8658
f 8666 8665 8652
f 8654 8667 8666
f 8654 8668 8667
f 8654 8669 8668
f 8654 8670 8669
f 8654 8666 8652
f 8671 8670 8654
f 8672 8671 8654
f 8673 8672 8654
f 8655 8674 8673
f 8655 8656 8674
f 8655 8673 8654
f 8696 8675 8676
f 8696 8695 8675
f 8697 8676 8677
f 8697 8696 8676
f 8698 8677 8678
f 8698 8697 8677
f 8699 8678 8679
f 8699 8679 8680
f 8699 8698 8678
f 8700 8699 8680
f 8701 8680 8681
f 8701 8681 8682
f 8701 8700 8680
f 8702 8701 8682
f 8703 8682 8683
f 8703 8683 8684
f 8703 8702 8682
f 8704 8703 8684
f 8705 8684 8685
f 8705 8704 8684
f 8706 8685 8686
f 8706 8686 8687
f 8706 8705 8685
f 8707 8706 8687
f 8708 8687 8688
f 8708 8707 8687
f 8709 8688 8689
f 8709 8689 8690
f 8709 8708 8688
f 8710 8690 8691
f 8710 8709 8690
f 8711 8710 8691
f 8712 8691 8692
f 8712 8711 8691
f 8694 8692 8693
f 8694 8712 8692
f 8742 8741 8713
f 8740 8713 8741
f 8743 8742 8713
f 8739 8714 8713
f 8739 8713 8740
f 8744 8743 8713
f 8779 8744 8713
f 8779 8713 8778
f 8768 8769 8714
f 8770 8714 8769
f 8777 8778 8713
f 8780 8744 8779
f 8767 8714 8739
f 8767 8768 8714
f 8771 8714 8770
f 8776 8777 8713
f 8781 8744 8780
f 8766 8767 8739
f 8772 8714 8771
f 8775 8776 8713
f 8782 8744 8781
f 8773 8714 8772
f 8774 8775 8713
f 8738 8761 8762
f 8738 8762 8763
f 8738 8763 8764
f 8738 8764 8765
f 8738 8765 8766
f 8738 8766 8739
f 8745 8782 8783
f 8745 8783 8784
f 8745 8784 8785
f 8745 8785 8786
f 8745 8744 8782
f 8760 8761 8738
f 8787 8745 8786
f 8759 8760 8738
f 8788 8745 8787
f 8737 8755 8756
f 8737 8756 8757
f 8737 8757 8758
f 8737 8758 8759
f 8737 8759 8738
f 8746 8788 8789
f 8746 8789 8790
f 8746 8790 8791
f 8746 8791 8792
f 8746 8792 8793
f 8746 8793 8794
f 8746 8794 8795
f 8746 8795 8796
f 8746 8745 8788
f 8747 8796 8797
f 8747 8797 8798
f 8747 8798 8799
f 8747 8799 8800
f 8747 8800 8801
f 8747 8801 8802
f 8747 8746 8796
f 8748 8802 8803
f 8748 8803 8804
f 8748 8804 8805
f 8748 8747 8802
f 8715 8749 8748
f 8715 8750 8749
f 8715 8805 8806
f 8715 8806 8807
f 8715 8807 8808
f 8715 8808 8809
f 8715 8809 8774
f 8715 8774 8713
f 8715 8748 8805
f 8751 8750 8715
f 8752 8751 8715
f 8753 8752 8715
f 8731 8736 8754
f 8730 8731 8754
f 8732 8736 8731
f 8729 8730 8754
f 8733 8736 8732
f 8728 8729 8754
f 8734 8736 8733
f 8727 8728 8754
f 8735 8736 8734
f 8726 8727 8754
f 8725 8726 8754
f 8724 8754 8753
f 8724 8725 8754
f 8723 8724 8753
f 8716 8717 8718
f 8716 8718 8719
f 8716 8719 8720
f 8716 8720 8721
f 8716 8721 8722
f 8716 8722 8723
f 8716 8753 8715
f 8716 8723 8753
f 8830 8810 8811
f 8831 8811 8812
f 8831 8830 8811
f 8832 8812 8813
f 8832 8831 8812
f 8833 8813 8814
f 8833 8832 8813
f 8834 8814 8815
f 8834 8833 8814
f 8835 8815 8816
f 8835 8834 8815
f 8836 8816 8817
f 8836 8835 8816
f 8837 8817 8818
f 8837 8836 8817
f 8838 8818 8819
f 8838 8837 8818
f 8839 8819 8820
f 8839 8838 8819
f 8840 8820 8821
f 8840 8839 8820
f 8841 8821 8822
f 8841 8840 8821
f 8842 8822 8823
f 8842 8841 8822
f 8843 8823 8824
f 8843 8842 8823
f 8844 8824 8825
f 8844 8843 8824
f 8845 8825 8826
f 8845 8844 8825
f 8846 8826 8827
f 8846 8845 8826
f 8847 8827 8828
f 8847 8846 8827
f 8829 8847 8828
f 8849 8870 8848
f 8850 8870 8849
f 8869 8850 8851
f 8869 8851 8852
f 8869 8852 8853
f 8869 8853 8854
f 8869 8870 8850
f 8855 8869 8854
f 8856 8869 8855
f 8857 8869 8856
f 8867 8864 8865
f 8867 8865 8866
f 8868 8857 8858
f 8868 8858 8859
f 8868 8859 8860
f 8868 8860 8861
f 8868 8861 8862
f 8868 8862 8863
f 8868 8863 8864
f 8868 8864 8867
f 8868 8869 8857
f 8886 8887 8888
f 8872 8889 8871
f 8874 8872 8873
f 8876 8877 8878
f 8876 8878 8879
f 8875 8879 8880
f 8875 8880 8881
f 8875 8881 8882
f 8875 8882 8883
f 8875 8883 8884
f 8875 8884 8885
f 8875 8885 8886
f 8875 8888 8889
f 8875 8886 8888
f 8875 8889 8872
f 8875 8876 8879
f 8875 8872 8874
f 8892 8891 8890
f 8893 8891 8892
f 8894 8896 8897
f 8894 8897 8895
f 8901 8898 8899
f 8900 8901 8899
f 8914 8913 8931
f 8922 8921 8911
f 8912 8922 8911
f 8932 8923 8902
f 8932 8924 8923
f 8933 8932 8902
f 8934 8925 8924
f 8934 8926 8925
f 8934 8927 8926
f 8934 8924 8932
f 8935 8902 8903
f 8935 8933 8902
f 8936 8903 8904
f 8936 8935 8903
f 8936 8904 8935
f 8937 8934 8932
f 8937 8932 8933
f 8938 8928 8927
f 8938 8929 8928
f 8938 8927 8934
f 8939 8933 8935
f 8939 8937 8933
f 8939 8935 8904
f 8940 8904 8905
f 8940 8905 8906
f 8940 8906 8907
f 8940 8907 8939
f 8940 8939 8904
f 8941 8934 8937
f 8941 8938 8934
f 8942 8915 8914
f 8942 8916 8915
f 8942 8930 8929
f 8942 8931 8930
f 8942 8914 8931
f 8942 8929 8938
f 8943 8939 8907
f 8943 8937 8939
f 8943 8941 8937
f 8944 8907 8908
f 8944 8908 8909
f 8944 8909 8943
f 8944 8943 8907
f 8945 8917 8916
f 8945 8918 8917
f 8945 8938 8941
f 8945 8916 8942
f 8945 8942 8938
f 8946 8919 8918
f 8946 8920 8919
f 8946 8918 8945
f 8946 8941 8943
f 8946 8943 8909
f 8946 8945 8941
f 8947 8909 8910
f 8947 8910 8911
f 8947 8921 8920
f 8947 8920 8946
f 8947 8946 8909
f 8947 8911 8921
f 8961 8949 8948
f 8961 8948 8950
f 8962 8950 8951
f 8962 8951 8952
f 8962 8961 8950
f 8963 8952 8953
f 8963 8962 8952
f 8964 8963 8953
f 8965 8953 8954
f 8965 8964 8953
f 8966 8954 8955
f 8966 8965 8954
f 8967 8955 8956
f 8967 8966 8955
f 8968 8956 8957
f 8968 8967 8956
f 8969 8957 8958
f 8969 8968 8957
f 8960 8958 8959
f 8960 8969 8958
f 8970 8982 8981
f 8970 8972 8982
f 8971 8980 8979
f 8971 8981 8980
f 8971 8970 8981
f 8984 8979 8978
f 8984 8971 8979
f 8985 8978 8977
f 8985 8984 8978
f 8986 8977 8976
f 8986 8985 8977
f 8987 8976 8975
f 8987 8986 8976
f 8988 8975 8974
f 8988 8987 8975
f 8989 8974 8973
f 8989 8988 8974
f 8983 8989 8973
f 9000 8990 8991
f 9000 8991 8992
f 9001 9000 8992
f 9002 9001 8992
f 8993 9003 9002
f 8993 9004 9003
f 8993 9005 9004
f 8993 8999 9005
f 8993 9002 8992
f 8993 8994 8999
f 8997 8995 8996
f 8997 8998 8995
f 8998 8999 8994
f 8998 8994 8995
f 9026 9015 9014
f 9026 9016 9015
f 9026 9027 9016
f 9025 9026 9014
f 9024 9013 9012
f 9024 9014 9013
f 9024 9025 9014
f 9023 9024 9012
f 9022 9012 9011
f 9022 9023 9012
f 9021 9011 9010
f 9021 9022 9011
f 9020 9010 9009
f 9020 9021 9010
f 9019 9009 9008
f 9019 9020 9009
f 9018 9008 9007
f 9018 9019 9008
f 9017 9007 9006
f 9017 9018 9007
f 9040 9039 9057
f 9048 9047 9037
f 9038 9048 9037
f 9058 9049 9028
f 9058 9050 9049
f 9059 9058 9028
f 9060 9051 9050
f 9060 9052 9051
f 9060 9053 9052
f 9060 9050 9058
f 9061 9028 9029
f 9061 9059 9028
f 9062 9029 9030
f 9062 9061 9029
f 9062 9030 9061
f 9063 9060 9058
f 9063 9058 9059
f 9064 9054 9053
f 9064 9055 9054
f 9064 9053 9060
f 9065 9059 9061
f 9065 9063 9059
f 9065 9061 9030
f 9066 9030 9031
f 9066 9031 9032
f 9066 9032 9033
f 9066 9033 9065
f 9066 9065 9030
f 9067 9060 9063
f 9067 9064 9060
f 9068 9041 9040
f 9068 9042 9041
f 9068 9056 9055
f 9068 9057 9056
f 9068 9040 9057
f 9068 9055 9064
f 9069 9065 9033
f 9069 9063 9065
f 9069 9067 9063
f 9070 9033 9034
f 9070 9034 9035
f 9070 9035 9069
f 9070 9069 9033
f 9071 9043 9042
f 9071 9044 9043
f 9071 9064 9067
f 9071 9042 9068
f 9071 9068 9064
f 9072 9045 9044
f 9072 9046 9045
f 9072 9044 9071
f 9072 9067 9069
f 9072 9069 9035
f 9072 9071 9067
f 9073 9035 9036
f 9073 9036 9037
f 9073 9047 9046
f 9073 9046 9072
f 9073 9072 9035
f 9073 9037 9047
f 9075 9074 9076
f 9087 9076 9077
f 9087 9075 9076
f 9088 9087 9077
f 9089 9077 9078
f 9089 9078 9079
f 9089 9088 9077
f 9090 9089 9079
f 9091 9079 9080
f 9091 9080 9081
f 9091 9090 9079
f 9092 9081 9082
f 9092 9091 9081
f 9093 9092 9082
f 9094 9082 9083
f 9094 9093 9082
f 9095 9083 9084
f 9095 9094 9083
f 9086 9084 9085
f 9086 9095 9084
f 9098 9134 9135
f 9099 9135 9136
f 9099 9098 9135
f 9100 9136 9137
f 9100 9099 9136
f 9101 9137 9138
f 9101 9100 9137
f 9102 9138 9139
f 9102 9101 9138
f 9103 9139 9140
f 9103 9102 9139
f 9104 9140 9141
f 9104 9103 9140
f 9105 9141 9142
f 9105 9104 9141
f 9106 9142 9143
f 9106 9105 9142
f 9107 9143 9144
f 9107 9106 9143
f 9108 9144 9145
f 9108 9107 9144
f 9109 9145 9146
f 9109 9108 9145
f 9110 9146 9147
f 9110 9109 9146
f 9111 9147 9148
f 9111 9110 9147
f 9112 9148 9149
f 9112 9111 9148
f 9113 9112 9149
f 9114 9149 9150
f 9114 9113 9149
f 9115 9150 9151
f 9115 9151 9152
f 9115 9114 9150
f 9116 9152 9153
f 9116 9115 9152
f 9117 9116 9153
f 9118 9153 9154
f 9118 9117 9153
f 9119 9154 9155
f 9119 9155 9156
f 9119 9118 9154
f 9120 9156 9157
f 9120 9119 9156
f 9121 9120 9157
f 9122 9157 9158
f 9122 9158 9159
f 9122 9121 9157
f 9123 9122 9159
f 9124 9159 9160
f 9124 9160 9161
f 9124 9123 9159
f 9125 9124 9161
f 9126 9161 9162
f 9126 9125 9161
f 9127 9162 9163
f 9127 9163 9164
f 9127 9126 9162
f 9128 9127 9164
f 9129 9164 9165
f 9129 9165 9166
f 9129 9128 9164
f 9130 9166 9167
f 9130 9129 9166
f 9131 9130 9167
f 9132 9167 9168
f 9132 9168 9169
f 9132 9131 9167
f 9133 9169 9096
f 9133 9132 9169
f 9097 9133 9096
f 9173 9171 9170
f 9173 9170 9172
f 9194 9174 9175
f 9195 9175 9176
f 9195 9194 9175
f 9196 9176 9177
f 9196 9195 9176
f 9197 9177 9178
f 9197 9196 9177
f 9198 9178 9179
f 9198 9197 9178
f 9199 9179 9180
f 9199 9198 9179
f 9200 9180 9181
f 9200 9199 9180
f 9201 9181 9182
f 9201 9200 9181
f 9202 9182 9183
f 9202 9201 9182
f 9203 9183 9184
f 9203 9202 9183
f 9204 9184 9185
f 9204 9203 9184
f 9205 9185 9186
f 9205 9204 9185
f 9206 9186 9187
f 9206 9205 9186
f 9207 9187 9188
f 9207 9206 9187
f 9208 9188 9189
f 9208 9207 9188
f 9209 9189 9190
f 9209 9208 9189
f 9210 9190 9191
f 9210 9209 9190
f 9211 9210 9191
f 9193 9191 9192
f 9193 9211 9191
f 9224 9223 9241
f 9232 9231 9221
f 9222 9232 9221
f 9242 9233 9212
f 9242 9234 9233
f 9243 9242 9212
f 9244 9235 9234
f 9244 9236 9235
f 9244 9237 9236
f 9244 9234 9242
f 9245 9212 9213
f 9245 9243 9212
f 9246 9213 9214
f 9246 9245 9213
f 9246 9214 9245
f 9247 9244 9242
f 9247 9242 9243
f 9248 9238 9237
f 9248 9239 9238
f 9248 9237 9244
f 9249 9243 9245
f 9249 9247 9243
f 9249 9245 9214
f 9250 9214 9215
f 9250 9215 9216
f 9250 9216 9217
f 9250 9217 9249
f 9250 9249 9214
f 9251 9244 9247
f 9251 9248 9244
f 9252 9225 9224
f 9252 9226 9225
f 9252 9240 9239
f 9252 9241 9240
f 9252 9224 9241
f 9252 9239 9248
f 9253 9249 9217
f 9253 9247 9249
f 9253 9251 9247
f 9254 9217 9218
f 9254 9218 9219
f 9254 9219 9253
f 9254 9253 9217
f 9255 9227 9226
f 9255 9228 9227
f 9255 9248 9251
f 9255 9226 9252
f 9255 9252 9248
f 9256 9229 9228
f 9256 9230 9229
f 9256 9228 9255
f 9256 9251 9253
f 9256 9253 9219
f 9256 9255 9251
f 9257 9219 9220
f 9257 9220 9221
f 9257 9231 9230
f 9257 9230 9256
f 9257 9256 9219
f 9257 9221 9231
f 9271 9260 9261
f 9271 9261 9262
f 9271 9262 9263
f 9271 9263 9264
f 9271 9264 9265
f 9271 9265 9266
f 9271 9266 9267
f 9271 9267 9268
f 9271 9268 9269
f 9271 9269 9270
f 9274 9272 9273
f 9275 9271 9272
f 9275 9272 9274
f 9276 9258 9259
f 9276 9259 9260
f 9276 9260 9271
f 9276 9271 9275
f 9293 9294 9295
f 9293 9295 9296
f 9293 9296 9297
f 9307 9304 9305
f 9307 9305 9306
f 9291 9292 9293
f 9309 9307 9308
f 9290 9291 9293
f 9289 9297 9298
f 9289 9298 9299
f 9289 9299 9300
f 9289 9300 9301
f 9289 9301 9302
f 9289 9302 9303
f 9289 9293 9297
f 9289 9290 9293
f 9277 9311 9312
f 9286 9287 9288
f 9286 9288 9289
f 9285 9286 9289
f 9279 9277 9278
f 9280 9310 9311
f 9280 9311 9277
f 9280 9277 9279
f 9282 9283 9284
f 9282 9284 9285
f 9281 9303 9304
f 9281 9309 9310
f 9281 9289 9303
f 9281 9304 9307
f 9281 9307 9309
f 9281 9285 9289
f 9281 9310 9280
f 9281 9282 9285
f 9318 9316 9317
f 9319 9315 9316
f 9319 9316 9318
f 9320 9315 9319
f 9321 9315 9320
f 9322 9315 9321
f 9323 9315 9322
f 9324 9315 9323
f 9325 9315 9324
f 9326 9315 9325
f 9327 9315 9326
f 9313 9330 9331
f 9313 9331 9332
f 9313 9332 9333
f 9313 9333 9334
f 9313 9334 9335
f 9313 9335 9314
f 9313 9315 9327
f 9313 9327 9328
f 9313 9328 9329
f 9313 9329 9330
f 9343 9361 9362
f 9344 9362 9363
f 9344 9343 9362
f 9342 9360 9361
f 9342 9361 9343
f 9345 9363 9364
f 9345 9344 9363
f 9341 9359 9360
f 9341 9360 9342
f 9346 9364 9365
f 9346 9345 9364
f 9340 9358 9359
f 9340 9359 9341
f 9347 9365 9366
f 9347 9346 9365
f 9339 9357 9358
f 9339 9358 9340
f 9348 9366 9367
f 9348 9347 9366
f 9349 9367 9368
f 9349 9348 9367
f 9350 9368 9369
f 9350 9349 9368
f 9351 9350 9369
f 9370 9351 9369
f 9352 9351 9370
f 9371 9352 9370
f 9353 9352 9371
f 9372 9353 9371
f 9354 9353 9372
f 9373 9355 9354
f 9373 9354 9372
f 9374 9356 9355
f 9374 9355 9373
f 9336 9338 9356
f 9336 9356 9374
f 9375 9336 9374
f 9337 9338 9336
f 9377 9378 9379
f 9376 9378 9377
f 9382 9380 9381
f 9382 9383 9380
f 9405 9384 9385
f 9405 9406 9384
f 9404 9405 9385
f 9403 9385 9386
f 9403 9404 9385
f 9402 9386 9387
f 9402 9403 9386
f 9401 9387 9388
f 9401 9402 9387
f 9400 9388 9389
f 9400 9401 9388
f 9399 9389 9390
f 9399 9400 9389
f 9398 9399 9390
f 9397 9390 9391
f 9397 9398 9390
f 9396 9391 9392
f 9396 9397 9391
f 9395 9392 9393
f 9395 9396 9392
f 9394 9395 9393
f 9410 9407 9409
f 9408 9410 9411
f 9408 9407 9410
f 9412 9408 9411
f 9434 9413 9414
f 9434 9435 9413
f 9433 9414 9415
f 9433 9434 9414
f 9432 9415 9416
f 9432 9433 9415
f 9431 9432 9416
f 9430 9416 9417
f 9430 9431 9416
f 9429 9417 9418
f 9429 9430 9417
f 9428 9418 9419
f 9428 9429 9418
f 9427 9428 9419
f 9426 9419 9420
f 9426 9427 9419
f 9425 9420 9421
f 9425 9426 9420
f 9424 9421 9422
f 9424 9425 9421
f 9423 9424 9422
f 9442 9443 9444
f 9439 9441 9442
f 9436 9442 9444
f 9436 9439 9442
f 9440 9441 9439
f 9438 9439 9436
f 9445 9436 9444
f 9447 9436 9445
f 9437 9436 9447
f 9446 9447 9445
f 9475 9474 9492
f 9475 9492 9493
f 9475 9493 9494
f 9476 9494 9495
f 9476 9475 9494
f 9477 9476 9495
f 9478 9495 9496
f 9478 9496 9497
f 9478 9477 9495
f 9479 9478 9497
f 9480 9497 9498
f 9480 9479 9497
f 9481 9498 9499
f 9481 9499 9500
f 9481 9480 9498
f 9482 9481 9500
f 9483 9500 9501
f 9483 9501 9502
f 9483 9482 9500
f 9484 9483 9502
f 9485 9502 9503
f 9485 9503 9504
f 9485 9484 9502
f 9486 9485 9504
f 9487 9504 9505
f 9487 9505 9506
f 9487 9486 9504
f 9488 9487 9506
f 9489 9506 9507
f 9489 9488 9506
f 9490 9507 9508
f 9490 9489 9507
f 9448 9508 9509
f 9448 9509 9449
f 9448 9490 9508
f 9450 9449 9509
f 9451 9450 9509
f 9452 9509 9510
f 9452 9451 9509
f 9453 9452 9510
f 9454 9453 9510
f 9455 9454 9510
f 9456 9455 9510
f 9457 9456 9510
f 9458 9457 9510
f 9459 9458 9510
f 9460 9459 9510
f 9491 9470 9469
f 9491 9471 9470
f 9491 9472 9471
f 9491 9448 9472
f 9491 9490 9448
f 9473 9462 9461
f 9473 9463 9462
f 9473 9464 9463
f 9473 9465 9464
f 9473 9466 9465
f 9473 9467 9466
f 9473 9468 9467
f 9473 9469 9468
f 9473 9491 9469
f 9517 9516 9534
f 9517 9534 9535
f 9518 9535 9536
f 9518 9517 9535
f 9519 9536 9537
f 9519 9518 9536
f 9520 9537 9538
f 9520 9519 9537
f 9521 9538 9539
f 9521 9520 9538
f 9522 9539 9540
f 9522 9521 9539
f 9523 9540 9541
f 9523 9522 9540
f 9524 9541 9542
f 9524 9523 9541
f 9525 9542 9543
f 9525 9524 9542
f 9526 9543 9544
f 9526 9525 9543
f 9527 9544 9545
f 9527 9526 9544
f 9528 9545 9546
f 9528 9527 9545
f 9529 9546 9547
f 9529 9528 9546
f 9530 9547 9548
f 9530 9529 9547
f 9531 9548 9549
f 9531 9530 9548
f 9532 9549 9550
f 9532 9531 9549
f 9511 9550 9551
f 9512 9511 9551
f 9552 9512 9551
f 9513 9512 9552
f 9533 9550 9511
f 9533 9532 9550
f 9514 9513 9552
f 9515 9533 9511
f 9555 9556 9557
f 9560 9557 9558
f 9560 9558 9559
f 9562 9560 9561
f 9562 9555 9557
f 9562 9557 9560
f 9553 9562 9554
f 9553 9555 9562
f 9567 9605 9606
f 9568 9606 9607
f 9568 9567 9606
f 9566 9604 9605
f 9566 9605 9567
f 9569 9607 9608
f 9569 9568 9607
f 9644 9609 9643
f 9595 9596 9602
f 9597 9602 9596
f 9642 9643 9609
f 9645 9609 9644
f 9594 9595 9602
f 9565 9603 9604
f 9565 9604 9566
f 9570 9608 9609
f 9570 9569 9608
f 9646 9609 9645
f 9593 9594 9602
f 9601 9597 9598
f 9601 9602 9597
f 9610 9641 9642
f 9610 9642 9609
f 9599 9601 9598
f 9640 9641 9610
f 9647 9609 9646
f 9592 9593 9602
f 9600 9601 9599
f 9591 9592 9602
f 9648 9609 9647
f 9639 9640 9610
f 9590 9591 9602
f 9649 9609 9648
f 9674 9639 9610
f 9673 9674 9610
f 9672 9673 9610
f 9564 9588 9589
f 9564 9589 9590
f 9564 9602 9603
f 9564 9603 9565
f 9564 9590 9602
f 9571 9649 9650
f 9571 9650 9651
f 9571 9570 9609
f 9571 9609 9649
f 9587 9588 9564
f 9652 9571 9651
f 9586 9587 9564
f 9653 9571 9652
f 9585 9586 9564
f 9654 9571 9653
f 9584 9585 9564
f 9655 9571 9654
f 9611 9667 9668
f 9611 9668 9669
f 9611 9669 9670
f 9611 9670 9671
f 9611 9671 9672
f 9611 9672 9610
f 9666 9667 9611
f 9665 9666 9611
f 9563 9582 9583
f 9563 9583 9584
f 9563 9584 9564
f 9572 9655 9656
f 9572 9656 9657
f 9572 9657 9658
f 9572 9571 9655
f 9659 9572 9658
f 9573 9659 9660
f 9573 9660 9661
f 9573 9661 9662
f 9573 9662 9663
f 9573 9663 9664
f 9573 9664 9665
f 9573 9665 9611
f 9573 9572 9659
f 9574 9611 9612
f 9574 9573 9611
f 9575 9612 9613
f 9575 9574 9612
f 9576 9613 9614
f 9576 9575 9613
f 9577 9576 9614
f 9615 9577 9614
f 9578 9577 9615
f 9616 9578 9615
f 9579 9578 9616
f 9617 9579 9616
f 9580 9579 9617
f 9633 9634 9580
f 9635 9580 9634
f 9632 9633 9580
f 9636 9580 9635
f 9631 9632 9580
f 9581 9580 9636
f 9637 9581 9636
f 9630 9631 9580
f 9638 9581 9637
f 9618 9629 9630
f 9618 9580 9617
f 9618 9630 9580
f 9628 9629 9618
f 9627 9628 9618
f 9626 9627 9618
f 9625 9626 9618
f 9624 9625 9618
f 9623 9624 9618
f 9619 9620 9621
f 9619 9621 9622
f 9619 9622 9623
f 9619 9623 9618
f 9695 9675 9676
f 9696 9676 9677
f 9696 9695 9676
f 9697 9677 9678
f 9697 9696 9677
f 9698 9678 9679
f 9698 9697 9678
f 9699 9679 9680
f 9699 9698 9679
f 9700 9680 9681
f 9700 9699 9680
f 9701 9681 9682
f 9701 9700 9681
f 9702 9682 9683
f 9702 9701 9682
f 9703 9683 9684
f 9703 9702 9683
f 9704 9684 9685
f 9704 9703 9684
f 9705 9685 9686
f 9705 9704 9685
f 9706 9686 9687
f 9706 9705 9686
f 9707 9687 9688
f 9707 9706 9687
f 9708 9688 9689
f 9708 9707 9688
f 9709 9689 9690
f 9709 9708 9689
f 9710 9690 9691
f 9710 9709 9690
f 9711 9691 9692
f 9711 9710 9691
f 9712 9711 9692
f 9694 9692 9693
f 9694 9712 9692
f 9732 9730 9731
f 9750 9729 9730
f 9750 9730 9732
f 9749 9728 9729
f 9749 9729 9750
f 9748 9728 9749
f 9727 9728 9748
f 9747 9727 9748
f 9726 9747 9746
f 9726 9727 9747
f 9725 9746 9745
f 9725 9726 9746
f 9724 9745 9744
f 9724 9725 9745
f 9723 9744 9743
f 9723 9724 9744
f 9722 9742 9741
f 9722 9743 9742
f 9722 9723 9743
f 9721 9741 9740
f 9721 9722 9741
f 9714 9734 9733
f 9714 9733 9713
f 9720 9740 9739
f 9720 9721 9740
f 9715 9735 9734
f 9715 9734 9714
f 9719 9739 9738
f 9719 9720 9739
f 9716 9736 9735
f 9716 9735 9715
f 9718 9738 9737
f 9718 9719 9738
f 9717 9737 9736
f 9717 9718 9737
f 9717 9736 9716
f 9752 9751 9770
f 9752 9770 9771
f 9752 9771 9772
f 9753 9752 9772
f 9754 9772 9773
f 9754 9753 9772
f 9755 9773 9774
f 9755 9754 9773
f 9756 9774 9775
f 9756 9755 9774
f 9757 9775 9776
f 9757 9756 9775
f 9758 9776 9777
f 9758 9757 9776
f 9759 9777 9778
f 9759 9758 9777
f 9760 9778 9779
f 9760 9759 9778
f 9761 9779 9780
f 9761 9780 9781
f 9761 9760 9779
f 9762 9761 9781
f 9763 9781 9782
f 9763 9762 9781
f 9764 9782 9783
f 9764 9783 9784
f 9764 9763 9782
f 9765 9764 9784
f 9766 9784 9785
f 9766 9785 9786
f 9766 9765 9784
f 9767 9766 9786
f 9768 9786 9787
f 9768 9767 9786
f 9769 9787 9788
f 9769 9768 9787
f 9832 9793 9794
f 9833 9794 9795
f 9833 9832 9794
f 9831 9792 9793
f 9831 9793 9832
f 9834 9795 9796
f 9834 9833 9795
f 9830 9791 9792
f 9830 9792 9831
f 9835 9796 9797
f 9835 9834 9796
f 9860 9789 9790
f 9869 9797 9798
f 9870 9797 9869
f 9859 9860 9790
f 9861 9789 9860
f 9868 9869 9798
f 9871 9797 9870
f 9858 9859 9790
f 9862 9789 9861
f 9867 9868 9798
f 9872 9797 9871
f 9857 9858 9790
f 9863 9789 9862
f 9873 9797 9872
f 9866 9867 9798
f 9856 9857 9790
f 9864 9789 9863
f 9855 9856 9790
f 9874 9797 9873
f 9865 9866 9798
f 9854 9855 9790
f 9900 9865 9798
f 9899 9900 9798
f 9829 9790 9791
f 9829 9852 9853
f 9829 9853 9854
f 9829 9791 9830
f 9829 9854 9790
f 9898 9899 9798
f 9836 9874 9875
f 9836 9875 9876
f 9836 9876 9877
f 9836 9835 9797
f 9836 9797 9874
f 9851 9852 9829
f 9878 9836 9877
f 9897 9898 9798
f 9850 9851 9829
f 9879 9836 9878
f 9799 9892 9893
f 9799 9893 9894
f 9799 9894 9895
f 9799 9895 9896
f 9799 9896 9897
f 9799 9897 9798
f 9828 9846 9847
f 9828 9847 9848
f 9828 9848 9849
f 9828 9849 9850
f 9828 9850 9829
f 9837 9879 9880
f 9837 9880 9881
f 9837 9881 9882
f 9837 9882 9883
f 9837 9883 9884
f 9837 9884 9885
f 9837 9885 9886
f 9837 9886 9887
f 9837 9836 9879
f 9838 9887 9888
f 9838 9888 9889
f 9838 9889 9890
f 9838 9890 9891
f 9838 9891 9892
f 9838 9837 9887
f 9838 9892 9799
f 9839 9799 9800
f 9839 9838 9799
f 9840 9800 9801
f 9840 9839 9800
f 9841 9801 9802
f 9841 9840 9801
f 9842 9841 9802
f 9803 9842 9802
f 9843 9842 9803
f 9804 9843 9803
f 9844 9843 9804
f 9805 9844 9804
f 9845 9844 9805
f 9806 9845 9805
f 9822 9827 9845
f 9821 9822 9845
f 9823 9827 9822
f 9820 9821 9845
f 9824 9827 9823
f 9819 9820 9845
f 9825 9827 9824
f 9818 9845 9806
f 9818 9819 9845
f 9826 9827 9825
f 9817 9818 9806
f 9816 9817 9806
f 9815 9816 9806
f 9814 9815 9806
f 9813 9814 9806
f 9812 9813 9806
f 9807 9808 9809
f 9807 9809 9810
f 9807 9810 9811
f 9807 9811 9812
f 9807 9812 9806
f 9929 9927 9928
f 9933 9930 9931
f 9933 9931 9932
f 9934 9929 9930
f 9934 9930 9933
f 9935 9924 9925
f 9935 9925 9926
f 9935 9926 9927
f 9935 9927 9929
f 9935 9929 9934
f 9936 9923 9924
f 9936 9924 9935
f 9937 9923 9936
f 9938 9922 9923
f 9938 9923 9937
f 9902 9921 9922
f 9902 9922 9938
f 9960 9939 9940
f 9960 9959 9939
f 9961 9940 9941
f 9961 9960 9940
f 9962 9941 9942
f 9962 9961 9941
f 9963 9942 9943
f 9963 9962 9942
f 9964 9943 9944
f 9964 9963 9943
f 9965 9944 9945
f 9965 9964 9944
f 9966 9945 9946
f 9966 9965 9945
f 9967 9946 9947
f 9967 9966 9946
f 9968 9947 9948
f 9968 9967 9947
f 9969 9948 9949
f 9969 9968 9948
f 9970 9949 9950
f 9970 9969 9949
f 9971 9950 9951
f 9971 9970 9950
f 9972 9951 9952
f 9972 9971 9951
f 9973 9952 9953
f 9973 9972 9952
f 9974 9953 9954
f 9974 9973 9953
f 9975 9954 9955
f 9975 9974 9954
f 9976 9955 9956
f 9976 9975 9955
f 9958 9956 9957
f 9958 9976 9956
f 9997 9977 9978
f 9998 9978 9979
f 9998 9997 9978
f 9999 9979 9980
f 9999 9998 9979
f 10000 9980 9981
f 10000 9999 9980
f 10001 9981 9982
f 10001 10000 9981
f 10002 9982 9983
f 10002 10001 9982
f 10003 9983 9984
f 10003 10002 9983
f 10004 9984 9985
f 10004 10003 9984
f 10005 9985 9986
f 10005 10004 9985
f 10006 9986 9987
f 10006 10005 9986
f 10007 9987 9988
f 10007 10006 9987
f 10008 9988 9989
f 10008 10007 9988
f 10009 9989 9990
f 10009 10008 9989
f 10010 9990 9991
f 10010 10009 9990
f 10011 9991 9992
f 10011 10010 9991
f 10012 9992 9993
f 10012 10011 9992
f 10013 9993 9994
f 10013 10012 9993
f 10014 10013 9994
f 9996 9994 9995
f 9996 10014 9994
f 10039 10019 10020
f 10040 10020 10021
f 10040 10039 10020
f 10038 10018 10019
f 10038 10019 10039
f 10041 10021 10022
f 10041 10040 10021
f 10037 10017 10018
f 10037 10018 10038
f 10042 10022 10023
f 10042 10041 10022
f 10036 10016 10017
f 10036 10017 10037
f 10043 10023 10024
f 10043 10042 10023
f 10035 10015 10016
f 10035 10016 10036
f 10044 10043 10024
f 10045 10024 10025
f 10045 10044 10024
f 10046 10025 10026
f 10046 10045 10025
f 10047 10026 10027
f 10047 10046 10026
f 10048 10027 10028
f 10048 10047 10027
f 10049 10048 10028
f 10029 10049 10028
f 10050 10049 10029
f 10030 10051 10050
f 10030 10050 10029
f 10031 10052 10051
f 10031 10051 10030
f 10032 10034 10052
f 10032 10052 10031
f 10033 10034 10032
f 10054 10053 10072
f 10054 10072 10073
f 10055 10073 10074
f 10055 10054 10073
f 10056 10074 10075
f 10056 10055 10074
f 10057 10075 10076
f 10057 10056 10075
f 10058 10076 10077
f 10058 10077 10078
f 10058 10057 10076
f 10059 10078 10079
f 10059 10058 10078
f 10060 10079 10080
f 10060 10059 10079
f 10061 10080 10081
f 10061 10060 10080
f 10062 10081 10082
f 10062 10061 10081
f 10063 10082 10083
f 10063 10062 10082
f 10064 10083 10084
f 10064 10063 10083
f 10065 10084 10085
f 10065 10064 10084
f 10066 10085 10086
f 10066 10065 10085
f 10067 10086 10087
f 10067 10066 10086
f 10068 10087 10088
f 10068 10067 10087
f 10069 10088 10089
f 10069 10068 10088
f 10070 10089 10090
f 10070 10069 10089
f 10071 10070 10090
f 10093 10129 10130
f 10094 10130 10131
f 10094 10093 10130
f 10095 10131 10132
f 10095 10094 10131
f 10096 10132 10133
f 10096 10095 10132
f 10097 10133 10134
f 10097 10096 10133
f 10098 10134 10135
f 10098 10097 10134
f 10099 10135 10136
f 10099 10098 10135
f 10100 10136 10137
f 10100 10099 10136
f 10101 10137 10138
f 10101 10100 10137
f 10102 10138 10139
f 10102 10101 10138
f 10103 10139 10140
f 10103 10102 10139
f 10104 10140 10141
f 10104 10103 10140
f 10105 10141 10142
f 10105 10104 10141
f 10106 10142 10143
f 10106 10105 10142
f 10107 10143 10144
f 10107 10106 10143
f 10108 10107 10144
f 10109 10144 10145
f 10109 10145 10146
f 10109 10108 10144
f 10110 10109 10146
f 10111 10146 10147
f 10111 10147 10148
f 10111 10110 10146
f 10112 10111 10148
f 10113 10148 10149
f 10113 10112 10148
f 10114 10149 10150
f 10114 10113 10149
f 10115 10150 10151
f 10115 10151 10152
f 10115 10114 10150
f 10116 10115 10152
f 10117 10152 10153
f 10117 10116 10152
f 10118 10153 10154
f 10118 10154 10155
f 10118 10117 10153
f 10119 10118 10155
f 10120 10155 10156
f 10120 10119 10155
f 10121 10156 10157
f 10121 10120 10156
f 10122 10157 10158
f 10122 10158 10159
f 10122 10121 10157
f 10123 10122 10159
f 10124 10159 10160
f 10124 10123 10159
f 10125 10160 10161
f 10125 10124 10160
f 10126 10161 10162
f 10126 10162 10163
f 10126 10125 10161
f 10127 10126 10163
f 10128 10163 10164
f 10128 10127 10163
f 10092 10164 10091
f 10092 10128 10164
f 10167 10169 10170
f 10166 10167 10170
f 10168 10169 10167
f 10165 10167 10166
f 10176 10173 10174
f 10176 10174 10175
f 10171 10176 10172
f 10171 10173 10176
f 10177 10196 10197
f 10178 10177 10197
f 10179 10197 10198
f 10179 10198 10199
f 10179 10178 10197
f 10180 10179 10199
f 10181 10199 10200
f 10181 10200 10201
f 10181 10180 10199
f 10182 10181 10201
f 10183 10201 10202
f 10183 10182 10201
f 10184 10202 10203
f 10184 10203 10204
f 10184 10183 10202
f 10185 10184 10204
f 10186 10204 10205
f 10186 10185 10204
f 10187 10205 10206
f 10187 10186 10205
f 10188 10206 10207
f 10188 10207 10208
f 10188 10187 10206
f 10189 10188 10208
f 10190 10208 10209
f 10190 10189 10208
f 10191 10209 10210
f 10191 10210 10211
f 10191 10190 10209
f 10192 10191 10211
f 10193 10211 10212
f 10193 10192 10211
f 10194 10212 10213
f 10194 10193 10212
f 10195 10213 10214
f 10195 10194 10213
f 10217 10253 10254
f 10218 10254 10255
f 10218 10217 10254
f 10219 10255 10256
f 10219 10218 10255
f 10220 10256 10257
f 10220 10219 10256
f 10221 10257 10258
f 10221 10220 10257
f 10222 10258 10259
f 10222 10221 10258
f 10223 10259 10260
f 10223 10222 10259
f 10224 10260 10261
f 10224 10223 10260
f 10225 10261 10262
f 10225 10224 10261
f 10226 10262 10263
f 10226 10225 10262
f 10227 10263 10264
f 10227 10226 10263
f 10228 10264 10265
f 10228 10227 10264
f 10229 10265 10266
f 10229 10228 10265
f 10230 10266 10267
f 10230 10229 10266
f 10231 10267 10268
f 10231 10230 10267
f 10232 10268 10269
f 10232 10231 10268
f 10233 10269 10270
f 10233 10232 10269
f 10234 10270 10271
f 10234 10233 10270
f 10235 10271 10272
f 10235 10234 10271
f 10236 10272 10273
f 10236 10235 10272
f 10237 10273 10274
f 10237 10236 10273
f 10238 10274 10275
f 10238 10237 10274
f 10239 10275 10276
f 10239 10238 10275
f 10240 10276 10277
f 10240 10239 10276
f 10241 10277 10278
f 10241 10240 10277
f 10242 10278 10279
f 10242 10241 10278
f 10243 10279 10280
f 10243 10242 10279
f 10244 10280 10281
f 10244 10243 10280
f 10245 10281 10282
f 10245 10244 10281
f 10246 10282 10283
f 10246 10245 10282
f 10247 10283 10284
f 10247 10246 10283
f 10248 10284 10285
f 10248 10247 10284
f 10249 10285 10286
f 10249 10248 10285
f 10250 10286 10287
f 10250 10249 10286
f 10251 10287 10288
f 10251 10250 10287
f 10252 10288 10215
f 10252 10251 10288
f 10216 10252 10215
f 10348 10311 10312
f 10347 10310 10311
f 10347 10311 10348
f 10349 10312 10313
f 10349 10348 10312
f 10346 10309 10310
f 10346 10310 10347
f 10350 10313 10314
f 10350 10349 10313
f 10345 10308 10309
f 10345 10309 10346
f 10351 10314 10315
f 10351 10350 10314
f 10344 10307 10308
f 10344 10308 10345
f 10352 10315 10316
f 10352 10351 10315
f 10343 10306 10307
f 10343 10307 10344
f 10353 10316 10317
f 10353 10352 10316
f 10342 10306 10343
f 10354 10317 10318
f 10354 10353 10317
f 10341 10304 10305
f 10341 10305 10306
f 10341 10306 10342
f 10355 10318 10319
f 10355 10354 10318
f 10340 10304 10341
f 10303 10304 10340
f 10356 10319 10320
f 10356 10355 10319
f 10339 10303 10340
f 10321 10357 10356
f 10321 10356 10320
f 10302 10339 10338
f 10302 10303 10339
f 10358 10357 10321
f 10322 10359 10358
f 10322 10358 10321
f 10301 10338 10337
f 10301 10302 10338
f 10323 10359 10322
f 10300 10337 10336
f 10300 10301 10337
f 10324 10360 10359
f 10324 10325 10360
f 10324 10359 10323
f 10299 10336 10335
f 10299 10300 10336
f 10289 10325 10324
f 10298 10335 10334
f 10298 10299 10335
f 10297 10334 10333
f 10297 10298 10334
f 10290 10326 10325
f 10290 10325 10289
f 10291 10327 10326
f 10291 10326 10290
f 10296 10333 10332
f 10296 10297 10333
f 10295 10332 10331
f 10295 10296 10332
f 10292 10328 10327
f 10292 10329 10328
f 10292 10327 10291
f 10294 10331 10330
f 10294 10295 10331
f 10293 10330 10329
f 10293 10329 10292
f 10293 10294 10330
f 10385 10365 10366
f 10386 10366 10367
f 10386 10385 10366
f 10384 10364 10365
f 10384 10365 10385
f 10387 10367 10368
f 10387 10386 10367
f 10383 10363 10364
f 10383 10364 10384
f 10388 10368 10369
f 10388 10387 10368
f 10382 10362 10363
f 10382 10363 10383
f 10389 10369 10370
f 10389 10388 10369
f 10381 10361 10362
f 10381 10362 10382
f 10390 10389 10370
f 10391 10370 10371
f 10391 10390 10370
f 10392 10371 10372
f 10392 10391 10371
f 10393 10372 10373
f 10393 10392 10372
f 10394 10373 10374
f 10394 10393 10373
f 10395 10394 10374
f 10375 10395 10374
f 10396 10395 10375
f 10376 10396 10375
f 10397 10396 10376
f 10377 10398 10397
f 10377 10397 10376
f 10378 10380 10398
f 10378 10398 10377
f 10379 10380 10378
f 10400 10399 10418
f 10400 10418 10419
f 10401 10419 10420
f 10401 10400 10419
f 10402 10420 10421
f 10402 10401 10420
f 10403 10421 10422
f 10403 10402 10421
f 10404 10422 10423
f 10404 10403 10422
f 10405 10423 10424
f 10405 10404 10423
f 10406 10424 10425
f 10406 10405 10424
f 10407 10425 10426
f 10407 10406 10425
f 10408 10426 10427
f 10408 10407 10426
f 10409 10427 10428
f 10409 10408 10427
f 10410 10428 10429
f 10410 10409 10428
f 10411 10429 10430
f 10411 10430 10431
f 10411 10410 10429
f 10412 10411 10431
f 10413 10431 10432
f 10413 10432 10433
f 10413 10412 10431
f 10414 10433 10434
f 10414 10413 10433
f 10415 10414 10434
f 10416 10434 10435
f 10416 10415 10434
f 10417 10435 10436
f 10417 10416 10435
f 10437 10439 10440
f 10437 10440 10438
f 10443 10444 10442
f 10441 10443 10442
f 10446 10445 10464
f 10446 10464 10465
f 10447 10465 10466
f 10447 10446 10465
f 10448 10466 10467
f 10448 10447 10466
f 10449 10467 10468
f 10449 10448 10467
f 10450 10468 10469
f 10450 10449 10468
f 10451 10469 10470
f 10451 10450 10469
f 10452 10470 10471
f 10452 10451 10470
f 10453 10471 10472
f 10453 10472 10473
f 10453 10452 10471
f 10454 10453 10473
f 10455 10473 10474
f 10455 10454 10473
f 10456 10474 10475
f 10456 10455 10474
f 10457 10475 10476
f 10457 10456 10475
f 10458 10476 10477
f 10458 10457 10476
f 10459 10477 10478
f 10459 10458 10477
f 10460 10478 10479
f 10460 10459 10478
f 10461 10479 10480
f 10461 10460 10479
f 10462 10480 10481
f 10462 10461 10480
f 10463 10481 10482
f 10463 10462 10481
f 10507 10487 10488
f 10508 10488 10489
f 10508 10507 10488
f 10506 10486 10487
f 10506 10487 10507
f 10509 10489 10490
f 10509 10508 10489
f 10505 10485 10486
f 10505 10486 10506
f 10510 10490 10491
f 10510 10509 10490
f 10504 10484 10485
f 10504 10485 10505
f 10511 10491 10492
f 10511 10510 10491
f 10503 10483 10484
f 10503 10484 10504
f 10512 10511 10492
f 10513 10492 10493
f 10513 10512 10492
f 10514 10493 10494
f 10514 10513 10493
f 10515 10494 10495
f 10515 10514 10494
f 10516 10495 10496
f 10516 10515 10495
f 10517 10516 10496
f 10497 10517 10496
f 10518 10517 10497
f 10498 10518 10497
f 10519 10518 10498
f 10499 10520 10519
f 10499 10519 10498
f 10500 10502 10520
f 10500 10520 10499
f 10501 10502 10500
f 10527 10526 10537
f 10527 10537 10538
f 10528 10538 10539
f 10528 10527 10538
f 10529 10539 10540
f 10529 10528 10539
f 10530 10540 10541
f 10530 10529 10540
f 10531 10541 10542
f 10531 10530 10541
f 10532 10542 10543
f 10532 10531 10542
f 10533 10543 10544
f 10533 10532 10543
f 10534 10544 10545
f 10534 10533 10544
f 10535 10545 10546
f 10535 10534 10545
f 10536 10546 10547
f 10536 10535 10546
f 10525 10547 10548
f 10525 10548 10549
f 10525 10536 10547
f 10522 10521 10525
f 10523 10522 10525
f 10524 10523 10525
f 10591 10525 10549
f 10591 10524 10525
f 10592 10549 10550
f 10592 10591 10549
f 10593 10550 10551
f 10593 10592 10550
f 10594 10551 10552
f 10594 10593 10551
f 10595 10552 10553
f 10595 10594 10552
f 10596 10553 10554
f 10596 10595 10553
f 10597 10554 10555
f 10597 10596 10554
f 10598 10597 10555
f 10599 10555 10556
f 10599 10598 10555
f 10600 10556 10557
f 10600 10599 10556
f 10601 10557 10558
f 10601 10600 10557
f 10602 10558 10559
f 10602 10601 10558
f 10603 10559 10560
f 10603 10602 10559
f 10604 10560 10561
f 10604 10603 10560
f 10575 10561 10562
f 10575 10562 10563
f 10590 10604 10561
f 10590 10561 10575
f 10587 10590 10575
f 10588 10587 10575
f 10589 10588 10575
f 10586 10589 10575
f 10576 10563 10564
f 10576 10575 10563
f 10577 10564 10565
f 10577 10576 10564
f 10578 10565 10566
f 10578 10577 10565
f 10579 10566 10567
f 10579 10578 10566
f 10580 10567 10568
f 10580 10579 10567
f 10581 10568 10569
f 10581 10580 10568
f 10582 10569 10570
f 10582 10581 10569
f 10583 10570 10571
f 10583 10582 10570
f 10584 10571 10572
f 10584 10583 10571
f 10585 10572 10573
f 10585 10584 10572
f 10574 10585 10573
f 10624 10625 10626
f 10624 10626 10627
f 10630 10628 10629
f 10622 10623 10624
f 10631 10628 10630
f 10621 10622 10624
f 10632 10627 10628
f 10632 10624 10627
f 10632 10628 10631
f 10634 10632 10633
f 10618 10619 10620
f 10618 10620 10621
f 10617 10618 10621
f 10637 10634 10635
f 10637 10635 10636
f 10637 10624 10632
f 10637 10632 10634
f 10615 10616 10617
f 10615 10617 10621
f 10641 10638 10639
f 10641 10639 10640
f 10612 10613 10614
f 10612 10614 10615
f 10605 10638 10641
f 10676 10605 10641
f 10642 10675 10676
f 10642 10676 10641
f 10610 10611 10612
f 10610 10612 10615
f 10606 10637 10638
f 10606 10638 10605
f 10607 10621 10624
f 10607 10615 10621
f 10607 10624 10637
f 10607 10637 10606
f 10608 10609 10610
f 10608 10610 10615
f 10608 10615 10607
f 10713 10677 10678
f 10713 10712 10677
f 10714 10678 10679
f 10714 10713 10678
f 10715 10679 10680
f 10715 10714 10679
f 10716 10680 10681
f 10716 10715 10680
f 10717 10681 10682
f 10717 10716 10681
f 10718 10682 10683
f 10718 10717 10682
f 10719 10683 10684
f 10719 10718 10683
f 10720 10684 10685
f 10720 10719 10684
f 10721 10685 10686
f 10721 10720 10685
f 10722 10686 10687
f 10722 10721 10686
f 10723 10687 10688
f 10723 10722 10687
f 10724 10688 10689
f 10724 10723 10688
f 10725 10689 10690
f 10725 10724 10689
f 10726 10690 10691
f 10726 10725 10690
f 10727 10691 10692
f 10727 10726 10691
f 10728 10692 10693
f 10728 10727 10692
f 10729 10693 10694
f 10729 10728 10693
f 10730 10694 10695
f 10730 10729 10694
f 10731 10695 10696
f 10731 10730 10695
f 10732 10696 10697
f 10732 10731 10696
f 10733 10697 10698
f 10733 10732 10697
f 10734 10698 10699
f 10734 10733 10698
f 10735 10699 10700
f 10735 10734 10699
f 10736 10700 10701
f 10736 10735 10700
f 10737 10701 10702
f 10737 10736 10701
f 10738 10702 10703
f 10738 10737 10702
f 10739 10703 10704
f 10739 10738 10703
f 10740 10704 10705
f 10740 10739 10704
f 10741 10705 10706
f 10741 10740 10705
f 10742 10706 10707
f 10742 10741 10706
f 10743 10707 10708
f 10743 10708 10709
f 10743 10742 10707
f 10744 10709 10710
f 10744 10743 10709
f 10711 10744 10710
f 10823 10745 10746
f 10823 10746 10782
f 10822 10823 10782
f 10821 10782 10781
f 10821 10822 10782
f 10819 10781 10780
f 10819 10820 10821
f 10819 10821 10781
f 10818 10780 10779
f 10818 10819 10780
f 10817 10779 10778
f 10817 10818 10779
f 10816 10778 10777
f 10816 10817 10778
f 10815 10777 10776
f 10815 10816 10777
f 10814 10776 10775
f 10814 10815 10776
f 10813 10775 10774
f 10813 10814 10775
f 10812 10774 10773
f 10812 10813 10774
f 10811 10773 10772
f 10811 10812 10773
f 10810 10772 10771
f 10810 10811 10772
f 10809 10771 10770
f 10809 10810 10771
f 10808 10770 10769
f 10808 10809 10770
f 10807 10769 10768
f 10807 10808 10769
f 10806 10768 10767
f 10806 10807 10768
f 10805 10767 10766
f 10805 10806 10767
f 10804 10766 10765
f 10804 10805 10766
f 10803 10765 10764
f 10803 10804 10765
f 10802 10764 10763
f 10802 10803 10764
f 10801 10763 10762
f 10801 10802 10763
f 10800 10762 10761
f 10800 10801 10762
f 10799 10761 10760
f 10799 10800 10761
f 10798 10760 10759
f 10798 10799 10760
f 10797 10759 10758
f 10797 10798 10759
f 10796 10758 10757
f 10796 10797 10758
f 10795 10757 10756
f 10795 10796 10757
f 10794 10756 10755
f 10794 10795 10756
f 10793 10755 10754
f 10793 10794 10755
f 10792 10754 10753
f 10792 10793 10754
f 10791 10753 10752
f 10791 10792 10753
f 10790 10752 10751
f 10790 10791 10752
f 10789 10751 10750
f 10789 10790 10751
f 10788 10750 10749
f 10788 10789 10750
f 10786 10749 10748
f 10786 10788 10749
f 10787 10788 10786
f 10785 10786 10748
f 10784 10748 10747
f 10784 10785 10748
f 10783 10784 10747
f 10881 10846 10847
f 10882 10847 10848
f 10882 10881 10847
f 10880 10845 10846
f 10880 10846 10881
f 10883 10848 10849
f 10883 10882 10848
f 10879 10844 10845
f 10879 10845 10880
f 10884 10849 10850
f 10884 10883 10849
f 10878 10843 10844
f 10878 10844 10879
f 10885 10850 10851
f 10885 10884 10850
f 10877 10842 10843
f 10877 10843 10878
f 10886 10851 10852
f 10886 10885 10851
f 10876 10841 10842
f 10876 10842 10877
f 10887 10852 10853
f 10887 10886 10852
f 10875 10840 10841
f 10875 10841 10876
f 10888 10853 10854
f 10888 10887 10853
f 10874 10839 10840
f 10874 10840 10875
f 10889 10888 10854
f 10873 10839 10874
f 10855 10889 10854
f 10838 10839 10873
f 10890 10889 10855
f 10872 10838 10873
f 10856 10890 10855
f 10837 10838 10872
f 10891 10890 10856
f 10871 10837 10872
f 10857 10892 10891
f 10857 10891 10856
f 10836 10871 10870
f 10836 10837 10871
f 10905 10893 10892
f 10906 10905 10892
f 10907 10892 10857
f 10907 10906 10892
f 10908 10907 10857
f 10858 10909 10908
f 10858 10908 10857
f 10835 10870 10869
f 10835 10836 10870
f 10910 10909 10858
f 10861 10860 10904
f 10903 10861 10904
f 10859 10911 10910
f 10859 10912 10911
f 10859 10913 10912
f 10859 10910 10858
f 10834 10869 10868
f 10834 10835 10869
f 10902 10861 10903
f 10824 10895 10894
f 10824 10896 10895
f 10824 10914 10913
f 10824 10894 10914
f 10824 10913 10859
f 10833 10868 10867
f 10833 10834 10868
f 10825 10897 10896
f 10825 10898 10897
f 10825 10899 10898
f 10825 10896 10824
f 10832 10867 10866
f 10832 10833 10867
f 10826 10900 10899
f 10826 10901 10900
f 10826 10899 10825
f 10831 10866 10865
f 10831 10832 10866
f 10827 10862 10861
f 10827 10902 10901
f 10827 10861 10902
f 10827 10901 10826
f 10830 10865 10864
f 10830 10831 10865
f 10828 10863 10862
f 10828 10862 10827
f 10829 10864 10863
f 10829 10830 10864
f 10829 10863 10828
f 10930 10926 10927
f 10930 10927 10928
f 10930 10928 10929
f 10931 10923 10924
f 10931 10924 10925
f 10931 10925 10926
f 10931 10926 10930
f 10932 10921 10922
f 10932 10922 10923
f 10932 10923 10931
f 10933 10918 10919
f 10933 10919 10920
f 10933 10920 10921
f 10933 10921 10932
f 10934 10917 10918
f 10934 10918 10933
f 10916 10917 10934
f 10915 10916 10934
f 10994 10964 10965
f 10993 10962 10963
f 10993 10963 10964
f 10993 10964 10994
f 10995 10965 10966
f 10995 10994 10965
f 10992 10960 10961
f 10992 10961 10962
f 10992 10962 10993
f 10996 10966 10967
f 10996 10995 10966
f 10991 10958 10959
f 10991 10959 10960
f 10991 10960 10992
f 10997 10996 10967
f 10990 10955 10956
f 10990 10956 10957
f 10990 10957 10958
f 10990 10958 10991
f 10998 10967 10968
f 10998 10997 10967
f 10989 10951 10952
f 10989 10952 10953
f 10989 10953 10954
f 10989 10954 10955
f 10989 10955 10990
f 10999 10998 10968
f 10988 10948 10949
f 10988 10949 10950
f 10988 10950 10951
f 10988 10951 10989
f 11000 10999 10968
f 10987 10947 10948
f 10987 10948 10988
f 10969 11001 11000
f 10969 11002 11001
f 10969 11000 10968
f 10946 10987 10986
f 10946 10947 10987
f 11003 11002 10969
f 10970 11004 11003
f 10970 11005 11004
f 10970 11003 10969
f 10945 10946 10986
f 10935 10972 10971
f 10935 10973 10972
f 10935 11006 11005
f 10935 10971 11006
f 10935 11005 10970
f 10944 10986 10985
f 10944 10945 10986
f 10936 10974 10973
f 10936 10975 10974
f 10936 10973 10935
f 10943 10944 10985
f 10937 10976 10975
f 10937 10977 10976
f 10937 10978 10977
f 10937 10975 10936
f 10942 10985 10984
f 10942 10943 10985
f 10938 10979 10978
f 10938 10980 10979
f 10938 10978 10937
f 10941 10984 10983
f 10941 10942 10984
f 10939 10981 10980
f 10939 10982 10981
f 10939 10980 10938
f 10940 10983 10982
f 10940 10941 10983
f 10940 10982 10939
f 11066 11029 11030
f 11065 11028 11029
f 11065 11029 11066
f 11067 11030 11031
f 11067 11066 11030
f 11064 11027 11028
f 11064 11028 11065
f 11068 11031 11032
f 11068 11067 11031
f 11063 11026 11027
f 11063 11027 11064
f 11069 11032 11033
f 11069 11068 11032
f 11062 11026 11063
f 11025 11026 11062
f 11070 11033 11034
f 11070 11069 11033
f 11061 11025 11062
f 11024 11025 11061
f 11071 11034 11035
f 11071 11070 11034
f 11060 11024 11061
f 11023 11024 11060
f 11072 11035 11036
f 11072 11071 11035
f 11059 11023 11060
f 11022 11023 11059
f 11073 11036 11037
f 11073 11072 11036
f 11058 11022 11059
f 11074 11037 11038
f 11074 11073 11037
f 11057 11021 11022
f 11057 11022 11058
f 11039 11075 11074
f 11039 11074 11038
f 11020 11057 11056
f 11020 11021 11057
f 11076 11075 11039
f 11040 11076 11039
f 11019 11056 11055
f 11019 11020 11056
f 11077 11076 11040
f 11041 11077 11040
f 11018 11055 11054
f 11018 11019 11055
f 11053 11018 11054
f 11042 11078 11077
f 11042 11077 11041
f 11017 11018 11053
f 11043 11078 11042
f 11007 11043 11042
f 11016 11053 11052
f 11016 11017 11053
f 11008 11044 11043
f 11008 11045 11044
f 11008 11043 11007
f 11015 11052 11051
f 11015 11016 11052
f 11014 11050 11049
f 11014 11051 11050
f 11014 11015 11051
f 11009 11046 11045
f 11009 11045 11008
f 11010 11046 11009
f 11013 11014 11049
f 11011 11047 11046
f 11011 11046 11010
f 11012 11048 11047
f 11012 11049 11048
f 11012 11013 11049
f 11012 11047 11011
f 11081 11117 11118
f 11082 11081 11118
f 11083 11118 11119
f 11083 11082 11118
f 11084 11119 11120
f 11084 11083 11119
f 11085 11120 11121
f 11085 11084 11120
f 11086 11121 11122
f 11086 11085 11121
f 11087 11122 11123
f 11087 11086 11122
f 11088 11123 11124
f 11088 11087 11123
f 11089 11124 11125
f 11089 11088 11124
f 11090 11125 11126
f 11090 11089 11125
f 11091 11126 11127
f 11091 11090 11126
f 11092 11127 11128
f 11092 11091 11127
f 11093 11128 11129
f 11093 11092 11128
f 11094 11129 11130
f 11094 11093 11129
f 11095 11130 11131
f 11095 11094 11130
f 11096 11131 11132
f 11096 11095 11131
f 11097 11132 11133
f 11097 11096 11132
f 11098 11133 11134
f 11098 11097 11133
f 11099 11134 11135
f 11099 11098 11134
f 11100 11135 11136
f 11100 11099 11135
f 11101 11136 11137
f 11101 11100 11136
f 11102 11137 11138
f 11102 11101 11137
f 11103 11138 11139
f 11103 11102 11138
f 11104 11139 11140
f 11104 11103 11139
f 11105 11140 11141
f 11105 11104 11140
f 11106 11141 11142
f 11106 11105 11141
f 11107 11142 11143
f 11107 11106 11142
f 11108 11143 11144
f 11108 11107 11143
f 11109 11144 11145
f 11109 11108 11144
f 11110 11145 11146
f 11110 11109 11145
f 11111 11146 11147
f 11111 11110 11146
f 11112 11147 11148
f 11112 11111 11147
f 11113 11148 11149
f 11113 11112 11148
f 11114 11149 11150
f 11114 11113 11149
f 11115 11150 11151
f 11115 11114 11150
f 11116 11151 11152
f 11116 11115 11151
f 11080 11152 11079
f 11080 11116 11152
f 11155 11191 11192
f 11156 11192 11193
f 11156 11155 11192
f 11157 11193 11194
f 11157 11156 11193
f 11158 11194 11195
f 11158 11157 11194
f 11159 11195 11196
f 11159 11158 11195
f 11160 11196 11197
f 11160 11159 11196
f 11161 11197 11198
f 11161 11160 11197
f 11162 11198 11199
f 11162 11161 11198
f 11163 11199 11200
f 11163 11162 11199
f 11164 11200 11201
f 11164 11163 11200
f 11165 11201 11202
f 11165 11164 11201
f 11166 11202 11203
f 11166 11165 11202
f 11167 11203 11204
f 11167 11166 11203
f 11168 11204 11205
f 11168 11167 11204
f 11169 11205 11206
f 11169 11168 11205
f 11170 11206 11207
f 11170 11169 11206
f 11171 11207 11208
f 11171 11170 11207
f 11172 11208 11209
f 11172 11171 11208
f 11173 11209 11210
f 11173 11172 11209
f 11174 11210 11211
f 11174 11173 11210
f 11175 11211 11212
f 11175 11174 11211
f 11176 11212 11213
f 11176 11175 11212
f 11177 11213 11214
f 11177 11176 11213
f 11178 11214 11215
f 11178 11177 11214
f 11179 11215 11216
f 11179 11178 11215
f 11180 11216 11217
f 11180 11179 11216
f 11181 11217 11218
f 11181 11180 11217
f 11182 11218 11219
f 11182 11181 11218
f 11183 11219 11220
f 11183 11182 11219
f 11184 11220 11221
f 11184 11183 11220
f 11185 11221 11222
f 11185 11184 11221
f 11186 11222 11223
f 11186 11185 11222
f 11187 11223 11224
f 11187 11186 11223
f 11188 11224 11225
f 11188 11187 11224
f 11189 11225 11226
f 11189 11188 11225
f 11190 11226 11153
f 11190 11189 11226
f 11154 11190 11153
f 11286 11249 11250
f 11285 11248 11249
f 11285 11249 11286
f 11287 11250 11251
f 11287 11286 11250
f 11284 11247 11248
f 11284 11248 11285
f 11288 11251 11252
f 11288 11287 11251
f 11283 11247 11284
f 11246 11247 11283
f 11289 11252 11253
f 11289 11288 11252
f 11282 11246 11283
f 11245 11246 11282
f 11290 11253 11254
f 11290 11289 11253
f 11281 11245 11282
f 11244 11245 11281
f 11291 11254 11255
f 11291 11290 11254
f 11280 11244 11281
f 11243 11244 11280
f 11292 11255 11256
f 11292 11291 11255
f 11279 11243 11280
f 11293 11256 11257
f 11293 11292 11256
f 11278 11242 11243
f 11278 11243 11279
f 11241 11242 11278
f 11294 11257 11258
f 11294 11293 11257
f 11277 11241 11278
f 11295 11294 11258
f 11259 11295 11258
f 11240 11277 11276
f 11240 11241 11277
f 11260 11296 11295
f 11260 11295 11259
f 11239 11276 11275
f 11239 11240 11276
f 11297 11296 11260
f 11261 11297 11260
f 11238 11275 11274
f 11238 11239 11275
f 11262 11298 11297
f 11262 11297 11261
f 11237 11274 11273
f 11237 11238 11274
f 11227 11263 11298
f 11227 11298 11262
f 11236 11273 11272
f 11236 11237 11273
f 11228 11264 11263
f 11228 11263 11227
f 11235 11272 11271
f 11235 11236 11272
f 11229 11265 11264
f 11229 11264 11228
f 11234 11271 11270
f 11234 11235 11271
f 11230 11266 11265
f 11230 11267 11266
f 11230 11265 11229
f 11233 11270 11269
f 11233 11234 11270
f 11231 11268 11267
f 11231 11267 11230
f 11232 11269 11268
f 11232 11233 11269
f 11232 11268 11231
f 11301 11337 11338
f 11302 11301 11338
f 11303 11338 11339
f 11303 11302 11338
f 11304 11339 11340
f 11304 11340 11341
f 11304 11303 11339
f 11305 11304 11341
f 11306 11341 11342
f 11306 11305 11341
f 11307 11342 11343
f 11307 11343 11344
f 11307 11306 11342
f 11308 11307 11344
f 11309 11344 11345
f 11309 11308 11344
f 11310 11345 11346
f 11310 11309 11345
f 11311 11346 11347
f 11311 11310 11346
f 11312 11347 11348
f 11312 11348 11349
f 11312 11311 11347
f 11313 11349 11350
f 11313 11312 11349
f 11314 11350 11351
f 11314 11313 11350
f 11315 11314 11351
f 11316 11351 11352
f 11316 11352 11353
f 11316 11315 11351
f 11317 11353 11354
f 11317 11316 11353
f 11318 11317 11354
f 11319 11354 11355
f 11319 11318 11354
f 11320 11355 11356
f 11320 11356 11357
f 11320 11319 11355
f 11321 11320 11357
f 11322 11357 11358
f 11322 11321 11357
f 11323 11358 11359
f 11323 11359 11360
f 11323 11322 11358
f 11324 11323 11360
f 11325 11360 11361
f 11325 11324 11360
f 11326 11361 11362
f 11326 11325 11361
f 11327 11362 11363
f 11327 11326 11362
f 11328 11363 11364
f 11328 11364 11365
f 11328 11327 11363
f 11329 11328 11365
f 11330 11365 11366
f 11330 11329 11365
f 11331 11366 11367
f 11331 11367 11368
f 11331 11330 11366
f 11332 11331 11368
f 11333 11368 11369
f 11333 11332 11368
f 11334 11369 11370
f 11334 11370 11371
f 11334 11333 11369
f 11335 11371 11372
f 11335 11334 11371
f 11336 11335 11372
f 11300 11372 11299
f 11300 11336 11372
f 11432 11395 11396
f 11431 11394 11395
f 11431 11395 11432
f 11433 11396 11397
f 11433 11432 11396
f 11430 11393 11394
f 11430 11394 11431
f 11434 11397 11398
f 11434 11433 11397
f 11429 11393 11430
f 11392 11393 11429
f 11435 11398 11399
f 11435 11434 11398
f 11428 11392 11429
f 11391 11392 11428
f 11436 11399 11400
f 11436 11435 11399
f 11427 11391 11428
f 11390 11391 11427
f 11437 11400 11401
f 11437 11436 11400
f 11426 11390 11427
f 11389 11390 11426
f 11438 11401 11402
f 11438 11437 11401
f 11425 11389 11426
f 11439 11402 11403
f 11439 11438 11402
f 11424 11388 11389
f 11424 11389 11425
f 11387 11388 11424
f 11440 11403 11404
f 11440 11439 11403
f 11423 11387 11424
f 11441 11440 11404
f 11405 11441 11404
f 11386 11423 11422
f 11386 11387 11423
f 11406 11442 11441
f 11406 11441 11405
f 11385 11422 11421
f 11385 11386 11422
f 11443 11442 11406
f 11407 11443 11406
f 11384 11421 11420
f 11384 11385 11421
f 11408 11444 11443
f 11408 11443 11407
f 11383 11420 11419
f 11383 11384 11420
f 11373 11409 11444
f 11373 11444 11408
f 11382 11419 11418
f 11382 11383 11419
f 11374 11410 11409
f 11374 11409 11373
f 11381 11418 11417
f 11381 11382 11418
f 11375 11411 11410
f 11375 11410 11374
f 11380 11417 11416
f 11380 11381 11417
f 11376 11412 11411
f 11376 11413 11412
f 11376 11411 11375
f 11379 11416 11415
f 11379 11380 11416
f 11377 11414 11413
f 11377 11413 11376
f 11378 11415 11414
f 11378 11379 11415
f 11378 11414 11377
f 11446 11445 11482
f 11446 11482 11483
f 11446 11483 11484
f 11447 11446 11484
f 11448 11484 11485
f 11448 11447 11484
f 11449 11485 11486
f 11449 11448 11485
f 11450 11486 11487
f 11450 11449 11486
f 11451 11487 11488
f 11451 11450 11487
f 11452 11488 11489
f 11452 11451 11488
f 11453 11489 11490
f 11453 11452 11489
f 11454 11490 11491
f 11454 11453 11490
f 11455 11491 11492
f 11455 11454 11491
f 11456 11492 11493
f 11456 11455 11492
f 11457 11493 11494
f 11457 11456 11493
f 11458 11494 11495
f 11458 11457 11494
f 11459 11495 11496
f 11459 11496 11497
f 11459 11458 11495
f 11460 11459 11497
f 11461 11497 11498
f 11461 11460 11497
f 11462 11498 11499
f 11462 11461 11498
f 11463 11499 11500
f 11463 11462 11499
f 11464 11500 11501
f 11464 11463 11500
f 11465 11501 11502
f 11465 11464 11501
f 11466 11502 11503
f 11466 11465 11502
f 11467 11503 11504
f 11467 11466 11503
f 11468 11504 11505
f 11468 11467 11504
f 11469 11505 11506
f 11469 11468 11505
f 11470 11506 11507
f 11470 11507 11508
f 11470 11469 11506
f 11471 11470 11508
f 11472 11508 11509
f 11472 11471 11508
f 11473 11509 11510
f 11473 11472 11509
f 11474 11510 11511
f 11474 11473 11510
f 11475 11511 11512
f 11475 11474 11511
f 11476 11512 11513
f 11476 11475 11512
f 11477 11513 11514
f 11477 11476 11513
f 11478 11514 11515
f 11478 11477 11514
f 11479 11515 11516
f 11479 11478 11515
f 11480 11516 11517
f 11480 11479 11516
f 11481 11517 11518
f 11481 11480 11517
f 11578 11541 11542
f 11577 11540 11541
f 11577 11541 11578
f 11579 11542 11543
f 11579 11578 11542
f 11576 11539 11540
f 11576 11540 11577
f 11580 11543 11544
f 11580 11579 11543
f 11575 11538 11539
f 11575 11539 11576
f 11581 11544 11545
f 11581 11580 11544
f 11574 11538 11575
f 11537 11538 11574
f 11582 11545 11546
f 11582 11581 11545
f 11573 11537 11574
f 11536 11537 11573
f 11583 11546 11547
f 11583 11582 11546
f 11572 11536 11573
f 11535 11536 11572
f 11584 11547 11548
f 11584 11583 11547
f 11571 11535 11572
f 11534 11535 11571
f 11585 11548 11549
f 11585 11584 11548
f 11570 11534 11571
f 11533 11534 11570
f 11586 11549 11550
f 11586 11585 11549
f 11569 11533 11570
f 11587 11586 11550
f 11551 11587 11550
f 11532 11569 11568
f 11532 11533 11569
f 11588 11587 11551
f 11552 11588 11551
f 11531 11568 11567
f 11531 11532 11568
f 11553 11589 11588
f 11553 11588 11552
f 11530 11567 11566
f 11530 11531 11567
f 11590 11589 11553
f 11554 11590 11553
f 11529 11566 11565
f 11529 11530 11566
f 11519 11555 11590
f 11519 11590 11554
f 11528 11565 11564
f 11528 11529 11565
f 11556 11555 11519
f 11520 11556 11519
f 11527 11564 11563
f 11527 11528 11564
f 11521 11557 11556
f 11521 11558 11557
f 11521 11556 11520
f 11526 11563 11562
f 11526 11527 11563
f 11522 11558 11521
f 11525 11561 11560
f 11525 11562 11561
f 11525 11526 11562
f 11523 11559 11558
f 11523 11558 11522
f 11524 11560 11559
f 11524 11525 11560
f 11524 11559 11523
f 11593 11629 11630
f 11594 11630 11631
f 11594 11593 11630
f 11595 11631 11632
f 11595 11594 11631
f 11596 11632 11633
f 11596 11595 11632
f 11597 11633 11634
f 11597 11596 11633
f 11598 11634 11635
f 11598 11597 11634
f 11599 11635 11636
f 11599 11598 11635
f 11600 11636 11637
f 11600 11599 11636
f 11601 11637 11638
f 11601 11600 11637
f 11602 11638 11639
f 11602 11601 11638
f 11603 11639 11640
f 11603 11602 11639
f 11604 11640 11641
f 11604 11603 11640
f 11605 11641 11642
f 11605 11604 11641
f 11606 11642 11643
f 11606 11605 11642
f 11607 11643 11644
f 11607 11606 11643
f 11608 11644 11645
f 11608 11607 11644
f 11609 11645 11646
f 11609 11608 11645
f 11610 11646 11647
f 11610 11609 11646
f 11611 11647 11648
f 11611 11610 11647
f 11612 11648 11649
f 11612 11611 11648
f 11613 11649 11650
f 11613 11612 11649
f 11614 11650 11651
f 11614 11613 11650
f 11615 11651 11652
f 11615 11614 11651
f 11616 11652 11653
f 11616 11615 11652
f 11617 11653 11654
f 11617 11616 11653
f 11618 11654 11655
f 11618 11617 11654
f 11619 11655 11656
f 11619 11618 11655
f 11620 11656 11657
f 11620 11619 11656
f 11621 11657 11658
f 11621 11620 11657
f 11622 11658 11659
f 11622 11621 11658
f 11623 11659 11660
f 11623 11622 11659
f 11624 11660 11661
f 11624 11623 11660
f 11625 11661 11662
f 11625 11624 11661
f 11626 11662 11663
f 11626 11625 11662
f 11627 11663 11664
f 11627 11626 11663
f 11628 11664 11591
f 11628 11627 11664
f 11592 11628 11591
f 11686 11687 11688
f 11685 11686 11688
f 11691 11689 11690
f 11683 11684 11685
f 11693 11691 11692
f 11693 11689 11691
f 11682 11683 11685
f 11680 11681 11682
f 11697 11693 11694
f 11697 11694 11695
f 11697 11695 11696
f 11678 11679 11680
f 11677 11678 11680
f 11699 11688 11689
f 11699 11697 11698
f 11699 11685 11688
f 11699 11689 11693
f 11699 11682 11685
f 11699 11693 11697
f 11675 11676 11677
f 11675 11677 11680
f 11675 11680 11682
f 11674 11699 11700
f 11674 11682 11699
f 11674 11675 11682
f 11667 11665 11666
f 11667 11700 11665
f 11672 11673 11674
f 11671 11672 11674
f 11669 11667 11668
f 11669 11674 11700
f 11669 11700 11667
f 11669 11671 11674
f 11670 11671 11669
