ISO-10303-21;
HEADER;
FILE_DESCRIPTION(('FreeCAD Model'),'2;1');
FILE_NAME('Open CASCADE Shape Model','2025-12-01T12:33:41',(''),(''),
  'Open CASCADE STEP processor 7.8','FreeCAD','Unknown');
FILE_SCHEMA(('AUTOMOTIVE_DESIGN { 1 0 10303 214 1 1 1 1 }'));
ENDSEC;
DATA;
#1 = APPLICATION_PROTOCOL_DEFINITION('international standard',
  'automotive_design',2000,#2);
#2 = APPLICATION_CONTEXT(
  'core data for automotive mechanical design processes');
#3 = SHAPE_DEFINITION_REPRESENTATION(#4,#10);
#4 = PRODUCT_DEFINITION_SHAPE('','',#5);
#5 = PRODUCT_DEFINITION('design','',#6,#9);
#6 = PRODUCT_DEFINITION_FORMATION('','',#7);
#7 = PRODUCT('ATU01038_\\X2\\4E2D5B9F\\X0\\',
  'ATU01038_\\X2\\4E2D5B9F\\X0\\','',(#8));
#8 = PRODUCT_CONTEXT('',#2,'mechanical');
#9 = PRODUCT_DEFINITION_CONTEXT('part definition',#2,'design');
#10 = ADVANCED_BREP_SHAPE_REPRESENTATION('',(#11,#15),#12734);
#11 = AXIS2_PLACEMENT_3D('',#12,#13,#14);
#12 = CARTESIAN_POINT('',(0.,0.,0.));
#13 = DIRECTION('',(0.,0.,1.));
#14 = DIRECTION('',(1.,0.,-0.));
#15 = MANIFOLD_SOLID_BREP('',#16);
#16 = CLOSED_SHELL('',(#17,#58,#95,#132,#173,#201,#217,#242,#263,#288,
    #317,#333,#362,#454,#491,#528,#537,#554,#564,#582,#593,#613,#645,
    #676,#700,#721,#745,#766,#804,#838,#860,#918,#976,#1034,#1092,#1133,
    #1162,#1171,#1212,#1241,#1250,#1291,#1320,#1329,#1417,#1449,#1512,
    #1537,#1596,#1613,#1630,#1662,#1679,#1709,#1726,#1750,#1767,#1797,
    #1822,#1853,#1870,#1895,#1920,#1960,#1977,#1995,#2007,#2019,#2035,
    #2069,#2103,#2137,#2171,#2203,#2266,#2291,#2350,#2367,#2384,#2416,
    #2433,#2472,#2489,#2520,#2537,#2576,#2601,#2632,#2656,#2688,#2713,
    #2753,#2777,#2795,#2814,#2833,#2849,#2882,#2917,#2950,#2985,#3074,
    #3134,#3349,#3381,#3428,#3460,#3522,#3584,#3608,#3652,#3684,#3718,
    #3750,#3784,#3816,#3850,#3884,#3918,#3950,#3984,#4016,#4050,#4082,
    #4116,#4140,#4172,#4197,#4242,#4267,#4309,#4334,#4458,#4498,#4652,
    #4720,#4745,#4802,#4850,#4875,#4917,#4959,#5001,#5027,#5087,#5112,
    #5172,#5190,#5212,#5231,#5248,#5267,#5284,#5303,#5357,#5401,#5422,
    #5444,#5461,#5483,#5495,#5517,#5529,#5541,#5563,#5580,#5597,#5619,
    #5631,#5648,#5660,#5710,#5778,#5795,#5845,#5862,#5932,#5958,#6012,
    #6069,#6108,#6126,#6156,#6239,#6322,#6364,#6388,#6422,#6464,#6498,
    #6553,#6595,#6644,#6661,#6700,#6725,#6774,#6816,#6885,#6897,#6922,
    #6940,#7000,#7054,#7080,#7115,#7154,#7172,#7205,#7261,#7334,#7380,
    #7441,#7466,#7515,#7533,#7588,#7621,#7678,#7700,#7722,#7739,#7756,
    #7774,#7791,#7803,#7815,#7830,#7862,#7887,#7918,#7941,#7958,#7975,
    #7999,#8041,#8074,#8099,#8133,#8174,#8226,#8247,#8274,#8312,#8353,
    #8378,#8404,#8420,#8429,#8439,#8459,#8572,#8603,#8748,#8779,#8858,
    #8921,#8998,#9022,#9078,#9102,#9111,#9171,#9195,#9240,#9265,#9282,
    #9295,#9381,#9406,#9462,#9486,#9495,#9555,#9579,#9624,#9649,#9666,
    #9679,#9712,#9728,#9761,#9777,#9810,#9826,#9859,#9875,#9908,#9941,
    #9966,#10004,#10041,#10081,#10103,#10136,#10158,#10172,#10197,#10214
    ,#10239,#10263,#10285,#10299,#10338,#10351,#10363,#10375,#10388,
    #10400,#10431,#10462,#10487,#10511,#10605,#10622,#10639,#10734,
    #10814,#10850,#10942,#11086,#11163,#11310,#11351,#11367,#11397,
    #11419,#11500,#11517,#11534,#11556,#11573,#11585,#11597,#11628,
    #11659,#11686,#11713,#11735,#11752,#11769,#11788,#11801,#11818,
    #11836,#11853,#11879,#11896,#11909,#11921,#11939,#11953,#12001,
    #12046,#12071,#12100,#12109,#12119,#12151,#12167,#12176,#12192,
    #12231,#12256,#12285,#12294,#12326,#12342,#12351,#12396,#12421,
    #12450,#12459,#12469,#12501,#12517,#12526,#12571,#12596,#12625,
    #12634,#12644,#12676,#12692,#12701,#12718));
#17 = ADVANCED_FACE('',(#18),#53,.T.);
#18 = FACE_BOUND('',#19,.T.);
#19 = EDGE_LOOP('',(#20,#29,#36,#45,#52));
#20 = ORIENTED_EDGE('',*,*,#21,.F.);
#21 = EDGE_CURVE('',#22,#22,#24,.T.);
#22 = VERTEX_POINT('',#23);
#23 = CARTESIAN_POINT('',(-9.75,0.492117676885,238.982449685));
#24 = CIRCLE('',#25,9.75);
#25 = AXIS2_PLACEMENT_3D('',#26,#27,#28);
#26 = CARTESIAN_POINT('',(3.108624E-14,0.492117676885,238.982449685));
#27 = DIRECTION('',(0.,-0.,1.));
#28 = DIRECTION('',(0.,1.,0.));
#29 = ORIENTED_EDGE('',*,*,#30,.F.);
#30 = EDGE_CURVE('',#31,#22,#33,.T.);
#31 = VERTEX_POINT('',#32);
#32 = CARTESIAN_POINT('',(-9.75,0.492117676885,214.382449685));
#33 = B_SPLINE_CURVE_WITH_KNOTS('',1,(#34,#35),.UNSPECIFIED.,.F.,.F.,(2,
    2),(-11.55,13.05),.PIECEWISE_BEZIER_KNOTS.);
#34 = CARTESIAN_POINT('',(-9.75,0.492117676885,214.382449685));
#35 = CARTESIAN_POINT('',(-9.75,0.492117676885,238.982449685));
#36 = ORIENTED_EDGE('',*,*,#37,.F.);
#37 = EDGE_CURVE('',#38,#31,#40,.T.);
#38 = VERTEX_POINT('',#39);
#39 = CARTESIAN_POINT('',(4.007443E-14,-9.257882323115,214.382449685));
#40 = CIRCLE('',#41,9.75);
#41 = AXIS2_PLACEMENT_3D('',#42,#43,#44);
#42 = CARTESIAN_POINT('',(3.799145E-14,0.492117676885,214.382449685));
#43 = DIRECTION('',(0.,0.,-1.));
#44 = DIRECTION('',(0.,1.,0.));
#45 = ORIENTED_EDGE('',*,*,#46,.F.);
#46 = EDGE_CURVE('',#31,#38,#47,.T.);
#47 = CIRCLE('',#48,9.75);
#48 = AXIS2_PLACEMENT_3D('',#49,#50,#51);
#49 = CARTESIAN_POINT('',(3.799145E-14,0.492117676885,214.382449685));
#50 = DIRECTION('',(0.,0.,-1.));
#51 = DIRECTION('',(0.,1.,0.));
#52 = ORIENTED_EDGE('',*,*,#30,.T.);
#53 = CYLINDRICAL_SURFACE('',#54,9.75);
#54 = AXIS2_PLACEMENT_3D('',#55,#56,#57);
#55 = CARTESIAN_POINT('',(3.552714E-14,0.492117676885,225.932449685));
#56 = DIRECTION('',(-2.133601E-16,2.609024E-15,1.));
#57 = DIRECTION('',(5.566616215424E-31,1.,-2.609024E-15));
#58 = ADVANCED_FACE('',(#59,#70),#90,.F.);
#59 = FACE_BOUND('',#60,.T.);
#60 = EDGE_LOOP('',(#61));
#61 = ORIENTED_EDGE('',*,*,#62,.T.);
#62 = EDGE_CURVE('',#63,#63,#65,.T.);
#63 = VERTEX_POINT('',#64);
#64 = CARTESIAN_POINT('',(-5.236656412675,72.063471993301,
    329.76964863163));
#65 = CIRCLE('',#66,7.35);
#66 = AXIS2_PLACEMENT_3D('',#67,#68,#69);
#67 = CARTESIAN_POINT('',(-6.661338E-14,68.416560312468,333.41656031246)
  );
#68 = DIRECTION('',(-1.304512053935E-15,0.707106781187,0.707106781187));
#69 = DIRECTION('',(-0.712470260228,0.496178459977,-0.496178459977));
#70 = FACE_BOUND('',#71,.T.);
#71 = EDGE_LOOP('',(#72,#83));
#72 = ORIENTED_EDGE('',*,*,#73,.F.);
#73 = EDGE_CURVE('',#74,#76,#78,.T.);
#74 = VERTEX_POINT('',#75);
#75 = CARTESIAN_POINT('',(-3.366104493752,72.756453199231,329.0766674257
    ));
#76 = VERTEX_POINT('',#77);
#77 = CARTESIAN_POINT('',(3.366104493752,64.076667425706,337.75645319923
    ));
#78 = CIRCLE('',#79,7.);
#79 = AXIS2_PLACEMENT_3D('',#80,#81,#82);
#80 = CARTESIAN_POINT('',(-2.220446E-14,68.416560312469,333.41656031246)
  );
#81 = DIRECTION('',(-5.273559366969E-16,0.707106781187,0.707106781187));
#82 = DIRECTION('',(0.480872070536,-0.619984698109,0.619984698109));
#83 = ORIENTED_EDGE('',*,*,#84,.F.);
#84 = EDGE_CURVE('',#76,#74,#85,.T.);
#85 = CIRCLE('',#86,7.);
#86 = AXIS2_PLACEMENT_3D('',#87,#88,#89);
#87 = CARTESIAN_POINT('',(-2.220446E-14,68.416560312469,333.41656031246)
  );
#88 = DIRECTION('',(-5.273559366969E-16,0.707106781187,0.707106781187));
#89 = DIRECTION('',(0.480872070536,-0.619984698109,0.619984698109));
#90 = PLANE('',#91);
#91 = AXIS2_PLACEMENT_3D('',#92,#93,#94);
#92 = CARTESIAN_POINT('',(-5.77316E-14,68.416560312469,333.41656031246)
  );
#93 = DIRECTION('',(7.438668E-16,-0.707106781187,-0.707106781187));
#94 = DIRECTION('',(1.718357E-16,-0.707106781187,0.707106781187));
#95 = ADVANCED_FACE('',(#96,#116),#127,.T.);
#96 = FACE_BOUND('',#97,.T.);
#97 = EDGE_LOOP('',(#98,#109));
#98 = ORIENTED_EDGE('',*,*,#99,.F.);
#99 = EDGE_CURVE('',#100,#102,#104,.T.);
#100 = VERTEX_POINT('',#101);
#101 = CARTESIAN_POINT('',(-6.217249E-14,29.667108703446,308.80924432717
    ));
#102 = VERTEX_POINT('',#103);
#103 = CARTESIAN_POINT('',(10.,36.738176515311,301.73817651531));
#104 = CIRCLE('',#105,10.);
#105 = AXIS2_PLACEMENT_3D('',#106,#107,#108);
#106 = CARTESIAN_POINT('',(-6.217249E-14,36.738176515311,301.73817651531
    ));
#107 = DIRECTION('',(8.659566E-16,0.707106781187,0.707106781187));
#108 = DIRECTION('',(1.718357E-16,-0.707106781187,0.707106781187));
#109 = ORIENTED_EDGE('',*,*,#110,.F.);
#110 = EDGE_CURVE('',#102,#100,#111,.T.);
#111 = CIRCLE('',#112,10.);
#112 = AXIS2_PLACEMENT_3D('',#113,#114,#115);
#113 = CARTESIAN_POINT('',(-6.217249E-14,36.738176515311,301.73817651531
    ));
#114 = DIRECTION('',(8.659566E-16,0.707106781187,0.707106781187));
#115 = DIRECTION('',(1.718357E-16,-0.707106781187,0.707106781187));
#116 = FACE_BOUND('',#117,.T.);
#117 = EDGE_LOOP('',(#118));
#118 = ORIENTED_EDGE('',*,*,#119,.F.);
#119 = EDGE_CURVE('',#120,#120,#122,.T.);
#120 = VERTEX_POINT('',#121);
#121 = CARTESIAN_POINT('',(-8.75,36.738176515313,301.73817651531));
#122 = CIRCLE('',#123,8.75);
#123 = AXIS2_PLACEMENT_3D('',#124,#125,#126);
#124 = CARTESIAN_POINT('',(8.881784E-15,36.738176515313,301.73817651531)
  );
#125 = DIRECTION('',(0.,-0.707106781187,-0.707106781187));
#126 = DIRECTION('',(1.,0.,0.));
#127 = PLANE('',#128);
#128 = AXIS2_PLACEMENT_3D('',#129,#130,#131);
#129 = CARTESIAN_POINT('',(-6.217249E-14,30.851512561933,307.62484046869
    ));
#130 = DIRECTION('',(-8.659566E-16,-0.707106781187,-0.707106781187));
#131 = DIRECTION('',(1.,-6.123237840732E-16,-6.123237840732E-16));
#132 = ADVANCED_FACE('',(#133),#168,.T.);
#133 = FACE_BOUND('',#134,.T.);
#134 = EDGE_LOOP('',(#135,#144,#151,#160,#167));
#135 = ORIENTED_EDGE('',*,*,#136,.T.);
#136 = EDGE_CURVE('',#137,#137,#139,.T.);
#137 = VERTEX_POINT('',#138);
#138 = CARTESIAN_POINT('',(-4.602398402768,80.081027621225,
    347.84433322944));
#139 = CIRCLE('',#140,5.);
#140 = AXIS2_PLACEMENT_3D('',#141,#142,#143);
#141 = CARTESIAN_POINT('',(4.440892E-15,81.462680425333,346.46268042533)
  );
#142 = DIRECTION('',(3.330669073875E-16,-0.707106781187,-0.707106781187)
  );
#143 = DIRECTION('',(-0.920479680554,-0.276330560821,0.276330560821));
#144 = ORIENTED_EDGE('',*,*,#145,.T.);
#145 = EDGE_CURVE('',#137,#146,#148,.T.);
#146 = VERTEX_POINT('',#147);
#147 = CARTESIAN_POINT('',(-4.602398402768,77.782930582397,
    345.54623619061));
#148 = B_SPLINE_CURVE_WITH_KNOTS('',1,(#149,#150),.UNSPECIFIED.,.F.,.F.,
  (2,2),(-22.,-18.75000000003),.PIECEWISE_BEZIER_KNOTS.);
#149 = CARTESIAN_POINT('',(-4.602398402768,80.081027621226,
    347.84433322944));
#150 = CARTESIAN_POINT('',(-4.602398402768,77.782930582397,
    345.54623619061));
#151 = ORIENTED_EDGE('',*,*,#152,.F.);
#152 = EDGE_CURVE('',#153,#146,#155,.T.);
#153 = VERTEX_POINT('',#154);
#154 = CARTESIAN_POINT('',(4.602398402768,80.546236190612,
    342.78293058239));
#155 = CIRCLE('',#156,5.);
#156 = AXIS2_PLACEMENT_3D('',#157,#158,#159);
#157 = CARTESIAN_POINT('',(8.881784E-15,79.164583386504,344.1645833865)
  );
#158 = DIRECTION('',(3.330669073875E-16,-0.707106781187,-0.707106781187)
  );
#159 = DIRECTION('',(-0.920479680554,-0.276330560821,0.276330560821));
#160 = ORIENTED_EDGE('',*,*,#161,.F.);
#161 = EDGE_CURVE('',#146,#153,#162,.T.);
#162 = CIRCLE('',#163,5.);
#163 = AXIS2_PLACEMENT_3D('',#164,#165,#166);
#164 = CARTESIAN_POINT('',(8.881784E-15,79.164583386504,344.1645833865)
  );
#165 = DIRECTION('',(3.330669073875E-16,-0.707106781187,-0.707106781187)
  );
#166 = DIRECTION('',(-0.920479680554,-0.276330560821,0.276330560821));
#167 = ORIENTED_EDGE('',*,*,#145,.F.);
#168 = CYLINDRICAL_SURFACE('',#169,5.);
#169 = AXIS2_PLACEMENT_3D('',#170,#171,#172);
#170 = CARTESIAN_POINT('',(1.776357E-14,65.906331239229,330.90633123922)
  );
#171 = DIRECTION('',(2.997776E-16,-0.707106781187,-0.707106781187));
#172 = DIRECTION('',(-0.920479680554,-0.276330560821,0.276330560821));
#173 = ADVANCED_FACE('',(#174,#185),#196,.T.);
#174 = FACE_BOUND('',#175,.T.);
#175 = EDGE_LOOP('',(#176));
#176 = ORIENTED_EDGE('',*,*,#177,.F.);
#177 = EDGE_CURVE('',#178,#178,#180,.T.);
#178 = VERTEX_POINT('',#179);
#179 = CARTESIAN_POINT('',(-4.142158562491,81.633406464009,
    349.1203815114));
#180 = CIRCLE('',#181,4.5);
#181 = AXIS2_PLACEMENT_3D('',#182,#183,#184);
#182 = CARTESIAN_POINT('',(-4.440892E-15,82.876893987706,347.8768939877)
  );
#183 = DIRECTION('',(3.330669073875E-16,-0.707106781187,-0.707106781187)
  );
#184 = DIRECTION('',(-0.920479680554,-0.276330560821,0.276330560821));
#185 = FACE_BOUND('',#186,.T.);
#186 = EDGE_LOOP('',(#187));
#187 = ORIENTED_EDGE('',*,*,#188,.F.);
#188 = EDGE_CURVE('',#189,#189,#191,.T.);
#189 = VERTEX_POINT('',#190);
#190 = CARTESIAN_POINT('',(9.325873E-14,85.705321112452,345.04846686296)
  );
#191 = CIRCLE('',#192,4.);
#192 = AXIS2_PLACEMENT_3D('',#193,#194,#195);
#193 = CARTESIAN_POINT('',(9.325873E-14,82.876893987706,347.8768939877)
  );
#194 = DIRECTION('',(-2.076134E-15,0.707106781187,0.707106781187));
#195 = DIRECTION('',(4.937508E-17,-0.707106781187,0.707106781187));
#196 = PLANE('',#197);
#197 = AXIS2_PLACEMENT_3D('',#198,#199,#200);
#198 = CARTESIAN_POINT('',(-3.635894738187,81.785388272461,
    348.96839970295));
#199 = DIRECTION('',(-2.997776E-16,0.707106781187,0.707106781187));
#200 = DIRECTION('',(-0.390790426812,0.650877424064,-0.650877424064));
#201 = ADVANCED_FACE('',(#202),#212,.T.);
#202 = FACE_BOUND('',#203,.T.);
#203 = EDGE_LOOP('',(#204,#205,#210,#211));
#204 = ORIENTED_EDGE('',*,*,#136,.F.);
#205 = ORIENTED_EDGE('',*,*,#206,.F.);
#206 = EDGE_CURVE('',#178,#137,#207,.T.);
#207 = B_SPLINE_CURVE_WITH_KNOTS('',1,(#208,#209),.UNSPECIFIED.,.F.,.F.,
  (2,2),(-1.030776406404,1.030776406404),.PIECEWISE_BEZIER_KNOTS.);
#208 = CARTESIAN_POINT('',(-4.142158562749,81.633406463981,
    349.12038151153));
#209 = CARTESIAN_POINT('',(-4.602398402511,80.081027621253,
    347.84433322931));
#210 = ORIENTED_EDGE('',*,*,#177,.T.);
#211 = ORIENTED_EDGE('',*,*,#206,.T.);
#212 = CONICAL_SURFACE('',#213,4.75,0.244978662847);
#213 = AXIS2_PLACEMENT_3D('',#214,#215,#216);
#214 = CARTESIAN_POINT('',(-4.440892E-15,82.16978720652,347.16978720652)
  );
#215 = DIRECTION('',(2.997776E-16,-0.707106781187,-0.707106781187));
#216 = DIRECTION('',(-0.920479680554,-0.276330560821,0.276330560821));
#217 = ADVANCED_FACE('',(#218),#237,.T.);
#218 = FACE_BOUND('',#219,.T.);
#219 = EDGE_LOOP('',(#220,#229,#234,#235,#236));
#220 = ORIENTED_EDGE('',*,*,#221,.F.);
#221 = EDGE_CURVE('',#222,#222,#224,.T.);
#222 = VERTEX_POINT('',#223);
#223 = CARTESIAN_POINT('',(10.,54.274424688738,319.27442468873));
#224 = CIRCLE('',#225,10.);
#225 = AXIS2_PLACEMENT_3D('',#226,#227,#228);
#226 = CARTESIAN_POINT('',(-4.440892E-14,54.274424688737,319.27442468873
    ));
#227 = DIRECTION('',(-1.292498E-15,0.707106781187,0.707106781187));
#228 = DIRECTION('',(-1.718357E-16,0.707106781187,-0.707106781187));
#229 = ORIENTED_EDGE('',*,*,#230,.T.);
#230 = EDGE_CURVE('',#222,#102,#231,.T.);
#231 = B_SPLINE_CURVE_WITH_KNOTS('',1,(#232,#233),.UNSPECIFIED.,.F.,.F.,
  (2,2),(14.2,39.),.PIECEWISE_BEZIER_KNOTS.);
#232 = CARTESIAN_POINT('',(10.,54.274424688738,319.27442468873));
#233 = CARTESIAN_POINT('',(10.,36.738176515311,301.73817651531));
#234 = ORIENTED_EDGE('',*,*,#110,.T.);
#235 = ORIENTED_EDGE('',*,*,#99,.T.);
#236 = ORIENTED_EDGE('',*,*,#230,.F.);
#237 = CYLINDRICAL_SURFACE('',#238,10.);
#238 = AXIS2_PLACEMENT_3D('',#239,#240,#241);
#239 = CARTESIAN_POINT('',(-3.552714E-14,64.315340981587,329.31534098158
    ));
#240 = DIRECTION('',(-8.659566E-16,-0.707106781187,-0.707106781187));
#241 = DIRECTION('',(-1.718357E-16,0.707106781187,-0.707106781187));
#242 = ADVANCED_FACE('',(#243,#254),#258,.T.);
#243 = FACE_BOUND('',#244,.T.);
#244 = EDGE_LOOP('',(#245));
#245 = ORIENTED_EDGE('',*,*,#246,.F.);
#246 = EDGE_CURVE('',#247,#247,#249,.T.);
#247 = VERTEX_POINT('',#248);
#248 = CARTESIAN_POINT('',(2.672251740178,75.719269570381,
    347.60989720262));
#249 = CIRCLE('',#250,5.557094919651);
#250 = AXIS2_PLACEMENT_3D('',#251,#252,#253);
#251 = CARTESIAN_POINT('',(0.,79.164583386504,344.1645833865));
#252 = DIRECTION('',(-1.026956297778E-15,-0.707106781187,-0.707106781187
    ));
#253 = DIRECTION('',(-0.480872070536,0.619984698109,-0.619984698109));
#254 = FACE_BOUND('',#255,.T.);
#255 = EDGE_LOOP('',(#256,#257));
#256 = ORIENTED_EDGE('',*,*,#152,.T.);
#257 = ORIENTED_EDGE('',*,*,#161,.T.);
#258 = PLANE('',#259);
#259 = AXIS2_PLACEMENT_3D('',#260,#261,#262);
#260 = CARTESIAN_POINT('',(2.765014405582,75.599671372378,
    347.72949540063));
#261 = DIRECTION('',(1.03249E-15,0.707106781187,0.707106781187));
#262 = DIRECTION('',(-0.876790768529,-0.340027901959,0.340027901959));
#263 = ADVANCED_FACE('',(#264),#283,.T.);
#264 = FACE_BOUND('',#265,.T.);
#265 = EDGE_LOOP('',(#266,#267,#274,#281,#282));
#266 = ORIENTED_EDGE('',*,*,#73,.T.);
#267 = ORIENTED_EDGE('',*,*,#268,.T.);
#268 = EDGE_CURVE('',#76,#269,#271,.T.);
#269 = VERTEX_POINT('',#270);
#270 = CARTESIAN_POINT('',(3.366104493752,68.814282859656,
    342.49406863318));
#271 = B_SPLINE_CURVE_WITH_KNOTS('',1,(#272,#273),.UNSPECIFIED.,.F.,.F.,
  (2,2),(-2.45,4.25),.PIECEWISE_BEZIER_KNOTS.);
#272 = CARTESIAN_POINT('',(3.366104493752,64.076667425706,
    337.75645319923));
#273 = CARTESIAN_POINT('',(3.366104493752,68.814282859656,
    342.49406863318));
#274 = ORIENTED_EDGE('',*,*,#275,.F.);
#275 = EDGE_CURVE('',#269,#269,#276,.T.);
#276 = CIRCLE('',#277,7.);
#277 = AXIS2_PLACEMENT_3D('',#278,#279,#280);
#278 = CARTESIAN_POINT('',(0.,73.154175746418,338.15417574641));
#279 = DIRECTION('',(1.026956297778E-15,0.707106781187,0.707106781187));
#280 = DIRECTION('',(0.480872070536,-0.619984698109,0.619984698109));
#281 = ORIENTED_EDGE('',*,*,#268,.F.);
#282 = ORIENTED_EDGE('',*,*,#84,.T.);
#283 = CYLINDRICAL_SURFACE('',#284,7.);
#284 = AXIS2_PLACEMENT_3D('',#285,#286,#287);
#285 = CARTESIAN_POINT('',(-8.881784E-15,70.148971926376,335.14897192637
    ));
#286 = DIRECTION('',(1.03249E-15,0.707106781187,0.707106781187));
#287 = DIRECTION('',(0.480872070536,-0.619984698109,0.619984698109));
#288 = ADVANCED_FACE('',(#289),#312,.T.);
#289 = FACE_BOUND('',#290,.T.);
#290 = EDGE_LOOP('',(#291,#300,#310,#311));
#291 = ORIENTED_EDGE('',*,*,#292,.T.);
#292 = EDGE_CURVE('',#293,#293,#295,.T.);
#293 = VERTEX_POINT('',#294);
#294 = CARTESIAN_POINT('',(3.152294004969,74.434770693239,
    347.56322799725));
#295 = CIRCLE('',#296,6.555369292826);
#296 = AXIS2_PLACEMENT_3D('',#297,#298,#299);
#297 = CARTESIAN_POINT('',(8.881784E-15,78.498999345244,343.49899934524)
  );
#298 = DIRECTION('',(1.026956297778E-15,0.707106781187,0.707106781187));
#299 = DIRECTION('',(-0.480872070536,0.619984698109,-0.619984698109));
#300 = ORIENTED_EDGE('',*,*,#301,.T.);
#301 = EDGE_CURVE('',#293,#247,#302,.T.);
#302 = ( BOUNDED_CURVE() B_SPLINE_CURVE(6,(#303,#304,#305,#306,#307,#308
,#309),.UNSPECIFIED.,.F.,.F.) B_SPLINE_CURVE_WITH_KNOTS((7,7),(
5.875582271569E-02,1.570796326795),.PIECEWISE_BEZIER_KNOTS.) CURVE() 
GEOMETRIC_REPRESENTATION_ITEM() RATIONAL_B_SPLINE_CURVE((1.029050895296,
    1.009307686231,0.998077218961,0.994394470291,0.998077218961,
1.009307686231,1.029050895296)) REPRESENTATION_ITEM('') );
#303 = CARTESIAN_POINT('',(3.152294004969,74.434770693239,
    347.56322799725));
#304 = CARTESIAN_POINT('',(3.145038720921,74.625492093088,
    347.73524103216));
#305 = CARTESIAN_POINT('',(3.100239364147,74.856995435854,
    347.85122543596));
#306 = CARTESIAN_POINT('',(3.021478364182,75.106529108432,
    347.89766719375));
#307 = CARTESIAN_POINT('',(2.916387121311,75.348947950878,
    347.86909935813));
#308 = CARTESIAN_POINT('',(2.795804775432,75.559973583037,
    347.76919318997));
#309 = CARTESIAN_POINT('',(2.672251740178,75.719269570381,
    347.60989720262));
#310 = ORIENTED_EDGE('',*,*,#246,.T.);
#311 = ORIENTED_EDGE('',*,*,#301,.F.);
#312 = TOROIDAL_SURFACE('',#313,5.557094919651,1.);
#313 = AXIS2_PLACEMENT_3D('',#314,#315,#316);
#314 = CARTESIAN_POINT('',(-8.881784E-15,78.457476605318,343.45747660531
    ));
#315 = DIRECTION('',(1.03249E-15,0.707106781187,0.707106781187));
#316 = DIRECTION('',(-0.876790768529,-0.340027901959,0.340027901959));
#317 = ADVANCED_FACE('',(#318),#328,.T.);
#318 = FACE_BOUND('',#319,.T.);
#319 = EDGE_LOOP('',(#320,#321,#326,#327));
#320 = ORIENTED_EDGE('',*,*,#275,.T.);
#321 = ORIENTED_EDGE('',*,*,#322,.F.);
#322 = EDGE_CURVE('',#293,#269,#323,.T.);
#323 = B_SPLINE_CURVE_WITH_KNOTS('',1,(#324,#325),.UNSPECIFIED.,.F.,.F.,
  (2,2),(-3.314441511133,4.257346591482),.PIECEWISE_BEZIER_KNOTS.);
#324 = CARTESIAN_POINT('',(3.152294005076,74.43477069311,347.56322799739
    ));
#325 = CARTESIAN_POINT('',(3.366104493614,68.814282859821,
    342.49406863299));
#326 = ORIENTED_EDGE('',*,*,#292,.F.);
#327 = ORIENTED_EDGE('',*,*,#322,.T.);
#328 = CONICAL_SURFACE('',#329,6.75,5.875582264858E-02);
#329 = AXIS2_PLACEMENT_3D('',#330,#331,#332);
#330 = CARTESIAN_POINT('',(-8.881784E-15,76.159379566461,341.15937956646
    ));
#331 = DIRECTION('',(-1.03249E-15,-0.707106781187,-0.707106781187));
#332 = DIRECTION('',(0.480872070536,-0.619984698109,0.619984698109));
#333 = ADVANCED_FACE('',(#334),#357,.T.);
#334 = FACE_BOUND('',#335,.T.);
#335 = EDGE_LOOP('',(#336,#337,#349,#356));
#336 = ORIENTED_EDGE('',*,*,#188,.T.);
#337 = ORIENTED_EDGE('',*,*,#338,.T.);
#338 = EDGE_CURVE('',#189,#339,#341,.T.);
#339 = VERTEX_POINT('',#340);
#340 = CARTESIAN_POINT('',(1.021405E-13,86.412427893639,345.04846686296)
  );
#341 = ( BOUNDED_CURVE() B_SPLINE_CURVE(6,(#342,#343,#344,#345,#346,#347
,#348),.UNSPECIFIED.,.F.,.F.) B_SPLINE_CURVE_WITH_KNOTS((7,7),(
4.712388980385,6.28318530718),.PIECEWISE_BEZIER_KNOTS.) CURVE() 
GEOMETRIC_REPRESENTATION_ITEM() RATIONAL_B_SPLINE_CURVE((1.031393471788,
    1.010025407661,0.997924642725,0.993958444137,0.997924642725,
1.010025407661,1.031393471788)) REPRESENTATION_ITEM('') );
#342 = CARTESIAN_POINT('',(9.454172796583E-14,85.705321112452,
    345.04846686296));
#343 = CARTESIAN_POINT('',(9.395630589025E-14,85.799838938566,
    344.95394903684));
#344 = CARTESIAN_POINT('',(9.329789575479E-14,85.921947843915,
    344.89194728426));
#345 = CARTESIAN_POINT('',(9.263762798232E-14,86.058874503045,
    344.87033286686));
#346 = CARTESIAN_POINT('',(9.204777300826E-14,86.195801162175,
    344.89194728426));
#347 = CARTESIAN_POINT('',(9.159134457903E-14,86.317910067525,
    344.95394903684));
#348 = CARTESIAN_POINT('',(9.131383108656E-14,86.412427893639,
    345.04846686296));
#349 = ORIENTED_EDGE('',*,*,#350,.T.);
#350 = EDGE_CURVE('',#339,#339,#351,.T.);
#351 = CIRCLE('',#352,4.5);
#352 = AXIS2_PLACEMENT_3D('',#353,#354,#355);
#353 = CARTESIAN_POINT('',(1.110223E-13,83.230447378299,348.2304473783)
  );
#354 = DIRECTION('',(2.076134E-15,-0.707106781187,-0.707106781187));
#355 = DIRECTION('',(4.937508E-17,-0.707106781187,0.707106781187));
#356 = ORIENTED_EDGE('',*,*,#338,.F.);
#357 = TOROIDAL_SURFACE('',#358,4.,0.5);
#358 = AXIS2_PLACEMENT_3D('',#359,#360,#361);
#359 = CARTESIAN_POINT('',(1.110223E-13,83.230447378299,348.2304473783)
  );
#360 = DIRECTION('',(-2.076134E-15,0.707106781187,0.707106781187));
#361 = DIRECTION('',(1.,1.468048430052E-15,1.468048430052E-15));
#362 = ADVANCED_FACE('',(#363),#449,.T.);
#363 = FACE_BOUND('',#364,.T.);
#364 = EDGE_LOOP('',(#365,#375,#384,#392,#401,#406,#407,#408,#417,#425,
    #434,#442));
#365 = ORIENTED_EDGE('',*,*,#366,.T.);
#366 = EDGE_CURVE('',#367,#369,#371,.T.);
#367 = VERTEX_POINT('',#368);
#368 = CARTESIAN_POINT('',(-2.061552812809,81.816233815926,
    352.47308806541));
#369 = VERTEX_POINT('',#370);
#370 = CARTESIAN_POINT('',(-2.061552812809,87.473088065419,
    358.12994231491));
#371 = LINE('',#372,#373);
#372 = CARTESIAN_POINT('',(-2.061552812809,81.816233815926,
    352.47308806541));
#373 = VECTOR('',#374,1.);
#374 = DIRECTION('',(-2.109424E-15,0.707106781187,0.707106781187));
#375 = ORIENTED_EDGE('',*,*,#376,.F.);
#376 = EDGE_CURVE('',#377,#369,#379,.T.);
#377 = VERTEX_POINT('',#378);
#378 = CARTESIAN_POINT('',(-2.061552812809,93.129942314911,
    352.47308806541));
#379 = CIRCLE('',#380,4.5);
#380 = AXIS2_PLACEMENT_3D('',#381,#382,#383);
#381 = CARTESIAN_POINT('',(7.993606E-14,90.301515190165,355.30151519016)
  );
#382 = DIRECTION('',(-2.076134E-15,0.707106781187,0.707106781187));
#383 = DIRECTION('',(-1.718357E-16,0.707106781187,-0.707106781187));
#384 = ORIENTED_EDGE('',*,*,#385,.T.);
#385 = EDGE_CURVE('',#377,#386,#388,.T.);
#386 = VERTEX_POINT('',#387);
#387 = CARTESIAN_POINT('',(-2.061552812809,87.473088065419,
    346.81623381592));
#388 = LINE('',#389,#390);
#389 = CARTESIAN_POINT('',(-2.061552812809,93.129942314911,
    352.47308806541));
#390 = VECTOR('',#391,1.);
#391 = DIRECTION('',(2.109424E-15,-0.707106781187,-0.707106781187));
#392 = ORIENTED_EDGE('',*,*,#393,.T.);
#393 = EDGE_CURVE('',#386,#394,#396,.T.);
#394 = VERTEX_POINT('',#395);
#395 = CARTESIAN_POINT('',(9.041523996923E-14,87.826641456012,
    346.46268042533));
#396 = CIRCLE('',#397,4.5);
#397 = AXIS2_PLACEMENT_3D('',#398,#399,#400);
#398 = CARTESIAN_POINT('',(9.325873E-14,84.644660940672,349.64466094067)
  );
#399 = DIRECTION('',(2.076134E-15,-0.707106781187,-0.707106781187));
#400 = DIRECTION('',(-1.718357E-16,0.707106781187,-0.707106781187));
#401 = ORIENTED_EDGE('',*,*,#402,.F.);
#402 = EDGE_CURVE('',#339,#394,#403,.T.);
#403 = B_SPLINE_CURVE_WITH_KNOTS('',1,(#404,#405),.UNSPECIFIED.,.F.,.F.,
  (2,2),(-4.75,-2.75),.PIECEWISE_BEZIER_KNOTS.);
#404 = CARTESIAN_POINT('',(9.456750796923E-14,86.412427893639,
    345.04846686296));
#405 = CARTESIAN_POINT('',(9.041523996923E-14,87.826641456012,
    346.46268042533));
#406 = ORIENTED_EDGE('',*,*,#350,.F.);
#407 = ORIENTED_EDGE('',*,*,#402,.T.);
#408 = ORIENTED_EDGE('',*,*,#409,.T.);
#409 = EDGE_CURVE('',#394,#410,#412,.T.);
#410 = VERTEX_POINT('',#411);
#411 = CARTESIAN_POINT('',(2.061552812809,87.473088065419,
    346.81623381592));
#412 = CIRCLE('',#413,4.5);
#413 = AXIS2_PLACEMENT_3D('',#414,#415,#416);
#414 = CARTESIAN_POINT('',(9.325873E-14,84.644660940672,349.64466094067)
  );
#415 = DIRECTION('',(2.076134E-15,-0.707106781187,-0.707106781187));
#416 = DIRECTION('',(-1.718357E-16,0.707106781187,-0.707106781187));
#417 = ORIENTED_EDGE('',*,*,#418,.T.);
#418 = EDGE_CURVE('',#410,#419,#421,.T.);
#419 = VERTEX_POINT('',#420);
#420 = CARTESIAN_POINT('',(2.061552812809,93.129942314911,
    352.47308806541));
#421 = LINE('',#422,#423);
#422 = CARTESIAN_POINT('',(2.061552812809,87.473088065419,
    346.81623381592));
#423 = VECTOR('',#424,1.);
#424 = DIRECTION('',(-2.109424E-15,0.707106781187,0.707106781187));
#425 = ORIENTED_EDGE('',*,*,#426,.F.);
#426 = EDGE_CURVE('',#427,#419,#429,.T.);
#427 = VERTEX_POINT('',#428);
#428 = CARTESIAN_POINT('',(2.061552812809,87.473088065419,
    358.12994231491));
#429 = CIRCLE('',#430,4.5);
#430 = AXIS2_PLACEMENT_3D('',#431,#432,#433);
#431 = CARTESIAN_POINT('',(7.993606E-14,90.301515190165,355.30151519016)
  );
#432 = DIRECTION('',(-2.076134E-15,0.707106781187,0.707106781187));
#433 = DIRECTION('',(-1.718357E-16,0.707106781187,-0.707106781187));
#434 = ORIENTED_EDGE('',*,*,#435,.T.);
#435 = EDGE_CURVE('',#427,#436,#438,.T.);
#436 = VERTEX_POINT('',#437);
#437 = CARTESIAN_POINT('',(2.061552812809,81.816233815926,
    352.47308806541));
#438 = LINE('',#439,#440);
#439 = CARTESIAN_POINT('',(2.061552812809,87.473088065419,
    358.12994231491));
#440 = VECTOR('',#441,1.);
#441 = DIRECTION('',(2.109424E-15,-0.707106781187,-0.707106781187));
#442 = ORIENTED_EDGE('',*,*,#443,.T.);
#443 = EDGE_CURVE('',#436,#367,#444,.T.);
#444 = CIRCLE('',#445,4.5);
#445 = AXIS2_PLACEMENT_3D('',#446,#447,#448);
#446 = CARTESIAN_POINT('',(9.325873E-14,84.644660940672,349.64466094067)
  );
#447 = DIRECTION('',(2.076134E-15,-0.707106781187,-0.707106781187));
#448 = DIRECTION('',(-1.718357E-16,0.707106781187,-0.707106781187));
#449 = CYLINDRICAL_SURFACE('',#450,4.5);
#450 = AXIS2_PLACEMENT_3D('',#451,#452,#453);
#451 = CARTESIAN_POINT('',(8.437695E-14,86.589204588935,351.58920458893)
  );
#452 = DIRECTION('',(-2.076134E-15,0.707106781187,0.707106781187));
#453 = DIRECTION('',(-1.718357E-16,0.707106781187,-0.707106781187));
#454 = ADVANCED_FACE('',(#455),#486,.T.);
#455 = FACE_BOUND('',#456,.T.);
#456 = EDGE_LOOP('',(#457,#466,#478,#485));
#457 = ORIENTED_EDGE('',*,*,#458,.T.);
#458 = EDGE_CURVE('',#459,#459,#461,.T.);
#459 = VERTEX_POINT('',#460);
#460 = CARTESIAN_POINT('',(1.776357E-14,110.64765988854,371.12570672141)
  );
#461 = CIRCLE('',#462,3.197503748688);
#462 = AXIS2_PLACEMENT_3D('',#463,#464,#465);
#463 = CARTESIAN_POINT('',(2.664535E-14,108.38668330497,373.38668330497)
  );
#464 = DIRECTION('',(-2.076134E-15,0.707106781187,0.707106781187));
#465 = DIRECTION('',(1.718357E-16,-0.707106781187,0.707106781187));
#466 = ORIENTED_EDGE('',*,*,#467,.T.);
#467 = EDGE_CURVE('',#459,#468,#470,.T.);
#468 = VERTEX_POINT('',#469);
#469 = CARTESIAN_POINT('',(2.664535E-14,110.59508740903,373.19170915536)
  );
#470 = ( BOUNDED_CURVE() B_SPLINE_CURVE(6,(#471,#472,#473,#474,#475,#476
,#477),.UNSPECIFIED.,.F.,.F.) B_SPLINE_CURVE_WITH_KNOTS((7,7),(
5.088196969164E-02,1.570796326795),.PIECEWISE_BEZIER_KNOTS.) CURVE() 
GEOMETRIC_REPRESENTATION_ITEM() RATIONAL_B_SPLINE_CURVE((1.02935929365,
    1.009402454052,0.998057101736,0.9943369456,0.998057101736,
1.009402454052,1.02935929365)) REPRESENTATION_ITEM('') );
#471 = CARTESIAN_POINT('',(2.66827523202E-14,110.64765988854,
    371.12570672141));
#472 = CARTESIAN_POINT('',(2.587810626196E-14,110.90736638101,
    371.41328415453));
#473 = CARTESIAN_POINT('',(2.509831333289E-14,111.07234798032,
    371.77371466351));
#474 = CARTESIAN_POINT('',(2.442534577538E-14,111.12276159318,
    372.17146649423));
#475 = CARTESIAN_POINT('',(2.392941428912E-14,111.05218356109,
    372.56613951407));
#476 = CARTESIAN_POINT('',(2.365893689675E-14,110.86908398043,
    372.91771258397));
#477 = CARTESIAN_POINT('',(2.363520999771E-14,110.59508740903,
    373.19170915536));
#478 = ORIENTED_EDGE('',*,*,#479,.T.);
#479 = EDGE_CURVE('',#468,#468,#480,.T.);
#480 = CIRCLE('',#481,1.699445060929);
#481 = AXIS2_PLACEMENT_3D('',#482,#483,#484);
#482 = CARTESIAN_POINT('',(2.664535E-14,109.3933982822,374.3933982822));
#483 = DIRECTION('',(2.076134E-15,-0.707106781187,-0.707106781187));
#484 = DIRECTION('',(4.937508E-17,-0.707106781187,0.707106781187));
#485 = ORIENTED_EDGE('',*,*,#467,.F.);
#486 = TOROIDAL_SURFACE('',#487,1.699445060929,1.5);
#487 = AXIS2_PLACEMENT_3D('',#488,#489,#490);
#488 = CARTESIAN_POINT('',(2.664535E-14,108.33273811042,373.33273811042)
  );
#489 = DIRECTION('',(-2.076134E-15,0.707106781187,0.707106781187));
#490 = DIRECTION('',(1.,1.468048430052E-15,1.468048430052E-15));
#491 = ADVANCED_FACE('',(#492),#523,.T.);
#492 = FACE_BOUND('',#493,.T.);
#493 = EDGE_LOOP('',(#494,#500,#501,#509,#514,#515,#516,#522));
#494 = ORIENTED_EDGE('',*,*,#495,.T.);
#495 = EDGE_CURVE('',#369,#427,#496,.T.);
#496 = ( BOUNDED_CURVE() B_SPLINE_CURVE(2,(#497,#498,#499),
.UNSPECIFIED.,.F.,.F.) B_SPLINE_CURVE_WITH_KNOTS((3,3),(0.,
2.006456520485),.PIECEWISE_BEZIER_KNOTS.) CURVE() 
GEOMETRIC_REPRESENTATION_ITEM() RATIONAL_B_SPLINE_CURVE((1.,1.125,1.)) 
REPRESENTATION_ITEM('') );
#497 = CARTESIAN_POINT('',(-2.061552812809,87.473088065419,
    358.12994231491));
#498 = CARTESIAN_POINT('',(3.996803E-14,100.58670473469,371.24355898418)
  );
#499 = CARTESIAN_POINT('',(2.061552812809,87.473088065419,
    358.12994231491));
#500 = ORIENTED_EDGE('',*,*,#426,.T.);
#501 = ORIENTED_EDGE('',*,*,#502,.T.);
#502 = EDGE_CURVE('',#419,#503,#505,.T.);
#503 = VERTEX_POINT('',#504);
#504 = CARTESIAN_POINT('',(6.482557955449E-14,100.07244525731,
    359.41559100812));
#505 = ( BOUNDED_CURVE() B_SPLINE_CURVE(2,(#506,#507,#508),
.UNSPECIFIED.,.F.,.F.) B_SPLINE_CURVE_WITH_KNOTS((3,3),(0.,
2.006456520485),.PIECEWISE_BEZIER_KNOTS.) CURVE() 
GEOMETRIC_REPRESENTATION_ITEM() RATIONAL_B_SPLINE_CURVE((1.,1.125,1.)) 
REPRESENTATION_ITEM('') );
#506 = CARTESIAN_POINT('',(2.061552812809,93.129942314911,
    352.47308806541));
#507 = CARTESIAN_POINT('',(4.884981E-14,106.24355898418,365.58670473469)
  );
#508 = CARTESIAN_POINT('',(-2.061552812809,93.129942314911,
    352.47308806541));
#509 = ORIENTED_EDGE('',*,*,#510,.F.);
#510 = EDGE_CURVE('',#459,#503,#511,.T.);
#511 = B_SPLINE_CURVE_WITH_KNOTS('',1,(#512,#513),.UNSPECIFIED.,.F.,.F.,
  (2,2),(-12.09193951256,3.686589395901),.PIECEWISE_BEZIER_KNOTS.);
#512 = CARTESIAN_POINT('',(3.132699584215E-14,110.64765988906,
    371.12570672094));
#513 = CARTESIAN_POINT('',(6.370848766988E-14,100.07244525731,
    359.41559100812));
#514 = ORIENTED_EDGE('',*,*,#458,.F.);
#515 = ORIENTED_EDGE('',*,*,#510,.T.);
#516 = ORIENTED_EDGE('',*,*,#517,.T.);
#517 = EDGE_CURVE('',#503,#377,#518,.T.);
#518 = ( BOUNDED_CURVE() B_SPLINE_CURVE(2,(#519,#520,#521),
.UNSPECIFIED.,.F.,.F.) B_SPLINE_CURVE_WITH_KNOTS((3,3),(0.,
2.006456520485),.PIECEWISE_BEZIER_KNOTS.) CURVE() 
GEOMETRIC_REPRESENTATION_ITEM() RATIONAL_B_SPLINE_CURVE((1.,1.125,1.)) 
REPRESENTATION_ITEM('') );
#519 = CARTESIAN_POINT('',(2.061552812809,93.129942314911,
    352.47308806541));
#520 = CARTESIAN_POINT('',(4.884981E-14,106.24355898418,365.58670473469)
  );
#521 = CARTESIAN_POINT('',(-2.061552812809,93.129942314911,
    352.47308806541));
#522 = ORIENTED_EDGE('',*,*,#376,.T.);
#523 = CONICAL_SURFACE('',#524,3.8125,5.088196963348E-02);
#524 = AXIS2_PLACEMENT_3D('',#525,#526,#527);
#525 = CARTESIAN_POINT('',(5.77316E-14,99.847456736183,364.84745673618)
  );
#526 = DIRECTION('',(2.076134E-15,-0.707106781187,-0.707106781187));
#527 = DIRECTION('',(-1.718357E-16,0.707106781187,-0.707106781187));
#528 = ADVANCED_FACE('',(#529),#532,.T.);
#529 = FACE_BOUND('',#530,.T.);
#530 = EDGE_LOOP('',(#531));
#531 = ORIENTED_EDGE('',*,*,#479,.F.);
#532 = PLANE('',#533);
#533 = AXIS2_PLACEMENT_3D('',#534,#535,#536);
#534 = CARTESIAN_POINT('',(2.664535E-14,110.72541068126,373.06138588314)
  );
#535 = DIRECTION('',(-2.076134E-15,0.707106781187,0.707106781187));
#536 = DIRECTION('',(1.,1.468048430052E-15,1.468048430052E-15));
#537 = ADVANCED_FACE('',(#538),#549,.F.);
#538 = FACE_BOUND('',#539,.T.);
#539 = EDGE_LOOP('',(#540,#541,#542,#548));
#540 = ORIENTED_EDGE('',*,*,#495,.F.);
#541 = ORIENTED_EDGE('',*,*,#366,.F.);
#542 = ORIENTED_EDGE('',*,*,#543,.F.);
#543 = EDGE_CURVE('',#436,#367,#544,.T.);
#544 = LINE('',#545,#546);
#545 = CARTESIAN_POINT('',(2.061552812809,81.816233815926,
    352.47308806541));
#546 = VECTOR('',#547,1.);
#547 = DIRECTION('',(-1.,0.,0.));
#548 = ORIENTED_EDGE('',*,*,#435,.F.);
#549 = PLANE('',#550);
#550 = AXIS2_PLACEMENT_3D('',#551,#552,#553);
#551 = CARTESIAN_POINT('',(2.061552812809,106.56497115745,
    377.22182540694));
#552 = DIRECTION('',(-1.718357E-16,0.707106781187,-0.707106781187));
#553 = DIRECTION('',(1.,1.215061887199E-16,-1.215061887199E-16));
#554 = ADVANCED_FACE('',(#555),#559,.F.);
#555 = FACE_BOUND('',#556,.T.);
#556 = EDGE_LOOP('',(#557,#558));
#557 = ORIENTED_EDGE('',*,*,#443,.F.);
#558 = ORIENTED_EDGE('',*,*,#543,.T.);
#559 = PLANE('',#560);
#560 = AXIS2_PLACEMENT_3D('',#561,#562,#563);
#561 = CARTESIAN_POINT('',(9.325873E-14,81.708545939914,352.58077594143)
  );
#562 = DIRECTION('',(2.076134E-15,-0.707106781187,-0.707106781187));
#563 = DIRECTION('',(-1.,-1.468048430052E-15,-1.468048430052E-15));
#564 = ADVANCED_FACE('',(#565),#577,.F.);
#565 = FACE_BOUND('',#566,.F.);
#566 = EDGE_LOOP('',(#567,#568,#574,#575,#576));
#567 = ORIENTED_EDGE('',*,*,#385,.T.);
#568 = ORIENTED_EDGE('',*,*,#569,.T.);
#569 = EDGE_CURVE('',#386,#410,#570,.T.);
#570 = LINE('',#571,#572);
#571 = CARTESIAN_POINT('',(-2.061552812809,87.473088065419,
    346.81623381592));
#572 = VECTOR('',#573,1.);
#573 = DIRECTION('',(1.,0.,0.));
#574 = ORIENTED_EDGE('',*,*,#418,.T.);
#575 = ORIENTED_EDGE('',*,*,#502,.T.);
#576 = ORIENTED_EDGE('',*,*,#517,.T.);
#577 = PLANE('',#578);
#578 = AXIS2_PLACEMENT_3D('',#579,#580,#581);
#579 = CARTESIAN_POINT('',(-2.061552812809,112.22182540694,
    371.56497115745));
#580 = DIRECTION('',(-9.743292E-17,-0.707106781187,0.707106781187));
#581 = DIRECTION('',(-1.,6.889547844281E-17,-6.889547844281E-17));
#582 = ADVANCED_FACE('',(#583),#588,.F.);
#583 = FACE_BOUND('',#584,.T.);
#584 = EDGE_LOOP('',(#585,#586,#587));
#585 = ORIENTED_EDGE('',*,*,#393,.F.);
#586 = ORIENTED_EDGE('',*,*,#569,.T.);
#587 = ORIENTED_EDGE('',*,*,#409,.F.);
#588 = PLANE('',#589);
#589 = AXIS2_PLACEMENT_3D('',#590,#591,#592);
#590 = CARTESIAN_POINT('',(9.325873E-14,87.580775941431,346.70854593991)
  );
#591 = DIRECTION('',(2.076134E-15,-0.707106781187,-0.707106781187));
#592 = DIRECTION('',(-1.,-1.468048430052E-15,-1.468048430052E-15));
#593 = ADVANCED_FACE('',(#594,#605),#608,.T.);
#594 = FACE_BOUND('',#595,.T.);
#595 = EDGE_LOOP('',(#596));
#596 = ORIENTED_EDGE('',*,*,#597,.F.);
#597 = EDGE_CURVE('',#598,#598,#600,.T.);
#598 = VERTEX_POINT('',#599);
#599 = CARTESIAN_POINT('',(-7.480937732393,59.484298518499,
    314.06455085897));
#600 = CIRCLE('',#601,10.5);
#601 = AXIS2_PLACEMENT_3D('',#602,#603,#604);
#602 = CARTESIAN_POINT('',(-3.996803E-14,54.274424688737,319.27442468873
    ));
#603 = DIRECTION('',(-1.304512053935E-15,0.707106781187,0.707106781187)
  );
#604 = DIRECTION('',(-0.712470260228,0.496178459977,-0.496178459977));
#605 = FACE_BOUND('',#606,.T.);
#606 = EDGE_LOOP('',(#607));
#607 = ORIENTED_EDGE('',*,*,#221,.T.);
#608 = PLANE('',#609);
#609 = AXIS2_PLACEMENT_3D('',#610,#611,#612);
#610 = CARTESIAN_POINT('',(-3.740468866197,56.879361603618,
    316.66948777385));
#611 = DIRECTION('',(1.292498E-15,-0.707106781187,-0.707106781187));
#612 = DIRECTION('',(-0.701702307457,-0.503792552401,0.503792552401));
#613 = ADVANCED_FACE('',(#614),#640,.F.);
#614 = FACE_BOUND('',#615,.F.);
#615 = EDGE_LOOP('',(#616,#625,#632,#639));
#616 = ORIENTED_EDGE('',*,*,#617,.T.);
#617 = EDGE_CURVE('',#618,#618,#620,.T.);
#618 = VERTEX_POINT('',#619);
#619 = CARTESIAN_POINT('',(-5.699762081823,74.619538976706,
    331.68068361707));
#620 = CIRCLE('',#621,8.);
#621 = AXIS2_PLACEMENT_3D('',#622,#623,#624);
#622 = CARTESIAN_POINT('',(-6.661338E-14,70.650111296888,335.65011129688
    ));
#623 = DIRECTION('',(-1.33226762955E-15,0.707106781187,0.707106781187));
#624 = DIRECTION('',(-0.712470260228,0.496178459977,-0.496178459977));
#625 = ORIENTED_EDGE('',*,*,#626,.T.);
#626 = EDGE_CURVE('',#618,#627,#629,.T.);
#627 = VERTEX_POINT('',#628);
#628 = CARTESIAN_POINT('',(-5.699762081823,108.97876391869,
    366.03990855905));
#629 = B_SPLINE_CURVE_WITH_KNOTS('',1,(#630,#631),.UNSPECIFIED.,.F.,.F.,
  (2,2),(-24.92064095279,23.670640952791),.PIECEWISE_BEZIER_KNOTS.);
#630 = CARTESIAN_POINT('',(-5.699762081823,74.619538976706,
    331.68068361707));
#631 = CARTESIAN_POINT('',(-5.699762081823,108.97876391869,
    366.03990855905));
#632 = ORIENTED_EDGE('',*,*,#633,.T.);
#633 = EDGE_CURVE('',#627,#627,#634,.T.);
#634 = CIRCLE('',#635,8.);
#635 = AXIS2_PLACEMENT_3D('',#636,#637,#638);
#636 = CARTESIAN_POINT('',(-1.332268E-13,105.00933623887,370.00933623887
    ));
#637 = DIRECTION('',(1.304512053935E-15,-0.707106781187,-0.707106781187)
  );
#638 = DIRECTION('',(0.712470260228,-0.496178459977,0.496178459977));
#639 = ORIENTED_EDGE('',*,*,#626,.F.);
#640 = CYLINDRICAL_SURFACE('',#641,8.);
#641 = AXIS2_PLACEMENT_3D('',#642,#643,#644);
#642 = CARTESIAN_POINT('',(-1.021405E-13,88.271665506122,353.27166550612
    ));
#643 = DIRECTION('',(-1.292498E-15,0.707106781187,0.707106781187));
#644 = DIRECTION('',(-0.712470260228,0.496178459977,-0.496178459977));
#645 = ADVANCED_FACE('',(#646),#671,.T.);
#646 = FACE_BOUND('',#647,.T.);
#647 = EDGE_LOOP('',(#648,#649,#663,#670));
#648 = ORIENTED_EDGE('',*,*,#633,.T.);
#649 = ORIENTED_EDGE('',*,*,#650,.F.);
#650 = EDGE_CURVE('',#651,#627,#653,.T.);
#651 = VERTEX_POINT('',#652);
#652 = CARTESIAN_POINT('',(-7.480937732393,110.21921006863,
    364.79946240911));
#653 = B_SPLINE_CURVE_WITH_KNOTS('',8,(#654,#655,#656,#657,#658,#659,
    #660,#661,#662),.UNSPECIFIED.,.F.,.F.,(9,9),(0.,3.14159265359),
  .PIECEWISE_BEZIER_KNOTS.);
#654 = CARTESIAN_POINT('',(-7.480937732393,110.21921006863,
    364.79946240911));
#655 = CARTESIAN_POINT('',(-7.480937732393,110.56631029817,
    365.14656263865));
#656 = CARTESIAN_POINT('',(-7.323942430703,110.80407999377,
    365.60300163559));
#657 = CARTESIAN_POINT('',(-7.01023396347,110.85110936581,
    366.08697663987));
#658 = CARTESIAN_POINT('',(-6.590349907108,110.66124321946,
    366.48194170988));
#659 = CARTESIAN_POINT('',(-6.170465850747,110.26627814945,
    366.67180785623));
#660 = CARTESIAN_POINT('',(-5.856757383513,109.78230314517,
    366.62477848419));
#661 = CARTESIAN_POINT('',(-5.699762081823,109.32586414823,
    366.38700878859));
#662 = CARTESIAN_POINT('',(-5.699762081823,108.97876391869,
    366.03990855905));
#663 = ORIENTED_EDGE('',*,*,#664,.T.);
#664 = EDGE_CURVE('',#651,#651,#665,.T.);
#665 = CIRCLE('',#666,10.5);
#666 = AXIS2_PLACEMENT_3D('',#667,#668,#669);
#667 = CARTESIAN_POINT('',(-1.332268E-13,105.00933623887,370.00933623887
    ));
#668 = DIRECTION('',(-1.304512053935E-15,0.707106781187,0.707106781187)
  );
#669 = DIRECTION('',(0.712470260228,-0.496178459977,0.496178459977));
#670 = ORIENTED_EDGE('',*,*,#650,.T.);
#671 = TOROIDAL_SURFACE('',#672,9.25,1.25);
#672 = AXIS2_PLACEMENT_3D('',#673,#674,#675);
#673 = CARTESIAN_POINT('',(-1.332268E-13,105.00933623887,370.00933623887
    ));
#674 = DIRECTION('',(-1.292498E-15,0.707106781187,0.707106781187));
#675 = DIRECTION('',(0.701702307457,0.503792552401,-0.503792552401));
#676 = ADVANCED_FACE('',(#677),#695,.T.);
#677 = FACE_BOUND('',#678,.T.);
#678 = EDGE_LOOP('',(#679,#688,#693,#694));
#679 = ORIENTED_EDGE('',*,*,#680,.T.);
#680 = EDGE_CURVE('',#681,#681,#683,.T.);
#681 = VERTEX_POINT('',#682);
#682 = CARTESIAN_POINT('',(-7.480937732393,75.460487031325,
    330.0407393718));
#683 = CIRCLE('',#684,10.5);
#684 = AXIS2_PLACEMENT_3D('',#685,#686,#687);
#685 = CARTESIAN_POINT('',(-6.661338E-14,70.250613201564,335.25061320156
    ));
#686 = DIRECTION('',(-1.304512053935E-15,0.707106781187,0.707106781187)
  );
#687 = DIRECTION('',(-0.712470260228,0.496178459977,-0.496178459977));
#688 = ORIENTED_EDGE('',*,*,#689,.T.);
#689 = EDGE_CURVE('',#681,#651,#690,.T.);
#690 = B_SPLINE_CURVE_WITH_KNOTS('',1,(#691,#692),.UNSPECIFIED.,.F.,.F.,
  (2,2),(-25.20312876506,23.953128765066),.PIECEWISE_BEZIER_KNOTS.);
#691 = CARTESIAN_POINT('',(-7.480937732393,75.460487031325,
    330.0407393718));
#692 = CARTESIAN_POINT('',(-7.480937732393,110.21921006863,
    364.79946240911));
#693 = ORIENTED_EDGE('',*,*,#664,.F.);
#694 = ORIENTED_EDGE('',*,*,#689,.F.);
#695 = CYLINDRICAL_SURFACE('',#696,10.5);
#696 = AXIS2_PLACEMENT_3D('',#697,#698,#699);
#697 = CARTESIAN_POINT('',(-1.021405E-13,88.07191645846,353.07191645846)
  );
#698 = DIRECTION('',(-1.292498E-15,0.707106781187,0.707106781187));
#699 = DIRECTION('',(-0.712470260228,0.496178459977,-0.496178459977));
#700 = ADVANCED_FACE('',(#701),#716,.T.);
#701 = FACE_BOUND('',#702,.T.);
#702 = EDGE_LOOP('',(#703,#704,#714,#715));
#703 = ORIENTED_EDGE('',*,*,#62,.F.);
#704 = ORIENTED_EDGE('',*,*,#705,.F.);
#705 = EDGE_CURVE('',#618,#63,#706,.T.);
#706 = ( BOUNDED_CURVE() B_SPLINE_CURVE(6,(#707,#708,#709,#710,#711,#712
,#713),.UNSPECIFIED.,.F.,.F.) B_SPLINE_CURVE_WITH_KNOTS((7,7),(
2.735699217993,3.14159265359),.PIECEWISE_BEZIER_KNOTS.) CURVE() 
GEOMETRIC_REPRESENTATION_ITEM() RATIONAL_B_SPLINE_CURVE((1.002061794115,
    1.000685375008,0.999862552238,0.999588767228,0.999862552238,
1.000685375008,1.002061794115)) REPRESENTATION_ITEM('') );
#707 = CARTESIAN_POINT('',(-5.699762081823,74.619538976706,
    331.68068361707));
#708 = CARTESIAN_POINT('',(-5.547309305726,74.161296980812,
    331.43478391217));
#709 = CARTESIAN_POINT('',(-5.423929736785,73.711591415899,
    331.15692631882));
#710 = CARTESIAN_POINT('',(-5.330598063359,73.273774730053,
    330.84910570039));
#711 = CARTESIAN_POINT('',(-5.268026355568,72.85109777076,
    330.51358110476));
#712 = CARTESIAN_POINT('',(-5.236656412675,72.446678361076,
    330.15285499941));
#713 = CARTESIAN_POINT('',(-5.236656412675,72.063471993301,
    329.76964863163));
#714 = ORIENTED_EDGE('',*,*,#617,.T.);
#715 = ORIENTED_EDGE('',*,*,#705,.T.);
#716 = TOROIDAL_SURFACE('',#717,15.35,8.);
#717 = AXIS2_PLACEMENT_3D('',#718,#719,#720);
#718 = CARTESIAN_POINT('',(-6.661338E-14,68.416560312468,333.41656031246
    ));
#719 = DIRECTION('',(-1.292498E-15,0.707106781187,0.707106781187));
#720 = DIRECTION('',(0.701702307457,0.503792552401,-0.503792552401));
#721 = ADVANCED_FACE('',(#722),#740,.T.);
#722 = FACE_BOUND('',#723,.T.);
#723 = EDGE_LOOP('',(#724,#733,#738,#739));
#724 = ORIENTED_EDGE('',*,*,#725,.F.);
#725 = EDGE_CURVE('',#726,#726,#728,.T.);
#726 = VERTEX_POINT('',#727);
#727 = CARTESIAN_POINT('',(-7.480937732393,71.792381253134,
    326.37263359361));
#728 = CIRCLE('',#729,10.5);
#729 = AXIS2_PLACEMENT_3D('',#730,#731,#732);
#730 = CARTESIAN_POINT('',(-6.217249E-14,66.582507423373,331.58250742337
    ));
#731 = DIRECTION('',(-1.304512053935E-15,0.707106781187,0.707106781187)
  );
#732 = DIRECTION('',(-0.712470260228,0.496178459977,-0.496178459977));
#733 = ORIENTED_EDGE('',*,*,#734,.F.);
#734 = EDGE_CURVE('',#598,#726,#735,.T.);
#735 = B_SPLINE_CURVE_WITH_KNOTS('',1,(#736,#737),.UNSPECIFIED.,.F.,.F.,
  (2,2),(-8.703128765066,8.703128765066),.PIECEWISE_BEZIER_KNOTS.);
#736 = CARTESIAN_POINT('',(-7.480937732393,59.484298518498,
    314.06455085897));
#737 = CARTESIAN_POINT('',(-7.480937732393,71.792381253134,
    326.37263359361));
#738 = ORIENTED_EDGE('',*,*,#597,.T.);
#739 = ORIENTED_EDGE('',*,*,#734,.T.);
#740 = CYLINDRICAL_SURFACE('',#741,10.5);
#741 = AXIS2_PLACEMENT_3D('',#742,#743,#744);
#742 = CARTESIAN_POINT('',(-4.884981E-14,60.428466056055,325.42846605605
    ));
#743 = DIRECTION('',(-1.292498E-15,0.707106781187,0.707106781187));
#744 = DIRECTION('',(-0.712470260228,0.496178459977,-0.496178459977));
#745 = ADVANCED_FACE('',(#746),#761,.F.);
#746 = FACE_BOUND('',#747,.F.);
#747 = EDGE_LOOP('',(#748,#749,#759,#760));
#748 = ORIENTED_EDGE('',*,*,#680,.T.);
#749 = ORIENTED_EDGE('',*,*,#750,.T.);
#750 = EDGE_CURVE('',#681,#726,#751,.T.);
#751 = ( BOUNDED_CURVE() B_SPLINE_CURVE(6,(#752,#753,#754,#755,#756,#757
,#758),.UNSPECIFIED.,.F.,.F.) B_SPLINE_CURVE_WITH_KNOTS((7,7),(
2.650500171498,3.632685135681),.PIECEWISE_BEZIER_KNOTS.) CURVE() 
GEOMETRIC_REPRESENTATION_ITEM() RATIONAL_B_SPLINE_CURVE((1.012142120514,
    1.003981778526,0.999191567964,0.997609368886,0.999191567964,
1.003981778526,1.012142120514)) REPRESENTATION_ITEM('') );
#752 = CARTESIAN_POINT('',(-7.480937732393,75.460487031325,
    330.0407393718));
#753 = CARTESIAN_POINT('',(-7.175971908467,74.682144614371,
    329.68716548571));
#754 = CARTESIAN_POINT('',(-6.98656637501,73.930116596209,
    329.19894902895));
#755 = CARTESIAN_POINT('',(-6.922329781358,73.237408454635,
    328.5957121703));
#756 = CARTESIAN_POINT('',(-6.98656637501,72.634171595982,
    327.90300402872));
#757 = CARTESIAN_POINT('',(-7.175971908467,72.145955139223,
    327.15097601056));
#758 = CARTESIAN_POINT('',(-7.480937732393,71.792381253134,
    326.37263359361));
#759 = ORIENTED_EDGE('',*,*,#725,.F.);
#760 = ORIENTED_EDGE('',*,*,#750,.F.);
#761 = TOROIDAL_SURFACE('',#762,15.35,5.5);
#762 = AXIS2_PLACEMENT_3D('',#763,#764,#765);
#763 = CARTESIAN_POINT('',(-6.661338E-14,68.416560312468,333.41656031246
    ));
#764 = DIRECTION('',(-1.292498E-15,0.707106781187,0.707106781187));
#765 = DIRECTION('',(0.701702307457,0.503792552401,-0.503792552401));
#766 = ADVANCED_FACE('',(#767),#799,.T.);
#767 = FACE_BOUND('',#768,.T.);
#768 = EDGE_LOOP('',(#769,#770,#782,#791,#798));
#769 = ORIENTED_EDGE('',*,*,#119,.T.);
#770 = ORIENTED_EDGE('',*,*,#771,.T.);
#771 = EDGE_CURVE('',#120,#772,#774,.T.);
#772 = VERTEX_POINT('',#773);
#773 = CARTESIAN_POINT('',(-9.75,36.031069734126,301.03106973412));
#774 = ( BOUNDED_CURVE() B_SPLINE_CURVE(6,(#775,#776,#777,#778,#779,#780
,#781),.UNSPECIFIED.,.F.,.F.) B_SPLINE_CURVE_WITH_KNOTS((7,7),(
4.712388980385,6.28318530718),.PIECEWISE_BEZIER_KNOTS.) CURVE() 
GEOMETRIC_REPRESENTATION_ITEM() RATIONAL_B_SPLINE_CURVE((1.031393471788,
    1.010025407661,0.997924642725,0.993958444137,0.997924642725,
1.010025407661,1.031393471788)) REPRESENTATION_ITEM('') );
#775 = CARTESIAN_POINT('',(-8.75,36.738176515313,301.73817651531));
#776 = CARTESIAN_POINT('',(-9.017336783153,36.738176515313,
    301.73817651531));
#777 = CARTESIAN_POINT('',(-9.277708572582,36.678069362549,
    301.67806936255));
#778 = CARTESIAN_POINT('',(-9.501919513202,36.562757120818,
    301.56275712081));
#779 = CARTESIAN_POINT('',(-9.664995649366,36.404216044289,
    301.40421604429));
#780 = CARTESIAN_POINT('',(-9.75,36.220105386354,301.22010538635));
#781 = CARTESIAN_POINT('',(-9.75,36.031069734126,301.03106973412));
#782 = ORIENTED_EDGE('',*,*,#783,.T.);
#783 = EDGE_CURVE('',#772,#784,#786,.T.);
#784 = VERTEX_POINT('',#785);
#785 = CARTESIAN_POINT('',(9.75,36.031069734126,301.03106973412));
#786 = CIRCLE('',#787,9.75);
#787 = AXIS2_PLACEMENT_3D('',#788,#789,#790);
#788 = CARTESIAN_POINT('',(8.881784E-15,36.031069734126,301.03106973412)
  );
#789 = DIRECTION('',(0.,0.707106781187,0.707106781187));
#790 = DIRECTION('',(1.,0.,-0.));
#791 = ORIENTED_EDGE('',*,*,#792,.T.);
#792 = EDGE_CURVE('',#784,#772,#793,.T.);
#793 = CIRCLE('',#794,9.75);
#794 = AXIS2_PLACEMENT_3D('',#795,#796,#797);
#795 = CARTESIAN_POINT('',(8.881784E-15,36.031069734126,301.03106973412)
  );
#796 = DIRECTION('',(0.,0.707106781187,0.707106781187));
#797 = DIRECTION('',(1.,0.,-0.));
#798 = ORIENTED_EDGE('',*,*,#771,.F.);
#799 = TOROIDAL_SURFACE('',#800,8.75,1.);
#800 = AXIS2_PLACEMENT_3D('',#801,#802,#803);
#801 = CARTESIAN_POINT('',(8.881784E-15,36.031069734126,301.03106973412)
  );
#802 = DIRECTION('',(3.885273E-16,-0.707106781187,-0.707106781187));
#803 = DIRECTION('',(-1.,-2.747302885061E-16,-2.747302885061E-16));
#804 = ADVANCED_FACE('',(#805),#833,.T.);
#805 = FACE_BOUND('',#806,.T.);
#806 = EDGE_LOOP('',(#807,#818,#823,#824,#825,#826));
#807 = ORIENTED_EDGE('',*,*,#808,.F.);
#808 = EDGE_CURVE('',#809,#811,#813,.T.);
#809 = VERTEX_POINT('',#810);
#810 = CARTESIAN_POINT('',(9.75,19.237283680946,284.23728368094));
#811 = VERTEX_POINT('',#812);
#812 = CARTESIAN_POINT('',(-9.75,19.237283680946,284.23728368094));
#813 = CIRCLE('',#814,9.75);
#814 = AXIS2_PLACEMENT_3D('',#815,#816,#817);
#815 = CARTESIAN_POINT('',(2.220446E-14,19.237283680946,284.23728368094)
  );
#816 = DIRECTION('',(3.885273E-16,-0.707106781187,-0.707106781187));
#817 = DIRECTION('',(8.679051E-17,-0.707106781187,0.707106781187));
#818 = ORIENTED_EDGE('',*,*,#819,.T.);
#819 = EDGE_CURVE('',#809,#784,#820,.T.);
#820 = B_SPLINE_CURVE_WITH_KNOTS('',1,(#821,#822),.UNSPECIFIED.,.F.,.F.,
  (2,2),(2.84217094304E-14,23.75),.PIECEWISE_BEZIER_KNOTS.);
#821 = CARTESIAN_POINT('',(9.75,19.237283680946,284.23728368094));
#822 = CARTESIAN_POINT('',(9.75,36.031069734126,301.03106973412));
#823 = ORIENTED_EDGE('',*,*,#783,.F.);
#824 = ORIENTED_EDGE('',*,*,#792,.F.);
#825 = ORIENTED_EDGE('',*,*,#819,.F.);
#826 = ORIENTED_EDGE('',*,*,#827,.F.);
#827 = EDGE_CURVE('',#811,#809,#828,.T.);
#828 = CIRCLE('',#829,9.75);
#829 = AXIS2_PLACEMENT_3D('',#830,#831,#832);
#830 = CARTESIAN_POINT('',(2.220446E-14,19.237283680946,284.23728368094)
  );
#831 = DIRECTION('',(3.885273E-16,-0.707106781187,-0.707106781187));
#832 = DIRECTION('',(8.679051E-17,-0.707106781187,0.707106781187));
#833 = CYLINDRICAL_SURFACE('',#834,9.75);
#834 = AXIS2_PLACEMENT_3D('',#835,#836,#837);
#835 = CARTESIAN_POINT('',(2.220446E-14,19.237283680946,284.23728368094)
  );
#836 = DIRECTION('',(-3.885273E-16,0.707106781187,0.707106781187));
#837 = DIRECTION('',(1.,2.747302885061E-16,2.747302885061E-16));
#838 = ADVANCED_FACE('',(#839),#855,.T.);
#839 = FACE_BOUND('',#840,.T.);
#840 = EDGE_LOOP('',(#841,#842,#852,#853,#854));
#841 = ORIENTED_EDGE('',*,*,#808,.T.);
#842 = ORIENTED_EDGE('',*,*,#843,.F.);
#843 = EDGE_CURVE('',#22,#811,#844,.T.);
#844 = ( BOUNDED_CURVE() B_SPLINE_CURVE(6,(#845,#846,#847,#848,#849,#850
,#851),.UNSPECIFIED.,.F.,.F.) B_SPLINE_CURVE_WITH_KNOTS((7,7),(
3.14159265359,3.926990816987),.PIECEWISE_BEZIER_KNOTS.) CURVE() 
GEOMETRIC_REPRESENTATION_ITEM() RATIONAL_B_SPLINE_CURVE((1.007744716361,
    1.002554895352,0.999483957836,0.998466654399,0.999483957836,
1.002554895352,1.007744716361)) REPRESENTATION_ITEM('') );
#845 = CARTESIAN_POINT('',(-9.75,0.492117676885,238.982449685));
#846 = CARTESIAN_POINT('',(-9.75,0.492117676885,247.40339682822));
#847 = CARTESIAN_POINT('',(-9.75,1.818941073234,255.77169235641));
#848 = CARTESIAN_POINT('',(-9.75,4.445864934685,263.8544219405));
#849 = CARTESIAN_POINT('',(-9.75,8.303702158,271.42729051601));
#850 = CARTESIAN_POINT('',(-9.75,13.282774851962,278.28277485196));
#851 = CARTESIAN_POINT('',(-9.75,19.237283680946,284.23728368094));
#852 = ORIENTED_EDGE('',*,*,#21,.T.);
#853 = ORIENTED_EDGE('',*,*,#843,.T.);
#854 = ORIENTED_EDGE('',*,*,#827,.T.);
#855 = TOROIDAL_SURFACE('',#856,64.,9.75);
#856 = AXIS2_PLACEMENT_3D('',#857,#858,#859);
#857 = CARTESIAN_POINT('',(1.332268E-14,64.492117676885,238.982449685));
#858 = DIRECTION('',(-1.,-3.361004E-16,-2.133601E-16));
#859 = DIRECTION('',(-3.361004E-16,1.,-7.171041495404E-32));
#860 = ADVANCED_FACE('',(#861),#913,.T.);
#861 = FACE_BOUND('',#862,.T.);
#862 = EDGE_LOOP('',(#863,#873,#881,#890,#898,#907));
#863 = ORIENTED_EDGE('',*,*,#864,.T.);
#864 = EDGE_CURVE('',#865,#867,#869,.T.);
#865 = VERTEX_POINT('',#866);
#866 = CARTESIAN_POINT('',(-12.,56.492117676884,85.934814879792));
#867 = VERTEX_POINT('',#868);
#868 = CARTESIAN_POINT('',(-12.,56.492117676884,133.83008449022));
#869 = LINE('',#870,#871);
#870 = CARTESIAN_POINT('',(-12.,56.492117676884,85.934814879792));
#871 = VECTOR('',#872,1.);
#872 = DIRECTION('',(0.,0.,1.));
#873 = ORIENTED_EDGE('',*,*,#874,.T.);
#874 = EDGE_CURVE('',#867,#875,#877,.T.);
#875 = VERTEX_POINT('',#876);
#876 = CARTESIAN_POINT('',(-13.05000004641,56.492117676884,
    133.83008449022));
#877 = LINE('',#878,#879);
#878 = CARTESIAN_POINT('',(-12.,56.492117676884,133.83008449022));
#879 = VECTOR('',#880,1.);
#880 = DIRECTION('',(-1.,0.,0.));
#881 = ORIENTED_EDGE('',*,*,#882,.T.);
#882 = EDGE_CURVE('',#875,#883,#885,.T.);
#883 = VERTEX_POINT('',#884);
#884 = CARTESIAN_POINT('',(-12.55,56.492117676884,133.33031291269));
#885 = ELLIPSE('',#886,0.500380889781,0.5);
#886 = AXIS2_PLACEMENT_3D('',#887,#888,#889);
#887 = CARTESIAN_POINT('',(-13.05030477214,56.492117676884,
    133.3300083262));
#888 = DIRECTION('',(-1.469755E-16,1.,-7.346537E-17));
#889 = DIRECTION('',(0.894481690366,1.643135970925E-16,0.447104580159));
#890 = ORIENTED_EDGE('',*,*,#891,.T.);
#891 = EDGE_CURVE('',#883,#892,#894,.T.);
#892 = VERTEX_POINT('',#893);
#893 = CARTESIAN_POINT('',(-12.55,56.492117676884,86.434586457324));
#894 = LINE('',#895,#896);
#895 = CARTESIAN_POINT('',(-12.55,56.492117676884,133.33031291269));
#896 = VECTOR('',#897,1.);
#897 = DIRECTION('',(0.,0.,-1.));
#898 = ORIENTED_EDGE('',*,*,#899,.T.);
#899 = EDGE_CURVE('',#892,#900,#902,.T.);
#900 = VERTEX_POINT('',#901);
#901 = CARTESIAN_POINT('',(-13.05000004641,56.492117676884,
    85.934814879792));
#902 = ELLIPSE('',#903,0.500380889781,0.5);
#903 = AXIS2_PLACEMENT_3D('',#904,#905,#906);
#904 = CARTESIAN_POINT('',(-13.05030477214,56.492117676884,
    86.434891043814));
#905 = DIRECTION('',(-1.469755E-16,1.,7.346537E-17));
#906 = DIRECTION('',(0.894481690366,1.643135970925E-16,-0.447104580159)
  );
#907 = ORIENTED_EDGE('',*,*,#908,.T.);
#908 = EDGE_CURVE('',#900,#865,#909,.T.);
#909 = LINE('',#910,#911);
#910 = CARTESIAN_POINT('',(-13.05000004641,56.492117676884,
    85.934814879792));
#911 = VECTOR('',#912,1.);
#912 = DIRECTION('',(1.,0.,0.));
#913 = PLANE('',#914);
#914 = AXIS2_PLACEMENT_3D('',#915,#916,#917);
#915 = CARTESIAN_POINT('',(2.809735E-14,56.492117676884,109.882449685));
#916 = DIRECTION('',(0.,-1.,0.));
#917 = DIRECTION('',(-1.,0.,0.));
#918 = ADVANCED_FACE('',(#919),#971,.T.);
#919 = FACE_BOUND('',#920,.T.);
#920 = EDGE_LOOP('',(#921,#931,#939,#948,#956,#965));
#921 = ORIENTED_EDGE('',*,*,#922,.T.);
#922 = EDGE_CURVE('',#923,#925,#927,.T.);
#923 = VERTEX_POINT('',#924);
#924 = CARTESIAN_POINT('',(12.,56.492117676884,133.83008449022));
#925 = VERTEX_POINT('',#926);
#926 = CARTESIAN_POINT('',(12.,56.492117676884,85.934814879792));
#927 = LINE('',#928,#929);
#928 = CARTESIAN_POINT('',(12.,56.492117676885,133.83008449022));
#929 = VECTOR('',#930,1.);
#930 = DIRECTION('',(0.,0.,-1.));
#931 = ORIENTED_EDGE('',*,*,#932,.T.);
#932 = EDGE_CURVE('',#925,#933,#935,.T.);
#933 = VERTEX_POINT('',#934);
#934 = CARTESIAN_POINT('',(13.050000046418,56.492117676884,
    85.934814879792));
#935 = LINE('',#936,#937);
#936 = CARTESIAN_POINT('',(12.,56.492117676884,85.934814879792));
#937 = VECTOR('',#938,1.);
#938 = DIRECTION('',(1.,0.,0.));
#939 = ORIENTED_EDGE('',*,*,#940,.T.);
#940 = EDGE_CURVE('',#933,#941,#943,.T.);
#941 = VERTEX_POINT('',#942);
#942 = CARTESIAN_POINT('',(12.55,56.492117676884,86.434586457324));
#943 = ELLIPSE('',#944,0.500380889781,0.5);
#944 = AXIS2_PLACEMENT_3D('',#945,#946,#947);
#945 = CARTESIAN_POINT('',(13.050304772149,56.492117676884,
    86.434891043814));
#946 = DIRECTION('',(-1.469755E-16,1.,-7.346537E-17));
#947 = DIRECTION('',(-0.894481690366,-1.643135970925E-16,-0.447104580159
    ));
#948 = ORIENTED_EDGE('',*,*,#949,.T.);
#949 = EDGE_CURVE('',#941,#950,#952,.T.);
#950 = VERTEX_POINT('',#951);
#951 = CARTESIAN_POINT('',(12.55,56.492117676884,133.33031291269));
#952 = LINE('',#953,#954);
#953 = CARTESIAN_POINT('',(12.55,56.492117676884,86.434586457324));
#954 = VECTOR('',#955,1.);
#955 = DIRECTION('',(0.,0.,1.));
#956 = ORIENTED_EDGE('',*,*,#957,.T.);
#957 = EDGE_CURVE('',#950,#958,#960,.T.);
#958 = VERTEX_POINT('',#959);
#959 = CARTESIAN_POINT('',(13.050000046418,56.492117676884,
    133.83008449022));
#960 = ELLIPSE('',#961,0.500380889781,0.5);
#961 = AXIS2_PLACEMENT_3D('',#962,#963,#964);
#962 = CARTESIAN_POINT('',(13.050304772149,56.492117676884,
    133.3300083262));
#963 = DIRECTION('',(-1.469755E-16,1.,7.346537E-17));
#964 = DIRECTION('',(-0.894481690366,-1.643135970925E-16,0.447104580159)
  );
#965 = ORIENTED_EDGE('',*,*,#966,.T.);
#966 = EDGE_CURVE('',#958,#923,#967,.T.);
#967 = LINE('',#968,#969);
#968 = CARTESIAN_POINT('',(13.050000046418,56.492117676885,
    133.83008449022));
#969 = VECTOR('',#970,1.);
#970 = DIRECTION('',(-1.,0.,0.));
#971 = PLANE('',#972);
#972 = AXIS2_PLACEMENT_3D('',#973,#974,#975);
#973 = CARTESIAN_POINT('',(2.809735E-14,56.492117676884,109.882449685));
#974 = DIRECTION('',(0.,-1.,0.));
#975 = DIRECTION('',(-1.,0.,0.));
#976 = ADVANCED_FACE('',(#977),#1029,.T.);
#977 = FACE_BOUND('',#978,.T.);
#978 = EDGE_LOOP('',(#979,#989,#997,#1006,#1014,#1023));
#979 = ORIENTED_EDGE('',*,*,#980,.T.);
#980 = EDGE_CURVE('',#981,#983,#985,.T.);
#981 = VERTEX_POINT('',#982);
#982 = CARTESIAN_POINT('',(12.,36.492117676884,85.934814879792));
#983 = VERTEX_POINT('',#984);
#984 = CARTESIAN_POINT('',(12.,36.492117676884,133.83008449022));
#985 = LINE('',#986,#987);
#986 = CARTESIAN_POINT('',(12.,36.492117676884,85.934814879792));
#987 = VECTOR('',#988,1.);
#988 = DIRECTION('',(0.,0.,1.));
#989 = ORIENTED_EDGE('',*,*,#990,.T.);
#990 = EDGE_CURVE('',#983,#991,#993,.T.);
#991 = VERTEX_POINT('',#992);
#992 = CARTESIAN_POINT('',(13.050000046418,36.492117676884,
    133.83008449022));
#993 = LINE('',#994,#995);
#994 = CARTESIAN_POINT('',(12.,36.492117676884,133.83008449022));
#995 = VECTOR('',#996,1.);
#996 = DIRECTION('',(1.,0.,0.));
#997 = ORIENTED_EDGE('',*,*,#998,.T.);
#998 = EDGE_CURVE('',#991,#999,#1001,.T.);
#999 = VERTEX_POINT('',#1000);
#1000 = CARTESIAN_POINT('',(12.55,36.492117676884,133.33031291269));
#1001 = ELLIPSE('',#1002,0.500380889781,0.5);
#1002 = AXIS2_PLACEMENT_3D('',#1003,#1004,#1005);
#1003 = CARTESIAN_POINT('',(13.050304772149,36.492117676884,
    133.3300083262));
#1004 = DIRECTION('',(1.469755E-16,-1.,-7.346537E-17));
#1005 = DIRECTION('',(-0.894481690366,-1.643135970925E-16,0.447104580159
    ));
#1006 = ORIENTED_EDGE('',*,*,#1007,.T.);
#1007 = EDGE_CURVE('',#999,#1008,#1010,.T.);
#1008 = VERTEX_POINT('',#1009);
#1009 = CARTESIAN_POINT('',(12.55,36.492117676884,86.434586457324));
#1010 = LINE('',#1011,#1012);
#1011 = CARTESIAN_POINT('',(12.55,36.492117676884,133.33031291269));
#1012 = VECTOR('',#1013,1.);
#1013 = DIRECTION('',(0.,0.,-1.));
#1014 = ORIENTED_EDGE('',*,*,#1015,.T.);
#1015 = EDGE_CURVE('',#1008,#1016,#1018,.T.);
#1016 = VERTEX_POINT('',#1017);
#1017 = CARTESIAN_POINT('',(13.050000046418,36.492117676884,
    85.934814879792));
#1018 = ELLIPSE('',#1019,0.500380889781,0.5);
#1019 = AXIS2_PLACEMENT_3D('',#1020,#1021,#1022);
#1020 = CARTESIAN_POINT('',(13.050304772149,36.492117676884,
    86.434891043814));
#1021 = DIRECTION('',(1.469755E-16,-1.,7.346537E-17));
#1022 = DIRECTION('',(-0.894481690366,-1.643135970925E-16,
    -0.447104580159));
#1023 = ORIENTED_EDGE('',*,*,#1024,.T.);
#1024 = EDGE_CURVE('',#1016,#981,#1025,.T.);
#1025 = LINE('',#1026,#1027);
#1026 = CARTESIAN_POINT('',(13.050000046418,36.492117676885,
    85.934814879792));
#1027 = VECTOR('',#1028,1.);
#1028 = DIRECTION('',(-1.,0.,0.));
#1029 = PLANE('',#1030);
#1030 = AXIS2_PLACEMENT_3D('',#1031,#1032,#1033);
#1031 = CARTESIAN_POINT('',(3.177129E-14,36.492117676884,109.882449685)
  );
#1032 = DIRECTION('',(0.,1.,0.));
#1033 = DIRECTION('',(1.,0.,0.));
#1034 = ADVANCED_FACE('',(#1035),#1087,.T.);
#1035 = FACE_BOUND('',#1036,.T.);
#1036 = EDGE_LOOP('',(#1037,#1047,#1055,#1064,#1072,#1081));
#1037 = ORIENTED_EDGE('',*,*,#1038,.T.);
#1038 = EDGE_CURVE('',#1039,#1041,#1043,.T.);
#1039 = VERTEX_POINT('',#1040);
#1040 = CARTESIAN_POINT('',(-12.,36.492117676884,133.83008449022));
#1041 = VERTEX_POINT('',#1042);
#1042 = CARTESIAN_POINT('',(-12.,36.492117676884,85.934814879792));
#1043 = LINE('',#1044,#1045);
#1044 = CARTESIAN_POINT('',(-12.,36.492117676884,133.83008449022));
#1045 = VECTOR('',#1046,1.);
#1046 = DIRECTION('',(0.,0.,-1.));
#1047 = ORIENTED_EDGE('',*,*,#1048,.T.);
#1048 = EDGE_CURVE('',#1041,#1049,#1051,.T.);
#1049 = VERTEX_POINT('',#1050);
#1050 = CARTESIAN_POINT('',(-13.05000004641,36.492117676884,
    85.934814879792));
#1051 = LINE('',#1052,#1053);
#1052 = CARTESIAN_POINT('',(-12.,36.492117676884,85.934814879792));
#1053 = VECTOR('',#1054,1.);
#1054 = DIRECTION('',(-1.,0.,0.));
#1055 = ORIENTED_EDGE('',*,*,#1056,.T.);
#1056 = EDGE_CURVE('',#1049,#1057,#1059,.T.);
#1057 = VERTEX_POINT('',#1058);
#1058 = CARTESIAN_POINT('',(-12.55,36.492117676884,86.434586457324));
#1059 = ELLIPSE('',#1060,0.500380889781,0.5);
#1060 = AXIS2_PLACEMENT_3D('',#1061,#1062,#1063);
#1061 = CARTESIAN_POINT('',(-13.05030477214,36.492117676884,
    86.434891043814));
#1062 = DIRECTION('',(1.469755E-16,-1.,-7.346537E-17));
#1063 = DIRECTION('',(0.894481690366,1.643135970925E-16,-0.447104580159)
  );
#1064 = ORIENTED_EDGE('',*,*,#1065,.T.);
#1065 = EDGE_CURVE('',#1057,#1066,#1068,.T.);
#1066 = VERTEX_POINT('',#1067);
#1067 = CARTESIAN_POINT('',(-12.55,36.492117676884,133.33031291269));
#1068 = LINE('',#1069,#1070);
#1069 = CARTESIAN_POINT('',(-12.55,36.492117676884,86.434586457324));
#1070 = VECTOR('',#1071,1.);
#1071 = DIRECTION('',(0.,0.,1.));
#1072 = ORIENTED_EDGE('',*,*,#1073,.T.);
#1073 = EDGE_CURVE('',#1066,#1074,#1076,.T.);
#1074 = VERTEX_POINT('',#1075);
#1075 = CARTESIAN_POINT('',(-13.05000004641,36.492117676884,
    133.83008449022));
#1076 = ELLIPSE('',#1077,0.500380889781,0.5);
#1077 = AXIS2_PLACEMENT_3D('',#1078,#1079,#1080);
#1078 = CARTESIAN_POINT('',(-13.05030477214,36.492117676884,
    133.3300083262));
#1079 = DIRECTION('',(1.469755E-16,-1.,7.346537E-17));
#1080 = DIRECTION('',(0.894481690366,1.643135970925E-16,0.447104580159)
  );
#1081 = ORIENTED_EDGE('',*,*,#1082,.T.);
#1082 = EDGE_CURVE('',#1074,#1039,#1083,.T.);
#1083 = LINE('',#1084,#1085);
#1084 = CARTESIAN_POINT('',(-13.05000004641,36.492117676884,
    133.83008449022));
#1085 = VECTOR('',#1086,1.);
#1086 = DIRECTION('',(1.,0.,0.));
#1087 = PLANE('',#1088);
#1088 = AXIS2_PLACEMENT_3D('',#1089,#1090,#1091);
#1089 = CARTESIAN_POINT('',(3.177129E-14,36.492117676884,109.882449685)
  );
#1090 = DIRECTION('',(0.,1.,0.));
#1091 = DIRECTION('',(1.,0.,0.));
#1092 = ADVANCED_FACE('',(#1093),#1128,.T.);
#1093 = FACE_BOUND('',#1094,.T.);
#1094 = EDGE_LOOP('',(#1095,#1104,#1111,#1120,#1127));
#1095 = ORIENTED_EDGE('',*,*,#1096,.F.);
#1096 = EDGE_CURVE('',#1097,#1097,#1099,.T.);
#1097 = VERTEX_POINT('',#1098);
#1098 = CARTESIAN_POINT('',(5.479328739789,67.792117676884,
    123.35884926657));
#1099 = CIRCLE('',#1100,5.5);
#1100 = AXIS2_PLACEMENT_3D('',#1101,#1102,#1103);
#1101 = CARTESIAN_POINT('',(2.886449E-14,67.792117676884,122.882449685)
  );
#1102 = DIRECTION('',(1.29005E-15,1.,1.121633E-16));
#1103 = DIRECTION('',(-0.996241589053,1.294916834537E-15,
    -8.661810573955E-02));
#1104 = ORIENTED_EDGE('',*,*,#1105,.F.);
#1105 = EDGE_CURVE('',#1106,#1097,#1108,.T.);
#1106 = VERTEX_POINT('',#1107);
#1107 = CARTESIAN_POINT('',(5.479328739789,63.492117676885,
    123.35884926657));
#1108 = B_SPLINE_CURVE_WITH_KNOTS('',1,(#1109,#1110),.UNSPECIFIED.,.F.,
  .F.,(2,2),(-1.3,3.),.PIECEWISE_BEZIER_KNOTS.);
#1109 = CARTESIAN_POINT('',(5.479328739789,63.492117676884,
    123.35884926657));
#1110 = CARTESIAN_POINT('',(5.479328739789,67.792117676884,
    123.35884926657));
#1111 = ORIENTED_EDGE('',*,*,#1112,.F.);
#1112 = EDGE_CURVE('',#1113,#1106,#1115,.T.);
#1113 = VERTEX_POINT('',#1114);
#1114 = CARTESIAN_POINT('',(-5.479328739789,63.492117676885,
    122.40605010344));
#1115 = CIRCLE('',#1116,5.5);
#1116 = AXIS2_PLACEMENT_3D('',#1117,#1118,#1119);
#1117 = CARTESIAN_POINT('',(2.337736E-14,63.492117676885,122.882449685)
  );
#1118 = DIRECTION('',(-1.29005E-15,-1.,-1.121633E-16));
#1119 = DIRECTION('',(0.996241589053,-1.294916834537E-15,
    8.661810573955E-02));
#1120 = ORIENTED_EDGE('',*,*,#1121,.F.);
#1121 = EDGE_CURVE('',#1106,#1113,#1122,.T.);
#1122 = CIRCLE('',#1123,5.5);
#1123 = AXIS2_PLACEMENT_3D('',#1124,#1125,#1126);
#1124 = CARTESIAN_POINT('',(2.337736E-14,63.492117676885,122.882449685)
  );
#1125 = DIRECTION('',(-1.29005E-15,-1.,-1.121633E-16));
#1126 = DIRECTION('',(0.996241589053,-1.294916834537E-15,
    8.661810573955E-02));
#1127 = ORIENTED_EDGE('',*,*,#1105,.T.);
#1128 = CYLINDRICAL_SURFACE('',#1129,5.5);
#1129 = AXIS2_PLACEMENT_3D('',#1130,#1131,#1132);
#1130 = CARTESIAN_POINT('',(2.503626E-14,64.792117676884,122.882449685)
  );
#1131 = DIRECTION('',(1.276077E-15,1.,2.728783E-16));
#1132 = DIRECTION('',(0.996241589053,-1.294917179677E-15,
    8.661810573955E-02));
#1133 = ADVANCED_FACE('',(#1134),#1157,.T.);
#1134 = FACE_BOUND('',#1135,.T.);
#1135 = EDGE_LOOP('',(#1136,#1137,#1149,#1156));
#1136 = ORIENTED_EDGE('',*,*,#1096,.T.);
#1137 = ORIENTED_EDGE('',*,*,#1138,.T.);
#1138 = EDGE_CURVE('',#1097,#1139,#1141,.T.);
#1139 = VERTEX_POINT('',#1140);
#1140 = CARTESIAN_POINT('',(3.984966356211,69.292117676884,
    123.22892210796));
#1141 = ( BOUNDED_CURVE() B_SPLINE_CURVE(6,(#1142,#1143,#1144,#1145,
#1146,#1147,#1148),.UNSPECIFIED.,.F.,.F.) B_SPLINE_CURVE_WITH_KNOTS((7,7
),(6.28318530718,7.853981633974),.PIECEWISE_BEZIER_KNOTS.) CURVE() 
GEOMETRIC_REPRESENTATION_ITEM() RATIONAL_B_SPLINE_CURVE((1.031393471788,
    1.010025407661,0.997924642725,0.993958444137,0.997924642725,
1.010025407661,1.031393471788)) REPRESENTATION_ITEM('') );
#1142 = CARTESIAN_POINT('',(5.479328739789,67.792117676884,
    123.35884926657));
#1143 = CARTESIAN_POINT('',(5.479328739789,68.193122851614,
    123.35884926657));
#1144 = CARTESIAN_POINT('',(5.352301435762,68.583680535758,
    123.34780489282));
#1145 = CARTESIAN_POINT('',(5.108606592219,68.919996946688,
    123.32661687381));
#1146 = CARTESIAN_POINT('',(4.773554196569,69.164611150934,
    123.29748578337));
#1147 = CARTESIAN_POINT('',(4.384464388701,69.292117676884,
    123.26365641659));
#1148 = CARTESIAN_POINT('',(3.984966356211,69.292117676884,
    123.22892210796));
#1149 = ORIENTED_EDGE('',*,*,#1150,.T.);
#1150 = EDGE_CURVE('',#1139,#1139,#1151,.T.);
#1151 = CIRCLE('',#1152,4.);
#1152 = AXIS2_PLACEMENT_3D('',#1153,#1154,#1155);
#1153 = CARTESIAN_POINT('',(3.077861E-14,69.292117676884,122.882449685)
  );
#1154 = DIRECTION('',(-1.29005E-15,-1.,-1.121633E-16));
#1155 = DIRECTION('',(-0.996241589053,1.294916834537E-15,
    -8.661810573955E-02));
#1156 = ORIENTED_EDGE('',*,*,#1138,.F.);
#1157 = TOROIDAL_SURFACE('',#1158,4.,1.5);
#1158 = AXIS2_PLACEMENT_3D('',#1159,#1160,#1161);
#1159 = CARTESIAN_POINT('',(2.886449E-14,67.792117676884,122.882449685)
  );
#1160 = DIRECTION('',(1.276077E-15,1.,2.728783E-16));
#1161 = DIRECTION('',(8.661810573955E-02,1.613213386922E-16,
    -0.996241589053));
#1162 = ADVANCED_FACE('',(#1163),#1166,.T.);
#1163 = FACE_BOUND('',#1164,.T.);
#1164 = EDGE_LOOP('',(#1165));
#1165 = ORIENTED_EDGE('',*,*,#1150,.F.);
#1166 = PLANE('',#1167);
#1167 = AXIS2_PLACEMENT_3D('',#1168,#1169,#1170);
#1168 = CARTESIAN_POINT('',(2.739664369895,69.292117676884,
    123.12064947579));
#1169 = DIRECTION('',(0.,1.,0.));
#1170 = DIRECTION('',(8.661810573955E-02,0.,-0.996241589053));
#1171 = ADVANCED_FACE('',(#1172),#1207,.T.);
#1172 = FACE_BOUND('',#1173,.T.);
#1173 = EDGE_LOOP('',(#1174,#1183,#1190,#1199,#1206));
#1174 = ORIENTED_EDGE('',*,*,#1175,.F.);
#1175 = EDGE_CURVE('',#1176,#1176,#1178,.T.);
#1176 = VERTEX_POINT('',#1177);
#1177 = CARTESIAN_POINT('',(5.479328739789,67.792117676884,
    110.35884926657));
#1178 = CIRCLE('',#1179,5.5);
#1179 = AXIS2_PLACEMENT_3D('',#1180,#1181,#1182);
#1180 = CARTESIAN_POINT('',(3.455438E-14,67.792117676884,109.882449685)
  );
#1181 = DIRECTION('',(1.29005E-15,1.,1.121633E-16));
#1182 = DIRECTION('',(-0.996241589053,1.294916834537E-15,
    -8.661810573955E-02));
#1183 = ORIENTED_EDGE('',*,*,#1184,.F.);
#1184 = EDGE_CURVE('',#1185,#1176,#1187,.T.);
#1185 = VERTEX_POINT('',#1186);
#1186 = CARTESIAN_POINT('',(5.479328739789,63.492117676884,
    110.35884926657));
#1187 = B_SPLINE_CURVE_WITH_KNOTS('',1,(#1188,#1189),.UNSPECIFIED.,.F.,
  .F.,(2,2),(-1.3,3.),.PIECEWISE_BEZIER_KNOTS.);
#1188 = CARTESIAN_POINT('',(5.479328739789,63.492117676884,
    110.35884926657));
#1189 = CARTESIAN_POINT('',(5.479328739789,67.792117676884,
    110.35884926657));
#1190 = ORIENTED_EDGE('',*,*,#1191,.F.);
#1191 = EDGE_CURVE('',#1192,#1185,#1194,.T.);
#1192 = VERTEX_POINT('',#1193);
#1193 = CARTESIAN_POINT('',(-5.479328739789,63.492117676885,
    109.40605010344));
#1194 = CIRCLE('',#1195,5.5);
#1195 = AXIS2_PLACEMENT_3D('',#1196,#1197,#1198);
#1196 = CARTESIAN_POINT('',(2.906725E-14,63.492117676885,109.882449685)
  );
#1197 = DIRECTION('',(-1.29005E-15,-1.,-1.121633E-16));
#1198 = DIRECTION('',(0.996241589053,-1.294916834537E-15,
    8.661810573955E-02));
#1199 = ORIENTED_EDGE('',*,*,#1200,.F.);
#1200 = EDGE_CURVE('',#1185,#1192,#1201,.T.);
#1201 = CIRCLE('',#1202,5.5);
#1202 = AXIS2_PLACEMENT_3D('',#1203,#1204,#1205);
#1203 = CARTESIAN_POINT('',(2.906725E-14,63.492117676885,109.882449685)
  );
#1204 = DIRECTION('',(-1.29005E-15,-1.,-1.121633E-16));
#1205 = DIRECTION('',(0.996241589053,-1.294916834537E-15,
    8.661810573955E-02));
#1206 = ORIENTED_EDGE('',*,*,#1184,.T.);
#1207 = CYLINDRICAL_SURFACE('',#1208,5.5);
#1208 = AXIS2_PLACEMENT_3D('',#1209,#1210,#1211);
#1209 = CARTESIAN_POINT('',(3.072615E-14,64.792117676884,109.882449685)
  );
#1210 = DIRECTION('',(1.276077E-15,1.,2.728783E-16));
#1211 = DIRECTION('',(0.996241589053,-1.294917179677E-15,
    8.661810573955E-02));
#1212 = ADVANCED_FACE('',(#1213),#1236,.T.);
#1213 = FACE_BOUND('',#1214,.T.);
#1214 = EDGE_LOOP('',(#1215,#1216,#1228,#1235));
#1215 = ORIENTED_EDGE('',*,*,#1175,.T.);
#1216 = ORIENTED_EDGE('',*,*,#1217,.T.);
#1217 = EDGE_CURVE('',#1176,#1218,#1220,.T.);
#1218 = VERTEX_POINT('',#1219);
#1219 = CARTESIAN_POINT('',(3.984966356211,69.292117676884,
    110.22892210796));
#1220 = ( BOUNDED_CURVE() B_SPLINE_CURVE(6,(#1221,#1222,#1223,#1224,
#1225,#1226,#1227),.UNSPECIFIED.,.F.,.F.) B_SPLINE_CURVE_WITH_KNOTS((7,7
),(6.28318530718,7.853981633974),.PIECEWISE_BEZIER_KNOTS.) CURVE() 
GEOMETRIC_REPRESENTATION_ITEM() RATIONAL_B_SPLINE_CURVE((1.031393471788,
    1.010025407661,0.997924642725,0.993958444137,0.997924642725,
1.010025407661,1.031393471788)) REPRESENTATION_ITEM('') );
#1221 = CARTESIAN_POINT('',(5.479328739789,67.792117676884,
    110.35884926657));
#1222 = CARTESIAN_POINT('',(5.479328739789,68.193122851614,
    110.35884926657));
#1223 = CARTESIAN_POINT('',(5.352301435762,68.583680535758,
    110.34780489282));
#1224 = CARTESIAN_POINT('',(5.108606592219,68.919996946688,
    110.32661687381));
#1225 = CARTESIAN_POINT('',(4.773554196569,69.164611150934,
    110.29748578337));
#1226 = CARTESIAN_POINT('',(4.384464388701,69.292117676884,
    110.26365641659));
#1227 = CARTESIAN_POINT('',(3.984966356211,69.292117676884,
    110.22892210796));
#1228 = ORIENTED_EDGE('',*,*,#1229,.T.);
#1229 = EDGE_CURVE('',#1218,#1218,#1230,.T.);
#1230 = CIRCLE('',#1231,4.);
#1231 = AXIS2_PLACEMENT_3D('',#1232,#1233,#1234);
#1232 = CARTESIAN_POINT('',(3.64685E-14,69.292117676884,109.882449685));
#1233 = DIRECTION('',(-1.29005E-15,-1.,-1.121633E-16));
#1234 = DIRECTION('',(-0.996241589053,1.294916834537E-15,
    -8.661810573955E-02));
#1235 = ORIENTED_EDGE('',*,*,#1217,.F.);
#1236 = TOROIDAL_SURFACE('',#1237,4.,1.5);
#1237 = AXIS2_PLACEMENT_3D('',#1238,#1239,#1240);
#1238 = CARTESIAN_POINT('',(3.455438E-14,67.792117676884,109.882449685)
  );
#1239 = DIRECTION('',(1.276077E-15,1.,2.728783E-16));
#1240 = DIRECTION('',(8.661810573955E-02,1.613213386922E-16,
    -0.996241589053));
#1241 = ADVANCED_FACE('',(#1242),#1245,.T.);
#1242 = FACE_BOUND('',#1243,.T.);
#1243 = EDGE_LOOP('',(#1244));
#1244 = ORIENTED_EDGE('',*,*,#1229,.F.);
#1245 = PLANE('',#1246);
#1246 = AXIS2_PLACEMENT_3D('',#1247,#1248,#1249);
#1247 = CARTESIAN_POINT('',(2.739664369895,69.292117676884,
    110.12064947579));
#1248 = DIRECTION('',(0.,1.,0.));
#1249 = DIRECTION('',(8.661810573955E-02,0.,-0.996241589053));
#1250 = ADVANCED_FACE('',(#1251),#1286,.T.);
#1251 = FACE_BOUND('',#1252,.T.);
#1252 = EDGE_LOOP('',(#1253,#1262,#1269,#1278,#1285));
#1253 = ORIENTED_EDGE('',*,*,#1254,.F.);
#1254 = EDGE_CURVE('',#1255,#1255,#1257,.T.);
#1255 = VERTEX_POINT('',#1256);
#1256 = CARTESIAN_POINT('',(5.479328739789,67.792117676884,
    97.358849266575));
#1257 = CIRCLE('',#1258,5.5);
#1258 = AXIS2_PLACEMENT_3D('',#1259,#1260,#1261);
#1259 = CARTESIAN_POINT('',(4.024219E-14,67.792117676884,96.882449685008
    ));
#1260 = DIRECTION('',(1.29005E-15,1.,1.121633E-16));
#1261 = DIRECTION('',(-0.996241589053,1.294916834537E-15,
    -8.661810573955E-02));
#1262 = ORIENTED_EDGE('',*,*,#1263,.F.);
#1263 = EDGE_CURVE('',#1264,#1255,#1266,.T.);
#1264 = VERTEX_POINT('',#1265);
#1265 = CARTESIAN_POINT('',(5.479328739789,63.492117676884,
    97.358849266575));
#1266 = B_SPLINE_CURVE_WITH_KNOTS('',1,(#1267,#1268),.UNSPECIFIED.,.F.,
  .F.,(2,2),(-1.3,3.),.PIECEWISE_BEZIER_KNOTS.);
#1267 = CARTESIAN_POINT('',(5.479328739789,63.492117676884,
    97.358849266575));
#1268 = CARTESIAN_POINT('',(5.479328739789,67.792117676884,
    97.358849266575));
#1269 = ORIENTED_EDGE('',*,*,#1270,.F.);
#1270 = EDGE_CURVE('',#1271,#1264,#1273,.T.);
#1271 = VERTEX_POINT('',#1272);
#1272 = CARTESIAN_POINT('',(-5.479328739789,63.492117676885,
    96.40605010344));
#1273 = CIRCLE('',#1274,5.5);
#1274 = AXIS2_PLACEMENT_3D('',#1275,#1276,#1277);
#1275 = CARTESIAN_POINT('',(3.475506E-14,63.492117676885,96.882449685008
    ));
#1276 = DIRECTION('',(-1.29005E-15,-1.,-1.121633E-16));
#1277 = DIRECTION('',(0.996241589053,-1.294916834537E-15,
    8.661810573955E-02));
#1278 = ORIENTED_EDGE('',*,*,#1279,.F.);
#1279 = EDGE_CURVE('',#1264,#1271,#1280,.T.);
#1280 = CIRCLE('',#1281,5.5);
#1281 = AXIS2_PLACEMENT_3D('',#1282,#1283,#1284);
#1282 = CARTESIAN_POINT('',(3.475506E-14,63.492117676885,96.882449685008
    ));
#1283 = DIRECTION('',(-1.29005E-15,-1.,-1.121633E-16));
#1284 = DIRECTION('',(0.996241589053,-1.294916834537E-15,
    8.661810573955E-02));
#1285 = ORIENTED_EDGE('',*,*,#1263,.T.);
#1286 = CYLINDRICAL_SURFACE('',#1287,5.5);
#1287 = AXIS2_PLACEMENT_3D('',#1288,#1289,#1290);
#1288 = CARTESIAN_POINT('',(3.641396E-14,64.792117676884,96.882449685008
    ));
#1289 = DIRECTION('',(1.276077E-15,1.,2.728783E-16));
#1290 = DIRECTION('',(0.996241589053,-1.294917179677E-15,
    8.661810573955E-02));
#1291 = ADVANCED_FACE('',(#1292),#1315,.T.);
#1292 = FACE_BOUND('',#1293,.T.);
#1293 = EDGE_LOOP('',(#1294,#1295,#1307,#1314));
#1294 = ORIENTED_EDGE('',*,*,#1254,.T.);
#1295 = ORIENTED_EDGE('',*,*,#1296,.T.);
#1296 = EDGE_CURVE('',#1255,#1297,#1299,.T.);
#1297 = VERTEX_POINT('',#1298);
#1298 = CARTESIAN_POINT('',(3.984966356211,69.292117676884,
    97.228922107966));
#1299 = ( BOUNDED_CURVE() B_SPLINE_CURVE(6,(#1300,#1301,#1302,#1303,
#1304,#1305,#1306),.UNSPECIFIED.,.F.,.F.) B_SPLINE_CURVE_WITH_KNOTS((7,7
),(6.28318530718,7.853981633974),.PIECEWISE_BEZIER_KNOTS.) CURVE() 
GEOMETRIC_REPRESENTATION_ITEM() RATIONAL_B_SPLINE_CURVE((1.031393471788,
    1.010025407661,0.997924642725,0.993958444137,0.997924642725,
1.010025407661,1.031393471788)) REPRESENTATION_ITEM('') );
#1300 = CARTESIAN_POINT('',(5.479328739789,67.792117676884,
    97.358849266575));
#1301 = CARTESIAN_POINT('',(5.479328739789,68.193122851614,
    97.358849266575));
#1302 = CARTESIAN_POINT('',(5.352301435762,68.583680535758,
    97.347804892828));
#1303 = CARTESIAN_POINT('',(5.108606592219,68.919996946688,
    97.326616873819));
#1304 = CARTESIAN_POINT('',(4.773554196569,69.164611150934,
    97.297485783375));
#1305 = CARTESIAN_POINT('',(4.384464388701,69.292117676884,
    97.263656416593));
#1306 = CARTESIAN_POINT('',(3.984966356211,69.292117676884,
    97.228922107966));
#1307 = ORIENTED_EDGE('',*,*,#1308,.T.);
#1308 = EDGE_CURVE('',#1297,#1297,#1309,.T.);
#1309 = CIRCLE('',#1310,4.);
#1310 = AXIS2_PLACEMENT_3D('',#1311,#1312,#1313);
#1311 = CARTESIAN_POINT('',(4.215631E-14,69.292117676884,96.882449685008
    ));
#1312 = DIRECTION('',(-1.29005E-15,-1.,-1.121633E-16));
#1313 = DIRECTION('',(-0.996241589053,1.294916834537E-15,
    -8.661810573955E-02));
#1314 = ORIENTED_EDGE('',*,*,#1296,.F.);
#1315 = TOROIDAL_SURFACE('',#1316,4.,1.5);
#1316 = AXIS2_PLACEMENT_3D('',#1317,#1318,#1319);
#1317 = CARTESIAN_POINT('',(4.024219E-14,67.792117676884,96.882449685008
    ));
#1318 = DIRECTION('',(1.276077E-15,1.,2.728783E-16));
#1319 = DIRECTION('',(8.661810573955E-02,1.613213386922E-16,
    -0.996241589053));
#1320 = ADVANCED_FACE('',(#1321),#1324,.T.);
#1321 = FACE_BOUND('',#1322,.T.);
#1322 = EDGE_LOOP('',(#1323));
#1323 = ORIENTED_EDGE('',*,*,#1308,.F.);
#1324 = PLANE('',#1325);
#1325 = AXIS2_PLACEMENT_3D('',#1326,#1327,#1328);
#1326 = CARTESIAN_POINT('',(2.739664369895,69.292117676884,
    97.120649475791));
#1327 = DIRECTION('',(0.,1.,0.));
#1328 = DIRECTION('',(8.661810573955E-02,0.,-0.996241589053));
#1329 = ADVANCED_FACE('',(#1330,#1400,#1404,#1408),#1412,.F.);
#1330 = FACE_BOUND('',#1331,.T.);
#1331 = EDGE_LOOP('',(#1332,#1343,#1351,#1360,#1368,#1377,#1385,#1394));
#1332 = ORIENTED_EDGE('',*,*,#1333,.F.);
#1333 = EDGE_CURVE('',#1334,#1336,#1338,.T.);
#1334 = VERTEX_POINT('',#1335);
#1335 = CARTESIAN_POINT('',(17.430179740287,63.492117676885,
    131.81293403498));
#1336 = VERTEX_POINT('',#1337);
#1337 = CARTESIAN_POINT('',(15.430484349974,63.492117676885,
    133.81262942529));
#1338 = ELLIPSE('',#1339,2.000609265782,2.);
#1339 = AXIS2_PLACEMENT_3D('',#1340,#1341,#1342);
#1340 = CARTESIAN_POINT('',(15.429875084199,63.492117676885,
    131.8123247692));
#1341 = DIRECTION('',(9.184851E-17,-1.,9.184851E-17));
#1342 = DIRECTION('',(0.707106781187,1.298934085258E-16,0.707106781187)
  );
#1343 = ORIENTED_EDGE('',*,*,#1344,.T.);
#1344 = EDGE_CURVE('',#1334,#1345,#1347,.T.);
#1345 = VERTEX_POINT('',#1346);
#1346 = CARTESIAN_POINT('',(17.430179740287,63.492117676885,
    87.951965335033));
#1347 = LINE('',#1348,#1349);
#1348 = CARTESIAN_POINT('',(17.430179740287,63.492117676885,
    131.81293403498));
#1349 = VECTOR('',#1350,1.);
#1350 = DIRECTION('',(0.,0.,-1.));
#1351 = ORIENTED_EDGE('',*,*,#1352,.F.);
#1352 = EDGE_CURVE('',#1353,#1345,#1355,.T.);
#1353 = VERTEX_POINT('',#1354);
#1354 = CARTESIAN_POINT('',(15.430484349974,63.492117676885,
    85.95226994472));
#1355 = ELLIPSE('',#1356,2.000609265782,2.);
#1356 = AXIS2_PLACEMENT_3D('',#1357,#1358,#1359);
#1357 = CARTESIAN_POINT('',(15.429875084199,63.492117676885,
    87.952574600808));
#1358 = DIRECTION('',(9.184851E-17,-1.,-9.184851E-17));
#1359 = DIRECTION('',(0.707106781187,1.298934085258E-16,-0.707106781187)
  );
#1360 = ORIENTED_EDGE('',*,*,#1361,.T.);
#1361 = EDGE_CURVE('',#1353,#1362,#1364,.T.);
#1362 = VERTEX_POINT('',#1363);
#1363 = CARTESIAN_POINT('',(-15.43048434997,63.492117676885,
    85.95226994472));
#1364 = LINE('',#1365,#1366);
#1365 = CARTESIAN_POINT('',(15.430484349974,63.492117676885,
    85.95226994472));
#1366 = VECTOR('',#1367,1.);
#1367 = DIRECTION('',(-1.,0.,0.));
#1368 = ORIENTED_EDGE('',*,*,#1369,.F.);
#1369 = EDGE_CURVE('',#1370,#1362,#1372,.T.);
#1370 = VERTEX_POINT('',#1371);
#1371 = CARTESIAN_POINT('',(-17.43017974028,63.492117676885,
    87.951965335033));
#1372 = ELLIPSE('',#1373,2.000609265782,2.);
#1373 = AXIS2_PLACEMENT_3D('',#1374,#1375,#1376);
#1374 = CARTESIAN_POINT('',(-15.42987508419,63.492117676885,
    87.952574600808));
#1375 = DIRECTION('',(9.184851E-17,-1.,9.184851E-17));
#1376 = DIRECTION('',(-0.707106781187,-1.298934085258E-16,
    -0.707106781187));
#1377 = ORIENTED_EDGE('',*,*,#1378,.T.);
#1378 = EDGE_CURVE('',#1370,#1379,#1381,.T.);
#1379 = VERTEX_POINT('',#1380);
#1380 = CARTESIAN_POINT('',(-17.43017974028,63.492117676885,
    131.81293403498));
#1381 = LINE('',#1382,#1383);
#1382 = CARTESIAN_POINT('',(-17.43017974028,63.492117676885,
    87.951965335033));
#1383 = VECTOR('',#1384,1.);
#1384 = DIRECTION('',(0.,0.,1.));
#1385 = ORIENTED_EDGE('',*,*,#1386,.F.);
#1386 = EDGE_CURVE('',#1387,#1379,#1389,.T.);
#1387 = VERTEX_POINT('',#1388);
#1388 = CARTESIAN_POINT('',(-15.43048434997,63.492117676885,
    133.81262942529));
#1389 = ELLIPSE('',#1390,2.000609265782,2.);
#1390 = AXIS2_PLACEMENT_3D('',#1391,#1392,#1393);
#1391 = CARTESIAN_POINT('',(-15.42987508419,63.492117676885,
    131.8123247692));
#1392 = DIRECTION('',(9.184851E-17,-1.,-9.184851E-17));
#1393 = DIRECTION('',(-0.707106781187,-1.298934085258E-16,0.707106781187
    ));
#1394 = ORIENTED_EDGE('',*,*,#1395,.T.);
#1395 = EDGE_CURVE('',#1387,#1336,#1396,.T.);
#1396 = LINE('',#1397,#1398);
#1397 = CARTESIAN_POINT('',(-15.43048434997,63.492117676885,
    133.81262942529));
#1398 = VECTOR('',#1399,1.);
#1399 = DIRECTION('',(1.,0.,0.));
#1400 = FACE_BOUND('',#1401,.T.);
#1401 = EDGE_LOOP('',(#1402,#1403));
#1402 = ORIENTED_EDGE('',*,*,#1112,.T.);
#1403 = ORIENTED_EDGE('',*,*,#1121,.T.);
#1404 = FACE_BOUND('',#1405,.T.);
#1405 = EDGE_LOOP('',(#1406,#1407));
#1406 = ORIENTED_EDGE('',*,*,#1191,.T.);
#1407 = ORIENTED_EDGE('',*,*,#1200,.T.);
#1408 = FACE_BOUND('',#1409,.T.);
#1409 = EDGE_LOOP('',(#1410,#1411));
#1410 = ORIENTED_EDGE('',*,*,#1270,.T.);
#1411 = ORIENTED_EDGE('',*,*,#1279,.T.);
#1412 = PLANE('',#1413);
#1413 = AXIS2_PLACEMENT_3D('',#1414,#1415,#1416);
#1414 = CARTESIAN_POINT('',(2.681148E-14,63.492117676885,109.882449685)
  );
#1415 = DIRECTION('',(0.,-1.,0.));
#1416 = DIRECTION('',(-1.,0.,0.));
#1417 = ADVANCED_FACE('',(#1418),#1444,.T.);
#1418 = FACE_BOUND('',#1419,.T.);
#1419 = EDGE_LOOP('',(#1420,#1431,#1437,#1438));
#1420 = ORIENTED_EDGE('',*,*,#1421,.T.);
#1421 = EDGE_CURVE('',#1422,#1424,#1426,.T.);
#1422 = VERTEX_POINT('',#1423);
#1423 = CARTESIAN_POINT('',(-13.1198415854,54.492117676884,
    133.79517436036));
#1424 = VERTEX_POINT('',#1425);
#1425 = CARTESIAN_POINT('',(-12.61984153898,54.492117676884,
    133.29540278283));
#1426 = ELLIPSE('',#1427,0.500380889781,0.5);
#1427 = AXIS2_PLACEMENT_3D('',#1428,#1429,#1430);
#1428 = CARTESIAN_POINT('',(-13.12014631113,54.492117676884,
    133.29509819634));
#1429 = DIRECTION('',(-1.469755E-16,1.,-7.346537E-17));
#1430 = DIRECTION('',(0.894481690366,1.643135970925E-16,0.447104580159)
  );
#1431 = ORIENTED_EDGE('',*,*,#1432,.T.);
#1432 = EDGE_CURVE('',#1424,#883,#1433,.T.);
#1433 = LINE('',#1434,#1435);
#1434 = CARTESIAN_POINT('',(-12.61984153898,54.492117676884,
    133.29540278283));
#1435 = VECTOR('',#1436,1.);
#1436 = DIRECTION('',(3.489418781261E-02,0.999238800304,
    1.744177813809E-02));
#1437 = ORIENTED_EDGE('',*,*,#882,.F.);
#1438 = ORIENTED_EDGE('',*,*,#1439,.T.);
#1439 = EDGE_CURVE('',#875,#1422,#1440,.T.);
#1440 = LINE('',#1441,#1442);
#1441 = CARTESIAN_POINT('',(-13.05000004641,56.492117676884,
    133.83008449022));
#1442 = VECTOR('',#1443,1.);
#1443 = DIRECTION('',(-3.489418781261E-02,-0.999238800304,
    -1.74417781381E-02));
#1444 = CYLINDRICAL_SURFACE('',#1445,0.5);
#1445 = AXIS2_PLACEMENT_3D('',#1446,#1447,#1448);
#1446 = CARTESIAN_POINT('',(-13.00007150505,57.930610236568,
    133.35511730722));
#1447 = DIRECTION('',(-3.489418781261E-02,-0.999238800304,
    -1.744177813809E-02));
#1448 = DIRECTION('',(0.706460917912,-3.700711728253E-02,0.706783874132)
  );
#1449 = ADVANCED_FACE('',(#1450),#1507,.T.);
#1450 = FACE_BOUND('',#1451,.T.);
#1451 = EDGE_LOOP('',(#1452,#1453,#1454,#1460,#1461,#1469,#1477,#1485,
    #1493,#1501));
#1452 = ORIENTED_EDGE('',*,*,#1439,.F.);
#1453 = ORIENTED_EDGE('',*,*,#874,.F.);
#1454 = ORIENTED_EDGE('',*,*,#1455,.F.);
#1455 = EDGE_CURVE('',#923,#867,#1456,.T.);
#1456 = LINE('',#1457,#1458);
#1457 = CARTESIAN_POINT('',(12.,56.492117676885,133.83008449022));
#1458 = VECTOR('',#1459,1.);
#1459 = DIRECTION('',(-1.,0.,0.));
#1460 = ORIENTED_EDGE('',*,*,#966,.F.);
#1461 = ORIENTED_EDGE('',*,*,#1462,.F.);
#1462 = EDGE_CURVE('',#1463,#958,#1465,.T.);
#1463 = VERTEX_POINT('',#1464);
#1464 = CARTESIAN_POINT('',(13.119841585402,54.492117676884,
    133.79517436036));
#1465 = LINE('',#1466,#1467);
#1466 = CARTESIAN_POINT('',(13.119841585402,54.492117676884,
    133.79517436036));
#1467 = VECTOR('',#1468,1.);
#1468 = DIRECTION('',(-3.489418781262E-02,0.999238800304,
    1.744177813809E-02));
#1469 = ORIENTED_EDGE('',*,*,#1470,.T.);
#1470 = EDGE_CURVE('',#1463,#1471,#1473,.T.);
#1471 = VERTEX_POINT('',#1472);
#1472 = CARTESIAN_POINT('',(15.413029285046,54.492117676884,
    133.79517436036));
#1473 = LINE('',#1474,#1475);
#1474 = CARTESIAN_POINT('',(13.119841585402,54.492117676884,
    133.79517436036));
#1475 = VECTOR('',#1476,1.);
#1476 = DIRECTION('',(1.,0.,0.));
#1477 = ORIENTED_EDGE('',*,*,#1478,.F.);
#1478 = EDGE_CURVE('',#1479,#1471,#1481,.T.);
#1479 = VERTEX_POINT('',#1480);
#1480 = CARTESIAN_POINT('',(15.500304609687,59.492117676884,
    133.882449685));
#1481 = LINE('',#1482,#1483);
#1482 = CARTESIAN_POINT('',(15.500304609687,59.492117676884,
    133.882449685));
#1483 = VECTOR('',#1484,1.);
#1484 = DIRECTION('',(-1.744974916068E-02,-0.999695459882,
    -1.744974916069E-02));
#1485 = ORIENTED_EDGE('',*,*,#1486,.F.);
#1486 = EDGE_CURVE('',#1487,#1479,#1489,.T.);
#1487 = VERTEX_POINT('',#1488);
#1488 = CARTESIAN_POINT('',(-15.50030460968,59.492117676884,
    133.882449685));
#1489 = LINE('',#1490,#1491);
#1490 = CARTESIAN_POINT('',(-15.50030460968,59.492117676884,
    133.882449685));
#1491 = VECTOR('',#1492,1.);
#1492 = DIRECTION('',(1.,0.,0.));
#1493 = ORIENTED_EDGE('',*,*,#1494,.F.);
#1494 = EDGE_CURVE('',#1495,#1487,#1497,.T.);
#1495 = VERTEX_POINT('',#1496);
#1496 = CARTESIAN_POINT('',(-15.41302928504,54.492117676884,
    133.79517436036));
#1497 = LINE('',#1498,#1499);
#1498 = CARTESIAN_POINT('',(-15.41302928504,54.492117676884,
    133.79517436036));
#1499 = VECTOR('',#1500,1.);
#1500 = DIRECTION('',(-1.744974916068E-02,0.999695459882,
    1.744974916069E-02));
#1501 = ORIENTED_EDGE('',*,*,#1502,.T.);
#1502 = EDGE_CURVE('',#1495,#1422,#1503,.T.);
#1503 = LINE('',#1504,#1505);
#1504 = CARTESIAN_POINT('',(-15.41302928504,54.492117676884,
    133.79517436036));
#1505 = VECTOR('',#1506,1.);
#1506 = DIRECTION('',(1.,0.,0.));
#1507 = PLANE('',#1508);
#1508 = AXIS2_PLACEMENT_3D('',#1509,#1510,#1511);
#1509 = CARTESIAN_POINT('',(-17.5,59.492117676884,133.882449685));
#1510 = DIRECTION('',(-3.456681E-16,-1.745240643728E-02,0.999847695156)
  );
#1511 = DIRECTION('',(-1.897587E-16,0.999847695156,1.745240643728E-02));
#1512 = ADVANCED_FACE('',(#1513),#1532,.T.);
#1513 = FACE_BOUND('',#1514,.T.);
#1514 = EDGE_LOOP('',(#1515,#1524,#1525,#1526));
#1515 = ORIENTED_EDGE('',*,*,#1516,.T.);
#1516 = EDGE_CURVE('',#1517,#1463,#1519,.T.);
#1517 = VERTEX_POINT('',#1518);
#1518 = CARTESIAN_POINT('',(12.619841538984,54.492117676884,
    133.29540278283));
#1519 = ELLIPSE('',#1520,0.500380889781,0.5);
#1520 = AXIS2_PLACEMENT_3D('',#1521,#1522,#1523);
#1521 = CARTESIAN_POINT('',(13.120146311133,54.492117676884,
    133.29509819634));
#1522 = DIRECTION('',(-1.469755E-16,1.,7.346537E-17));
#1523 = DIRECTION('',(-0.894481690366,-1.643135970925E-16,0.447104580159
    ));
#1524 = ORIENTED_EDGE('',*,*,#1462,.T.);
#1525 = ORIENTED_EDGE('',*,*,#957,.F.);
#1526 = ORIENTED_EDGE('',*,*,#1527,.T.);
#1527 = EDGE_CURVE('',#950,#1517,#1528,.T.);
#1528 = LINE('',#1529,#1530);
#1529 = CARTESIAN_POINT('',(12.55,56.492117676884,133.33031291269));
#1530 = VECTOR('',#1531,1.);
#1531 = DIRECTION('',(3.489418781262E-02,-0.999238800304,
    -1.744177813809E-02));
#1532 = CYLINDRICAL_SURFACE('',#1533,0.5);
#1533 = AXIS2_PLACEMENT_3D('',#1534,#1535,#1536);
#1534 = CARTESIAN_POINT('',(12.993370229424,58.122509662914,
    133.35846692417));
#1535 = DIRECTION('',(3.489418781262E-02,-0.999238800304,
    -1.744177813809E-02));
#1536 = DIRECTION('',(-0.706460917912,-3.700711728253E-02,0.706783874132
    ));
#1537 = ADVANCED_FACE('',(#1538),#1591,.T.);
#1538 = FACE_BOUND('',#1539,.T.);
#1539 = EDGE_LOOP('',(#1540,#1541,#1549,#1558,#1566,#1575,#1583,#1590));
#1540 = ORIENTED_EDGE('',*,*,#1516,.F.);
#1541 = ORIENTED_EDGE('',*,*,#1542,.F.);
#1542 = EDGE_CURVE('',#1543,#1517,#1545,.T.);
#1543 = VERTEX_POINT('',#1544);
#1544 = CARTESIAN_POINT('',(12.619841538984,54.492117676884,
    86.46949658718));
#1545 = LINE('',#1546,#1547);
#1546 = CARTESIAN_POINT('',(12.619841538984,54.492117676884,
    86.46949658718));
#1547 = VECTOR('',#1548,1.);
#1548 = DIRECTION('',(0.,0.,1.));
#1549 = ORIENTED_EDGE('',*,*,#1550,.F.);
#1550 = EDGE_CURVE('',#1551,#1543,#1553,.T.);
#1551 = VERTEX_POINT('',#1552);
#1552 = CARTESIAN_POINT('',(13.119841585402,54.492117676884,
    85.969725009649));
#1553 = ELLIPSE('',#1554,0.500380889781,0.5);
#1554 = AXIS2_PLACEMENT_3D('',#1555,#1556,#1557);
#1555 = CARTESIAN_POINT('',(13.120146311133,54.492117676884,
    86.469801173671));
#1556 = DIRECTION('',(-1.469755E-16,1.,-7.346537E-17));
#1557 = DIRECTION('',(-0.894481690366,-1.643135970925E-16,
    -0.447104580159));
#1558 = ORIENTED_EDGE('',*,*,#1559,.F.);
#1559 = EDGE_CURVE('',#1560,#1551,#1562,.T.);
#1560 = VERTEX_POINT('',#1561);
#1561 = CARTESIAN_POINT('',(15.413029285046,54.492117676884,
    85.969725009649));
#1562 = LINE('',#1563,#1564);
#1563 = CARTESIAN_POINT('',(15.413029285046,54.492117676884,
    85.969725009649));
#1564 = VECTOR('',#1565,1.);
#1565 = DIRECTION('',(-1.,0.,0.));
#1566 = ORIENTED_EDGE('',*,*,#1567,.F.);
#1567 = EDGE_CURVE('',#1568,#1560,#1570,.T.);
#1568 = VERTEX_POINT('',#1569);
#1569 = CARTESIAN_POINT('',(17.412724675359,54.492117676884,
    87.969420399961));
#1570 = ELLIPSE('',#1571,2.000609265782,2.);
#1571 = AXIS2_PLACEMENT_3D('',#1572,#1573,#1574);
#1572 = CARTESIAN_POINT('',(15.412420019271,54.492117676884,
    87.970029665736));
#1573 = DIRECTION('',(-9.184851E-17,1.,9.184851E-17));
#1574 = DIRECTION('',(0.707106781187,1.298934085258E-16,-0.707106781187)
  );
#1575 = ORIENTED_EDGE('',*,*,#1576,.F.);
#1576 = EDGE_CURVE('',#1577,#1568,#1579,.T.);
#1577 = VERTEX_POINT('',#1578);
#1578 = CARTESIAN_POINT('',(17.412724675359,54.492117676884,
    131.79547897005));
#1579 = LINE('',#1580,#1581);
#1580 = CARTESIAN_POINT('',(17.412724675359,54.492117676884,
    131.79547897005));
#1581 = VECTOR('',#1582,1.);
#1582 = DIRECTION('',(0.,0.,-1.));
#1583 = ORIENTED_EDGE('',*,*,#1584,.F.);
#1584 = EDGE_CURVE('',#1471,#1577,#1585,.T.);
#1585 = ELLIPSE('',#1586,2.000609265782,2.);
#1586 = AXIS2_PLACEMENT_3D('',#1587,#1588,#1589);
#1587 = CARTESIAN_POINT('',(15.412420019271,54.492117676884,
    131.79486970427));
#1588 = DIRECTION('',(-9.184851E-17,1.,-9.184851E-17));
#1589 = DIRECTION('',(0.707106781187,1.298934085258E-16,0.707106781187)
  );
#1590 = ORIENTED_EDGE('',*,*,#1470,.F.);
#1591 = PLANE('',#1592);
#1592 = AXIS2_PLACEMENT_3D('',#1593,#1594,#1595);
#1593 = CARTESIAN_POINT('',(15.025,54.492117676884,109.882449685));
#1594 = DIRECTION('',(0.,-1.,0.));
#1595 = DIRECTION('',(-1.,0.,0.));
#1596 = ADVANCED_FACE('',(#1597),#1608,.T.);
#1597 = FACE_BOUND('',#1598,.T.);
#1598 = EDGE_LOOP('',(#1599,#1600,#1601,#1607));
#1599 = ORIENTED_EDGE('',*,*,#1527,.F.);
#1600 = ORIENTED_EDGE('',*,*,#949,.F.);
#1601 = ORIENTED_EDGE('',*,*,#1602,.F.);
#1602 = EDGE_CURVE('',#1543,#941,#1603,.T.);
#1603 = LINE('',#1604,#1605);
#1604 = CARTESIAN_POINT('',(12.619841538984,54.492117676884,
    86.46949658718));
#1605 = VECTOR('',#1606,1.);
#1606 = DIRECTION('',(-3.489418781261E-02,0.999238800304,
    -1.74417781381E-02));
#1607 = ORIENTED_EDGE('',*,*,#1542,.T.);
#1608 = PLANE('',#1609);
#1609 = AXIS2_PLACEMENT_3D('',#1610,#1611,#1612);
#1610 = CARTESIAN_POINT('',(12.55,56.492117676884,85.882449685008));
#1611 = DIRECTION('',(-0.999390827019,-3.48994967025E-02,-2.219093E-16)
  );
#1612 = DIRECTION('',(-3.48994967025E-02,0.999390827019,-7.749245E-18));
#1613 = ADVANCED_FACE('',(#1614),#1625,.T.);
#1614 = FACE_BOUND('',#1615,.T.);
#1615 = EDGE_LOOP('',(#1616,#1617,#1618,#1619));
#1616 = ORIENTED_EDGE('',*,*,#1550,.T.);
#1617 = ORIENTED_EDGE('',*,*,#1602,.T.);
#1618 = ORIENTED_EDGE('',*,*,#940,.F.);
#1619 = ORIENTED_EDGE('',*,*,#1620,.T.);
#1620 = EDGE_CURVE('',#933,#1551,#1621,.T.);
#1621 = LINE('',#1622,#1623);
#1622 = CARTESIAN_POINT('',(13.050000046418,56.492117676884,
    85.934814879792));
#1623 = VECTOR('',#1624,1.);
#1624 = DIRECTION('',(3.489418781262E-02,-0.999238800304,
    1.744177813809E-02));
#1625 = CYLINDRICAL_SURFACE('',#1626,0.5);
#1626 = AXIS2_PLACEMENT_3D('',#1627,#1628,#1629);
#1627 = CARTESIAN_POINT('',(13.000071505057,57.930610236568,
    86.409782062786));
#1628 = DIRECTION('',(3.489418781262E-02,-0.999238800304,
    1.744177813809E-02));
#1629 = DIRECTION('',(-0.706460917912,-3.700711728253E-02,
    -0.706783874132));
#1630 = ADVANCED_FACE('',(#1631),#1657,.T.);
#1631 = FACE_BOUND('',#1632,.T.);
#1632 = EDGE_LOOP('',(#1633,#1644,#1650,#1651));
#1633 = ORIENTED_EDGE('',*,*,#1634,.T.);
#1634 = EDGE_CURVE('',#1635,#1637,#1639,.T.);
#1635 = VERTEX_POINT('',#1636);
#1636 = CARTESIAN_POINT('',(-12.61984153898,54.492117676884,
    86.46949658718));
#1637 = VERTEX_POINT('',#1638);
#1638 = CARTESIAN_POINT('',(-13.1198415854,54.492117676884,
    85.969725009649));
#1639 = ELLIPSE('',#1640,0.500380889781,0.5);
#1640 = AXIS2_PLACEMENT_3D('',#1641,#1642,#1643);
#1641 = CARTESIAN_POINT('',(-13.12014631113,54.492117676884,
    86.469801173671));
#1642 = DIRECTION('',(-1.469755E-16,1.,7.346537E-17));
#1643 = DIRECTION('',(0.894481690366,1.643135970925E-16,-0.447104580159)
  );
#1644 = ORIENTED_EDGE('',*,*,#1645,.T.);
#1645 = EDGE_CURVE('',#1637,#900,#1646,.T.);
#1646 = LINE('',#1647,#1648);
#1647 = CARTESIAN_POINT('',(-13.1198415854,54.492117676884,
    85.969725009649));
#1648 = VECTOR('',#1649,1.);
#1649 = DIRECTION('',(3.489418781261E-02,0.999238800304,
    -1.744177813809E-02));
#1650 = ORIENTED_EDGE('',*,*,#899,.F.);
#1651 = ORIENTED_EDGE('',*,*,#1652,.T.);
#1652 = EDGE_CURVE('',#892,#1635,#1653,.T.);
#1653 = LINE('',#1654,#1655);
#1654 = CARTESIAN_POINT('',(-12.55,56.492117676884,86.434586457324));
#1655 = VECTOR('',#1656,1.);
#1656 = DIRECTION('',(-3.489418781261E-02,-0.999238800304,
    1.744177813809E-02));
#1657 = CYLINDRICAL_SURFACE('',#1658,0.5);
#1658 = AXIS2_PLACEMENT_3D('',#1659,#1660,#1661);
#1659 = CARTESIAN_POINT('',(-12.99337022942,58.122509662914,
    86.40643244584));
#1660 = DIRECTION('',(-3.489418781261E-02,-0.999238800304,
    1.744177813809E-02));
#1661 = DIRECTION('',(0.706460917912,-3.700711728253E-02,-0.706783874132
    ));
#1662 = ADVANCED_FACE('',(#1663),#1674,.T.);
#1663 = FACE_BOUND('',#1664,.T.);
#1664 = EDGE_LOOP('',(#1665,#1666,#1672,#1673));
#1665 = ORIENTED_EDGE('',*,*,#1432,.F.);
#1666 = ORIENTED_EDGE('',*,*,#1667,.T.);
#1667 = EDGE_CURVE('',#1424,#1635,#1668,.T.);
#1668 = LINE('',#1669,#1670);
#1669 = CARTESIAN_POINT('',(-12.61984153898,54.492117676884,
    133.29540278283));
#1670 = VECTOR('',#1671,1.);
#1671 = DIRECTION('',(0.,0.,-1.));
#1672 = ORIENTED_EDGE('',*,*,#1652,.F.);
#1673 = ORIENTED_EDGE('',*,*,#891,.F.);
#1674 = PLANE('',#1675);
#1675 = AXIS2_PLACEMENT_3D('',#1676,#1677,#1678);
#1676 = CARTESIAN_POINT('',(-12.55,56.492117676884,133.882449685));
#1677 = DIRECTION('',(0.999390827019,-3.48994967025E-02,4.530649E-16));
#1678 = DIRECTION('',(-3.48994967025E-02,-0.999390827019,-1.582138E-17)
  );
#1679 = ADVANCED_FACE('',(#1680),#1704,.T.);
#1680 = FACE_BOUND('',#1681,.T.);
#1681 = EDGE_LOOP('',(#1682,#1683,#1689,#1698));
#1682 = ORIENTED_EDGE('',*,*,#1333,.T.);
#1683 = ORIENTED_EDGE('',*,*,#1684,.T.);
#1684 = EDGE_CURVE('',#1336,#1479,#1685,.T.);
#1685 = LINE('',#1686,#1687);
#1686 = CARTESIAN_POINT('',(15.430484349974,63.492117676885,
    133.81262942529));
#1687 = VECTOR('',#1688,1.);
#1688 = DIRECTION('',(1.744974916068E-02,-0.999695459882,
    1.744974916069E-02));
#1689 = ORIENTED_EDGE('',*,*,#1690,.T.);
#1690 = EDGE_CURVE('',#1479,#1691,#1693,.T.);
#1691 = VERTEX_POINT('',#1692);
#1692 = CARTESIAN_POINT('',(17.5,59.492117676884,131.88275429469));
#1693 = ELLIPSE('',#1694,2.000609265782,2.);
#1694 = AXIS2_PLACEMENT_3D('',#1695,#1696,#1697);
#1695 = CARTESIAN_POINT('',(15.499695343912,59.492117676884,
    131.88214502892));
#1696 = DIRECTION('',(-9.184851E-17,1.,-9.184851E-17));
#1697 = DIRECTION('',(0.707106781187,1.298934085258E-16,0.707106781187)
  );
#1698 = ORIENTED_EDGE('',*,*,#1699,.T.);
#1699 = EDGE_CURVE('',#1691,#1334,#1700,.T.);
#1700 = LINE('',#1701,#1702);
#1701 = CARTESIAN_POINT('',(17.5,59.492117676884,131.88275429469));
#1702 = VECTOR('',#1703,1.);
#1703 = DIRECTION('',(-1.744974916068E-02,0.999695459882,
    -1.744974916069E-02));
#1704 = CYLINDRICAL_SURFACE('',#1705,2.);
#1705 = AXIS2_PLACEMENT_3D('',#1706,#1707,#1708);
#1706 = CARTESIAN_POINT('',(15.495584863876,59.72760692044,
    131.87803454888));
#1707 = DIRECTION('',(-1.744974916068E-02,0.999695459882,
    -1.744974916068E-02));
#1708 = DIRECTION('',(0.706891438804,2.467767192305E-02,0.706891438804)
  );
#1709 = ADVANCED_FACE('',(#1710),#1721,.T.);
#1710 = FACE_BOUND('',#1711,.T.);
#1711 = EDGE_LOOP('',(#1712,#1713,#1719,#1720));
#1712 = ORIENTED_EDGE('',*,*,#1584,.T.);
#1713 = ORIENTED_EDGE('',*,*,#1714,.T.);
#1714 = EDGE_CURVE('',#1577,#1691,#1715,.T.);
#1715 = LINE('',#1716,#1717);
#1716 = CARTESIAN_POINT('',(17.412724675359,54.492117676884,
    131.79547897005));
#1717 = VECTOR('',#1718,1.);
#1718 = DIRECTION('',(1.744974916068E-02,0.999695459882,
    1.744974916069E-02));
#1719 = ORIENTED_EDGE('',*,*,#1690,.F.);
#1720 = ORIENTED_EDGE('',*,*,#1478,.T.);
#1721 = CYLINDRICAL_SURFACE('',#1722,2.);
#1722 = AXIS2_PLACEMENT_3D('',#1723,#1724,#1725);
#1723 = CARTESIAN_POINT('',(15.495584863876,59.256628433329,
    131.87803454888));
#1724 = DIRECTION('',(1.744974916068E-02,0.999695459882,
    1.744974916068E-02));
#1725 = DIRECTION('',(0.706891438804,-2.467767192305E-02,0.706891438804)
  );
#1726 = ADVANCED_FACE('',(#1727),#1745,.T.);
#1727 = FACE_BOUND('',#1728,.T.);
#1728 = EDGE_LOOP('',(#1729,#1730,#1738,#1744));
#1729 = ORIENTED_EDGE('',*,*,#1699,.F.);
#1730 = ORIENTED_EDGE('',*,*,#1731,.T.);
#1731 = EDGE_CURVE('',#1691,#1732,#1734,.T.);
#1732 = VERTEX_POINT('',#1733);
#1733 = CARTESIAN_POINT('',(17.5,59.492117676884,87.88214507532));
#1734 = LINE('',#1735,#1736);
#1735 = CARTESIAN_POINT('',(17.5,59.492117676884,131.88275429469));
#1736 = VECTOR('',#1737,1.);
#1737 = DIRECTION('',(0.,0.,-1.));
#1738 = ORIENTED_EDGE('',*,*,#1739,.F.);
#1739 = EDGE_CURVE('',#1345,#1732,#1740,.T.);
#1740 = LINE('',#1741,#1742);
#1741 = CARTESIAN_POINT('',(17.430179740287,63.492117676884,
    87.951965335033));
#1742 = VECTOR('',#1743,1.);
#1743 = DIRECTION('',(1.744974916068E-02,-0.999695459882,
    -1.744974916068E-02));
#1744 = ORIENTED_EDGE('',*,*,#1344,.F.);
#1745 = PLANE('',#1746);
#1746 = AXIS2_PLACEMENT_3D('',#1747,#1748,#1749);
#1747 = CARTESIAN_POINT('',(17.5,59.492117676884,133.882449685));
#1748 = DIRECTION('',(0.999847695156,1.745240643728E-02,4.070198E-16));
#1749 = DIRECTION('',(1.745240643728E-02,-0.999847695156,7.104557E-18));
#1750 = ADVANCED_FACE('',(#1751),#1762,.T.);
#1751 = FACE_BOUND('',#1752,.T.);
#1752 = EDGE_LOOP('',(#1753,#1754,#1755,#1761));
#1753 = ORIENTED_EDGE('',*,*,#1714,.F.);
#1754 = ORIENTED_EDGE('',*,*,#1576,.T.);
#1755 = ORIENTED_EDGE('',*,*,#1756,.F.);
#1756 = EDGE_CURVE('',#1732,#1568,#1757,.T.);
#1757 = LINE('',#1758,#1759);
#1758 = CARTESIAN_POINT('',(17.5,59.492117676884,87.88214507532));
#1759 = VECTOR('',#1760,1.);
#1760 = DIRECTION('',(-1.744974916068E-02,-0.999695459882,
    1.744974916068E-02));
#1761 = ORIENTED_EDGE('',*,*,#1731,.F.);
#1762 = PLANE('',#1763);
#1763 = AXIS2_PLACEMENT_3D('',#1764,#1765,#1766);
#1764 = CARTESIAN_POINT('',(17.5,59.492117676884,133.882449685));
#1765 = DIRECTION('',(0.999847695156,-1.745240643728E-02,4.070198E-16));
#1766 = DIRECTION('',(-1.745240643728E-02,-0.999847695156,-7.104557E-18)
  );
#1767 = ADVANCED_FACE('',(#1768),#1792,.T.);
#1768 = FACE_BOUND('',#1769,.T.);
#1769 = EDGE_LOOP('',(#1770,#1771,#1779,#1786));
#1770 = ORIENTED_EDGE('',*,*,#1386,.T.);
#1771 = ORIENTED_EDGE('',*,*,#1772,.T.);
#1772 = EDGE_CURVE('',#1379,#1773,#1775,.T.);
#1773 = VERTEX_POINT('',#1774);
#1774 = CARTESIAN_POINT('',(-17.5,59.492117676884,131.88275429469));
#1775 = LINE('',#1776,#1777);
#1776 = CARTESIAN_POINT('',(-17.43017974028,63.492117676884,
    131.81293403498));
#1777 = VECTOR('',#1778,1.);
#1778 = DIRECTION('',(-1.744974916068E-02,-0.999695459882,
    1.744974916068E-02));
#1779 = ORIENTED_EDGE('',*,*,#1780,.T.);
#1780 = EDGE_CURVE('',#1773,#1487,#1781,.T.);
#1781 = ELLIPSE('',#1782,2.000609265782,2.);
#1782 = AXIS2_PLACEMENT_3D('',#1783,#1784,#1785);
#1783 = CARTESIAN_POINT('',(-15.49969534391,59.492117676884,
    131.88214502892));
#1784 = DIRECTION('',(-5.716989E-17,1.,5.716989E-17));
#1785 = DIRECTION('',(-0.707106781187,-8.085043379738E-17,0.707106781187
    ));
#1786 = ORIENTED_EDGE('',*,*,#1787,.T.);
#1787 = EDGE_CURVE('',#1487,#1387,#1788,.T.);
#1788 = LINE('',#1789,#1790);
#1789 = CARTESIAN_POINT('',(-15.50030460968,59.492117676884,
    133.882449685));
#1790 = VECTOR('',#1791,1.);
#1791 = DIRECTION('',(1.744974916068E-02,0.999695459882,
    -1.744974916068E-02));
#1792 = CYLINDRICAL_SURFACE('',#1793,2.);
#1793 = AXIS2_PLACEMENT_3D('',#1794,#1795,#1796);
#1794 = CARTESIAN_POINT('',(-15.49360565452,59.840995748018,
    131.87605533953));
#1795 = DIRECTION('',(1.744974916068E-02,0.999695459882,
    -1.744974916068E-02));
#1796 = DIRECTION('',(-0.706891438804,2.467767192305E-02,0.706891438804)
  );
#1797 = ADVANCED_FACE('',(#1798),#1817,.T.);
#1798 = FACE_BOUND('',#1799,.T.);
#1799 = EDGE_LOOP('',(#1800,#1809,#1810,#1811));
#1800 = ORIENTED_EDGE('',*,*,#1801,.T.);
#1801 = EDGE_CURVE('',#1802,#1495,#1804,.T.);
#1802 = VERTEX_POINT('',#1803);
#1803 = CARTESIAN_POINT('',(-17.41272467535,54.492117676884,
    131.79547897005));
#1804 = ELLIPSE('',#1805,2.000609265782,2.);
#1805 = AXIS2_PLACEMENT_3D('',#1806,#1807,#1808);
#1806 = CARTESIAN_POINT('',(-15.41242001927,54.492117676884,
    131.79486970427));
#1807 = DIRECTION('',(-9.184851E-17,1.,9.184851E-17));
#1808 = DIRECTION('',(-0.707106781187,-1.298934085258E-16,0.707106781187
    ));
#1809 = ORIENTED_EDGE('',*,*,#1494,.T.);
#1810 = ORIENTED_EDGE('',*,*,#1780,.F.);
#1811 = ORIENTED_EDGE('',*,*,#1812,.T.);
#1812 = EDGE_CURVE('',#1773,#1802,#1813,.T.);
#1813 = LINE('',#1814,#1815);
#1814 = CARTESIAN_POINT('',(-17.5,59.492117676884,131.88275429469));
#1815 = VECTOR('',#1816,1.);
#1816 = DIRECTION('',(1.744974916068E-02,-0.999695459882,
    -1.744974916069E-02));
#1817 = CYLINDRICAL_SURFACE('',#1818,2.);
#1818 = AXIS2_PLACEMENT_3D('',#1819,#1820,#1821);
#1819 = CARTESIAN_POINT('',(-15.49360565452,59.143239605751,
    131.87605533953));
#1820 = DIRECTION('',(-1.744974916068E-02,0.999695459882,
    1.744974916068E-02));
#1821 = DIRECTION('',(-0.706891438804,-2.467767192305E-02,0.706891438804
    ));
#1822 = ADVANCED_FACE('',(#1823),#1848,.T.);
#1823 = FACE_BOUND('',#1824,.T.);
#1824 = EDGE_LOOP('',(#1825,#1826,#1834,#1842));
#1825 = ORIENTED_EDGE('',*,*,#1812,.F.);
#1826 = ORIENTED_EDGE('',*,*,#1827,.F.);
#1827 = EDGE_CURVE('',#1828,#1773,#1830,.T.);
#1828 = VERTEX_POINT('',#1829);
#1829 = CARTESIAN_POINT('',(-17.5,59.492117676884,87.88214507532));
#1830 = LINE('',#1831,#1832);
#1831 = CARTESIAN_POINT('',(-17.5,59.492117676884,87.88214507532));
#1832 = VECTOR('',#1833,1.);
#1833 = DIRECTION('',(0.,0.,1.));
#1834 = ORIENTED_EDGE('',*,*,#1835,.F.);
#1835 = EDGE_CURVE('',#1836,#1828,#1838,.T.);
#1836 = VERTEX_POINT('',#1837);
#1837 = CARTESIAN_POINT('',(-17.41272467535,54.492117676884,
    87.969420399961));
#1838 = LINE('',#1839,#1840);
#1839 = CARTESIAN_POINT('',(-17.41272467535,54.492117676884,
    87.969420399961));
#1840 = VECTOR('',#1841,1.);
#1841 = DIRECTION('',(-1.744974916068E-02,0.999695459882,
    -1.744974916068E-02));
#1842 = ORIENTED_EDGE('',*,*,#1843,.T.);
#1843 = EDGE_CURVE('',#1836,#1802,#1844,.T.);
#1844 = LINE('',#1845,#1846);
#1845 = CARTESIAN_POINT('',(-17.41272467535,54.492117676884,
    87.969420399961));
#1846 = VECTOR('',#1847,1.);
#1847 = DIRECTION('',(0.,0.,1.));
#1848 = PLANE('',#1849);
#1849 = AXIS2_PLACEMENT_3D('',#1850,#1851,#1852);
#1850 = CARTESIAN_POINT('',(-17.5,59.492117676884,85.882449685008));
#1851 = DIRECTION('',(-0.999847695156,-1.745240643728E-02,-3.145153E-16)
  );
#1852 = DIRECTION('',(-1.745240643728E-02,0.999847695156,-5.489885E-18)
  );
#1853 = ADVANCED_FACE('',(#1854),#1865,.T.);
#1854 = FACE_BOUND('',#1855,.T.);
#1855 = EDGE_LOOP('',(#1856,#1857,#1858,#1864));
#1856 = ORIENTED_EDGE('',*,*,#1772,.F.);
#1857 = ORIENTED_EDGE('',*,*,#1378,.F.);
#1858 = ORIENTED_EDGE('',*,*,#1859,.F.);
#1859 = EDGE_CURVE('',#1828,#1370,#1860,.T.);
#1860 = LINE('',#1861,#1862);
#1861 = CARTESIAN_POINT('',(-17.5,59.492117676884,87.88214507532));
#1862 = VECTOR('',#1863,1.);
#1863 = DIRECTION('',(1.744974916068E-02,0.999695459882,
    1.744974916068E-02));
#1864 = ORIENTED_EDGE('',*,*,#1827,.T.);
#1865 = PLANE('',#1866);
#1866 = AXIS2_PLACEMENT_3D('',#1867,#1868,#1869);
#1867 = CARTESIAN_POINT('',(-17.5,59.492117676884,85.882449685008));
#1868 = DIRECTION('',(-0.999847695156,1.745240643728E-02,-3.145153E-16)
  );
#1869 = DIRECTION('',(1.745240643728E-02,0.999847695156,5.489885E-18));
#1870 = ADVANCED_FACE('',(#1871),#1890,.T.);
#1871 = FACE_BOUND('',#1872,.T.);
#1872 = EDGE_LOOP('',(#1873,#1874,#1882,#1889));
#1873 = ORIENTED_EDGE('',*,*,#1369,.T.);
#1874 = ORIENTED_EDGE('',*,*,#1875,.T.);
#1875 = EDGE_CURVE('',#1362,#1876,#1878,.T.);
#1876 = VERTEX_POINT('',#1877);
#1877 = CARTESIAN_POINT('',(-15.50030460968,59.492117676884,
    85.882449685008));
#1878 = LINE('',#1879,#1880);
#1879 = CARTESIAN_POINT('',(-15.43048434997,63.492117676885,
    85.95226994472));
#1880 = VECTOR('',#1881,1.);
#1881 = DIRECTION('',(-1.744974916068E-02,-0.999695459882,
    -1.744974916068E-02));
#1882 = ORIENTED_EDGE('',*,*,#1883,.T.);
#1883 = EDGE_CURVE('',#1876,#1828,#1884,.T.);
#1884 = ELLIPSE('',#1885,2.000609265782,2.);
#1885 = AXIS2_PLACEMENT_3D('',#1886,#1887,#1888);
#1886 = CARTESIAN_POINT('',(-15.49969534391,59.492117676884,
    87.882754341095));
#1887 = DIRECTION('',(-9.184851E-17,1.,-9.184851E-17));
#1888 = DIRECTION('',(-0.707106781187,-1.298934085258E-16,
    -0.707106781187));
#1889 = ORIENTED_EDGE('',*,*,#1859,.T.);
#1890 = CYLINDRICAL_SURFACE('',#1891,2.);
#1891 = AXIS2_PLACEMENT_3D('',#1892,#1893,#1894);
#1892 = CARTESIAN_POINT('',(-15.49558486387,59.72760692044,
    87.886864821131));
#1893 = DIRECTION('',(1.744974916068E-02,0.999695459882,
    1.744974916068E-02));
#1894 = DIRECTION('',(-0.706891438804,2.467767192305E-02,-0.706891438804
    ));
#1895 = ADVANCED_FACE('',(#1896),#1915,.T.);
#1896 = FACE_BOUND('',#1897,.T.);
#1897 = EDGE_LOOP('',(#1898,#1907,#1908,#1909));
#1898 = ORIENTED_EDGE('',*,*,#1899,.T.);
#1899 = EDGE_CURVE('',#1900,#1836,#1902,.T.);
#1900 = VERTEX_POINT('',#1901);
#1901 = CARTESIAN_POINT('',(-15.41302928504,54.492117676884,
    85.969725009649));
#1902 = ELLIPSE('',#1903,2.000609265782,2.);
#1903 = AXIS2_PLACEMENT_3D('',#1904,#1905,#1906);
#1904 = CARTESIAN_POINT('',(-15.41242001927,54.492117676884,
    87.970029665736));
#1905 = DIRECTION('',(-9.184851E-17,1.,-9.184851E-17));
#1906 = DIRECTION('',(-0.707106781187,-1.298934085258E-16,
    -0.707106781187));
#1907 = ORIENTED_EDGE('',*,*,#1835,.T.);
#1908 = ORIENTED_EDGE('',*,*,#1883,.F.);
#1909 = ORIENTED_EDGE('',*,*,#1910,.T.);
#1910 = EDGE_CURVE('',#1876,#1900,#1911,.T.);
#1911 = LINE('',#1912,#1913);
#1912 = CARTESIAN_POINT('',(-15.50030460968,59.492117676884,
    85.882449685008));
#1913 = VECTOR('',#1914,1.);
#1914 = DIRECTION('',(1.744974916068E-02,-0.999695459882,
    1.744974916068E-02));
#1915 = CYLINDRICAL_SURFACE('',#1916,2.);
#1916 = AXIS2_PLACEMENT_3D('',#1917,#1918,#1919);
#1917 = CARTESIAN_POINT('',(-15.49558486387,59.256628433329,
    87.886864821131));
#1918 = DIRECTION('',(-1.744974916068E-02,0.999695459882,
    -1.744974916068E-02));
#1919 = DIRECTION('',(-0.706891438804,-2.467767192305E-02,
    -0.706891438804));
#1920 = ADVANCED_FACE('',(#1921),#1955,.T.);
#1921 = FACE_BOUND('',#1922,.T.);
#1922 = EDGE_LOOP('',(#1923,#1924,#1925,#1931,#1932,#1940,#1946,#1947,
    #1948,#1949));
#1923 = ORIENTED_EDGE('',*,*,#908,.F.);
#1924 = ORIENTED_EDGE('',*,*,#1645,.F.);
#1925 = ORIENTED_EDGE('',*,*,#1926,.T.);
#1926 = EDGE_CURVE('',#1637,#1900,#1927,.T.);
#1927 = LINE('',#1928,#1929);
#1928 = CARTESIAN_POINT('',(-13.1198415854,54.492117676884,
    85.969725009649));
#1929 = VECTOR('',#1930,1.);
#1930 = DIRECTION('',(-1.,0.,0.));
#1931 = ORIENTED_EDGE('',*,*,#1910,.F.);
#1932 = ORIENTED_EDGE('',*,*,#1933,.F.);
#1933 = EDGE_CURVE('',#1934,#1876,#1936,.T.);
#1934 = VERTEX_POINT('',#1935);
#1935 = CARTESIAN_POINT('',(15.500304609687,59.492117676884,
    85.882449685008));
#1936 = LINE('',#1937,#1938);
#1937 = CARTESIAN_POINT('',(15.500304609687,59.492117676884,
    85.882449685008));
#1938 = VECTOR('',#1939,1.);
#1939 = DIRECTION('',(-1.,0.,0.));
#1940 = ORIENTED_EDGE('',*,*,#1941,.F.);
#1941 = EDGE_CURVE('',#1560,#1934,#1942,.T.);
#1942 = LINE('',#1943,#1944);
#1943 = CARTESIAN_POINT('',(15.413029285046,54.492117676884,
    85.969725009649));
#1944 = VECTOR('',#1945,1.);
#1945 = DIRECTION('',(1.744974916068E-02,0.999695459882,
    -1.744974916068E-02));
#1946 = ORIENTED_EDGE('',*,*,#1559,.T.);
#1947 = ORIENTED_EDGE('',*,*,#1620,.F.);
#1948 = ORIENTED_EDGE('',*,*,#932,.F.);
#1949 = ORIENTED_EDGE('',*,*,#1950,.F.);
#1950 = EDGE_CURVE('',#865,#925,#1951,.T.);
#1951 = LINE('',#1952,#1953);
#1952 = CARTESIAN_POINT('',(-12.,56.492117676884,85.934814879792));
#1953 = VECTOR('',#1954,1.);
#1954 = DIRECTION('',(1.,0.,0.));
#1955 = PLANE('',#1956);
#1956 = AXIS2_PLACEMENT_3D('',#1957,#1958,#1959);
#1957 = CARTESIAN_POINT('',(17.5,59.492117676884,85.882449685008));
#1958 = DIRECTION('',(3.5208E-16,-1.745240643728E-02,-0.999847695156));
#1959 = DIRECTION('',(1.775794E-16,-0.999847695156,1.745240643728E-02));
#1960 = ADVANCED_FACE('',(#1961),#1972,.T.);
#1961 = FACE_BOUND('',#1962,.T.);
#1962 = EDGE_LOOP('',(#1963,#1964,#1965,#1971));
#1963 = ORIENTED_EDGE('',*,*,#1875,.F.);
#1964 = ORIENTED_EDGE('',*,*,#1361,.F.);
#1965 = ORIENTED_EDGE('',*,*,#1966,.F.);
#1966 = EDGE_CURVE('',#1934,#1353,#1967,.T.);
#1967 = LINE('',#1968,#1969);
#1968 = CARTESIAN_POINT('',(15.500304609687,59.492117676884,
    85.882449685008));
#1969 = VECTOR('',#1970,1.);
#1970 = DIRECTION('',(-1.744974916068E-02,0.999695459882,
    1.744974916068E-02));
#1971 = ORIENTED_EDGE('',*,*,#1933,.T.);
#1972 = PLANE('',#1973);
#1973 = AXIS2_PLACEMENT_3D('',#1974,#1975,#1976);
#1974 = CARTESIAN_POINT('',(17.5,59.492117676884,85.882449685008));
#1975 = DIRECTION('',(3.456681E-16,1.745240643728E-02,-0.999847695156));
#1976 = DIRECTION('',(1.897587E-16,-0.999847695156,-1.745240643728E-02)
  );
#1977 = ADVANCED_FACE('',(#1978),#1990,.T.);
#1978 = FACE_BOUND('',#1979,.T.);
#1979 = EDGE_LOOP('',(#1980,#1981,#1982,#1989));
#1980 = ORIENTED_EDGE('',*,*,#1567,.T.);
#1981 = ORIENTED_EDGE('',*,*,#1941,.T.);
#1982 = ORIENTED_EDGE('',*,*,#1983,.T.);
#1983 = EDGE_CURVE('',#1934,#1732,#1984,.T.);
#1984 = ELLIPSE('',#1985,2.000609265782,2.);
#1985 = AXIS2_PLACEMENT_3D('',#1986,#1987,#1988);
#1986 = CARTESIAN_POINT('',(15.499695343912,59.492117676884,
    87.882754341095));
#1987 = DIRECTION('',(9.184851E-17,-1.,-9.184851E-17));
#1988 = DIRECTION('',(0.707106781187,1.298934085258E-16,-0.707106781187)
  );
#1989 = ORIENTED_EDGE('',*,*,#1756,.T.);
#1990 = CYLINDRICAL_SURFACE('',#1991,2.);
#1991 = AXIS2_PLACEMENT_3D('',#1992,#1993,#1994);
#1992 = CARTESIAN_POINT('',(15.493605654529,59.143239605751,
    87.888844030479));
#1993 = DIRECTION('',(-1.744974916068E-02,-0.999695459882,
    1.744974916068E-02));
#1994 = DIRECTION('',(0.706891438804,-2.467767192305E-02,-0.706891438804
    ));
#1995 = ADVANCED_FACE('',(#1996),#2002,.T.);
#1996 = FACE_BOUND('',#1997,.T.);
#1997 = EDGE_LOOP('',(#1998,#1999,#2000,#2001));
#1998 = ORIENTED_EDGE('',*,*,#1352,.T.);
#1999 = ORIENTED_EDGE('',*,*,#1739,.T.);
#2000 = ORIENTED_EDGE('',*,*,#1983,.F.);
#2001 = ORIENTED_EDGE('',*,*,#1966,.T.);
#2002 = CYLINDRICAL_SURFACE('',#2003,2.);
#2003 = AXIS2_PLACEMENT_3D('',#2004,#2005,#2006);
#2004 = CARTESIAN_POINT('',(15.493605654529,59.840995748018,
    87.888844030479));
#2005 = DIRECTION('',(1.744974916068E-02,-0.999695459882,
    -1.744974916068E-02));
#2006 = DIRECTION('',(0.706891438804,2.467767192305E-02,-0.706891438804)
  );
#2007 = ADVANCED_FACE('',(#2008),#2014,.T.);
#2008 = FACE_BOUND('',#2009,.T.);
#2009 = EDGE_LOOP('',(#2010,#2011,#2012,#2013));
#2010 = ORIENTED_EDGE('',*,*,#1684,.F.);
#2011 = ORIENTED_EDGE('',*,*,#1395,.F.);
#2012 = ORIENTED_EDGE('',*,*,#1787,.F.);
#2013 = ORIENTED_EDGE('',*,*,#1486,.T.);
#2014 = PLANE('',#2015);
#2015 = AXIS2_PLACEMENT_3D('',#2016,#2017,#2018);
#2016 = CARTESIAN_POINT('',(-17.5,59.492117676884,133.882449685));
#2017 = DIRECTION('',(-3.5208E-16,1.745240643728E-02,0.999847695156));
#2018 = DIRECTION('',(-1.775794E-16,0.999847695156,-1.745240643728E-02)
  );
#2019 = ADVANCED_FACE('',(#2020),#2030,.T.);
#2020 = FACE_BOUND('',#2021,.T.);
#2021 = EDGE_LOOP('',(#2022,#2023,#2024,#2025,#2026,#2027,#2028,#2029));
#2022 = ORIENTED_EDGE('',*,*,#1421,.F.);
#2023 = ORIENTED_EDGE('',*,*,#1502,.F.);
#2024 = ORIENTED_EDGE('',*,*,#1801,.F.);
#2025 = ORIENTED_EDGE('',*,*,#1843,.F.);
#2026 = ORIENTED_EDGE('',*,*,#1899,.F.);
#2027 = ORIENTED_EDGE('',*,*,#1926,.F.);
#2028 = ORIENTED_EDGE('',*,*,#1634,.F.);
#2029 = ORIENTED_EDGE('',*,*,#1667,.F.);
#2030 = PLANE('',#2031);
#2031 = AXIS2_PLACEMENT_3D('',#2032,#2033,#2034);
#2032 = CARTESIAN_POINT('',(-15.025,54.492117676884,109.882449685));
#2033 = DIRECTION('',(0.,-1.,0.));
#2034 = DIRECTION('',(-1.,0.,0.));
#2035 = ADVANCED_FACE('',(#2036),#2064,.F.);
#2036 = FACE_BOUND('',#2037,.T.);
#2037 = EDGE_LOOP('',(#2038,#2049,#2058));
#2038 = ORIENTED_EDGE('',*,*,#2039,.F.);
#2039 = EDGE_CURVE('',#2040,#2042,#2044,.T.);
#2040 = VERTEX_POINT('',#2041);
#2041 = CARTESIAN_POINT('',(17.08685546828,29.492117676884,
    132.93338049153));
#2042 = VERTEX_POINT('',#2043);
#2043 = CARTESIAN_POINT('',(15.244101612037,29.492117676884,
    133.81262942529));
#2044 = CIRCLE('',#2045,4.);
#2045 = AXIS2_PLACEMENT_3D('',#2046,#2047,#2048);
#2046 = CARTESIAN_POINT('',(14.5,29.492117676884,129.882449685));
#2047 = DIRECTION('',(1.377069E-15,-1.,1.377069E-15));
#2048 = DIRECTION('',(0.707106781187,1.947469656124E-15,0.707106781187)
  );
#2049 = ORIENTED_EDGE('',*,*,#2050,.F.);
#2050 = EDGE_CURVE('',#2051,#2040,#2053,.T.);
#2051 = VERTEX_POINT('',#2052);
#2052 = CARTESIAN_POINT('',(15.430484349974,29.492117676884,
    133.81262942529));
#2053 = ELLIPSE('',#2054,2.000609265782,2.);
#2054 = AXIS2_PLACEMENT_3D('',#2055,#2056,#2057);
#2055 = CARTESIAN_POINT('',(15.429875084199,29.492117676884,
    131.8123247692));
#2056 = DIRECTION('',(-9.184851E-17,1.,-9.184851E-17));
#2057 = DIRECTION('',(0.707106781187,1.298934085258E-16,0.707106781187)
  );
#2058 = ORIENTED_EDGE('',*,*,#2059,.T.);
#2059 = EDGE_CURVE('',#2051,#2042,#2060,.T.);
#2060 = LINE('',#2061,#2062);
#2061 = CARTESIAN_POINT('',(15.430484349974,29.492117676884,
    133.81262942529));
#2062 = VECTOR('',#2063,1.);
#2063 = DIRECTION('',(-1.,0.,0.));
#2064 = PLANE('',#2065);
#2065 = AXIS2_PLACEMENT_3D('',#2066,#2067,#2068);
#2066 = CARTESIAN_POINT('',(3.305717E-14,29.492117676884,109.882449685)
  );
#2067 = DIRECTION('',(0.,1.,0.));
#2068 = DIRECTION('',(1.,0.,0.));
#2069 = ADVANCED_FACE('',(#2070),#2098,.F.);
#2070 = FACE_BOUND('',#2071,.T.);
#2071 = EDGE_LOOP('',(#2072,#2083,#2091));
#2072 = ORIENTED_EDGE('',*,*,#2073,.F.);
#2073 = EDGE_CURVE('',#2074,#2076,#2078,.T.);
#2074 = VERTEX_POINT('',#2075);
#2075 = CARTESIAN_POINT('',(15.244101612037,29.492117676884,
    85.95226994472));
#2076 = VERTEX_POINT('',#2077);
#2077 = CARTESIAN_POINT('',(17.086855468279,29.492117676884,
    86.831518878478));
#2078 = CIRCLE('',#2079,4.);
#2079 = AXIS2_PLACEMENT_3D('',#2080,#2081,#2082);
#2080 = CARTESIAN_POINT('',(14.5,29.492117676884,89.882449685008));
#2081 = DIRECTION('',(-1.429294E-15,-1.,1.429294E-15));
#2082 = DIRECTION('',(0.707106781187,-2.021326959418E-15,-0.707106781187
    ));
#2083 = ORIENTED_EDGE('',*,*,#2084,.T.);
#2084 = EDGE_CURVE('',#2074,#2085,#2087,.T.);
#2085 = VERTEX_POINT('',#2086);
#2086 = CARTESIAN_POINT('',(15.430484349974,29.492117676884,
    85.95226994472));
#2087 = LINE('',#2088,#2089);
#2088 = CARTESIAN_POINT('',(15.244101612037,29.492117676884,
    85.95226994472));
#2089 = VECTOR('',#2090,1.);
#2090 = DIRECTION('',(1.,0.,0.));
#2091 = ORIENTED_EDGE('',*,*,#2092,.F.);
#2092 = EDGE_CURVE('',#2076,#2085,#2093,.T.);
#2093 = ELLIPSE('',#2094,2.000609265782,2.);
#2094 = AXIS2_PLACEMENT_3D('',#2095,#2096,#2097);
#2095 = CARTESIAN_POINT('',(15.429875084199,29.492117676884,
    87.952574600808));
#2096 = DIRECTION('',(-9.184851E-17,1.,9.184851E-17));
#2097 = DIRECTION('',(0.707106781187,1.298934085258E-16,-0.707106781187)
  );
#2098 = PLANE('',#2099);
#2099 = AXIS2_PLACEMENT_3D('',#2100,#2101,#2102);
#2100 = CARTESIAN_POINT('',(3.305717E-14,29.492117676884,109.882449685)
  );
#2101 = DIRECTION('',(0.,1.,0.));
#2102 = DIRECTION('',(1.,0.,0.));
#2103 = ADVANCED_FACE('',(#2104),#2132,.F.);
#2104 = FACE_BOUND('',#2105,.T.);
#2105 = EDGE_LOOP('',(#2106,#2117,#2126));
#2106 = ORIENTED_EDGE('',*,*,#2107,.F.);
#2107 = EDGE_CURVE('',#2108,#2110,#2112,.T.);
#2108 = VERTEX_POINT('',#2109);
#2109 = CARTESIAN_POINT('',(-17.08685546827,29.492117676884,
    86.831518878478));
#2110 = VERTEX_POINT('',#2111);
#2111 = CARTESIAN_POINT('',(-15.24410161203,29.492117676884,
    85.95226994472));
#2112 = CIRCLE('',#2113,4.);
#2113 = AXIS2_PLACEMENT_3D('',#2114,#2115,#2116);
#2114 = CARTESIAN_POINT('',(-14.5,29.492117676884,89.882449685008));
#2115 = DIRECTION('',(1.377069E-15,-1.,1.377069E-15));
#2116 = DIRECTION('',(-0.707106781187,-1.947469656124E-15,
    -0.707106781187));
#2117 = ORIENTED_EDGE('',*,*,#2118,.F.);
#2118 = EDGE_CURVE('',#2119,#2108,#2121,.T.);
#2119 = VERTEX_POINT('',#2120);
#2120 = CARTESIAN_POINT('',(-15.43048434997,29.492117676884,
    85.95226994472));
#2121 = ELLIPSE('',#2122,2.000609265782,2.);
#2122 = AXIS2_PLACEMENT_3D('',#2123,#2124,#2125);
#2123 = CARTESIAN_POINT('',(-15.42987508419,29.492117676884,
    87.952574600808));
#2124 = DIRECTION('',(-9.184851E-17,1.,-9.184851E-17));
#2125 = DIRECTION('',(-0.707106781187,-1.298934085258E-16,
    -0.707106781187));
#2126 = ORIENTED_EDGE('',*,*,#2127,.T.);
#2127 = EDGE_CURVE('',#2119,#2110,#2128,.T.);
#2128 = LINE('',#2129,#2130);
#2129 = CARTESIAN_POINT('',(-15.43048434997,29.492117676884,
    85.95226994472));
#2130 = VECTOR('',#2131,1.);
#2131 = DIRECTION('',(1.,0.,0.));
#2132 = PLANE('',#2133);
#2133 = AXIS2_PLACEMENT_3D('',#2134,#2135,#2136);
#2134 = CARTESIAN_POINT('',(3.305717E-14,29.492117676884,109.882449685)
  );
#2135 = DIRECTION('',(0.,1.,0.));
#2136 = DIRECTION('',(1.,0.,0.));
#2137 = ADVANCED_FACE('',(#2138),#2166,.F.);
#2138 = FACE_BOUND('',#2139,.T.);
#2139 = EDGE_LOOP('',(#2140,#2151,#2159));
#2140 = ORIENTED_EDGE('',*,*,#2141,.F.);
#2141 = EDGE_CURVE('',#2142,#2144,#2146,.T.);
#2142 = VERTEX_POINT('',#2143);
#2143 = CARTESIAN_POINT('',(-15.24410161203,29.492117676884,
    133.81262942529));
#2144 = VERTEX_POINT('',#2145);
#2145 = CARTESIAN_POINT('',(-17.08685546827,29.492117676884,
    132.93338049153));
#2146 = CIRCLE('',#2147,4.);
#2147 = AXIS2_PLACEMENT_3D('',#2148,#2149,#2150);
#2148 = CARTESIAN_POINT('',(-14.5,29.492117676884,129.882449685));
#2149 = DIRECTION('',(-1.429294E-15,-1.,1.429294E-15));
#2150 = DIRECTION('',(-0.707106781187,2.021326959418E-15,0.707106781187)
  );
#2151 = ORIENTED_EDGE('',*,*,#2152,.T.);
#2152 = EDGE_CURVE('',#2142,#2153,#2155,.T.);
#2153 = VERTEX_POINT('',#2154);
#2154 = CARTESIAN_POINT('',(-15.43048434997,29.492117676884,
    133.81262942529));
#2155 = LINE('',#2156,#2157);
#2156 = CARTESIAN_POINT('',(-15.24410161203,29.492117676884,
    133.81262942529));
#2157 = VECTOR('',#2158,1.);
#2158 = DIRECTION('',(-1.,0.,0.));
#2159 = ORIENTED_EDGE('',*,*,#2160,.F.);
#2160 = EDGE_CURVE('',#2144,#2153,#2161,.T.);
#2161 = ELLIPSE('',#2162,2.000609265782,2.);
#2162 = AXIS2_PLACEMENT_3D('',#2163,#2164,#2165);
#2163 = CARTESIAN_POINT('',(-15.42987508419,29.492117676884,
    131.8123247692));
#2164 = DIRECTION('',(-9.184851E-17,1.,9.184851E-17));
#2165 = DIRECTION('',(-0.707106781187,-1.298934085258E-16,0.707106781187
    ));
#2166 = PLANE('',#2167);
#2167 = AXIS2_PLACEMENT_3D('',#2168,#2169,#2170);
#2168 = CARTESIAN_POINT('',(3.305717E-14,29.492117676884,109.882449685)
  );
#2169 = DIRECTION('',(0.,1.,0.));
#2170 = DIRECTION('',(1.,0.,0.));
#2171 = ADVANCED_FACE('',(#2172),#2198,.T.);
#2172 = FACE_BOUND('',#2173,.T.);
#2173 = EDGE_LOOP('',(#2174,#2185,#2191,#2192));
#2174 = ORIENTED_EDGE('',*,*,#2175,.T.);
#2175 = EDGE_CURVE('',#2176,#2178,#2180,.T.);
#2176 = VERTEX_POINT('',#2177);
#2177 = CARTESIAN_POINT('',(13.119841585402,38.492117676884,
    133.79517436036));
#2178 = VERTEX_POINT('',#2179);
#2179 = CARTESIAN_POINT('',(12.619841538984,38.492117676884,
    133.29540278283));
#2180 = ELLIPSE('',#2181,0.500380889781,0.5);
#2181 = AXIS2_PLACEMENT_3D('',#2182,#2183,#2184);
#2182 = CARTESIAN_POINT('',(13.120146311133,38.492117676884,
    133.29509819634));
#2183 = DIRECTION('',(1.469755E-16,-1.,-7.346537E-17));
#2184 = DIRECTION('',(-0.894481690366,-1.643135970925E-16,0.447104580159
    ));
#2185 = ORIENTED_EDGE('',*,*,#2186,.T.);
#2186 = EDGE_CURVE('',#2178,#999,#2187,.T.);
#2187 = LINE('',#2188,#2189);
#2188 = CARTESIAN_POINT('',(12.619841538984,38.492117676885,
    133.29540278283));
#2189 = VECTOR('',#2190,1.);
#2190 = DIRECTION('',(-3.489418781261E-02,-0.999238800304,
    1.744177813809E-02));
#2191 = ORIENTED_EDGE('',*,*,#998,.F.);
#2192 = ORIENTED_EDGE('',*,*,#2193,.T.);
#2193 = EDGE_CURVE('',#991,#2176,#2194,.T.);
#2194 = LINE('',#2195,#2196);
#2195 = CARTESIAN_POINT('',(13.050000046418,36.492117676884,
    133.83008449022));
#2196 = VECTOR('',#2197,1.);
#2197 = DIRECTION('',(3.489418781261E-02,0.999238800304,
    -1.74417781381E-02));
#2198 = CYLINDRICAL_SURFACE('',#2199,0.5);
#2199 = AXIS2_PLACEMENT_3D('',#2200,#2201,#2202);
#2200 = CARTESIAN_POINT('',(13.000071505057,35.053625117201,
    133.35511730722));
#2201 = DIRECTION('',(3.489418781261E-02,0.999238800304,
    -1.744177813809E-02));
#2202 = DIRECTION('',(-0.706460917912,3.700711728253E-02,0.706783874132)
  );
#2203 = ADVANCED_FACE('',(#2204),#2261,.T.);
#2204 = FACE_BOUND('',#2205,.T.);
#2205 = EDGE_LOOP('',(#2206,#2207,#2208,#2214,#2215,#2223,#2231,#2239,
    #2247,#2255));
#2206 = ORIENTED_EDGE('',*,*,#2193,.F.);
#2207 = ORIENTED_EDGE('',*,*,#990,.F.);
#2208 = ORIENTED_EDGE('',*,*,#2209,.F.);
#2209 = EDGE_CURVE('',#1039,#983,#2210,.T.);
#2210 = LINE('',#2211,#2212);
#2211 = CARTESIAN_POINT('',(-12.,36.492117676884,133.83008449022));
#2212 = VECTOR('',#2213,1.);
#2213 = DIRECTION('',(1.,0.,0.));
#2214 = ORIENTED_EDGE('',*,*,#1082,.F.);
#2215 = ORIENTED_EDGE('',*,*,#2216,.F.);
#2216 = EDGE_CURVE('',#2217,#1074,#2219,.T.);
#2217 = VERTEX_POINT('',#2218);
#2218 = CARTESIAN_POINT('',(-13.1198415854,38.492117676884,
    133.79517436036));
#2219 = LINE('',#2220,#2221);
#2220 = CARTESIAN_POINT('',(-13.1198415854,38.492117676884,
    133.79517436036));
#2221 = VECTOR('',#2222,1.);
#2222 = DIRECTION('',(3.489418781262E-02,-0.999238800304,
    1.744177813809E-02));
#2223 = ORIENTED_EDGE('',*,*,#2224,.T.);
#2224 = EDGE_CURVE('',#2217,#2225,#2227,.T.);
#2225 = VERTEX_POINT('',#2226);
#2226 = CARTESIAN_POINT('',(-15.41302928504,38.492117676884,
    133.79517436036));
#2227 = LINE('',#2228,#2229);
#2228 = CARTESIAN_POINT('',(-13.1198415854,38.492117676884,
    133.79517436036));
#2229 = VECTOR('',#2230,1.);
#2230 = DIRECTION('',(-1.,0.,0.));
#2231 = ORIENTED_EDGE('',*,*,#2232,.F.);
#2232 = EDGE_CURVE('',#2233,#2225,#2235,.T.);
#2233 = VERTEX_POINT('',#2234);
#2234 = CARTESIAN_POINT('',(-15.50030460968,33.492117676884,
    133.882449685));
#2235 = LINE('',#2236,#2237);
#2236 = CARTESIAN_POINT('',(-15.50030460968,33.492117676884,
    133.882449685));
#2237 = VECTOR('',#2238,1.);
#2238 = DIRECTION('',(1.744974916068E-02,0.999695459882,
    -1.744974916069E-02));
#2239 = ORIENTED_EDGE('',*,*,#2240,.F.);
#2240 = EDGE_CURVE('',#2241,#2233,#2243,.T.);
#2241 = VERTEX_POINT('',#2242);
#2242 = CARTESIAN_POINT('',(15.500304609687,33.492117676884,
    133.882449685));
#2243 = LINE('',#2244,#2245);
#2244 = CARTESIAN_POINT('',(15.500304609687,33.492117676884,
    133.882449685));
#2245 = VECTOR('',#2246,1.);
#2246 = DIRECTION('',(-1.,0.,0.));
#2247 = ORIENTED_EDGE('',*,*,#2248,.F.);
#2248 = EDGE_CURVE('',#2249,#2241,#2251,.T.);
#2249 = VERTEX_POINT('',#2250);
#2250 = CARTESIAN_POINT('',(15.413029285046,38.492117676884,
    133.79517436036));
#2251 = LINE('',#2252,#2253);
#2252 = CARTESIAN_POINT('',(15.413029285046,38.492117676884,
    133.79517436036));
#2253 = VECTOR('',#2254,1.);
#2254 = DIRECTION('',(1.744974916068E-02,-0.999695459882,
    1.744974916069E-02));
#2255 = ORIENTED_EDGE('',*,*,#2256,.T.);
#2256 = EDGE_CURVE('',#2249,#2176,#2257,.T.);
#2257 = LINE('',#2258,#2259);
#2258 = CARTESIAN_POINT('',(15.413029285046,38.492117676884,
    133.79517436036));
#2259 = VECTOR('',#2260,1.);
#2260 = DIRECTION('',(-1.,0.,0.));
#2261 = PLANE('',#2262);
#2262 = AXIS2_PLACEMENT_3D('',#2263,#2264,#2265);
#2263 = CARTESIAN_POINT('',(17.5,33.492117676884,133.882449685));
#2264 = DIRECTION('',(-9.835343E-17,1.745240643728E-02,0.999847695156));
#2265 = DIRECTION('',(1.820082E-16,-0.999847695156,1.745240643728E-02));
#2266 = ADVANCED_FACE('',(#2267),#2286,.T.);
#2267 = FACE_BOUND('',#2268,.T.);
#2268 = EDGE_LOOP('',(#2269,#2278,#2279,#2280));
#2269 = ORIENTED_EDGE('',*,*,#2270,.T.);
#2270 = EDGE_CURVE('',#2271,#2217,#2273,.T.);
#2271 = VERTEX_POINT('',#2272);
#2272 = CARTESIAN_POINT('',(-12.61984153898,38.492117676884,
    133.29540278283));
#2273 = ELLIPSE('',#2274,0.500380889781,0.5);
#2274 = AXIS2_PLACEMENT_3D('',#2275,#2276,#2277);
#2275 = CARTESIAN_POINT('',(-13.12014631113,38.492117676884,
    133.29509819634));
#2276 = DIRECTION('',(1.469755E-16,-1.,7.346537E-17));
#2277 = DIRECTION('',(0.894481690366,1.643135970925E-16,0.447104580159)
  );
#2278 = ORIENTED_EDGE('',*,*,#2216,.T.);
#2279 = ORIENTED_EDGE('',*,*,#1073,.F.);
#2280 = ORIENTED_EDGE('',*,*,#2281,.T.);
#2281 = EDGE_CURVE('',#1066,#2271,#2282,.T.);
#2282 = LINE('',#2283,#2284);
#2283 = CARTESIAN_POINT('',(-12.55,36.492117676884,133.33031291269));
#2284 = VECTOR('',#2285,1.);
#2285 = DIRECTION('',(-3.489418781262E-02,0.999238800304,
    -1.744177813809E-02));
#2286 = CYLINDRICAL_SURFACE('',#2287,0.5);
#2287 = AXIS2_PLACEMENT_3D('',#2288,#2289,#2290);
#2288 = CARTESIAN_POINT('',(-12.99337022942,34.861725690855,
    133.35846692417));
#2289 = DIRECTION('',(-3.489418781262E-02,0.999238800304,
    -1.744177813809E-02));
#2290 = DIRECTION('',(0.706460917912,3.700711728253E-02,0.706783874132)
  );
#2291 = ADVANCED_FACE('',(#2292),#2345,.T.);
#2292 = FACE_BOUND('',#2293,.T.);
#2293 = EDGE_LOOP('',(#2294,#2295,#2303,#2312,#2320,#2329,#2337,#2344));
#2294 = ORIENTED_EDGE('',*,*,#2270,.F.);
#2295 = ORIENTED_EDGE('',*,*,#2296,.F.);
#2296 = EDGE_CURVE('',#2297,#2271,#2299,.T.);
#2297 = VERTEX_POINT('',#2298);
#2298 = CARTESIAN_POINT('',(-12.61984153898,38.492117676884,
    86.46949658718));
#2299 = LINE('',#2300,#2301);
#2300 = CARTESIAN_POINT('',(-12.61984153898,38.492117676884,
    86.46949658718));
#2301 = VECTOR('',#2302,1.);
#2302 = DIRECTION('',(0.,0.,1.));
#2303 = ORIENTED_EDGE('',*,*,#2304,.F.);
#2304 = EDGE_CURVE('',#2305,#2297,#2307,.T.);
#2305 = VERTEX_POINT('',#2306);
#2306 = CARTESIAN_POINT('',(-13.1198415854,38.492117676884,
    85.969725009649));
#2307 = ELLIPSE('',#2308,0.500380889781,0.5);
#2308 = AXIS2_PLACEMENT_3D('',#2309,#2310,#2311);
#2309 = CARTESIAN_POINT('',(-13.12014631113,38.492117676884,
    86.469801173671));
#2310 = DIRECTION('',(1.469755E-16,-1.,-7.346537E-17));
#2311 = DIRECTION('',(0.894481690366,1.643135970925E-16,-0.447104580159)
  );
#2312 = ORIENTED_EDGE('',*,*,#2313,.F.);
#2313 = EDGE_CURVE('',#2314,#2305,#2316,.T.);
#2314 = VERTEX_POINT('',#2315);
#2315 = CARTESIAN_POINT('',(-15.41302928504,38.492117676884,
    85.969725009649));
#2316 = LINE('',#2317,#2318);
#2317 = CARTESIAN_POINT('',(-15.41302928504,38.492117676884,
    85.969725009649));
#2318 = VECTOR('',#2319,1.);
#2319 = DIRECTION('',(1.,0.,0.));
#2320 = ORIENTED_EDGE('',*,*,#2321,.F.);
#2321 = EDGE_CURVE('',#2322,#2314,#2324,.T.);
#2322 = VERTEX_POINT('',#2323);
#2323 = CARTESIAN_POINT('',(-17.41272467535,38.492117676884,
    87.969420399961));
#2324 = ELLIPSE('',#2325,2.000609265782,2.);
#2325 = AXIS2_PLACEMENT_3D('',#2326,#2327,#2328);
#2326 = CARTESIAN_POINT('',(-15.41242001927,38.492117676884,
    87.970029665736));
#2327 = DIRECTION('',(9.184851E-17,-1.,9.184851E-17));
#2328 = DIRECTION('',(-0.707106781187,-1.298934085258E-16,
    -0.707106781187));
#2329 = ORIENTED_EDGE('',*,*,#2330,.F.);
#2330 = EDGE_CURVE('',#2331,#2322,#2333,.T.);
#2331 = VERTEX_POINT('',#2332);
#2332 = CARTESIAN_POINT('',(-17.41272467535,38.492117676884,
    131.79547897005));
#2333 = LINE('',#2334,#2335);
#2334 = CARTESIAN_POINT('',(-17.41272467535,38.492117676884,
    131.79547897005));
#2335 = VECTOR('',#2336,1.);
#2336 = DIRECTION('',(0.,0.,-1.));
#2337 = ORIENTED_EDGE('',*,*,#2338,.F.);
#2338 = EDGE_CURVE('',#2225,#2331,#2339,.T.);
#2339 = ELLIPSE('',#2340,2.000609265782,2.);
#2340 = AXIS2_PLACEMENT_3D('',#2341,#2342,#2343);
#2341 = CARTESIAN_POINT('',(-15.41242001927,38.492117676884,
    131.79486970427));
#2342 = DIRECTION('',(9.184851E-17,-1.,-9.184851E-17));
#2343 = DIRECTION('',(-0.707106781187,-1.298934085258E-16,0.707106781187
    ));
#2344 = ORIENTED_EDGE('',*,*,#2224,.F.);
#2345 = PLANE('',#2346);
#2346 = AXIS2_PLACEMENT_3D('',#2347,#2348,#2349);
#2347 = CARTESIAN_POINT('',(-15.025,38.492117676884,109.882449685));
#2348 = DIRECTION('',(0.,1.,0.));
#2349 = DIRECTION('',(1.,0.,0.));
#2350 = ADVANCED_FACE('',(#2351),#2362,.T.);
#2351 = FACE_BOUND('',#2352,.T.);
#2352 = EDGE_LOOP('',(#2353,#2354,#2355,#2361));
#2353 = ORIENTED_EDGE('',*,*,#2281,.F.);
#2354 = ORIENTED_EDGE('',*,*,#1065,.F.);
#2355 = ORIENTED_EDGE('',*,*,#2356,.F.);
#2356 = EDGE_CURVE('',#2297,#1057,#2357,.T.);
#2357 = LINE('',#2358,#2359);
#2358 = CARTESIAN_POINT('',(-12.61984153898,38.492117676884,
    86.46949658718));
#2359 = VECTOR('',#2360,1.);
#2360 = DIRECTION('',(3.489418781261E-02,-0.999238800304,
    -1.74417781381E-02));
#2361 = ORIENTED_EDGE('',*,*,#2296,.T.);
#2362 = PLANE('',#2363);
#2363 = AXIS2_PLACEMENT_3D('',#2364,#2365,#2366);
#2364 = CARTESIAN_POINT('',(-12.55,36.492117676884,85.882449685008));
#2365 = DIRECTION('',(0.999390827019,3.48994967025E-02,2.219093E-16));
#2366 = DIRECTION('',(3.48994967025E-02,-0.999390827019,7.749245E-18));
#2367 = ADVANCED_FACE('',(#2368),#2379,.T.);
#2368 = FACE_BOUND('',#2369,.T.);
#2369 = EDGE_LOOP('',(#2370,#2371,#2372,#2373));
#2370 = ORIENTED_EDGE('',*,*,#2304,.T.);
#2371 = ORIENTED_EDGE('',*,*,#2356,.T.);
#2372 = ORIENTED_EDGE('',*,*,#1056,.F.);
#2373 = ORIENTED_EDGE('',*,*,#2374,.T.);
#2374 = EDGE_CURVE('',#1049,#2305,#2375,.T.);
#2375 = LINE('',#2376,#2377);
#2376 = CARTESIAN_POINT('',(-13.05000004641,36.492117676884,
    85.934814879792));
#2377 = VECTOR('',#2378,1.);
#2378 = DIRECTION('',(-3.489418781262E-02,0.999238800304,
    1.744177813809E-02));
#2379 = CYLINDRICAL_SURFACE('',#2380,0.5);
#2380 = AXIS2_PLACEMENT_3D('',#2381,#2382,#2383);
#2381 = CARTESIAN_POINT('',(-13.00007150505,35.053625117201,
    86.409782062786));
#2382 = DIRECTION('',(-3.489418781262E-02,0.999238800304,
    1.744177813809E-02));
#2383 = DIRECTION('',(0.706460917912,3.700711728253E-02,-0.706783874132)
  );
#2384 = ADVANCED_FACE('',(#2385),#2411,.T.);
#2385 = FACE_BOUND('',#2386,.T.);
#2386 = EDGE_LOOP('',(#2387,#2398,#2404,#2405));
#2387 = ORIENTED_EDGE('',*,*,#2388,.T.);
#2388 = EDGE_CURVE('',#2389,#2391,#2393,.T.);
#2389 = VERTEX_POINT('',#2390);
#2390 = CARTESIAN_POINT('',(12.619841538984,38.492117676884,
    86.46949658718));
#2391 = VERTEX_POINT('',#2392);
#2392 = CARTESIAN_POINT('',(13.119841585402,38.492117676884,
    85.969725009649));
#2393 = ELLIPSE('',#2394,0.500380889781,0.5);
#2394 = AXIS2_PLACEMENT_3D('',#2395,#2396,#2397);
#2395 = CARTESIAN_POINT('',(13.120146311133,38.492117676884,
    86.469801173671));
#2396 = DIRECTION('',(1.469755E-16,-1.,7.346537E-17));
#2397 = DIRECTION('',(-0.894481690366,-1.643135970925E-16,
    -0.447104580159));
#2398 = ORIENTED_EDGE('',*,*,#2399,.T.);
#2399 = EDGE_CURVE('',#2391,#1016,#2400,.T.);
#2400 = LINE('',#2401,#2402);
#2401 = CARTESIAN_POINT('',(13.119841585402,38.492117676884,
    85.969725009649));
#2402 = VECTOR('',#2403,1.);
#2403 = DIRECTION('',(-3.489418781261E-02,-0.999238800304,
    -1.744177813809E-02));
#2404 = ORIENTED_EDGE('',*,*,#1015,.F.);
#2405 = ORIENTED_EDGE('',*,*,#2406,.T.);
#2406 = EDGE_CURVE('',#1008,#2389,#2407,.T.);
#2407 = LINE('',#2408,#2409);
#2408 = CARTESIAN_POINT('',(12.55,36.492117676884,86.434586457324));
#2409 = VECTOR('',#2410,1.);
#2410 = DIRECTION('',(3.489418781261E-02,0.999238800304,
    1.744177813809E-02));
#2411 = CYLINDRICAL_SURFACE('',#2412,0.5);
#2412 = AXIS2_PLACEMENT_3D('',#2413,#2414,#2415);
#2413 = CARTESIAN_POINT('',(12.993370229424,34.861725690855,
    86.40643244584));
#2414 = DIRECTION('',(3.489418781261E-02,0.999238800304,
    1.744177813809E-02));
#2415 = DIRECTION('',(-0.706460917912,3.700711728253E-02,-0.706783874132
    ));
#2416 = ADVANCED_FACE('',(#2417),#2428,.T.);
#2417 = FACE_BOUND('',#2418,.T.);
#2418 = EDGE_LOOP('',(#2419,#2420,#2426,#2427));
#2419 = ORIENTED_EDGE('',*,*,#2186,.F.);
#2420 = ORIENTED_EDGE('',*,*,#2421,.T.);
#2421 = EDGE_CURVE('',#2178,#2389,#2422,.T.);
#2422 = LINE('',#2423,#2424);
#2423 = CARTESIAN_POINT('',(12.619841538984,38.492117676884,
    133.29540278283));
#2424 = VECTOR('',#2425,1.);
#2425 = DIRECTION('',(0.,0.,-1.));
#2426 = ORIENTED_EDGE('',*,*,#2406,.F.);
#2427 = ORIENTED_EDGE('',*,*,#1007,.F.);
#2428 = PLANE('',#2429);
#2429 = AXIS2_PLACEMENT_3D('',#2430,#2431,#2432);
#2430 = CARTESIAN_POINT('',(12.55,36.492117676884,133.882449685));
#2431 = DIRECTION('',(-0.999390827019,3.48994967025E-02,9.246223E-18));
#2432 = DIRECTION('',(3.48994967025E-02,0.999390827019,-3.228852E-19));
#2433 = ADVANCED_FACE('',(#2434),#2467,.T.);
#2434 = FACE_BOUND('',#2435,.T.);
#2435 = EDGE_LOOP('',(#2436,#2445,#2446,#2452,#2461));
#2436 = ORIENTED_EDGE('',*,*,#2437,.F.);
#2437 = EDGE_CURVE('',#2144,#2438,#2440,.T.);
#2438 = VERTEX_POINT('',#2439);
#2439 = CARTESIAN_POINT('',(-17.43017974028,29.492117676884,
    131.81293403498));
#2440 = ELLIPSE('',#2441,2.000609265782,2.);
#2441 = AXIS2_PLACEMENT_3D('',#2442,#2443,#2444);
#2442 = CARTESIAN_POINT('',(-15.42987508419,29.492117676884,
    131.8123247692));
#2443 = DIRECTION('',(-1.42565E-15,-1.,1.42565E-15));
#2444 = DIRECTION('',(-0.707106781187,2.016173565197E-15,0.707106781187)
  );
#2445 = ORIENTED_EDGE('',*,*,#2160,.T.);
#2446 = ORIENTED_EDGE('',*,*,#2447,.T.);
#2447 = EDGE_CURVE('',#2153,#2233,#2448,.T.);
#2448 = LINE('',#2449,#2450);
#2449 = CARTESIAN_POINT('',(-15.43048434997,29.492117676884,
    133.81262942529));
#2450 = VECTOR('',#2451,1.);
#2451 = DIRECTION('',(-1.744974916068E-02,0.999695459882,
    1.744974916069E-02));
#2452 = ORIENTED_EDGE('',*,*,#2453,.T.);
#2453 = EDGE_CURVE('',#2233,#2454,#2456,.T.);
#2454 = VERTEX_POINT('',#2455);
#2455 = CARTESIAN_POINT('',(-17.5,33.492117676884,131.88275429469));
#2456 = ELLIPSE('',#2457,2.000609265782,2.);
#2457 = AXIS2_PLACEMENT_3D('',#2458,#2459,#2460);
#2458 = CARTESIAN_POINT('',(-15.49969534391,33.492117676884,
    131.88214502892));
#2459 = DIRECTION('',(9.184851E-17,-1.,-9.184851E-17));
#2460 = DIRECTION('',(-0.707106781187,-1.298934085258E-16,0.707106781187
    ));
#2461 = ORIENTED_EDGE('',*,*,#2462,.T.);
#2462 = EDGE_CURVE('',#2454,#2438,#2463,.T.);
#2463 = LINE('',#2464,#2465);
#2464 = CARTESIAN_POINT('',(-17.5,33.492117676884,131.88275429469));
#2465 = VECTOR('',#2466,1.);
#2466 = DIRECTION('',(1.744974916068E-02,-0.999695459882,
    -1.744974916069E-02));
#2467 = CYLINDRICAL_SURFACE('',#2468,2.);
#2468 = AXIS2_PLACEMENT_3D('',#2469,#2470,#2471);
#2469 = CARTESIAN_POINT('',(-15.49558486387,33.256628433329,
    131.87803454888));
#2470 = DIRECTION('',(1.744974916068E-02,-0.999695459882,
    -1.744974916068E-02));
#2471 = DIRECTION('',(-0.706891438804,-2.467767192305E-02,0.706891438804
    ));
#2472 = ADVANCED_FACE('',(#2473),#2484,.T.);
#2473 = FACE_BOUND('',#2474,.T.);
#2474 = EDGE_LOOP('',(#2475,#2476,#2482,#2483));
#2475 = ORIENTED_EDGE('',*,*,#2338,.T.);
#2476 = ORIENTED_EDGE('',*,*,#2477,.T.);
#2477 = EDGE_CURVE('',#2331,#2454,#2478,.T.);
#2478 = LINE('',#2479,#2480);
#2479 = CARTESIAN_POINT('',(-17.41272467535,38.492117676884,
    131.79547897005));
#2480 = VECTOR('',#2481,1.);
#2481 = DIRECTION('',(-1.744974916068E-02,-0.999695459882,
    1.744974916069E-02));
#2482 = ORIENTED_EDGE('',*,*,#2453,.F.);
#2483 = ORIENTED_EDGE('',*,*,#2232,.T.);
#2484 = CYLINDRICAL_SURFACE('',#2485,2.);
#2485 = AXIS2_PLACEMENT_3D('',#2486,#2487,#2488);
#2486 = CARTESIAN_POINT('',(-15.49558486387,33.72760692044,
    131.87803454888));
#2487 = DIRECTION('',(-1.744974916068E-02,-0.999695459882,
    1.744974916068E-02));
#2488 = DIRECTION('',(-0.706891438804,2.467767192305E-02,0.706891438804)
  );
#2489 = ADVANCED_FACE('',(#2490),#2515,.T.);
#2490 = FACE_BOUND('',#2491,.T.);
#2491 = EDGE_LOOP('',(#2492,#2493,#2501,#2509));
#2492 = ORIENTED_EDGE('',*,*,#2462,.F.);
#2493 = ORIENTED_EDGE('',*,*,#2494,.T.);
#2494 = EDGE_CURVE('',#2454,#2495,#2497,.T.);
#2495 = VERTEX_POINT('',#2496);
#2496 = CARTESIAN_POINT('',(-17.5,33.492117676884,87.88214507532));
#2497 = LINE('',#2498,#2499);
#2498 = CARTESIAN_POINT('',(-17.5,33.492117676884,131.88275429469));
#2499 = VECTOR('',#2500,1.);
#2500 = DIRECTION('',(0.,0.,-1.));
#2501 = ORIENTED_EDGE('',*,*,#2502,.F.);
#2502 = EDGE_CURVE('',#2503,#2495,#2505,.T.);
#2503 = VERTEX_POINT('',#2504);
#2504 = CARTESIAN_POINT('',(-17.43017974028,29.492117676884,
    87.951965335033));
#2505 = LINE('',#2506,#2507);
#2506 = CARTESIAN_POINT('',(-17.43017974028,29.492117676884,
    87.951965335033));
#2507 = VECTOR('',#2508,1.);
#2508 = DIRECTION('',(-1.744974916068E-02,0.999695459882,
    -1.744974916068E-02));
#2509 = ORIENTED_EDGE('',*,*,#2510,.F.);
#2510 = EDGE_CURVE('',#2438,#2503,#2511,.T.);
#2511 = LINE('',#2512,#2513);
#2512 = CARTESIAN_POINT('',(-17.43017974028,29.492117676884,
    131.81293403498));
#2513 = VECTOR('',#2514,1.);
#2514 = DIRECTION('',(0.,0.,-1.));
#2515 = PLANE('',#2516);
#2516 = AXIS2_PLACEMENT_3D('',#2517,#2518,#2519);
#2517 = CARTESIAN_POINT('',(-17.5,33.492117676884,133.882449685));
#2518 = DIRECTION('',(-0.999847695156,-1.745240643728E-02,-3.70018E-17)
  );
#2519 = DIRECTION('',(-1.745240643728E-02,0.999847695156,-6.458688E-19)
  );
#2520 = ADVANCED_FACE('',(#2521),#2532,.T.);
#2521 = FACE_BOUND('',#2522,.T.);
#2522 = EDGE_LOOP('',(#2523,#2524,#2525,#2531));
#2523 = ORIENTED_EDGE('',*,*,#2477,.F.);
#2524 = ORIENTED_EDGE('',*,*,#2330,.T.);
#2525 = ORIENTED_EDGE('',*,*,#2526,.F.);
#2526 = EDGE_CURVE('',#2495,#2322,#2527,.T.);
#2527 = LINE('',#2528,#2529);
#2528 = CARTESIAN_POINT('',(-17.5,33.492117676884,87.88214507532));
#2529 = VECTOR('',#2530,1.);
#2530 = DIRECTION('',(1.744974916068E-02,0.999695459882,
    1.744974916068E-02));
#2531 = ORIENTED_EDGE('',*,*,#2494,.F.);
#2532 = PLANE('',#2533);
#2533 = AXIS2_PLACEMENT_3D('',#2534,#2535,#2536);
#2534 = CARTESIAN_POINT('',(-17.5,33.492117676884,133.882449685));
#2535 = DIRECTION('',(-0.999847695156,1.745240643728E-02,-3.70018E-17));
#2536 = DIRECTION('',(1.745240643728E-02,0.999847695156,6.458688E-19));
#2537 = ADVANCED_FACE('',(#2538),#2571,.T.);
#2538 = FACE_BOUND('',#2539,.T.);
#2539 = EDGE_LOOP('',(#2540,#2541,#2550,#2558,#2565));
#2540 = ORIENTED_EDGE('',*,*,#2050,.T.);
#2541 = ORIENTED_EDGE('',*,*,#2542,.F.);
#2542 = EDGE_CURVE('',#2543,#2040,#2545,.T.);
#2543 = VERTEX_POINT('',#2544);
#2544 = CARTESIAN_POINT('',(17.430179740287,29.492117676884,
    131.81293403498));
#2545 = ELLIPSE('',#2546,2.000609265782,2.);
#2546 = AXIS2_PLACEMENT_3D('',#2547,#2548,#2549);
#2547 = CARTESIAN_POINT('',(15.429875084199,29.492117676884,
    131.8123247692));
#2548 = DIRECTION('',(1.376357E-15,-1.,1.376357E-15));
#2549 = DIRECTION('',(0.707106781187,1.946462736067E-15,0.707106781187)
  );
#2550 = ORIENTED_EDGE('',*,*,#2551,.T.);
#2551 = EDGE_CURVE('',#2543,#2552,#2554,.T.);
#2552 = VERTEX_POINT('',#2553);
#2553 = CARTESIAN_POINT('',(17.5,33.492117676884,131.88275429469));
#2554 = LINE('',#2555,#2556);
#2555 = CARTESIAN_POINT('',(17.430179740287,29.492117676884,
    131.81293403498));
#2556 = VECTOR('',#2557,1.);
#2557 = DIRECTION('',(1.744974916068E-02,0.999695459882,
    1.744974916068E-02));
#2558 = ORIENTED_EDGE('',*,*,#2559,.T.);
#2559 = EDGE_CURVE('',#2552,#2241,#2560,.T.);
#2560 = ELLIPSE('',#2561,2.000609265782,2.);
#2561 = AXIS2_PLACEMENT_3D('',#2562,#2563,#2564);
#2562 = CARTESIAN_POINT('',(15.499695343912,33.492117676884,
    131.88214502892));
#2563 = DIRECTION('',(5.716989E-17,-1.,5.716989E-17));
#2564 = DIRECTION('',(0.707106781187,8.085043379738E-17,0.707106781187)
  );
#2565 = ORIENTED_EDGE('',*,*,#2566,.T.);
#2566 = EDGE_CURVE('',#2241,#2051,#2567,.T.);
#2567 = LINE('',#2568,#2569);
#2568 = CARTESIAN_POINT('',(15.500304609687,33.492117676884,
    133.882449685));
#2569 = VECTOR('',#2570,1.);
#2570 = DIRECTION('',(-1.744974916068E-02,-0.999695459882,
    -1.744974916068E-02));
#2571 = CYLINDRICAL_SURFACE('',#2572,2.);
#2572 = AXIS2_PLACEMENT_3D('',#2573,#2574,#2575);
#2573 = CARTESIAN_POINT('',(15.493605654529,33.143239605751,
    131.87605533953));
#2574 = DIRECTION('',(-1.744974916068E-02,-0.999695459882,
    -1.744974916068E-02));
#2575 = DIRECTION('',(0.706891438804,-2.467767192305E-02,0.706891438804)
  );
#2576 = ADVANCED_FACE('',(#2577),#2596,.T.);
#2577 = FACE_BOUND('',#2578,.T.);
#2578 = EDGE_LOOP('',(#2579,#2588,#2589,#2590));
#2579 = ORIENTED_EDGE('',*,*,#2580,.T.);
#2580 = EDGE_CURVE('',#2581,#2249,#2583,.T.);
#2581 = VERTEX_POINT('',#2582);
#2582 = CARTESIAN_POINT('',(17.412724675359,38.492117676884,
    131.79547897005));
#2583 = ELLIPSE('',#2584,2.000609265782,2.);
#2584 = AXIS2_PLACEMENT_3D('',#2585,#2586,#2587);
#2585 = CARTESIAN_POINT('',(15.412420019271,38.492117676884,
    131.79486970427));
#2586 = DIRECTION('',(9.184851E-17,-1.,9.184851E-17));
#2587 = DIRECTION('',(0.707106781187,1.298934085258E-16,0.707106781187)
  );
#2588 = ORIENTED_EDGE('',*,*,#2248,.T.);
#2589 = ORIENTED_EDGE('',*,*,#2559,.F.);
#2590 = ORIENTED_EDGE('',*,*,#2591,.T.);
#2591 = EDGE_CURVE('',#2552,#2581,#2592,.T.);
#2592 = LINE('',#2593,#2594);
#2593 = CARTESIAN_POINT('',(17.5,33.492117676884,131.88275429469));
#2594 = VECTOR('',#2595,1.);
#2595 = DIRECTION('',(-1.744974916068E-02,0.999695459882,
    -1.744974916069E-02));
#2596 = CYLINDRICAL_SURFACE('',#2597,2.);
#2597 = AXIS2_PLACEMENT_3D('',#2598,#2599,#2600);
#2598 = CARTESIAN_POINT('',(15.493605654529,33.840995748018,
    131.87605533953));
#2599 = DIRECTION('',(1.744974916068E-02,-0.999695459882,
    1.744974916068E-02));
#2600 = DIRECTION('',(0.706891438804,2.467767192305E-02,0.706891438804)
  );
#2601 = ADVANCED_FACE('',(#2602),#2627,.T.);
#2602 = FACE_BOUND('',#2603,.T.);
#2603 = EDGE_LOOP('',(#2604,#2605,#2613,#2621));
#2604 = ORIENTED_EDGE('',*,*,#2591,.F.);
#2605 = ORIENTED_EDGE('',*,*,#2606,.F.);
#2606 = EDGE_CURVE('',#2607,#2552,#2609,.T.);
#2607 = VERTEX_POINT('',#2608);
#2608 = CARTESIAN_POINT('',(17.5,33.492117676884,87.88214507532));
#2609 = LINE('',#2610,#2611);
#2610 = CARTESIAN_POINT('',(17.5,33.492117676884,87.88214507532));
#2611 = VECTOR('',#2612,1.);
#2612 = DIRECTION('',(0.,0.,1.));
#2613 = ORIENTED_EDGE('',*,*,#2614,.F.);
#2614 = EDGE_CURVE('',#2615,#2607,#2617,.T.);
#2615 = VERTEX_POINT('',#2616);
#2616 = CARTESIAN_POINT('',(17.412724675359,38.492117676884,
    87.969420399961));
#2617 = LINE('',#2618,#2619);
#2618 = CARTESIAN_POINT('',(17.412724675359,38.492117676884,
    87.969420399961));
#2619 = VECTOR('',#2620,1.);
#2620 = DIRECTION('',(1.744974916068E-02,-0.999695459882,
    -1.744974916068E-02));
#2621 = ORIENTED_EDGE('',*,*,#2622,.T.);
#2622 = EDGE_CURVE('',#2615,#2581,#2623,.T.);
#2623 = LINE('',#2624,#2625);
#2624 = CARTESIAN_POINT('',(17.412724675359,38.492117676884,
    87.969420399961));
#2625 = VECTOR('',#2626,1.);
#2626 = DIRECTION('',(0.,0.,1.));
#2627 = PLANE('',#2628);
#2628 = AXIS2_PLACEMENT_3D('',#2629,#2630,#2631);
#2629 = CARTESIAN_POINT('',(17.5,33.492117676884,85.882449685008));
#2630 = DIRECTION('',(0.999847695156,1.745240643728E-02,1.295063E-16));
#2631 = DIRECTION('',(1.745240643728E-02,-0.999847695156,2.260541E-18));
#2632 = ADVANCED_FACE('',(#2633),#2651,.T.);
#2633 = FACE_BOUND('',#2634,.T.);
#2634 = EDGE_LOOP('',(#2635,#2636,#2644,#2650));
#2635 = ORIENTED_EDGE('',*,*,#2551,.F.);
#2636 = ORIENTED_EDGE('',*,*,#2637,.F.);
#2637 = EDGE_CURVE('',#2638,#2543,#2640,.T.);
#2638 = VERTEX_POINT('',#2639);
#2639 = CARTESIAN_POINT('',(17.430179740287,29.492117676884,
    87.951965335033));
#2640 = LINE('',#2641,#2642);
#2641 = CARTESIAN_POINT('',(17.430179740287,29.492117676884,
    87.951965335033));
#2642 = VECTOR('',#2643,1.);
#2643 = DIRECTION('',(0.,0.,1.));
#2644 = ORIENTED_EDGE('',*,*,#2645,.F.);
#2645 = EDGE_CURVE('',#2607,#2638,#2646,.T.);
#2646 = LINE('',#2647,#2648);
#2647 = CARTESIAN_POINT('',(17.5,33.492117676884,87.88214507532));
#2648 = VECTOR('',#2649,1.);
#2649 = DIRECTION('',(-1.744974916068E-02,-0.999695459882,
    1.744974916068E-02));
#2650 = ORIENTED_EDGE('',*,*,#2606,.T.);
#2651 = PLANE('',#2652);
#2652 = AXIS2_PLACEMENT_3D('',#2653,#2654,#2655);
#2653 = CARTESIAN_POINT('',(17.5,33.492117676884,85.882449685008));
#2654 = DIRECTION('',(0.999847695156,-1.745240643728E-02,1.295063E-16));
#2655 = DIRECTION('',(-1.745240643728E-02,-0.999847695156,-2.260541E-18)
  );
#2656 = ADVANCED_FACE('',(#2657),#2683,.T.);
#2657 = FACE_BOUND('',#2658,.T.);
#2658 = EDGE_LOOP('',(#2659,#2666,#2667,#2675,#2682));
#2659 = ORIENTED_EDGE('',*,*,#2660,.F.);
#2660 = EDGE_CURVE('',#2076,#2638,#2661,.T.);
#2661 = ELLIPSE('',#2662,2.000609265782,2.);
#2662 = AXIS2_PLACEMENT_3D('',#2663,#2664,#2665);
#2663 = CARTESIAN_POINT('',(15.429875084199,29.492117676884,
    87.952574600808));
#2664 = DIRECTION('',(-1.42565E-15,-1.,1.42565E-15));
#2665 = DIRECTION('',(0.707106781187,-2.016173565197E-15,-0.707106781187
    ));
#2666 = ORIENTED_EDGE('',*,*,#2092,.T.);
#2667 = ORIENTED_EDGE('',*,*,#2668,.T.);
#2668 = EDGE_CURVE('',#2085,#2669,#2671,.T.);
#2669 = VERTEX_POINT('',#2670);
#2670 = CARTESIAN_POINT('',(15.500304609687,33.492117676884,
    85.882449685008));
#2671 = LINE('',#2672,#2673);
#2672 = CARTESIAN_POINT('',(15.430484349974,29.492117676884,
    85.95226994472));
#2673 = VECTOR('',#2674,1.);
#2674 = DIRECTION('',(1.744974916068E-02,0.999695459882,
    -1.744974916068E-02));
#2675 = ORIENTED_EDGE('',*,*,#2676,.T.);
#2676 = EDGE_CURVE('',#2669,#2607,#2677,.T.);
#2677 = ELLIPSE('',#2678,2.000609265782,2.);
#2678 = AXIS2_PLACEMENT_3D('',#2679,#2680,#2681);
#2679 = CARTESIAN_POINT('',(15.499695343912,33.492117676884,
    87.882754341095));
#2680 = DIRECTION('',(9.184851E-17,-1.,-9.184851E-17));
#2681 = DIRECTION('',(0.707106781187,1.298934085258E-16,-0.707106781187)
  );
#2682 = ORIENTED_EDGE('',*,*,#2645,.T.);
#2683 = CYLINDRICAL_SURFACE('',#2684,2.);
#2684 = AXIS2_PLACEMENT_3D('',#2685,#2686,#2687);
#2685 = CARTESIAN_POINT('',(15.495584863876,33.256628433329,
    87.886864821131));
#2686 = DIRECTION('',(-1.744974916068E-02,-0.999695459882,
    1.744974916068E-02));
#2687 = DIRECTION('',(0.706891438804,-2.467767192305E-02,-0.706891438804
    ));
#2688 = ADVANCED_FACE('',(#2689),#2708,.T.);
#2689 = FACE_BOUND('',#2690,.T.);
#2690 = EDGE_LOOP('',(#2691,#2700,#2701,#2702));
#2691 = ORIENTED_EDGE('',*,*,#2692,.T.);
#2692 = EDGE_CURVE('',#2693,#2615,#2695,.T.);
#2693 = VERTEX_POINT('',#2694);
#2694 = CARTESIAN_POINT('',(15.413029285046,38.492117676884,
    85.969725009649));
#2695 = ELLIPSE('',#2696,2.000609265782,2.);
#2696 = AXIS2_PLACEMENT_3D('',#2697,#2698,#2699);
#2697 = CARTESIAN_POINT('',(15.412420019271,38.492117676884,
    87.970029665736));
#2698 = DIRECTION('',(9.184851E-17,-1.,-9.184851E-17));
#2699 = DIRECTION('',(0.707106781187,1.298934085258E-16,-0.707106781187)
  );
#2700 = ORIENTED_EDGE('',*,*,#2614,.T.);
#2701 = ORIENTED_EDGE('',*,*,#2676,.F.);
#2702 = ORIENTED_EDGE('',*,*,#2703,.T.);
#2703 = EDGE_CURVE('',#2669,#2693,#2704,.T.);
#2704 = LINE('',#2705,#2706);
#2705 = CARTESIAN_POINT('',(15.500304609687,33.492117676884,
    85.882449685008));
#2706 = VECTOR('',#2707,1.);
#2707 = DIRECTION('',(-1.744974916068E-02,0.999695459882,
    1.744974916068E-02));
#2708 = CYLINDRICAL_SURFACE('',#2709,2.);
#2709 = AXIS2_PLACEMENT_3D('',#2710,#2711,#2712);
#2710 = CARTESIAN_POINT('',(15.495584863876,33.72760692044,
    87.886864821131));
#2711 = DIRECTION('',(1.744974916068E-02,-0.999695459882,
    -1.744974916068E-02));
#2712 = DIRECTION('',(0.706891438804,2.467767192305E-02,-0.706891438804)
  );
#2713 = ADVANCED_FACE('',(#2714),#2748,.T.);
#2714 = FACE_BOUND('',#2715,.T.);
#2715 = EDGE_LOOP('',(#2716,#2717,#2718,#2724,#2725,#2733,#2739,#2740,
    #2741,#2742));
#2716 = ORIENTED_EDGE('',*,*,#1024,.F.);
#2717 = ORIENTED_EDGE('',*,*,#2399,.F.);
#2718 = ORIENTED_EDGE('',*,*,#2719,.T.);
#2719 = EDGE_CURVE('',#2391,#2693,#2720,.T.);
#2720 = LINE('',#2721,#2722);
#2721 = CARTESIAN_POINT('',(13.119841585402,38.492117676884,
    85.969725009649));
#2722 = VECTOR('',#2723,1.);
#2723 = DIRECTION('',(1.,0.,0.));
#2724 = ORIENTED_EDGE('',*,*,#2703,.F.);
#2725 = ORIENTED_EDGE('',*,*,#2726,.F.);
#2726 = EDGE_CURVE('',#2727,#2669,#2729,.T.);
#2727 = VERTEX_POINT('',#2728);
#2728 = CARTESIAN_POINT('',(-15.50030460968,33.492117676884,
    85.882449685008));
#2729 = LINE('',#2730,#2731);
#2730 = CARTESIAN_POINT('',(-15.50030460968,33.492117676884,
    85.882449685008));
#2731 = VECTOR('',#2732,1.);
#2732 = DIRECTION('',(1.,0.,0.));
#2733 = ORIENTED_EDGE('',*,*,#2734,.F.);
#2734 = EDGE_CURVE('',#2314,#2727,#2735,.T.);
#2735 = LINE('',#2736,#2737);
#2736 = CARTESIAN_POINT('',(-15.41302928504,38.492117676884,
    85.969725009649));
#2737 = VECTOR('',#2738,1.);
#2738 = DIRECTION('',(-1.744974916068E-02,-0.999695459882,
    -1.744974916068E-02));
#2739 = ORIENTED_EDGE('',*,*,#2313,.T.);
#2740 = ORIENTED_EDGE('',*,*,#2374,.F.);
#2741 = ORIENTED_EDGE('',*,*,#1048,.F.);
#2742 = ORIENTED_EDGE('',*,*,#2743,.F.);
#2743 = EDGE_CURVE('',#981,#1041,#2744,.T.);
#2744 = LINE('',#2745,#2746);
#2745 = CARTESIAN_POINT('',(12.,36.492117676884,85.934814879792));
#2746 = VECTOR('',#2747,1.);
#2747 = DIRECTION('',(-1.,0.,0.));
#2748 = PLANE('',#2749);
#2749 = AXIS2_PLACEMENT_3D('',#2750,#2751,#2752);
#2750 = CARTESIAN_POINT('',(-17.5,33.492117676884,85.882449685008));
#2751 = DIRECTION('',(9.194152E-17,1.745240643728E-02,-0.999847695156));
#2752 = DIRECTION('',(-1.853298E-16,0.999847695156,1.745240643728E-02));
#2753 = ADVANCED_FACE('',(#2754),#2772,.T.);
#2754 = FACE_BOUND('',#2755,.T.);
#2755 = EDGE_LOOP('',(#2756,#2757,#2758,#2764,#2765,#2771));
#2756 = ORIENTED_EDGE('',*,*,#2668,.F.);
#2757 = ORIENTED_EDGE('',*,*,#2084,.F.);
#2758 = ORIENTED_EDGE('',*,*,#2759,.F.);
#2759 = EDGE_CURVE('',#2110,#2074,#2760,.T.);
#2760 = LINE('',#2761,#2762);
#2761 = CARTESIAN_POINT('',(-15.24410161203,29.492117676884,
    85.95226994472));
#2762 = VECTOR('',#2763,1.);
#2763 = DIRECTION('',(1.,0.,0.));
#2764 = ORIENTED_EDGE('',*,*,#2127,.F.);
#2765 = ORIENTED_EDGE('',*,*,#2766,.F.);
#2766 = EDGE_CURVE('',#2727,#2119,#2767,.T.);
#2767 = LINE('',#2768,#2769);
#2768 = CARTESIAN_POINT('',(-15.50030460968,33.492117676884,
    85.882449685008));
#2769 = VECTOR('',#2770,1.);
#2770 = DIRECTION('',(1.744974916068E-02,-0.999695459882,
    1.744974916068E-02));
#2771 = ORIENTED_EDGE('',*,*,#2726,.T.);
#2772 = PLANE('',#2773);
#2773 = AXIS2_PLACEMENT_3D('',#2774,#2775,#2776);
#2774 = CARTESIAN_POINT('',(-17.5,33.492117676884,85.882449685008));
#2775 = DIRECTION('',(9.835343E-17,-1.745240643728E-02,-0.999847695156)
  );
#2776 = DIRECTION('',(-1.820082E-16,0.999847695156,-1.745240643728E-02)
  );
#2777 = ADVANCED_FACE('',(#2778),#2790,.T.);
#2778 = FACE_BOUND('',#2779,.T.);
#2779 = EDGE_LOOP('',(#2780,#2781,#2782,#2789));
#2780 = ORIENTED_EDGE('',*,*,#2321,.T.);
#2781 = ORIENTED_EDGE('',*,*,#2734,.T.);
#2782 = ORIENTED_EDGE('',*,*,#2783,.T.);
#2783 = EDGE_CURVE('',#2727,#2495,#2784,.T.);
#2784 = ELLIPSE('',#2785,2.000609265782,2.);
#2785 = AXIS2_PLACEMENT_3D('',#2786,#2787,#2788);
#2786 = CARTESIAN_POINT('',(-15.49969534391,33.492117676884,
    87.882754341095));
#2787 = DIRECTION('',(-9.184851E-17,1.,-9.184851E-17));
#2788 = DIRECTION('',(-0.707106781187,-1.298934085258E-16,
    -0.707106781187));
#2789 = ORIENTED_EDGE('',*,*,#2526,.T.);
#2790 = CYLINDRICAL_SURFACE('',#2791,2.);
#2791 = AXIS2_PLACEMENT_3D('',#2792,#2793,#2794);
#2792 = CARTESIAN_POINT('',(-15.49360565452,33.840995748018,
    87.888844030479));
#2793 = DIRECTION('',(1.744974916068E-02,0.999695459882,
    1.744974916068E-02));
#2794 = DIRECTION('',(-0.706891438804,2.467767192305E-02,-0.706891438804
    ));
#2795 = ADVANCED_FACE('',(#2796),#2809,.T.);
#2796 = FACE_BOUND('',#2797,.T.);
#2797 = EDGE_LOOP('',(#2798,#2799,#2806,#2807,#2808));
#2798 = ORIENTED_EDGE('',*,*,#2118,.T.);
#2799 = ORIENTED_EDGE('',*,*,#2800,.F.);
#2800 = EDGE_CURVE('',#2503,#2108,#2801,.T.);
#2801 = ELLIPSE('',#2802,2.000609265782,2.);
#2802 = AXIS2_PLACEMENT_3D('',#2803,#2804,#2805);
#2803 = CARTESIAN_POINT('',(-15.42987508419,29.492117676884,
    87.952574600808));
#2804 = DIRECTION('',(1.376357E-15,-1.,1.376357E-15));
#2805 = DIRECTION('',(-0.707106781187,-1.946462736067E-15,
    -0.707106781187));
#2806 = ORIENTED_EDGE('',*,*,#2502,.T.);
#2807 = ORIENTED_EDGE('',*,*,#2783,.F.);
#2808 = ORIENTED_EDGE('',*,*,#2766,.T.);
#2809 = CYLINDRICAL_SURFACE('',#2810,2.);
#2810 = AXIS2_PLACEMENT_3D('',#2811,#2812,#2813);
#2811 = CARTESIAN_POINT('',(-15.49360565452,33.143239605751,
    87.888844030479));
#2812 = DIRECTION('',(-1.744974916068E-02,0.999695459882,
    -1.744974916068E-02));
#2813 = DIRECTION('',(-0.706891438804,-2.467767192305E-02,
    -0.706891438804));
#2814 = ADVANCED_FACE('',(#2815),#2828,.T.);
#2815 = FACE_BOUND('',#2816,.T.);
#2816 = EDGE_LOOP('',(#2817,#2818,#2819,#2825,#2826,#2827));
#2817 = ORIENTED_EDGE('',*,*,#2447,.F.);
#2818 = ORIENTED_EDGE('',*,*,#2152,.F.);
#2819 = ORIENTED_EDGE('',*,*,#2820,.F.);
#2820 = EDGE_CURVE('',#2042,#2142,#2821,.T.);
#2821 = LINE('',#2822,#2823);
#2822 = CARTESIAN_POINT('',(15.244101612037,29.492117676884,
    133.81262942529));
#2823 = VECTOR('',#2824,1.);
#2824 = DIRECTION('',(-1.,0.,0.));
#2825 = ORIENTED_EDGE('',*,*,#2059,.F.);
#2826 = ORIENTED_EDGE('',*,*,#2566,.F.);
#2827 = ORIENTED_EDGE('',*,*,#2240,.T.);
#2828 = PLANE('',#2829);
#2829 = AXIS2_PLACEMENT_3D('',#2830,#2831,#2832);
#2830 = CARTESIAN_POINT('',(17.5,33.492117676884,133.882449685));
#2831 = DIRECTION('',(-9.194152E-17,-1.745240643728E-02,0.999847695156)
  );
#2832 = DIRECTION('',(1.853298E-16,-0.999847695156,-1.745240643728E-02)
  );
#2833 = ADVANCED_FACE('',(#2834),#2844,.T.);
#2834 = FACE_BOUND('',#2835,.T.);
#2835 = EDGE_LOOP('',(#2836,#2837,#2838,#2839,#2840,#2841,#2842,#2843));
#2836 = ORIENTED_EDGE('',*,*,#2175,.F.);
#2837 = ORIENTED_EDGE('',*,*,#2256,.F.);
#2838 = ORIENTED_EDGE('',*,*,#2580,.F.);
#2839 = ORIENTED_EDGE('',*,*,#2622,.F.);
#2840 = ORIENTED_EDGE('',*,*,#2692,.F.);
#2841 = ORIENTED_EDGE('',*,*,#2719,.F.);
#2842 = ORIENTED_EDGE('',*,*,#2388,.F.);
#2843 = ORIENTED_EDGE('',*,*,#2421,.F.);
#2844 = PLANE('',#2845);
#2845 = AXIS2_PLACEMENT_3D('',#2846,#2847,#2848);
#2846 = CARTESIAN_POINT('',(15.025,38.492117676884,109.882449685));
#2847 = DIRECTION('',(0.,1.,0.));
#2848 = DIRECTION('',(1.,0.,0.));
#2849 = ADVANCED_FACE('',(#2850),#2877,.F.);
#2850 = FACE_BOUND('',#2851,.T.);
#2851 = EDGE_LOOP('',(#2852,#2853,#2862,#2870));
#2852 = ORIENTED_EDGE('',*,*,#2759,.T.);
#2853 = ORIENTED_EDGE('',*,*,#2854,.F.);
#2854 = EDGE_CURVE('',#2855,#2074,#2857,.T.);
#2855 = VERTEX_POINT('',#2856);
#2856 = CARTESIAN_POINT('',(14.5,29.492117676884,85.882449685008));
#2857 = CIRCLE('',#2858,4.);
#2858 = AXIS2_PLACEMENT_3D('',#2859,#2860,#2861);
#2859 = CARTESIAN_POINT('',(14.5,29.492117676884,89.882449685008));
#2860 = DIRECTION('',(-1.429294E-15,-1.,1.429294E-15));
#2861 = DIRECTION('',(0.707106781187,-2.021326959418E-15,-0.707106781187
    ));
#2862 = ORIENTED_EDGE('',*,*,#2863,.F.);
#2863 = EDGE_CURVE('',#2864,#2855,#2866,.T.);
#2864 = VERTEX_POINT('',#2865);
#2865 = CARTESIAN_POINT('',(-14.5,29.492117676884,85.882449685007));
#2866 = LINE('',#2867,#2868);
#2867 = CARTESIAN_POINT('',(-14.5,29.492117676884,85.882449685007));
#2868 = VECTOR('',#2869,1.);
#2869 = DIRECTION('',(1.,0.,0.));
#2870 = ORIENTED_EDGE('',*,*,#2871,.F.);
#2871 = EDGE_CURVE('',#2110,#2864,#2872,.T.);
#2872 = CIRCLE('',#2873,4.);
#2873 = AXIS2_PLACEMENT_3D('',#2874,#2875,#2876);
#2874 = CARTESIAN_POINT('',(-14.5,29.492117676884,89.882449685008));
#2875 = DIRECTION('',(1.377069E-15,-1.,1.377069E-15));
#2876 = DIRECTION('',(-0.707106781187,-1.947469656124E-15,
    -0.707106781187));
#2877 = PLANE('',#2878);
#2878 = AXIS2_PLACEMENT_3D('',#2879,#2880,#2881);
#2879 = CARTESIAN_POINT('',(3.018396E-14,29.492117676884,109.882449685)
  );
#2880 = DIRECTION('',(0.,-1.,0.));
#2881 = DIRECTION('',(-1.,0.,0.));
#2882 = ADVANCED_FACE('',(#2883),#2912,.F.);
#2883 = FACE_BOUND('',#2884,.T.);
#2884 = EDGE_LOOP('',(#2885,#2886,#2895,#2903,#2910,#2911));
#2885 = ORIENTED_EDGE('',*,*,#2542,.T.);
#2886 = ORIENTED_EDGE('',*,*,#2887,.F.);
#2887 = EDGE_CURVE('',#2888,#2040,#2890,.T.);
#2888 = VERTEX_POINT('',#2889);
#2889 = CARTESIAN_POINT('',(18.5,29.492117676884,129.882449685));
#2890 = CIRCLE('',#2891,4.);
#2891 = AXIS2_PLACEMENT_3D('',#2892,#2893,#2894);
#2892 = CARTESIAN_POINT('',(14.5,29.492117676884,129.882449685));
#2893 = DIRECTION('',(1.377069E-15,-1.,1.377069E-15));
#2894 = DIRECTION('',(0.707106781187,1.947469656124E-15,0.707106781187)
  );
#2895 = ORIENTED_EDGE('',*,*,#2896,.F.);
#2896 = EDGE_CURVE('',#2897,#2888,#2899,.T.);
#2897 = VERTEX_POINT('',#2898);
#2898 = CARTESIAN_POINT('',(18.5,29.492117676884,89.882449685008));
#2899 = LINE('',#2900,#2901);
#2900 = CARTESIAN_POINT('',(18.5,29.492117676884,89.882449685008));
#2901 = VECTOR('',#2902,1.);
#2902 = DIRECTION('',(0.,0.,1.));
#2903 = ORIENTED_EDGE('',*,*,#2904,.F.);
#2904 = EDGE_CURVE('',#2076,#2897,#2905,.T.);
#2905 = CIRCLE('',#2906,4.);
#2906 = AXIS2_PLACEMENT_3D('',#2907,#2908,#2909);
#2907 = CARTESIAN_POINT('',(14.5,29.492117676884,89.882449685008));
#2908 = DIRECTION('',(-1.429294E-15,-1.,1.429294E-15));
#2909 = DIRECTION('',(0.707106781187,-2.021326959418E-15,-0.707106781187
    ));
#2910 = ORIENTED_EDGE('',*,*,#2660,.T.);
#2911 = ORIENTED_EDGE('',*,*,#2637,.T.);
#2912 = PLANE('',#2913);
#2913 = AXIS2_PLACEMENT_3D('',#2914,#2915,#2916);
#2914 = CARTESIAN_POINT('',(3.018396E-14,29.492117676884,109.882449685)
  );
#2915 = DIRECTION('',(0.,-1.,0.));
#2916 = DIRECTION('',(-1.,0.,0.));
#2917 = ADVANCED_FACE('',(#2918),#2945,.F.);
#2918 = FACE_BOUND('',#2919,.T.);
#2919 = EDGE_LOOP('',(#2920,#2921,#2930,#2938));
#2920 = ORIENTED_EDGE('',*,*,#2820,.T.);
#2921 = ORIENTED_EDGE('',*,*,#2922,.F.);
#2922 = EDGE_CURVE('',#2923,#2142,#2925,.T.);
#2923 = VERTEX_POINT('',#2924);
#2924 = CARTESIAN_POINT('',(-14.5,29.492117676884,133.882449685));
#2925 = CIRCLE('',#2926,4.);
#2926 = AXIS2_PLACEMENT_3D('',#2927,#2928,#2929);
#2927 = CARTESIAN_POINT('',(-14.5,29.492117676884,129.882449685));
#2928 = DIRECTION('',(-1.429294E-15,-1.,1.429294E-15));
#2929 = DIRECTION('',(-0.707106781187,2.021326959418E-15,0.707106781187)
  );
#2930 = ORIENTED_EDGE('',*,*,#2931,.F.);
#2931 = EDGE_CURVE('',#2932,#2923,#2934,.T.);
#2932 = VERTEX_POINT('',#2933);
#2933 = CARTESIAN_POINT('',(14.5,29.492117676884,133.882449685));
#2934 = LINE('',#2935,#2936);
#2935 = CARTESIAN_POINT('',(14.5,29.492117676884,133.882449685));
#2936 = VECTOR('',#2937,1.);
#2937 = DIRECTION('',(-1.,0.,0.));
#2938 = ORIENTED_EDGE('',*,*,#2939,.F.);
#2939 = EDGE_CURVE('',#2042,#2932,#2940,.T.);
#2940 = CIRCLE('',#2941,4.);
#2941 = AXIS2_PLACEMENT_3D('',#2942,#2943,#2944);
#2942 = CARTESIAN_POINT('',(14.5,29.492117676884,129.882449685));
#2943 = DIRECTION('',(1.377069E-15,-1.,1.377069E-15));
#2944 = DIRECTION('',(0.707106781187,1.947469656124E-15,0.707106781187)
  );
#2945 = PLANE('',#2946);
#2946 = AXIS2_PLACEMENT_3D('',#2947,#2948,#2949);
#2947 = CARTESIAN_POINT('',(3.018396E-14,29.492117676884,109.882449685)
  );
#2948 = DIRECTION('',(0.,-1.,0.));
#2949 = DIRECTION('',(-1.,0.,0.));
#2950 = ADVANCED_FACE('',(#2951),#2980,.F.);
#2951 = FACE_BOUND('',#2952,.T.);
#2952 = EDGE_LOOP('',(#2953,#2954,#2955,#2956,#2965,#2973));
#2953 = ORIENTED_EDGE('',*,*,#2437,.T.);
#2954 = ORIENTED_EDGE('',*,*,#2510,.T.);
#2955 = ORIENTED_EDGE('',*,*,#2800,.T.);
#2956 = ORIENTED_EDGE('',*,*,#2957,.F.);
#2957 = EDGE_CURVE('',#2958,#2108,#2960,.T.);
#2958 = VERTEX_POINT('',#2959);
#2959 = CARTESIAN_POINT('',(-18.5,29.492117676884,89.882449685008));
#2960 = CIRCLE('',#2961,4.);
#2961 = AXIS2_PLACEMENT_3D('',#2962,#2963,#2964);
#2962 = CARTESIAN_POINT('',(-14.5,29.492117676884,89.882449685008));
#2963 = DIRECTION('',(1.377069E-15,-1.,1.377069E-15));
#2964 = DIRECTION('',(-0.707106781187,-1.947469656124E-15,
    -0.707106781187));
#2965 = ORIENTED_EDGE('',*,*,#2966,.F.);
#2966 = EDGE_CURVE('',#2967,#2958,#2969,.T.);
#2967 = VERTEX_POINT('',#2968);
#2968 = CARTESIAN_POINT('',(-18.5,29.492117676884,129.882449685));
#2969 = LINE('',#2970,#2971);
#2970 = CARTESIAN_POINT('',(-18.5,29.492117676884,129.882449685));
#2971 = VECTOR('',#2972,1.);
#2972 = DIRECTION('',(0.,0.,-1.));
#2973 = ORIENTED_EDGE('',*,*,#2974,.F.);
#2974 = EDGE_CURVE('',#2144,#2967,#2975,.T.);
#2975 = CIRCLE('',#2976,4.);
#2976 = AXIS2_PLACEMENT_3D('',#2977,#2978,#2979);
#2977 = CARTESIAN_POINT('',(-14.5,29.492117676884,129.882449685));
#2978 = DIRECTION('',(-1.429294E-15,-1.,1.429294E-15));
#2979 = DIRECTION('',(-0.707106781187,2.021326959418E-15,0.707106781187)
  );
#2980 = PLANE('',#2981);
#2981 = AXIS2_PLACEMENT_3D('',#2982,#2983,#2984);
#2982 = CARTESIAN_POINT('',(3.018396E-14,29.492117676884,109.882449685)
  );
#2983 = DIRECTION('',(0.,-1.,0.));
#2984 = DIRECTION('',(-1.,0.,0.));
#2985 = ADVANCED_FACE('',(#2986,#3065),#3069,.T.);
#2986 = FACE_BOUND('',#2987,.T.);
#2987 = EDGE_LOOP('',(#2988,#3006,#3015,#3024,#3033,#3042,#3051));
#2988 = ORIENTED_EDGE('',*,*,#2989,.F.);
#2989 = EDGE_CURVE('',#2990,#2992,#2994,.T.);
#2990 = VERTEX_POINT('',#2991);
#2991 = CARTESIAN_POINT('',(-15.67676841221,-5.620139072461,
    214.382449685));
#2992 = VERTEX_POINT('',#2993);
#2993 = CARTESIAN_POINT('',(-19.,0.492117676885,214.382449685));
#2994 = B_SPLINE_CURVE_WITH_KNOTS('',3,(#2995,#2996,#2997,#2998,#2999,
    #3000,#3001,#3002,#3003,#3004,#3005),.UNSPECIFIED.,.F.,.F.,(4,1,1,1,
    1,1,2,4),(0.,6.983827047078E-02,0.139676540942,0.279353081883,
    0.419029622825,0.558706163766,0.698382704708,0.703108135259),
  .UNSPECIFIED.);
#2995 = CARTESIAN_POINT('',(-15.67676841221,-5.620139072461,
    214.382449685));
#2996 = CARTESIAN_POINT('',(-15.86324184462,-5.480780488903,
    214.382449685));
#2997 = CARTESIAN_POINT('',(-16.21979787708,-5.17773964458,214.382449685
    ));
#2998 = CARTESIAN_POINT('',(-16.8567094498,-4.496850916262,214.382449685
    ));
#2999 = CARTESIAN_POINT('',(-17.52796021665,-3.536852523357,
    214.382449685));
#3000 = CARTESIAN_POINT('',(-18.17058265252,-2.269542694815,
    214.382449685));
#3001 = CARTESIAN_POINT('',(-18.66326032102,-0.926753934933,
    214.382449685));
#3002 = CARTESIAN_POINT('',(-18.89633359986,-1.013680266541E-02,
    214.382449685));
#3003 = CARTESIAN_POINT('',(-18.99369904486,0.461251376853,214.382449685
    ));
#3004 = CARTESIAN_POINT('',(-18.99686146544,0.476682168007,214.382449685
    ));
#3005 = CARTESIAN_POINT('',(-19.,0.492117676885,214.382449685));
#3006 = ORIENTED_EDGE('',*,*,#3007,.F.);
#3007 = EDGE_CURVE('',#3008,#2990,#3010,.T.);
#3008 = VERTEX_POINT('',#3009);
#3009 = CARTESIAN_POINT('',(-12.28279210741,-8.403251429353,
    214.382449685));
#3010 = B_SPLINE_CURVE_WITH_KNOTS('',3,(#3011,#3012,#3013,#3014),
  .UNSPECIFIED.,.F.,.F.,(4,4),(7.94666E-16,0.43908952223),
  .PIECEWISE_BEZIER_KNOTS.);
#3011 = CARTESIAN_POINT('',(-12.28279210741,-8.403251429353,
    214.382449685));
#3012 = CARTESIAN_POINT('',(-13.35086355938,-7.402531065785,
    214.382449685));
#3013 = CARTESIAN_POINT('',(-14.50436637831,-6.49631904459,214.382449685
    ));
#3014 = CARTESIAN_POINT('',(-15.67676841219,-5.620139072478,
    214.382449685));
#3015 = ORIENTED_EDGE('',*,*,#3016,.F.);
#3016 = EDGE_CURVE('',#3017,#3008,#3019,.T.);
#3017 = VERTEX_POINT('',#3018);
#3018 = CARTESIAN_POINT('',(-11.13079414225,-9.563001505038,
    214.382449685));
#3019 = B_SPLINE_CURVE_WITH_KNOTS('',3,(#3020,#3021,#3022,#3023),
  .UNSPECIFIED.,.F.,.F.,(4,4),(0.,0.163466190699),
  .PIECEWISE_BEZIER_KNOTS.);
#3020 = CARTESIAN_POINT('',(-11.13079414217,-9.563001505126,
    214.382449685));
#3021 = CARTESIAN_POINT('',(-11.49605459318,-9.158666278895,
    214.382449685));
#3022 = CARTESIAN_POINT('',(-11.8851657401,-8.775804035384,214.382449685
    ));
#3023 = CARTESIAN_POINT('',(-12.28279210741,-8.403251429353,
    214.382449685));
#3024 = ORIENTED_EDGE('',*,*,#3025,.F.);
#3025 = EDGE_CURVE('',#3026,#3017,#3028,.T.);
#3026 = VERTEX_POINT('',#3027);
#3027 = CARTESIAN_POINT('',(-11.13079414266,10.547236858357,
    214.382449685));
#3028 = CIRCLE('',#3029,15.);
#3029 = AXIS2_PLACEMENT_3D('',#3030,#3031,#3032);
#3030 = CARTESIAN_POINT('',(3.535478E-14,0.492117676885,214.382449685));
#3031 = DIRECTION('',(-2.147809E-17,1.763092E-27,-1.));
#3032 = DIRECTION('',(1.,-8.208792E-11,-2.147809E-17));
#3033 = ORIENTED_EDGE('',*,*,#3034,.F.);
#3034 = EDGE_CURVE('',#3035,#3026,#3037,.T.);
#3035 = VERTEX_POINT('',#3036);
#3036 = CARTESIAN_POINT('',(-12.28279210741,9.387486783123,214.382449685
    ));
#3037 = B_SPLINE_CURVE_WITH_KNOTS('',3,(#3038,#3039,#3040,#3041),
  .UNSPECIFIED.,.F.,.F.,(4,4),(0.,0.163466190627),
  .PIECEWISE_BEZIER_KNOTS.);
#3038 = CARTESIAN_POINT('',(-12.28279210741,9.387486783123,214.382449685
    ));
#3039 = CARTESIAN_POINT('',(-11.88516574028,9.760039388988,214.382449685
    ));
#3040 = CARTESIAN_POINT('',(-11.49605459352,10.142901632324,
    214.382449685));
#3041 = CARTESIAN_POINT('',(-11.13079414266,10.547236858357,
    214.382449685));
#3042 = ORIENTED_EDGE('',*,*,#3043,.F.);
#3043 = EDGE_CURVE('',#3044,#3035,#3046,.T.);
#3044 = VERTEX_POINT('',#3045);
#3045 = CARTESIAN_POINT('',(-15.67676841127,6.604374426936,214.382449685
    ));
#3046 = B_SPLINE_CURVE_WITH_KNOTS('',3,(#3047,#3048,#3049,#3050),
  .UNSPECIFIED.,.F.,.F.,(4,4),(0.,0.43910492009),
  .PIECEWISE_BEZIER_KNOTS.);
#3047 = CARTESIAN_POINT('',(-15.67676841014,6.604374427776,214.382449685
    ));
#3048 = CARTESIAN_POINT('',(-14.50432526285,7.480585125538,214.382449685
    ));
#3049 = CARTESIAN_POINT('',(-13.35090101419,8.386731326593,214.382449685
    ));
#3050 = CARTESIAN_POINT('',(-12.28279210741,9.387486783123,214.382449685
    ));
#3051 = ORIENTED_EDGE('',*,*,#3052,.F.);
#3052 = EDGE_CURVE('',#2992,#3044,#3053,.T.);
#3053 = B_SPLINE_CURVE_WITH_KNOTS('',3,(#3054,#3055,#3056,#3057,#3058,
    #3059,#3060,#3061,#3062,#3063,#3064),.UNSPECIFIED.,.F.,.F.,(4,2,1,1,
    1,1,1,4),(-4.725430410308E-03,0.,0.139676540991,0.279353081983,
    0.419029622974,0.558706163966,0.628544434462,0.698382704957),
  .UNSPECIFIED.);
#3054 = CARTESIAN_POINT('',(-19.,0.492117676885,214.382449685));
#3055 = CARTESIAN_POINT('',(-18.99686146554,0.507553185304,214.382449685
    ));
#3056 = CARTESIAN_POINT('',(-18.99369904508,0.522983976037,214.382449685
    ));
#3057 = CARTESIAN_POINT('',(-18.89633359876,0.994372153274,214.382449685
    ));
#3058 = CARTESIAN_POINT('',(-18.66326031002,1.91098926974,214.382449685)
  );
#3059 = CARTESIAN_POINT('',(-18.17058264083,3.253778029073,214.382449685
    ));
#3060 = CARTESIAN_POINT('',(-17.52796020472,4.521087852717,214.382449685
    ));
#3061 = CARTESIAN_POINT('',(-16.85670944722,5.481086259563,214.382449685
    ));
#3062 = CARTESIAN_POINT('',(-16.21979787477,6.161974990143,214.382449685
    ));
#3063 = CARTESIAN_POINT('',(-15.86324184377,6.465015843367,214.382449685
    ));
#3064 = CARTESIAN_POINT('',(-15.67676841127,6.604374426936,214.382449685
    ));
#3065 = FACE_BOUND('',#3066,.T.);
#3066 = EDGE_LOOP('',(#3067,#3068));
#3067 = ORIENTED_EDGE('',*,*,#37,.T.);
#3068 = ORIENTED_EDGE('',*,*,#46,.T.);
#3069 = PLANE('',#3070);
#3070 = AXIS2_PLACEMENT_3D('',#3071,#3072,#3073);
#3071 = CARTESIAN_POINT('',(9.5,0.492117676885,214.382449685));
#3072 = DIRECTION('',(0.,0.,1.));
#3073 = DIRECTION('',(0.,1.,0.));
#3074 = ADVANCED_FACE('',(#3075),#3129,.F.);
#3075 = FACE_BOUND('',#3076,.T.);
#3076 = EDGE_LOOP('',(#3077,#3088,#3096,#3105,#3114,#3123));
#3077 = ORIENTED_EDGE('',*,*,#3078,.T.);
#3078 = EDGE_CURVE('',#3079,#3081,#3083,.T.);
#3079 = VERTEX_POINT('',#3080);
#3080 = CARTESIAN_POINT('',(-8.,10.739068442844,56.882449685007));
#3081 = VERTEX_POINT('',#3082);
#3082 = CARTESIAN_POINT('',(8.,10.739068442844,56.882449685007));
#3083 = CIRCLE('',#3084,13.);
#3084 = AXIS2_PLACEMENT_3D('',#3085,#3086,#3087);
#3085 = CARTESIAN_POINT('',(3.549781E-14,0.492117676884,56.882449685007)
  );
#3086 = DIRECTION('',(0.,0.,-1.));
#3087 = DIRECTION('',(0.,1.,0.));
#3088 = ORIENTED_EDGE('',*,*,#3089,.F.);
#3089 = EDGE_CURVE('',#3090,#3081,#3092,.T.);
#3090 = VERTEX_POINT('',#3091);
#3091 = CARTESIAN_POINT('',(8.,8.238084369299,56.882449685007));
#3092 = LINE('',#3093,#3094);
#3093 = CARTESIAN_POINT('',(8.,8.238084369299,56.882449685007));
#3094 = VECTOR('',#3095,1.);
#3095 = DIRECTION('',(0.,1.,0.));
#3096 = ORIENTED_EDGE('',*,*,#3097,.F.);
#3097 = EDGE_CURVE('',#3098,#3090,#3100,.T.);
#3098 = VERTEX_POINT('',#3099);
#3099 = CARTESIAN_POINT('',(8.75,5.333346859644,56.882449685007));
#3100 = CIRCLE('',#3101,6.);
#3101 = AXIS2_PLACEMENT_3D('',#3102,#3103,#3104);
#3102 = CARTESIAN_POINT('',(14.,8.238084369299,56.882449685007));
#3103 = DIRECTION('',(-9.061509E-32,-2.339672E-32,-1.));
#3104 = DIRECTION('',(-0.968245836552,-0.25,9.358686362127E-32));
#3105 = ORIENTED_EDGE('',*,*,#3106,.F.);
#3106 = EDGE_CURVE('',#3107,#3098,#3109,.T.);
#3107 = VERTEX_POINT('',#3108);
#3108 = CARTESIAN_POINT('',(-8.75,5.333346859644,56.882449685007));
#3109 = CIRCLE('',#3110,10.);
#3110 = AXIS2_PLACEMENT_3D('',#3111,#3112,#3113);
#3111 = CARTESIAN_POINT('',(3.549781E-14,0.492117676884,56.882449685007)
  );
#3112 = DIRECTION('',(0.,0.,1.));
#3113 = DIRECTION('',(1.,0.,-0.));
#3114 = ORIENTED_EDGE('',*,*,#3115,.F.);
#3115 = EDGE_CURVE('',#3116,#3107,#3118,.T.);
#3116 = VERTEX_POINT('',#3117);
#3117 = CARTESIAN_POINT('',(-8.,8.238084369299,56.882449685007));
#3118 = CIRCLE('',#3119,6.);
#3119 = AXIS2_PLACEMENT_3D('',#3120,#3121,#3122);
#3120 = CARTESIAN_POINT('',(-14.,8.238084369299,56.882449685007));
#3121 = DIRECTION('',(8.657352E-32,-2.235319E-32,-1.));
#3122 = DIRECTION('',(0.968245836552,-0.25,8.941274779564E-32));
#3123 = ORIENTED_EDGE('',*,*,#3124,.F.);
#3124 = EDGE_CURVE('',#3079,#3116,#3125,.T.);
#3125 = LINE('',#3126,#3127);
#3126 = CARTESIAN_POINT('',(-8.,10.739068442844,56.882449685007));
#3127 = VECTOR('',#3128,1.);
#3128 = DIRECTION('',(0.,-1.,0.));
#3129 = PLANE('',#3130);
#3130 = AXIS2_PLACEMENT_3D('',#3131,#3132,#3133);
#3131 = CARTESIAN_POINT('',(3.549781E-14,0.492117676884,56.882449685007)
  );
#3132 = DIRECTION('',(0.,0.,1.));
#3133 = DIRECTION('',(1.,0.,-0.));
#3134 = ADVANCED_FACE('',(#3135,#3275),#3344,.T.);
#3135 = FACE_BOUND('',#3136,.T.);
#3136 = EDGE_LOOP('',(#3137,#3148,#3157,#3165,#3174,#3182,#3191,#3199,
    #3208,#3217,#3226,#3234,#3243,#3251,#3260,#3268));
#3137 = ORIENTED_EDGE('',*,*,#3138,.T.);
#3138 = EDGE_CURVE('',#3139,#3141,#3143,.T.);
#3139 = VERTEX_POINT('',#3140);
#3140 = CARTESIAN_POINT('',(-19.12493745124,9.166030720362,
    69.382449685008));
#3141 = VERTEX_POINT('',#3142);
#3142 = CARTESIAN_POINT('',(17.91520670771,11.448639416015,
    69.382449685008));
#3143 = CIRCLE('',#3144,21.);
#3144 = AXIS2_PLACEMENT_3D('',#3145,#3146,#3147);
#3145 = CARTESIAN_POINT('',(3.224045E-14,0.492117676884,69.382449685008)
  );
#3146 = DIRECTION('',(1.022369E-15,-3.909125E-16,-1.));
#3147 = DIRECTION('',(0.934049773616,-0.357142857143,1.094555140145E-15)
  );
#3148 = ORIENTED_EDGE('',*,*,#3149,.T.);
#3149 = EDGE_CURVE('',#3141,#3150,#3152,.T.);
#3150 = VERTEX_POINT('',#3151);
#3151 = CARTESIAN_POINT('',(19.621416870349,10.492117676884,
    69.382449685008));
#3152 = CIRCLE('',#3153,2.);
#3153 = AXIS2_PLACEMENT_3D('',#3154,#3155,#3156);
#3154 = CARTESIAN_POINT('',(19.621416870349,12.492117676884,
    69.382449685008));
#3155 = DIRECTION('',(1.438982E-15,2.566805E-15,1.));
#3156 = DIRECTION('',(-0.489009646922,-0.872278375989,2.942644576626E-15
    ));
#3157 = ORIENTED_EDGE('',*,*,#3158,.T.);
#3158 = EDGE_CURVE('',#3150,#3159,#3161,.T.);
#3159 = VERTEX_POINT('',#3160);
#3160 = CARTESIAN_POINT('',(27.5,10.492117676884,69.382449685008));
#3161 = LINE('',#3162,#3163);
#3162 = CARTESIAN_POINT('',(19.621416870349,10.492117676884,
    69.382449685008));
#3163 = VECTOR('',#3164,1.);
#3164 = DIRECTION('',(1.,0.,0.));
#3165 = ORIENTED_EDGE('',*,*,#3166,.T.);
#3166 = EDGE_CURVE('',#3159,#3167,#3169,.T.);
#3167 = VERTEX_POINT('',#3168);
#3168 = CARTESIAN_POINT('',(29.5,8.492117676884,69.382449685008));
#3169 = CIRCLE('',#3170,2.);
#3170 = AXIS2_PLACEMENT_3D('',#3171,#3172,#3173);
#3171 = CARTESIAN_POINT('',(27.5,8.492117676884,69.382449685008));
#3172 = DIRECTION('',(-1.691476E-15,-1.691476E-15,-1.));
#3173 = DIRECTION('',(0.707106781187,0.707106781187,-2.392108299629E-15)
  );
#3174 = ORIENTED_EDGE('',*,*,#3175,.T.);
#3175 = EDGE_CURVE('',#3167,#3176,#3178,.T.);
#3176 = VERTEX_POINT('',#3177);
#3177 = CARTESIAN_POINT('',(29.5,-7.507882323116,69.382449685008));
#3178 = LINE('',#3179,#3180);
#3179 = CARTESIAN_POINT('',(29.5,8.492117676884,69.382449685008));
#3180 = VECTOR('',#3181,1.);
#3181 = DIRECTION('',(0.,-1.,0.));
#3182 = ORIENTED_EDGE('',*,*,#3183,.T.);
#3183 = EDGE_CURVE('',#3176,#3184,#3186,.T.);
#3184 = VERTEX_POINT('',#3185);
#3185 = CARTESIAN_POINT('',(27.5,-9.507882323116,69.382449685008));
#3186 = CIRCLE('',#3187,2.);
#3187 = AXIS2_PLACEMENT_3D('',#3188,#3189,#3190);
#3188 = CARTESIAN_POINT('',(27.5,-7.507882323116,69.382449685008));
#3189 = DIRECTION('',(1.669998E-15,-1.669998E-15,-1.));
#3190 = DIRECTION('',(0.707106781187,-0.707106781187,2.361733820736E-15)
  );
#3191 = ORIENTED_EDGE('',*,*,#3192,.T.);
#3192 = EDGE_CURVE('',#3184,#3193,#3195,.T.);
#3193 = VERTEX_POINT('',#3194);
#3194 = CARTESIAN_POINT('',(19.621416870349,-9.507882323116,
    69.382449685008));
#3195 = LINE('',#3196,#3197);
#3196 = CARTESIAN_POINT('',(27.5,-9.507882323116,69.382449685008));
#3197 = VECTOR('',#3198,1.);
#3198 = DIRECTION('',(-1.,0.,0.));
#3199 = ORIENTED_EDGE('',*,*,#3200,.T.);
#3200 = EDGE_CURVE('',#3193,#3201,#3203,.T.);
#3201 = VERTEX_POINT('',#3202);
#3202 = CARTESIAN_POINT('',(17.91520670771,-10.46440406224,
    69.382449685008));
#3203 = CIRCLE('',#3204,2.);
#3204 = AXIS2_PLACEMENT_3D('',#3205,#3206,#3207);
#3205 = CARTESIAN_POINT('',(19.621416870349,-11.50788232311,
    69.382449685008));
#3206 = DIRECTION('',(-1.42871E-15,2.548482E-15,1.));
#3207 = DIRECTION('',(-0.489009646922,0.872278375989,-2.92163871285E-15)
  );
#3208 = ORIENTED_EDGE('',*,*,#3209,.T.);
#3209 = EDGE_CURVE('',#3201,#3210,#3212,.T.);
#3210 = VERTEX_POINT('',#3211);
#3211 = CARTESIAN_POINT('',(-19.12493745124,-8.181795366594,
    69.382449685008));
#3212 = CIRCLE('',#3213,21.);
#3213 = AXIS2_PLACEMENT_3D('',#3214,#3215,#3216);
#3214 = CARTESIAN_POINT('',(3.224045E-14,0.492117676884,69.382449685008)
  );
#3215 = DIRECTION('',(1.290231E-15,-6.986995E-16,-1.));
#3216 = DIRECTION('',(-0.879342157744,0.47619047619,-1.467268559147E-15)
  );
#3217 = ORIENTED_EDGE('',*,*,#3218,.T.);
#3218 = EDGE_CURVE('',#3210,#3219,#3221,.T.);
#3219 = VERTEX_POINT('',#3220);
#3220 = CARTESIAN_POINT('',(-20.94636006565,-7.007882323116,
    69.382449685008));
#3221 = CIRCLE('',#3222,2.);
#3222 = AXIS2_PLACEMENT_3D('',#3223,#3224,#3225);
#3223 = CARTESIAN_POINT('',(-20.94636006565,-9.007882323116,
    69.382449685008));
#3224 = DIRECTION('',(1.53697E-15,2.384735E-15,1.));
#3225 = DIRECTION('',(0.541736338886,0.840548475182,-2.83711786874E-15)
  );
#3226 = ORIENTED_EDGE('',*,*,#3227,.T.);
#3227 = EDGE_CURVE('',#3219,#3228,#3230,.T.);
#3228 = VERTEX_POINT('',#3229);
#3229 = CARTESIAN_POINT('',(-29.,-7.007882323116,69.382449685008));
#3230 = LINE('',#3231,#3232);
#3231 = CARTESIAN_POINT('',(-20.94636006565,-7.007882323116,
    69.382449685008));
#3232 = VECTOR('',#3233,1.);
#3233 = DIRECTION('',(-1.,0.,0.));
#3234 = ORIENTED_EDGE('',*,*,#3235,.T.);
#3235 = EDGE_CURVE('',#3228,#3236,#3238,.T.);
#3236 = VERTEX_POINT('',#3237);
#3237 = CARTESIAN_POINT('',(-31.,-5.007882323116,69.382449685008));
#3238 = CIRCLE('',#3239,2.);
#3239 = AXIS2_PLACEMENT_3D('',#3240,#3241,#3242);
#3240 = CARTESIAN_POINT('',(-29.,-5.007882323116,69.382449685008));
#3241 = DIRECTION('',(-1.691476E-15,-1.691476E-15,-1.));
#3242 = DIRECTION('',(-0.707106781187,-0.707106781187,2.392108299629E-15
    ));
#3243 = ORIENTED_EDGE('',*,*,#3244,.T.);
#3244 = EDGE_CURVE('',#3236,#3245,#3247,.T.);
#3245 = VERTEX_POINT('',#3246);
#3246 = CARTESIAN_POINT('',(-31.,5.992117676884,69.382449685008));
#3247 = LINE('',#3248,#3249);
#3248 = CARTESIAN_POINT('',(-31.,-5.007882323116,69.382449685008));
#3249 = VECTOR('',#3250,1.);
#3250 = DIRECTION('',(0.,1.,0.));
#3251 = ORIENTED_EDGE('',*,*,#3252,.T.);
#3252 = EDGE_CURVE('',#3245,#3253,#3255,.T.);
#3253 = VERTEX_POINT('',#3254);
#3254 = CARTESIAN_POINT('',(-29.,7.992117676884,69.382449685008));
#3255 = CIRCLE('',#3256,2.);
#3256 = AXIS2_PLACEMENT_3D('',#3257,#3258,#3259);
#3257 = CARTESIAN_POINT('',(-29.,5.992117676884,69.382449685008));
#3258 = DIRECTION('',(1.669998E-15,-1.669998E-15,-1.));
#3259 = DIRECTION('',(-0.707106781187,0.707106781187,-2.361733820736E-15
    ));
#3260 = ORIENTED_EDGE('',*,*,#3261,.T.);
#3261 = EDGE_CURVE('',#3253,#3262,#3264,.T.);
#3262 = VERTEX_POINT('',#3263);
#3263 = CARTESIAN_POINT('',(-20.94636006565,7.992117676884,
    69.382449685008));
#3264 = LINE('',#3265,#3266);
#3265 = CARTESIAN_POINT('',(-29.,7.992117676884,69.382449685008));
#3266 = VECTOR('',#3267,1.);
#3267 = DIRECTION('',(1.,0.,0.));
#3268 = ORIENTED_EDGE('',*,*,#3269,.T.);
#3269 = EDGE_CURVE('',#3262,#3139,#3270,.T.);
#3270 = CIRCLE('',#3271,2.);
#3271 = AXIS2_PLACEMENT_3D('',#3272,#3273,#3274);
#3272 = CARTESIAN_POINT('',(-20.94636006565,9.992117676884,
    69.382449685008));
#3273 = DIRECTION('',(-1.524363E-15,2.365175E-15,1.));
#3274 = DIRECTION('',(0.541736338886,-0.840548475182,2.813847070541E-15)
  );
#3275 = FACE_BOUND('',#3276,.T.);
#3276 = EDGE_LOOP('',(#3277,#3287,#3295,#3303,#3312,#3321,#3330,#3338));
#3277 = ORIENTED_EDGE('',*,*,#3278,.F.);
#3278 = EDGE_CURVE('',#3279,#3281,#3283,.T.);
#3279 = VERTEX_POINT('',#3280);
#3280 = CARTESIAN_POINT('',(-5.,16.492117676884,69.382449685008));
#3281 = VERTEX_POINT('',#3282);
#3282 = CARTESIAN_POINT('',(5.,16.492117676884,69.382449685008));
#3283 = LINE('',#3284,#3285);
#3284 = CARTESIAN_POINT('',(-5.,16.492117676884,69.382449685008));
#3285 = VECTOR('',#3286,1.);
#3286 = DIRECTION('',(1.,0.,0.));
#3287 = ORIENTED_EDGE('',*,*,#3288,.F.);
#3288 = EDGE_CURVE('',#3289,#3279,#3291,.T.);
#3289 = VERTEX_POINT('',#3290);
#3290 = CARTESIAN_POINT('',(-9.,12.492117676884,69.382449685008));
#3291 = LINE('',#3292,#3293);
#3292 = CARTESIAN_POINT('',(-9.,12.492117676884,69.382449685008));
#3293 = VECTOR('',#3294,1.);
#3294 = DIRECTION('',(0.707106781187,0.707106781187,-2.512148E-15));
#3295 = ORIENTED_EDGE('',*,*,#3296,.F.);
#3296 = EDGE_CURVE('',#3297,#3289,#3299,.T.);
#3297 = VERTEX_POINT('',#3298);
#3298 = CARTESIAN_POINT('',(-9.,8.238084369299,69.382449685008));
#3299 = LINE('',#3300,#3301);
#3300 = CARTESIAN_POINT('',(-9.,8.238084369299,69.382449685008));
#3301 = VECTOR('',#3302,1.);
#3302 = DIRECTION('',(0.,1.,0.));
#3303 = ORIENTED_EDGE('',*,*,#3304,.F.);
#3304 = EDGE_CURVE('',#3305,#3297,#3307,.T.);
#3305 = VERTEX_POINT('',#3306);
#3306 = CARTESIAN_POINT('',(-9.625,5.81746977792,69.382449685008));
#3307 = CIRCLE('',#3308,5.);
#3308 = AXIS2_PLACEMENT_3D('',#3309,#3310,#3311);
#3309 = CARTESIAN_POINT('',(-14.,8.238084369299,69.382449685008));
#3310 = DIRECTION('',(-8.657352E-32,2.235319E-32,1.));
#3311 = DIRECTION('',(0.968245836552,-0.25,8.941274779564E-32));
#3312 = ORIENTED_EDGE('',*,*,#3313,.F.);
#3313 = EDGE_CURVE('',#3314,#3305,#3316,.T.);
#3314 = VERTEX_POINT('',#3315);
#3315 = CARTESIAN_POINT('',(9.625,5.81746977792,69.382449685008));
#3316 = CIRCLE('',#3317,11.);
#3317 = AXIS2_PLACEMENT_3D('',#3318,#3319,#3320);
#3318 = CARTESIAN_POINT('',(3.549781E-14,0.492117676884,69.382449685008)
  );
#3319 = DIRECTION('',(0.,0.,-1.));
#3320 = DIRECTION('',(1.,0.,0.));
#3321 = ORIENTED_EDGE('',*,*,#3322,.F.);
#3322 = EDGE_CURVE('',#3323,#3314,#3325,.T.);
#3323 = VERTEX_POINT('',#3324);
#3324 = CARTESIAN_POINT('',(9.,8.238084369299,69.382449685008));
#3325 = CIRCLE('',#3326,5.);
#3326 = AXIS2_PLACEMENT_3D('',#3327,#3328,#3329);
#3327 = CARTESIAN_POINT('',(14.,8.238084369299,69.382449685008));
#3328 = DIRECTION('',(9.061509E-32,2.339672E-32,1.));
#3329 = DIRECTION('',(-0.968245836552,-0.25,9.358686362127E-32));
#3330 = ORIENTED_EDGE('',*,*,#3331,.F.);
#3331 = EDGE_CURVE('',#3332,#3323,#3334,.T.);
#3332 = VERTEX_POINT('',#3333);
#3333 = CARTESIAN_POINT('',(9.,12.492117676884,69.382449685008));
#3334 = LINE('',#3335,#3336);
#3335 = CARTESIAN_POINT('',(9.,12.492117676884,69.382449685008));
#3336 = VECTOR('',#3337,1.);
#3337 = DIRECTION('',(0.,-1.,0.));
#3338 = ORIENTED_EDGE('',*,*,#3339,.F.);
#3339 = EDGE_CURVE('',#3281,#3332,#3340,.T.);
#3340 = LINE('',#3341,#3342);
#3341 = CARTESIAN_POINT('',(5.,16.492117676884,69.382449685008));
#3342 = VECTOR('',#3343,1.);
#3343 = DIRECTION('',(0.707106781187,-0.707106781187,2.512148E-15));
#3344 = PLANE('',#3345);
#3345 = AXIS2_PLACEMENT_3D('',#3346,#3347,#3348);
#3346 = CARTESIAN_POINT('',(-0.125520650606,0.492117676884,
    69.382449685008));
#3347 = DIRECTION('',(0.,0.,-1.));
#3348 = DIRECTION('',(0.,-1.,0.));
#3349 = ADVANCED_FACE('',(#3350),#3376,.F.);
#3350 = FACE_BOUND('',#3351,.F.);
#3351 = EDGE_LOOP('',(#3352,#3360,#3369,#3375));
#3352 = ORIENTED_EDGE('',*,*,#3353,.T.);
#3353 = EDGE_CURVE('',#3141,#3354,#3356,.T.);
#3354 = VERTEX_POINT('',#3355);
#3355 = CARTESIAN_POINT('',(17.91520670771,11.448639416015,
    67.382449685008));
#3356 = LINE('',#3357,#3358);
#3357 = CARTESIAN_POINT('',(17.91520670771,11.448639416015,
    69.382449685008));
#3358 = VECTOR('',#3359,1.);
#3359 = DIRECTION('',(0.,0.,-1.));
#3360 = ORIENTED_EDGE('',*,*,#3361,.T.);
#3361 = EDGE_CURVE('',#3354,#3362,#3364,.T.);
#3362 = VERTEX_POINT('',#3363);
#3363 = CARTESIAN_POINT('',(-19.12493745124,9.166030720362,
    67.382449685008));
#3364 = CIRCLE('',#3365,21.);
#3365 = AXIS2_PLACEMENT_3D('',#3366,#3367,#3368);
#3366 = CARTESIAN_POINT('',(3.21975E-14,0.492117676884,67.382449685008)
  );
#3367 = DIRECTION('',(-1.102613E-15,4.215947E-16,1.));
#3368 = DIRECTION('',(0.934049773616,-0.357142857143,1.18046495875E-15)
  );
#3369 = ORIENTED_EDGE('',*,*,#3370,.T.);
#3370 = EDGE_CURVE('',#3362,#3139,#3371,.T.);
#3371 = LINE('',#3372,#3373);
#3372 = CARTESIAN_POINT('',(-19.12493745124,9.166030720362,
    67.382449685008));
#3373 = VECTOR('',#3374,1.);
#3374 = DIRECTION('',(0.,0.,1.));
#3375 = ORIENTED_EDGE('',*,*,#3138,.T.);
#3376 = CYLINDRICAL_SURFACE('',#3377,21.);
#3377 = AXIS2_PLACEMENT_3D('',#3378,#3379,#3380);
#3378 = CARTESIAN_POINT('',(3.21975E-14,0.492117676884,67.382449685008)
  );
#3379 = DIRECTION('',(2.147809E-17,3.361475E-15,1.));
#3380 = DIRECTION('',(0.934049773616,-0.357142857143,1.180465180612E-15)
  );
#3381 = ADVANCED_FACE('',(#3382),#3423,.F.);
#3382 = FACE_BOUND('',#3383,.T.);
#3383 = EDGE_LOOP('',(#3384,#3385,#3393,#3401,#3409,#3417));
#3384 = ORIENTED_EDGE('',*,*,#3278,.T.);
#3385 = ORIENTED_EDGE('',*,*,#3386,.F.);
#3386 = EDGE_CURVE('',#3387,#3281,#3389,.T.);
#3387 = VERTEX_POINT('',#3388);
#3388 = CARTESIAN_POINT('',(5.,16.492117676884,60.645504299248));
#3389 = LINE('',#3390,#3391);
#3390 = CARTESIAN_POINT('',(5.,16.492117676884,60.645504299248));
#3391 = VECTOR('',#3392,1.);
#3392 = DIRECTION('',(0.,0.,1.));
#3393 = ORIENTED_EDGE('',*,*,#3394,.T.);
#3394 = EDGE_CURVE('',#3387,#3395,#3397,.T.);
#3395 = VERTEX_POINT('',#3396);
#3396 = CARTESIAN_POINT('',(1.,16.492117676884,59.913669226889));
#3397 = ( BOUNDED_CURVE() B_SPLINE_CURVE(2,(#3398,#3399,#3400),
.UNSPECIFIED.,.F.,.F.) B_SPLINE_CURVE_WITH_KNOTS((3,3),(0.685793329643,
1.146441232245),.PIECEWISE_BEZIER_KNOTS.) CURVE() 
GEOMETRIC_REPRESENTATION_ITEM() RATIONAL_B_SPLINE_CURVE((1.098798644506,
1.119640001515,1.12390350773)) REPRESENTATION_ITEM('') );
#3398 = CARTESIAN_POINT('',(5.,16.492117676884,60.645504299248));
#3399 = CARTESIAN_POINT('',(2.955368118906,16.492117676884,
    60.035641738949));
#3400 = CARTESIAN_POINT('',(1.,16.492117676884,59.913669226889));
#3401 = ORIENTED_EDGE('',*,*,#3402,.F.);
#3402 = EDGE_CURVE('',#3403,#3395,#3405,.T.);
#3403 = VERTEX_POINT('',#3404);
#3404 = CARTESIAN_POINT('',(-1.,16.492117676884,59.913669226889));
#3405 = ( BOUNDED_CURVE() B_SPLINE_CURVE(2,(#3406,#3407,#3408),
.UNSPECIFIED.,.F.,.F.) B_SPLINE_CURVE_WITH_KNOTS((3,3),(2.054657793521,
2.341743666996),.PIECEWISE_BEZIER_KNOTS.) CURVE() 
GEOMETRIC_REPRESENTATION_ITEM() RATIONAL_B_SPLINE_CURVE((1.295034748335,
1.297561647808,1.295034748335)) REPRESENTATION_ITEM('') );
#3406 = CARTESIAN_POINT('',(-1.,16.492117676884,59.913669226889));
#3407 = CARTESIAN_POINT('',(7.660762E-12,16.492117676884,59.851290940734
    ));
#3408 = CARTESIAN_POINT('',(1.,16.492117676884,59.913669226889));
#3409 = ORIENTED_EDGE('',*,*,#3410,.T.);
#3410 = EDGE_CURVE('',#3403,#3411,#3413,.T.);
#3411 = VERTEX_POINT('',#3412);
#3412 = CARTESIAN_POINT('',(-5.,16.492117676884,60.645504299228));
#3413 = ( BOUNDED_CURVE() B_SPLINE_CURVE(2,(#3414,#3415,#3416),
.UNSPECIFIED.,.F.,.F.) B_SPLINE_CURVE_WITH_KNOTS((3,3),(1.38338089589,
1.844028798502),.PIECEWISE_BEZIER_KNOTS.) CURVE() 
GEOMETRIC_REPRESENTATION_ITEM() RATIONAL_B_SPLINE_CURVE((1.12390350773,
1.119640001515,1.098798644505)) REPRESENTATION_ITEM('') );
#3414 = CARTESIAN_POINT('',(-1.,16.492117676884,59.913669226889));
#3415 = CARTESIAN_POINT('',(-2.955368118884,16.492117676884,
    60.035641738918));
#3416 = CARTESIAN_POINT('',(-5.,16.492117676884,60.645504299228));
#3417 = ORIENTED_EDGE('',*,*,#3418,.F.);
#3418 = EDGE_CURVE('',#3279,#3411,#3419,.T.);
#3419 = LINE('',#3420,#3421);
#3420 = CARTESIAN_POINT('',(-5.,16.492117676884,69.382449685008));
#3421 = VECTOR('',#3422,1.);
#3422 = DIRECTION('',(0.,0.,-1.));
#3423 = PLANE('',#3424);
#3424 = AXIS2_PLACEMENT_3D('',#3425,#3426,#3427);
#3425 = CARTESIAN_POINT('',(-18.90539253216,16.492117676884,
    90.882449685007));
#3426 = DIRECTION('',(0.,-1.,0.));
#3427 = DIRECTION('',(0.,0.,1.));
#3428 = ADVANCED_FACE('',(#3429),#3455,.T.);
#3429 = FACE_BOUND('',#3430,.T.);
#3430 = EDGE_LOOP('',(#3431,#3439,#3440,#3448));
#3431 = ORIENTED_EDGE('',*,*,#3432,.F.);
#3432 = EDGE_CURVE('',#3332,#3433,#3435,.T.);
#3433 = VERTEX_POINT('',#3434);
#3434 = CARTESIAN_POINT('',(9.,12.492117676884,67.115947057157));
#3435 = LINE('',#3436,#3437);
#3436 = CARTESIAN_POINT('',(9.,12.492117676884,69.382449685008));
#3437 = VECTOR('',#3438,1.);
#3438 = DIRECTION('',(0.,0.,-1.));
#3439 = ORIENTED_EDGE('',*,*,#3331,.T.);
#3440 = ORIENTED_EDGE('',*,*,#3441,.F.);
#3441 = EDGE_CURVE('',#3442,#3323,#3444,.T.);
#3442 = VERTEX_POINT('',#3443);
#3443 = CARTESIAN_POINT('',(9.,8.238084369299,65.769276183626));
#3444 = LINE('',#3445,#3446);
#3445 = CARTESIAN_POINT('',(9.,8.238084369299,65.769276183626));
#3446 = VECTOR('',#3447,1.);
#3447 = DIRECTION('',(0.,0.,1.));
#3448 = ORIENTED_EDGE('',*,*,#3449,.T.);
#3449 = EDGE_CURVE('',#3442,#3433,#3450,.T.);
#3450 = CIRCLE('',#3451,4.35);
#3451 = AXIS2_PLACEMENT_3D('',#3452,#3453,#3454);
#3452 = CARTESIAN_POINT('',(9.,11.492117676884,62.882449685008));
#3453 = DIRECTION('',(-1.,0.,0.));
#3454 = DIRECTION('',(0.,0.,-1.));
#3455 = PLANE('',#3456);
#3456 = AXIS2_PLACEMENT_3D('',#3457,#3458,#3459);
#3457 = CARTESIAN_POINT('',(9.,16.492117676884,56.882449685007));
#3458 = DIRECTION('',(1.,0.,0.));
#3459 = DIRECTION('',(0.,0.,-1.));
#3460 = ADVANCED_FACE('',(#3461),#3517,.T.);
#3461 = FACE_BOUND('',#3462,.T.);
#3462 = EDGE_LOOP('',(#3463,#3474,#3482,#3492,#3501,#3511));
#3463 = ORIENTED_EDGE('',*,*,#3464,.F.);
#3464 = EDGE_CURVE('',#3465,#3467,#3469,.T.);
#3465 = VERTEX_POINT('',#3466);
#3466 = CARTESIAN_POINT('',(-13.2367385574,14.122552459493,
    147.86773105924));
#3467 = VERTEX_POINT('',#3468);
#3468 = CARTESIAN_POINT('',(-13.2367385574,-13.13831710572,
    147.86773105924));
#3469 = CIRCLE('',#3470,19.);
#3470 = AXIS2_PLACEMENT_3D('',#3471,#3472,#3473);
#3471 = CARTESIAN_POINT('',(3.392617E-14,0.492117676884,147.86773105924)
  );
#3472 = DIRECTION('',(0.,0.,-1.));
#3473 = DIRECTION('',(1.,0.,0.));
#3474 = ORIENTED_EDGE('',*,*,#3475,.F.);
#3475 = EDGE_CURVE('',#3476,#3465,#3478,.T.);
#3476 = VERTEX_POINT('',#3477);
#3477 = CARTESIAN_POINT('',(-13.2367385574,14.122552459493,
    206.36456970689));
#3478 = LINE('',#3479,#3480);
#3479 = CARTESIAN_POINT('',(-13.2367385574,14.122552459493,
    206.36456970689));
#3480 = VECTOR('',#3481,1.);
#3481 = DIRECTION('',(0.,0.,-1.));
#3482 = ORIENTED_EDGE('',*,*,#3483,.F.);
#3483 = EDGE_CURVE('',#3484,#3476,#3486,.T.);
#3484 = VERTEX_POINT('',#3485);
#3485 = CARTESIAN_POINT('',(-14.09900591404,13.228601973417,
    210.382449685));
#3486 = B_SPLINE_CURVE_WITH_KNOTS('',3,(#3487,#3488,#3489,#3490,#3491),
  .UNSPECIFIED.,.F.,.F.,(4,1,4),(0.144002096126,0.248194798148,
    0.579121195679),.UNSPECIFIED.);
#3487 = CARTESIAN_POINT('',(-14.09770826325,13.22948147262,
    210.38364191543));
#3488 = CARTESIAN_POINT('',(-13.97886523054,13.360967330422,
    210.11002193113));
#3489 = CARTESIAN_POINT('',(-13.51411747191,13.860353515413,
    208.91113853346));
#3490 = CARTESIAN_POINT('',(-13.2367385574,14.122552459493,
    207.46765769866));
#3491 = CARTESIAN_POINT('',(-13.2367385574,14.122552459493,
    206.36456970689));
#3492 = ORIENTED_EDGE('',*,*,#3493,.F.);
#3493 = EDGE_CURVE('',#3494,#3484,#3496,.T.);
#3494 = VERTEX_POINT('',#3495);
#3495 = CARTESIAN_POINT('',(-14.09900591352,-12.24436662021,
    210.38244968441));
#3496 = CIRCLE('',#3497,19.);
#3497 = AXIS2_PLACEMENT_3D('',#3498,#3499,#3500);
#3498 = CARTESIAN_POINT('',(3.526886E-14,0.492117676885,210.382449685));
#3499 = DIRECTION('',(2.147809E-17,-1.763092E-27,1.));
#3500 = DIRECTION('',(1.,-8.208792E-11,-2.147809E-17));
#3501 = ORIENTED_EDGE('',*,*,#3502,.F.);
#3502 = EDGE_CURVE('',#3503,#3494,#3505,.T.);
#3503 = VERTEX_POINT('',#3504);
#3504 = CARTESIAN_POINT('',(-13.2367385574,-13.13831710572,
    206.36456970689));
#3505 = B_SPLINE_CURVE_WITH_KNOTS('',3,(#3506,#3507,#3508,#3509,#3510),
  .UNSPECIFIED.,.F.,.F.,(4,1,4),(0.,0.248048150398,0.435503196745),
  .UNSPECIFIED.);
#3506 = CARTESIAN_POINT('',(-13.2367385574,-13.13831710572,
    206.36456970689));
#3507 = CARTESIAN_POINT('',(-13.2367385574,-13.13831710572,
    207.19139687488));
#3508 = CARTESIAN_POINT('',(-13.44036891331,-12.94553064564,
    208.6356486425));
#3509 = CARTESIAN_POINT('',(-13.88358433124,-12.4820918884,
    209.88652621591));
#3510 = CARTESIAN_POINT('',(-14.09864126543,-12.24414533246,
    210.38251259152));
#3511 = ORIENTED_EDGE('',*,*,#3512,.F.);
#3512 = EDGE_CURVE('',#3467,#3503,#3513,.T.);
#3513 = LINE('',#3514,#3515);
#3514 = CARTESIAN_POINT('',(-13.2367385574,-13.13831710572,
    147.86773105924));
#3515 = VECTOR('',#3516,1.);
#3516 = DIRECTION('',(0.,0.,1.));
#3517 = CYLINDRICAL_SURFACE('',#3518,19.);
#3518 = AXIS2_PLACEMENT_3D('',#3519,#3520,#3521);
#3519 = CARTESIAN_POINT('',(3.462268E-14,0.492117676884,180.29666324738)
  );
#3520 = DIRECTION('',(-2.147809E-17,-2.806363E-15,-1.));
#3521 = DIRECTION('',(1.,-6.027531708667E-32,-2.147809E-17));
#3522 = ADVANCED_FACE('',(#3523),#3579,.T.);
#3523 = FACE_BOUND('',#3524,.T.);
#3524 = EDGE_LOOP('',(#3525,#3536,#3545,#3554,#3563,#3572));
#3525 = ORIENTED_EDGE('',*,*,#3526,.F.);
#3526 = EDGE_CURVE('',#3527,#3529,#3531,.T.);
#3527 = VERTEX_POINT('',#3528);
#3528 = CARTESIAN_POINT('',(-14.05293876007,-13.97879329884,
    145.0393039345));
#3529 = VERTEX_POINT('',#3530);
#3530 = CARTESIAN_POINT('',(-14.05293876112,14.963028652679,
    145.03930393371));
#3531 = CIRCLE('',#3532,20.171572875254);
#3532 = AXIS2_PLACEMENT_3D('',#3533,#3534,#3535);
#3533 = CARTESIAN_POINT('',(3.386542E-14,0.492117676884,145.0393039345)
  );
#3534 = DIRECTION('',(0.,0.,1.));
#3535 = DIRECTION('',(1.,0.,-0.));
#3536 = ORIENTED_EDGE('',*,*,#3537,.F.);
#3537 = EDGE_CURVE('',#3538,#3527,#3540,.T.);
#3538 = VERTEX_POINT('',#3539);
#3539 = CARTESIAN_POINT('',(-17.63255042645,-14.19747300222,
    142.26112934135));
#3540 = B_SPLINE_CURVE_WITH_KNOTS('',3,(#3541,#3542,#3543,#3544),
  .UNSPECIFIED.,.F.,.F.,(4,4),(-0.469293225644,0.),
  .PIECEWISE_BEZIER_KNOTS.);
#3541 = CARTESIAN_POINT('',(-17.63255042649,-14.19747300225,
    142.26112934135));
#3542 = CARTESIAN_POINT('',(-16.44785136555,-14.13053927159,
    143.21418972113));
#3543 = CARTESIAN_POINT('',(-15.25524254745,-14.05768100492,
    144.14510105904));
#3544 = CARTESIAN_POINT('',(-14.05293876112,-13.97879329891,
    145.03930393371));
#3545 = ORIENTED_EDGE('',*,*,#3546,.F.);
#3546 = EDGE_CURVE('',#3547,#3538,#3549,.T.);
#3547 = VERTEX_POINT('',#3548);
#3548 = CARTESIAN_POINT('',(22.86709281935,-1.453897443885,
    142.26112934144));
#3549 = CIRCLE('',#3550,22.949747468306);
#3550 = AXIS2_PLACEMENT_3D('',#3551,#3552,#3553);
#3551 = CARTESIAN_POINT('',(3.380575E-14,0.492117676884,142.26112934144)
  );
#3552 = DIRECTION('',(0.,0.,-1.));
#3553 = DIRECTION('',(1.,0.,0.));
#3554 = ORIENTED_EDGE('',*,*,#3555,.F.);
#3555 = EDGE_CURVE('',#3556,#3547,#3558,.T.);
#3556 = VERTEX_POINT('',#3557);
#3557 = CARTESIAN_POINT('',(22.867092822083,2.438132765536,
    142.26112934144));
#3558 = B_SPLINE_CURVE_WITH_KNOTS('',3,(#3559,#3560,#3561,#3562),
  .UNSPECIFIED.,.F.,.F.,(4,4),(0.,0.305260630277),
  .PIECEWISE_BEZIER_KNOTS.);
#3559 = CARTESIAN_POINT('',(22.867092822087,2.438132765487,
    142.26112934144));
#3560 = CARTESIAN_POINT('',(22.977100561431,1.145461808548,
    142.26112934145));
#3561 = CARTESIAN_POINT('',(22.977100560471,-0.161226487097,
    142.26112934149));
#3562 = CARTESIAN_POINT('',(22.86709281935,-1.453897443885,
    142.26112934144));
#3563 = ORIENTED_EDGE('',*,*,#3564,.F.);
#3564 = EDGE_CURVE('',#3565,#3556,#3567,.T.);
#3565 = VERTEX_POINT('',#3566);
#3566 = CARTESIAN_POINT('',(-17.63255042645,15.181708355989,
    142.26112934135));
#3567 = CIRCLE('',#3568,22.949747468306);
#3568 = AXIS2_PLACEMENT_3D('',#3569,#3570,#3571);
#3569 = CARTESIAN_POINT('',(3.380575E-14,0.492117676884,142.26112934144)
  );
#3570 = DIRECTION('',(0.,0.,-1.));
#3571 = DIRECTION('',(1.,0.,0.));
#3572 = ORIENTED_EDGE('',*,*,#3573,.F.);
#3573 = EDGE_CURVE('',#3529,#3565,#3574,.T.);
#3574 = B_SPLINE_CURVE_WITH_KNOTS('',3,(#3575,#3576,#3577,#3578),
  .UNSPECIFIED.,.F.,.F.,(4,4),(-0.469293225644,0.),
  .PIECEWISE_BEZIER_KNOTS.);
#3575 = CARTESIAN_POINT('',(-14.05293876112,14.963028652679,
    145.03930393371));
#3576 = CARTESIAN_POINT('',(-15.25524254745,15.041916358694,
    144.14510105904));
#3577 = CARTESIAN_POINT('',(-16.44785136555,15.114774625368,
    143.21418972113));
#3578 = CARTESIAN_POINT('',(-17.63255042649,15.18170835602,
    142.26112934135));
#3579 = CONICAL_SURFACE('',#3580,22.,0.7853981625);
#3580 = AXIS2_PLACEMENT_3D('',#3581,#3582,#3583);
#3581 = CARTESIAN_POINT('',(3.382615E-14,0.492117676884,143.21087680975)
  );
#3582 = DIRECTION('',(-2.147809E-17,-2.806363E-15,-1.));
#3583 = DIRECTION('',(1.,-6.027531708667E-32,-2.147809E-17));
#3584 = ADVANCED_FACE('',(#3585),#3603,.F.);
#3585 = FACE_BOUND('',#3586,.F.);
#3586 = EDGE_LOOP('',(#3587,#3594,#3595,#3602));
#3587 = ORIENTED_EDGE('',*,*,#3588,.F.);
#3588 = EDGE_CURVE('',#3529,#3465,#3589,.T.);
#3589 = CIRCLE('',#3590,4.);
#3590 = AXIS2_PLACEMENT_3D('',#3591,#3592,#3593);
#3591 = CARTESIAN_POINT('',(-16.02342035896,16.992117676884,
    147.86773105924));
#3592 = DIRECTION('',(-0.717391304348,-0.69667045039,-1.110223024625E-15
    ));
#3593 = DIRECTION('',(0.492620399723,-0.507272256069,-0.707106781187));
#3594 = ORIENTED_EDGE('',*,*,#3526,.F.);
#3595 = ORIENTED_EDGE('',*,*,#3596,.F.);
#3596 = EDGE_CURVE('',#3467,#3527,#3597,.T.);
#3597 = CIRCLE('',#3598,4.);
#3598 = AXIS2_PLACEMENT_3D('',#3599,#3600,#3601);
#3599 = CARTESIAN_POINT('',(-16.02342035896,-16.00788232311,
    147.86773105924));
#3600 = DIRECTION('',(-0.717391304348,0.69667045039,-5.90404E-16));
#3601 = DIRECTION('',(0.69667045039,0.717391304348,-2.028224E-15));
#3602 = ORIENTED_EDGE('',*,*,#3464,.F.);
#3603 = TOROIDAL_SURFACE('',#3604,23.,4.);
#3604 = AXIS2_PLACEMENT_3D('',#3605,#3606,#3607);
#3605 = CARTESIAN_POINT('',(3.392617E-14,0.492117676884,147.86773105924)
  );
#3606 = DIRECTION('',(-2.147809E-17,-2.806363E-15,-1.));
#3607 = DIRECTION('',(6.027531708667E-32,-1.,2.806363E-15));
#3608 = ADVANCED_FACE('',(#3609),#3647,.T.);
#3609 = FACE_BOUND('',#3610,.T.);
#3610 = EDGE_LOOP('',(#3611,#3622,#3631,#3640));
#3611 = ORIENTED_EDGE('',*,*,#3612,.T.);
#3612 = EDGE_CURVE('',#3613,#3615,#3617,.T.);
#3613 = VERTEX_POINT('',#3614);
#3614 = CARTESIAN_POINT('',(-20.55903451329,14.716255607919,
    68.382449685008));
#3615 = VERTEX_POINT('',#3616);
#3616 = CARTESIAN_POINT('',(-19.73667313276,14.147290090677,
    67.382449685008));
#3617 = CIRCLE('',#3618,1.);
#3618 = AXIS2_PLACEMENT_3D('',#3619,#3620,#3621);
#3619 = CARTESIAN_POINT('',(-19.73667313276,14.147290090677,
    68.382449685008));
#3620 = DIRECTION('',(-0.568965517241,-0.822361380532,2.320065E-15));
#3621 = DIRECTION('',(-0.822361380532,0.568965517241,-2.550506E-15));
#3622 = ORIENTED_EDGE('',*,*,#3623,.T.);
#3623 = EDGE_CURVE('',#3615,#3624,#3626,.T.);
#3624 = VERTEX_POINT('',#3625);
#3625 = CARTESIAN_POINT('',(-23.84848003542,11.992117676884,
    67.382449685008));
#3626 = CIRCLE('',#3627,5.);
#3627 = AXIS2_PLACEMENT_3D('',#3628,#3629,#3630);
#3628 = CARTESIAN_POINT('',(-23.84848003542,16.992117676884,
    67.382449685008));
#3629 = DIRECTION('',(1.278636E-15,-2.439482E-15,-1.));
#3630 = DIRECTION('',(0.464238345443,-0.885710313037,2.754266226932E-15)
  );
#3631 = ORIENTED_EDGE('',*,*,#3632,.T.);
#3632 = EDGE_CURVE('',#3624,#3633,#3635,.T.);
#3633 = VERTEX_POINT('',#3634);
#3634 = CARTESIAN_POINT('',(-23.84848003542,12.992117676884,
    68.382449685008));
#3635 = CIRCLE('',#3636,1.);
#3636 = AXIS2_PLACEMENT_3D('',#3637,#3638,#3639);
#3637 = CARTESIAN_POINT('',(-23.84848003542,11.992117676884,
    68.382449685008));
#3638 = DIRECTION('',(1.,0.,0.));
#3639 = DIRECTION('',(0.,0.,-1.));
#3640 = ORIENTED_EDGE('',*,*,#3641,.T.);
#3641 = EDGE_CURVE('',#3633,#3613,#3642,.T.);
#3642 = CIRCLE('',#3643,4.);
#3643 = AXIS2_PLACEMENT_3D('',#3644,#3645,#3646);
#3644 = CARTESIAN_POINT('',(-23.84848003542,16.992117676884,
    68.382449685008));
#3645 = DIRECTION('',(-1.278146E-15,2.438546E-15,1.));
#3646 = DIRECTION('',(0.464238345443,-0.885710313037,2.75320972529E-15)
  );
#3647 = TOROIDAL_SURFACE('',#3648,5.,1.);
#3648 = AXIS2_PLACEMENT_3D('',#3649,#3650,#3651);
#3649 = CARTESIAN_POINT('',(-23.84848003542,16.992117676884,
    68.382449685008));
#3650 = DIRECTION('',(-2.147809E-17,-3.120926E-15,-1.));
#3651 = DIRECTION('',(6.703152951134E-32,-1.,3.120926E-15));
#3652 = ADVANCED_FACE('',(#3653),#3679,.T.);
#3653 = FACE_BOUND('',#3654,.T.);
#3654 = EDGE_LOOP('',(#3655,#3666,#3672,#3673));
#3655 = ORIENTED_EDGE('',*,*,#3656,.T.);
#3656 = EDGE_CURVE('',#3657,#3659,#3661,.T.);
#3657 = VERTEX_POINT('',#3658);
#3658 = CARTESIAN_POINT('',(-31.,11.992117676884,67.382449685008));
#3659 = VERTEX_POINT('',#3660);
#3660 = CARTESIAN_POINT('',(-31.,12.992117676884,68.382449685008));
#3661 = CIRCLE('',#3662,1.);
#3662 = AXIS2_PLACEMENT_3D('',#3663,#3664,#3665);
#3663 = CARTESIAN_POINT('',(-31.,11.992117676884,68.382449685008));
#3664 = DIRECTION('',(1.,0.,0.));
#3665 = DIRECTION('',(0.,0.,-1.));
#3666 = ORIENTED_EDGE('',*,*,#3667,.T.);
#3667 = EDGE_CURVE('',#3659,#3633,#3668,.T.);
#3668 = LINE('',#3669,#3670);
#3669 = CARTESIAN_POINT('',(-31.,12.992117676884,68.382449685008));
#3670 = VECTOR('',#3671,1.);
#3671 = DIRECTION('',(1.,0.,0.));
#3672 = ORIENTED_EDGE('',*,*,#3632,.F.);
#3673 = ORIENTED_EDGE('',*,*,#3674,.T.);
#3674 = EDGE_CURVE('',#3624,#3657,#3675,.T.);
#3675 = LINE('',#3676,#3677);
#3676 = CARTESIAN_POINT('',(-23.84848003542,11.992117676884,
    67.382449685008));
#3677 = VECTOR('',#3678,1.);
#3678 = DIRECTION('',(-1.,0.,0.));
#3679 = CYLINDRICAL_SURFACE('',#3680,1.);
#3680 = AXIS2_PLACEMENT_3D('',#3681,#3682,#3683);
#3681 = CARTESIAN_POINT('',(-0.75,11.992117676884,68.382449685008));
#3682 = DIRECTION('',(1.,-5.222537E-17,-2.147809E-17));
#3683 = DIRECTION('',(2.174161019104E-17,0.707106781187,-0.707106781187)
  );
#3684 = ADVANCED_FACE('',(#3685),#3713,.T.);
#3685 = FACE_BOUND('',#3686,.T.);
#3686 = EDGE_LOOP('',(#3687,#3698,#3705,#3706));
#3687 = ORIENTED_EDGE('',*,*,#3688,.T.);
#3688 = EDGE_CURVE('',#3689,#3691,#3693,.T.);
#3689 = VERTEX_POINT('',#3690);
#3690 = CARTESIAN_POINT('',(-35.,7.992117676884,67.382449685008));
#3691 = VERTEX_POINT('',#3692);
#3692 = CARTESIAN_POINT('',(-36.,7.992117676884,68.382449685008));
#3693 = CIRCLE('',#3694,1.);
#3694 = AXIS2_PLACEMENT_3D('',#3695,#3696,#3697);
#3695 = CARTESIAN_POINT('',(-35.,7.992117676884,68.382449685008));
#3696 = DIRECTION('',(0.,1.,0.));
#3697 = DIRECTION('',(0.,0.,-1.));
#3698 = ORIENTED_EDGE('',*,*,#3699,.T.);
#3699 = EDGE_CURVE('',#3691,#3659,#3700,.T.);
#3700 = CIRCLE('',#3701,5.);
#3701 = AXIS2_PLACEMENT_3D('',#3702,#3703,#3704);
#3702 = CARTESIAN_POINT('',(-31.,7.992117676884,68.382449685008));
#3703 = DIRECTION('',(1.549452E-15,-1.549452E-15,-1.));
#3704 = DIRECTION('',(-0.707106781187,0.707106781187,-2.191256032646E-15
    ));
#3705 = ORIENTED_EDGE('',*,*,#3656,.F.);
#3706 = ORIENTED_EDGE('',*,*,#3707,.T.);
#3707 = EDGE_CURVE('',#3657,#3689,#3708,.T.);
#3708 = CIRCLE('',#3709,4.);
#3709 = AXIS2_PLACEMENT_3D('',#3710,#3711,#3712);
#3710 = CARTESIAN_POINT('',(-31.,7.992117676884,67.382449685008));
#3711 = DIRECTION('',(-1.549724E-15,1.549724E-15,1.));
#3712 = DIRECTION('',(-0.707106781187,0.707106781187,-2.191640698735E-15
    ));
#3713 = TOROIDAL_SURFACE('',#3714,4.,1.);
#3714 = AXIS2_PLACEMENT_3D('',#3715,#3716,#3717);
#3715 = CARTESIAN_POINT('',(-31.,7.992117676884,68.382449685008));
#3716 = DIRECTION('',(2.147809E-17,3.120926E-15,1.));
#3717 = DIRECTION('',(-6.703152951134E-32,1.,-3.120926E-15));
#3718 = ADVANCED_FACE('',(#3719),#3745,.T.);
#3719 = FACE_BOUND('',#3720,.T.);
#3720 = EDGE_LOOP('',(#3721,#3732,#3738,#3739));
#3721 = ORIENTED_EDGE('',*,*,#3722,.T.);
#3722 = EDGE_CURVE('',#3723,#3725,#3727,.T.);
#3723 = VERTEX_POINT('',#3724);
#3724 = CARTESIAN_POINT('',(-35.,-7.007882323116,67.382449685008));
#3725 = VERTEX_POINT('',#3726);
#3726 = CARTESIAN_POINT('',(-36.,-7.007882323116,68.382449685008));
#3727 = CIRCLE('',#3728,1.);
#3728 = AXIS2_PLACEMENT_3D('',#3729,#3730,#3731);
#3729 = CARTESIAN_POINT('',(-35.,-7.007882323116,68.382449685008));
#3730 = DIRECTION('',(0.,1.,0.));
#3731 = DIRECTION('',(0.,0.,-1.));
#3732 = ORIENTED_EDGE('',*,*,#3733,.T.);
#3733 = EDGE_CURVE('',#3725,#3691,#3734,.T.);
#3734 = LINE('',#3735,#3736);
#3735 = CARTESIAN_POINT('',(-36.,-7.007882323116,68.382449685008));
#3736 = VECTOR('',#3737,1.);
#3737 = DIRECTION('',(0.,1.,0.));
#3738 = ORIENTED_EDGE('',*,*,#3688,.F.);
#3739 = ORIENTED_EDGE('',*,*,#3740,.T.);
#3740 = EDGE_CURVE('',#3689,#3723,#3741,.T.);
#3741 = LINE('',#3742,#3743);
#3742 = CARTESIAN_POINT('',(-35.,7.992117676884,67.382449685008));
#3743 = VECTOR('',#3744,1.);
#3744 = DIRECTION('',(0.,-1.,0.));
#3745 = CYLINDRICAL_SURFACE('',#3746,1.);
#3746 = AXIS2_PLACEMENT_3D('',#3747,#3748,#3749);
#3747 = CARTESIAN_POINT('',(-35.,-7.007882323116,68.382449685008));
#3748 = DIRECTION('',(-5.222537E-17,-1.,3.120926E-15));
#3749 = DIRECTION('',(-0.707106781187,-2.169899024904E-15,
    -0.707106781187));
#3750 = ADVANCED_FACE('',(#3751),#3779,.T.);
#3751 = FACE_BOUND('',#3752,.T.);
#3752 = EDGE_LOOP('',(#3753,#3764,#3771,#3772));
#3753 = ORIENTED_EDGE('',*,*,#3754,.T.);
#3754 = EDGE_CURVE('',#3755,#3757,#3759,.T.);
#3755 = VERTEX_POINT('',#3756);
#3756 = CARTESIAN_POINT('',(-31.,-11.00788232311,67.382449685008));
#3757 = VERTEX_POINT('',#3758);
#3758 = CARTESIAN_POINT('',(-31.,-12.00788232311,68.382449685008));
#3759 = CIRCLE('',#3760,1.);
#3760 = AXIS2_PLACEMENT_3D('',#3761,#3762,#3763);
#3761 = CARTESIAN_POINT('',(-31.,-11.00788232311,68.382449685008));
#3762 = DIRECTION('',(-1.,0.,0.));
#3763 = DIRECTION('',(0.,0.,-1.));
#3764 = ORIENTED_EDGE('',*,*,#3765,.T.);
#3765 = EDGE_CURVE('',#3757,#3725,#3766,.T.);
#3766 = CIRCLE('',#3767,5.);
#3767 = AXIS2_PLACEMENT_3D('',#3768,#3769,#3770);
#3768 = CARTESIAN_POINT('',(-31.,-7.007882323116,68.382449685008));
#3769 = DIRECTION('',(-1.57093E-15,-1.57093E-15,-1.));
#3770 = DIRECTION('',(-0.707106781187,-0.707106781187,2.221630511539E-15
    ));
#3771 = ORIENTED_EDGE('',*,*,#3722,.F.);
#3772 = ORIENTED_EDGE('',*,*,#3773,.T.);
#3773 = EDGE_CURVE('',#3723,#3755,#3774,.T.);
#3774 = CIRCLE('',#3775,4.);
#3775 = AXIS2_PLACEMENT_3D('',#3776,#3777,#3778);
#3776 = CARTESIAN_POINT('',(-31.,-7.007882323116,67.382449685008));
#3777 = DIRECTION('',(1.571202E-15,1.571202E-15,1.));
#3778 = DIRECTION('',(-0.707106781187,-0.707106781187,2.222015177628E-15
    ));
#3779 = TOROIDAL_SURFACE('',#3780,4.,1.);
#3780 = AXIS2_PLACEMENT_3D('',#3781,#3782,#3783);
#3781 = CARTESIAN_POINT('',(-31.,-7.007882323116,68.382449685008));
#3782 = DIRECTION('',(2.147809E-17,3.120926E-15,1.));
#3783 = DIRECTION('',(-6.703152951134E-32,1.,-3.120926E-15));
#3784 = ADVANCED_FACE('',(#3785),#3811,.T.);
#3785 = FACE_BOUND('',#3786,.T.);
#3786 = EDGE_LOOP('',(#3787,#3798,#3804,#3805));
#3787 = ORIENTED_EDGE('',*,*,#3788,.T.);
#3788 = EDGE_CURVE('',#3789,#3791,#3793,.T.);
#3789 = VERTEX_POINT('',#3790);
#3790 = CARTESIAN_POINT('',(-23.84848003542,-11.00788232311,
    67.382449685008));
#3791 = VERTEX_POINT('',#3792);
#3792 = CARTESIAN_POINT('',(-23.84848003542,-12.00788232311,
    68.382449685008));
#3793 = CIRCLE('',#3794,1.);
#3794 = AXIS2_PLACEMENT_3D('',#3795,#3796,#3797);
#3795 = CARTESIAN_POINT('',(-23.84848003542,-11.00788232311,
    68.382449685008));
#3796 = DIRECTION('',(-1.,0.,0.));
#3797 = DIRECTION('',(0.,0.,-1.));
#3798 = ORIENTED_EDGE('',*,*,#3799,.T.);
#3799 = EDGE_CURVE('',#3791,#3757,#3800,.T.);
#3800 = LINE('',#3801,#3802);
#3801 = CARTESIAN_POINT('',(-23.84848003542,-12.00788232311,
    68.382449685008));
#3802 = VECTOR('',#3803,1.);
#3803 = DIRECTION('',(-1.,0.,0.));
#3804 = ORIENTED_EDGE('',*,*,#3754,.F.);
#3805 = ORIENTED_EDGE('',*,*,#3806,.T.);
#3806 = EDGE_CURVE('',#3755,#3789,#3807,.T.);
#3807 = LINE('',#3808,#3809);
#3808 = CARTESIAN_POINT('',(-31.,-11.00788232311,67.382449685008));
#3809 = VECTOR('',#3810,1.);
#3810 = DIRECTION('',(1.,0.,0.));
#3811 = CYLINDRICAL_SURFACE('',#3812,1.);
#3812 = AXIS2_PLACEMENT_3D('',#3813,#3814,#3815);
#3813 = CARTESIAN_POINT('',(-0.75,-11.00788232311,68.382449685008));
#3814 = DIRECTION('',(1.,-5.222537E-17,-2.147809E-17));
#3815 = DIRECTION('',(-5.211621636291E-17,-0.707106781187,
    -0.707106781187));
#3816 = ADVANCED_FACE('',(#3817),#3845,.T.);
#3817 = FACE_BOUND('',#3818,.T.);
#3818 = EDGE_LOOP('',(#3819,#3830,#3837,#3838));
#3819 = ORIENTED_EDGE('',*,*,#3820,.T.);
#3820 = EDGE_CURVE('',#3821,#3823,#3825,.T.);
#3821 = VERTEX_POINT('',#3822);
#3822 = CARTESIAN_POINT('',(-19.73667313276,-13.1630547369,
    67.382449685008));
#3823 = VERTEX_POINT('',#3824);
#3824 = CARTESIAN_POINT('',(-20.55903451329,-13.73202025415,
    68.382449685008));
#3825 = CIRCLE('',#3826,1.);
#3826 = AXIS2_PLACEMENT_3D('',#3827,#3828,#3829);
#3827 = CARTESIAN_POINT('',(-19.73667313276,-13.1630547369,
    68.382449685008));
#3828 = DIRECTION('',(-0.568965517241,0.822361380532,0.));
#3829 = DIRECTION('',(0.,0.,-1.));
#3830 = ORIENTED_EDGE('',*,*,#3831,.T.);
#3831 = EDGE_CURVE('',#3823,#3791,#3832,.T.);
#3832 = CIRCLE('',#3833,4.);
#3833 = AXIS2_PLACEMENT_3D('',#3834,#3835,#3836);
#3834 = CARTESIAN_POINT('',(-23.84848003542,-16.00788232311,
    68.382449685008));
#3835 = DIRECTION('',(1.287403E-15,2.456209E-15,1.));
#3836 = DIRECTION('',(0.464238345443,0.885710313037,-2.773151480913E-15)
  );
#3837 = ORIENTED_EDGE('',*,*,#3788,.F.);
#3838 = ORIENTED_EDGE('',*,*,#3839,.T.);
#3839 = EDGE_CURVE('',#3789,#3821,#3840,.T.);
#3840 = CIRCLE('',#3841,5.);
#3841 = AXIS2_PLACEMENT_3D('',#3842,#3843,#3844);
#3842 = CARTESIAN_POINT('',(-23.84848003542,-16.00788232311,
    67.382449685008));
#3843 = DIRECTION('',(-1.287894E-15,-2.457144E-15,-1.));
#3844 = DIRECTION('',(0.464238345443,0.885710313037,-2.774207561083E-15)
  );
#3845 = TOROIDAL_SURFACE('',#3846,5.,1.);
#3846 = AXIS2_PLACEMENT_3D('',#3847,#3848,#3849);
#3847 = CARTESIAN_POINT('',(-23.84848003542,-16.00788232311,
    68.382449685008));
#3848 = DIRECTION('',(-2.147809E-17,-3.120926E-15,-1.));
#3849 = DIRECTION('',(6.703152951134E-32,-1.,3.120926E-15));
#3850 = ADVANCED_FACE('',(#3851),#3879,.T.);
#3851 = FACE_BOUND('',#3852,.T.);
#3852 = EDGE_LOOP('',(#3853,#3864,#3871,#3872));
#3853 = ORIENTED_EDGE('',*,*,#3854,.T.);
#3854 = EDGE_CURVE('',#3855,#3857,#3859,.T.);
#3855 = VERTEX_POINT('',#3856);
#3856 = CARTESIAN_POINT('',(15.859553518243,-17.52105978302,
    67.382449685008));
#3857 = VERTEX_POINT('',#3858);
#3858 = CARTESIAN_POINT('',(16.52036824817,-18.27160884384,
    68.382449685008));
#3859 = CIRCLE('',#3860,1.);
#3860 = AXIS2_PLACEMENT_3D('',#3861,#3862,#3863);
#3861 = CARTESIAN_POINT('',(15.859553518243,-17.52105978302,
    68.382449685008));
#3862 = DIRECTION('',(-0.750549060829,-0.660814729927,0.));
#3863 = DIRECTION('',(-0.,0.,-1.));
#3864 = ORIENTED_EDGE('',*,*,#3865,.T.);
#3865 = EDGE_CURVE('',#3857,#3823,#3866,.T.);
#3866 = CIRCLE('',#3867,25.);
#3867 = AXIS2_PLACEMENT_3D('',#3868,#3869,#3870);
#3868 = CARTESIAN_POINT('',(3.221897E-14,0.492117676884,68.382449685008)
  );
#3869 = DIRECTION('',(-3.765997E-16,-3.07607E-15,-1.));
#3870 = DIRECTION('',(-0.121521503883,-0.992588799098,3.099037589146E-15
    ));
#3871 = ORIENTED_EDGE('',*,*,#3820,.F.);
#3872 = ORIENTED_EDGE('',*,*,#3873,.T.);
#3873 = EDGE_CURVE('',#3821,#3855,#3874,.T.);
#3874 = CIRCLE('',#3875,24.);
#3875 = AXIS2_PLACEMENT_3D('',#3876,#3877,#3878);
#3876 = CARTESIAN_POINT('',(3.21975E-14,0.492117676884,67.382449685008)
  );
#3877 = DIRECTION('',(3.767661E-16,3.077429E-15,1.));
#3878 = DIRECTION('',(-0.121521503883,-0.992588799098,3.100406738502E-15
    ));
#3879 = TOROIDAL_SURFACE('',#3880,24.,1.);
#3880 = AXIS2_PLACEMENT_3D('',#3881,#3882,#3883);
#3881 = CARTESIAN_POINT('',(3.221897E-14,0.492117676884,68.382449685008)
  );
#3882 = DIRECTION('',(-2.147809E-17,-3.120926E-15,-1.));
#3883 = DIRECTION('',(6.703152951134E-32,-1.,3.120926E-15));
#3884 = ADVANCED_FACE('',(#3885),#3913,.T.);
#3885 = FACE_BOUND('',#3886,.T.);
#3886 = EDGE_LOOP('',(#3887,#3898,#3905,#3906));
#3887 = ORIENTED_EDGE('',*,*,#3888,.T.);
#3888 = EDGE_CURVE('',#3889,#3891,#3893,.T.);
#3889 = VERTEX_POINT('',#3890);
#3890 = CARTESIAN_POINT('',(18.295386279542,-16.3497663221,
    67.382449685008));
#3891 = VERTEX_POINT('',#3892);
#3892 = CARTESIAN_POINT('',(18.469034457209,-17.33457407511,
    68.382449685008));
#3893 = CIRCLE('',#3894,1.);
#3894 = AXIS2_PLACEMENT_3D('',#3895,#3896,#3897);
#3895 = CARTESIAN_POINT('',(18.295386279542,-16.3497663221,
    68.382449685008));
#3896 = DIRECTION('',(-0.984807753012,-0.173648177667,0.));
#3897 = DIRECTION('',(-0.,0.,-1.));
#3898 = ORIENTED_EDGE('',*,*,#3899,.T.);
#3899 = EDGE_CURVE('',#3891,#3857,#3900,.T.);
#3900 = CIRCLE('',#3901,4.);
#3901 = AXIS2_PLACEMENT_3D('',#3902,#3903,#3904);
#3902 = CARTESIAN_POINT('',(19.163627167877,-21.27380508716,
    68.382449685008));
#3903 = DIRECTION('',(-1.212283E-15,2.521075E-15,1.));
#3904 = DIRECTION('',(-0.433360553989,0.9012206335,-2.797400441073E-15)
  );
#3905 = ORIENTED_EDGE('',*,*,#3854,.F.);
#3906 = ORIENTED_EDGE('',*,*,#3907,.T.);
#3907 = EDGE_CURVE('',#3855,#3889,#3908,.T.);
#3908 = CIRCLE('',#3909,5.);
#3909 = AXIS2_PLACEMENT_3D('',#3910,#3911,#3912);
#3910 = CARTESIAN_POINT('',(19.163627167877,-21.27380508716,
    67.382449685008));
#3911 = DIRECTION('',(1.214855E-15,-2.526424E-15,-1.));
#3912 = DIRECTION('',(-0.433360553989,0.9012206335,-2.803335673586E-15)
  );
#3913 = TOROIDAL_SURFACE('',#3914,5.,1.);
#3914 = AXIS2_PLACEMENT_3D('',#3915,#3916,#3917);
#3915 = CARTESIAN_POINT('',(19.163627167877,-21.27380508716,
    68.382449685008));
#3916 = DIRECTION('',(-2.147809E-17,-3.120926E-15,-1.));
#3917 = DIRECTION('',(6.703152951134E-32,-1.,3.120926E-15));
#3918 = ADVANCED_FACE('',(#3919),#3945,.T.);
#3919 = FACE_BOUND('',#3920,.T.);
#3920 = EDGE_LOOP('',(#3921,#3932,#3938,#3939));
#3921 = ORIENTED_EDGE('',*,*,#3922,.T.);
#3922 = EDGE_CURVE('',#3923,#3925,#3927,.T.);
#3923 = VERTEX_POINT('',#3924);
#3924 = CARTESIAN_POINT('',(31.020944533001,-14.10590705744,
    67.382449685008));
#3925 = VERTEX_POINT('',#3926);
#3926 = CARTESIAN_POINT('',(31.194592710668,-15.09071481045,
    68.382449685008));
#3927 = CIRCLE('',#3928,1.);
#3928 = AXIS2_PLACEMENT_3D('',#3929,#3930,#3931);
#3929 = CARTESIAN_POINT('',(31.020944533001,-14.10590705744,
    68.382449685008));
#3930 = DIRECTION('',(-0.984807753012,-0.173648177667,0.));
#3931 = DIRECTION('',(-0.,0.,-1.));
#3932 = ORIENTED_EDGE('',*,*,#3933,.T.);
#3933 = EDGE_CURVE('',#3925,#3891,#3934,.T.);
#3934 = LINE('',#3935,#3936);
#3935 = CARTESIAN_POINT('',(31.194592710668,-15.09071481045,
    68.382449685008));
#3936 = VECTOR('',#3937,1.);
#3937 = DIRECTION('',(-0.984807753012,-0.173648177667,1.099752E-15));
#3938 = ORIENTED_EDGE('',*,*,#3888,.F.);
#3939 = ORIENTED_EDGE('',*,*,#3940,.T.);
#3940 = EDGE_CURVE('',#3889,#3923,#3941,.T.);
#3941 = LINE('',#3942,#3943);
#3942 = CARTESIAN_POINT('',(18.295386279542,-16.3497663221,
    67.382449685008));
#3943 = VECTOR('',#3944,1.);
#3944 = DIRECTION('',(0.984807753012,0.173648177667,-1.099752E-15));
#3945 = CYLINDRICAL_SURFACE('',#3946,1.);
#3946 = AXIS2_PLACEMENT_3D('',#3947,#3948,#3949);
#3947 = CARTESIAN_POINT('',(34.326351822333,-13.5230745701,
    68.382449685008));
#3948 = DIRECTION('',(-0.984807753012,-0.173648177667,5.63095E-16));
#3949 = DIRECTION('',(0.122787803969,-0.69636424032,-0.707106781187));
#3950 = ADVANCED_FACE('',(#3951),#3979,.T.);
#3951 = FACE_BOUND('',#3952,.T.);
#3952 = EDGE_LOOP('',(#3953,#3964,#3971,#3972));
#3953 = ORIENTED_EDGE('',*,*,#3954,.T.);
#3954 = EDGE_CURVE('',#3955,#3957,#3959,.T.);
#3955 = VERTEX_POINT('',#3956);
#3956 = CARTESIAN_POINT('',(33.5,-11.1514837984,67.382449685008));
#3957 = VERTEX_POINT('',#3958);
#3958 = CARTESIAN_POINT('',(34.5,-11.1514837984,68.382449685008));
#3959 = CIRCLE('',#3960,1.);
#3960 = AXIS2_PLACEMENT_3D('',#3961,#3962,#3963);
#3961 = CARTESIAN_POINT('',(33.5,-11.1514837984,68.382449685008));
#3962 = DIRECTION('',(0.,-1.,0.));
#3963 = DIRECTION('',(0.,0.,-1.));
#3964 = ORIENTED_EDGE('',*,*,#3965,.T.);
#3965 = EDGE_CURVE('',#3957,#3925,#3966,.T.);
#3966 = CIRCLE('',#3967,4.);
#3967 = AXIS2_PLACEMENT_3D('',#3968,#3969,#3970);
#3968 = CARTESIAN_POINT('',(30.5,-11.1514837984,68.382449685008));
#3969 = DIRECTION('',(1.528725E-15,-1.282753E-15,-1.));
#3970 = DIRECTION('',(0.766044443119,-0.642787609687,1.995609025995E-15)
  );
#3971 = ORIENTED_EDGE('',*,*,#3922,.F.);
#3972 = ORIENTED_EDGE('',*,*,#3973,.T.);
#3973 = EDGE_CURVE('',#3923,#3955,#3974,.T.);
#3974 = CIRCLE('',#3975,3.);
#3975 = AXIS2_PLACEMENT_3D('',#3976,#3977,#3978);
#3976 = CARTESIAN_POINT('',(30.5,-11.1514837984,67.382449685008));
#3977 = DIRECTION('',(-1.524152E-15,1.278916E-15,1.));
#3978 = DIRECTION('',(0.766044443119,-0.642787609687,1.989639528699E-15)
  );
#3979 = TOROIDAL_SURFACE('',#3980,3.,1.);
#3980 = AXIS2_PLACEMENT_3D('',#3981,#3982,#3983);
#3981 = CARTESIAN_POINT('',(30.5,-11.1514837984,68.382449685008));
#3982 = DIRECTION('',(2.147809E-17,3.120926E-15,1.));
#3983 = DIRECTION('',(-6.703152951134E-32,1.,-3.120926E-15));
#3984 = ADVANCED_FACE('',(#3985),#4011,.T.);
#3985 = FACE_BOUND('',#3986,.T.);
#3986 = EDGE_LOOP('',(#3987,#3998,#4004,#4005));
#3987 = ORIENTED_EDGE('',*,*,#3988,.T.);
#3988 = EDGE_CURVE('',#3989,#3991,#3993,.T.);
#3989 = VERTEX_POINT('',#3990);
#3990 = CARTESIAN_POINT('',(33.5,12.135719152175,67.382449685008));
#3991 = VERTEX_POINT('',#3992);
#3992 = CARTESIAN_POINT('',(34.5,12.135719152175,68.382449685008));
#3993 = CIRCLE('',#3994,1.);
#3994 = AXIS2_PLACEMENT_3D('',#3995,#3996,#3997);
#3995 = CARTESIAN_POINT('',(33.5,12.135719152175,68.382449685008));
#3996 = DIRECTION('',(0.,-1.,0.));
#3997 = DIRECTION('',(0.,0.,-1.));
#3998 = ORIENTED_EDGE('',*,*,#3999,.T.);
#3999 = EDGE_CURVE('',#3991,#3957,#4000,.T.);
#4000 = LINE('',#4001,#4002);
#4001 = CARTESIAN_POINT('',(34.5,12.135719152175,68.382449685008));
#4002 = VECTOR('',#4003,1.);
#4003 = DIRECTION('',(0.,-1.,0.));
#4004 = ORIENTED_EDGE('',*,*,#3954,.F.);
#4005 = ORIENTED_EDGE('',*,*,#4006,.T.);
#4006 = EDGE_CURVE('',#3955,#3989,#4007,.T.);
#4007 = LINE('',#4008,#4009);
#4008 = CARTESIAN_POINT('',(33.5,-11.1514837984,67.382449685008));
#4009 = VECTOR('',#4010,1.);
#4010 = DIRECTION('',(0.,1.,0.));
#4011 = CYLINDRICAL_SURFACE('',#4012,1.);
#4012 = AXIS2_PLACEMENT_3D('',#4013,#4014,#4015);
#4013 = CARTESIAN_POINT('',(33.5,-7.007882323116,68.382449685008));
#4014 = DIRECTION('',(5.222537E-17,1.,-3.120926E-15));
#4015 = DIRECTION('',(0.707106781187,-2.243756851458E-15,-0.707106781187
    ));
#4016 = ADVANCED_FACE('',(#4017),#4045,.T.);
#4017 = FACE_BOUND('',#4018,.T.);
#4018 = EDGE_LOOP('',(#4019,#4030,#4037,#4038));
#4019 = ORIENTED_EDGE('',*,*,#4020,.T.);
#4020 = EDGE_CURVE('',#4021,#4023,#4025,.T.);
#4021 = VERTEX_POINT('',#4022);
#4022 = CARTESIAN_POINT('',(31.020944533001,15.090142411212,
    67.382449685008));
#4023 = VERTEX_POINT('',#4024);
#4024 = CARTESIAN_POINT('',(31.194592710668,16.074950164224,
    68.382449685008));
#4025 = CIRCLE('',#4026,1.);
#4026 = AXIS2_PLACEMENT_3D('',#4027,#4028,#4029);
#4027 = CARTESIAN_POINT('',(31.020944533001,15.090142411212,
    68.382449685008));
#4028 = DIRECTION('',(0.984807753012,-0.173648177667,0.));
#4029 = DIRECTION('',(0.,0.,-1.));
#4030 = ORIENTED_EDGE('',*,*,#4031,.T.);
#4031 = EDGE_CURVE('',#4023,#3991,#4032,.T.);
#4032 = CIRCLE('',#4033,4.);
#4033 = AXIS2_PLACEMENT_3D('',#4034,#4035,#4036);
#4034 = CARTESIAN_POINT('',(30.5,12.135719152175,68.382449685008));
#4035 = DIRECTION('',(-1.553933E-15,-1.303905E-15,-1.));
#4036 = DIRECTION('',(0.766044443119,0.642787609687,-2.028515717838E-15)
  );
#4037 = ORIENTED_EDGE('',*,*,#3988,.F.);
#4038 = ORIENTED_EDGE('',*,*,#4039,.T.);
#4039 = EDGE_CURVE('',#3989,#4021,#4040,.T.);
#4040 = CIRCLE('',#4041,3.);
#4041 = AXIS2_PLACEMENT_3D('',#4042,#4043,#4044);
#4042 = CARTESIAN_POINT('',(30.5,12.135719152175,67.382449685008));
#4043 = DIRECTION('',(1.54936E-15,1.300068E-15,1.));
#4044 = DIRECTION('',(0.766044443119,0.642787609687,-2.022546220541E-15)
  );
#4045 = TOROIDAL_SURFACE('',#4046,3.,1.);
#4046 = AXIS2_PLACEMENT_3D('',#4047,#4048,#4049);
#4047 = CARTESIAN_POINT('',(30.5,12.135719152175,68.382449685008));
#4048 = DIRECTION('',(2.147809E-17,3.120926E-15,1.));
#4049 = DIRECTION('',(-6.703152951134E-32,1.,-3.120926E-15));
#4050 = ADVANCED_FACE('',(#4051),#4077,.T.);
#4051 = FACE_BOUND('',#4052,.T.);
#4052 = EDGE_LOOP('',(#4053,#4064,#4070,#4071));
#4053 = ORIENTED_EDGE('',*,*,#4054,.T.);
#4054 = EDGE_CURVE('',#4055,#4057,#4059,.T.);
#4055 = VERTEX_POINT('',#4056);
#4056 = CARTESIAN_POINT('',(18.295386279542,17.334001675874,
    67.382449685008));
#4057 = VERTEX_POINT('',#4058);
#4058 = CARTESIAN_POINT('',(18.469034457209,18.318809428886,
    68.382449685008));
#4059 = CIRCLE('',#4060,1.);
#4060 = AXIS2_PLACEMENT_3D('',#4061,#4062,#4063);
#4061 = CARTESIAN_POINT('',(18.295386279542,17.334001675874,
    68.382449685008));
#4062 = DIRECTION('',(0.984807753012,-0.173648177667,0.));
#4063 = DIRECTION('',(0.,0.,-1.));
#4064 = ORIENTED_EDGE('',*,*,#4065,.T.);
#4065 = EDGE_CURVE('',#4057,#4023,#4066,.T.);
#4066 = LINE('',#4067,#4068);
#4067 = CARTESIAN_POINT('',(18.469034457209,18.318809428886,
    68.382449685008));
#4068 = VECTOR('',#4069,1.);
#4069 = DIRECTION('',(0.984807753012,-0.173648177667,1.099752E-15));
#4070 = ORIENTED_EDGE('',*,*,#4020,.F.);
#4071 = ORIENTED_EDGE('',*,*,#4072,.T.);
#4072 = EDGE_CURVE('',#4021,#4055,#4073,.T.);
#4073 = LINE('',#4074,#4075);
#4074 = CARTESIAN_POINT('',(31.020944533001,15.090142411212,
    67.382449685008));
#4075 = VECTOR('',#4076,1.);
#4076 = DIRECTION('',(-0.984807753012,0.173648177667,-1.099752E-15));
#4077 = CYLINDRICAL_SURFACE('',#4078,1.);
#4078 = AXIS2_PLACEMENT_3D('',#4079,#4080,#4081);
#4079 = CARTESIAN_POINT('',(36.891502897276,14.055004579766,
    68.382449685008));
#4080 = DIRECTION('',(-0.984807753012,0.173648177667,-5.207914E-16));
#4081 = DIRECTION('',(0.122787803969,0.69636424032,-0.707106781187));
#4082 = ADVANCED_FACE('',(#4083),#4111,.T.);
#4083 = FACE_BOUND('',#4084,.T.);
#4084 = EDGE_LOOP('',(#4085,#4096,#4103,#4104));
#4085 = ORIENTED_EDGE('',*,*,#4086,.T.);
#4086 = EDGE_CURVE('',#4087,#4089,#4091,.T.);
#4087 = VERTEX_POINT('',#4088);
#4088 = CARTESIAN_POINT('',(15.859553518243,18.505295136788,
    67.382449685008));
#4089 = VERTEX_POINT('',#4090);
#4090 = CARTESIAN_POINT('',(16.52036824817,19.255844197617,
    68.382449685008));
#4091 = CIRCLE('',#4092,1.);
#4092 = AXIS2_PLACEMENT_3D('',#4093,#4094,#4095);
#4093 = CARTESIAN_POINT('',(15.859553518243,18.505295136788,
    68.382449685008));
#4094 = DIRECTION('',(0.750549060829,-0.660814729927,0.));
#4095 = DIRECTION('',(0.,0.,-1.));
#4096 = ORIENTED_EDGE('',*,*,#4097,.T.);
#4097 = EDGE_CURVE('',#4089,#4057,#4098,.T.);
#4098 = CIRCLE('',#4099,4.);
#4099 = AXIS2_PLACEMENT_3D('',#4100,#4101,#4102);
#4100 = CARTESIAN_POINT('',(19.163627167877,22.258040440935,
    68.382449685008));
#4101 = DIRECTION('',(1.22035E-15,2.537852E-15,1.));
#4102 = DIRECTION('',(-0.433360553989,-0.9012206335,2.81601613923E-15));
#4103 = ORIENTED_EDGE('',*,*,#4054,.F.);
#4104 = ORIENTED_EDGE('',*,*,#4105,.T.);
#4105 = EDGE_CURVE('',#4055,#4087,#4106,.T.);
#4106 = CIRCLE('',#4107,5.);
#4107 = AXIS2_PLACEMENT_3D('',#4108,#4109,#4110);
#4108 = CARTESIAN_POINT('',(19.163627167877,22.258040440935,
    67.382449685008));
#4109 = DIRECTION('',(-1.222922E-15,-2.543201E-15,-1.));
#4110 = DIRECTION('',(-0.433360553989,-0.9012206335,2.821951371743E-15)
  );
#4111 = TOROIDAL_SURFACE('',#4112,5.,1.);
#4112 = AXIS2_PLACEMENT_3D('',#4113,#4114,#4115);
#4113 = CARTESIAN_POINT('',(19.163627167877,22.258040440935,
    68.382449685008));
#4114 = DIRECTION('',(-2.147809E-17,-3.120926E-15,-1.));
#4115 = DIRECTION('',(6.703152951134E-32,-1.,3.120926E-15));
#4116 = ADVANCED_FACE('',(#4117),#4135,.T.);
#4117 = FACE_BOUND('',#4118,.T.);
#4118 = EDGE_LOOP('',(#4119,#4120,#4127,#4128));
#4119 = ORIENTED_EDGE('',*,*,#4086,.F.);
#4120 = ORIENTED_EDGE('',*,*,#4121,.T.);
#4121 = EDGE_CURVE('',#4087,#3615,#4122,.T.);
#4122 = CIRCLE('',#4123,24.);
#4123 = AXIS2_PLACEMENT_3D('',#4124,#4125,#4126);
#4124 = CARTESIAN_POINT('',(3.21975E-14,0.492117676884,67.382449685008)
  );
#4125 = DIRECTION('',(-3.761317E-16,3.072248E-15,1.));
#4126 = DIRECTION('',(-0.121521503883,0.992588799098,-3.095187042692E-15
    ));
#4127 = ORIENTED_EDGE('',*,*,#3612,.F.);
#4128 = ORIENTED_EDGE('',*,*,#4129,.T.);
#4129 = EDGE_CURVE('',#3613,#4089,#4130,.T.);
#4130 = CIRCLE('',#4131,25.);
#4131 = AXIS2_PLACEMENT_3D('',#4132,#4133,#4134);
#4132 = CARTESIAN_POINT('',(3.221897E-14,0.492117676884,68.382449685008)
  );
#4133 = DIRECTION('',(3.759653E-16,-3.070888E-15,-1.));
#4134 = DIRECTION('',(-0.121521503883,0.992588799098,-3.093816900747E-15
    ));
#4135 = TOROIDAL_SURFACE('',#4136,24.,1.);
#4136 = AXIS2_PLACEMENT_3D('',#4137,#4138,#4139);
#4137 = CARTESIAN_POINT('',(3.221897E-14,0.492117676884,68.382449685008)
  );
#4138 = DIRECTION('',(-2.147809E-17,-3.120926E-15,-1.));
#4139 = DIRECTION('',(6.703152951134E-32,-1.,3.120926E-15));
#4140 = ADVANCED_FACE('',(#4141),#4167,.T.);
#4141 = FACE_BOUND('',#4142,.T.);
#4142 = EDGE_LOOP('',(#4143,#4144,#4152,#4161));
#4143 = ORIENTED_EDGE('',*,*,#3933,.F.);
#4144 = ORIENTED_EDGE('',*,*,#4145,.F.);
#4145 = EDGE_CURVE('',#4146,#3925,#4148,.T.);
#4146 = VERTEX_POINT('',#4147);
#4147 = CARTESIAN_POINT('',(31.194592710665,-15.09071481045,
    121.45700474694));
#4148 = LINE('',#4149,#4150);
#4149 = CARTESIAN_POINT('',(31.194592710668,-15.09071481045,
    121.45700474694));
#4150 = VECTOR('',#4151,1.);
#4151 = DIRECTION('',(0.,0.,-1.));
#4152 = ORIENTED_EDGE('',*,*,#4153,.F.);
#4153 = EDGE_CURVE('',#4154,#4146,#4156,.T.);
#4154 = VERTEX_POINT('',#4155);
#4155 = CARTESIAN_POINT('',(18.469034457209,-17.33457407511,
    122.61895994089));
#4156 = B_SPLINE_CURVE_WITH_KNOTS('',3,(#4157,#4158,#4159,#4160),
  .UNSPECIFIED.,.F.,.F.,(4,4),(-2.656407732388,-1.359014641442),
  .PIECEWISE_BEZIER_KNOTS.);
#4157 = CARTESIAN_POINT('',(18.469034457636,-17.33457407504,
    122.61895998513));
#4158 = CARTESIAN_POINT('',(22.712777764451,-16.58628763085,
    122.25346591547));
#4159 = CARTESIAN_POINT('',(26.954877532462,-15.83829098689,
    121.86891264289));
#4160 = CARTESIAN_POINT('',(31.194592710668,-15.09071481045,
    121.45700474694));
#4161 = ORIENTED_EDGE('',*,*,#4162,.F.);
#4162 = EDGE_CURVE('',#3891,#4154,#4163,.T.);
#4163 = LINE('',#4164,#4165);
#4164 = CARTESIAN_POINT('',(18.469034457209,-17.33457407511,
    68.382449685008));
#4165 = VECTOR('',#4166,1.);
#4166 = DIRECTION('',(0.,0.,1.));
#4167 = PLANE('',#4168);
#4168 = AXIS2_PLACEMENT_3D('',#4169,#4170,#4171);
#4169 = CARTESIAN_POINT('',(34.5,-14.50788232311,125.61120624033));
#4170 = DIRECTION('',(0.173648177667,-0.984807753012,2.985322E-15));
#4171 = DIRECTION('',(-0.984807753012,-0.173648177667,5.482022E-16));
#4172 = ADVANCED_FACE('',(#4173),#4192,.T.);
#4173 = FACE_BOUND('',#4174,.T.);
#4174 = EDGE_LOOP('',(#4175,#4176,#4184,#4191));
#4175 = ORIENTED_EDGE('',*,*,#3965,.F.);
#4176 = ORIENTED_EDGE('',*,*,#4177,.T.);
#4177 = EDGE_CURVE('',#3957,#4178,#4180,.T.);
#4178 = VERTEX_POINT('',#4179);
#4179 = CARTESIAN_POINT('',(34.5,-11.1514837984,121.45700474694));
#4180 = LINE('',#4181,#4182);
#4181 = CARTESIAN_POINT('',(34.5,-11.1514837984,68.382449685008));
#4182 = VECTOR('',#4183,1.);
#4183 = DIRECTION('',(0.,0.,1.));
#4184 = ORIENTED_EDGE('',*,*,#4185,.F.);
#4185 = EDGE_CURVE('',#4146,#4178,#4186,.T.);
#4186 = CIRCLE('',#4187,4.);
#4187 = AXIS2_PLACEMENT_3D('',#4188,#4189,#4190);
#4188 = CARTESIAN_POINT('',(30.5,-11.1514837984,121.45700474694));
#4189 = DIRECTION('',(-1.011868E-14,5.738588E-14,1.));
#4190 = DIRECTION('',(0.173648177666,-0.984807753012,5.827114987982E-14)
  );
#4191 = ORIENTED_EDGE('',*,*,#4145,.T.);
#4192 = CYLINDRICAL_SURFACE('',#4193,4.);
#4193 = AXIS2_PLACEMENT_3D('',#4194,#4195,#4196);
#4194 = CARTESIAN_POINT('',(30.5,-11.1514837984,111.74808051769));
#4195 = DIRECTION('',(-2.147809E-17,-3.035162E-15,-1.));
#4196 = DIRECTION('',(0.766044443119,-0.642787609687,1.934511355498E-15)
  );
#4197 = ADVANCED_FACE('',(#4198),#4237,.F.);
#4198 = FACE_BOUND('',#4199,.T.);
#4199 = EDGE_LOOP('',(#4200,#4201,#4209,#4219,#4228,#4236));
#4200 = ORIENTED_EDGE('',*,*,#3999,.F.);
#4201 = ORIENTED_EDGE('',*,*,#4202,.F.);
#4202 = EDGE_CURVE('',#4203,#3991,#4205,.T.);
#4203 = VERTEX_POINT('',#4204);
#4204 = CARTESIAN_POINT('',(34.5,12.135719152175,121.45700474694));
#4205 = LINE('',#4206,#4207);
#4206 = CARTESIAN_POINT('',(34.5,12.135719152175,121.45700474694));
#4207 = VECTOR('',#4208,1.);
#4208 = DIRECTION('',(0.,0.,-1.));
#4209 = ORIENTED_EDGE('',*,*,#4210,.F.);
#4210 = EDGE_CURVE('',#4211,#4203,#4213,.T.);
#4211 = VERTEX_POINT('',#4212);
#4212 = CARTESIAN_POINT('',(34.5,9.38351542623,126.4520095975));
#4213 = B_SPLINE_CURVE_WITH_KNOTS('',3,(#4214,#4215,#4216,#4217,#4218),
  .UNSPECIFIED.,.F.,.F.,(4,1,4),(0.,0.253855076779,0.592328512483),
  .UNSPECIFIED.);
#4214 = CARTESIAN_POINT('',(34.5,9.38351542623,126.4520095975));
#4215 = CARTESIAN_POINT('',(34.5,10.098831202311,125.99995870741));
#4216 = CARTESIAN_POINT('',(34.5,11.547981071966,124.58009102368));
#4217 = CARTESIAN_POINT('',(34.5,12.135719152175,122.58524953263));
#4218 = CARTESIAN_POINT('',(34.5,12.135719152175,121.45700474694));
#4219 = ORIENTED_EDGE('',*,*,#4220,.F.);
#4220 = EDGE_CURVE('',#4221,#4211,#4223,.T.);
#4221 = VERTEX_POINT('',#4222);
#4222 = CARTESIAN_POINT('',(34.5,-8.399280072461,126.4520095975));
#4223 = CIRCLE('',#4224,16.643601475291);
#4224 = AXIS2_PLACEMENT_3D('',#4225,#4226,#4227);
#4225 = CARTESIAN_POINT('',(34.5,0.492117676884,112.382449685));
#4226 = DIRECTION('',(-1.,0.,0.));
#4227 = DIRECTION('',(0.,0.,1.));
#4228 = ORIENTED_EDGE('',*,*,#4229,.F.);
#4229 = EDGE_CURVE('',#4178,#4221,#4230,.T.);
#4230 = B_SPLINE_CURVE_WITH_KNOTS('',3,(#4231,#4232,#4233,#4234,#4235),
  .UNSPECIFIED.,.F.,.F.,(4,1,4),(0.,0.253856475474,0.592331776105),
  .UNSPECIFIED.);
#4231 = CARTESIAN_POINT('',(34.5,-11.1514837984,121.45700474694));
#4232 = CARTESIAN_POINT('',(34.5,-11.1514837984,122.30319299852));
#4233 = CARTESIAN_POINT('',(34.5,-10.72535764184,124.28678442867));
#4234 = CARTESIAN_POINT('',(34.5,-9.353039695582,125.84927175643));
#4235 = CARTESIAN_POINT('',(34.5,-8.399280072461,126.4520095975));
#4236 = ORIENTED_EDGE('',*,*,#4177,.F.);
#4237 = PLANE('',#4238);
#4238 = AXIS2_PLACEMENT_3D('',#4239,#4240,#4241);
#4239 = CARTESIAN_POINT('',(34.5,0.492117676884,97.884954795062));
#4240 = DIRECTION('',(-1.,0.,0.));
#4241 = DIRECTION('',(0.,1.,0.));
#4242 = ADVANCED_FACE('',(#4243),#4262,.T.);
#4243 = FACE_BOUND('',#4244,.T.);
#4244 = EDGE_LOOP('',(#4245,#4246,#4254,#4261));
#4245 = ORIENTED_EDGE('',*,*,#4031,.F.);
#4246 = ORIENTED_EDGE('',*,*,#4247,.T.);
#4247 = EDGE_CURVE('',#4023,#4248,#4250,.T.);
#4248 = VERTEX_POINT('',#4249);
#4249 = CARTESIAN_POINT('',(31.194592710668,16.074950164224,
    121.45700474694));
#4250 = LINE('',#4251,#4252);
#4251 = CARTESIAN_POINT('',(31.194592710668,16.074950164224,
    68.382449685008));
#4252 = VECTOR('',#4253,1.);
#4253 = DIRECTION('',(0.,0.,1.));
#4254 = ORIENTED_EDGE('',*,*,#4255,.T.);
#4255 = EDGE_CURVE('',#4248,#4203,#4256,.T.);
#4256 = CIRCLE('',#4257,4.);
#4257 = AXIS2_PLACEMENT_3D('',#4258,#4259,#4260);
#4258 = CARTESIAN_POINT('',(30.5,12.135719152175,121.45700474694));
#4259 = DIRECTION('',(-4.80564E-16,-2.725414E-15,-1.));
#4260 = DIRECTION('',(0.173648177667,0.984807753012,-2.76745790022E-15)
  );
#4261 = ORIENTED_EDGE('',*,*,#4202,.T.);
#4262 = CYLINDRICAL_SURFACE('',#4263,4.);
#4263 = AXIS2_PLACEMENT_3D('',#4264,#4265,#4266);
#4264 = CARTESIAN_POINT('',(30.5,12.135719152175,82.633702240035));
#4265 = DIRECTION('',(2.147809E-17,2.958896E-15,1.));
#4266 = DIRECTION('',(0.766044443119,0.642787609687,-1.918394858644E-15)
  );
#4267 = ADVANCED_FACE('',(#4268),#4304,.T.);
#4268 = FACE_BOUND('',#4269,.T.);
#4269 = EDGE_LOOP('',(#4270,#4271,#4279,#4288,#4296,#4303));
#4270 = ORIENTED_EDGE('',*,*,#4065,.F.);
#4271 = ORIENTED_EDGE('',*,*,#4272,.T.);
#4272 = EDGE_CURVE('',#4057,#4273,#4275,.T.);
#4273 = VERTEX_POINT('',#4274);
#4274 = CARTESIAN_POINT('',(18.469034457209,18.318809428886,
    87.082774599092));
#4275 = LINE('',#4276,#4277);
#4276 = CARTESIAN_POINT('',(18.469034457209,18.318809428886,
    68.382449685008));
#4277 = VECTOR('',#4278,1.);
#4278 = DIRECTION('',(0.,0.,1.));
#4279 = ORIENTED_EDGE('',*,*,#4280,.F.);
#4280 = EDGE_CURVE('',#4281,#4273,#4283,.T.);
#4281 = VERTEX_POINT('',#4282);
#4282 = CARTESIAN_POINT('',(19.326351822333,18.167641246385,
    89.882449685008));
#4283 = ELLIPSE('',#4284,5.077133059429,5.);
#4284 = AXIS2_PLACEMENT_3D('',#4285,#4286,#4287);
#4285 = CARTESIAN_POINT('',(14.326351822333,19.049276149927,
    89.882449685008));
#4286 = DIRECTION('',(0.173648177667,0.984807753012,-2.917673E-15));
#4287 = DIRECTION('',(0.984807753012,-0.173648177667,-8.051004E-17));
#4288 = ORIENTED_EDGE('',*,*,#4289,.F.);
#4289 = EDGE_CURVE('',#4290,#4281,#4292,.T.);
#4290 = VERTEX_POINT('',#4291);
#4291 = CARTESIAN_POINT('',(19.326351822333,18.167641246385,
    122.54485394747));
#4292 = LINE('',#4293,#4294);
#4293 = CARTESIAN_POINT('',(19.326351822333,18.167641246385,
    122.54485394747));
#4294 = VECTOR('',#4295,1.);
#4295 = DIRECTION('',(0.,0.,-1.));
#4296 = ORIENTED_EDGE('',*,*,#4297,.F.);
#4297 = EDGE_CURVE('',#4248,#4290,#4298,.T.);
#4298 = B_SPLINE_CURVE_WITH_KNOTS('',3,(#4299,#4300,#4301,#4302),
  .UNSPECIFIED.,.F.,.F.,(4,4),(1.358298729467,2.568324956371),
  .PIECEWISE_BEZIER_KNOTS.);
#4299 = CARTESIAN_POINT('',(31.194592710668,16.074950164224,
    121.45700474694));
#4300 = CARTESIAN_POINT('',(27.240391451831,16.772182533308,
    121.84117364797));
#4301 = CARTESIAN_POINT('',(23.28411275475,17.469781210806,
    122.20150976462));
#4302 = CARTESIAN_POINT('',(19.326351841415,18.16764124302,
    122.54485417427));
#4303 = ORIENTED_EDGE('',*,*,#4247,.F.);
#4304 = PLANE('',#4305);
#4305 = AXIS2_PLACEMENT_3D('',#4306,#4307,#4308);
#4306 = CARTESIAN_POINT('',(34.5,15.492117676884,67.382449685008));
#4307 = DIRECTION('',(0.173648177667,0.984807753012,-2.917673E-15));
#4308 = DIRECTION('',(0.984807753012,-0.173648177667,4.926551E-16));
#4309 = ADVANCED_FACE('',(#4310),#4329,.F.);
#4310 = FACE_BOUND('',#4311,.F.);
#4311 = EDGE_LOOP('',(#4312,#4313,#4322,#4328));
#4312 = ORIENTED_EDGE('',*,*,#4272,.T.);
#4313 = ORIENTED_EDGE('',*,*,#4314,.T.);
#4314 = EDGE_CURVE('',#4273,#4315,#4317,.T.);
#4315 = VERTEX_POINT('',#4316);
#4316 = CARTESIAN_POINT('',(16.52036824817,19.255844197618,
    85.662111092197));
#4317 = B_SPLINE_CURVE_WITH_KNOTS('',3,(#4318,#4319,#4320,#4321),
  .UNSPECIFIED.,.F.,.F.,(4,4),(0.,0.218660346972),
  .PIECEWISE_BEZIER_KNOTS.);
#4318 = CARTESIAN_POINT('',(18.469034457209,18.318809428886,
    87.082774599092));
#4319 = CARTESIAN_POINT('',(17.927509277259,18.414294928844,
    86.481802997795));
#4320 = CARTESIAN_POINT('',(17.178753953598,18.676173933772,
    85.975815639995));
#4321 = CARTESIAN_POINT('',(16.52036824817,19.255844197618,
    85.662111092197));
#4322 = ORIENTED_EDGE('',*,*,#4323,.T.);
#4323 = EDGE_CURVE('',#4315,#4089,#4324,.T.);
#4324 = LINE('',#4325,#4326);
#4325 = CARTESIAN_POINT('',(16.52036824817,19.255844197618,
    85.662111092197));
#4326 = VECTOR('',#4327,1.);
#4327 = DIRECTION('',(0.,0.,-1.));
#4328 = ORIENTED_EDGE('',*,*,#4097,.T.);
#4329 = CYLINDRICAL_SURFACE('',#4330,4.);
#4330 = AXIS2_PLACEMENT_3D('',#4331,#4332,#4333);
#4331 = CARTESIAN_POINT('',(19.163627167877,22.258040440935,
    103.79666324738));
#4332 = DIRECTION('',(-2.147809E-17,-2.806363E-15,-1.));
#4333 = DIRECTION('',(-0.433360553989,-0.9012206335,2.538459997673E-15)
  );
#4334 = ADVANCED_FACE('',(#4335),#4453,.T.);
#4335 = FACE_BOUND('',#4336,.T.);
#4336 = EDGE_LOOP('',(#4337,#4338,#4346,#4355,#4365,#4375,#4383,#4395,
    #4404,#4416,#4424,#4436,#4445,#4452));
#4337 = ORIENTED_EDGE('',*,*,#4129,.F.);
#4338 = ORIENTED_EDGE('',*,*,#4339,.F.);
#4339 = EDGE_CURVE('',#4340,#3613,#4342,.T.);
#4340 = VERTEX_POINT('',#4341);
#4341 = CARTESIAN_POINT('',(-20.55903451329,14.716255607919,
    137.31138187314));
#4342 = LINE('',#4343,#4344);
#4343 = CARTESIAN_POINT('',(-20.55903451329,14.716255607919,
    137.31138187314));
#4344 = VECTOR('',#4345,1.);
#4345 = DIRECTION('',(0.,0.,-1.));
#4346 = ORIENTED_EDGE('',*,*,#4347,.F.);
#4347 = EDGE_CURVE('',#4348,#4340,#4350,.T.);
#4348 = VERTEX_POINT('',#4349);
#4349 = CARTESIAN_POINT('',(24.90996126827,2.611983147452,
    137.31138187301));
#4350 = CIRCLE('',#4351,25.);
#4351 = AXIS2_PLACEMENT_3D('',#4352,#4353,#4354);
#4352 = CARTESIAN_POINT('',(3.369944E-14,0.492117676884,137.31138187314)
  );
#4353 = DIRECTION('',(0.,0.,1.));
#4354 = DIRECTION('',(1.,0.,-0.));
#4355 = ORIENTED_EDGE('',*,*,#4356,.F.);
#4356 = EDGE_CURVE('',#4357,#4348,#4359,.T.);
#4357 = VERTEX_POINT('',#4358);
#4358 = CARTESIAN_POINT('',(21.386691177738,13.438524146174,
    133.32491699919));
#4359 = B_SPLINE_CURVE_WITH_KNOTS('',3,(#4360,#4361,#4362,#4363,#4364),
  .UNSPECIFIED.,.F.,.F.,(4,1,4),(-3.281611742703,-2.812810065174,
    -1.885733554324),.UNSPECIFIED.);
#4360 = CARTESIAN_POINT('',(21.386691177738,13.438524146174,
    133.32491699919));
#4361 = CARTESIAN_POINT('',(22.010389082943,12.408212413072,
    134.02498567749));
#4362 = CARTESIAN_POINT('',(23.696658200208,9.135860415838,
    135.92844045498));
#4363 = CARTESIAN_POINT('',(24.686316199373,5.256688764741,
    137.0567360489));
#4364 = CARTESIAN_POINT('',(24.910896900272,2.612160347755,
    137.31254802051));
#4365 = ORIENTED_EDGE('',*,*,#4366,.F.);
#4366 = EDGE_CURVE('',#4367,#4357,#4369,.T.);
#4367 = VERTEX_POINT('',#4368);
#4368 = CARTESIAN_POINT('',(18.750000000249,17.028063370756,
    129.757559842));
#4369 = B_SPLINE_CURVE_WITH_KNOTS('',3,(#4370,#4371,#4372,#4373,#4374),
  .UNSPECIFIED.,.F.,.F.,(4,1,4),(-0.627870979497,-0.432148500141,0.),
  .UNSPECIFIED.);
#4370 = CARTESIAN_POINT('',(18.74973669002,17.028008056508,
    129.75770036941));
#4371 = CARTESIAN_POINT('',(19.021002591669,16.720468377989,
    130.20707517649));
#4372 = CARTESIAN_POINT('',(19.91110393871,15.662320965244,
    131.56050806529));
#4373 = CARTESIAN_POINT('',(20.811756984465,14.388281136133,
    132.67958306839));
#4374 = CARTESIAN_POINT('',(21.386691177738,13.438524146174,
    133.32491699919));
#4375 = ORIENTED_EDGE('',*,*,#4376,.F.);
#4376 = EDGE_CURVE('',#4377,#4367,#4379,.T.);
#4377 = VERTEX_POINT('',#4378);
#4378 = CARTESIAN_POINT('',(18.75,17.028063371038,129.882449685));
#4379 = LINE('',#4380,#4381);
#4380 = CARTESIAN_POINT('',(18.75,17.028063371038,129.882449685));
#4381 = VECTOR('',#4382,1.);
#4382 = DIRECTION('',(0.,0.,-1.));
#4383 = ORIENTED_EDGE('',*,*,#4384,.F.);
#4384 = EDGE_CURVE('',#4385,#4377,#4387,.T.);
#4385 = VERTEX_POINT('',#4386);
#4386 = CARTESIAN_POINT('',(13.94230769231,21.24331176814,134.882449685)
  );
#4387 = B_SPLINE_CURVE_WITH_KNOTS('',3,(#4388,#4389,#4390,#4391,#4392,
    #4393,#4394),.UNSPECIFIED.,.F.,.F.,(4,1,1,1,4),(0.,0.389856613988,
    0.649761023313,0.779713227976,0.909665432639),.UNSPECIFIED.);
#4388 = CARTESIAN_POINT('',(13.94230769231,21.24331176814,134.882449685)
  );
#4389 = CARTESIAN_POINT('',(14.979485931364,20.546452682486,
    134.882449685));
#4390 = CARTESIAN_POINT('',(16.610418812527,19.248206982079,
    134.31619774712));
#4391 = CARTESIAN_POINT('',(18.041111449951,17.811548673746,
    132.68908038978));
#4392 = CARTESIAN_POINT('',(18.637725341986,17.156418216504,
    131.18648741415));
#4393 = CARTESIAN_POINT('',(18.75,17.028063371038,130.31562370055));
#4394 = CARTESIAN_POINT('',(18.75,17.028063371038,129.882449685));
#4395 = ORIENTED_EDGE('',*,*,#4396,.F.);
#4396 = EDGE_CURVE('',#4397,#4385,#4399,.T.);
#4397 = VERTEX_POINT('',#4398);
#4398 = CARTESIAN_POINT('',(-13.94230769231,21.24331176814,134.882449685
    ));
#4399 = CIRCLE('',#4400,25.);
#4400 = AXIS2_PLACEMENT_3D('',#4401,#4402,#4403);
#4401 = CARTESIAN_POINT('',(3.364727E-14,0.492117676884,134.882449685));
#4402 = DIRECTION('',(0.,0.,-1.));
#4403 = DIRECTION('',(0.,1.,0.));
#4404 = ORIENTED_EDGE('',*,*,#4405,.F.);
#4405 = EDGE_CURVE('',#4406,#4397,#4408,.T.);
#4406 = VERTEX_POINT('',#4407);
#4407 = CARTESIAN_POINT('',(-18.75,17.028063371038,129.882449685));
#4408 = B_SPLINE_CURVE_WITH_KNOTS('',3,(#4409,#4410,#4411,#4412,#4413,
    #4414,#4415),.UNSPECIFIED.,.F.,.F.,(4,1,1,1,4),(0.,0.129952204512,
    0.389856613536,0.64976102256,0.909665431583),.UNSPECIFIED.);
#4409 = CARTESIAN_POINT('',(-18.75,17.028063371038,129.882449685));
#4410 = CARTESIAN_POINT('',(-18.75,17.028063371038,130.31562370004));
#4411 = CARTESIAN_POINT('',(-18.57541916222,17.228843784126,
    131.62683146869));
#4412 = CARTESIAN_POINT('',(-17.62328444408,18.262856910216,
    133.33397962608));
#4413 = CARTESIAN_POINT('',(-15.96918054919,19.776774403849,
    134.5703723045));
#4414 = CARTESIAN_POINT('',(-14.63375985087,20.778739044909,
    134.882449685));
#4415 = CARTESIAN_POINT('',(-13.94230769231,21.24331176814,134.882449685
    ));
#4416 = ORIENTED_EDGE('',*,*,#4417,.F.);
#4417 = EDGE_CURVE('',#4418,#4406,#4420,.T.);
#4418 = VERTEX_POINT('',#4419);
#4419 = CARTESIAN_POINT('',(-18.75,17.028063371038,89.882449685008));
#4420 = LINE('',#4421,#4422);
#4421 = CARTESIAN_POINT('',(-18.75,17.028063371038,89.882449685008));
#4422 = VECTOR('',#4423,1.);
#4423 = DIRECTION('',(0.,0.,1.));
#4424 = ORIENTED_EDGE('',*,*,#4425,.F.);
#4425 = EDGE_CURVE('',#4426,#4418,#4428,.T.);
#4426 = VERTEX_POINT('',#4427);
#4427 = CARTESIAN_POINT('',(-13.9423076923,21.243311768141,
    84.882449685008));
#4428 = B_SPLINE_CURVE_WITH_KNOTS('',3,(#4429,#4430,#4431,#4432,#4433,
    #4434,#4435),.UNSPECIFIED.,.F.,.F.,(4,1,1,1,4),(0.,0.259816567823,
    0.519633135646,0.779449703469,0.90935798738),.UNSPECIFIED.);
#4429 = CARTESIAN_POINT('',(-13.9423076923,21.243311768141,
    84.882449685008));
#4430 = CARTESIAN_POINT('',(-14.63352615731,20.778896058892,
    84.882449685008));
#4431 = CARTESIAN_POINT('',(-15.97040550853,19.775863933369,
    85.194730349875));
#4432 = CARTESIAN_POINT('',(-17.62556562797,18.260633734621,
    86.431514907676));
#4433 = CARTESIAN_POINT('',(-18.57696326499,17.227108488935,
    88.142389173523));
#4434 = CARTESIAN_POINT('',(-18.75,17.028063371038,89.449422071969));
#4435 = CARTESIAN_POINT('',(-18.75,17.028063371038,89.882449685008));
#4436 = ORIENTED_EDGE('',*,*,#4437,.F.);
#4437 = EDGE_CURVE('',#4438,#4426,#4440,.T.);
#4438 = VERTEX_POINT('',#4439);
#4439 = CARTESIAN_POINT('',(13.942307692309,21.24331176814,
    84.882449685008));
#4440 = CIRCLE('',#4441,25.);
#4441 = AXIS2_PLACEMENT_3D('',#4442,#4443,#4444);
#4442 = CARTESIAN_POINT('',(3.257336E-14,0.492117676884,84.882449685008)
  );
#4443 = DIRECTION('',(0.,-0.,1.));
#4444 = DIRECTION('',(0.,1.,0.));
#4445 = ORIENTED_EDGE('',*,*,#4446,.F.);
#4446 = EDGE_CURVE('',#4315,#4438,#4447,.T.);
#4447 = B_SPLINE_CURVE_WITH_KNOTS('',3,(#4448,#4449,#4450,#4451),
  .UNSPECIFIED.,.F.,.F.,(4,4),(-0.349698942604,0.),
  .PIECEWISE_BEZIER_KNOTS.);
#4448 = CARTESIAN_POINT('',(16.52036824817,19.255844197618,
    85.662111092197));
#4449 = CARTESIAN_POINT('',(15.761034672886,19.924393180839,
    85.160409937075));
#4450 = CARTESIAN_POINT('',(14.87265008096,20.618233530005,
    84.882449685008));
#4451 = CARTESIAN_POINT('',(13.942307692309,21.24331176814,
    84.882449685008));
#4452 = ORIENTED_EDGE('',*,*,#4323,.T.);
#4453 = CYLINDRICAL_SURFACE('',#4454,25.);
#4454 = AXIS2_PLACEMENT_3D('',#4455,#4456,#4457);
#4455 = CARTESIAN_POINT('',(3.29796E-14,0.492117676884,103.79666324738)
  );
#4456 = DIRECTION('',(-2.147809E-17,-2.806363E-15,-1.));
#4457 = DIRECTION('',(1.,-6.027531708667E-32,-2.147809E-17));
#4458 = ADVANCED_FACE('',(#4459),#4493,.F.);
#4459 = FACE_BOUND('',#4460,.F.);
#4460 = EDGE_LOOP('',(#4461,#4462,#4486,#4492));
#4461 = ORIENTED_EDGE('',*,*,#4339,.F.);
#4462 = ORIENTED_EDGE('',*,*,#4463,.T.);
#4463 = EDGE_CURVE('',#4340,#4464,#4466,.T.);
#4464 = VERTEX_POINT('',#4465);
#4465 = CARTESIAN_POINT('',(-23.84848003542,12.992117676884,
    130.8369053721));
#4466 = B_SPLINE_CURVE_WITH_KNOTS('',3,(#4467,#4468,#4469,#4470,#4471,
    #4472,#4473,#4474,#4475,#4476,#4477,#4478,#4479,#4480,#4481,#4482,
    #4483,#4484,#4485),.UNSPECIFIED.,.F.,.F.,(4,3,3,3,3,3,4),(
    -2.460923111973,-2.234042677041,-2.102014322174,-1.955540377724,
    -1.73753177302,-1.516717882086,-1.19274207866),.UNSPECIFIED.);
#4467 = CARTESIAN_POINT('',(-20.55903758499,14.716257734861,
    137.31138187313));
#4468 = CARTESIAN_POINT('',(-20.71559291687,14.490162869049,
    137.31138187302));
#4469 = CARTESIAN_POINT('',(-20.89997463779,14.279246929925,
    137.17816280063));
#4470 = CARTESIAN_POINT('',(-21.08958169576,14.098721346967,
    136.94777406115));
#4471 = CARTESIAN_POINT('',(-21.19991958339,13.993668235022,
    136.81370412135));
#4472 = CARTESIAN_POINT('',(-21.31444154342,13.896222499022,
    136.64626845442));
#4473 = CARTESIAN_POINT('',(-21.4299674601,13.808043055563,
    136.45540002614));
#4474 = CARTESIAN_POINT('',(-21.55813338871,13.710215653896,
    136.24364815215));
#4475 = CARTESIAN_POINT('',(-21.68750170199,13.623770528473,
    136.00311317238));
#4476 = CARTESIAN_POINT('',(-21.81736649486,13.547217677568,
    135.74534162411));
#4477 = CARTESIAN_POINT('',(-22.01065440283,13.433278094152,
    135.36168010817));
#4478 = CARTESIAN_POINT('',(-22.20634751867,13.340544096661,
    134.93175619149));
#4479 = CARTESIAN_POINT('',(-22.40162240464,13.264778195403,
    134.48186720913));
#4480 = CARTESIAN_POINT('',(-22.5994100444,13.18803735538,
    134.02618915542));
#4481 = CARTESIAN_POINT('',(-22.79675642345,13.128701136924,
    133.5501143146));
#4482 = CARTESIAN_POINT('',(-22.99220016873,13.085410098443,
    133.06142860689));
#4483 = CARTESIAN_POINT('',(-23.278953163,13.021893945026,
    132.34443410937));
#4484 = CARTESIAN_POINT('',(-23.56523016517,12.992112147627,
    131.59594255608));
#4485 = CARTESIAN_POINT('',(-23.84848009763,12.992117622197,
    130.83690543595));
#4486 = ORIENTED_EDGE('',*,*,#4487,.F.);
#4487 = EDGE_CURVE('',#3633,#4464,#4488,.T.);
#4488 = LINE('',#4489,#4490);
#4489 = CARTESIAN_POINT('',(-23.84848003542,12.992117676884,
    68.382449685008));
#4490 = VECTOR('',#4491,1.);
#4491 = DIRECTION('',(0.,0.,1.));
#4492 = ORIENTED_EDGE('',*,*,#3641,.T.);
#4493 = CYLINDRICAL_SURFACE('',#4494,4.);
#4494 = AXIS2_PLACEMENT_3D('',#4495,#4496,#4497);
#4495 = CARTESIAN_POINT('',(-23.84848003542,16.992117676884,
    103.79666324738));
#4496 = DIRECTION('',(2.147809E-17,2.806363E-15,1.));
#4497 = DIRECTION('',(0.464238345443,-0.885710313037,2.475653698262E-15)
  );
#4498 = ADVANCED_FACE('',(#4499,#4517),#4647,.T.);
#4499 = FACE_BOUND('',#4500,.T.);
#4500 = EDGE_LOOP('',(#4501,#4502,#4503,#4504,#4505,#4506,#4507,#4508,
    #4509,#4510,#4511,#4512,#4513,#4514,#4515,#4516));
#4501 = ORIENTED_EDGE('',*,*,#3623,.F.);
#4502 = ORIENTED_EDGE('',*,*,#4121,.F.);
#4503 = ORIENTED_EDGE('',*,*,#4105,.F.);
#4504 = ORIENTED_EDGE('',*,*,#4072,.F.);
#4505 = ORIENTED_EDGE('',*,*,#4039,.F.);
#4506 = ORIENTED_EDGE('',*,*,#4006,.F.);
#4507 = ORIENTED_EDGE('',*,*,#3973,.F.);
#4508 = ORIENTED_EDGE('',*,*,#3940,.F.);
#4509 = ORIENTED_EDGE('',*,*,#3907,.F.);
#4510 = ORIENTED_EDGE('',*,*,#3873,.F.);
#4511 = ORIENTED_EDGE('',*,*,#3839,.F.);
#4512 = ORIENTED_EDGE('',*,*,#3806,.F.);
#4513 = ORIENTED_EDGE('',*,*,#3773,.F.);
#4514 = ORIENTED_EDGE('',*,*,#3740,.F.);
#4515 = ORIENTED_EDGE('',*,*,#3707,.F.);
#4516 = ORIENTED_EDGE('',*,*,#3674,.F.);
#4517 = FACE_BOUND('',#4518,.T.);
#4518 = EDGE_LOOP('',(#4519,#4529,#4536,#4537,#4546,#4554,#4563,#4571,
    #4580,#4588,#4597,#4606,#4615,#4623,#4632,#4640));
#4519 = ORIENTED_EDGE('',*,*,#4520,.T.);
#4520 = EDGE_CURVE('',#4521,#4523,#4525,.T.);
#4521 = VERTEX_POINT('',#4522);
#4522 = CARTESIAN_POINT('',(27.5,10.492117676884,67.382449685008));
#4523 = VERTEX_POINT('',#4524);
#4524 = CARTESIAN_POINT('',(19.621416870349,10.492117676884,
    67.382449685008));
#4525 = LINE('',#4526,#4527);
#4526 = CARTESIAN_POINT('',(27.5,10.492117676884,67.382449685008));
#4527 = VECTOR('',#4528,1.);
#4528 = DIRECTION('',(-1.,0.,0.));
#4529 = ORIENTED_EDGE('',*,*,#4530,.F.);
#4530 = EDGE_CURVE('',#3354,#4523,#4531,.T.);
#4531 = CIRCLE('',#4532,2.);
#4532 = AXIS2_PLACEMENT_3D('',#4533,#4534,#4535);
#4533 = CARTESIAN_POINT('',(19.621416870349,12.492117676884,
    67.382449685008));
#4534 = DIRECTION('',(1.438982E-15,2.566805E-15,1.));
#4535 = DIRECTION('',(-0.489009646922,-0.872278375989,2.942644576626E-15
    ));
#4536 = ORIENTED_EDGE('',*,*,#3361,.T.);
#4537 = ORIENTED_EDGE('',*,*,#4538,.F.);
#4538 = EDGE_CURVE('',#4539,#3362,#4541,.T.);
#4539 = VERTEX_POINT('',#4540);
#4540 = CARTESIAN_POINT('',(-20.94636006565,7.992117676884,
    67.382449685008));
#4541 = CIRCLE('',#4542,2.);
#4542 = AXIS2_PLACEMENT_3D('',#4543,#4544,#4545);
#4543 = CARTESIAN_POINT('',(-20.94636006565,9.992117676884,
    67.382449685008));
#4544 = DIRECTION('',(-1.524363E-15,2.365175E-15,1.));
#4545 = DIRECTION('',(0.541736338886,-0.840548475182,2.813847070541E-15)
  );
#4546 = ORIENTED_EDGE('',*,*,#4547,.T.);
#4547 = EDGE_CURVE('',#4539,#4548,#4550,.T.);
#4548 = VERTEX_POINT('',#4549);
#4549 = CARTESIAN_POINT('',(-29.,7.992117676884,67.382449685008));
#4550 = LINE('',#4551,#4552);
#4551 = CARTESIAN_POINT('',(-20.94636006565,7.992117676884,
    67.382449685008));
#4552 = VECTOR('',#4553,1.);
#4553 = DIRECTION('',(-1.,0.,0.));
#4554 = ORIENTED_EDGE('',*,*,#4555,.F.);
#4555 = EDGE_CURVE('',#4556,#4548,#4558,.T.);
#4556 = VERTEX_POINT('',#4557);
#4557 = CARTESIAN_POINT('',(-31.,5.992117676884,67.382449685008));
#4558 = CIRCLE('',#4559,2.);
#4559 = AXIS2_PLACEMENT_3D('',#4560,#4561,#4562);
#4560 = CARTESIAN_POINT('',(-29.,5.992117676884,67.382449685008));
#4561 = DIRECTION('',(1.669998E-15,-1.669998E-15,-1.));
#4562 = DIRECTION('',(-0.707106781187,0.707106781187,-2.361733820736E-15
    ));
#4563 = ORIENTED_EDGE('',*,*,#4564,.T.);
#4564 = EDGE_CURVE('',#4556,#4565,#4567,.T.);
#4565 = VERTEX_POINT('',#4566);
#4566 = CARTESIAN_POINT('',(-31.,-5.007882323116,67.382449685008));
#4567 = LINE('',#4568,#4569);
#4568 = CARTESIAN_POINT('',(-31.,5.992117676884,67.382449685008));
#4569 = VECTOR('',#4570,1.);
#4570 = DIRECTION('',(0.,-1.,0.));
#4571 = ORIENTED_EDGE('',*,*,#4572,.F.);
#4572 = EDGE_CURVE('',#4573,#4565,#4575,.T.);
#4573 = VERTEX_POINT('',#4574);
#4574 = CARTESIAN_POINT('',(-29.,-7.007882323116,67.382449685008));
#4575 = CIRCLE('',#4576,2.);
#4576 = AXIS2_PLACEMENT_3D('',#4577,#4578,#4579);
#4577 = CARTESIAN_POINT('',(-29.,-5.007882323116,67.382449685008));
#4578 = DIRECTION('',(-1.691476E-15,-1.691476E-15,-1.));
#4579 = DIRECTION('',(-0.707106781187,-0.707106781187,2.392108299629E-15
    ));
#4580 = ORIENTED_EDGE('',*,*,#4581,.T.);
#4581 = EDGE_CURVE('',#4573,#4582,#4584,.T.);
#4582 = VERTEX_POINT('',#4583);
#4583 = CARTESIAN_POINT('',(-20.94636006565,-7.007882323116,
    67.382449685008));
#4584 = LINE('',#4585,#4586);
#4585 = CARTESIAN_POINT('',(-29.,-7.007882323116,67.382449685008));
#4586 = VECTOR('',#4587,1.);
#4587 = DIRECTION('',(1.,0.,0.));
#4588 = ORIENTED_EDGE('',*,*,#4589,.F.);
#4589 = EDGE_CURVE('',#4590,#4582,#4592,.T.);
#4590 = VERTEX_POINT('',#4591);
#4591 = CARTESIAN_POINT('',(-19.12493745124,-8.181795366594,
    67.382449685008));
#4592 = CIRCLE('',#4593,2.);
#4593 = AXIS2_PLACEMENT_3D('',#4594,#4595,#4596);
#4594 = CARTESIAN_POINT('',(-20.94636006565,-9.007882323116,
    67.382449685008));
#4595 = DIRECTION('',(1.53697E-15,2.384735E-15,1.));
#4596 = DIRECTION('',(0.541736338886,0.840548475182,-2.83711786874E-15)
  );
#4597 = ORIENTED_EDGE('',*,*,#4598,.T.);
#4598 = EDGE_CURVE('',#4590,#4599,#4601,.T.);
#4599 = VERTEX_POINT('',#4600);
#4600 = CARTESIAN_POINT('',(17.91520670771,-10.46440406224,
    67.382449685008));
#4601 = CIRCLE('',#4602,21.);
#4602 = AXIS2_PLACEMENT_3D('',#4603,#4604,#4605);
#4603 = CARTESIAN_POINT('',(3.21975E-14,0.492117676884,67.382449685008)
  );
#4604 = DIRECTION('',(-1.390957E-15,7.532456E-16,1.));
#4605 = DIRECTION('',(-0.879342157744,0.47619047619,-1.581815510661E-15)
  );
#4606 = ORIENTED_EDGE('',*,*,#4607,.F.);
#4607 = EDGE_CURVE('',#4608,#4599,#4610,.T.);
#4608 = VERTEX_POINT('',#4609);
#4609 = CARTESIAN_POINT('',(19.621416870349,-9.507882323116,
    67.382449685008));
#4610 = CIRCLE('',#4611,2.);
#4611 = AXIS2_PLACEMENT_3D('',#4612,#4613,#4614);
#4612 = CARTESIAN_POINT('',(19.621416870349,-11.50788232311,
    67.382449685008));
#4613 = DIRECTION('',(-1.42871E-15,2.548482E-15,1.));
#4614 = DIRECTION('',(-0.489009646922,0.872278375989,-2.92163871285E-15)
  );
#4615 = ORIENTED_EDGE('',*,*,#4616,.T.);
#4616 = EDGE_CURVE('',#4608,#4617,#4619,.T.);
#4617 = VERTEX_POINT('',#4618);
#4618 = CARTESIAN_POINT('',(27.5,-9.507882323116,67.382449685008));
#4619 = LINE('',#4620,#4621);
#4620 = CARTESIAN_POINT('',(19.621416870349,-9.507882323116,
    67.382449685008));
#4621 = VECTOR('',#4622,1.);
#4622 = DIRECTION('',(1.,0.,0.));
#4623 = ORIENTED_EDGE('',*,*,#4624,.F.);
#4624 = EDGE_CURVE('',#4625,#4617,#4627,.T.);
#4625 = VERTEX_POINT('',#4626);
#4626 = CARTESIAN_POINT('',(29.5,-7.507882323116,67.382449685008));
#4627 = CIRCLE('',#4628,2.);
#4628 = AXIS2_PLACEMENT_3D('',#4629,#4630,#4631);
#4629 = CARTESIAN_POINT('',(27.5,-7.507882323116,67.382449685008));
#4630 = DIRECTION('',(1.669998E-15,-1.669998E-15,-1.));
#4631 = DIRECTION('',(0.707106781187,-0.707106781187,2.361733820736E-15)
  );
#4632 = ORIENTED_EDGE('',*,*,#4633,.T.);
#4633 = EDGE_CURVE('',#4625,#4634,#4636,.T.);
#4634 = VERTEX_POINT('',#4635);
#4635 = CARTESIAN_POINT('',(29.5,8.492117676884,67.382449685008));
#4636 = LINE('',#4637,#4638);
#4637 = CARTESIAN_POINT('',(29.5,-7.507882323116,67.382449685008));
#4638 = VECTOR('',#4639,1.);
#4639 = DIRECTION('',(0.,1.,0.));
#4640 = ORIENTED_EDGE('',*,*,#4641,.F.);
#4641 = EDGE_CURVE('',#4521,#4634,#4642,.T.);
#4642 = CIRCLE('',#4643,2.);
#4643 = AXIS2_PLACEMENT_3D('',#4644,#4645,#4646);
#4644 = CARTESIAN_POINT('',(27.5,8.492117676884,67.382449685008));
#4645 = DIRECTION('',(-1.691476E-15,-1.691476E-15,-1.));
#4646 = DIRECTION('',(0.707106781187,0.707106781187,-2.392108299629E-15)
  );
#4647 = PLANE('',#4648);
#4648 = AXIS2_PLACEMENT_3D('',#4649,#4650,#4651);
#4649 = CARTESIAN_POINT('',(34.5,-14.50788232311,67.382449685008));
#4650 = DIRECTION('',(0.,0.,-1.));
#4651 = DIRECTION('',(0.,-1.,0.));
#4652 = ADVANCED_FACE('',(#4653),#4684,.T.);
#4653 = FACE_BOUND('',#4654,.T.);
#4654 = EDGE_LOOP('',(#4655,#4664,#4676,#4683));
#4655 = ORIENTED_EDGE('',*,*,#4656,.T.);
#4656 = EDGE_CURVE('',#4377,#4657,#4659,.T.);
#4657 = VERTEX_POINT('',#4658);
#4658 = CARTESIAN_POINT('',(18.5,17.689501198804,129.882449685));
#4659 = CIRCLE('',#4660,1.);
#4660 = AXIS2_PLACEMENT_3D('',#4661,#4662,#4663);
#4661 = CARTESIAN_POINT('',(19.5,17.689501198804,129.882449685));
#4662 = DIRECTION('',(-1.404258E-15,-1.238439E-15,-1.));
#4663 = DIRECTION('',(-0.75,-0.661437827766,1.872343901981E-15));
#4664 = ORIENTED_EDGE('',*,*,#4665,.T.);
#4665 = EDGE_CURVE('',#4657,#4666,#4668,.T.);
#4666 = VERTEX_POINT('',#4667);
#4667 = CARTESIAN_POINT('',(14.500000000001,22.07335953179,133.882449685
    ));
#4668 = B_SPLINE_CURVE_WITH_KNOTS('',3,(#4669,#4670,#4671,#4672,#4673,
    #4674,#4675),.UNSPECIFIED.,.F.,.F.,(4,1,1,1,4),(-0.909665432639,
    -0.779713227976,-0.649761023313,-0.389856613988,0.),.UNSPECIFIED.);
#4669 = CARTESIAN_POINT('',(18.5,17.689501198804,129.882449685));
#4670 = CARTESIAN_POINT('',(18.5,17.689501198804,130.22898889744));
#4671 = CARTESIAN_POINT('',(18.406587484532,17.822990238088,
    130.92567986832));
#4672 = CARTESIAN_POINT('',(17.910204726359,18.504325913621,
    132.12775424882));
#4673 = CARTESIAN_POINT('',(16.719868452023,19.998450554287,
    133.4294481347));
#4674 = CARTESIAN_POINT('',(15.362932294895,21.34862608271,133.882449685
    ));
#4675 = CARTESIAN_POINT('',(14.500000000002,22.07335953179,133.882449685
    ));
#4676 = ORIENTED_EDGE('',*,*,#4677,.T.);
#4677 = EDGE_CURVE('',#4666,#4385,#4678,.T.);
#4678 = CIRCLE('',#4679,1.);
#4679 = AXIS2_PLACEMENT_3D('',#4680,#4681,#4682);
#4680 = CARTESIAN_POINT('',(14.500000000002,22.07335953179,134.882449685
    ));
#4681 = DIRECTION('',(-0.83004776365,0.557692307692,1.137474E-12));
#4682 = DIRECTION('',(-1.372257193446E-12,-2.806233027391E-15,-1.));
#4683 = ORIENTED_EDGE('',*,*,#4384,.T.);
#4684 = B_SPLINE_SURFACE_WITH_KNOTS('',3,3,(
    (#4685,#4686,#4687,#4688,#4689,#4690,#4691)
    ,(#4692,#4693,#4694,#4695,#4696,#4697,#4698)
    ,(#4699,#4700,#4701,#4702,#4703,#4704,#4705)
    ,(#4706,#4707,#4708,#4709,#4710,#4711,#4712)
    ,(#4713,#4714,#4715,#4716,#4717,#4718,#4719
  )),.UNSPECIFIED.,.F.,.F.,.F.,(4,1,4),(4,1,1,1,4),(0.,0.571428571429,1.
    ),(0.,0.389856613988,0.649761023313,0.779713227976,0.909665432639),
  .UNSPECIFIED.);
#4685 = CARTESIAN_POINT('',(14.500000000002,22.07335953179,133.882449685
    ));
#4686 = CARTESIAN_POINT('',(15.362932294895,21.34862608271,133.882449685
    ));
#4687 = CARTESIAN_POINT('',(16.719868452023,19.998450554287,
    133.4294481347));
#4688 = CARTESIAN_POINT('',(17.910204726359,18.504325913621,
    132.12775424882));
#4689 = CARTESIAN_POINT('',(18.406587484532,17.822990238088,
    130.92567986832));
#4690 = CARTESIAN_POINT('',(18.5,17.689501198804,130.22898889744));
#4691 = CARTESIAN_POINT('',(18.5,17.689501198804,129.882449685));
#4692 = CARTESIAN_POINT('',(14.333138851734,21.825009821656,
    133.882449685));
#4693 = CARTESIAN_POINT('',(15.195972466025,21.128086735267,
    133.91954746613));
#4694 = CARTESIAN_POINT('',(16.597974780415,19.817059470398,
    133.51859078086));
#4695 = CARTESIAN_POINT('',(17.865876819968,18.352730626193,
    132.20665935538));
#4696 = CARTESIAN_POINT('',(18.399233973022,17.683236315819,
    130.96659008304));
#4697 = CARTESIAN_POINT('',(18.5,17.551837532554,130.24250178259));
#4698 = CARTESIAN_POINT('',(18.5,17.551837532554,129.882449685));
#4699 = CARTESIAN_POINT('',(14.044365667178,21.39521092944,
    134.13374591483));
#4700 = CARTESIAN_POINT('',(14.961637037168,20.743611572075,
    134.19094958809));
#4701 = CARTESIAN_POINT('',(16.477379135558,19.499922330006,
    133.78725131074));
#4702 = CARTESIAN_POINT('',(17.858607728883,18.087133718098,
    132.38433905557));
#4703 = CARTESIAN_POINT('',(18.440438523908,17.438508378312,
    131.05060062668));
#4704 = CARTESIAN_POINT('',(18.550514557139,17.311046643089,
    130.27054507465));
#4705 = CARTESIAN_POINT('',(18.550514557139,17.311046643089,
    129.882449685));
#4706 = CARTESIAN_POINT('',(13.94230769231,21.24331176814,
    134.65805020975));
#4707 = CARTESIAN_POINT('',(14.946339700067,20.569096718847,
    134.6750888154));
#4708 = CARTESIAN_POINT('',(16.549363291564,19.300934254787,
    134.15752940287));
#4709 = CARTESIAN_POINT('',(17.973496162558,17.882046572134,
    132.5976290005));
#4710 = CARTESIAN_POINT('',(18.569400267392,17.232911804379,
    131.14570369114));
#4711 = CARTESIAN_POINT('',(18.681708032725,17.105499183304,
    130.30210199355));
#4712 = CARTESIAN_POINT('',(18.681708032725,17.105499183304,
    129.882449685));
#4713 = CARTESIAN_POINT('',(13.94230769231,21.24331176814,134.882449685)
  );
#4714 = CARTESIAN_POINT('',(14.979485931364,20.546452682486,
    134.882449685));
#4715 = CARTESIAN_POINT('',(16.610418812527,19.248206982079,
    134.31619774712));
#4716 = CARTESIAN_POINT('',(18.041111449951,17.811548673746,
    132.68908038978));
#4717 = CARTESIAN_POINT('',(18.637725341986,17.156418216504,
    131.18648741415));
#4718 = CARTESIAN_POINT('',(18.75,17.028063371038,130.31562370055));
#4719 = CARTESIAN_POINT('',(18.75,17.028063371038,129.882449685));
#4720 = ADVANCED_FACE('',(#4721),#4740,.F.);
#4721 = FACE_BOUND('',#4722,.F.);
#4722 = EDGE_LOOP('',(#4723,#4724,#4725,#4733));
#4723 = ORIENTED_EDGE('',*,*,#4376,.F.);
#4724 = ORIENTED_EDGE('',*,*,#4656,.T.);
#4725 = ORIENTED_EDGE('',*,*,#4726,.F.);
#4726 = EDGE_CURVE('',#4727,#4657,#4729,.T.);
#4727 = VERTEX_POINT('',#4728);
#4728 = CARTESIAN_POINT('',(18.5,17.689501198804,129.757559842));
#4729 = LINE('',#4730,#4731);
#4730 = CARTESIAN_POINT('',(18.5,17.689501198804,129.757559842));
#4731 = VECTOR('',#4732,1.);
#4732 = DIRECTION('',(0.,0.,1.));
#4733 = ORIENTED_EDGE('',*,*,#4734,.F.);
#4734 = EDGE_CURVE('',#4367,#4727,#4735,.T.);
#4735 = CIRCLE('',#4736,1.);
#4736 = AXIS2_PLACEMENT_3D('',#4737,#4738,#4739);
#4737 = CARTESIAN_POINT('',(19.5,17.689501198804,129.757559842));
#4738 = DIRECTION('',(-1.404258E-15,-1.238439E-15,-1.));
#4739 = DIRECTION('',(-0.749999999751,-0.661437828048,1.872343901981E-15
    ));
#4740 = CYLINDRICAL_SURFACE('',#4741,1.);
#4741 = AXIS2_PLACEMENT_3D('',#4742,#4743,#4744);
#4742 = CARTESIAN_POINT('',(19.5,17.689501198804,103.79666324738));
#4743 = DIRECTION('',(2.147809E-17,2.806363E-15,1.));
#4744 = DIRECTION('',(-0.935414346693,-0.353553390593,1.012290067411E-15
    ));
#4745 = ADVANCED_FACE('',(#4746),#4776,.T.);
#4746 = FACE_BOUND('',#4747,.T.);
#4747 = EDGE_LOOP('',(#4748,#4759,#4767,#4768));
#4748 = ORIENTED_EDGE('',*,*,#4749,.T.);
#4749 = EDGE_CURVE('',#4750,#4752,#4754,.T.);
#4750 = VERTEX_POINT('',#4751);
#4751 = CARTESIAN_POINT('',(19.309111714502,17.688481098643,
    125.59526832768));
#4752 = VERTEX_POINT('',#4753);
#4753 = CARTESIAN_POINT('',(18.5,18.622028951104,125.89866587154));
#4754 = CIRCLE('',#4755,1.);
#4755 = AXIS2_PLACEMENT_3D('',#4756,#4757,#4758);
#4756 = CARTESIAN_POINT('',(19.5,18.622028951104,125.89866587154));
#4757 = DIRECTION('',(-6.938893903907E-18,0.309080997045,-0.951035718186
    ));
#4758 = DIRECTION('',(-0.190888285498,-0.933547852461,-0.303397543868));
#4759 = ORIENTED_EDGE('',*,*,#4760,.T.);
#4760 = EDGE_CURVE('',#4752,#4727,#4761,.T.);
#4761 = B_SPLINE_CURVE_WITH_KNOTS('',3,(#4762,#4763,#4764,#4765,#4766),
  .UNSPECIFIED.,.F.,.F.,(4,1,4),(-0.398124325216,-0.170624710807,0.),
  .UNSPECIFIED.);
#4762 = CARTESIAN_POINT('',(18.5,18.622028951104,125.89866587154));
#4763 = CARTESIAN_POINT('',(18.5,18.387642925608,126.61986673546));
#4764 = CARTESIAN_POINT('',(18.5,17.949044503055,127.87081430294));
#4765 = CARTESIAN_POINT('',(18.5,17.689501198798,129.1888108052));
#4766 = CARTESIAN_POINT('',(18.5,17.689501198804,129.75755984122));
#4767 = ORIENTED_EDGE('',*,*,#4734,.F.);
#4768 = ORIENTED_EDGE('',*,*,#4769,.T.);
#4769 = EDGE_CURVE('',#4367,#4750,#4770,.T.);
#4770 = B_SPLINE_CURVE_WITH_KNOTS('',3,(#4771,#4772,#4773,#4774,#4775),
  .UNSPECIFIED.,.F.,.F.,(4,1,4),(0.,0.170624710807,0.398124325216),
  .UNSPECIFIED.);
#4771 = CARTESIAN_POINT('',(18.749999999995,17.028063371044,
    129.75755984123));
#4772 = CARTESIAN_POINT('',(18.81621686058,16.952980508589,
    129.09371824544));
#4773 = CARTESIAN_POINT('',(19.001879384125,17.094707519508,
    127.61398946061));
#4774 = CARTESIAN_POINT('',(19.202469074449,17.478238028638,
    126.30927805385));
#4775 = CARTESIAN_POINT('',(19.309111714501,17.688481098643,
    125.59526832768));
#4776 = B_SPLINE_SURFACE_WITH_KNOTS('',3,3,(
    (#4777,#4778,#4779,#4780,#4781)
    ,(#4782,#4783,#4784,#4785,#4786)
    ,(#4787,#4788,#4789,#4790,#4791)
    ,(#4792,#4793,#4794,#4795,#4796)
    ,(#4797,#4798,#4799,#4800,#4801
  )),.UNSPECIFIED.,.F.,.F.,.F.,(4,1,4),(4,1,4),(0.,0.5,1.),(0.,
    0.170624710807,0.398124325216),.UNSPECIFIED.);
#4777 = CARTESIAN_POINT('',(18.5,17.689501198804,129.75755984122));
#4778 = CARTESIAN_POINT('',(18.5,17.689501198798,129.1888108052));
#4779 = CARTESIAN_POINT('',(18.5,17.949044503055,127.87081430294));
#4780 = CARTESIAN_POINT('',(18.5,18.387642925608,126.61986673546));
#4781 = CARTESIAN_POINT('',(18.5,18.622028951104,125.89866587154));
#4782 = CARTESIAN_POINT('',(18.5,17.569045490837,129.75755984122));
#4783 = CARTESIAN_POINT('',(18.499949122066,17.552354356549,
    129.17149208327));
#4784 = CARTESIAN_POINT('',(18.500146014501,17.778961874692,
    127.82092637387));
#4785 = CARTESIAN_POINT('',(18.500395919117,18.187457648313,
    126.55128383625));
#4786 = CARTESIAN_POINT('',(18.5,18.403492144004,125.82764269866));
#4787 = CARTESIAN_POINT('',(18.544029726875,17.328178398314,
    129.75755984122));
#4788 = CARTESIAN_POINT('',(18.556392226294,17.278166464194,
    129.13686728453));
#4789 = CARTESIAN_POINT('',(18.592354324439,17.438808195414,
    127.72110636486));
#4790 = CARTESIAN_POINT('',(18.637909683444,17.787328829294,
    126.41423257316));
#4791 = CARTESIAN_POINT('',(18.665140734958,17.96757539448,
    125.68597232709));
#4792 = CARTESIAN_POINT('',(18.670326038176,17.11840515202,
    129.75755984122));
#4793 = CARTESIAN_POINT('',(18.716425835742,17.047823364037,
    129.10669860315));
#4794 = CARTESIAN_POINT('',(18.847936943501,17.184240951466,
    127.64313947955));
#4795 = CARTESIAN_POINT('',(18.999492475682,17.540180456474,
    126.33006300648));
#4796 = CARTESIAN_POINT('',(19.083548891339,17.730197215069,
    125.60882581938));
#4797 = CARTESIAN_POINT('',(18.749999999995,17.028063371044,
    129.75755984123));
#4798 = CARTESIAN_POINT('',(18.81621686058,16.952980508589,
    129.09371824544));
#4799 = CARTESIAN_POINT('',(19.001879384125,17.094707519508,
    127.61398946061));
#4800 = CARTESIAN_POINT('',(19.202469074449,17.478238028638,
    126.30927805385));
#4801 = CARTESIAN_POINT('',(19.309111714501,17.688481098643,
    125.59526832768));
#4802 = ADVANCED_FACE('',(#4803),#4829,.T.);
#4803 = FACE_BOUND('',#4804,.T.);
#4804 = EDGE_LOOP('',(#4805,#4806,#4813,#4822));
#4805 = ORIENTED_EDGE('',*,*,#4749,.F.);
#4806 = ORIENTED_EDGE('',*,*,#4807,.T.);
#4807 = EDGE_CURVE('',#4750,#4290,#4808,.T.);
#4808 = B_SPLINE_CURVE_WITH_KNOTS('',3,(#4809,#4810,#4811,#4812),
  .UNSPECIFIED.,.F.,.F.,(4,4),(1.71859E-14,0.339549699598),
  .PIECEWISE_BEZIER_KNOTS.);
#4809 = CARTESIAN_POINT('',(19.309111714501,17.688481098643,
    125.59526832768));
#4810 = CARTESIAN_POINT('',(19.311866689633,18.006020654615,
    124.61647245727));
#4811 = CARTESIAN_POINT('',(19.31775721462,18.169156707613,
    123.5745380525));
#4812 = CARTESIAN_POINT('',(19.326351822333,18.167641246385,
    122.54485394747));
#4813 = ORIENTED_EDGE('',*,*,#4814,.T.);
#4814 = EDGE_CURVE('',#4290,#4815,#4817,.T.);
#4815 = VERTEX_POINT('',#4816);
#4816 = CARTESIAN_POINT('',(18.5,19.152448999397,122.54485394747));
#4817 = CIRCLE('',#4818,1.);
#4818 = AXIS2_PLACEMENT_3D('',#4819,#4820,#4821);
#4819 = CARTESIAN_POINT('',(19.5,19.152448999397,122.54485394747));
#4820 = DIRECTION('',(-4.80564E-16,-2.725414E-15,-1.));
#4821 = DIRECTION('',(-0.173648177667,-0.984807753012,2.76745790022E-15)
  );
#4822 = ORIENTED_EDGE('',*,*,#4823,.T.);
#4823 = EDGE_CURVE('',#4815,#4752,#4824,.T.);
#4824 = B_SPLINE_CURVE_WITH_KNOTS('',3,(#4825,#4826,#4827,#4828),
  .UNSPECIFIED.,.F.,.F.,(4,4),(-0.339549699598,-1.71859E-14),
  .PIECEWISE_BEZIER_KNOTS.);
#4825 = CARTESIAN_POINT('',(18.5,19.152448999397,122.54485394747));
#4826 = CARTESIAN_POINT('',(18.5,19.152448999397,123.67668627946));
#4827 = CARTESIAN_POINT('',(18.5,18.971856816765,124.82225289682));
#4828 = CARTESIAN_POINT('',(18.5,18.622028951104,125.89866587154));
#4829 = B_SPLINE_SURFACE_WITH_KNOTS('',3,3,(
    (#4830,#4831,#4832,#4833)
    ,(#4834,#4835,#4836,#4837)
    ,(#4838,#4839,#4840,#4841)
    ,(#4842,#4843,#4844,#4845)
    ,(#4846,#4847,#4848,#4849
  )),.UNSPECIFIED.,.F.,.F.,.F.,(4,1,4),(4,4),(0.,0.571428571429,1.),(
    -0.339549699598,-1.71859E-14),.UNSPECIFIED.);
#4830 = CARTESIAN_POINT('',(19.326351822333,18.167641246385,
    122.54485394747));
#4831 = CARTESIAN_POINT('',(19.31775721462,18.169156707613,
    123.5745380525));
#4832 = CARTESIAN_POINT('',(19.311866689633,18.006020654615,
    124.61647245727));
#4833 = CARTESIAN_POINT('',(19.309111714501,17.688481098643,
    125.59526832768));
#4834 = CARTESIAN_POINT('',(19.064437341735,18.213823835952,
    122.54485394747));
#4835 = CARTESIAN_POINT('',(19.057897238306,18.217390259925,
    123.5791344435));
#4836 = CARTESIAN_POINT('',(19.053410435541,18.054655266222,
    124.62695147041));
#4837 = CARTESIAN_POINT('',(19.051325630887,17.736156660273,
    125.61076260391));
#4838 = CARTESIAN_POINT('',(18.643294552845,18.487093369095,
    122.54485394747));
#4839 = CARTESIAN_POINT('',(18.641440273213,18.491247360306,
    123.60771936413));
#4840 = CARTESIAN_POINT('',(18.640191446265,18.324515261075,
    124.68418165907));
#4841 = CARTESIAN_POINT('',(18.639603635646,17.997213548456,
    125.69560455226));
#4842 = CARTESIAN_POINT('',(18.5,18.952982799169,122.54485394747));
#4843 = CARTESIAN_POINT('',(18.500013935805,18.954221921038,
    123.65602541103));
#4844 = CARTESIAN_POINT('',(18.499995741615,18.777792469876,
    124.78084694455));
#4845 = CARTESIAN_POINT('',(18.5,18.434711687875,125.83778886622));
#4846 = CARTESIAN_POINT('',(18.5,19.152448999397,122.54485394747));
#4847 = CARTESIAN_POINT('',(18.5,19.152448999397,123.67668627946));
#4848 = CARTESIAN_POINT('',(18.5,18.971856816765,124.82225289682));
#4849 = CARTESIAN_POINT('',(18.5,18.622028951104,125.89866587154));
#4850 = ADVANCED_FACE('',(#4851),#4870,.F.);
#4851 = FACE_BOUND('',#4852,.F.);
#4852 = EDGE_LOOP('',(#4853,#4854,#4855,#4863));
#4853 = ORIENTED_EDGE('',*,*,#4289,.F.);
#4854 = ORIENTED_EDGE('',*,*,#4814,.T.);
#4855 = ORIENTED_EDGE('',*,*,#4856,.F.);
#4856 = EDGE_CURVE('',#4857,#4815,#4859,.T.);
#4857 = VERTEX_POINT('',#4858);
#4858 = CARTESIAN_POINT('',(18.5,19.152448999397,89.882449685008));
#4859 = LINE('',#4860,#4861);
#4860 = CARTESIAN_POINT('',(18.5,19.152448999397,89.882449685008));
#4861 = VECTOR('',#4862,1.);
#4862 = DIRECTION('',(0.,0.,1.));
#4863 = ORIENTED_EDGE('',*,*,#4864,.F.);
#4864 = EDGE_CURVE('',#4281,#4857,#4865,.T.);
#4865 = CIRCLE('',#4866,1.);
#4866 = AXIS2_PLACEMENT_3D('',#4867,#4868,#4869);
#4867 = CARTESIAN_POINT('',(19.5,19.152448999397,89.882449685008));
#4868 = DIRECTION('',(-4.80564E-16,-2.725414E-15,-1.));
#4869 = DIRECTION('',(-0.173648177667,-0.984807753012,2.76745790022E-15)
  );
#4870 = CYLINDRICAL_SURFACE('',#4871,1.);
#4871 = AXIS2_PLACEMENT_3D('',#4872,#4873,#4874);
#4872 = CARTESIAN_POINT('',(19.5,19.152448999397,100.632449685));
#4873 = DIRECTION('',(-3.02337E-16,3.015993E-15,1.));
#4874 = DIRECTION('',(-0.766044443119,-0.642787609687,1.707039352502E-15
    ));
#4875 = ADVANCED_FACE('',(#4876),#4896,.T.);
#4876 = FACE_BOUND('',#4877,.T.);
#4877 = EDGE_LOOP('',(#4878,#4887,#4894,#4895));
#4878 = ORIENTED_EDGE('',*,*,#4879,.T.);
#4879 = EDGE_CURVE('',#4273,#4880,#4882,.T.);
#4880 = VERTEX_POINT('',#4881);
#4881 = CARTESIAN_POINT('',(17.814146107901,19.303617181898,
    87.642709616275));
#4882 = CIRCLE('',#4883,1.);
#4883 = AXIS2_PLACEMENT_3D('',#4884,#4885,#4886);
#4884 = CARTESIAN_POINT('',(18.642682634876,19.303617181898,
    87.082774599092));
#4885 = DIRECTION('',(-0.557225702676,9.825392572604E-02,-0.824527550999
    ));
#4886 = DIRECTION('',(-0.173648177667,-0.984807753012,2.484124017599E-15
    ));
#4887 = ORIENTED_EDGE('',*,*,#4888,.T.);
#4888 = EDGE_CURVE('',#4880,#4857,#4889,.T.);
#4889 = ELLIPSE('',#4890,4.096007825083,4.);
#4890 = AXIS2_PLACEMENT_3D('',#4891,#4892,#4893);
#4891 = CARTESIAN_POINT('',(14.5,20.034083902939,89.882449685008));
#4892 = DIRECTION('',(-0.215242485169,-0.976560634358,2.86469E-15));
#4893 = DIRECTION('',(0.976560634358,-0.215242485169,-5.011262E-16));
#4894 = ORIENTED_EDGE('',*,*,#4864,.F.);
#4895 = ORIENTED_EDGE('',*,*,#4280,.T.);
#4896 = B_SPLINE_SURFACE_WITH_KNOTS('',3,3,(
    (#4897,#4898,#4899,#4900)
    ,(#4901,#4902,#4903,#4904)
    ,(#4905,#4906,#4907,#4908)
    ,(#4909,#4910,#4911,#4912)
    ,(#4913,#4914,#4915,#4916
  )),.UNSPECIFIED.,.F.,.F.,.F.,(4,1,4),(4,4),(0.,0.571428571429,1.),(
    -5.336176E-16,0.594307367081),.UNSPECIFIED.);
#4897 = CARTESIAN_POINT('',(18.5,19.152448999397,89.882449685008));
#4898 = CARTESIAN_POINT('',(18.5,19.152448999397,89.090039862233));
#4899 = CARTESIAN_POINT('',(18.257844115632,19.205822269336,
    88.299250098778));
#4900 = CARTESIAN_POINT('',(17.814146107901,19.303617181898,
    87.642709616275));
#4901 = CARTESIAN_POINT('',(18.5,18.88649406576,89.882449685008));
#4902 = CARTESIAN_POINT('',(18.5,18.88649406576,89.081125793233));
#4903 = CARTESIAN_POINT('',(18.251702699562,18.938414131075,
    88.28048169599));
#4904 = CARTESIAN_POINT('',(17.799198348757,19.033232512471,
    87.620591398863));
#4905 = CARTESIAN_POINT('',(18.695976319145,18.424285836267,
    89.882449685008));
#4906 = CARTESIAN_POINT('',(18.695976319145,18.424285836267,
    89.025689265931));
#4907 = CARTESIAN_POINT('',(18.429073540899,18.473617057332,
    88.171259581924));
#4908 = CARTESIAN_POINT('',(17.943068859919,18.563616004221,
    87.467400626711));
#4909 = CARTESIAN_POINT('',(19.129915961885,18.20227818856,
    89.882449685008));
#4910 = CARTESIAN_POINT('',(19.129915961885,18.20227818856,88.932006323)
  );
#4911 = CARTESIAN_POINT('',(18.837853741387,18.253811052348,
    87.983765001859));
#4912 = CARTESIAN_POINT('',(18.303569342105,18.347985393045,
    87.198074649324));
#4913 = CARTESIAN_POINT('',(19.326351822333,18.167641246385,
    89.882449685008));
#4914 = CARTESIAN_POINT('',(19.326351822333,18.167641246385,
    88.891937406539));
#4915 = CARTESIAN_POINT('',(19.023656966873,18.221014516324,
    87.90345020222));
#4916 = CARTESIAN_POINT('',(18.469034457209,18.318809428886,
    87.082774599092));
#4917 = ADVANCED_FACE('',(#4918),#4938,.T.);
#4918 = FACE_BOUND('',#4919,.T.);
#4919 = EDGE_LOOP('',(#4920,#4929,#4936,#4937));
#4920 = ORIENTED_EDGE('',*,*,#4921,.T.);
#4921 = EDGE_CURVE('',#4315,#4922,#4924,.T.);
#4922 = VERTEX_POINT('',#4923);
#4923 = CARTESIAN_POINT('',(16.644946382477,20.006393258447,
    86.506178810759));
#4924 = CIRCLE('',#4925,1.);
#4925 = AXIS2_PLACEMENT_3D('',#4926,#4927,#4928);
#4926 = CARTESIAN_POINT('',(17.181182978096,20.006393258447,
    85.662111092197));
#4927 = DIRECTION('',(-0.677474383321,0.596476732849,-0.430399775921));
#4928 = DIRECTION('',(-0.660814729927,-0.750549060829,
    -2.775557561563E-17));
#4929 = ORIENTED_EDGE('',*,*,#4930,.T.);
#4930 = EDGE_CURVE('',#4922,#4880,#4931,.T.);
#4931 = B_SPLINE_CURVE_WITH_KNOTS('',3,(#4932,#4933,#4934,#4935),
  .UNSPECIFIED.,.F.,.F.,(4,4),(-0.218660346972,0.),
  .PIECEWISE_BEZIER_KNOTS.);
#4932 = CARTESIAN_POINT('',(16.644946382477,20.006393258447,
    86.506178810759));
#4933 = CARTESIAN_POINT('',(17.039977805734,19.571640560562,
    86.757142448998));
#4934 = CARTESIAN_POINT('',(17.489230999931,19.375231306867,
    87.161932335237));
#4935 = CARTESIAN_POINT('',(17.814146107901,19.303617181898,
    87.642709616275));
#4936 = ORIENTED_EDGE('',*,*,#4879,.F.);
#4937 = ORIENTED_EDGE('',*,*,#4314,.T.);
#4938 = B_SPLINE_SURFACE_WITH_KNOTS('',3,3,(
    (#4939,#4940,#4941,#4942)
    ,(#4943,#4944,#4945,#4946)
    ,(#4947,#4948,#4949,#4950)
    ,(#4951,#4952,#4953,#4954)
    ,(#4955,#4956,#4957,#4958
  )),.UNSPECIFIED.,.F.,.F.,.F.,(4,1,4),(4,4),(0.,0.571428571429,1.),(0.,
    0.218660346972),.UNSPECIFIED.);
#4939 = CARTESIAN_POINT('',(17.814146107901,19.303617181898,
    87.642709616275));
#4940 = CARTESIAN_POINT('',(17.489230999931,19.375231306867,
    87.161932335237));
#4941 = CARTESIAN_POINT('',(17.039977805734,19.571640560562,
    86.757142448998));
#4942 = CARTESIAN_POINT('',(16.644946382477,20.006393258447,
    86.506178810759));
#4943 = CARTESIAN_POINT('',(17.799198348757,19.033232512471,
    87.620591398863));
#4944 = CARTESIAN_POINT('',(17.457667585668,19.12657365657,
    87.121103757368));
#4945 = CARTESIAN_POINT('',(16.968788179173,19.349077354141,
    86.692961931578));
#4946 = CARTESIAN_POINT('',(16.5290460145,19.821624047709,
    86.432547255626));
#4947 = CARTESIAN_POINT('',(17.943067823406,18.563614816431,
    87.467401185658));
#4948 = CARTESIAN_POINT('',(17.529273005802,18.69285053597,
    86.927783920408));
#4949 = CARTESIAN_POINT('',(16.940418182604,18.961447896862,
    86.46265134136));
#4950 = CARTESIAN_POINT('',(16.404743076462,19.499532853093,
    86.181831866843));
#4951 = CARTESIAN_POINT('',(18.303569342105,18.347985393045,
    87.198074649324));
#4952 = CARTESIAN_POINT('',(17.795253092384,18.461209298025,
    86.615517335217));
#4953 = CARTESIAN_POINT('',(17.090608828637,18.732056813823,
    86.121793132078));
#4954 = CARTESIAN_POINT('',(16.4645949404,19.304949346414,
    85.817954728184));
#4955 = CARTESIAN_POINT('',(18.469034457209,18.318809428886,
    87.082774599092));
#4956 = CARTESIAN_POINT('',(17.927509277259,18.414294928844,
    86.481802997795));
#4957 = CARTESIAN_POINT('',(17.178753953598,18.676173933772,
    85.975815639995));
#4958 = CARTESIAN_POINT('',(16.52036824817,19.255844197618,
    85.662111092197));
#4959 = ADVANCED_FACE('',(#4960),#4980,.T.);
#4960 = FACE_BOUND('',#4961,.T.);
#4961 = EDGE_LOOP('',(#4962,#4963,#4964,#4973));
#4962 = ORIENTED_EDGE('',*,*,#4921,.F.);
#4963 = ORIENTED_EDGE('',*,*,#4446,.T.);
#4964 = ORIENTED_EDGE('',*,*,#4965,.T.);
#4965 = EDGE_CURVE('',#4438,#4966,#4968,.T.);
#4966 = VERTEX_POINT('',#4967);
#4967 = CARTESIAN_POINT('',(14.500000000001,22.07335953179,
    85.882449685008));
#4968 = CIRCLE('',#4969,1.);
#4969 = AXIS2_PLACEMENT_3D('',#4970,#4971,#4972);
#4970 = CARTESIAN_POINT('',(14.500000000002,22.07335953179,
    84.882449685008));
#4971 = DIRECTION('',(-0.83004776365,0.557692307692,-7.553655E-13));
#4972 = DIRECTION('',(-0.557692307692,-0.83004776365,2.341393999999E-15)
  );
#4973 = ORIENTED_EDGE('',*,*,#4974,.T.);
#4974 = EDGE_CURVE('',#4966,#4922,#4975,.T.);
#4975 = B_SPLINE_CURVE_WITH_KNOTS('',3,(#4976,#4977,#4978,#4979),
  .UNSPECIFIED.,.F.,.F.,(4,4),(0.,0.349698942604),
  .PIECEWISE_BEZIER_KNOTS.);
#4976 = CARTESIAN_POINT('',(14.500000000001,22.07335953179,
    85.882449685008));
#4977 = CARTESIAN_POINT('',(15.274044867359,21.423278164129,
    85.882449685008));
#4978 = CARTESIAN_POINT('',(16.013180847841,20.701684200998,
    86.104817886662));
#4979 = CARTESIAN_POINT('',(16.644946382477,20.006393258447,
    86.506178810759));
#4980 = B_SPLINE_SURFACE_WITH_KNOTS('',3,3,(
    (#4981,#4982,#4983,#4984)
    ,(#4985,#4986,#4987,#4988)
    ,(#4989,#4990,#4991,#4992)
    ,(#4993,#4994,#4995,#4996)
    ,(#4997,#4998,#4999,#5000
  )),.UNSPECIFIED.,.F.,.F.,.F.,(4,1,4),(4,4),(0.,0.571428571429,1.),(0.,
    0.349698942604),.UNSPECIFIED.);
#4981 = CARTESIAN_POINT('',(13.942307692309,21.24331176814,
    84.882449685008));
#4982 = CARTESIAN_POINT('',(14.87265008096,20.618233530005,
    84.882449685008));
#4983 = CARTESIAN_POINT('',(15.761034672886,19.924393180839,
    85.160409937075));
#4984 = CARTESIAN_POINT('',(16.52036824817,19.255844197618,
    85.662111092197));
#4985 = CARTESIAN_POINT('',(13.942307692309,21.24331176814,
    85.181648985349));
#4986 = CARTESIAN_POINT('',(14.83293990536,20.645934501786,
    85.16064731536));
#4987 = CARTESIAN_POINT('',(15.698657616396,19.973319740976,
    85.405117856442));
#4988 = CARTESIAN_POINT('',(16.44600383781,19.321317729346,
    85.869902606846));
#4989 = CARTESIAN_POINT('',(14.082442301129,21.451882725739,
    85.699473630909));
#4990 = CARTESIAN_POINT('',(14.89274799032,20.863093120292,
    85.645040862426));
#4991 = CARTESIAN_POINT('',(15.703715882055,20.196355626508,
    85.830517151283));
#4992 = CARTESIAN_POINT('',(16.41216580864,19.544254838806,
    86.232126765287));
#4993 = CARTESIAN_POINT('',(14.374854138801,21.88709724919,
    85.882449685007));
#4994 = CARTESIAN_POINT('',(15.148931582227,21.255301147394,
    85.858003817411));
#4995 = CARTESIAN_POINT('',(15.904573309741,20.550205690602,
    86.058767552487));
#4996 = CARTESIAN_POINT('',(16.558021106494,19.867816350394,
    86.450955144409));
#4997 = CARTESIAN_POINT('',(14.500000000001,22.07335953179,
    85.882449685008));
#4998 = CARTESIAN_POINT('',(15.274044867359,21.423278164129,
    85.882449685008));
#4999 = CARTESIAN_POINT('',(16.013180847841,20.701684200998,
    86.104817886662));
#5000 = CARTESIAN_POINT('',(16.644946382477,20.006393258447,
    86.506178810759));
#5001 = ADVANCED_FACE('',(#5002),#5022,.F.);
#5002 = FACE_BOUND('',#5003,.F.);
#5003 = EDGE_LOOP('',(#5004,#5005,#5006,#5015));
#5004 = ORIENTED_EDGE('',*,*,#4437,.F.);
#5005 = ORIENTED_EDGE('',*,*,#4965,.T.);
#5006 = ORIENTED_EDGE('',*,*,#5007,.F.);
#5007 = EDGE_CURVE('',#5008,#4966,#5010,.T.);
#5008 = VERTEX_POINT('',#5009);
#5009 = CARTESIAN_POINT('',(-14.5,22.073359531791,85.882449685008));
#5010 = CIRCLE('',#5011,26.);
#5011 = AXIS2_PLACEMENT_3D('',#5012,#5013,#5014);
#5012 = CARTESIAN_POINT('',(3.247482E-14,0.492117676884,85.882449685008)
  );
#5013 = DIRECTION('',(0.,0.,-1.));
#5014 = DIRECTION('',(0.,1.,0.));
#5015 = ORIENTED_EDGE('',*,*,#5016,.F.);
#5016 = EDGE_CURVE('',#4426,#5008,#5017,.T.);
#5017 = CIRCLE('',#5018,1.);
#5018 = AXIS2_PLACEMENT_3D('',#5019,#5020,#5021);
#5019 = CARTESIAN_POINT('',(-14.5,22.073359531791,84.882449685008));
#5020 = DIRECTION('',(-0.83004776365,-0.557692307692,2.21649E-15));
#5021 = DIRECTION('',(0.557692307692,-0.83004776365,2.317437E-15));
#5022 = TOROIDAL_SURFACE('',#5023,26.,1.);
#5023 = AXIS2_PLACEMENT_3D('',#5024,#5025,#5026);
#5024 = CARTESIAN_POINT('',(3.257336E-14,0.492117676884,84.882449685008)
  );
#5025 = DIRECTION('',(9.854602E-17,-2.806363E-15,-1.));
#5026 = DIRECTION('',(-2.765559043253E-31,-1.,2.806363E-15));
#5027 = ADVANCED_FACE('',(#5028),#5051,.T.);
#5028 = FACE_BOUND('',#5029,.T.);
#5029 = EDGE_LOOP('',(#5030,#5039,#5049,#5050));
#5030 = ORIENTED_EDGE('',*,*,#5031,.T.);
#5031 = EDGE_CURVE('',#4418,#5032,#5034,.T.);
#5032 = VERTEX_POINT('',#5033);
#5033 = CARTESIAN_POINT('',(-18.5,17.689501198804,89.882449685008));
#5034 = CIRCLE('',#5035,1.);
#5035 = AXIS2_PLACEMENT_3D('',#5036,#5037,#5038);
#5036 = CARTESIAN_POINT('',(-19.5,17.689501198804,89.882449685008));
#5037 = DIRECTION('',(-1.380095E-15,1.217129E-15,1.));
#5038 = DIRECTION('',(0.75,-0.661437827766,1.840126411871E-15));
#5039 = ORIENTED_EDGE('',*,*,#5040,.T.);
#5040 = EDGE_CURVE('',#5032,#5008,#5041,.T.);
#5041 = B_SPLINE_CURVE_WITH_KNOTS('',3,(#5042,#5043,#5044,#5045,#5046,
    #5047,#5048),.UNSPECIFIED.,.F.,.F.,(4,1,1,1,4),(-0.90935798738,
    -0.779449703469,-0.519633135646,-0.259816567823,0.),.UNSPECIFIED.);
#5042 = CARTESIAN_POINT('',(-18.5,17.689501198804,89.882449685008));
#5043 = CARTESIAN_POINT('',(-18.5,17.689501198804,89.536027594577));
#5044 = CARTESIAN_POINT('',(-18.35603343647,17.896508121417,
    88.49040127582));
#5045 = CARTESIAN_POINT('',(-17.56447060247,18.971374376931,
    87.121701863142));
#5046 = CARTESIAN_POINT('',(-16.1873773831,20.547213783628,
    86.132274216901));
#5047 = CARTESIAN_POINT('',(-15.07509376288,21.590367194172,
    85.882449685008));
#5048 = CARTESIAN_POINT('',(-14.5,22.073359531791,85.882449685008));
#5049 = ORIENTED_EDGE('',*,*,#5016,.F.);
#5050 = ORIENTED_EDGE('',*,*,#4425,.T.);
#5051 = B_SPLINE_SURFACE_WITH_KNOTS('',3,3,(
    (#5052,#5053,#5054,#5055,#5056,#5057,#5058)
    ,(#5059,#5060,#5061,#5062,#5063,#5064,#5065)
    ,(#5066,#5067,#5068,#5069,#5070,#5071,#5072)
    ,(#5073,#5074,#5075,#5076,#5077,#5078,#5079)
    ,(#5080,#5081,#5082,#5083,#5084,#5085,#5086
  )),.UNSPECIFIED.,.F.,.F.,.F.,(4,1,4),(4,1,1,1,4),(0.,0.571428571429,1.
    ),(0.,0.259816567823,0.519633135646,0.779449703469,0.90935798738),
  .UNSPECIFIED.);
#5052 = CARTESIAN_POINT('',(-14.5,22.073359531791,85.882449685008));
#5053 = CARTESIAN_POINT('',(-15.07509376288,21.590367194172,
    85.882449685008));
#5054 = CARTESIAN_POINT('',(-16.1873773831,20.547213783628,
    86.132274216901));
#5055 = CARTESIAN_POINT('',(-17.56447060247,18.971374376931,
    87.121701863142));
#5056 = CARTESIAN_POINT('',(-18.35603343647,17.896508121417,
    88.49040127582));
#5057 = CARTESIAN_POINT('',(-18.5,17.689501198804,89.536027594577));
#5058 = CARTESIAN_POINT('',(-18.5,17.689501198804,89.882449685008));
#5059 = CARTESIAN_POINT('',(-14.33313885173,21.825009821657,
    85.882449685008));
#5060 = CARTESIAN_POINT('',(-14.90816684978,21.360551459671,
    85.857726189703));
#5061 = CARTESIAN_POINT('',(-16.0443285209,20.350889268134,
    86.06243979143));
#5062 = CARTESIAN_POINT('',(-17.49460096458,18.811635817732,
    87.030774602784));
#5063 = CARTESIAN_POINT('',(-18.34474002875,17.755607851201,
    88.435465530244));
#5064 = CARTESIAN_POINT('',(-18.5,17.551837532554,89.522519276453));
#5065 = CARTESIAN_POINT('',(-18.5,17.551837532554,89.882449685008));
#5066 = CARTESIAN_POINT('',(-14.04435314226,21.39519228784,
    85.63117217277));
#5067 = CARTESIAN_POINT('',(-14.65566071166,20.960939532977,
    85.593049279584));
#5068 = CARTESIAN_POINT('',(-15.87738773157,20.007957490268,
    85.789790337517));
#5069 = CARTESIAN_POINT('',(-17.45347879522,18.531470809585,
    86.814551400484));
#5070 = CARTESIAN_POINT('',(-18.38095062768,17.508732050854,
    88.323403144259));
#5071 = CARTESIAN_POINT('',(-18.55051325185,17.311046089446,
    89.494485462366));
#5072 = CARTESIAN_POINT('',(-18.55051325185,17.311046089446,
    89.882449685008));
#5073 = CARTESIAN_POINT('',(-13.9423076923,21.243311768141,
    85.106849160264));
#5074 = CARTESIAN_POINT('',(-14.6114361382,20.793986981036,
    85.095493928926));
#5075 = CARTESIAN_POINT('',(-15.91854947845,19.817391756707,
    85.373202760893));
#5076 = CARTESIAN_POINT('',(-17.55853297758,18.32690851578,
    86.546477457611));
#5077 = CARTESIAN_POINT('',(-18.50864563545,17.303103548383,
    88.196720241128));
#5078 = CARTESIAN_POINT('',(-18.68170803272,17.105499183304,
    89.46293920895));
#5079 = CARTESIAN_POINT('',(-18.68170803272,17.105499183304,
    89.882449685008));
#5080 = CARTESIAN_POINT('',(-13.9423076923,21.243311768141,
    84.882449685008));
#5081 = CARTESIAN_POINT('',(-14.63352615731,20.778896058892,
    84.882449685008));
#5082 = CARTESIAN_POINT('',(-15.97040550853,19.775863933369,
    85.194730349875));
#5083 = CARTESIAN_POINT('',(-17.62556562797,18.260633734621,
    86.431514907676));
#5084 = CARTESIAN_POINT('',(-18.57696326499,17.227108488935,
    88.142389173523));
#5085 = CARTESIAN_POINT('',(-18.75,17.028063371038,89.449422071969));
#5086 = CARTESIAN_POINT('',(-18.75,17.028063371038,89.882449685008));
#5087 = ADVANCED_FACE('',(#5088),#5107,.F.);
#5088 = FACE_BOUND('',#5089,.F.);
#5089 = EDGE_LOOP('',(#5090,#5091,#5092,#5100));
#5090 = ORIENTED_EDGE('',*,*,#4417,.F.);
#5091 = ORIENTED_EDGE('',*,*,#5031,.T.);
#5092 = ORIENTED_EDGE('',*,*,#5093,.F.);
#5093 = EDGE_CURVE('',#5094,#5032,#5096,.T.);
#5094 = VERTEX_POINT('',#5095);
#5095 = CARTESIAN_POINT('',(-18.5,17.689501198804,129.882449685));
#5096 = LINE('',#5097,#5098);
#5097 = CARTESIAN_POINT('',(-18.5,17.689501198804,129.882449685));
#5098 = VECTOR('',#5099,1.);
#5099 = DIRECTION('',(0.,0.,-1.));
#5100 = ORIENTED_EDGE('',*,*,#5101,.F.);
#5101 = EDGE_CURVE('',#4406,#5094,#5102,.T.);
#5102 = CIRCLE('',#5103,1.);
#5103 = AXIS2_PLACEMENT_3D('',#5104,#5105,#5106);
#5104 = CARTESIAN_POINT('',(-19.5,17.689501198804,129.882449685));
#5105 = DIRECTION('',(-1.380095E-15,1.217129E-15,1.));
#5106 = DIRECTION('',(0.75,-0.661437827766,1.840126411871E-15));
#5107 = CYLINDRICAL_SURFACE('',#5108,1.);
#5108 = AXIS2_PLACEMENT_3D('',#5109,#5110,#5111);
#5109 = CARTESIAN_POINT('',(-19.5,17.689501198804,103.79666324738));
#5110 = DIRECTION('',(-2.147809E-17,-2.806363E-15,-1.));
#5111 = DIRECTION('',(0.935414346693,-0.353553390593,9.721082403599E-16)
  );
#5112 = ADVANCED_FACE('',(#5113),#5136,.T.);
#5113 = FACE_BOUND('',#5114,.T.);
#5114 = EDGE_LOOP('',(#5115,#5124,#5134,#5135));
#5115 = ORIENTED_EDGE('',*,*,#5116,.T.);
#5116 = EDGE_CURVE('',#4397,#5117,#5119,.T.);
#5117 = VERTEX_POINT('',#5118);
#5118 = CARTESIAN_POINT('',(-14.5,22.07335953179,133.882449685));
#5119 = CIRCLE('',#5120,1.);
#5120 = AXIS2_PLACEMENT_3D('',#5121,#5122,#5123);
#5121 = CARTESIAN_POINT('',(-14.5,22.07335953179,134.882449685));
#5122 = DIRECTION('',(0.83004776365,0.557692307692,1.141124E-12));
#5123 = DIRECTION('',(0.557692307692,-0.83004776365,2.317437E-15));
#5124 = ORIENTED_EDGE('',*,*,#5125,.T.);
#5125 = EDGE_CURVE('',#5117,#5094,#5126,.T.);
#5126 = B_SPLINE_CURVE_WITH_KNOTS('',3,(#5127,#5128,#5129,#5130,#5131,
    #5132,#5133),.UNSPECIFIED.,.F.,.F.,(4,1,1,1,4),(-0.909665431583,
    -0.64976102256,-0.389856613536,-0.129952204512,0.),.UNSPECIFIED.);
#5127 = CARTESIAN_POINT('',(-14.5,22.07335953179,133.882449685));
#5128 = CARTESIAN_POINT('',(-15.07528819593,21.59020389963,133.882449685
    ));
#5129 = CARTESIAN_POINT('',(-16.18635821693,20.548160672928,
    133.6327877806));
#5130 = CARTESIAN_POINT('',(-17.56257265747,18.973686479549,
    132.64367363786));
#5131 = CARTESIAN_POINT('',(-18.35474874296,17.898312828415,
    131.27795511196));
#5132 = CARTESIAN_POINT('',(-18.5,17.689501198804,130.22898889703));
#5133 = CARTESIAN_POINT('',(-18.5,17.689501198804,129.882449685));
#5134 = ORIENTED_EDGE('',*,*,#5101,.F.);
#5135 = ORIENTED_EDGE('',*,*,#4405,.T.);
#5136 = B_SPLINE_SURFACE_WITH_KNOTS('',3,3,(
    (#5137,#5138,#5139,#5140,#5141,#5142,#5143)
    ,(#5144,#5145,#5146,#5147,#5148,#5149,#5150)
    ,(#5151,#5152,#5153,#5154,#5155,#5156,#5157)
    ,(#5158,#5159,#5160,#5161,#5162,#5163,#5164)
    ,(#5165,#5166,#5167,#5168,#5169,#5170,#5171
  )),.UNSPECIFIED.,.F.,.F.,.F.,(4,1,4),(4,1,1,1,4),(0.,0.571428571429,1.
    ),(0.,0.129952204512,0.389856613536,0.64976102256,0.909665431583),
  .UNSPECIFIED.);
#5137 = CARTESIAN_POINT('',(-18.5,17.689501198804,129.882449685));
#5138 = CARTESIAN_POINT('',(-18.5,17.689501198804,130.22898889703));
#5139 = CARTESIAN_POINT('',(-18.35474874296,17.898312828415,
    131.27795511196));
#5140 = CARTESIAN_POINT('',(-17.56257265747,18.973686479549,
    132.64367363786));
#5141 = CARTESIAN_POINT('',(-16.18635821693,20.548160672928,
    133.6327877806));
#5142 = CARTESIAN_POINT('',(-15.07528819593,21.59020389963,133.882449685
    ));
#5143 = CARTESIAN_POINT('',(-14.5,22.07335953179,133.882449685));
#5144 = CARTESIAN_POINT('',(-18.5,17.551837532554,129.882449685));
#5145 = CARTESIAN_POINT('',(-18.5,17.551837532554,130.24250178218));
#5146 = CARTESIAN_POINT('',(-18.34335394897,17.757389157271,
    131.3330273406));
#5147 = CARTESIAN_POINT('',(-17.49257949704,18.813910124222,
    132.73457098607));
#5148 = CARTESIAN_POINT('',(-16.04327467835,20.351818936367,
    133.70260923992));
#5149 = CARTESIAN_POINT('',(-14.90836126059,21.360394431269,
    133.90718153906));
#5150 = CARTESIAN_POINT('',(-14.33313885173,21.825009821656,
    133.882449685));
#5151 = CARTESIAN_POINT('',(-18.55051455713,17.311046643089,
    129.882449685));
#5152 = CARTESIAN_POINT('',(-18.55051455713,17.311046643089,
    130.2705450742));
#5153 = CARTESIAN_POINT('',(-18.37944466901,17.510454306656,
    131.44533971487));
#5154 = CARTESIAN_POINT('',(-17.45128796763,18.533655290879,
    132.95077177221));
#5155 = CARTESIAN_POINT('',(-15.87627501946,20.008828587182,
    133.9752064134));
#5156 = CARTESIAN_POINT('',(-14.65587991312,20.960811358367,
    134.17188169696));
#5157 = CARTESIAN_POINT('',(-14.04436566717,21.39521092944,
    134.13374591483));
#5158 = CARTESIAN_POINT('',(-18.68170803272,17.105499183304,
    129.882449685));
#5159 = CARTESIAN_POINT('',(-18.68170803272,17.105499183304,
    130.30210199306));
#5160 = CARTESIAN_POINT('',(-18.5071051126,17.304828203751,
    131.57235479824));
#5161 = CARTESIAN_POINT('',(-17.55626876457,18.32910722304,
    133.21896140712));
#5162 = CARTESIAN_POINT('',(-15.91735672441,19.818284801299,
    134.39186227837));
#5163 = CARTESIAN_POINT('',(-14.61166236337,20.793835069133,
    134.66940928017));
#5164 = CARTESIAN_POINT('',(-13.94230769231,21.24331176814,
    134.65805020975));
#5165 = CARTESIAN_POINT('',(-18.75,17.028063371038,129.882449685));
#5166 = CARTESIAN_POINT('',(-18.75,17.028063371038,130.31562370004));
#5167 = CARTESIAN_POINT('',(-18.57541916222,17.228843784126,
    131.62683146869));
#5168 = CARTESIAN_POINT('',(-17.62328444408,18.262856910216,
    133.33397962608));
#5169 = CARTESIAN_POINT('',(-15.96918054919,19.776774403849,
    134.5703723045));
#5170 = CARTESIAN_POINT('',(-14.63375985087,20.778739044909,
    134.882449685));
#5171 = CARTESIAN_POINT('',(-13.94230769231,21.24331176814,134.882449685
    ));
#5172 = ADVANCED_FACE('',(#5173),#5185,.F.);
#5173 = FACE_BOUND('',#5174,.F.);
#5174 = EDGE_LOOP('',(#5175,#5182,#5183,#5184));
#5175 = ORIENTED_EDGE('',*,*,#5176,.F.);
#5176 = EDGE_CURVE('',#4666,#5117,#5177,.T.);
#5177 = CIRCLE('',#5178,26.);
#5178 = AXIS2_PLACEMENT_3D('',#5179,#5180,#5181);
#5179 = CARTESIAN_POINT('',(3.410589E-14,0.492117676884,133.882449685));
#5180 = DIRECTION('',(0.,-0.,1.));
#5181 = DIRECTION('',(0.,1.,0.));
#5182 = ORIENTED_EDGE('',*,*,#4677,.T.);
#5183 = ORIENTED_EDGE('',*,*,#4396,.F.);
#5184 = ORIENTED_EDGE('',*,*,#5116,.T.);
#5185 = TOROIDAL_SURFACE('',#5186,26.,1.);
#5186 = AXIS2_PLACEMENT_3D('',#5187,#5188,#5189);
#5187 = CARTESIAN_POINT('',(3.364727E-14,0.492117676884,134.882449685));
#5188 = DIRECTION('',(-4.586184E-16,2.806363E-15,1.));
#5189 = DIRECTION('',(1.287049708879E-30,1.,-2.806363E-15));
#5190 = ADVANCED_FACE('',(#5191),#5207,.T.);
#5191 = FACE_BOUND('',#5192,.T.);
#5192 = EDGE_LOOP('',(#5193,#5194,#5200,#5201));
#5193 = ORIENTED_EDGE('',*,*,#5007,.F.);
#5194 = ORIENTED_EDGE('',*,*,#5195,.F.);
#5195 = EDGE_CURVE('',#2864,#5008,#5196,.T.);
#5196 = LINE('',#5197,#5198);
#5197 = CARTESIAN_POINT('',(-14.5,29.492117676884,85.882449685007));
#5198 = VECTOR('',#5199,1.);
#5199 = DIRECTION('',(0.,-1.,0.));
#5200 = ORIENTED_EDGE('',*,*,#2863,.T.);
#5201 = ORIENTED_EDGE('',*,*,#5202,.F.);
#5202 = EDGE_CURVE('',#4966,#2855,#5203,.T.);
#5203 = LINE('',#5204,#5205);
#5204 = CARTESIAN_POINT('',(14.5,22.07335953179,85.882449685008));
#5205 = VECTOR('',#5206,1.);
#5206 = DIRECTION('',(0.,1.,0.));
#5207 = PLANE('',#5208);
#5208 = AXIS2_PLACEMENT_3D('',#5209,#5210,#5211);
#5209 = CARTESIAN_POINT('',(18.5,29.492117676884,85.882449685008));
#5210 = DIRECTION('',(0.,0.,-1.));
#5211 = DIRECTION('',(0.,-1.,0.));
#5212 = ADVANCED_FACE('',(#5213),#5226,.T.);
#5213 = FACE_BOUND('',#5214,.T.);
#5214 = EDGE_LOOP('',(#5215,#5216,#5222,#5223,#5224,#5225));
#5215 = ORIENTED_EDGE('',*,*,#5040,.F.);
#5216 = ORIENTED_EDGE('',*,*,#5217,.T.);
#5217 = EDGE_CURVE('',#5032,#2958,#5218,.T.);
#5218 = LINE('',#5219,#5220);
#5219 = CARTESIAN_POINT('',(-18.5,17.689501198804,89.882449685008));
#5220 = VECTOR('',#5221,1.);
#5221 = DIRECTION('',(0.,1.,0.));
#5222 = ORIENTED_EDGE('',*,*,#2957,.T.);
#5223 = ORIENTED_EDGE('',*,*,#2107,.T.);
#5224 = ORIENTED_EDGE('',*,*,#2871,.T.);
#5225 = ORIENTED_EDGE('',*,*,#5195,.T.);
#5226 = CYLINDRICAL_SURFACE('',#5227,4.);
#5227 = AXIS2_PLACEMENT_3D('',#5228,#5229,#5230);
#5228 = CARTESIAN_POINT('',(-14.5,29.492117676884,89.882449685008));
#5229 = DIRECTION('',(-5.222537E-17,-1.,2.806363E-15));
#5230 = DIRECTION('',(-0.707106781187,-1.947469394494E-15,
    -0.707106781187));
#5231 = ADVANCED_FACE('',(#5232),#5243,.T.);
#5232 = FACE_BOUND('',#5233,.T.);
#5233 = EDGE_LOOP('',(#5234,#5235,#5241,#5242));
#5234 = ORIENTED_EDGE('',*,*,#5093,.F.);
#5235 = ORIENTED_EDGE('',*,*,#5236,.F.);
#5236 = EDGE_CURVE('',#2967,#5094,#5237,.T.);
#5237 = LINE('',#5238,#5239);
#5238 = CARTESIAN_POINT('',(-18.5,29.492117676884,129.882449685));
#5239 = VECTOR('',#5240,1.);
#5240 = DIRECTION('',(0.,-1.,0.));
#5241 = ORIENTED_EDGE('',*,*,#2966,.T.);
#5242 = ORIENTED_EDGE('',*,*,#5217,.F.);
#5243 = PLANE('',#5244);
#5244 = AXIS2_PLACEMENT_3D('',#5245,#5246,#5247);
#5245 = CARTESIAN_POINT('',(-18.5,29.492117676884,85.882449685007));
#5246 = DIRECTION('',(-1.,0.,0.));
#5247 = DIRECTION('',(0.,1.,0.));
#5248 = ADVANCED_FACE('',(#5249),#5262,.T.);
#5249 = FACE_BOUND('',#5250,.T.);
#5250 = EDGE_LOOP('',(#5251,#5252,#5258,#5259,#5260,#5261));
#5251 = ORIENTED_EDGE('',*,*,#5125,.F.);
#5252 = ORIENTED_EDGE('',*,*,#5253,.T.);
#5253 = EDGE_CURVE('',#5117,#2923,#5254,.T.);
#5254 = LINE('',#5255,#5256);
#5255 = CARTESIAN_POINT('',(-14.5,22.07335953179,133.882449685));
#5256 = VECTOR('',#5257,1.);
#5257 = DIRECTION('',(0.,1.,0.));
#5258 = ORIENTED_EDGE('',*,*,#2922,.T.);
#5259 = ORIENTED_EDGE('',*,*,#2141,.T.);
#5260 = ORIENTED_EDGE('',*,*,#2974,.T.);
#5261 = ORIENTED_EDGE('',*,*,#5236,.T.);
#5262 = CYLINDRICAL_SURFACE('',#5263,4.);
#5263 = AXIS2_PLACEMENT_3D('',#5264,#5265,#5266);
#5264 = CARTESIAN_POINT('',(-14.5,29.492117676884,129.882449685));
#5265 = DIRECTION('',(-5.222537E-17,-1.,2.806363E-15));
#5266 = DIRECTION('',(-0.707106781187,2.021327221048E-15,0.707106781187)
  );
#5267 = ADVANCED_FACE('',(#5268),#5279,.T.);
#5268 = FACE_BOUND('',#5269,.T.);
#5269 = EDGE_LOOP('',(#5270,#5271,#5277,#5278));
#5270 = ORIENTED_EDGE('',*,*,#5176,.F.);
#5271 = ORIENTED_EDGE('',*,*,#5272,.F.);
#5272 = EDGE_CURVE('',#2932,#4666,#5273,.T.);
#5273 = LINE('',#5274,#5275);
#5274 = CARTESIAN_POINT('',(14.5,29.492117676884,133.882449685));
#5275 = VECTOR('',#5276,1.);
#5276 = DIRECTION('',(0.,-1.,0.));
#5277 = ORIENTED_EDGE('',*,*,#2931,.T.);
#5278 = ORIENTED_EDGE('',*,*,#5253,.F.);
#5279 = PLANE('',#5280);
#5280 = AXIS2_PLACEMENT_3D('',#5281,#5282,#5283);
#5281 = CARTESIAN_POINT('',(-18.5,29.492117676884,133.882449685));
#5282 = DIRECTION('',(0.,0.,1.));
#5283 = DIRECTION('',(0.,1.,0.));
#5284 = ADVANCED_FACE('',(#5285),#5298,.T.);
#5285 = FACE_BOUND('',#5286,.T.);
#5286 = EDGE_LOOP('',(#5287,#5288,#5294,#5295,#5296,#5297));
#5287 = ORIENTED_EDGE('',*,*,#4665,.F.);
#5288 = ORIENTED_EDGE('',*,*,#5289,.T.);
#5289 = EDGE_CURVE('',#4657,#2888,#5290,.T.);
#5290 = LINE('',#5291,#5292);
#5291 = CARTESIAN_POINT('',(18.5,17.689501198804,129.882449685));
#5292 = VECTOR('',#5293,1.);
#5293 = DIRECTION('',(0.,1.,0.));
#5294 = ORIENTED_EDGE('',*,*,#2887,.T.);
#5295 = ORIENTED_EDGE('',*,*,#2039,.T.);
#5296 = ORIENTED_EDGE('',*,*,#2939,.T.);
#5297 = ORIENTED_EDGE('',*,*,#5272,.T.);
#5298 = CYLINDRICAL_SURFACE('',#5299,4.);
#5299 = AXIS2_PLACEMENT_3D('',#5300,#5301,#5302);
#5300 = CARTESIAN_POINT('',(14.5,29.492117676884,129.882449685));
#5301 = DIRECTION('',(-5.222537E-17,-1.,2.806363E-15));
#5302 = DIRECTION('',(0.707106781187,1.947469394494E-15,0.707106781187)
  );
#5303 = ADVANCED_FACE('',(#5304),#5336,.F.);
#5304 = FACE_BOUND('',#5305,.F.);
#5305 = EDGE_LOOP('',(#5306,#5307,#5317,#5326,#5335));
#5306 = ORIENTED_EDGE('',*,*,#4297,.F.);
#5307 = ORIENTED_EDGE('',*,*,#5308,.T.);
#5308 = EDGE_CURVE('',#4248,#5309,#5311,.T.);
#5309 = VERTEX_POINT('',#5310);
#5310 = CARTESIAN_POINT('',(31.194592710667,11.487943954315,
    129.7820128312));
#5311 = B_SPLINE_CURVE_WITH_KNOTS('',3,(#5312,#5313,#5314,#5315,#5316),
  .UNSPECIFIED.,.F.,.F.,(4,1,4),(-0.592328512483,-0.253855076779,0.),
  .UNSPECIFIED.);
#5312 = CARTESIAN_POINT('',(31.194592710668,16.074950164224,
    121.45700474694));
#5313 = CARTESIAN_POINT('',(31.264822410453,16.062566773305,
    123.33058958364));
#5314 = CARTESIAN_POINT('',(31.322171738286,15.072891072467,
    126.64976730391));
#5315 = CARTESIAN_POINT('',(31.247003286738,12.670895515816,
    129.02350275172));
#5316 = CARTESIAN_POINT('',(31.194592710668,11.487943954315,
    129.7820128312));
#5317 = ORIENTED_EDGE('',*,*,#5318,.F.);
#5318 = EDGE_CURVE('',#5319,#5309,#5321,.T.);
#5319 = VERTEX_POINT('',#5320);
#5320 = CARTESIAN_POINT('',(24.113969055508,13.214357307972,
    130.12369865025));
#5321 = B_SPLINE_CURVE_WITH_KNOTS('',3,(#5322,#5323,#5324,#5325),
  .UNSPECIFIED.,.F.,.F.,(4,4),(-2.080326884143,-1.358298729467),
  .PIECEWISE_BEZIER_KNOTS.);
#5322 = CARTESIAN_POINT('',(24.114030473712,13.214598788105,
    130.1237886872));
#5323 = CARTESIAN_POINT('',(26.474873263634,12.655655511067,
    130.01244522498));
#5324 = CARTESIAN_POINT('',(28.835102829659,12.08176207107,
    129.89890061164));
#5325 = CARTESIAN_POINT('',(31.194592710668,11.487943954315,
    129.7820128312));
#5326 = ORIENTED_EDGE('',*,*,#5327,.T.);
#5327 = EDGE_CURVE('',#5319,#4750,#5328,.T.);
#5328 = B_SPLINE_CURVE_WITH_KNOTS('',3,(#5329,#5330,#5331,#5332,#5333,
    #5334),.UNSPECIFIED.,.F.,.F.,(4,1,1,4),(0.,0.432148500141,
    0.720247500235,1.008346500329),.UNSPECIFIED.);
#5329 = CARTESIAN_POINT('',(24.113969055508,13.214357307972,
    130.12369865025));
#5330 = CARTESIAN_POINT('',(23.418889339555,14.03986252441,
    129.68254606138));
#5331 = CARTESIAN_POINT('',(22.185744289836,15.317299355238,
    128.79936877269));
#5332 = CARTESIAN_POINT('',(20.512200566991,16.769682871376,
    127.25048560291));
#5333 = CARTESIAN_POINT('',(19.658104011574,17.427810184102,
    126.17777215739));
#5334 = CARTESIAN_POINT('',(19.309111714502,17.688481098643,
    125.59526832768));
#5335 = ORIENTED_EDGE('',*,*,#4807,.T.);
#5336 = B_SPLINE_SURFACE_WITH_KNOTS('',3,3,(
    (#5337,#5338,#5339,#5340)
    ,(#5341,#5342,#5343,#5344)
    ,(#5345,#5346,#5347,#5348)
    ,(#5349,#5350,#5351,#5352)
    ,(#5353,#5354,#5355,#5356
  )),.UNSPECIFIED.,.F.,.F.,.F.,(4,1,4),(4,4),(0.,0.571428571429,1.),(
    1.358298729467,2.587651495407),.UNSPECIFIED.);
#5337 = CARTESIAN_POINT('',(31.194592710668,16.074950164224,
    121.45700474694));
#5338 = CARTESIAN_POINT('',(27.177234948867,16.783318728788,
    121.8473095937));
#5339 = CARTESIAN_POINT('',(23.15773285717,17.492065396568,
    122.21301426176));
#5340 = CARTESIAN_POINT('',(19.136710636181,18.201080104157,
    122.561292889));
#5341 = CARTESIAN_POINT('',(31.371556603977,16.043746655222,
    123.3351030112));
#5342 = CARTESIAN_POINT('',(27.34012817591,16.753822263906,
    123.65831796107));
#5343 = CARTESIAN_POINT('',(23.310131766017,17.465626930293,
    123.96798530987));
#5344 = CARTESIAN_POINT('',(19.279921874415,18.175828098916,
    124.26613369149));
#5345 = CARTESIAN_POINT('',(31.513902812932,15.043166975678,
    126.61621737447));
#5346 = CARTESIAN_POINT('',(27.470783050494,15.828380352682,
    126.82377046801));
#5347 = CARTESIAN_POINT('',(23.431419681746,16.596908423665,
    127.03488845953));
#5348 = CARTESIAN_POINT('',(19.393706308669,17.357282875267,
    127.24619120799));
#5349 = CARTESIAN_POINT('',(31.327315630649,12.666170311138,
    129.00973684523));
#5350 = CARTESIAN_POINT('',(27.299515764738,13.607810066998,
    129.19408866544));
#5351 = CARTESIAN_POINT('',(23.271972339888,14.503199389897,
    129.37713820174));
#5352 = CARTESIAN_POINT('',(19.244119064857,15.372792248443,
    129.55910778439));
#5353 = CARTESIAN_POINT('',(31.194592710668,11.487943954315,
    129.7820128312));
#5354 = CARTESIAN_POINT('',(27.177234948867,12.499001403489,
    129.98103043911));
#5355 = CARTESIAN_POINT('',(23.15773285717,13.452297671653,
    130.17035628228));
#5356 = CARTESIAN_POINT('',(19.136710636181,14.372386507691,
    130.35562724791));
#5357 = ADVANCED_FACE('',(#5358),#5370,.T.);
#5358 = FACE_BOUND('',#5359,.T.);
#5359 = EDGE_LOOP('',(#5360,#5361,#5362,#5369));
#5360 = ORIENTED_EDGE('',*,*,#4769,.F.);
#5361 = ORIENTED_EDGE('',*,*,#4366,.T.);
#5362 = ORIENTED_EDGE('',*,*,#5363,.F.);
#5363 = EDGE_CURVE('',#5319,#4357,#5364,.T.);
#5364 = CIRCLE('',#5365,4.);
#5365 = AXIS2_PLACEMENT_3D('',#5366,#5367,#5368);
#5366 = CARTESIAN_POINT('',(24.808561766176,15.509949181261,
    133.32491699919));
#5367 = DIRECTION('',(-0.462982283159,0.76481911287,-0.447994564777));
#5368 = DIRECTION('',(-0.173648177667,-0.573897968322,-0.800304587234));
#5369 = ORIENTED_EDGE('',*,*,#5327,.T.);
#5370 = B_SPLINE_SURFACE_WITH_KNOTS('',3,3,(
    (#5371,#5372,#5373,#5374,#5375,#5376)
    ,(#5377,#5378,#5379,#5380,#5381,#5382)
    ,(#5383,#5384,#5385,#5386,#5387,#5388)
    ,(#5389,#5390,#5391,#5392,#5393,#5394)
    ,(#5395,#5396,#5397,#5398,#5399,#5400
    )),.UNSPECIFIED.,.F.,.F.,.F.,(4,1,4),(4,1,1,4),(0.,0.571428571429,1.
    ),(0.,0.432148500141,0.720247500235,1.008346500329),.UNSPECIFIED.);
#5371 = CARTESIAN_POINT('',(21.386691177738,13.438524146174,
    133.32491699919));
#5372 = CARTESIAN_POINT('',(20.811756984465,14.388281136133,
    132.67958306839));
#5373 = CARTESIAN_POINT('',(19.778593920768,15.849766110088,
    131.39586236799));
#5374 = CARTESIAN_POINT('',(18.351604595644,17.498115282882,
    129.1669054159));
#5375 = CARTESIAN_POINT('',(17.611085126213,18.241221486658,
    127.63583121306));
#5376 = CARTESIAN_POINT('',(17.304021428015,18.535699428266,
    126.80885850315));
#5377 = CARTESIAN_POINT('',(21.582679889682,13.114762485623,
    132.56964353398));
#5378 = CARTESIAN_POINT('',(21.034984836182,14.053510087945,
    131.99306040098));
#5379 = CARTESIAN_POINT('',(20.037284169417,15.516230791524,
    130.82753416339));
#5380 = CARTESIAN_POINT('',(18.639208387962,17.188920714417,
    128.76662169477));
#5381 = CARTESIAN_POINT('',(17.906811981512,17.947724765923,
    127.33660681005));
#5382 = CARTESIAN_POINT('',(17.603205803703,18.248777855866,
    126.56147615302));
#5383 = CARTESIAN_POINT('',(22.339664624149,12.80093635966,
    131.25156785548));
#5384 = CARTESIAN_POINT('',(21.774946784675,13.706311600251,
    130.7932812494));
#5385 = CARTESIAN_POINT('',(20.746741499073,15.138964712381,
    129.83388262669));
#5386 = CARTESIAN_POINT('',(19.301233663523,16.798588749327,
    128.06583081575));
#5387 = CARTESIAN_POINT('',(18.546032091708,17.557607482046,
    126.81318692346));
#5388 = CARTESIAN_POINT('',(18.233733076315,17.8585006392,
    126.12868499307));
#5389 = CARTESIAN_POINT('',(23.563255488327,13.028883481314,
    130.37619434111));
#5390 = CARTESIAN_POINT('',(22.908733658613,13.878495526737,
    129.94609613863));
#5391 = CARTESIAN_POINT('',(21.740195383961,15.207881545983,
    129.06388599428));
#5392 = CARTESIAN_POINT('',(20.139372153249,16.735433624709,
    127.47260869195));
#5393 = CARTESIAN_POINT('',(19.317058287509,17.431339636925,
    126.35453083497));
#5394 = CARTESIAN_POINT('',(18.97991118488,17.707199879031,
    125.74479375519));
#5395 = CARTESIAN_POINT('',(24.113969055508,13.214357307972,
    130.12369865025));
#5396 = CARTESIAN_POINT('',(23.418889339555,14.03986252441,
    129.68254606138));
#5397 = CARTESIAN_POINT('',(22.185744289836,15.317299355238,
    128.79936877269));
#5398 = CARTESIAN_POINT('',(20.512200566991,16.769682871376,
    127.25048560291));
#5399 = CARTESIAN_POINT('',(19.658104011574,17.427810184102,
    126.17777215739));
#5400 = CARTESIAN_POINT('',(19.309111714502,17.688481098643,
    125.59526832768));
#5401 = ADVANCED_FACE('',(#5402),#5417,.T.);
#5402 = FACE_BOUND('',#5403,.T.);
#5403 = EDGE_LOOP('',(#5404,#5405,#5406,#5407,#5408,#5409,#5415,#5416));
#5404 = ORIENTED_EDGE('',*,*,#4974,.F.);
#5405 = ORIENTED_EDGE('',*,*,#5202,.T.);
#5406 = ORIENTED_EDGE('',*,*,#2854,.T.);
#5407 = ORIENTED_EDGE('',*,*,#2073,.T.);
#5408 = ORIENTED_EDGE('',*,*,#2904,.T.);
#5409 = ORIENTED_EDGE('',*,*,#5410,.T.);
#5410 = EDGE_CURVE('',#2897,#4857,#5411,.T.);
#5411 = LINE('',#5412,#5413);
#5412 = CARTESIAN_POINT('',(18.5,29.492117676884,89.882449685008));
#5413 = VECTOR('',#5414,1.);
#5414 = DIRECTION('',(0.,-1.,0.));
#5415 = ORIENTED_EDGE('',*,*,#4888,.F.);
#5416 = ORIENTED_EDGE('',*,*,#4930,.F.);
#5417 = CYLINDRICAL_SURFACE('',#5418,4.);
#5418 = AXIS2_PLACEMENT_3D('',#5419,#5420,#5421);
#5419 = CARTESIAN_POINT('',(14.5,29.492117676884,89.882449685008));
#5420 = DIRECTION('',(-5.222537E-17,-1.,2.806363E-15));
#5421 = DIRECTION('',(0.707106781187,-2.021327221048E-15,-0.707106781187
    ));
#5422 = ADVANCED_FACE('',(#5423),#5439,.F.);
#5423 = FACE_BOUND('',#5424,.F.);
#5424 = EDGE_LOOP('',(#5425,#5431,#5432,#5438));
#5425 = ORIENTED_EDGE('',*,*,#5426,.F.);
#5426 = EDGE_CURVE('',#4548,#3253,#5427,.T.);
#5427 = LINE('',#5428,#5429);
#5428 = CARTESIAN_POINT('',(-29.,7.992117676884,67.382449685008));
#5429 = VECTOR('',#5430,1.);
#5430 = DIRECTION('',(0.,0.,1.));
#5431 = ORIENTED_EDGE('',*,*,#4555,.F.);
#5432 = ORIENTED_EDGE('',*,*,#5433,.F.);
#5433 = EDGE_CURVE('',#3245,#4556,#5434,.T.);
#5434 = LINE('',#5435,#5436);
#5435 = CARTESIAN_POINT('',(-31.,5.992117676884,69.382449685008));
#5436 = VECTOR('',#5437,1.);
#5437 = DIRECTION('',(0.,0.,-1.));
#5438 = ORIENTED_EDGE('',*,*,#3252,.T.);
#5439 = CYLINDRICAL_SURFACE('',#5440,2.);
#5440 = AXIS2_PLACEMENT_3D('',#5441,#5442,#5443);
#5441 = CARTESIAN_POINT('',(-29.,5.992117676884,67.382449685008));
#5442 = DIRECTION('',(2.147809E-17,3.361475E-15,1.));
#5443 = DIRECTION('',(-0.707106781187,0.707106781187,-2.361734464203E-15
    ));
#5444 = ADVANCED_FACE('',(#5445),#5456,.F.);
#5445 = FACE_BOUND('',#5446,.T.);
#5446 = EDGE_LOOP('',(#5447,#5448,#5449,#5455));
#5447 = ORIENTED_EDGE('',*,*,#5426,.F.);
#5448 = ORIENTED_EDGE('',*,*,#4547,.F.);
#5449 = ORIENTED_EDGE('',*,*,#5450,.F.);
#5450 = EDGE_CURVE('',#3262,#4539,#5451,.T.);
#5451 = LINE('',#5452,#5453);
#5452 = CARTESIAN_POINT('',(-20.94636006565,7.992117676884,
    69.382449685008));
#5453 = VECTOR('',#5454,1.);
#5454 = DIRECTION('',(0.,0.,-1.));
#5455 = ORIENTED_EDGE('',*,*,#3261,.F.);
#5456 = PLANE('',#5457);
#5457 = AXIS2_PLACEMENT_3D('',#5458,#5459,#5460);
#5458 = CARTESIAN_POINT('',(-31.,7.992117676884,67.382449685008));
#5459 = DIRECTION('',(0.,1.,0.));
#5460 = DIRECTION('',(1.,0.,0.));
#5461 = ADVANCED_FACE('',(#5462),#5478,.F.);
#5462 = FACE_BOUND('',#5463,.F.);
#5463 = EDGE_LOOP('',(#5464,#5470,#5471,#5477));
#5464 = ORIENTED_EDGE('',*,*,#5465,.F.);
#5465 = EDGE_CURVE('',#4565,#3236,#5466,.T.);
#5466 = LINE('',#5467,#5468);
#5467 = CARTESIAN_POINT('',(-31.,-5.007882323116,67.382449685008));
#5468 = VECTOR('',#5469,1.);
#5469 = DIRECTION('',(0.,0.,1.));
#5470 = ORIENTED_EDGE('',*,*,#4572,.F.);
#5471 = ORIENTED_EDGE('',*,*,#5472,.F.);
#5472 = EDGE_CURVE('',#3228,#4573,#5473,.T.);
#5473 = LINE('',#5474,#5475);
#5474 = CARTESIAN_POINT('',(-29.,-7.007882323116,69.382449685008));
#5475 = VECTOR('',#5476,1.);
#5476 = DIRECTION('',(0.,0.,-1.));
#5477 = ORIENTED_EDGE('',*,*,#3235,.T.);
#5478 = CYLINDRICAL_SURFACE('',#5479,2.);
#5479 = AXIS2_PLACEMENT_3D('',#5480,#5481,#5482);
#5480 = CARTESIAN_POINT('',(-29.,-5.007882323116,67.382449685008));
#5481 = DIRECTION('',(2.147809E-17,3.361475E-15,1.));
#5482 = DIRECTION('',(-0.707106781187,-0.707106781187,2.392109070375E-15
    ));
#5483 = ADVANCED_FACE('',(#5484),#5490,.F.);
#5484 = FACE_BOUND('',#5485,.T.);
#5485 = EDGE_LOOP('',(#5486,#5487,#5488,#5489));
#5486 = ORIENTED_EDGE('',*,*,#5433,.F.);
#5487 = ORIENTED_EDGE('',*,*,#3244,.F.);
#5488 = ORIENTED_EDGE('',*,*,#5465,.F.);
#5489 = ORIENTED_EDGE('',*,*,#4564,.F.);
#5490 = PLANE('',#5491);
#5491 = AXIS2_PLACEMENT_3D('',#5492,#5493,#5494);
#5492 = CARTESIAN_POINT('',(-31.,-7.007882323116,67.382449685008));
#5493 = DIRECTION('',(-1.,0.,0.));
#5494 = DIRECTION('',(0.,1.,0.));
#5495 = ADVANCED_FACE('',(#5496),#5512,.T.);
#5496 = FACE_BOUND('',#5497,.T.);
#5497 = EDGE_LOOP('',(#5498,#5499,#5505,#5506));
#5498 = ORIENTED_EDGE('',*,*,#4589,.T.);
#5499 = ORIENTED_EDGE('',*,*,#5500,.T.);
#5500 = EDGE_CURVE('',#4582,#3219,#5501,.T.);
#5501 = LINE('',#5502,#5503);
#5502 = CARTESIAN_POINT('',(-20.94636006565,-7.007882323116,
    67.382449685008));
#5503 = VECTOR('',#5504,1.);
#5504 = DIRECTION('',(0.,0.,1.));
#5505 = ORIENTED_EDGE('',*,*,#3218,.F.);
#5506 = ORIENTED_EDGE('',*,*,#5507,.T.);
#5507 = EDGE_CURVE('',#3210,#4590,#5508,.T.);
#5508 = LINE('',#5509,#5510);
#5509 = CARTESIAN_POINT('',(-19.12493745124,-8.181795366594,
    69.382449685008));
#5510 = VECTOR('',#5511,1.);
#5511 = DIRECTION('',(0.,0.,-1.));
#5512 = CYLINDRICAL_SURFACE('',#5513,2.);
#5513 = AXIS2_PLACEMENT_3D('',#5514,#5515,#5516);
#5514 = CARTESIAN_POINT('',(-20.94636006565,-9.007882323116,
    67.382449685008));
#5515 = DIRECTION('',(2.147809E-17,3.361475E-15,1.));
#5516 = DIRECTION('',(0.541736338886,0.840548475182,-2.837118147455E-15)
  );
#5517 = ADVANCED_FACE('',(#5518),#5524,.F.);
#5518 = FACE_BOUND('',#5519,.T.);
#5519 = EDGE_LOOP('',(#5520,#5521,#5522,#5523));
#5520 = ORIENTED_EDGE('',*,*,#5472,.F.);
#5521 = ORIENTED_EDGE('',*,*,#3227,.F.);
#5522 = ORIENTED_EDGE('',*,*,#5500,.F.);
#5523 = ORIENTED_EDGE('',*,*,#4581,.F.);
#5524 = PLANE('',#5525);
#5525 = AXIS2_PLACEMENT_3D('',#5526,#5527,#5528);
#5526 = CARTESIAN_POINT('',(-19.61504524593,-7.007882323116,
    67.382449685008));
#5527 = DIRECTION('',(0.,-1.,0.));
#5528 = DIRECTION('',(-1.,0.,0.));
#5529 = ADVANCED_FACE('',(#5530),#5536,.T.);
#5530 = FACE_BOUND('',#5531,.T.);
#5531 = EDGE_LOOP('',(#5532,#5533,#5534,#5535));
#5532 = ORIENTED_EDGE('',*,*,#4538,.T.);
#5533 = ORIENTED_EDGE('',*,*,#3370,.T.);
#5534 = ORIENTED_EDGE('',*,*,#3269,.F.);
#5535 = ORIENTED_EDGE('',*,*,#5450,.T.);
#5536 = CYLINDRICAL_SURFACE('',#5537,2.);
#5537 = AXIS2_PLACEMENT_3D('',#5538,#5539,#5540);
#5538 = CARTESIAN_POINT('',(-20.94636006565,9.992117676884,
    67.382449685008));
#5539 = DIRECTION('',(2.147809E-17,3.361475E-15,1.));
#5540 = DIRECTION('',(0.541736338886,-0.840548475182,2.813847223769E-15)
  );
#5541 = ADVANCED_FACE('',(#5542),#5558,.T.);
#5542 = FACE_BOUND('',#5543,.T.);
#5543 = EDGE_LOOP('',(#5544,#5545,#5551,#5552));
#5544 = ORIENTED_EDGE('',*,*,#4607,.T.);
#5545 = ORIENTED_EDGE('',*,*,#5546,.T.);
#5546 = EDGE_CURVE('',#4599,#3201,#5547,.T.);
#5547 = LINE('',#5548,#5549);
#5548 = CARTESIAN_POINT('',(17.91520670771,-10.46440406224,
    67.382449685008));
#5549 = VECTOR('',#5550,1.);
#5550 = DIRECTION('',(0.,0.,1.));
#5551 = ORIENTED_EDGE('',*,*,#3200,.F.);
#5552 = ORIENTED_EDGE('',*,*,#5553,.T.);
#5553 = EDGE_CURVE('',#3193,#4608,#5554,.T.);
#5554 = LINE('',#5555,#5556);
#5555 = CARTESIAN_POINT('',(19.621416870349,-9.507882323116,
    69.382449685008));
#5556 = VECTOR('',#5557,1.);
#5557 = DIRECTION('',(0.,0.,-1.));
#5558 = CYLINDRICAL_SURFACE('',#5559,2.);
#5559 = AXIS2_PLACEMENT_3D('',#5560,#5561,#5562);
#5560 = CARTESIAN_POINT('',(19.621416870349,-11.50788232311,
    67.382449685008));
#5561 = DIRECTION('',(2.147809E-17,3.361475E-15,1.));
#5562 = DIRECTION('',(-0.489009646922,0.872278375989,-2.921638960719E-15
    ));
#5563 = ADVANCED_FACE('',(#5564),#5575,.F.);
#5564 = FACE_BOUND('',#5565,.T.);
#5565 = EDGE_LOOP('',(#5566,#5567,#5568,#5574));
#5566 = ORIENTED_EDGE('',*,*,#5553,.F.);
#5567 = ORIENTED_EDGE('',*,*,#3192,.F.);
#5568 = ORIENTED_EDGE('',*,*,#5569,.F.);
#5569 = EDGE_CURVE('',#4617,#3184,#5570,.T.);
#5570 = LINE('',#5571,#5572);
#5571 = CARTESIAN_POINT('',(27.5,-9.507882323116,67.382449685008));
#5572 = VECTOR('',#5573,1.);
#5573 = DIRECTION('',(0.,0.,1.));
#5574 = ORIENTED_EDGE('',*,*,#4616,.F.);
#5575 = PLANE('',#5576);
#5576 = AXIS2_PLACEMENT_3D('',#5577,#5578,#5579);
#5577 = CARTESIAN_POINT('',(29.5,-9.507882323116,67.382449685008));
#5578 = DIRECTION('',(0.,-1.,0.));
#5579 = DIRECTION('',(-1.,0.,0.));
#5580 = ADVANCED_FACE('',(#5581),#5592,.F.);
#5581 = FACE_BOUND('',#5582,.F.);
#5582 = EDGE_LOOP('',(#5583,#5584,#5585,#5591));
#5583 = ORIENTED_EDGE('',*,*,#5569,.F.);
#5584 = ORIENTED_EDGE('',*,*,#4624,.F.);
#5585 = ORIENTED_EDGE('',*,*,#5586,.F.);
#5586 = EDGE_CURVE('',#3176,#4625,#5587,.T.);
#5587 = LINE('',#5588,#5589);
#5588 = CARTESIAN_POINT('',(29.5,-7.507882323116,69.382449685008));
#5589 = VECTOR('',#5590,1.);
#5590 = DIRECTION('',(0.,0.,-1.));
#5591 = ORIENTED_EDGE('',*,*,#3183,.T.);
#5592 = CYLINDRICAL_SURFACE('',#5593,2.);
#5593 = AXIS2_PLACEMENT_3D('',#5594,#5595,#5596);
#5594 = CARTESIAN_POINT('',(27.5,-7.507882323116,67.382449685008));
#5595 = DIRECTION('',(2.147809E-17,3.361475E-15,1.));
#5596 = DIRECTION('',(0.707106781187,-0.707106781187,2.361734464203E-15)
  );
#5597 = ADVANCED_FACE('',(#5598),#5614,.F.);
#5598 = FACE_BOUND('',#5599,.F.);
#5599 = EDGE_LOOP('',(#5600,#5606,#5607,#5613));
#5600 = ORIENTED_EDGE('',*,*,#5601,.F.);
#5601 = EDGE_CURVE('',#4634,#3167,#5602,.T.);
#5602 = LINE('',#5603,#5604);
#5603 = CARTESIAN_POINT('',(29.5,8.492117676884,67.382449685008));
#5604 = VECTOR('',#5605,1.);
#5605 = DIRECTION('',(0.,0.,1.));
#5606 = ORIENTED_EDGE('',*,*,#4641,.F.);
#5607 = ORIENTED_EDGE('',*,*,#5608,.F.);
#5608 = EDGE_CURVE('',#3159,#4521,#5609,.T.);
#5609 = LINE('',#5610,#5611);
#5610 = CARTESIAN_POINT('',(27.5,10.492117676884,69.382449685008));
#5611 = VECTOR('',#5612,1.);
#5612 = DIRECTION('',(0.,0.,-1.));
#5613 = ORIENTED_EDGE('',*,*,#3166,.T.);
#5614 = CYLINDRICAL_SURFACE('',#5615,2.);
#5615 = AXIS2_PLACEMENT_3D('',#5616,#5617,#5618);
#5616 = CARTESIAN_POINT('',(27.5,8.492117676884,67.382449685008));
#5617 = DIRECTION('',(2.147809E-17,3.361475E-15,1.));
#5618 = DIRECTION('',(0.707106781187,0.707106781187,-2.392109070375E-15)
  );
#5619 = ADVANCED_FACE('',(#5620),#5626,.F.);
#5620 = FACE_BOUND('',#5621,.T.);
#5621 = EDGE_LOOP('',(#5622,#5623,#5624,#5625));
#5622 = ORIENTED_EDGE('',*,*,#5586,.F.);
#5623 = ORIENTED_EDGE('',*,*,#3175,.F.);
#5624 = ORIENTED_EDGE('',*,*,#5601,.F.);
#5625 = ORIENTED_EDGE('',*,*,#4633,.F.);
#5626 = PLANE('',#5627);
#5627 = AXIS2_PLACEMENT_3D('',#5628,#5629,#5630);
#5628 = CARTESIAN_POINT('',(29.5,10.492117676884,67.382449685008));
#5629 = DIRECTION('',(1.,0.,0.));
#5630 = DIRECTION('',(0.,-1.,0.));
#5631 = ADVANCED_FACE('',(#5632),#5643,.T.);
#5632 = FACE_BOUND('',#5633,.T.);
#5633 = EDGE_LOOP('',(#5634,#5635,#5641,#5642));
#5634 = ORIENTED_EDGE('',*,*,#4530,.T.);
#5635 = ORIENTED_EDGE('',*,*,#5636,.T.);
#5636 = EDGE_CURVE('',#4523,#3150,#5637,.T.);
#5637 = LINE('',#5638,#5639);
#5638 = CARTESIAN_POINT('',(19.621416870349,10.492117676884,
    67.382449685008));
#5639 = VECTOR('',#5640,1.);
#5640 = DIRECTION('',(0.,0.,1.));
#5641 = ORIENTED_EDGE('',*,*,#3149,.F.);
#5642 = ORIENTED_EDGE('',*,*,#3353,.T.);
#5643 = CYLINDRICAL_SURFACE('',#5644,2.);
#5644 = AXIS2_PLACEMENT_3D('',#5645,#5646,#5647);
#5645 = CARTESIAN_POINT('',(19.621416870349,12.492117676884,
    67.382449685008));
#5646 = DIRECTION('',(2.147809E-17,3.361475E-15,1.));
#5647 = DIRECTION('',(-0.489009646922,-0.872278375989,2.942644947134E-15
    ));
#5648 = ADVANCED_FACE('',(#5649),#5655,.F.);
#5649 = FACE_BOUND('',#5650,.T.);
#5650 = EDGE_LOOP('',(#5651,#5652,#5653,#5654));
#5651 = ORIENTED_EDGE('',*,*,#5608,.F.);
#5652 = ORIENTED_EDGE('',*,*,#3158,.F.);
#5653 = ORIENTED_EDGE('',*,*,#5636,.F.);
#5654 = ORIENTED_EDGE('',*,*,#4520,.F.);
#5655 = PLANE('',#5656);
#5656 = AXIS2_PLACEMENT_3D('',#5657,#5658,#5659);
#5657 = CARTESIAN_POINT('',(18.466185312619,10.492117676884,
    67.382449685008));
#5658 = DIRECTION('',(0.,1.,0.));
#5659 = DIRECTION('',(1.,0.,0.));
#5660 = ADVANCED_FACE('',(#5661),#5689,.T.);
#5661 = FACE_BOUND('',#5662,.T.);
#5662 = EDGE_LOOP('',(#5663,#5672,#5673,#5682));
#5663 = ORIENTED_EDGE('',*,*,#5664,.T.);
#5664 = EDGE_CURVE('',#5665,#3529,#5667,.T.);
#5665 = VERTEX_POINT('',#5666);
#5666 = CARTESIAN_POINT('',(-16.02342035952,12.992117676884,
    147.86773105846));
#5667 = CIRCLE('',#5668,4.);
#5668 = AXIS2_PLACEMENT_3D('',#5669,#5670,#5671);
#5669 = CARTESIAN_POINT('',(-16.02342036009,16.992117676884,
    147.86773105846));
#5670 = DIRECTION('',(0.820513330425,1.157645E-10,0.571627391396));
#5671 = DIRECTION('',(1.410859606725E-10,-1.,2.778964687629E-15));
#5672 = ORIENTED_EDGE('',*,*,#3573,.T.);
#5673 = ORIENTED_EDGE('',*,*,#5674,.T.);
#5674 = EDGE_CURVE('',#3565,#5675,#5677,.T.);
#5675 = VERTEX_POINT('',#5676);
#5676 = CARTESIAN_POINT('',(-19.80566296176,12.992117676884,
    145.08955646609));
#5677 = CIRCLE('',#5678,4.000000000034);
#5678 = AXIS2_PLACEMENT_3D('',#5679,#5680,#5681);
#5679 = CARTESIAN_POINT('',(-19.80566296176,16.992117676884,
    145.08955646609));
#5680 = DIRECTION('',(-0.792976216316,-1.609823385706E-15,
    -0.609252591589));
#5681 = DIRECTION('',(0.543278133821,-0.45260233022,-0.70710678118));
#5682 = ORIENTED_EDGE('',*,*,#5683,.T.);
#5683 = EDGE_CURVE('',#5675,#5665,#5684,.T.);
#5684 = B_SPLINE_CURVE_WITH_KNOTS('',3,(#5685,#5686,#5687,#5688),
  .UNSPECIFIED.,.F.,.F.,(4,4),(0.,0.469293225644),
  .PIECEWISE_BEZIER_KNOTS.);
#5685 = CARTESIAN_POINT('',(-19.80566296176,12.992117676884,
    145.08955646609));
#5686 = CARTESIAN_POINT('',(-18.56520174037,12.992117676884,
    146.04261684588));
#5687 = CARTESIAN_POINT('',(-17.30695818509,12.992117676884,
    146.97352818379));
#5688 = CARTESIAN_POINT('',(-16.02342036009,12.992117676884,
    147.86773105846));
#5689 = B_SPLINE_SURFACE_WITH_KNOTS('',3,3,(
    (#5690,#5691,#5692,#5693)
    ,(#5694,#5695,#5696,#5697)
    ,(#5698,#5699,#5700,#5701)
    ,(#5702,#5703,#5704,#5705)
    ,(#5706,#5707,#5708,#5709
  )),.UNSPECIFIED.,.F.,.F.,.F.,(4,1,4),(4,4),(0.,0.571428571429,1.),(0.,
    0.469293225644),.UNSPECIFIED.);
#5690 = CARTESIAN_POINT('',(-17.63255042649,15.18170835602,
    142.26112934135));
#5691 = CARTESIAN_POINT('',(-16.44785136555,15.114774625368,
    143.21418972113));
#5692 = CARTESIAN_POINT('',(-15.25524254745,15.041916358694,
    144.14510105904));
#5693 = CARTESIAN_POINT('',(-14.05293876112,14.963028652679,
    145.03930393371));
#5694 = CARTESIAN_POINT('',(-17.86388868131,14.433610991756,
    142.56222897807));
#5695 = CARTESIAN_POINT('',(-16.68021273238,14.386669606155,
    143.5242973223));
#5696 = CARTESIAN_POINT('',(-15.48710188445,14.335509134968,
    144.46439396883));
#5697 = CARTESIAN_POINT('',(-14.28243643672,14.280967192246,
    145.36872464541));
#5698 = CARTESIAN_POINT('',(-18.52741137969,13.344375294495,
    143.42584076417));
#5699 = CARTESIAN_POINT('',(-17.32934928556,13.33211532548,
    144.39140688372));
#5700 = CARTESIAN_POINT('',(-16.11929453197,13.319028926101,
    145.33568965222));
#5701 = CARTESIAN_POINT('',(-14.89207111964,13.30498650228,
    146.24379360026));
#5702 = CARTESIAN_POINT('',(-19.42231608188,12.992117676884,
    144.59060912874));
#5703 = CARTESIAN_POINT('',(-18.1945516396,12.992164249928,
    145.54739965849));
#5704 = CARTESIAN_POINT('',(-16.95077539744,12.992072384306,
    146.48233294624));
#5705 = CARTESIAN_POINT('',(-15.68410896538,12.992117676884,
    147.38068385485));
#5706 = CARTESIAN_POINT('',(-19.80566296176,12.992117676884,
    145.08955646609));
#5707 = CARTESIAN_POINT('',(-18.56520174037,12.992117676884,
    146.04261684588));
#5708 = CARTESIAN_POINT('',(-17.30695818509,12.992117676884,
    146.97352818379));
#5709 = CARTESIAN_POINT('',(-16.02342036009,12.992117676884,
    147.86773105846));
#5710 = ADVANCED_FACE('',(#5711),#5747,.T.);
#5711 = FACE_BOUND('',#5712,.T.);
#5712 = EDGE_LOOP('',(#5713,#5728,#5737,#5738));
#5713 = ORIENTED_EDGE('',*,*,#5714,.F.);
#5714 = EDGE_CURVE('',#5715,#4340,#5717,.T.);
#5715 = VERTEX_POINT('',#5716);
#5716 = CARTESIAN_POINT('',(-23.21308489032,12.992117676884,
    133.96856618179));
#5717 = B_SPLINE_CURVE_WITH_KNOTS('',3,(#5718,#5719,#5720,#5721,#5722,
    #5723,#5724,#5725,#5726,#5727),.UNSPECIFIED.,.F.,.F.,(4,2,2,2,4),(0.
    ,0.134044142903,0.303864104278,0.502671715989,0.504419257712),
  .UNSPECIFIED.);
#5718 = CARTESIAN_POINT('',(-23.21308489032,12.992117676884,
    133.96856618179));
#5719 = CARTESIAN_POINT('',(-23.11733527898,12.992117676884,
    134.40500013148));
#5720 = CARTESIAN_POINT('',(-22.95148555234,13.016019758226,
    134.8262973774));
#5721 = CARTESIAN_POINT('',(-22.47845157979,13.161900300972,
    135.71665599844));
#5722 = CARTESIAN_POINT('',(-22.15336778379,13.306451632001,
    136.15441793984));
#5723 = CARTESIAN_POINT('',(-21.43486321948,13.76258069526,
    136.91683363369));
#5724 = CARTESIAN_POINT('',(-20.95816216086,14.144786220211,
    137.30454496301));
#5725 = CARTESIAN_POINT('',(-20.56583888192,14.70644432018,
    137.31135226409));
#5726 = CARTESIAN_POINT('',(-20.56243126751,14.711346067002,
    137.31138187392));
#5727 = CARTESIAN_POINT('',(-20.55903451329,14.716255607919,
    137.31138187314));
#5728 = ORIENTED_EDGE('',*,*,#5729,.T.);
#5729 = EDGE_CURVE('',#5715,#5675,#5730,.T.);
#5730 = B_SPLINE_CURVE_WITH_KNOTS('',3,(#5731,#5732,#5733,#5734,#5735,
    #5736),.UNSPECIFIED.,.F.,.F.,(4,1,1,4),(-1.242971318824,
    -0.710269325041,-0.355134662519,2.668088E-12),.UNSPECIFIED.);
#5731 = CARTESIAN_POINT('',(-23.21308489032,12.992117676884,
    133.96856618179));
#5732 = CARTESIAN_POINT('',(-23.86466849659,12.992117676884,
    135.63353404444));
#5733 = CARTESIAN_POINT('',(-24.11522237658,12.992117676884,
    138.72778558179));
#5734 = CARTESIAN_POINT('',(-22.42302360218,12.992117676884,
    142.62246400846));
#5735 = CARTESIAN_POINT('',(-20.74437409832,12.992117676884,
    144.36833408774));
#5736 = CARTESIAN_POINT('',(-19.80566296176,12.992117676884,
    145.08955646609));
#5737 = ORIENTED_EDGE('',*,*,#5674,.F.);
#5738 = ORIENTED_EDGE('',*,*,#5739,.T.);
#5739 = EDGE_CURVE('',#3565,#4340,#5740,.T.);
#5740 = B_SPLINE_CURVE_WITH_KNOTS('',3,(#5741,#5742,#5743,#5744,#5745,
    #5746),.UNSPECIFIED.,.F.,.F.,(4,1,1,4),(-2.668088E-12,0.355134662519
    ,0.710269325041,0.903000489286),.UNSPECIFIED.);
#5741 = CARTESIAN_POINT('',(-17.63255042646,15.181708355997,
    142.26112934138));
#5742 = CARTESIAN_POINT('',(-18.32756451866,15.064491888907,
    141.80216964607));
#5743 = CARTESIAN_POINT('',(-19.54619629676,14.868054377868,
    140.69116141379));
#5744 = CARTESIAN_POINT('',(-20.4196889815,14.737147489194,
    138.89061700267));
#5745 = CARTESIAN_POINT('',(-20.55535423924,14.716522697768,
    137.72251038991));
#5746 = CARTESIAN_POINT('',(-20.55494006409,14.716529695072,
    137.31138387451));
#5747 = B_SPLINE_SURFACE_WITH_KNOTS('',3,3,(
    (#5748,#5749,#5750,#5751,#5752,#5753)
    ,(#5754,#5755,#5756,#5757,#5758,#5759)
    ,(#5760,#5761,#5762,#5763,#5764,#5765)
    ,(#5766,#5767,#5768,#5769,#5770,#5771)
    ,(#5772,#5773,#5774,#5775,#5776,#5777
    )),.UNSPECIFIED.,.F.,.F.,.F.,(4,1,4),(4,1,1,4),(0.,0.571428571429,1.
    ),(-1.242971318824,-0.710269325041,-0.355134662519,2.668088E-12),
  .UNSPECIFIED.);
#5748 = CARTESIAN_POINT('',(-20.10698481307,14.78428310786,
    135.1841355241));
#5749 = CARTESIAN_POINT('',(-20.57189424098,14.71356716725,
    136.2436605276));
#5750 = CARTESIAN_POINT('',(-20.74855041197,14.68786232926,
    138.21272968773));
#5751 = CARTESIAN_POINT('',(-19.54619629676,14.868054377868,
    140.69116141379));
#5752 = CARTESIAN_POINT('',(-18.32756451866,15.064491888907,
    141.80216964607));
#5753 = CARTESIAN_POINT('',(-17.63255042646,15.181708355997,
    142.26112934138));
#5754 = CARTESIAN_POINT('',(-20.49315427915,14.1577930414,
    135.03300846695));
#5755 = CARTESIAN_POINT('',(-20.99079707306,14.109450189703,
    136.16378418308));
#5756 = CARTESIAN_POINT('',(-21.18093773649,14.092360325921,
    138.28221405534));
#5757 = CARTESIAN_POINT('',(-19.8916376787,14.215206182103,
    140.92823020148));
#5758 = CARTESIAN_POINT('',(-18.59679806902,14.351405751917,
    142.09130551928));
#5759 = CARTESIAN_POINT('',(-17.86388868129,14.43361099174,
    142.5622289781));
#5760 = CARTESIAN_POINT('',(-21.46359622559,13.273601697995,
    134.65322692442));
#5761 = CARTESIAN_POINT('',(-22.02312087084,13.261295625936,
    135.97213341452));
#5762 = CARTESIAN_POINT('',(-22.23780125455,13.256823102401,
    138.44405485968));
#5763 = CARTESIAN_POINT('',(-20.78579722422,13.287968303656,
    141.53033011906));
#5764 = CARTESIAN_POINT('',(-19.33964333971,13.32290530395,
    142.88074189825));
#5765 = CARTESIAN_POINT('',(-18.52741139755,13.344375349629,
    143.42584078746));
#5766 = CARTESIAN_POINT('',(-22.68835880147,12.992117676884,
    134.17391724288));
#5767 = CARTESIAN_POINT('',(-23.31231905934,12.992152028721,
    135.73511930207));
#5768 = CARTESIAN_POINT('',(-23.55210346639,12.992275568173,
    138.64262618286));
#5769 = CARTESIAN_POINT('',(-21.93197804784,12.992209792887,
    142.29489415227));
#5770 = CARTESIAN_POINT('',(-20.32308233988,12.992199237072,
    143.9221559891));
#5771 = CARTESIAN_POINT('',(-19.42231608188,12.992117676884,
    144.59060912875));
#5772 = CARTESIAN_POINT('',(-23.21308489032,12.992117676884,
    133.96856618179));
#5773 = CARTESIAN_POINT('',(-23.86466849659,12.992117676884,
    135.63353404444));
#5774 = CARTESIAN_POINT('',(-24.11522237658,12.992117676884,
    138.72778558179));
#5775 = CARTESIAN_POINT('',(-22.42302360218,12.992117676884,
    142.62246400846));
#5776 = CARTESIAN_POINT('',(-20.74437409832,12.992117676884,
    144.36833408774));
#5777 = CARTESIAN_POINT('',(-19.80566296176,12.992117676884,
    145.08955646609));
#5778 = ADVANCED_FACE('',(#5779),#5790,.F.);
#5779 = FACE_BOUND('',#5780,.F.);
#5780 = EDGE_LOOP('',(#5781,#5788,#5789));
#5781 = ORIENTED_EDGE('',*,*,#5782,.F.);
#5782 = EDGE_CURVE('',#5665,#3465,#5783,.T.);
#5783 = CIRCLE('',#5784,4.);
#5784 = AXIS2_PLACEMENT_3D('',#5785,#5786,#5787);
#5785 = CARTESIAN_POINT('',(-16.02342035896,16.992117676884,
    147.86773105846));
#5786 = DIRECTION('',(-9.745202E-16,2.40233E-15,1.));
#5787 = DIRECTION('',(0.375904705778,-0.926658325476,2.592465824096E-15)
  );
#5788 = ORIENTED_EDGE('',*,*,#5664,.T.);
#5789 = ORIENTED_EDGE('',*,*,#3588,.T.);
#5790 = SPHERICAL_SURFACE('',#5791,4.);
#5791 = AXIS2_PLACEMENT_3D('',#5792,#5793,#5794);
#5792 = CARTESIAN_POINT('',(-16.02342035896,16.992117676884,
    147.86773105846));
#5793 = DIRECTION('',(0.,0.,1.));
#5794 = DIRECTION('',(1.,0.,-0.));
#5795 = ADVANCED_FACE('',(#5796),#5824,.T.);
#5796 = FACE_BOUND('',#5797,.T.);
#5797 = EDGE_LOOP('',(#5798,#5807,#5808,#5817));
#5798 = ORIENTED_EDGE('',*,*,#5799,.T.);
#5799 = EDGE_CURVE('',#5800,#3538,#5802,.T.);
#5800 = VERTEX_POINT('',#5801);
#5801 = CARTESIAN_POINT('',(-19.80566296176,-12.00788232311,
    145.08955646609));
#5802 = CIRCLE('',#5803,4.);
#5803 = AXIS2_PLACEMENT_3D('',#5804,#5805,#5806);
#5804 = CARTESIAN_POINT('',(-19.80566296176,-16.00788232311,
    145.08955646609));
#5805 = DIRECTION('',(-0.792976216316,0.,-0.609252591589));
#5806 = DIRECTION('',(0.,1.,0.));
#5807 = ORIENTED_EDGE('',*,*,#3537,.T.);
#5808 = ORIENTED_EDGE('',*,*,#5809,.T.);
#5809 = EDGE_CURVE('',#3527,#5810,#5812,.T.);
#5810 = VERTEX_POINT('',#5811);
#5811 = CARTESIAN_POINT('',(-16.02342035952,-12.00788232311,
    147.86773105846));
#5812 = CIRCLE('',#5813,4.);
#5813 = AXIS2_PLACEMENT_3D('',#5814,#5815,#5816);
#5814 = CARTESIAN_POINT('',(-16.02342036009,-16.00788232311,
    147.86773105846));
#5815 = DIRECTION('',(0.820513330425,-1.157615392433E-10,0.571627391396)
  );
#5816 = DIRECTION('',(0.492620399741,0.507272256051,-0.707106781187));
#5817 = ORIENTED_EDGE('',*,*,#5818,.T.);
#5818 = EDGE_CURVE('',#5810,#5800,#5819,.T.);
#5819 = B_SPLINE_CURVE_WITH_KNOTS('',3,(#5820,#5821,#5822,#5823),
  .UNSPECIFIED.,.F.,.F.,(4,4),(0.,0.469293225644),
  .PIECEWISE_BEZIER_KNOTS.);
#5820 = CARTESIAN_POINT('',(-16.02342036009,-12.00788232311,
    147.86773105846));
#5821 = CARTESIAN_POINT('',(-17.30695818509,-12.00788232311,
    146.97352818379));
#5822 = CARTESIAN_POINT('',(-18.56520174037,-12.00788232311,
    146.04261684588));
#5823 = CARTESIAN_POINT('',(-19.80566296176,-12.00788232311,
    145.08955646609));
#5824 = B_SPLINE_SURFACE_WITH_KNOTS('',3,3,(
    (#5825,#5826,#5827,#5828)
    ,(#5829,#5830,#5831,#5832)
    ,(#5833,#5834,#5835,#5836)
    ,(#5837,#5838,#5839,#5840)
    ,(#5841,#5842,#5843,#5844
  )),.UNSPECIFIED.,.F.,.F.,.F.,(4,1,4),(4,4),(0.,0.571428571429,1.),(0.,
    0.469293225644),.UNSPECIFIED.);
#5825 = CARTESIAN_POINT('',(-14.05293876112,-13.97879329891,
    145.03930393371));
#5826 = CARTESIAN_POINT('',(-15.25524254745,-14.05768100492,
    144.14510105904));
#5827 = CARTESIAN_POINT('',(-16.44785136555,-14.13053927159,
    143.21418972113));
#5828 = CARTESIAN_POINT('',(-17.63255042649,-14.19747300225,
    142.26112934135));
#5829 = CARTESIAN_POINT('',(-14.28243643672,-13.29673183847,
    145.36872464541));
#5830 = CARTESIAN_POINT('',(-15.48710188445,-13.35127378119,
    144.46439396883));
#5831 = CARTESIAN_POINT('',(-16.68021273238,-13.40243425238,
    143.5242973223));
#5832 = CARTESIAN_POINT('',(-17.86388868131,-13.44937563798,
    142.56222897807));
#5833 = CARTESIAN_POINT('',(-14.89207102601,-12.32075081912,
    146.24379346587));
#5834 = CARTESIAN_POINT('',(-16.11929443834,-12.33479324294,
    145.33568951783));
#5835 = CARTESIAN_POINT('',(-17.32934915336,-12.34787956388,
    144.39140671167));
#5836 = CARTESIAN_POINT('',(-18.5274112475,-12.3601395329,
    143.42584059212));
#5837 = CARTESIAN_POINT('',(-15.68410896538,-12.00788232311,
    147.38068385485));
#5838 = CARTESIAN_POINT('',(-16.95077539744,-12.00783703053,
    146.48233294624));
#5839 = CARTESIAN_POINT('',(-18.1945516396,-12.00792889615,
    145.54739965849));
#5840 = CARTESIAN_POINT('',(-19.42231608188,-12.00788232311,
    144.59060912874));
#5841 = CARTESIAN_POINT('',(-16.02342036009,-12.00788232311,
    147.86773105846));
#5842 = CARTESIAN_POINT('',(-17.30695818509,-12.00788232311,
    146.97352818379));
#5843 = CARTESIAN_POINT('',(-18.56520174037,-12.00788232311,
    146.04261684588));
#5844 = CARTESIAN_POINT('',(-19.80566296176,-12.00788232311,
    145.08955646609));
#5845 = ADVANCED_FACE('',(#5846),#5857,.F.);
#5846 = FACE_BOUND('',#5847,.F.);
#5847 = EDGE_LOOP('',(#5848,#5855,#5856));
#5848 = ORIENTED_EDGE('',*,*,#5849,.F.);
#5849 = EDGE_CURVE('',#3467,#5810,#5850,.T.);
#5850 = CIRCLE('',#5851,4.);
#5851 = AXIS2_PLACEMENT_3D('',#5852,#5853,#5854);
#5852 = CARTESIAN_POINT('',(-16.02342035896,-16.00788232311,
    147.86773105924));
#5853 = DIRECTION('',(9.805901E-16,2.417294E-15,1.));
#5854 = DIRECTION('',(0.375904705778,0.926658325476,-2.608614043252E-15)
  );
#5855 = ORIENTED_EDGE('',*,*,#3596,.T.);
#5856 = ORIENTED_EDGE('',*,*,#5809,.T.);
#5857 = SPHERICAL_SURFACE('',#5858,4.);
#5858 = AXIS2_PLACEMENT_3D('',#5859,#5860,#5861);
#5859 = CARTESIAN_POINT('',(-16.02342035896,-16.00788232311,
    147.86773105924));
#5860 = DIRECTION('',(0.,0.,1.));
#5861 = DIRECTION('',(1.,0.,-0.));
#5862 = ADVANCED_FACE('',(#5863),#5901,.T.);
#5863 = FACE_BOUND('',#5864,.T.);
#5864 = EDGE_LOOP('',(#5865,#5882,#5891,#5892));
#5865 = ORIENTED_EDGE('',*,*,#5866,.F.);
#5866 = EDGE_CURVE('',#5867,#5869,#5871,.T.);
#5867 = VERTEX_POINT('',#5868);
#5868 = CARTESIAN_POINT('',(-20.55903451329,-13.73202025415,
    137.31138187314));
#5869 = VERTEX_POINT('',#5870);
#5870 = CARTESIAN_POINT('',(-23.21308489032,-12.00788232311,
    133.96856618179));
#5871 = B_SPLINE_CURVE_WITH_KNOTS('',3,(#5872,#5873,#5874,#5875,#5876,
    #5877,#5878,#5879,#5880,#5881),.UNSPECIFIED.,.F.,.F.,(4,2,2,2,4),(
    -1.79100787475E-03,0.,0.203750724959,0.377790850438,0.51516609927),
  .UNSPECIFIED.);
#5872 = CARTESIAN_POINT('',(-20.55903451329,-13.73202025415,
    137.31138187314));
#5873 = CARTESIAN_POINT('',(-20.5624312675,-13.72711071325,
    137.31138187344));
#5874 = CARTESIAN_POINT('',(-20.56583888192,-13.72220896641,
    137.31135226385));
#5875 = CARTESIAN_POINT('',(-20.9581587692,-13.16055572201,
    137.30454503262));
#5876 = CARTESIAN_POINT('',(-21.43485830797,-12.77834845947,
    136.91683884536));
#5877 = CARTESIAN_POINT('',(-22.15336778379,-12.32221627823,
    136.15441793984));
#5878 = CARTESIAN_POINT('',(-22.47845157979,-12.1776649472,
    135.71665599844));
#5879 = CARTESIAN_POINT('',(-22.95148555234,-12.03178440445,
    134.8262973774));
#5880 = CARTESIAN_POINT('',(-23.11733527898,-12.00788232311,
    134.40500013148));
#5881 = CARTESIAN_POINT('',(-23.21308489032,-12.00788232311,
    133.96856618179));
#5882 = ORIENTED_EDGE('',*,*,#5883,.T.);
#5883 = EDGE_CURVE('',#5867,#3538,#5884,.T.);
#5884 = B_SPLINE_CURVE_WITH_KNOTS('',3,(#5885,#5886,#5887,#5888,#5889,
    #5890),.UNSPECIFIED.,.F.,.F.,(4,1,1,4),(-0.903000349858,
    -0.71026932504,-0.355134662518,4.224615E-12),.UNSPECIFIED.);
#5885 = CARTESIAN_POINT('',(-20.55494119928,-13.73229423087,
    137.31138421227));
#5886 = CARTESIAN_POINT('',(-20.55535560837,-13.73228721335,
    137.72251028428));
#5887 = CARTESIAN_POINT('',(-20.41969109188,-13.75291192893,
    138.89061620346));
#5888 = CARTESIAN_POINT('',(-19.54619800364,-13.88381880603,
    140.69116070919));
#5889 = CARTESIAN_POINT('',(-18.32756451865,-14.08025653514,
    141.80216964607));
#5890 = CARTESIAN_POINT('',(-17.63255042645,-14.19747300223,
    142.26112934139));
#5891 = ORIENTED_EDGE('',*,*,#5799,.F.);
#5892 = ORIENTED_EDGE('',*,*,#5893,.T.);
#5893 = EDGE_CURVE('',#5800,#5869,#5894,.T.);
#5894 = B_SPLINE_CURVE_WITH_KNOTS('',3,(#5895,#5896,#5897,#5898,#5899,
    #5900),.UNSPECIFIED.,.F.,.F.,(4,1,1,4),(-4.224615E-12,0.355134662518
    ,0.71026932504,1.242971318824),.UNSPECIFIED.);
#5895 = CARTESIAN_POINT('',(-19.80566296174,-12.00788232311,
    145.0895564661));
#5896 = CARTESIAN_POINT('',(-20.74437409831,-12.00788232311,
    144.36833408775));
#5897 = CARTESIAN_POINT('',(-22.42302616393,-12.00788232311,
    142.62246290121));
#5898 = CARTESIAN_POINT('',(-24.11522621424,-12.00788232311,
    138.72778366856));
#5899 = CARTESIAN_POINT('',(-23.86466849659,-12.00788232311,
    135.63353404444));
#5900 = CARTESIAN_POINT('',(-23.21308489032,-12.00788232311,
    133.96856618179));
#5901 = B_SPLINE_SURFACE_WITH_KNOTS('',3,3,(
    (#5902,#5903,#5904,#5905,#5906,#5907)
    ,(#5908,#5909,#5910,#5911,#5912,#5913)
    ,(#5914,#5915,#5916,#5917,#5918,#5919)
    ,(#5920,#5921,#5922,#5923,#5924,#5925)
    ,(#5926,#5927,#5928,#5929,#5930,#5931
    )),.UNSPECIFIED.,.F.,.F.,.F.,(4,1,4),(4,1,1,4),(0.,0.571428571429,1.
    ),(-1.242971318824,-0.71026932504,-0.355134662518,4.224615E-12),
  .UNSPECIFIED.);
#5902 = CARTESIAN_POINT('',(-23.21308489032,-12.00788232311,
    133.96856618179));
#5903 = CARTESIAN_POINT('',(-23.86466849659,-12.00788232311,
    135.63353404444));
#5904 = CARTESIAN_POINT('',(-24.11522621424,-12.00788232311,
    138.72778366856));
#5905 = CARTESIAN_POINT('',(-22.42302616393,-12.00788232311,
    142.62246290121));
#5906 = CARTESIAN_POINT('',(-20.74437409831,-12.00788232311,
    144.36833408775));
#5907 = CARTESIAN_POINT('',(-19.80566296174,-12.00788232311,
    145.0895564661));
#5908 = CARTESIAN_POINT('',(-22.51345010519,-12.00788232311,
    134.24236759658));
#5909 = CARTESIAN_POINT('',(-23.12822594873,-12.00805793716,
    135.7688090339));
#5910 = CARTESIAN_POINT('',(-23.36447770009,-12.00865928163,
    138.61462888901));
#5911 = CARTESIAN_POINT('',(-21.7683203492,-12.00831365995,
    142.18577147625));
#5912 = CARTESIAN_POINT('',(-20.18266588701,-12.00825769226,
    143.77367156626));
#5913 = CARTESIAN_POINT('',(-19.29453378857,-12.00788232311,
    144.42429334965));
#5914 = CARTESIAN_POINT('',(-21.29120944071,-12.38883016516,
    134.72069033046));
#5915 = CARTESIAN_POINT('',(-21.84145393303,-12.3719650021,
    136.00552991239));
#5916 = CARTESIAN_POINT('',(-22.05252814117,-12.36582814321,
    138.41610774959));
#5917 = CARTESIAN_POINT('',(-20.62474710703,-12.40848057843,
    141.42279633268));
#5918 = CARTESIAN_POINT('',(-19.20200134733,-12.45646185302,
    142.73496649232));
#5919 = CARTESIAN_POINT('',(-18.4024637926,-12.48603450555,
    143.26321451328));
#5920 = CARTESIAN_POINT('',(-20.39661191263,-13.33018020424,
    135.07079023123));
#5921 = CARTESIAN_POINT('',(-20.8860519257,-13.27615185439,
    136.18389835468));
#5922 = CARTESIAN_POINT('',(-21.07277984689,-13.2565996826,
    138.26451284741));
#5923 = CARTESIAN_POINT('',(-19.80526149515,-13.39396614192,
    140.86890577638));
#5924 = CARTESIAN_POINT('',(-18.52947834124,-13.54525554878,
    142.01881887478));
#5925 = CARTESIAN_POINT('',(-17.80605411757,-13.63639997903,
    142.48695406893));
#5926 = CARTESIAN_POINT('',(-20.10698481307,-13.80004775409,
    135.1841355241));
#5927 = CARTESIAN_POINT('',(-20.57189424098,-13.72933181348,
    136.24366052761));
#5928 = CARTESIAN_POINT('',(-20.74855285992,-13.70362674553,
    138.21272847023));
#5929 = CARTESIAN_POINT('',(-19.54619800364,-13.88381880603,
    140.69116070919));
#5930 = CARTESIAN_POINT('',(-18.32756451865,-14.08025653514,
    141.80216964607));
#5931 = CARTESIAN_POINT('',(-17.63255042645,-14.19747300223,
    142.26112934139));
#5932 = ADVANCED_FACE('',(#5933),#5953,.T.);
#5933 = FACE_BOUND('',#5934,.T.);
#5934 = EDGE_LOOP('',(#5935,#5944,#5951,#5952));
#5935 = ORIENTED_EDGE('',*,*,#5936,.T.);
#5936 = EDGE_CURVE('',#5867,#5937,#5939,.T.);
#5937 = VERTEX_POINT('',#5938);
#5938 = CARTESIAN_POINT('',(24.909961265324,-1.6277478283,
    137.31138187019));
#5939 = CIRCLE('',#5940,25.);
#5940 = AXIS2_PLACEMENT_3D('',#5941,#5942,#5943);
#5941 = CARTESIAN_POINT('',(3.369944E-14,0.492117676884,137.31138187314)
  );
#5942 = DIRECTION('',(0.,0.,1.));
#5943 = DIRECTION('',(1.,0.,-0.));
#5944 = ORIENTED_EDGE('',*,*,#5945,.F.);
#5945 = EDGE_CURVE('',#3547,#5937,#5946,.T.);
#5946 = CIRCLE('',#5947,7.);
#5947 = AXIS2_PLACEMENT_3D('',#5948,#5949,#5950);
#5948 = CARTESIAN_POINT('',(17.935172111011,-1.034185487114,
    137.31138187314));
#5949 = DIRECTION('',(8.479462016932E-02,0.996398450616,
    5.300992284019E-11));
#5950 = DIRECTION('',(0.704560101191,-5.995885096722E-02,0.707106781187)
  );
#5951 = ORIENTED_EDGE('',*,*,#3546,.T.);
#5952 = ORIENTED_EDGE('',*,*,#5883,.F.);
#5953 = TOROIDAL_SURFACE('',#5954,18.,7.);
#5954 = AXIS2_PLACEMENT_3D('',#5955,#5956,#5957);
#5955 = CARTESIAN_POINT('',(3.369944E-14,0.492117676884,137.31138187314)
  );
#5956 = DIRECTION('',(-2.147809E-17,-2.806363E-15,-1.));
#5957 = DIRECTION('',(6.027531708667E-32,-1.,2.806363E-15));
#5958 = ADVANCED_FACE('',(#5959),#5983,.F.);
#5959 = FACE_BOUND('',#5960,.F.);
#5960 = EDGE_LOOP('',(#5961,#5973,#5982));
#5961 = ORIENTED_EDGE('',*,*,#5962,.F.);
#5962 = EDGE_CURVE('',#5963,#5867,#5965,.T.);
#5963 = VERTEX_POINT('',#5964);
#5964 = CARTESIAN_POINT('',(-23.84848003542,-12.00788232311,
    130.8369053721));
#5965 = B_SPLINE_CURVE_WITH_KNOTS('',3,(#5966,#5967,#5968,#5969,#5970,
    #5971,#5972),.UNSPECIFIED.,.F.,.F.,(4,1,1,1,4),(-9.626914059634,
    -9.263204883007,-8.899284000207,-8.535363117407,-8.358729818177),
  .UNSPECIFIED.);
#5966 = CARTESIAN_POINT('',(-23.8484800357,-12.0078823228,130.8369053722
    ));
#5967 = CARTESIAN_POINT('',(-23.53048595932,-12.00788196348,
    131.68902294682));
#5968 = CARTESIAN_POINT('',(-22.88833822069,-12.08312762684,
    133.3598450629));
#5969 = CARTESIAN_POINT('',(-21.91018077577,-12.45086935218,
    135.65374982369));
#5970 = CARTESIAN_POINT('',(-21.10431190313,-13.04202863445,
    137.06174218057));
#5971 = CARTESIAN_POINT('',(-20.68104918195,-13.55577579339,
    137.31105594948));
#5972 = CARTESIAN_POINT('',(-20.55903680871,-13.73202184365,
    137.31136745742));
#5973 = ORIENTED_EDGE('',*,*,#5974,.T.);
#5974 = EDGE_CURVE('',#5963,#5869,#5975,.T.);
#5975 = B_SPLINE_CURVE_WITH_KNOTS('',3,(#5976,#5977,#5978,#5979,#5980,
    #5981),.UNSPECIFIED.,.F.,.F.,(4,2,4),(-3.879182944354E-03,0.,
    0.295839531429),.UNSPECIFIED.);
#5976 = CARTESIAN_POINT('',(-23.84848003542,-12.00788232311,
    130.8369053721));
#5977 = CARTESIAN_POINT('',(-23.84603518387,-12.00788232311,
    130.84960274864));
#5978 = CARTESIAN_POINT('',(-23.84358949666,-12.00788232311,
    130.86230016914));
#5979 = CARTESIAN_POINT('',(-23.65456705225,-12.00788232311,
    131.843318088));
#5980 = CARTESIAN_POINT('',(-23.43610695721,-12.00788232311,
    132.95201478118));
#5981 = CARTESIAN_POINT('',(-23.21308489032,-12.00788232311,
    133.96856618179));
#5982 = ORIENTED_EDGE('',*,*,#5866,.F.);
#5983 = B_SPLINE_SURFACE_WITH_KNOTS('',3,3,(
    (#5984,#5985,#5986,#5987,#5988,#5989,#5990)
    ,(#5991,#5992,#5993,#5994,#5995,#5996,#5997)
    ,(#5998,#5999,#6000,#6001,#6002,#6003,#6004)
    ,(#6005,#6006,#6007,#6008,#6009,#6010,#6011
  )),.UNSPECIFIED.,.F.,.F.,.F.,(4,4),(4,1,1,1,4),(0.896784421795,1.),(
    8.353402676008,8.535363117407,8.899284000207,9.263204883007,
    9.627125765807),.UNSPECIFIED.);
#5984 = CARTESIAN_POINT('',(-20.52657225315,-13.73865453152,
    137.87801433926));
#5985 = CARTESIAN_POINT('',(-20.68025378297,-13.51385139978,
    137.8826466375));
#5986 = CARTESIAN_POINT('',(-21.21625023492,-12.87720727245,
    137.64228261768));
#5987 = CARTESIAN_POINT('',(-22.24483129037,-12.20369335011,
    136.25805425232));
#5988 = CARTESIAN_POINT('',(-23.44465598069,-11.87725177254,
    134.01881585551));
#5989 = CARTESIAN_POINT('',(-24.19627815269,-11.883794851,
    132.39163265317));
#5990 = CARTESIAN_POINT('',(-24.55817618467,-11.93384242085,
    131.56313620057));
#5991 = CARTESIAN_POINT('',(-20.54004313853,-13.74609408658,
    137.68948156601));
#5992 = CARTESIAN_POINT('',(-20.68382513874,-13.53584452025,
    137.69414852048));
#5993 = CARTESIAN_POINT('',(-21.18331126344,-12.93924175732,
    137.45198841078));
#5994 = CARTESIAN_POINT('',(-22.14009170044,-12.29650456372,
    136.05732085201));
#5995 = CARTESIAN_POINT('',(-23.26513721672,-11.96341763799,
    133.80015378813));
#5996 = CARTESIAN_POINT('',(-23.9778680799,-11.94751218929,
    132.15861741782));
#5997 = CARTESIAN_POINT('',(-24.32346681256,-11.98314799666,
    131.32228147813));
#5998 = CARTESIAN_POINT('',(-20.54720759848,-13.74920959807,
    137.50032769997));
#5999 = CARTESIAN_POINT('',(-20.6813085668,-13.5532188259,
    137.50503052544));
#6000 = CARTESIAN_POINT('',(-21.14437657811,-12.99540398134,
    137.26101172783));
#6001 = CARTESIAN_POINT('',(-22.02836840761,-12.3790390161,
    135.85553547386));
#6002 = CARTESIAN_POINT('',(-23.07929337395,-12.03220870599,
    133.57977737947));
#6003 = CARTESIAN_POINT('',(-23.75534966817,-11.98899869683,
    131.92333474288));
#6004 = CARTESIAN_POINT('',(-24.08625023523,-12.00791529224,
    131.07885033404));
#6005 = CARTESIAN_POINT('',(-20.54804211341,-13.74799083834,
    137.31117369781));
#6006 = CARTESIAN_POINT('',(-20.67271237188,-13.56591729562,
    137.31591239485));
#6007 = CARTESIAN_POINT('',(-21.09956552789,-13.04551042147,
    137.07003491936));
#6008 = CARTESIAN_POINT('',(-21.91018077577,-12.45086935218,
    135.65374982369));
#6009 = CARTESIAN_POINT('',(-22.88852793421,-12.08305630338,
    133.35940016035));
#6010 = CARTESIAN_POINT('',(-23.53085962815,-12.00783819196,
    131.6880506733));
#6011 = CARTESIAN_POINT('',(-23.84903532228,-12.00788236165,
    130.83541736488));
#6012 = ADVANCED_FACE('',(#6013),#6064,.T.);
#6013 = FACE_BOUND('',#6014,.T.);
#6014 = EDGE_LOOP('',(#6015,#6016,#6022,#6023,#6024,#6025,#6033,#6041,
    #6049,#6058));
#6015 = ORIENTED_EDGE('',*,*,#3799,.F.);
#6016 = ORIENTED_EDGE('',*,*,#6017,.F.);
#6017 = EDGE_CURVE('',#5963,#3791,#6018,.T.);
#6018 = LINE('',#6019,#6020);
#6019 = CARTESIAN_POINT('',(-23.84848003542,-12.00788232311,
    130.8369053721));
#6020 = VECTOR('',#6021,1.);
#6021 = DIRECTION('',(0.,0.,-1.));
#6022 = ORIENTED_EDGE('',*,*,#5974,.T.);
#6023 = ORIENTED_EDGE('',*,*,#5893,.F.);
#6024 = ORIENTED_EDGE('',*,*,#5818,.F.);
#6025 = ORIENTED_EDGE('',*,*,#6026,.F.);
#6026 = EDGE_CURVE('',#6027,#5810,#6029,.T.);
#6027 = VERTEX_POINT('',#6028);
#6028 = CARTESIAN_POINT('',(-16.02342035896,-12.00788232311,
    206.36456970689));
#6029 = LINE('',#6030,#6031);
#6030 = CARTESIAN_POINT('',(-16.02342035896,-12.00788232311,
    206.36456970689));
#6031 = VECTOR('',#6032,1.);
#6032 = DIRECTION('',(0.,0.,-1.));
#6033 = ORIENTED_EDGE('',*,*,#6034,.F.);
#6034 = EDGE_CURVE('',#6035,#6027,#6037,.T.);
#6035 = VERTEX_POINT('',#6036);
#6036 = CARTESIAN_POINT('',(-23.40216389242,-12.00788232311,
    206.36456970689));
#6037 = LINE('',#6038,#6039);
#6038 = CARTESIAN_POINT('',(-23.40216389242,-12.00788232311,
    206.36456970689));
#6039 = VECTOR('',#6040,1.);
#6040 = DIRECTION('',(1.,0.,0.));
#6041 = ORIENTED_EDGE('',*,*,#6042,.F.);
#6042 = EDGE_CURVE('',#6043,#6035,#6045,.T.);
#6043 = VERTEX_POINT('',#6044);
#6044 = CARTESIAN_POINT('',(-30.74341649025,-12.00788232311,
    184.3408119134));
#6045 = LINE('',#6046,#6047);
#6046 = CARTESIAN_POINT('',(-30.74341649025,-12.00788232311,
    184.3408119134));
#6047 = VECTOR('',#6048,1.);
#6048 = DIRECTION('',(0.316227766017,2.754625E-15,0.948683298051));
#6049 = ORIENTED_EDGE('',*,*,#6050,.F.);
#6050 = EDGE_CURVE('',#6051,#6043,#6053,.T.);
#6051 = VERTEX_POINT('',#6052);
#6052 = CARTESIAN_POINT('',(-31.,-12.00788232311,182.75967308332));
#6053 = CIRCLE('',#6054,5.);
#6054 = AXIS2_PLACEMENT_3D('',#6055,#6056,#6057);
#6055 = CARTESIAN_POINT('',(-26.,-12.00788232311,182.75967308332));
#6056 = DIRECTION('',(5.137169E-16,1.,-8.336478E-17));
#6057 = DIRECTION('',(-0.987087457637,5.204370662146E-16,0.160182243007)
  );
#6058 = ORIENTED_EDGE('',*,*,#6059,.F.);
#6059 = EDGE_CURVE('',#3757,#6051,#6060,.T.);
#6060 = LINE('',#6061,#6062);
#6061 = CARTESIAN_POINT('',(-31.,-12.00788232311,68.382449685008));
#6062 = VECTOR('',#6063,1.);
#6063 = DIRECTION('',(0.,0.,1.));
#6064 = PLANE('',#6065);
#6065 = AXIS2_PLACEMENT_3D('',#6066,#6067,#6068);
#6066 = CARTESIAN_POINT('',(-36.,-12.00788232311,67.382449685008));
#6067 = DIRECTION('',(0.,-1.,0.));
#6068 = DIRECTION('',(-1.,0.,0.));
#6069 = ADVANCED_FACE('',(#6070),#6083,.F.);
#6070 = FACE_BOUND('',#6071,.F.);
#6071 = EDGE_LOOP('',(#6072,#6081,#6082));
#6072 = ORIENTED_EDGE('',*,*,#6073,.T.);
#6073 = EDGE_CURVE('',#5715,#4464,#6074,.T.);
#6074 = B_SPLINE_CURVE_WITH_KNOTS('',3,(#6075,#6076,#6077,#6078,#6079,
    #6080),.UNSPECIFIED.,.F.,.F.,(4,2,4),(0.82313389185,1.036281213803,
    1.039162684368),.UNSPECIFIED.);
#6075 = CARTESIAN_POINT('',(-23.21308489032,12.992117676884,
    133.96856618179));
#6076 = CARTESIAN_POINT('',(-23.44108952963,12.992117676884,
    132.92930384033));
#6077 = CARTESIAN_POINT('',(-23.66017343816,12.992117676884,
    131.81422119919));
#6078 = CARTESIAN_POINT('',(-23.84358949741,12.992117676884,
    130.8623001653));
#6079 = CARTESIAN_POINT('',(-23.84603518313,12.992117676884,
    130.84960275249));
#6080 = CARTESIAN_POINT('',(-23.84848003542,12.992117676884,
    130.8369053721));
#6081 = ORIENTED_EDGE('',*,*,#4463,.F.);
#6082 = ORIENTED_EDGE('',*,*,#5714,.F.);
#6083 = B_SPLINE_SURFACE_WITH_KNOTS('',3,3,(
    (#6084,#6085,#6086,#6087,#6088,#6089)
    ,(#6090,#6091,#6092,#6093,#6094,#6095)
    ,(#6096,#6097,#6098,#6099,#6100,#6101)
    ,(#6102,#6103,#6104,#6105,#6106,#6107
    )),.UNSPECIFIED.,.F.,.F.,.F.,(4,4),(4,1,1,4),(0.896783992884,1.),(
    1.190597921224,1.737307622806,2.101780757194,2.466253891581),
  .UNSPECIFIED.);
#6084 = CARTESIAN_POINT('',(-24.56394294565,12.918878397855,
    131.54993999377));
#6085 = CARTESIAN_POINT('',(-24.02051685387,12.842945299537,
    132.79476725437));
#6086 = CARTESIAN_POINT('',(-23.0591370958,12.890426391191,
    134.82613013501));
#6087 = CARTESIAN_POINT('',(-21.62575698972,13.518061889817,
    137.20630661686));
#6088 = CARTESIAN_POINT('',(-20.83440053827,14.272602321252,
    137.88729605863));
#6089 = CARTESIAN_POINT('',(-20.52657099846,14.72289138225,
    137.87801665684));
#6090 = CARTESIAN_POINT('',(-24.32897324688,12.9679545071,131.3089593499
    ));
#6091 = CARTESIAN_POINT('',(-23.80998213859,12.913721831486,
    132.56557401515));
#6092 = CARTESIAN_POINT('',(-22.90132545577,12.985675524384,
    134.61420657468));
#6093 = CARTESIAN_POINT('',(-21.56352080842,13.599222908493,
    137.01279273788));
#6094 = CARTESIAN_POINT('',(-20.82804242953,14.309193280918,
    137.69883193034));
#6095 = CARTESIAN_POINT('',(-20.5400420622,14.730330901225,
    137.68948310506));
#6096 = CARTESIAN_POINT('',(-24.09152184996,12.992455413478,
    131.06539732977));
#6097 = CARTESIAN_POINT('',(-23.59455263876,12.96338745051,
    132.33426408676));
#6098 = CARTESIAN_POINT('',(-22.7364478881,13.066080748114,
    134.40082347665));
#6099 = CARTESIAN_POINT('',(-21.49480526777,13.67310391501,
    136.81848480185));
#6100 = CARTESIAN_POINT('',(-20.81581550512,14.34086972268,
    137.50974913497));
#6101 = CARTESIAN_POINT('',(-20.54720664671,14.733446342854,
    137.50032845274));
#6102 = CARTESIAN_POINT('',(-23.85410358293,12.992121629922,
    130.82183347854));
#6103 = CARTESIAN_POINT('',(-23.37618403967,12.991449728444,
    132.10295297535));
#6104 = CARTESIAN_POINT('',(-22.56554448216,13.131061938058,
    134.18743978361));
#6105 = CARTESIAN_POINT('',(-21.41983440983,13.739422531557,
    136.62417674061));
#6106 = CARTESIAN_POINT('',(-20.79775999081,14.367527688821,
    137.32066620463));
#6107 = CARTESIAN_POINT('',(-20.5480412318,14.732227479643,
    137.3111736643));
#6108 = ADVANCED_FACE('',(#6109),#6121,.T.);
#6109 = FACE_BOUND('',#6110,.T.);
#6110 = EDGE_LOOP('',(#6111,#6112,#6113,#6120));
#6111 = ORIENTED_EDGE('',*,*,#5739,.F.);
#6112 = ORIENTED_EDGE('',*,*,#3564,.T.);
#6113 = ORIENTED_EDGE('',*,*,#6114,.T.);
#6114 = EDGE_CURVE('',#3556,#4348,#6115,.T.);
#6115 = CIRCLE('',#6116,7.);
#6116 = AXIS2_PLACEMENT_3D('',#6117,#6118,#6119);
#6117 = CARTESIAN_POINT('',(17.935172113154,2.018420815693,
    137.31138187314));
#6118 = DIRECTION('',(-8.479461882269E-02,0.996398450731,
    -2.838007606698E-15));
#6119 = DIRECTION('',(0.704560101276,5.995884997765E-02,0.707106781187)
  );
#6120 = ORIENTED_EDGE('',*,*,#4347,.T.);
#6121 = TOROIDAL_SURFACE('',#6122,18.,7.);
#6122 = AXIS2_PLACEMENT_3D('',#6123,#6124,#6125);
#6123 = CARTESIAN_POINT('',(3.369944E-14,0.492117676884,137.31138187314)
  );
#6124 = DIRECTION('',(-2.147809E-17,-2.806363E-15,-1.));
#6125 = DIRECTION('',(6.027531708667E-32,-1.,2.806363E-15));
#6126 = ADVANCED_FACE('',(#6127),#6139,.F.);
#6127 = FACE_BOUND('',#6128,.F.);
#6128 = EDGE_LOOP('',(#6129,#6130,#6131,#6138));
#6129 = ORIENTED_EDGE('',*,*,#3555,.F.);
#6130 = ORIENTED_EDGE('',*,*,#6114,.T.);
#6131 = ORIENTED_EDGE('',*,*,#6132,.F.);
#6132 = EDGE_CURVE('',#5937,#4348,#6133,.T.);
#6133 = B_SPLINE_CURVE_WITH_KNOTS('',3,(#6134,#6135,#6136,#6137),
  .UNSPECIFIED.,.F.,.F.,(4,4),(-0.305260630277,0.),
  .PIECEWISE_BEZIER_KNOTS.);
#6134 = CARTESIAN_POINT('',(24.909961265318,-1.627747828363,
    137.31138187084));
#6135 = CARTESIAN_POINT('',(25.028819595565,-0.231076013295,
    137.39728466909));
#6136 = CARTESIAN_POINT('',(25.028819596636,1.215311331592,
    137.39728466986));
#6137 = CARTESIAN_POINT('',(24.909961268276,2.611983147377,
    137.31138187298));
#6138 = ORIENTED_EDGE('',*,*,#5945,.F.);
#6139 = B_SPLINE_SURFACE_WITH_KNOTS('',3,3,(
    (#6140,#6141,#6142,#6143)
    ,(#6144,#6145,#6146,#6147)
    ,(#6148,#6149,#6150,#6151)
    ,(#6152,#6153,#6154,#6155
    )),.UNSPECIFIED.,.F.,.F.,.F.,(4,4),(4,4),(0.,1.),(0.,0.305260630277)
  ,.PIECEWISE_BEZIER_KNOTS.);
#6140 = CARTESIAN_POINT('',(22.867092822087,2.438132765487,
    142.26112934144));
#6141 = CARTESIAN_POINT('',(22.977100561431,1.145461808548,
    142.26112934145));
#6142 = CARTESIAN_POINT('',(22.977100560471,-0.161226487097,
    142.26112934149));
#6143 = CARTESIAN_POINT('',(22.86709281935,-1.453897443885,
    142.26112934144));
#6144 = CARTESIAN_POINT('',(24.158266644396,2.548013097001,
    140.96528848444));
#6145 = CARTESIAN_POINT('',(24.253522308472,1.184450863994,
    140.98535396154));
#6146 = CARTESIAN_POINT('',(24.253522307627,-0.200215544425,
    140.98535396139));
#6147 = CARTESIAN_POINT('',(24.158266642015,-1.563777777152,
    140.96528848394));
#6148 = CARTESIAN_POINT('',(24.909961268317,2.611983147386,
    139.14397758763));
#6149 = CARTESIAN_POINT('',(25.006216933979,1.209940658433,
    139.20114016422));
#6150 = CARTESIAN_POINT('',(25.006216933113,-0.22570534002,
    139.20114016372));
#6151 = CARTESIAN_POINT('',(24.90996126591,-1.627747828494,
    139.1439775862));
#6152 = CARTESIAN_POINT('',(24.909961268276,2.611983147377,
    137.31138187298));
#6153 = CARTESIAN_POINT('',(25.028819596636,1.215311331592,
    137.39728466986));
#6154 = CARTESIAN_POINT('',(25.028819595565,-0.231076013295,
    137.39728466909));
#6155 = CARTESIAN_POINT('',(24.909961265318,-1.627747828363,
    137.31138187084));
#6156 = ADVANCED_FACE('',(#6157),#6183,.F.);
#6157 = FACE_BOUND('',#6158,.F.);
#6158 = EDGE_LOOP('',(#6159,#6160,#6176));
#6159 = ORIENTED_EDGE('',*,*,#3052,.F.);
#6160 = ORIENTED_EDGE('',*,*,#6161,.F.);
#6161 = EDGE_CURVE('',#6162,#2992,#6164,.T.);
#6162 = VERTEX_POINT('',#6163);
#6163 = CARTESIAN_POINT('',(-17.75049800551,9.379197948326,
    212.38244968378));
#6164 = B_SPLINE_CURVE_WITH_KNOTS('',3,(#6165,#6166,#6167,#6168,#6169,
    #6170,#6171,#6172,#6173,#6174,#6175),.UNSPECIFIED.,.F.,.F.,(4,1,1,1,
    1,1,2,4),(-0.698382704957,-0.628544434462,-0.558706163966,
    -0.419029622974,-0.279353081983,-0.139676540991,0.,
    4.725430410308E-03),.UNSPECIFIED.);
#6165 = CARTESIAN_POINT('',(-17.75049800569,9.379197948008,
    212.38244968403));
#6166 = CARTESIAN_POINT('',(-17.98627882693,9.067206009113,
    212.57083813594));
#6167 = CARTESIAN_POINT('',(-18.38240266469,8.39343592986,
    212.93670629981));
#6168 = CARTESIAN_POINT('',(-18.88453852978,7.038876610779,
    213.50517942449));
#6169 = CARTESIAN_POINT('',(-19.17070403749,5.452621090459,
    213.94266109463));
#6170 = CARTESIAN_POINT('',(-19.26588943325,3.698420737052,
    214.22524312086));
#6171 = CARTESIAN_POINT('',(-19.19882776797,2.054860843553,
    214.35839425888));
#6172 = CARTESIAN_POINT('',(-19.08030638637,1.032917095435,
    214.38167234185));
#6173 = CARTESIAN_POINT('',(-19.00497879433,0.52529548631,
    214.38243731156));
#6174 = CARTESIAN_POINT('',(-19.00249772349,0.508699217513,214.382449685
    ));
#6175 = CARTESIAN_POINT('',(-19.,0.492117676885,214.382449685));
#6176 = ORIENTED_EDGE('',*,*,#6177,.F.);
#6177 = EDGE_CURVE('',#3044,#6162,#6178,.T.);
#6178 = CIRCLE('',#6179,4.);
#6179 = AXIS2_PLACEMENT_3D('',#6180,#6181,#6182);
#6180 = CARTESIAN_POINT('',(-15.67676841127,6.604374426936,210.382449685
    ));
#6181 = DIRECTION('',(-0.801022553351,-0.598634169609,0.));
#6182 = DIRECTION('',(0.,0.,1.));
#6183 = B_SPLINE_SURFACE_WITH_KNOTS('',3,3,(
    (#6184,#6185,#6186,#6187,#6188,#6189,#6190,#6191,#6192,#6193,#6194)
    ,(#6195,#6196,#6197,#6198,#6199,#6200,#6201,#6202,#6203,#6204,#6205)
    ,(#6206,#6207,#6208,#6209,#6210,#6211,#6212,#6213,#6214,#6215,#6216)
    ,(#6217,#6218,#6219,#6220,#6221,#6222,#6223,#6224,#6225,#6226,#6227)
    ,(#6228,#6229,#6230,#6231,#6232,#6233,#6234,#6235,#6236,#6237,#6238
    )),.UNSPECIFIED.,.F.,.F.,.F.,(4,1,4),(4,2,1,1,1,1,1,4),(0.,
    0.571428571429,1.),(-4.725430410308E-03,0.,0.139676540991,
    0.279353081983,0.419029622974,0.558706163966,0.628544434462,
    0.698382704957),.UNSPECIFIED.);
#6184 = CARTESIAN_POINT('',(-19.,0.492117676885,214.382449685));
#6185 = CARTESIAN_POINT('',(-18.99686146554,0.507553185304,214.382449685
    ));
#6186 = CARTESIAN_POINT('',(-18.99369904508,0.522983976037,214.382449685
    ));
#6187 = CARTESIAN_POINT('',(-18.89633359876,0.994372153274,214.382449685
    ));
#6188 = CARTESIAN_POINT('',(-18.66326031002,1.91098926974,214.382449685)
  );
#6189 = CARTESIAN_POINT('',(-18.17058264083,3.253778029073,214.382449685
    ));
#6190 = CARTESIAN_POINT('',(-17.52796020472,4.521087852717,214.382449685
    ));
#6191 = CARTESIAN_POINT('',(-16.85670944722,5.481086259563,214.382449685
    ));
#6192 = CARTESIAN_POINT('',(-16.21979787477,6.161974990143,214.382449685
    ));
#6193 = CARTESIAN_POINT('',(-15.86324184377,6.465015843367,214.382449685
    ));
#6194 = CARTESIAN_POINT('',(-15.67676841127,6.604374426936,214.382449685
    ));
#6195 = CARTESIAN_POINT('',(-19.,0.492117676885,214.382449685));
#6196 = CARTESIAN_POINT('',(-18.99793619303,0.50777135639,214.382449685)
  );
#6197 = CARTESIAN_POINT('',(-18.99584616337,0.523424404469,214.382449685
    ));
#6198 = CARTESIAN_POINT('',(-18.93141184323,1.001713229855,214.382449685
    ));
#6199 = CARTESIAN_POINT('',(-18.76528104641,1.938419799694,214.382449685
    ));
#6200 = CARTESIAN_POINT('',(-18.38143659147,3.339162110966,214.382449685
    ));
#6201 = CARTESIAN_POINT('',(-17.85179002394,4.704191275602,214.382449685
    ));
#6202 = CARTESIAN_POINT('',(-17.2724605769,5.798693352513,214.382449685)
  );
#6203 = CARTESIAN_POINT('',(-16.68938668415,6.644507682825,214.382449685
    ));
#6204 = CARTESIAN_POINT('',(-16.34242864329,7.051205105838,214.382449685
    ));
#6205 = CARTESIAN_POINT('',(-16.15439754401,7.243482127116,214.382449685
    ));
#6206 = CARTESIAN_POINT('',(-19.,0.492117676885,214.382449685));
#6207 = CARTESIAN_POINT('',(-18.99981368079,0.508151250245,
    214.38244991066));
#6208 = CARTESIAN_POINT('',(-18.99960748248,0.524197526367,
    214.38244696504));
#6209 = CARTESIAN_POINT('',(-18.99270992123,1.014493774813,
    214.38231712146));
#6210 = CARTESIAN_POINT('',(-18.94369213389,1.986406289001,
    214.37781419849));
#6211 = CARTESIAN_POINT('',(-18.75026447146,3.488557238865,
    214.35235233822));
#6212 = CARTESIAN_POINT('',(-18.41761338339,5.024410997214,
    214.29678840195));
#6213 = CARTESIAN_POINT('',(-18.00012356287,6.354532059236,
    214.20786480724));
#6214 = CARTESIAN_POINT('',(-17.50993355525,7.488019672986,
    214.08318837906));
#6215 = CARTESIAN_POINT('',(-17.1794443862,8.075334897551,213.9973943783
    ));
#6216 = CARTESIAN_POINT('',(-16.98840241352,8.359450349205,
    213.95132940953));
#6217 = CARTESIAN_POINT('',(-19.,0.492117676885,214.382449685));
#6218 = CARTESIAN_POINT('',(-19.00169217552,0.508534094462,
    214.38245001449));
#6219 = CARTESIAN_POINT('',(-19.00336775227,0.524966996604,
    214.38244038384));
#6220 = CARTESIAN_POINT('',(-19.05402235519,1.027367249861,
    214.38191027373));
#6221 = CARTESIAN_POINT('',(-19.12224360164,2.034324362997,
    214.36522726376));
#6222 = CARTESIAN_POINT('',(-19.11264354091,3.63592405079,
    214.27000878571));
#6223 = CARTESIAN_POINT('',(-18.95172651429,5.327816643884,
    214.06633548812));
#6224 = CARTESIAN_POINT('',(-18.63848935326,6.847274627953,
    213.74764516552));
#6225 = CARTESIAN_POINT('',(-18.15655032893,8.157766923275,
    213.32411669609));
#6226 = CARTESIAN_POINT('',(-17.78966860827,8.824779674222,
    213.04584518249));
#6227 = CARTESIAN_POINT('',(-17.571387081,9.139532560557,212.90067807403
    ));
#6228 = CARTESIAN_POINT('',(-19.,0.492117676885,214.382449685));
#6229 = CARTESIAN_POINT('',(-19.00249772349,0.508699217513,214.382449685
    ));
#6230 = CARTESIAN_POINT('',(-19.00497879433,0.52529548631,
    214.38243731156));
#6231 = CARTESIAN_POINT('',(-19.08030638637,1.032917095435,
    214.38167234185));
#6232 = CARTESIAN_POINT('',(-19.19882776797,2.054860843553,
    214.35839425888));
#6233 = CARTESIAN_POINT('',(-19.26588943325,3.698420737052,
    214.22524312086));
#6234 = CARTESIAN_POINT('',(-19.17070403749,5.452621090459,
    213.94266109463));
#6235 = CARTESIAN_POINT('',(-18.88453852978,7.038876610779,
    213.50517942449));
#6236 = CARTESIAN_POINT('',(-18.38240266469,8.39343592986,
    212.93670629981));
#6237 = CARTESIAN_POINT('',(-17.98627882693,9.067206009113,
    212.57083813594));
#6238 = CARTESIAN_POINT('',(-17.75049800569,9.379197948008,
    212.38244968403));
#6239 = ADVANCED_FACE('',(#6240),#6266,.F.);
#6240 = FACE_BOUND('',#6241,.F.);
#6241 = EDGE_LOOP('',(#6242,#6251,#6265));
#6242 = ORIENTED_EDGE('',*,*,#6243,.F.);
#6243 = EDGE_CURVE('',#6244,#2990,#6246,.T.);
#6244 = VERTEX_POINT('',#6245);
#6245 = CARTESIAN_POINT('',(-17.75049800688,-8.394962592666,
    212.38244968498));
#6246 = CIRCLE('',#6247,4.);
#6247 = AXIS2_PLACEMENT_3D('',#6248,#6249,#6250);
#6248 = CARTESIAN_POINT('',(-15.67676841221,-5.620139072461,
    210.382449685));
#6249 = DIRECTION('',(-0.801022553169,0.598634169853,-1.582067810091E-15
    ));
#6250 = DIRECTION('',(-0.518432398668,-0.693705880051,0.499999999994));
#6251 = ORIENTED_EDGE('',*,*,#6252,.F.);
#6252 = EDGE_CURVE('',#2992,#6244,#6253,.T.);
#6253 = B_SPLINE_CURVE_WITH_KNOTS('',3,(#6254,#6255,#6256,#6257,#6258,
    #6259,#6260,#6261,#6262,#6263,#6264),.UNSPECIFIED.,.F.,.F.,(4,2,1,1,
    1,1,1,4),(-0.703108135259,-0.698382704708,-0.558706163766,
    -0.419029622825,-0.279353081883,-0.139676540942,-6.983827047078E-02,
    0.),.UNSPECIFIED.);
#6254 = CARTESIAN_POINT('',(-19.,0.492117676885,214.382449685));
#6255 = CARTESIAN_POINT('',(-19.00249772356,0.475536135761,214.382449685
    ));
#6256 = CARTESIAN_POINT('',(-19.00497879412,0.458939866596,
    214.38243731144));
#6257 = CARTESIAN_POINT('',(-19.08030640438,-4.868174912662E-02,
    214.38167234794));
#6258 = CARTESIAN_POINT('',(-19.19882793086,-1.070625543834,
    214.35839431766));
#6259 = CARTESIAN_POINT('',(-19.26588961733,-2.714185440657,
    214.22524318911));
#6260 = CARTESIAN_POINT('',(-19.17070425108,-4.46838579957,
    213.94266117946));
#6261 = CARTESIAN_POINT('',(-18.88453861089,-6.054641274056,
    213.50517946563));
#6262 = CARTESIAN_POINT('',(-18.38240272811,-7.409200592637,
    212.93670632882));
#6263 = CARTESIAN_POINT('',(-17.98627882792,-8.082970653796,
    212.57083813681));
#6264 = CARTESIAN_POINT('',(-17.75049800689,-8.394962592659,
    212.38244968498));
#6265 = ORIENTED_EDGE('',*,*,#2989,.F.);
#6266 = B_SPLINE_SURFACE_WITH_KNOTS('',3,3,(
    (#6267,#6268,#6269,#6270,#6271,#6272,#6273,#6274,#6275,#6276,#6277)
    ,(#6278,#6279,#6280,#6281,#6282,#6283,#6284,#6285,#6286,#6287,#6288)
    ,(#6289,#6290,#6291,#6292,#6293,#6294,#6295,#6296,#6297,#6298,#6299)
    ,(#6300,#6301,#6302,#6303,#6304,#6305,#6306,#6307,#6308,#6309,#6310)
    ,(#6311,#6312,#6313,#6314,#6315,#6316,#6317,#6318,#6319,#6320,#6321
    )),.UNSPECIFIED.,.F.,.F.,.F.,(4,1,4),(4,1,1,1,1,1,2,4),(0.,
    0.571428571429,1.),(0.,6.983827047078E-02,0.139676540942,
    0.279353081883,0.419029622825,0.558706163766,0.698382704708,
    0.703108135259),.UNSPECIFIED.);
#6267 = CARTESIAN_POINT('',(-15.67676841221,-5.620139072461,
    214.382449685));
#6268 = CARTESIAN_POINT('',(-15.86324184462,-5.480780488903,
    214.382449685));
#6269 = CARTESIAN_POINT('',(-16.21979787708,-5.17773964458,214.382449685
    ));
#6270 = CARTESIAN_POINT('',(-16.8567094498,-4.496850916262,214.382449685
    ));
#6271 = CARTESIAN_POINT('',(-17.52796021665,-3.536852523357,
    214.382449685));
#6272 = CARTESIAN_POINT('',(-18.17058265252,-2.269542694815,
    214.382449685));
#6273 = CARTESIAN_POINT('',(-18.66326032102,-0.926753934933,
    214.382449685));
#6274 = CARTESIAN_POINT('',(-18.89633359986,-1.013680266541E-02,
    214.382449685));
#6275 = CARTESIAN_POINT('',(-18.99369904486,0.461251376853,214.382449685
    ));
#6276 = CARTESIAN_POINT('',(-18.99686146544,0.476682168007,214.382449685
    ));
#6277 = CARTESIAN_POINT('',(-19.,0.492117676885,214.382449685));
#6278 = CARTESIAN_POINT('',(-16.15439754496,-6.259246772373,
    214.382449685));
#6279 = CARTESIAN_POINT('',(-16.34242864413,-6.066969751128,
    214.382449685));
#6280 = CARTESIAN_POINT('',(-16.68938668641,-5.660272337079,
    214.382449685));
#6281 = CARTESIAN_POINT('',(-17.27246057943,-4.814458009138,
    214.382449685));
#6282 = CARTESIAN_POINT('',(-17.85179003585,-3.719955946232,
    214.382449685));
#6283 = CARTESIAN_POINT('',(-18.38143660319,-2.354926776731,
    214.382449685));
#6284 = CARTESIAN_POINT('',(-18.76528105746,-0.954184464916,
    214.382449685));
#6285 = CARTESIAN_POINT('',(-18.93141184441,-1.747787927122E-02,
    214.382449685));
#6286 = CARTESIAN_POINT('',(-18.99584616321,0.460810948408,214.382449685
    ));
#6287 = CARTESIAN_POINT('',(-18.99793619296,0.476463996914,214.382449685
    ));
#6288 = CARTESIAN_POINT('',(-19.,0.492117676885,214.382449685));
#6289 = CARTESIAN_POINT('',(-16.98840248536,-7.375215088837,
    213.95132958968));
#6290 = CARTESIAN_POINT('',(-17.17944446191,-7.0910996241,
    213.99739454188));
#6291 = CARTESIAN_POINT('',(-17.50993363565,-6.503784432701,
    214.08318849508));
#6292 = CARTESIAN_POINT('',(-18.00012362992,-5.370296670843,
    214.20786487166));
#6293 = CARTESIAN_POINT('',(-18.41761354507,-4.040175833715,
    214.29678848285));
#6294 = CARTESIAN_POINT('',(-18.75026460065,-2.504321954128,
    214.35235238842));
#6295 = CARTESIAN_POINT('',(-18.94369224662,-1.002170993622,
    214.37781424066));
#6296 = CARTESIAN_POINT('',(-18.99270992836,-3.025844433003E-02,
    214.38231712058));
#6297 = CARTESIAN_POINT('',(-18.99960748232,0.460037827262,
    214.38244696508));
#6298 = CARTESIAN_POINT('',(-18.99981368071,0.476084102435,
    214.38244991057));
#6299 = CARTESIAN_POINT('',(-19.,0.492117676885,214.382449685));
#6300 = CARTESIAN_POINT('',(-17.57138708211,-8.155297205194,
    212.90067807477));
#6301 = CARTESIAN_POINT('',(-17.78966860918,-7.840544318911,
    213.04584518315));
#6302 = CARTESIAN_POINT('',(-18.15655039232,-7.173531586087,
    213.32411672494));
#6303 = CARTESIAN_POINT('',(-18.63848943438,-5.863039291266,
    213.74764520659));
#6304 = CARTESIAN_POINT('',(-18.9517267279,-4.343581353003,
    214.06633557294));
#6305 = CARTESIAN_POINT('',(-19.11264372496,-2.65168875438,
    214.27000885398));
#6306 = CARTESIAN_POINT('',(-19.12224376448,-1.050089063255,
    214.36522732256));
#6307 = CARTESIAN_POINT('',(-19.05402237314,-4.313190353441E-02,
    214.38191027983));
#6308 = CARTESIAN_POINT('',(-19.00336775201,0.459268356311,
    214.38244038371));
#6309 = CARTESIAN_POINT('',(-19.00169217556,0.475701258817,
    214.38245001449));
#6310 = CARTESIAN_POINT('',(-19.,0.492117676885,214.382449685));
#6311 = CARTESIAN_POINT('',(-17.75049800689,-8.394962592659,
    212.38244968498));
#6312 = CARTESIAN_POINT('',(-17.98627882792,-8.082970653796,
    212.57083813681));
#6313 = CARTESIAN_POINT('',(-18.38240272811,-7.409200592637,
    212.93670632882));
#6314 = CARTESIAN_POINT('',(-18.88453861089,-6.054641274056,
    213.50517946563));
#6315 = CARTESIAN_POINT('',(-19.17070425108,-4.46838579957,
    213.94266117946));
#6316 = CARTESIAN_POINT('',(-19.26588961733,-2.714185440657,
    214.22524318911));
#6317 = CARTESIAN_POINT('',(-19.19882793086,-1.070625543834,
    214.35839431766));
#6318 = CARTESIAN_POINT('',(-19.08030640438,-4.868174912662E-02,
    214.38167234794));
#6319 = CARTESIAN_POINT('',(-19.00497879412,0.458939866596,
    214.38243731144));
#6320 = CARTESIAN_POINT('',(-19.00249772356,0.475536135761,214.382449685
    ));
#6321 = CARTESIAN_POINT('',(-19.,0.492117676885,214.382449685));
#6322 = ADVANCED_FACE('',(#6323),#6343,.F.);
#6323 = FACE_BOUND('',#6324,.F.);
#6324 = EDGE_LOOP('',(#6325,#6326,#6327,#6336));
#6325 = ORIENTED_EDGE('',*,*,#3043,.F.);
#6326 = ORIENTED_EDGE('',*,*,#6177,.T.);
#6327 = ORIENTED_EDGE('',*,*,#6328,.F.);
#6328 = EDGE_CURVE('',#6329,#6162,#6331,.T.);
#6329 = VERTEX_POINT('',#6330);
#6330 = CARTESIAN_POINT('',(-14.99357396194,12.280711320913,
    210.91246243118));
#6331 = B_SPLINE_CURVE_WITH_KNOTS('',3,(#6332,#6333,#6334,#6335),
  .UNSPECIFIED.,.F.,.F.,(4,4),(-0.43910492009,0.),
  .PIECEWISE_BEZIER_KNOTS.);
#6332 = CARTESIAN_POINT('',(-14.99357396194,12.280711320913,
    210.91246243118));
#6333 = CARTESIAN_POINT('',(-15.84889966634,11.392922410249,
    211.38409497832));
#6334 = CARTESIAN_POINT('',(-16.7931454691,10.448193827626,
    211.89195737279));
#6335 = CARTESIAN_POINT('',(-17.75049800521,9.379197948299,
    212.38244968413));
#6336 = ORIENTED_EDGE('',*,*,#6337,.F.);
#6337 = EDGE_CURVE('',#3035,#6329,#6338,.T.);
#6338 = CIRCLE('',#6339,4.);
#6339 = AXIS2_PLACEMENT_3D('',#6340,#6341,#6342);
#6340 = CARTESIAN_POINT('',(-12.28279210741,9.387486783123,210.382449685
    ));
#6341 = DIRECTION('',(-0.729740563984,-0.683724147062,0.));
#6342 = DIRECTION('',(0.,0.,1.));
#6343 = B_SPLINE_SURFACE_WITH_KNOTS('',3,3,(
    (#6344,#6345,#6346,#6347)
    ,(#6348,#6349,#6350,#6351)
    ,(#6352,#6353,#6354,#6355)
    ,(#6356,#6357,#6358,#6359)
    ,(#6360,#6361,#6362,#6363
  )),.UNSPECIFIED.,.F.,.F.,.F.,(4,1,4),(4,4),(0.,0.571428571429,1.),(0.,
    0.43910492009),.UNSPECIFIED.);
#6344 = CARTESIAN_POINT('',(-15.67676841014,6.604374427776,214.382449685
    ));
#6345 = CARTESIAN_POINT('',(-14.50432526285,7.480585125538,214.382449685
    ));
#6346 = CARTESIAN_POINT('',(-13.35090101419,8.386731326593,214.382449685
    ));
#6347 = CARTESIAN_POINT('',(-12.28279210741,9.387486783123,214.382449685
    ));
#6348 = CARTESIAN_POINT('',(-16.15439754303,7.243482127822,214.382449685
    ));
#6349 = CARTESIAN_POINT('',(-15.05729536688,8.19860163103,
    214.38373316999));
#6350 = CARTESIAN_POINT('',(-13.99009181633,9.163175927714,
    214.37977962622));
#6351 = CARTESIAN_POINT('',(-13.03184241948,10.186950133261,
    214.382449685));
#6352 = CARTESIAN_POINT('',(-16.98846243214,8.359530660593,
    213.95148396959));
#6353 = CARTESIAN_POINT('',(-16.02116308554,9.450140145523,
    213.83128491735));
#6354 = CARTESIAN_POINT('',(-15.10646081213,10.517548111692,
    213.69435421599));
#6355 = CARTESIAN_POINT('',(-14.33274367858,11.575405437321,
    213.54893073683));
#6356 = CARTESIAN_POINT('',(-17.57138708045,9.139532560886,
    212.90067807411));
#6357 = CARTESIAN_POINT('',(-16.62999319957,10.238076588886,
    212.52240088715));
#6358 = CARTESIAN_POINT('',(-15.71849831272,11.244573506918,
    212.11905218207));
#6359 = CARTESIAN_POINT('',(-14.91913529701,12.201262739849,
    211.72687598913));
#6360 = CARTESIAN_POINT('',(-17.75049800521,9.379197948299,
    212.38244968413));
#6361 = CARTESIAN_POINT('',(-16.7931454691,10.448193827626,
    211.89195737279));
#6362 = CARTESIAN_POINT('',(-15.84889966634,11.392922410249,
    211.38409497832));
#6363 = CARTESIAN_POINT('',(-14.99357396194,12.280711320913,
    210.91246243118));
#6364 = ADVANCED_FACE('',(#6365),#6383,.T.);
#6365 = FACE_BOUND('',#6366,.T.);
#6366 = EDGE_LOOP('',(#6367,#6374,#6375,#6382));
#6367 = ORIENTED_EDGE('',*,*,#6368,.T.);
#6368 = EDGE_CURVE('',#3484,#3026,#6369,.T.);
#6369 = CIRCLE('',#6370,4.);
#6370 = AXIS2_PLACEMENT_3D('',#6371,#6372,#6373);
#6371 = CARTESIAN_POINT('',(-11.13079414266,10.547236858357,
    210.382449685));
#6372 = DIRECTION('',(0.670341278765,0.742052942844,-2.096868E-15));
#6373 = DIRECTION('',(-0.742052942844,0.670341278765,-1.865283E-15));
#6374 = ORIENTED_EDGE('',*,*,#3025,.T.);
#6375 = ORIENTED_EDGE('',*,*,#6376,.T.);
#6376 = EDGE_CURVE('',#3017,#3494,#6377,.T.);
#6377 = CIRCLE('',#6378,4.);
#6378 = AXIS2_PLACEMENT_3D('',#6379,#6380,#6381);
#6379 = CARTESIAN_POINT('',(-11.13079414225,-9.563001505038,
    210.382449685));
#6380 = DIRECTION('',(0.670341278795,-0.742052942817,0.));
#6381 = DIRECTION('',(0.,0.,1.));
#6382 = ORIENTED_EDGE('',*,*,#3493,.T.);
#6383 = TOROIDAL_SURFACE('',#6384,15.,4.);
#6384 = AXIS2_PLACEMENT_3D('',#6385,#6386,#6387);
#6385 = CARTESIAN_POINT('',(3.526886E-14,0.492117676885,210.382449685));
#6386 = DIRECTION('',(-2.147809E-17,-2.806363E-15,-1.));
#6387 = DIRECTION('',(6.027531708667E-32,-1.,2.806363E-15));
#6388 = ADVANCED_FACE('',(#6389),#6401,.F.);
#6389 = FACE_BOUND('',#6390,.F.);
#6390 = EDGE_LOOP('',(#6391,#6392,#6393,#6400));
#6391 = ORIENTED_EDGE('',*,*,#3034,.F.);
#6392 = ORIENTED_EDGE('',*,*,#6337,.T.);
#6393 = ORIENTED_EDGE('',*,*,#6394,.F.);
#6394 = EDGE_CURVE('',#3484,#6329,#6395,.T.);
#6395 = B_SPLINE_CURVE_WITH_KNOTS('',3,(#6396,#6397,#6398,#6399),
  .UNSPECIFIED.,.F.,.F.,(4,4),(-0.163466190627,0.),
  .PIECEWISE_BEZIER_KNOTS.);
#6396 = CARTESIAN_POINT('',(-14.09900591404,13.228601973417,
    210.382449685));
#6397 = CARTESIAN_POINT('',(-14.36157786622,12.937940640158,
    210.53481516975));
#6398 = CARTESIAN_POINT('',(-14.6583549941,12.631475190044,
    210.7122160435));
#6399 = CARTESIAN_POINT('',(-14.99357396194,12.280711320913,
    210.91246243118));
#6400 = ORIENTED_EDGE('',*,*,#6368,.T.);
#6401 = B_SPLINE_SURFACE_WITH_KNOTS('',3,3,(
    (#6402,#6403,#6404,#6405)
    ,(#6406,#6407,#6408,#6409)
    ,(#6410,#6411,#6412,#6413)
    ,(#6414,#6415,#6416,#6417)
    ,(#6418,#6419,#6420,#6421
  )),.UNSPECIFIED.,.F.,.F.,.F.,(4,1,4),(4,4),(0.,0.571428571429,1.),(0.,
    0.163466190627),.UNSPECIFIED.);
#6402 = CARTESIAN_POINT('',(-12.28279210741,9.387486783123,214.382449685
    ));
#6403 = CARTESIAN_POINT('',(-11.88516574028,9.760039388988,214.382449685
    ));
#6404 = CARTESIAN_POINT('',(-11.49605459352,10.142901632324,
    214.382449685));
#6405 = CARTESIAN_POINT('',(-11.13079414266,10.547236858357,
    214.382449685));
#6406 = CARTESIAN_POINT('',(-13.03184241948,10.186950133261,
    214.382449685));
#6407 = CARTESIAN_POINT('',(-12.67311909667,10.576529173797,
    214.38358334219));
#6408 = CARTESIAN_POINT('',(-12.33132631592,10.959467548278,
    214.38135649118));
#6409 = CARTESIAN_POINT('',(-12.01888102792,11.349499424744,
    214.382449685));
#6410 = CARTESIAN_POINT('',(-14.33275351369,11.575415934364,
    213.54895213168));
#6411 = CARTESIAN_POINT('',(-14.03899969137,11.992001801019,
    213.48720803331));
#6412 = CARTESIAN_POINT('',(-13.78056270074,12.37526842631,
    213.42960114996));
#6413 = CARTESIAN_POINT('',(-13.5562883968,12.738332434001,
    213.37781655593));
#6414 = CARTESIAN_POINT('',(-14.91913529701,12.201262739849,
    211.72687598913));
#6415 = CARTESIAN_POINT('',(-14.60843044626,12.580574507259,
    211.56036528828));
#6416 = CARTESIAN_POINT('',(-14.33593804719,12.914922480065,
    211.4110689065));
#6417 = CARTESIAN_POINT('',(-14.09900591404,13.228601973417,
    211.28004758603));
#6418 = CARTESIAN_POINT('',(-14.99357396194,12.280711320913,
    210.91246243118));
#6419 = CARTESIAN_POINT('',(-14.6583549941,12.631475190044,
    210.7122160435));
#6420 = CARTESIAN_POINT('',(-14.36157786622,12.937940640158,
    210.53481516975));
#6421 = CARTESIAN_POINT('',(-14.09900591404,13.228601973417,
    210.382449685));
#6422 = ADVANCED_FACE('',(#6423),#6443,.F.);
#6423 = FACE_BOUND('',#6424,.F.);
#6424 = EDGE_LOOP('',(#6425,#6426,#6427,#6436));
#6425 = ORIENTED_EDGE('',*,*,#3016,.F.);
#6426 = ORIENTED_EDGE('',*,*,#6376,.T.);
#6427 = ORIENTED_EDGE('',*,*,#6428,.F.);
#6428 = EDGE_CURVE('',#6429,#3494,#6431,.T.);
#6429 = VERTEX_POINT('',#6430);
#6430 = CARTESIAN_POINT('',(-14.99357396194,-11.29647596714,
    210.91246243118));
#6431 = B_SPLINE_CURVE_WITH_KNOTS('',3,(#6432,#6433,#6434,#6435),
  .UNSPECIFIED.,.F.,.F.,(4,4),(-0.163466190699,0.),
  .PIECEWISE_BEZIER_KNOTS.);
#6432 = CARTESIAN_POINT('',(-14.99357396194,-11.29647596714,
    210.91246243118));
#6433 = CARTESIAN_POINT('',(-14.65835499395,-11.64723983643,
    210.71221604341));
#6434 = CARTESIAN_POINT('',(-14.36157786596,-11.95370528666,
    210.53481516959));
#6435 = CARTESIAN_POINT('',(-14.09900591369,-12.24436662003,
    210.3824496848));
#6436 = ORIENTED_EDGE('',*,*,#6437,.F.);
#6437 = EDGE_CURVE('',#3008,#6429,#6438,.T.);
#6438 = CIRCLE('',#6439,4.);
#6439 = AXIS2_PLACEMENT_3D('',#6440,#6441,#6442);
#6440 = CARTESIAN_POINT('',(-12.28279210741,-8.403251429353,
    210.382449685));
#6441 = DIRECTION('',(0.729740563984,-0.683724147062,0.));
#6442 = DIRECTION('',(0.,0.,1.));
#6443 = B_SPLINE_SURFACE_WITH_KNOTS('',3,3,(
    (#6444,#6445,#6446,#6447)
    ,(#6448,#6449,#6450,#6451)
    ,(#6452,#6453,#6454,#6455)
    ,(#6456,#6457,#6458,#6459)
    ,(#6460,#6461,#6462,#6463
  )),.UNSPECIFIED.,.F.,.F.,.F.,(4,1,4),(4,4),(0.,0.571428571429,1.),(0.,
    0.163466190699),.UNSPECIFIED.);
#6444 = CARTESIAN_POINT('',(-11.13079414217,-9.563001505126,
    214.382449685));
#6445 = CARTESIAN_POINT('',(-11.49605459318,-9.158666278895,
    214.382449685));
#6446 = CARTESIAN_POINT('',(-11.8851657401,-8.775804035384,214.382449685
    ));
#6447 = CARTESIAN_POINT('',(-12.28279210741,-8.403251429353,
    214.382449685));
#6448 = CARTESIAN_POINT('',(-12.01888102751,-10.36526407149,
    214.382449685));
#6449 = CARTESIAN_POINT('',(-12.33132631562,-9.97523219485,
    214.38135649118));
#6450 = CARTESIAN_POINT('',(-12.67311909651,-9.5922938202,
    214.38358334219));
#6451 = CARTESIAN_POINT('',(-13.03184241948,-9.202714779492,
    214.382449685));
#6452 = CARTESIAN_POINT('',(-13.55628921721,-11.7540978221,
    213.37781802462));
#6453 = CARTESIAN_POINT('',(-13.78056352121,-11.39103381427,
    213.42960261867));
#6454 = CARTESIAN_POINT('',(-14.03900019017,-11.00776697994,
    213.48720911862));
#6455 = CARTESIAN_POINT('',(-14.33275401262,-10.5911811131,
    213.54895321702));
#6456 = CARTESIAN_POINT('',(-14.09900591372,-12.24436662006,
    211.28004758586));
#6457 = CARTESIAN_POINT('',(-14.33593804695,-11.93068712659,
    211.41106890637));
#6458 = CARTESIAN_POINT('',(-14.60843044613,-11.59633915365,
    211.56036528821));
#6459 = CARTESIAN_POINT('',(-14.91913529701,-11.21702738608,
    211.72687598913));
#6460 = CARTESIAN_POINT('',(-14.09900591369,-12.24436662003,
    210.3824496848));
#6461 = CARTESIAN_POINT('',(-14.36157786596,-11.95370528666,
    210.53481516959));
#6462 = CARTESIAN_POINT('',(-14.65835499395,-11.64723983643,
    210.71221604341));
#6463 = CARTESIAN_POINT('',(-14.99357396194,-11.29647596714,
    210.91246243118));
#6464 = ADVANCED_FACE('',(#6465),#6477,.F.);
#6465 = FACE_BOUND('',#6466,.F.);
#6466 = EDGE_LOOP('',(#6467,#6468,#6469,#6476));
#6467 = ORIENTED_EDGE('',*,*,#3007,.F.);
#6468 = ORIENTED_EDGE('',*,*,#6437,.T.);
#6469 = ORIENTED_EDGE('',*,*,#6470,.F.);
#6470 = EDGE_CURVE('',#6244,#6429,#6471,.T.);
#6471 = B_SPLINE_CURVE_WITH_KNOTS('',3,(#6472,#6473,#6474,#6475),
  .UNSPECIFIED.,.F.,.F.,(4,4),(-0.43908952223,-7.94666E-16),
  .PIECEWISE_BEZIER_KNOTS.);
#6472 = CARTESIAN_POINT('',(-17.75049800688,-8.394962592665,
    212.38244968499));
#6473 = CARTESIAN_POINT('',(-16.79317904173,-9.463920986223,
    211.8919745735));
#6474 = CARTESIAN_POINT('',(-15.84886967309,-10.4087181881,
    211.38407843983));
#6475 = CARTESIAN_POINT('',(-14.99357396194,-11.29647596714,
    210.91246243118));
#6476 = ORIENTED_EDGE('',*,*,#6243,.T.);
#6477 = B_SPLINE_SURFACE_WITH_KNOTS('',3,3,(
    (#6478,#6479,#6480,#6481)
    ,(#6482,#6483,#6484,#6485)
    ,(#6486,#6487,#6488,#6489)
    ,(#6490,#6491,#6492,#6493)
    ,(#6494,#6495,#6496,#6497
  )),.UNSPECIFIED.,.F.,.F.,.F.,(4,1,4),(4,4),(0.,0.571428571429,1.),(
    7.94666E-16,0.43908952223),.UNSPECIFIED.);
#6478 = CARTESIAN_POINT('',(-12.28279210741,-8.403251429353,
    214.382449685));
#6479 = CARTESIAN_POINT('',(-13.35086355938,-7.402531065785,
    214.382449685));
#6480 = CARTESIAN_POINT('',(-14.50436637831,-6.49631904459,214.382449685
    ));
#6481 = CARTESIAN_POINT('',(-15.67676841219,-5.620139072478,
    214.382449685));
#6482 = CARTESIAN_POINT('',(-13.03184241948,-9.202714779492,
    214.382449685));
#6483 = CARTESIAN_POINT('',(-13.9900582139,-8.178976474093,
    214.37977971985));
#6484 = CARTESIAN_POINT('',(-15.05733384026,-7.214332782915,
    214.38373312498));
#6485 = CARTESIAN_POINT('',(-16.15439754494,-6.259246772388,
    214.382449685));
#6486 = CARTESIAN_POINT('',(-14.33274414071,-10.59117057678,
    213.54893174213));
#6487 = CARTESIAN_POINT('',(-15.10643414274,-9.533350346477,
    213.6943501218));
#6488 = CARTESIAN_POINT('',(-16.02119709526,-8.465866664229,
    213.8312894517));
#6489 = CARTESIAN_POINT('',(-16.98846252214,-7.375295423093,
    213.95148428896));
#6490 = CARTESIAN_POINT('',(-14.91913529701,-11.21702738608,
    211.72687598913));
#6491 = CARTESIAN_POINT('',(-15.71847028188,-10.26037170086,
    212.11903842984));
#6492 = CARTESIAN_POINT('',(-16.63002621254,-9.253802711246,
    212.52241415268));
#6493 = CARTESIAN_POINT('',(-17.5713870821,-8.155297205201,
    212.90067807477));
#6494 = CARTESIAN_POINT('',(-14.99357396194,-11.29647596714,
    210.91246243118));
#6495 = CARTESIAN_POINT('',(-15.84886967309,-10.4087181881,
    211.38407843983));
#6496 = CARTESIAN_POINT('',(-16.79317904173,-9.463920986223,
    211.8919745735));
#6497 = CARTESIAN_POINT('',(-17.75049800688,-8.394962592665,
    212.38244968499));
#6498 = ADVANCED_FACE('',(#6499),#6527,.T.);
#6499 = FACE_BOUND('',#6500,.T.);
#6500 = EDGE_LOOP('',(#6501,#6502,#6511,#6519,#6526));
#6501 = ORIENTED_EDGE('',*,*,#6428,.F.);
#6502 = ORIENTED_EDGE('',*,*,#6503,.F.);
#6503 = EDGE_CURVE('',#6504,#6429,#6506,.T.);
#6504 = VERTEX_POINT('',#6505);
#6505 = CARTESIAN_POINT('',(-17.70435581646,-11.09879141402,
    208.90352244212));
#6506 = CIRCLE('',#6507,4.);
#6507 = AXIS2_PLACEMENT_3D('',#6508,#6509,#6510);
#6508 = CARTESIAN_POINT('',(-17.70435581646,-14.18970050493,
    211.44247517735));
#6509 = DIRECTION('',(0.465786691538,-0.561677935215,-0.683784070506));
#6510 = DIRECTION('',(-2.164934898019E-15,0.772727272727,-0.634738183808
    ));
#6511 = ORIENTED_EDGE('',*,*,#6512,.T.);
#6512 = EDGE_CURVE('',#6504,#6027,#6513,.T.);
#6513 = B_SPLINE_CURVE_WITH_KNOTS('',3,(#6514,#6515,#6516,#6517,#6518),
  .UNSPECIFIED.,.F.,.F.,(4,1,4),(-0.578779017594,-0.248048150398,0.),
  .UNSPECIFIED.);
#6514 = CARTESIAN_POINT('',(-17.70435581646,-11.09879141402,
    208.90352244212));
#6515 = CARTESIAN_POINT('',(-17.19085569506,-11.40839846502,
    208.52660827776));
#6516 = CARTESIAN_POINT('',(-16.35101605433,-11.85280717685,
    207.737680746));
#6517 = CARTESIAN_POINT('',(-16.02342035896,-12.00788232311,
    206.77798329088));
#6518 = CARTESIAN_POINT('',(-16.02342035896,-12.00788232311,
    206.36456970689));
#6519 = ORIENTED_EDGE('',*,*,#6520,.T.);
#6520 = EDGE_CURVE('',#6027,#3503,#6521,.T.);
#6521 = CIRCLE('',#6522,4.);
#6522 = AXIS2_PLACEMENT_3D('',#6523,#6524,#6525);
#6523 = CARTESIAN_POINT('',(-16.02342035896,-16.00788232311,
    206.36456970689));
#6524 = DIRECTION('',(0.,0.,-1.));
#6525 = DIRECTION('',(0.,1.,0.));
#6526 = ORIENTED_EDGE('',*,*,#3502,.T.);
#6527 = B_SPLINE_SURFACE_WITH_KNOTS('',3,3,(
    (#6528,#6529,#6530,#6531,#6532)
    ,(#6533,#6534,#6535,#6536,#6537)
    ,(#6538,#6539,#6540,#6541,#6542)
    ,(#6543,#6544,#6545,#6546,#6547)
    ,(#6548,#6549,#6550,#6551,#6552
  )),.UNSPECIFIED.,.F.,.F.,.F.,(4,1,4),(4,1,4),(0.,0.571428571429,1.),(
    0.,0.248048150398,0.578779017594),.UNSPECIFIED.);
#6528 = CARTESIAN_POINT('',(-16.02342035896,-12.00788232311,
    206.36456970689));
#6529 = CARTESIAN_POINT('',(-16.02342035896,-12.00788232311,
    206.77798329088));
#6530 = CARTESIAN_POINT('',(-16.35101605433,-11.85280717685,
    207.737680746));
#6531 = CARTESIAN_POINT('',(-17.19085569506,-11.40839846502,
    208.52660827776));
#6532 = CARTESIAN_POINT('',(-17.70435581646,-11.09879141402,
    208.90352244212));
#6533 = CARTESIAN_POINT('',(-15.43618547685,-12.00788232311,
    206.36456970689));
#6534 = CARTESIAN_POINT('',(-15.43618547685,-12.00788232311,
    206.84041628744));
#6535 = CARTESIAN_POINT('',(-15.74291504874,-11.80493348234,
    207.94498393212));
#6536 = CARTESIAN_POINT('',(-16.52231758944,-11.23914206883,
    208.80593197238));
#6537 = CARTESIAN_POINT('',(-16.99309423129,-10.86115208622,
    209.19282343952));
#6538 = CARTESIAN_POINT('',(-14.40919177635,-12.23815579763,
    206.36456970689));
#6539 = CARTESIAN_POINT('',(-14.40919177635,-12.23815579763,
    206.97359628833));
#6540 = CARTESIAN_POINT('',(-14.67925534079,-11.97951887629,
    208.38661325225));
#6541 = CARTESIAN_POINT('',(-15.35348512727,-11.26049280189,
    209.48473377362));
#6542 = CARTESIAN_POINT('',(-15.75121761026,-10.78447588595,
    209.97579323344));
#6543 = CARTESIAN_POINT('',(-13.55269645592,-12.83148521337,
    206.36456970689));
#6544 = CARTESIAN_POINT('',(-13.55269645592,-12.83148521337,
    207.12606828608));
#6545 = CARTESIAN_POINT('',(-13.81710020578,-12.56942457339,
    208.89353507258));
#6546 = CARTESIAN_POINT('',(-14.48617231259,-11.82699527561,
    210.32748854533));
#6547 = CARTESIAN_POINT('',(-14.88846650299,-11.3190414944,
    211.00259646175));
#6548 = CARTESIAN_POINT('',(-13.2367385574,-13.13831710572,
    206.36456970689));
#6549 = CARTESIAN_POINT('',(-13.2367385574,-13.13831710572,
    207.19139687488));
#6550 = CARTESIAN_POINT('',(-13.50736108836,-12.88210599451,
    209.11079178511));
#6551 = CARTESIAN_POINT('',(-14.20114166113,-12.14786551409,
    210.68864684864));
#6552 = CARTESIAN_POINT('',(-14.6253374136,-11.63634082113,
    211.44247517735));
#6553 = ADVANCED_FACE('',(#6554),#6574,.T.);
#6554 = FACE_BOUND('',#6555,.T.);
#6555 = EDGE_LOOP('',(#6556,#6557,#6566,#6573));
#6556 = ORIENTED_EDGE('',*,*,#6470,.F.);
#6557 = ORIENTED_EDGE('',*,*,#6558,.T.);
#6558 = EDGE_CURVE('',#6244,#6559,#6561,.T.);
#6559 = VERTEX_POINT('',#6560);
#6560 = CARTESIAN_POINT('',(-19.82422760156,-8.714648472914,
    211.22455494813));
#6561 = CIRCLE('',#6562,4.);
#6562 = AXIS2_PLACEMENT_3D('',#6563,#6564,#6565);
#6563 = CARTESIAN_POINT('',(-19.82422760156,-11.16978611286,
    214.38244968496));
#6564 = DIRECTION('',(-0.421211436562,0.716023004249,0.556679425788));
#6565 = DIRECTION('',(0.8619229392,0.507039295204,3.955696881164E-12));
#6566 = ORIENTED_EDGE('',*,*,#6567,.T.);
#6567 = EDGE_CURVE('',#6559,#6504,#6568,.T.);
#6568 = B_SPLINE_CURVE_WITH_KNOTS('',3,(#6569,#6570,#6571,#6572),
  .UNSPECIFIED.,.F.,.F.,(4,4),(12.204963497301,12.674368540254),
  .PIECEWISE_BEZIER_KNOTS.);
#6569 = CARTESIAN_POINT('',(-19.82422760157,-8.714648472907,
    211.22455494813));
#6570 = CARTESIAN_POINT('',(-19.15962126706,-9.60657474288,
    210.53111772493));
#6571 = CARTESIAN_POINT('',(-18.43316455629,-10.40496390006,
    209.74818478682));
#6572 = CARTESIAN_POINT('',(-17.70435581646,-11.09879141402,
    208.90352244212));
#6573 = ORIENTED_EDGE('',*,*,#6503,.T.);
#6574 = B_SPLINE_SURFACE_WITH_KNOTS('',3,3,(
    (#6575,#6576,#6577,#6578)
    ,(#6579,#6580,#6581,#6582)
    ,(#6583,#6584,#6585,#6586)
    ,(#6587,#6588,#6589,#6590)
    ,(#6591,#6592,#6593,#6594
  )),.UNSPECIFIED.,.F.,.F.,.F.,(4,1,4),(4,4),(0.17308981649,
    0.645609921353,1.),(12.204963497301,12.674368540254),.UNSPECIFIED.);
#6575 = CARTESIAN_POINT('',(-16.70067929075,-8.775815503352,
    213.66666293542));
#6576 = CARTESIAN_POINT('',(-16.17270027222,-9.708582782305,
    212.85098776371));
#6577 = CARTESIAN_POINT('',(-15.58737533529,-10.55517619006,211.92202441
    ));
#6578 = CARTESIAN_POINT('',(-14.99357396194,-11.29647596714,
    210.91246243118));
#6579 = CARTESIAN_POINT('',(-17.06522497499,-8.491851916065,
    213.02558432592));
#6580 = CARTESIAN_POINT('',(-16.54696297706,-9.423636197876,
    212.26528572648));
#6581 = CARTESIAN_POINT('',(-15.96540747355,-10.27734492172,
    211.39135959214));
#6582 = CARTESIAN_POINT('',(-15.37176770707,-11.02949872929,
    210.43553871933));
#6583 = CARTESIAN_POINT('',(-18.03191038693,-8.24896551896,
    211.98173184657));
#6584 = CARTESIAN_POINT('',(-17.48079854272,-9.17261961834,
    211.30230888596));
#6585 = CARTESIAN_POINT('',(-16.8640211807,-10.02483667871,210.513228912
    ));
#6586 = CARTESIAN_POINT('',(-16.23376982681,-10.77717694586,
    209.64108807736));
#6587 = CARTESIAN_POINT('',(-19.28667556925,-8.517556469825,
    211.37778614664));
#6588 = CARTESIAN_POINT('',(-18.65604901563,-9.419361083219,
    210.70060570535));
#6589 = CARTESIAN_POINT('',(-17.96252303709,-10.23642506197,
    209.92662238887));
#6590 = CARTESIAN_POINT('',(-17.26324373052,-10.9514116289,
    209.08294189776));
#6591 = CARTESIAN_POINT('',(-19.82422760157,-8.714648472907,
    211.22455494813));
#6592 = CARTESIAN_POINT('',(-19.15962126706,-9.60657474288,
    210.53111772493));
#6593 = CARTESIAN_POINT('',(-18.43316455629,-10.40496390006,
    209.74818478682));
#6594 = CARTESIAN_POINT('',(-17.70435581646,-11.09879141402,
    208.90352244212));
#6595 = ADVANCED_FACE('',(#6596),#6611,.T.);
#6596 = FACE_BOUND('',#6597,.T.);
#6597 = EDGE_LOOP('',(#6598,#6599,#6610));
#6598 = ORIENTED_EDGE('',*,*,#6252,.F.);
#6599 = ORIENTED_EDGE('',*,*,#6600,.T.);
#6600 = EDGE_CURVE('',#2992,#6559,#6601,.T.);
#6601 = B_SPLINE_CURVE_WITH_KNOTS('',3,(#6602,#6603,#6604,#6605,#6606,
    #6607,#6608,#6609),.UNSPECIFIED.,.F.,.F.,(4,2,1,1,4),(
    -4.910094709797,-4.908145551136,-4.171266065594,-3.987046194208,
    -3.618606451437),.UNSPECIFIED.);
#6602 = CARTESIAN_POINT('',(-19.,0.492117676885,214.382449685));
#6603 = CARTESIAN_POINT('',(-19.00270951737,0.487455632723,214.382449685
    ));
#6604 = CARTESIAN_POINT('',(-19.00541676375,0.482792758452,
    214.38244751153));
#6605 = CARTESIAN_POINT('',(-20.03057002718,-1.2846966781,
    214.38079919636));
#6606 = CARTESIAN_POINT('',(-20.92591497548,-3.686822686566,
    213.96329996121));
#6607 = CARTESIAN_POINT('',(-20.81113607233,-6.806789877257,
    212.54857445836));
#6608 = CARTESIAN_POINT('',(-20.34144813017,-8.020519403005,
    211.76421271019));
#6609 = CARTESIAN_POINT('',(-19.82422760156,-8.714648472914,
    211.22455494813));
#6610 = ORIENTED_EDGE('',*,*,#6558,.F.);
#6611 = B_SPLINE_SURFACE_WITH_KNOTS('',3,3,(
    (#6612,#6613,#6614,#6615,#6616,#6617,#6618,#6619)
    ,(#6620,#6621,#6622,#6623,#6624,#6625,#6626,#6627)
    ,(#6628,#6629,#6630,#6631,#6632,#6633,#6634,#6635)
    ,(#6636,#6637,#6638,#6639,#6640,#6641,#6642,#6643
  )),.UNSPECIFIED.,.F.,.F.,.F.,(4,4),(4,2,1,1,4),(0.307072883169,1.),(
    -4.910094709797,-4.908145551136,-4.171266065594,-3.987046194208,
    -3.618606451437),.UNSPECIFIED.);
#6612 = CARTESIAN_POINT('',(-19.,0.492117676885,214.382449685));
#6613 = CARTESIAN_POINT('',(-19.00083201931,0.486594177532,214.382449685
    ));
#6614 = CARTESIAN_POINT('',(-19.00166143359,0.481071445401,
    214.38244830847));
#6615 = CARTESIAN_POINT('',(-19.31501239421,-1.611688593042,
    214.38140494489));
#6616 = CARTESIAN_POINT('',(-19.23197407002,-4.109417299463,
    214.10368609406));
#6617 = CARTESIAN_POINT('',(-18.21917729163,-6.928425703291,
    213.5080115271));
#6618 = CARTESIAN_POINT('',(-17.56447347603,-7.963558882765,
    213.26096682355));
#6619 = CARTESIAN_POINT('',(-17.0533289461,-8.569125152141,
    213.13397733503));
#6620 = CARTESIAN_POINT('',(-19.,0.492117676885,214.382449685));
#6621 = CARTESIAN_POINT('',(-19.0014578521,0.486881329312,214.382449685)
  );
#6622 = CARTESIAN_POINT('',(-19.0029132102,0.481645216368,
    214.38244750944));
#6623 = CARTESIAN_POINT('',(-19.55563395128,-1.499077320777,
    214.38422465046));
#6624 = CARTESIAN_POINT('',(-19.78617599266,-3.97279760873,
    213.94649436286));
#6625 = CARTESIAN_POINT('',(-18.94408008489,-6.741419752998,
    212.93838858666));
#6626 = CARTESIAN_POINT('',(-18.28363421169,-7.726389600979,
    212.49271408733));
#6627 = CARTESIAN_POINT('',(-17.73175540526,-8.274587555869,
    212.24180015907));
#6628 = CARTESIAN_POINT('',(-19.,0.492117676885,214.382449685));
#6629 = CARTESIAN_POINT('',(-19.00208368457,0.487168480944,214.382449685
    ));
#6630 = CARTESIAN_POINT('',(-19.00416498714,0.482218987485,
    214.38244724379));
#6631 = CARTESIAN_POINT('',(-19.79452562478,-1.397196988417,
    214.38381692153));
#6632 = CARTESIAN_POINT('',(-20.3565841784,-3.827086692954,
    213.90163120692));
#6633 = CARTESIAN_POINT('',(-19.87618502527,-6.697298099373,
    212.59572043017));
#6634 = CARTESIAN_POINT('',(-19.30933509764,-7.748623654219,
    211.93936115977));
#6635 = CARTESIAN_POINT('',(-18.77317001743,-8.329281043978,
    211.52416280679));
#6636 = CARTESIAN_POINT('',(-19.,0.492117676885,214.382449685));
#6637 = CARTESIAN_POINT('',(-19.00270951737,0.487455632723,214.382449685
    ));
#6638 = CARTESIAN_POINT('',(-19.00541676375,0.482792758452,
    214.38244751153));
#6639 = CARTESIAN_POINT('',(-20.03057002718,-1.2846966781,
    214.38079919636));
#6640 = CARTESIAN_POINT('',(-20.92591497548,-3.686822686566,
    213.96329996121));
#6641 = CARTESIAN_POINT('',(-20.81113607233,-6.806789877257,
    212.54857445836));
#6642 = CARTESIAN_POINT('',(-20.34144813017,-8.020519403005,
    211.76421271019));
#6643 = CARTESIAN_POINT('',(-19.82422760156,-8.714648472914,
    211.22455494813));
#6644 = ADVANCED_FACE('',(#6645),#6656,.F.);
#6645 = FACE_BOUND('',#6646,.F.);
#6646 = EDGE_LOOP('',(#6647,#6648,#6649,#6655));
#6647 = ORIENTED_EDGE('',*,*,#6017,.F.);
#6648 = ORIENTED_EDGE('',*,*,#5962,.T.);
#6649 = ORIENTED_EDGE('',*,*,#6650,.F.);
#6650 = EDGE_CURVE('',#3823,#5867,#6651,.T.);
#6651 = LINE('',#6652,#6653);
#6652 = CARTESIAN_POINT('',(-20.55903451329,-13.73202025415,
    68.382449685008));
#6653 = VECTOR('',#6654,1.);
#6654 = DIRECTION('',(0.,0.,1.));
#6655 = ORIENTED_EDGE('',*,*,#3831,.T.);
#6656 = CYLINDRICAL_SURFACE('',#6657,4.);
#6657 = AXIS2_PLACEMENT_3D('',#6658,#6659,#6660);
#6658 = CARTESIAN_POINT('',(-23.84848003542,-16.00788232311,
    103.79666324738));
#6659 = DIRECTION('',(-2.147809E-17,-2.806363E-15,-1.));
#6660 = DIRECTION('',(0.464238345443,0.885710313037,-2.495595604191E-15)
  );
#6661 = ADVANCED_FACE('',(#6662),#6695,.T.);
#6662 = FACE_BOUND('',#6663,.T.);
#6663 = EDGE_LOOP('',(#6664,#6665,#6673,#6685,#6693,#6694));
#6664 = ORIENTED_EDGE('',*,*,#3865,.F.);
#6665 = ORIENTED_EDGE('',*,*,#6666,.F.);
#6666 = EDGE_CURVE('',#6667,#3857,#6669,.T.);
#6667 = VERTEX_POINT('',#6668);
#6668 = CARTESIAN_POINT('',(16.52036824817,-18.27160884384,
    122.61895994089));
#6669 = LINE('',#6670,#6671);
#6670 = CARTESIAN_POINT('',(16.52036824817,-18.27160884384,
    122.61895994089));
#6671 = VECTOR('',#6672,1.);
#6672 = DIRECTION('',(0.,0.,-1.));
#6673 = ORIENTED_EDGE('',*,*,#6674,.F.);
#6674 = EDGE_CURVE('',#6675,#6667,#6677,.T.);
#6675 = VERTEX_POINT('',#6676);
#6676 = CARTESIAN_POINT('',(21.386691177738,-12.4542887924,
    133.32491699919));
#6677 = B_SPLINE_CURVE_WITH_KNOTS('',3,(#6678,#6679,#6680,#6681,#6682,
    #6683,#6684),.UNSPECIFIED.,.F.,.F.,(4,1,1,1,4),(-1.450843984342,
    -0.829053705338,-0.414526852669,-0.207263426335,0.),.UNSPECIFIED.);
#6678 = CARTESIAN_POINT('',(21.386691177738,-12.4542887924,
    133.32491699919));
#6679 = CARTESIAN_POINT('',(20.559455881705,-13.82083215326,
    132.39638811444));
#6680 = CARTESIAN_POINT('',(19.038520328305,-15.82512872521,
    130.45869309748));
#6681 = CARTESIAN_POINT('',(17.372256110863,-17.50205205652,
    127.26365474371));
#6682 = CARTESIAN_POINT('',(16.652501129441,-18.15622019856,
    124.7071305333));
#6683 = CARTESIAN_POINT('',(16.52036824817,-18.27160884384,
    123.30983802867));
#6684 = CARTESIAN_POINT('',(16.52036824817,-18.27160884384,
    122.61895994089));
#6685 = ORIENTED_EDGE('',*,*,#6686,.F.);
#6686 = EDGE_CURVE('',#5937,#6675,#6687,.T.);
#6687 = B_SPLINE_CURVE_WITH_KNOTS('',3,(#6688,#6689,#6690,#6691,#6692),
  .UNSPECIFIED.,.F.,.F.,(4,1,4),(-1.392885478317,-0.937603355058,
    -9.852909E-16),.UNSPECIFIED.);
#6688 = CARTESIAN_POINT('',(24.907220876119,-1.627200141144,
    137.30812866091));
#6689 = CARTESIAN_POINT('',(24.796692831565,-2.928082271799,
    137.18222423763));
#6690 = CARTESIAN_POINT('',(24.155125636633,-6.863468376526,
    136.45199503641));
#6691 = CARTESIAN_POINT('',(22.634086988148,-10.3936653262,
    134.7250543558));
#6692 = CARTESIAN_POINT('',(21.386691177738,-12.4542887924,
    133.32491699919));
#6693 = ORIENTED_EDGE('',*,*,#5936,.F.);
#6694 = ORIENTED_EDGE('',*,*,#6650,.F.);
#6695 = CYLINDRICAL_SURFACE('',#6696,25.);
#6696 = AXIS2_PLACEMENT_3D('',#6697,#6698,#6699);
#6697 = CARTESIAN_POINT('',(3.29796E-14,0.492117676884,103.79666324738)
  );
#6698 = DIRECTION('',(-2.147809E-17,-2.806363E-15,-1.));
#6699 = DIRECTION('',(1.,-6.027531708667E-32,-2.147809E-17));
#6700 = ADVANCED_FACE('',(#6701),#6720,.F.);
#6701 = FACE_BOUND('',#6702,.F.);
#6702 = EDGE_LOOP('',(#6703,#6704,#6713,#6719));
#6703 = ORIENTED_EDGE('',*,*,#3475,.F.);
#6704 = ORIENTED_EDGE('',*,*,#6705,.F.);
#6705 = EDGE_CURVE('',#6706,#3476,#6708,.T.);
#6706 = VERTEX_POINT('',#6707);
#6707 = CARTESIAN_POINT('',(-16.02342035896,12.992117676885,
    206.36456970689));
#6708 = CIRCLE('',#6709,4.);
#6709 = AXIS2_PLACEMENT_3D('',#6710,#6711,#6712);
#6710 = CARTESIAN_POINT('',(-16.02342035896,16.992117676885,
    206.36456970689));
#6711 = DIRECTION('',(0.,0.,1.));
#6712 = DIRECTION('',(0.,-1.,0.));
#6713 = ORIENTED_EDGE('',*,*,#6714,.F.);
#6714 = EDGE_CURVE('',#5665,#6706,#6715,.T.);
#6715 = LINE('',#6716,#6717);
#6716 = CARTESIAN_POINT('',(-16.02342035896,12.992117676884,
    147.86773105846));
#6717 = VECTOR('',#6718,1.);
#6718 = DIRECTION('',(0.,0.,1.));
#6719 = ORIENTED_EDGE('',*,*,#5782,.T.);
#6720 = CYLINDRICAL_SURFACE('',#6721,4.);
#6721 = AXIS2_PLACEMENT_3D('',#6722,#6723,#6724);
#6722 = CARTESIAN_POINT('',(-16.02342035896,16.992117676885,
    180.29666324738));
#6723 = DIRECTION('',(2.147809E-17,2.806363E-15,1.));
#6724 = DIRECTION('',(0.375904705778,-0.926658325476,2.592465923156E-15)
  );
#6725 = ADVANCED_FACE('',(#6726),#6748,.T.);
#6726 = FACE_BOUND('',#6727,.T.);
#6727 = EDGE_LOOP('',(#6728,#6729,#6730,#6731,#6741));
#6728 = ORIENTED_EDGE('',*,*,#6394,.F.);
#6729 = ORIENTED_EDGE('',*,*,#3483,.T.);
#6730 = ORIENTED_EDGE('',*,*,#6705,.F.);
#6731 = ORIENTED_EDGE('',*,*,#6732,.T.);
#6732 = EDGE_CURVE('',#6706,#6733,#6735,.T.);
#6733 = VERTEX_POINT('',#6734);
#6734 = CARTESIAN_POINT('',(-17.70435581646,12.083026767794,
    208.90352244212));
#6735 = B_SPLINE_CURVE_WITH_KNOTS('',3,(#6736,#6737,#6738,#6739,#6740),
  .UNSPECIFIED.,.F.,.F.,(4,1,4),(-0.579121195679,-0.248194798148,0.),
  .UNSPECIFIED.);
#6736 = CARTESIAN_POINT('',(-16.02342035896,12.992117676885,
    206.36456970689));
#6737 = CARTESIAN_POINT('',(-16.02342035896,12.992117676885,
    206.91611370277));
#6738 = CARTESIAN_POINT('',(-16.47031895731,12.780896970354,
    207.87671316606));
#6739 = CARTESIAN_POINT('',(-17.31900303684,12.315369337385,
    208.62066969319));
#6740 = CARTESIAN_POINT('',(-17.70435581646,12.083026767794,
    208.90352244212));
#6741 = ORIENTED_EDGE('',*,*,#6742,.T.);
#6742 = EDGE_CURVE('',#6733,#6329,#6743,.T.);
#6743 = CIRCLE('',#6744,4.);
#6744 = AXIS2_PLACEMENT_3D('',#6745,#6746,#6747);
#6745 = CARTESIAN_POINT('',(-17.70435581646,15.173935858703,
    211.44247517735));
#6746 = DIRECTION('',(-0.465786691538,-0.561677935215,0.683784070506));
#6747 = DIRECTION('',(-1.110223024625E-16,-0.772727272727,
    -0.634738183808));
#6748 = B_SPLINE_SURFACE_WITH_KNOTS('',3,3,(
    (#6749,#6750,#6751,#6752,#6753)
    ,(#6754,#6755,#6756,#6757,#6758)
    ,(#6759,#6760,#6761,#6762,#6763)
    ,(#6764,#6765,#6766,#6767,#6768)
    ,(#6769,#6770,#6771,#6772,#6773
  )),.UNSPECIFIED.,.F.,.F.,.F.,(4,1,4),(4,1,4),(0.,0.571428571429,1.),(
    0.,0.248194798148,0.579121195679),.UNSPECIFIED.);
#6749 = CARTESIAN_POINT('',(-17.70435581646,12.083026767794,
    208.90352244212));
#6750 = CARTESIAN_POINT('',(-17.31900303684,12.315369337385,
    208.62066969319));
#6751 = CARTESIAN_POINT('',(-16.47031895731,12.780896970354,
    207.87671316606));
#6752 = CARTESIAN_POINT('',(-16.02342035896,12.992117676885,
    206.91611370277));
#6753 = CARTESIAN_POINT('',(-16.02342035896,12.992117676885,
    206.36456970689));
#6754 = CARTESIAN_POINT('',(-16.99309423129,11.845387439989,
    209.19282343952));
#6755 = CARTESIAN_POINT('',(-16.63980300514,12.129047529634,
    208.90248328952));
#6756 = CARTESIAN_POINT('',(-15.85475515561,12.715310089567,
    208.10321185361));
#6757 = CARTESIAN_POINT('',(-15.43618547685,12.992117676885,
    206.99940691259));
#6758 = CARTESIAN_POINT('',(-15.43618547685,12.992117676885,
    206.36456970689));
#6759 = CARTESIAN_POINT('',(-15.75121771965,11.768711420068,
    209.97579330706));
#6760 = CARTESIAN_POINT('',(-15.4527420008,12.125935175347,
    209.60728097393));
#6761 = CARTESIAN_POINT('',(-14.77770590869,12.868991064877,
    208.58857955176));
#6762 = CARTESIAN_POINT('',(-14.40919180332,13.222391210531,
    207.17708522968));
#6763 = CARTESIAN_POINT('',(-14.40919180332,13.222391210531,
    206.36456970689));
#6764 = CARTESIAN_POINT('',(-14.88846650299,12.303276848177,
    211.00259646175));
#6765 = CARTESIAN_POINT('',(-14.5865674809,12.684467413376,
    210.49596617815));
#6766 = CARTESIAN_POINT('',(-13.91347700267,13.458418303138,
    209.14873931657));
#6767 = CARTESIAN_POINT('',(-13.55269645592,13.815720567142,
    207.38050141665));
#6768 = CARTESIAN_POINT('',(-13.55269645592,13.815720567142,
    206.36456970689));
#6769 = CARTESIAN_POINT('',(-14.6253374136,12.620576174908,
    211.44247517735));
#6770 = CARTESIAN_POINT('',(-14.30700250869,13.004446507277,
    210.87676967949));
#6771 = CARTESIAN_POINT('',(-13.60591566038,13.773579118268,
    209.38885662523));
#6772 = CARTESIAN_POINT('',(-13.2367385574,14.122552459493,
    207.46765769866));
#6773 = CARTESIAN_POINT('',(-13.2367385574,14.122552459493,
    206.36456970689));
#6774 = ADVANCED_FACE('',(#6775),#6795,.T.);
#6775 = FACE_BOUND('',#6776,.T.);
#6776 = EDGE_LOOP('',(#6777,#6778,#6779,#6788));
#6777 = ORIENTED_EDGE('',*,*,#6328,.F.);
#6778 = ORIENTED_EDGE('',*,*,#6742,.F.);
#6779 = ORIENTED_EDGE('',*,*,#6780,.T.);
#6780 = EDGE_CURVE('',#6733,#6781,#6783,.T.);
#6781 = VERTEX_POINT('',#6782);
#6782 = CARTESIAN_POINT('',(-19.82422760003,9.698883828743,
    211.22455494653));
#6783 = B_SPLINE_CURVE_WITH_KNOTS('',3,(#6784,#6785,#6786,#6787),
  .UNSPECIFIED.,.F.,.F.,(4,4),(12.674368540254,13.143773582843),
  .PIECEWISE_BEZIER_KNOTS.);
#6784 = CARTESIAN_POINT('',(-17.70435581646,12.083026767794,
    208.90352244212));
#6785 = CARTESIAN_POINT('',(-18.43316455582,11.389199254283,
    209.74818478627));
#6786 = CARTESIAN_POINT('',(-19.15962126586,10.59081009799,
    210.53111772364));
#6787 = CARTESIAN_POINT('',(-19.82422760003,9.698883828743,
    211.22455494653));
#6788 = ORIENTED_EDGE('',*,*,#6789,.T.);
#6789 = EDGE_CURVE('',#6781,#6162,#6790,.T.);
#6790 = CIRCLE('',#6791,4.);
#6791 = AXIS2_PLACEMENT_3D('',#6792,#6793,#6794);
#6792 = CARTESIAN_POINT('',(-19.82422760003,12.154021469238,
    214.38244968293));
#6793 = DIRECTION('',(-0.421211436598,-0.716023004139,0.556679425902));
#6794 = DIRECTION('',(-2.775557561563E-17,-0.613784410124,
    -0.789473684102));
#6795 = B_SPLINE_SURFACE_WITH_KNOTS('',3,3,(
    (#6796,#6797,#6798,#6799)
    ,(#6800,#6801,#6802,#6803)
    ,(#6804,#6805,#6806,#6807)
    ,(#6808,#6809,#6810,#6811)
    ,(#6812,#6813,#6814,#6815
  )),.UNSPECIFIED.,.F.,.F.,.F.,(4,1,4),(4,4),(0.17308981649,
    0.645609921353,1.),(12.674368540254,13.143773582901),.UNSPECIFIED.);
#6796 = CARTESIAN_POINT('',(-14.99357396194,12.280711320913,
    210.91246243118));
#6797 = CARTESIAN_POINT('',(-15.5873753349,11.539411544313,
    211.92202440935));
#6798 = CARTESIAN_POINT('',(-16.17270027146,10.692818137174,
    212.8509877625));
#6799 = CARTESIAN_POINT('',(-16.70067928972,9.760050858939,
    213.66666293383));
#6800 = CARTESIAN_POINT('',(-15.37176770707,12.013734083067,
    210.43553871933));
#6801 = CARTESIAN_POINT('',(-15.96540747317,11.261580275979,
    211.39135959152));
#6802 = CARTESIAN_POINT('',(-16.5469629763,10.407871552756,
    212.26528572535));
#6803 = CARTESIAN_POINT('',(-17.06522497398,9.476087271649,
    213.02558432444));
#6804 = CARTESIAN_POINT('',(-16.23376985134,11.761412360253,
    209.64108811044));
#6805 = CARTESIAN_POINT('',(-16.86402120482,11.009072093594,
    210.51322894452));
#6806 = CARTESIAN_POINT('',(-17.48079860025,10.156855074116,
    211.30230897059));
#6807 = CARTESIAN_POINT('',(-18.03191044418,9.233200975427,
    211.98173193089));
#6808 = CARTESIAN_POINT('',(-17.26324373052,11.935646982671,
    209.08294189776));
#6809 = CARTESIAN_POINT('',(-17.96252303664,11.220660416209,
    209.92662238832));
#6810 = CARTESIAN_POINT('',(-18.65604901473,10.40359643805,
    210.70060570435));
#6811 = CARTESIAN_POINT('',(-19.28667556802,9.501791825351,
    211.37778614533));
#6812 = CARTESIAN_POINT('',(-17.70435581646,12.083026767794,
    208.90352244212));
#6813 = CARTESIAN_POINT('',(-18.43316455582,11.389199254283,
    209.74818478627));
#6814 = CARTESIAN_POINT('',(-19.15962126612,10.590810097687,
    210.53111772392));
#6815 = CARTESIAN_POINT('',(-19.82422760027,9.698883828414,
    211.22455494678));
#6816 = ADVANCED_FACE('',(#6817),#6836,.T.);
#6817 = FACE_BOUND('',#6818,.T.);
#6818 = EDGE_LOOP('',(#6819,#6820,#6821));
#6819 = ORIENTED_EDGE('',*,*,#6161,.F.);
#6820 = ORIENTED_EDGE('',*,*,#6789,.F.);
#6821 = ORIENTED_EDGE('',*,*,#6822,.T.);
#6822 = EDGE_CURVE('',#6781,#2992,#6823,.T.);
#6823 = B_SPLINE_CURVE_WITH_KNOTS('',3,(#6824,#6825,#6826,#6827,#6828,
    #6829,#6830,#6831,#6832,#6833,#6834,#6835),.UNSPECIFIED.,.F.,.F.,(4,
    1,1,1,1,1,1,2,4),(-1.289332406582,-0.920951718987,-0.828856547089,
    -0.73676137519,-0.644666203291,-0.552571031392,-0.184190343797,0.,
    1.949154419526E-03),.UNSPECIFIED.);
#6824 = CARTESIAN_POINT('',(-19.82422760003,9.698883828743,
    211.22455494653));
#6825 = CARTESIAN_POINT('',(-20.34144812918,9.004754758852,
    211.76421270877));
#6826 = CARTESIAN_POINT('',(-20.73318150602,7.986455823117,
    212.42378803379));
#6827 = CARTESIAN_POINT('',(-20.85165874484,6.678901471399,
    213.05286063825));
#6828 = CARTESIAN_POINT('',(-20.84874835715,6.003358826006,
    213.33943641624));
#6829 = CARTESIAN_POINT('',(-20.78479059774,5.315497713674,
    213.59152855784));
#6830 = CARTESIAN_POINT('',(-20.5466334034,3.930321140914,
    214.02482400242));
#6831 = CARTESIAN_POINT('',(-19.97474079213,2.302391538173,
    214.32181918061));
#6832 = CARTESIAN_POINT('',(-19.2637338033,0.946812721728,
    214.38203217081));
#6833 = CARTESIAN_POINT('',(-19.00541676376,0.501442595324,
    214.38244751153));
#6834 = CARTESIAN_POINT('',(-19.00270951737,0.496779721042,214.382449685
    ));
#6835 = CARTESIAN_POINT('',(-19.,0.492117676885,214.382449685));
#6836 = B_SPLINE_SURFACE_WITH_KNOTS('',3,3,(
    (#6837,#6838,#6839,#6840,#6841,#6842,#6843,#6844,#6845,#6846,#6847
      ,#6848)
    ,(#6849,#6850,#6851,#6852,#6853,#6854,#6855,#6856,#6857,#6858,#6859
      ,#6860)
    ,(#6861,#6862,#6863,#6864,#6865,#6866,#6867,#6868,#6869,#6870,#6871
      ,#6872)
    ,(#6873,#6874,#6875,#6876,#6877,#6878,#6879,#6880,#6881,#6882,#6883
      ,#6884
    )),.UNSPECIFIED.,.F.,.F.,.F.,(4,4),(4,1,1,1,1,1,1,2,4),(
    0.307072883784,1.),(-1.289332406582,-0.920951718987,-0.828856547089,
    -0.73676137519,-0.644666203291,-0.552571031392,-0.184190343797,0.,
    1.949154419526E-03),.UNSPECIFIED.);
#6837 = CARTESIAN_POINT('',(-17.05332894639,9.553360506923,
    213.13397733228));
#6838 = CARTESIAN_POINT('',(-17.56447347672,8.947794237677,
    213.26096682109));
#6839 = CARTESIAN_POINT('',(-18.11346292627,8.082346805757,
    213.47078029234));
#6840 = CARTESIAN_POINT('',(-18.58017370406,6.908148111496,
    213.72071971897));
#6841 = CARTESIAN_POINT('',(-18.77912377476,6.287273035605,
    213.84344991014));
#6842 = CARTESIAN_POINT('',(-18.9397129973,5.637466095677,
    213.95943195012));
#6843 = CARTESIAN_POINT('',(-19.18382155483,4.291594565861,
    214.17168553009));
#6844 = CARTESIAN_POINT('',(-19.24620470957,2.588434521003,
    214.34444930688));
#6845 = CARTESIAN_POINT('',(-19.08061927876,1.030495378371,
    214.38218540281));
#6846 = CARTESIAN_POINT('',(-19.00166143359,0.503163908375,
    214.38244830847));
#6847 = CARTESIAN_POINT('',(-19.00083201931,0.497641176232,214.382449685
    ));
#6848 = CARTESIAN_POINT('',(-19.,0.492117676885,214.382449685));
#6849 = CARTESIAN_POINT('',(-17.73175540545,9.258822911323,
    212.24180015702));
#6850 = CARTESIAN_POINT('',(-18.28363864821,8.711123341384,
    212.49146650222));
#6851 = CARTESIAN_POINT('',(-18.83755267925,7.886563851933,
    212.86952894774));
#6852 = CARTESIAN_POINT('',(-19.24404042528,6.739172482851,
    213.29775958185));
#6853 = CARTESIAN_POINT('',(-19.40073647231,6.12905952371,
    213.50473311361));
#6854 = CARTESIAN_POINT('',(-19.5072420015,5.488891646882,213.6976377843
    ));
#6855 = CARTESIAN_POINT('',(-19.62454075292,4.162331266287,
    214.04639971082));
#6856 = CARTESIAN_POINT('',(-19.48931728377,2.493033918659,
    214.32232822522));
#6857 = CARTESIAN_POINT('',(-19.14146234989,1.002713222932,
    214.38203590553));
#6858 = CARTESIAN_POINT('',(-19.0029132102,0.502590137409,
    214.38244750944));
#6859 = CARTESIAN_POINT('',(-19.0014578521,0.497354024452,214.382449685)
  );
#6860 = CARTESIAN_POINT('',(-19.,0.492117676885,214.382449685));
#6861 = CARTESIAN_POINT('',(-18.77317001677,9.313516399817,
    211.52416280529));
#6862 = CARTESIAN_POINT('',(-19.30806381248,8.731838426412,
    211.93881902472));
#6863 = CARTESIAN_POINT('',(-19.7833617674,7.851188101978,
    212.49247479412));
#6864 = CARTESIAN_POINT('',(-20.04681514506,6.658045724768,
    213.06132459711));
#6865 = CARTESIAN_POINT('',(-20.1240234726,6.029778816444,
    213.32823768716));
#6866 = CARTESIAN_POINT('',(-20.14571342586,5.377333432178,
    213.56995692909));
#6867 = CARTESIAN_POINT('',(-20.08528197686,4.039649337647,
    213.99702457996));
#6868 = CARTESIAN_POINT('',(-19.73190909799,2.397800207214,
    214.31462085841));
#6869 = CARTESIAN_POINT('',(-19.20276352343,0.974622508712,
    214.38188110594));
#6870 = CARTESIAN_POINT('',(-19.00416498714,0.502016366291,
    214.38244724379));
#6871 = CARTESIAN_POINT('',(-19.00208368457,0.497066872821,214.382449685
    ));
#6872 = CARTESIAN_POINT('',(-19.,0.492117676885,214.382449685));
#6873 = CARTESIAN_POINT('',(-19.82422760003,9.698883828743,
    211.22455494653));
#6874 = CARTESIAN_POINT('',(-20.34144812918,9.004754758852,
    211.76421270877));
#6875 = CARTESIAN_POINT('',(-20.73318150602,7.986455823117,
    212.42378803379));
#6876 = CARTESIAN_POINT('',(-20.85165874484,6.678901471399,
    213.05286063825));
#6877 = CARTESIAN_POINT('',(-20.84874835715,6.003358826006,
    213.33943641624));
#6878 = CARTESIAN_POINT('',(-20.78479059774,5.315497713674,
    213.59152855784));
#6879 = CARTESIAN_POINT('',(-20.5466334034,3.930321140914,
    214.02482400242));
#6880 = CARTESIAN_POINT('',(-19.97474079213,2.302391538173,
    214.32181918061));
#6881 = CARTESIAN_POINT('',(-19.2637338033,0.946812721728,
    214.38203217081));
#6882 = CARTESIAN_POINT('',(-19.00541676376,0.501442595324,
    214.38244751153));
#6883 = CARTESIAN_POINT('',(-19.00270951737,0.496779721042,214.382449685
    ));
#6884 = CARTESIAN_POINT('',(-19.,0.492117676885,214.382449685));
#6885 = ADVANCED_FACE('',(#6886),#6892,.F.);
#6886 = FACE_BOUND('',#6887,.F.);
#6887 = EDGE_LOOP('',(#6888,#6889,#6890,#6891));
#6888 = ORIENTED_EDGE('',*,*,#6026,.F.);
#6889 = ORIENTED_EDGE('',*,*,#6520,.T.);
#6890 = ORIENTED_EDGE('',*,*,#3512,.F.);
#6891 = ORIENTED_EDGE('',*,*,#5849,.T.);
#6892 = CYLINDRICAL_SURFACE('',#6893,4.);
#6893 = AXIS2_PLACEMENT_3D('',#6894,#6895,#6896);
#6894 = CARTESIAN_POINT('',(-16.02342035896,-16.00788232311,
    180.29666324738));
#6895 = DIRECTION('',(-2.147809E-17,-2.806363E-15,-1.));
#6896 = DIRECTION('',(0.375904705778,0.926658325476,-2.60861335336E-15)
  );
#6897 = ADVANCED_FACE('',(#6898),#6917,.T.);
#6898 = FACE_BOUND('',#6899,.T.);
#6899 = EDGE_LOOP('',(#6900,#6901,#6909,#6916));
#6900 = ORIENTED_EDGE('',*,*,#6512,.F.);
#6901 = ORIENTED_EDGE('',*,*,#6902,.T.);
#6902 = EDGE_CURVE('',#6504,#6903,#6905,.T.);
#6903 = VERTEX_POINT('',#6904);
#6904 = CARTESIAN_POINT('',(-23.40216389242,-11.09879141402,
    208.90352244212));
#6905 = LINE('',#6906,#6907);
#6906 = CARTESIAN_POINT('',(-17.70435581646,-11.09879141402,
    208.90352244212));
#6907 = VECTOR('',#6908,1.);
#6908 = DIRECTION('',(-1.,0.,0.));
#6909 = ORIENTED_EDGE('',*,*,#6910,.F.);
#6910 = EDGE_CURVE('',#6035,#6903,#6911,.T.);
#6911 = CIRCLE('',#6912,4.);
#6912 = AXIS2_PLACEMENT_3D('',#6913,#6914,#6915);
#6913 = CARTESIAN_POINT('',(-23.40216389242,-8.007882323115,
    206.36456970689));
#6914 = DIRECTION('',(-1.,0.,0.));
#6915 = DIRECTION('',(0.,-1.,0.));
#6916 = ORIENTED_EDGE('',*,*,#6034,.T.);
#6917 = CYLINDRICAL_SURFACE('',#6918,4.);
#6918 = AXIS2_PLACEMENT_3D('',#6919,#6920,#6921);
#6919 = CARTESIAN_POINT('',(-36.,-8.007882323115,206.36456970689));
#6920 = DIRECTION('',(1.,-5.222537E-17,-2.147809E-17));
#6921 = DIRECTION('',(-4.192829750557E-17,-0.941468871691,0.337099931232
    ));
#6922 = ADVANCED_FACE('',(#6923),#6935,.F.);
#6923 = FACE_BOUND('',#6924,.F.);
#6924 = EDGE_LOOP('',(#6925,#6926,#6933,#6934));
#6925 = ORIENTED_EDGE('',*,*,#6666,.F.);
#6926 = ORIENTED_EDGE('',*,*,#6927,.F.);
#6927 = EDGE_CURVE('',#4154,#6667,#6928,.T.);
#6928 = CIRCLE('',#6929,4.);
#6929 = AXIS2_PLACEMENT_3D('',#6930,#6931,#6932);
#6930 = CARTESIAN_POINT('',(19.163627167877,-21.27380508716,
    122.61895994089));
#6931 = DIRECTION('',(-4.792687E-16,2.718068E-15,1.));
#6932 = DIRECTION('',(-0.173648177667,0.984807753012,-2.759998575982E-15
    ));
#6933 = ORIENTED_EDGE('',*,*,#4162,.F.);
#6934 = ORIENTED_EDGE('',*,*,#3899,.T.);
#6935 = CYLINDRICAL_SURFACE('',#6936,4.);
#6936 = AXIS2_PLACEMENT_3D('',#6937,#6938,#6939);
#6937 = CARTESIAN_POINT('',(19.163627167877,-21.27380508716,
    103.79666324738));
#6938 = DIRECTION('',(2.147809E-17,2.806363E-15,1.));
#6939 = DIRECTION('',(-0.433360553989,0.9012206335,-2.519844483711E-15)
  );
#6940 = ADVANCED_FACE('',(#6941),#6964,.T.);
#6941 = FACE_BOUND('',#6942,.T.);
#6942 = EDGE_LOOP('',(#6943,#6944,#6956,#6963));
#6943 = ORIENTED_EDGE('',*,*,#6927,.F.);
#6944 = ORIENTED_EDGE('',*,*,#6945,.T.);
#6945 = EDGE_CURVE('',#4154,#6946,#6948,.T.);
#6946 = VERTEX_POINT('',#6947);
#6947 = CARTESIAN_POINT('',(24.113969055508,-12.2301219542,
    130.12369865025));
#6948 = B_SPLINE_CURVE_WITH_KNOTS('',3,(#6949,#6950,#6951,#6952,#6953,
    #6954,#6955),.UNSPECIFIED.,.F.,.F.,(4,1,1,1,4),(0.,0.207263426335,
    0.414526852669,0.829053705338,1.450843984342),.UNSPECIFIED.);
#6949 = CARTESIAN_POINT('',(18.469034457209,-17.33457407511,
    122.61895994089));
#6950 = CARTESIAN_POINT('',(18.452664031715,-17.33746062281,
    123.11385421692));
#6951 = CARTESIAN_POINT('',(18.577741631033,-17.23910288037,
    124.11057858834));
#6952 = CARTESIAN_POINT('',(19.379534845781,-16.66085591337,
    125.91895574413));
#6953 = CARTESIAN_POINT('',(21.307430119235,-15.17490556666,
    128.15354118815));
#6954 = CARTESIAN_POINT('',(23.113864206432,-13.41788754561,
    129.48895297549));
#6955 = CARTESIAN_POINT('',(24.113969055508,-12.2301219542,
    130.12369865025));
#6956 = ORIENTED_EDGE('',*,*,#6957,.T.);
#6957 = EDGE_CURVE('',#6946,#6675,#6958,.T.);
#6958 = CIRCLE('',#6959,4.);
#6959 = AXIS2_PLACEMENT_3D('',#6960,#6961,#6962);
#6960 = CARTESIAN_POINT('',(24.808561766176,-14.52571382749,
    133.32491699919));
#6961 = DIRECTION('',(0.462982283159,0.76481911287,0.447994564777));
#6962 = DIRECTION('',(-0.173648177667,0.573897968322,-0.800304587234));
#6963 = ORIENTED_EDGE('',*,*,#6674,.T.);
#6964 = B_SPLINE_SURFACE_WITH_KNOTS('',3,3,(
    (#6965,#6966,#6967,#6968,#6969,#6970,#6971)
    ,(#6972,#6973,#6974,#6975,#6976,#6977,#6978)
    ,(#6979,#6980,#6981,#6982,#6983,#6984,#6985)
    ,(#6986,#6987,#6988,#6989,#6990,#6991,#6992)
    ,(#6993,#6994,#6995,#6996,#6997,#6998,#6999
  )),.UNSPECIFIED.,.F.,.F.,.F.,(4,1,4),(4,1,1,1,4),(0.,0.571428571429,1.
    ),(-1.450843984342,-0.829053705338,-0.414526852669,-0.207263426335,
    0.),.UNSPECIFIED.);
#6965 = CARTESIAN_POINT('',(24.113969055508,-12.2301219542,
    130.12369865025));
#6966 = CARTESIAN_POINT('',(23.113864206432,-13.41788754561,
    129.48895297549));
#6967 = CARTESIAN_POINT('',(21.307430119235,-15.17490556666,
    128.15354118815));
#6968 = CARTESIAN_POINT('',(19.379534845781,-16.66085591337,
    125.91895574413));
#6969 = CARTESIAN_POINT('',(18.577741631033,-17.23910288037,
    124.11057858834));
#6970 = CARTESIAN_POINT('',(18.452664031715,-17.33746062281,
    123.11385421692));
#6971 = CARTESIAN_POINT('',(18.469034457209,-17.33457407511,
    122.61895994089));
#6972 = CARTESIAN_POINT('',(23.379684299267,-11.98282351865,
    130.4603595714));
#6973 = CARTESIAN_POINT('',(22.458044943106,-13.21726037425,
    129.84748194729));
#6974 = CARTESIAN_POINT('',(20.770828122605,-15.08203173166,
    128.49932687486));
#6975 = CARTESIAN_POINT('',(18.939526558478,-16.68247453604,
    126.14236364955));
#6976 = CARTESIAN_POINT('',(18.169574729332,-17.30609263667,
    124.21310508638));
#6977 = CARTESIAN_POINT('',(18.045375807072,-17.41104263774,
    123.14737192593));
#6978 = CARTESIAN_POINT('',(18.058325857818,-17.40699308239,
    122.61895994089));
#6979 = CARTESIAN_POINT('',(22.18246664275,-11.82962142773,
    131.43608274116));
#6980 = CARTESIAN_POINT('',(21.38485816943,-13.14222285182,
    130.75391588883));
#6981 = CARTESIAN_POINT('',(19.883649811607,-15.14461388762,
    129.24047336087));
#6982 = CARTESIAN_POINT('',(18.199237652121,-16.86655870248,
    126.58098637026));
#6983 = CARTESIAN_POINT('',(17.476839418786,-17.53798725568,
    124.40872645131));
#6984 = CARTESIAN_POINT('',(17.352892758003,-17.6513571732,
    123.21168322672));
#6985 = CARTESIAN_POINT('',(17.359700500447,-17.64711028272,
    122.61895994089));
#6986 = CARTESIAN_POINT('',(21.533682711696,-12.21146754699,
    132.75846190028));
#6987 = CARTESIAN_POINT('',(20.735307561308,-13.56580905455,
    131.90367997151));
#6988 = CARTESIAN_POINT('',(19.248211318367,-15.58127831558,
    130.09322975091));
#6989 = CARTESIAN_POINT('',(17.596205757906,-17.28604908486,
    127.05883039305));
#6990 = CARTESIAN_POINT('',(16.882275285997,-17.95106517213,
    124.61759827721));
#6991 = CARTESIAN_POINT('',(16.753346041427,-18.06648654605,
    123.28039299503));
#6992 = CARTESIAN_POINT('',(16.755127483618,-18.06491701134,
    122.61895994089));
#6993 = CARTESIAN_POINT('',(21.386691177738,-12.4542887924,
    133.32491699919));
#6994 = CARTESIAN_POINT('',(20.559455881705,-13.82083215326,
    132.39638811444));
#6995 = CARTESIAN_POINT('',(19.038520328305,-15.82512872521,
    130.45869309748));
#6996 = CARTESIAN_POINT('',(17.372256110863,-17.50205205652,
    127.26365474371));
#6997 = CARTESIAN_POINT('',(16.652501129441,-18.15622019856,
    124.7071305333));
#6998 = CARTESIAN_POINT('',(16.52036824817,-18.27160884384,
    123.30983802867));
#6999 = CARTESIAN_POINT('',(16.52036824817,-18.27160884384,
    122.61895994089));
#7000 = ADVANCED_FACE('',(#7001),#7018,.T.);
#7001 = FACE_BOUND('',#7002,.T.);
#7002 = EDGE_LOOP('',(#7003,#7004,#7005,#7006,#7016,#7017));
#7003 = ORIENTED_EDGE('',*,*,#6132,.F.);
#7004 = ORIENTED_EDGE('',*,*,#6686,.T.);
#7005 = ORIENTED_EDGE('',*,*,#6957,.F.);
#7006 = ORIENTED_EDGE('',*,*,#7007,.T.);
#7007 = EDGE_CURVE('',#6946,#5319,#7008,.T.);
#7008 = B_SPLINE_CURVE_WITH_KNOTS('',3,(#7009,#7010,#7011,#7012,#7013,
    #7014,#7015),.UNSPECIFIED.,.F.,.F.,(4,1,1,1,4),(9.852909E-16,
    0.937603355058,1.875206710116,2.812810065174,3.281611742703),
  .UNSPECIFIED.);
#7009 = CARTESIAN_POINT('',(24.113969055508,-12.2301219542,
    130.12369865025));
#7010 = CARTESIAN_POINT('',(25.560948195583,-10.18245065025,
    131.27812051046));
#7011 = CARTESIAN_POINT('',(27.936322073972,-5.49767172633,
    133.17967610369));
#7012 = CARTESIAN_POINT('',(28.725817106219,2.53794686465,133.8109714824
    ));
#7013 = CARTESIAN_POINT('',(26.808282280054,8.926624307729,
    132.27682806985));
#7014 = CARTESIAN_POINT('',(24.837458625546,12.190521655997,
    130.70090958036));
#7015 = CARTESIAN_POINT('',(24.113969055508,13.214357307972,
    130.12369865025));
#7016 = ORIENTED_EDGE('',*,*,#5363,.T.);
#7017 = ORIENTED_EDGE('',*,*,#4356,.T.);
#7018 = B_SPLINE_SURFACE_WITH_KNOTS('',3,3,(
    (#7019,#7020,#7021,#7022,#7023,#7024,#7025)
    ,(#7026,#7027,#7028,#7029,#7030,#7031,#7032)
    ,(#7033,#7034,#7035,#7036,#7037,#7038,#7039)
    ,(#7040,#7041,#7042,#7043,#7044,#7045,#7046)
    ,(#7047,#7048,#7049,#7050,#7051,#7052,#7053
  )),.UNSPECIFIED.,.F.,.F.,.F.,(4,1,4),(4,1,1,1,4),(0.,0.571428571429,1.
    ),(9.852909E-16,0.937603355058,1.875206710116,2.812810065174,
    3.281611742703),.UNSPECIFIED.);
#7019 = CARTESIAN_POINT('',(21.386691177738,-12.4542887924,
    133.32491699919));
#7020 = CARTESIAN_POINT('',(22.634086988148,-10.3936653262,
    134.7250543558));
#7021 = CARTESIAN_POINT('',(24.681823090207,-5.641049902241,
    137.04999118848));
#7022 = CARTESIAN_POINT('',(25.362422255937,2.589454514865,
    137.82765286533));
#7023 = CARTESIAN_POINT('',(23.709374992001,9.111182374476,
    135.9427951258));
#7024 = CARTESIAN_POINT('',(22.010389082943,12.408212413072,
    134.02498567749));
#7025 = CARTESIAN_POINT('',(21.386691177738,13.438524146174,
    133.32491699919));
#7026 = CARTESIAN_POINT('',(21.582679889682,-12.13052713185,
    132.56964353398));
#7027 = CARTESIAN_POINT('',(22.790323092312,-10.06296386542,
    133.88314536622));
#7028 = CARTESIAN_POINT('',(24.714624725995,-5.364784574971,
    136.02488331651));
#7029 = CARTESIAN_POINT('',(25.32554765586,2.484120416285,136.7217979821
    ));
#7030 = CARTESIAN_POINT('',(23.815769007042,8.791372438174,
    135.01515657803));
#7031 = CARTESIAN_POINT('',(22.186501490997,12.08098085241,
    133.2263944501));
#7032 = CARTESIAN_POINT('',(21.582679889682,13.114762485623,
    132.56964353398));
#7033 = CARTESIAN_POINT('',(22.33981815749,-11.81677536492,
    131.25153613187));
#7034 = CARTESIAN_POINT('',(23.576825742467,-9.742285964651,
    132.416175272));
#7035 = CARTESIAN_POINT('',(25.509881976977,-5.095165268289,
    134.24325850106));
#7036 = CARTESIAN_POINT('',(26.107253851875,2.380960182646,
    134.80523845125));
#7037 = CARTESIAN_POINT('',(24.616086122988,8.480639439812,
    133.39949554582));
#7038 = CARTESIAN_POINT('',(22.958321949978,11.763766018557,
    131.83385570193));
#7039 = CARTESIAN_POINT('',(22.33981815749,12.801010718695,
    131.25153613187));
#7040 = CARTESIAN_POINT('',(23.563255488327,-12.04464812754,
    130.37619434111));
#7041 = CARTESIAN_POINT('',(24.944235523237,-9.987600707829,
    131.51218894997));
#7042 = CARTESIAN_POINT('',(27.180398265754,-5.325364627933,
    133.34057804018));
#7043 = CARTESIAN_POINT('',(27.909760167576,2.471318017351,
    133.9270828355));
#7044 = CARTESIAN_POINT('',(26.125958925114,8.732477609596,
    132.4833492032));
#7045 = CARTESIAN_POINT('',(24.253745505782,12.000359771456,
    130.94419164554));
#7046 = CARTESIAN_POINT('',(23.563255488327,13.028883481314,
    130.37619434111));
#7047 = CARTESIAN_POINT('',(24.113969055508,-12.2301219542,
    130.12369865025));
#7048 = CARTESIAN_POINT('',(25.560948195583,-10.18245065025,
    131.27812051046));
#7049 = CARTESIAN_POINT('',(27.936322073972,-5.49767172633,
    133.17967610369));
#7050 = CARTESIAN_POINT('',(28.725817106219,2.53794686465,133.8109714824
    ));
#7051 = CARTESIAN_POINT('',(26.808282280054,8.926624307729,
    132.27682806985));
#7052 = CARTESIAN_POINT('',(24.837458625546,12.190521655997,
    130.70090958036));
#7053 = CARTESIAN_POINT('',(24.113969055508,13.214357307972,
    130.12369865025));
#7054 = ADVANCED_FACE('',(#7055),#7075,.T.);
#7055 = FACE_BOUND('',#7056,.T.);
#7056 = EDGE_LOOP('',(#7057,#7058,#7067,#7074));
#7057 = ORIENTED_EDGE('',*,*,#7007,.F.);
#7058 = ORIENTED_EDGE('',*,*,#7059,.F.);
#7059 = EDGE_CURVE('',#7060,#6946,#7062,.T.);
#7060 = VERTEX_POINT('',#7061);
#7061 = CARTESIAN_POINT('',(31.194592710668,-10.50370860054,
    129.7820128312));
#7062 = B_SPLINE_CURVE_WITH_KNOTS('',3,(#7063,#7064,#7065,#7066),
  .UNSPECIFIED.,.F.,.F.,(4,4),(1.359014641442,2.081039572323),
  .PIECEWISE_BEZIER_KNOTS.);
#7063 = CARTESIAN_POINT('',(31.194592710668,-10.50370860054,
    129.7820128312));
#7064 = CARTESIAN_POINT('',(28.835107308855,-11.09752559001,
    129.89890038974));
#7065 = CARTESIAN_POINT('',(26.474883365535,-11.67147638467,
    130.01246534219));
#7066 = CARTESIAN_POINT('',(24.114048609833,-12.23043489928,
    130.12381442393));
#7067 = ORIENTED_EDGE('',*,*,#7068,.F.);
#7068 = EDGE_CURVE('',#5309,#7060,#7069,.T.);
#7069 = CIRCLE('',#7070,20.58283248734);
#7070 = AXIS2_PLACEMENT_3D('',#7071,#7072,#7073);
#7071 = CARTESIAN_POINT('',(31.194592710668,0.492117676884,112.382449685
    ));
#7072 = DIRECTION('',(1.,0.,-0.));
#7073 = DIRECTION('',(0.,0.,1.));
#7074 = ORIENTED_EDGE('',*,*,#5318,.F.);
#7075 = CONICAL_SURFACE('',#7076,20.,0.174532925);
#7076 = AXIS2_PLACEMENT_3D('',#7077,#7078,#7079);
#7077 = CARTESIAN_POINT('',(34.5,0.492117676884,112.382449685));
#7078 = DIRECTION('',(-1.,5.222537E-17,2.147809E-17));
#7079 = DIRECTION('',(2.496260630583E-17,0.75,-0.661437827766));
#7080 = ADVANCED_FACE('',(#7081),#7094,.F.);
#7081 = FACE_BOUND('',#7082,.F.);
#7082 = EDGE_LOOP('',(#7083,#7084,#7092,#7093));
#7083 = ORIENTED_EDGE('',*,*,#7059,.F.);
#7084 = ORIENTED_EDGE('',*,*,#7085,.T.);
#7085 = EDGE_CURVE('',#7060,#4146,#7086,.T.);
#7086 = B_SPLINE_CURVE_WITH_KNOTS('',3,(#7087,#7088,#7089,#7090,#7091),
  .UNSPECIFIED.,.F.,.F.,(4,1,4),(-0.592331776105,-0.253856475474,0.),
  .UNSPECIFIED.);
#7087 = CARTESIAN_POINT('',(31.194592710668,-10.50370860054,
    129.7820128312));
#7088 = CARTESIAN_POINT('',(31.264473863792,-12.08098603967,
    128.77066048622));
#7089 = CARTESIAN_POINT('',(31.322262668272,-14.35799289136,
    126.16091415026));
#7090 = CARTESIAN_POINT('',(31.247265275721,-15.08142721609,
    122.8622011168));
#7091 = CARTESIAN_POINT('',(31.194592710668,-15.09071481045,
    121.45700474694));
#7092 = ORIENTED_EDGE('',*,*,#4153,.F.);
#7093 = ORIENTED_EDGE('',*,*,#6945,.T.);
#7094 = B_SPLINE_SURFACE_WITH_KNOTS('',3,3,(
    (#7095,#7096,#7097,#7098)
    ,(#7099,#7100,#7101,#7102)
    ,(#7103,#7104,#7105,#7106)
    ,(#7107,#7108,#7109,#7110)
    ,(#7111,#7112,#7113,#7114
  )),.UNSPECIFIED.,.F.,.F.,.F.,(4,1,4),(4,4),(0.,0.571428571429,1.),(
    1.359014641442,2.66445740466),.UNSPECIFIED.);
#7095 = CARTESIAN_POINT('',(31.194592710668,-10.50370860054,
    129.7820128312));
#7096 = CARTESIAN_POINT('',(26.928572229966,-11.57734755457,
    129.99334904812));
#7097 = CARTESIAN_POINT('',(22.660137477298,-12.58604446175,
    130.19382375667));
#7098 = CARTESIAN_POINT('',(18.390043382973,-13.55860611125,
    130.38997820653));
#7099 = CARTESIAN_POINT('',(31.371556603977,-12.07467707631,
    128.75231151657));
#7100 = CARTESIAN_POINT('',(27.090594523839,-13.04944817186,
    128.94243329674));
#7101 = CARTESIAN_POINT('',(22.811207267117,-13.97805436303,
    129.13532598595));
#7102 = CARTESIAN_POINT('',(18.531584416099,-14.88008646837,
    129.32721158037));
#7103 = CARTESIAN_POINT('',(31.513903081615,-14.31381396679,
    126.1536313654));
#7104 = CARTESIAN_POINT('',(27.220526007635,-15.12686711315,
    126.39056427119));
#7105 = CARTESIAN_POINT('',(22.931370160966,-15.92617432162,
    126.62882506551));
#7106 = CARTESIAN_POINT('',(18.643972102422,-16.71899358929,
    126.86569292557));
#7107 = CARTESIAN_POINT('',(31.327315630649,-15.0673121787,
    122.86557844514));
#7108 = CARTESIAN_POINT('',(27.050206710072,-15.82133995681,
    123.22692235149));
#7109 = CARTESIAN_POINT('',(22.773378570083,-16.57567092787,
    123.56908473619));
#7110 = CARTESIAN_POINT('',(18.496199157817,-17.32978420547,
    123.89748324402));
#7111 = CARTESIAN_POINT('',(31.194592710668,-15.09071481045,
    121.45700474694));
#7112 = CARTESIAN_POINT('',(26.928572229966,-15.84292932145,
    121.87146832442));
#7113 = CARTESIAN_POINT('',(22.660137477298,-16.59556953374,
    122.25823678212));
#7114 = CARTESIAN_POINT('',(18.390043382973,-17.34850233274,
    122.62576090721));
#7115 = ADVANCED_FACE('',(#7116),#7128,.F.);
#7116 = FACE_BOUND('',#7117,.F.);
#7117 = EDGE_LOOP('',(#7118,#7119,#7126,#7127));
#7118 = ORIENTED_EDGE('',*,*,#4210,.F.);
#7119 = ORIENTED_EDGE('',*,*,#7120,.F.);
#7120 = EDGE_CURVE('',#5309,#4211,#7121,.T.);
#7121 = CIRCLE('',#7122,4.);
#7122 = AXIS2_PLACEMENT_3D('',#7123,#7124,#7125);
#7123 = CARTESIAN_POINT('',(30.5,9.38351542623,126.4520095975));
#7124 = DIRECTION('',(-1.110223024625E-15,0.845343475292,-0.534223182557
    ));
#7125 = DIRECTION('',(0.173648177667,0.526107132021,0.832500808426));
#7126 = ORIENTED_EDGE('',*,*,#5308,.F.);
#7127 = ORIENTED_EDGE('',*,*,#4255,.T.);
#7128 = B_SPLINE_SURFACE_WITH_KNOTS('',3,3,(
    (#7129,#7130,#7131,#7132,#7133)
    ,(#7134,#7135,#7136,#7137,#7138)
    ,(#7139,#7140,#7141,#7142,#7143)
    ,(#7144,#7145,#7146,#7147,#7148)
    ,(#7149,#7150,#7151,#7152,#7153
  )),.UNSPECIFIED.,.F.,.F.,.F.,(4,1,4),(4,1,4),(0.,0.571428571429,1.),(
    0.,0.253855076779,0.592328512483),.UNSPECIFIED.);
#7129 = CARTESIAN_POINT('',(34.5,9.38351542623,126.4520095975));
#7130 = CARTESIAN_POINT('',(34.5,10.098831202311,125.99995870741));
#7131 = CARTESIAN_POINT('',(34.5,11.547981071966,124.58009102368));
#7132 = CARTESIAN_POINT('',(34.5,12.135719152175,122.58524953263));
#7133 = CARTESIAN_POINT('',(34.5,12.135719152175,121.45700474694));
#7134 = CARTESIAN_POINT('',(34.5,9.951832590488,127.35130266898));
#7135 = CARTESIAN_POINT('',(34.499696343771,10.789635126655,
    126.80968672927));
#7136 = CARTESIAN_POINT('',(34.499345467585,12.484090210834,
    125.12843982574));
#7137 = CARTESIAN_POINT('',(34.499593103388,13.185766508194,
    122.78709516448));
#7138 = CARTESIAN_POINT('',(34.5,13.199538886724,121.45700474694));
#7139 = CARTESIAN_POINT('',(33.715562539315,10.93954171884,
    128.91423272219));
#7140 = CARTESIAN_POINT('',(33.731300662914,11.989645450809,
    128.21839071464));
#7141 = CARTESIAN_POINT('',(33.753422466341,14.111136099084,
    126.08280183417));
#7142 = CARTESIAN_POINT('',(33.736651483158,15.011913072983,
    123.136224047));
#7143 = CARTESIAN_POINT('',(33.715562539315,15.04840872353,
    121.45700474694));
#7144 = CARTESIAN_POINT('',(31.980336152461,11.413928524383,
    129.66489237891));
#7145 = CARTESIAN_POINT('',(32.02348604622,12.575563662547,
    128.90895811262));
#7146 = CARTESIAN_POINT('',(32.08495052746,14.929087391807,
    126.5639809185));
#7147 = CARTESIAN_POINT('',(32.038156621374,15.911677311518,
    123.30472974848));
#7148 = CARTESIAN_POINT('',(31.980336152461,15.936402395521,
    121.45700474694));
#7149 = CARTESIAN_POINT('',(31.194592710668,11.487943954315,
    129.7820128312));
#7150 = CARTESIAN_POINT('',(31.247003286738,12.670895515816,
    129.02350275172));
#7151 = CARTESIAN_POINT('',(31.322171738286,15.072891072467,
    126.64976730391));
#7152 = CARTESIAN_POINT('',(31.264822410453,16.062566773305,
    123.33058958364));
#7153 = CARTESIAN_POINT('',(31.194592710668,16.074950164224,
    121.45700474694));
#7154 = ADVANCED_FACE('',(#7155),#7167,.T.);
#7155 = FACE_BOUND('',#7156,.T.);
#7156 = EDGE_LOOP('',(#7157,#7164,#7165,#7166));
#7157 = ORIENTED_EDGE('',*,*,#7158,.T.);
#7158 = EDGE_CURVE('',#7060,#4221,#7159,.T.);
#7159 = CIRCLE('',#7160,4.);
#7160 = AXIS2_PLACEMENT_3D('',#7161,#7162,#7163);
#7161 = CARTESIAN_POINT('',(30.5,-8.399280072461,126.4520095975));
#7162 = DIRECTION('',(2.775557561563E-17,0.845343475292,0.534223182557)
  );
#7163 = DIRECTION('',(0.173648177667,-0.526107132021,0.832500808426));
#7164 = ORIENTED_EDGE('',*,*,#4220,.T.);
#7165 = ORIENTED_EDGE('',*,*,#7120,.F.);
#7166 = ORIENTED_EDGE('',*,*,#7068,.T.);
#7167 = TOROIDAL_SURFACE('',#7168,16.643601475291,4.);
#7168 = AXIS2_PLACEMENT_3D('',#7169,#7170,#7171);
#7169 = CARTESIAN_POINT('',(30.5,0.492117676884,112.382449685));
#7170 = DIRECTION('',(1.,-5.222537E-17,-2.147809E-17));
#7171 = DIRECTION('',(-5.222537E-17,-1.,1.121701197143E-33));
#7172 = ADVANCED_FACE('',(#7173),#7179,.F.);
#7173 = FACE_BOUND('',#7174,.F.);
#7174 = EDGE_LOOP('',(#7175,#7176,#7177,#7178));
#7175 = ORIENTED_EDGE('',*,*,#4229,.F.);
#7176 = ORIENTED_EDGE('',*,*,#4185,.F.);
#7177 = ORIENTED_EDGE('',*,*,#7085,.F.);
#7178 = ORIENTED_EDGE('',*,*,#7158,.T.);
#7179 = B_SPLINE_SURFACE_WITH_KNOTS('',3,3,(
    (#7180,#7181,#7182,#7183,#7184)
    ,(#7185,#7186,#7187,#7188,#7189)
    ,(#7190,#7191,#7192,#7193,#7194)
    ,(#7195,#7196,#7197,#7198,#7199)
    ,(#7200,#7201,#7202,#7203,#7204
  )),.UNSPECIFIED.,.F.,.F.,.F.,(4,1,4),(4,1,4),(0.,0.571428571429,1.),(
    0.,0.253856475474,0.592331776105),.UNSPECIFIED.);
#7180 = CARTESIAN_POINT('',(34.5,-11.1514837984,121.45700474694));
#7181 = CARTESIAN_POINT('',(34.5,-11.1514837984,122.30319299852));
#7182 = CARTESIAN_POINT('',(34.5,-10.72535764184,124.28678442867));
#7183 = CARTESIAN_POINT('',(34.5,-9.353039695582,125.84927175643));
#7184 = CARTESIAN_POINT('',(34.5,-8.399280072461,126.4520095975));
#7185 = CARTESIAN_POINT('',(34.5,-12.21530353295,121.45700474694));
#7186 = CARTESIAN_POINT('',(34.49969482586,-12.20497419214,
    122.45457805651));
#7187 = CARTESIAN_POINT('',(34.49934547894,-11.68898018079,
    124.78516366829));
#7188 = CARTESIAN_POINT('',(34.499595122797,-10.08467343979,
    126.62914410376));
#7189 = CARTESIAN_POINT('',(34.5,-8.967597236719,127.35130266898));
#7190 = CARTESIAN_POINT('',(33.715564529388,-14.06417453839,
    121.45700474694));
#7191 = CARTESIAN_POINT('',(33.731381324417,-14.03680264966,
    122.71642616113));
#7192 = CARTESIAN_POINT('',(33.753451512865,-13.36493030772,
    125.65071341803));
#7193 = CARTESIAN_POINT('',(33.736548809805,-11.35545301317,
    127.98643925473));
#7194 = CARTESIAN_POINT('',(33.715564529388,-9.955306989381,
    128.91423371008));
#7195 = CARTESIAN_POINT('',(31.980336152461,-14.95216704175,
    121.45700474694));
#7196 = CARTESIAN_POINT('',(32.023701743081,-14.93362312657,
    122.84280613357));
#7197 = CARTESIAN_POINT('',(32.085025103725,-14.20865117853,
    126.08514842367));
#7198 = CARTESIAN_POINT('',(32.037869661136,-11.97854855536,
    128.65697447045));
#7199 = CARTESIAN_POINT('',(31.980336152461,-10.42969317061,
    129.66489237891));
#7200 = CARTESIAN_POINT('',(31.194592710668,-15.09071481045,
    121.45700474694));
#7201 = CARTESIAN_POINT('',(31.247265275721,-15.08142721609,
    122.8622011168));
#7202 = CARTESIAN_POINT('',(31.322262668272,-14.35799289136,
    126.16091415026));
#7203 = CARTESIAN_POINT('',(31.264473863792,-12.08098603967,
    128.77066048622));
#7204 = CARTESIAN_POINT('',(31.194592710668,-10.50370860054,
    129.7820128312));
#7205 = ADVANCED_FACE('',(#7206),#7244,.F.);
#7206 = FACE_BOUND('',#7207,.F.);
#7207 = EDGE_LOOP('',(#7208,#7219,#7228,#7237));
#7208 = ORIENTED_EDGE('',*,*,#7209,.F.);
#7209 = EDGE_CURVE('',#7210,#7212,#7214,.T.);
#7210 = VERTEX_POINT('',#7211);
#7211 = CARTESIAN_POINT('',(-23.40216389242,12.992117676885,
    206.36456970689));
#7212 = VERTEX_POINT('',#7213);
#7213 = CARTESIAN_POINT('',(-24.370603815,12.889624938086,206.6442501377
    ));
#7214 = B_SPLINE_CURVE_WITH_KNOTS('',3,(#7215,#7216,#7217,#7218),
  .UNSPECIFIED.,.F.,.F.,(4,4),(9.860761E-31,2.065708009142E-02),
  .PIECEWISE_BEZIER_KNOTS.);
#7215 = CARTESIAN_POINT('',(-23.40216389242,12.992117676885,
    206.36456970689));
#7216 = CARTESIAN_POINT('',(-23.71890578716,12.992117676885,
    206.44719802725));
#7217 = CARTESIAN_POINT('',(-24.04994207445,12.958809535122,
    206.54239847899));
#7218 = CARTESIAN_POINT('',(-24.37060381183,12.88962493877,
    206.64425013669));
#7219 = ORIENTED_EDGE('',*,*,#7220,.F.);
#7220 = EDGE_CURVE('',#7221,#7210,#7223,.T.);
#7221 = VERTEX_POINT('',#7222);
#7222 = CARTESIAN_POINT('',(-23.40216389242,12.083026767794,
    208.90352244212));
#7223 = CIRCLE('',#7224,4.);
#7224 = AXIS2_PLACEMENT_3D('',#7225,#7226,#7227);
#7225 = CARTESIAN_POINT('',(-23.40216389242,8.992117676885,
    206.36456970689));
#7226 = DIRECTION('',(-1.,4.171872E-17,3.426884E-17));
#7227 = DIRECTION('',(5.398893399007E-17,0.772727272727,0.634738183808)
  );
#7228 = ORIENTED_EDGE('',*,*,#7229,.F.);
#7229 = EDGE_CURVE('',#7230,#7221,#7232,.T.);
#7230 = VERTEX_POINT('',#7231);
#7231 = CARTESIAN_POINT('',(-23.60620376735,12.055074202667,
    208.93745028065));
#7232 = B_SPLINE_CURVE_WITH_KNOTS('',3,(#7233,#7234,#7235,#7236),
  .UNSPECIFIED.,.F.,.F.,(4,4),(-2.065708009142E-02,-9.860761E-31),
  .PIECEWISE_BEZIER_KNOTS.);
#7233 = CARTESIAN_POINT('',(-23.6062037667,12.055074202853,
    208.93745028043));
#7234 = CARTESIAN_POINT('',(-23.54086287808,12.073942729131,
    208.91461658755));
#7235 = CARTESIAN_POINT('',(-23.47102082606,12.083026767794,
    208.90352244212));
#7236 = CARTESIAN_POINT('',(-23.40216389242,12.083026767794,
    208.90352244212));
#7237 = ORIENTED_EDGE('',*,*,#7238,.T.);
#7238 = EDGE_CURVE('',#7230,#7212,#7239,.T.);
#7239 = CIRCLE('',#7240,4.);
#7240 = AXIS2_PLACEMENT_3D('',#7241,#7242,#7243);
#7241 = CARTESIAN_POINT('',(-23.60620376735,8.971619129125,
    206.38945012181));
#7242 = DIRECTION('',(-0.948936950016,-0.200951720994,0.243181147962));
#7243 = DIRECTION('',(-3.552713678801E-15,0.770863768385,0.63700003971)
  );
#7244 = B_SPLINE_SURFACE_WITH_KNOTS('',3,3,(
    (#7245,#7246,#7247,#7248)
    ,(#7249,#7250,#7251,#7252)
    ,(#7253,#7254,#7255,#7256)
    ,(#7257,#7258,#7259,#7260
    )),.UNSPECIFIED.,.F.,.F.,.F.,(4,4),(4,4),(0.,1.),(9.860761E-31,
    2.065708009142E-02),.PIECEWISE_BEZIER_KNOTS.);
#7245 = CARTESIAN_POINT('',(-23.40216389242,12.992117676885,
    206.36456970689));
#7246 = CARTESIAN_POINT('',(-23.71890578716,12.992117676885,
    206.44719802725));
#7247 = CARTESIAN_POINT('',(-24.04994207445,12.958809535122,
    206.54239847899));
#7248 = CARTESIAN_POINT('',(-24.37060381183,12.88962493877,
    206.64425013669));
#7249 = CARTESIAN_POINT('',(-23.40216389242,12.992117676885,
    207.2814625761));
#7250 = CARTESIAN_POINT('',(-23.64983240441,12.972864461961,
    207.33648796542));
#7251 = CARTESIAN_POINT('',(-23.90516712474,12.935222204938,
    207.40493398102));
#7252 = CARTESIAN_POINT('',(-24.15282735117,12.877499267542,
    207.48403339429));
#7253 = CARTESIAN_POINT('',(-23.40216389242,12.665013682345,
    208.19501431591));
#7254 = CARTESIAN_POINT('',(-23.56061340551,12.647230068268,
    208.21619566712));
#7255 = CARTESIAN_POINT('',(-23.72327094324,12.619118872198,
    208.25237495886));
#7256 = CARTESIAN_POINT('',(-23.87991638915,12.579542660072,
    208.30276628334));
#7257 = CARTESIAN_POINT('',(-23.40216389242,12.083026767794,
    208.90352244212));
#7258 = CARTESIAN_POINT('',(-23.47102082606,12.083026767794,
    208.90352244212));
#7259 = CARTESIAN_POINT('',(-23.54086287808,12.073942729131,
    208.91461658755));
#7260 = CARTESIAN_POINT('',(-23.6062037667,12.055074202853,
    208.93745028043));
#7261 = ADVANCED_FACE('',(#7262),#7293,.F.);
#7262 = FACE_BOUND('',#7263,.F.);
#7263 = EDGE_LOOP('',(#7264,#7265,#7280));
#7264 = ORIENTED_EDGE('',*,*,#7238,.F.);
#7265 = ORIENTED_EDGE('',*,*,#7266,.F.);
#7266 = EDGE_CURVE('',#7267,#7230,#7269,.T.);
#7267 = VERTEX_POINT('',#7268);
#7268 = CARTESIAN_POINT('',(-28.26816096408,7.992117676885,
    207.57796679275));
#7269 = B_SPLINE_CURVE_WITH_KNOTS('',3,(#7270,#7271,#7272,#7273,#7274,
    #7275,#7276,#7277,#7278,#7279),.UNSPECIFIED.,.F.,.F.,(4,2,1,1,1,1,4)
  ,(-0.14092373309,-0.140447799911,-0.112358239929,-8.426867994648E-02,
    -5.617911996432E-02,-2.808955998216E-02,0.),.UNSPECIFIED.);
#7270 = CARTESIAN_POINT('',(-28.26816096408,7.992117676885,
    207.57796679275));
#7271 = CARTESIAN_POINT('',(-28.26677937571,7.998183499343,
    207.58211155785));
#7272 = CARTESIAN_POINT('',(-28.26538181956,8.004249462921,
    207.58624979374));
#7273 = CARTESIAN_POINT('',(-28.18062268147,8.368442643481,
    207.83434949501));
#7274 = CARTESIAN_POINT('',(-27.90278316799,9.093363355884,
    208.28266255514));
#7275 = CARTESIAN_POINT('',(-27.18026619398,10.119466100746,
    208.78417532246));
#7276 = CARTESIAN_POINT('',(-26.17612460892,11.019238694145,
    209.08322645401));
#7277 = CARTESIAN_POINT('',(-24.96042453125,11.704945811036,
    209.15084420316));
#7278 = CARTESIAN_POINT('',(-24.05636952661,11.975653020818,
    209.03356159574));
#7279 = CARTESIAN_POINT('',(-23.60620376735,12.055074202667,
    208.93745028065));
#7280 = ORIENTED_EDGE('',*,*,#7281,.F.);
#7281 = EDGE_CURVE('',#7212,#7267,#7282,.T.);
#7282 = B_SPLINE_CURVE_WITH_KNOTS('',3,(#7283,#7284,#7285,#7286,#7287,
    #7288,#7289,#7290,#7291,#7292),.UNSPECIFIED.,.F.,.F.,(4,1,1,1,1,2,4)
  ,(0.,2.808955998216E-02,5.617911996432E-02,8.426867994648E-02,
    0.112358239929,0.140447799911,0.14092373309),.UNSPECIFIED.);
#7283 = CARTESIAN_POINT('',(-24.370603815,12.889624938086,206.6442501377
    ));
#7284 = CARTESIAN_POINT('',(-24.80664061521,12.795547514413,
    206.78274832993));
#7285 = CARTESIAN_POINT('',(-25.66248268026,12.474776652506,
    207.04466975615));
#7286 = CARTESIAN_POINT('',(-26.75427377117,11.658689651863,
    207.34877896725));
#7287 = CARTESIAN_POINT('',(-27.59222834938,10.580563419197,
    207.54828885625));
#7288 = CARTESIAN_POINT('',(-28.11992373907,9.340189253999,
    207.63124084189));
#7289 = CARTESIAN_POINT('',(-28.255671656,8.454589418759,207.60920257142
    ));
#7290 = CARTESIAN_POINT('',(-28.26780217723,8.007028675927,
    207.5789887207));
#7291 = CARTESIAN_POINT('',(-28.26798971813,7.999573467551,
    207.57848053061));
#7292 = CARTESIAN_POINT('',(-28.26816096408,7.992117676885,
    207.57796679275));
#7293 = B_SPLINE_SURFACE_WITH_KNOTS('',3,3,(
    (#7294,#7295,#7296,#7297,#7298,#7299,#7300,#7301,#7302,#7303)
    ,(#7304,#7305,#7306,#7307,#7308,#7309,#7310,#7311,#7312,#7313)
    ,(#7314,#7315,#7316,#7317,#7318,#7319,#7320,#7321,#7322,#7323)
    ,(#7324,#7325,#7326,#7327,#7328,#7329,#7330,#7331,#7332,#7333
  )),.UNSPECIFIED.,.F.,.F.,.F.,(4,4),(4,1,1,1,1,2,4),(0.,1.),(0.,
    2.808955998216E-02,5.617911996432E-02,8.426867994648E-02,
    0.112358239929,0.140447799911,0.14092373309),.UNSPECIFIED.);
#7294 = CARTESIAN_POINT('',(-24.370603815,12.889624938086,206.6442501377
    ));
#7295 = CARTESIAN_POINT('',(-24.80664061521,12.795547514413,
    206.78274832993));
#7296 = CARTESIAN_POINT('',(-25.66248268026,12.474776652506,
    207.04466975615));
#7297 = CARTESIAN_POINT('',(-26.75427377117,11.658689651863,
    207.34877896725));
#7298 = CARTESIAN_POINT('',(-27.59222834938,10.580563419197,
    207.54828885625));
#7299 = CARTESIAN_POINT('',(-28.11992373907,9.340189253999,
    207.63124084189));
#7300 = CARTESIAN_POINT('',(-28.255671656,8.454589418759,207.60920257142
    ));
#7301 = CARTESIAN_POINT('',(-28.26780217723,8.007028675927,
    207.5789887207));
#7302 = CARTESIAN_POINT('',(-28.26798971813,7.999573467551,
    207.57848053061));
#7303 = CARTESIAN_POINT('',(-28.26816096408,7.992117676885,
    207.57796679275));
#7304 = CARTESIAN_POINT('',(-24.15282735362,12.877499266972,
    207.48403339507));
#7305 = CARTESIAN_POINT('',(-24.61808045147,12.772780174762,
    207.61282525518));
#7306 = CARTESIAN_POINT('',(-25.52874187011,12.416556254281,
    207.82737770926));
#7307 = CARTESIAN_POINT('',(-26.66488112284,11.54800134168,
    207.98561450751));
#7308 = CARTESIAN_POINT('',(-27.51808778072,10.457427180548,
    207.98883316546));
#7309 = CARTESIAN_POINT('',(-28.06268882629,9.258315473113,
    207.85361477912));
#7310 = CARTESIAN_POINT('',(-28.23072948467,8.425773408232,
    207.68442897753));
#7311 = CARTESIAN_POINT('',(-28.26699914342,8.006103705101,
    207.58140775407));
#7312 = CARTESIAN_POINT('',(-28.26758521763,7.999109126129,
    207.57969255135));
#7313 = CARTESIAN_POINT('',(-28.26816096408,7.992117676885,
    207.57796679275));
#7314 = CARTESIAN_POINT('',(-23.8799163907,12.579542659681,
    208.30276628384));
#7315 = CARTESIAN_POINT('',(-24.35085707887,12.480756464168,
    208.41449537297));
#7316 = CARTESIAN_POINT('',(-25.28115036067,12.145052259274,
    208.57015223758));
#7317 = CARTESIAN_POINT('',(-26.46489257771,11.326794355048,
    208.5855801429));
#7318 = CARTESIAN_POINT('',(-27.37866915861,10.301366622483,
    208.4070890318));
#7319 = CARTESIAN_POINT('',(-27.99031684122,9.176039277649,
    208.07073073434));
#7320 = CARTESIAN_POINT('',(-28.20581505525,8.397183032485,
    207.75917226578));
#7321 = CARTESIAN_POINT('',(-28.26619070156,8.005175297487,
    207.58383307965));
#7322 = CARTESIAN_POINT('',(-28.26718304921,7.998647340367,
    207.58089905663));
#7323 = CARTESIAN_POINT('',(-28.26816096408,7.992117676885,
    207.57796679275));
#7324 = CARTESIAN_POINT('',(-23.60620376735,12.055074202667,
    208.93745028065));
#7325 = CARTESIAN_POINT('',(-24.05636952661,11.975653020818,
    209.03356159574));
#7326 = CARTESIAN_POINT('',(-24.96042453125,11.704945811036,
    209.15084420316));
#7327 = CARTESIAN_POINT('',(-26.17612460892,11.019238694145,
    209.08322645401));
#7328 = CARTESIAN_POINT('',(-27.18026619398,10.119466100746,
    208.78417532246));
#7329 = CARTESIAN_POINT('',(-27.90278316799,9.093363355884,
    208.28266255514));
#7330 = CARTESIAN_POINT('',(-28.18062268147,8.368442643481,
    207.83434949501));
#7331 = CARTESIAN_POINT('',(-28.26538181956,8.004249462921,
    207.58624979374));
#7332 = CARTESIAN_POINT('',(-28.26677937571,7.998183499343,
    207.58211155785));
#7333 = CARTESIAN_POINT('',(-28.26816096408,7.992117676885,
    207.57796679275));
#7334 = ADVANCED_FACE('',(#7335),#7363,.F.);
#7335 = FACE_BOUND('',#7336,.F.);
#7336 = EDGE_LOOP('',(#7337,#7346,#7347,#7356));
#7337 = ORIENTED_EDGE('',*,*,#7338,.F.);
#7338 = EDGE_CURVE('',#6903,#7339,#7341,.T.);
#7339 = VERTEX_POINT('',#7340);
#7340 = CARTESIAN_POINT('',(-23.60620376735,-11.07083884889,
    208.93745028065));
#7341 = B_SPLINE_CURVE_WITH_KNOTS('',3,(#7342,#7343,#7344,#7345),
  .UNSPECIFIED.,.F.,.F.,(4,4),(2.220446E-16,2.065708009613E-02),
  .PIECEWISE_BEZIER_KNOTS.);
#7342 = CARTESIAN_POINT('',(-23.40216389242,-11.09879141402,
    208.90352244212));
#7343 = CARTESIAN_POINT('',(-23.47102082607,-11.09879141402,
    208.90352244212));
#7344 = CARTESIAN_POINT('',(-23.54086287812,-11.08970737535,
    208.91461658755));
#7345 = CARTESIAN_POINT('',(-23.60620376675,-11.07083884907,
    208.93745028044));
#7346 = ORIENTED_EDGE('',*,*,#6910,.F.);
#7347 = ORIENTED_EDGE('',*,*,#7348,.F.);
#7348 = EDGE_CURVE('',#7349,#6035,#7351,.T.);
#7349 = VERTEX_POINT('',#7350);
#7350 = CARTESIAN_POINT('',(-24.370603815,-11.90538958431,206.6442501377
    ));
#7351 = B_SPLINE_CURVE_WITH_KNOTS('',3,(#7352,#7353,#7354,#7355),
  .UNSPECIFIED.,.F.,.F.,(4,4),(-2.065708009613E-02,-2.220446E-16),
  .PIECEWISE_BEZIER_KNOTS.);
#7352 = CARTESIAN_POINT('',(-24.37060381205,-11.90538958495,
    206.64425013676));
#7353 = CARTESIAN_POINT('',(-24.0499420746,-11.97457418133,
    206.54239847904));
#7354 = CARTESIAN_POINT('',(-23.71890578723,-12.00788232311,
    206.44719802727));
#7355 = CARTESIAN_POINT('',(-23.40216389242,-12.00788232311,
    206.36456970689));
#7356 = ORIENTED_EDGE('',*,*,#7357,.T.);
#7357 = EDGE_CURVE('',#7349,#7339,#7358,.T.);
#7358 = CIRCLE('',#7359,4.);
#7359 = AXIS2_PLACEMENT_3D('',#7360,#7361,#7362);
#7360 = CARTESIAN_POINT('',(-23.60620376735,-7.987383775356,
    206.38945012181));
#7361 = DIRECTION('',(-0.948936950016,0.200951720994,0.243181147962));
#7362 = DIRECTION('',(-0.191100011913,-0.97950145224,6.3700003971E-02));
#7363 = B_SPLINE_SURFACE_WITH_KNOTS('',3,3,(
    (#7364,#7365,#7366,#7367)
    ,(#7368,#7369,#7370,#7371)
    ,(#7372,#7373,#7374,#7375)
    ,(#7376,#7377,#7378,#7379
    )),.UNSPECIFIED.,.F.,.F.,.F.,(4,4),(4,4),(0.,1.),(2.220446E-16,
    2.065708009613E-02),.PIECEWISE_BEZIER_KNOTS.);
#7364 = CARTESIAN_POINT('',(-23.40216389242,-11.09879141402,
    208.90352244212));
#7365 = CARTESIAN_POINT('',(-23.47102082607,-11.09879141402,
    208.90352244212));
#7366 = CARTESIAN_POINT('',(-23.54086287812,-11.08970737535,
    208.91461658755));
#7367 = CARTESIAN_POINT('',(-23.60620376675,-11.07083884907,
    208.93745028044));
#7368 = CARTESIAN_POINT('',(-23.40216389242,-11.68077832857,
    208.19501431591));
#7369 = CARTESIAN_POINT('',(-23.56061340554,-11.66299471449,
    208.21619566713));
#7370 = CARTESIAN_POINT('',(-23.72327094332,-11.63488351841,
    208.25237495887));
#7371 = CARTESIAN_POINT('',(-23.87991638926,-11.59530730627,
    208.30276628338));
#7372 = CARTESIAN_POINT('',(-23.40216389242,-12.00788232311,
    207.2814625761));
#7373 = CARTESIAN_POINT('',(-23.64983240447,-11.98862910818,
    207.33648796543));
#7374 = CARTESIAN_POINT('',(-23.90516712485,-11.95098685115,
    207.40493398105));
#7375 = CARTESIAN_POINT('',(-24.15282735135,-11.89326391373,
    207.48403339434));
#7376 = CARTESIAN_POINT('',(-23.40216389242,-12.00788232311,
    206.36456970689));
#7377 = CARTESIAN_POINT('',(-23.71890578723,-12.00788232311,
    206.44719802727));
#7378 = CARTESIAN_POINT('',(-24.0499420746,-11.97457418133,
    206.54239847904));
#7379 = CARTESIAN_POINT('',(-24.37060381205,-11.90538958495,
    206.64425013676));
#7380 = ADVANCED_FACE('',(#7381),#7408,.F.);
#7381 = FACE_BOUND('',#7382,.F.);
#7382 = EDGE_LOOP('',(#7383,#7384,#7397));
#7383 = ORIENTED_EDGE('',*,*,#7357,.F.);
#7384 = ORIENTED_EDGE('',*,*,#7385,.F.);
#7385 = EDGE_CURVE('',#7386,#7349,#7388,.T.);
#7386 = VERTEX_POINT('',#7387);
#7387 = CARTESIAN_POINT('',(-28.26816096408,-7.007882323115,
    207.57796679275));
#7388 = B_SPLINE_CURVE_WITH_KNOTS('',3,(#7389,#7390,#7391,#7392,#7393,
    #7394,#7395,#7396),.UNSPECIFIED.,.F.,.F.,(4,2,1,1,4),(
    -4.75933176497E-04,0.,5.617911996425E-02,8.426867994637E-02,
    0.140447799911),.UNSPECIFIED.);
#7389 = CARTESIAN_POINT('',(-28.26816096408,-7.007882323115,
    207.57796679275));
#7390 = CARTESIAN_POINT('',(-28.26798971813,-7.015338113743,
    207.5784805306));
#7391 = CARTESIAN_POINT('',(-28.26780293016,-7.022787600379,
    207.5789884832));
#7392 = CARTESIAN_POINT('',(-28.24358651059,-7.911433531324,
    207.63894405565));
#7393 = CARTESIAN_POINT('',(-27.86636073897,-9.237925653151,
    207.61314985772));
#7394 = CARTESIAN_POINT('',(-26.47612085263,-11.03211215778,
    207.28251969597));
#7395 = CARTESIAN_POINT('',(-25.24267741542,-11.71723473697,
    206.92124652217));
#7396 = CARTESIAN_POINT('',(-24.370603815,-11.90538958431,206.6442501377
    ));
#7397 = ORIENTED_EDGE('',*,*,#7398,.F.);
#7398 = EDGE_CURVE('',#7339,#7386,#7399,.T.);
#7399 = B_SPLINE_CURVE_WITH_KNOTS('',3,(#7400,#7401,#7402,#7403,#7404,
    #7405,#7406,#7407),.UNSPECIFIED.,.F.,.F.,(4,1,1,2,4),(
    -0.140447799911,-8.426867994637E-02,-5.617911996425E-02,0.,
    4.75933176497E-04),.UNSPECIFIED.);
#7400 = CARTESIAN_POINT('',(-23.60620376735,-11.07083884889,
    208.93745028065));
#7401 = CARTESIAN_POINT('',(-24.50653528587,-10.9119964852,
    209.12967291083));
#7402 = CARTESIAN_POINT('',(-25.8428962145,-10.33363120954,
    209.18219361038));
#7403 = CARTESIAN_POINT('',(-27.50959809772,-8.836000971357,
    208.68343778148));
#7404 = CARTESIAN_POINT('',(-28.09693318123,-7.743060204874,
    208.07890404379));
#7405 = CARTESIAN_POINT('',(-28.26538366249,-7.020009842211,
    207.58624628621));
#7406 = CARTESIAN_POINT('',(-28.26677937572,-7.013948145542,
    207.58211155783));
#7407 = CARTESIAN_POINT('',(-28.26816096408,-7.007882323115,
    207.57796679275));
#7408 = B_SPLINE_SURFACE_WITH_KNOTS('',3,3,(
    (#7409,#7410,#7411,#7412,#7413,#7414,#7415,#7416)
    ,(#7417,#7418,#7419,#7420,#7421,#7422,#7423,#7424)
    ,(#7425,#7426,#7427,#7428,#7429,#7430,#7431,#7432)
    ,(#7433,#7434,#7435,#7436,#7437,#7438,#7439,#7440
  )),.UNSPECIFIED.,.F.,.F.,.F.,(4,4),(4,1,1,2,4),(0.,1.),(
    -0.140447799911,-8.426867994637E-02,-5.617911996425E-02,0.,
    4.75933176497E-04),.UNSPECIFIED.);
#7409 = CARTESIAN_POINT('',(-23.60620376735,-11.07083884889,
    208.93745028065));
#7410 = CARTESIAN_POINT('',(-24.50653528587,-10.9119964852,
    209.12967291083));
#7411 = CARTESIAN_POINT('',(-25.8428962145,-10.33363120954,
    209.18219361038));
#7412 = CARTESIAN_POINT('',(-27.50959809772,-8.836000971357,
    208.68343778148));
#7413 = CARTESIAN_POINT('',(-28.09693318123,-7.743060204874,
    208.07890404379));
#7414 = CARTESIAN_POINT('',(-28.26538366249,-7.020009842211,
    207.58624628621));
#7415 = CARTESIAN_POINT('',(-28.26677937572,-7.013948145542,
    207.58211155783));
#7416 = CARTESIAN_POINT('',(-28.26816096408,-7.007882323115,
    207.57796679275));
#7417 = CARTESIAN_POINT('',(-23.8799163907,-11.59530730591,
    208.30276628384));
#7418 = CARTESIAN_POINT('',(-24.82528322528,-11.39736103225,
    208.52681312529));
#7419 = CARTESIAN_POINT('',(-26.1632017059,-10.68330292089,
    208.64487987717));
#7420 = CARTESIAN_POINT('',(-27.67678449929,-8.975681194079,
    208.34590119217));
#7421 = CARTESIAN_POINT('',(-28.14539533123,-7.797883704819,
    207.93072802969));
#7422 = CARTESIAN_POINT('',(-28.26620728653,-7.020991250451,
    207.58388557961));
#7423 = CARTESIAN_POINT('',(-28.26716900136,-7.014355112559,
    207.580842222));
#7424 = CARTESIAN_POINT('',(-28.26816096408,-7.007882323115,
    207.57796679275));
#7425 = CARTESIAN_POINT('',(-24.15282735362,-11.8932639132,
    207.48403339507));
#7426 = CARTESIAN_POINT('',(-25.08656615792,-11.68321859356,
    207.74296432737));
#7427 = CARTESIAN_POINT('',(-26.38302635417,-10.9258024491,
    207.98540593233));
#7428 = CARTESIAN_POINT('',(-27.79614376916,-9.110196249959,
    207.98782338255));
#7429 = CARTESIAN_POINT('',(-28.19382711429,-7.853438238442,
    207.78543268049));
#7430 = CARTESIAN_POINT('',(-28.26702997575,-7.021937966994,
    207.58141751197));
#7431 = CARTESIAN_POINT('',(-28.26755553756,-7.014796767228,
    207.5796826134));
#7432 = CARTESIAN_POINT('',(-28.26816096408,-7.007882323115,
    207.57796679275));
#7433 = CARTESIAN_POINT('',(-24.370603815,-11.90538958431,206.6442501377
    ));
#7434 = CARTESIAN_POINT('',(-25.24267741542,-11.71723473697,
    206.92124652217));
#7435 = CARTESIAN_POINT('',(-26.47612085263,-11.03211215778,
    207.28251969597));
#7436 = CARTESIAN_POINT('',(-27.86636073897,-9.237925653151,
    207.61314985772));
#7437 = CARTESIAN_POINT('',(-28.24358651059,-7.911433531324,
    207.63894405565));
#7438 = CARTESIAN_POINT('',(-28.26780293016,-7.022787600379,
    207.5789884832));
#7439 = CARTESIAN_POINT('',(-28.26798971813,-7.015338113743,
    207.5784805306));
#7440 = CARTESIAN_POINT('',(-28.26816096408,-7.007882323115,
    207.57796679275));
#7441 = ADVANCED_FACE('',(#7442),#7461,.T.);
#7442 = FACE_BOUND('',#7443,.T.);
#7443 = EDGE_LOOP('',(#7444,#7445,#7446,#7455));
#7444 = ORIENTED_EDGE('',*,*,#3765,.F.);
#7445 = ORIENTED_EDGE('',*,*,#6059,.T.);
#7446 = ORIENTED_EDGE('',*,*,#7447,.T.);
#7447 = EDGE_CURVE('',#6051,#7448,#7450,.T.);
#7448 = VERTEX_POINT('',#7449);
#7449 = CARTESIAN_POINT('',(-36.,-7.007882323115,182.75967308332));
#7450 = CIRCLE('',#7451,5.);
#7451 = AXIS2_PLACEMENT_3D('',#7452,#7453,#7454);
#7452 = CARTESIAN_POINT('',(-31.,-7.007882323115,182.75967308332));
#7453 = DIRECTION('',(0.,0.,-1.));
#7454 = DIRECTION('',(0.,-1.,0.));
#7455 = ORIENTED_EDGE('',*,*,#7456,.T.);
#7456 = EDGE_CURVE('',#7448,#3725,#7457,.T.);
#7457 = LINE('',#7458,#7459);
#7458 = CARTESIAN_POINT('',(-36.,-7.007882323115,182.75967308332));
#7459 = VECTOR('',#7460,1.);
#7460 = DIRECTION('',(0.,0.,-1.));
#7461 = CYLINDRICAL_SURFACE('',#7462,5.);
#7462 = AXIS2_PLACEMENT_3D('',#7463,#7464,#7465);
#7463 = CARTESIAN_POINT('',(-31.,-7.007882323116,103.10647120197));
#7464 = DIRECTION('',(2.147809E-17,2.927204E-15,1.));
#7465 = DIRECTION('',(-0.707106781187,-0.707106781187,2.085033101402E-15
    ));
#7466 = ADVANCED_FACE('',(#7467),#7487,.T.);
#7467 = FACE_BOUND('',#7468,.T.);
#7468 = EDGE_LOOP('',(#7469,#7478,#7485,#7486));
#7469 = ORIENTED_EDGE('',*,*,#7470,.T.);
#7470 = EDGE_CURVE('',#6043,#7471,#7473,.T.);
#7471 = VERTEX_POINT('',#7472);
#7472 = CARTESIAN_POINT('',(-35.4868329805,-7.007882323115,
    185.92195074349));
#7473 = CIRCLE('',#7474,5.);
#7474 = AXIS2_PLACEMENT_3D('',#7475,#7476,#7477);
#7475 = CARTESIAN_POINT('',(-30.74341649025,-7.007882323115,
    184.3408119134));
#7476 = DIRECTION('',(-0.316227766017,0.,-0.948683298051));
#7477 = DIRECTION('',(0.,-1.,-0.));
#7478 = ORIENTED_EDGE('',*,*,#7479,.T.);
#7479 = EDGE_CURVE('',#7471,#7448,#7480,.T.);
#7480 = CIRCLE('',#7481,10.);
#7481 = AXIS2_PLACEMENT_3D('',#7482,#7483,#7484);
#7482 = CARTESIAN_POINT('',(-26.,-7.007882323115,182.75967308332));
#7483 = DIRECTION('',(-4.946103E-16,-1.,8.026421E-17));
#7484 = DIRECTION('',(-0.987087457637,5.010805247393E-16,0.160182243007)
  );
#7485 = ORIENTED_EDGE('',*,*,#7447,.F.);
#7486 = ORIENTED_EDGE('',*,*,#6050,.T.);
#7487 = ( BOUNDED_SURFACE() B_SPLINE_SURFACE(2,2,(
    (#7488,#7489,#7490)
    ,(#7491,#7492,#7493)
    ,(#7494,#7495,#7496)
    ,(#7497,#7498,#7499)
    ,(#7500,#7501,#7502)
    ,(#7503,#7504,#7505)
    ,(#7506,#7507,#7508)
    ,(#7509,#7510,#7511)
    ,(#7512,#7513,#7514
)),.UNSPECIFIED.,.T.,.F.,.F.) B_SPLINE_SURFACE_WITH_KNOTS((1,2,2,2,2,2,1
    ),(3,3),(-4.712388980385,-3.14159265359,-1.570796326795,0.,
    1.570796326795,3.14159265359,4.712388980385),(0.,0.588002603548),
.UNSPECIFIED.) GEOMETRIC_REPRESENTATION_ITEM() RATIONAL_B_SPLINE_SURFACE
((
    (1.,0.957092026489,1.)
    ,(0.707106781187,0.67676626215,0.707106781187)
    ,(1.,0.957092026489,1.)
    ,(0.707106781187,0.67676626215,0.707106781187)
    ,(1.,0.957092026489,1.)
    ,(0.707106781187,0.67676626215,0.707106781187)
    ,(1.,0.957092026489,1.)
    ,(0.707106781187,0.67676626215,0.707106781187)
,(1.,0.957092026489,1.))) REPRESENTATION_ITEM('') SURFACE() );
#7488 = CARTESIAN_POINT('',(-26.,-7.007882323115,182.75967308332));
#7489 = CARTESIAN_POINT('',(-26.,-7.007882323115,182.75967308332));
#7490 = CARTESIAN_POINT('',(-26.,-7.007882323115,182.75967308332));
#7491 = CARTESIAN_POINT('',(-26.,-12.00788232311,182.75967308332));
#7492 = CARTESIAN_POINT('',(-26.,-12.00788232311,182.75967308332));
#7493 = CARTESIAN_POINT('',(-26.,-12.00788232311,182.75967308332));
#7494 = CARTESIAN_POINT('',(-30.16025147168,-12.00788232311,
    185.53317406445));
#7495 = CARTESIAN_POINT('',(-31.,-12.00788232311,184.27355127198));
#7496 = CARTESIAN_POINT('',(-31.,-12.00788232311,182.75967308332));
#7497 = CARTESIAN_POINT('',(-34.32050294337,-12.00788232311,
    188.30667504557));
#7498 = CARTESIAN_POINT('',(-36.,-12.00788232311,185.78742946064));
#7499 = CARTESIAN_POINT('',(-36.,-12.00788232311,182.75967308332));
#7500 = CARTESIAN_POINT('',(-34.32050294337,-7.007882323115,
    188.30667504557));
#7501 = CARTESIAN_POINT('',(-36.,-7.007882323115,185.78742946064));
#7502 = CARTESIAN_POINT('',(-36.,-7.007882323115,182.75967308332));
#7503 = CARTESIAN_POINT('',(-34.32050294337,-2.007882323115,
    188.30667504557));
#7504 = CARTESIAN_POINT('',(-36.,-2.007882323115,185.78742946064));
#7505 = CARTESIAN_POINT('',(-36.,-2.007882323116,182.75967308332));
#7506 = CARTESIAN_POINT('',(-30.16025147168,-2.007882323115,
    185.53317406445));
#7507 = CARTESIAN_POINT('',(-31.,-2.007882323115,184.27355127198));
#7508 = CARTESIAN_POINT('',(-31.,-2.007882323116,182.75967308332));
#7509 = CARTESIAN_POINT('',(-26.,-2.007882323116,182.75967308332));
#7510 = CARTESIAN_POINT('',(-26.,-2.007882323116,182.75967308332));
#7511 = CARTESIAN_POINT('',(-26.,-2.007882323116,182.75967308332));
#7512 = CARTESIAN_POINT('',(-26.,-7.007882323115,182.75967308332));
#7513 = CARTESIAN_POINT('',(-26.,-7.007882323115,182.75967308332));
#7514 = CARTESIAN_POINT('',(-26.,-7.007882323115,182.75967308332));
#7515 = ADVANCED_FACE('',(#7516),#7528,.T.);
#7516 = FACE_BOUND('',#7517,.T.);
#7517 = EDGE_LOOP('',(#7518,#7519,#7520,#7526,#7527));
#7518 = ORIENTED_EDGE('',*,*,#7348,.F.);
#7519 = ORIENTED_EDGE('',*,*,#7385,.F.);
#7520 = ORIENTED_EDGE('',*,*,#7521,.T.);
#7521 = EDGE_CURVE('',#7386,#7471,#7522,.T.);
#7522 = LINE('',#7523,#7524);
#7523 = CARTESIAN_POINT('',(-28.26816096408,-7.007882323115,
    207.57796679275));
#7524 = VECTOR('',#7525,1.);
#7525 = DIRECTION('',(-0.316227766017,-2.762493E-15,-0.948683298051));
#7526 = ORIENTED_EDGE('',*,*,#7470,.F.);
#7527 = ORIENTED_EDGE('',*,*,#6042,.T.);
#7528 = CYLINDRICAL_SURFACE('',#7529,5.);
#7529 = AXIS2_PLACEMENT_3D('',#7530,#7531,#7532);
#7530 = CARTESIAN_POINT('',(-43.80658350974,-7.007882323116,
    145.15131085492));
#7531 = DIRECTION('',(-0.316227766017,-2.760474E-15,-0.948683298051));
#7532 = DIRECTION('',(-0.67082039325,-0.707106781187,0.22360679775));
#7533 = ADVANCED_FACE('',(#7534),#7552,.F.);
#7534 = FACE_BOUND('',#7535,.F.);
#7535 = EDGE_LOOP('',(#7536,#7543,#7544,#7551));
#7536 = ORIENTED_EDGE('',*,*,#7537,.F.);
#7537 = EDGE_CURVE('',#7339,#7230,#7538,.T.);
#7538 = ELLIPSE('',#7539,15.365907428821,15.);
#7539 = AXIS2_PLACEMENT_3D('',#7540,#7541,#7542);
#7540 = CARTESIAN_POINT('',(-25.72953723305,0.492117676885,199.382449685
    ));
#7541 = DIRECTION('',(-0.976187060184,6.597674E-16,0.216930457819));
#7542 = DIRECTION('',(0.216930457819,2.782395E-15,0.976187060184));
#7543 = ORIENTED_EDGE('',*,*,#7398,.T.);
#7544 = ORIENTED_EDGE('',*,*,#7545,.F.);
#7545 = EDGE_CURVE('',#7267,#7386,#7546,.T.);
#7546 = ELLIPSE('',#7547,10.540925533895,10.);
#7547 = AXIS2_PLACEMENT_3D('',#7548,#7549,#7550);
#7548 = CARTESIAN_POINT('',(-30.4729537233,0.492117676885,
    200.96358851509));
#7549 = DIRECTION('',(0.948683298051,-9.369953E-16,-0.316227766017));
#7550 = DIRECTION('',(0.316227766017,2.698497E-15,0.948683298051));
#7551 = ORIENTED_EDGE('',*,*,#7266,.T.);
#7552 = B_SPLINE_SURFACE_WITH_KNOTS('',3,3,(
    (#7553,#7554,#7555,#7556,#7557,#7558,#7559)
    ,(#7560,#7561,#7562,#7563,#7564,#7565,#7566)
    ,(#7567,#7568,#7569,#7570,#7571,#7572,#7573)
    ,(#7574,#7575,#7576,#7577,#7578,#7579,#7580)
    ,(#7581,#7582,#7583,#7584,#7585,#7586,#7587
  )),.UNSPECIFIED.,.F.,.F.,.F.,(4,1,4),(4,1,1,1,4),(0.,0.571428571429,1.
    ),(-0.880196035585,-0.377226872393,-0.125742290798,0.377226872393,
    0.880196035585),.UNSPECIFIED.);
#7553 = CARTESIAN_POINT('',(-28.3496202576,8.200755360739,
    207.33358891219));
#7554 = CARTESIAN_POINT('',(-27.9188194748,7.13278410432,208.62599126058
    ));
#7555 = CARTESIAN_POINT('',(-27.4116510174,5.033441799067,
    210.14749663278));
#7556 = CARTESIAN_POINT('',(-27.06051511404,0.940604243768,
    211.20090434286));
#7557 = CARTESIAN_POINT('',(-27.24032520989,-3.34878245273,
    210.66147405531));
#7558 = CARTESIAN_POINT('',(-27.9188194748,-6.148548750551,
    208.62599126058));
#7559 = CARTESIAN_POINT('',(-28.3496202576,-7.21652000697,
    207.33358891219));
#7560 = CARTESIAN_POINT('',(-28.09543909302,9.226077381497,
    208.09613240593));
#7561 = CARTESIAN_POINT('',(-27.61763943652,7.992910631452,
    209.52631392869));
#7562 = CARTESIAN_POINT('',(-27.06028719708,5.607042406919,
    211.19788312803));
#7563 = CARTESIAN_POINT('',(-26.67494400613,0.994913085859,
    212.35135526477));
#7564 = CARTESIAN_POINT('',(-26.87200770619,-3.826408849411,
    211.76185513905));
#7565 = CARTESIAN_POINT('',(-27.61763943652,-7.008675277683,
    209.52631392869));
#7566 = CARTESIAN_POINT('',(-28.09543909302,-8.241842027728,
    208.09613240593));
#7567 = CARTESIAN_POINT('',(-26.76324665565,11.009258854372,
    209.12559278628));
#7568 = CARTESIAN_POINT('',(-26.2631470213,9.492149909857,
    210.81597137627));
#7569 = CARTESIAN_POINT('',(-25.68202502783,6.605860172665,
    212.77177310552));
#7570 = CARTESIAN_POINT('',(-25.28200502492,1.090432872075,
    214.11572987326));
#7571 = CARTESIAN_POINT('',(-25.48613398206,-4.659110892013,
    213.43069065495));
#7572 = CARTESIAN_POINT('',(-26.2631470213,-8.507914556088,
    210.81597137627));
#7573 = CARTESIAN_POINT('',(-26.76324665565,-10.0250235006,
    209.12559278628));
#7574 = CARTESIAN_POINT('',(-24.55258292938,11.900170782223,
    209.12490620997));
#7575 = CARTESIAN_POINT('',(-24.10129122696,10.291238159811,
    211.00764943915));
#7576 = CARTESIAN_POINT('',(-23.57205171841,7.174323812507,
    213.20692855753));
#7577 = CARTESIAN_POINT('',(-23.20647131215,1.14921472283,
    214.72439679042));
#7578 = CARTESIAN_POINT('',(-23.39344050798,-5.149998088669,
    213.94896844426));
#7579 = CARTESIAN_POINT('',(-24.10129122696,-9.307002806042,
    211.00764943915));
#7580 = CARTESIAN_POINT('',(-24.55258292938,-10.91593542845,
    209.12490620997));
#7581 = CARTESIAN_POINT('',(-23.60620376735,12.055074202667,
    208.93745028065));
#7582 = CARTESIAN_POINT('',(-23.17540298455,10.453117318038,
    210.87605380325));
#7583 = CARTESIAN_POINT('',(-22.66823452715,7.304103860158,
    213.15831186154));
#7584 = CARTESIAN_POINT('',(-22.31709862379,1.164847527209,
    214.73842342666));
#7585 = CARTESIAN_POINT('',(-22.49690871964,-5.269232517537,
    213.92927799534));
#7586 = CARTESIAN_POINT('',(-23.17540298455,-9.468881964269,
    210.87605380325));
#7587 = CARTESIAN_POINT('',(-23.60620376735,-11.07083884889,
    208.93745028065));
#7588 = ADVANCED_FACE('',(#7589),#7616,.T.);
#7589 = FACE_BOUND('',#7590,.T.);
#7590 = EDGE_LOOP('',(#7591,#7592,#7593,#7601,#7610));
#7591 = ORIENTED_EDGE('',*,*,#7281,.F.);
#7592 = ORIENTED_EDGE('',*,*,#7209,.F.);
#7593 = ORIENTED_EDGE('',*,*,#7594,.T.);
#7594 = EDGE_CURVE('',#7210,#7595,#7597,.T.);
#7595 = VERTEX_POINT('',#7596);
#7596 = CARTESIAN_POINT('',(-30.74341649025,12.992117676885,
    184.3408119134));
#7597 = LINE('',#7598,#7599);
#7598 = CARTESIAN_POINT('',(-23.40216389242,12.992117676885,
    206.36456970689));
#7599 = VECTOR('',#7600,1.);
#7600 = DIRECTION('',(-0.316227766017,-2.90766E-15,-0.948683298051));
#7601 = ORIENTED_EDGE('',*,*,#7602,.T.);
#7602 = EDGE_CURVE('',#7595,#7603,#7605,.T.);
#7603 = VERTEX_POINT('',#7604);
#7604 = CARTESIAN_POINT('',(-35.4868329805,7.992117676885,
    185.92195074349));
#7605 = CIRCLE('',#7606,5.);
#7606 = AXIS2_PLACEMENT_3D('',#7607,#7608,#7609);
#7607 = CARTESIAN_POINT('',(-30.74341649025,7.992117676885,
    184.3408119134));
#7608 = DIRECTION('',(0.316227766017,0.,0.948683298051));
#7609 = DIRECTION('',(-0.,1.,0.));
#7610 = ORIENTED_EDGE('',*,*,#7611,.T.);
#7611 = EDGE_CURVE('',#7603,#7267,#7612,.T.);
#7612 = LINE('',#7613,#7614);
#7613 = CARTESIAN_POINT('',(-35.4868329805,7.992117676885,
    185.92195074349));
#7614 = VECTOR('',#7615,1.);
#7615 = DIRECTION('',(0.316227766017,2.879219E-15,0.948683298051));
#7616 = CYLINDRICAL_SURFACE('',#7617,5.);
#7617 = AXIS2_PLACEMENT_3D('',#7618,#7619,#7620);
#7618 = CARTESIAN_POINT('',(-22.76284921336,7.992117676885,
    208.28251374407));
#7619 = DIRECTION('',(0.316227766017,2.875114E-15,0.948683298051));
#7620 = DIRECTION('',(-0.67082039325,0.707106781187,0.22360679775));
#7621 = ADVANCED_FACE('',(#7622),#7650,.T.);
#7622 = FACE_BOUND('',#7623,.T.);
#7623 = EDGE_LOOP('',(#7624,#7635,#7642,#7643));
#7624 = ORIENTED_EDGE('',*,*,#7625,.T.);
#7625 = EDGE_CURVE('',#7626,#7628,#7630,.T.);
#7626 = VERTEX_POINT('',#7627);
#7627 = CARTESIAN_POINT('',(-31.,12.992117676885,182.75967308332));
#7628 = VERTEX_POINT('',#7629);
#7629 = CARTESIAN_POINT('',(-36.,7.992117676885,182.75967308332));
#7630 = CIRCLE('',#7631,5.);
#7631 = AXIS2_PLACEMENT_3D('',#7632,#7633,#7634);
#7632 = CARTESIAN_POINT('',(-31.,7.992117676885,182.75967308332));
#7633 = DIRECTION('',(0.,-0.,1.));
#7634 = DIRECTION('',(0.,1.,0.));
#7635 = ORIENTED_EDGE('',*,*,#7636,.T.);
#7636 = EDGE_CURVE('',#7628,#7603,#7637,.T.);
#7637 = CIRCLE('',#7638,10.);
#7638 = AXIS2_PLACEMENT_3D('',#7639,#7640,#7641);
#7639 = CARTESIAN_POINT('',(-26.,7.992117676885,182.75967308332));
#7640 = DIRECTION('',(5.494047E-16,1.,-8.915611E-17));
#7641 = DIRECTION('',(-0.987087457637,5.565917142147E-16,0.160182243007)
  );
#7642 = ORIENTED_EDGE('',*,*,#7602,.F.);
#7643 = ORIENTED_EDGE('',*,*,#7644,.T.);
#7644 = EDGE_CURVE('',#7595,#7626,#7645,.T.);
#7645 = CIRCLE('',#7646,5.);
#7646 = AXIS2_PLACEMENT_3D('',#7647,#7648,#7649);
#7647 = CARTESIAN_POINT('',(-26.,12.992117676885,182.75967308332));
#7648 = DIRECTION('',(-5.328235E-16,-1.,8.646535E-17));
#7649 = DIRECTION('',(-0.987087457637,5.397936076899E-16,0.160182243007)
  );
#7650 = ( BOUNDED_SURFACE() B_SPLINE_SURFACE(2,2,(
    (#7651,#7652,#7653)
    ,(#7654,#7655,#7656)
    ,(#7657,#7658,#7659)
    ,(#7660,#7661,#7662)
    ,(#7663,#7664,#7665)
    ,(#7666,#7667,#7668)
    ,(#7669,#7670,#7671)
    ,(#7672,#7673,#7674)
    ,(#7675,#7676,#7677
)),.UNSPECIFIED.,.T.,.F.,.F.) B_SPLINE_SURFACE_WITH_KNOTS((1,2,2,2,2,2,1
    ),(3,3),(-4.712388980385,-3.14159265359,-1.570796326795,0.,
    1.570796326795,3.14159265359,4.712388980385),(0.,0.588002603548),
.UNSPECIFIED.) GEOMETRIC_REPRESENTATION_ITEM() RATIONAL_B_SPLINE_SURFACE
((
    (1.,0.957092026489,1.)
    ,(0.707106781187,0.67676626215,0.707106781187)
    ,(1.,0.957092026489,1.)
    ,(0.707106781187,0.67676626215,0.707106781187)
    ,(1.,0.957092026489,1.)
    ,(0.707106781187,0.67676626215,0.707106781187)
    ,(1.,0.957092026489,1.)
    ,(0.707106781187,0.67676626215,0.707106781187)
,(1.,0.957092026489,1.))) REPRESENTATION_ITEM('') SURFACE() );
#7651 = CARTESIAN_POINT('',(-26.,7.992117676885,182.75967308332));
#7652 = CARTESIAN_POINT('',(-26.,7.992117676885,182.75967308332));
#7653 = CARTESIAN_POINT('',(-26.,7.992117676885,182.75967308332));
#7654 = CARTESIAN_POINT('',(-26.,12.992117676885,182.75967308332));
#7655 = CARTESIAN_POINT('',(-26.,12.992117676885,182.75967308332));
#7656 = CARTESIAN_POINT('',(-26.,12.992117676885,182.75967308332));
#7657 = CARTESIAN_POINT('',(-31.,12.992117676885,182.75967308332));
#7658 = CARTESIAN_POINT('',(-31.,12.992117676885,184.27355127198));
#7659 = CARTESIAN_POINT('',(-30.16025147168,12.992117676885,
    185.53317406445));
#7660 = CARTESIAN_POINT('',(-36.,12.992117676885,182.75967308332));
#7661 = CARTESIAN_POINT('',(-36.,12.992117676885,185.78742946064));
#7662 = CARTESIAN_POINT('',(-34.32050294337,12.992117676885,
    188.30667504557));
#7663 = CARTESIAN_POINT('',(-36.,7.992117676885,182.75967308332));
#7664 = CARTESIAN_POINT('',(-36.,7.992117676885,185.78742946064));
#7665 = CARTESIAN_POINT('',(-34.32050294337,7.992117676885,
    188.30667504557));
#7666 = CARTESIAN_POINT('',(-36.,2.992117676885,182.75967308332));
#7667 = CARTESIAN_POINT('',(-36.,2.992117676885,185.78742946064));
#7668 = CARTESIAN_POINT('',(-34.32050294337,2.992117676885,
    188.30667504557));
#7669 = CARTESIAN_POINT('',(-31.,2.992117676885,182.75967308332));
#7670 = CARTESIAN_POINT('',(-31.,2.992117676885,184.27355127198));
#7671 = CARTESIAN_POINT('',(-30.16025147168,2.992117676885,
    185.53317406445));
#7672 = CARTESIAN_POINT('',(-26.,2.992117676885,182.75967308332));
#7673 = CARTESIAN_POINT('',(-26.,2.992117676885,182.75967308332));
#7674 = CARTESIAN_POINT('',(-26.,2.992117676885,182.75967308332));
#7675 = CARTESIAN_POINT('',(-26.,7.992117676885,182.75967308332));
#7676 = CARTESIAN_POINT('',(-26.,7.992117676885,182.75967308332));
#7677 = CARTESIAN_POINT('',(-26.,7.992117676885,182.75967308332));
#7678 = ADVANCED_FACE('',(#7679),#7695,.T.);
#7679 = FACE_BOUND('',#7680,.T.);
#7680 = EDGE_LOOP('',(#7681,#7682,#7688,#7689));
#7681 = ORIENTED_EDGE('',*,*,#3699,.F.);
#7682 = ORIENTED_EDGE('',*,*,#7683,.T.);
#7683 = EDGE_CURVE('',#3691,#7628,#7684,.T.);
#7684 = LINE('',#7685,#7686);
#7685 = CARTESIAN_POINT('',(-36.,7.992117676884,68.382449685008));
#7686 = VECTOR('',#7687,1.);
#7687 = DIRECTION('',(0.,0.,1.));
#7688 = ORIENTED_EDGE('',*,*,#7625,.F.);
#7689 = ORIENTED_EDGE('',*,*,#7690,.T.);
#7690 = EDGE_CURVE('',#7626,#3659,#7691,.T.);
#7691 = LINE('',#7692,#7693);
#7692 = CARTESIAN_POINT('',(-31.,12.992117676885,182.75967308332));
#7693 = VECTOR('',#7694,1.);
#7694 = DIRECTION('',(0.,0.,-1.));
#7695 = CYLINDRICAL_SURFACE('',#7696,5.);
#7696 = AXIS2_PLACEMENT_3D('',#7697,#7698,#7699);
#7697 = CARTESIAN_POINT('',(-31.,7.992117676884,173.25225218991));
#7698 = DIRECTION('',(-2.147809E-17,-3.048044E-15,-1.));
#7699 = DIRECTION('',(-0.707106781187,0.707106781187,-2.140105278669E-15
    ));
#7700 = ADVANCED_FACE('',(#7701),#7717,.T.);
#7701 = FACE_BOUND('',#7702,.T.);
#7702 = EDGE_LOOP('',(#7703,#7704,#7710,#7711));
#7703 = ORIENTED_EDGE('',*,*,#6732,.F.);
#7704 = ORIENTED_EDGE('',*,*,#7705,.T.);
#7705 = EDGE_CURVE('',#6706,#7210,#7706,.T.);
#7706 = LINE('',#7707,#7708);
#7707 = CARTESIAN_POINT('',(-16.02342035896,12.992117676885,
    206.36456970689));
#7708 = VECTOR('',#7709,1.);
#7709 = DIRECTION('',(-1.,0.,0.));
#7710 = ORIENTED_EDGE('',*,*,#7220,.F.);
#7711 = ORIENTED_EDGE('',*,*,#7712,.T.);
#7712 = EDGE_CURVE('',#7221,#6733,#7713,.T.);
#7713 = LINE('',#7714,#7715);
#7714 = CARTESIAN_POINT('',(-23.40216389242,12.083026767794,
    208.90352244212));
#7715 = VECTOR('',#7716,1.);
#7716 = DIRECTION('',(1.,0.,0.));
#7717 = CYLINDRICAL_SURFACE('',#7718,4.);
#7718 = AXIS2_PLACEMENT_3D('',#7719,#7720,#7721);
#7719 = CARTESIAN_POINT('',(-36.,8.992117676885,206.36456970689));
#7720 = DIRECTION('',(1.,-5.222537E-17,-2.147809E-17));
#7721 = DIRECTION('',(5.640882282955E-17,0.941468871691,0.337099931232)
  );
#7722 = ADVANCED_FACE('',(#7723),#7734,.T.);
#7723 = FACE_BOUND('',#7724,.T.);
#7724 = EDGE_LOOP('',(#7725,#7726,#7727,#7728,#7729,#7730,#7731,#7732,
    #7733));
#7725 = ORIENTED_EDGE('',*,*,#6780,.F.);
#7726 = ORIENTED_EDGE('',*,*,#7712,.F.);
#7727 = ORIENTED_EDGE('',*,*,#7229,.F.);
#7728 = ORIENTED_EDGE('',*,*,#7537,.F.);
#7729 = ORIENTED_EDGE('',*,*,#7338,.F.);
#7730 = ORIENTED_EDGE('',*,*,#6902,.F.);
#7731 = ORIENTED_EDGE('',*,*,#6567,.F.);
#7732 = ORIENTED_EDGE('',*,*,#6600,.F.);
#7733 = ORIENTED_EDGE('',*,*,#6822,.F.);
#7734 = CYLINDRICAL_SURFACE('',#7735,15.);
#7735 = AXIS2_PLACEMENT_3D('',#7736,#7737,#7738);
#7736 = CARTESIAN_POINT('',(-36.,0.492117676885,199.382449685));
#7737 = DIRECTION('',(1.,-5.222537E-17,-2.147809E-17));
#7738 = DIRECTION('',(-3.164868070942E-17,-0.833333333333,0.552770798393
    ));
#7739 = ADVANCED_FACE('',(#7740),#7751,.F.);
#7740 = FACE_BOUND('',#7741,.T.);
#7741 = EDGE_LOOP('',(#7742,#7743,#7749,#7750));
#7742 = ORIENTED_EDGE('',*,*,#7611,.F.);
#7743 = ORIENTED_EDGE('',*,*,#7744,.F.);
#7744 = EDGE_CURVE('',#7471,#7603,#7745,.T.);
#7745 = LINE('',#7746,#7747);
#7746 = CARTESIAN_POINT('',(-35.4868329805,-7.007882323115,
    185.92195074349));
#7747 = VECTOR('',#7748,1.);
#7748 = DIRECTION('',(0.,1.,0.));
#7749 = ORIENTED_EDGE('',*,*,#7521,.F.);
#7750 = ORIENTED_EDGE('',*,*,#7545,.F.);
#7751 = PLANE('',#7752);
#7752 = AXIS2_PLACEMENT_3D('',#7753,#7754,#7755);
#7753 = CARTESIAN_POINT('',(-26.,0.492117676885,214.382449685));
#7754 = DIRECTION('',(0.948683298051,-9.369953E-16,-0.316227766017));
#7755 = DIRECTION('',(-8.889117914618E-16,-1.,2.963039304873E-16));
#7756 = ADVANCED_FACE('',(#7757),#7769,.T.);
#7757 = FACE_BOUND('',#7758,.T.);
#7758 = EDGE_LOOP('',(#7759,#7760,#7761,#7762,#7763,#7764,#7765,#7766,
    #7767,#7768));
#7759 = ORIENTED_EDGE('',*,*,#3667,.F.);
#7760 = ORIENTED_EDGE('',*,*,#7690,.F.);
#7761 = ORIENTED_EDGE('',*,*,#7644,.F.);
#7762 = ORIENTED_EDGE('',*,*,#7594,.F.);
#7763 = ORIENTED_EDGE('',*,*,#7705,.F.);
#7764 = ORIENTED_EDGE('',*,*,#6714,.F.);
#7765 = ORIENTED_EDGE('',*,*,#5683,.F.);
#7766 = ORIENTED_EDGE('',*,*,#5729,.F.);
#7767 = ORIENTED_EDGE('',*,*,#6073,.T.);
#7768 = ORIENTED_EDGE('',*,*,#4487,.F.);
#7769 = PLANE('',#7770);
#7770 = AXIS2_PLACEMENT_3D('',#7771,#7772,#7773);
#7771 = CARTESIAN_POINT('',(-36.,12.992117676885,207.67401166089));
#7772 = DIRECTION('',(0.,1.,0.));
#7773 = DIRECTION('',(1.,0.,0.));
#7774 = ADVANCED_FACE('',(#7775),#7786,.T.);
#7775 = FACE_BOUND('',#7776,.T.);
#7776 = EDGE_LOOP('',(#7777,#7778,#7784,#7785));
#7777 = ORIENTED_EDGE('',*,*,#7636,.F.);
#7778 = ORIENTED_EDGE('',*,*,#7779,.T.);
#7779 = EDGE_CURVE('',#7628,#7448,#7780,.T.);
#7780 = LINE('',#7781,#7782);
#7781 = CARTESIAN_POINT('',(-36.,7.992117676885,182.75967308332));
#7782 = VECTOR('',#7783,1.);
#7783 = DIRECTION('',(0.,-1.,0.));
#7784 = ORIENTED_EDGE('',*,*,#7479,.F.);
#7785 = ORIENTED_EDGE('',*,*,#7744,.T.);
#7786 = CYLINDRICAL_SURFACE('',#7787,10.);
#7787 = AXIS2_PLACEMENT_3D('',#7788,#7789,#7790);
#7788 = CARTESIAN_POINT('',(-26.,0.492117676885,182.75967308332));
#7789 = DIRECTION('',(5.222537E-17,1.,-2.806363E-15));
#7790 = DIRECTION('',(-0.987087457637,5.010805277292E-16,0.160182243007)
  );
#7791 = ADVANCED_FACE('',(#7792),#7798,.T.);
#7792 = FACE_BOUND('',#7793,.T.);
#7793 = EDGE_LOOP('',(#7794,#7795,#7796,#7797));
#7794 = ORIENTED_EDGE('',*,*,#3733,.F.);
#7795 = ORIENTED_EDGE('',*,*,#7456,.F.);
#7796 = ORIENTED_EDGE('',*,*,#7779,.F.);
#7797 = ORIENTED_EDGE('',*,*,#7683,.F.);
#7798 = PLANE('',#7799);
#7799 = AXIS2_PLACEMENT_3D('',#7800,#7801,#7802);
#7800 = CARTESIAN_POINT('',(-36.,0.492117676884,138.83049271893));
#7801 = DIRECTION('',(-1.,0.,0.));
#7802 = DIRECTION('',(0.,1.,0.));
#7803 = ADVANCED_FACE('',(#7804),#7810,.F.);
#7804 = FACE_BOUND('',#7805,.F.);
#7805 = EDGE_LOOP('',(#7806,#7807,#7808,#7809));
#7806 = ORIENTED_EDGE('',*,*,#5507,.T.);
#7807 = ORIENTED_EDGE('',*,*,#4598,.T.);
#7808 = ORIENTED_EDGE('',*,*,#5546,.T.);
#7809 = ORIENTED_EDGE('',*,*,#3209,.T.);
#7810 = CYLINDRICAL_SURFACE('',#7811,21.);
#7811 = AXIS2_PLACEMENT_3D('',#7812,#7813,#7814);
#7812 = CARTESIAN_POINT('',(3.21975E-14,0.492117676884,67.382449685008)
  );
#7813 = DIRECTION('',(2.147809E-17,3.361475E-15,1.));
#7814 = DIRECTION('',(-0.879342157744,0.47619047619,-1.581815790948E-15)
  );
#7815 = ADVANCED_FACE('',(#7816),#7825,.T.);
#7816 = FACE_BOUND('',#7817,.T.);
#7817 = EDGE_LOOP('',(#7818,#7819,#7820,#7821,#7822,#7823,#7824));
#7818 = ORIENTED_EDGE('',*,*,#4856,.F.);
#7819 = ORIENTED_EDGE('',*,*,#5410,.F.);
#7820 = ORIENTED_EDGE('',*,*,#2896,.T.);
#7821 = ORIENTED_EDGE('',*,*,#5289,.F.);
#7822 = ORIENTED_EDGE('',*,*,#4726,.F.);
#7823 = ORIENTED_EDGE('',*,*,#4760,.F.);
#7824 = ORIENTED_EDGE('',*,*,#4823,.F.);
#7825 = PLANE('',#7826);
#7826 = AXIS2_PLACEMENT_3D('',#7827,#7828,#7829);
#7827 = CARTESIAN_POINT('',(18.5,29.492117676884,133.882449685));
#7828 = DIRECTION('',(1.,0.,0.));
#7829 = DIRECTION('',(0.,-1.,0.));
#7830 = ADVANCED_FACE('',(#7831),#7857,.T.);
#7831 = FACE_BOUND('',#7832,.T.);
#7832 = EDGE_LOOP('',(#7833,#7844,#7850,#7851));
#7833 = ORIENTED_EDGE('',*,*,#7834,.F.);
#7834 = EDGE_CURVE('',#7835,#7837,#7839,.T.);
#7835 = VERTEX_POINT('',#7836);
#7836 = CARTESIAN_POINT('',(9.625,5.81746977792,57.882449685007));
#7837 = VERTEX_POINT('',#7838);
#7838 = CARTESIAN_POINT('',(-9.625,5.81746977792,57.882449685007));
#7839 = CIRCLE('',#7840,11.);
#7840 = AXIS2_PLACEMENT_3D('',#7841,#7842,#7843);
#7841 = CARTESIAN_POINT('',(3.549781E-14,0.492117676884,57.882449685007)
  );
#7842 = DIRECTION('',(0.,0.,-1.));
#7843 = DIRECTION('',(1.,0.,0.));
#7844 = ORIENTED_EDGE('',*,*,#7845,.F.);
#7845 = EDGE_CURVE('',#3314,#7835,#7846,.T.);
#7846 = LINE('',#7847,#7848);
#7847 = CARTESIAN_POINT('',(9.625,5.81746977792,69.382449685008));
#7848 = VECTOR('',#7849,1.);
#7849 = DIRECTION('',(0.,0.,-1.));
#7850 = ORIENTED_EDGE('',*,*,#3313,.T.);
#7851 = ORIENTED_EDGE('',*,*,#7852,.F.);
#7852 = EDGE_CURVE('',#7837,#3305,#7853,.T.);
#7853 = LINE('',#7854,#7855);
#7854 = CARTESIAN_POINT('',(-9.625,5.81746977792,57.882449685008));
#7855 = VECTOR('',#7856,1.);
#7856 = DIRECTION('',(0.,0.,1.));
#7857 = CYLINDRICAL_SURFACE('',#7858,11.);
#7858 = AXIS2_PLACEMENT_3D('',#7859,#7860,#7861);
#7859 = CARTESIAN_POINT('',(3.549781E-14,0.492117676884,72.882449685008)
  );
#7860 = DIRECTION('',(-2.155506E-33,-3.659992E-31,-1.));
#7861 = DIRECTION('',(1.,-7.889134715952E-64,-2.155506E-33));
#7862 = ADVANCED_FACE('',(#7863),#7882,.F.);
#7863 = FACE_BOUND('',#7864,.F.);
#7864 = EDGE_LOOP('',(#7865,#7866,#7875,#7881));
#7865 = ORIENTED_EDGE('',*,*,#7852,.F.);
#7866 = ORIENTED_EDGE('',*,*,#7867,.T.);
#7867 = EDGE_CURVE('',#7837,#7868,#7870,.T.);
#7868 = VERTEX_POINT('',#7869);
#7869 = CARTESIAN_POINT('',(-9.,8.238084369299,57.882449685007));
#7870 = CIRCLE('',#7871,5.);
#7871 = AXIS2_PLACEMENT_3D('',#7872,#7873,#7874);
#7872 = CARTESIAN_POINT('',(-14.,8.238084369299,57.882449685007));
#7873 = DIRECTION('',(-8.657352E-32,2.235319E-32,1.));
#7874 = DIRECTION('',(0.968245836552,-0.25,8.941274779564E-32));
#7875 = ORIENTED_EDGE('',*,*,#7876,.F.);
#7876 = EDGE_CURVE('',#3297,#7868,#7877,.T.);
#7877 = LINE('',#7878,#7879);
#7878 = CARTESIAN_POINT('',(-9.,8.238084369299,69.382449685008));
#7879 = VECTOR('',#7880,1.);
#7880 = DIRECTION('',(0.,0.,-1.));
#7881 = ORIENTED_EDGE('',*,*,#3304,.F.);
#7882 = CYLINDRICAL_SURFACE('',#7883,5.);
#7883 = AXIS2_PLACEMENT_3D('',#7884,#7885,#7886);
#7884 = CARTESIAN_POINT('',(-14.,8.238084369299,72.882449685008));
#7885 = DIRECTION('',(-2.155506E-33,-3.659992E-31,-1.));
#7886 = DIRECTION('',(0.968245836552,-0.25,8.941274028984E-32));
#7887 = ADVANCED_FACE('',(#7888),#7913,.T.);
#7888 = FACE_BOUND('',#7889,.T.);
#7889 = EDGE_LOOP('',(#7890,#7898,#7906,#7912));
#7890 = ORIENTED_EDGE('',*,*,#7891,.T.);
#7891 = EDGE_CURVE('',#3081,#7892,#7894,.T.);
#7892 = VERTEX_POINT('',#7893);
#7893 = CARTESIAN_POINT('',(9.,11.215922971648,57.882449685007));
#7894 = B_SPLINE_CURVE_WITH_KNOTS('',2,(#7895,#7896,#7897),
  .UNSPECIFIED.,.F.,.F.,(3,3),(0.,0.157065709765),
  .PIECEWISE_BEZIER_KNOTS.);
#7895 = CARTESIAN_POINT('',(8.,10.739068442844,56.882449685007));
#7896 = CARTESIAN_POINT('',(8.488630487918,10.977495707246,
    57.371080172925));
#7897 = CARTESIAN_POINT('',(9.,11.215922971648,57.882449685007));
#7898 = ORIENTED_EDGE('',*,*,#7899,.T.);
#7899 = EDGE_CURVE('',#7892,#7900,#7902,.T.);
#7900 = VERTEX_POINT('',#7901);
#7901 = CARTESIAN_POINT('',(9.,8.238084369299,57.882449685007));
#7902 = LINE('',#7903,#7904);
#7903 = CARTESIAN_POINT('',(9.,11.215922971648,57.882449685007));
#7904 = VECTOR('',#7905,1.);
#7905 = DIRECTION('',(0.,-1.,0.));
#7906 = ORIENTED_EDGE('',*,*,#7907,.T.);
#7907 = EDGE_CURVE('',#7900,#3090,#7908,.T.);
#7908 = LINE('',#7909,#7910);
#7909 = CARTESIAN_POINT('',(9.,8.238084369299,57.882449685007));
#7910 = VECTOR('',#7911,1.);
#7911 = DIRECTION('',(-0.707106781187,0.,-0.707106781187));
#7912 = ORIENTED_EDGE('',*,*,#3089,.T.);
#7913 = PLANE('',#7914);
#7914 = AXIS2_PLACEMENT_3D('',#7915,#7916,#7917);
#7915 = CARTESIAN_POINT('',(8.5,8.492117676884,57.382449685008));
#7916 = DIRECTION('',(0.707106781187,-2.572184E-16,-0.707106781187));
#7917 = DIRECTION('',(-0.707106781187,-2.296096E-16,-0.707106781187));
#7918 = ADVANCED_FACE('',(#7919),#7936,.F.);
#7919 = FACE_BOUND('',#7920,.F.);
#7920 = EDGE_LOOP('',(#7921,#7928,#7929,#7930));
#7921 = ORIENTED_EDGE('',*,*,#7922,.F.);
#7922 = EDGE_CURVE('',#7900,#7835,#7923,.T.);
#7923 = CIRCLE('',#7924,5.);
#7924 = AXIS2_PLACEMENT_3D('',#7925,#7926,#7927);
#7925 = CARTESIAN_POINT('',(14.,8.238084369299,57.882449685007));
#7926 = DIRECTION('',(9.061509E-32,2.339672E-32,1.));
#7927 = DIRECTION('',(-0.968245836552,-0.25,9.358686362127E-32));
#7928 = ORIENTED_EDGE('',*,*,#7907,.T.);
#7929 = ORIENTED_EDGE('',*,*,#3097,.F.);
#7930 = ORIENTED_EDGE('',*,*,#7931,.F.);
#7931 = EDGE_CURVE('',#7835,#3098,#7932,.T.);
#7932 = LINE('',#7933,#7934);
#7933 = CARTESIAN_POINT('',(9.625,5.81746977792,57.882449685007));
#7934 = VECTOR('',#7935,1.);
#7935 = DIRECTION('',(-0.618718433538,-0.342326598441,-0.707106781187));
#7936 = CONICAL_SURFACE('',#7937,5.5,0.7853981625);
#7937 = AXIS2_PLACEMENT_3D('',#7938,#7939,#7940);
#7938 = CARTESIAN_POINT('',(14.,8.238084369299,57.382449685008));
#7939 = DIRECTION('',(-2.155506E-33,-3.659992E-31,-1.));
#7940 = DIRECTION('',(-0.968245836552,-0.25,9.358685971016E-32));
#7941 = ADVANCED_FACE('',(#7942),#7953,.T.);
#7942 = FACE_BOUND('',#7943,.T.);
#7943 = EDGE_LOOP('',(#7944,#7945,#7951,#7952));
#7944 = ORIENTED_EDGE('',*,*,#7834,.T.);
#7945 = ORIENTED_EDGE('',*,*,#7946,.T.);
#7946 = EDGE_CURVE('',#7837,#3107,#7947,.T.);
#7947 = LINE('',#7948,#7949);
#7948 = CARTESIAN_POINT('',(-9.625,5.81746977792,57.882449685007));
#7949 = VECTOR('',#7950,1.);
#7950 = DIRECTION('',(0.618718433538,-0.342326598441,-0.707106781187));
#7951 = ORIENTED_EDGE('',*,*,#3106,.T.);
#7952 = ORIENTED_EDGE('',*,*,#7931,.F.);
#7953 = CONICAL_SURFACE('',#7954,10.5,0.7853981625);
#7954 = AXIS2_PLACEMENT_3D('',#7955,#7956,#7957);
#7955 = CARTESIAN_POINT('',(3.549781E-14,0.492117676884,57.382449685008)
  );
#7956 = DIRECTION('',(2.155506E-33,3.659992E-31,1.));
#7957 = DIRECTION('',(1.,-7.889134715952E-64,-2.155506E-33));
#7958 = ADVANCED_FACE('',(#7959),#7970,.F.);
#7959 = FACE_BOUND('',#7960,.F.);
#7960 = EDGE_LOOP('',(#7961,#7962,#7963,#7964));
#7961 = ORIENTED_EDGE('',*,*,#7867,.F.);
#7962 = ORIENTED_EDGE('',*,*,#7946,.T.);
#7963 = ORIENTED_EDGE('',*,*,#3115,.F.);
#7964 = ORIENTED_EDGE('',*,*,#7965,.F.);
#7965 = EDGE_CURVE('',#7868,#3116,#7966,.T.);
#7966 = LINE('',#7967,#7968);
#7967 = CARTESIAN_POINT('',(-9.,8.238084369299,57.882449685007));
#7968 = VECTOR('',#7969,1.);
#7969 = DIRECTION('',(0.707106781187,1.256074E-15,-0.707106781187));
#7970 = CONICAL_SURFACE('',#7971,5.5,0.7853981625);
#7971 = AXIS2_PLACEMENT_3D('',#7972,#7973,#7974);
#7972 = CARTESIAN_POINT('',(-14.,8.238084369299,57.382449685008));
#7973 = DIRECTION('',(-2.155506E-33,-3.659992E-31,-1.));
#7974 = DIRECTION('',(0.968245836552,-0.25,8.941274028984E-32));
#7975 = ADVANCED_FACE('',(#7976),#7994,.T.);
#7976 = FACE_BOUND('',#7977,.T.);
#7977 = EDGE_LOOP('',(#7978,#7986,#7987,#7988));
#7978 = ORIENTED_EDGE('',*,*,#7979,.T.);
#7979 = EDGE_CURVE('',#7980,#3079,#7982,.T.);
#7980 = VERTEX_POINT('',#7981);
#7981 = CARTESIAN_POINT('',(-9.,11.215922971648,57.882449685007));
#7982 = B_SPLINE_CURVE_WITH_KNOTS('',2,(#7983,#7984,#7985),
  .UNSPECIFIED.,.F.,.F.,(3,3),(0.401511877533,0.558577587299),
  .PIECEWISE_BEZIER_KNOTS.);
#7983 = CARTESIAN_POINT('',(-9.,11.215922971648,57.882449685007));
#7984 = CARTESIAN_POINT('',(-8.488630487918,10.977495707246,
    57.371080172925));
#7985 = CARTESIAN_POINT('',(-8.,10.739068442844,56.882449685007));
#7986 = ORIENTED_EDGE('',*,*,#3124,.T.);
#7987 = ORIENTED_EDGE('',*,*,#7965,.F.);
#7988 = ORIENTED_EDGE('',*,*,#7989,.T.);
#7989 = EDGE_CURVE('',#7868,#7980,#7990,.T.);
#7990 = LINE('',#7991,#7992);
#7991 = CARTESIAN_POINT('',(-9.,8.238084369299,57.882449685007));
#7992 = VECTOR('',#7993,1.);
#7993 = DIRECTION('',(0.,1.,0.));
#7994 = PLANE('',#7995);
#7995 = AXIS2_PLACEMENT_3D('',#7996,#7997,#7998);
#7996 = CARTESIAN_POINT('',(-8.5,3.654395337053,57.382449685008));
#7997 = DIRECTION('',(-0.707106781187,-7.164376E-16,-0.707106781187));
#7998 = DIRECTION('',(-0.707106781187,-2.296096E-16,0.707106781187));
#7999 = ADVANCED_FACE('',(#8000),#8036,.T.);
#8000 = FACE_BOUND('',#8001,.T.);
#8001 = EDGE_LOOP('',(#8002,#8003,#8011,#8020,#8028,#8034,#8035));
#8002 = ORIENTED_EDGE('',*,*,#3296,.T.);
#8003 = ORIENTED_EDGE('',*,*,#8004,.F.);
#8004 = EDGE_CURVE('',#8005,#3289,#8007,.T.);
#8005 = VERTEX_POINT('',#8006);
#8006 = CARTESIAN_POINT('',(-9.,12.492117676884,64.691451896173));
#8007 = LINE('',#8008,#8009);
#8008 = CARTESIAN_POINT('',(-9.,12.492117676884,64.691451896173));
#8009 = VECTOR('',#8010,1.);
#8010 = DIRECTION('',(0.,0.,1.));
#8011 = ORIENTED_EDGE('',*,*,#8012,.T.);
#8012 = EDGE_CURVE('',#8005,#8013,#8015,.T.);
#8013 = VERTEX_POINT('',#8014);
#8014 = CARTESIAN_POINT('',(-9.,12.492117676884,61.073447473842));
#8015 = CIRCLE('',#8016,2.067);
#8016 = AXIS2_PLACEMENT_3D('',#8017,#8018,#8019);
#8017 = CARTESIAN_POINT('',(-9.,11.492117676884,62.882449685008));
#8018 = DIRECTION('',(1.,0.,0.));
#8019 = DIRECTION('',(-0.,1.,0.));
#8020 = ORIENTED_EDGE('',*,*,#8021,.F.);
#8021 = EDGE_CURVE('',#8022,#8013,#8024,.T.);
#8022 = VERTEX_POINT('',#8023);
#8023 = CARTESIAN_POINT('',(-9.,12.492117676884,58.882449685007));
#8024 = LINE('',#8025,#8026);
#8025 = CARTESIAN_POINT('',(-9.,12.492117676884,58.882449685007));
#8026 = VECTOR('',#8027,1.);
#8027 = DIRECTION('',(0.,0.,1.));
#8028 = ORIENTED_EDGE('',*,*,#8029,.T.);
#8029 = EDGE_CURVE('',#8022,#7980,#8030,.T.);
#8030 = ( BOUNDED_CURVE() B_SPLINE_CURVE(2,(#8031,#8032,#8033),
.UNSPECIFIED.,.F.,.F.) B_SPLINE_CURVE_WITH_KNOTS((3,3),(0.708169681332,
0.892808968007),.PIECEWISE_BEZIER_KNOTS.) CURVE() 
GEOMETRIC_REPRESENTATION_ITEM() RATIONAL_B_SPLINE_CURVE((1.015934808194,
1.014256895164,1.010620796784)) REPRESENTATION_ITEM('') );
#8031 = CARTESIAN_POINT('',(-9.,12.492117676884,58.882449685007));
#8032 = CARTESIAN_POINT('',(-9.,11.832016967279,58.354369117323));
#8033 = CARTESIAN_POINT('',(-9.,11.215922971648,57.882449685007));
#8034 = ORIENTED_EDGE('',*,*,#7989,.F.);
#8035 = ORIENTED_EDGE('',*,*,#7876,.F.);
#8036 = PLANE('',#8037);
#8037 = AXIS2_PLACEMENT_3D('',#8038,#8039,#8040);
#8038 = CARTESIAN_POINT('',(-9.,6.816672997221,56.882449685007));
#8039 = DIRECTION('',(-1.,0.,0.));
#8040 = DIRECTION('',(0.,0.,1.));
#8041 = ADVANCED_FACE('',(#8042),#8069,.F.);
#8042 = FACE_BOUND('',#8043,.F.);
#8043 = EDGE_LOOP('',(#8044,#8045,#8060,#8066,#8067,#8068));
#8044 = ORIENTED_EDGE('',*,*,#3441,.F.);
#8045 = ORIENTED_EDGE('',*,*,#8046,.F.);
#8046 = EDGE_CURVE('',#8047,#3442,#8049,.T.);
#8047 = VERTEX_POINT('',#8048);
#8048 = CARTESIAN_POINT('',(9.,8.238084369299,59.995623186389));
#8049 = B_SPLINE_CURVE_WITH_KNOTS('',3,(#8050,#8051,#8052,#8053,#8054,
    #8055,#8056,#8057,#8058,#8059),.UNSPECIFIED.,.F.,.F.,(4,2,2,2,4),(
    1.89635013663,2.043530608876,2.198765761695,2.354000914515,
    2.501181386761),.UNSPECIFIED.);
#8050 = CARTESIAN_POINT('',(9.,8.238084369299,59.995623186389));
#8051 = CARTESIAN_POINT('',(9.,7.910334348394,60.365063291327));
#8052 = CARTESIAN_POINT('',(9.033458955638,7.629529587044,
    60.814942268791));
#8053 = CARTESIAN_POINT('',(9.096435878048,7.240048175288,
    61.812578310444));
#8054 = CARTESIAN_POINT('',(9.121592779491,7.142117676884,
    62.364999175609));
#8055 = CARTESIAN_POINT('',(9.121592779491,7.142117676884,
    63.399900194406));
#8056 = CARTESIAN_POINT('',(9.096435878048,7.240048175288,
    63.952321059571));
#8057 = CARTESIAN_POINT('',(9.033458955638,7.629529587044,
    64.949957101224));
#8058 = CARTESIAN_POINT('',(9.,7.910334348394,65.399836078688));
#8059 = CARTESIAN_POINT('',(9.,8.238084369299,65.769276183626));
#8060 = ORIENTED_EDGE('',*,*,#8061,.F.);
#8061 = EDGE_CURVE('',#7900,#8047,#8062,.T.);
#8062 = LINE('',#8063,#8064);
#8063 = CARTESIAN_POINT('',(9.,8.238084369299,57.882449685007));
#8064 = VECTOR('',#8065,1.);
#8065 = DIRECTION('',(0.,0.,1.));
#8066 = ORIENTED_EDGE('',*,*,#7922,.T.);
#8067 = ORIENTED_EDGE('',*,*,#7845,.F.);
#8068 = ORIENTED_EDGE('',*,*,#3322,.F.);
#8069 = CYLINDRICAL_SURFACE('',#8070,5.);
#8070 = AXIS2_PLACEMENT_3D('',#8071,#8072,#8073);
#8071 = CARTESIAN_POINT('',(14.,8.238084369299,72.882449685008));
#8072 = DIRECTION('',(2.155506E-33,3.659992E-31,1.));
#8073 = DIRECTION('',(-0.968245836552,-0.25,9.358685971016E-32));
#8074 = ADVANCED_FACE('',(#8075),#8094,.T.);
#8075 = FACE_BOUND('',#8076,.T.);
#8076 = EDGE_LOOP('',(#8077,#8078,#8086,#8093));
#8077 = ORIENTED_EDGE('',*,*,#7899,.F.);
#8078 = ORIENTED_EDGE('',*,*,#8079,.T.);
#8079 = EDGE_CURVE('',#7892,#8080,#8082,.T.);
#8080 = VERTEX_POINT('',#8081);
#8081 = CARTESIAN_POINT('',(9.,12.106928850539,58.576116300242));
#8082 = ( BOUNDED_CURVE() B_SPLINE_CURVE(2,(#8083,#8084,#8085),
.UNSPECIFIED.,.F.,.F.) B_SPLINE_CURVE_WITH_KNOTS((3,3),(0.207106145183,
0.337254885437),.PIECEWISE_BEZIER_KNOTS.) CURVE() 
GEOMETRIC_REPRESENTATION_ITEM() RATIONAL_B_SPLINE_CURVE((1.010620796784,
1.013183813746,1.014773891943)) REPRESENTATION_ITEM('') );
#8083 = CARTESIAN_POINT('',(9.,11.215922971648,57.882449685007));
#8084 = CARTESIAN_POINT('',(9.,11.650655920621,58.215449077865));
#8085 = CARTESIAN_POINT('',(9.,12.106928850539,58.576116300242));
#8086 = ORIENTED_EDGE('',*,*,#8087,.T.);
#8087 = EDGE_CURVE('',#8080,#8047,#8088,.T.);
#8088 = CIRCLE('',#8089,4.35);
#8089 = AXIS2_PLACEMENT_3D('',#8090,#8091,#8092);
#8090 = CARTESIAN_POINT('',(9.,11.492117676884,62.882449685008));
#8091 = DIRECTION('',(-1.,0.,0.));
#8092 = DIRECTION('',(0.,0.,-1.));
#8093 = ORIENTED_EDGE('',*,*,#8061,.F.);
#8094 = PLANE('',#8095);
#8095 = AXIS2_PLACEMENT_3D('',#8096,#8097,#8098);
#8096 = CARTESIAN_POINT('',(9.,16.492117676884,56.882449685007));
#8097 = DIRECTION('',(1.,0.,0.));
#8098 = DIRECTION('',(0.,0.,-1.));
#8099 = ADVANCED_FACE('',(#8100),#8128,.F.);
#8100 = FACE_BOUND('',#8101,.F.);
#8101 = EDGE_LOOP('',(#8102,#8111,#8112,#8121));
#8102 = ORIENTED_EDGE('',*,*,#8103,.T.);
#8103 = EDGE_CURVE('',#8104,#8005,#8106,.T.);
#8104 = VERTEX_POINT('',#8105);
#8105 = CARTESIAN_POINT('',(-8.033,13.459117676884,63.517587465336));
#8106 = ELLIPSE('',#8107,2.923179433425,2.067);
#8107 = AXIS2_PLACEMENT_3D('',#8108,#8109,#8110);
#8108 = CARTESIAN_POINT('',(-10.,11.492117676884,62.882449685008));
#8109 = DIRECTION('',(0.707106781187,-0.707106781187,2.572764E-31));
#8110 = DIRECTION('',(0.707106781187,0.707106781187,-2.603247E-31));
#8111 = ORIENTED_EDGE('',*,*,#8012,.T.);
#8112 = ORIENTED_EDGE('',*,*,#8113,.T.);
#8113 = EDGE_CURVE('',#8013,#8114,#8116,.T.);
#8114 = VERTEX_POINT('',#8115);
#8115 = CARTESIAN_POINT('',(-8.033,13.459117676884,62.247311904679));
#8116 = ELLIPSE('',#8117,2.923179433425,2.067);
#8117 = AXIS2_PLACEMENT_3D('',#8118,#8119,#8120);
#8118 = CARTESIAN_POINT('',(-10.,11.492117676884,62.882449685008));
#8119 = DIRECTION('',(0.707106781187,-0.707106781187,2.572764E-31));
#8120 = DIRECTION('',(0.707106781187,0.707106781187,-2.603247E-31));
#8121 = ORIENTED_EDGE('',*,*,#8122,.F.);
#8122 = EDGE_CURVE('',#8104,#8114,#8123,.T.);
#8123 = CIRCLE('',#8124,2.067);
#8124 = AXIS2_PLACEMENT_3D('',#8125,#8126,#8127);
#8125 = CARTESIAN_POINT('',(-8.033,11.492117676884,62.882449685008));
#8126 = DIRECTION('',(1.,0.,0.));
#8127 = DIRECTION('',(-0.,1.,0.));
#8128 = CYLINDRICAL_SURFACE('',#8129,2.067);
#8129 = AXIS2_PLACEMENT_3D('',#8130,#8131,#8132);
#8130 = CARTESIAN_POINT('',(-64.79583319936,11.492117676884,
    62.882449685008));
#8131 = DIRECTION('',(-1.,-3.24717E-16,2.155506E-33));
#8132 = DIRECTION('',(-3.24717E-16,1.,6.99929441802E-49));
#8133 = ADVANCED_FACE('',(#8134),#8169,.T.);
#8134 = FACE_BOUND('',#8135,.T.);
#8135 = EDGE_LOOP('',(#8136,#8137,#8138,#8144,#8145,#8146,#8147,#8155,
    #8166,#8167,#8168));
#8136 = ORIENTED_EDGE('',*,*,#7979,.F.);
#8137 = ORIENTED_EDGE('',*,*,#8029,.F.);
#8138 = ORIENTED_EDGE('',*,*,#8139,.F.);
#8139 = EDGE_CURVE('',#3411,#8022,#8140,.T.);
#8140 = ( BOUNDED_CURVE() B_SPLINE_CURVE(2,(#8141,#8142,#8143),
.UNSPECIFIED.,.F.,.F.) B_SPLINE_CURVE_WITH_KNOTS((3,3),(0.27580987559,
0.886790450213),.PIECEWISE_BEZIER_KNOTS.) CURVE() 
GEOMETRIC_REPRESENTATION_ITEM() RATIONAL_B_SPLINE_CURVE((1.050439395008,
1.098579363076,1.112483918524)) REPRESENTATION_ITEM('') );
#8141 = CARTESIAN_POINT('',(-5.,16.492117676884,60.645504299228));
#8142 = CARTESIAN_POINT('',(-7.111012913316,14.381104763569,
    59.260247102343));
#8143 = CARTESIAN_POINT('',(-9.,12.492117676884,58.882449685007));
#8144 = ORIENTED_EDGE('',*,*,#3410,.F.);
#8145 = ORIENTED_EDGE('',*,*,#3402,.T.);
#8146 = ORIENTED_EDGE('',*,*,#3394,.F.);
#8147 = ORIENTED_EDGE('',*,*,#8148,.F.);
#8148 = EDGE_CURVE('',#8149,#3387,#8151,.T.);
#8149 = VERTEX_POINT('',#8150);
#8150 = CARTESIAN_POINT('',(7.489564273491,14.002553411518,
    59.329955856458));
#8151 = ( BOUNDED_CURVE() B_SPLINE_CURVE(2,(#8152,#8153,#8154),
.UNSPECIFIED.,.F.,.F.) B_SPLINE_CURVE_WITH_KNOTS((3,3),(1.625601560833,
1.994064928002),.PIECEWISE_BEZIER_KNOTS.) CURVE() 
GEOMETRIC_REPRESENTATION_ITEM() RATIONAL_B_SPLINE_CURVE((1.096051679708,
1.079471111344,1.050439395006)) REPRESENTATION_ITEM('') );
#8152 = CARTESIAN_POINT('',(7.489564273491,14.002553411518,
    59.329955856458));
#8153 = CARTESIAN_POINT('',(6.295621710306,15.196495969108,
    59.795310878836));
#8154 = CARTESIAN_POINT('',(5.,16.492117676884,60.645504299248));
#8155 = ORIENTED_EDGE('',*,*,#8156,.F.);
#8156 = EDGE_CURVE('',#8080,#8149,#8157,.T.);
#8157 = B_SPLINE_CURVE_WITH_KNOTS('',3,(#8158,#8159,#8160,#8161,#8162,
    #8163,#8164,#8165),.UNSPECIFIED.,.F.,.F.,(4,2,2,4),(1.290014297809,
    1.374185869088,1.528625722503,1.537833518227),.UNSPECIFIED.);
#8158 = CARTESIAN_POINT('',(9.,12.106928850539,58.576116300242));
#8159 = CARTESIAN_POINT('',(8.789043787878,12.306424897248,
    58.604598163502));
#8160 = CARTESIAN_POINT('',(8.586875377178,12.506012726459,
    58.647141602007));
#8161 = CARTESIAN_POINT('',(8.053485219586,13.072588866483,
    58.811768775239));
#8162 = CARTESIAN_POINT('',(7.679739611936,13.524655276747,
    59.005616330398));
#8163 = CARTESIAN_POINT('',(7.507335132062,13.953337478831,
    59.295564542495));
#8164 = CARTESIAN_POINT('',(7.498131344077,13.97781963579,
    59.312477271629));
#8165 = CARTESIAN_POINT('',(7.489564277553,14.00255341558,
    59.329955856458));
#8166 = ORIENTED_EDGE('',*,*,#8079,.F.);
#8167 = ORIENTED_EDGE('',*,*,#7891,.F.);
#8168 = ORIENTED_EDGE('',*,*,#3078,.F.);
#8169 = CONICAL_SURFACE('',#8170,16.5,0.7853981625);
#8170 = AXIS2_PLACEMENT_3D('',#8171,#8172,#8173);
#8171 = CARTESIAN_POINT('',(3.549781E-14,0.492117676884,60.382449685007)
  );
#8172 = DIRECTION('',(2.155506E-33,3.659992E-31,1.));
#8173 = DIRECTION('',(-7.889134715952E-64,1.,-3.659992E-31));
#8174 = ADVANCED_FACE('',(#8175),#8221,.T.);
#8175 = FACE_BOUND('',#8176,.T.);
#8176 = EDGE_LOOP('',(#8177,#8178,#8187,#8195,#8203,#8211,#8218,#8219,
    #8220));
#8177 = ORIENTED_EDGE('',*,*,#3432,.T.);
#8178 = ORIENTED_EDGE('',*,*,#8179,.T.);
#8179 = EDGE_CURVE('',#3433,#8180,#8182,.T.);
#8180 = VERTEX_POINT('',#8181);
#8181 = CARTESIAN_POINT('',(6.5,14.992117676884,65.465567955625));
#8182 = ELLIPSE('',#8183,6.151828996323,4.35);
#8183 = AXIS2_PLACEMENT_3D('',#8184,#8185,#8186);
#8184 = CARTESIAN_POINT('',(10.,11.492117676884,62.882449685008));
#8185 = DIRECTION('',(-0.707106781187,-0.707106781187,2.588449845256E-31
    ));
#8186 = DIRECTION('',(-0.707106781187,0.707106781187,9.813078E-17));
#8187 = ORIENTED_EDGE('',*,*,#8188,.T.);
#8188 = EDGE_CURVE('',#8180,#8189,#8191,.T.);
#8189 = VERTEX_POINT('',#8190);
#8190 = CARTESIAN_POINT('',(6.5,14.992117676884,65.293362375256));
#8191 = LINE('',#8192,#8193);
#8192 = CARTESIAN_POINT('',(6.5,14.992117676884,65.465567955625));
#8193 = VECTOR('',#8194,1.);
#8194 = DIRECTION('',(0.,0.,-1.));
#8195 = ORIENTED_EDGE('',*,*,#8196,.T.);
#8196 = EDGE_CURVE('',#8189,#8197,#8199,.T.);
#8197 = VERTEX_POINT('',#8198);
#8198 = CARTESIAN_POINT('',(6.5,14.992117676884,60.471536994759));
#8199 = LINE('',#8200,#8201);
#8200 = CARTESIAN_POINT('',(6.5,14.992117676884,65.293362375256));
#8201 = VECTOR('',#8202,1.);
#8202 = DIRECTION('',(0.,0.,-1.));
#8203 = ORIENTED_EDGE('',*,*,#8204,.T.);
#8204 = EDGE_CURVE('',#8197,#8205,#8207,.T.);
#8205 = VERTEX_POINT('',#8206);
#8206 = CARTESIAN_POINT('',(6.5,14.992117676884,60.29933141439));
#8207 = LINE('',#8208,#8209);
#8208 = CARTESIAN_POINT('',(6.5,14.992117676884,60.471536994759));
#8209 = VECTOR('',#8210,1.);
#8210 = DIRECTION('',(0.,0.,-1.));
#8211 = ORIENTED_EDGE('',*,*,#8212,.T.);
#8212 = EDGE_CURVE('',#8205,#8149,#8213,.T.);
#8213 = ELLIPSE('',#8214,6.151828996323,4.35);
#8214 = AXIS2_PLACEMENT_3D('',#8215,#8216,#8217);
#8215 = CARTESIAN_POINT('',(10.,11.492117676884,62.882449685008));
#8216 = DIRECTION('',(-0.707106781187,-0.707106781187,2.588449845256E-31
    ));
#8217 = DIRECTION('',(-0.707106781187,0.707106781187,9.813078E-17));
#8218 = ORIENTED_EDGE('',*,*,#8148,.T.);
#8219 = ORIENTED_EDGE('',*,*,#3386,.T.);
#8220 = ORIENTED_EDGE('',*,*,#3339,.T.);
#8221 = PLANE('',#8222);
#8222 = AXIS2_PLACEMENT_3D('',#8223,#8224,#8225);
#8223 = CARTESIAN_POINT('',(7.,14.492117676884,73.882449685008));
#8224 = DIRECTION('',(0.707106781187,0.707106781187,-2.603247E-31));
#8225 = DIRECTION('',(-1.840773606804E-31,-1.840773606804E-31,-1.));
#8226 = ADVANCED_FACE('',(#8227),#8242,.F.);
#8227 = FACE_BOUND('',#8228,.F.);
#8228 = EDGE_LOOP('',(#8229,#8230,#8231,#8232,#8233,#8234,#8235));
#8229 = ORIENTED_EDGE('',*,*,#8212,.T.);
#8230 = ORIENTED_EDGE('',*,*,#8156,.F.);
#8231 = ORIENTED_EDGE('',*,*,#8087,.T.);
#8232 = ORIENTED_EDGE('',*,*,#8046,.T.);
#8233 = ORIENTED_EDGE('',*,*,#3449,.T.);
#8234 = ORIENTED_EDGE('',*,*,#8179,.T.);
#8235 = ORIENTED_EDGE('',*,*,#8236,.T.);
#8236 = EDGE_CURVE('',#8180,#8205,#8237,.T.);
#8237 = CIRCLE('',#8238,4.35);
#8238 = AXIS2_PLACEMENT_3D('',#8239,#8240,#8241);
#8239 = CARTESIAN_POINT('',(6.5,11.492117676884,62.882449685008));
#8240 = DIRECTION('',(1.,0.,0.));
#8241 = DIRECTION('',(0.,0.,-1.));
#8242 = CYLINDRICAL_SURFACE('',#8243,4.35);
#8243 = AXIS2_PLACEMENT_3D('',#8244,#8245,#8246);
#8244 = CARTESIAN_POINT('',(7.75,11.492117676884,62.882449685008));
#8245 = DIRECTION('',(1.,-3.637618E-16,9.064856E-34));
#8246 = DIRECTION('',(9.064856E-34,-3.297448335301E-49,-1.));
#8247 = ADVANCED_FACE('',(#8248),#8269,.T.);
#8248 = FACE_BOUND('',#8249,.T.);
#8249 = EDGE_LOOP('',(#8250,#8259,#8266,#8267,#8268));
#8250 = ORIENTED_EDGE('',*,*,#8251,.T.);
#8251 = EDGE_CURVE('',#8197,#8252,#8254,.T.);
#8252 = VERTEX_POINT('',#8253);
#8253 = CARTESIAN_POINT('',(6.5,10.335080052471,58.792979800574));
#8254 = CIRCLE('',#8255,4.25);
#8255 = AXIS2_PLACEMENT_3D('',#8256,#8257,#8258);
#8256 = CARTESIAN_POINT('',(6.5,11.492117676885,62.882449685008));
#8257 = DIRECTION('',(-1.,0.,0.));
#8258 = DIRECTION('',(0.,-1.,0.));
#8259 = ORIENTED_EDGE('',*,*,#8260,.T.);
#8260 = EDGE_CURVE('',#8252,#8189,#8261,.T.);
#8261 = CIRCLE('',#8262,4.25);
#8262 = AXIS2_PLACEMENT_3D('',#8263,#8264,#8265);
#8263 = CARTESIAN_POINT('',(6.5,11.492117676885,62.882449685008));
#8264 = DIRECTION('',(-1.,0.,0.));
#8265 = DIRECTION('',(0.,-1.,0.));
#8266 = ORIENTED_EDGE('',*,*,#8188,.F.);
#8267 = ORIENTED_EDGE('',*,*,#8236,.T.);
#8268 = ORIENTED_EDGE('',*,*,#8204,.F.);
#8269 = PLANE('',#8270);
#8270 = AXIS2_PLACEMENT_3D('',#8271,#8272,#8273);
#8271 = CARTESIAN_POINT('',(6.5,11.492117676884,62.882449685008));
#8272 = DIRECTION('',(1.,0.,0.));
#8273 = DIRECTION('',(0.,0.,-1.));
#8274 = ADVANCED_FACE('',(#8275),#8307,.T.);
#8275 = FACE_BOUND('',#8276,.T.);
#8276 = EDGE_LOOP('',(#8277,#8278,#8279,#8280,#8281,#8282,#8290,#8299,
    #8305,#8306));
#8277 = ORIENTED_EDGE('',*,*,#3288,.T.);
#8278 = ORIENTED_EDGE('',*,*,#3418,.T.);
#8279 = ORIENTED_EDGE('',*,*,#8139,.T.);
#8280 = ORIENTED_EDGE('',*,*,#8021,.T.);
#8281 = ORIENTED_EDGE('',*,*,#8113,.T.);
#8282 = ORIENTED_EDGE('',*,*,#8283,.T.);
#8283 = EDGE_CURVE('',#8114,#8284,#8286,.T.);
#8284 = VERTEX_POINT('',#8285);
#8285 = CARTESIAN_POINT('',(-7.6,13.892117676884,62.182449685007));
#8286 = B_SPLINE_CURVE_WITH_KNOTS('',2,(#8287,#8288,#8289),
  .UNSPECIFIED.,.F.,.F.,(3,3),(7.007868925855E-02,0.128085087597),
  .PIECEWISE_BEZIER_KNOTS.);
#8287 = CARTESIAN_POINT('',(-8.033,13.459117676884,62.247311904679));
#8288 = CARTESIAN_POINT('',(-7.827017768852,13.665099908033,
    62.214880794843));
#8289 = CARTESIAN_POINT('',(-7.6,13.892117676884,62.182449685007));
#8290 = ORIENTED_EDGE('',*,*,#8291,.T.);
#8291 = EDGE_CURVE('',#8284,#8292,#8294,.T.);
#8292 = VERTEX_POINT('',#8293);
#8293 = CARTESIAN_POINT('',(-7.6,13.892117676884,63.582449685008));
#8294 = ELLIPSE('',#8295,3.535533905933,2.5);
#8295 = AXIS2_PLACEMENT_3D('',#8296,#8297,#8298);
#8296 = CARTESIAN_POINT('',(-10.,11.492117676885,62.882449685008));
#8297 = DIRECTION('',(0.707106781187,-0.707106781187,2.834968878138E-31)
  );
#8298 = DIRECTION('',(0.707106781187,0.707106781187,-8.498375E-17));
#8299 = ORIENTED_EDGE('',*,*,#8300,.T.);
#8300 = EDGE_CURVE('',#8292,#8104,#8301,.T.);
#8301 = B_SPLINE_CURVE_WITH_KNOTS('',2,(#8302,#8303,#8304),
  .UNSPECIFIED.,.F.,.F.,(3,3),(0.,5.800639833845E-02),
  .PIECEWISE_BEZIER_KNOTS.);
#8302 = CARTESIAN_POINT('',(-7.6,13.892117676884,63.582449685008));
#8303 = CARTESIAN_POINT('',(-7.827017768852,13.665099908033,
    63.550018575172));
#8304 = CARTESIAN_POINT('',(-8.033,13.459117676884,63.517587465336));
#8305 = ORIENTED_EDGE('',*,*,#8103,.T.);
#8306 = ORIENTED_EDGE('',*,*,#8004,.T.);
#8307 = PLANE('',#8308);
#8308 = AXIS2_PLACEMENT_3D('',#8309,#8310,#8311);
#8309 = CARTESIAN_POINT('',(-7.,14.492117676884,73.882449685008));
#8310 = DIRECTION('',(-0.707106781187,0.707106781187,-2.572764E-31));
#8311 = DIRECTION('',(-1.819218870793E-31,1.819218870793E-31,1.));
#8312 = ADVANCED_FACE('',(#8313),#8348,.T.);
#8313 = FACE_BOUND('',#8314,.T.);
#8314 = EDGE_LOOP('',(#8315,#8316,#8323,#8332,#8339,#8340,#8341));
#8315 = ORIENTED_EDGE('',*,*,#8260,.F.);
#8316 = ORIENTED_EDGE('',*,*,#8317,.T.);
#8317 = EDGE_CURVE('',#8252,#8318,#8320,.T.);
#8318 = VERTEX_POINT('',#8319);
#8319 = CARTESIAN_POINT('',(11.2,10.335080052471,58.792979800574));
#8320 = B_SPLINE_CURVE_WITH_KNOTS('',1,(#8321,#8322),.UNSPECIFIED.,.F.,
  .F.,(2,2),(-8.881784197001E-16,4.7),.PIECEWISE_BEZIER_KNOTS.);
#8321 = CARTESIAN_POINT('',(6.5,10.335080052471,58.792979800574));
#8322 = CARTESIAN_POINT('',(11.2,10.335080052471,58.792979800574));
#8323 = ORIENTED_EDGE('',*,*,#8324,.T.);
#8324 = EDGE_CURVE('',#8318,#8325,#8327,.T.);
#8325 = VERTEX_POINT('',#8326);
#8326 = CARTESIAN_POINT('',(11.199999999689,7.242117677064,
    62.882449685008));
#8327 = CIRCLE('',#8328,4.25);
#8328 = AXIS2_PLACEMENT_3D('',#8329,#8330,#8331);
#8329 = CARTESIAN_POINT('',(11.2,11.492117676884,62.882449685008));
#8330 = DIRECTION('',(-1.,0.,0.));
#8331 = DIRECTION('',(0.,-1.,0.));
#8332 = ORIENTED_EDGE('',*,*,#8333,.T.);
#8333 = EDGE_CURVE('',#8325,#8318,#8334,.T.);
#8334 = CIRCLE('',#8335,4.25);
#8335 = AXIS2_PLACEMENT_3D('',#8336,#8337,#8338);
#8336 = CARTESIAN_POINT('',(11.2,11.492117676884,62.882449685008));
#8337 = DIRECTION('',(-1.,0.,0.));
#8338 = DIRECTION('',(0.,-1.,0.));
#8339 = ORIENTED_EDGE('',*,*,#8317,.F.);
#8340 = ORIENTED_EDGE('',*,*,#8251,.F.);
#8341 = ORIENTED_EDGE('',*,*,#8342,.F.);
#8342 = EDGE_CURVE('',#8189,#8197,#8343,.T.);
#8343 = CIRCLE('',#8344,4.25);
#8344 = AXIS2_PLACEMENT_3D('',#8345,#8346,#8347);
#8345 = CARTESIAN_POINT('',(6.5,11.492117676885,62.882449685008));
#8346 = DIRECTION('',(-1.,0.,0.));
#8347 = DIRECTION('',(0.,-1.,0.));
#8348 = CYLINDRICAL_SURFACE('',#8349,4.25);
#8349 = AXIS2_PLACEMENT_3D('',#8350,#8351,#8352);
#8350 = CARTESIAN_POINT('',(6.5,11.492117676885,62.882449685008));
#8351 = DIRECTION('',(1.,-3.637618E-16,1.549312E-33));
#8352 = DIRECTION('',(-3.637618E-16,-1.,-5.635805218816E-49));
#8353 = ADVANCED_FACE('',(#8354),#8373,.T.);
#8354 = FACE_BOUND('',#8355,.T.);
#8355 = EDGE_LOOP('',(#8356,#8357,#8364,#8371,#8372));
#8356 = ORIENTED_EDGE('',*,*,#8333,.F.);
#8357 = ORIENTED_EDGE('',*,*,#8358,.F.);
#8358 = EDGE_CURVE('',#8359,#8325,#8361,.T.);
#8359 = VERTEX_POINT('',#8360);
#8360 = CARTESIAN_POINT('',(11.5,7.761732919155,62.882449685008));
#8361 = B_SPLINE_CURVE_WITH_KNOTS('',1,(#8362,#8363),.UNSPECIFIED.,.F.,
  .F.,(2,2),(-0.3,0.3),.PIECEWISE_BEZIER_KNOTS.);
#8362 = CARTESIAN_POINT('',(11.500000000311,7.761732918976,
    62.882449685008));
#8363 = CARTESIAN_POINT('',(11.199999999689,7.242117677064,
    62.882449685008));
#8364 = ORIENTED_EDGE('',*,*,#8365,.F.);
#8365 = EDGE_CURVE('',#8359,#8359,#8366,.T.);
#8366 = CIRCLE('',#8367,3.730384757729);
#8367 = AXIS2_PLACEMENT_3D('',#8368,#8369,#8370);
#8368 = CARTESIAN_POINT('',(11.5,11.492117676884,62.882449685008));
#8369 = DIRECTION('',(1.,0.,0.));
#8370 = DIRECTION('',(0.,-1.,0.));
#8371 = ORIENTED_EDGE('',*,*,#8358,.T.);
#8372 = ORIENTED_EDGE('',*,*,#8324,.F.);
#8373 = CONICAL_SURFACE('',#8374,3.990192378865,1.04719755);
#8374 = AXIS2_PLACEMENT_3D('',#8375,#8376,#8377);
#8375 = CARTESIAN_POINT('',(11.35,11.492117676884,62.882449685008));
#8376 = DIRECTION('',(-1.,3.637618E-16,-1.549312E-33));
#8377 = DIRECTION('',(-3.637618E-16,-1.,-5.635805218816E-49));
#8378 = ADVANCED_FACE('',(#8379),#8399,.F.);
#8379 = FACE_BOUND('',#8380,.T.);
#8380 = EDGE_LOOP('',(#8381,#8392));
#8381 = ORIENTED_EDGE('',*,*,#8382,.F.);
#8382 = EDGE_CURVE('',#8383,#8385,#8387,.T.);
#8383 = VERTEX_POINT('',#8384);
#8384 = CARTESIAN_POINT('',(-8.5,9.892117676885,62.882449685008));
#8385 = VERTEX_POINT('',#8386);
#8386 = CARTESIAN_POINT('',(-8.500000000404,13.028117677272,
    62.434449684894));
#8387 = CIRCLE('',#8388,1.6);
#8388 = AXIS2_PLACEMENT_3D('',#8389,#8390,#8391);
#8389 = CARTESIAN_POINT('',(-8.5,11.492117676885,62.882449685008));
#8390 = DIRECTION('',(1.,0.,0.));
#8391 = DIRECTION('',(-0.,1.,0.));
#8392 = ORIENTED_EDGE('',*,*,#8393,.F.);
#8393 = EDGE_CURVE('',#8385,#8383,#8394,.T.);
#8394 = CIRCLE('',#8395,1.6);
#8395 = AXIS2_PLACEMENT_3D('',#8396,#8397,#8398);
#8396 = CARTESIAN_POINT('',(-8.5,11.492117676885,62.882449685008));
#8397 = DIRECTION('',(1.,0.,0.));
#8398 = DIRECTION('',(-0.,1.,0.));
#8399 = PLANE('',#8400);
#8400 = AXIS2_PLACEMENT_3D('',#8401,#8402,#8403);
#8401 = CARTESIAN_POINT('',(-8.5,11.492117676885,62.882449685008));
#8402 = DIRECTION('',(1.,0.,0.));
#8403 = DIRECTION('',(-0.,1.,0.));
#8404 = ADVANCED_FACE('',(#8405),#8415,.T.);
#8405 = FACE_BOUND('',#8406,.T.);
#8406 = EDGE_LOOP('',(#8407,#8408));
#8407 = ORIENTED_EDGE('',*,*,#8291,.F.);
#8408 = ORIENTED_EDGE('',*,*,#8409,.F.);
#8409 = EDGE_CURVE('',#8292,#8284,#8410,.T.);
#8410 = CIRCLE('',#8411,2.5);
#8411 = AXIS2_PLACEMENT_3D('',#8412,#8413,#8414);
#8412 = CARTESIAN_POINT('',(-7.6,11.492117676885,62.882449685008));
#8413 = DIRECTION('',(-1.,0.,0.));
#8414 = DIRECTION('',(0.,1.,0.));
#8415 = CYLINDRICAL_SURFACE('',#8416,2.5);
#8416 = AXIS2_PLACEMENT_3D('',#8417,#8418,#8419);
#8417 = CARTESIAN_POINT('',(6.5,11.492117676885,62.882449685008));
#8418 = DIRECTION('',(-1.,3.637618E-16,-1.549312E-33));
#8419 = DIRECTION('',(3.637618E-16,1.,5.635805218816E-49));
#8420 = ADVANCED_FACE('',(#8421),#8424,.F.);
#8421 = FACE_BOUND('',#8422,.T.);
#8422 = EDGE_LOOP('',(#8423));
#8423 = ORIENTED_EDGE('',*,*,#8365,.T.);
#8424 = PLANE('',#8425);
#8425 = AXIS2_PLACEMENT_3D('',#8426,#8427,#8428);
#8426 = CARTESIAN_POINT('',(11.5,11.492117676884,62.882449685008));
#8427 = DIRECTION('',(-1.,0.,0.));
#8428 = DIRECTION('',(0.,-1.,0.));
#8429 = ADVANCED_FACE('',(#8430),#8434,.T.);
#8430 = FACE_BOUND('',#8431,.T.);
#8431 = EDGE_LOOP('',(#8432,#8433));
#8432 = ORIENTED_EDGE('',*,*,#8196,.F.);
#8433 = ORIENTED_EDGE('',*,*,#8342,.T.);
#8434 = PLANE('',#8435);
#8435 = AXIS2_PLACEMENT_3D('',#8436,#8437,#8438);
#8436 = CARTESIAN_POINT('',(6.5,11.492117676885,62.882449685008));
#8437 = DIRECTION('',(-1.,0.,0.));
#8438 = DIRECTION('',(0.,-1.,0.));
#8439 = ADVANCED_FACE('',(#8440),#8454,.T.);
#8440 = FACE_BOUND('',#8441,.T.);
#8441 = EDGE_LOOP('',(#8442,#8443,#8444,#8445,#8446,#8451,#8452,#8453));
#8442 = ORIENTED_EDGE('',*,*,#8283,.F.);
#8443 = ORIENTED_EDGE('',*,*,#8122,.F.);
#8444 = ORIENTED_EDGE('',*,*,#8300,.F.);
#8445 = ORIENTED_EDGE('',*,*,#8409,.T.);
#8446 = ORIENTED_EDGE('',*,*,#8447,.F.);
#8447 = EDGE_CURVE('',#8385,#8284,#8448,.T.);
#8448 = B_SPLINE_CURVE_WITH_KNOTS('',1,(#8449,#8450),.UNSPECIFIED.,.F.,
  .F.,(2,2),(-0.636396103068,0.636396103068),.PIECEWISE_BEZIER_KNOTS.);
#8449 = CARTESIAN_POINT('',(-8.500000000404,13.028117677272,
    62.434449684894));
#8450 = CARTESIAN_POINT('',(-7.599999999596,13.892117676497,
    62.182449685121));
#8451 = ORIENTED_EDGE('',*,*,#8393,.T.);
#8452 = ORIENTED_EDGE('',*,*,#8382,.T.);
#8453 = ORIENTED_EDGE('',*,*,#8447,.T.);
#8454 = CONICAL_SURFACE('',#8455,2.05,0.7853981625);
#8455 = AXIS2_PLACEMENT_3D('',#8456,#8457,#8458);
#8456 = CARTESIAN_POINT('',(-8.05,11.492117676885,62.882449685008));
#8457 = DIRECTION('',(1.,-3.637618E-16,1.549312E-33));
#8458 = DIRECTION('',(3.637618E-16,1.,5.635805218816E-49));
#8459 = ADVANCED_FACE('',(#8460),#8567,.T.);
#8460 = FACE_BOUND('',#8461,.T.);
#8461 = EDGE_LOOP('',(#8462,#8463,#8471,#8479,#8487,#8496,#8504,#8512,
    #8520,#8528,#8536,#8545,#8553,#8561));
#8462 = ORIENTED_EDGE('',*,*,#1950,.T.);
#8463 = ORIENTED_EDGE('',*,*,#8464,.T.);
#8464 = EDGE_CURVE('',#925,#8465,#8467,.T.);
#8465 = VERTEX_POINT('',#8466);
#8466 = CARTESIAN_POINT('',(12.,56.492117676885,66.));
#8467 = LINE('',#8468,#8469);
#8468 = CARTESIAN_POINT('',(12.,56.492117676884,85.934814879792));
#8469 = VECTOR('',#8470,1.);
#8470 = DIRECTION('',(0.,0.,-1.));
#8471 = ORIENTED_EDGE('',*,*,#8472,.T.);
#8472 = EDGE_CURVE('',#8465,#8473,#8475,.T.);
#8473 = VERTEX_POINT('',#8474);
#8474 = CARTESIAN_POINT('',(12.5,56.492117676885,66.));
#8475 = LINE('',#8476,#8477);
#8476 = CARTESIAN_POINT('',(12.,56.492117676884,66.));
#8477 = VECTOR('',#8478,1.);
#8478 = DIRECTION('',(1.,0.,0.));
#8479 = ORIENTED_EDGE('',*,*,#8480,.T.);
#8480 = EDGE_CURVE('',#8473,#8481,#8483,.T.);
#8481 = VERTEX_POINT('',#8482);
#8482 = CARTESIAN_POINT('',(12.5,56.492117676884,65.));
#8483 = LINE('',#8484,#8485);
#8484 = CARTESIAN_POINT('',(12.5,56.492117676884,66.));
#8485 = VECTOR('',#8486,1.);
#8486 = DIRECTION('',(0.,0.,-1.));
#8487 = ORIENTED_EDGE('',*,*,#8488,.F.);
#8488 = EDGE_CURVE('',#8489,#8481,#8491,.T.);
#8489 = VERTEX_POINT('',#8490);
#8490 = CARTESIAN_POINT('',(14.5,56.492117676884,63.));
#8491 = CIRCLE('',#8492,2.);
#8492 = AXIS2_PLACEMENT_3D('',#8493,#8494,#8495);
#8493 = CARTESIAN_POINT('',(14.5,56.492117676884,65.));
#8494 = DIRECTION('',(-6.123234E-17,1.,-6.123234E-17));
#8495 = DIRECTION('',(-0.707106781187,-8.659560568384E-17,
    -0.707106781187));
#8496 = ORIENTED_EDGE('',*,*,#8497,.T.);
#8497 = EDGE_CURVE('',#8489,#8498,#8500,.T.);
#8498 = VERTEX_POINT('',#8499);
#8499 = CARTESIAN_POINT('',(17.5,56.492117676884,63.));
#8500 = LINE('',#8501,#8502);
#8501 = CARTESIAN_POINT('',(14.5,56.492117676884,63.));
#8502 = VECTOR('',#8503,1.);
#8503 = DIRECTION('',(1.,0.,0.));
#8504 = ORIENTED_EDGE('',*,*,#8505,.T.);
#8505 = EDGE_CURVE('',#8498,#8506,#8508,.T.);
#8506 = VERTEX_POINT('',#8507);
#8507 = CARTESIAN_POINT('',(17.5,56.492117676884,62.142135623731));
#8508 = LINE('',#8509,#8510);
#8509 = CARTESIAN_POINT('',(17.5,56.492117676884,63.));
#8510 = VECTOR('',#8511,1.);
#8511 = DIRECTION('',(0.,0.,-1.));
#8512 = ORIENTED_EDGE('',*,*,#8513,.F.);
#8513 = EDGE_CURVE('',#8514,#8506,#8516,.T.);
#8514 = VERTEX_POINT('',#8515);
#8515 = CARTESIAN_POINT('',(-17.5,56.492117676884,62.142135623731));
#8516 = LINE('',#8517,#8518);
#8517 = CARTESIAN_POINT('',(-17.5,56.492117676884,62.142135623731));
#8518 = VECTOR('',#8519,1.);
#8519 = DIRECTION('',(1.,0.,0.));
#8520 = ORIENTED_EDGE('',*,*,#8521,.T.);
#8521 = EDGE_CURVE('',#8514,#8522,#8524,.T.);
#8522 = VERTEX_POINT('',#8523);
#8523 = CARTESIAN_POINT('',(-17.5,56.492117676884,63.));
#8524 = LINE('',#8525,#8526);
#8525 = CARTESIAN_POINT('',(-17.5,56.492117676884,62.142135623731));
#8526 = VECTOR('',#8527,1.);
#8527 = DIRECTION('',(0.,0.,1.));
#8528 = ORIENTED_EDGE('',*,*,#8529,.T.);
#8529 = EDGE_CURVE('',#8522,#8530,#8532,.T.);
#8530 = VERTEX_POINT('',#8531);
#8531 = CARTESIAN_POINT('',(-14.5,56.492117676884,63.));
#8532 = LINE('',#8533,#8534);
#8533 = CARTESIAN_POINT('',(-17.5,56.492117676884,63.));
#8534 = VECTOR('',#8535,1.);
#8535 = DIRECTION('',(1.,0.,0.));
#8536 = ORIENTED_EDGE('',*,*,#8537,.F.);
#8537 = EDGE_CURVE('',#8538,#8530,#8540,.T.);
#8538 = VERTEX_POINT('',#8539);
#8539 = CARTESIAN_POINT('',(-12.5,56.492117676884,65.));
#8540 = CIRCLE('',#8541,2.);
#8541 = AXIS2_PLACEMENT_3D('',#8542,#8543,#8544);
#8542 = CARTESIAN_POINT('',(-14.5,56.492117676884,65.));
#8543 = DIRECTION('',(-6.123234E-17,1.,6.123234E-17));
#8544 = DIRECTION('',(0.707106781187,8.659560568384E-17,-0.707106781187)
  );
#8545 = ORIENTED_EDGE('',*,*,#8546,.T.);
#8546 = EDGE_CURVE('',#8538,#8547,#8549,.T.);
#8547 = VERTEX_POINT('',#8548);
#8548 = CARTESIAN_POINT('',(-12.5,56.492117676885,66.));
#8549 = LINE('',#8550,#8551);
#8550 = CARTESIAN_POINT('',(-12.5,56.492117676884,65.));
#8551 = VECTOR('',#8552,1.);
#8552 = DIRECTION('',(0.,0.,1.));
#8553 = ORIENTED_EDGE('',*,*,#8554,.T.);
#8554 = EDGE_CURVE('',#8547,#8555,#8557,.T.);
#8555 = VERTEX_POINT('',#8556);
#8556 = CARTESIAN_POINT('',(-12.,56.492117676885,66.));
#8557 = LINE('',#8558,#8559);
#8558 = CARTESIAN_POINT('',(-12.5,56.492117676884,66.));
#8559 = VECTOR('',#8560,1.);
#8560 = DIRECTION('',(1.,0.,0.));
#8561 = ORIENTED_EDGE('',*,*,#8562,.T.);
#8562 = EDGE_CURVE('',#8555,#865,#8563,.T.);
#8563 = LINE('',#8564,#8565);
#8564 = CARTESIAN_POINT('',(-12.,56.492117676884,66.));
#8565 = VECTOR('',#8566,1.);
#8566 = DIRECTION('',(0.,0.,1.));
#8567 = PLANE('',#8568);
#8568 = AXIS2_PLACEMENT_3D('',#8569,#8570,#8571);
#8569 = CARTESIAN_POINT('',(2.982908E-15,56.492117676884,58.));
#8570 = DIRECTION('',(0.,1.,0.));
#8571 = DIRECTION('',(1.,0.,0.));
#8572 = ADVANCED_FACE('',(#8573),#8598,.T.);
#8573 = FACE_BOUND('',#8574,.T.);
#8574 = EDGE_LOOP('',(#8575,#8576,#8584,#8592));
#8575 = ORIENTED_EDGE('',*,*,#1455,.T.);
#8576 = ORIENTED_EDGE('',*,*,#8577,.T.);
#8577 = EDGE_CURVE('',#867,#8578,#8580,.T.);
#8578 = VERTEX_POINT('',#8579);
#8579 = CARTESIAN_POINT('',(-12.,56.492117676885,148.));
#8580 = LINE('',#8581,#8582);
#8581 = CARTESIAN_POINT('',(-12.,56.492117676885,133.83008449022));
#8582 = VECTOR('',#8583,1.);
#8583 = DIRECTION('',(0.,0.,1.));
#8584 = ORIENTED_EDGE('',*,*,#8585,.T.);
#8585 = EDGE_CURVE('',#8578,#8586,#8588,.T.);
#8586 = VERTEX_POINT('',#8587);
#8587 = CARTESIAN_POINT('',(12.,56.492117676885,148.));
#8588 = LINE('',#8589,#8590);
#8589 = CARTESIAN_POINT('',(-12.,56.492117676885,148.));
#8590 = VECTOR('',#8591,1.);
#8591 = DIRECTION('',(1.,0.,0.));
#8592 = ORIENTED_EDGE('',*,*,#8593,.T.);
#8593 = EDGE_CURVE('',#8586,#923,#8594,.T.);
#8594 = LINE('',#8595,#8596);
#8595 = CARTESIAN_POINT('',(12.,56.492117676885,148.));
#8596 = VECTOR('',#8597,1.);
#8597 = DIRECTION('',(0.,0.,-1.));
#8598 = PLANE('',#8599);
#8599 = AXIS2_PLACEMENT_3D('',#8600,#8601,#8602);
#8600 = CARTESIAN_POINT('',(2.982908E-15,56.492117676884,58.));
#8601 = DIRECTION('',(0.,1.,0.));
#8602 = DIRECTION('',(1.,0.,0.));
#8603 = ADVANCED_FACE('',(#8604),#8743,.T.);
#8604 = FACE_BOUND('',#8605,.T.);
#8605 = EDGE_LOOP('',(#8606,#8607,#8615,#8623,#8631,#8640,#8648,#8656,
    #8664,#8672,#8680,#8688,#8696,#8704,#8712,#8721,#8729,#8737));
#8606 = ORIENTED_EDGE('',*,*,#2743,.T.);
#8607 = ORIENTED_EDGE('',*,*,#8608,.T.);
#8608 = EDGE_CURVE('',#1041,#8609,#8611,.T.);
#8609 = VERTEX_POINT('',#8610);
#8610 = CARTESIAN_POINT('',(-12.,36.492117676884,66.));
#8611 = LINE('',#8612,#8613);
#8612 = CARTESIAN_POINT('',(-12.,36.492117676884,85.934814879792));
#8613 = VECTOR('',#8614,1.);
#8614 = DIRECTION('',(0.,0.,-1.));
#8615 = ORIENTED_EDGE('',*,*,#8616,.T.);
#8616 = EDGE_CURVE('',#8609,#8617,#8619,.T.);
#8617 = VERTEX_POINT('',#8618);
#8618 = CARTESIAN_POINT('',(-12.5,36.492117676884,66.));
#8619 = LINE('',#8620,#8621);
#8620 = CARTESIAN_POINT('',(-12.,36.492117676884,66.));
#8621 = VECTOR('',#8622,1.);
#8622 = DIRECTION('',(-1.,0.,0.));
#8623 = ORIENTED_EDGE('',*,*,#8624,.T.);
#8624 = EDGE_CURVE('',#8617,#8625,#8627,.T.);
#8625 = VERTEX_POINT('',#8626);
#8626 = CARTESIAN_POINT('',(-12.5,36.492117676884,65.));
#8627 = LINE('',#8628,#8629);
#8628 = CARTESIAN_POINT('',(-12.5,36.492117676884,66.));
#8629 = VECTOR('',#8630,1.);
#8630 = DIRECTION('',(0.,0.,-1.));
#8631 = ORIENTED_EDGE('',*,*,#8632,.F.);
#8632 = EDGE_CURVE('',#8633,#8625,#8635,.T.);
#8633 = VERTEX_POINT('',#8634);
#8634 = CARTESIAN_POINT('',(-14.5,36.492117676884,63.));
#8635 = CIRCLE('',#8636,2.);
#8636 = AXIS2_PLACEMENT_3D('',#8637,#8638,#8639);
#8637 = CARTESIAN_POINT('',(-14.5,36.492117676884,65.));
#8638 = DIRECTION('',(6.123234E-17,-1.,-6.123234E-17));
#8639 = DIRECTION('',(0.707106781187,8.659560568384E-17,-0.707106781187)
  );
#8640 = ORIENTED_EDGE('',*,*,#8641,.T.);
#8641 = EDGE_CURVE('',#8633,#8642,#8644,.T.);
#8642 = VERTEX_POINT('',#8643);
#8643 = CARTESIAN_POINT('',(-17.5,36.492117676884,63.));
#8644 = LINE('',#8645,#8646);
#8645 = CARTESIAN_POINT('',(-14.5,36.492117676884,63.));
#8646 = VECTOR('',#8647,1.);
#8647 = DIRECTION('',(-1.,0.,0.));
#8648 = ORIENTED_EDGE('',*,*,#8649,.T.);
#8649 = EDGE_CURVE('',#8642,#8650,#8652,.T.);
#8650 = VERTEX_POINT('',#8651);
#8651 = CARTESIAN_POINT('',(-17.5,36.492117676884,30.));
#8652 = LINE('',#8653,#8654);
#8653 = CARTESIAN_POINT('',(-17.5,36.492117676884,63.));
#8654 = VECTOR('',#8655,1.);
#8655 = DIRECTION('',(0.,0.,-1.));
#8656 = ORIENTED_EDGE('',*,*,#8657,.F.);
#8657 = EDGE_CURVE('',#8658,#8650,#8660,.T.);
#8658 = VERTEX_POINT('',#8659);
#8659 = CARTESIAN_POINT('',(-12.5,36.492117676884,30.));
#8660 = LINE('',#8661,#8662);
#8661 = CARTESIAN_POINT('',(-12.5,36.492117676884,30.));
#8662 = VECTOR('',#8663,1.);
#8663 = DIRECTION('',(-1.,0.,0.));
#8664 = ORIENTED_EDGE('',*,*,#8665,.F.);
#8665 = EDGE_CURVE('',#8666,#8658,#8668,.T.);
#8666 = VERTEX_POINT('',#8667);
#8667 = CARTESIAN_POINT('',(-12.5,36.492117676884,28.));
#8668 = LINE('',#8669,#8670);
#8669 = CARTESIAN_POINT('',(-12.5,36.492117676884,28.));
#8670 = VECTOR('',#8671,1.);
#8671 = DIRECTION('',(0.,0.,1.));
#8672 = ORIENTED_EDGE('',*,*,#8673,.F.);
#8673 = EDGE_CURVE('',#8674,#8666,#8676,.T.);
#8674 = VERTEX_POINT('',#8675);
#8675 = CARTESIAN_POINT('',(12.5,36.492117676884,28.));
#8676 = LINE('',#8677,#8678);
#8677 = CARTESIAN_POINT('',(12.5,36.492117676884,28.));
#8678 = VECTOR('',#8679,1.);
#8679 = DIRECTION('',(-1.,0.,0.));
#8680 = ORIENTED_EDGE('',*,*,#8681,.F.);
#8681 = EDGE_CURVE('',#8682,#8674,#8684,.T.);
#8682 = VERTEX_POINT('',#8683);
#8683 = CARTESIAN_POINT('',(12.5,36.492117676884,30.));
#8684 = LINE('',#8685,#8686);
#8685 = CARTESIAN_POINT('',(12.5,36.492117676884,30.));
#8686 = VECTOR('',#8687,1.);
#8687 = DIRECTION('',(0.,0.,-1.));
#8688 = ORIENTED_EDGE('',*,*,#8689,.F.);
#8689 = EDGE_CURVE('',#8690,#8682,#8692,.T.);
#8690 = VERTEX_POINT('',#8691);
#8691 = CARTESIAN_POINT('',(17.5,36.492117676884,30.));
#8692 = LINE('',#8693,#8694);
#8693 = CARTESIAN_POINT('',(17.5,36.492117676884,30.));
#8694 = VECTOR('',#8695,1.);
#8695 = DIRECTION('',(-1.,0.,0.));
#8696 = ORIENTED_EDGE('',*,*,#8697,.T.);
#8697 = EDGE_CURVE('',#8690,#8698,#8700,.T.);
#8698 = VERTEX_POINT('',#8699);
#8699 = CARTESIAN_POINT('',(17.5,36.492117676884,63.));
#8700 = LINE('',#8701,#8702);
#8701 = CARTESIAN_POINT('',(17.5,36.492117676884,30.));
#8702 = VECTOR('',#8703,1.);
#8703 = DIRECTION('',(0.,0.,1.));
#8704 = ORIENTED_EDGE('',*,*,#8705,.T.);
#8705 = EDGE_CURVE('',#8698,#8706,#8708,.T.);
#8706 = VERTEX_POINT('',#8707);
#8707 = CARTESIAN_POINT('',(14.5,36.492117676884,63.));
#8708 = LINE('',#8709,#8710);
#8709 = CARTESIAN_POINT('',(17.5,36.492117676884,63.));
#8710 = VECTOR('',#8711,1.);
#8711 = DIRECTION('',(-1.,0.,0.));
#8712 = ORIENTED_EDGE('',*,*,#8713,.F.);
#8713 = EDGE_CURVE('',#8714,#8706,#8716,.T.);
#8714 = VERTEX_POINT('',#8715);
#8715 = CARTESIAN_POINT('',(12.5,36.492117676884,65.));
#8716 = CIRCLE('',#8717,2.);
#8717 = AXIS2_PLACEMENT_3D('',#8718,#8719,#8720);
#8718 = CARTESIAN_POINT('',(14.5,36.492117676884,65.));
#8719 = DIRECTION('',(6.123234E-17,-1.,6.123234E-17));
#8720 = DIRECTION('',(-0.707106781187,-8.659560568384E-17,
    -0.707106781187));
#8721 = ORIENTED_EDGE('',*,*,#8722,.T.);
#8722 = EDGE_CURVE('',#8714,#8723,#8725,.T.);
#8723 = VERTEX_POINT('',#8724);
#8724 = CARTESIAN_POINT('',(12.5,36.492117676884,66.));
#8725 = LINE('',#8726,#8727);
#8726 = CARTESIAN_POINT('',(12.5,36.492117676884,65.));
#8727 = VECTOR('',#8728,1.);
#8728 = DIRECTION('',(0.,0.,1.));
#8729 = ORIENTED_EDGE('',*,*,#8730,.T.);
#8730 = EDGE_CURVE('',#8723,#8731,#8733,.T.);
#8731 = VERTEX_POINT('',#8732);
#8732 = CARTESIAN_POINT('',(12.,36.492117676884,66.));
#8733 = LINE('',#8734,#8735);
#8734 = CARTESIAN_POINT('',(12.5,36.492117676884,66.));
#8735 = VECTOR('',#8736,1.);
#8736 = DIRECTION('',(-1.,0.,0.));
#8737 = ORIENTED_EDGE('',*,*,#8738,.T.);
#8738 = EDGE_CURVE('',#8731,#981,#8739,.T.);
#8739 = LINE('',#8740,#8741);
#8740 = CARTESIAN_POINT('',(12.,36.492117676884,66.));
#8741 = VECTOR('',#8742,1.);
#8742 = DIRECTION('',(0.,0.,1.));
#8743 = PLANE('',#8744);
#8744 = AXIS2_PLACEMENT_3D('',#8745,#8746,#8747);
#8745 = CARTESIAN_POINT('',(2.191644E-14,36.492117676884,148.));
#8746 = DIRECTION('',(0.,-1.,0.));
#8747 = DIRECTION('',(-1.,0.,0.));
#8748 = ADVANCED_FACE('',(#8749),#8774,.T.);
#8749 = FACE_BOUND('',#8750,.T.);
#8750 = EDGE_LOOP('',(#8751,#8752,#8760,#8768));
#8751 = ORIENTED_EDGE('',*,*,#2209,.T.);
#8752 = ORIENTED_EDGE('',*,*,#8753,.T.);
#8753 = EDGE_CURVE('',#983,#8754,#8756,.T.);
#8754 = VERTEX_POINT('',#8755);
#8755 = CARTESIAN_POINT('',(12.,36.492117676884,148.));
#8756 = LINE('',#8757,#8758);
#8757 = CARTESIAN_POINT('',(12.,36.492117676884,133.83008449022));
#8758 = VECTOR('',#8759,1.);
#8759 = DIRECTION('',(0.,0.,1.));
#8760 = ORIENTED_EDGE('',*,*,#8761,.F.);
#8761 = EDGE_CURVE('',#8762,#8754,#8764,.T.);
#8762 = VERTEX_POINT('',#8763);
#8763 = CARTESIAN_POINT('',(-12.,36.492117676884,148.));
#8764 = LINE('',#8765,#8766);
#8765 = CARTESIAN_POINT('',(-12.,36.492117676884,148.));
#8766 = VECTOR('',#8767,1.);
#8767 = DIRECTION('',(1.,0.,0.));
#8768 = ORIENTED_EDGE('',*,*,#8769,.T.);
#8769 = EDGE_CURVE('',#8762,#1039,#8770,.T.);
#8770 = LINE('',#8771,#8772);
#8771 = CARTESIAN_POINT('',(-12.,36.492117676884,148.));
#8772 = VECTOR('',#8773,1.);
#8773 = DIRECTION('',(0.,0.,-1.));
#8774 = PLANE('',#8775);
#8775 = AXIS2_PLACEMENT_3D('',#8776,#8777,#8778);
#8776 = CARTESIAN_POINT('',(2.191644E-14,36.492117676884,148.));
#8777 = DIRECTION('',(0.,-1.,0.));
#8778 = DIRECTION('',(-1.,0.,0.));
#8779 = ADVANCED_FACE('',(#8780),#8853,.T.);
#8780 = FACE_BOUND('',#8781,.T.);
#8781 = EDGE_LOOP('',(#8782,#8790,#8791,#8799,#8807,#8815,#8823,#8829,
    #8830,#8839,#8847));
#8782 = ORIENTED_EDGE('',*,*,#8783,.F.);
#8783 = EDGE_CURVE('',#8650,#8784,#8786,.T.);
#8784 = VERTEX_POINT('',#8785);
#8785 = CARTESIAN_POINT('',(-17.5,66.492117676884,30.));
#8786 = LINE('',#8787,#8788);
#8787 = CARTESIAN_POINT('',(-17.5,36.492117676884,30.));
#8788 = VECTOR('',#8789,1.);
#8789 = DIRECTION('',(0.,1.,0.));
#8790 = ORIENTED_EDGE('',*,*,#8649,.F.);
#8791 = ORIENTED_EDGE('',*,*,#8792,.T.);
#8792 = EDGE_CURVE('',#8642,#8793,#8795,.T.);
#8793 = VERTEX_POINT('',#8794);
#8794 = CARTESIAN_POINT('',(-17.5,40.992117676884,63.));
#8795 = LINE('',#8796,#8797);
#8796 = CARTESIAN_POINT('',(-17.5,36.492117676884,63.));
#8797 = VECTOR('',#8798,1.);
#8798 = DIRECTION('',(0.,1.,0.));
#8799 = ORIENTED_EDGE('',*,*,#8800,.T.);
#8800 = EDGE_CURVE('',#8793,#8801,#8803,.T.);
#8801 = VERTEX_POINT('',#8802);
#8802 = CARTESIAN_POINT('',(-17.5,40.992117676884,143.));
#8803 = LINE('',#8804,#8805);
#8804 = CARTESIAN_POINT('',(-17.5,40.992117676884,63.));
#8805 = VECTOR('',#8806,1.);
#8806 = DIRECTION('',(0.,0.,1.));
#8807 = ORIENTED_EDGE('',*,*,#8808,.F.);
#8808 = EDGE_CURVE('',#8809,#8801,#8811,.T.);
#8809 = VERTEX_POINT('',#8810);
#8810 = CARTESIAN_POINT('',(-17.5,51.992117676885,143.));
#8811 = LINE('',#8812,#8813);
#8812 = CARTESIAN_POINT('',(-17.5,51.992117676885,143.));
#8813 = VECTOR('',#8814,1.);
#8814 = DIRECTION('',(0.,-1.,0.));
#8815 = ORIENTED_EDGE('',*,*,#8816,.T.);
#8816 = EDGE_CURVE('',#8809,#8817,#8819,.T.);
#8817 = VERTEX_POINT('',#8818);
#8818 = CARTESIAN_POINT('',(-17.5,51.992117676884,63.));
#8819 = LINE('',#8820,#8821);
#8820 = CARTESIAN_POINT('',(-17.5,51.992117676885,143.));
#8821 = VECTOR('',#8822,1.);
#8822 = DIRECTION('',(0.,0.,-1.));
#8823 = ORIENTED_EDGE('',*,*,#8824,.T.);
#8824 = EDGE_CURVE('',#8817,#8522,#8825,.T.);
#8825 = LINE('',#8826,#8827);
#8826 = CARTESIAN_POINT('',(-17.5,51.992117676884,63.));
#8827 = VECTOR('',#8828,1.);
#8828 = DIRECTION('',(0.,1.,0.));
#8829 = ORIENTED_EDGE('',*,*,#8521,.F.);
#8830 = ORIENTED_EDGE('',*,*,#8831,.F.);
#8831 = EDGE_CURVE('',#8832,#8514,#8834,.T.);
#8832 = VERTEX_POINT('',#8833);
#8833 = CARTESIAN_POINT('',(-17.5,59.421049865019,55.071067811865));
#8834 = CIRCLE('',#8835,10.);
#8835 = AXIS2_PLACEMENT_3D('',#8836,#8837,#8838);
#8836 = CARTESIAN_POINT('',(-17.5,66.492117676884,62.142135623731));
#8837 = DIRECTION('',(-1.,-3.977393E-17,-1.64749E-17));
#8838 = DIRECTION('',(4.305099113441E-17,-0.923879532511,-0.382683432365
    ));
#8839 = ORIENTED_EDGE('',*,*,#8840,.F.);
#8840 = EDGE_CURVE('',#8841,#8832,#8843,.T.);
#8841 = VERTEX_POINT('',#8842);
#8842 = CARTESIAN_POINT('',(-17.5,66.492117676885,48.));
#8843 = LINE('',#8844,#8845);
#8844 = CARTESIAN_POINT('',(-17.5,66.492117676885,48.));
#8845 = VECTOR('',#8846,1.);
#8846 = DIRECTION('',(3.552714E-16,-0.707106781187,0.707106781187));
#8847 = ORIENTED_EDGE('',*,*,#8848,.F.);
#8848 = EDGE_CURVE('',#8784,#8841,#8849,.T.);
#8849 = LINE('',#8850,#8851);
#8850 = CARTESIAN_POINT('',(-17.5,66.492117676884,30.));
#8851 = VECTOR('',#8852,1.);
#8852 = DIRECTION('',(0.,0.,1.));
#8853 = PLANE('',#8854);
#8854 = AXIS2_PLACEMENT_3D('',#8855,#8856,#8857);
#8855 = CARTESIAN_POINT('',(-17.5,48.063235780641,85.467296736488));
#8856 = DIRECTION('',(-1.,0.,0.));
#8857 = DIRECTION('',(0.,1.,0.));
#8858 = ADVANCED_FACE('',(#8859),#8916,.T.);
#8859 = FACE_BOUND('',#8860,.T.);
#8860 = EDGE_LOOP('',(#8861,#8869,#8870,#8878,#8886,#8894,#8902,#8910));
#8861 = ORIENTED_EDGE('',*,*,#8862,.F.);
#8862 = EDGE_CURVE('',#8784,#8863,#8865,.T.);
#8863 = VERTEX_POINT('',#8864);
#8864 = CARTESIAN_POINT('',(-12.5,66.492117676884,30.));
#8865 = LINE('',#8866,#8867);
#8866 = CARTESIAN_POINT('',(-17.5,66.492117676884,30.));
#8867 = VECTOR('',#8868,1.);
#8868 = DIRECTION('',(1.,0.,0.));
#8869 = ORIENTED_EDGE('',*,*,#8848,.T.);
#8870 = ORIENTED_EDGE('',*,*,#8871,.T.);
#8871 = EDGE_CURVE('',#8841,#8872,#8874,.T.);
#8872 = VERTEX_POINT('',#8873);
#8873 = CARTESIAN_POINT('',(17.5,66.492117676885,48.));
#8874 = LINE('',#8875,#8876);
#8875 = CARTESIAN_POINT('',(-17.5,66.492117676885,48.));
#8876 = VECTOR('',#8877,1.);
#8877 = DIRECTION('',(1.,0.,0.));
#8878 = ORIENTED_EDGE('',*,*,#8879,.T.);
#8879 = EDGE_CURVE('',#8872,#8880,#8882,.T.);
#8880 = VERTEX_POINT('',#8881);
#8881 = CARTESIAN_POINT('',(17.5,66.492117676884,30.));
#8882 = LINE('',#8883,#8884);
#8883 = CARTESIAN_POINT('',(17.5,66.492117676884,48.));
#8884 = VECTOR('',#8885,1.);
#8885 = DIRECTION('',(0.,0.,-1.));
#8886 = ORIENTED_EDGE('',*,*,#8887,.F.);
#8887 = EDGE_CURVE('',#8888,#8880,#8890,.T.);
#8888 = VERTEX_POINT('',#8889);
#8889 = CARTESIAN_POINT('',(12.5,66.492117676884,30.));
#8890 = LINE('',#8891,#8892);
#8891 = CARTESIAN_POINT('',(12.5,66.492117676884,30.));
#8892 = VECTOR('',#8893,1.);
#8893 = DIRECTION('',(1.,0.,0.));
#8894 = ORIENTED_EDGE('',*,*,#8895,.F.);
#8895 = EDGE_CURVE('',#8896,#8888,#8898,.T.);
#8896 = VERTEX_POINT('',#8897);
#8897 = CARTESIAN_POINT('',(12.5,66.492117676884,28.));
#8898 = LINE('',#8899,#8900);
#8899 = CARTESIAN_POINT('',(12.5,66.492117676884,28.));
#8900 = VECTOR('',#8901,1.);
#8901 = DIRECTION('',(0.,0.,1.));
#8902 = ORIENTED_EDGE('',*,*,#8903,.F.);
#8903 = EDGE_CURVE('',#8904,#8896,#8906,.T.);
#8904 = VERTEX_POINT('',#8905);
#8905 = CARTESIAN_POINT('',(-12.5,66.492117676884,28.));
#8906 = LINE('',#8907,#8908);
#8907 = CARTESIAN_POINT('',(-12.5,66.492117676884,28.));
#8908 = VECTOR('',#8909,1.);
#8909 = DIRECTION('',(1.,0.,0.));
#8910 = ORIENTED_EDGE('',*,*,#8911,.F.);
#8911 = EDGE_CURVE('',#8863,#8904,#8912,.T.);
#8912 = LINE('',#8913,#8914);
#8913 = CARTESIAN_POINT('',(-12.5,66.492117676884,30.));
#8914 = VECTOR('',#8915,1.);
#8915 = DIRECTION('',(0.,0.,-1.));
#8916 = PLANE('',#8917);
#8917 = AXIS2_PLACEMENT_3D('',#8918,#8919,#8920);
#8918 = CARTESIAN_POINT('',(-3.736486E-15,66.492117676884,28.));
#8919 = DIRECTION('',(0.,1.,0.));
#8920 = DIRECTION('',(1.,0.,0.));
#8921 = ADVANCED_FACE('',(#8922),#8993,.T.);
#8922 = FACE_BOUND('',#8923,.T.);
#8923 = EDGE_LOOP('',(#8924,#8933,#8945,#8954,#8965,#8974,#8985,#8992));
#8924 = ORIENTED_EDGE('',*,*,#8925,.T.);
#8925 = EDGE_CURVE('',#8926,#8926,#8928,.T.);
#8926 = VERTEX_POINT('',#8927);
#8927 = CARTESIAN_POINT('',(4.632871534032,53.388150494767,7.9));
#8928 = CIRCLE('',#8929,8.);
#8929 = AXIS2_PLACEMENT_3D('',#8930,#8931,#8932);
#8930 = CARTESIAN_POINT('',(11.5,57.492117676884,7.9));
#8931 = DIRECTION('',(1.06955E-16,6.391895E-17,1.));
#8932 = DIRECTION('',(0.858391058246,0.512995897765,-1.245993747741E-16)
  );
#8933 = ORIENTED_EDGE('',*,*,#8934,.F.);
#8934 = EDGE_CURVE('',#8935,#8926,#8937,.T.);
#8935 = VERTEX_POINT('',#8936);
#8936 = CARTESIAN_POINT('',(4.890388851506,53.542049264097,
    8.358257569496));
#8937 = ( BOUNDED_CURVE() B_SPLINE_CURVE(6,(#8938,#8939,#8940,#8941,
#8942,#8943,#8944),.UNSPECIFIED.,.F.,.F.) B_SPLINE_CURVE_WITH_KNOTS((7,7
),(-1.159279480727,0.),.PIECEWISE_BEZIER_KNOTS.) CURVE() 
GEOMETRIC_REPRESENTATION_ITEM() RATIONAL_B_SPLINE_CURVE((1.016961560722,
    1.005525804429,0.998872052247,0.9966802829,0.998872052247,
1.005525804429,1.016961560722)) REPRESENTATION_ITEM('') );
#8938 = CARTESIAN_POINT('',(4.890388851506,53.542049264097,
    8.358257569496));
#8939 = CARTESIAN_POINT('',(4.813521357157,53.496111333018,
    8.319175469832));
#8940 = CARTESIAN_POINT('',(4.745547908496,53.455488705388,
    8.259733746761));
#8941 = CARTESIAN_POINT('',(4.690733522037,53.422730261411,
    8.183198273578));
#8942 = CARTESIAN_POINT('',(4.652446646256,53.399849069878,
    8.094058061064));
#8943 = CARTESIAN_POINT('',(4.632871534032,53.388150494767,7.99770524916
    ));
#8944 = CARTESIAN_POINT('',(4.632871534032,53.388150494767,7.9));
#8945 = ORIENTED_EDGE('',*,*,#8946,.F.);
#8946 = EDGE_CURVE('',#8947,#8935,#8949,.T.);
#8947 = VERTEX_POINT('',#8948);
#8948 = CARTESIAN_POINT('',(19.199942439159,57.521890712225,
    8.358257569496));
#8949 = CIRCLE('',#8950,7.7);
#8950 = AXIS2_PLACEMENT_3D('',#8951,#8952,#8953);
#8951 = CARTESIAN_POINT('',(11.5,57.492117676884,8.358257569496));
#8952 = DIRECTION('',(1.220884E-16,-3.253058E-19,1.));
#8953 = DIRECTION('',(-0.999996450211,2.66450082341E-03,
    1.220888333896E-16));
#8954 = ORIENTED_EDGE('',*,*,#8955,.F.);
#8955 = EDGE_CURVE('',#8956,#8947,#8958,.T.);
#8956 = VERTEX_POINT('',#8957);
#8957 = CARTESIAN_POINT('',(18.9999847736,57.507230445339,8.4));
#8958 = B_SPLINE_CURVE_WITH_KNOTS('',3,(#8959,#8960,#8961,#8962,#8963,
    #8964),.UNSPECIFIED.,.F.,.F.,(4,2,4),(0.229499468813,0.247669978945,
    0.249030548165),.UNSPECIFIED.);
#8959 = CARTESIAN_POINT('',(18.9999847736,57.507230445339,8.4));
#8960 = CARTESIAN_POINT('',(19.060552925704,57.507069060875,8.4));
#8961 = CARTESIAN_POINT('',(19.131717642571,57.511954173003,
    8.386057339981));
#8962 = CARTESIAN_POINT('',(19.191535351219,57.520602098616,
    8.361859539117));
#8963 = CARTESIAN_POINT('',(19.195730556141,57.521232477087,
    8.360096883001));
#8964 = CARTESIAN_POINT('',(19.199942439159,57.521890712225,
    8.358257569496));
#8965 = ORIENTED_EDGE('',*,*,#8966,.T.);
#8966 = EDGE_CURVE('',#8956,#8967,#8969,.T.);
#8967 = VERTEX_POINT('',#8968);
#8968 = CARTESIAN_POINT('',(18.959024418085,56.709203422056,8.4));
#8969 = CIRCLE('',#8970,7.5);
#8970 = AXIS2_PLACEMENT_3D('',#8971,#8972,#8973);
#8971 = CARTESIAN_POINT('',(11.5,57.492117676884,8.4));
#8972 = DIRECTION('',(0.,0.,-1.));
#8973 = DIRECTION('',(-1.,0.,0.));
#8974 = ORIENTED_EDGE('',*,*,#8975,.F.);
#8975 = EDGE_CURVE('',#8976,#8967,#8978,.T.);
#8976 = VERTEX_POINT('',#8977);
#8977 = CARTESIAN_POINT('',(19.161577852034,56.72385677249,
    8.358257569496));
#8978 = B_SPLINE_CURVE_WITH_KNOTS('',3,(#8979,#8980,#8981,#8982,#8983,
    #8984),.UNSPECIFIED.,.F.,.F.,(4,2,4),(5.759589272813E-02,
    5.902454843856E-02,7.736043579723E-02),.UNSPECIFIED.);
#8979 = CARTESIAN_POINT('',(19.161577852034,56.72385677249,
    8.358257569496));
#8980 = CARTESIAN_POINT('',(19.157135776701,56.723177274354,
    8.360156987558));
#8981 = CARTESIAN_POINT('',(19.152713136926,56.722527266835,
    8.361975238825));
#8982 = CARTESIAN_POINT('',(19.091971784214,56.713944429701,
    8.386000972876));
#8983 = CARTESIAN_POINT('',(19.020143825652,56.709040568766,8.4));
#8984 = CARTESIAN_POINT('',(18.959024418085,56.709203422056,8.4));
#8985 = ORIENTED_EDGE('',*,*,#8986,.F.);
#8986 = EDGE_CURVE('',#8935,#8976,#8987,.T.);
#8987 = CIRCLE('',#8988,7.7);
#8988 = AXIS2_PLACEMENT_3D('',#8989,#8990,#8991);
#8989 = CARTESIAN_POINT('',(11.5,57.492117676884,8.358257569496));
#8990 = DIRECTION('',(1.220884E-16,-3.253058E-19,1.));
#8991 = DIRECTION('',(-0.999996450211,2.66450082341E-03,
    1.220888333896E-16));
#8992 = ORIENTED_EDGE('',*,*,#8934,.T.);
#8993 = TOROIDAL_SURFACE('',#8994,7.5,0.5);
#8994 = AXIS2_PLACEMENT_3D('',#8995,#8996,#8997);
#8995 = CARTESIAN_POINT('',(11.5,57.492117676884,7.9));
#8996 = DIRECTION('',(-1.104168E-16,-5.812637E-17,-1.));
#8997 = DIRECTION('',(-0.512995897765,0.858391058246,6.748209188002E-18)
  );
#8998 = ADVANCED_FACE('',(#8999),#9017,.T.);
#8999 = FACE_BOUND('',#9000,.T.);
#9000 = EDGE_LOOP('',(#9001,#9010,#9015,#9016));
#9001 = ORIENTED_EDGE('',*,*,#9002,.F.);
#9002 = EDGE_CURVE('',#9003,#9003,#9005,.T.);
#9003 = VERTEX_POINT('',#9004);
#9004 = CARTESIAN_POINT('',(4.632871534032,53.388150494767,
    1.696980789903));
#9005 = CIRCLE('',#9006,8.);
#9006 = AXIS2_PLACEMENT_3D('',#9007,#9008,#9009);
#9007 = CARTESIAN_POINT('',(11.5,57.492117676884,1.696980789903));
#9008 = DIRECTION('',(-1.06955E-16,-6.391895E-17,-1.));
#9009 = DIRECTION('',(0.858391058246,0.512995897765,-1.245993747741E-16)
  );
#9010 = ORIENTED_EDGE('',*,*,#9011,.F.);
#9011 = EDGE_CURVE('',#8926,#9003,#9012,.T.);
#9012 = B_SPLINE_CURVE_WITH_KNOTS('',1,(#9013,#9014),.UNSPECIFIED.,.F.,
  .F.,(2,2),(-4.5,1.703019210097),.PIECEWISE_BEZIER_KNOTS.);
#9013 = CARTESIAN_POINT('',(4.632871534032,53.388150494767,7.9));
#9014 = CARTESIAN_POINT('',(4.632871534032,53.388150494767,
    1.696980789903));
#9015 = ORIENTED_EDGE('',*,*,#8925,.F.);
#9016 = ORIENTED_EDGE('',*,*,#9011,.T.);
#9017 = CYLINDRICAL_SURFACE('',#9018,8.);
#9018 = AXIS2_PLACEMENT_3D('',#9019,#9020,#9021);
#9019 = CARTESIAN_POINT('',(11.5,57.492117676884,3.4));
#9020 = DIRECTION('',(-1.104168E-16,-5.812637E-17,-1.));
#9021 = DIRECTION('',(-0.858391058246,-0.512995897765,1.245993831621E-16
    ));
#9022 = ADVANCED_FACE('',(#9023),#9050,.T.);
#9023 = FACE_BOUND('',#9024,.T.);
#9024 = EDGE_LOOP('',(#9025,#9034,#9042,#9049));
#9025 = ORIENTED_EDGE('',*,*,#9026,.T.);
#9026 = EDGE_CURVE('',#9027,#9027,#9029,.T.);
#9027 = VERTEX_POINT('',#9028);
#9028 = CARTESIAN_POINT('',(10.155772659023,56.688773903717,
    -4.357435090054));
#9029 = CIRCLE('',#9030,1.565984789874);
#9030 = AXIS2_PLACEMENT_3D('',#9031,#9032,#9033);
#9031 = CARTESIAN_POINT('',(11.5,57.492117676884,-4.357435090054));
#9032 = DIRECTION('',(-1.06955E-16,-6.391895E-17,-1.));
#9033 = DIRECTION('',(0.858391058246,0.512995897765,-1.245993747741E-16)
  );
#9034 = ORIENTED_EDGE('',*,*,#9035,.T.);
#9035 = EDGE_CURVE('',#9027,#9036,#9038,.T.);
#9036 = VERTEX_POINT('',#9037);
#9037 = CARTESIAN_POINT('',(11.170183069736,57.295010856382,-4.6));
#9038 = ( BOUNDED_CURVE() B_SPLINE_CURVE(2,(#9039,#9040,#9041),
.UNSPECIFIED.,.F.,.F.) B_SPLINE_CURVE_WITH_KNOTS((3,3),(1.16590454051,
1.570195468044),.PIECEWISE_BEZIER_KNOTS.) CURVE() 
GEOMETRIC_REPRESENTATION_ITEM() RATIONAL_B_SPLINE_CURVE((1.,
0.973207266551,0.987035756916)) REPRESENTATION_ITEM('') );
#9039 = CARTESIAN_POINT('',(10.155772659023,56.688773903717,
    -4.357435090054));
#9040 = CARTESIAN_POINT('',(10.641608941754,56.97912177912,-4.6));
#9041 = CARTESIAN_POINT('',(11.170183069736,57.295010856382,-4.6));
#9042 = ORIENTED_EDGE('',*,*,#9043,.T.);
#9043 = EDGE_CURVE('',#9036,#9036,#9044,.T.);
#9044 = CIRCLE('',#9045,0.384226894136);
#9045 = AXIS2_PLACEMENT_3D('',#9046,#9047,#9048);
#9046 = CARTESIAN_POINT('',(11.5,57.492117676884,-4.6));
#9047 = DIRECTION('',(1.06955E-16,6.391895E-17,1.));
#9048 = DIRECTION('',(0.858391058246,0.512995897765,-1.245993747741E-16)
  );
#9049 = ORIENTED_EDGE('',*,*,#9035,.F.);
#9050 = ( BOUNDED_SURFACE() B_SPLINE_SURFACE(2,2,(
    (#9051,#9052,#9053,#9054,#9055,#9056,#9057,#9058,#9059)
    ,(#9060,#9061,#9062,#9063,#9064,#9065,#9066,#9067,#9068)
    ,(#9069,#9070,#9071,#9072,#9073,#9074,#9075,#9076,#9077
)),.UNSPECIFIED.,.F.,.T.,.F.) B_SPLINE_SURFACE_WITH_KNOTS((3,3),(1,2,2,2
    ,2,2,1),(1.16590454051,1.699224713569),(-1.570796326795,0.,
    1.570796326795,3.14159265359,4.712388980385,6.28318530718,
7.853981633974),.UNSPECIFIED.) GEOMETRIC_REPRESENTATION_ITEM() 
RATIONAL_B_SPLINE_SURFACE((
    (1.,0.707106781187,1.,0.707106781187,1.,0.707106781187,1.
      ,0.707106781187,1.)
    ,(0.96465637919,0.68211506724,0.96465637919,0.68211506724
      ,0.96465637919,0.68211506724,0.96465637919,0.68211506724
      ,0.96465637919)
    ,(1.,0.707106781187,1.,0.707106781187,1.,0.707106781187,1.
,0.707106781187,1.))) REPRESENTATION_ITEM('') SURFACE() );
#9051 = CARTESIAN_POINT('',(12.303343773167,56.147890335908,
    -4.357435090054));
#9052 = CARTESIAN_POINT('',(13.647571114144,56.951234109075,
    -4.357435090054));
#9053 = CARTESIAN_POINT('',(12.844227340977,58.295461450051,
    -4.357435090054));
#9054 = CARTESIAN_POINT('',(12.04088356781,59.639688791028,
    -4.357435090054));
#9055 = CARTESIAN_POINT('',(10.696656226833,58.836345017861,
    -4.357435090054));
#9056 = CARTESIAN_POINT('',(9.352428885856,58.033001244694,
    -4.357435090054));
#9057 = CARTESIAN_POINT('',(10.155772659023,56.688773903717,
    -4.357435090054));
#9058 = CARTESIAN_POINT('',(10.95911643219,55.344546562741,
    -4.357435090054));
#9059 = CARTESIAN_POINT('',(12.303343773167,56.147890335908,
    -4.357435090054));
#9060 = CARTESIAN_POINT('',(11.916936430446,56.794461993259,
    -4.680250823283));
#9061 = CARTESIAN_POINT('',(12.614592114071,57.211398423705,
    -4.680250823283));
#9062 = CARTESIAN_POINT('',(12.197655683625,57.909054107331,
    -4.680250823283));
#9063 = CARTESIAN_POINT('',(11.780719253179,58.606709790956,
    -4.680250823283));
#9064 = CARTESIAN_POINT('',(11.083063569554,58.18977336051,
    -4.680250823283));
#9065 = CARTESIAN_POINT('',(10.385407885929,57.772836930064,
    -4.680250823283));
#9066 = CARTESIAN_POINT('',(10.802344316375,57.075181246438,
    -4.680250823283));
#9067 = CARTESIAN_POINT('',(11.219280746821,56.377525562813,
    -4.680250823283));
#9068 = CARTESIAN_POINT('',(11.916936430446,56.794461993259,
    -4.680250823283));
#9069 = CARTESIAN_POINT('',(11.5,57.492117676884,-4.575293211403));
#9070 = CARTESIAN_POINT('',(11.5,57.492117676884,-4.575293211403));
#9071 = CARTESIAN_POINT('',(11.5,57.492117676884,-4.575293211403));
#9072 = CARTESIAN_POINT('',(11.5,57.492117676884,-4.575293211403));
#9073 = CARTESIAN_POINT('',(11.5,57.492117676884,-4.575293211403));
#9074 = CARTESIAN_POINT('',(11.5,57.492117676884,-4.575293211403));
#9075 = CARTESIAN_POINT('',(11.5,57.492117676884,-4.575293211403));
#9076 = CARTESIAN_POINT('',(11.5,57.492117676884,-4.575293211403));
#9077 = CARTESIAN_POINT('',(11.5,57.492117676884,-4.575293211403));
#9078 = ADVANCED_FACE('',(#9079),#9097,.T.);
#9079 = FACE_BOUND('',#9080,.T.);
#9080 = EDGE_LOOP('',(#9081,#9090,#9095,#9096));
#9081 = ORIENTED_EDGE('',*,*,#9082,.F.);
#9082 = EDGE_CURVE('',#9083,#9083,#9085,.T.);
#9083 = VERTEX_POINT('',#9084);
#9084 = CARTESIAN_POINT('',(7.234142807408,54.942735062483,
    -2.898744360188));
#9085 = CIRCLE('',#9086,4.969596492896);
#9086 = AXIS2_PLACEMENT_3D('',#9087,#9088,#9089);
#9087 = CARTESIAN_POINT('',(11.5,57.492117676884,-2.898744360188));
#9088 = DIRECTION('',(1.06955E-16,6.391895E-17,1.));
#9089 = DIRECTION('',(0.858391058246,0.512995897765,-1.245993747741E-16)
  );
#9090 = ORIENTED_EDGE('',*,*,#9091,.F.);
#9091 = EDGE_CURVE('',#9027,#9083,#9092,.T.);
#9092 = B_SPLINE_CURVE_WITH_KNOTS('',1,(#9093,#9094),.UNSPECIFIED.,.F.,
  .F.,(2,2),(-3.192113447068,0.510905763029),.PIECEWISE_BEZIER_KNOTS.);
#9093 = CARTESIAN_POINT('',(10.155772657585,56.688773902858,
    -4.357435093963));
#9094 = CARTESIAN_POINT('',(7.234142807638,54.942735062621,
    -2.898744359562));
#9095 = ORIENTED_EDGE('',*,*,#9026,.F.);
#9096 = ORIENTED_EDGE('',*,*,#9091,.T.);
#9097 = CONICAL_SURFACE('',#9098,4.5,1.165904539178);
#9098 = AXIS2_PLACEMENT_3D('',#9099,#9100,#9101);
#9099 = CARTESIAN_POINT('',(11.5,57.492117676884,-3.1));
#9100 = DIRECTION('',(1.104168E-16,5.812637E-17,1.));
#9101 = DIRECTION('',(-0.858391058246,-0.512995897765,1.245993831621E-16
    ));
#9102 = ADVANCED_FACE('',(#9103),#9106,.T.);
#9103 = FACE_BOUND('',#9104,.T.);
#9104 = EDGE_LOOP('',(#9105));
#9105 = ORIENTED_EDGE('',*,*,#9043,.F.);
#9106 = PLANE('',#9107);
#9107 = AXIS2_PLACEMENT_3D('',#9108,#9109,#9110);
#9108 = CARTESIAN_POINT('',(11.070804470877,57.235619728002,-4.6));
#9109 = DIRECTION('',(0.,0.,-1.));
#9110 = DIRECTION('',(-0.512995897765,0.858391058246,0.));
#9111 = ADVANCED_FACE('',(#9112),#9125,.T.);
#9112 = FACE_BOUND('',#9113,.T.);
#9113 = EDGE_LOOP('',(#9114,#9115,#9123,#9124));
#9114 = ORIENTED_EDGE('',*,*,#9002,.T.);
#9115 = ORIENTED_EDGE('',*,*,#9116,.T.);
#9116 = EDGE_CURVE('',#9003,#9083,#9117,.T.);
#9117 = ( BOUNDED_CURVE() B_SPLINE_CURVE(2,(#9118,#9119,#9120,#9121,
#9122),.UNSPECIFIED.,.F.,.F.) B_SPLINE_CURVE_WITH_KNOTS((3,2,3),(
    -9.67560685711E-17,1.107148717794,1.16852176712),.UNSPECIFIED.) 
CURVE() GEOMETRIC_REPRESENTATION_ITEM() RATIONAL_B_SPLINE_CURVE((1.,
    0.850650808352,1.,0.991721062258,0.984359984323)) 
REPRESENTATION_ITEM('') );
#9118 = CARTESIAN_POINT('',(4.632871534032,53.388150494767,
    1.696980789903));
#9119 = CARTESIAN_POINT('',(4.632871534032,53.388150494767,
    -1.393189153847));
#9120 = CARTESIAN_POINT('',(7.005406067746,54.80603628401,
    -2.775155165097));
#9121 = CARTESIAN_POINT('',(7.11821566924,54.873454114426,-2.84086507692
    ));
#9122 = CARTESIAN_POINT('',(7.234142807408,54.942735062483,
    -2.898744360188));
#9123 = ORIENTED_EDGE('',*,*,#9082,.T.);
#9124 = ORIENTED_EDGE('',*,*,#9116,.F.);
#9125 = ( BOUNDED_SURFACE() B_SPLINE_SURFACE(2,2,(
    (#9126,#9127,#9128,#9129,#9130,#9131,#9132,#9133,#9134)
    ,(#9135,#9136,#9137,#9138,#9139,#9140,#9141,#9142,#9143)
    ,(#9144,#9145,#9146,#9147,#9148,#9149,#9150,#9151,#9152)
    ,(#9153,#9154,#9155,#9156,#9157,#9158,#9159,#9160,#9161)
    ,(#9162,#9163,#9164,#9165,#9166,#9167,#9168,#9169,#9170
)),.UNSPECIFIED.,.F.,.T.,.F.) B_SPLINE_SURFACE_WITH_KNOTS((3,2,3),(1,2,2
    ,2,2,2,1),(-4.473047E-16,1.107148717794,2.214297435588),(
    -1.570796326795,0.,1.570796326795,3.14159265359,4.712388980385,
    6.28318530718,7.853981633974),.UNSPECIFIED.) 
GEOMETRIC_REPRESENTATION_ITEM() RATIONAL_B_SPLINE_SURFACE((
    (1.,0.707106781187,1.,0.707106781187,1.,0.707106781187,1.
      ,0.707106781187,1.)
    ,(0.850650808352,0.601500955008,0.850650808352,0.601500955008
      ,0.850650808352,0.601500955008,0.850650808352,0.601500955008
      ,0.850650808352)
    ,(1.,0.707106781187,1.,0.707106781187,1.,0.707106781187,1.
      ,0.707106781187,1.)
    ,(0.850650808352,0.601500955008,0.850650808352,0.601500955008
      ,0.850650808352,0.601500955008,0.850650808352,0.601500955008
      ,0.850650808352)
    ,(1.,0.707106781187,1.,0.707106781187,1.,0.707106781187,1.
,0.707106781187,1.))) REPRESENTATION_ITEM('') SURFACE() );
#9126 = CARTESIAN_POINT('',(15.603967182117,50.624989210917,
    1.696980789903));
#9127 = CARTESIAN_POINT('',(22.471095648085,54.728956393034,
    1.696980789903));
#9128 = CARTESIAN_POINT('',(18.367128465968,61.596084859002,
    1.696980789903));
#9129 = CARTESIAN_POINT('',(14.263161283851,68.463213324969,
    1.696980789903));
#9130 = CARTESIAN_POINT('',(7.396032817883,64.359246142852,
    1.696980789903));
#9131 = CARTESIAN_POINT('',(0.528904351915,60.255278960735,
    1.696980789903));
#9132 = CARTESIAN_POINT('',(4.632871534032,53.388150494767,
    1.696980789903));
#9133 = CARTESIAN_POINT('',(8.736838716149,46.521022028799,
    1.696980789903));
#9134 = CARTESIAN_POINT('',(15.603967182117,50.624989210917,
    1.696980789903));
#9135 = CARTESIAN_POINT('',(15.603967182117,50.624989210917,
    -1.393189153847));
#9136 = CARTESIAN_POINT('',(22.471095648085,54.728956393034,
    -1.393189153847));
#9137 = CARTESIAN_POINT('',(18.367128465968,61.596084859002,
    -1.393189153847));
#9138 = CARTESIAN_POINT('',(14.263161283851,68.463213324969,
    -1.393189153847));
#9139 = CARTESIAN_POINT('',(7.396032817883,64.359246142852,
    -1.393189153847));
#9140 = CARTESIAN_POINT('',(0.528904351915,60.255278960735,
    -1.393189153847));
#9141 = CARTESIAN_POINT('',(4.632871534032,53.388150494767,
    -1.393189153847));
#9142 = CARTESIAN_POINT('',(8.736838716149,46.521022028799,
    -1.393189153847));
#9143 = CARTESIAN_POINT('',(15.603967182117,50.624989210917,
    -1.393189153847));
#9144 = CARTESIAN_POINT('',(14.186081392874,52.997523744631,
    -2.775155165097));
#9145 = CARTESIAN_POINT('',(18.680675325128,55.683605137505,
    -2.775155165097));
#9146 = CARTESIAN_POINT('',(15.994593932254,60.178199069759,
    -2.775155165097));
#9147 = CARTESIAN_POINT('',(13.30851253938,64.672793002013,
    -2.775155165097));
#9148 = CARTESIAN_POINT('',(8.813918607126,61.986711609138,
    -2.775155165097));
#9149 = CARTESIAN_POINT('',(4.319324674872,59.300630216264,
    -2.775155165097));
#9150 = CARTESIAN_POINT('',(7.005406067746,54.80603628401,
    -2.775155165097));
#9151 = CARTESIAN_POINT('',(9.69148746062,50.311442351756,
    -2.775155165097));
#9152 = CARTESIAN_POINT('',(14.186081392874,52.997523744631,
    -2.775155165097));
#9153 = CARTESIAN_POINT('',(12.768195603631,55.370058278344,
    -4.157121176347));
#9154 = CARTESIAN_POINT('',(14.890255002171,56.638253881976,
    -4.157121176347));
#9155 = CARTESIAN_POINT('',(13.62205939854,58.760313280516,
    -4.157121176347));
#9156 = CARTESIAN_POINT('',(12.353863794909,60.882372679056,
    -4.157121176347));
#9157 = CARTESIAN_POINT('',(10.231804396369,59.614177075424,
    -4.157121176347));
#9158 = CARTESIAN_POINT('',(8.109744997829,58.345981471793,
    -4.157121176347));
#9159 = CARTESIAN_POINT('',(9.37794060146,56.223922073253,
    -4.157121176347));
#9160 = CARTESIAN_POINT('',(10.646136205091,54.101862674713,
    -4.157121176347));
#9161 = CARTESIAN_POINT('',(12.768195603631,55.370058278344,
    -4.157121176347));
#9162 = CARTESIAN_POINT('',(11.5,57.492117676884,-2.303019210097));
#9163 = CARTESIAN_POINT('',(11.5,57.492117676884,-2.303019210097));
#9164 = CARTESIAN_POINT('',(11.5,57.492117676884,-2.303019210097));
#9165 = CARTESIAN_POINT('',(11.5,57.492117676884,-2.303019210097));
#9166 = CARTESIAN_POINT('',(11.5,57.492117676884,-2.303019210097));
#9167 = CARTESIAN_POINT('',(11.5,57.492117676884,-2.303019210097));
#9168 = CARTESIAN_POINT('',(11.5,57.492117676884,-2.303019210097));
#9169 = CARTESIAN_POINT('',(11.5,57.492117676884,-2.303019210097));
#9170 = CARTESIAN_POINT('',(11.5,57.492117676884,-2.303019210097));
#9171 = ADVANCED_FACE('',(#9172),#9190,.F.);
#9172 = FACE_BOUND('',#9173,.T.);
#9173 = EDGE_LOOP('',(#9174,#9175,#9183));
#9174 = ORIENTED_EDGE('',*,*,#8975,.T.);
#9175 = ORIENTED_EDGE('',*,*,#9176,.F.);
#9176 = EDGE_CURVE('',#9177,#8967,#9179,.T.);
#9177 = VERTEX_POINT('',#9178);
#9178 = CARTESIAN_POINT('',(19.160039576534,56.708667815099,8.4));
#9179 = LINE('',#9180,#9181);
#9180 = CARTESIAN_POINT('',(19.160039576534,56.708667815099,8.4));
#9181 = VECTOR('',#9182,1.);
#9182 = DIRECTION('',(-0.999996450211,2.664500823407E-03,0.));
#9183 = ORIENTED_EDGE('',*,*,#9184,.F.);
#9184 = EDGE_CURVE('',#8976,#9177,#9185,.T.);
#9185 = ELLIPSE('',#9186,22.513293881256,7.7);
#9186 = AXIS2_PLACEMENT_3D('',#9187,#9188,#9189);
#9187 = CARTESIAN_POINT('',(11.5,57.492117676884,6.303573349939));
#9188 = DIRECTION('',(-2.503811761836E-03,-0.939689285076,
    -0.342020143326));
#9189 = DIRECTION('',(9.11312953514E-04,0.342018929226,-0.939692620786)
  );
#9190 = PLANE('',#9191);
#9191 = AXIS2_PLACEMENT_3D('',#9192,#9193,#9194);
#9192 = CARTESIAN_POINT('',(11.499906485532,57.457021371057,6.4));
#9193 = DIRECTION('',(-2.503811761836E-03,-0.939689285076,
    -0.342020143326));
#9194 = DIRECTION('',(9.11312953514E-04,0.342018929226,-0.939692620786)
  );
#9195 = ADVANCED_FACE('',(#9196,#9216),#9235,.F.);
#9196 = FACE_BOUND('',#9197,.T.);
#9197 = EDGE_LOOP('',(#9198,#9209));
#9198 = ORIENTED_EDGE('',*,*,#9199,.F.);
#9199 = EDGE_CURVE('',#9200,#9202,#9204,.T.);
#9200 = VERTEX_POINT('',#9201);
#9201 = CARTESIAN_POINT('',(19.999969826797,57.469469419886,8.4));
#9202 = VERTEX_POINT('',#9203);
#9203 = CARTESIAN_POINT('',(20.,57.492117676885,8.4));
#9204 = CIRCLE('',#9205,8.5);
#9205 = AXIS2_PLACEMENT_3D('',#9206,#9207,#9208);
#9206 = CARTESIAN_POINT('',(11.5,57.492117676884,8.4));
#9207 = DIRECTION('',(1.220884E-16,-3.253058E-19,1.));
#9208 = DIRECTION('',(-0.999996450211,2.66450082341E-03,
    1.220888333896E-16));
#9209 = ORIENTED_EDGE('',*,*,#9210,.F.);
#9210 = EDGE_CURVE('',#9202,#9200,#9211,.T.);
#9211 = CIRCLE('',#9212,8.5);
#9212 = AXIS2_PLACEMENT_3D('',#9213,#9214,#9215);
#9213 = CARTESIAN_POINT('',(11.5,57.492117676884,8.4));
#9214 = DIRECTION('',(1.220884E-16,-3.253058E-19,1.));
#9215 = DIRECTION('',(-0.999996450211,2.66450082341E-03,
    1.220888333896E-16));
#9216 = FACE_BOUND('',#9217,.T.);
#9217 = EDGE_LOOP('',(#9218,#9219,#9227,#9234));
#9218 = ORIENTED_EDGE('',*,*,#8966,.F.);
#9219 = ORIENTED_EDGE('',*,*,#9220,.T.);
#9220 = EDGE_CURVE('',#8956,#9221,#9223,.T.);
#9221 = VERTEX_POINT('',#9222);
#9222 = CARTESIAN_POINT('',(19.199986196585,57.506697539491,8.4));
#9223 = LINE('',#9224,#9225);
#9224 = CARTESIAN_POINT('',(18.9999847736,57.507230445339,8.4));
#9225 = VECTOR('',#9226,1.);
#9226 = DIRECTION('',(0.999996450211,-2.66450082342E-03,0.));
#9227 = ORIENTED_EDGE('',*,*,#9228,.T.);
#9228 = EDGE_CURVE('',#9221,#9177,#9229,.T.);
#9229 = CIRCLE('',#9230,7.7);
#9230 = AXIS2_PLACEMENT_3D('',#9231,#9232,#9233);
#9231 = CARTESIAN_POINT('',(11.5,57.492117676884,8.4));
#9232 = DIRECTION('',(1.220884E-16,-3.253058E-19,1.));
#9233 = DIRECTION('',(-0.999996450211,2.66450082341E-03,
    1.220888333896E-16));
#9234 = ORIENTED_EDGE('',*,*,#9176,.T.);
#9235 = PLANE('',#9236);
#9236 = AXIS2_PLACEMENT_3D('',#9237,#9238,#9239);
#9237 = CARTESIAN_POINT('',(11.5,57.492117676884,8.4));
#9238 = DIRECTION('',(0.,0.,1.));
#9239 = DIRECTION('',(-0.999996450211,2.66450082341E-03,0.));
#9240 = ADVANCED_FACE('',(#9241),#9260,.T.);
#9241 = FACE_BOUND('',#9242,.T.);
#9242 = EDGE_LOOP('',(#9243,#9244,#9251,#9258,#9259));
#9243 = ORIENTED_EDGE('',*,*,#9199,.T.);
#9244 = ORIENTED_EDGE('',*,*,#9245,.F.);
#9245 = EDGE_CURVE('',#9246,#9202,#9248,.T.);
#9246 = VERTEX_POINT('',#9247);
#9247 = CARTESIAN_POINT('',(20.,57.492117676884,10.));
#9248 = B_SPLINE_CURVE_WITH_KNOTS('',1,(#9249,#9250),.UNSPECIFIED.,.F.,
  .F.,(2,2),(1.7763568394E-15,1.6),.PIECEWISE_BEZIER_KNOTS.);
#9249 = CARTESIAN_POINT('',(20.,57.492117676885,10.));
#9250 = CARTESIAN_POINT('',(20.,57.492117676885,8.4));
#9251 = ORIENTED_EDGE('',*,*,#9252,.F.);
#9252 = EDGE_CURVE('',#9246,#9246,#9253,.T.);
#9253 = CIRCLE('',#9254,8.5);
#9254 = AXIS2_PLACEMENT_3D('',#9255,#9256,#9257);
#9255 = CARTESIAN_POINT('',(11.5,57.492117676884,10.));
#9256 = DIRECTION('',(1.220884E-16,-3.253058E-19,1.));
#9257 = DIRECTION('',(-0.999996450211,2.66450082341E-03,
    1.220888333896E-16));
#9258 = ORIENTED_EDGE('',*,*,#9245,.T.);
#9259 = ORIENTED_EDGE('',*,*,#9210,.T.);
#9260 = CYLINDRICAL_SURFACE('',#9261,8.5);
#9261 = AXIS2_PLACEMENT_3D('',#9262,#9263,#9264);
#9262 = CARTESIAN_POINT('',(11.5,57.492117676884,10.));
#9263 = DIRECTION('',(-1.220893E-16,3.081488E-31,-1.));
#9264 = DIRECTION('',(-0.999996450211,2.66450082341E-03,
    1.220888666088E-16));
#9265 = ADVANCED_FACE('',(#9266),#9277,.F.);
#9266 = FACE_BOUND('',#9267,.T.);
#9267 = EDGE_LOOP('',(#9268,#9269,#9276));
#9268 = ORIENTED_EDGE('',*,*,#8955,.T.);
#9269 = ORIENTED_EDGE('',*,*,#9270,.F.);
#9270 = EDGE_CURVE('',#9221,#8947,#9271,.T.);
#9271 = ELLIPSE('',#9272,22.513293881256,7.7);
#9272 = AXIS2_PLACEMENT_3D('',#9273,#9274,#9275);
#9273 = CARTESIAN_POINT('',(11.5,57.492117676884,8.496426650061));
#9274 = DIRECTION('',(2.503811761836E-03,0.939689285076,0.342020143326)
  );
#9275 = DIRECTION('',(9.11312953514E-04,0.342018929226,-0.939692620786)
  );
#9276 = ORIENTED_EDGE('',*,*,#9220,.F.);
#9277 = PLANE('',#9278);
#9278 = AXIS2_PLACEMENT_3D('',#9279,#9280,#9281);
#9279 = CARTESIAN_POINT('',(11.500093514468,57.527213982712,8.4));
#9280 = DIRECTION('',(2.503811761836E-03,0.939689285076,0.342020143326)
  );
#9281 = DIRECTION('',(-9.11312953514E-04,-0.342018929226,0.939692620786)
  );
#9282 = ADVANCED_FACE('',(#9283),#9290,.T.);
#9283 = FACE_BOUND('',#9284,.T.);
#9284 = EDGE_LOOP('',(#9285,#9286,#9287,#9288,#9289));
#9285 = ORIENTED_EDGE('',*,*,#8946,.T.);
#9286 = ORIENTED_EDGE('',*,*,#8986,.T.);
#9287 = ORIENTED_EDGE('',*,*,#9184,.T.);
#9288 = ORIENTED_EDGE('',*,*,#9228,.F.);
#9289 = ORIENTED_EDGE('',*,*,#9270,.T.);
#9290 = CYLINDRICAL_SURFACE('',#9291,7.7);
#9291 = AXIS2_PLACEMENT_3D('',#9292,#9293,#9294);
#9292 = CARTESIAN_POINT('',(11.5,57.492117676884,8.4));
#9293 = DIRECTION('',(-1.220893E-16,3.081488E-31,-1.));
#9294 = DIRECTION('',(-0.999996450211,2.66450082341E-03,
    1.220888666088E-16));
#9295 = ADVANCED_FACE('',(#9296),#9376,.T.);
#9296 = FACE_BOUND('',#9297,.T.);
#9297 = EDGE_LOOP('',(#9298,#9309,#9321,#9330,#9337,#9338,#9347,#9358,
    #9367));
#9298 = ORIENTED_EDGE('',*,*,#9299,.F.);
#9299 = EDGE_CURVE('',#9300,#9302,#9304,.T.);
#9300 = VERTEX_POINT('',#9301);
#9301 = CARTESIAN_POINT('',(-5.003125,61.624987773364,8.358257569496));
#9302 = VERTEX_POINT('',#9303);
#9303 = CARTESIAN_POINT('',(-3.838422147966,56.72385677249,
    8.358257569496));
#9304 = CIRCLE('',#9305,7.7);
#9305 = AXIS2_PLACEMENT_3D('',#9306,#9307,#9308);
#9306 = CARTESIAN_POINT('',(-11.5,57.492117676884,8.358257569496));
#9307 = DIRECTION('',(1.220884E-16,-3.253058E-19,1.));
#9308 = DIRECTION('',(-0.999996450211,2.66450082341E-03,
    1.220888333896E-16));
#9309 = ORIENTED_EDGE('',*,*,#9310,.T.);
#9310 = EDGE_CURVE('',#9300,#9311,#9313,.T.);
#9311 = VERTEX_POINT('',#9312);
#9312 = CARTESIAN_POINT('',(-4.75,61.786008686214,7.9));
#9313 = ( BOUNDED_CURVE() B_SPLINE_CURVE(6,(#9314,#9315,#9316,#9317,
#9318,#9319,#9320),.UNSPECIFIED.,.F.,.F.) B_SPLINE_CURVE_WITH_KNOTS((7,7
),(5.123905826452,6.28318530718),.PIECEWISE_BEZIER_KNOTS.) CURVE() 
GEOMETRIC_REPRESENTATION_ITEM() RATIONAL_B_SPLINE_CURVE((1.016961560722,
    1.005525804429,0.998872052247,0.9966802829,0.998872052247,
1.005525804429,1.016961560722)) REPRESENTATION_ITEM('') );
#9314 = CARTESIAN_POINT('',(-5.003125,61.624987773364,8.358257569496));
#9315 = CARTESIAN_POINT('',(-4.927568588113,61.673051624875,
    8.319175469832));
#9316 = CARTESIAN_POINT('',(-4.860754521544,61.715554190762,
    8.259733746761));
#9317 = CARTESIAN_POINT('',(-4.806875070995,61.749828633473,
    8.183198273578));
#9318 = CARTESIAN_POINT('',(-4.769241231348,61.773768723208,
    8.094058061064));
#9319 = CARTESIAN_POINT('',(-4.75,61.786008686214,7.99770524916));
#9320 = CARTESIAN_POINT('',(-4.75,61.786008686214,7.9));
#9321 = ORIENTED_EDGE('',*,*,#9322,.T.);
#9322 = EDGE_CURVE('',#9311,#9323,#9325,.T.);
#9323 = VERTEX_POINT('',#9324);
#9324 = CARTESIAN_POINT('',(-18.36712846596,53.388150494767,7.9));
#9325 = CIRCLE('',#9326,8.);
#9326 = AXIS2_PLACEMENT_3D('',#9327,#9328,#9329);
#9327 = CARTESIAN_POINT('',(-11.5,57.492117676884,7.9));
#9328 = DIRECTION('',(1.06955E-16,6.391895E-17,1.));
#9329 = DIRECTION('',(0.858391058246,0.512995897765,-1.245993747741E-16)
  );
#9330 = ORIENTED_EDGE('',*,*,#9331,.T.);
#9331 = EDGE_CURVE('',#9323,#9311,#9332,.T.);
#9332 = CIRCLE('',#9333,8.);
#9333 = AXIS2_PLACEMENT_3D('',#9334,#9335,#9336);
#9334 = CARTESIAN_POINT('',(-11.5,57.492117676884,7.9));
#9335 = DIRECTION('',(1.06955E-16,6.391895E-17,1.));
#9336 = DIRECTION('',(0.858391058246,0.512995897765,-1.245993747741E-16)
  );
#9337 = ORIENTED_EDGE('',*,*,#9310,.F.);
#9338 = ORIENTED_EDGE('',*,*,#9339,.F.);
#9339 = EDGE_CURVE('',#9340,#9300,#9342,.T.);
#9340 = VERTEX_POINT('',#9341);
#9341 = CARTESIAN_POINT('',(-3.800057560841,57.521890712225,
    8.358257569496));
#9342 = CIRCLE('',#9343,7.7);
#9343 = AXIS2_PLACEMENT_3D('',#9344,#9345,#9346);
#9344 = CARTESIAN_POINT('',(-11.5,57.492117676884,8.358257569496));
#9345 = DIRECTION('',(1.220884E-16,-3.253058E-19,1.));
#9346 = DIRECTION('',(-0.999996450211,2.66450082341E-03,
    1.220888333896E-16));
#9347 = ORIENTED_EDGE('',*,*,#9348,.F.);
#9348 = EDGE_CURVE('',#9349,#9340,#9351,.T.);
#9349 = VERTEX_POINT('',#9350);
#9350 = CARTESIAN_POINT('',(-4.0000152264,57.507230445339,8.4));
#9351 = B_SPLINE_CURVE_WITH_KNOTS('',3,(#9352,#9353,#9354,#9355,#9356,
    #9357),.UNSPECIFIED.,.F.,.F.,(4,2,4),(0.229499468813,0.247669978945,
    0.249030548165),.UNSPECIFIED.);
#9352 = CARTESIAN_POINT('',(-4.0000152264,57.507230445339,8.4));
#9353 = CARTESIAN_POINT('',(-3.939447074296,57.507069060875,8.4));
#9354 = CARTESIAN_POINT('',(-3.868282357429,57.511954173003,
    8.386057339981));
#9355 = CARTESIAN_POINT('',(-3.808464648781,57.520602098616,
    8.361859539117));
#9356 = CARTESIAN_POINT('',(-3.804269443859,57.521232477087,
    8.360096883001));
#9357 = CARTESIAN_POINT('',(-3.800057560841,57.521890712225,
    8.358257569496));
#9358 = ORIENTED_EDGE('',*,*,#9359,.T.);
#9359 = EDGE_CURVE('',#9349,#9360,#9362,.T.);
#9360 = VERTEX_POINT('',#9361);
#9361 = CARTESIAN_POINT('',(-4.040975581915,56.709203422056,8.4));
#9362 = CIRCLE('',#9363,7.5);
#9363 = AXIS2_PLACEMENT_3D('',#9364,#9365,#9366);
#9364 = CARTESIAN_POINT('',(-11.5,57.492117676884,8.4));
#9365 = DIRECTION('',(0.,0.,-1.));
#9366 = DIRECTION('',(-1.,0.,0.));
#9367 = ORIENTED_EDGE('',*,*,#9368,.F.);
#9368 = EDGE_CURVE('',#9302,#9360,#9369,.T.);
#9369 = B_SPLINE_CURVE_WITH_KNOTS('',3,(#9370,#9371,#9372,#9373,#9374,
    #9375),.UNSPECIFIED.,.F.,.F.,(4,2,4),(5.759589272813E-02,
    5.902454843856E-02,7.736043579723E-02),.UNSPECIFIED.);
#9370 = CARTESIAN_POINT('',(-3.838422147966,56.72385677249,
    8.358257569496));
#9371 = CARTESIAN_POINT('',(-3.842864223299,56.723177274354,
    8.360156987558));
#9372 = CARTESIAN_POINT('',(-3.847286863074,56.722527266835,
    8.361975238825));
#9373 = CARTESIAN_POINT('',(-3.908028215786,56.713944429701,
    8.386000972876));
#9374 = CARTESIAN_POINT('',(-3.979856174348,56.709040568766,8.4));
#9375 = CARTESIAN_POINT('',(-4.040975581915,56.709203422056,8.4));
#9376 = TOROIDAL_SURFACE('',#9377,7.5,0.5);
#9377 = AXIS2_PLACEMENT_3D('',#9378,#9379,#9380);
#9378 = CARTESIAN_POINT('',(-11.5,57.492117676884,7.9));
#9379 = DIRECTION('',(-1.104168E-16,-5.812637E-17,-1.));
#9380 = DIRECTION('',(-0.512995897765,0.858391058246,6.748209188002E-18)
  );
#9381 = ADVANCED_FACE('',(#9382),#9401,.T.);
#9382 = FACE_BOUND('',#9383,.T.);
#9383 = EDGE_LOOP('',(#9384,#9385,#9392,#9399,#9400));
#9384 = ORIENTED_EDGE('',*,*,#9331,.F.);
#9385 = ORIENTED_EDGE('',*,*,#9386,.T.);
#9386 = EDGE_CURVE('',#9323,#9387,#9389,.T.);
#9387 = VERTEX_POINT('',#9388);
#9388 = CARTESIAN_POINT('',(-18.36712846596,53.388150494767,
    1.696980789903));
#9389 = B_SPLINE_CURVE_WITH_KNOTS('',1,(#9390,#9391),.UNSPECIFIED.,.F.,
  .F.,(2,2),(-4.5,1.703019210097),.PIECEWISE_BEZIER_KNOTS.);
#9390 = CARTESIAN_POINT('',(-18.36712846596,53.388150494767,7.9));
#9391 = CARTESIAN_POINT('',(-18.36712846596,53.388150494767,
    1.696980789903));
#9392 = ORIENTED_EDGE('',*,*,#9393,.F.);
#9393 = EDGE_CURVE('',#9387,#9387,#9394,.T.);
#9394 = CIRCLE('',#9395,8.);
#9395 = AXIS2_PLACEMENT_3D('',#9396,#9397,#9398);
#9396 = CARTESIAN_POINT('',(-11.5,57.492117676884,1.696980789903));
#9397 = DIRECTION('',(-1.06955E-16,-6.391895E-17,-1.));
#9398 = DIRECTION('',(0.858391058246,0.512995897765,-1.245993747741E-16)
  );
#9399 = ORIENTED_EDGE('',*,*,#9386,.F.);
#9400 = ORIENTED_EDGE('',*,*,#9322,.F.);
#9401 = CYLINDRICAL_SURFACE('',#9402,8.);
#9402 = AXIS2_PLACEMENT_3D('',#9403,#9404,#9405);
#9403 = CARTESIAN_POINT('',(-11.5,57.492117676884,3.4));
#9404 = DIRECTION('',(-1.104168E-16,-5.812637E-17,-1.));
#9405 = DIRECTION('',(-0.858391058246,-0.512995897765,1.245993831621E-16
    ));
#9406 = ADVANCED_FACE('',(#9407),#9434,.T.);
#9407 = FACE_BOUND('',#9408,.T.);
#9408 = EDGE_LOOP('',(#9409,#9418,#9426,#9433));
#9409 = ORIENTED_EDGE('',*,*,#9410,.T.);
#9410 = EDGE_CURVE('',#9411,#9411,#9413,.T.);
#9411 = VERTEX_POINT('',#9412);
#9412 = CARTESIAN_POINT('',(-12.84422734097,56.688773903717,
    -4.357435090054));
#9413 = CIRCLE('',#9414,1.565984789874);
#9414 = AXIS2_PLACEMENT_3D('',#9415,#9416,#9417);
#9415 = CARTESIAN_POINT('',(-11.5,57.492117676884,-4.357435090054));
#9416 = DIRECTION('',(-1.06955E-16,-6.391895E-17,-1.));
#9417 = DIRECTION('',(0.858391058246,0.512995897765,-1.245993747741E-16)
  );
#9418 = ORIENTED_EDGE('',*,*,#9419,.T.);
#9419 = EDGE_CURVE('',#9411,#9420,#9422,.T.);
#9420 = VERTEX_POINT('',#9421);
#9421 = CARTESIAN_POINT('',(-11.82981693026,57.295010856382,-4.6));
#9422 = ( BOUNDED_CURVE() B_SPLINE_CURVE(2,(#9423,#9424,#9425),
.UNSPECIFIED.,.F.,.F.) B_SPLINE_CURVE_WITH_KNOTS((3,3),(1.16590454051,
1.570195468044),.PIECEWISE_BEZIER_KNOTS.) CURVE() 
GEOMETRIC_REPRESENTATION_ITEM() RATIONAL_B_SPLINE_CURVE((1.,
0.973207266551,0.987035756916)) REPRESENTATION_ITEM('') );
#9423 = CARTESIAN_POINT('',(-12.84422734097,56.688773903717,
    -4.357435090054));
#9424 = CARTESIAN_POINT('',(-12.35839105824,56.97912177912,-4.6));
#9425 = CARTESIAN_POINT('',(-11.82981693026,57.295010856382,-4.6));
#9426 = ORIENTED_EDGE('',*,*,#9427,.T.);
#9427 = EDGE_CURVE('',#9420,#9420,#9428,.T.);
#9428 = CIRCLE('',#9429,0.384226894136);
#9429 = AXIS2_PLACEMENT_3D('',#9430,#9431,#9432);
#9430 = CARTESIAN_POINT('',(-11.5,57.492117676884,-4.6));
#9431 = DIRECTION('',(1.06955E-16,6.391895E-17,1.));
#9432 = DIRECTION('',(0.858391058246,0.512995897765,-1.245993747741E-16)
  );
#9433 = ORIENTED_EDGE('',*,*,#9419,.F.);
#9434 = ( BOUNDED_SURFACE() B_SPLINE_SURFACE(2,2,(
    (#9435,#9436,#9437,#9438,#9439,#9440,#9441,#9442,#9443)
    ,(#9444,#9445,#9446,#9447,#9448,#9449,#9450,#9451,#9452)
    ,(#9453,#9454,#9455,#9456,#9457,#9458,#9459,#9460,#9461
)),.UNSPECIFIED.,.F.,.T.,.F.) B_SPLINE_SURFACE_WITH_KNOTS((3,3),(1,2,2,2
    ,2,2,1),(1.16590454051,1.699224713569),(-1.570796326795,0.,
    1.570796326795,3.14159265359,4.712388980385,6.28318530718,
7.853981633974),.UNSPECIFIED.) GEOMETRIC_REPRESENTATION_ITEM() 
RATIONAL_B_SPLINE_SURFACE((
    (1.,0.707106781187,1.,0.707106781187,1.,0.707106781187,1.
      ,0.707106781187,1.)
    ,(0.96465637919,0.68211506724,0.96465637919,0.68211506724
      ,0.96465637919,0.68211506724,0.96465637919,0.68211506724
      ,0.96465637919)
    ,(1.,0.707106781187,1.,0.707106781187,1.,0.707106781187,1.
,0.707106781187,1.))) REPRESENTATION_ITEM('') SURFACE() );
#9435 = CARTESIAN_POINT('',(-10.69665622683,56.147890335908,
    -4.357435090054));
#9436 = CARTESIAN_POINT('',(-9.352428885856,56.951234109075,
    -4.357435090054));
#9437 = CARTESIAN_POINT('',(-10.15577265902,58.295461450051,
    -4.357435090054));
#9438 = CARTESIAN_POINT('',(-10.95911643219,59.639688791028,
    -4.357435090054));
#9439 = CARTESIAN_POINT('',(-12.30334377316,58.836345017861,
    -4.357435090054));
#9440 = CARTESIAN_POINT('',(-13.64757111414,58.033001244694,
    -4.357435090054));
#9441 = CARTESIAN_POINT('',(-12.84422734097,56.688773903717,
    -4.357435090054));
#9442 = CARTESIAN_POINT('',(-12.04088356781,55.344546562741,
    -4.357435090054));
#9443 = CARTESIAN_POINT('',(-10.69665622683,56.147890335908,
    -4.357435090054));
#9444 = CARTESIAN_POINT('',(-11.08306356955,56.794461993259,
    -4.680250823283));
#9445 = CARTESIAN_POINT('',(-10.38540788592,57.211398423705,
    -4.680250823283));
#9446 = CARTESIAN_POINT('',(-10.80234431637,57.909054107331,
    -4.680250823283));
#9447 = CARTESIAN_POINT('',(-11.21928074682,58.606709790956,
    -4.680250823283));
#9448 = CARTESIAN_POINT('',(-11.91693643044,58.18977336051,
    -4.680250823283));
#9449 = CARTESIAN_POINT('',(-12.61459211407,57.772836930064,
    -4.680250823283));
#9450 = CARTESIAN_POINT('',(-12.19765568362,57.075181246438,
    -4.680250823283));
#9451 = CARTESIAN_POINT('',(-11.78071925317,56.377525562813,
    -4.680250823283));
#9452 = CARTESIAN_POINT('',(-11.08306356955,56.794461993259,
    -4.680250823283));
#9453 = CARTESIAN_POINT('',(-11.5,57.492117676884,-4.575293211403));
#9454 = CARTESIAN_POINT('',(-11.5,57.492117676884,-4.575293211403));
#9455 = CARTESIAN_POINT('',(-11.5,57.492117676884,-4.575293211403));
#9456 = CARTESIAN_POINT('',(-11.5,57.492117676884,-4.575293211403));
#9457 = CARTESIAN_POINT('',(-11.5,57.492117676884,-4.575293211403));
#9458 = CARTESIAN_POINT('',(-11.5,57.492117676884,-4.575293211403));
#9459 = CARTESIAN_POINT('',(-11.5,57.492117676884,-4.575293211403));
#9460 = CARTESIAN_POINT('',(-11.5,57.492117676884,-4.575293211403));
#9461 = CARTESIAN_POINT('',(-11.5,57.492117676884,-4.575293211403));
#9462 = ADVANCED_FACE('',(#9463),#9481,.T.);
#9463 = FACE_BOUND('',#9464,.T.);
#9464 = EDGE_LOOP('',(#9465,#9474,#9479,#9480));
#9465 = ORIENTED_EDGE('',*,*,#9466,.F.);
#9466 = EDGE_CURVE('',#9467,#9467,#9469,.T.);
#9467 = VERTEX_POINT('',#9468);
#9468 = CARTESIAN_POINT('',(-15.76585719259,54.942735062483,
    -2.898744360188));
#9469 = CIRCLE('',#9470,4.969596492896);
#9470 = AXIS2_PLACEMENT_3D('',#9471,#9472,#9473);
#9471 = CARTESIAN_POINT('',(-11.5,57.492117676884,-2.898744360188));
#9472 = DIRECTION('',(1.06955E-16,6.391895E-17,1.));
#9473 = DIRECTION('',(0.858391058246,0.512995897765,-1.245993747741E-16)
  );
#9474 = ORIENTED_EDGE('',*,*,#9475,.F.);
#9475 = EDGE_CURVE('',#9411,#9467,#9476,.T.);
#9476 = B_SPLINE_CURVE_WITH_KNOTS('',1,(#9477,#9478),.UNSPECIFIED.,.F.,
  .F.,(2,2),(-3.192113447068,0.510905763029),.PIECEWISE_BEZIER_KNOTS.);
#9477 = CARTESIAN_POINT('',(-12.84422734241,56.688773902858,
    -4.357435093963));
#9478 = CARTESIAN_POINT('',(-15.76585719236,54.942735062621,
    -2.898744359562));
#9479 = ORIENTED_EDGE('',*,*,#9410,.F.);
#9480 = ORIENTED_EDGE('',*,*,#9475,.T.);
#9481 = CONICAL_SURFACE('',#9482,4.5,1.165904539178);
#9482 = AXIS2_PLACEMENT_3D('',#9483,#9484,#9485);
#9483 = CARTESIAN_POINT('',(-11.5,57.492117676884,-3.1));
#9484 = DIRECTION('',(1.104168E-16,5.812637E-17,1.));
#9485 = DIRECTION('',(-0.858391058246,-0.512995897765,1.245993831621E-16
    ));
#9486 = ADVANCED_FACE('',(#9487),#9490,.T.);
#9487 = FACE_BOUND('',#9488,.T.);
#9488 = EDGE_LOOP('',(#9489));
#9489 = ORIENTED_EDGE('',*,*,#9427,.F.);
#9490 = PLANE('',#9491);
#9491 = AXIS2_PLACEMENT_3D('',#9492,#9493,#9494);
#9492 = CARTESIAN_POINT('',(-11.92919552912,57.235619728002,-4.6));
#9493 = DIRECTION('',(0.,0.,-1.));
#9494 = DIRECTION('',(-0.512995897765,0.858391058246,0.));
#9495 = ADVANCED_FACE('',(#9496),#9509,.T.);
#9496 = FACE_BOUND('',#9497,.T.);
#9497 = EDGE_LOOP('',(#9498,#9499,#9507,#9508));
#9498 = ORIENTED_EDGE('',*,*,#9393,.T.);
#9499 = ORIENTED_EDGE('',*,*,#9500,.T.);
#9500 = EDGE_CURVE('',#9387,#9467,#9501,.T.);
#9501 = ( BOUNDED_CURVE() B_SPLINE_CURVE(2,(#9502,#9503,#9504,#9505,
#9506),.UNSPECIFIED.,.F.,.F.) B_SPLINE_CURVE_WITH_KNOTS((3,2,3),(
    -1.93505440908E-16,1.107148717794,1.16852176712),.UNSPECIFIED.) 
CURVE() GEOMETRIC_REPRESENTATION_ITEM() RATIONAL_B_SPLINE_CURVE((1.,
    0.850650808352,1.,0.991721062258,0.984359984323)) 
REPRESENTATION_ITEM('') );
#9502 = CARTESIAN_POINT('',(-18.36712846596,53.388150494767,
    1.696980789903));
#9503 = CARTESIAN_POINT('',(-18.36712846596,53.388150494767,
    -1.393189153847));
#9504 = CARTESIAN_POINT('',(-15.99459393225,54.80603628401,
    -2.775155165097));
#9505 = CARTESIAN_POINT('',(-15.88178433076,54.873454114426,
    -2.84086507692));
#9506 = CARTESIAN_POINT('',(-15.76585719259,54.942735062483,
    -2.898744360188));
#9507 = ORIENTED_EDGE('',*,*,#9466,.T.);
#9508 = ORIENTED_EDGE('',*,*,#9500,.F.);
#9509 = ( BOUNDED_SURFACE() B_SPLINE_SURFACE(2,2,(
    (#9510,#9511,#9512,#9513,#9514,#9515,#9516,#9517,#9518)
    ,(#9519,#9520,#9521,#9522,#9523,#9524,#9525,#9526,#9527)
    ,(#9528,#9529,#9530,#9531,#9532,#9533,#9534,#9535,#9536)
    ,(#9537,#9538,#9539,#9540,#9541,#9542,#9543,#9544,#9545)
    ,(#9546,#9547,#9548,#9549,#9550,#9551,#9552,#9553,#9554
)),.UNSPECIFIED.,.F.,.T.,.F.) B_SPLINE_SURFACE_WITH_KNOTS((3,2,3),(1,2,2
    ,2,2,2,1),(-4.473047E-16,1.107148717794,2.214297435588),(
    -1.570796326795,0.,1.570796326795,3.14159265359,4.712388980385,
    6.28318530718,7.853981633974),.UNSPECIFIED.) 
GEOMETRIC_REPRESENTATION_ITEM() RATIONAL_B_SPLINE_SURFACE((
    (1.,0.707106781187,1.,0.707106781187,1.,0.707106781187,1.
      ,0.707106781187,1.)
    ,(0.850650808352,0.601500955008,0.850650808352,0.601500955008
      ,0.850650808352,0.601500955008,0.850650808352,0.601500955008
      ,0.850650808352)
    ,(1.,0.707106781187,1.,0.707106781187,1.,0.707106781187,1.
      ,0.707106781187,1.)
    ,(0.850650808352,0.601500955008,0.850650808352,0.601500955008
      ,0.850650808352,0.601500955008,0.850650808352,0.601500955008
      ,0.850650808352)
    ,(1.,0.707106781187,1.,0.707106781187,1.,0.707106781187,1.
,0.707106781187,1.))) REPRESENTATION_ITEM('') SURFACE() );
#9510 = CARTESIAN_POINT('',(-7.396032817883,50.624989210917,
    1.696980789903));
#9511 = CARTESIAN_POINT('',(-0.528904351915,54.728956393034,
    1.696980789903));
#9512 = CARTESIAN_POINT('',(-4.632871534032,61.596084859002,
    1.696980789903));
#9513 = CARTESIAN_POINT('',(-8.736838716149,68.463213324969,
    1.696980789903));
#9514 = CARTESIAN_POINT('',(-15.60396718211,64.359246142852,
    1.696980789903));
#9515 = CARTESIAN_POINT('',(-22.47109564808,60.255278960735,
    1.696980789903));
#9516 = CARTESIAN_POINT('',(-18.36712846596,53.388150494767,
    1.696980789903));
#9517 = CARTESIAN_POINT('',(-14.26316128385,46.521022028799,
    1.696980789903));
#9518 = CARTESIAN_POINT('',(-7.396032817883,50.624989210917,
    1.696980789903));
#9519 = CARTESIAN_POINT('',(-7.396032817883,50.624989210917,
    -1.393189153847));
#9520 = CARTESIAN_POINT('',(-0.528904351915,54.728956393034,
    -1.393189153847));
#9521 = CARTESIAN_POINT('',(-4.632871534032,61.596084859002,
    -1.393189153847));
#9522 = CARTESIAN_POINT('',(-8.736838716149,68.463213324969,
    -1.393189153847));
#9523 = CARTESIAN_POINT('',(-15.60396718211,64.359246142852,
    -1.393189153847));
#9524 = CARTESIAN_POINT('',(-22.47109564808,60.255278960735,
    -1.393189153847));
#9525 = CARTESIAN_POINT('',(-18.36712846596,53.388150494767,
    -1.393189153847));
#9526 = CARTESIAN_POINT('',(-14.26316128385,46.521022028799,
    -1.393189153847));
#9527 = CARTESIAN_POINT('',(-7.396032817883,50.624989210917,
    -1.393189153847));
#9528 = CARTESIAN_POINT('',(-8.813918607126,52.997523744631,
    -2.775155165097));
#9529 = CARTESIAN_POINT('',(-4.319324674872,55.683605137505,
    -2.775155165097));
#9530 = CARTESIAN_POINT('',(-7.005406067746,60.178199069759,
    -2.775155165097));
#9531 = CARTESIAN_POINT('',(-9.69148746062,64.672793002013,
    -2.775155165097));
#9532 = CARTESIAN_POINT('',(-14.18608139287,61.986711609138,
    -2.775155165097));
#9533 = CARTESIAN_POINT('',(-18.68067532512,59.300630216264,
    -2.775155165097));
#9534 = CARTESIAN_POINT('',(-15.99459393225,54.80603628401,
    -2.775155165097));
#9535 = CARTESIAN_POINT('',(-13.30851253938,50.311442351756,
    -2.775155165097));
#9536 = CARTESIAN_POINT('',(-8.813918607126,52.997523744631,
    -2.775155165097));
#9537 = CARTESIAN_POINT('',(-10.23180439636,55.370058278344,
    -4.157121176347));
#9538 = CARTESIAN_POINT('',(-8.109744997829,56.638253881976,
    -4.157121176347));
#9539 = CARTESIAN_POINT('',(-9.37794060146,58.760313280516,
    -4.157121176347));
#9540 = CARTESIAN_POINT('',(-10.64613620509,60.882372679056,
    -4.157121176347));
#9541 = CARTESIAN_POINT('',(-12.76819560363,59.614177075424,
    -4.157121176347));
#9542 = CARTESIAN_POINT('',(-14.89025500217,58.345981471793,
    -4.157121176347));
#9543 = CARTESIAN_POINT('',(-13.62205939854,56.223922073253,
    -4.157121176347));
#9544 = CARTESIAN_POINT('',(-12.3538637949,54.101862674713,
    -4.157121176347));
#9545 = CARTESIAN_POINT('',(-10.23180439636,55.370058278344,
    -4.157121176347));
#9546 = CARTESIAN_POINT('',(-11.5,57.492117676884,-2.303019210097));
#9547 = CARTESIAN_POINT('',(-11.5,57.492117676884,-2.303019210097));
#9548 = CARTESIAN_POINT('',(-11.5,57.492117676884,-2.303019210097));
#9549 = CARTESIAN_POINT('',(-11.5,57.492117676884,-2.303019210097));
#9550 = CARTESIAN_POINT('',(-11.5,57.492117676884,-2.303019210097));
#9551 = CARTESIAN_POINT('',(-11.5,57.492117676884,-2.303019210097));
#9552 = CARTESIAN_POINT('',(-11.5,57.492117676884,-2.303019210097));
#9553 = CARTESIAN_POINT('',(-11.5,57.492117676884,-2.303019210097));
#9554 = CARTESIAN_POINT('',(-11.5,57.492117676884,-2.303019210097));
#9555 = ADVANCED_FACE('',(#9556),#9574,.F.);
#9556 = FACE_BOUND('',#9557,.T.);
#9557 = EDGE_LOOP('',(#9558,#9559,#9567));
#9558 = ORIENTED_EDGE('',*,*,#9368,.T.);
#9559 = ORIENTED_EDGE('',*,*,#9560,.F.);
#9560 = EDGE_CURVE('',#9561,#9360,#9563,.T.);
#9561 = VERTEX_POINT('',#9562);
#9562 = CARTESIAN_POINT('',(-3.839960423466,56.708667815099,8.4));
#9563 = LINE('',#9564,#9565);
#9564 = CARTESIAN_POINT('',(-3.839960423466,56.708667815099,8.4));
#9565 = VECTOR('',#9566,1.);
#9566 = DIRECTION('',(-0.999996450211,2.664500823407E-03,0.));
#9567 = ORIENTED_EDGE('',*,*,#9568,.F.);
#9568 = EDGE_CURVE('',#9302,#9561,#9569,.T.);
#9569 = ELLIPSE('',#9570,22.513293881256,7.7);
#9570 = AXIS2_PLACEMENT_3D('',#9571,#9572,#9573);
#9571 = CARTESIAN_POINT('',(-11.5,57.492117676884,6.303573349939));
#9572 = DIRECTION('',(-2.503811761836E-03,-0.939689285076,
    -0.342020143326));
#9573 = DIRECTION('',(9.11312953514E-04,0.342018929226,-0.939692620786)
  );
#9574 = PLANE('',#9575);
#9575 = AXIS2_PLACEMENT_3D('',#9576,#9577,#9578);
#9576 = CARTESIAN_POINT('',(-11.50009351446,57.457021371057,6.4));
#9577 = DIRECTION('',(-2.503811761836E-03,-0.939689285076,
    -0.342020143326));
#9578 = DIRECTION('',(9.11312953514E-04,0.342018929226,-0.939692620786)
  );
#9579 = ADVANCED_FACE('',(#9580,#9600),#9619,.F.);
#9580 = FACE_BOUND('',#9581,.T.);
#9581 = EDGE_LOOP('',(#9582,#9593));
#9582 = ORIENTED_EDGE('',*,*,#9583,.F.);
#9583 = EDGE_CURVE('',#9584,#9586,#9588,.T.);
#9584 = VERTEX_POINT('',#9585);
#9585 = CARTESIAN_POINT('',(-3.000030173203,57.469469419886,8.4));
#9586 = VERTEX_POINT('',#9587);
#9587 = CARTESIAN_POINT('',(-20.,57.492117676884,8.4));
#9588 = CIRCLE('',#9589,8.5);
#9589 = AXIS2_PLACEMENT_3D('',#9590,#9591,#9592);
#9590 = CARTESIAN_POINT('',(-11.5,57.492117676884,8.4));
#9591 = DIRECTION('',(1.220884E-16,-3.253058E-19,1.));
#9592 = DIRECTION('',(-0.999996450211,2.66450082341E-03,
    1.220888333896E-16));
#9593 = ORIENTED_EDGE('',*,*,#9594,.F.);
#9594 = EDGE_CURVE('',#9586,#9584,#9595,.T.);
#9595 = CIRCLE('',#9596,8.5);
#9596 = AXIS2_PLACEMENT_3D('',#9597,#9598,#9599);
#9597 = CARTESIAN_POINT('',(-11.5,57.492117676884,8.4));
#9598 = DIRECTION('',(1.220884E-16,-3.253058E-19,1.));
#9599 = DIRECTION('',(-0.999996450211,2.66450082341E-03,
    1.220888333896E-16));
#9600 = FACE_BOUND('',#9601,.T.);
#9601 = EDGE_LOOP('',(#9602,#9611,#9612,#9613));
#9602 = ORIENTED_EDGE('',*,*,#9603,.T.);
#9603 = EDGE_CURVE('',#9604,#9561,#9606,.T.);
#9604 = VERTEX_POINT('',#9605);
#9605 = CARTESIAN_POINT('',(-3.800013803415,57.506697539491,8.4));
#9606 = CIRCLE('',#9607,7.7);
#9607 = AXIS2_PLACEMENT_3D('',#9608,#9609,#9610);
#9608 = CARTESIAN_POINT('',(-11.5,57.492117676884,8.4));
#9609 = DIRECTION('',(1.220884E-16,-3.253058E-19,1.));
#9610 = DIRECTION('',(-0.999996450211,2.66450082341E-03,
    1.220888333896E-16));
#9611 = ORIENTED_EDGE('',*,*,#9560,.T.);
#9612 = ORIENTED_EDGE('',*,*,#9359,.F.);
#9613 = ORIENTED_EDGE('',*,*,#9614,.T.);
#9614 = EDGE_CURVE('',#9349,#9604,#9615,.T.);
#9615 = LINE('',#9616,#9617);
#9616 = CARTESIAN_POINT('',(-4.0000152264,57.507230445339,8.4));
#9617 = VECTOR('',#9618,1.);
#9618 = DIRECTION('',(0.999996450211,-2.66450082342E-03,0.));
#9619 = PLANE('',#9620);
#9620 = AXIS2_PLACEMENT_3D('',#9621,#9622,#9623);
#9621 = CARTESIAN_POINT('',(-11.5,57.492117676884,8.4));
#9622 = DIRECTION('',(0.,0.,1.));
#9623 = DIRECTION('',(-0.999996450211,2.66450082341E-03,0.));
#9624 = ADVANCED_FACE('',(#9625),#9644,.T.);
#9625 = FACE_BOUND('',#9626,.T.);
#9626 = EDGE_LOOP('',(#9627,#9636,#9641,#9642,#9643));
#9627 = ORIENTED_EDGE('',*,*,#9628,.F.);
#9628 = EDGE_CURVE('',#9629,#9629,#9631,.T.);
#9629 = VERTEX_POINT('',#9630);
#9630 = CARTESIAN_POINT('',(-20.,57.492117676884,10.));
#9631 = CIRCLE('',#9632,8.5);
#9632 = AXIS2_PLACEMENT_3D('',#9633,#9634,#9635);
#9633 = CARTESIAN_POINT('',(-11.5,57.492117676884,10.));
#9634 = DIRECTION('',(1.220884E-16,-3.253058E-19,1.));
#9635 = DIRECTION('',(-0.999996450211,2.66450082341E-03,
    1.220888333896E-16));
#9636 = ORIENTED_EDGE('',*,*,#9637,.T.);
#9637 = EDGE_CURVE('',#9629,#9586,#9638,.T.);
#9638 = B_SPLINE_CURVE_WITH_KNOTS('',1,(#9639,#9640),.UNSPECIFIED.,.F.,
  .F.,(2,2),(-3.552713678801E-15,1.6),.PIECEWISE_BEZIER_KNOTS.);
#9639 = CARTESIAN_POINT('',(-20.,57.492117676884,10.));
#9640 = CARTESIAN_POINT('',(-20.,57.492117676884,8.4));
#9641 = ORIENTED_EDGE('',*,*,#9594,.T.);
#9642 = ORIENTED_EDGE('',*,*,#9583,.T.);
#9643 = ORIENTED_EDGE('',*,*,#9637,.F.);
#9644 = CYLINDRICAL_SURFACE('',#9645,8.5);
#9645 = AXIS2_PLACEMENT_3D('',#9646,#9647,#9648);
#9646 = CARTESIAN_POINT('',(-11.5,57.492117676884,10.));
#9647 = DIRECTION('',(-1.220893E-16,3.081488E-31,-1.));
#9648 = DIRECTION('',(-0.999996450211,2.66450082341E-03,
    1.220888666088E-16));
#9649 = ADVANCED_FACE('',(#9650),#9661,.F.);
#9650 = FACE_BOUND('',#9651,.T.);
#9651 = EDGE_LOOP('',(#9652,#9653,#9660));
#9652 = ORIENTED_EDGE('',*,*,#9348,.T.);
#9653 = ORIENTED_EDGE('',*,*,#9654,.F.);
#9654 = EDGE_CURVE('',#9604,#9340,#9655,.T.);
#9655 = ELLIPSE('',#9656,22.513293881256,7.7);
#9656 = AXIS2_PLACEMENT_3D('',#9657,#9658,#9659);
#9657 = CARTESIAN_POINT('',(-11.5,57.492117676884,8.496426650061));
#9658 = DIRECTION('',(2.503811761836E-03,0.939689285076,0.342020143326)
  );
#9659 = DIRECTION('',(9.11312953514E-04,0.342018929226,-0.939692620786)
  );
#9660 = ORIENTED_EDGE('',*,*,#9614,.F.);
#9661 = PLANE('',#9662);
#9662 = AXIS2_PLACEMENT_3D('',#9663,#9664,#9665);
#9663 = CARTESIAN_POINT('',(-11.49990648553,57.527213982712,8.4));
#9664 = DIRECTION('',(2.503811761836E-03,0.939689285076,0.342020143326)
  );
#9665 = DIRECTION('',(-9.11312953514E-04,-0.342018929226,0.939692620786)
  );
#9666 = ADVANCED_FACE('',(#9667),#9674,.T.);
#9667 = FACE_BOUND('',#9668,.T.);
#9668 = EDGE_LOOP('',(#9669,#9670,#9671,#9672,#9673));
#9669 = ORIENTED_EDGE('',*,*,#9339,.T.);
#9670 = ORIENTED_EDGE('',*,*,#9299,.T.);
#9671 = ORIENTED_EDGE('',*,*,#9568,.T.);
#9672 = ORIENTED_EDGE('',*,*,#9603,.F.);
#9673 = ORIENTED_EDGE('',*,*,#9654,.T.);
#9674 = CYLINDRICAL_SURFACE('',#9675,7.7);
#9675 = AXIS2_PLACEMENT_3D('',#9676,#9677,#9678);
#9676 = CARTESIAN_POINT('',(-11.5,57.492117676884,8.4));
#9677 = DIRECTION('',(-1.220893E-16,3.081488E-31,-1.));
#9678 = DIRECTION('',(-0.999996450211,2.66450082341E-03,
    1.220888666088E-16));
#9679 = ADVANCED_FACE('',(#9680),#9707,.F.);
#9680 = FACE_BOUND('',#9681,.T.);
#9681 = EDGE_LOOP('',(#9682,#9690,#9698,#9704,#9705,#9706));
#9682 = ORIENTED_EDGE('',*,*,#9683,.F.);
#9683 = EDGE_CURVE('',#9684,#8731,#9686,.T.);
#9684 = VERTEX_POINT('',#9685);
#9685 = CARTESIAN_POINT('',(12.5,36.992117676884,66.));
#9686 = LINE('',#9687,#9688);
#9687 = CARTESIAN_POINT('',(12.5,36.992117676884,66.));
#9688 = VECTOR('',#9689,1.);
#9689 = DIRECTION('',(-0.707106781187,-0.707106781187,0.));
#9690 = ORIENTED_EDGE('',*,*,#9691,.F.);
#9691 = EDGE_CURVE('',#9692,#9684,#9694,.T.);
#9692 = VERTEX_POINT('',#9693);
#9693 = CARTESIAN_POINT('',(12.5,36.992117676884,148.));
#9694 = LINE('',#9695,#9696);
#9695 = CARTESIAN_POINT('',(12.5,36.992117676884,148.));
#9696 = VECTOR('',#9697,1.);
#9697 = DIRECTION('',(0.,0.,-1.));
#9698 = ORIENTED_EDGE('',*,*,#9699,.F.);
#9699 = EDGE_CURVE('',#8754,#9692,#9700,.T.);
#9700 = LINE('',#9701,#9702);
#9701 = CARTESIAN_POINT('',(12.,36.492117676884,148.));
#9702 = VECTOR('',#9703,1.);
#9703 = DIRECTION('',(0.707106781187,0.707106781187,0.));
#9704 = ORIENTED_EDGE('',*,*,#8753,.F.);
#9705 = ORIENTED_EDGE('',*,*,#980,.F.);
#9706 = ORIENTED_EDGE('',*,*,#8738,.F.);
#9707 = PLANE('',#9708);
#9708 = AXIS2_PLACEMENT_3D('',#9709,#9710,#9711);
#9709 = CARTESIAN_POINT('',(12.5,36.992117676884,148.));
#9710 = DIRECTION('',(-0.707106781187,0.707106781187,1.295124E-16));
#9711 = DIRECTION('',(0.707106781187,0.707106781187,-1.295124E-16));
#9712 = ADVANCED_FACE('',(#9713),#9723,.F.);
#9713 = FACE_BOUND('',#9714,.T.);
#9714 = EDGE_LOOP('',(#9715,#9716,#9717));
#9715 = ORIENTED_EDGE('',*,*,#9683,.T.);
#9716 = ORIENTED_EDGE('',*,*,#8730,.F.);
#9717 = ORIENTED_EDGE('',*,*,#9718,.F.);
#9718 = EDGE_CURVE('',#9684,#8723,#9719,.T.);
#9719 = LINE('',#9720,#9721);
#9720 = CARTESIAN_POINT('',(12.5,36.992117676884,66.));
#9721 = VECTOR('',#9722,1.);
#9722 = DIRECTION('',(0.,-1.,0.));
#9723 = PLANE('',#9724);
#9724 = AXIS2_PLACEMENT_3D('',#9725,#9726,#9727);
#9725 = CARTESIAN_POINT('',(12.323223304703,36.668894372181,66.));
#9726 = DIRECTION('',(0.,0.,-1.));
#9727 = DIRECTION('',(-1.,0.,0.));
#9728 = ADVANCED_FACE('',(#9729),#9756,.F.);
#9729 = FACE_BOUND('',#9730,.T.);
#9730 = EDGE_LOOP('',(#9731,#9739,#9740,#9741,#9742,#9750));
#9731 = ORIENTED_EDGE('',*,*,#9732,.F.);
#9732 = EDGE_CURVE('',#8609,#9733,#9735,.T.);
#9733 = VERTEX_POINT('',#9734);
#9734 = CARTESIAN_POINT('',(-12.5,36.992117676884,66.));
#9735 = LINE('',#9736,#9737);
#9736 = CARTESIAN_POINT('',(-12.,36.492117676884,66.));
#9737 = VECTOR('',#9738,1.);
#9738 = DIRECTION('',(-0.707106781187,0.707106781187,0.));
#9739 = ORIENTED_EDGE('',*,*,#8608,.F.);
#9740 = ORIENTED_EDGE('',*,*,#1038,.F.);
#9741 = ORIENTED_EDGE('',*,*,#8769,.F.);
#9742 = ORIENTED_EDGE('',*,*,#9743,.F.);
#9743 = EDGE_CURVE('',#9744,#8762,#9746,.T.);
#9744 = VERTEX_POINT('',#9745);
#9745 = CARTESIAN_POINT('',(-12.5,36.992117676884,148.));
#9746 = LINE('',#9747,#9748);
#9747 = CARTESIAN_POINT('',(-12.5,36.992117676884,148.));
#9748 = VECTOR('',#9749,1.);
#9749 = DIRECTION('',(0.707106781187,-0.707106781187,0.));
#9750 = ORIENTED_EDGE('',*,*,#9751,.F.);
#9751 = EDGE_CURVE('',#9733,#9744,#9752,.T.);
#9752 = LINE('',#9753,#9754);
#9753 = CARTESIAN_POINT('',(-12.5,36.992117676884,66.));
#9754 = VECTOR('',#9755,1.);
#9755 = DIRECTION('',(0.,0.,1.));
#9756 = PLANE('',#9757);
#9757 = AXIS2_PLACEMENT_3D('',#9758,#9759,#9760);
#9758 = CARTESIAN_POINT('',(-12.,36.492117676884,148.));
#9759 = DIRECTION('',(0.707106781187,0.707106781187,-1.295124E-16));
#9760 = DIRECTION('',(0.707106781187,-0.707106781187,-1.295124E-16));
#9761 = ADVANCED_FACE('',(#9762),#9772,.F.);
#9762 = FACE_BOUND('',#9763,.T.);
#9763 = EDGE_LOOP('',(#9764,#9765,#9771));
#9764 = ORIENTED_EDGE('',*,*,#9732,.T.);
#9765 = ORIENTED_EDGE('',*,*,#9766,.F.);
#9766 = EDGE_CURVE('',#8617,#9733,#9767,.T.);
#9767 = LINE('',#9768,#9769);
#9768 = CARTESIAN_POINT('',(-12.5,36.492117676884,66.));
#9769 = VECTOR('',#9770,1.);
#9770 = DIRECTION('',(0.,1.,0.));
#9771 = ORIENTED_EDGE('',*,*,#8616,.F.);
#9772 = PLANE('',#9773);
#9773 = AXIS2_PLACEMENT_3D('',#9774,#9775,#9776);
#9774 = CARTESIAN_POINT('',(-12.3232233047,36.668894372181,66.));
#9775 = DIRECTION('',(0.,0.,-1.));
#9776 = DIRECTION('',(-1.,0.,0.));
#9777 = ADVANCED_FACE('',(#9778),#9805,.F.);
#9778 = FACE_BOUND('',#9779,.T.);
#9779 = EDGE_LOOP('',(#9780,#9788,#9796,#9802,#9803,#9804));
#9780 = ORIENTED_EDGE('',*,*,#9781,.F.);
#9781 = EDGE_CURVE('',#9782,#8555,#9784,.T.);
#9782 = VERTEX_POINT('',#9783);
#9783 = CARTESIAN_POINT('',(-12.5,55.992117676885,66.));
#9784 = LINE('',#9785,#9786);
#9785 = CARTESIAN_POINT('',(-12.5,55.992117676885,66.));
#9786 = VECTOR('',#9787,1.);
#9787 = DIRECTION('',(0.707106781187,0.707106781187,0.));
#9788 = ORIENTED_EDGE('',*,*,#9789,.F.);
#9789 = EDGE_CURVE('',#9790,#9782,#9792,.T.);
#9790 = VERTEX_POINT('',#9791);
#9791 = CARTESIAN_POINT('',(-12.5,55.992117676885,148.));
#9792 = LINE('',#9793,#9794);
#9793 = CARTESIAN_POINT('',(-12.5,55.992117676885,148.));
#9794 = VECTOR('',#9795,1.);
#9795 = DIRECTION('',(0.,0.,-1.));
#9796 = ORIENTED_EDGE('',*,*,#9797,.F.);
#9797 = EDGE_CURVE('',#8578,#9790,#9798,.T.);
#9798 = LINE('',#9799,#9800);
#9799 = CARTESIAN_POINT('',(-12.,56.492117676885,148.));
#9800 = VECTOR('',#9801,1.);
#9801 = DIRECTION('',(-0.707106781187,-0.707106781187,0.));
#9802 = ORIENTED_EDGE('',*,*,#8577,.F.);
#9803 = ORIENTED_EDGE('',*,*,#864,.F.);
#9804 = ORIENTED_EDGE('',*,*,#8562,.F.);
#9805 = PLANE('',#9806);
#9806 = AXIS2_PLACEMENT_3D('',#9807,#9808,#9809);
#9807 = CARTESIAN_POINT('',(-12.5,55.992117676885,148.));
#9808 = DIRECTION('',(0.707106781187,-0.707106781187,-1.295124E-16));
#9809 = DIRECTION('',(-0.707106781187,-0.707106781187,1.295124E-16));
#9810 = ADVANCED_FACE('',(#9811),#9821,.F.);
#9811 = FACE_BOUND('',#9812,.T.);
#9812 = EDGE_LOOP('',(#9813,#9814,#9815));
#9813 = ORIENTED_EDGE('',*,*,#9781,.T.);
#9814 = ORIENTED_EDGE('',*,*,#8554,.F.);
#9815 = ORIENTED_EDGE('',*,*,#9816,.F.);
#9816 = EDGE_CURVE('',#9782,#8547,#9817,.T.);
#9817 = LINE('',#9818,#9819);
#9818 = CARTESIAN_POINT('',(-12.5,55.992117676885,66.));
#9819 = VECTOR('',#9820,1.);
#9820 = DIRECTION('',(0.,1.,0.));
#9821 = PLANE('',#9822);
#9822 = AXIS2_PLACEMENT_3D('',#9823,#9824,#9825);
#9823 = CARTESIAN_POINT('',(-12.3232233047,56.315340981588,66.));
#9824 = DIRECTION('',(0.,0.,-1.));
#9825 = DIRECTION('',(-1.,0.,0.));
#9826 = ADVANCED_FACE('',(#9827),#9854,.F.);
#9827 = FACE_BOUND('',#9828,.T.);
#9828 = EDGE_LOOP('',(#9829,#9837,#9838,#9839,#9840,#9848));
#9829 = ORIENTED_EDGE('',*,*,#9830,.F.);
#9830 = EDGE_CURVE('',#8465,#9831,#9833,.T.);
#9831 = VERTEX_POINT('',#9832);
#9832 = CARTESIAN_POINT('',(12.5,55.992117676885,66.));
#9833 = LINE('',#9834,#9835);
#9834 = CARTESIAN_POINT('',(12.,56.492117676885,66.));
#9835 = VECTOR('',#9836,1.);
#9836 = DIRECTION('',(0.707106781187,-0.707106781187,0.));
#9837 = ORIENTED_EDGE('',*,*,#8464,.F.);
#9838 = ORIENTED_EDGE('',*,*,#922,.F.);
#9839 = ORIENTED_EDGE('',*,*,#8593,.F.);
#9840 = ORIENTED_EDGE('',*,*,#9841,.F.);
#9841 = EDGE_CURVE('',#9842,#8586,#9844,.T.);
#9842 = VERTEX_POINT('',#9843);
#9843 = CARTESIAN_POINT('',(12.5,55.992117676885,148.));
#9844 = LINE('',#9845,#9846);
#9845 = CARTESIAN_POINT('',(12.5,55.992117676885,148.));
#9846 = VECTOR('',#9847,1.);
#9847 = DIRECTION('',(-0.707106781187,0.707106781187,0.));
#9848 = ORIENTED_EDGE('',*,*,#9849,.F.);
#9849 = EDGE_CURVE('',#9831,#9842,#9850,.T.);
#9850 = LINE('',#9851,#9852);
#9851 = CARTESIAN_POINT('',(12.5,55.992117676885,66.));
#9852 = VECTOR('',#9853,1.);
#9853 = DIRECTION('',(0.,0.,1.));
#9854 = PLANE('',#9855);
#9855 = AXIS2_PLACEMENT_3D('',#9856,#9857,#9858);
#9856 = CARTESIAN_POINT('',(12.,56.492117676885,148.));
#9857 = DIRECTION('',(-0.707106781187,-0.707106781187,1.295124E-16));
#9858 = DIRECTION('',(-0.707106781187,0.707106781187,1.295124E-16));
#9859 = ADVANCED_FACE('',(#9860),#9870,.F.);
#9860 = FACE_BOUND('',#9861,.T.);
#9861 = EDGE_LOOP('',(#9862,#9863,#9869));
#9862 = ORIENTED_EDGE('',*,*,#9830,.T.);
#9863 = ORIENTED_EDGE('',*,*,#9864,.F.);
#9864 = EDGE_CURVE('',#8473,#9831,#9865,.T.);
#9865 = LINE('',#9866,#9867);
#9866 = CARTESIAN_POINT('',(12.5,56.492117676885,66.));
#9867 = VECTOR('',#9868,1.);
#9868 = DIRECTION('',(0.,-1.,0.));
#9869 = ORIENTED_EDGE('',*,*,#8472,.F.);
#9870 = PLANE('',#9871);
#9871 = AXIS2_PLACEMENT_3D('',#9872,#9873,#9874);
#9872 = CARTESIAN_POINT('',(12.323223304703,56.315340981588,66.));
#9873 = DIRECTION('',(0.,0.,-1.));
#9874 = DIRECTION('',(-1.,0.,0.));
#9875 = ADVANCED_FACE('',(#9876),#9903,.F.);
#9876 = FACE_BOUND('',#9877,.T.);
#9877 = EDGE_LOOP('',(#9878,#9879,#9880,#9881,#9889,#9897));
#9878 = ORIENTED_EDGE('',*,*,#9691,.T.);
#9879 = ORIENTED_EDGE('',*,*,#9718,.T.);
#9880 = ORIENTED_EDGE('',*,*,#8722,.F.);
#9881 = ORIENTED_EDGE('',*,*,#9882,.F.);
#9882 = EDGE_CURVE('',#9883,#8714,#9885,.T.);
#9883 = VERTEX_POINT('',#9884);
#9884 = CARTESIAN_POINT('',(12.5,40.992117676885,65.));
#9885 = LINE('',#9886,#9887);
#9886 = CARTESIAN_POINT('',(12.5,40.992117676884,65.));
#9887 = VECTOR('',#9888,1.);
#9888 = DIRECTION('',(0.,-1.,0.));
#9889 = ORIENTED_EDGE('',*,*,#9890,.F.);
#9890 = EDGE_CURVE('',#9891,#9883,#9893,.T.);
#9891 = VERTEX_POINT('',#9892);
#9892 = CARTESIAN_POINT('',(12.5,40.992117676884,148.));
#9893 = LINE('',#9894,#9895);
#9894 = CARTESIAN_POINT('',(12.5,40.992117676884,148.));
#9895 = VECTOR('',#9896,1.);
#9896 = DIRECTION('',(0.,0.,-1.));
#9897 = ORIENTED_EDGE('',*,*,#9898,.F.);
#9898 = EDGE_CURVE('',#9692,#9891,#9899,.T.);
#9899 = LINE('',#9900,#9901);
#9900 = CARTESIAN_POINT('',(12.5,36.992117676884,148.));
#9901 = VECTOR('',#9902,1.);
#9902 = DIRECTION('',(0.,1.,0.));
#9903 = PLANE('',#9904);
#9904 = AXIS2_PLACEMENT_3D('',#9905,#9906,#9907);
#9905 = CARTESIAN_POINT('',(12.5,36.492117676884,148.));
#9906 = DIRECTION('',(-1.,0.,0.));
#9907 = DIRECTION('',(0.,1.,0.));
#9908 = ADVANCED_FACE('',(#9909),#9936,.F.);
#9909 = FACE_BOUND('',#9910,.T.);
#9910 = EDGE_LOOP('',(#9911,#9912,#9913,#9914,#9922,#9930));
#9911 = ORIENTED_EDGE('',*,*,#9789,.T.);
#9912 = ORIENTED_EDGE('',*,*,#9816,.T.);
#9913 = ORIENTED_EDGE('',*,*,#8546,.F.);
#9914 = ORIENTED_EDGE('',*,*,#9915,.F.);
#9915 = EDGE_CURVE('',#9916,#8538,#9918,.T.);
#9916 = VERTEX_POINT('',#9917);
#9917 = CARTESIAN_POINT('',(-12.5,51.992117676884,65.));
#9918 = LINE('',#9919,#9920);
#9919 = CARTESIAN_POINT('',(-12.5,51.992117676884,65.));
#9920 = VECTOR('',#9921,1.);
#9921 = DIRECTION('',(0.,1.,0.));
#9922 = ORIENTED_EDGE('',*,*,#9923,.F.);
#9923 = EDGE_CURVE('',#9924,#9916,#9926,.T.);
#9924 = VERTEX_POINT('',#9925);
#9925 = CARTESIAN_POINT('',(-12.5,51.992117676885,148.));
#9926 = LINE('',#9927,#9928);
#9927 = CARTESIAN_POINT('',(-12.5,51.992117676885,148.));
#9928 = VECTOR('',#9929,1.);
#9929 = DIRECTION('',(0.,0.,-1.));
#9930 = ORIENTED_EDGE('',*,*,#9931,.F.);
#9931 = EDGE_CURVE('',#9790,#9924,#9932,.T.);
#9932 = LINE('',#9933,#9934);
#9933 = CARTESIAN_POINT('',(-12.5,55.992117676885,148.));
#9934 = VECTOR('',#9935,1.);
#9935 = DIRECTION('',(0.,-1.,0.));
#9936 = PLANE('',#9937);
#9937 = AXIS2_PLACEMENT_3D('',#9938,#9939,#9940);
#9938 = CARTESIAN_POINT('',(-12.5,56.492117676885,148.));
#9939 = DIRECTION('',(1.,0.,0.));
#9940 = DIRECTION('',(0.,-1.,0.));
#9941 = ADVANCED_FACE('',(#9942),#9961,.F.);
#9942 = FACE_BOUND('',#9943,.F.);
#9943 = EDGE_LOOP('',(#9944,#9945,#9953,#9960));
#9944 = ORIENTED_EDGE('',*,*,#8831,.F.);
#9945 = ORIENTED_EDGE('',*,*,#9946,.F.);
#9946 = EDGE_CURVE('',#9947,#8832,#9949,.T.);
#9947 = VERTEX_POINT('',#9948);
#9948 = CARTESIAN_POINT('',(17.5,59.421049865019,55.071067811865));
#9949 = LINE('',#9950,#9951);
#9950 = CARTESIAN_POINT('',(17.5,59.421049865019,55.071067811865));
#9951 = VECTOR('',#9952,1.);
#9952 = DIRECTION('',(-1.,0.,0.));
#9953 = ORIENTED_EDGE('',*,*,#9954,.F.);
#9954 = EDGE_CURVE('',#8506,#9947,#9955,.T.);
#9955 = CIRCLE('',#9956,10.);
#9956 = AXIS2_PLACEMENT_3D('',#9957,#9958,#9959);
#9957 = CARTESIAN_POINT('',(17.5,66.492117676884,62.142135623731));
#9958 = DIRECTION('',(1.,3.977393E-17,1.64749E-17));
#9959 = DIRECTION('',(4.305099113441E-17,-0.923879532511,-0.382683432365
    ));
#9960 = ORIENTED_EDGE('',*,*,#8513,.F.);
#9961 = CYLINDRICAL_SURFACE('',#9962,10.);
#9962 = AXIS2_PLACEMENT_3D('',#9963,#9964,#9965);
#9963 = CARTESIAN_POINT('',(2.516927E-15,66.492117676884,62.142135623731
    ));
#9964 = DIRECTION('',(1.,1.224647E-16,-1.831582E-16));
#9965 = DIRECTION('',(4.305102114332E-17,-0.923879532511,-0.382683432365
    ));
#9966 = ADVANCED_FACE('',(#9967),#9999,.T.);
#9967 = FACE_BOUND('',#9968,.T.);
#9968 = EDGE_LOOP('',(#9969,#9979,#9985,#9993));
#9969 = ORIENTED_EDGE('',*,*,#9970,.T.);
#9970 = EDGE_CURVE('',#9971,#9973,#9975,.T.);
#9971 = VERTEX_POINT('',#9972);
#9972 = CARTESIAN_POINT('',(17.5,51.992117676885,143.));
#9973 = VERTEX_POINT('',#9974);
#9974 = CARTESIAN_POINT('',(12.5,51.992117676885,148.));
#9975 = LINE('',#9976,#9977);
#9976 = CARTESIAN_POINT('',(17.5,51.992117676885,143.));
#9977 = VECTOR('',#9978,1.);
#9978 = DIRECTION('',(-0.707106781187,1.004859E-15,0.707106781187));
#9979 = ORIENTED_EDGE('',*,*,#9980,.T.);
#9980 = EDGE_CURVE('',#9973,#9891,#9981,.T.);
#9981 = LINE('',#9982,#9983);
#9982 = CARTESIAN_POINT('',(12.5,51.992117676885,148.));
#9983 = VECTOR('',#9984,1.);
#9984 = DIRECTION('',(0.,-1.,0.));
#9985 = ORIENTED_EDGE('',*,*,#9986,.T.);
#9986 = EDGE_CURVE('',#9891,#9987,#9989,.T.);
#9987 = VERTEX_POINT('',#9988);
#9988 = CARTESIAN_POINT('',(17.5,40.992117676884,143.));
#9989 = LINE('',#9990,#9991);
#9990 = CARTESIAN_POINT('',(12.5,40.992117676884,148.));
#9991 = VECTOR('',#9992,1.);
#9992 = DIRECTION('',(0.707106781187,0.,-0.707106781187));
#9993 = ORIENTED_EDGE('',*,*,#9994,.T.);
#9994 = EDGE_CURVE('',#9987,#9971,#9995,.T.);
#9995 = LINE('',#9996,#9997);
#9996 = CARTESIAN_POINT('',(17.5,40.992117676884,143.));
#9997 = VECTOR('',#9998,1.);
#9998 = DIRECTION('',(0.,1.,0.));
#9999 = PLANE('',#10000);
#10000 = AXIS2_PLACEMENT_3D('',#10001,#10002,#10003);
#10001 = CARTESIAN_POINT('',(15.,52.277676728763,145.5));
#10002 = DIRECTION('',(0.707106781187,8.659561E-17,0.707106781187));
#10003 = DIRECTION('',(6.123234305199E-17,-1.,6.123234305199E-17));
#10004 = ADVANCED_FACE('',(#10005),#10036,.T.);
#10005 = FACE_BOUND('',#10006,.T.);
#10006 = EDGE_LOOP('',(#10007,#10008,#10009,#10010,#10011,#10017,#10018,
    #10019,#10020,#10021,#10029,#10035));
#10007 = ORIENTED_EDGE('',*,*,#8761,.T.);
#10008 = ORIENTED_EDGE('',*,*,#9699,.T.);
#10009 = ORIENTED_EDGE('',*,*,#9898,.T.);
#10010 = ORIENTED_EDGE('',*,*,#9980,.F.);
#10011 = ORIENTED_EDGE('',*,*,#10012,.T.);
#10012 = EDGE_CURVE('',#9973,#9842,#10013,.T.);
#10013 = LINE('',#10014,#10015);
#10014 = CARTESIAN_POINT('',(12.5,51.992117676885,148.));
#10015 = VECTOR('',#10016,1.);
#10016 = DIRECTION('',(0.,1.,0.));
#10017 = ORIENTED_EDGE('',*,*,#9841,.T.);
#10018 = ORIENTED_EDGE('',*,*,#8585,.F.);
#10019 = ORIENTED_EDGE('',*,*,#9797,.T.);
#10020 = ORIENTED_EDGE('',*,*,#9931,.T.);
#10021 = ORIENTED_EDGE('',*,*,#10022,.F.);
#10022 = EDGE_CURVE('',#10023,#9924,#10025,.T.);
#10023 = VERTEX_POINT('',#10024);
#10024 = CARTESIAN_POINT('',(-12.5,40.992117676884,148.));
#10025 = LINE('',#10026,#10027);
#10026 = CARTESIAN_POINT('',(-12.5,40.992117676884,148.));
#10027 = VECTOR('',#10028,1.);
#10028 = DIRECTION('',(0.,1.,0.));
#10029 = ORIENTED_EDGE('',*,*,#10030,.T.);
#10030 = EDGE_CURVE('',#10023,#9744,#10031,.T.);
#10031 = LINE('',#10032,#10033);
#10032 = CARTESIAN_POINT('',(-12.5,40.992117676884,148.));
#10033 = VECTOR('',#10034,1.);
#10034 = DIRECTION('',(0.,-1.,0.));
#10035 = ORIENTED_EDGE('',*,*,#9743,.T.);
#10036 = PLANE('',#10037);
#10037 = AXIS2_PLACEMENT_3D('',#10038,#10039,#10040);
#10038 = CARTESIAN_POINT('',(1.946715E-14,56.492117676885,148.));
#10039 = DIRECTION('',(0.,0.,1.));
#10040 = DIRECTION('',(1.,0.,-0.));
#10041 = ADVANCED_FACE('',(#10042),#10076,.T.);
#10042 = FACE_BOUND('',#10043,.T.);
#10043 = EDGE_LOOP('',(#10044,#10045,#10053,#10061,#10070));
#10044 = ORIENTED_EDGE('',*,*,#9970,.F.);
#10045 = ORIENTED_EDGE('',*,*,#10046,.F.);
#10046 = EDGE_CURVE('',#10047,#9971,#10049,.T.);
#10047 = VERTEX_POINT('',#10048);
#10048 = CARTESIAN_POINT('',(17.5,51.992117676884,63.));
#10049 = LINE('',#10050,#10051);
#10050 = CARTESIAN_POINT('',(17.5,51.992117676884,63.));
#10051 = VECTOR('',#10052,1.);
#10052 = DIRECTION('',(0.,0.,1.));
#10053 = ORIENTED_EDGE('',*,*,#10054,.T.);
#10054 = EDGE_CURVE('',#10047,#10055,#10057,.T.);
#10055 = VERTEX_POINT('',#10056);
#10056 = CARTESIAN_POINT('',(14.5,51.992117676884,63.));
#10057 = LINE('',#10058,#10059);
#10058 = CARTESIAN_POINT('',(17.5,51.992117676884,63.));
#10059 = VECTOR('',#10060,1.);
#10060 = DIRECTION('',(-1.,0.,0.));
#10061 = ORIENTED_EDGE('',*,*,#10062,.T.);
#10062 = EDGE_CURVE('',#10055,#10063,#10065,.T.);
#10063 = VERTEX_POINT('',#10064);
#10064 = CARTESIAN_POINT('',(12.5,51.992117676884,65.));
#10065 = CIRCLE('',#10066,2.);
#10066 = AXIS2_PLACEMENT_3D('',#10067,#10068,#10069);
#10067 = CARTESIAN_POINT('',(14.5,51.992117676884,65.));
#10068 = DIRECTION('',(-6.123234E-17,1.,-6.123234E-17));
#10069 = DIRECTION('',(-0.707106781187,-8.659560568384E-17,
    -0.707106781187));
#10070 = ORIENTED_EDGE('',*,*,#10071,.T.);
#10071 = EDGE_CURVE('',#10063,#9973,#10072,.T.);
#10072 = LINE('',#10073,#10074);
#10073 = CARTESIAN_POINT('',(12.5,51.992117676884,65.));
#10074 = VECTOR('',#10075,1.);
#10075 = DIRECTION('',(0.,0.,1.));
#10076 = PLANE('',#10077);
#10077 = AXIS2_PLACEMENT_3D('',#10078,#10079,#10080);
#10078 = CARTESIAN_POINT('',(15.,51.992117676884,105.5));
#10079 = DIRECTION('',(0.,1.,0.));
#10080 = DIRECTION('',(1.,0.,0.));
#10081 = ADVANCED_FACE('',(#10082),#10098,.T.);
#10082 = FACE_BOUND('',#10083,.T.);
#10083 = EDGE_LOOP('',(#10084,#10090,#10091,#10097));
#10084 = ORIENTED_EDGE('',*,*,#10085,.T.);
#10085 = EDGE_CURVE('',#8801,#10023,#10086,.T.);
#10086 = LINE('',#10087,#10088);
#10087 = CARTESIAN_POINT('',(-17.5,40.992117676884,143.));
#10088 = VECTOR('',#10089,1.);
#10089 = DIRECTION('',(0.707106781187,0.,0.707106781187));
#10090 = ORIENTED_EDGE('',*,*,#10022,.T.);
#10091 = ORIENTED_EDGE('',*,*,#10092,.T.);
#10092 = EDGE_CURVE('',#9924,#8809,#10093,.T.);
#10093 = LINE('',#10094,#10095);
#10094 = CARTESIAN_POINT('',(-12.5,51.992117676885,148.));
#10095 = VECTOR('',#10096,1.);
#10096 = DIRECTION('',(-0.707106781187,-1.004859E-15,-0.707106781187));
#10097 = ORIENTED_EDGE('',*,*,#8808,.T.);
#10098 = PLANE('',#10099);
#10099 = AXIS2_PLACEMENT_3D('',#10100,#10101,#10102);
#10100 = CARTESIAN_POINT('',(-15.,52.277676728763,145.5));
#10101 = DIRECTION('',(-0.707106781187,-8.659561E-17,0.707106781187));
#10102 = DIRECTION('',(-6.123234305199E-17,1.,6.123234305199E-17));
#10103 = ADVANCED_FACE('',(#10104),#10131,.F.);
#10104 = FACE_BOUND('',#10105,.T.);
#10105 = EDGE_LOOP('',(#10106,#10107,#10108,#10116,#10125));
#10106 = ORIENTED_EDGE('',*,*,#10085,.F.);
#10107 = ORIENTED_EDGE('',*,*,#8800,.F.);
#10108 = ORIENTED_EDGE('',*,*,#10109,.T.);
#10109 = EDGE_CURVE('',#8793,#10110,#10112,.T.);
#10110 = VERTEX_POINT('',#10111);
#10111 = CARTESIAN_POINT('',(-14.5,40.992117676884,63.));
#10112 = LINE('',#10113,#10114);
#10113 = CARTESIAN_POINT('',(-17.5,40.992117676884,63.));
#10114 = VECTOR('',#10115,1.);
#10115 = DIRECTION('',(1.,0.,0.));
#10116 = ORIENTED_EDGE('',*,*,#10117,.T.);
#10117 = EDGE_CURVE('',#10110,#10118,#10120,.T.);
#10118 = VERTEX_POINT('',#10119);
#10119 = CARTESIAN_POINT('',(-12.5,40.992117676884,65.));
#10120 = CIRCLE('',#10121,2.);
#10121 = AXIS2_PLACEMENT_3D('',#10122,#10123,#10124);
#10122 = CARTESIAN_POINT('',(-14.5,40.992117676884,65.));
#10123 = DIRECTION('',(6.123234E-17,-1.,-6.123234E-17));
#10124 = DIRECTION('',(0.707106781187,8.659560568384E-17,-0.707106781187
    ));
#10125 = ORIENTED_EDGE('',*,*,#10126,.T.);
#10126 = EDGE_CURVE('',#10118,#10023,#10127,.T.);
#10127 = LINE('',#10128,#10129);
#10128 = CARTESIAN_POINT('',(-12.5,40.992117676884,65.));
#10129 = VECTOR('',#10130,1.);
#10130 = DIRECTION('',(0.,0.,1.));
#10131 = PLANE('',#10132);
#10132 = AXIS2_PLACEMENT_3D('',#10133,#10134,#10135);
#10133 = CARTESIAN_POINT('',(-15.,40.992117676884,105.5));
#10134 = DIRECTION('',(0.,1.,0.));
#10135 = DIRECTION('',(1.,0.,0.));
#10136 = ADVANCED_FACE('',(#10137),#10153,.F.);
#10137 = FACE_BOUND('',#10138,.F.);
#10138 = EDGE_LOOP('',(#10139,#10145,#10146,#10152));
#10139 = ORIENTED_EDGE('',*,*,#10140,.F.);
#10140 = EDGE_CURVE('',#8481,#10063,#10141,.T.);
#10141 = LINE('',#10142,#10143);
#10142 = CARTESIAN_POINT('',(12.5,56.492117676884,65.));
#10143 = VECTOR('',#10144,1.);
#10144 = DIRECTION('',(0.,-1.,0.));
#10145 = ORIENTED_EDGE('',*,*,#8488,.F.);
#10146 = ORIENTED_EDGE('',*,*,#10147,.F.);
#10147 = EDGE_CURVE('',#10055,#8489,#10148,.T.);
#10148 = LINE('',#10149,#10150);
#10149 = CARTESIAN_POINT('',(14.5,51.992117676884,63.));
#10150 = VECTOR('',#10151,1.);
#10151 = DIRECTION('',(0.,1.,0.));
#10152 = ORIENTED_EDGE('',*,*,#10062,.T.);
#10153 = CYLINDRICAL_SURFACE('',#10154,2.);
#10154 = AXIS2_PLACEMENT_3D('',#10155,#10156,#10157);
#10155 = CARTESIAN_POINT('',(14.5,56.492117676884,65.));
#10156 = DIRECTION('',(1.224647E-16,-1.,9.868649E-16));
#10157 = DIRECTION('',(-0.707106781187,-7.84414482731E-16,
    -0.707106781187));
#10158 = ADVANCED_FACE('',(#10159),#10167,.F.);
#10159 = FACE_BOUND('',#10160,.T.);
#10160 = EDGE_LOOP('',(#10161,#10162,#10163,#10164,#10165,#10166));
#10161 = ORIENTED_EDGE('',*,*,#9849,.T.);
#10162 = ORIENTED_EDGE('',*,*,#10012,.F.);
#10163 = ORIENTED_EDGE('',*,*,#10071,.F.);
#10164 = ORIENTED_EDGE('',*,*,#10140,.F.);
#10165 = ORIENTED_EDGE('',*,*,#8480,.F.);
#10166 = ORIENTED_EDGE('',*,*,#9864,.T.);
#10167 = PLANE('',#10168);
#10168 = AXIS2_PLACEMENT_3D('',#10169,#10170,#10171);
#10169 = CARTESIAN_POINT('',(12.5,56.492117676884,63.));
#10170 = DIRECTION('',(-1.,0.,0.));
#10171 = DIRECTION('',(0.,1.,0.));
#10172 = ADVANCED_FACE('',(#10173),#10192,.F.);
#10173 = FACE_BOUND('',#10174,.F.);
#10174 = EDGE_LOOP('',(#10175,#10183,#10184,#10185));
#10175 = ORIENTED_EDGE('',*,*,#10176,.F.);
#10176 = EDGE_CURVE('',#8530,#10177,#10179,.T.);
#10177 = VERTEX_POINT('',#10178);
#10178 = CARTESIAN_POINT('',(-14.5,51.992117676884,63.));
#10179 = LINE('',#10180,#10181);
#10180 = CARTESIAN_POINT('',(-14.5,56.492117676884,63.));
#10181 = VECTOR('',#10182,1.);
#10182 = DIRECTION('',(0.,-1.,0.));
#10183 = ORIENTED_EDGE('',*,*,#8537,.F.);
#10184 = ORIENTED_EDGE('',*,*,#9915,.F.);
#10185 = ORIENTED_EDGE('',*,*,#10186,.T.);
#10186 = EDGE_CURVE('',#9916,#10177,#10187,.T.);
#10187 = CIRCLE('',#10188,2.);
#10188 = AXIS2_PLACEMENT_3D('',#10189,#10190,#10191);
#10189 = CARTESIAN_POINT('',(-14.5,51.992117676885,65.));
#10190 = DIRECTION('',(-6.123234E-17,1.,6.123234E-17));
#10191 = DIRECTION('',(0.707106781187,8.659560568384E-17,-0.707106781187
    ));
#10192 = CYLINDRICAL_SURFACE('',#10193,2.);
#10193 = AXIS2_PLACEMENT_3D('',#10194,#10195,#10196);
#10194 = CARTESIAN_POINT('',(-14.5,56.492117676885,65.));
#10195 = DIRECTION('',(1.224647E-16,-1.,-2.46519E-32));
#10196 = DIRECTION('',(0.707106781187,8.659561982598E-17,-0.707106781187
    ));
#10197 = ADVANCED_FACE('',(#10198),#10209,.F.);
#10198 = FACE_BOUND('',#10199,.T.);
#10199 = EDGE_LOOP('',(#10200,#10201,#10202,#10203));
#10200 = ORIENTED_EDGE('',*,*,#10176,.F.);
#10201 = ORIENTED_EDGE('',*,*,#8529,.F.);
#10202 = ORIENTED_EDGE('',*,*,#8824,.F.);
#10203 = ORIENTED_EDGE('',*,*,#10204,.F.);
#10204 = EDGE_CURVE('',#10177,#8817,#10205,.T.);
#10205 = LINE('',#10206,#10207);
#10206 = CARTESIAN_POINT('',(-14.5,51.992117676884,63.));
#10207 = VECTOR('',#10208,1.);
#10208 = DIRECTION('',(-1.,0.,0.));
#10209 = PLANE('',#10210);
#10210 = AXIS2_PLACEMENT_3D('',#10211,#10212,#10213);
#10211 = CARTESIAN_POINT('',(-12.5,56.492117676884,63.));
#10212 = DIRECTION('',(0.,0.,-1.));
#10213 = DIRECTION('',(-1.,0.,0.));
#10214 = ADVANCED_FACE('',(#10215),#10234,.F.);
#10215 = FACE_BOUND('',#10216,.F.);
#10216 = EDGE_LOOP('',(#10217,#10225,#10226,#10227));
#10217 = ORIENTED_EDGE('',*,*,#10218,.F.);
#10218 = EDGE_CURVE('',#8706,#10219,#10221,.T.);
#10219 = VERTEX_POINT('',#10220);
#10220 = CARTESIAN_POINT('',(14.5,40.992117676885,63.));
#10221 = LINE('',#10222,#10223);
#10222 = CARTESIAN_POINT('',(14.5,36.492117676884,63.));
#10223 = VECTOR('',#10224,1.);
#10224 = DIRECTION('',(0.,1.,0.));
#10225 = ORIENTED_EDGE('',*,*,#8713,.F.);
#10226 = ORIENTED_EDGE('',*,*,#9882,.F.);
#10227 = ORIENTED_EDGE('',*,*,#10228,.T.);
#10228 = EDGE_CURVE('',#9883,#10219,#10229,.T.);
#10229 = CIRCLE('',#10230,2.);
#10230 = AXIS2_PLACEMENT_3D('',#10231,#10232,#10233);
#10231 = CARTESIAN_POINT('',(14.5,40.992117676885,65.));
#10232 = DIRECTION('',(6.123234E-17,-1.,6.123234E-17));
#10233 = DIRECTION('',(-0.707106781187,-8.659560568384E-17,
    -0.707106781187));
#10234 = CYLINDRICAL_SURFACE('',#10235,2.);
#10235 = AXIS2_PLACEMENT_3D('',#10236,#10237,#10238);
#10236 = CARTESIAN_POINT('',(14.5,36.492117676884,65.));
#10237 = DIRECTION('',(-1.224647E-16,1.,2.46519E-32));
#10238 = DIRECTION('',(-0.707106781187,-8.659561982598E-17,
    -0.707106781187));
#10239 = ADVANCED_FACE('',(#10240),#10258,.F.);
#10240 = FACE_BOUND('',#10241,.T.);
#10241 = EDGE_LOOP('',(#10242,#10243,#10244,#10252));
#10242 = ORIENTED_EDGE('',*,*,#10218,.F.);
#10243 = ORIENTED_EDGE('',*,*,#8705,.F.);
#10244 = ORIENTED_EDGE('',*,*,#10245,.F.);
#10245 = EDGE_CURVE('',#10246,#8698,#10248,.T.);
#10246 = VERTEX_POINT('',#10247);
#10247 = CARTESIAN_POINT('',(17.5,40.992117676885,63.));
#10248 = LINE('',#10249,#10250);
#10249 = CARTESIAN_POINT('',(17.5,40.992117676884,63.));
#10250 = VECTOR('',#10251,1.);
#10251 = DIRECTION('',(0.,-1.,0.));
#10252 = ORIENTED_EDGE('',*,*,#10253,.F.);
#10253 = EDGE_CURVE('',#10219,#10246,#10254,.T.);
#10254 = LINE('',#10255,#10256);
#10255 = CARTESIAN_POINT('',(14.5,40.992117676885,63.));
#10256 = VECTOR('',#10257,1.);
#10257 = DIRECTION('',(1.,0.,0.));
#10258 = PLANE('',#10259);
#10259 = AXIS2_PLACEMENT_3D('',#10260,#10261,#10262);
#10260 = CARTESIAN_POINT('',(12.5,36.492117676884,63.));
#10261 = DIRECTION('',(0.,0.,-1.));
#10262 = DIRECTION('',(-1.,0.,0.));
#10263 = ADVANCED_FACE('',(#10264),#10280,.F.);
#10264 = FACE_BOUND('',#10265,.F.);
#10265 = EDGE_LOOP('',(#10266,#10272,#10273,#10279));
#10266 = ORIENTED_EDGE('',*,*,#10267,.F.);
#10267 = EDGE_CURVE('',#8625,#10118,#10268,.T.);
#10268 = LINE('',#10269,#10270);
#10269 = CARTESIAN_POINT('',(-12.5,36.492117676884,65.));
#10270 = VECTOR('',#10271,1.);
#10271 = DIRECTION('',(0.,1.,0.));
#10272 = ORIENTED_EDGE('',*,*,#8632,.F.);
#10273 = ORIENTED_EDGE('',*,*,#10274,.F.);
#10274 = EDGE_CURVE('',#10110,#8633,#10275,.T.);
#10275 = LINE('',#10276,#10277);
#10276 = CARTESIAN_POINT('',(-14.5,40.992117676884,63.));
#10277 = VECTOR('',#10278,1.);
#10278 = DIRECTION('',(0.,-1.,0.));
#10279 = ORIENTED_EDGE('',*,*,#10117,.T.);
#10280 = CYLINDRICAL_SURFACE('',#10281,2.);
#10281 = AXIS2_PLACEMENT_3D('',#10282,#10283,#10284);
#10282 = CARTESIAN_POINT('',(-14.5,36.492117676884,65.));
#10283 = DIRECTION('',(-1.224647E-16,1.,2.46519E-32));
#10284 = DIRECTION('',(0.707106781187,8.659561982598E-17,-0.707106781187
    ));
#10285 = ADVANCED_FACE('',(#10286),#10294,.F.);
#10286 = FACE_BOUND('',#10287,.T.);
#10287 = EDGE_LOOP('',(#10288,#10289,#10290,#10291,#10292,#10293));
#10288 = ORIENTED_EDGE('',*,*,#9751,.T.);
#10289 = ORIENTED_EDGE('',*,*,#10030,.F.);
#10290 = ORIENTED_EDGE('',*,*,#10126,.F.);
#10291 = ORIENTED_EDGE('',*,*,#10267,.F.);
#10292 = ORIENTED_EDGE('',*,*,#8624,.F.);
#10293 = ORIENTED_EDGE('',*,*,#9766,.T.);
#10294 = PLANE('',#10295);
#10295 = AXIS2_PLACEMENT_3D('',#10296,#10297,#10298);
#10296 = CARTESIAN_POINT('',(-12.5,36.492117676884,63.));
#10297 = DIRECTION('',(1.,0.,0.));
#10298 = DIRECTION('',(0.,-1.,0.));
#10299 = ADVANCED_FACE('',(#10300),#10333,.F.);
#10300 = FACE_BOUND('',#10301,.T.);
#10301 = EDGE_LOOP('',(#10302,#10308,#10309,#10315,#10316,#10317,#10323,
    #10324,#10325,#10331,#10332));
#10302 = ORIENTED_EDGE('',*,*,#10303,.F.);
#10303 = EDGE_CURVE('',#8880,#8690,#10304,.T.);
#10304 = LINE('',#10305,#10306);
#10305 = CARTESIAN_POINT('',(17.5,66.492117676884,30.));
#10306 = VECTOR('',#10307,1.);
#10307 = DIRECTION('',(0.,-1.,0.));
#10308 = ORIENTED_EDGE('',*,*,#8879,.F.);
#10309 = ORIENTED_EDGE('',*,*,#10310,.F.);
#10310 = EDGE_CURVE('',#9947,#8872,#10311,.T.);
#10311 = LINE('',#10312,#10313);
#10312 = CARTESIAN_POINT('',(17.5,59.421049865019,55.071067811865));
#10313 = VECTOR('',#10314,1.);
#10314 = DIRECTION('',(-3.552714E-16,0.707106781187,-0.707106781187));
#10315 = ORIENTED_EDGE('',*,*,#9954,.F.);
#10316 = ORIENTED_EDGE('',*,*,#8505,.F.);
#10317 = ORIENTED_EDGE('',*,*,#10318,.T.);
#10318 = EDGE_CURVE('',#8498,#10047,#10319,.T.);
#10319 = LINE('',#10320,#10321);
#10320 = CARTESIAN_POINT('',(17.5,56.492117676884,63.));
#10321 = VECTOR('',#10322,1.);
#10322 = DIRECTION('',(0.,-1.,0.));
#10323 = ORIENTED_EDGE('',*,*,#10046,.T.);
#10324 = ORIENTED_EDGE('',*,*,#9994,.F.);
#10325 = ORIENTED_EDGE('',*,*,#10326,.T.);
#10326 = EDGE_CURVE('',#9987,#10246,#10327,.T.);
#10327 = LINE('',#10328,#10329);
#10328 = CARTESIAN_POINT('',(17.5,40.992117676884,143.));
#10329 = VECTOR('',#10330,1.);
#10330 = DIRECTION('',(0.,0.,-1.));
#10331 = ORIENTED_EDGE('',*,*,#10245,.T.);
#10332 = ORIENTED_EDGE('',*,*,#8697,.F.);
#10333 = PLANE('',#10334);
#10334 = AXIS2_PLACEMENT_3D('',#10335,#10336,#10337);
#10335 = CARTESIAN_POINT('',(17.5,48.063235780641,85.467296736488));
#10336 = DIRECTION('',(-1.,0.,0.));
#10337 = DIRECTION('',(0.,1.,0.));
#10338 = ADVANCED_FACE('',(#10339),#10346,.T.);
#10339 = FACE_BOUND('',#10340,.T.);
#10340 = EDGE_LOOP('',(#10341,#10342,#10343,#10344,#10345));
#10341 = ORIENTED_EDGE('',*,*,#10092,.F.);
#10342 = ORIENTED_EDGE('',*,*,#9923,.T.);
#10343 = ORIENTED_EDGE('',*,*,#10186,.T.);
#10344 = ORIENTED_EDGE('',*,*,#10204,.T.);
#10345 = ORIENTED_EDGE('',*,*,#8816,.F.);
#10346 = PLANE('',#10347);
#10347 = AXIS2_PLACEMENT_3D('',#10348,#10349,#10350);
#10348 = CARTESIAN_POINT('',(-15.,51.992117676884,105.5));
#10349 = DIRECTION('',(0.,1.,0.));
#10350 = DIRECTION('',(1.,0.,0.));
#10351 = ADVANCED_FACE('',(#10352),#10358,.F.);
#10352 = FACE_BOUND('',#10353,.T.);
#10353 = EDGE_LOOP('',(#10354,#10355,#10356,#10357));
#10354 = ORIENTED_EDGE('',*,*,#10147,.F.);
#10355 = ORIENTED_EDGE('',*,*,#10054,.F.);
#10356 = ORIENTED_EDGE('',*,*,#10318,.F.);
#10357 = ORIENTED_EDGE('',*,*,#8497,.F.);
#10358 = PLANE('',#10359);
#10359 = AXIS2_PLACEMENT_3D('',#10360,#10361,#10362);
#10360 = CARTESIAN_POINT('',(17.5,56.492117676884,63.));
#10361 = DIRECTION('',(0.,0.,-1.));
#10362 = DIRECTION('',(-1.,0.,0.));
#10363 = ADVANCED_FACE('',(#10364),#10370,.F.);
#10364 = FACE_BOUND('',#10365,.T.);
#10365 = EDGE_LOOP('',(#10366,#10367,#10368,#10369));
#10366 = ORIENTED_EDGE('',*,*,#10274,.F.);
#10367 = ORIENTED_EDGE('',*,*,#10109,.F.);
#10368 = ORIENTED_EDGE('',*,*,#8792,.F.);
#10369 = ORIENTED_EDGE('',*,*,#8641,.F.);
#10370 = PLANE('',#10371);
#10371 = AXIS2_PLACEMENT_3D('',#10372,#10373,#10374);
#10372 = CARTESIAN_POINT('',(-17.5,36.492117676884,63.));
#10373 = DIRECTION('',(0.,0.,-1.));
#10374 = DIRECTION('',(-1.,0.,0.));
#10375 = ADVANCED_FACE('',(#10376),#10383,.F.);
#10376 = FACE_BOUND('',#10377,.T.);
#10377 = EDGE_LOOP('',(#10378,#10379,#10380,#10381,#10382));
#10378 = ORIENTED_EDGE('',*,*,#9986,.F.);
#10379 = ORIENTED_EDGE('',*,*,#9890,.T.);
#10380 = ORIENTED_EDGE('',*,*,#10228,.T.);
#10381 = ORIENTED_EDGE('',*,*,#10253,.T.);
#10382 = ORIENTED_EDGE('',*,*,#10326,.F.);
#10383 = PLANE('',#10384);
#10384 = AXIS2_PLACEMENT_3D('',#10385,#10386,#10387);
#10385 = CARTESIAN_POINT('',(15.,40.992117676884,105.5));
#10386 = DIRECTION('',(0.,1.,0.));
#10387 = DIRECTION('',(1.,0.,0.));
#10388 = ADVANCED_FACE('',(#10389),#10395,.T.);
#10389 = FACE_BOUND('',#10390,.T.);
#10390 = EDGE_LOOP('',(#10391,#10392,#10393,#10394));
#10391 = ORIENTED_EDGE('',*,*,#8871,.F.);
#10392 = ORIENTED_EDGE('',*,*,#8840,.T.);
#10393 = ORIENTED_EDGE('',*,*,#9946,.F.);
#10394 = ORIENTED_EDGE('',*,*,#10310,.T.);
#10395 = PLANE('',#10396);
#10396 = AXIS2_PLACEMENT_3D('',#10397,#10398,#10399);
#10397 = CARTESIAN_POINT('',(-7.332117E-17,66.492117676885,48.));
#10398 = DIRECTION('',(4.291682E-17,0.707106781187,0.707106781187));
#10399 = DIRECTION('',(1.,-3.034677444896E-17,-3.034677444896E-17));
#10400 = ADVANCED_FACE('',(#10401),#10426,.F.);
#10401 = FACE_BOUND('',#10402,.T.);
#10402 = EDGE_LOOP('',(#10403,#10404,#10412,#10420));
#10403 = ORIENTED_EDGE('',*,*,#8665,.T.);
#10404 = ORIENTED_EDGE('',*,*,#10405,.F.);
#10405 = EDGE_CURVE('',#10406,#8658,#10408,.T.);
#10406 = VERTEX_POINT('',#10407);
#10407 = CARTESIAN_POINT('',(-12.5,31.618823507525,30.));
#10408 = LINE('',#10409,#10410);
#10409 = CARTESIAN_POINT('',(-12.5,31.618823507525,30.));
#10410 = VECTOR('',#10411,1.);
#10411 = DIRECTION('',(0.,1.,0.));
#10412 = ORIENTED_EDGE('',*,*,#10413,.F.);
#10413 = EDGE_CURVE('',#10414,#10406,#10416,.T.);
#10414 = VERTEX_POINT('',#10415);
#10415 = CARTESIAN_POINT('',(-12.5,31.618823507525,28.));
#10416 = LINE('',#10417,#10418);
#10417 = CARTESIAN_POINT('',(-12.5,31.618823507525,28.));
#10418 = VECTOR('',#10419,1.);
#10419 = DIRECTION('',(0.,0.,1.));
#10420 = ORIENTED_EDGE('',*,*,#10421,.T.);
#10421 = EDGE_CURVE('',#10414,#8666,#10422,.T.);
#10422 = LINE('',#10423,#10424);
#10423 = CARTESIAN_POINT('',(-12.5,31.618823507525,28.));
#10424 = VECTOR('',#10425,1.);
#10425 = DIRECTION('',(0.,1.,0.));
#10426 = PLANE('',#10427);
#10427 = AXIS2_PLACEMENT_3D('',#10428,#10429,#10430);
#10428 = CARTESIAN_POINT('',(-12.5,84.803693585662,30.));
#10429 = DIRECTION('',(-1.,0.,0.));
#10430 = DIRECTION('',(0.,0.,-1.));
#10431 = ADVANCED_FACE('',(#10432),#10457,.F.);
#10432 = FACE_BOUND('',#10433,.T.);
#10433 = EDGE_LOOP('',(#10434,#10435,#10443,#10451));
#10434 = ORIENTED_EDGE('',*,*,#8911,.T.);
#10435 = ORIENTED_EDGE('',*,*,#10436,.T.);
#10436 = EDGE_CURVE('',#8904,#10437,#10439,.T.);
#10437 = VERTEX_POINT('',#10438);
#10438 = CARTESIAN_POINT('',(-12.5,70.,28.));
#10439 = LINE('',#10440,#10441);
#10440 = CARTESIAN_POINT('',(-12.5,66.492117676884,28.));
#10441 = VECTOR('',#10442,1.);
#10442 = DIRECTION('',(0.,1.,0.));
#10443 = ORIENTED_EDGE('',*,*,#10444,.F.);
#10444 = EDGE_CURVE('',#10445,#10437,#10447,.T.);
#10445 = VERTEX_POINT('',#10446);
#10446 = CARTESIAN_POINT('',(-12.5,70.,30.));
#10447 = LINE('',#10448,#10449);
#10448 = CARTESIAN_POINT('',(-12.5,70.,30.));
#10449 = VECTOR('',#10450,1.);
#10450 = DIRECTION('',(0.,0.,-1.));
#10451 = ORIENTED_EDGE('',*,*,#10452,.F.);
#10452 = EDGE_CURVE('',#8863,#10445,#10453,.T.);
#10453 = LINE('',#10454,#10455);
#10454 = CARTESIAN_POINT('',(-12.5,66.492117676884,30.));
#10455 = VECTOR('',#10456,1.);
#10456 = DIRECTION('',(0.,1.,0.));
#10457 = PLANE('',#10458);
#10458 = AXIS2_PLACEMENT_3D('',#10459,#10460,#10461);
#10459 = CARTESIAN_POINT('',(-12.5,84.803693585662,30.));
#10460 = DIRECTION('',(-1.,0.,0.));
#10461 = DIRECTION('',(0.,0.,-1.));
#10462 = ADVANCED_FACE('',(#10463),#10482,.T.);
#10463 = FACE_BOUND('',#10464,.T.);
#10464 = EDGE_LOOP('',(#10465,#10466,#10467,#10476));
#10465 = ORIENTED_EDGE('',*,*,#8673,.T.);
#10466 = ORIENTED_EDGE('',*,*,#10421,.F.);
#10467 = ORIENTED_EDGE('',*,*,#10468,.F.);
#10468 = EDGE_CURVE('',#10469,#10414,#10471,.T.);
#10469 = VERTEX_POINT('',#10470);
#10470 = CARTESIAN_POINT('',(12.5,31.618823507525,28.));
#10471 = CIRCLE('',#10472,34.);
#10472 = AXIS2_PLACEMENT_3D('',#10473,#10474,#10475);
#10473 = CARTESIAN_POINT('',(-1.144419E-29,2.801644E-14,28.));
#10474 = DIRECTION('',(0.,0.,1.));
#10475 = DIRECTION('',(1.,0.,-0.));
#10476 = ORIENTED_EDGE('',*,*,#10477,.F.);
#10477 = EDGE_CURVE('',#8674,#10469,#10478,.T.);
#10478 = LINE('',#10479,#10480);
#10479 = CARTESIAN_POINT('',(12.5,36.492117676884,28.));
#10480 = VECTOR('',#10481,1.);
#10481 = DIRECTION('',(0.,-1.,0.));
#10482 = PLANE('',#10483);
#10483 = AXIS2_PLACEMENT_3D('',#10484,#10485,#10486);
#10484 = CARTESIAN_POINT('',(1.307673E-16,48.441776096427,28.));
#10485 = DIRECTION('',(0.,0.,1.));
#10486 = DIRECTION('',(-1.,0.,0.));
#10487 = ADVANCED_FACE('',(#10488),#10506,.T.);
#10488 = FACE_BOUND('',#10489,.T.);
#10489 = EDGE_LOOP('',(#10490,#10491,#10499,#10505));
#10490 = ORIENTED_EDGE('',*,*,#8903,.T.);
#10491 = ORIENTED_EDGE('',*,*,#10492,.F.);
#10492 = EDGE_CURVE('',#10493,#8896,#10495,.T.);
#10493 = VERTEX_POINT('',#10494);
#10494 = CARTESIAN_POINT('',(12.5,70.,28.));
#10495 = LINE('',#10496,#10497);
#10496 = CARTESIAN_POINT('',(12.5,70.,28.));
#10497 = VECTOR('',#10498,1.);
#10498 = DIRECTION('',(0.,-1.,0.));
#10499 = ORIENTED_EDGE('',*,*,#10500,.F.);
#10500 = EDGE_CURVE('',#10437,#10493,#10501,.T.);
#10501 = LINE('',#10502,#10503);
#10502 = CARTESIAN_POINT('',(-12.5,70.,28.));
#10503 = VECTOR('',#10504,1.);
#10504 = DIRECTION('',(1.,0.,0.));
#10505 = ORIENTED_EDGE('',*,*,#10436,.F.);
#10506 = PLANE('',#10507);
#10507 = AXIS2_PLACEMENT_3D('',#10508,#10509,#10510);
#10508 = CARTESIAN_POINT('',(1.307673E-16,48.441776096427,28.));
#10509 = DIRECTION('',(0.,0.,1.));
#10510 = DIRECTION('',(-1.,0.,0.));
#10511 = ADVANCED_FACE('',(#10512),#10600,.F.);
#10512 = FACE_BOUND('',#10513,.T.);
#10513 = EDGE_LOOP('',(#10514,#10515,#10516,#10517,#10525,#10534,#10543,
    #10551,#10560,#10569,#10577,#10586,#10594));
#10514 = ORIENTED_EDGE('',*,*,#8887,.T.);
#10515 = ORIENTED_EDGE('',*,*,#10303,.T.);
#10516 = ORIENTED_EDGE('',*,*,#8689,.T.);
#10517 = ORIENTED_EDGE('',*,*,#10518,.T.);
#10518 = EDGE_CURVE('',#8682,#10519,#10521,.T.);
#10519 = VERTEX_POINT('',#10520);
#10520 = CARTESIAN_POINT('',(12.5,31.618823507525,30.));
#10521 = LINE('',#10522,#10523);
#10522 = CARTESIAN_POINT('',(12.5,36.492117676884,30.));
#10523 = VECTOR('',#10524,1.);
#10524 = DIRECTION('',(0.,-1.,0.));
#10525 = ORIENTED_EDGE('',*,*,#10526,.T.);
#10526 = EDGE_CURVE('',#10519,#10527,#10529,.T.);
#10527 = VERTEX_POINT('',#10528);
#10528 = CARTESIAN_POINT('',(20.447688020012,27.164168579882,30.));
#10529 = CIRCLE('',#10530,34.);
#10530 = AXIS2_PLACEMENT_3D('',#10531,#10532,#10533);
#10531 = CARTESIAN_POINT('',(-1.167176E-29,2.801644E-14,30.));
#10532 = DIRECTION('',(0.,0.,-1.));
#10533 = DIRECTION('',(1.,0.,0.));
#10534 = ORIENTED_EDGE('',*,*,#10535,.T.);
#10535 = EDGE_CURVE('',#10527,#10536,#10538,.T.);
#10536 = VERTEX_POINT('',#10537);
#10537 = CARTESIAN_POINT('',(27.197876141931,20.784609690827,30.));
#10538 = CIRCLE('',#10539,6.);
#10539 = AXIS2_PLACEMENT_3D('',#10540,#10541,#10542);
#10540 = CARTESIAN_POINT('',(21.213203435596,21.213203435596,30.));
#10541 = DIRECTION('',(0.,0.,-1.));
#10542 = DIRECTION('',(1.,0.,0.));
#10543 = ORIENTED_EDGE('',*,*,#10544,.T.);
#10544 = EDGE_CURVE('',#10536,#10545,#10547,.T.);
#10545 = VERTEX_POINT('',#10546);
#10546 = CARTESIAN_POINT('',(31.811947441174,20.784609690827,30.));
#10547 = LINE('',#10548,#10549);
#10548 = CARTESIAN_POINT('',(27.197876141931,20.784609690827,30.));
#10549 = VECTOR('',#10550,1.);
#10550 = DIRECTION('',(1.,0.,0.));
#10551 = ORIENTED_EDGE('',*,*,#10552,.F.);
#10552 = EDGE_CURVE('',#10553,#10545,#10555,.T.);
#10553 = VERTEX_POINT('',#10554);
#10554 = CARTESIAN_POINT('',(23.75,29.663740492392,30.));
#10555 = CIRCLE('',#10556,38.);
#10556 = AXIS2_PLACEMENT_3D('',#10557,#10558,#10559);
#10557 = CARTESIAN_POINT('',(-1.167176E-29,2.801644E-14,30.));
#10558 = DIRECTION('',(0.,0.,-1.));
#10559 = DIRECTION('',(1.,0.,0.));
#10560 = ORIENTED_EDGE('',*,*,#10561,.F.);
#10561 = EDGE_CURVE('',#10562,#10553,#10564,.T.);
#10562 = VERTEX_POINT('',#10563);
#10563 = CARTESIAN_POINT('',(20.,37.46998799039,30.));
#10564 = CIRCLE('',#10565,10.);
#10565 = AXIS2_PLACEMENT_3D('',#10566,#10567,#10568);
#10566 = CARTESIAN_POINT('',(30.,37.46998799039,30.));
#10567 = DIRECTION('',(-9.245048E-32,-4.441177E-32,1.));
#10568 = DIRECTION('',(-0.901387818866,-0.433012701892,
    -1.025645970438E-31));
#10569 = ORIENTED_EDGE('',*,*,#10570,.T.);
#10570 = EDGE_CURVE('',#10562,#10571,#10573,.T.);
#10571 = VERTEX_POINT('',#10572);
#10572 = CARTESIAN_POINT('',(20.,65.,30.));
#10573 = LINE('',#10574,#10575);
#10574 = CARTESIAN_POINT('',(20.,37.46998799039,30.));
#10575 = VECTOR('',#10576,1.);
#10576 = DIRECTION('',(0.,1.,0.));
#10577 = ORIENTED_EDGE('',*,*,#10578,.F.);
#10578 = EDGE_CURVE('',#10579,#10571,#10581,.T.);
#10579 = VERTEX_POINT('',#10580);
#10580 = CARTESIAN_POINT('',(15.,70.,30.));
#10581 = CIRCLE('',#10582,5.);
#10582 = AXIS2_PLACEMENT_3D('',#10583,#10584,#10585);
#10583 = CARTESIAN_POINT('',(15.,65.,30.));
#10584 = DIRECTION('',(5.68926E-32,5.68926E-32,-1.));
#10585 = DIRECTION('',(0.707106781187,0.707106781187,8.045828651867E-32)
  );
#10586 = ORIENTED_EDGE('',*,*,#10587,.T.);
#10587 = EDGE_CURVE('',#10579,#10588,#10590,.T.);
#10588 = VERTEX_POINT('',#10589);
#10589 = CARTESIAN_POINT('',(12.5,70.,30.));
#10590 = LINE('',#10591,#10592);
#10591 = CARTESIAN_POINT('',(15.,70.,30.));
#10592 = VECTOR('',#10593,1.);
#10593 = DIRECTION('',(-1.,0.,0.));
#10594 = ORIENTED_EDGE('',*,*,#10595,.T.);
#10595 = EDGE_CURVE('',#10588,#8888,#10596,.T.);
#10596 = LINE('',#10597,#10598);
#10597 = CARTESIAN_POINT('',(12.5,70.,30.));
#10598 = VECTOR('',#10599,1.);
#10599 = DIRECTION('',(0.,-1.,0.));
#10600 = PLANE('',#10601);
#10601 = AXIS2_PLACEMENT_3D('',#10602,#10603,#10604);
#10602 = CARTESIAN_POINT('',(-1.167176E-29,2.801644E-14,30.));
#10603 = DIRECTION('',(0.,0.,-1.));
#10604 = DIRECTION('',(1.,0.,0.));
#10605 = ADVANCED_FACE('',(#10606),#10617,.F.);
#10606 = FACE_BOUND('',#10607,.T.);
#10607 = EDGE_LOOP('',(#10608,#10609,#10610,#10616));
#10608 = ORIENTED_EDGE('',*,*,#8681,.T.);
#10609 = ORIENTED_EDGE('',*,*,#10477,.T.);
#10610 = ORIENTED_EDGE('',*,*,#10611,.F.);
#10611 = EDGE_CURVE('',#10519,#10469,#10612,.T.);
#10612 = LINE('',#10613,#10614);
#10613 = CARTESIAN_POINT('',(12.5,31.618823507525,30.));
#10614 = VECTOR('',#10615,1.);
#10615 = DIRECTION('',(0.,0.,-1.));
#10616 = ORIENTED_EDGE('',*,*,#10518,.F.);
#10617 = PLANE('',#10618);
#10618 = AXIS2_PLACEMENT_3D('',#10619,#10620,#10621);
#10619 = CARTESIAN_POINT('',(12.5,12.079858607193,30.));
#10620 = DIRECTION('',(1.,0.,0.));
#10621 = DIRECTION('',(0.,0.,1.));
#10622 = ADVANCED_FACE('',(#10623),#10634,.F.);
#10623 = FACE_BOUND('',#10624,.T.);
#10624 = EDGE_LOOP('',(#10625,#10626,#10627,#10633));
#10625 = ORIENTED_EDGE('',*,*,#8895,.T.);
#10626 = ORIENTED_EDGE('',*,*,#10595,.F.);
#10627 = ORIENTED_EDGE('',*,*,#10628,.F.);
#10628 = EDGE_CURVE('',#10493,#10588,#10629,.T.);
#10629 = LINE('',#10630,#10631);
#10630 = CARTESIAN_POINT('',(12.5,70.,28.));
#10631 = VECTOR('',#10632,1.);
#10632 = DIRECTION('',(0.,0.,1.));
#10633 = ORIENTED_EDGE('',*,*,#10492,.T.);
#10634 = PLANE('',#10635);
#10635 = AXIS2_PLACEMENT_3D('',#10636,#10637,#10638);
#10636 = CARTESIAN_POINT('',(12.5,12.079858607193,30.));
#10637 = DIRECTION('',(1.,0.,0.));
#10638 = DIRECTION('',(0.,0.,1.));
#10639 = ADVANCED_FACE('',(#10640,#10643,#10646),#10729,.F.);
#10640 = FACE_BOUND('',#10641,.F.);
#10641 = EDGE_LOOP('',(#10642));
#10642 = ORIENTED_EDGE('',*,*,#9252,.F.);
#10643 = FACE_BOUND('',#10644,.F.);
#10644 = EDGE_LOOP('',(#10645));
#10645 = ORIENTED_EDGE('',*,*,#9628,.F.);
#10646 = FACE_BOUND('',#10647,.F.);
#10647 = EDGE_LOOP('',(#10648,#10656,#10664,#10673,#10681,#10690,#10696,
    #10704,#10713,#10722));
#10648 = ORIENTED_EDGE('',*,*,#10649,.T.);
#10649 = EDGE_CURVE('',#10650,#9246,#10652,.T.);
#10650 = VERTEX_POINT('',#10651);
#10651 = CARTESIAN_POINT('',(20.,37.46998799039,10.));
#10652 = LINE('',#10653,#10654);
#10653 = CARTESIAN_POINT('',(20.,37.46998799039,10.));
#10654 = VECTOR('',#10655,1.);
#10655 = DIRECTION('',(0.,1.,0.));
#10656 = ORIENTED_EDGE('',*,*,#10657,.T.);
#10657 = EDGE_CURVE('',#9246,#10658,#10660,.T.);
#10658 = VERTEX_POINT('',#10659);
#10659 = CARTESIAN_POINT('',(20.,65.,10.));
#10660 = LINE('',#10661,#10662);
#10661 = CARTESIAN_POINT('',(20.,57.492117676884,10.));
#10662 = VECTOR('',#10663,1.);
#10663 = DIRECTION('',(0.,1.,0.));
#10664 = ORIENTED_EDGE('',*,*,#10665,.T.);
#10665 = EDGE_CURVE('',#10658,#10666,#10668,.T.);
#10666 = VERTEX_POINT('',#10667);
#10667 = CARTESIAN_POINT('',(15.,70.,10.));
#10668 = CIRCLE('',#10669,5.);
#10669 = AXIS2_PLACEMENT_3D('',#10670,#10671,#10672);
#10670 = CARTESIAN_POINT('',(15.,65.,10.));
#10671 = DIRECTION('',(-5.68926E-32,-5.68926E-32,1.));
#10672 = DIRECTION('',(0.707106781187,0.707106781187,8.045828651867E-32)
  );
#10673 = ORIENTED_EDGE('',*,*,#10674,.T.);
#10674 = EDGE_CURVE('',#10666,#10675,#10677,.T.);
#10675 = VERTEX_POINT('',#10676);
#10676 = CARTESIAN_POINT('',(-15.,70.,10.));
#10677 = LINE('',#10678,#10679);
#10678 = CARTESIAN_POINT('',(15.,70.,10.));
#10679 = VECTOR('',#10680,1.);
#10680 = DIRECTION('',(-1.,0.,0.));
#10681 = ORIENTED_EDGE('',*,*,#10682,.T.);
#10682 = EDGE_CURVE('',#10675,#10683,#10685,.T.);
#10683 = VERTEX_POINT('',#10684);
#10684 = CARTESIAN_POINT('',(-20.,65.,10.));
#10685 = CIRCLE('',#10686,5.);
#10686 = AXIS2_PLACEMENT_3D('',#10687,#10688,#10689);
#10687 = CARTESIAN_POINT('',(-15.,65.,10.));
#10688 = DIRECTION('',(-5.68926E-32,5.68926E-32,1.));
#10689 = DIRECTION('',(-0.707106781187,0.707106781187,
    -8.045828651867E-32));
#10690 = ORIENTED_EDGE('',*,*,#10691,.T.);
#10691 = EDGE_CURVE('',#10683,#9629,#10692,.T.);
#10692 = LINE('',#10693,#10694);
#10693 = CARTESIAN_POINT('',(-20.,65.,10.));
#10694 = VECTOR('',#10695,1.);
#10695 = DIRECTION('',(0.,-1.,0.));
#10696 = ORIENTED_EDGE('',*,*,#10697,.T.);
#10697 = EDGE_CURVE('',#9629,#10698,#10700,.T.);
#10698 = VERTEX_POINT('',#10699);
#10699 = CARTESIAN_POINT('',(-20.,37.46998799039,10.));
#10700 = LINE('',#10701,#10702);
#10701 = CARTESIAN_POINT('',(-20.,57.492117676884,10.));
#10702 = VECTOR('',#10703,1.);
#10703 = DIRECTION('',(0.,-1.,0.));
#10704 = ORIENTED_EDGE('',*,*,#10705,.T.);
#10705 = EDGE_CURVE('',#10698,#10706,#10708,.T.);
#10706 = VERTEX_POINT('',#10707);
#10707 = CARTESIAN_POINT('',(-23.75,29.663740492392,10.));
#10708 = CIRCLE('',#10709,10.);
#10709 = AXIS2_PLACEMENT_3D('',#10710,#10711,#10712);
#10710 = CARTESIAN_POINT('',(-30.,37.46998799039,10.));
#10711 = DIRECTION('',(9.245048E-32,-4.441177E-32,-1.));
#10712 = DIRECTION('',(0.901387818866,-0.433012701892,1.025645970438E-31
    ));
#10713 = ORIENTED_EDGE('',*,*,#10714,.T.);
#10714 = EDGE_CURVE('',#10706,#10715,#10717,.T.);
#10715 = VERTEX_POINT('',#10716);
#10716 = CARTESIAN_POINT('',(23.75,29.663740492392,10.));
#10717 = CIRCLE('',#10718,38.);
#10718 = AXIS2_PLACEMENT_3D('',#10719,#10720,#10721);
#10719 = CARTESIAN_POINT('',(-9.396058E-30,2.801644E-14,10.));
#10720 = DIRECTION('',(0.,0.,-1.));
#10721 = DIRECTION('',(1.,0.,0.));
#10722 = ORIENTED_EDGE('',*,*,#10723,.T.);
#10723 = EDGE_CURVE('',#10715,#10650,#10724,.T.);
#10724 = CIRCLE('',#10725,10.);
#10725 = AXIS2_PLACEMENT_3D('',#10726,#10727,#10728);
#10726 = CARTESIAN_POINT('',(30.,37.46998799039,10.));
#10727 = DIRECTION('',(9.245048E-32,4.441177E-32,-1.));
#10728 = DIRECTION('',(-0.901387818866,-0.433012701892,
    -1.025645970438E-31));
#10729 = PLANE('',#10730);
#10730 = AXIS2_PLACEMENT_3D('',#10731,#10732,#10733);
#10731 = CARTESIAN_POINT('',(1.289381E-14,51.809755458969,10.));
#10732 = DIRECTION('',(0.,0.,1.));
#10733 = DIRECTION('',(-1.,0.,0.));
#10734 = ADVANCED_FACE('',(#10735),#10809,.F.);
#10735 = FACE_BOUND('',#10736,.T.);
#10736 = EDGE_LOOP('',(#10737,#10738,#10739,#10747,#10756,#10764,#10773,
    #10782,#10790,#10799,#10806,#10807,#10808));
#10737 = ORIENTED_EDGE('',*,*,#8862,.T.);
#10738 = ORIENTED_EDGE('',*,*,#10452,.T.);
#10739 = ORIENTED_EDGE('',*,*,#10740,.T.);
#10740 = EDGE_CURVE('',#10445,#10741,#10743,.T.);
#10741 = VERTEX_POINT('',#10742);
#10742 = CARTESIAN_POINT('',(-15.,70.,30.));
#10743 = LINE('',#10744,#10745);
#10744 = CARTESIAN_POINT('',(-12.5,70.,30.));
#10745 = VECTOR('',#10746,1.);
#10746 = DIRECTION('',(-1.,0.,0.));
#10747 = ORIENTED_EDGE('',*,*,#10748,.F.);
#10748 = EDGE_CURVE('',#10749,#10741,#10751,.T.);
#10749 = VERTEX_POINT('',#10750);
#10750 = CARTESIAN_POINT('',(-20.,65.,30.));
#10751 = CIRCLE('',#10752,5.);
#10752 = AXIS2_PLACEMENT_3D('',#10753,#10754,#10755);
#10753 = CARTESIAN_POINT('',(-15.,65.,30.));
#10754 = DIRECTION('',(5.68926E-32,-5.68926E-32,-1.));
#10755 = DIRECTION('',(-0.707106781187,0.707106781187,
    -8.045828651867E-32));
#10756 = ORIENTED_EDGE('',*,*,#10757,.T.);
#10757 = EDGE_CURVE('',#10749,#10758,#10760,.T.);
#10758 = VERTEX_POINT('',#10759);
#10759 = CARTESIAN_POINT('',(-20.,37.46998799039,30.));
#10760 = LINE('',#10761,#10762);
#10761 = CARTESIAN_POINT('',(-20.,65.,30.));
#10762 = VECTOR('',#10763,1.);
#10763 = DIRECTION('',(0.,-1.,0.));
#10764 = ORIENTED_EDGE('',*,*,#10765,.F.);
#10765 = EDGE_CURVE('',#10766,#10758,#10768,.T.);
#10766 = VERTEX_POINT('',#10767);
#10767 = CARTESIAN_POINT('',(-23.75,29.663740492392,30.));
#10768 = CIRCLE('',#10769,10.);
#10769 = AXIS2_PLACEMENT_3D('',#10770,#10771,#10772);
#10770 = CARTESIAN_POINT('',(-30.,37.46998799039,30.));
#10771 = DIRECTION('',(-9.245048E-32,4.441177E-32,1.));
#10772 = DIRECTION('',(0.901387818866,-0.433012701892,1.025645970438E-31
    ));
#10773 = ORIENTED_EDGE('',*,*,#10774,.F.);
#10774 = EDGE_CURVE('',#10775,#10766,#10777,.T.);
#10775 = VERTEX_POINT('',#10776);
#10776 = CARTESIAN_POINT('',(-31.81194744117,20.784609690827,30.));
#10777 = CIRCLE('',#10778,38.);
#10778 = AXIS2_PLACEMENT_3D('',#10779,#10780,#10781);
#10779 = CARTESIAN_POINT('',(-1.167176E-29,2.801644E-14,30.));
#10780 = DIRECTION('',(0.,0.,-1.));
#10781 = DIRECTION('',(1.,0.,0.));
#10782 = ORIENTED_EDGE('',*,*,#10783,.T.);
#10783 = EDGE_CURVE('',#10775,#10784,#10786,.T.);
#10784 = VERTEX_POINT('',#10785);
#10785 = CARTESIAN_POINT('',(-27.19787614193,20.784609690827,30.));
#10786 = LINE('',#10787,#10788);
#10787 = CARTESIAN_POINT('',(-31.81194744117,20.784609690827,30.));
#10788 = VECTOR('',#10789,1.);
#10789 = DIRECTION('',(1.,0.,0.));
#10790 = ORIENTED_EDGE('',*,*,#10791,.T.);
#10791 = EDGE_CURVE('',#10784,#10792,#10794,.T.);
#10792 = VERTEX_POINT('',#10793);
#10793 = CARTESIAN_POINT('',(-20.44768802001,27.164168579882,30.));
#10794 = CIRCLE('',#10795,6.);
#10795 = AXIS2_PLACEMENT_3D('',#10796,#10797,#10798);
#10796 = CARTESIAN_POINT('',(-21.21320343559,21.213203435596,30.));
#10797 = DIRECTION('',(0.,0.,-1.));
#10798 = DIRECTION('',(0.,1.,0.));
#10799 = ORIENTED_EDGE('',*,*,#10800,.T.);
#10800 = EDGE_CURVE('',#10792,#10406,#10801,.T.);
#10801 = CIRCLE('',#10802,34.);
#10802 = AXIS2_PLACEMENT_3D('',#10803,#10804,#10805);
#10803 = CARTESIAN_POINT('',(-1.167176E-29,2.801644E-14,30.));
#10804 = DIRECTION('',(0.,0.,-1.));
#10805 = DIRECTION('',(1.,0.,0.));
#10806 = ORIENTED_EDGE('',*,*,#10405,.T.);
#10807 = ORIENTED_EDGE('',*,*,#8657,.T.);
#10808 = ORIENTED_EDGE('',*,*,#8783,.T.);
#10809 = PLANE('',#10810);
#10810 = AXIS2_PLACEMENT_3D('',#10811,#10812,#10813);
#10811 = CARTESIAN_POINT('',(-1.167176E-29,2.801644E-14,30.));
#10812 = DIRECTION('',(0.,0.,-1.));
#10813 = DIRECTION('',(1.,0.,0.));
#10814 = ADVANCED_FACE('',(#10815),#10845,.F.);
#10815 = FACE_BOUND('',#10816,.F.);
#10816 = EDGE_LOOP('',(#10817,#10818,#10819,#10820,#10828,#10837,#10843,
    #10844));
#10817 = ORIENTED_EDGE('',*,*,#10468,.F.);
#10818 = ORIENTED_EDGE('',*,*,#10611,.F.);
#10819 = ORIENTED_EDGE('',*,*,#10526,.T.);
#10820 = ORIENTED_EDGE('',*,*,#10821,.F.);
#10821 = EDGE_CURVE('',#10822,#10527,#10824,.T.);
#10822 = VERTEX_POINT('',#10823);
#10823 = CARTESIAN_POINT('',(20.447688020012,27.164168579882,6.));
#10824 = LINE('',#10825,#10826);
#10825 = CARTESIAN_POINT('',(20.447688020012,27.164168579882,6.));
#10826 = VECTOR('',#10827,1.);
#10827 = DIRECTION('',(0.,0.,1.));
#10828 = ORIENTED_EDGE('',*,*,#10829,.T.);
#10829 = EDGE_CURVE('',#10822,#10830,#10832,.T.);
#10830 = VERTEX_POINT('',#10831);
#10831 = CARTESIAN_POINT('',(-20.44768802001,27.164168579882,6.));
#10832 = CIRCLE('',#10833,34.);
#10833 = AXIS2_PLACEMENT_3D('',#10834,#10835,#10836);
#10834 = CARTESIAN_POINT('',(-8.940917E-30,2.801644E-14,6.));
#10835 = DIRECTION('',(0.,0.,1.));
#10836 = DIRECTION('',(1.,0.,-0.));
#10837 = ORIENTED_EDGE('',*,*,#10838,.F.);
#10838 = EDGE_CURVE('',#10792,#10830,#10839,.T.);
#10839 = LINE('',#10840,#10841);
#10840 = CARTESIAN_POINT('',(-20.44768802001,27.164168579882,30.));
#10841 = VECTOR('',#10842,1.);
#10842 = DIRECTION('',(0.,0.,-1.));
#10843 = ORIENTED_EDGE('',*,*,#10800,.T.);
#10844 = ORIENTED_EDGE('',*,*,#10413,.F.);
#10845 = CYLINDRICAL_SURFACE('',#10846,34.);
#10846 = AXIS2_PLACEMENT_3D('',#10847,#10848,#10849);
#10847 = CARTESIAN_POINT('',(-1.167176E-29,2.801644E-14,30.));
#10848 = DIRECTION('',(1.137852E-31,-2.899307E-47,-1.));
#10849 = DIRECTION('',(1.,3.298982268564E-78,1.137852E-31));
#10850 = ADVANCED_FACE('',(#10851,#10862,#10882,#10893,#10904,#10915,
    #10926),#10937,.T.);
#10851 = FACE_BOUND('',#10852,.T.);
#10852 = EDGE_LOOP('',(#10853));
#10853 = ORIENTED_EDGE('',*,*,#10854,.T.);
#10854 = EDGE_CURVE('',#10855,#10855,#10857,.T.);
#10855 = VERTEX_POINT('',#10856);
#10856 = CARTESIAN_POINT('',(-12.5,31.88749754998,-7.111575E-31));
#10857 = CIRCLE('',#10858,34.25);
#10858 = AXIS2_PLACEMENT_3D('',#10859,#10860,#10861);
#10859 = CARTESIAN_POINT('',(-8.258206E-30,2.801644E-14,0.));
#10860 = DIRECTION('',(0.,0.,-1.));
#10861 = DIRECTION('',(-1.,0.,0.));
#10862 = FACE_BOUND('',#10863,.T.);
#10863 = EDGE_LOOP('',(#10864,#10875));
#10864 = ORIENTED_EDGE('',*,*,#10865,.T.);
#10865 = EDGE_CURVE('',#10866,#10868,#10870,.T.);
#10866 = VERTEX_POINT('',#10867);
#10867 = CARTESIAN_POINT('',(-25.5,3.139112E-14,-2.901523E-30));
#10868 = VERTEX_POINT('',#10869);
#10869 = CARTESIAN_POINT('',(19.761864416891,16.115790851473,
    5.150130295049E-30));
#10870 = CIRCLE('',#10871,25.5);
#10871 = AXIS2_PLACEMENT_3D('',#10872,#10873,#10874);
#10872 = CARTESIAN_POINT('',(-8.258206E-30,2.801644E-14,0.));
#10873 = DIRECTION('',(0.,0.,1.));
#10874 = DIRECTION('',(1.,0.,-0.));
#10875 = ORIENTED_EDGE('',*,*,#10876,.T.);
#10876 = EDGE_CURVE('',#10868,#10866,#10877,.T.);
#10877 = CIRCLE('',#10878,25.5);
#10878 = AXIS2_PLACEMENT_3D('',#10879,#10880,#10881);
#10879 = CARTESIAN_POINT('',(-8.258206E-30,2.801644E-14,0.));
#10880 = DIRECTION('',(0.,0.,1.));
#10881 = DIRECTION('',(1.,0.,-0.));
#10882 = FACE_BOUND('',#10883,.T.);
#10883 = EDGE_LOOP('',(#10884));
#10884 = ORIENTED_EDGE('',*,*,#10885,.F.);
#10885 = EDGE_CURVE('',#10886,#10886,#10888,.T.);
#10886 = VERTEX_POINT('',#10887);
#10887 = CARTESIAN_POINT('',(19.44543648263,-22.98097038856,
    -2.362711E-15));
#10888 = CIRCLE('',#10889,2.5);
#10889 = AXIS2_PLACEMENT_3D('',#10890,#10891,#10892);
#10890 = CARTESIAN_POINT('',(21.213203435596,-21.21320343559,
    -2.220446E-15));
#10891 = DIRECTION('',(4.023858E-17,4.023858E-17,-1.));
#10892 = DIRECTION('',(0.707106781187,0.707106781187,5.690594556663E-17)
  );
#10893 = FACE_BOUND('',#10894,.T.);
#10894 = EDGE_LOOP('',(#10895));
#10895 = ORIENTED_EDGE('',*,*,#10896,.F.);
#10896 = EDGE_CURVE('',#10897,#10897,#10899,.T.);
#10897 = VERTEX_POINT('',#10898);
#10898 = CARTESIAN_POINT('',(22.980970388563,19.44543648263,
    -2.362711E-15));
#10899 = CIRCLE('',#10900,2.5);
#10900 = AXIS2_PLACEMENT_3D('',#10901,#10902,#10903);
#10901 = CARTESIAN_POINT('',(21.213203435596,21.213203435596,
    -2.220446E-15));
#10902 = DIRECTION('',(-4.023858E-17,4.023858E-17,-1.));
#10903 = DIRECTION('',(-0.707106781187,0.707106781187,5.690594556663E-17
    ));
#10904 = FACE_BOUND('',#10905,.T.);
#10905 = EDGE_LOOP('',(#10906));
#10906 = ORIENTED_EDGE('',*,*,#10907,.F.);
#10907 = EDGE_CURVE('',#10908,#10908,#10910,.T.);
#10908 = VERTEX_POINT('',#10909);
#10909 = CARTESIAN_POINT('',(-19.44543648263,22.980970388563,
    -2.362711E-15));
#10910 = CIRCLE('',#10911,2.5);
#10911 = AXIS2_PLACEMENT_3D('',#10912,#10913,#10914);
#10912 = CARTESIAN_POINT('',(-21.21320343559,21.213203435596,
    -2.220446E-15));
#10913 = DIRECTION('',(-4.023858E-17,-4.023858E-17,-1.));
#10914 = DIRECTION('',(-0.707106781187,-0.707106781187,
    5.690594556663E-17));
#10915 = FACE_BOUND('',#10916,.T.);
#10916 = EDGE_LOOP('',(#10917));
#10917 = ORIENTED_EDGE('',*,*,#10918,.F.);
#10918 = EDGE_CURVE('',#10919,#10919,#10921,.T.);
#10919 = VERTEX_POINT('',#10920);
#10920 = CARTESIAN_POINT('',(-22.98097038856,-19.44543648263,
    -2.362711E-15));
#10921 = CIRCLE('',#10922,2.5);
#10922 = AXIS2_PLACEMENT_3D('',#10923,#10924,#10925);
#10923 = CARTESIAN_POINT('',(-21.21320343559,-21.21320343559,
    -2.220446E-15));
#10924 = DIRECTION('',(4.023858E-17,-4.023858E-17,-1.));
#10925 = DIRECTION('',(0.707106781187,-0.707106781187,5.690594556663E-17
    ));
#10926 = FACE_BOUND('',#10927,.T.);
#10927 = EDGE_LOOP('',(#10928));
#10928 = ORIENTED_EDGE('',*,*,#10929,.F.);
#10929 = EDGE_CURVE('',#10930,#10930,#10932,.T.);
#10930 = VERTEX_POINT('',#10931);
#10931 = CARTESIAN_POINT('',(2.,-30.,7.10102E-63));
#10932 = CIRCLE('',#10933,2.);
#10933 = AXIS2_PLACEMENT_3D('',#10934,#10935,#10936);
#10934 = CARTESIAN_POINT('',(0.,-30.,0.));
#10935 = DIRECTION('',(0.,0.,-1.));
#10936 = DIRECTION('',(-1.,0.,0.));
#10937 = PLANE('',#10938);
#10938 = AXIS2_PLACEMENT_3D('',#10939,#10940,#10941);
#10939 = CARTESIAN_POINT('',(-8.258206E-30,2.801644E-14,0.));
#10940 = DIRECTION('',(0.,0.,-1.));
#10941 = DIRECTION('',(1.,0.,0.));
#10942 = ADVANCED_FACE('',(#10943,#11007),#11081,.F.);
#10943 = FACE_BOUND('',#10944,.T.);
#10944 = EDGE_LOOP('',(#10945,#10946,#10955,#10964,#10973,#10982,#10991,
    #11000));
#10945 = ORIENTED_EDGE('',*,*,#10829,.T.);
#10946 = ORIENTED_EDGE('',*,*,#10947,.T.);
#10947 = EDGE_CURVE('',#10830,#10948,#10950,.T.);
#10948 = VERTEX_POINT('',#10949);
#10949 = CARTESIAN_POINT('',(-27.16416857988,20.447688020012,6.));
#10950 = CIRCLE('',#10951,6.);
#10951 = AXIS2_PLACEMENT_3D('',#10952,#10953,#10954);
#10952 = CARTESIAN_POINT('',(-21.21320343559,21.213203435596,6.));
#10953 = DIRECTION('',(0.,-0.,1.));
#10954 = DIRECTION('',(0.,1.,0.));
#10955 = ORIENTED_EDGE('',*,*,#10956,.T.);
#10956 = EDGE_CURVE('',#10948,#10957,#10959,.T.);
#10957 = VERTEX_POINT('',#10958);
#10958 = CARTESIAN_POINT('',(-27.16416857988,-20.44768802001,6.));
#10959 = CIRCLE('',#10960,34.);
#10960 = AXIS2_PLACEMENT_3D('',#10961,#10962,#10963);
#10961 = CARTESIAN_POINT('',(-8.940917E-30,2.801644E-14,6.));
#10962 = DIRECTION('',(0.,0.,1.));
#10963 = DIRECTION('',(1.,0.,-0.));
#10964 = ORIENTED_EDGE('',*,*,#10965,.T.);
#10965 = EDGE_CURVE('',#10957,#10966,#10968,.T.);
#10966 = VERTEX_POINT('',#10967);
#10967 = CARTESIAN_POINT('',(-20.44768802001,-27.16416857988,6.));
#10968 = CIRCLE('',#10969,6.);
#10969 = AXIS2_PLACEMENT_3D('',#10970,#10971,#10972);
#10970 = CARTESIAN_POINT('',(-21.21320343559,-21.21320343559,6.));
#10971 = DIRECTION('',(0.,0.,1.));
#10972 = DIRECTION('',(-1.,0.,0.));
#10973 = ORIENTED_EDGE('',*,*,#10974,.T.);
#10974 = EDGE_CURVE('',#10966,#10975,#10977,.T.);
#10975 = VERTEX_POINT('',#10976);
#10976 = CARTESIAN_POINT('',(20.447688020012,-27.16416857988,6.));
#10977 = CIRCLE('',#10978,34.);
#10978 = AXIS2_PLACEMENT_3D('',#10979,#10980,#10981);
#10979 = CARTESIAN_POINT('',(-8.940917E-30,2.801644E-14,6.));
#10980 = DIRECTION('',(0.,0.,1.));
#10981 = DIRECTION('',(1.,0.,-0.));
#10982 = ORIENTED_EDGE('',*,*,#10983,.T.);
#10983 = EDGE_CURVE('',#10975,#10984,#10986,.T.);
#10984 = VERTEX_POINT('',#10985);
#10985 = CARTESIAN_POINT('',(27.164168579882,-20.44768802001,6.));
#10986 = CIRCLE('',#10987,6.);
#10987 = AXIS2_PLACEMENT_3D('',#10988,#10989,#10990);
#10988 = CARTESIAN_POINT('',(21.213203435596,-21.21320343559,6.));
#10989 = DIRECTION('',(0.,0.,1.));
#10990 = DIRECTION('',(0.,-1.,0.));
#10991 = ORIENTED_EDGE('',*,*,#10992,.T.);
#10992 = EDGE_CURVE('',#10984,#10993,#10995,.T.);
#10993 = VERTEX_POINT('',#10994);
#10994 = CARTESIAN_POINT('',(27.164168579882,20.447688020012,6.));
#10995 = CIRCLE('',#10996,34.);
#10996 = AXIS2_PLACEMENT_3D('',#10997,#10998,#10999);
#10997 = CARTESIAN_POINT('',(-8.940917E-30,2.801644E-14,6.));
#10998 = DIRECTION('',(0.,0.,1.));
#10999 = DIRECTION('',(1.,0.,-0.));
#11000 = ORIENTED_EDGE('',*,*,#11001,.T.);
#11001 = EDGE_CURVE('',#10993,#10822,#11002,.T.);
#11002 = CIRCLE('',#11003,6.);
#11003 = AXIS2_PLACEMENT_3D('',#11004,#11005,#11006);
#11004 = CARTESIAN_POINT('',(21.213203435596,21.213203435596,6.));
#11005 = DIRECTION('',(0.,0.,1.));
#11006 = DIRECTION('',(1.,0.,-0.));
#11007 = FACE_BOUND('',#11008,.T.);
#11008 = EDGE_LOOP('',(#11009,#11020,#11029,#11038,#11047,#11056,#11065,
    #11074));
#11009 = ORIENTED_EDGE('',*,*,#11010,.F.);
#11010 = EDGE_CURVE('',#11011,#11013,#11015,.T.);
#11011 = VERTEX_POINT('',#11012);
#11012 = CARTESIAN_POINT('',(16.115790851473,19.761864416891,6.));
#11013 = VERTEX_POINT('',#11014);
#11014 = CARTESIAN_POINT('',(-16.11579085147,19.761864416891,6.));
#11015 = CIRCLE('',#11016,25.5);
#11016 = AXIS2_PLACEMENT_3D('',#11017,#11018,#11019);
#11017 = CARTESIAN_POINT('',(-8.940917E-30,2.801644E-14,6.));
#11018 = DIRECTION('',(0.,0.,1.));
#11019 = DIRECTION('',(1.,0.,-0.));
#11020 = ORIENTED_EDGE('',*,*,#11021,.F.);
#11021 = EDGE_CURVE('',#11022,#11011,#11024,.T.);
#11022 = VERTEX_POINT('',#11023);
#11023 = CARTESIAN_POINT('',(19.761864416891,16.115790851473,6.));
#11024 = CIRCLE('',#11025,5.3);
#11025 = AXIS2_PLACEMENT_3D('',#11026,#11027,#11028);
#11026 = CARTESIAN_POINT('',(21.213203435596,21.213203435596,6.));
#11027 = DIRECTION('',(7.406028E-17,-3.913415E-16,1.));
#11028 = DIRECTION('',(0.18594668226,-0.982559836018,-3.982877034204E-16
    ));
#11029 = ORIENTED_EDGE('',*,*,#11030,.F.);
#11030 = EDGE_CURVE('',#11031,#11022,#11033,.T.);
#11031 = VERTEX_POINT('',#11032);
#11032 = CARTESIAN_POINT('',(19.761864416891,-16.11579085147,6.));
#11033 = CIRCLE('',#11034,25.5);
#11034 = AXIS2_PLACEMENT_3D('',#11035,#11036,#11037);
#11035 = CARTESIAN_POINT('',(-8.940917E-30,2.801644E-14,6.));
#11036 = DIRECTION('',(0.,0.,1.));
#11037 = DIRECTION('',(1.,0.,-0.));
#11038 = ORIENTED_EDGE('',*,*,#11039,.F.);
#11039 = EDGE_CURVE('',#11040,#11031,#11042,.T.);
#11040 = VERTEX_POINT('',#11041);
#11041 = CARTESIAN_POINT('',(16.115790851473,-19.76186441689,6.));
#11042 = CIRCLE('',#11043,5.3);
#11043 = AXIS2_PLACEMENT_3D('',#11044,#11045,#11046);
#11044 = CARTESIAN_POINT('',(21.213203435596,-21.21320343559,6.));
#11045 = DIRECTION('',(-3.913415E-16,-7.406028E-17,1.));
#11046 = DIRECTION('',(-0.982559836018,-0.18594668226,
    -3.982877034204E-16));
#11047 = ORIENTED_EDGE('',*,*,#11048,.F.);
#11048 = EDGE_CURVE('',#11049,#11040,#11051,.T.);
#11049 = VERTEX_POINT('',#11050);
#11050 = CARTESIAN_POINT('',(-16.11579085147,-19.76186441689,6.));
#11051 = CIRCLE('',#11052,25.5);
#11052 = AXIS2_PLACEMENT_3D('',#11053,#11054,#11055);
#11053 = CARTESIAN_POINT('',(-8.940917E-30,2.801644E-14,6.));
#11054 = DIRECTION('',(0.,0.,1.));
#11055 = DIRECTION('',(1.,0.,-0.));
#11056 = ORIENTED_EDGE('',*,*,#11057,.F.);
#11057 = EDGE_CURVE('',#11058,#11049,#11060,.T.);
#11058 = VERTEX_POINT('',#11059);
#11059 = CARTESIAN_POINT('',(-19.76186441689,-16.11579085147,6.));
#11060 = CIRCLE('',#11061,5.3);
#11061 = AXIS2_PLACEMENT_3D('',#11062,#11063,#11064);
#11062 = CARTESIAN_POINT('',(-21.21320343559,-21.21320343559,6.));
#11063 = DIRECTION('',(-7.406028E-17,3.913415E-16,1.));
#11064 = DIRECTION('',(-0.18594668226,0.982559836018,-3.982877034204E-16
    ));
#11065 = ORIENTED_EDGE('',*,*,#11066,.F.);
#11066 = EDGE_CURVE('',#11067,#11058,#11069,.T.);
#11067 = VERTEX_POINT('',#11068);
#11068 = CARTESIAN_POINT('',(-19.76186441689,16.115790851473,6.));
#11069 = CIRCLE('',#11070,25.5);
#11070 = AXIS2_PLACEMENT_3D('',#11071,#11072,#11073);
#11071 = CARTESIAN_POINT('',(-8.940917E-30,2.801644E-14,6.));
#11072 = DIRECTION('',(0.,0.,1.));
#11073 = DIRECTION('',(1.,0.,-0.));
#11074 = ORIENTED_EDGE('',*,*,#11075,.F.);
#11075 = EDGE_CURVE('',#11013,#11067,#11076,.T.);
#11076 = CIRCLE('',#11077,5.3);
#11077 = AXIS2_PLACEMENT_3D('',#11078,#11079,#11080);
#11078 = CARTESIAN_POINT('',(-21.21320343559,21.213203435596,6.));
#11079 = DIRECTION('',(3.913415E-16,7.406028E-17,1.));
#11080 = DIRECTION('',(0.982559836018,0.18594668226,-3.982877034204E-16)
  );
#11081 = PLANE('',#11082);
#11082 = AXIS2_PLACEMENT_3D('',#11083,#11084,#11085);
#11083 = CARTESIAN_POINT('',(-8.940917E-30,2.801644E-14,6.));
#11084 = DIRECTION('',(0.,0.,-1.));
#11085 = DIRECTION('',(1.,0.,0.));
#11086 = ADVANCED_FACE('',(#11087),#11158,.F.);
#11087 = FACE_BOUND('',#11088,.T.);
#11088 = EDGE_LOOP('',(#11089,#11100,#11108,#11117,#11125,#11134,#11143,
    #11152));
#11089 = ORIENTED_EDGE('',*,*,#11090,.F.);
#11090 = EDGE_CURVE('',#11091,#11093,#11095,.T.);
#11091 = VERTEX_POINT('',#11092);
#11092 = CARTESIAN_POINT('',(14.,-45.,3.));
#11093 = VERTEX_POINT('',#11094);
#11094 = CARTESIAN_POINT('',(19.,-40.,3.));
#11095 = CIRCLE('',#11096,5.);
#11096 = AXIS2_PLACEMENT_3D('',#11097,#11098,#11099);
#11097 = CARTESIAN_POINT('',(14.,-40.,3.));
#11098 = DIRECTION('',(-5.68926E-32,5.68926E-32,1.));
#11099 = DIRECTION('',(0.707106781187,-0.707106781187,8.045828651867E-32
    ));
#11100 = ORIENTED_EDGE('',*,*,#11101,.F.);
#11101 = EDGE_CURVE('',#11102,#11091,#11104,.T.);
#11102 = VERTEX_POINT('',#11103);
#11103 = CARTESIAN_POINT('',(-14.,-45.,3.));
#11104 = LINE('',#11105,#11106);
#11105 = CARTESIAN_POINT('',(-14.,-45.,3.));
#11106 = VECTOR('',#11107,1.);
#11107 = DIRECTION('',(1.,0.,0.));
#11108 = ORIENTED_EDGE('',*,*,#11109,.F.);
#11109 = EDGE_CURVE('',#11110,#11102,#11112,.T.);
#11110 = VERTEX_POINT('',#11111);
#11111 = CARTESIAN_POINT('',(-19.,-40.,3.));
#11112 = CIRCLE('',#11113,5.);
#11113 = AXIS2_PLACEMENT_3D('',#11114,#11115,#11116);
#11114 = CARTESIAN_POINT('',(-14.,-40.,3.));
#11115 = DIRECTION('',(-5.68926E-32,-5.68926E-32,1.));
#11116 = DIRECTION('',(-0.707106781187,-0.707106781187,
    -8.045828651867E-32));
#11117 = ORIENTED_EDGE('',*,*,#11118,.F.);
#11118 = EDGE_CURVE('',#11119,#11110,#11121,.T.);
#11119 = VERTEX_POINT('',#11120);
#11120 = CARTESIAN_POINT('',(-19.,-38.24918299781,3.));
#11121 = LINE('',#11122,#11123);
#11122 = CARTESIAN_POINT('',(-19.,-38.24918299781,3.));
#11123 = VECTOR('',#11124,1.);
#11124 = DIRECTION('',(0.,-1.,0.));
#11125 = ORIENTED_EDGE('',*,*,#11126,.F.);
#11126 = EDGE_CURVE('',#11127,#11119,#11129,.T.);
#11127 = VERTEX_POINT('',#11128);
#11128 = CARTESIAN_POINT('',(-22.95833333333,-30.2806032066,3.));
#11129 = CIRCLE('',#11130,10.);
#11130 = AXIS2_PLACEMENT_3D('',#11131,#11132,#11133);
#11131 = CARTESIAN_POINT('',(-29.,-38.24918299781,3.));
#11132 = DIRECTION('',(9.126522E-32,4.533532E-32,-1.));
#11133 = DIRECTION('',(0.895591052509,0.444878260501,1.019050127381E-31)
  );
#11134 = ORIENTED_EDGE('',*,*,#11135,.F.);
#11135 = EDGE_CURVE('',#11136,#11127,#11138,.T.);
#11136 = VERTEX_POINT('',#11137);
#11137 = CARTESIAN_POINT('',(22.958333333333,-30.2806032066,3.));
#11138 = CIRCLE('',#11139,38.);
#11139 = AXIS2_PLACEMENT_3D('',#11140,#11141,#11142);
#11140 = CARTESIAN_POINT('',(-8.599562E-30,2.801644E-14,3.));
#11141 = DIRECTION('',(0.,0.,-1.));
#11142 = DIRECTION('',(1.,0.,0.));
#11143 = ORIENTED_EDGE('',*,*,#11144,.F.);
#11144 = EDGE_CURVE('',#11145,#11136,#11147,.T.);
#11145 = VERTEX_POINT('',#11146);
#11146 = CARTESIAN_POINT('',(19.,-38.24918299781,3.));
#11147 = CIRCLE('',#11148,10.);
#11148 = AXIS2_PLACEMENT_3D('',#11149,#11150,#11151);
#11149 = CARTESIAN_POINT('',(29.,-38.24918299781,3.));
#11150 = DIRECTION('',(9.126522E-32,-4.533532E-32,-1.));
#11151 = DIRECTION('',(-0.895591052509,0.444878260501,
    -1.019050127381E-31));
#11152 = ORIENTED_EDGE('',*,*,#11153,.F.);
#11153 = EDGE_CURVE('',#11093,#11145,#11154,.T.);
#11154 = LINE('',#11155,#11156);
#11155 = CARTESIAN_POINT('',(19.,-40.,3.));
#11156 = VECTOR('',#11157,1.);
#11157 = DIRECTION('',(0.,1.,0.));
#11158 = PLANE('',#11159);
#11159 = AXIS2_PLACEMENT_3D('',#11160,#11161,#11162);
#11160 = CARTESIAN_POINT('',(-5.205092E-15,-40.03486676984,3.));
#11161 = DIRECTION('',(0.,0.,1.));
#11162 = DIRECTION('',(-1.,0.,0.));
#11163 = ADVANCED_FACE('',(#11164),#11305,.F.);
#11164 = FACE_BOUND('',#11165,.T.);
#11165 = EDGE_LOOP('',(#11166,#11177,#11185,#11194,#11202,#11211,#11219,
    #11228,#11237,#11245,#11254,#11263,#11272,#11281,#11290,#11298));
#11166 = ORIENTED_EDGE('',*,*,#11167,.F.);
#11167 = EDGE_CURVE('',#11168,#11170,#11172,.T.);
#11168 = VERTEX_POINT('',#11169);
#11169 = CARTESIAN_POINT('',(-19.,-38.24918299781,18.));
#11170 = VERTEX_POINT('',#11171);
#11171 = CARTESIAN_POINT('',(-22.95833333333,-30.2806032066,18.));
#11172 = CIRCLE('',#11173,10.);
#11173 = AXIS2_PLACEMENT_3D('',#11174,#11175,#11176);
#11174 = CARTESIAN_POINT('',(-29.,-38.24918299781,18.));
#11175 = DIRECTION('',(-9.126522E-32,-4.533532E-32,1.));
#11176 = DIRECTION('',(0.895591052509,0.444878260501,1.019050127381E-31)
  );
#11177 = ORIENTED_EDGE('',*,*,#11178,.T.);
#11178 = EDGE_CURVE('',#11168,#11179,#11181,.T.);
#11179 = VERTEX_POINT('',#11180);
#11180 = CARTESIAN_POINT('',(-19.,-40.,18.));
#11181 = LINE('',#11182,#11183);
#11182 = CARTESIAN_POINT('',(-19.,-38.24918299781,18.));
#11183 = VECTOR('',#11184,1.);
#11184 = DIRECTION('',(0.,-1.,0.));
#11185 = ORIENTED_EDGE('',*,*,#11186,.F.);
#11186 = EDGE_CURVE('',#11187,#11179,#11189,.T.);
#11187 = VERTEX_POINT('',#11188);
#11188 = CARTESIAN_POINT('',(-14.,-45.,18.));
#11189 = CIRCLE('',#11190,5.);
#11190 = AXIS2_PLACEMENT_3D('',#11191,#11192,#11193);
#11191 = CARTESIAN_POINT('',(-14.,-40.,18.));
#11192 = DIRECTION('',(5.68926E-32,5.68926E-32,-1.));
#11193 = DIRECTION('',(-0.707106781187,-0.707106781187,
    -8.045828651867E-32));
#11194 = ORIENTED_EDGE('',*,*,#11195,.T.);
#11195 = EDGE_CURVE('',#11187,#11196,#11198,.T.);
#11196 = VERTEX_POINT('',#11197);
#11197 = CARTESIAN_POINT('',(14.,-45.,18.));
#11198 = LINE('',#11199,#11200);
#11199 = CARTESIAN_POINT('',(-14.,-45.,18.));
#11200 = VECTOR('',#11201,1.);
#11201 = DIRECTION('',(1.,0.,0.));
#11202 = ORIENTED_EDGE('',*,*,#11203,.F.);
#11203 = EDGE_CURVE('',#11204,#11196,#11206,.T.);
#11204 = VERTEX_POINT('',#11205);
#11205 = CARTESIAN_POINT('',(19.,-40.,18.));
#11206 = CIRCLE('',#11207,5.);
#11207 = AXIS2_PLACEMENT_3D('',#11208,#11209,#11210);
#11208 = CARTESIAN_POINT('',(14.,-40.,18.));
#11209 = DIRECTION('',(5.68926E-32,-5.68926E-32,-1.));
#11210 = DIRECTION('',(0.707106781187,-0.707106781187,8.045828651867E-32
    ));
#11211 = ORIENTED_EDGE('',*,*,#11212,.T.);
#11212 = EDGE_CURVE('',#11204,#11213,#11215,.T.);
#11213 = VERTEX_POINT('',#11214);
#11214 = CARTESIAN_POINT('',(19.,-38.24918299781,18.));
#11215 = LINE('',#11216,#11217);
#11216 = CARTESIAN_POINT('',(19.,-40.,18.));
#11217 = VECTOR('',#11218,1.);
#11218 = DIRECTION('',(0.,1.,0.));
#11219 = ORIENTED_EDGE('',*,*,#11220,.F.);
#11220 = EDGE_CURVE('',#11221,#11213,#11223,.T.);
#11221 = VERTEX_POINT('',#11222);
#11222 = CARTESIAN_POINT('',(22.958333333333,-30.2806032066,18.));
#11223 = CIRCLE('',#11224,10.);
#11224 = AXIS2_PLACEMENT_3D('',#11225,#11226,#11227);
#11225 = CARTESIAN_POINT('',(29.,-38.24918299781,18.));
#11226 = DIRECTION('',(-9.126522E-32,4.533532E-32,1.));
#11227 = DIRECTION('',(-0.895591052509,0.444878260501,
    -1.019050127381E-31));
#11228 = ORIENTED_EDGE('',*,*,#11229,.F.);
#11229 = EDGE_CURVE('',#11230,#11221,#11232,.T.);
#11230 = VERTEX_POINT('',#11231);
#11231 = CARTESIAN_POINT('',(37.620224509035,-5.358983848622,18.));
#11232 = CIRCLE('',#11233,38.);
#11233 = AXIS2_PLACEMENT_3D('',#11234,#11235,#11236);
#11234 = CARTESIAN_POINT('',(-1.030634E-29,2.801644E-14,18.));
#11235 = DIRECTION('',(0.,0.,-1.));
#11236 = DIRECTION('',(1.,0.,0.));
#11237 = ORIENTED_EDGE('',*,*,#11238,.F.);
#11238 = EDGE_CURVE('',#11239,#11230,#11241,.T.);
#11239 = VERTEX_POINT('',#11240);
#11240 = CARTESIAN_POINT('',(33.575009934626,-5.358983848622,18.));
#11241 = LINE('',#11242,#11243);
#11242 = CARTESIAN_POINT('',(33.575009934626,-5.358983848622,18.));
#11243 = VECTOR('',#11244,1.);
#11244 = DIRECTION('',(1.,0.,0.));
#11245 = ORIENTED_EDGE('',*,*,#11246,.F.);
#11246 = EDGE_CURVE('',#11247,#11239,#11249,.T.);
#11247 = VERTEX_POINT('',#11248);
#11248 = CARTESIAN_POINT('',(27.164168579882,-20.44768802001,18.));
#11249 = CIRCLE('',#11250,34.);
#11250 = AXIS2_PLACEMENT_3D('',#11251,#11252,#11253);
#11251 = CARTESIAN_POINT('',(-1.030634E-29,2.801644E-14,18.));
#11252 = DIRECTION('',(0.,0.,1.));
#11253 = DIRECTION('',(1.,0.,-0.));
#11254 = ORIENTED_EDGE('',*,*,#11255,.F.);
#11255 = EDGE_CURVE('',#11256,#11247,#11258,.T.);
#11256 = VERTEX_POINT('',#11257);
#11257 = CARTESIAN_POINT('',(20.447688020012,-27.16416857988,18.));
#11258 = CIRCLE('',#11259,6.);
#11259 = AXIS2_PLACEMENT_3D('',#11260,#11261,#11262);
#11260 = CARTESIAN_POINT('',(21.213203435596,-21.21320343559,18.));
#11261 = DIRECTION('',(0.,0.,1.));
#11262 = DIRECTION('',(0.,-1.,0.));
#11263 = ORIENTED_EDGE('',*,*,#11264,.F.);
#11264 = EDGE_CURVE('',#11265,#11256,#11267,.T.);
#11265 = VERTEX_POINT('',#11266);
#11266 = CARTESIAN_POINT('',(-20.44768802001,-27.16416857988,18.));
#11267 = CIRCLE('',#11268,34.);
#11268 = AXIS2_PLACEMENT_3D('',#11269,#11270,#11271);
#11269 = CARTESIAN_POINT('',(-1.030634E-29,2.801644E-14,18.));
#11270 = DIRECTION('',(0.,0.,1.));
#11271 = DIRECTION('',(1.,0.,-0.));
#11272 = ORIENTED_EDGE('',*,*,#11273,.F.);
#11273 = EDGE_CURVE('',#11274,#11265,#11276,.T.);
#11274 = VERTEX_POINT('',#11275);
#11275 = CARTESIAN_POINT('',(-27.16416857988,-20.44768802001,18.));
#11276 = CIRCLE('',#11277,6.);
#11277 = AXIS2_PLACEMENT_3D('',#11278,#11279,#11280);
#11278 = CARTESIAN_POINT('',(-21.21320343559,-21.21320343559,18.));
#11279 = DIRECTION('',(0.,0.,1.));
#11280 = DIRECTION('',(-1.,0.,0.));
#11281 = ORIENTED_EDGE('',*,*,#11282,.F.);
#11282 = EDGE_CURVE('',#11283,#11274,#11285,.T.);
#11283 = VERTEX_POINT('',#11284);
#11284 = CARTESIAN_POINT('',(-33.57500993462,-5.358983848622,18.));
#11285 = CIRCLE('',#11286,34.);
#11286 = AXIS2_PLACEMENT_3D('',#11287,#11288,#11289);
#11287 = CARTESIAN_POINT('',(-1.030634E-29,2.801644E-14,18.));
#11288 = DIRECTION('',(0.,0.,1.));
#11289 = DIRECTION('',(1.,0.,-0.));
#11290 = ORIENTED_EDGE('',*,*,#11291,.F.);
#11291 = EDGE_CURVE('',#11292,#11283,#11294,.T.);
#11292 = VERTEX_POINT('',#11293);
#11293 = CARTESIAN_POINT('',(-37.62022450903,-5.358983848622,18.));
#11294 = LINE('',#11295,#11296);
#11295 = CARTESIAN_POINT('',(-37.62022450903,-5.358983848622,18.));
#11296 = VECTOR('',#11297,1.);
#11297 = DIRECTION('',(1.,0.,0.));
#11298 = ORIENTED_EDGE('',*,*,#11299,.F.);
#11299 = EDGE_CURVE('',#11170,#11292,#11300,.T.);
#11300 = CIRCLE('',#11301,38.);
#11301 = AXIS2_PLACEMENT_3D('',#11302,#11303,#11304);
#11302 = CARTESIAN_POINT('',(-1.030634E-29,2.801644E-14,18.));
#11303 = DIRECTION('',(0.,0.,-1.));
#11304 = DIRECTION('',(1.,0.,0.));
#11305 = PLANE('',#11306);
#11306 = AXIS2_PLACEMENT_3D('',#11307,#11308,#11309);
#11307 = CARTESIAN_POINT('',(-1.596731E-14,-62.66475585435,18.));
#11308 = DIRECTION('',(0.,0.,-1.));
#11309 = DIRECTION('',(1.,0.,0.));
#11310 = ADVANCED_FACE('',(#11311),#11346,.F.);
#11311 = FACE_BOUND('',#11312,.F.);
#11312 = EDGE_LOOP('',(#11313,#11324,#11331,#11338,#11339));
#11313 = ORIENTED_EDGE('',*,*,#11314,.F.);
#11314 = EDGE_CURVE('',#11315,#11317,#11319,.T.);
#11315 = VERTEX_POINT('',#11316);
#11316 = CARTESIAN_POINT('',(-12.68248175174,32.35300846291,
    -1.500000000224));
#11317 = VERTEX_POINT('',#11318);
#11318 = CARTESIAN_POINT('',(12.5,32.423949481826,-1.5));
#11319 = CIRCLE('',#11320,34.75);
#11320 = AXIS2_PLACEMENT_3D('',#11321,#11322,#11323);
#11321 = CARTESIAN_POINT('',(-8.087528E-30,2.801644E-14,-1.5));
#11322 = DIRECTION('',(0.,0.,-1.));
#11323 = DIRECTION('',(-1.,0.,0.));
#11324 = ORIENTED_EDGE('',*,*,#11325,.F.);
#11325 = EDGE_CURVE('',#11326,#11315,#11328,.T.);
#11326 = VERTEX_POINT('',#11327);
#11327 = CARTESIAN_POINT('',(-12.5,31.88749754998,-1.));
#11328 = B_SPLINE_CURVE_WITH_KNOTS('',1,(#11329,#11330),.UNSPECIFIED.,
  .F.,.F.,(2,2),(-0.353553390593,0.353553390593),
  .PIECEWISE_BEZIER_KNOTS.);
#11329 = CARTESIAN_POINT('',(-12.50000000008,31.887497550189,
    -0.999999999776));
#11330 = CARTESIAN_POINT('',(-12.68248175174,32.35300846291,
    -1.500000000224));
#11331 = ORIENTED_EDGE('',*,*,#11332,.F.);
#11332 = EDGE_CURVE('',#11326,#11326,#11333,.T.);
#11333 = CIRCLE('',#11334,34.25);
#11334 = AXIS2_PLACEMENT_3D('',#11335,#11336,#11337);
#11335 = CARTESIAN_POINT('',(-8.144421E-30,2.801644E-14,-1.));
#11336 = DIRECTION('',(0.,0.,1.));
#11337 = DIRECTION('',(-1.,0.,0.));
#11338 = ORIENTED_EDGE('',*,*,#11325,.T.);
#11339 = ORIENTED_EDGE('',*,*,#11340,.F.);
#11340 = EDGE_CURVE('',#11317,#11315,#11341,.T.);
#11341 = CIRCLE('',#11342,34.75);
#11342 = AXIS2_PLACEMENT_3D('',#11343,#11344,#11345);
#11343 = CARTESIAN_POINT('',(-8.087528E-30,2.801644E-14,-1.5));
#11344 = DIRECTION('',(0.,0.,-1.));
#11345 = DIRECTION('',(-1.,0.,0.));
#11346 = CONICAL_SURFACE('',#11347,34.5,0.7853981625);
#11347 = AXIS2_PLACEMENT_3D('',#11348,#11349,#11350);
#11348 = CARTESIAN_POINT('',(-8.115975E-30,2.801644E-14,-1.25));
#11349 = DIRECTION('',(1.137852E-31,-2.899307E-47,-1.));
#11350 = DIRECTION('',(-1.,-3.298982268564E-78,-1.137852E-31));
#11351 = ADVANCED_FACE('',(#11352),#11362,.F.);
#11352 = FACE_BOUND('',#11353,.F.);
#11353 = EDGE_LOOP('',(#11354,#11355,#11360,#11361));
#11354 = ORIENTED_EDGE('',*,*,#11332,.T.);
#11355 = ORIENTED_EDGE('',*,*,#11356,.F.);
#11356 = EDGE_CURVE('',#10855,#11326,#11357,.T.);
#11357 = B_SPLINE_CURVE_WITH_KNOTS('',1,(#11358,#11359),.UNSPECIFIED.,
  .F.,.F.,(2,2),(-1.422315E-30,1.),.PIECEWISE_BEZIER_KNOTS.);
#11358 = CARTESIAN_POINT('',(-12.5,31.88749754998,-3.503246160812E-46));
#11359 = CARTESIAN_POINT('',(-12.5,31.88749754998,-1.));
#11360 = ORIENTED_EDGE('',*,*,#10854,.T.);
#11361 = ORIENTED_EDGE('',*,*,#11356,.T.);
#11362 = CYLINDRICAL_SURFACE('',#11363,34.25);
#11363 = AXIS2_PLACEMENT_3D('',#11364,#11365,#11366);
#11364 = CARTESIAN_POINT('',(-8.258206E-30,2.801644E-14,0.));
#11365 = DIRECTION('',(1.137852E-31,-2.899307E-47,-1.));
#11366 = DIRECTION('',(-1.,-3.298982268564E-78,-1.137852E-31));
#11367 = ADVANCED_FACE('',(#11368,#11388),#11392,.F.);
#11368 = FACE_BOUND('',#11369,.T.);
#11369 = EDGE_LOOP('',(#11370,#11381));
#11370 = ORIENTED_EDGE('',*,*,#11371,.F.);
#11371 = EDGE_CURVE('',#11372,#11374,#11376,.T.);
#11372 = VERTEX_POINT('',#11373);
#11373 = CARTESIAN_POINT('',(-12.5,35.885233731996,-1.5));
#11374 = VERTEX_POINT('',#11375);
#11375 = CARTESIAN_POINT('',(37.715526896527,4.641016151378,-1.5));
#11376 = CIRCLE('',#11377,38.);
#11377 = AXIS2_PLACEMENT_3D('',#11378,#11379,#11380);
#11378 = CARTESIAN_POINT('',(-8.087528E-30,2.801644E-14,-1.5));
#11379 = DIRECTION('',(0.,0.,1.));
#11380 = DIRECTION('',(-1.,0.,0.));
#11381 = ORIENTED_EDGE('',*,*,#11382,.F.);
#11382 = EDGE_CURVE('',#11374,#11372,#11383,.T.);
#11383 = CIRCLE('',#11384,38.);
#11384 = AXIS2_PLACEMENT_3D('',#11385,#11386,#11387);
#11385 = CARTESIAN_POINT('',(-8.087528E-30,2.801644E-14,-1.5));
#11386 = DIRECTION('',(0.,0.,1.));
#11387 = DIRECTION('',(-1.,0.,0.));
#11388 = FACE_BOUND('',#11389,.T.);
#11389 = EDGE_LOOP('',(#11390,#11391));
#11390 = ORIENTED_EDGE('',*,*,#11340,.F.);
#11391 = ORIENTED_EDGE('',*,*,#11314,.F.);
#11392 = PLANE('',#11393);
#11393 = AXIS2_PLACEMENT_3D('',#11394,#11395,#11396);
#11394 = CARTESIAN_POINT('',(-8.087528E-30,2.801644E-14,-1.5));
#11395 = DIRECTION('',(0.,0.,1.));
#11396 = DIRECTION('',(-1.,0.,0.));
#11397 = ADVANCED_FACE('',(#11398),#11414,.F.);
#11398 = FACE_BOUND('',#11399,.F.);
#11399 = EDGE_LOOP('',(#11400,#11406,#11407,#11413));
#11400 = ORIENTED_EDGE('',*,*,#11401,.F.);
#11401 = EDGE_CURVE('',#11213,#11145,#11402,.T.);
#11402 = LINE('',#11403,#11404);
#11403 = CARTESIAN_POINT('',(19.,-38.24918299781,18.));
#11404 = VECTOR('',#11405,1.);
#11405 = DIRECTION('',(0.,0.,-1.));
#11406 = ORIENTED_EDGE('',*,*,#11220,.F.);
#11407 = ORIENTED_EDGE('',*,*,#11408,.F.);
#11408 = EDGE_CURVE('',#11136,#11221,#11409,.T.);
#11409 = LINE('',#11410,#11411);
#11410 = CARTESIAN_POINT('',(22.958333333333,-30.2806032066,3.));
#11411 = VECTOR('',#11412,1.);
#11412 = DIRECTION('',(0.,0.,1.));
#11413 = ORIENTED_EDGE('',*,*,#11144,.F.);
#11414 = CYLINDRICAL_SURFACE('',#11415,10.);
#11415 = AXIS2_PLACEMENT_3D('',#11416,#11417,#11418);
#11416 = CARTESIAN_POINT('',(29.,-38.24918299781,3.299771E-30));
#11417 = DIRECTION('',(1.137852E-31,-2.899307E-47,-1.));
#11418 = DIRECTION('',(-0.895591052509,0.444878260501,
    -1.019050070279E-31));
#11419 = ADVANCED_FACE('',(#11420),#11495,.T.);
#11420 = FACE_BOUND('',#11421,.T.);
#11421 = EDGE_LOOP('',(#11422,#11423,#11430,#11441,#11442,#11443,#11444,
    #11450,#11451,#11464,#11471,#11472,#11478,#11479,#11485,#11486,
    #11493,#11494));
#11422 = ORIENTED_EDGE('',*,*,#11371,.T.);
#11423 = ORIENTED_EDGE('',*,*,#11424,.T.);
#11424 = EDGE_CURVE('',#11374,#11425,#11427,.T.);
#11425 = VERTEX_POINT('',#11426);
#11426 = CARTESIAN_POINT('',(37.715526896527,4.641016151378,
    20.679491924311));
#11427 = B_SPLINE_CURVE_WITH_KNOTS('',1,(#11428,#11429),.UNSPECIFIED.,
  .F.,.F.,(2,2),(-1.5,20.679491924311),.PIECEWISE_BEZIER_KNOTS.);
#11428 = CARTESIAN_POINT('',(37.715526896527,4.641016151378,-1.5));
#11429 = CARTESIAN_POINT('',(37.715526896527,4.641016151378,
    20.679491924311));
#11430 = ORIENTED_EDGE('',*,*,#11431,.F.);
#11431 = EDGE_CURVE('',#11230,#11425,#11432,.T.);
#11432 = B_SPLINE_CURVE_WITH_KNOTS('',3,(#11433,#11434,#11435,#11436,
    #11437,#11438,#11439,#11440),.UNSPECIFIED.,.F.,.F.,(4,2,2,4),(
    3.173739589425,3.550921705517,3.928103821609,4.181169189788),
  .UNSPECIFIED.);
#11433 = CARTESIAN_POINT('',(37.620224509035,-5.358983848622,18.));
#11434 = CARTESIAN_POINT('',(37.797532655362,-4.114275437379,18.));
#11435 = CARTESIAN_POINT('',(37.916771365148,-2.823608288557,
    18.118198651311));
#11436 = CARTESIAN_POINT('',(38.02091722253,-0.253314193536,
    18.618403278476));
#11437 = CARTESIAN_POINT('',(38.005997919801,1.026316553206,
    19.000353574506));
#11438 = CARTESIAN_POINT('',(37.884310813175,3.075446581206,
    19.843677757707));
#11439 = CARTESIAN_POINT('',(37.809705968364,3.875663650737,
    20.237615452041));
#11440 = CARTESIAN_POINT('',(37.715526896527,4.641016151378,
    20.679491924311));
#11441 = ORIENTED_EDGE('',*,*,#11229,.T.);
#11442 = ORIENTED_EDGE('',*,*,#11408,.F.);
#11443 = ORIENTED_EDGE('',*,*,#11135,.T.);
#11444 = ORIENTED_EDGE('',*,*,#11445,.F.);
#11445 = EDGE_CURVE('',#11170,#11127,#11446,.T.);
#11446 = LINE('',#11447,#11448);
#11447 = CARTESIAN_POINT('',(-22.95833333333,-30.2806032066,18.));
#11448 = VECTOR('',#11449,1.);
#11449 = DIRECTION('',(0.,0.,-1.));
#11450 = ORIENTED_EDGE('',*,*,#11299,.T.);
#11451 = ORIENTED_EDGE('',*,*,#11452,.F.);
#11452 = EDGE_CURVE('',#11453,#11292,#11455,.T.);
#11453 = VERTEX_POINT('',#11454);
#11454 = CARTESIAN_POINT('',(-37.71552689652,4.641016151378,
    20.679491924311));
#11455 = B_SPLINE_CURVE_WITH_KNOTS('',3,(#11456,#11457,#11458,#11459,
    #11460,#11461,#11462,#11463),.UNSPECIFIED.,.F.,.F.,(4,2,2,4),(
    8.250876725373,8.503942093553,8.881124209645,9.258306325737),
  .UNSPECIFIED.);
#11456 = CARTESIAN_POINT('',(-37.71552689652,4.641016151378,
    20.679491924311));
#11457 = CARTESIAN_POINT('',(-37.80970596836,3.875663650737,
    20.237615452041));
#11458 = CARTESIAN_POINT('',(-37.88431081317,3.075446581206,
    19.843677757707));
#11459 = CARTESIAN_POINT('',(-38.0059979198,1.026316553206,
    19.000353574506));
#11460 = CARTESIAN_POINT('',(-38.02091722253,-0.253314193536,
    18.618403278476));
#11461 = CARTESIAN_POINT('',(-37.91677136514,-2.823608288557,
    18.118198651311));
#11462 = CARTESIAN_POINT('',(-37.79753265536,-4.114275437379,18.));
#11463 = CARTESIAN_POINT('',(-37.62022450903,-5.358983848622,18.));
#11464 = ORIENTED_EDGE('',*,*,#11465,.T.);
#11465 = EDGE_CURVE('',#11453,#10775,#11466,.T.);
#11466 = ELLIPSE('',#11467,43.878620458412,38.);
#11467 = AXIS2_PLACEMENT_3D('',#11468,#11469,#11470);
#11468 = CARTESIAN_POINT('',(-1.030634E-29,2.801644E-14,18.));
#11469 = DIRECTION('',(1.274026E-16,0.5,-0.866025403784));
#11470 = DIRECTION('',(2.206678E-16,0.866025403784,0.5));
#11471 = ORIENTED_EDGE('',*,*,#10774,.T.);
#11472 = ORIENTED_EDGE('',*,*,#11473,.F.);
#11473 = EDGE_CURVE('',#10706,#10766,#11474,.T.);
#11474 = LINE('',#11475,#11476);
#11475 = CARTESIAN_POINT('',(-23.75,29.663740492392,10.));
#11476 = VECTOR('',#11477,1.);
#11477 = DIRECTION('',(0.,0.,1.));
#11478 = ORIENTED_EDGE('',*,*,#10714,.T.);
#11479 = ORIENTED_EDGE('',*,*,#11480,.F.);
#11480 = EDGE_CURVE('',#10553,#10715,#11481,.T.);
#11481 = LINE('',#11482,#11483);
#11482 = CARTESIAN_POINT('',(23.75,29.663740492392,30.));
#11483 = VECTOR('',#11484,1.);
#11484 = DIRECTION('',(0.,0.,-1.));
#11485 = ORIENTED_EDGE('',*,*,#10552,.T.);
#11486 = ORIENTED_EDGE('',*,*,#11487,.T.);
#11487 = EDGE_CURVE('',#10545,#11425,#11488,.T.);
#11488 = ELLIPSE('',#11489,43.878620458412,38.);
#11489 = AXIS2_PLACEMENT_3D('',#11490,#11491,#11492);
#11490 = CARTESIAN_POINT('',(-1.030634E-29,2.801644E-14,18.));
#11491 = DIRECTION('',(1.274026E-16,0.5,-0.866025403784));
#11492 = DIRECTION('',(2.206678E-16,0.866025403784,0.5));
#11493 = ORIENTED_EDGE('',*,*,#11424,.F.);
#11494 = ORIENTED_EDGE('',*,*,#11382,.T.);
#11495 = CYLINDRICAL_SURFACE('',#11496,38.);
#11496 = AXIS2_PLACEMENT_3D('',#11497,#11498,#11499);
#11497 = CARTESIAN_POINT('',(-8.258206E-30,2.801644E-14,0.));
#11498 = DIRECTION('',(-1.137852E-31,2.899307E-47,1.));
#11499 = DIRECTION('',(1.,3.298982268564E-78,1.137852E-31));
#11500 = ADVANCED_FACE('',(#11501),#11512,.F.);
#11501 = FACE_BOUND('',#11502,.F.);
#11502 = EDGE_LOOP('',(#11503,#11504,#11505,#11511));
#11503 = ORIENTED_EDGE('',*,*,#11445,.F.);
#11504 = ORIENTED_EDGE('',*,*,#11167,.F.);
#11505 = ORIENTED_EDGE('',*,*,#11506,.F.);
#11506 = EDGE_CURVE('',#11119,#11168,#11507,.T.);
#11507 = LINE('',#11508,#11509);
#11508 = CARTESIAN_POINT('',(-19.,-38.24918299781,3.));
#11509 = VECTOR('',#11510,1.);
#11510 = DIRECTION('',(0.,0.,1.));
#11511 = ORIENTED_EDGE('',*,*,#11126,.F.);
#11512 = CYLINDRICAL_SURFACE('',#11513,10.);
#11513 = AXIS2_PLACEMENT_3D('',#11514,#11515,#11516);
#11514 = CARTESIAN_POINT('',(-29.,-38.24918299781,-3.299771E-30));
#11515 = DIRECTION('',(-1.137852E-31,2.899307E-47,1.));
#11516 = DIRECTION('',(0.895591052509,0.444878260501,1.019050070279E-31)
  );
#11517 = ADVANCED_FACE('',(#11518),#11529,.T.);
#11518 = FACE_BOUND('',#11519,.T.);
#11519 = EDGE_LOOP('',(#11520,#11521,#11522,#11528));
#11520 = ORIENTED_EDGE('',*,*,#11506,.F.);
#11521 = ORIENTED_EDGE('',*,*,#11118,.T.);
#11522 = ORIENTED_EDGE('',*,*,#11523,.F.);
#11523 = EDGE_CURVE('',#11179,#11110,#11524,.T.);
#11524 = LINE('',#11525,#11526);
#11525 = CARTESIAN_POINT('',(-19.,-40.,18.));
#11526 = VECTOR('',#11527,1.);
#11527 = DIRECTION('',(0.,0.,-1.));
#11528 = ORIENTED_EDGE('',*,*,#11178,.F.);
#11529 = PLANE('',#11530);
#11530 = AXIS2_PLACEMENT_3D('',#11531,#11532,#11533);
#11531 = CARTESIAN_POINT('',(-19.,-32.9089653438,18.));
#11532 = DIRECTION('',(-1.,0.,0.));
#11533 = DIRECTION('',(0.,0.,-1.));
#11534 = ADVANCED_FACE('',(#11535),#11551,.T.);
#11535 = FACE_BOUND('',#11536,.T.);
#11536 = EDGE_LOOP('',(#11537,#11538,#11544,#11545));
#11537 = ORIENTED_EDGE('',*,*,#11090,.T.);
#11538 = ORIENTED_EDGE('',*,*,#11539,.T.);
#11539 = EDGE_CURVE('',#11093,#11204,#11540,.T.);
#11540 = LINE('',#11541,#11542);
#11541 = CARTESIAN_POINT('',(19.,-40.,3.));
#11542 = VECTOR('',#11543,1.);
#11543 = DIRECTION('',(0.,0.,1.));
#11544 = ORIENTED_EDGE('',*,*,#11203,.T.);
#11545 = ORIENTED_EDGE('',*,*,#11546,.T.);
#11546 = EDGE_CURVE('',#11196,#11091,#11547,.T.);
#11547 = LINE('',#11548,#11549);
#11548 = CARTESIAN_POINT('',(14.,-45.,18.));
#11549 = VECTOR('',#11550,1.);
#11550 = DIRECTION('',(0.,0.,-1.));
#11551 = CYLINDRICAL_SURFACE('',#11552,5.);
#11552 = AXIS2_PLACEMENT_3D('',#11553,#11554,#11555);
#11553 = CARTESIAN_POINT('',(14.,-40.,18.));
#11554 = DIRECTION('',(1.137852E-31,-2.899307E-47,-1.));
#11555 = DIRECTION('',(0.707106781187,-0.707106781187,8.045828651867E-32
    ));
#11556 = ADVANCED_FACE('',(#11557),#11568,.T.);
#11557 = FACE_BOUND('',#11558,.T.);
#11558 = EDGE_LOOP('',(#11559,#11560,#11561,#11567));
#11559 = ORIENTED_EDGE('',*,*,#11546,.F.);
#11560 = ORIENTED_EDGE('',*,*,#11195,.F.);
#11561 = ORIENTED_EDGE('',*,*,#11562,.F.);
#11562 = EDGE_CURVE('',#11102,#11187,#11563,.T.);
#11563 = LINE('',#11564,#11565);
#11564 = CARTESIAN_POINT('',(-14.,-45.,3.));
#11565 = VECTOR('',#11566,1.);
#11566 = DIRECTION('',(0.,0.,1.));
#11567 = ORIENTED_EDGE('',*,*,#11101,.T.);
#11568 = PLANE('',#11569);
#11569 = AXIS2_PLACEMENT_3D('',#11570,#11571,#11572);
#11570 = CARTESIAN_POINT('',(-19.,-45.,18.));
#11571 = DIRECTION('',(0.,-1.,0.));
#11572 = DIRECTION('',(0.,0.,1.));
#11573 = ADVANCED_FACE('',(#11574),#11580,.T.);
#11574 = FACE_BOUND('',#11575,.T.);
#11575 = EDGE_LOOP('',(#11576,#11577,#11578,#11579));
#11576 = ORIENTED_EDGE('',*,*,#11109,.T.);
#11577 = ORIENTED_EDGE('',*,*,#11562,.T.);
#11578 = ORIENTED_EDGE('',*,*,#11186,.T.);
#11579 = ORIENTED_EDGE('',*,*,#11523,.T.);
#11580 = CYLINDRICAL_SURFACE('',#11581,5.);
#11581 = AXIS2_PLACEMENT_3D('',#11582,#11583,#11584);
#11582 = CARTESIAN_POINT('',(-14.,-40.,18.));
#11583 = DIRECTION('',(1.137852E-31,-2.899307E-47,-1.));
#11584 = DIRECTION('',(-0.707106781187,-0.707106781187,
    -8.045828651867E-32));
#11585 = ADVANCED_FACE('',(#11586),#11592,.T.);
#11586 = FACE_BOUND('',#11587,.T.);
#11587 = EDGE_LOOP('',(#11588,#11589,#11590,#11591));
#11588 = ORIENTED_EDGE('',*,*,#11401,.F.);
#11589 = ORIENTED_EDGE('',*,*,#11212,.F.);
#11590 = ORIENTED_EDGE('',*,*,#11539,.F.);
#11591 = ORIENTED_EDGE('',*,*,#11153,.T.);
#11592 = PLANE('',#11593);
#11593 = AXIS2_PLACEMENT_3D('',#11594,#11595,#11596);
#11594 = CARTESIAN_POINT('',(19.,-45.,18.));
#11595 = DIRECTION('',(1.,0.,0.));
#11596 = DIRECTION('',(0.,0.,1.));
#11597 = ADVANCED_FACE('',(#11598),#11623,.F.);
#11598 = FACE_BOUND('',#11599,.F.);
#11599 = EDGE_LOOP('',(#11600,#11608,#11609,#11610));
#11600 = ORIENTED_EDGE('',*,*,#11601,.F.);
#11601 = EDGE_CURVE('',#11425,#11602,#11604,.T.);
#11602 = VERTEX_POINT('',#11603);
#11603 = CARTESIAN_POINT('',(33.681760183854,4.641016151378,
    20.679491924311));
#11604 = LINE('',#11605,#11606);
#11605 = CARTESIAN_POINT('',(37.715526896527,4.641016151378,
    20.679491924311));
#11606 = VECTOR('',#11607,1.);
#11607 = DIRECTION('',(-1.,0.,0.));
#11608 = ORIENTED_EDGE('',*,*,#11431,.F.);
#11609 = ORIENTED_EDGE('',*,*,#11238,.F.);
#11610 = ORIENTED_EDGE('',*,*,#11611,.F.);
#11611 = EDGE_CURVE('',#11602,#11239,#11612,.T.);
#11612 = B_SPLINE_CURVE_WITH_KNOTS('',3,(#11613,#11614,#11615,#11616,
    #11617,#11618,#11619,#11620,#11621,#11622),.UNSPECIFIED.,.F.,.F.,(4,
    2,2,2,4),(7.696292687408,7.735469712851,8.077399867774,
    8.419330022697,8.70912168853),.UNSPECIFIED.);
#11613 = CARTESIAN_POINT('',(33.681760183856,4.641016151361,
    20.679491924302));
#11614 = CARTESIAN_POINT('',(33.698232912611,4.521466793768,
    20.610470070514));
#11615 = CARTESIAN_POINT('',(33.714161647016,4.40115737022,
    20.542659994373));
#11616 = CARTESIAN_POINT('',(33.863551362225,3.223895254214,
    19.895100417309));
#11617 = CARTESIAN_POINT('',(33.953280958053,2.110978202322,
    19.40905904275));
#11618 = CARTESIAN_POINT('',(34.018500302627,-0.152164211608,
    18.652843930174));
#11619 = CARTESIAN_POINT('',(33.993749325783,-1.302419912683,
    18.382740248332));
#11620 = CARTESIAN_POINT('',(33.845048860476,-3.380209632532,
    18.074817395921));
#11621 = CARTESIAN_POINT('',(33.733514669306,-4.365922814682,18.));
#11622 = CARTESIAN_POINT('',(33.575009934626,-5.358983848622,18.));
#11623 = CYLINDRICAL_SURFACE('',#11624,20.);
#11624 = AXIS2_PLACEMENT_3D('',#11625,#11626,#11627);
#11625 = CARTESIAN_POINT('',(-1.365497E-15,-5.358983848622,38.));
#11626 = DIRECTION('',(-1.,2.548053E-16,-1.137852E-31));
#11627 = DIRECTION('',(6.594846443306E-17,0.258819045103,-0.965925826289
    ));
#11628 = ADVANCED_FACE('',(#11629),#11654,.F.);
#11629 = FACE_BOUND('',#11630,.F.);
#11630 = EDGE_LOOP('',(#11631,#11632,#11633,#11641));
#11631 = ORIENTED_EDGE('',*,*,#11291,.F.);
#11632 = ORIENTED_EDGE('',*,*,#11452,.F.);
#11633 = ORIENTED_EDGE('',*,*,#11634,.F.);
#11634 = EDGE_CURVE('',#11635,#11453,#11637,.T.);
#11635 = VERTEX_POINT('',#11636);
#11636 = CARTESIAN_POINT('',(-33.68176018385,4.641016151378,
    20.679491924311));
#11637 = LINE('',#11638,#11639);
#11638 = CARTESIAN_POINT('',(-33.68176018385,4.641016151378,
    20.679491924311));
#11639 = VECTOR('',#11640,1.);
#11640 = DIRECTION('',(-1.,0.,0.));
#11641 = ORIENTED_EDGE('',*,*,#11642,.F.);
#11642 = EDGE_CURVE('',#11283,#11635,#11643,.T.);
#11643 = B_SPLINE_CURVE_WITH_KNOTS('',3,(#11644,#11645,#11646,#11647,
    #11648,#11649,#11650,#11651,#11652,#11653),.UNSPECIFIED.,.F.,.F.,(4,
    2,2,2,4),(2.627411207744,2.917202873578,3.259133028501,
    3.601063183424,3.640240208868),.UNSPECIFIED.);
#11644 = CARTESIAN_POINT('',(-33.57500993462,-5.358983848622,18.));
#11645 = CARTESIAN_POINT('',(-33.7335146693,-4.365922814682,18.));
#11646 = CARTESIAN_POINT('',(-33.84504886047,-3.380209632532,
    18.074817395921));
#11647 = CARTESIAN_POINT('',(-33.99374932578,-1.302419912683,
    18.382740248332));
#11648 = CARTESIAN_POINT('',(-34.01850030262,-0.152164211608,
    18.652843930174));
#11649 = CARTESIAN_POINT('',(-33.95328095805,2.110978202322,
    19.40905904275));
#11650 = CARTESIAN_POINT('',(-33.86355136222,3.223895254214,
    19.895100417309));
#11651 = CARTESIAN_POINT('',(-33.71416164701,4.401157370226,
    20.542659994376));
#11652 = CARTESIAN_POINT('',(-33.6982329126,4.521466793779,
    20.61047007052));
#11653 = CARTESIAN_POINT('',(-33.68176018385,4.641016151378,
    20.679491924311));
#11654 = CYLINDRICAL_SURFACE('',#11655,20.);
#11655 = AXIS2_PLACEMENT_3D('',#11656,#11657,#11658);
#11656 = CARTESIAN_POINT('',(-1.365497E-15,-5.358983848622,38.));
#11657 = DIRECTION('',(-1.,2.548053E-16,-1.137852E-31));
#11658 = DIRECTION('',(6.594846443306E-17,0.258819045103,-0.965925826289
    ));
#11659 = ADVANCED_FACE('',(#11660),#11681,.F.);
#11660 = FACE_BOUND('',#11661,.T.);
#11661 = EDGE_LOOP('',(#11662,#11671,#11678,#11679,#11680));
#11662 = ORIENTED_EDGE('',*,*,#11663,.F.);
#11663 = EDGE_CURVE('',#11664,#11635,#11666,.T.);
#11664 = VERTEX_POINT('',#11665);
#11665 = CARTESIAN_POINT('',(-27.16416857988,20.447688020012,
    29.805478182659));
#11666 = ELLIPSE('',#11667,39.259818304895,34.);
#11667 = AXIS2_PLACEMENT_3D('',#11668,#11669,#11670);
#11668 = CARTESIAN_POINT('',(-1.030634E-29,2.801644E-14,18.));
#11669 = DIRECTION('',(-1.274026E-16,-0.5,0.866025403784));
#11670 = DIRECTION('',(-2.206678E-16,-0.866025403784,-0.5));
#11671 = ORIENTED_EDGE('',*,*,#11672,.F.);
#11672 = EDGE_CURVE('',#10784,#11664,#11673,.T.);
#11673 = ELLIPSE('',#11674,6.928203230276,6.);
#11674 = AXIS2_PLACEMENT_3D('',#11675,#11676,#11677);
#11675 = CARTESIAN_POINT('',(-21.21320343559,21.213203435596,
    30.247448713916));
#11676 = DIRECTION('',(-1.274026E-16,-0.5,0.866025403784));
#11677 = DIRECTION('',(1.676391E-16,0.866025403784,0.5));
#11678 = ORIENTED_EDGE('',*,*,#10783,.F.);
#11679 = ORIENTED_EDGE('',*,*,#11465,.F.);
#11680 = ORIENTED_EDGE('',*,*,#11634,.F.);
#11681 = PLANE('',#11682);
#11682 = AXIS2_PLACEMENT_3D('',#11683,#11684,#11685);
#11683 = CARTESIAN_POINT('',(-1.030634E-29,2.801644E-14,18.));
#11684 = DIRECTION('',(1.274026E-16,0.5,-0.866025403784));
#11685 = DIRECTION('',(1.,-6.37013E-17,1.103338881082E-16));
#11686 = ADVANCED_FACE('',(#11687),#11708,.F.);
#11687 = FACE_BOUND('',#11688,.T.);
#11688 = EDGE_LOOP('',(#11689,#11698,#11699,#11700,#11701));
#11689 = ORIENTED_EDGE('',*,*,#11690,.F.);
#11690 = EDGE_CURVE('',#11602,#11691,#11693,.T.);
#11691 = VERTEX_POINT('',#11692);
#11692 = CARTESIAN_POINT('',(27.164168579882,20.447688020012,
    29.805478182659));
#11693 = ELLIPSE('',#11694,39.259818304895,34.);
#11694 = AXIS2_PLACEMENT_3D('',#11695,#11696,#11697);
#11695 = CARTESIAN_POINT('',(-1.030634E-29,2.801644E-14,18.));
#11696 = DIRECTION('',(-1.274026E-16,-0.5,0.866025403784));
#11697 = DIRECTION('',(-2.206678E-16,-0.866025403784,-0.5));
#11698 = ORIENTED_EDGE('',*,*,#11601,.F.);
#11699 = ORIENTED_EDGE('',*,*,#11487,.F.);
#11700 = ORIENTED_EDGE('',*,*,#10544,.F.);
#11701 = ORIENTED_EDGE('',*,*,#11702,.F.);
#11702 = EDGE_CURVE('',#11691,#10536,#11703,.T.);
#11703 = ELLIPSE('',#11704,6.928203230276,6.);
#11704 = AXIS2_PLACEMENT_3D('',#11705,#11706,#11707);
#11705 = CARTESIAN_POINT('',(21.213203435596,21.213203435596,
    30.247448713916));
#11706 = DIRECTION('',(-1.274026E-16,-0.5,0.866025403784));
#11707 = DIRECTION('',(3.267254E-16,0.866025403784,0.5));
#11708 = PLANE('',#11709);
#11709 = AXIS2_PLACEMENT_3D('',#11710,#11711,#11712);
#11710 = CARTESIAN_POINT('',(-1.030634E-29,2.801644E-14,18.));
#11711 = DIRECTION('',(1.274026E-16,0.5,-0.866025403784));
#11712 = DIRECTION('',(1.,-6.37013E-17,1.103338881082E-16));
#11713 = ADVANCED_FACE('',(#11714),#11730,.F.);
#11714 = FACE_BOUND('',#11715,.F.);
#11715 = EDGE_LOOP('',(#11716,#11722,#11723,#11729));
#11716 = ORIENTED_EDGE('',*,*,#11717,.T.);
#11717 = EDGE_CURVE('',#11274,#10957,#11718,.T.);
#11718 = LINE('',#11719,#11720);
#11719 = CARTESIAN_POINT('',(-27.16416857988,-20.44768802001,18.));
#11720 = VECTOR('',#11721,1.);
#11721 = DIRECTION('',(0.,0.,-1.));
#11722 = ORIENTED_EDGE('',*,*,#10965,.T.);
#11723 = ORIENTED_EDGE('',*,*,#11724,.T.);
#11724 = EDGE_CURVE('',#10966,#11265,#11725,.T.);
#11725 = LINE('',#11726,#11727);
#11726 = CARTESIAN_POINT('',(-20.44768802001,-27.16416857988,6.));
#11727 = VECTOR('',#11728,1.);
#11728 = DIRECTION('',(0.,0.,1.));
#11729 = ORIENTED_EDGE('',*,*,#11273,.F.);
#11730 = CYLINDRICAL_SURFACE('',#11731,6.);
#11731 = AXIS2_PLACEMENT_3D('',#11732,#11733,#11734);
#11732 = CARTESIAN_POINT('',(-21.21320343559,-21.21320343559,18.));
#11733 = DIRECTION('',(-1.137852E-31,2.899307E-47,1.));
#11734 = DIRECTION('',(-1.,-3.298982268564E-78,-1.137852E-31));
#11735 = ADVANCED_FACE('',(#11736),#11747,.F.);
#11736 = FACE_BOUND('',#11737,.F.);
#11737 = EDGE_LOOP('',(#11738,#11739,#11740,#11746));
#11738 = ORIENTED_EDGE('',*,*,#11724,.F.);
#11739 = ORIENTED_EDGE('',*,*,#10974,.T.);
#11740 = ORIENTED_EDGE('',*,*,#11741,.F.);
#11741 = EDGE_CURVE('',#11256,#10975,#11742,.T.);
#11742 = LINE('',#11743,#11744);
#11743 = CARTESIAN_POINT('',(20.447688020012,-27.16416857988,18.));
#11744 = VECTOR('',#11745,1.);
#11745 = DIRECTION('',(0.,0.,-1.));
#11746 = ORIENTED_EDGE('',*,*,#11264,.F.);
#11747 = CYLINDRICAL_SURFACE('',#11748,34.);
#11748 = AXIS2_PLACEMENT_3D('',#11749,#11750,#11751);
#11749 = CARTESIAN_POINT('',(-1.167176E-29,2.801644E-14,30.));
#11750 = DIRECTION('',(1.137852E-31,-2.899307E-47,-1.));
#11751 = DIRECTION('',(1.,3.298982268564E-78,1.137852E-31));
#11752 = ADVANCED_FACE('',(#11753),#11764,.F.);
#11753 = FACE_BOUND('',#11754,.F.);
#11754 = EDGE_LOOP('',(#11755,#11756,#11757,#11763));
#11755 = ORIENTED_EDGE('',*,*,#11741,.T.);
#11756 = ORIENTED_EDGE('',*,*,#10983,.T.);
#11757 = ORIENTED_EDGE('',*,*,#11758,.T.);
#11758 = EDGE_CURVE('',#10984,#11247,#11759,.T.);
#11759 = LINE('',#11760,#11761);
#11760 = CARTESIAN_POINT('',(27.164168579882,-20.44768802001,6.));
#11761 = VECTOR('',#11762,1.);
#11762 = DIRECTION('',(0.,0.,1.));
#11763 = ORIENTED_EDGE('',*,*,#11255,.F.);
#11764 = CYLINDRICAL_SURFACE('',#11765,6.);
#11765 = AXIS2_PLACEMENT_3D('',#11766,#11767,#11768);
#11766 = CARTESIAN_POINT('',(21.213203435596,-21.21320343559,18.));
#11767 = DIRECTION('',(-1.137852E-31,2.899307E-47,1.));
#11768 = DIRECTION('',(-3.298982268564E-78,-1.,2.899307E-47));
#11769 = ADVANCED_FACE('',(#11770),#11783,.F.);
#11770 = FACE_BOUND('',#11771,.F.);
#11771 = EDGE_LOOP('',(#11772,#11773,#11774,#11775,#11776,#11777));
#11772 = ORIENTED_EDGE('',*,*,#11690,.F.);
#11773 = ORIENTED_EDGE('',*,*,#11611,.T.);
#11774 = ORIENTED_EDGE('',*,*,#11246,.F.);
#11775 = ORIENTED_EDGE('',*,*,#11758,.F.);
#11776 = ORIENTED_EDGE('',*,*,#10992,.T.);
#11777 = ORIENTED_EDGE('',*,*,#11778,.F.);
#11778 = EDGE_CURVE('',#11691,#10993,#11779,.T.);
#11779 = LINE('',#11780,#11781);
#11780 = CARTESIAN_POINT('',(27.164168579882,20.447688020012,
    29.805478182659));
#11781 = VECTOR('',#11782,1.);
#11782 = DIRECTION('',(0.,0.,-1.));
#11783 = CYLINDRICAL_SURFACE('',#11784,34.);
#11784 = AXIS2_PLACEMENT_3D('',#11785,#11786,#11787);
#11785 = CARTESIAN_POINT('',(-1.167176E-29,2.801644E-14,30.));
#11786 = DIRECTION('',(1.137852E-31,-2.899307E-47,-1.));
#11787 = DIRECTION('',(1.,3.298982268564E-78,1.137852E-31));
#11788 = ADVANCED_FACE('',(#11789),#11796,.F.);
#11789 = FACE_BOUND('',#11790,.F.);
#11790 = EDGE_LOOP('',(#11791,#11792,#11793,#11794,#11795));
#11791 = ORIENTED_EDGE('',*,*,#10535,.T.);
#11792 = ORIENTED_EDGE('',*,*,#11702,.F.);
#11793 = ORIENTED_EDGE('',*,*,#11778,.T.);
#11794 = ORIENTED_EDGE('',*,*,#11001,.T.);
#11795 = ORIENTED_EDGE('',*,*,#10821,.T.);
#11796 = CYLINDRICAL_SURFACE('',#11797,6.);
#11797 = AXIS2_PLACEMENT_3D('',#11798,#11799,#11800);
#11798 = CARTESIAN_POINT('',(21.213203435596,21.213203435596,18.));
#11799 = DIRECTION('',(-1.137852E-31,2.899307E-47,1.));
#11800 = DIRECTION('',(1.,3.298982268564E-78,1.137852E-31));
#11801 = ADVANCED_FACE('',(#11802),#11813,.F.);
#11802 = FACE_BOUND('',#11803,.F.);
#11803 = EDGE_LOOP('',(#11804,#11805,#11811,#11812));
#11804 = ORIENTED_EDGE('',*,*,#10561,.F.);
#11805 = ORIENTED_EDGE('',*,*,#11806,.F.);
#11806 = EDGE_CURVE('',#10650,#10562,#11807,.T.);
#11807 = LINE('',#11808,#11809);
#11808 = CARTESIAN_POINT('',(20.,37.46998799039,10.));
#11809 = VECTOR('',#11810,1.);
#11810 = DIRECTION('',(0.,0.,1.));
#11811 = ORIENTED_EDGE('',*,*,#10723,.F.);
#11812 = ORIENTED_EDGE('',*,*,#11480,.F.);
#11813 = CYLINDRICAL_SURFACE('',#11814,10.);
#11814 = AXIS2_PLACEMENT_3D('',#11815,#11816,#11817);
#11815 = CARTESIAN_POINT('',(30.,37.46998799039,3.413556E-30));
#11816 = DIRECTION('',(-1.137852E-31,2.899307E-47,1.));
#11817 = DIRECTION('',(-0.901387818866,-0.433012701892,
    -1.025645932472E-31));
#11818 = ADVANCED_FACE('',(#11819),#11831,.T.);
#11819 = FACE_BOUND('',#11820,.T.);
#11820 = EDGE_LOOP('',(#11821,#11822,#11823,#11824,#11830));
#11821 = ORIENTED_EDGE('',*,*,#11806,.F.);
#11822 = ORIENTED_EDGE('',*,*,#10649,.T.);
#11823 = ORIENTED_EDGE('',*,*,#10657,.T.);
#11824 = ORIENTED_EDGE('',*,*,#11825,.F.);
#11825 = EDGE_CURVE('',#10571,#10658,#11826,.T.);
#11826 = LINE('',#11827,#11828);
#11827 = CARTESIAN_POINT('',(20.,65.,30.));
#11828 = VECTOR('',#11829,1.);
#11829 = DIRECTION('',(0.,0.,-1.));
#11830 = ORIENTED_EDGE('',*,*,#10570,.F.);
#11831 = PLANE('',#11832);
#11832 = AXIS2_PLACEMENT_3D('',#11833,#11834,#11835);
#11833 = CARTESIAN_POINT('',(20.,32.310988842807,30.));
#11834 = DIRECTION('',(1.,0.,0.));
#11835 = DIRECTION('',(0.,0.,1.));
#11836 = ADVANCED_FACE('',(#11837),#11848,.F.);
#11837 = FACE_BOUND('',#11838,.F.);
#11838 = EDGE_LOOP('',(#11839,#11840,#11846,#11847));
#11839 = ORIENTED_EDGE('',*,*,#10705,.F.);
#11840 = ORIENTED_EDGE('',*,*,#11841,.F.);
#11841 = EDGE_CURVE('',#10758,#10698,#11842,.T.);
#11842 = LINE('',#11843,#11844);
#11843 = CARTESIAN_POINT('',(-20.,37.46998799039,30.));
#11844 = VECTOR('',#11845,1.);
#11845 = DIRECTION('',(0.,0.,-1.));
#11846 = ORIENTED_EDGE('',*,*,#10765,.F.);
#11847 = ORIENTED_EDGE('',*,*,#11473,.F.);
#11848 = CYLINDRICAL_SURFACE('',#11849,10.);
#11849 = AXIS2_PLACEMENT_3D('',#11850,#11851,#11852);
#11850 = CARTESIAN_POINT('',(-30.,37.46998799039,-3.413556E-30));
#11851 = DIRECTION('',(1.137852E-31,-2.899307E-47,-1.));
#11852 = DIRECTION('',(0.901387818866,-0.433012701892,1.025645932472E-31
    ));
#11853 = ADVANCED_FACE('',(#11854),#11874,.T.);
#11854 = FACE_BOUND('',#11855,.T.);
#11855 = EDGE_LOOP('',(#11856,#11862,#11863,#11864,#11865,#11866,#11867,
    #11873));
#11856 = ORIENTED_EDGE('',*,*,#11857,.F.);
#11857 = EDGE_CURVE('',#10741,#10675,#11858,.T.);
#11858 = LINE('',#11859,#11860);
#11859 = CARTESIAN_POINT('',(-15.,70.,30.));
#11860 = VECTOR('',#11861,1.);
#11861 = DIRECTION('',(0.,0.,-1.));
#11862 = ORIENTED_EDGE('',*,*,#10740,.F.);
#11863 = ORIENTED_EDGE('',*,*,#10444,.T.);
#11864 = ORIENTED_EDGE('',*,*,#10500,.T.);
#11865 = ORIENTED_EDGE('',*,*,#10628,.T.);
#11866 = ORIENTED_EDGE('',*,*,#10587,.F.);
#11867 = ORIENTED_EDGE('',*,*,#11868,.F.);
#11868 = EDGE_CURVE('',#10666,#10579,#11869,.T.);
#11869 = LINE('',#11870,#11871);
#11870 = CARTESIAN_POINT('',(15.,70.,10.));
#11871 = VECTOR('',#11872,1.);
#11872 = DIRECTION('',(0.,0.,1.));
#11873 = ORIENTED_EDGE('',*,*,#10674,.T.);
#11874 = PLANE('',#11875);
#11875 = AXIS2_PLACEMENT_3D('',#11876,#11877,#11878);
#11876 = CARTESIAN_POINT('',(20.,70.,30.));
#11877 = DIRECTION('',(0.,1.,0.));
#11878 = DIRECTION('',(0.,0.,-1.));
#11879 = ADVANCED_FACE('',(#11880),#11891,.T.);
#11880 = FACE_BOUND('',#11881,.T.);
#11881 = EDGE_LOOP('',(#11882,#11888,#11889,#11890));
#11882 = ORIENTED_EDGE('',*,*,#11883,.T.);
#11883 = EDGE_CURVE('',#10683,#10749,#11884,.T.);
#11884 = LINE('',#11885,#11886);
#11885 = CARTESIAN_POINT('',(-20.,65.,10.));
#11886 = VECTOR('',#11887,1.);
#11887 = DIRECTION('',(0.,0.,1.));
#11888 = ORIENTED_EDGE('',*,*,#10748,.T.);
#11889 = ORIENTED_EDGE('',*,*,#11857,.T.);
#11890 = ORIENTED_EDGE('',*,*,#10682,.T.);
#11891 = CYLINDRICAL_SURFACE('',#11892,5.);
#11892 = AXIS2_PLACEMENT_3D('',#11893,#11894,#11895);
#11893 = CARTESIAN_POINT('',(-15.,65.,30.));
#11894 = DIRECTION('',(1.137852E-31,-2.899307E-47,-1.));
#11895 = DIRECTION('',(-0.707106781187,0.707106781187,
    -8.045828651867E-32));
#11896 = ADVANCED_FACE('',(#11897),#11904,.T.);
#11897 = FACE_BOUND('',#11898,.T.);
#11898 = EDGE_LOOP('',(#11899,#11900,#11901,#11902,#11903));
#11899 = ORIENTED_EDGE('',*,*,#11841,.F.);
#11900 = ORIENTED_EDGE('',*,*,#10757,.F.);
#11901 = ORIENTED_EDGE('',*,*,#11883,.F.);
#11902 = ORIENTED_EDGE('',*,*,#10691,.T.);
#11903 = ORIENTED_EDGE('',*,*,#10697,.T.);
#11904 = PLANE('',#11905);
#11905 = AXIS2_PLACEMENT_3D('',#11906,#11907,#11908);
#11906 = CARTESIAN_POINT('',(-20.,70.,30.));
#11907 = DIRECTION('',(-1.,0.,0.));
#11908 = DIRECTION('',(0.,0.,-1.));
#11909 = ADVANCED_FACE('',(#11910),#11916,.T.);
#11910 = FACE_BOUND('',#11911,.T.);
#11911 = EDGE_LOOP('',(#11912,#11913,#11914,#11915));
#11912 = ORIENTED_EDGE('',*,*,#11825,.T.);
#11913 = ORIENTED_EDGE('',*,*,#10665,.T.);
#11914 = ORIENTED_EDGE('',*,*,#11868,.T.);
#11915 = ORIENTED_EDGE('',*,*,#10578,.T.);
#11916 = CYLINDRICAL_SURFACE('',#11917,5.);
#11917 = AXIS2_PLACEMENT_3D('',#11918,#11919,#11920);
#11918 = CARTESIAN_POINT('',(15.,65.,30.));
#11919 = DIRECTION('',(1.137852E-31,-2.899307E-47,-1.));
#11920 = DIRECTION('',(0.707106781187,0.707106781187,8.045828651867E-32)
  );
#11921 = ADVANCED_FACE('',(#11922),#11934,.F.);
#11922 = FACE_BOUND('',#11923,.F.);
#11923 = EDGE_LOOP('',(#11924,#11925,#11931,#11932,#11933));
#11924 = ORIENTED_EDGE('',*,*,#10947,.T.);
#11925 = ORIENTED_EDGE('',*,*,#11926,.T.);
#11926 = EDGE_CURVE('',#10948,#11664,#11927,.T.);
#11927 = LINE('',#11928,#11929);
#11928 = CARTESIAN_POINT('',(-27.16416857988,20.447688020012,6.));
#11929 = VECTOR('',#11930,1.);
#11930 = DIRECTION('',(0.,0.,1.));
#11931 = ORIENTED_EDGE('',*,*,#11672,.F.);
#11932 = ORIENTED_EDGE('',*,*,#10791,.T.);
#11933 = ORIENTED_EDGE('',*,*,#10838,.T.);
#11934 = CYLINDRICAL_SURFACE('',#11935,6.);
#11935 = AXIS2_PLACEMENT_3D('',#11936,#11937,#11938);
#11936 = CARTESIAN_POINT('',(-21.21320343559,21.213203435596,18.));
#11937 = DIRECTION('',(-1.137852E-31,2.899307E-47,1.));
#11938 = DIRECTION('',(3.298982268564E-78,1.,-2.899307E-47));
#11939 = ADVANCED_FACE('',(#11940),#11948,.F.);
#11940 = FACE_BOUND('',#11941,.F.);
#11941 = EDGE_LOOP('',(#11942,#11943,#11944,#11945,#11946,#11947));
#11942 = ORIENTED_EDGE('',*,*,#10956,.T.);
#11943 = ORIENTED_EDGE('',*,*,#11717,.F.);
#11944 = ORIENTED_EDGE('',*,*,#11282,.F.);
#11945 = ORIENTED_EDGE('',*,*,#11642,.T.);
#11946 = ORIENTED_EDGE('',*,*,#11663,.F.);
#11947 = ORIENTED_EDGE('',*,*,#11926,.F.);
#11948 = CYLINDRICAL_SURFACE('',#11949,34.);
#11949 = AXIS2_PLACEMENT_3D('',#11950,#11951,#11952);
#11950 = CARTESIAN_POINT('',(-1.167176E-29,2.801644E-14,30.));
#11951 = DIRECTION('',(1.137852E-31,-2.899307E-47,-1.));
#11952 = DIRECTION('',(1.,3.298982268564E-78,1.137852E-31));
#11953 = ADVANCED_FACE('',(#11954),#11996,.F.);
#11954 = FACE_BOUND('',#11955,.F.);
#11955 = EDGE_LOOP('',(#11956,#11957,#11962,#11963,#11970,#11971,#11978,
    #11979,#11986,#11987,#11994,#11995));
#11956 = ORIENTED_EDGE('',*,*,#10865,.T.);
#11957 = ORIENTED_EDGE('',*,*,#11958,.T.);
#11958 = EDGE_CURVE('',#10868,#11022,#11959,.T.);
#11959 = B_SPLINE_CURVE_WITH_KNOTS('',1,(#11960,#11961),.UNSPECIFIED.,
  .F.,.F.,(2,2),(2.9015226E-30,6.),.PIECEWISE_BEZIER_KNOTS.);
#11960 = CARTESIAN_POINT('',(19.761864416891,16.115790851473,
    5.150130295049E-30));
#11961 = CARTESIAN_POINT('',(19.761864416891,16.115790851473,6.));
#11962 = ORIENTED_EDGE('',*,*,#11030,.F.);
#11963 = ORIENTED_EDGE('',*,*,#11964,.T.);
#11964 = EDGE_CURVE('',#11031,#11040,#11965,.T.);
#11965 = CIRCLE('',#11966,25.5);
#11966 = AXIS2_PLACEMENT_3D('',#11967,#11968,#11969);
#11967 = CARTESIAN_POINT('',(-8.940917E-30,2.801644E-14,6.));
#11968 = DIRECTION('',(0.,0.,-1.));
#11969 = DIRECTION('',(1.,0.,0.));
#11970 = ORIENTED_EDGE('',*,*,#11048,.F.);
#11971 = ORIENTED_EDGE('',*,*,#11972,.T.);
#11972 = EDGE_CURVE('',#11049,#11058,#11973,.T.);
#11973 = CIRCLE('',#11974,25.5);
#11974 = AXIS2_PLACEMENT_3D('',#11975,#11976,#11977);
#11975 = CARTESIAN_POINT('',(-8.940917E-30,2.801644E-14,6.));
#11976 = DIRECTION('',(0.,0.,-1.));
#11977 = DIRECTION('',(1.,0.,0.));
#11978 = ORIENTED_EDGE('',*,*,#11066,.F.);
#11979 = ORIENTED_EDGE('',*,*,#11980,.T.);
#11980 = EDGE_CURVE('',#11067,#11013,#11981,.T.);
#11981 = CIRCLE('',#11982,25.5);
#11982 = AXIS2_PLACEMENT_3D('',#11983,#11984,#11985);
#11983 = CARTESIAN_POINT('',(-8.940917E-30,2.801644E-14,6.));
#11984 = DIRECTION('',(0.,0.,-1.));
#11985 = DIRECTION('',(1.,0.,0.));
#11986 = ORIENTED_EDGE('',*,*,#11010,.F.);
#11987 = ORIENTED_EDGE('',*,*,#11988,.T.);
#11988 = EDGE_CURVE('',#11011,#11022,#11989,.T.);
#11989 = CIRCLE('',#11990,25.5);
#11990 = AXIS2_PLACEMENT_3D('',#11991,#11992,#11993);
#11991 = CARTESIAN_POINT('',(-8.940917E-30,2.801644E-14,6.));
#11992 = DIRECTION('',(0.,0.,-1.));
#11993 = DIRECTION('',(1.,0.,0.));
#11994 = ORIENTED_EDGE('',*,*,#11958,.F.);
#11995 = ORIENTED_EDGE('',*,*,#10876,.T.);
#11996 = CYLINDRICAL_SURFACE('',#11997,25.5);
#11997 = AXIS2_PLACEMENT_3D('',#11998,#11999,#12000);
#11998 = CARTESIAN_POINT('',(-8.258206E-30,2.801644E-14,0.));
#11999 = DIRECTION('',(-1.137852E-31,2.899307E-47,1.));
#12000 = DIRECTION('',(1.,3.298982268564E-78,1.137852E-31));
#12001 = ADVANCED_FACE('',(#12002),#12041,.T.);
#12002 = FACE_BOUND('',#12003,.T.);
#12003 = EDGE_LOOP('',(#12004,#12005,#12017,#12026,#12033,#12034));
#12004 = ORIENTED_EDGE('',*,*,#11039,.T.);
#12005 = ORIENTED_EDGE('',*,*,#12006,.T.);
#12006 = EDGE_CURVE('',#11031,#12007,#12009,.T.);
#12007 = VERTEX_POINT('',#12008);
#12008 = CARTESIAN_POINT('',(19.707096906751,-15.92343565961,6.2));
#12009 = ( BOUNDED_CURVE() B_SPLINE_CURVE(6,(#12010,#12011,#12012,#12013
    ,#12014,#12015,#12016),.UNSPECIFIED.,.F.,.F.) 
B_SPLINE_CURVE_WITH_KNOTS((7,7),(4.712388980385,6.28318530718),
.PIECEWISE_BEZIER_KNOTS.) CURVE() GEOMETRIC_REPRESENTATION_ITEM() 
RATIONAL_B_SPLINE_CURVE((1.031393471788,1.010025407661,0.997924642725,
    0.993958444137,0.997924642725,1.010025407661,1.031393471788)) 
REPRESENTATION_ITEM('') );
#12010 = CARTESIAN_POINT('',(19.761864416891,-16.11579085147,6.));
#12011 = CARTESIAN_POINT('',(19.747223046909,-16.06436723326,6.));
#12012 = CARTESIAN_POINT('',(19.732963132291,-16.01428336775,
    6.017000870127));
#12013 = CARTESIAN_POINT('',(19.720683657328,-15.97115522925,
    6.04961609736));
#12014 = CARTESIAN_POINT('',(19.711752383387,-15.93978668779,
    6.094458285484));
#12015 = CARTESIAN_POINT('',(19.707096906751,-15.92343565961,
    6.146532643369));
#12016 = CARTESIAN_POINT('',(19.707096906751,-15.92343565961,6.2));
#12017 = ORIENTED_EDGE('',*,*,#12018,.T.);
#12018 = EDGE_CURVE('',#12007,#12019,#12021,.T.);
#12019 = VERTEX_POINT('',#12020);
#12020 = CARTESIAN_POINT('',(26.617282533698,-20.19049668316,6.2));
#12021 = CIRCLE('',#12022,5.5);
#12022 = AXIS2_PLACEMENT_3D('',#12023,#12024,#12025);
#12023 = CARTESIAN_POINT('',(21.213203435596,-21.21320343559,6.2));
#12024 = DIRECTION('',(3.913415E-16,7.406028E-17,-1.));
#12025 = DIRECTION('',(-0.982559836018,-0.18594668226,
    -3.982877034204E-16));
#12026 = ORIENTED_EDGE('',*,*,#12027,.T.);
#12027 = EDGE_CURVE('',#12019,#12007,#12028,.T.);
#12028 = CIRCLE('',#12029,5.5);
#12029 = AXIS2_PLACEMENT_3D('',#12030,#12031,#12032);
#12030 = CARTESIAN_POINT('',(21.213203435596,-21.21320343559,6.2));
#12031 = DIRECTION('',(3.913415E-16,7.406028E-17,-1.));
#12032 = DIRECTION('',(-0.982559836018,-0.18594668226,
    -3.982877034204E-16));
#12033 = ORIENTED_EDGE('',*,*,#12006,.F.);
#12034 = ORIENTED_EDGE('',*,*,#12035,.T.);
#12035 = EDGE_CURVE('',#11031,#11040,#12036,.T.);
#12036 = CIRCLE('',#12037,5.3);
#12037 = AXIS2_PLACEMENT_3D('',#12038,#12039,#12040);
#12038 = CARTESIAN_POINT('',(21.213203435596,-21.21320343559,6.));
#12039 = DIRECTION('',(-3.913415E-16,-7.406028E-17,1.));
#12040 = DIRECTION('',(-0.982559836018,-0.18594668226,
    -3.982877034204E-16));
#12041 = TOROIDAL_SURFACE('',#12042,5.3,0.2);
#12042 = AXIS2_PLACEMENT_3D('',#12043,#12044,#12045);
#12043 = CARTESIAN_POINT('',(21.213203435596,-21.21320343559,6.2));
#12044 = DIRECTION('',(-4.053572E-16,1.583047E-31,1.));
#12045 = DIRECTION('',(-0.18594668226,0.982559836018,-7.537482647017E-17
    ));
#12046 = ADVANCED_FACE('',(#12047),#12066,.T.);
#12047 = FACE_BOUND('',#12048,.T.);
#12048 = EDGE_LOOP('',(#12049,#12058,#12063,#12064,#12065));
#12049 = ORIENTED_EDGE('',*,*,#12050,.F.);
#12050 = EDGE_CURVE('',#12051,#12051,#12053,.T.);
#12051 = VERTEX_POINT('',#12052);
#12052 = CARTESIAN_POINT('',(26.617282533698,-20.19049668316,13.5));
#12053 = CIRCLE('',#12054,5.5);
#12054 = AXIS2_PLACEMENT_3D('',#12055,#12056,#12057);
#12055 = CARTESIAN_POINT('',(21.213203435596,-21.21320343559,13.5));
#12056 = DIRECTION('',(-3.913415E-16,-7.406028E-17,1.));
#12057 = DIRECTION('',(-0.982559836018,-0.18594668226,
    -3.982877034204E-16));
#12058 = ORIENTED_EDGE('',*,*,#12059,.F.);
#12059 = EDGE_CURVE('',#12019,#12051,#12060,.T.);
#12060 = B_SPLINE_CURVE_WITH_KNOTS('',1,(#12061,#12062),.UNSPECIFIED.,
  .F.,.F.,(2,2),(-4.3,3.),.PIECEWISE_BEZIER_KNOTS.);
#12061 = CARTESIAN_POINT('',(26.617282533698,-20.19049668316,6.2));
#12062 = CARTESIAN_POINT('',(26.617282533698,-20.19049668316,13.5));
#12063 = ORIENTED_EDGE('',*,*,#12018,.F.);
#12064 = ORIENTED_EDGE('',*,*,#12027,.F.);
#12065 = ORIENTED_EDGE('',*,*,#12059,.T.);
#12066 = CYLINDRICAL_SURFACE('',#12067,5.5);
#12067 = AXIS2_PLACEMENT_3D('',#12068,#12069,#12070);
#12068 = CARTESIAN_POINT('',(21.213203435596,-21.21320343559,10.5));
#12069 = DIRECTION('',(-4.053572E-16,1.583047E-31,1.));
#12070 = DIRECTION('',(0.982559836018,0.18594668226,3.982877039609E-16)
  );
#12071 = ADVANCED_FACE('',(#12072),#12095,.T.);
#12072 = FACE_BOUND('',#12073,.T.);
#12073 = EDGE_LOOP('',(#12074,#12075,#12087,#12094));
#12074 = ORIENTED_EDGE('',*,*,#12050,.T.);
#12075 = ORIENTED_EDGE('',*,*,#12076,.T.);
#12076 = EDGE_CURVE('',#12051,#12077,#12079,.T.);
#12077 = VERTEX_POINT('',#12078);
#12078 = CARTESIAN_POINT('',(25.14344277967,-20.46941670655,15.));
#12079 = ( BOUNDED_CURVE() B_SPLINE_CURVE(6,(#12080,#12081,#12082,#12083
    ,#12084,#12085,#12086),.UNSPECIFIED.,.F.,.F.) 
B_SPLINE_CURVE_WITH_KNOTS((7,7),(0.,1.570796326795),
.PIECEWISE_BEZIER_KNOTS.) CURVE() GEOMETRIC_REPRESENTATION_ITEM() 
RATIONAL_B_SPLINE_CURVE((1.031393471788,1.010025407661,0.997924642725,
    0.993958444137,0.997924642725,1.010025407661,1.031393471788)) 
REPRESENTATION_ITEM('') );
#12080 = CARTESIAN_POINT('',(26.617282533698,-20.19049668316,13.5));
#12081 = CARTESIAN_POINT('',(26.617282533698,-20.19049668316,
    13.901005174729));
#12082 = CARTESIAN_POINT('',(26.491999742468,-20.21420609863,
    14.291562858873));
#12083 = CARTESIAN_POINT('',(26.251651650057,-20.25969129834,
    14.627879269803));
#12084 = CARTESIAN_POINT('',(25.921200652483,-20.32222821914,
    14.872493474049));
#12085 = CARTESIAN_POINT('',(25.537454358395,-20.39485112474,15.));
#12086 = CARTESIAN_POINT('',(25.14344277967,-20.46941670655,15.));
#12087 = ORIENTED_EDGE('',*,*,#12088,.T.);
#12088 = EDGE_CURVE('',#12077,#12077,#12089,.T.);
#12089 = CIRCLE('',#12090,4.);
#12090 = AXIS2_PLACEMENT_3D('',#12091,#12092,#12093);
#12091 = CARTESIAN_POINT('',(21.213203435596,-21.21320343559,15.));
#12092 = DIRECTION('',(3.913415E-16,7.406028E-17,-1.));
#12093 = DIRECTION('',(-0.982559836018,-0.18594668226,
    -3.982877034204E-16));
#12094 = ORIENTED_EDGE('',*,*,#12076,.F.);
#12095 = TOROIDAL_SURFACE('',#12096,4.,1.5);
#12096 = AXIS2_PLACEMENT_3D('',#12097,#12098,#12099);
#12097 = CARTESIAN_POINT('',(21.213203435596,-21.21320343559,13.5));
#12098 = DIRECTION('',(-4.053572E-16,1.583047E-31,1.));
#12099 = DIRECTION('',(-0.18594668226,0.982559836018,-7.537482647017E-17
    ));
#12100 = ADVANCED_FACE('',(#12101),#12104,.T.);
#12101 = FACE_BOUND('',#12102,.T.);
#12102 = EDGE_LOOP('',(#12103));
#12103 = ORIENTED_EDGE('',*,*,#12088,.F.);
#12104 = PLANE('',#12105);
#12105 = AXIS2_PLACEMENT_3D('',#12106,#12107,#12108);
#12106 = CARTESIAN_POINT('',(23.915242984647,-20.70185005938,15.));
#12107 = DIRECTION('',(0.,0.,1.));
#12108 = DIRECTION('',(-0.18594668226,0.982559836018,0.));
#12109 = ADVANCED_FACE('',(#12110),#12114,.T.);
#12110 = FACE_BOUND('',#12111,.T.);
#12111 = EDGE_LOOP('',(#12112,#12113));
#12112 = ORIENTED_EDGE('',*,*,#11964,.T.);
#12113 = ORIENTED_EDGE('',*,*,#12035,.F.);
#12114 = PLANE('',#12115);
#12115 = AXIS2_PLACEMENT_3D('',#12116,#12117,#12118);
#12116 = CARTESIAN_POINT('',(21.213203435596,-21.21320343559,6.));
#12117 = DIRECTION('',(0.,0.,-1.));
#12118 = DIRECTION('',(-0.707106781187,-0.707106781187,-0.));
#12119 = ADVANCED_FACE('',(#12120),#12146,.T.);
#12120 = FACE_BOUND('',#12121,.T.);
#12121 = EDGE_LOOP('',(#12122,#12131,#12138,#12145));
#12122 = ORIENTED_EDGE('',*,*,#12123,.T.);
#12123 = EDGE_CURVE('',#12124,#12124,#12126,.T.);
#12124 = VERTEX_POINT('',#12125);
#12125 = CARTESIAN_POINT('',(20.081832585698,-22.34457428549,-8.4));
#12126 = CIRCLE('',#12127,1.6);
#12127 = AXIS2_PLACEMENT_3D('',#12128,#12129,#12130);
#12128 = CARTESIAN_POINT('',(21.213203435596,-21.21320343559,-8.4));
#12129 = DIRECTION('',(-4.023858E-17,-4.023858E-17,1.));
#12130 = DIRECTION('',(0.707106781187,0.707106781187,5.690594556663E-17)
  );
#12131 = ORIENTED_EDGE('',*,*,#12132,.T.);
#12132 = EDGE_CURVE('',#12124,#12133,#12135,.T.);
#12133 = VERTEX_POINT('',#12134);
#12134 = CARTESIAN_POINT('',(19.44543648263,-22.98097038856,-7.5));
#12135 = B_SPLINE_CURVE_WITH_KNOTS('',1,(#12136,#12137),.UNSPECIFIED.,
  .F.,.F.,(2,2),(-0.636396103068,0.636396103068),
  .PIECEWISE_BEZIER_KNOTS.);
#12136 = CARTESIAN_POINT('',(20.081832585412,-22.34457428578,
    -8.400000000404));
#12137 = CARTESIAN_POINT('',(19.445436482916,-22.98097038827,
    -7.499999999596));
#12138 = ORIENTED_EDGE('',*,*,#12139,.T.);
#12139 = EDGE_CURVE('',#12133,#12133,#12140,.T.);
#12140 = CIRCLE('',#12141,2.5);
#12141 = AXIS2_PLACEMENT_3D('',#12142,#12143,#12144);
#12142 = CARTESIAN_POINT('',(21.213203435596,-21.21320343559,-7.5));
#12143 = DIRECTION('',(4.023858E-17,4.023858E-17,-1.));
#12144 = DIRECTION('',(0.707106781187,0.707106781187,5.690594556663E-17)
  );
#12145 = ORIENTED_EDGE('',*,*,#12132,.F.);
#12146 = CONICAL_SURFACE('',#12147,2.05,0.7853981625);
#12147 = AXIS2_PLACEMENT_3D('',#12148,#12149,#12150);
#12148 = CARTESIAN_POINT('',(21.213203435596,-21.21320343559,-7.95));
#12149 = DIRECTION('',(1.904842E-17,-9.952557E-17,1.));
#12150 = DIRECTION('',(0.707106781187,0.707106781187,5.690593849557E-17)
  );
#12151 = ADVANCED_FACE('',(#12152),#12162,.T.);
#12152 = FACE_BOUND('',#12153,.T.);
#12153 = EDGE_LOOP('',(#12154,#12155,#12160,#12161));
#12154 = ORIENTED_EDGE('',*,*,#10885,.T.);
#12155 = ORIENTED_EDGE('',*,*,#12156,.T.);
#12156 = EDGE_CURVE('',#10886,#12133,#12157,.T.);
#12157 = B_SPLINE_CURVE_WITH_KNOTS('',1,(#12158,#12159),.UNSPECIFIED.,
  .F.,.F.,(2,2),(6.6,14.1),.PIECEWISE_BEZIER_KNOTS.);
#12158 = CARTESIAN_POINT('',(19.44543648263,-22.98097038856,
    -2.6645352591E-15));
#12159 = CARTESIAN_POINT('',(19.44543648263,-22.98097038856,-7.5));
#12160 = ORIENTED_EDGE('',*,*,#12139,.F.);
#12161 = ORIENTED_EDGE('',*,*,#12156,.F.);
#12162 = CYLINDRICAL_SURFACE('',#12163,2.5);
#12163 = AXIS2_PLACEMENT_3D('',#12164,#12165,#12166);
#12164 = CARTESIAN_POINT('',(21.213203435596,-21.21320343559,6.6));
#12165 = DIRECTION('',(-1.904842E-17,9.952557E-17,-1.));
#12166 = DIRECTION('',(0.707106781187,0.707106781187,5.690593849557E-17)
  );
#12167 = ADVANCED_FACE('',(#12168),#12171,.F.);
#12168 = FACE_BOUND('',#12169,.T.);
#12169 = EDGE_LOOP('',(#12170));
#12170 = ORIENTED_EDGE('',*,*,#12123,.F.);
#12171 = PLANE('',#12172);
#12172 = AXIS2_PLACEMENT_3D('',#12173,#12174,#12175);
#12173 = CARTESIAN_POINT('',(21.213203435596,-21.21320343559,-8.4));
#12174 = DIRECTION('',(0.,0.,1.));
#12175 = DIRECTION('',(0.707106781187,0.707106781187,-0.));
#12176 = ADVANCED_FACE('',(#12177),#12187,.T.);
#12177 = FACE_BOUND('',#12178,.T.);
#12178 = EDGE_LOOP('',(#12179,#12180));
#12179 = ORIENTED_EDGE('',*,*,#11988,.T.);
#12180 = ORIENTED_EDGE('',*,*,#12181,.F.);
#12181 = EDGE_CURVE('',#11011,#11022,#12182,.T.);
#12182 = CIRCLE('',#12183,5.3);
#12183 = AXIS2_PLACEMENT_3D('',#12184,#12185,#12186);
#12184 = CARTESIAN_POINT('',(21.213203435596,21.213203435596,6.));
#12185 = DIRECTION('',(7.406028E-17,-3.913415E-16,1.));
#12186 = DIRECTION('',(0.18594668226,-0.982559836018,-3.982877034204E-16
    ));
#12187 = PLANE('',#12188);
#12188 = AXIS2_PLACEMENT_3D('',#12189,#12190,#12191);
#12189 = CARTESIAN_POINT('',(21.213203435596,21.213203435596,6.));
#12190 = DIRECTION('',(0.,0.,-1.));
#12191 = DIRECTION('',(0.707106781187,-0.707106781187,0.));
#12192 = ADVANCED_FACE('',(#12193),#12226,.T.);
#12193 = FACE_BOUND('',#12194,.T.);
#12194 = EDGE_LOOP('',(#12195,#12196,#12208,#12217,#12224,#12225));
#12195 = ORIENTED_EDGE('',*,*,#11021,.T.);
#12196 = ORIENTED_EDGE('',*,*,#12197,.T.);
#12197 = EDGE_CURVE('',#11011,#12198,#12200,.T.);
#12198 = VERTEX_POINT('',#12199);
#12199 = CARTESIAN_POINT('',(15.923435659619,19.707096906751,6.2));
#12200 = ( BOUNDED_CURVE() B_SPLINE_CURVE(6,(#12201,#12202,#12203,#12204
    ,#12205,#12206,#12207),.UNSPECIFIED.,.F.,.F.) 
B_SPLINE_CURVE_WITH_KNOTS((7,7),(4.712388980385,6.28318530718),
.PIECEWISE_BEZIER_KNOTS.) CURVE() GEOMETRIC_REPRESENTATION_ITEM() 
RATIONAL_B_SPLINE_CURVE((1.031393471788,1.010025407661,0.997924642725,
    0.993958444137,0.997924642725,1.010025407661,1.031393471788)) 
REPRESENTATION_ITEM('') );
#12201 = CARTESIAN_POINT('',(16.115790851473,19.761864416891,6.));
#12202 = CARTESIAN_POINT('',(16.06436723326,19.747223046909,6.));
#12203 = CARTESIAN_POINT('',(16.014283367751,19.732963132292,
    6.017000870127));
#12204 = CARTESIAN_POINT('',(15.971155229252,19.720683657328,
    6.04961609736));
#12205 = CARTESIAN_POINT('',(15.939786687793,19.711752383387,
    6.094458285484));
#12206 = CARTESIAN_POINT('',(15.923435659619,19.707096906751,
    6.146532643369));
#12207 = CARTESIAN_POINT('',(15.923435659619,19.707096906751,6.2));
#12208 = ORIENTED_EDGE('',*,*,#12209,.T.);
#12209 = EDGE_CURVE('',#12198,#12210,#12212,.T.);
#12210 = VERTEX_POINT('',#12211);
#12211 = CARTESIAN_POINT('',(20.190496683167,26.617282533698,6.2));
#12212 = CIRCLE('',#12213,5.5);
#12213 = AXIS2_PLACEMENT_3D('',#12214,#12215,#12216);
#12214 = CARTESIAN_POINT('',(21.213203435596,21.213203435596,6.2));
#12215 = DIRECTION('',(-7.406028E-17,3.913415E-16,-1.));
#12216 = DIRECTION('',(0.18594668226,-0.982559836018,-3.982877034204E-16
    ));
#12217 = ORIENTED_EDGE('',*,*,#12218,.T.);
#12218 = EDGE_CURVE('',#12210,#12198,#12219,.T.);
#12219 = CIRCLE('',#12220,5.5);
#12220 = AXIS2_PLACEMENT_3D('',#12221,#12222,#12223);
#12221 = CARTESIAN_POINT('',(21.213203435596,21.213203435596,6.2));
#12222 = DIRECTION('',(-7.406028E-17,3.913415E-16,-1.));
#12223 = DIRECTION('',(0.18594668226,-0.982559836018,-3.982877034204E-16
    ));
#12224 = ORIENTED_EDGE('',*,*,#12197,.F.);
#12225 = ORIENTED_EDGE('',*,*,#12181,.T.);
#12226 = TOROIDAL_SURFACE('',#12227,5.3,0.2);
#12227 = AXIS2_PLACEMENT_3D('',#12228,#12229,#12230);
#12228 = CARTESIAN_POINT('',(21.213203435596,21.213203435596,6.2));
#12229 = DIRECTION('',(-2.569123E-31,-4.053572E-16,1.));
#12230 = DIRECTION('',(-0.982559836018,-0.18594668226,
    -7.537482647017E-17));
#12231 = ADVANCED_FACE('',(#12232),#12251,.T.);
#12232 = FACE_BOUND('',#12233,.T.);
#12233 = EDGE_LOOP('',(#12234,#12243,#12248,#12249,#12250));
#12234 = ORIENTED_EDGE('',*,*,#12235,.F.);
#12235 = EDGE_CURVE('',#12236,#12236,#12238,.T.);
#12236 = VERTEX_POINT('',#12237);
#12237 = CARTESIAN_POINT('',(20.190496683167,26.617282533698,13.5));
#12238 = CIRCLE('',#12239,5.5);
#12239 = AXIS2_PLACEMENT_3D('',#12240,#12241,#12242);
#12240 = CARTESIAN_POINT('',(21.213203435596,21.213203435596,13.5));
#12241 = DIRECTION('',(7.406028E-17,-3.913415E-16,1.));
#12242 = DIRECTION('',(0.18594668226,-0.982559836018,-3.982877034204E-16
    ));
#12243 = ORIENTED_EDGE('',*,*,#12244,.F.);
#12244 = EDGE_CURVE('',#12210,#12236,#12245,.T.);
#12245 = B_SPLINE_CURVE_WITH_KNOTS('',1,(#12246,#12247),.UNSPECIFIED.,
  .F.,.F.,(2,2),(-4.3,3.),.PIECEWISE_BEZIER_KNOTS.);
#12246 = CARTESIAN_POINT('',(20.190496683167,26.617282533698,6.2));
#12247 = CARTESIAN_POINT('',(20.190496683167,26.617282533698,13.5));
#12248 = ORIENTED_EDGE('',*,*,#12209,.F.);
#12249 = ORIENTED_EDGE('',*,*,#12218,.F.);
#12250 = ORIENTED_EDGE('',*,*,#12244,.T.);
#12251 = CYLINDRICAL_SURFACE('',#12252,5.5);
#12252 = AXIS2_PLACEMENT_3D('',#12253,#12254,#12255);
#12253 = CARTESIAN_POINT('',(21.213203435596,21.213203435596,10.5));
#12254 = DIRECTION('',(-2.569123E-31,-4.053572E-16,1.));
#12255 = DIRECTION('',(-0.18594668226,0.982559836018,3.982877039609E-16)
  );
#12256 = ADVANCED_FACE('',(#12257),#12280,.T.);
#12257 = FACE_BOUND('',#12258,.T.);
#12258 = EDGE_LOOP('',(#12259,#12260,#12272,#12279));
#12259 = ORIENTED_EDGE('',*,*,#12235,.T.);
#12260 = ORIENTED_EDGE('',*,*,#12261,.T.);
#12261 = EDGE_CURVE('',#12236,#12262,#12264,.T.);
#12262 = VERTEX_POINT('',#12263);
#12263 = CARTESIAN_POINT('',(20.469416706557,25.14344277967,15.));
#12264 = ( BOUNDED_CURVE() B_SPLINE_CURVE(6,(#12265,#12266,#12267,#12268
    ,#12269,#12270,#12271),.UNSPECIFIED.,.F.,.F.) 
B_SPLINE_CURVE_WITH_KNOTS((7,7),(0.,1.570796326795),
.PIECEWISE_BEZIER_KNOTS.) CURVE() GEOMETRIC_REPRESENTATION_ITEM() 
RATIONAL_B_SPLINE_CURVE((1.031393471788,1.010025407661,0.997924642725,
    0.993958444137,0.997924642725,1.010025407661,1.031393471788)) 
REPRESENTATION_ITEM('') );
#12265 = CARTESIAN_POINT('',(20.190496683167,26.617282533698,13.5));
#12266 = CARTESIAN_POINT('',(20.190496683167,26.617282533698,
    13.901005174729));
#12267 = CARTESIAN_POINT('',(20.214206098634,26.491999742468,
    14.291562858873));
#12268 = CARTESIAN_POINT('',(20.259691298347,26.251651650057,
    14.627879269803));
#12269 = CARTESIAN_POINT('',(20.322228219149,25.921200652483,
    14.872493474049));
#12270 = CARTESIAN_POINT('',(20.394851124747,25.537454358395,15.));
#12271 = CARTESIAN_POINT('',(20.469416706557,25.14344277967,15.));
#12272 = ORIENTED_EDGE('',*,*,#12273,.T.);
#12273 = EDGE_CURVE('',#12262,#12262,#12274,.T.);
#12274 = CIRCLE('',#12275,4.);
#12275 = AXIS2_PLACEMENT_3D('',#12276,#12277,#12278);
#12276 = CARTESIAN_POINT('',(21.213203435596,21.213203435596,15.));
#12277 = DIRECTION('',(-7.406028E-17,3.913415E-16,-1.));
#12278 = DIRECTION('',(0.18594668226,-0.982559836018,-3.982877034204E-16
    ));
#12279 = ORIENTED_EDGE('',*,*,#12261,.F.);
#12280 = TOROIDAL_SURFACE('',#12281,4.,1.5);
#12281 = AXIS2_PLACEMENT_3D('',#12282,#12283,#12284);
#12282 = CARTESIAN_POINT('',(21.213203435596,21.213203435596,13.5));
#12283 = DIRECTION('',(-2.569123E-31,-4.053572E-16,1.));
#12284 = DIRECTION('',(-0.982559836018,-0.18594668226,
    -7.537482647017E-17));
#12285 = ADVANCED_FACE('',(#12286),#12289,.T.);
#12286 = FACE_BOUND('',#12287,.T.);
#12287 = EDGE_LOOP('',(#12288));
#12288 = ORIENTED_EDGE('',*,*,#12273,.F.);
#12289 = PLANE('',#12290);
#12290 = AXIS2_PLACEMENT_3D('',#12291,#12292,#12293);
#12291 = CARTESIAN_POINT('',(20.701850059382,23.915242984647,15.));
#12292 = DIRECTION('',(0.,0.,1.));
#12293 = DIRECTION('',(-0.982559836018,-0.18594668226,0.));
#12294 = ADVANCED_FACE('',(#12295),#12321,.T.);
#12295 = FACE_BOUND('',#12296,.T.);
#12296 = EDGE_LOOP('',(#12297,#12306,#12313,#12320));
#12297 = ORIENTED_EDGE('',*,*,#12298,.T.);
#12298 = EDGE_CURVE('',#12299,#12299,#12301,.T.);
#12299 = VERTEX_POINT('',#12300);
#12300 = CARTESIAN_POINT('',(22.344574285495,20.081832585698,-8.4));
#12301 = CIRCLE('',#12302,1.6);
#12302 = AXIS2_PLACEMENT_3D('',#12303,#12304,#12305);
#12303 = CARTESIAN_POINT('',(21.213203435596,21.213203435596,-8.4));
#12304 = DIRECTION('',(4.023858E-17,-4.023858E-17,1.));
#12305 = DIRECTION('',(-0.707106781187,0.707106781187,5.690594556663E-17
    ));
#12306 = ORIENTED_EDGE('',*,*,#12307,.T.);
#12307 = EDGE_CURVE('',#12299,#12308,#12310,.T.);
#12308 = VERTEX_POINT('',#12309);
#12309 = CARTESIAN_POINT('',(22.980970388563,19.44543648263,-7.5));
#12310 = B_SPLINE_CURVE_WITH_KNOTS('',1,(#12311,#12312),.UNSPECIFIED.,
  .F.,.F.,(2,2),(-0.636396103068,0.636396103068),
  .PIECEWISE_BEZIER_KNOTS.);
#12311 = CARTESIAN_POINT('',(22.34457428578,20.081832585412,
    -8.400000000404));
#12312 = CARTESIAN_POINT('',(22.980970388277,19.445436482916,
    -7.499999999596));
#12313 = ORIENTED_EDGE('',*,*,#12314,.T.);
#12314 = EDGE_CURVE('',#12308,#12308,#12315,.T.);
#12315 = CIRCLE('',#12316,2.5);
#12316 = AXIS2_PLACEMENT_3D('',#12317,#12318,#12319);
#12317 = CARTESIAN_POINT('',(21.213203435596,21.213203435596,-7.5));
#12318 = DIRECTION('',(-4.023858E-17,4.023858E-17,-1.));
#12319 = DIRECTION('',(-0.707106781187,0.707106781187,5.690594556663E-17
    ));
#12320 = ORIENTED_EDGE('',*,*,#12307,.F.);
#12321 = CONICAL_SURFACE('',#12322,2.05,0.7853981625);
#12322 = AXIS2_PLACEMENT_3D('',#12323,#12324,#12325);
#12323 = CARTESIAN_POINT('',(21.213203435596,21.213203435596,-7.95));
#12324 = DIRECTION('',(9.952557E-17,1.904842E-17,1.));
#12325 = DIRECTION('',(-0.707106781187,0.707106781187,5.690593849557E-17
    ));
#12326 = ADVANCED_FACE('',(#12327),#12337,.T.);
#12327 = FACE_BOUND('',#12328,.T.);
#12328 = EDGE_LOOP('',(#12329,#12330,#12335,#12336));
#12329 = ORIENTED_EDGE('',*,*,#10896,.T.);
#12330 = ORIENTED_EDGE('',*,*,#12331,.T.);
#12331 = EDGE_CURVE('',#10897,#12308,#12332,.T.);
#12332 = B_SPLINE_CURVE_WITH_KNOTS('',1,(#12333,#12334),.UNSPECIFIED.,
  .F.,.F.,(2,2),(6.6,14.1),.PIECEWISE_BEZIER_KNOTS.);
#12333 = CARTESIAN_POINT('',(22.980970388563,19.44543648263,
    -2.6645352591E-15));
#12334 = CARTESIAN_POINT('',(22.980970388563,19.44543648263,-7.5));
#12335 = ORIENTED_EDGE('',*,*,#12314,.F.);
#12336 = ORIENTED_EDGE('',*,*,#12331,.F.);
#12337 = CYLINDRICAL_SURFACE('',#12338,2.5);
#12338 = AXIS2_PLACEMENT_3D('',#12339,#12340,#12341);
#12339 = CARTESIAN_POINT('',(21.213203435596,21.213203435596,6.6));
#12340 = DIRECTION('',(-9.952557E-17,-1.904842E-17,-1.));
#12341 = DIRECTION('',(-0.707106781187,0.707106781187,5.690593849557E-17
    ));
#12342 = ADVANCED_FACE('',(#12343),#12346,.F.);
#12343 = FACE_BOUND('',#12344,.T.);
#12344 = EDGE_LOOP('',(#12345));
#12345 = ORIENTED_EDGE('',*,*,#12298,.F.);
#12346 = PLANE('',#12347);
#12347 = AXIS2_PLACEMENT_3D('',#12348,#12349,#12350);
#12348 = CARTESIAN_POINT('',(21.213203435596,21.213203435596,-8.4));
#12349 = DIRECTION('',(0.,0.,1.));
#12350 = DIRECTION('',(-0.707106781187,0.707106781187,0.));
#12351 = ADVANCED_FACE('',(#12352),#12391,.T.);
#12352 = FACE_BOUND('',#12353,.T.);
#12353 = EDGE_LOOP('',(#12354,#12355,#12367,#12376,#12383,#12384));
#12354 = ORIENTED_EDGE('',*,*,#11075,.T.);
#12355 = ORIENTED_EDGE('',*,*,#12356,.T.);
#12356 = EDGE_CURVE('',#11067,#12357,#12359,.T.);
#12357 = VERTEX_POINT('',#12358);
#12358 = CARTESIAN_POINT('',(-19.70709690675,15.923435659619,6.2));
#12359 = ( BOUNDED_CURVE() B_SPLINE_CURVE(6,(#12360,#12361,#12362,#12363
    ,#12364,#12365,#12366),.UNSPECIFIED.,.F.,.F.) 
B_SPLINE_CURVE_WITH_KNOTS((7,7),(4.712388980385,6.28318530718),
.PIECEWISE_BEZIER_KNOTS.) CURVE() GEOMETRIC_REPRESENTATION_ITEM() 
RATIONAL_B_SPLINE_CURVE((1.031393471788,1.010025407661,0.997924642725,
    0.993958444137,0.997924642725,1.010025407661,1.031393471788)) 
REPRESENTATION_ITEM('') );
#12360 = CARTESIAN_POINT('',(-19.76186441689,16.115790851473,6.));
#12361 = CARTESIAN_POINT('',(-19.7472230469,16.06436723326,6.));
#12362 = CARTESIAN_POINT('',(-19.73296313229,16.014283367751,
    6.017000870127));
#12363 = CARTESIAN_POINT('',(-19.72068365732,15.971155229252,
    6.04961609736));
#12364 = CARTESIAN_POINT('',(-19.71175238338,15.939786687793,
    6.094458285484));
#12365 = CARTESIAN_POINT('',(-19.70709690675,15.923435659619,
    6.146532643369));
#12366 = CARTESIAN_POINT('',(-19.70709690675,15.923435659619,6.2));
#12367 = ORIENTED_EDGE('',*,*,#12368,.T.);
#12368 = EDGE_CURVE('',#12357,#12369,#12371,.T.);
#12369 = VERTEX_POINT('',#12370);
#12370 = CARTESIAN_POINT('',(-26.61728253369,20.190496683167,6.2));
#12371 = CIRCLE('',#12372,5.5);
#12372 = AXIS2_PLACEMENT_3D('',#12373,#12374,#12375);
#12373 = CARTESIAN_POINT('',(-21.21320343559,21.213203435596,6.2));
#12374 = DIRECTION('',(-3.913415E-16,-7.406028E-17,-1.));
#12375 = DIRECTION('',(0.982559836018,0.18594668226,-3.982877034204E-16)
  );
#12376 = ORIENTED_EDGE('',*,*,#12377,.T.);
#12377 = EDGE_CURVE('',#12369,#12357,#12378,.T.);
#12378 = CIRCLE('',#12379,5.5);
#12379 = AXIS2_PLACEMENT_3D('',#12380,#12381,#12382);
#12380 = CARTESIAN_POINT('',(-21.21320343559,21.213203435596,6.2));
#12381 = DIRECTION('',(-3.913415E-16,-7.406028E-17,-1.));
#12382 = DIRECTION('',(0.982559836018,0.18594668226,-3.982877034204E-16)
  );
#12383 = ORIENTED_EDGE('',*,*,#12356,.F.);
#12384 = ORIENTED_EDGE('',*,*,#12385,.T.);
#12385 = EDGE_CURVE('',#11067,#11013,#12386,.T.);
#12386 = CIRCLE('',#12387,5.3);
#12387 = AXIS2_PLACEMENT_3D('',#12388,#12389,#12390);
#12388 = CARTESIAN_POINT('',(-21.21320343559,21.213203435596,6.));
#12389 = DIRECTION('',(3.913415E-16,7.406028E-17,1.));
#12390 = DIRECTION('',(0.982559836018,0.18594668226,-3.982877034204E-16)
  );
#12391 = TOROIDAL_SURFACE('',#12392,5.3,0.2);
#12392 = AXIS2_PLACEMENT_3D('',#12393,#12394,#12395);
#12393 = CARTESIAN_POINT('',(-21.21320343559,21.213203435596,6.2));
#12394 = DIRECTION('',(4.053572E-16,-2.167763E-31,1.));
#12395 = DIRECTION('',(0.18594668226,-0.982559836018,-7.537482647017E-17
    ));
#12396 = ADVANCED_FACE('',(#12397),#12416,.T.);
#12397 = FACE_BOUND('',#12398,.T.);
#12398 = EDGE_LOOP('',(#12399,#12408,#12413,#12414,#12415));
#12399 = ORIENTED_EDGE('',*,*,#12400,.F.);
#12400 = EDGE_CURVE('',#12401,#12401,#12403,.T.);
#12401 = VERTEX_POINT('',#12402);
#12402 = CARTESIAN_POINT('',(-26.61728253369,20.190496683167,13.5));
#12403 = CIRCLE('',#12404,5.5);
#12404 = AXIS2_PLACEMENT_3D('',#12405,#12406,#12407);
#12405 = CARTESIAN_POINT('',(-21.21320343559,21.213203435596,13.5));
#12406 = DIRECTION('',(3.913415E-16,7.406028E-17,1.));
#12407 = DIRECTION('',(0.982559836018,0.18594668226,-3.982877034204E-16)
  );
#12408 = ORIENTED_EDGE('',*,*,#12409,.F.);
#12409 = EDGE_CURVE('',#12369,#12401,#12410,.T.);
#12410 = B_SPLINE_CURVE_WITH_KNOTS('',1,(#12411,#12412),.UNSPECIFIED.,
  .F.,.F.,(2,2),(-4.3,3.),.PIECEWISE_BEZIER_KNOTS.);
#12411 = CARTESIAN_POINT('',(-26.61728253369,20.190496683167,6.2));
#12412 = CARTESIAN_POINT('',(-26.61728253369,20.190496683167,13.5));
#12413 = ORIENTED_EDGE('',*,*,#12368,.F.);
#12414 = ORIENTED_EDGE('',*,*,#12377,.F.);
#12415 = ORIENTED_EDGE('',*,*,#12409,.T.);
#12416 = CYLINDRICAL_SURFACE('',#12417,5.5);
#12417 = AXIS2_PLACEMENT_3D('',#12418,#12419,#12420);
#12418 = CARTESIAN_POINT('',(-21.21320343559,21.213203435596,10.5));
#12419 = DIRECTION('',(4.053572E-16,-2.167763E-31,1.));
#12420 = DIRECTION('',(-0.982559836018,-0.18594668226,3.982877039609E-16
    ));
#12421 = ADVANCED_FACE('',(#12422),#12445,.T.);
#12422 = FACE_BOUND('',#12423,.T.);
#12423 = EDGE_LOOP('',(#12424,#12425,#12437,#12444));
#12424 = ORIENTED_EDGE('',*,*,#12400,.T.);
#12425 = ORIENTED_EDGE('',*,*,#12426,.T.);
#12426 = EDGE_CURVE('',#12401,#12427,#12429,.T.);
#12427 = VERTEX_POINT('',#12428);
#12428 = CARTESIAN_POINT('',(-25.14344277967,20.469416706557,15.));
#12429 = ( BOUNDED_CURVE() B_SPLINE_CURVE(6,(#12430,#12431,#12432,#12433
    ,#12434,#12435,#12436),.UNSPECIFIED.,.F.,.F.) 
B_SPLINE_CURVE_WITH_KNOTS((7,7),(0.,1.570796326795),
.PIECEWISE_BEZIER_KNOTS.) CURVE() GEOMETRIC_REPRESENTATION_ITEM() 
RATIONAL_B_SPLINE_CURVE((1.031393471788,1.010025407661,0.997924642725,
    0.993958444137,0.997924642725,1.010025407661,1.031393471788)) 
REPRESENTATION_ITEM('') );
#12430 = CARTESIAN_POINT('',(-26.61728253369,20.190496683167,13.5));
#12431 = CARTESIAN_POINT('',(-26.61728253369,20.190496683167,
    13.901005174729));
#12432 = CARTESIAN_POINT('',(-26.49199974246,20.214206098634,
    14.291562858873));
#12433 = CARTESIAN_POINT('',(-26.25165165005,20.259691298347,
    14.627879269803));
#12434 = CARTESIAN_POINT('',(-25.92120065248,20.322228219149,
    14.872493474049));
#12435 = CARTESIAN_POINT('',(-25.53745435839,20.394851124747,15.));
#12436 = CARTESIAN_POINT('',(-25.14344277967,20.469416706557,15.));
#12437 = ORIENTED_EDGE('',*,*,#12438,.T.);
#12438 = EDGE_CURVE('',#12427,#12427,#12439,.T.);
#12439 = CIRCLE('',#12440,4.);
#12440 = AXIS2_PLACEMENT_3D('',#12441,#12442,#12443);
#12441 = CARTESIAN_POINT('',(-21.21320343559,21.213203435596,15.));
#12442 = DIRECTION('',(-3.913415E-16,-7.406028E-17,-1.));
#12443 = DIRECTION('',(0.982559836018,0.18594668226,-3.982877034204E-16)
  );
#12444 = ORIENTED_EDGE('',*,*,#12426,.F.);
#12445 = TOROIDAL_SURFACE('',#12446,4.,1.5);
#12446 = AXIS2_PLACEMENT_3D('',#12447,#12448,#12449);
#12447 = CARTESIAN_POINT('',(-21.21320343559,21.213203435596,13.5));
#12448 = DIRECTION('',(4.053572E-16,-2.167763E-31,1.));
#12449 = DIRECTION('',(0.18594668226,-0.982559836018,-7.537482647017E-17
    ));
#12450 = ADVANCED_FACE('',(#12451),#12454,.T.);
#12451 = FACE_BOUND('',#12452,.T.);
#12452 = EDGE_LOOP('',(#12453));
#12453 = ORIENTED_EDGE('',*,*,#12438,.F.);
#12454 = PLANE('',#12455);
#12455 = AXIS2_PLACEMENT_3D('',#12456,#12457,#12458);
#12456 = CARTESIAN_POINT('',(-23.91524298464,20.701850059382,15.));
#12457 = DIRECTION('',(0.,0.,1.));
#12458 = DIRECTION('',(0.18594668226,-0.982559836018,0.));
#12459 = ADVANCED_FACE('',(#12460),#12464,.T.);
#12460 = FACE_BOUND('',#12461,.T.);
#12461 = EDGE_LOOP('',(#12462,#12463));
#12462 = ORIENTED_EDGE('',*,*,#11980,.T.);
#12463 = ORIENTED_EDGE('',*,*,#12385,.F.);
#12464 = PLANE('',#12465);
#12465 = AXIS2_PLACEMENT_3D('',#12466,#12467,#12468);
#12466 = CARTESIAN_POINT('',(-21.21320343559,21.213203435596,6.));
#12467 = DIRECTION('',(0.,0.,-1.));
#12468 = DIRECTION('',(0.707106781187,0.707106781187,0.));
#12469 = ADVANCED_FACE('',(#12470),#12496,.T.);
#12470 = FACE_BOUND('',#12471,.T.);
#12471 = EDGE_LOOP('',(#12472,#12481,#12488,#12495));
#12472 = ORIENTED_EDGE('',*,*,#12473,.T.);
#12473 = EDGE_CURVE('',#12474,#12474,#12476,.T.);
#12474 = VERTEX_POINT('',#12475);
#12475 = CARTESIAN_POINT('',(-20.08183258569,22.344574285495,-8.4));
#12476 = CIRCLE('',#12477,1.6);
#12477 = AXIS2_PLACEMENT_3D('',#12478,#12479,#12480);
#12478 = CARTESIAN_POINT('',(-21.21320343559,21.213203435596,-8.4));
#12479 = DIRECTION('',(4.023858E-17,4.023858E-17,1.));
#12480 = DIRECTION('',(-0.707106781187,-0.707106781187,
    5.690594556663E-17));
#12481 = ORIENTED_EDGE('',*,*,#12482,.T.);
#12482 = EDGE_CURVE('',#12474,#12483,#12485,.T.);
#12483 = VERTEX_POINT('',#12484);
#12484 = CARTESIAN_POINT('',(-19.44543648263,22.980970388563,-7.5));
#12485 = B_SPLINE_CURVE_WITH_KNOTS('',1,(#12486,#12487),.UNSPECIFIED.,
  .F.,.F.,(2,2),(-0.636396103068,0.636396103068),
  .PIECEWISE_BEZIER_KNOTS.);
#12486 = CARTESIAN_POINT('',(-20.08183258541,22.34457428578,
    -8.400000000404));
#12487 = CARTESIAN_POINT('',(-19.44543648291,22.980970388277,
    -7.499999999596));
#12488 = ORIENTED_EDGE('',*,*,#12489,.T.);
#12489 = EDGE_CURVE('',#12483,#12483,#12490,.T.);
#12490 = CIRCLE('',#12491,2.5);
#12491 = AXIS2_PLACEMENT_3D('',#12492,#12493,#12494);
#12492 = CARTESIAN_POINT('',(-21.21320343559,21.213203435596,-7.5));
#12493 = DIRECTION('',(-4.023858E-17,-4.023858E-17,-1.));
#12494 = DIRECTION('',(-0.707106781187,-0.707106781187,
    5.690594556663E-17));
#12495 = ORIENTED_EDGE('',*,*,#12482,.F.);
#12496 = CONICAL_SURFACE('',#12497,2.05,0.7853981625);
#12497 = AXIS2_PLACEMENT_3D('',#12498,#12499,#12500);
#12498 = CARTESIAN_POINT('',(-21.21320343559,21.213203435596,-7.95));
#12499 = DIRECTION('',(-1.904842E-17,9.952557E-17,1.));
#12500 = DIRECTION('',(-0.707106781187,-0.707106781187,
    5.690593849557E-17));
#12501 = ADVANCED_FACE('',(#12502),#12512,.T.);
#12502 = FACE_BOUND('',#12503,.T.);
#12503 = EDGE_LOOP('',(#12504,#12505,#12510,#12511));
#12504 = ORIENTED_EDGE('',*,*,#10907,.T.);
#12505 = ORIENTED_EDGE('',*,*,#12506,.T.);
#12506 = EDGE_CURVE('',#10908,#12483,#12507,.T.);
#12507 = B_SPLINE_CURVE_WITH_KNOTS('',1,(#12508,#12509),.UNSPECIFIED.,
  .F.,.F.,(2,2),(6.6,14.1),.PIECEWISE_BEZIER_KNOTS.);
#12508 = CARTESIAN_POINT('',(-19.44543648263,22.980970388563,
    -2.6645352591E-15));
#12509 = CARTESIAN_POINT('',(-19.44543648263,22.980970388563,-7.5));
#12510 = ORIENTED_EDGE('',*,*,#12489,.F.);
#12511 = ORIENTED_EDGE('',*,*,#12506,.F.);
#12512 = CYLINDRICAL_SURFACE('',#12513,2.5);
#12513 = AXIS2_PLACEMENT_3D('',#12514,#12515,#12516);
#12514 = CARTESIAN_POINT('',(-21.21320343559,21.213203435596,6.6));
#12515 = DIRECTION('',(1.904842E-17,-9.952557E-17,-1.));
#12516 = DIRECTION('',(-0.707106781187,-0.707106781187,
    5.690593849557E-17));
#12517 = ADVANCED_FACE('',(#12518),#12521,.F.);
#12518 = FACE_BOUND('',#12519,.T.);
#12519 = EDGE_LOOP('',(#12520));
#12520 = ORIENTED_EDGE('',*,*,#12473,.F.);
#12521 = PLANE('',#12522);
#12522 = AXIS2_PLACEMENT_3D('',#12523,#12524,#12525);
#12523 = CARTESIAN_POINT('',(-21.21320343559,21.213203435596,-8.4));
#12524 = DIRECTION('',(0.,0.,1.));
#12525 = DIRECTION('',(-0.707106781187,-0.707106781187,0.));
#12526 = ADVANCED_FACE('',(#12527),#12566,.T.);
#12527 = FACE_BOUND('',#12528,.T.);
#12528 = EDGE_LOOP('',(#12529,#12530,#12542,#12551,#12558,#12559));
#12529 = ORIENTED_EDGE('',*,*,#11057,.T.);
#12530 = ORIENTED_EDGE('',*,*,#12531,.T.);
#12531 = EDGE_CURVE('',#11049,#12532,#12534,.T.);
#12532 = VERTEX_POINT('',#12533);
#12533 = CARTESIAN_POINT('',(-15.92343565961,-19.70709690675,6.2));
#12534 = ( BOUNDED_CURVE() B_SPLINE_CURVE(6,(#12535,#12536,#12537,#12538
    ,#12539,#12540,#12541),.UNSPECIFIED.,.F.,.F.) 
B_SPLINE_CURVE_WITH_KNOTS((7,7),(4.712388980385,6.28318530718),
.PIECEWISE_BEZIER_KNOTS.) CURVE() GEOMETRIC_REPRESENTATION_ITEM() 
RATIONAL_B_SPLINE_CURVE((1.031393471788,1.010025407661,0.997924642725,
    0.993958444137,0.997924642725,1.010025407661,1.031393471788)) 
REPRESENTATION_ITEM('') );
#12535 = CARTESIAN_POINT('',(-16.11579085147,-19.76186441689,6.));
#12536 = CARTESIAN_POINT('',(-16.06436723326,-19.7472230469,6.));
#12537 = CARTESIAN_POINT('',(-16.01428336775,-19.73296313229,
    6.017000870127));
#12538 = CARTESIAN_POINT('',(-15.97115522925,-19.72068365732,
    6.04961609736));
#12539 = CARTESIAN_POINT('',(-15.93978668779,-19.71175238338,
    6.094458285484));
#12540 = CARTESIAN_POINT('',(-15.92343565961,-19.70709690675,
    6.146532643369));
#12541 = CARTESIAN_POINT('',(-15.92343565961,-19.70709690675,6.2));
#12542 = ORIENTED_EDGE('',*,*,#12543,.T.);
#12543 = EDGE_CURVE('',#12532,#12544,#12546,.T.);
#12544 = VERTEX_POINT('',#12545);
#12545 = CARTESIAN_POINT('',(-20.19049668316,-26.61728253369,6.2));
#12546 = CIRCLE('',#12547,5.5);
#12547 = AXIS2_PLACEMENT_3D('',#12548,#12549,#12550);
#12548 = CARTESIAN_POINT('',(-21.21320343559,-21.21320343559,6.2));
#12549 = DIRECTION('',(7.406028E-17,-3.913415E-16,-1.));
#12550 = DIRECTION('',(-0.18594668226,0.982559836018,-3.982877034204E-16
    ));
#12551 = ORIENTED_EDGE('',*,*,#12552,.T.);
#12552 = EDGE_CURVE('',#12544,#12532,#12553,.T.);
#12553 = CIRCLE('',#12554,5.5);
#12554 = AXIS2_PLACEMENT_3D('',#12555,#12556,#12557);
#12555 = CARTESIAN_POINT('',(-21.21320343559,-21.21320343559,6.2));
#12556 = DIRECTION('',(7.406028E-17,-3.913415E-16,-1.));
#12557 = DIRECTION('',(-0.18594668226,0.982559836018,-3.982877034204E-16
    ));
#12558 = ORIENTED_EDGE('',*,*,#12531,.F.);
#12559 = ORIENTED_EDGE('',*,*,#12560,.T.);
#12560 = EDGE_CURVE('',#11049,#11058,#12561,.T.);
#12561 = CIRCLE('',#12562,5.3);
#12562 = AXIS2_PLACEMENT_3D('',#12563,#12564,#12565);
#12563 = CARTESIAN_POINT('',(-21.21320343559,-21.21320343559,6.));
#12564 = DIRECTION('',(-7.406028E-17,3.913415E-16,1.));
#12565 = DIRECTION('',(-0.18594668226,0.982559836018,-3.982877034204E-16
    ));
#12566 = TOROIDAL_SURFACE('',#12567,5.3,0.2);
#12567 = AXIS2_PLACEMENT_3D('',#12568,#12569,#12570);
#12568 = CARTESIAN_POINT('',(-21.21320343559,-21.21320343559,6.2));
#12569 = DIRECTION('',(2.414282E-31,4.053572E-16,1.));
#12570 = DIRECTION('',(0.982559836018,0.18594668226,-7.537482647017E-17)
  );
#12571 = ADVANCED_FACE('',(#12572),#12591,.T.);
#12572 = FACE_BOUND('',#12573,.T.);
#12573 = EDGE_LOOP('',(#12574,#12583,#12588,#12589,#12590));
#12574 = ORIENTED_EDGE('',*,*,#12575,.F.);
#12575 = EDGE_CURVE('',#12576,#12576,#12578,.T.);
#12576 = VERTEX_POINT('',#12577);
#12577 = CARTESIAN_POINT('',(-20.19049668316,-26.61728253369,13.5));
#12578 = CIRCLE('',#12579,5.5);
#12579 = AXIS2_PLACEMENT_3D('',#12580,#12581,#12582);
#12580 = CARTESIAN_POINT('',(-21.21320343559,-21.21320343559,13.5));
#12581 = DIRECTION('',(-7.406028E-17,3.913415E-16,1.));
#12582 = DIRECTION('',(-0.18594668226,0.982559836018,-3.982877034204E-16
    ));
#12583 = ORIENTED_EDGE('',*,*,#12584,.F.);
#12584 = EDGE_CURVE('',#12544,#12576,#12585,.T.);
#12585 = B_SPLINE_CURVE_WITH_KNOTS('',1,(#12586,#12587),.UNSPECIFIED.,
  .F.,.F.,(2,2),(-4.3,3.),.PIECEWISE_BEZIER_KNOTS.);
#12586 = CARTESIAN_POINT('',(-20.19049668316,-26.61728253369,6.2));
#12587 = CARTESIAN_POINT('',(-20.19049668316,-26.61728253369,13.5));
#12588 = ORIENTED_EDGE('',*,*,#12543,.F.);
#12589 = ORIENTED_EDGE('',*,*,#12552,.F.);
#12590 = ORIENTED_EDGE('',*,*,#12584,.T.);
#12591 = CYLINDRICAL_SURFACE('',#12592,5.5);
#12592 = AXIS2_PLACEMENT_3D('',#12593,#12594,#12595);
#12593 = CARTESIAN_POINT('',(-21.21320343559,-21.21320343559,10.5));
#12594 = DIRECTION('',(2.414282E-31,4.053572E-16,1.));
#12595 = DIRECTION('',(0.18594668226,-0.982559836018,3.982877039609E-16)
  );
#12596 = ADVANCED_FACE('',(#12597),#12620,.T.);
#12597 = FACE_BOUND('',#12598,.T.);
#12598 = EDGE_LOOP('',(#12599,#12600,#12612,#12619));
#12599 = ORIENTED_EDGE('',*,*,#12575,.T.);
#12600 = ORIENTED_EDGE('',*,*,#12601,.T.);
#12601 = EDGE_CURVE('',#12576,#12602,#12604,.T.);
#12602 = VERTEX_POINT('',#12603);
#12603 = CARTESIAN_POINT('',(-20.46941670655,-25.14344277967,15.));
#12604 = ( BOUNDED_CURVE() B_SPLINE_CURVE(6,(#12605,#12606,#12607,#12608
    ,#12609,#12610,#12611),.UNSPECIFIED.,.F.,.F.) 
B_SPLINE_CURVE_WITH_KNOTS((7,7),(0.,1.570796326795),
.PIECEWISE_BEZIER_KNOTS.) CURVE() GEOMETRIC_REPRESENTATION_ITEM() 
RATIONAL_B_SPLINE_CURVE((1.031393471788,1.010025407661,0.997924642725,
    0.993958444137,0.997924642725,1.010025407661,1.031393471788)) 
REPRESENTATION_ITEM('') );
#12605 = CARTESIAN_POINT('',(-20.19049668316,-26.61728253369,13.5));
#12606 = CARTESIAN_POINT('',(-20.19049668316,-26.61728253369,
    13.901005174729));
#12607 = CARTESIAN_POINT('',(-20.21420609863,-26.49199974246,
    14.291562858873));
#12608 = CARTESIAN_POINT('',(-20.25969129834,-26.25165165005,
    14.627879269803));
#12609 = CARTESIAN_POINT('',(-20.32222821914,-25.92120065248,
    14.872493474049));
#12610 = CARTESIAN_POINT('',(-20.39485112474,-25.53745435839,15.));
#12611 = CARTESIAN_POINT('',(-20.46941670655,-25.14344277967,15.));
#12612 = ORIENTED_EDGE('',*,*,#12613,.T.);
#12613 = EDGE_CURVE('',#12602,#12602,#12614,.T.);
#12614 = CIRCLE('',#12615,4.);
#12615 = AXIS2_PLACEMENT_3D('',#12616,#12617,#12618);
#12616 = CARTESIAN_POINT('',(-21.21320343559,-21.21320343559,15.));
#12617 = DIRECTION('',(7.406028E-17,-3.913415E-16,-1.));
#12618 = DIRECTION('',(-0.18594668226,0.982559836018,-3.982877034204E-16
    ));
#12619 = ORIENTED_EDGE('',*,*,#12601,.F.);
#12620 = TOROIDAL_SURFACE('',#12621,4.,1.5);
#12621 = AXIS2_PLACEMENT_3D('',#12622,#12623,#12624);
#12622 = CARTESIAN_POINT('',(-21.21320343559,-21.21320343559,13.5));
#12623 = DIRECTION('',(2.414282E-31,4.053572E-16,1.));
#12624 = DIRECTION('',(0.982559836018,0.18594668226,-7.537482647017E-17)
  );
#12625 = ADVANCED_FACE('',(#12626),#12629,.T.);
#12626 = FACE_BOUND('',#12627,.T.);
#12627 = EDGE_LOOP('',(#12628));
#12628 = ORIENTED_EDGE('',*,*,#12613,.F.);
#12629 = PLANE('',#12630);
#12630 = AXIS2_PLACEMENT_3D('',#12631,#12632,#12633);
#12631 = CARTESIAN_POINT('',(-20.70185005938,-23.91524298464,15.));
#12632 = DIRECTION('',(0.,0.,1.));
#12633 = DIRECTION('',(0.982559836018,0.18594668226,-0.));
#12634 = ADVANCED_FACE('',(#12635),#12639,.T.);
#12635 = FACE_BOUND('',#12636,.T.);
#12636 = EDGE_LOOP('',(#12637,#12638));
#12637 = ORIENTED_EDGE('',*,*,#11972,.T.);
#12638 = ORIENTED_EDGE('',*,*,#12560,.F.);
#12639 = PLANE('',#12640);
#12640 = AXIS2_PLACEMENT_3D('',#12641,#12642,#12643);
#12641 = CARTESIAN_POINT('',(-21.21320343559,-21.21320343559,6.));
#12642 = DIRECTION('',(0.,0.,-1.));
#12643 = DIRECTION('',(-0.707106781187,0.707106781187,0.));
#12644 = ADVANCED_FACE('',(#12645),#12671,.T.);
#12645 = FACE_BOUND('',#12646,.T.);
#12646 = EDGE_LOOP('',(#12647,#12656,#12663,#12670));
#12647 = ORIENTED_EDGE('',*,*,#12648,.T.);
#12648 = EDGE_CURVE('',#12649,#12649,#12651,.T.);
#12649 = VERTEX_POINT('',#12650);
#12650 = CARTESIAN_POINT('',(-22.34457428549,-20.08183258569,-8.4));
#12651 = CIRCLE('',#12652,1.6);
#12652 = AXIS2_PLACEMENT_3D('',#12653,#12654,#12655);
#12653 = CARTESIAN_POINT('',(-21.21320343559,-21.21320343559,-8.4));
#12654 = DIRECTION('',(-4.023858E-17,4.023858E-17,1.));
#12655 = DIRECTION('',(0.707106781187,-0.707106781187,5.690594556663E-17
    ));
#12656 = ORIENTED_EDGE('',*,*,#12657,.T.);
#12657 = EDGE_CURVE('',#12649,#12658,#12660,.T.);
#12658 = VERTEX_POINT('',#12659);
#12659 = CARTESIAN_POINT('',(-22.98097038856,-19.44543648263,-7.5));
#12660 = B_SPLINE_CURVE_WITH_KNOTS('',1,(#12661,#12662),.UNSPECIFIED.,
  .F.,.F.,(2,2),(-0.636396103068,0.636396103068),
  .PIECEWISE_BEZIER_KNOTS.);
#12661 = CARTESIAN_POINT('',(-22.34457428578,-20.08183258541,
    -8.400000000404));
#12662 = CARTESIAN_POINT('',(-22.98097038827,-19.44543648291,
    -7.499999999596));
#12663 = ORIENTED_EDGE('',*,*,#12664,.T.);
#12664 = EDGE_CURVE('',#12658,#12658,#12665,.T.);
#12665 = CIRCLE('',#12666,2.5);
#12666 = AXIS2_PLACEMENT_3D('',#12667,#12668,#12669);
#12667 = CARTESIAN_POINT('',(-21.21320343559,-21.21320343559,-7.5));
#12668 = DIRECTION('',(4.023858E-17,-4.023858E-17,-1.));
#12669 = DIRECTION('',(0.707106781187,-0.707106781187,5.690594556663E-17
    ));
#12670 = ORIENTED_EDGE('',*,*,#12657,.F.);
#12671 = CONICAL_SURFACE('',#12672,2.05,0.7853981625);
#12672 = AXIS2_PLACEMENT_3D('',#12673,#12674,#12675);
#12673 = CARTESIAN_POINT('',(-21.21320343559,-21.21320343559,-7.95));
#12674 = DIRECTION('',(-9.952557E-17,-1.904842E-17,1.));
#12675 = DIRECTION('',(0.707106781187,-0.707106781187,5.690593849557E-17
    ));
#12676 = ADVANCED_FACE('',(#12677),#12687,.T.);
#12677 = FACE_BOUND('',#12678,.T.);
#12678 = EDGE_LOOP('',(#12679,#12680,#12685,#12686));
#12679 = ORIENTED_EDGE('',*,*,#10918,.T.);
#12680 = ORIENTED_EDGE('',*,*,#12681,.T.);
#12681 = EDGE_CURVE('',#10919,#12658,#12682,.T.);
#12682 = B_SPLINE_CURVE_WITH_KNOTS('',1,(#12683,#12684),.UNSPECIFIED.,
  .F.,.F.,(2,2),(6.6,14.1),.PIECEWISE_BEZIER_KNOTS.);
#12683 = CARTESIAN_POINT('',(-22.98097038856,-19.44543648263,
    -2.6645352591E-15));
#12684 = CARTESIAN_POINT('',(-22.98097038856,-19.44543648263,-7.5));
#12685 = ORIENTED_EDGE('',*,*,#12664,.F.);
#12686 = ORIENTED_EDGE('',*,*,#12681,.F.);
#12687 = CYLINDRICAL_SURFACE('',#12688,2.5);
#12688 = AXIS2_PLACEMENT_3D('',#12689,#12690,#12691);
#12689 = CARTESIAN_POINT('',(-21.21320343559,-21.21320343559,6.6));
#12690 = DIRECTION('',(9.952557E-17,1.904842E-17,-1.));
#12691 = DIRECTION('',(0.707106781187,-0.707106781187,5.690593849557E-17
    ));
#12692 = ADVANCED_FACE('',(#12693),#12696,.F.);
#12693 = FACE_BOUND('',#12694,.T.);
#12694 = EDGE_LOOP('',(#12695));
#12695 = ORIENTED_EDGE('',*,*,#12648,.F.);
#12696 = PLANE('',#12697);
#12697 = AXIS2_PLACEMENT_3D('',#12698,#12699,#12700);
#12698 = CARTESIAN_POINT('',(-21.21320343559,-21.21320343559,-8.4));
#12699 = DIRECTION('',(0.,0.,1.));
#12700 = DIRECTION('',(0.707106781187,-0.707106781187,0.));
#12701 = ADVANCED_FACE('',(#12702),#12713,.T.);
#12702 = FACE_BOUND('',#12703,.T.);
#12703 = EDGE_LOOP('',(#12704));
#12704 = ORIENTED_EDGE('',*,*,#12705,.F.);
#12705 = EDGE_CURVE('',#12706,#12706,#12708,.T.);
#12706 = VERTEX_POINT('',#12707);
#12707 = CARTESIAN_POINT('',(2.,-30.,-3.4));
#12708 = CIRCLE('',#12709,2.);
#12709 = AXIS2_PLACEMENT_3D('',#12710,#12711,#12712);
#12710 = CARTESIAN_POINT('',(0.,-30.,-3.4));
#12711 = DIRECTION('',(0.,0.,1.));
#12712 = DIRECTION('',(-1.,0.,0.));
#12713 = SPHERICAL_SURFACE('',#12714,4.25);
#12714 = AXIS2_PLACEMENT_3D('',#12715,#12716,#12717);
#12715 = CARTESIAN_POINT('',(0.,-30.,0.35));
#12716 = DIRECTION('',(1.,0.,0.));
#12717 = DIRECTION('',(0.,-1.,0.));
#12718 = ADVANCED_FACE('',(#12719),#12729,.T.);
#12719 = FACE_BOUND('',#12720,.T.);
#12720 = EDGE_LOOP('',(#12721,#12722,#12727,#12728));
#12721 = ORIENTED_EDGE('',*,*,#10929,.T.);
#12722 = ORIENTED_EDGE('',*,*,#12723,.T.);
#12723 = EDGE_CURVE('',#10930,#12706,#12724,.T.);
#12724 = B_SPLINE_CURVE_WITH_KNOTS('',1,(#12725,#12726),.UNSPECIFIED.,
  .F.,.F.,(2,2),(4.1,7.5),.PIECEWISE_BEZIER_KNOTS.);
#12725 = CARTESIAN_POINT('',(2.,-30.,0.));
#12726 = CARTESIAN_POINT('',(2.,-30.,-3.4));
#12727 = ORIENTED_EDGE('',*,*,#12705,.T.);
#12728 = ORIENTED_EDGE('',*,*,#12723,.F.);
#12729 = CYLINDRICAL_SURFACE('',#12730,2.);
#12730 = AXIS2_PLACEMENT_3D('',#12731,#12732,#12733);
#12731 = CARTESIAN_POINT('',(0.,-30.,4.1));
#12732 = DIRECTION('',(0.,0.,-1.));
#12733 = DIRECTION('',(-1.,0.,0.));
#12734 = ( GEOMETRIC_REPRESENTATION_CONTEXT(3) 
GLOBAL_UNCERTAINTY_ASSIGNED_CONTEXT((#12738)) 
GLOBAL_UNIT_ASSIGNED_CONTEXT((#12735,#12736,#12737)) 
REPRESENTATION_CONTEXT('Context #1',
  '3D Context with UNIT and UNCERTAINTY') );
#12735 = ( LENGTH_UNIT() NAMED_UNIT(*) SI_UNIT(.MILLI.,.METRE.) );
#12736 = ( NAMED_UNIT(*) PLANE_ANGLE_UNIT() SI_UNIT($,.RADIAN.) );
#12737 = ( NAMED_UNIT(*) SI_UNIT($,.STERADIAN.) SOLID_ANGLE_UNIT() );
#12738 = UNCERTAINTY_MEASURE_WITH_UNIT(LENGTH_MEASURE(1.E-03),#12735,
  'distance_accuracy_value','confusion accuracy');
#12739 = PRODUCT_RELATED_PRODUCT_CATEGORY('part',$,(#7));
#12740 = MECHANICAL_DESIGN_GEOMETRIC_PRESENTATION_REPRESENTATION('',(
    #12741,#12752,#12760,#12768,#12775,#12782,#12790,#12797,#12804,
    #12811,#12818,#12825,#12832,#12839,#12846,#12853,#12860,#12867,
    #12874,#12882,#12889,#12896,#12903,#12910,#12917,#12924,#12932,
    #12939,#12946,#12953,#12961,#12968,#12975,#12982,#12989,#12996,
    #13003,#13010,#13017,#13024,#13031,#13038,#13045,#13052,#13059,
    #13066,#13073,#13080,#13087,#13094,#13101,#13108,#13115,#13122,
    #13129,#13136,#13143,#13150,#13157,#13164,#13171,#13178,#13185,
    #13192,#13199,#13206,#13213,#13220,#13227,#13234,#13241,#13248,
    #13255,#13262,#13269,#13276,#13283,#13290,#13297,#13304,#13311,
    #13318,#13325,#13332,#13339,#13346,#13353,#13360,#13367,#13374,
    #13381,#13388,#13396,#13403,#13410,#13417,#13424,#13432,#13439,
    #13446,#13453,#13460,#13467,#13474,#13481,#13488,#13495,#13502,
    #13509,#13516,#13523,#13530,#13537,#13544,#13551,#13558,#13565,
    #13572,#13579,#13586,#13593,#13600,#13607,#13614,#13621,#13628,
    #13635,#13642,#13649,#13656,#13663,#13670,#13677,#13684,#13691,
    #13698,#13705,#13712,#13719,#13726,#13733,#13740,#13747,#13754,
    #13761,#13768,#13775,#13782,#13789,#13796,#13803,#13810,#13817,
    #13824,#13831,#13838,#13845,#13852,#13859,#13866,#13873,#13880,
    #13887,#13894,#13901,#13908,#13915,#13922,#13929,#13936,#13943,
    #13950,#13957,#13964,#13971,#13978,#13985,#13992,#13999,#14006,
    #14013,#14020,#14027,#14034,#14041,#14048,#14055,#14062,#14069,
    #14076,#14083,#14090,#14097,#14104,#14111,#14118,#14125,#14132,
    #14139,#14146,#14153,#14160,#14167,#14174,#14181,#14188,#14195,
    #14202,#14209,#14216,#14223,#14230,#14237,#14244,#14251,#14258,
    #14265,#14272,#14279,#14286,#14293,#14300,#14307,#14314,#14321,
    #14328,#14335,#14342,#14349,#14356,#14363,#14370,#14377,#14384,
    #14391,#14398,#14405,#14412,#14419,#14427,#14434,#14441,#14448,
    #14455,#14462,#14469,#14477,#14484,#14491,#14498,#14505,#14512,
    #14519,#14526,#14533,#14540,#14547,#14554,#14562,#14569,#14576,
    #14583,#14590,#14597,#14604,#14611,#14618,#14625,#14632,#14639,
    #14646,#14653,#14660,#14667,#14674,#14681,#14688,#14695,#14702,
    #14709,#14716,#14723,#14730,#14737,#14744,#14751,#14758,#14765,
    #14772,#14779,#14786,#14793,#14800,#14807,#14814,#14821,#14828,
    #14835,#14842,#14849,#14856,#14863,#14870,#14877,#14884,#14891,
    #14898,#14905,#14912,#14919,#14926,#14933,#14940,#14947,#14954,
    #14961,#14968,#14975,#14982,#14989,#14996,#15003,#15010,#15017,
    #15024,#15031,#15038,#15045,#15052,#15059,#15066,#15073,#15080,
    #15087,#15094,#15101,#15108,#15115,#15122,#15129,#15136,#15143,
    #15150,#15157,#15164,#15171,#15178,#15185,#15192,#15199,#15206,
    #15213,#15221,#15228,#15235,#15242,#15249,#15256,#15263,#15270,
    #15277,#15284,#15291,#15298,#15305,#15312,#15319,#15326,#15333,
    #15340,#15347,#15354,#15361,#15368,#15375,#15382,#15389,#15396,
    #15403,#15410,#15418),#12734);
#12741 = STYLED_ITEM('color',(#12742),#15);
#12742 = PRESENTATION_STYLE_ASSIGNMENT((#12743,#12749));
#12743 = SURFACE_STYLE_USAGE(.BOTH.,#12744);
#12744 = SURFACE_SIDE_STYLE('',(#12745));
#12745 = SURFACE_STYLE_FILL_AREA(#12746);
#12746 = FILL_AREA_STYLE('',(#12747));
#12747 = FILL_AREA_STYLE_COLOUR('',#12748);
#12748 = COLOUR_RGB('',0.705882360366,0.705882360366,0.705882360366);
#12749 = CURVE_STYLE('',#12750,POSITIVE_LENGTH_MEASURE(0.1),#12751);
#12750 = DRAUGHTING_PRE_DEFINED_CURVE_FONT('continuous');
#12751 = COLOUR_RGB('',9.803921802644E-02,9.803921802644E-02,
  9.803921802644E-02);
#12752 = OVER_RIDING_STYLED_ITEM('overriding color',(#12753),#58,#12741
  );
#12753 = PRESENTATION_STYLE_ASSIGNMENT((#12754));
#12754 = SURFACE_STYLE_USAGE(.BOTH.,#12755);
#12755 = SURFACE_SIDE_STYLE('',(#12756));
#12756 = SURFACE_STYLE_FILL_AREA(#12757);
#12757 = FILL_AREA_STYLE('',(#12758));
#12758 = FILL_AREA_STYLE_COLOUR('',#12759);
#12759 = COLOUR_RGB('',0.752941011991,0.752941011991,0.752941011991);
#12760 = OVER_RIDING_STYLED_ITEM('overriding color',(#12761),#132,#12741
  );
#12761 = PRESENTATION_STYLE_ASSIGNMENT((#12762));
#12762 = SURFACE_STYLE_USAGE(.BOTH.,#12763);
#12763 = SURFACE_SIDE_STYLE('',(#12764));
#12764 = SURFACE_STYLE_FILL_AREA(#12765);
#12765 = FILL_AREA_STYLE('',(#12766));
#12766 = FILL_AREA_STYLE_COLOUR('',#12767);
#12767 = COLOUR_RGB('',0.658824025665,0.349020005396,0.12548999257);
#12768 = OVER_RIDING_STYLED_ITEM('overriding color',(#12769),#173,#12741
  );
#12769 = PRESENTATION_STYLE_ASSIGNMENT((#12770));
#12770 = SURFACE_STYLE_USAGE(.BOTH.,#12771);
#12771 = SURFACE_SIDE_STYLE('',(#12772));
#12772 = SURFACE_STYLE_FILL_AREA(#12773);
#12773 = FILL_AREA_STYLE('',(#12774));
#12774 = FILL_AREA_STYLE_COLOUR('',#12767);
#12775 = OVER_RIDING_STYLED_ITEM('overriding color',(#12776),#201,#12741
  );
#12776 = PRESENTATION_STYLE_ASSIGNMENT((#12777));
#12777 = SURFACE_STYLE_USAGE(.BOTH.,#12778);
#12778 = SURFACE_SIDE_STYLE('',(#12779));
#12779 = SURFACE_STYLE_FILL_AREA(#12780);
#12780 = FILL_AREA_STYLE('',(#12781));
#12781 = FILL_AREA_STYLE_COLOUR('',#12767);
#12782 = OVER_RIDING_STYLED_ITEM('overriding color',(#12783),#242,#12741
  );
#12783 = PRESENTATION_STYLE_ASSIGNMENT((#12784));
#12784 = SURFACE_STYLE_USAGE(.BOTH.,#12785);
#12785 = SURFACE_SIDE_STYLE('',(#12786));
#12786 = SURFACE_STYLE_FILL_AREA(#12787);
#12787 = FILL_AREA_STYLE('',(#12788));
#12788 = FILL_AREA_STYLE_COLOUR('',#12789);
#12789 = COLOUR_RGB('',1.,0.690195979053,1.);
#12790 = OVER_RIDING_STYLED_ITEM('overriding color',(#12791),#263,#12741
  );
#12791 = PRESENTATION_STYLE_ASSIGNMENT((#12792));
#12792 = SURFACE_STYLE_USAGE(.BOTH.,#12793);
#12793 = SURFACE_SIDE_STYLE('',(#12794));
#12794 = SURFACE_STYLE_FILL_AREA(#12795);
#12795 = FILL_AREA_STYLE('',(#12796));
#12796 = FILL_AREA_STYLE_COLOUR('',#12789);
#12797 = OVER_RIDING_STYLED_ITEM('overriding color',(#12798),#288,#12741
  );
#12798 = PRESENTATION_STYLE_ASSIGNMENT((#12799));
#12799 = SURFACE_STYLE_USAGE(.BOTH.,#12800);
#12800 = SURFACE_SIDE_STYLE('',(#12801));
#12801 = SURFACE_STYLE_FILL_AREA(#12802);
#12802 = FILL_AREA_STYLE('',(#12803));
#12803 = FILL_AREA_STYLE_COLOUR('',#12789);
#12804 = OVER_RIDING_STYLED_ITEM('overriding color',(#12805),#317,#12741
  );
#12805 = PRESENTATION_STYLE_ASSIGNMENT((#12806));
#12806 = SURFACE_STYLE_USAGE(.BOTH.,#12807);
#12807 = SURFACE_SIDE_STYLE('',(#12808));
#12808 = SURFACE_STYLE_FILL_AREA(#12809);
#12809 = FILL_AREA_STYLE('',(#12810));
#12810 = FILL_AREA_STYLE_COLOUR('',#12789);
#12811 = OVER_RIDING_STYLED_ITEM('overriding color',(#12812),#333,#12741
  );
#12812 = PRESENTATION_STYLE_ASSIGNMENT((#12813));
#12813 = SURFACE_STYLE_USAGE(.BOTH.,#12814);
#12814 = SURFACE_SIDE_STYLE('',(#12815));
#12815 = SURFACE_STYLE_FILL_AREA(#12816);
#12816 = FILL_AREA_STYLE('',(#12817));
#12817 = FILL_AREA_STYLE_COLOUR('',#12767);
#12818 = OVER_RIDING_STYLED_ITEM('overriding color',(#12819),#362,#12741
  );
#12819 = PRESENTATION_STYLE_ASSIGNMENT((#12820));
#12820 = SURFACE_STYLE_USAGE(.BOTH.,#12821);
#12821 = SURFACE_SIDE_STYLE('',(#12822));
#12822 = SURFACE_STYLE_FILL_AREA(#12823);
#12823 = FILL_AREA_STYLE('',(#12824));
#12824 = FILL_AREA_STYLE_COLOUR('',#12767);
#12825 = OVER_RIDING_STYLED_ITEM('overriding color',(#12826),#454,#12741
  );
#12826 = PRESENTATION_STYLE_ASSIGNMENT((#12827));
#12827 = SURFACE_STYLE_USAGE(.BOTH.,#12828);
#12828 = SURFACE_SIDE_STYLE('',(#12829));
#12829 = SURFACE_STYLE_FILL_AREA(#12830);
#12830 = FILL_AREA_STYLE('',(#12831));
#12831 = FILL_AREA_STYLE_COLOUR('',#12767);
#12832 = OVER_RIDING_STYLED_ITEM('overriding color',(#12833),#491,#12741
  );
#12833 = PRESENTATION_STYLE_ASSIGNMENT((#12834));
#12834 = SURFACE_STYLE_USAGE(.BOTH.,#12835);
#12835 = SURFACE_SIDE_STYLE('',(#12836));
#12836 = SURFACE_STYLE_FILL_AREA(#12837);
#12837 = FILL_AREA_STYLE('',(#12838));
#12838 = FILL_AREA_STYLE_COLOUR('',#12767);
#12839 = OVER_RIDING_STYLED_ITEM('overriding color',(#12840),#528,#12741
  );
#12840 = PRESENTATION_STYLE_ASSIGNMENT((#12841));
#12841 = SURFACE_STYLE_USAGE(.BOTH.,#12842);
#12842 = SURFACE_SIDE_STYLE('',(#12843));
#12843 = SURFACE_STYLE_FILL_AREA(#12844);
#12844 = FILL_AREA_STYLE('',(#12845));
#12845 = FILL_AREA_STYLE_COLOUR('',#12767);
#12846 = OVER_RIDING_STYLED_ITEM('overriding color',(#12847),#537,#12741
  );
#12847 = PRESENTATION_STYLE_ASSIGNMENT((#12848));
#12848 = SURFACE_STYLE_USAGE(.BOTH.,#12849);
#12849 = SURFACE_SIDE_STYLE('',(#12850));
#12850 = SURFACE_STYLE_FILL_AREA(#12851);
#12851 = FILL_AREA_STYLE('',(#12852));
#12852 = FILL_AREA_STYLE_COLOUR('',#12767);
#12853 = OVER_RIDING_STYLED_ITEM('overriding color',(#12854),#554,#12741
  );
#12854 = PRESENTATION_STYLE_ASSIGNMENT((#12855));
#12855 = SURFACE_STYLE_USAGE(.BOTH.,#12856);
#12856 = SURFACE_SIDE_STYLE('',(#12857));
#12857 = SURFACE_STYLE_FILL_AREA(#12858);
#12858 = FILL_AREA_STYLE('',(#12859));
#12859 = FILL_AREA_STYLE_COLOUR('',#12767);
#12860 = OVER_RIDING_STYLED_ITEM('overriding color',(#12861),#564,#12741
  );
#12861 = PRESENTATION_STYLE_ASSIGNMENT((#12862));
#12862 = SURFACE_STYLE_USAGE(.BOTH.,#12863);
#12863 = SURFACE_SIDE_STYLE('',(#12864));
#12864 = SURFACE_STYLE_FILL_AREA(#12865);
#12865 = FILL_AREA_STYLE('',(#12866));
#12866 = FILL_AREA_STYLE_COLOUR('',#12767);
#12867 = OVER_RIDING_STYLED_ITEM('overriding color',(#12868),#582,#12741
  );
#12868 = PRESENTATION_STYLE_ASSIGNMENT((#12869));
#12869 = SURFACE_STYLE_USAGE(.BOTH.,#12870);
#12870 = SURFACE_SIDE_STYLE('',(#12871));
#12871 = SURFACE_STYLE_FILL_AREA(#12872);
#12872 = FILL_AREA_STYLE('',(#12873));
#12873 = FILL_AREA_STYLE_COLOUR('',#12767);
#12874 = OVER_RIDING_STYLED_ITEM('overriding color',(#12875),#593,#12741
  );
#12875 = PRESENTATION_STYLE_ASSIGNMENT((#12876));
#12876 = SURFACE_STYLE_USAGE(.BOTH.,#12877);
#12877 = SURFACE_SIDE_STYLE('',(#12878));
#12878 = SURFACE_STYLE_FILL_AREA(#12879);
#12879 = FILL_AREA_STYLE('',(#12880));
#12880 = FILL_AREA_STYLE_COLOUR('',#12881);
#12881 = DRAUGHTING_PRE_DEFINED_COLOUR('white');
#12882 = OVER_RIDING_STYLED_ITEM('overriding color',(#12883),#613,#12741
  );
#12883 = PRESENTATION_STYLE_ASSIGNMENT((#12884));
#12884 = SURFACE_STYLE_USAGE(.BOTH.,#12885);
#12885 = SURFACE_SIDE_STYLE('',(#12886));
#12886 = SURFACE_STYLE_FILL_AREA(#12887);
#12887 = FILL_AREA_STYLE('',(#12888));
#12888 = FILL_AREA_STYLE_COLOUR('',#12881);
#12889 = OVER_RIDING_STYLED_ITEM('overriding color',(#12890),#645,#12741
  );
#12890 = PRESENTATION_STYLE_ASSIGNMENT((#12891));
#12891 = SURFACE_STYLE_USAGE(.BOTH.,#12892);
#12892 = SURFACE_SIDE_STYLE('',(#12893));
#12893 = SURFACE_STYLE_FILL_AREA(#12894);
#12894 = FILL_AREA_STYLE('',(#12895));
#12895 = FILL_AREA_STYLE_COLOUR('',#12881);
#12896 = OVER_RIDING_STYLED_ITEM('overriding color',(#12897),#676,#12741
  );
#12897 = PRESENTATION_STYLE_ASSIGNMENT((#12898));
#12898 = SURFACE_STYLE_USAGE(.BOTH.,#12899);
#12899 = SURFACE_SIDE_STYLE('',(#12900));
#12900 = SURFACE_STYLE_FILL_AREA(#12901);
#12901 = FILL_AREA_STYLE('',(#12902));
#12902 = FILL_AREA_STYLE_COLOUR('',#12881);
#12903 = OVER_RIDING_STYLED_ITEM('overriding color',(#12904),#700,#12741
  );
#12904 = PRESENTATION_STYLE_ASSIGNMENT((#12905));
#12905 = SURFACE_STYLE_USAGE(.BOTH.,#12906);
#12906 = SURFACE_SIDE_STYLE('',(#12907));
#12907 = SURFACE_STYLE_FILL_AREA(#12908);
#12908 = FILL_AREA_STYLE('',(#12909));
#12909 = FILL_AREA_STYLE_COLOUR('',#12881);
#12910 = OVER_RIDING_STYLED_ITEM('overriding color',(#12911),#721,#12741
  );
#12911 = PRESENTATION_STYLE_ASSIGNMENT((#12912));
#12912 = SURFACE_STYLE_USAGE(.BOTH.,#12913);
#12913 = SURFACE_SIDE_STYLE('',(#12914));
#12914 = SURFACE_STYLE_FILL_AREA(#12915);
#12915 = FILL_AREA_STYLE('',(#12916));
#12916 = FILL_AREA_STYLE_COLOUR('',#12881);
#12917 = OVER_RIDING_STYLED_ITEM('overriding color',(#12918),#745,#12741
  );
#12918 = PRESENTATION_STYLE_ASSIGNMENT((#12919));
#12919 = SURFACE_STYLE_USAGE(.BOTH.,#12920);
#12920 = SURFACE_SIDE_STYLE('',(#12921));
#12921 = SURFACE_STYLE_FILL_AREA(#12922);
#12922 = FILL_AREA_STYLE('',(#12923));
#12923 = FILL_AREA_STYLE_COLOUR('',#12881);
#12924 = OVER_RIDING_STYLED_ITEM('overriding color',(#12925),#860,#12741
  );
#12925 = PRESENTATION_STYLE_ASSIGNMENT((#12926));
#12926 = SURFACE_STYLE_USAGE(.BOTH.,#12927);
#12927 = SURFACE_SIDE_STYLE('',(#12928));
#12928 = SURFACE_STYLE_FILL_AREA(#12929);
#12929 = FILL_AREA_STYLE('',(#12930));
#12930 = FILL_AREA_STYLE_COLOUR('',#12931);
#12931 = COLOUR_RGB('',0.321568995842,0.321568995842,0.321568995842);
#12932 = OVER_RIDING_STYLED_ITEM('overriding color',(#12933),#918,#12741
  );
#12933 = PRESENTATION_STYLE_ASSIGNMENT((#12934));
#12934 = SURFACE_STYLE_USAGE(.BOTH.,#12935);
#12935 = SURFACE_SIDE_STYLE('',(#12936));
#12936 = SURFACE_STYLE_FILL_AREA(#12937);
#12937 = FILL_AREA_STYLE('',(#12938));
#12938 = FILL_AREA_STYLE_COLOUR('',#12931);
#12939 = OVER_RIDING_STYLED_ITEM('overriding color',(#12940),#976,#12741
  );
#12940 = PRESENTATION_STYLE_ASSIGNMENT((#12941));
#12941 = SURFACE_STYLE_USAGE(.BOTH.,#12942);
#12942 = SURFACE_SIDE_STYLE('',(#12943));
#12943 = SURFACE_STYLE_FILL_AREA(#12944);
#12944 = FILL_AREA_STYLE('',(#12945));
#12945 = FILL_AREA_STYLE_COLOUR('',#12931);
#12946 = OVER_RIDING_STYLED_ITEM('overriding color',(#12947),#1034,
  #12741);
#12947 = PRESENTATION_STYLE_ASSIGNMENT((#12948));
#12948 = SURFACE_STYLE_USAGE(.BOTH.,#12949);
#12949 = SURFACE_SIDE_STYLE('',(#12950));
#12950 = SURFACE_STYLE_FILL_AREA(#12951);
#12951 = FILL_AREA_STYLE('',(#12952));
#12952 = FILL_AREA_STYLE_COLOUR('',#12931);
#12953 = OVER_RIDING_STYLED_ITEM('overriding color',(#12954),#1092,
  #12741);
#12954 = PRESENTATION_STYLE_ASSIGNMENT((#12955));
#12955 = SURFACE_STYLE_USAGE(.BOTH.,#12956);
#12956 = SURFACE_SIDE_STYLE('',(#12957));
#12957 = SURFACE_STYLE_FILL_AREA(#12958);
#12958 = FILL_AREA_STYLE('',(#12959));
#12959 = FILL_AREA_STYLE_COLOUR('',#12960);
#12960 = COLOUR_RGB('',0.501960993452,0.501960993452,0.501960993452);
#12961 = OVER_RIDING_STYLED_ITEM('overriding color',(#12962),#1133,
  #12741);
#12962 = PRESENTATION_STYLE_ASSIGNMENT((#12963));
#12963 = SURFACE_STYLE_USAGE(.BOTH.,#12964);
#12964 = SURFACE_SIDE_STYLE('',(#12965));
#12965 = SURFACE_STYLE_FILL_AREA(#12966);
#12966 = FILL_AREA_STYLE('',(#12967));
#12967 = FILL_AREA_STYLE_COLOUR('',#12960);
#12968 = OVER_RIDING_STYLED_ITEM('overriding color',(#12969),#1162,
  #12741);
#12969 = PRESENTATION_STYLE_ASSIGNMENT((#12970));
#12970 = SURFACE_STYLE_USAGE(.BOTH.,#12971);
#12971 = SURFACE_SIDE_STYLE('',(#12972));
#12972 = SURFACE_STYLE_FILL_AREA(#12973);
#12973 = FILL_AREA_STYLE('',(#12974));
#12974 = FILL_AREA_STYLE_COLOUR('',#12960);
#12975 = OVER_RIDING_STYLED_ITEM('overriding color',(#12976),#1171,
  #12741);
#12976 = PRESENTATION_STYLE_ASSIGNMENT((#12977));
#12977 = SURFACE_STYLE_USAGE(.BOTH.,#12978);
#12978 = SURFACE_SIDE_STYLE('',(#12979));
#12979 = SURFACE_STYLE_FILL_AREA(#12980);
#12980 = FILL_AREA_STYLE('',(#12981));
#12981 = FILL_AREA_STYLE_COLOUR('',#12960);
#12982 = OVER_RIDING_STYLED_ITEM('overriding color',(#12983),#1212,
  #12741);
#12983 = PRESENTATION_STYLE_ASSIGNMENT((#12984));
#12984 = SURFACE_STYLE_USAGE(.BOTH.,#12985);
#12985 = SURFACE_SIDE_STYLE('',(#12986));
#12986 = SURFACE_STYLE_FILL_AREA(#12987);
#12987 = FILL_AREA_STYLE('',(#12988));
#12988 = FILL_AREA_STYLE_COLOUR('',#12960);
#12989 = OVER_RIDING_STYLED_ITEM('overriding color',(#12990),#1241,
  #12741);
#12990 = PRESENTATION_STYLE_ASSIGNMENT((#12991));
#12991 = SURFACE_STYLE_USAGE(.BOTH.,#12992);
#12992 = SURFACE_SIDE_STYLE('',(#12993));
#12993 = SURFACE_STYLE_FILL_AREA(#12994);
#12994 = FILL_AREA_STYLE('',(#12995));
#12995 = FILL_AREA_STYLE_COLOUR('',#12960);
#12996 = OVER_RIDING_STYLED_ITEM('overriding color',(#12997),#1250,
  #12741);
#12997 = PRESENTATION_STYLE_ASSIGNMENT((#12998));
#12998 = SURFACE_STYLE_USAGE(.BOTH.,#12999);
#12999 = SURFACE_SIDE_STYLE('',(#13000));
#13000 = SURFACE_STYLE_FILL_AREA(#13001);
#13001 = FILL_AREA_STYLE('',(#13002));
#13002 = FILL_AREA_STYLE_COLOUR('',#12960);
#13003 = OVER_RIDING_STYLED_ITEM('overriding color',(#13004),#1291,
  #12741);
#13004 = PRESENTATION_STYLE_ASSIGNMENT((#13005));
#13005 = SURFACE_STYLE_USAGE(.BOTH.,#13006);
#13006 = SURFACE_SIDE_STYLE('',(#13007));
#13007 = SURFACE_STYLE_FILL_AREA(#13008);
#13008 = FILL_AREA_STYLE('',(#13009));
#13009 = FILL_AREA_STYLE_COLOUR('',#12960);
#13010 = OVER_RIDING_STYLED_ITEM('overriding color',(#13011),#1320,
  #12741);
#13011 = PRESENTATION_STYLE_ASSIGNMENT((#13012));
#13012 = SURFACE_STYLE_USAGE(.BOTH.,#13013);
#13013 = SURFACE_SIDE_STYLE('',(#13014));
#13014 = SURFACE_STYLE_FILL_AREA(#13015);
#13015 = FILL_AREA_STYLE('',(#13016));
#13016 = FILL_AREA_STYLE_COLOUR('',#12960);
#13017 = OVER_RIDING_STYLED_ITEM('overriding color',(#13018),#1329,
  #12741);
#13018 = PRESENTATION_STYLE_ASSIGNMENT((#13019));
#13019 = SURFACE_STYLE_USAGE(.BOTH.,#13020);
#13020 = SURFACE_SIDE_STYLE('',(#13021));
#13021 = SURFACE_STYLE_FILL_AREA(#13022);
#13022 = FILL_AREA_STYLE('',(#13023));
#13023 = FILL_AREA_STYLE_COLOUR('',#12931);
#13024 = OVER_RIDING_STYLED_ITEM('overriding color',(#13025),#1417,
  #12741);
#13025 = PRESENTATION_STYLE_ASSIGNMENT((#13026));
#13026 = SURFACE_STYLE_USAGE(.BOTH.,#13027);
#13027 = SURFACE_SIDE_STYLE('',(#13028));
#13028 = SURFACE_STYLE_FILL_AREA(#13029);
#13029 = FILL_AREA_STYLE('',(#13030));
#13030 = FILL_AREA_STYLE_COLOUR('',#12931);
#13031 = OVER_RIDING_STYLED_ITEM('overriding color',(#13032),#1449,
  #12741);
#13032 = PRESENTATION_STYLE_ASSIGNMENT((#13033));
#13033 = SURFACE_STYLE_USAGE(.BOTH.,#13034);
#13034 = SURFACE_SIDE_STYLE('',(#13035));
#13035 = SURFACE_STYLE_FILL_AREA(#13036);
#13036 = FILL_AREA_STYLE('',(#13037));
#13037 = FILL_AREA_STYLE_COLOUR('',#12931);
#13038 = OVER_RIDING_STYLED_ITEM('overriding color',(#13039),#1512,
  #12741);
#13039 = PRESENTATION_STYLE_ASSIGNMENT((#13040));
#13040 = SURFACE_STYLE_USAGE(.BOTH.,#13041);
#13041 = SURFACE_SIDE_STYLE('',(#13042));
#13042 = SURFACE_STYLE_FILL_AREA(#13043);
#13043 = FILL_AREA_STYLE('',(#13044));
#13044 = FILL_AREA_STYLE_COLOUR('',#12931);
#13045 = OVER_RIDING_STYLED_ITEM('overriding color',(#13046),#1537,
  #12741);
#13046 = PRESENTATION_STYLE_ASSIGNMENT((#13047));
#13047 = SURFACE_STYLE_USAGE(.BOTH.,#13048);
#13048 = SURFACE_SIDE_STYLE('',(#13049));
#13049 = SURFACE_STYLE_FILL_AREA(#13050);
#13050 = FILL_AREA_STYLE('',(#13051));
#13051 = FILL_AREA_STYLE_COLOUR('',#12931);
#13052 = OVER_RIDING_STYLED_ITEM('overriding color',(#13053),#1596,
  #12741);
#13053 = PRESENTATION_STYLE_ASSIGNMENT((#13054));
#13054 = SURFACE_STYLE_USAGE(.BOTH.,#13055);
#13055 = SURFACE_SIDE_STYLE('',(#13056));
#13056 = SURFACE_STYLE_FILL_AREA(#13057);
#13057 = FILL_AREA_STYLE('',(#13058));
#13058 = FILL_AREA_STYLE_COLOUR('',#12931);
#13059 = OVER_RIDING_STYLED_ITEM('overriding color',(#13060),#1613,
  #12741);
#13060 = PRESENTATION_STYLE_ASSIGNMENT((#13061));
#13061 = SURFACE_STYLE_USAGE(.BOTH.,#13062);
#13062 = SURFACE_SIDE_STYLE('',(#13063));
#13063 = SURFACE_STYLE_FILL_AREA(#13064);
#13064 = FILL_AREA_STYLE('',(#13065));
#13065 = FILL_AREA_STYLE_COLOUR('',#12931);
#13066 = OVER_RIDING_STYLED_ITEM('overriding color',(#13067),#1630,
  #12741);
#13067 = PRESENTATION_STYLE_ASSIGNMENT((#13068));
#13068 = SURFACE_STYLE_USAGE(.BOTH.,#13069);
#13069 = SURFACE_SIDE_STYLE('',(#13070));
#13070 = SURFACE_STYLE_FILL_AREA(#13071);
#13071 = FILL_AREA_STYLE('',(#13072));
#13072 = FILL_AREA_STYLE_COLOUR('',#12931);
#13073 = OVER_RIDING_STYLED_ITEM('overriding color',(#13074),#1662,
  #12741);
#13074 = PRESENTATION_STYLE_ASSIGNMENT((#13075));
#13075 = SURFACE_STYLE_USAGE(.BOTH.,#13076);
#13076 = SURFACE_SIDE_STYLE('',(#13077));
#13077 = SURFACE_STYLE_FILL_AREA(#13078);
#13078 = FILL_AREA_STYLE('',(#13079));
#13079 = FILL_AREA_STYLE_COLOUR('',#12931);
#13080 = OVER_RIDING_STYLED_ITEM('overriding color',(#13081),#1679,
  #12741);
#13081 = PRESENTATION_STYLE_ASSIGNMENT((#13082));
#13082 = SURFACE_STYLE_USAGE(.BOTH.,#13083);
#13083 = SURFACE_SIDE_STYLE('',(#13084));
#13084 = SURFACE_STYLE_FILL_AREA(#13085);
#13085 = FILL_AREA_STYLE('',(#13086));
#13086 = FILL_AREA_STYLE_COLOUR('',#12931);
#13087 = OVER_RIDING_STYLED_ITEM('overriding color',(#13088),#1709,
  #12741);
#13088 = PRESENTATION_STYLE_ASSIGNMENT((#13089));
#13089 = SURFACE_STYLE_USAGE(.BOTH.,#13090);
#13090 = SURFACE_SIDE_STYLE('',(#13091));
#13091 = SURFACE_STYLE_FILL_AREA(#13092);
#13092 = FILL_AREA_STYLE('',(#13093));
#13093 = FILL_AREA_STYLE_COLOUR('',#12931);
#13094 = OVER_RIDING_STYLED_ITEM('overriding color',(#13095),#1726,
  #12741);
#13095 = PRESENTATION_STYLE_ASSIGNMENT((#13096));
#13096 = SURFACE_STYLE_USAGE(.BOTH.,#13097);
#13097 = SURFACE_SIDE_STYLE('',(#13098));
#13098 = SURFACE_STYLE_FILL_AREA(#13099);
#13099 = FILL_AREA_STYLE('',(#13100));
#13100 = FILL_AREA_STYLE_COLOUR('',#12931);
#13101 = OVER_RIDING_STYLED_ITEM('overriding color',(#13102),#1750,
  #12741);
#13102 = PRESENTATION_STYLE_ASSIGNMENT((#13103));
#13103 = SURFACE_STYLE_USAGE(.BOTH.,#13104);
#13104 = SURFACE_SIDE_STYLE('',(#13105));
#13105 = SURFACE_STYLE_FILL_AREA(#13106);
#13106 = FILL_AREA_STYLE('',(#13107));
#13107 = FILL_AREA_STYLE_COLOUR('',#12931);
#13108 = OVER_RIDING_STYLED_ITEM('overriding color',(#13109),#1767,
  #12741);
#13109 = PRESENTATION_STYLE_ASSIGNMENT((#13110));
#13110 = SURFACE_STYLE_USAGE(.BOTH.,#13111);
#13111 = SURFACE_SIDE_STYLE('',(#13112));
#13112 = SURFACE_STYLE_FILL_AREA(#13113);
#13113 = FILL_AREA_STYLE('',(#13114));
#13114 = FILL_AREA_STYLE_COLOUR('',#12931);
#13115 = OVER_RIDING_STYLED_ITEM('overriding color',(#13116),#1797,
  #12741);
#13116 = PRESENTATION_STYLE_ASSIGNMENT((#13117));
#13117 = SURFACE_STYLE_USAGE(.BOTH.,#13118);
#13118 = SURFACE_SIDE_STYLE('',(#13119));
#13119 = SURFACE_STYLE_FILL_AREA(#13120);
#13120 = FILL_AREA_STYLE('',(#13121));
#13121 = FILL_AREA_STYLE_COLOUR('',#12931);
#13122 = OVER_RIDING_STYLED_ITEM('overriding color',(#13123),#1822,
  #12741);
#13123 = PRESENTATION_STYLE_ASSIGNMENT((#13124));
#13124 = SURFACE_STYLE_USAGE(.BOTH.,#13125);
#13125 = SURFACE_SIDE_STYLE('',(#13126));
#13126 = SURFACE_STYLE_FILL_AREA(#13127);
#13127 = FILL_AREA_STYLE('',(#13128));
#13128 = FILL_AREA_STYLE_COLOUR('',#12931);
#13129 = OVER_RIDING_STYLED_ITEM('overriding color',(#13130),#1853,
  #12741);
#13130 = PRESENTATION_STYLE_ASSIGNMENT((#13131));
#13131 = SURFACE_STYLE_USAGE(.BOTH.,#13132);
#13132 = SURFACE_SIDE_STYLE('',(#13133));
#13133 = SURFACE_STYLE_FILL_AREA(#13134);
#13134 = FILL_AREA_STYLE('',(#13135));
#13135 = FILL_AREA_STYLE_COLOUR('',#12931);
#13136 = OVER_RIDING_STYLED_ITEM('overriding color',(#13137),#1870,
  #12741);
#13137 = PRESENTATION_STYLE_ASSIGNMENT((#13138));
#13138 = SURFACE_STYLE_USAGE(.BOTH.,#13139);
#13139 = SURFACE_SIDE_STYLE('',(#13140));
#13140 = SURFACE_STYLE_FILL_AREA(#13141);
#13141 = FILL_AREA_STYLE('',(#13142));
#13142 = FILL_AREA_STYLE_COLOUR('',#12931);
#13143 = OVER_RIDING_STYLED_ITEM('overriding color',(#13144),#1895,
  #12741);
#13144 = PRESENTATION_STYLE_ASSIGNMENT((#13145));
#13145 = SURFACE_STYLE_USAGE(.BOTH.,#13146);
#13146 = SURFACE_SIDE_STYLE('',(#13147));
#13147 = SURFACE_STYLE_FILL_AREA(#13148);
#13148 = FILL_AREA_STYLE('',(#13149));
#13149 = FILL_AREA_STYLE_COLOUR('',#12931);
#13150 = OVER_RIDING_STYLED_ITEM('overriding color',(#13151),#1920,
  #12741);
#13151 = PRESENTATION_STYLE_ASSIGNMENT((#13152));
#13152 = SURFACE_STYLE_USAGE(.BOTH.,#13153);
#13153 = SURFACE_SIDE_STYLE('',(#13154));
#13154 = SURFACE_STYLE_FILL_AREA(#13155);
#13155 = FILL_AREA_STYLE('',(#13156));
#13156 = FILL_AREA_STYLE_COLOUR('',#12931);
#13157 = OVER_RIDING_STYLED_ITEM('overriding color',(#13158),#1960,
  #12741);
#13158 = PRESENTATION_STYLE_ASSIGNMENT((#13159));
#13159 = SURFACE_STYLE_USAGE(.BOTH.,#13160);
#13160 = SURFACE_SIDE_STYLE('',(#13161));
#13161 = SURFACE_STYLE_FILL_AREA(#13162);
#13162 = FILL_AREA_STYLE('',(#13163));
#13163 = FILL_AREA_STYLE_COLOUR('',#12931);
#13164 = OVER_RIDING_STYLED_ITEM('overriding color',(#13165),#1977,
  #12741);
#13165 = PRESENTATION_STYLE_ASSIGNMENT((#13166));
#13166 = SURFACE_STYLE_USAGE(.BOTH.,#13167);
#13167 = SURFACE_SIDE_STYLE('',(#13168));
#13168 = SURFACE_STYLE_FILL_AREA(#13169);
#13169 = FILL_AREA_STYLE('',(#13170));
#13170 = FILL_AREA_STYLE_COLOUR('',#12931);
#13171 = OVER_RIDING_STYLED_ITEM('overriding color',(#13172),#1995,
  #12741);
#13172 = PRESENTATION_STYLE_ASSIGNMENT((#13173));
#13173 = SURFACE_STYLE_USAGE(.BOTH.,#13174);
#13174 = SURFACE_SIDE_STYLE('',(#13175));
#13175 = SURFACE_STYLE_FILL_AREA(#13176);
#13176 = FILL_AREA_STYLE('',(#13177));
#13177 = FILL_AREA_STYLE_COLOUR('',#12931);
#13178 = OVER_RIDING_STYLED_ITEM('overriding color',(#13179),#2007,
  #12741);
#13179 = PRESENTATION_STYLE_ASSIGNMENT((#13180));
#13180 = SURFACE_STYLE_USAGE(.BOTH.,#13181);
#13181 = SURFACE_SIDE_STYLE('',(#13182));
#13182 = SURFACE_STYLE_FILL_AREA(#13183);
#13183 = FILL_AREA_STYLE('',(#13184));
#13184 = FILL_AREA_STYLE_COLOUR('',#12931);
#13185 = OVER_RIDING_STYLED_ITEM('overriding color',(#13186),#2019,
  #12741);
#13186 = PRESENTATION_STYLE_ASSIGNMENT((#13187));
#13187 = SURFACE_STYLE_USAGE(.BOTH.,#13188);
#13188 = SURFACE_SIDE_STYLE('',(#13189));
#13189 = SURFACE_STYLE_FILL_AREA(#13190);
#13190 = FILL_AREA_STYLE('',(#13191));
#13191 = FILL_AREA_STYLE_COLOUR('',#12931);
#13192 = OVER_RIDING_STYLED_ITEM('overriding color',(#13193),#2035,
  #12741);
#13193 = PRESENTATION_STYLE_ASSIGNMENT((#13194));
#13194 = SURFACE_STYLE_USAGE(.BOTH.,#13195);
#13195 = SURFACE_SIDE_STYLE('',(#13196));
#13196 = SURFACE_STYLE_FILL_AREA(#13197);
#13197 = FILL_AREA_STYLE('',(#13198));
#13198 = FILL_AREA_STYLE_COLOUR('',#12931);
#13199 = OVER_RIDING_STYLED_ITEM('overriding color',(#13200),#2069,
  #12741);
#13200 = PRESENTATION_STYLE_ASSIGNMENT((#13201));
#13201 = SURFACE_STYLE_USAGE(.BOTH.,#13202);
#13202 = SURFACE_SIDE_STYLE('',(#13203));
#13203 = SURFACE_STYLE_FILL_AREA(#13204);
#13204 = FILL_AREA_STYLE('',(#13205));
#13205 = FILL_AREA_STYLE_COLOUR('',#12931);
#13206 = OVER_RIDING_STYLED_ITEM('overriding color',(#13207),#2103,
  #12741);
#13207 = PRESENTATION_STYLE_ASSIGNMENT((#13208));
#13208 = SURFACE_STYLE_USAGE(.BOTH.,#13209);
#13209 = SURFACE_SIDE_STYLE('',(#13210));
#13210 = SURFACE_STYLE_FILL_AREA(#13211);
#13211 = FILL_AREA_STYLE('',(#13212));
#13212 = FILL_AREA_STYLE_COLOUR('',#12931);
#13213 = OVER_RIDING_STYLED_ITEM('overriding color',(#13214),#2137,
  #12741);
#13214 = PRESENTATION_STYLE_ASSIGNMENT((#13215));
#13215 = SURFACE_STYLE_USAGE(.BOTH.,#13216);
#13216 = SURFACE_SIDE_STYLE('',(#13217));
#13217 = SURFACE_STYLE_FILL_AREA(#13218);
#13218 = FILL_AREA_STYLE('',(#13219));
#13219 = FILL_AREA_STYLE_COLOUR('',#12931);
#13220 = OVER_RIDING_STYLED_ITEM('overriding color',(#13221),#2171,
  #12741);
#13221 = PRESENTATION_STYLE_ASSIGNMENT((#13222));
#13222 = SURFACE_STYLE_USAGE(.BOTH.,#13223);
#13223 = SURFACE_SIDE_STYLE('',(#13224));
#13224 = SURFACE_STYLE_FILL_AREA(#13225);
#13225 = FILL_AREA_STYLE('',(#13226));
#13226 = FILL_AREA_STYLE_COLOUR('',#12931);
#13227 = OVER_RIDING_STYLED_ITEM('overriding color',(#13228),#2203,
  #12741);
#13228 = PRESENTATION_STYLE_ASSIGNMENT((#13229));
#13229 = SURFACE_STYLE_USAGE(.BOTH.,#13230);
#13230 = SURFACE_SIDE_STYLE('',(#13231));
#13231 = SURFACE_STYLE_FILL_AREA(#13232);
#13232 = FILL_AREA_STYLE('',(#13233));
#13233 = FILL_AREA_STYLE_COLOUR('',#12931);
#13234 = OVER_RIDING_STYLED_ITEM('overriding color',(#13235),#2266,
  #12741);
#13235 = PRESENTATION_STYLE_ASSIGNMENT((#13236));
#13236 = SURFACE_STYLE_USAGE(.BOTH.,#13237);
#13237 = SURFACE_SIDE_STYLE('',(#13238));
#13238 = SURFACE_STYLE_FILL_AREA(#13239);
#13239 = FILL_AREA_STYLE('',(#13240));
#13240 = FILL_AREA_STYLE_COLOUR('',#12931);
#13241 = OVER_RIDING_STYLED_ITEM('overriding color',(#13242),#2291,
  #12741);
#13242 = PRESENTATION_STYLE_ASSIGNMENT((#13243));
#13243 = SURFACE_STYLE_USAGE(.BOTH.,#13244);
#13244 = SURFACE_SIDE_STYLE('',(#13245));
#13245 = SURFACE_STYLE_FILL_AREA(#13246);
#13246 = FILL_AREA_STYLE('',(#13247));
#13247 = FILL_AREA_STYLE_COLOUR('',#12931);
#13248 = OVER_RIDING_STYLED_ITEM('overriding color',(#13249),#2350,
  #12741);
#13249 = PRESENTATION_STYLE_ASSIGNMENT((#13250));
#13250 = SURFACE_STYLE_USAGE(.BOTH.,#13251);
#13251 = SURFACE_SIDE_STYLE('',(#13252));
#13252 = SURFACE_STYLE_FILL_AREA(#13253);
#13253 = FILL_AREA_STYLE('',(#13254));
#13254 = FILL_AREA_STYLE_COLOUR('',#12931);
#13255 = OVER_RIDING_STYLED_ITEM('overriding color',(#13256),#2367,
  #12741);
#13256 = PRESENTATION_STYLE_ASSIGNMENT((#13257));
#13257 = SURFACE_STYLE_USAGE(.BOTH.,#13258);
#13258 = SURFACE_SIDE_STYLE('',(#13259));
#13259 = SURFACE_STYLE_FILL_AREA(#13260);
#13260 = FILL_AREA_STYLE('',(#13261));
#13261 = FILL_AREA_STYLE_COLOUR('',#12931);
#13262 = OVER_RIDING_STYLED_ITEM('overriding color',(#13263),#2384,
  #12741);
#13263 = PRESENTATION_STYLE_ASSIGNMENT((#13264));
#13264 = SURFACE_STYLE_USAGE(.BOTH.,#13265);
#13265 = SURFACE_SIDE_STYLE('',(#13266));
#13266 = SURFACE_STYLE_FILL_AREA(#13267);
#13267 = FILL_AREA_STYLE('',(#13268));
#13268 = FILL_AREA_STYLE_COLOUR('',#12931);
#13269 = OVER_RIDING_STYLED_ITEM('overriding color',(#13270),#2416,
  #12741);
#13270 = PRESENTATION_STYLE_ASSIGNMENT((#13271));
#13271 = SURFACE_STYLE_USAGE(.BOTH.,#13272);
#13272 = SURFACE_SIDE_STYLE('',(#13273));
#13273 = SURFACE_STYLE_FILL_AREA(#13274);
#13274 = FILL_AREA_STYLE('',(#13275));
#13275 = FILL_AREA_STYLE_COLOUR('',#12931);
#13276 = OVER_RIDING_STYLED_ITEM('overriding color',(#13277),#2433,
  #12741);
#13277 = PRESENTATION_STYLE_ASSIGNMENT((#13278));
#13278 = SURFACE_STYLE_USAGE(.BOTH.,#13279);
#13279 = SURFACE_SIDE_STYLE('',(#13280));
#13280 = SURFACE_STYLE_FILL_AREA(#13281);
#13281 = FILL_AREA_STYLE('',(#13282));
#13282 = FILL_AREA_STYLE_COLOUR('',#12931);
#13283 = OVER_RIDING_STYLED_ITEM('overriding color',(#13284),#2472,
  #12741);
#13284 = PRESENTATION_STYLE_ASSIGNMENT((#13285));
#13285 = SURFACE_STYLE_USAGE(.BOTH.,#13286);
#13286 = SURFACE_SIDE_STYLE('',(#13287));
#13287 = SURFACE_STYLE_FILL_AREA(#13288);
#13288 = FILL_AREA_STYLE('',(#13289));
#13289 = FILL_AREA_STYLE_COLOUR('',#12931);
#13290 = OVER_RIDING_STYLED_ITEM('overriding color',(#13291),#2489,
  #12741);
#13291 = PRESENTATION_STYLE_ASSIGNMENT((#13292));
#13292 = SURFACE_STYLE_USAGE(.BOTH.,#13293);
#13293 = SURFACE_SIDE_STYLE('',(#13294));
#13294 = SURFACE_STYLE_FILL_AREA(#13295);
#13295 = FILL_AREA_STYLE('',(#13296));
#13296 = FILL_AREA_STYLE_COLOUR('',#12931);
#13297 = OVER_RIDING_STYLED_ITEM('overriding color',(#13298),#2520,
  #12741);
#13298 = PRESENTATION_STYLE_ASSIGNMENT((#13299));
#13299 = SURFACE_STYLE_USAGE(.BOTH.,#13300);
#13300 = SURFACE_SIDE_STYLE('',(#13301));
#13301 = SURFACE_STYLE_FILL_AREA(#13302);
#13302 = FILL_AREA_STYLE('',(#13303));
#13303 = FILL_AREA_STYLE_COLOUR('',#12931);
#13304 = OVER_RIDING_STYLED_ITEM('overriding color',(#13305),#2537,
  #12741);
#13305 = PRESENTATION_STYLE_ASSIGNMENT((#13306));
#13306 = SURFACE_STYLE_USAGE(.BOTH.,#13307);
#13307 = SURFACE_SIDE_STYLE('',(#13308));
#13308 = SURFACE_STYLE_FILL_AREA(#13309);
#13309 = FILL_AREA_STYLE('',(#13310));
#13310 = FILL_AREA_STYLE_COLOUR('',#12931);
#13311 = OVER_RIDING_STYLED_ITEM('overriding color',(#13312),#2576,
  #12741);
#13312 = PRESENTATION_STYLE_ASSIGNMENT((#13313));
#13313 = SURFACE_STYLE_USAGE(.BOTH.,#13314);
#13314 = SURFACE_SIDE_STYLE('',(#13315));
#13315 = SURFACE_STYLE_FILL_AREA(#13316);
#13316 = FILL_AREA_STYLE('',(#13317));
#13317 = FILL_AREA_STYLE_COLOUR('',#12931);
#13318 = OVER_RIDING_STYLED_ITEM('overriding color',(#13319),#2601,
  #12741);
#13319 = PRESENTATION_STYLE_ASSIGNMENT((#13320));
#13320 = SURFACE_STYLE_USAGE(.BOTH.,#13321);
#13321 = SURFACE_SIDE_STYLE('',(#13322));
#13322 = SURFACE_STYLE_FILL_AREA(#13323);
#13323 = FILL_AREA_STYLE('',(#13324));
#13324 = FILL_AREA_STYLE_COLOUR('',#12931);
#13325 = OVER_RIDING_STYLED_ITEM('overriding color',(#13326),#2632,
  #12741);
#13326 = PRESENTATION_STYLE_ASSIGNMENT((#13327));
#13327 = SURFACE_STYLE_USAGE(.BOTH.,#13328);
#13328 = SURFACE_SIDE_STYLE('',(#13329));
#13329 = SURFACE_STYLE_FILL_AREA(#13330);
#13330 = FILL_AREA_STYLE('',(#13331));
#13331 = FILL_AREA_STYLE_COLOUR('',#12931);
#13332 = OVER_RIDING_STYLED_ITEM('overriding color',(#13333),#2656,
  #12741);
#13333 = PRESENTATION_STYLE_ASSIGNMENT((#13334));
#13334 = SURFACE_STYLE_USAGE(.BOTH.,#13335);
#13335 = SURFACE_SIDE_STYLE('',(#13336));
#13336 = SURFACE_STYLE_FILL_AREA(#13337);
#13337 = FILL_AREA_STYLE('',(#13338));
#13338 = FILL_AREA_STYLE_COLOUR('',#12931);
#13339 = OVER_RIDING_STYLED_ITEM('overriding color',(#13340),#2688,
  #12741);
#13340 = PRESENTATION_STYLE_ASSIGNMENT((#13341));
#13341 = SURFACE_STYLE_USAGE(.BOTH.,#13342);
#13342 = SURFACE_SIDE_STYLE('',(#13343));
#13343 = SURFACE_STYLE_FILL_AREA(#13344);
#13344 = FILL_AREA_STYLE('',(#13345));
#13345 = FILL_AREA_STYLE_COLOUR('',#12931);
#13346 = OVER_RIDING_STYLED_ITEM('overriding color',(#13347),#2713,
  #12741);
#13347 = PRESENTATION_STYLE_ASSIGNMENT((#13348));
#13348 = SURFACE_STYLE_USAGE(.BOTH.,#13349);
#13349 = SURFACE_SIDE_STYLE('',(#13350));
#13350 = SURFACE_STYLE_FILL_AREA(#13351);
#13351 = FILL_AREA_STYLE('',(#13352));
#13352 = FILL_AREA_STYLE_COLOUR('',#12931);
#13353 = OVER_RIDING_STYLED_ITEM('overriding color',(#13354),#2753,
  #12741);
#13354 = PRESENTATION_STYLE_ASSIGNMENT((#13355));
#13355 = SURFACE_STYLE_USAGE(.BOTH.,#13356);
#13356 = SURFACE_SIDE_STYLE('',(#13357));
#13357 = SURFACE_STYLE_FILL_AREA(#13358);
#13358 = FILL_AREA_STYLE('',(#13359));
#13359 = FILL_AREA_STYLE_COLOUR('',#12931);
#13360 = OVER_RIDING_STYLED_ITEM('overriding color',(#13361),#2777,
  #12741);
#13361 = PRESENTATION_STYLE_ASSIGNMENT((#13362));
#13362 = SURFACE_STYLE_USAGE(.BOTH.,#13363);
#13363 = SURFACE_SIDE_STYLE('',(#13364));
#13364 = SURFACE_STYLE_FILL_AREA(#13365);
#13365 = FILL_AREA_STYLE('',(#13366));
#13366 = FILL_AREA_STYLE_COLOUR('',#12931);
#13367 = OVER_RIDING_STYLED_ITEM('overriding color',(#13368),#2795,
  #12741);
#13368 = PRESENTATION_STYLE_ASSIGNMENT((#13369));
#13369 = SURFACE_STYLE_USAGE(.BOTH.,#13370);
#13370 = SURFACE_SIDE_STYLE('',(#13371));
#13371 = SURFACE_STYLE_FILL_AREA(#13372);
#13372 = FILL_AREA_STYLE('',(#13373));
#13373 = FILL_AREA_STYLE_COLOUR('',#12931);
#13374 = OVER_RIDING_STYLED_ITEM('overriding color',(#13375),#2814,
  #12741);
#13375 = PRESENTATION_STYLE_ASSIGNMENT((#13376));
#13376 = SURFACE_STYLE_USAGE(.BOTH.,#13377);
#13377 = SURFACE_SIDE_STYLE('',(#13378));
#13378 = SURFACE_STYLE_FILL_AREA(#13379);
#13379 = FILL_AREA_STYLE('',(#13380));
#13380 = FILL_AREA_STYLE_COLOUR('',#12931);
#13381 = OVER_RIDING_STYLED_ITEM('overriding color',(#13382),#2833,
  #12741);
#13382 = PRESENTATION_STYLE_ASSIGNMENT((#13383));
#13383 = SURFACE_STYLE_USAGE(.BOTH.,#13384);
#13384 = SURFACE_SIDE_STYLE('',(#13385));
#13385 = SURFACE_STYLE_FILL_AREA(#13386);
#13386 = FILL_AREA_STYLE('',(#13387));
#13387 = FILL_AREA_STYLE_COLOUR('',#12931);
#13388 = OVER_RIDING_STYLED_ITEM('overriding color',(#13389),#2849,
  #12741);
#13389 = PRESENTATION_STYLE_ASSIGNMENT((#13390));
#13390 = SURFACE_STYLE_USAGE(.BOTH.,#13391);
#13391 = SURFACE_SIDE_STYLE('',(#13392));
#13392 = SURFACE_STYLE_FILL_AREA(#13393);
#13393 = FILL_AREA_STYLE('',(#13394));
#13394 = FILL_AREA_STYLE_COLOUR('',#13395);
#13395 = COLOUR_RGB('',0.309803992356,0.309803992356,0.309803992356);
#13396 = OVER_RIDING_STYLED_ITEM('overriding color',(#13397),#2882,
  #12741);
#13397 = PRESENTATION_STYLE_ASSIGNMENT((#13398));
#13398 = SURFACE_STYLE_USAGE(.BOTH.,#13399);
#13399 = SURFACE_SIDE_STYLE('',(#13400));
#13400 = SURFACE_STYLE_FILL_AREA(#13401);
#13401 = FILL_AREA_STYLE('',(#13402));
#13402 = FILL_AREA_STYLE_COLOUR('',#13395);
#13403 = OVER_RIDING_STYLED_ITEM('overriding color',(#13404),#2917,
  #12741);
#13404 = PRESENTATION_STYLE_ASSIGNMENT((#13405));
#13405 = SURFACE_STYLE_USAGE(.BOTH.,#13406);
#13406 = SURFACE_SIDE_STYLE('',(#13407));
#13407 = SURFACE_STYLE_FILL_AREA(#13408);
#13408 = FILL_AREA_STYLE('',(#13409));
#13409 = FILL_AREA_STYLE_COLOUR('',#13395);
#13410 = OVER_RIDING_STYLED_ITEM('overriding color',(#13411),#2950,
  #12741);
#13411 = PRESENTATION_STYLE_ASSIGNMENT((#13412));
#13412 = SURFACE_STYLE_USAGE(.BOTH.,#13413);
#13413 = SURFACE_SIDE_STYLE('',(#13414));
#13414 = SURFACE_STYLE_FILL_AREA(#13415);
#13415 = FILL_AREA_STYLE('',(#13416));
#13416 = FILL_AREA_STYLE_COLOUR('',#13395);
#13417 = OVER_RIDING_STYLED_ITEM('overriding color',(#13418),#2985,
  #12741);
#13418 = PRESENTATION_STYLE_ASSIGNMENT((#13419));
#13419 = SURFACE_STYLE_USAGE(.BOTH.,#13420);
#13420 = SURFACE_SIDE_STYLE('',(#13421));
#13421 = SURFACE_STYLE_FILL_AREA(#13422);
#13422 = FILL_AREA_STYLE('',(#13423));
#13423 = FILL_AREA_STYLE_COLOUR('',#13395);
#13424 = OVER_RIDING_STYLED_ITEM('overriding color',(#13425),#3074,
  #12741);
#13425 = PRESENTATION_STYLE_ASSIGNMENT((#13426));
#13426 = SURFACE_STYLE_USAGE(.BOTH.,#13427);
#13427 = SURFACE_SIDE_STYLE('',(#13428));
#13428 = SURFACE_STYLE_FILL_AREA(#13429);
#13429 = FILL_AREA_STYLE('',(#13430));
#13430 = FILL_AREA_STYLE_COLOUR('',#13431);
#13431 = COLOUR_RGB('',0.780391988782,0.568627009104,0.113724997699);
#13432 = OVER_RIDING_STYLED_ITEM('overriding color',(#13433),#3134,
  #12741);
#13433 = PRESENTATION_STYLE_ASSIGNMENT((#13434));
#13434 = SURFACE_STYLE_USAGE(.BOTH.,#13435);
#13435 = SURFACE_SIDE_STYLE('',(#13436));
#13436 = SURFACE_STYLE_FILL_AREA(#13437);
#13437 = FILL_AREA_STYLE('',(#13438));
#13438 = FILL_AREA_STYLE_COLOUR('',#13395);
#13439 = OVER_RIDING_STYLED_ITEM('overriding color',(#13440),#3349,
  #12741);
#13440 = PRESENTATION_STYLE_ASSIGNMENT((#13441));
#13441 = SURFACE_STYLE_USAGE(.BOTH.,#13442);
#13442 = SURFACE_SIDE_STYLE('',(#13443));
#13443 = SURFACE_STYLE_FILL_AREA(#13444);
#13444 = FILL_AREA_STYLE('',(#13445));
#13445 = FILL_AREA_STYLE_COLOUR('',#13395);
#13446 = OVER_RIDING_STYLED_ITEM('overriding color',(#13447),#3381,
  #12741);
#13447 = PRESENTATION_STYLE_ASSIGNMENT((#13448));
#13448 = SURFACE_STYLE_USAGE(.BOTH.,#13449);
#13449 = SURFACE_SIDE_STYLE('',(#13450));
#13450 = SURFACE_STYLE_FILL_AREA(#13451);
#13451 = FILL_AREA_STYLE('',(#13452));
#13452 = FILL_AREA_STYLE_COLOUR('',#13431);
#13453 = OVER_RIDING_STYLED_ITEM('overriding color',(#13454),#3428,
  #12741);
#13454 = PRESENTATION_STYLE_ASSIGNMENT((#13455));
#13455 = SURFACE_STYLE_USAGE(.BOTH.,#13456);
#13456 = SURFACE_SIDE_STYLE('',(#13457));
#13457 = SURFACE_STYLE_FILL_AREA(#13458);
#13458 = FILL_AREA_STYLE('',(#13459));
#13459 = FILL_AREA_STYLE_COLOUR('',#13431);
#13460 = OVER_RIDING_STYLED_ITEM('overriding color',(#13461),#3460,
  #12741);
#13461 = PRESENTATION_STYLE_ASSIGNMENT((#13462));
#13462 = SURFACE_STYLE_USAGE(.BOTH.,#13463);
#13463 = SURFACE_SIDE_STYLE('',(#13464));
#13464 = SURFACE_STYLE_FILL_AREA(#13465);
#13465 = FILL_AREA_STYLE('',(#13466));
#13466 = FILL_AREA_STYLE_COLOUR('',#13395);
#13467 = OVER_RIDING_STYLED_ITEM('overriding color',(#13468),#3522,
  #12741);
#13468 = PRESENTATION_STYLE_ASSIGNMENT((#13469));
#13469 = SURFACE_STYLE_USAGE(.BOTH.,#13470);
#13470 = SURFACE_SIDE_STYLE('',(#13471));
#13471 = SURFACE_STYLE_FILL_AREA(#13472);
#13472 = FILL_AREA_STYLE('',(#13473));
#13473 = FILL_AREA_STYLE_COLOUR('',#13395);
#13474 = OVER_RIDING_STYLED_ITEM('overriding color',(#13475),#3584,
  #12741);
#13475 = PRESENTATION_STYLE_ASSIGNMENT((#13476));
#13476 = SURFACE_STYLE_USAGE(.BOTH.,#13477);
#13477 = SURFACE_SIDE_STYLE('',(#13478));
#13478 = SURFACE_STYLE_FILL_AREA(#13479);
#13479 = FILL_AREA_STYLE('',(#13480));
#13480 = FILL_AREA_STYLE_COLOUR('',#13395);
#13481 = OVER_RIDING_STYLED_ITEM('overriding color',(#13482),#3608,
  #12741);
#13482 = PRESENTATION_STYLE_ASSIGNMENT((#13483));
#13483 = SURFACE_STYLE_USAGE(.BOTH.,#13484);
#13484 = SURFACE_SIDE_STYLE('',(#13485));
#13485 = SURFACE_STYLE_FILL_AREA(#13486);
#13486 = FILL_AREA_STYLE('',(#13487));
#13487 = FILL_AREA_STYLE_COLOUR('',#13395);
#13488 = OVER_RIDING_STYLED_ITEM('overriding color',(#13489),#3652,
  #12741);
#13489 = PRESENTATION_STYLE_ASSIGNMENT((#13490));
#13490 = SURFACE_STYLE_USAGE(.BOTH.,#13491);
#13491 = SURFACE_SIDE_STYLE('',(#13492));
#13492 = SURFACE_STYLE_FILL_AREA(#13493);
#13493 = FILL_AREA_STYLE('',(#13494));
#13494 = FILL_AREA_STYLE_COLOUR('',#13395);
#13495 = OVER_RIDING_STYLED_ITEM('overriding color',(#13496),#3684,
  #12741);
#13496 = PRESENTATION_STYLE_ASSIGNMENT((#13497));
#13497 = SURFACE_STYLE_USAGE(.BOTH.,#13498);
#13498 = SURFACE_SIDE_STYLE('',(#13499));
#13499 = SURFACE_STYLE_FILL_AREA(#13500);
#13500 = FILL_AREA_STYLE('',(#13501));
#13501 = FILL_AREA_STYLE_COLOUR('',#13395);
#13502 = OVER_RIDING_STYLED_ITEM('overriding color',(#13503),#3718,
  #12741);
#13503 = PRESENTATION_STYLE_ASSIGNMENT((#13504));
#13504 = SURFACE_STYLE_USAGE(.BOTH.,#13505);
#13505 = SURFACE_SIDE_STYLE('',(#13506));
#13506 = SURFACE_STYLE_FILL_AREA(#13507);
#13507 = FILL_AREA_STYLE('',(#13508));
#13508 = FILL_AREA_STYLE_COLOUR('',#13395);
#13509 = OVER_RIDING_STYLED_ITEM('overriding color',(#13510),#3750,
  #12741);
#13510 = PRESENTATION_STYLE_ASSIGNMENT((#13511));
#13511 = SURFACE_STYLE_USAGE(.BOTH.,#13512);
#13512 = SURFACE_SIDE_STYLE('',(#13513));
#13513 = SURFACE_STYLE_FILL_AREA(#13514);
#13514 = FILL_AREA_STYLE('',(#13515));
#13515 = FILL_AREA_STYLE_COLOUR('',#13395);
#13516 = OVER_RIDING_STYLED_ITEM('overriding color',(#13517),#3784,
  #12741);
#13517 = PRESENTATION_STYLE_ASSIGNMENT((#13518));
#13518 = SURFACE_STYLE_USAGE(.BOTH.,#13519);
#13519 = SURFACE_SIDE_STYLE('',(#13520));
#13520 = SURFACE_STYLE_FILL_AREA(#13521);
#13521 = FILL_AREA_STYLE('',(#13522));
#13522 = FILL_AREA_STYLE_COLOUR('',#13395);
#13523 = OVER_RIDING_STYLED_ITEM('overriding color',(#13524),#3816,
  #12741);
#13524 = PRESENTATION_STYLE_ASSIGNMENT((#13525));
#13525 = SURFACE_STYLE_USAGE(.BOTH.,#13526);
#13526 = SURFACE_SIDE_STYLE('',(#13527));
#13527 = SURFACE_STYLE_FILL_AREA(#13528);
#13528 = FILL_AREA_STYLE('',(#13529));
#13529 = FILL_AREA_STYLE_COLOUR('',#13395);
#13530 = OVER_RIDING_STYLED_ITEM('overriding color',(#13531),#3850,
  #12741);
#13531 = PRESENTATION_STYLE_ASSIGNMENT((#13532));
#13532 = SURFACE_STYLE_USAGE(.BOTH.,#13533);
#13533 = SURFACE_SIDE_STYLE('',(#13534));
#13534 = SURFACE_STYLE_FILL_AREA(#13535);
#13535 = FILL_AREA_STYLE('',(#13536));
#13536 = FILL_AREA_STYLE_COLOUR('',#13395);
#13537 = OVER_RIDING_STYLED_ITEM('overriding color',(#13538),#3884,
  #12741);
#13538 = PRESENTATION_STYLE_ASSIGNMENT((#13539));
#13539 = SURFACE_STYLE_USAGE(.BOTH.,#13540);
#13540 = SURFACE_SIDE_STYLE('',(#13541));
#13541 = SURFACE_STYLE_FILL_AREA(#13542);
#13542 = FILL_AREA_STYLE('',(#13543));
#13543 = FILL_AREA_STYLE_COLOUR('',#13395);
#13544 = OVER_RIDING_STYLED_ITEM('overriding color',(#13545),#3918,
  #12741);
#13545 = PRESENTATION_STYLE_ASSIGNMENT((#13546));
#13546 = SURFACE_STYLE_USAGE(.BOTH.,#13547);
#13547 = SURFACE_SIDE_STYLE('',(#13548));
#13548 = SURFACE_STYLE_FILL_AREA(#13549);
#13549 = FILL_AREA_STYLE('',(#13550));
#13550 = FILL_AREA_STYLE_COLOUR('',#13395);
#13551 = OVER_RIDING_STYLED_ITEM('overriding color',(#13552),#3950,
  #12741);
#13552 = PRESENTATION_STYLE_ASSIGNMENT((#13553));
#13553 = SURFACE_STYLE_USAGE(.BOTH.,#13554);
#13554 = SURFACE_SIDE_STYLE('',(#13555));
#13555 = SURFACE_STYLE_FILL_AREA(#13556);
#13556 = FILL_AREA_STYLE('',(#13557));
#13557 = FILL_AREA_STYLE_COLOUR('',#13395);
#13558 = OVER_RIDING_STYLED_ITEM('overriding color',(#13559),#3984,
  #12741);
#13559 = PRESENTATION_STYLE_ASSIGNMENT((#13560));
#13560 = SURFACE_STYLE_USAGE(.BOTH.,#13561);
#13561 = SURFACE_SIDE_STYLE('',(#13562));
#13562 = SURFACE_STYLE_FILL_AREA(#13563);
#13563 = FILL_AREA_STYLE('',(#13564));
#13564 = FILL_AREA_STYLE_COLOUR('',#13395);
#13565 = OVER_RIDING_STYLED_ITEM('overriding color',(#13566),#4016,
  #12741);
#13566 = PRESENTATION_STYLE_ASSIGNMENT((#13567));
#13567 = SURFACE_STYLE_USAGE(.BOTH.,#13568);
#13568 = SURFACE_SIDE_STYLE('',(#13569));
#13569 = SURFACE_STYLE_FILL_AREA(#13570);
#13570 = FILL_AREA_STYLE('',(#13571));
#13571 = FILL_AREA_STYLE_COLOUR('',#13395);
#13572 = OVER_RIDING_STYLED_ITEM('overriding color',(#13573),#4050,
  #12741);
#13573 = PRESENTATION_STYLE_ASSIGNMENT((#13574));
#13574 = SURFACE_STYLE_USAGE(.BOTH.,#13575);
#13575 = SURFACE_SIDE_STYLE('',(#13576));
#13576 = SURFACE_STYLE_FILL_AREA(#13577);
#13577 = FILL_AREA_STYLE('',(#13578));
#13578 = FILL_AREA_STYLE_COLOUR('',#13395);
#13579 = OVER_RIDING_STYLED_ITEM('overriding color',(#13580),#4082,
  #12741);
#13580 = PRESENTATION_STYLE_ASSIGNMENT((#13581));
#13581 = SURFACE_STYLE_USAGE(.BOTH.,#13582);
#13582 = SURFACE_SIDE_STYLE('',(#13583));
#13583 = SURFACE_STYLE_FILL_AREA(#13584);
#13584 = FILL_AREA_STYLE('',(#13585));
#13585 = FILL_AREA_STYLE_COLOUR('',#13395);
#13586 = OVER_RIDING_STYLED_ITEM('overriding color',(#13587),#4116,
  #12741);
#13587 = PRESENTATION_STYLE_ASSIGNMENT((#13588));
#13588 = SURFACE_STYLE_USAGE(.BOTH.,#13589);
#13589 = SURFACE_SIDE_STYLE('',(#13590));
#13590 = SURFACE_STYLE_FILL_AREA(#13591);
#13591 = FILL_AREA_STYLE('',(#13592));
#13592 = FILL_AREA_STYLE_COLOUR('',#13395);
#13593 = OVER_RIDING_STYLED_ITEM('overriding color',(#13594),#4140,
  #12741);
#13594 = PRESENTATION_STYLE_ASSIGNMENT((#13595));
#13595 = SURFACE_STYLE_USAGE(.BOTH.,#13596);
#13596 = SURFACE_SIDE_STYLE('',(#13597));
#13597 = SURFACE_STYLE_FILL_AREA(#13598);
#13598 = FILL_AREA_STYLE('',(#13599));
#13599 = FILL_AREA_STYLE_COLOUR('',#13395);
#13600 = OVER_RIDING_STYLED_ITEM('overriding color',(#13601),#4172,
  #12741);
#13601 = PRESENTATION_STYLE_ASSIGNMENT((#13602));
#13602 = SURFACE_STYLE_USAGE(.BOTH.,#13603);
#13603 = SURFACE_SIDE_STYLE('',(#13604));
#13604 = SURFACE_STYLE_FILL_AREA(#13605);
#13605 = FILL_AREA_STYLE('',(#13606));
#13606 = FILL_AREA_STYLE_COLOUR('',#13395);
#13607 = OVER_RIDING_STYLED_ITEM('overriding color',(#13608),#4197,
  #12741);
#13608 = PRESENTATION_STYLE_ASSIGNMENT((#13609));
#13609 = SURFACE_STYLE_USAGE(.BOTH.,#13610);
#13610 = SURFACE_SIDE_STYLE('',(#13611));
#13611 = SURFACE_STYLE_FILL_AREA(#13612);
#13612 = FILL_AREA_STYLE('',(#13613));
#13613 = FILL_AREA_STYLE_COLOUR('',#13395);
#13614 = OVER_RIDING_STYLED_ITEM('overriding color',(#13615),#4242,
  #12741);
#13615 = PRESENTATION_STYLE_ASSIGNMENT((#13616));
#13616 = SURFACE_STYLE_USAGE(.BOTH.,#13617);
#13617 = SURFACE_SIDE_STYLE('',(#13618));
#13618 = SURFACE_STYLE_FILL_AREA(#13619);
#13619 = FILL_AREA_STYLE('',(#13620));
#13620 = FILL_AREA_STYLE_COLOUR('',#13395);
#13621 = OVER_RIDING_STYLED_ITEM('overriding color',(#13622),#4267,
  #12741);
#13622 = PRESENTATION_STYLE_ASSIGNMENT((#13623));
#13623 = SURFACE_STYLE_USAGE(.BOTH.,#13624);
#13624 = SURFACE_SIDE_STYLE('',(#13625));
#13625 = SURFACE_STYLE_FILL_AREA(#13626);
#13626 = FILL_AREA_STYLE('',(#13627));
#13627 = FILL_AREA_STYLE_COLOUR('',#13395);
#13628 = OVER_RIDING_STYLED_ITEM('overriding color',(#13629),#4309,
  #12741);
#13629 = PRESENTATION_STYLE_ASSIGNMENT((#13630));
#13630 = SURFACE_STYLE_USAGE(.BOTH.,#13631);
#13631 = SURFACE_SIDE_STYLE('',(#13632));
#13632 = SURFACE_STYLE_FILL_AREA(#13633);
#13633 = FILL_AREA_STYLE('',(#13634));
#13634 = FILL_AREA_STYLE_COLOUR('',#13395);
#13635 = OVER_RIDING_STYLED_ITEM('overriding color',(#13636),#4334,
  #12741);
#13636 = PRESENTATION_STYLE_ASSIGNMENT((#13637));
#13637 = SURFACE_STYLE_USAGE(.BOTH.,#13638);
#13638 = SURFACE_SIDE_STYLE('',(#13639));
#13639 = SURFACE_STYLE_FILL_AREA(#13640);
#13640 = FILL_AREA_STYLE('',(#13641));
#13641 = FILL_AREA_STYLE_COLOUR('',#13395);
#13642 = OVER_RIDING_STYLED_ITEM('overriding color',(#13643),#4458,
  #12741);
#13643 = PRESENTATION_STYLE_ASSIGNMENT((#13644));
#13644 = SURFACE_STYLE_USAGE(.BOTH.,#13645);
#13645 = SURFACE_SIDE_STYLE('',(#13646));
#13646 = SURFACE_STYLE_FILL_AREA(#13647);
#13647 = FILL_AREA_STYLE('',(#13648));
#13648 = FILL_AREA_STYLE_COLOUR('',#13395);
#13649 = OVER_RIDING_STYLED_ITEM('overriding color',(#13650),#4498,
  #12741);
#13650 = PRESENTATION_STYLE_ASSIGNMENT((#13651));
#13651 = SURFACE_STYLE_USAGE(.BOTH.,#13652);
#13652 = SURFACE_SIDE_STYLE('',(#13653));
#13653 = SURFACE_STYLE_FILL_AREA(#13654);
#13654 = FILL_AREA_STYLE('',(#13655));
#13655 = FILL_AREA_STYLE_COLOUR('',#13395);
#13656 = OVER_RIDING_STYLED_ITEM('overriding color',(#13657),#4652,
  #12741);
#13657 = PRESENTATION_STYLE_ASSIGNMENT((#13658));
#13658 = SURFACE_STYLE_USAGE(.BOTH.,#13659);
#13659 = SURFACE_SIDE_STYLE('',(#13660));
#13660 = SURFACE_STYLE_FILL_AREA(#13661);
#13661 = FILL_AREA_STYLE('',(#13662));
#13662 = FILL_AREA_STYLE_COLOUR('',#13395);
#13663 = OVER_RIDING_STYLED_ITEM('overriding color',(#13664),#4720,
  #12741);
#13664 = PRESENTATION_STYLE_ASSIGNMENT((#13665));
#13665 = SURFACE_STYLE_USAGE(.BOTH.,#13666);
#13666 = SURFACE_SIDE_STYLE('',(#13667));
#13667 = SURFACE_STYLE_FILL_AREA(#13668);
#13668 = FILL_AREA_STYLE('',(#13669));
#13669 = FILL_AREA_STYLE_COLOUR('',#13395);
#13670 = OVER_RIDING_STYLED_ITEM('overriding color',(#13671),#4745,
  #12741);
#13671 = PRESENTATION_STYLE_ASSIGNMENT((#13672));
#13672 = SURFACE_STYLE_USAGE(.BOTH.,#13673);
#13673 = SURFACE_SIDE_STYLE('',(#13674));
#13674 = SURFACE_STYLE_FILL_AREA(#13675);
#13675 = FILL_AREA_STYLE('',(#13676));
#13676 = FILL_AREA_STYLE_COLOUR('',#13395);
#13677 = OVER_RIDING_STYLED_ITEM('overriding color',(#13678),#4802,
  #12741);
#13678 = PRESENTATION_STYLE_ASSIGNMENT((#13679));
#13679 = SURFACE_STYLE_USAGE(.BOTH.,#13680);
#13680 = SURFACE_SIDE_STYLE('',(#13681));
#13681 = SURFACE_STYLE_FILL_AREA(#13682);
#13682 = FILL_AREA_STYLE('',(#13683));
#13683 = FILL_AREA_STYLE_COLOUR('',#13395);
#13684 = OVER_RIDING_STYLED_ITEM('overriding color',(#13685),#4850,
  #12741);
#13685 = PRESENTATION_STYLE_ASSIGNMENT((#13686));
#13686 = SURFACE_STYLE_USAGE(.BOTH.,#13687);
#13687 = SURFACE_SIDE_STYLE('',(#13688));
#13688 = SURFACE_STYLE_FILL_AREA(#13689);
#13689 = FILL_AREA_STYLE('',(#13690));
#13690 = FILL_AREA_STYLE_COLOUR('',#13395);
#13691 = OVER_RIDING_STYLED_ITEM('overriding color',(#13692),#4875,
  #12741);
#13692 = PRESENTATION_STYLE_ASSIGNMENT((#13693));
#13693 = SURFACE_STYLE_USAGE(.BOTH.,#13694);
#13694 = SURFACE_SIDE_STYLE('',(#13695));
#13695 = SURFACE_STYLE_FILL_AREA(#13696);
#13696 = FILL_AREA_STYLE('',(#13697));
#13697 = FILL_AREA_STYLE_COLOUR('',#13395);
#13698 = OVER_RIDING_STYLED_ITEM('overriding color',(#13699),#4917,
  #12741);
#13699 = PRESENTATION_STYLE_ASSIGNMENT((#13700));
#13700 = SURFACE_STYLE_USAGE(.BOTH.,#13701);
#13701 = SURFACE_SIDE_STYLE('',(#13702));
#13702 = SURFACE_STYLE_FILL_AREA(#13703);
#13703 = FILL_AREA_STYLE('',(#13704));
#13704 = FILL_AREA_STYLE_COLOUR('',#13395);
#13705 = OVER_RIDING_STYLED_ITEM('overriding color',(#13706),#4959,
  #12741);
#13706 = PRESENTATION_STYLE_ASSIGNMENT((#13707));
#13707 = SURFACE_STYLE_USAGE(.BOTH.,#13708);
#13708 = SURFACE_SIDE_STYLE('',(#13709));
#13709 = SURFACE_STYLE_FILL_AREA(#13710);
#13710 = FILL_AREA_STYLE('',(#13711));
#13711 = FILL_AREA_STYLE_COLOUR('',#13395);
#13712 = OVER_RIDING_STYLED_ITEM('overriding color',(#13713),#5001,
  #12741);
#13713 = PRESENTATION_STYLE_ASSIGNMENT((#13714));
#13714 = SURFACE_STYLE_USAGE(.BOTH.,#13715);
#13715 = SURFACE_SIDE_STYLE('',(#13716));
#13716 = SURFACE_STYLE_FILL_AREA(#13717);
#13717 = FILL_AREA_STYLE('',(#13718));
#13718 = FILL_AREA_STYLE_COLOUR('',#13395);
#13719 = OVER_RIDING_STYLED_ITEM('overriding color',(#13720),#5027,
  #12741);
#13720 = PRESENTATION_STYLE_ASSIGNMENT((#13721));
#13721 = SURFACE_STYLE_USAGE(.BOTH.,#13722);
#13722 = SURFACE_SIDE_STYLE('',(#13723));
#13723 = SURFACE_STYLE_FILL_AREA(#13724);
#13724 = FILL_AREA_STYLE('',(#13725));
#13725 = FILL_AREA_STYLE_COLOUR('',#13395);
#13726 = OVER_RIDING_STYLED_ITEM('overriding color',(#13727),#5087,
  #12741);
#13727 = PRESENTATION_STYLE_ASSIGNMENT((#13728));
#13728 = SURFACE_STYLE_USAGE(.BOTH.,#13729);
#13729 = SURFACE_SIDE_STYLE('',(#13730));
#13730 = SURFACE_STYLE_FILL_AREA(#13731);
#13731 = FILL_AREA_STYLE('',(#13732));
#13732 = FILL_AREA_STYLE_COLOUR('',#13395);
#13733 = OVER_RIDING_STYLED_ITEM('overriding color',(#13734),#5112,
  #12741);
#13734 = PRESENTATION_STYLE_ASSIGNMENT((#13735));
#13735 = SURFACE_STYLE_USAGE(.BOTH.,#13736);
#13736 = SURFACE_SIDE_STYLE('',(#13737));
#13737 = SURFACE_STYLE_FILL_AREA(#13738);
#13738 = FILL_AREA_STYLE('',(#13739));
#13739 = FILL_AREA_STYLE_COLOUR('',#13395);
#13740 = OVER_RIDING_STYLED_ITEM('overriding color',(#13741),#5172,
  #12741);
#13741 = PRESENTATION_STYLE_ASSIGNMENT((#13742));
#13742 = SURFACE_STYLE_USAGE(.BOTH.,#13743);
#13743 = SURFACE_SIDE_STYLE('',(#13744));
#13744 = SURFACE_STYLE_FILL_AREA(#13745);
#13745 = FILL_AREA_STYLE('',(#13746));
#13746 = FILL_AREA_STYLE_COLOUR('',#13395);
#13747 = OVER_RIDING_STYLED_ITEM('overriding color',(#13748),#5190,
  #12741);
#13748 = PRESENTATION_STYLE_ASSIGNMENT((#13749));
#13749 = SURFACE_STYLE_USAGE(.BOTH.,#13750);
#13750 = SURFACE_SIDE_STYLE('',(#13751));
#13751 = SURFACE_STYLE_FILL_AREA(#13752);
#13752 = FILL_AREA_STYLE('',(#13753));
#13753 = FILL_AREA_STYLE_COLOUR('',#13395);
#13754 = OVER_RIDING_STYLED_ITEM('overriding color',(#13755),#5212,
  #12741);
#13755 = PRESENTATION_STYLE_ASSIGNMENT((#13756));
#13756 = SURFACE_STYLE_USAGE(.BOTH.,#13757);
#13757 = SURFACE_SIDE_STYLE('',(#13758));
#13758 = SURFACE_STYLE_FILL_AREA(#13759);
#13759 = FILL_AREA_STYLE('',(#13760));
#13760 = FILL_AREA_STYLE_COLOUR('',#13395);
#13761 = OVER_RIDING_STYLED_ITEM('overriding color',(#13762),#5231,
  #12741);
#13762 = PRESENTATION_STYLE_ASSIGNMENT((#13763));
#13763 = SURFACE_STYLE_USAGE(.BOTH.,#13764);
#13764 = SURFACE_SIDE_STYLE('',(#13765));
#13765 = SURFACE_STYLE_FILL_AREA(#13766);
#13766 = FILL_AREA_STYLE('',(#13767));
#13767 = FILL_AREA_STYLE_COLOUR('',#13395);
#13768 = OVER_RIDING_STYLED_ITEM('overriding color',(#13769),#5248,
  #12741);
#13769 = PRESENTATION_STYLE_ASSIGNMENT((#13770));
#13770 = SURFACE_STYLE_USAGE(.BOTH.,#13771);
#13771 = SURFACE_SIDE_STYLE('',(#13772));
#13772 = SURFACE_STYLE_FILL_AREA(#13773);
#13773 = FILL_AREA_STYLE('',(#13774));
#13774 = FILL_AREA_STYLE_COLOUR('',#13395);
#13775 = OVER_RIDING_STYLED_ITEM('overriding color',(#13776),#5267,
  #12741);
#13776 = PRESENTATION_STYLE_ASSIGNMENT((#13777));
#13777 = SURFACE_STYLE_USAGE(.BOTH.,#13778);
#13778 = SURFACE_SIDE_STYLE('',(#13779));
#13779 = SURFACE_STYLE_FILL_AREA(#13780);
#13780 = FILL_AREA_STYLE('',(#13781));
#13781 = FILL_AREA_STYLE_COLOUR('',#13395);
#13782 = OVER_RIDING_STYLED_ITEM('overriding color',(#13783),#5284,
  #12741);
#13783 = PRESENTATION_STYLE_ASSIGNMENT((#13784));
#13784 = SURFACE_STYLE_USAGE(.BOTH.,#13785);
#13785 = SURFACE_SIDE_STYLE('',(#13786));
#13786 = SURFACE_STYLE_FILL_AREA(#13787);
#13787 = FILL_AREA_STYLE('',(#13788));
#13788 = FILL_AREA_STYLE_COLOUR('',#13395);
#13789 = OVER_RIDING_STYLED_ITEM('overriding color',(#13790),#5303,
  #12741);
#13790 = PRESENTATION_STYLE_ASSIGNMENT((#13791));
#13791 = SURFACE_STYLE_USAGE(.BOTH.,#13792);
#13792 = SURFACE_SIDE_STYLE('',(#13793));
#13793 = SURFACE_STYLE_FILL_AREA(#13794);
#13794 = FILL_AREA_STYLE('',(#13795));
#13795 = FILL_AREA_STYLE_COLOUR('',#13395);
#13796 = OVER_RIDING_STYLED_ITEM('overriding color',(#13797),#5357,
  #12741);
#13797 = PRESENTATION_STYLE_ASSIGNMENT((#13798));
#13798 = SURFACE_STYLE_USAGE(.BOTH.,#13799);
#13799 = SURFACE_SIDE_STYLE('',(#13800));
#13800 = SURFACE_STYLE_FILL_AREA(#13801);
#13801 = FILL_AREA_STYLE('',(#13802));
#13802 = FILL_AREA_STYLE_COLOUR('',#13395);
#13803 = OVER_RIDING_STYLED_ITEM('overriding color',(#13804),#5401,
  #12741);
#13804 = PRESENTATION_STYLE_ASSIGNMENT((#13805));
#13805 = SURFACE_STYLE_USAGE(.BOTH.,#13806);
#13806 = SURFACE_SIDE_STYLE('',(#13807));
#13807 = SURFACE_STYLE_FILL_AREA(#13808);
#13808 = FILL_AREA_STYLE('',(#13809));
#13809 = FILL_AREA_STYLE_COLOUR('',#13395);
#13810 = OVER_RIDING_STYLED_ITEM('overriding color',(#13811),#5422,
  #12741);
#13811 = PRESENTATION_STYLE_ASSIGNMENT((#13812));
#13812 = SURFACE_STYLE_USAGE(.BOTH.,#13813);
#13813 = SURFACE_SIDE_STYLE('',(#13814));
#13814 = SURFACE_STYLE_FILL_AREA(#13815);
#13815 = FILL_AREA_STYLE('',(#13816));
#13816 = FILL_AREA_STYLE_COLOUR('',#13395);
#13817 = OVER_RIDING_STYLED_ITEM('overriding color',(#13818),#5444,
  #12741);
#13818 = PRESENTATION_STYLE_ASSIGNMENT((#13819));
#13819 = SURFACE_STYLE_USAGE(.BOTH.,#13820);
#13820 = SURFACE_SIDE_STYLE('',(#13821));
#13821 = SURFACE_STYLE_FILL_AREA(#13822);
#13822 = FILL_AREA_STYLE('',(#13823));
#13823 = FILL_AREA_STYLE_COLOUR('',#13395);
#13824 = OVER_RIDING_STYLED_ITEM('overriding color',(#13825),#5461,
  #12741);
#13825 = PRESENTATION_STYLE_ASSIGNMENT((#13826));
#13826 = SURFACE_STYLE_USAGE(.BOTH.,#13827);
#13827 = SURFACE_SIDE_STYLE('',(#13828));
#13828 = SURFACE_STYLE_FILL_AREA(#13829);
#13829 = FILL_AREA_STYLE('',(#13830));
#13830 = FILL_AREA_STYLE_COLOUR('',#13395);
#13831 = OVER_RIDING_STYLED_ITEM('overriding color',(#13832),#5483,
  #12741);
#13832 = PRESENTATION_STYLE_ASSIGNMENT((#13833));
#13833 = SURFACE_STYLE_USAGE(.BOTH.,#13834);
#13834 = SURFACE_SIDE_STYLE('',(#13835));
#13835 = SURFACE_STYLE_FILL_AREA(#13836);
#13836 = FILL_AREA_STYLE('',(#13837));
#13837 = FILL_AREA_STYLE_COLOUR('',#13395);
#13838 = OVER_RIDING_STYLED_ITEM('overriding color',(#13839),#5495,
  #12741);
#13839 = PRESENTATION_STYLE_ASSIGNMENT((#13840));
#13840 = SURFACE_STYLE_USAGE(.BOTH.,#13841);
#13841 = SURFACE_SIDE_STYLE('',(#13842));
#13842 = SURFACE_STYLE_FILL_AREA(#13843);
#13843 = FILL_AREA_STYLE('',(#13844));
#13844 = FILL_AREA_STYLE_COLOUR('',#13395);
#13845 = OVER_RIDING_STYLED_ITEM('overriding color',(#13846),#5517,
  #12741);
#13846 = PRESENTATION_STYLE_ASSIGNMENT((#13847));
#13847 = SURFACE_STYLE_USAGE(.BOTH.,#13848);
#13848 = SURFACE_SIDE_STYLE('',(#13849));
#13849 = SURFACE_STYLE_FILL_AREA(#13850);
#13850 = FILL_AREA_STYLE('',(#13851));
#13851 = FILL_AREA_STYLE_COLOUR('',#13395);
#13852 = OVER_RIDING_STYLED_ITEM('overriding color',(#13853),#5529,
  #12741);
#13853 = PRESENTATION_STYLE_ASSIGNMENT((#13854));
#13854 = SURFACE_STYLE_USAGE(.BOTH.,#13855);
#13855 = SURFACE_SIDE_STYLE('',(#13856));
#13856 = SURFACE_STYLE_FILL_AREA(#13857);
#13857 = FILL_AREA_STYLE('',(#13858));
#13858 = FILL_AREA_STYLE_COLOUR('',#13395);
#13859 = OVER_RIDING_STYLED_ITEM('overriding color',(#13860),#5541,
  #12741);
#13860 = PRESENTATION_STYLE_ASSIGNMENT((#13861));
#13861 = SURFACE_STYLE_USAGE(.BOTH.,#13862);
#13862 = SURFACE_SIDE_STYLE('',(#13863));
#13863 = SURFACE_STYLE_FILL_AREA(#13864);
#13864 = FILL_AREA_STYLE('',(#13865));
#13865 = FILL_AREA_STYLE_COLOUR('',#13395);
#13866 = OVER_RIDING_STYLED_ITEM('overriding color',(#13867),#5563,
  #12741);
#13867 = PRESENTATION_STYLE_ASSIGNMENT((#13868));
#13868 = SURFACE_STYLE_USAGE(.BOTH.,#13869);
#13869 = SURFACE_SIDE_STYLE('',(#13870));
#13870 = SURFACE_STYLE_FILL_AREA(#13871);
#13871 = FILL_AREA_STYLE('',(#13872));
#13872 = FILL_AREA_STYLE_COLOUR('',#13395);
#13873 = OVER_RIDING_STYLED_ITEM('overriding color',(#13874),#5580,
  #12741);
#13874 = PRESENTATION_STYLE_ASSIGNMENT((#13875));
#13875 = SURFACE_STYLE_USAGE(.BOTH.,#13876);
#13876 = SURFACE_SIDE_STYLE('',(#13877));
#13877 = SURFACE_STYLE_FILL_AREA(#13878);
#13878 = FILL_AREA_STYLE('',(#13879));
#13879 = FILL_AREA_STYLE_COLOUR('',#13395);
#13880 = OVER_RIDING_STYLED_ITEM('overriding color',(#13881),#5597,
  #12741);
#13881 = PRESENTATION_STYLE_ASSIGNMENT((#13882));
#13882 = SURFACE_STYLE_USAGE(.BOTH.,#13883);
#13883 = SURFACE_SIDE_STYLE('',(#13884));
#13884 = SURFACE_STYLE_FILL_AREA(#13885);
#13885 = FILL_AREA_STYLE('',(#13886));
#13886 = FILL_AREA_STYLE_COLOUR('',#13395);
#13887 = OVER_RIDING_STYLED_ITEM('overriding color',(#13888),#5619,
  #12741);
#13888 = PRESENTATION_STYLE_ASSIGNMENT((#13889));
#13889 = SURFACE_STYLE_USAGE(.BOTH.,#13890);
#13890 = SURFACE_SIDE_STYLE('',(#13891));
#13891 = SURFACE_STYLE_FILL_AREA(#13892);
#13892 = FILL_AREA_STYLE('',(#13893));
#13893 = FILL_AREA_STYLE_COLOUR('',#13395);
#13894 = OVER_RIDING_STYLED_ITEM('overriding color',(#13895),#5631,
  #12741);
#13895 = PRESENTATION_STYLE_ASSIGNMENT((#13896));
#13896 = SURFACE_STYLE_USAGE(.BOTH.,#13897);
#13897 = SURFACE_SIDE_STYLE('',(#13898));
#13898 = SURFACE_STYLE_FILL_AREA(#13899);
#13899 = FILL_AREA_STYLE('',(#13900));
#13900 = FILL_AREA_STYLE_COLOUR('',#13395);
#13901 = OVER_RIDING_STYLED_ITEM('overriding color',(#13902),#5648,
  #12741);
#13902 = PRESENTATION_STYLE_ASSIGNMENT((#13903));
#13903 = SURFACE_STYLE_USAGE(.BOTH.,#13904);
#13904 = SURFACE_SIDE_STYLE('',(#13905));
#13905 = SURFACE_STYLE_FILL_AREA(#13906);
#13906 = FILL_AREA_STYLE('',(#13907));
#13907 = FILL_AREA_STYLE_COLOUR('',#13395);
#13908 = OVER_RIDING_STYLED_ITEM('overriding color',(#13909),#5660,
  #12741);
#13909 = PRESENTATION_STYLE_ASSIGNMENT((#13910));
#13910 = SURFACE_STYLE_USAGE(.BOTH.,#13911);
#13911 = SURFACE_SIDE_STYLE('',(#13912));
#13912 = SURFACE_STYLE_FILL_AREA(#13913);
#13913 = FILL_AREA_STYLE('',(#13914));
#13914 = FILL_AREA_STYLE_COLOUR('',#13395);
#13915 = OVER_RIDING_STYLED_ITEM('overriding color',(#13916),#5710,
  #12741);
#13916 = PRESENTATION_STYLE_ASSIGNMENT((#13917));
#13917 = SURFACE_STYLE_USAGE(.BOTH.,#13918);
#13918 = SURFACE_SIDE_STYLE('',(#13919));
#13919 = SURFACE_STYLE_FILL_AREA(#13920);
#13920 = FILL_AREA_STYLE('',(#13921));
#13921 = FILL_AREA_STYLE_COLOUR('',#13395);
#13922 = OVER_RIDING_STYLED_ITEM('overriding color',(#13923),#5778,
  #12741);
#13923 = PRESENTATION_STYLE_ASSIGNMENT((#13924));
#13924 = SURFACE_STYLE_USAGE(.BOTH.,#13925);
#13925 = SURFACE_SIDE_STYLE('',(#13926));
#13926 = SURFACE_STYLE_FILL_AREA(#13927);
#13927 = FILL_AREA_STYLE('',(#13928));
#13928 = FILL_AREA_STYLE_COLOUR('',#13395);
#13929 = OVER_RIDING_STYLED_ITEM('overriding color',(#13930),#5795,
  #12741);
#13930 = PRESENTATION_STYLE_ASSIGNMENT((#13931));
#13931 = SURFACE_STYLE_USAGE(.BOTH.,#13932);
#13932 = SURFACE_SIDE_STYLE('',(#13933));
#13933 = SURFACE_STYLE_FILL_AREA(#13934);
#13934 = FILL_AREA_STYLE('',(#13935));
#13935 = FILL_AREA_STYLE_COLOUR('',#13395);
#13936 = OVER_RIDING_STYLED_ITEM('overriding color',(#13937),#5845,
  #12741);
#13937 = PRESENTATION_STYLE_ASSIGNMENT((#13938));
#13938 = SURFACE_STYLE_USAGE(.BOTH.,#13939);
#13939 = SURFACE_SIDE_STYLE('',(#13940));
#13940 = SURFACE_STYLE_FILL_AREA(#13941);
#13941 = FILL_AREA_STYLE('',(#13942));
#13942 = FILL_AREA_STYLE_COLOUR('',#13395);
#13943 = OVER_RIDING_STYLED_ITEM('overriding color',(#13944),#5862,
  #12741);
#13944 = PRESENTATION_STYLE_ASSIGNMENT((#13945));
#13945 = SURFACE_STYLE_USAGE(.BOTH.,#13946);
#13946 = SURFACE_SIDE_STYLE('',(#13947));
#13947 = SURFACE_STYLE_FILL_AREA(#13948);
#13948 = FILL_AREA_STYLE('',(#13949));
#13949 = FILL_AREA_STYLE_COLOUR('',#13395);
#13950 = OVER_RIDING_STYLED_ITEM('overriding color',(#13951),#5932,
  #12741);
#13951 = PRESENTATION_STYLE_ASSIGNMENT((#13952));
#13952 = SURFACE_STYLE_USAGE(.BOTH.,#13953);
#13953 = SURFACE_SIDE_STYLE('',(#13954));
#13954 = SURFACE_STYLE_FILL_AREA(#13955);
#13955 = FILL_AREA_STYLE('',(#13956));
#13956 = FILL_AREA_STYLE_COLOUR('',#13395);
#13957 = OVER_RIDING_STYLED_ITEM('overriding color',(#13958),#5958,
  #12741);
#13958 = PRESENTATION_STYLE_ASSIGNMENT((#13959));
#13959 = SURFACE_STYLE_USAGE(.BOTH.,#13960);
#13960 = SURFACE_SIDE_STYLE('',(#13961));
#13961 = SURFACE_STYLE_FILL_AREA(#13962);
#13962 = FILL_AREA_STYLE('',(#13963));
#13963 = FILL_AREA_STYLE_COLOUR('',#13395);
#13964 = OVER_RIDING_STYLED_ITEM('overriding color',(#13965),#6012,
  #12741);
#13965 = PRESENTATION_STYLE_ASSIGNMENT((#13966));
#13966 = SURFACE_STYLE_USAGE(.BOTH.,#13967);
#13967 = SURFACE_SIDE_STYLE('',(#13968));
#13968 = SURFACE_STYLE_FILL_AREA(#13969);
#13969 = FILL_AREA_STYLE('',(#13970));
#13970 = FILL_AREA_STYLE_COLOUR('',#13395);
#13971 = OVER_RIDING_STYLED_ITEM('overriding color',(#13972),#6069,
  #12741);
#13972 = PRESENTATION_STYLE_ASSIGNMENT((#13973));
#13973 = SURFACE_STYLE_USAGE(.BOTH.,#13974);
#13974 = SURFACE_SIDE_STYLE('',(#13975));
#13975 = SURFACE_STYLE_FILL_AREA(#13976);
#13976 = FILL_AREA_STYLE('',(#13977));
#13977 = FILL_AREA_STYLE_COLOUR('',#13395);
#13978 = OVER_RIDING_STYLED_ITEM('overriding color',(#13979),#6108,
  #12741);
#13979 = PRESENTATION_STYLE_ASSIGNMENT((#13980));
#13980 = SURFACE_STYLE_USAGE(.BOTH.,#13981);
#13981 = SURFACE_SIDE_STYLE('',(#13982));
#13982 = SURFACE_STYLE_FILL_AREA(#13983);
#13983 = FILL_AREA_STYLE('',(#13984));
#13984 = FILL_AREA_STYLE_COLOUR('',#13395);
#13985 = OVER_RIDING_STYLED_ITEM('overriding color',(#13986),#6126,
  #12741);
#13986 = PRESENTATION_STYLE_ASSIGNMENT((#13987));
#13987 = SURFACE_STYLE_USAGE(.BOTH.,#13988);
#13988 = SURFACE_SIDE_STYLE('',(#13989));
#13989 = SURFACE_STYLE_FILL_AREA(#13990);
#13990 = FILL_AREA_STYLE('',(#13991));
#13991 = FILL_AREA_STYLE_COLOUR('',#13395);
#13992 = OVER_RIDING_STYLED_ITEM('overriding color',(#13993),#6156,
  #12741);
#13993 = PRESENTATION_STYLE_ASSIGNMENT((#13994));
#13994 = SURFACE_STYLE_USAGE(.BOTH.,#13995);
#13995 = SURFACE_SIDE_STYLE('',(#13996));
#13996 = SURFACE_STYLE_FILL_AREA(#13997);
#13997 = FILL_AREA_STYLE('',(#13998));
#13998 = FILL_AREA_STYLE_COLOUR('',#13395);
#13999 = OVER_RIDING_STYLED_ITEM('overriding color',(#14000),#6239,
  #12741);
#14000 = PRESENTATION_STYLE_ASSIGNMENT((#14001));
#14001 = SURFACE_STYLE_USAGE(.BOTH.,#14002);
#14002 = SURFACE_SIDE_STYLE('',(#14003));
#14003 = SURFACE_STYLE_FILL_AREA(#14004);
#14004 = FILL_AREA_STYLE('',(#14005));
#14005 = FILL_AREA_STYLE_COLOUR('',#13395);
#14006 = OVER_RIDING_STYLED_ITEM('overriding color',(#14007),#6322,
  #12741);
#14007 = PRESENTATION_STYLE_ASSIGNMENT((#14008));
#14008 = SURFACE_STYLE_USAGE(.BOTH.,#14009);
#14009 = SURFACE_SIDE_STYLE('',(#14010));
#14010 = SURFACE_STYLE_FILL_AREA(#14011);
#14011 = FILL_AREA_STYLE('',(#14012));
#14012 = FILL_AREA_STYLE_COLOUR('',#13395);
#14013 = OVER_RIDING_STYLED_ITEM('overriding color',(#14014),#6364,
  #12741);
#14014 = PRESENTATION_STYLE_ASSIGNMENT((#14015));
#14015 = SURFACE_STYLE_USAGE(.BOTH.,#14016);
#14016 = SURFACE_SIDE_STYLE('',(#14017));
#14017 = SURFACE_STYLE_FILL_AREA(#14018);
#14018 = FILL_AREA_STYLE('',(#14019));
#14019 = FILL_AREA_STYLE_COLOUR('',#13395);
#14020 = OVER_RIDING_STYLED_ITEM('overriding color',(#14021),#6388,
  #12741);
#14021 = PRESENTATION_STYLE_ASSIGNMENT((#14022));
#14022 = SURFACE_STYLE_USAGE(.BOTH.,#14023);
#14023 = SURFACE_SIDE_STYLE('',(#14024));
#14024 = SURFACE_STYLE_FILL_AREA(#14025);
#14025 = FILL_AREA_STYLE('',(#14026));
#14026 = FILL_AREA_STYLE_COLOUR('',#13395);
#14027 = OVER_RIDING_STYLED_ITEM('overriding color',(#14028),#6422,
  #12741);
#14028 = PRESENTATION_STYLE_ASSIGNMENT((#14029));
#14029 = SURFACE_STYLE_USAGE(.BOTH.,#14030);
#14030 = SURFACE_SIDE_STYLE('',(#14031));
#14031 = SURFACE_STYLE_FILL_AREA(#14032);
#14032 = FILL_AREA_STYLE('',(#14033));
#14033 = FILL_AREA_STYLE_COLOUR('',#13395);
#14034 = OVER_RIDING_STYLED_ITEM('overriding color',(#14035),#6464,
  #12741);
#14035 = PRESENTATION_STYLE_ASSIGNMENT((#14036));
#14036 = SURFACE_STYLE_USAGE(.BOTH.,#14037);
#14037 = SURFACE_SIDE_STYLE('',(#14038));
#14038 = SURFACE_STYLE_FILL_AREA(#14039);
#14039 = FILL_AREA_STYLE('',(#14040));
#14040 = FILL_AREA_STYLE_COLOUR('',#13395);
#14041 = OVER_RIDING_STYLED_ITEM('overriding color',(#14042),#6498,
  #12741);
#14042 = PRESENTATION_STYLE_ASSIGNMENT((#14043));
#14043 = SURFACE_STYLE_USAGE(.BOTH.,#14044);
#14044 = SURFACE_SIDE_STYLE('',(#14045));
#14045 = SURFACE_STYLE_FILL_AREA(#14046);
#14046 = FILL_AREA_STYLE('',(#14047));
#14047 = FILL_AREA_STYLE_COLOUR('',#13395);
#14048 = OVER_RIDING_STYLED_ITEM('overriding color',(#14049),#6553,
  #12741);
#14049 = PRESENTATION_STYLE_ASSIGNMENT((#14050));
#14050 = SURFACE_STYLE_USAGE(.BOTH.,#14051);
#14051 = SURFACE_SIDE_STYLE('',(#14052));
#14052 = SURFACE_STYLE_FILL_AREA(#14053);
#14053 = FILL_AREA_STYLE('',(#14054));
#14054 = FILL_AREA_STYLE_COLOUR('',#13395);
#14055 = OVER_RIDING_STYLED_ITEM('overriding color',(#14056),#6595,
  #12741);
#14056 = PRESENTATION_STYLE_ASSIGNMENT((#14057));
#14057 = SURFACE_STYLE_USAGE(.BOTH.,#14058);
#14058 = SURFACE_SIDE_STYLE('',(#14059));
#14059 = SURFACE_STYLE_FILL_AREA(#14060);
#14060 = FILL_AREA_STYLE('',(#14061));
#14061 = FILL_AREA_STYLE_COLOUR('',#13395);
#14062 = OVER_RIDING_STYLED_ITEM('overriding color',(#14063),#6644,
  #12741);
#14063 = PRESENTATION_STYLE_ASSIGNMENT((#14064));
#14064 = SURFACE_STYLE_USAGE(.BOTH.,#14065);
#14065 = SURFACE_SIDE_STYLE('',(#14066));
#14066 = SURFACE_STYLE_FILL_AREA(#14067);
#14067 = FILL_AREA_STYLE('',(#14068));
#14068 = FILL_AREA_STYLE_COLOUR('',#13395);
#14069 = OVER_RIDING_STYLED_ITEM('overriding color',(#14070),#6661,
  #12741);
#14070 = PRESENTATION_STYLE_ASSIGNMENT((#14071));
#14071 = SURFACE_STYLE_USAGE(.BOTH.,#14072);
#14072 = SURFACE_SIDE_STYLE('',(#14073));
#14073 = SURFACE_STYLE_FILL_AREA(#14074);
#14074 = FILL_AREA_STYLE('',(#14075));
#14075 = FILL_AREA_STYLE_COLOUR('',#13395);
#14076 = OVER_RIDING_STYLED_ITEM('overriding color',(#14077),#6700,
  #12741);
#14077 = PRESENTATION_STYLE_ASSIGNMENT((#14078));
#14078 = SURFACE_STYLE_USAGE(.BOTH.,#14079);
#14079 = SURFACE_SIDE_STYLE('',(#14080));
#14080 = SURFACE_STYLE_FILL_AREA(#14081);
#14081 = FILL_AREA_STYLE('',(#14082));
#14082 = FILL_AREA_STYLE_COLOUR('',#13395);
#14083 = OVER_RIDING_STYLED_ITEM('overriding color',(#14084),#6725,
  #12741);
#14084 = PRESENTATION_STYLE_ASSIGNMENT((#14085));
#14085 = SURFACE_STYLE_USAGE(.BOTH.,#14086);
#14086 = SURFACE_SIDE_STYLE('',(#14087));
#14087 = SURFACE_STYLE_FILL_AREA(#14088);
#14088 = FILL_AREA_STYLE('',(#14089));
#14089 = FILL_AREA_STYLE_COLOUR('',#13395);
#14090 = OVER_RIDING_STYLED_ITEM('overriding color',(#14091),#6774,
  #12741);
#14091 = PRESENTATION_STYLE_ASSIGNMENT((#14092));
#14092 = SURFACE_STYLE_USAGE(.BOTH.,#14093);
#14093 = SURFACE_SIDE_STYLE('',(#14094));
#14094 = SURFACE_STYLE_FILL_AREA(#14095);
#14095 = FILL_AREA_STYLE('',(#14096));
#14096 = FILL_AREA_STYLE_COLOUR('',#13395);
#14097 = OVER_RIDING_STYLED_ITEM('overriding color',(#14098),#6816,
  #12741);
#14098 = PRESENTATION_STYLE_ASSIGNMENT((#14099));
#14099 = SURFACE_STYLE_USAGE(.BOTH.,#14100);
#14100 = SURFACE_SIDE_STYLE('',(#14101));
#14101 = SURFACE_STYLE_FILL_AREA(#14102);
#14102 = FILL_AREA_STYLE('',(#14103));
#14103 = FILL_AREA_STYLE_COLOUR('',#13395);
#14104 = OVER_RIDING_STYLED_ITEM('overriding color',(#14105),#6885,
  #12741);
#14105 = PRESENTATION_STYLE_ASSIGNMENT((#14106));
#14106 = SURFACE_STYLE_USAGE(.BOTH.,#14107);
#14107 = SURFACE_SIDE_STYLE('',(#14108));
#14108 = SURFACE_STYLE_FILL_AREA(#14109);
#14109 = FILL_AREA_STYLE('',(#14110));
#14110 = FILL_AREA_STYLE_COLOUR('',#13395);
#14111 = OVER_RIDING_STYLED_ITEM('overriding color',(#14112),#6897,
  #12741);
#14112 = PRESENTATION_STYLE_ASSIGNMENT((#14113));
#14113 = SURFACE_STYLE_USAGE(.BOTH.,#14114);
#14114 = SURFACE_SIDE_STYLE('',(#14115));
#14115 = SURFACE_STYLE_FILL_AREA(#14116);
#14116 = FILL_AREA_STYLE('',(#14117));
#14117 = FILL_AREA_STYLE_COLOUR('',#13395);
#14118 = OVER_RIDING_STYLED_ITEM('overriding color',(#14119),#6922,
  #12741);
#14119 = PRESENTATION_STYLE_ASSIGNMENT((#14120));
#14120 = SURFACE_STYLE_USAGE(.BOTH.,#14121);
#14121 = SURFACE_SIDE_STYLE('',(#14122));
#14122 = SURFACE_STYLE_FILL_AREA(#14123);
#14123 = FILL_AREA_STYLE('',(#14124));
#14124 = FILL_AREA_STYLE_COLOUR('',#13395);
#14125 = OVER_RIDING_STYLED_ITEM('overriding color',(#14126),#6940,
  #12741);
#14126 = PRESENTATION_STYLE_ASSIGNMENT((#14127));
#14127 = SURFACE_STYLE_USAGE(.BOTH.,#14128);
#14128 = SURFACE_SIDE_STYLE('',(#14129));
#14129 = SURFACE_STYLE_FILL_AREA(#14130);
#14130 = FILL_AREA_STYLE('',(#14131));
#14131 = FILL_AREA_STYLE_COLOUR('',#13395);
#14132 = OVER_RIDING_STYLED_ITEM('overriding color',(#14133),#7000,
  #12741);
#14133 = PRESENTATION_STYLE_ASSIGNMENT((#14134));
#14134 = SURFACE_STYLE_USAGE(.BOTH.,#14135);
#14135 = SURFACE_SIDE_STYLE('',(#14136));
#14136 = SURFACE_STYLE_FILL_AREA(#14137);
#14137 = FILL_AREA_STYLE('',(#14138));
#14138 = FILL_AREA_STYLE_COLOUR('',#13395);
#14139 = OVER_RIDING_STYLED_ITEM('overriding color',(#14140),#7054,
  #12741);
#14140 = PRESENTATION_STYLE_ASSIGNMENT((#14141));
#14141 = SURFACE_STYLE_USAGE(.BOTH.,#14142);
#14142 = SURFACE_SIDE_STYLE('',(#14143));
#14143 = SURFACE_STYLE_FILL_AREA(#14144);
#14144 = FILL_AREA_STYLE('',(#14145));
#14145 = FILL_AREA_STYLE_COLOUR('',#13395);
#14146 = OVER_RIDING_STYLED_ITEM('overriding color',(#14147),#7080,
  #12741);
#14147 = PRESENTATION_STYLE_ASSIGNMENT((#14148));
#14148 = SURFACE_STYLE_USAGE(.BOTH.,#14149);
#14149 = SURFACE_SIDE_STYLE('',(#14150));
#14150 = SURFACE_STYLE_FILL_AREA(#14151);
#14151 = FILL_AREA_STYLE('',(#14152));
#14152 = FILL_AREA_STYLE_COLOUR('',#13395);
#14153 = OVER_RIDING_STYLED_ITEM('overriding color',(#14154),#7115,
  #12741);
#14154 = PRESENTATION_STYLE_ASSIGNMENT((#14155));
#14155 = SURFACE_STYLE_USAGE(.BOTH.,#14156);
#14156 = SURFACE_SIDE_STYLE('',(#14157));
#14157 = SURFACE_STYLE_FILL_AREA(#14158);
#14158 = FILL_AREA_STYLE('',(#14159));
#14159 = FILL_AREA_STYLE_COLOUR('',#13395);
#14160 = OVER_RIDING_STYLED_ITEM('overriding color',(#14161),#7154,
  #12741);
#14161 = PRESENTATION_STYLE_ASSIGNMENT((#14162));
#14162 = SURFACE_STYLE_USAGE(.BOTH.,#14163);
#14163 = SURFACE_SIDE_STYLE('',(#14164));
#14164 = SURFACE_STYLE_FILL_AREA(#14165);
#14165 = FILL_AREA_STYLE('',(#14166));
#14166 = FILL_AREA_STYLE_COLOUR('',#13395);
#14167 = OVER_RIDING_STYLED_ITEM('overriding color',(#14168),#7172,
  #12741);
#14168 = PRESENTATION_STYLE_ASSIGNMENT((#14169));
#14169 = SURFACE_STYLE_USAGE(.BOTH.,#14170);
#14170 = SURFACE_SIDE_STYLE('',(#14171));
#14171 = SURFACE_STYLE_FILL_AREA(#14172);
#14172 = FILL_AREA_STYLE('',(#14173));
#14173 = FILL_AREA_STYLE_COLOUR('',#13395);
#14174 = OVER_RIDING_STYLED_ITEM('overriding color',(#14175),#7205,
  #12741);
#14175 = PRESENTATION_STYLE_ASSIGNMENT((#14176));
#14176 = SURFACE_STYLE_USAGE(.BOTH.,#14177);
#14177 = SURFACE_SIDE_STYLE('',(#14178));
#14178 = SURFACE_STYLE_FILL_AREA(#14179);
#14179 = FILL_AREA_STYLE('',(#14180));
#14180 = FILL_AREA_STYLE_COLOUR('',#13395);
#14181 = OVER_RIDING_STYLED_ITEM('overriding color',(#14182),#7261,
  #12741);
#14182 = PRESENTATION_STYLE_ASSIGNMENT((#14183));
#14183 = SURFACE_STYLE_USAGE(.BOTH.,#14184);
#14184 = SURFACE_SIDE_STYLE('',(#14185));
#14185 = SURFACE_STYLE_FILL_AREA(#14186);
#14186 = FILL_AREA_STYLE('',(#14187));
#14187 = FILL_AREA_STYLE_COLOUR('',#13395);
#14188 = OVER_RIDING_STYLED_ITEM('overriding color',(#14189),#7334,
  #12741);
#14189 = PRESENTATION_STYLE_ASSIGNMENT((#14190));
#14190 = SURFACE_STYLE_USAGE(.BOTH.,#14191);
#14191 = SURFACE_SIDE_STYLE('',(#14192));
#14192 = SURFACE_STYLE_FILL_AREA(#14193);
#14193 = FILL_AREA_STYLE('',(#14194));
#14194 = FILL_AREA_STYLE_COLOUR('',#13395);
#14195 = OVER_RIDING_STYLED_ITEM('overriding color',(#14196),#7380,
  #12741);
#14196 = PRESENTATION_STYLE_ASSIGNMENT((#14197));
#14197 = SURFACE_STYLE_USAGE(.BOTH.,#14198);
#14198 = SURFACE_SIDE_STYLE('',(#14199));
#14199 = SURFACE_STYLE_FILL_AREA(#14200);
#14200 = FILL_AREA_STYLE('',(#14201));
#14201 = FILL_AREA_STYLE_COLOUR('',#13395);
#14202 = OVER_RIDING_STYLED_ITEM('overriding color',(#14203),#7441,
  #12741);
#14203 = PRESENTATION_STYLE_ASSIGNMENT((#14204));
#14204 = SURFACE_STYLE_USAGE(.BOTH.,#14205);
#14205 = SURFACE_SIDE_STYLE('',(#14206));
#14206 = SURFACE_STYLE_FILL_AREA(#14207);
#14207 = FILL_AREA_STYLE('',(#14208));
#14208 = FILL_AREA_STYLE_COLOUR('',#13395);
#14209 = OVER_RIDING_STYLED_ITEM('overriding color',(#14210),#7466,
  #12741);
#14210 = PRESENTATION_STYLE_ASSIGNMENT((#14211));
#14211 = SURFACE_STYLE_USAGE(.BOTH.,#14212);
#14212 = SURFACE_SIDE_STYLE('',(#14213));
#14213 = SURFACE_STYLE_FILL_AREA(#14214);
#14214 = FILL_AREA_STYLE('',(#14215));
#14215 = FILL_AREA_STYLE_COLOUR('',#13395);
#14216 = OVER_RIDING_STYLED_ITEM('overriding color',(#14217),#7515,
  #12741);
#14217 = PRESENTATION_STYLE_ASSIGNMENT((#14218));
#14218 = SURFACE_STYLE_USAGE(.BOTH.,#14219);
#14219 = SURFACE_SIDE_STYLE('',(#14220));
#14220 = SURFACE_STYLE_FILL_AREA(#14221);
#14221 = FILL_AREA_STYLE('',(#14222));
#14222 = FILL_AREA_STYLE_COLOUR('',#13395);
#14223 = OVER_RIDING_STYLED_ITEM('overriding color',(#14224),#7533,
  #12741);
#14224 = PRESENTATION_STYLE_ASSIGNMENT((#14225));
#14225 = SURFACE_STYLE_USAGE(.BOTH.,#14226);
#14226 = SURFACE_SIDE_STYLE('',(#14227));
#14227 = SURFACE_STYLE_FILL_AREA(#14228);
#14228 = FILL_AREA_STYLE('',(#14229));
#14229 = FILL_AREA_STYLE_COLOUR('',#13395);
#14230 = OVER_RIDING_STYLED_ITEM('overriding color',(#14231),#7588,
  #12741);
#14231 = PRESENTATION_STYLE_ASSIGNMENT((#14232));
#14232 = SURFACE_STYLE_USAGE(.BOTH.,#14233);
#14233 = SURFACE_SIDE_STYLE('',(#14234));
#14234 = SURFACE_STYLE_FILL_AREA(#14235);
#14235 = FILL_AREA_STYLE('',(#14236));
#14236 = FILL_AREA_STYLE_COLOUR('',#13395);
#14237 = OVER_RIDING_STYLED_ITEM('overriding color',(#14238),#7621,
  #12741);
#14238 = PRESENTATION_STYLE_ASSIGNMENT((#14239));
#14239 = SURFACE_STYLE_USAGE(.BOTH.,#14240);
#14240 = SURFACE_SIDE_STYLE('',(#14241));
#14241 = SURFACE_STYLE_FILL_AREA(#14242);
#14242 = FILL_AREA_STYLE('',(#14243));
#14243 = FILL_AREA_STYLE_COLOUR('',#13395);
#14244 = OVER_RIDING_STYLED_ITEM('overriding color',(#14245),#7678,
  #12741);
#14245 = PRESENTATION_STYLE_ASSIGNMENT((#14246));
#14246 = SURFACE_STYLE_USAGE(.BOTH.,#14247);
#14247 = SURFACE_SIDE_STYLE('',(#14248));
#14248 = SURFACE_STYLE_FILL_AREA(#14249);
#14249 = FILL_AREA_STYLE('',(#14250));
#14250 = FILL_AREA_STYLE_COLOUR('',#13395);
#14251 = OVER_RIDING_STYLED_ITEM('overriding color',(#14252),#7700,
  #12741);
#14252 = PRESENTATION_STYLE_ASSIGNMENT((#14253));
#14253 = SURFACE_STYLE_USAGE(.BOTH.,#14254);
#14254 = SURFACE_SIDE_STYLE('',(#14255));
#14255 = SURFACE_STYLE_FILL_AREA(#14256);
#14256 = FILL_AREA_STYLE('',(#14257));
#14257 = FILL_AREA_STYLE_COLOUR('',#13395);
#14258 = OVER_RIDING_STYLED_ITEM('overriding color',(#14259),#7722,
  #12741);
#14259 = PRESENTATION_STYLE_ASSIGNMENT((#14260));
#14260 = SURFACE_STYLE_USAGE(.BOTH.,#14261);
#14261 = SURFACE_SIDE_STYLE('',(#14262));
#14262 = SURFACE_STYLE_FILL_AREA(#14263);
#14263 = FILL_AREA_STYLE('',(#14264));
#14264 = FILL_AREA_STYLE_COLOUR('',#13395);
#14265 = OVER_RIDING_STYLED_ITEM('overriding color',(#14266),#7739,
  #12741);
#14266 = PRESENTATION_STYLE_ASSIGNMENT((#14267));
#14267 = SURFACE_STYLE_USAGE(.BOTH.,#14268);
#14268 = SURFACE_SIDE_STYLE('',(#14269));
#14269 = SURFACE_STYLE_FILL_AREA(#14270);
#14270 = FILL_AREA_STYLE('',(#14271));
#14271 = FILL_AREA_STYLE_COLOUR('',#13395);
#14272 = OVER_RIDING_STYLED_ITEM('overriding color',(#14273),#7756,
  #12741);
#14273 = PRESENTATION_STYLE_ASSIGNMENT((#14274));
#14274 = SURFACE_STYLE_USAGE(.BOTH.,#14275);
#14275 = SURFACE_SIDE_STYLE('',(#14276));
#14276 = SURFACE_STYLE_FILL_AREA(#14277);
#14277 = FILL_AREA_STYLE('',(#14278));
#14278 = FILL_AREA_STYLE_COLOUR('',#13395);
#14279 = OVER_RIDING_STYLED_ITEM('overriding color',(#14280),#7774,
  #12741);
#14280 = PRESENTATION_STYLE_ASSIGNMENT((#14281));
#14281 = SURFACE_STYLE_USAGE(.BOTH.,#14282);
#14282 = SURFACE_SIDE_STYLE('',(#14283));
#14283 = SURFACE_STYLE_FILL_AREA(#14284);
#14284 = FILL_AREA_STYLE('',(#14285));
#14285 = FILL_AREA_STYLE_COLOUR('',#13395);
#14286 = OVER_RIDING_STYLED_ITEM('overriding color',(#14287),#7791,
  #12741);
#14287 = PRESENTATION_STYLE_ASSIGNMENT((#14288));
#14288 = SURFACE_STYLE_USAGE(.BOTH.,#14289);
#14289 = SURFACE_SIDE_STYLE('',(#14290));
#14290 = SURFACE_STYLE_FILL_AREA(#14291);
#14291 = FILL_AREA_STYLE('',(#14292));
#14292 = FILL_AREA_STYLE_COLOUR('',#13395);
#14293 = OVER_RIDING_STYLED_ITEM('overriding color',(#14294),#7803,
  #12741);
#14294 = PRESENTATION_STYLE_ASSIGNMENT((#14295));
#14295 = SURFACE_STYLE_USAGE(.BOTH.,#14296);
#14296 = SURFACE_SIDE_STYLE('',(#14297));
#14297 = SURFACE_STYLE_FILL_AREA(#14298);
#14298 = FILL_AREA_STYLE('',(#14299));
#14299 = FILL_AREA_STYLE_COLOUR('',#13395);
#14300 = OVER_RIDING_STYLED_ITEM('overriding color',(#14301),#7815,
  #12741);
#14301 = PRESENTATION_STYLE_ASSIGNMENT((#14302));
#14302 = SURFACE_STYLE_USAGE(.BOTH.,#14303);
#14303 = SURFACE_SIDE_STYLE('',(#14304));
#14304 = SURFACE_STYLE_FILL_AREA(#14305);
#14305 = FILL_AREA_STYLE('',(#14306));
#14306 = FILL_AREA_STYLE_COLOUR('',#13395);
#14307 = OVER_RIDING_STYLED_ITEM('overriding color',(#14308),#7830,
  #12741);
#14308 = PRESENTATION_STYLE_ASSIGNMENT((#14309));
#14309 = SURFACE_STYLE_USAGE(.BOTH.,#14310);
#14310 = SURFACE_SIDE_STYLE('',(#14311));
#14311 = SURFACE_STYLE_FILL_AREA(#14312);
#14312 = FILL_AREA_STYLE('',(#14313));
#14313 = FILL_AREA_STYLE_COLOUR('',#13431);
#14314 = OVER_RIDING_STYLED_ITEM('overriding color',(#14315),#7862,
  #12741);
#14315 = PRESENTATION_STYLE_ASSIGNMENT((#14316));
#14316 = SURFACE_STYLE_USAGE(.BOTH.,#14317);
#14317 = SURFACE_SIDE_STYLE('',(#14318));
#14318 = SURFACE_STYLE_FILL_AREA(#14319);
#14319 = FILL_AREA_STYLE('',(#14320));
#14320 = FILL_AREA_STYLE_COLOUR('',#13431);
#14321 = OVER_RIDING_STYLED_ITEM('overriding color',(#14322),#7887,
  #12741);
#14322 = PRESENTATION_STYLE_ASSIGNMENT((#14323));
#14323 = SURFACE_STYLE_USAGE(.BOTH.,#14324);
#14324 = SURFACE_SIDE_STYLE('',(#14325));
#14325 = SURFACE_STYLE_FILL_AREA(#14326);
#14326 = FILL_AREA_STYLE('',(#14327));
#14327 = FILL_AREA_STYLE_COLOUR('',#13431);
#14328 = OVER_RIDING_STYLED_ITEM('overriding color',(#14329),#7918,
  #12741);
#14329 = PRESENTATION_STYLE_ASSIGNMENT((#14330));
#14330 = SURFACE_STYLE_USAGE(.BOTH.,#14331);
#14331 = SURFACE_SIDE_STYLE('',(#14332));
#14332 = SURFACE_STYLE_FILL_AREA(#14333);
#14333 = FILL_AREA_STYLE('',(#14334));
#14334 = FILL_AREA_STYLE_COLOUR('',#13431);
#14335 = OVER_RIDING_STYLED_ITEM('overriding color',(#14336),#7941,
  #12741);
#14336 = PRESENTATION_STYLE_ASSIGNMENT((#14337));
#14337 = SURFACE_STYLE_USAGE(.BOTH.,#14338);
#14338 = SURFACE_SIDE_STYLE('',(#14339));
#14339 = SURFACE_STYLE_FILL_AREA(#14340);
#14340 = FILL_AREA_STYLE('',(#14341));
#14341 = FILL_AREA_STYLE_COLOUR('',#13431);
#14342 = OVER_RIDING_STYLED_ITEM('overriding color',(#14343),#7958,
  #12741);
#14343 = PRESENTATION_STYLE_ASSIGNMENT((#14344));
#14344 = SURFACE_STYLE_USAGE(.BOTH.,#14345);
#14345 = SURFACE_SIDE_STYLE('',(#14346));
#14346 = SURFACE_STYLE_FILL_AREA(#14347);
#14347 = FILL_AREA_STYLE('',(#14348));
#14348 = FILL_AREA_STYLE_COLOUR('',#13431);
#14349 = OVER_RIDING_STYLED_ITEM('overriding color',(#14350),#7975,
  #12741);
#14350 = PRESENTATION_STYLE_ASSIGNMENT((#14351));
#14351 = SURFACE_STYLE_USAGE(.BOTH.,#14352);
#14352 = SURFACE_SIDE_STYLE('',(#14353));
#14353 = SURFACE_STYLE_FILL_AREA(#14354);
#14354 = FILL_AREA_STYLE('',(#14355));
#14355 = FILL_AREA_STYLE_COLOUR('',#13431);
#14356 = OVER_RIDING_STYLED_ITEM('overriding color',(#14357),#7999,
  #12741);
#14357 = PRESENTATION_STYLE_ASSIGNMENT((#14358));
#14358 = SURFACE_STYLE_USAGE(.BOTH.,#14359);
#14359 = SURFACE_SIDE_STYLE('',(#14360));
#14360 = SURFACE_STYLE_FILL_AREA(#14361);
#14361 = FILL_AREA_STYLE('',(#14362));
#14362 = FILL_AREA_STYLE_COLOUR('',#13431);
#14363 = OVER_RIDING_STYLED_ITEM('overriding color',(#14364),#8041,
  #12741);
#14364 = PRESENTATION_STYLE_ASSIGNMENT((#14365));
#14365 = SURFACE_STYLE_USAGE(.BOTH.,#14366);
#14366 = SURFACE_SIDE_STYLE('',(#14367));
#14367 = SURFACE_STYLE_FILL_AREA(#14368);
#14368 = FILL_AREA_STYLE('',(#14369));
#14369 = FILL_AREA_STYLE_COLOUR('',#13431);
#14370 = OVER_RIDING_STYLED_ITEM('overriding color',(#14371),#8074,
  #12741);
#14371 = PRESENTATION_STYLE_ASSIGNMENT((#14372));
#14372 = SURFACE_STYLE_USAGE(.BOTH.,#14373);
#14373 = SURFACE_SIDE_STYLE('',(#14374));
#14374 = SURFACE_STYLE_FILL_AREA(#14375);
#14375 = FILL_AREA_STYLE('',(#14376));
#14376 = FILL_AREA_STYLE_COLOUR('',#13431);
#14377 = OVER_RIDING_STYLED_ITEM('overriding color',(#14378),#8099,
  #12741);
#14378 = PRESENTATION_STYLE_ASSIGNMENT((#14379));
#14379 = SURFACE_STYLE_USAGE(.BOTH.,#14380);
#14380 = SURFACE_SIDE_STYLE('',(#14381));
#14381 = SURFACE_STYLE_FILL_AREA(#14382);
#14382 = FILL_AREA_STYLE('',(#14383));
#14383 = FILL_AREA_STYLE_COLOUR('',#13431);
#14384 = OVER_RIDING_STYLED_ITEM('overriding color',(#14385),#8133,
  #12741);
#14385 = PRESENTATION_STYLE_ASSIGNMENT((#14386));
#14386 = SURFACE_STYLE_USAGE(.BOTH.,#14387);
#14387 = SURFACE_SIDE_STYLE('',(#14388));
#14388 = SURFACE_STYLE_FILL_AREA(#14389);
#14389 = FILL_AREA_STYLE('',(#14390));
#14390 = FILL_AREA_STYLE_COLOUR('',#13431);
#14391 = OVER_RIDING_STYLED_ITEM('overriding color',(#14392),#8174,
  #12741);
#14392 = PRESENTATION_STYLE_ASSIGNMENT((#14393));
#14393 = SURFACE_STYLE_USAGE(.BOTH.,#14394);
#14394 = SURFACE_SIDE_STYLE('',(#14395));
#14395 = SURFACE_STYLE_FILL_AREA(#14396);
#14396 = FILL_AREA_STYLE('',(#14397));
#14397 = FILL_AREA_STYLE_COLOUR('',#13431);
#14398 = OVER_RIDING_STYLED_ITEM('overriding color',(#14399),#8226,
  #12741);
#14399 = PRESENTATION_STYLE_ASSIGNMENT((#14400));
#14400 = SURFACE_STYLE_USAGE(.BOTH.,#14401);
#14401 = SURFACE_SIDE_STYLE('',(#14402));
#14402 = SURFACE_STYLE_FILL_AREA(#14403);
#14403 = FILL_AREA_STYLE('',(#14404));
#14404 = FILL_AREA_STYLE_COLOUR('',#13431);
#14405 = OVER_RIDING_STYLED_ITEM('overriding color',(#14406),#8247,
  #12741);
#14406 = PRESENTATION_STYLE_ASSIGNMENT((#14407));
#14407 = SURFACE_STYLE_USAGE(.BOTH.,#14408);
#14408 = SURFACE_SIDE_STYLE('',(#14409));
#14409 = SURFACE_STYLE_FILL_AREA(#14410);
#14410 = FILL_AREA_STYLE('',(#14411));
#14411 = FILL_AREA_STYLE_COLOUR('',#13431);
#14412 = OVER_RIDING_STYLED_ITEM('overriding color',(#14413),#8274,
  #12741);
#14413 = PRESENTATION_STYLE_ASSIGNMENT((#14414));
#14414 = SURFACE_STYLE_USAGE(.BOTH.,#14415);
#14415 = SURFACE_SIDE_STYLE('',(#14416));
#14416 = SURFACE_STYLE_FILL_AREA(#14417);
#14417 = FILL_AREA_STYLE('',(#14418));
#14418 = FILL_AREA_STYLE_COLOUR('',#13431);
#14419 = OVER_RIDING_STYLED_ITEM('overriding color',(#14420),#8312,
  #12741);
#14420 = PRESENTATION_STYLE_ASSIGNMENT((#14421));
#14421 = SURFACE_STYLE_USAGE(.BOTH.,#14422);
#14422 = SURFACE_SIDE_STYLE('',(#14423));
#14423 = SURFACE_STYLE_FILL_AREA(#14424);
#14424 = FILL_AREA_STYLE('',(#14425));
#14425 = FILL_AREA_STYLE_COLOUR('',#14426);
#14426 = COLOUR_RGB('',0.333333345507,0.333333345507,0.333333345507);
#14427 = OVER_RIDING_STYLED_ITEM('overriding color',(#14428),#8353,
  #12741);
#14428 = PRESENTATION_STYLE_ASSIGNMENT((#14429));
#14429 = SURFACE_STYLE_USAGE(.BOTH.,#14430);
#14430 = SURFACE_SIDE_STYLE('',(#14431));
#14431 = SURFACE_STYLE_FILL_AREA(#14432);
#14432 = FILL_AREA_STYLE('',(#14433));
#14433 = FILL_AREA_STYLE_COLOUR('',#14426);
#14434 = OVER_RIDING_STYLED_ITEM('overriding color',(#14435),#8378,
  #12741);
#14435 = PRESENTATION_STYLE_ASSIGNMENT((#14436));
#14436 = SURFACE_STYLE_USAGE(.BOTH.,#14437);
#14437 = SURFACE_SIDE_STYLE('',(#14438));
#14438 = SURFACE_STYLE_FILL_AREA(#14439);
#14439 = FILL_AREA_STYLE('',(#14440));
#14440 = FILL_AREA_STYLE_COLOUR('',#14426);
#14441 = OVER_RIDING_STYLED_ITEM('overriding color',(#14442),#8404,
  #12741);
#14442 = PRESENTATION_STYLE_ASSIGNMENT((#14443));
#14443 = SURFACE_STYLE_USAGE(.BOTH.,#14444);
#14444 = SURFACE_SIDE_STYLE('',(#14445));
#14445 = SURFACE_STYLE_FILL_AREA(#14446);
#14446 = FILL_AREA_STYLE('',(#14447));
#14447 = FILL_AREA_STYLE_COLOUR('',#14426);
#14448 = OVER_RIDING_STYLED_ITEM('overriding color',(#14449),#8420,
  #12741);
#14449 = PRESENTATION_STYLE_ASSIGNMENT((#14450));
#14450 = SURFACE_STYLE_USAGE(.BOTH.,#14451);
#14451 = SURFACE_SIDE_STYLE('',(#14452));
#14452 = SURFACE_STYLE_FILL_AREA(#14453);
#14453 = FILL_AREA_STYLE('',(#14454));
#14454 = FILL_AREA_STYLE_COLOUR('',#14426);
#14455 = OVER_RIDING_STYLED_ITEM('overriding color',(#14456),#8429,
  #12741);
#14456 = PRESENTATION_STYLE_ASSIGNMENT((#14457));
#14457 = SURFACE_STYLE_USAGE(.BOTH.,#14458);
#14458 = SURFACE_SIDE_STYLE('',(#14459));
#14459 = SURFACE_STYLE_FILL_AREA(#14460);
#14460 = FILL_AREA_STYLE('',(#14461));
#14461 = FILL_AREA_STYLE_COLOUR('',#14426);
#14462 = OVER_RIDING_STYLED_ITEM('overriding color',(#14463),#8439,
  #12741);
#14463 = PRESENTATION_STYLE_ASSIGNMENT((#14464));
#14464 = SURFACE_STYLE_USAGE(.BOTH.,#14465);
#14465 = SURFACE_SIDE_STYLE('',(#14466));
#14466 = SURFACE_STYLE_FILL_AREA(#14467);
#14467 = FILL_AREA_STYLE('',(#14468));
#14468 = FILL_AREA_STYLE_COLOUR('',#14426);
#14469 = OVER_RIDING_STYLED_ITEM('overriding color',(#14470),#8459,
  #12741);
#14470 = PRESENTATION_STYLE_ASSIGNMENT((#14471));
#14471 = SURFACE_STYLE_USAGE(.BOTH.,#14472);
#14472 = SURFACE_SIDE_STYLE('',(#14473));
#14473 = SURFACE_STYLE_FILL_AREA(#14474);
#14474 = FILL_AREA_STYLE('',(#14475));
#14475 = FILL_AREA_STYLE_COLOUR('',#14476);
#14476 = COLOUR_RGB('',0.847059025451,0.83921598047,0.83921598047);
#14477 = OVER_RIDING_STYLED_ITEM('overriding color',(#14478),#8572,
  #12741);
#14478 = PRESENTATION_STYLE_ASSIGNMENT((#14479));
#14479 = SURFACE_STYLE_USAGE(.BOTH.,#14480);
#14480 = SURFACE_SIDE_STYLE('',(#14481));
#14481 = SURFACE_STYLE_FILL_AREA(#14482);
#14482 = FILL_AREA_STYLE('',(#14483));
#14483 = FILL_AREA_STYLE_COLOUR('',#14476);
#14484 = OVER_RIDING_STYLED_ITEM('overriding color',(#14485),#8603,
  #12741);
#14485 = PRESENTATION_STYLE_ASSIGNMENT((#14486));
#14486 = SURFACE_STYLE_USAGE(.BOTH.,#14487);
#14487 = SURFACE_SIDE_STYLE('',(#14488));
#14488 = SURFACE_STYLE_FILL_AREA(#14489);
#14489 = FILL_AREA_STYLE('',(#14490));
#14490 = FILL_AREA_STYLE_COLOUR('',#14476);
#14491 = OVER_RIDING_STYLED_ITEM('overriding color',(#14492),#8748,
  #12741);
#14492 = PRESENTATION_STYLE_ASSIGNMENT((#14493));
#14493 = SURFACE_STYLE_USAGE(.BOTH.,#14494);
#14494 = SURFACE_SIDE_STYLE('',(#14495));
#14495 = SURFACE_STYLE_FILL_AREA(#14496);
#14496 = FILL_AREA_STYLE('',(#14497));
#14497 = FILL_AREA_STYLE_COLOUR('',#14476);
#14498 = OVER_RIDING_STYLED_ITEM('overriding color',(#14499),#8779,
  #12741);
#14499 = PRESENTATION_STYLE_ASSIGNMENT((#14500));
#14500 = SURFACE_STYLE_USAGE(.BOTH.,#14501);
#14501 = SURFACE_SIDE_STYLE('',(#14502));
#14502 = SURFACE_STYLE_FILL_AREA(#14503);
#14503 = FILL_AREA_STYLE('',(#14504));
#14504 = FILL_AREA_STYLE_COLOUR('',#14476);
#14505 = OVER_RIDING_STYLED_ITEM('overriding color',(#14506),#8858,
  #12741);
#14506 = PRESENTATION_STYLE_ASSIGNMENT((#14507));
#14507 = SURFACE_STYLE_USAGE(.BOTH.,#14508);
#14508 = SURFACE_SIDE_STYLE('',(#14509));
#14509 = SURFACE_STYLE_FILL_AREA(#14510);
#14510 = FILL_AREA_STYLE('',(#14511));
#14511 = FILL_AREA_STYLE_COLOUR('',#14476);
#14512 = OVER_RIDING_STYLED_ITEM('overriding color',(#14513),#8921,
  #12741);
#14513 = PRESENTATION_STYLE_ASSIGNMENT((#14514));
#14514 = SURFACE_STYLE_USAGE(.BOTH.,#14515);
#14515 = SURFACE_SIDE_STYLE('',(#14516));
#14516 = SURFACE_STYLE_FILL_AREA(#14517);
#14517 = FILL_AREA_STYLE('',(#14518));
#14518 = FILL_AREA_STYLE_COLOUR('',#13395);
#14519 = OVER_RIDING_STYLED_ITEM('overriding color',(#14520),#8998,
  #12741);
#14520 = PRESENTATION_STYLE_ASSIGNMENT((#14521));
#14521 = SURFACE_STYLE_USAGE(.BOTH.,#14522);
#14522 = SURFACE_SIDE_STYLE('',(#14523));
#14523 = SURFACE_STYLE_FILL_AREA(#14524);
#14524 = FILL_AREA_STYLE('',(#14525));
#14525 = FILL_AREA_STYLE_COLOUR('',#13395);
#14526 = OVER_RIDING_STYLED_ITEM('overriding color',(#14527),#9022,
  #12741);
#14527 = PRESENTATION_STYLE_ASSIGNMENT((#14528));
#14528 = SURFACE_STYLE_USAGE(.BOTH.,#14529);
#14529 = SURFACE_SIDE_STYLE('',(#14530));
#14530 = SURFACE_STYLE_FILL_AREA(#14531);
#14531 = FILL_AREA_STYLE('',(#14532));
#14532 = FILL_AREA_STYLE_COLOUR('',#13395);
#14533 = OVER_RIDING_STYLED_ITEM('overriding color',(#14534),#9078,
  #12741);
#14534 = PRESENTATION_STYLE_ASSIGNMENT((#14535));
#14535 = SURFACE_STYLE_USAGE(.BOTH.,#14536);
#14536 = SURFACE_SIDE_STYLE('',(#14537));
#14537 = SURFACE_STYLE_FILL_AREA(#14538);
#14538 = FILL_AREA_STYLE('',(#14539));
#14539 = FILL_AREA_STYLE_COLOUR('',#13395);
#14540 = OVER_RIDING_STYLED_ITEM('overriding color',(#14541),#9102,
  #12741);
#14541 = PRESENTATION_STYLE_ASSIGNMENT((#14542));
#14542 = SURFACE_STYLE_USAGE(.BOTH.,#14543);
#14543 = SURFACE_SIDE_STYLE('',(#14544));
#14544 = SURFACE_STYLE_FILL_AREA(#14545);
#14545 = FILL_AREA_STYLE('',(#14546));
#14546 = FILL_AREA_STYLE_COLOUR('',#13395);
#14547 = OVER_RIDING_STYLED_ITEM('overriding color',(#14548),#9111,
  #12741);
#14548 = PRESENTATION_STYLE_ASSIGNMENT((#14549));
#14549 = SURFACE_STYLE_USAGE(.BOTH.,#14550);
#14550 = SURFACE_SIDE_STYLE('',(#14551));
#14551 = SURFACE_STYLE_FILL_AREA(#14552);
#14552 = FILL_AREA_STYLE('',(#14553));
#14553 = FILL_AREA_STYLE_COLOUR('',#13395);
#14554 = OVER_RIDING_STYLED_ITEM('overriding color',(#14555),#9171,
  #12741);
#14555 = PRESENTATION_STYLE_ASSIGNMENT((#14556));
#14556 = SURFACE_STYLE_USAGE(.BOTH.,#14557);
#14557 = SURFACE_SIDE_STYLE('',(#14558));
#14558 = SURFACE_STYLE_FILL_AREA(#14559);
#14559 = FILL_AREA_STYLE('',(#14560));
#14560 = FILL_AREA_STYLE_COLOUR('',#14561);
#14561 = COLOUR_RGB('',0.949019609525,0.925490190256,0.933333342953);
#14562 = OVER_RIDING_STYLED_ITEM('overriding color',(#14563),#9195,
  #12741);
#14563 = PRESENTATION_STYLE_ASSIGNMENT((#14564));
#14564 = SURFACE_STYLE_USAGE(.BOTH.,#14565);
#14565 = SURFACE_SIDE_STYLE('',(#14566));
#14566 = SURFACE_STYLE_FILL_AREA(#14567);
#14567 = FILL_AREA_STYLE('',(#14568));
#14568 = FILL_AREA_STYLE_COLOUR('',#14561);
#14569 = OVER_RIDING_STYLED_ITEM('overriding color',(#14570),#9240,
  #12741);
#14570 = PRESENTATION_STYLE_ASSIGNMENT((#14571));
#14571 = SURFACE_STYLE_USAGE(.BOTH.,#14572);
#14572 = SURFACE_SIDE_STYLE('',(#14573));
#14573 = SURFACE_STYLE_FILL_AREA(#14574);
#14574 = FILL_AREA_STYLE('',(#14575));
#14575 = FILL_AREA_STYLE_COLOUR('',#14561);
#14576 = OVER_RIDING_STYLED_ITEM('overriding color',(#14577),#9265,
  #12741);
#14577 = PRESENTATION_STYLE_ASSIGNMENT((#14578));
#14578 = SURFACE_STYLE_USAGE(.BOTH.,#14579);
#14579 = SURFACE_SIDE_STYLE('',(#14580));
#14580 = SURFACE_STYLE_FILL_AREA(#14581);
#14581 = FILL_AREA_STYLE('',(#14582));
#14582 = FILL_AREA_STYLE_COLOUR('',#14561);
#14583 = OVER_RIDING_STYLED_ITEM('overriding color',(#14584),#9282,
  #12741);
#14584 = PRESENTATION_STYLE_ASSIGNMENT((#14585));
#14585 = SURFACE_STYLE_USAGE(.BOTH.,#14586);
#14586 = SURFACE_SIDE_STYLE('',(#14587));
#14587 = SURFACE_STYLE_FILL_AREA(#14588);
#14588 = FILL_AREA_STYLE('',(#14589));
#14589 = FILL_AREA_STYLE_COLOUR('',#14561);
#14590 = OVER_RIDING_STYLED_ITEM('overriding color',(#14591),#9295,
  #12741);
#14591 = PRESENTATION_STYLE_ASSIGNMENT((#14592));
#14592 = SURFACE_STYLE_USAGE(.BOTH.,#14593);
#14593 = SURFACE_SIDE_STYLE('',(#14594));
#14594 = SURFACE_STYLE_FILL_AREA(#14595);
#14595 = FILL_AREA_STYLE('',(#14596));
#14596 = FILL_AREA_STYLE_COLOUR('',#13395);
#14597 = OVER_RIDING_STYLED_ITEM('overriding color',(#14598),#9381,
  #12741);
#14598 = PRESENTATION_STYLE_ASSIGNMENT((#14599));
#14599 = SURFACE_STYLE_USAGE(.BOTH.,#14600);
#14600 = SURFACE_SIDE_STYLE('',(#14601));
#14601 = SURFACE_STYLE_FILL_AREA(#14602);
#14602 = FILL_AREA_STYLE('',(#14603));
#14603 = FILL_AREA_STYLE_COLOUR('',#13395);
#14604 = OVER_RIDING_STYLED_ITEM('overriding color',(#14605),#9406,
  #12741);
#14605 = PRESENTATION_STYLE_ASSIGNMENT((#14606));
#14606 = SURFACE_STYLE_USAGE(.BOTH.,#14607);
#14607 = SURFACE_SIDE_STYLE('',(#14608));
#14608 = SURFACE_STYLE_FILL_AREA(#14609);
#14609 = FILL_AREA_STYLE('',(#14610));
#14610 = FILL_AREA_STYLE_COLOUR('',#13395);
#14611 = OVER_RIDING_STYLED_ITEM('overriding color',(#14612),#9462,
  #12741);
#14612 = PRESENTATION_STYLE_ASSIGNMENT((#14613));
#14613 = SURFACE_STYLE_USAGE(.BOTH.,#14614);
#14614 = SURFACE_SIDE_STYLE('',(#14615));
#14615 = SURFACE_STYLE_FILL_AREA(#14616);
#14616 = FILL_AREA_STYLE('',(#14617));
#14617 = FILL_AREA_STYLE_COLOUR('',#13395);
#14618 = OVER_RIDING_STYLED_ITEM('overriding color',(#14619),#9486,
  #12741);
#14619 = PRESENTATION_STYLE_ASSIGNMENT((#14620));
#14620 = SURFACE_STYLE_USAGE(.BOTH.,#14621);
#14621 = SURFACE_SIDE_STYLE('',(#14622));
#14622 = SURFACE_STYLE_FILL_AREA(#14623);
#14623 = FILL_AREA_STYLE('',(#14624));
#14624 = FILL_AREA_STYLE_COLOUR('',#13395);
#14625 = OVER_RIDING_STYLED_ITEM('overriding color',(#14626),#9495,
  #12741);
#14626 = PRESENTATION_STYLE_ASSIGNMENT((#14627));
#14627 = SURFACE_STYLE_USAGE(.BOTH.,#14628);
#14628 = SURFACE_SIDE_STYLE('',(#14629));
#14629 = SURFACE_STYLE_FILL_AREA(#14630);
#14630 = FILL_AREA_STYLE('',(#14631));
#14631 = FILL_AREA_STYLE_COLOUR('',#13395);
#14632 = OVER_RIDING_STYLED_ITEM('overriding color',(#14633),#9555,
  #12741);
#14633 = PRESENTATION_STYLE_ASSIGNMENT((#14634));
#14634 = SURFACE_STYLE_USAGE(.BOTH.,#14635);
#14635 = SURFACE_SIDE_STYLE('',(#14636));
#14636 = SURFACE_STYLE_FILL_AREA(#14637);
#14637 = FILL_AREA_STYLE('',(#14638));
#14638 = FILL_AREA_STYLE_COLOUR('',#14561);
#14639 = OVER_RIDING_STYLED_ITEM('overriding color',(#14640),#9579,
  #12741);
#14640 = PRESENTATION_STYLE_ASSIGNMENT((#14641));
#14641 = SURFACE_STYLE_USAGE(.BOTH.,#14642);
#14642 = SURFACE_SIDE_STYLE('',(#14643));
#14643 = SURFACE_STYLE_FILL_AREA(#14644);
#14644 = FILL_AREA_STYLE('',(#14645));
#14645 = FILL_AREA_STYLE_COLOUR('',#14561);
#14646 = OVER_RIDING_STYLED_ITEM('overriding color',(#14647),#9624,
  #12741);
#14647 = PRESENTATION_STYLE_ASSIGNMENT((#14648));
#14648 = SURFACE_STYLE_USAGE(.BOTH.,#14649);
#14649 = SURFACE_SIDE_STYLE('',(#14650));
#14650 = SURFACE_STYLE_FILL_AREA(#14651);
#14651 = FILL_AREA_STYLE('',(#14652));
#14652 = FILL_AREA_STYLE_COLOUR('',#14561);
#14653 = OVER_RIDING_STYLED_ITEM('overriding color',(#14654),#9649,
  #12741);
#14654 = PRESENTATION_STYLE_ASSIGNMENT((#14655));
#14655 = SURFACE_STYLE_USAGE(.BOTH.,#14656);
#14656 = SURFACE_SIDE_STYLE('',(#14657));
#14657 = SURFACE_STYLE_FILL_AREA(#14658);
#14658 = FILL_AREA_STYLE('',(#14659));
#14659 = FILL_AREA_STYLE_COLOUR('',#14561);
#14660 = OVER_RIDING_STYLED_ITEM('overriding color',(#14661),#9666,
  #12741);
#14661 = PRESENTATION_STYLE_ASSIGNMENT((#14662));
#14662 = SURFACE_STYLE_USAGE(.BOTH.,#14663);
#14663 = SURFACE_SIDE_STYLE('',(#14664));
#14664 = SURFACE_STYLE_FILL_AREA(#14665);
#14665 = FILL_AREA_STYLE('',(#14666));
#14666 = FILL_AREA_STYLE_COLOUR('',#14561);
#14667 = OVER_RIDING_STYLED_ITEM('overriding color',(#14668),#9679,
  #12741);
#14668 = PRESENTATION_STYLE_ASSIGNMENT((#14669));
#14669 = SURFACE_STYLE_USAGE(.BOTH.,#14670);
#14670 = SURFACE_SIDE_STYLE('',(#14671));
#14671 = SURFACE_STYLE_FILL_AREA(#14672);
#14672 = FILL_AREA_STYLE('',(#14673));
#14673 = FILL_AREA_STYLE_COLOUR('',#14476);
#14674 = OVER_RIDING_STYLED_ITEM('overriding color',(#14675),#9712,
  #12741);
#14675 = PRESENTATION_STYLE_ASSIGNMENT((#14676));
#14676 = SURFACE_STYLE_USAGE(.BOTH.,#14677);
#14677 = SURFACE_SIDE_STYLE('',(#14678));
#14678 = SURFACE_STYLE_FILL_AREA(#14679);
#14679 = FILL_AREA_STYLE('',(#14680));
#14680 = FILL_AREA_STYLE_COLOUR('',#14476);
#14681 = OVER_RIDING_STYLED_ITEM('overriding color',(#14682),#9728,
  #12741);
#14682 = PRESENTATION_STYLE_ASSIGNMENT((#14683));
#14683 = SURFACE_STYLE_USAGE(.BOTH.,#14684);
#14684 = SURFACE_SIDE_STYLE('',(#14685));
#14685 = SURFACE_STYLE_FILL_AREA(#14686);
#14686 = FILL_AREA_STYLE('',(#14687));
#14687 = FILL_AREA_STYLE_COLOUR('',#14476);
#14688 = OVER_RIDING_STYLED_ITEM('overriding color',(#14689),#9761,
  #12741);
#14689 = PRESENTATION_STYLE_ASSIGNMENT((#14690));
#14690 = SURFACE_STYLE_USAGE(.BOTH.,#14691);
#14691 = SURFACE_SIDE_STYLE('',(#14692));
#14692 = SURFACE_STYLE_FILL_AREA(#14693);
#14693 = FILL_AREA_STYLE('',(#14694));
#14694 = FILL_AREA_STYLE_COLOUR('',#14476);
#14695 = OVER_RIDING_STYLED_ITEM('overriding color',(#14696),#9777,
  #12741);
#14696 = PRESENTATION_STYLE_ASSIGNMENT((#14697));
#14697 = SURFACE_STYLE_USAGE(.BOTH.,#14698);
#14698 = SURFACE_SIDE_STYLE('',(#14699));
#14699 = SURFACE_STYLE_FILL_AREA(#14700);
#14700 = FILL_AREA_STYLE('',(#14701));
#14701 = FILL_AREA_STYLE_COLOUR('',#14476);
#14702 = OVER_RIDING_STYLED_ITEM('overriding color',(#14703),#9810,
  #12741);
#14703 = PRESENTATION_STYLE_ASSIGNMENT((#14704));
#14704 = SURFACE_STYLE_USAGE(.BOTH.,#14705);
#14705 = SURFACE_SIDE_STYLE('',(#14706));
#14706 = SURFACE_STYLE_FILL_AREA(#14707);
#14707 = FILL_AREA_STYLE('',(#14708));
#14708 = FILL_AREA_STYLE_COLOUR('',#14476);
#14709 = OVER_RIDING_STYLED_ITEM('overriding color',(#14710),#9826,
  #12741);
#14710 = PRESENTATION_STYLE_ASSIGNMENT((#14711));
#14711 = SURFACE_STYLE_USAGE(.BOTH.,#14712);
#14712 = SURFACE_SIDE_STYLE('',(#14713));
#14713 = SURFACE_STYLE_FILL_AREA(#14714);
#14714 = FILL_AREA_STYLE('',(#14715));
#14715 = FILL_AREA_STYLE_COLOUR('',#14476);
#14716 = OVER_RIDING_STYLED_ITEM('overriding color',(#14717),#9859,
  #12741);
#14717 = PRESENTATION_STYLE_ASSIGNMENT((#14718));
#14718 = SURFACE_STYLE_USAGE(.BOTH.,#14719);
#14719 = SURFACE_SIDE_STYLE('',(#14720));
#14720 = SURFACE_STYLE_FILL_AREA(#14721);
#14721 = FILL_AREA_STYLE('',(#14722));
#14722 = FILL_AREA_STYLE_COLOUR('',#14476);
#14723 = OVER_RIDING_STYLED_ITEM('overriding color',(#14724),#9875,
  #12741);
#14724 = PRESENTATION_STYLE_ASSIGNMENT((#14725));
#14725 = SURFACE_STYLE_USAGE(.BOTH.,#14726);
#14726 = SURFACE_SIDE_STYLE('',(#14727));
#14727 = SURFACE_STYLE_FILL_AREA(#14728);
#14728 = FILL_AREA_STYLE('',(#14729));
#14729 = FILL_AREA_STYLE_COLOUR('',#14476);
#14730 = OVER_RIDING_STYLED_ITEM('overriding color',(#14731),#9908,
  #12741);
#14731 = PRESENTATION_STYLE_ASSIGNMENT((#14732));
#14732 = SURFACE_STYLE_USAGE(.BOTH.,#14733);
#14733 = SURFACE_SIDE_STYLE('',(#14734));
#14734 = SURFACE_STYLE_FILL_AREA(#14735);
#14735 = FILL_AREA_STYLE('',(#14736));
#14736 = FILL_AREA_STYLE_COLOUR('',#14476);
#14737 = OVER_RIDING_STYLED_ITEM('overriding color',(#14738),#9941,
  #12741);
#14738 = PRESENTATION_STYLE_ASSIGNMENT((#14739));
#14739 = SURFACE_STYLE_USAGE(.BOTH.,#14740);
#14740 = SURFACE_SIDE_STYLE('',(#14741));
#14741 = SURFACE_STYLE_FILL_AREA(#14742);
#14742 = FILL_AREA_STYLE('',(#14743));
#14743 = FILL_AREA_STYLE_COLOUR('',#14476);
#14744 = OVER_RIDING_STYLED_ITEM('overriding color',(#14745),#9966,
  #12741);
#14745 = PRESENTATION_STYLE_ASSIGNMENT((#14746));
#14746 = SURFACE_STYLE_USAGE(.BOTH.,#14747);
#14747 = SURFACE_SIDE_STYLE('',(#14748));
#14748 = SURFACE_STYLE_FILL_AREA(#14749);
#14749 = FILL_AREA_STYLE('',(#14750));
#14750 = FILL_AREA_STYLE_COLOUR('',#14476);
#14751 = OVER_RIDING_STYLED_ITEM('overriding color',(#14752),#10004,
  #12741);
#14752 = PRESENTATION_STYLE_ASSIGNMENT((#14753));
#14753 = SURFACE_STYLE_USAGE(.BOTH.,#14754);
#14754 = SURFACE_SIDE_STYLE('',(#14755));
#14755 = SURFACE_STYLE_FILL_AREA(#14756);
#14756 = FILL_AREA_STYLE('',(#14757));
#14757 = FILL_AREA_STYLE_COLOUR('',#14476);
#14758 = OVER_RIDING_STYLED_ITEM('overriding color',(#14759),#10041,
  #12741);
#14759 = PRESENTATION_STYLE_ASSIGNMENT((#14760));
#14760 = SURFACE_STYLE_USAGE(.BOTH.,#14761);
#14761 = SURFACE_SIDE_STYLE('',(#14762));
#14762 = SURFACE_STYLE_FILL_AREA(#14763);
#14763 = FILL_AREA_STYLE('',(#14764));
#14764 = FILL_AREA_STYLE_COLOUR('',#14476);
#14765 = OVER_RIDING_STYLED_ITEM('overriding color',(#14766),#10081,
  #12741);
#14766 = PRESENTATION_STYLE_ASSIGNMENT((#14767));
#14767 = SURFACE_STYLE_USAGE(.BOTH.,#14768);
#14768 = SURFACE_SIDE_STYLE('',(#14769));
#14769 = SURFACE_STYLE_FILL_AREA(#14770);
#14770 = FILL_AREA_STYLE('',(#14771));
#14771 = FILL_AREA_STYLE_COLOUR('',#14476);
#14772 = OVER_RIDING_STYLED_ITEM('overriding color',(#14773),#10103,
  #12741);
#14773 = PRESENTATION_STYLE_ASSIGNMENT((#14774));
#14774 = SURFACE_STYLE_USAGE(.BOTH.,#14775);
#14775 = SURFACE_SIDE_STYLE('',(#14776));
#14776 = SURFACE_STYLE_FILL_AREA(#14777);
#14777 = FILL_AREA_STYLE('',(#14778));
#14778 = FILL_AREA_STYLE_COLOUR('',#14476);
#14779 = OVER_RIDING_STYLED_ITEM('overriding color',(#14780),#10136,
  #12741);
#14780 = PRESENTATION_STYLE_ASSIGNMENT((#14781));
#14781 = SURFACE_STYLE_USAGE(.BOTH.,#14782);
#14782 = SURFACE_SIDE_STYLE('',(#14783));
#14783 = SURFACE_STYLE_FILL_AREA(#14784);
#14784 = FILL_AREA_STYLE('',(#14785));
#14785 = FILL_AREA_STYLE_COLOUR('',#14476);
#14786 = OVER_RIDING_STYLED_ITEM('overriding color',(#14787),#10158,
  #12741);
#14787 = PRESENTATION_STYLE_ASSIGNMENT((#14788));
#14788 = SURFACE_STYLE_USAGE(.BOTH.,#14789);
#14789 = SURFACE_SIDE_STYLE('',(#14790));
#14790 = SURFACE_STYLE_FILL_AREA(#14791);
#14791 = FILL_AREA_STYLE('',(#14792));
#14792 = FILL_AREA_STYLE_COLOUR('',#14476);
#14793 = OVER_RIDING_STYLED_ITEM('overriding color',(#14794),#10172,
  #12741);
#14794 = PRESENTATION_STYLE_ASSIGNMENT((#14795));
#14795 = SURFACE_STYLE_USAGE(.BOTH.,#14796);
#14796 = SURFACE_SIDE_STYLE('',(#14797));
#14797 = SURFACE_STYLE_FILL_AREA(#14798);
#14798 = FILL_AREA_STYLE('',(#14799));
#14799 = FILL_AREA_STYLE_COLOUR('',#14476);
#14800 = OVER_RIDING_STYLED_ITEM('overriding color',(#14801),#10197,
  #12741);
#14801 = PRESENTATION_STYLE_ASSIGNMENT((#14802));
#14802 = SURFACE_STYLE_USAGE(.BOTH.,#14803);
#14803 = SURFACE_SIDE_STYLE('',(#14804));
#14804 = SURFACE_STYLE_FILL_AREA(#14805);
#14805 = FILL_AREA_STYLE('',(#14806));
#14806 = FILL_AREA_STYLE_COLOUR('',#14476);
#14807 = OVER_RIDING_STYLED_ITEM('overriding color',(#14808),#10214,
  #12741);
#14808 = PRESENTATION_STYLE_ASSIGNMENT((#14809));
#14809 = SURFACE_STYLE_USAGE(.BOTH.,#14810);
#14810 = SURFACE_SIDE_STYLE('',(#14811));
#14811 = SURFACE_STYLE_FILL_AREA(#14812);
#14812 = FILL_AREA_STYLE('',(#14813));
#14813 = FILL_AREA_STYLE_COLOUR('',#14476);
#14814 = OVER_RIDING_STYLED_ITEM('overriding color',(#14815),#10239,
  #12741);
#14815 = PRESENTATION_STYLE_ASSIGNMENT((#14816));
#14816 = SURFACE_STYLE_USAGE(.BOTH.,#14817);
#14817 = SURFACE_SIDE_STYLE('',(#14818));
#14818 = SURFACE_STYLE_FILL_AREA(#14819);
#14819 = FILL_AREA_STYLE('',(#14820));
#14820 = FILL_AREA_STYLE_COLOUR('',#14476);
#14821 = OVER_RIDING_STYLED_ITEM('overriding color',(#14822),#10263,
  #12741);
#14822 = PRESENTATION_STYLE_ASSIGNMENT((#14823));
#14823 = SURFACE_STYLE_USAGE(.BOTH.,#14824);
#14824 = SURFACE_SIDE_STYLE('',(#14825));
#14825 = SURFACE_STYLE_FILL_AREA(#14826);
#14826 = FILL_AREA_STYLE('',(#14827));
#14827 = FILL_AREA_STYLE_COLOUR('',#14476);
#14828 = OVER_RIDING_STYLED_ITEM('overriding color',(#14829),#10285,
  #12741);
#14829 = PRESENTATION_STYLE_ASSIGNMENT((#14830));
#14830 = SURFACE_STYLE_USAGE(.BOTH.,#14831);
#14831 = SURFACE_SIDE_STYLE('',(#14832));
#14832 = SURFACE_STYLE_FILL_AREA(#14833);
#14833 = FILL_AREA_STYLE('',(#14834));
#14834 = FILL_AREA_STYLE_COLOUR('',#14476);
#14835 = OVER_RIDING_STYLED_ITEM('overriding color',(#14836),#10299,
  #12741);
#14836 = PRESENTATION_STYLE_ASSIGNMENT((#14837));
#14837 = SURFACE_STYLE_USAGE(.BOTH.,#14838);
#14838 = SURFACE_SIDE_STYLE('',(#14839));
#14839 = SURFACE_STYLE_FILL_AREA(#14840);
#14840 = FILL_AREA_STYLE('',(#14841));
#14841 = FILL_AREA_STYLE_COLOUR('',#14476);
#14842 = OVER_RIDING_STYLED_ITEM('overriding color',(#14843),#10338,
  #12741);
#14843 = PRESENTATION_STYLE_ASSIGNMENT((#14844));
#14844 = SURFACE_STYLE_USAGE(.BOTH.,#14845);
#14845 = SURFACE_SIDE_STYLE('',(#14846));
#14846 = SURFACE_STYLE_FILL_AREA(#14847);
#14847 = FILL_AREA_STYLE('',(#14848));
#14848 = FILL_AREA_STYLE_COLOUR('',#14476);
#14849 = OVER_RIDING_STYLED_ITEM('overriding color',(#14850),#10351,
  #12741);
#14850 = PRESENTATION_STYLE_ASSIGNMENT((#14851));
#14851 = SURFACE_STYLE_USAGE(.BOTH.,#14852);
#14852 = SURFACE_SIDE_STYLE('',(#14853));
#14853 = SURFACE_STYLE_FILL_AREA(#14854);
#14854 = FILL_AREA_STYLE('',(#14855));
#14855 = FILL_AREA_STYLE_COLOUR('',#14476);
#14856 = OVER_RIDING_STYLED_ITEM('overriding color',(#14857),#10363,
  #12741);
#14857 = PRESENTATION_STYLE_ASSIGNMENT((#14858));
#14858 = SURFACE_STYLE_USAGE(.BOTH.,#14859);
#14859 = SURFACE_SIDE_STYLE('',(#14860));
#14860 = SURFACE_STYLE_FILL_AREA(#14861);
#14861 = FILL_AREA_STYLE('',(#14862));
#14862 = FILL_AREA_STYLE_COLOUR('',#14476);
#14863 = OVER_RIDING_STYLED_ITEM('overriding color',(#14864),#10375,
  #12741);
#14864 = PRESENTATION_STYLE_ASSIGNMENT((#14865));
#14865 = SURFACE_STYLE_USAGE(.BOTH.,#14866);
#14866 = SURFACE_SIDE_STYLE('',(#14867));
#14867 = SURFACE_STYLE_FILL_AREA(#14868);
#14868 = FILL_AREA_STYLE('',(#14869));
#14869 = FILL_AREA_STYLE_COLOUR('',#14476);
#14870 = OVER_RIDING_STYLED_ITEM('overriding color',(#14871),#10388,
  #12741);
#14871 = PRESENTATION_STYLE_ASSIGNMENT((#14872));
#14872 = SURFACE_STYLE_USAGE(.BOTH.,#14873);
#14873 = SURFACE_SIDE_STYLE('',(#14874));
#14874 = SURFACE_STYLE_FILL_AREA(#14875);
#14875 = FILL_AREA_STYLE('',(#14876));
#14876 = FILL_AREA_STYLE_COLOUR('',#14476);
#14877 = OVER_RIDING_STYLED_ITEM('overriding color',(#14878),#10400,
  #12741);
#14878 = PRESENTATION_STYLE_ASSIGNMENT((#14879));
#14879 = SURFACE_STYLE_USAGE(.BOTH.,#14880);
#14880 = SURFACE_SIDE_STYLE('',(#14881));
#14881 = SURFACE_STYLE_FILL_AREA(#14882);
#14882 = FILL_AREA_STYLE('',(#14883));
#14883 = FILL_AREA_STYLE_COLOUR('',#14476);
#14884 = OVER_RIDING_STYLED_ITEM('overriding color',(#14885),#10431,
  #12741);
#14885 = PRESENTATION_STYLE_ASSIGNMENT((#14886));
#14886 = SURFACE_STYLE_USAGE(.BOTH.,#14887);
#14887 = SURFACE_SIDE_STYLE('',(#14888));
#14888 = SURFACE_STYLE_FILL_AREA(#14889);
#14889 = FILL_AREA_STYLE('',(#14890));
#14890 = FILL_AREA_STYLE_COLOUR('',#14476);
#14891 = OVER_RIDING_STYLED_ITEM('overriding color',(#14892),#10462,
  #12741);
#14892 = PRESENTATION_STYLE_ASSIGNMENT((#14893));
#14893 = SURFACE_STYLE_USAGE(.BOTH.,#14894);
#14894 = SURFACE_SIDE_STYLE('',(#14895));
#14895 = SURFACE_STYLE_FILL_AREA(#14896);
#14896 = FILL_AREA_STYLE('',(#14897));
#14897 = FILL_AREA_STYLE_COLOUR('',#14476);
#14898 = OVER_RIDING_STYLED_ITEM('overriding color',(#14899),#10487,
  #12741);
#14899 = PRESENTATION_STYLE_ASSIGNMENT((#14900));
#14900 = SURFACE_STYLE_USAGE(.BOTH.,#14901);
#14901 = SURFACE_SIDE_STYLE('',(#14902));
#14902 = SURFACE_STYLE_FILL_AREA(#14903);
#14903 = FILL_AREA_STYLE('',(#14904));
#14904 = FILL_AREA_STYLE_COLOUR('',#14476);
#14905 = OVER_RIDING_STYLED_ITEM('overriding color',(#14906),#10511,
  #12741);
#14906 = PRESENTATION_STYLE_ASSIGNMENT((#14907));
#14907 = SURFACE_STYLE_USAGE(.BOTH.,#14908);
#14908 = SURFACE_SIDE_STYLE('',(#14909));
#14909 = SURFACE_STYLE_FILL_AREA(#14910);
#14910 = FILL_AREA_STYLE('',(#14911));
#14911 = FILL_AREA_STYLE_COLOUR('',#14476);
#14912 = OVER_RIDING_STYLED_ITEM('overriding color',(#14913),#10605,
  #12741);
#14913 = PRESENTATION_STYLE_ASSIGNMENT((#14914));
#14914 = SURFACE_STYLE_USAGE(.BOTH.,#14915);
#14915 = SURFACE_SIDE_STYLE('',(#14916));
#14916 = SURFACE_STYLE_FILL_AREA(#14917);
#14917 = FILL_AREA_STYLE('',(#14918));
#14918 = FILL_AREA_STYLE_COLOUR('',#14476);
#14919 = OVER_RIDING_STYLED_ITEM('overriding color',(#14920),#10622,
  #12741);
#14920 = PRESENTATION_STYLE_ASSIGNMENT((#14921));
#14921 = SURFACE_STYLE_USAGE(.BOTH.,#14922);
#14922 = SURFACE_SIDE_STYLE('',(#14923));
#14923 = SURFACE_STYLE_FILL_AREA(#14924);
#14924 = FILL_AREA_STYLE('',(#14925));
#14925 = FILL_AREA_STYLE_COLOUR('',#14476);
#14926 = OVER_RIDING_STYLED_ITEM('overriding color',(#14927),#10639,
  #12741);
#14927 = PRESENTATION_STYLE_ASSIGNMENT((#14928));
#14928 = SURFACE_STYLE_USAGE(.BOTH.,#14929);
#14929 = SURFACE_SIDE_STYLE('',(#14930));
#14930 = SURFACE_STYLE_FILL_AREA(#14931);
#14931 = FILL_AREA_STYLE('',(#14932));
#14932 = FILL_AREA_STYLE_COLOUR('',#14476);
#14933 = OVER_RIDING_STYLED_ITEM('overriding color',(#14934),#10734,
  #12741);
#14934 = PRESENTATION_STYLE_ASSIGNMENT((#14935));
#14935 = SURFACE_STYLE_USAGE(.BOTH.,#14936);
#14936 = SURFACE_SIDE_STYLE('',(#14937));
#14937 = SURFACE_STYLE_FILL_AREA(#14938);
#14938 = FILL_AREA_STYLE('',(#14939));
#14939 = FILL_AREA_STYLE_COLOUR('',#14476);
#14940 = OVER_RIDING_STYLED_ITEM('overriding color',(#14941),#10814,
  #12741);
#14941 = PRESENTATION_STYLE_ASSIGNMENT((#14942));
#14942 = SURFACE_STYLE_USAGE(.BOTH.,#14943);
#14943 = SURFACE_SIDE_STYLE('',(#14944));
#14944 = SURFACE_STYLE_FILL_AREA(#14945);
#14945 = FILL_AREA_STYLE('',(#14946));
#14946 = FILL_AREA_STYLE_COLOUR('',#14476);
#14947 = OVER_RIDING_STYLED_ITEM('overriding color',(#14948),#10850,
  #12741);
#14948 = PRESENTATION_STYLE_ASSIGNMENT((#14949));
#14949 = SURFACE_STYLE_USAGE(.BOTH.,#14950);
#14950 = SURFACE_SIDE_STYLE('',(#14951));
#14951 = SURFACE_STYLE_FILL_AREA(#14952);
#14952 = FILL_AREA_STYLE('',(#14953));
#14953 = FILL_AREA_STYLE_COLOUR('',#14476);
#14954 = OVER_RIDING_STYLED_ITEM('overriding color',(#14955),#10942,
  #12741);
#14955 = PRESENTATION_STYLE_ASSIGNMENT((#14956));
#14956 = SURFACE_STYLE_USAGE(.BOTH.,#14957);
#14957 = SURFACE_SIDE_STYLE('',(#14958));
#14958 = SURFACE_STYLE_FILL_AREA(#14959);
#14959 = FILL_AREA_STYLE('',(#14960));
#14960 = FILL_AREA_STYLE_COLOUR('',#14476);
#14961 = OVER_RIDING_STYLED_ITEM('overriding color',(#14962),#11086,
  #12741);
#14962 = PRESENTATION_STYLE_ASSIGNMENT((#14963));
#14963 = SURFACE_STYLE_USAGE(.BOTH.,#14964);
#14964 = SURFACE_SIDE_STYLE('',(#14965));
#14965 = SURFACE_STYLE_FILL_AREA(#14966);
#14966 = FILL_AREA_STYLE('',(#14967));
#14967 = FILL_AREA_STYLE_COLOUR('',#14476);
#14968 = OVER_RIDING_STYLED_ITEM('overriding color',(#14969),#11163,
  #12741);
#14969 = PRESENTATION_STYLE_ASSIGNMENT((#14970));
#14970 = SURFACE_STYLE_USAGE(.BOTH.,#14971);
#14971 = SURFACE_SIDE_STYLE('',(#14972));
#14972 = SURFACE_STYLE_FILL_AREA(#14973);
#14973 = FILL_AREA_STYLE('',(#14974));
#14974 = FILL_AREA_STYLE_COLOUR('',#14476);
#14975 = OVER_RIDING_STYLED_ITEM('overriding color',(#14976),#11310,
  #12741);
#14976 = PRESENTATION_STYLE_ASSIGNMENT((#14977));
#14977 = SURFACE_STYLE_USAGE(.BOTH.,#14978);
#14978 = SURFACE_SIDE_STYLE('',(#14979));
#14979 = SURFACE_STYLE_FILL_AREA(#14980);
#14980 = FILL_AREA_STYLE('',(#14981));
#14981 = FILL_AREA_STYLE_COLOUR('',#14476);
#14982 = OVER_RIDING_STYLED_ITEM('overriding color',(#14983),#11351,
  #12741);
#14983 = PRESENTATION_STYLE_ASSIGNMENT((#14984));
#14984 = SURFACE_STYLE_USAGE(.BOTH.,#14985);
#14985 = SURFACE_SIDE_STYLE('',(#14986));
#14986 = SURFACE_STYLE_FILL_AREA(#14987);
#14987 = FILL_AREA_STYLE('',(#14988));
#14988 = FILL_AREA_STYLE_COLOUR('',#14476);
#14989 = OVER_RIDING_STYLED_ITEM('overriding color',(#14990),#11367,
  #12741);
#14990 = PRESENTATION_STYLE_ASSIGNMENT((#14991));
#14991 = SURFACE_STYLE_USAGE(.BOTH.,#14992);
#14992 = SURFACE_SIDE_STYLE('',(#14993));
#14993 = SURFACE_STYLE_FILL_AREA(#14994);
#14994 = FILL_AREA_STYLE('',(#14995));
#14995 = FILL_AREA_STYLE_COLOUR('',#14476);
#14996 = OVER_RIDING_STYLED_ITEM('overriding color',(#14997),#11397,
  #12741);
#14997 = PRESENTATION_STYLE_ASSIGNMENT((#14998));
#14998 = SURFACE_STYLE_USAGE(.BOTH.,#14999);
#14999 = SURFACE_SIDE_STYLE('',(#15000));
#15000 = SURFACE_STYLE_FILL_AREA(#15001);
#15001 = FILL_AREA_STYLE('',(#15002));
#15002 = FILL_AREA_STYLE_COLOUR('',#14476);
#15003 = OVER_RIDING_STYLED_ITEM('overriding color',(#15004),#11419,
  #12741);
#15004 = PRESENTATION_STYLE_ASSIGNMENT((#15005));
#15005 = SURFACE_STYLE_USAGE(.BOTH.,#15006);
#15006 = SURFACE_SIDE_STYLE('',(#15007));
#15007 = SURFACE_STYLE_FILL_AREA(#15008);
#15008 = FILL_AREA_STYLE('',(#15009));
#15009 = FILL_AREA_STYLE_COLOUR('',#14476);
#15010 = OVER_RIDING_STYLED_ITEM('overriding color',(#15011),#11500,
  #12741);
#15011 = PRESENTATION_STYLE_ASSIGNMENT((#15012));
#15012 = SURFACE_STYLE_USAGE(.BOTH.,#15013);
#15013 = SURFACE_SIDE_STYLE('',(#15014));
#15014 = SURFACE_STYLE_FILL_AREA(#15015);
#15015 = FILL_AREA_STYLE('',(#15016));
#15016 = FILL_AREA_STYLE_COLOUR('',#14476);
#15017 = OVER_RIDING_STYLED_ITEM('overriding color',(#15018),#11517,
  #12741);
#15018 = PRESENTATION_STYLE_ASSIGNMENT((#15019));
#15019 = SURFACE_STYLE_USAGE(.BOTH.,#15020);
#15020 = SURFACE_SIDE_STYLE('',(#15021));
#15021 = SURFACE_STYLE_FILL_AREA(#15022);
#15022 = FILL_AREA_STYLE('',(#15023));
#15023 = FILL_AREA_STYLE_COLOUR('',#14476);
#15024 = OVER_RIDING_STYLED_ITEM('overriding color',(#15025),#11534,
  #12741);
#15025 = PRESENTATION_STYLE_ASSIGNMENT((#15026));
#15026 = SURFACE_STYLE_USAGE(.BOTH.,#15027);
#15027 = SURFACE_SIDE_STYLE('',(#15028));
#15028 = SURFACE_STYLE_FILL_AREA(#15029);
#15029 = FILL_AREA_STYLE('',(#15030));
#15030 = FILL_AREA_STYLE_COLOUR('',#14476);
#15031 = OVER_RIDING_STYLED_ITEM('overriding color',(#15032),#11556,
  #12741);
#15032 = PRESENTATION_STYLE_ASSIGNMENT((#15033));
#15033 = SURFACE_STYLE_USAGE(.BOTH.,#15034);
#15034 = SURFACE_SIDE_STYLE('',(#15035));
#15035 = SURFACE_STYLE_FILL_AREA(#15036);
#15036 = FILL_AREA_STYLE('',(#15037));
#15037 = FILL_AREA_STYLE_COLOUR('',#14476);
#15038 = OVER_RIDING_STYLED_ITEM('overriding color',(#15039),#11573,
  #12741);
#15039 = PRESENTATION_STYLE_ASSIGNMENT((#15040));
#15040 = SURFACE_STYLE_USAGE(.BOTH.,#15041);
#15041 = SURFACE_SIDE_STYLE('',(#15042));
#15042 = SURFACE_STYLE_FILL_AREA(#15043);
#15043 = FILL_AREA_STYLE('',(#15044));
#15044 = FILL_AREA_STYLE_COLOUR('',#14476);
#15045 = OVER_RIDING_STYLED_ITEM('overriding color',(#15046),#11585,
  #12741);
#15046 = PRESENTATION_STYLE_ASSIGNMENT((#15047));
#15047 = SURFACE_STYLE_USAGE(.BOTH.,#15048);
#15048 = SURFACE_SIDE_STYLE('',(#15049));
#15049 = SURFACE_STYLE_FILL_AREA(#15050);
#15050 = FILL_AREA_STYLE('',(#15051));
#15051 = FILL_AREA_STYLE_COLOUR('',#14476);
#15052 = OVER_RIDING_STYLED_ITEM('overriding color',(#15053),#11597,
  #12741);
#15053 = PRESENTATION_STYLE_ASSIGNMENT((#15054));
#15054 = SURFACE_STYLE_USAGE(.BOTH.,#15055);
#15055 = SURFACE_SIDE_STYLE('',(#15056));
#15056 = SURFACE_STYLE_FILL_AREA(#15057);
#15057 = FILL_AREA_STYLE('',(#15058));
#15058 = FILL_AREA_STYLE_COLOUR('',#14476);
#15059 = OVER_RIDING_STYLED_ITEM('overriding color',(#15060),#11628,
  #12741);
#15060 = PRESENTATION_STYLE_ASSIGNMENT((#15061));
#15061 = SURFACE_STYLE_USAGE(.BOTH.,#15062);
#15062 = SURFACE_SIDE_STYLE('',(#15063));
#15063 = SURFACE_STYLE_FILL_AREA(#15064);
#15064 = FILL_AREA_STYLE('',(#15065));
#15065 = FILL_AREA_STYLE_COLOUR('',#14476);
#15066 = OVER_RIDING_STYLED_ITEM('overriding color',(#15067),#11659,
  #12741);
#15067 = PRESENTATION_STYLE_ASSIGNMENT((#15068));
#15068 = SURFACE_STYLE_USAGE(.BOTH.,#15069);
#15069 = SURFACE_SIDE_STYLE('',(#15070));
#15070 = SURFACE_STYLE_FILL_AREA(#15071);
#15071 = FILL_AREA_STYLE('',(#15072));
#15072 = FILL_AREA_STYLE_COLOUR('',#14476);
#15073 = OVER_RIDING_STYLED_ITEM('overriding color',(#15074),#11686,
  #12741);
#15074 = PRESENTATION_STYLE_ASSIGNMENT((#15075));
#15075 = SURFACE_STYLE_USAGE(.BOTH.,#15076);
#15076 = SURFACE_SIDE_STYLE('',(#15077));
#15077 = SURFACE_STYLE_FILL_AREA(#15078);
#15078 = FILL_AREA_STYLE('',(#15079));
#15079 = FILL_AREA_STYLE_COLOUR('',#14476);
#15080 = OVER_RIDING_STYLED_ITEM('overriding color',(#15081),#11713,
  #12741);
#15081 = PRESENTATION_STYLE_ASSIGNMENT((#15082));
#15082 = SURFACE_STYLE_USAGE(.BOTH.,#15083);
#15083 = SURFACE_SIDE_STYLE('',(#15084));
#15084 = SURFACE_STYLE_FILL_AREA(#15085);
#15085 = FILL_AREA_STYLE('',(#15086));
#15086 = FILL_AREA_STYLE_COLOUR('',#14476);
#15087 = OVER_RIDING_STYLED_ITEM('overriding color',(#15088),#11735,
  #12741);
#15088 = PRESENTATION_STYLE_ASSIGNMENT((#15089));
#15089 = SURFACE_STYLE_USAGE(.BOTH.,#15090);
#15090 = SURFACE_SIDE_STYLE('',(#15091));
#15091 = SURFACE_STYLE_FILL_AREA(#15092);
#15092 = FILL_AREA_STYLE('',(#15093));
#15093 = FILL_AREA_STYLE_COLOUR('',#14476);
#15094 = OVER_RIDING_STYLED_ITEM('overriding color',(#15095),#11752,
  #12741);
#15095 = PRESENTATION_STYLE_ASSIGNMENT((#15096));
#15096 = SURFACE_STYLE_USAGE(.BOTH.,#15097);
#15097 = SURFACE_SIDE_STYLE('',(#15098));
#15098 = SURFACE_STYLE_FILL_AREA(#15099);
#15099 = FILL_AREA_STYLE('',(#15100));
#15100 = FILL_AREA_STYLE_COLOUR('',#14476);
#15101 = OVER_RIDING_STYLED_ITEM('overriding color',(#15102),#11769,
  #12741);
#15102 = PRESENTATION_STYLE_ASSIGNMENT((#15103));
#15103 = SURFACE_STYLE_USAGE(.BOTH.,#15104);
#15104 = SURFACE_SIDE_STYLE('',(#15105));
#15105 = SURFACE_STYLE_FILL_AREA(#15106);
#15106 = FILL_AREA_STYLE('',(#15107));
#15107 = FILL_AREA_STYLE_COLOUR('',#14476);
#15108 = OVER_RIDING_STYLED_ITEM('overriding color',(#15109),#11788,
  #12741);
#15109 = PRESENTATION_STYLE_ASSIGNMENT((#15110));
#15110 = SURFACE_STYLE_USAGE(.BOTH.,#15111);
#15111 = SURFACE_SIDE_STYLE('',(#15112));
#15112 = SURFACE_STYLE_FILL_AREA(#15113);
#15113 = FILL_AREA_STYLE('',(#15114));
#15114 = FILL_AREA_STYLE_COLOUR('',#14476);
#15115 = OVER_RIDING_STYLED_ITEM('overriding color',(#15116),#11801,
  #12741);
#15116 = PRESENTATION_STYLE_ASSIGNMENT((#15117));
#15117 = SURFACE_STYLE_USAGE(.BOTH.,#15118);
#15118 = SURFACE_SIDE_STYLE('',(#15119));
#15119 = SURFACE_STYLE_FILL_AREA(#15120);
#15120 = FILL_AREA_STYLE('',(#15121));
#15121 = FILL_AREA_STYLE_COLOUR('',#14476);
#15122 = OVER_RIDING_STYLED_ITEM('overriding color',(#15123),#11818,
  #12741);
#15123 = PRESENTATION_STYLE_ASSIGNMENT((#15124));
#15124 = SURFACE_STYLE_USAGE(.BOTH.,#15125);
#15125 = SURFACE_SIDE_STYLE('',(#15126));
#15126 = SURFACE_STYLE_FILL_AREA(#15127);
#15127 = FILL_AREA_STYLE('',(#15128));
#15128 = FILL_AREA_STYLE_COLOUR('',#14476);
#15129 = OVER_RIDING_STYLED_ITEM('overriding color',(#15130),#11836,
  #12741);
#15130 = PRESENTATION_STYLE_ASSIGNMENT((#15131));
#15131 = SURFACE_STYLE_USAGE(.BOTH.,#15132);
#15132 = SURFACE_SIDE_STYLE('',(#15133));
#15133 = SURFACE_STYLE_FILL_AREA(#15134);
#15134 = FILL_AREA_STYLE('',(#15135));
#15135 = FILL_AREA_STYLE_COLOUR('',#14476);
#15136 = OVER_RIDING_STYLED_ITEM('overriding color',(#15137),#11853,
  #12741);
#15137 = PRESENTATION_STYLE_ASSIGNMENT((#15138));
#15138 = SURFACE_STYLE_USAGE(.BOTH.,#15139);
#15139 = SURFACE_SIDE_STYLE('',(#15140));
#15140 = SURFACE_STYLE_FILL_AREA(#15141);
#15141 = FILL_AREA_STYLE('',(#15142));
#15142 = FILL_AREA_STYLE_COLOUR('',#14476);
#15143 = OVER_RIDING_STYLED_ITEM('overriding color',(#15144),#11879,
  #12741);
#15144 = PRESENTATION_STYLE_ASSIGNMENT((#15145));
#15145 = SURFACE_STYLE_USAGE(.BOTH.,#15146);
#15146 = SURFACE_SIDE_STYLE('',(#15147));
#15147 = SURFACE_STYLE_FILL_AREA(#15148);
#15148 = FILL_AREA_STYLE('',(#15149));
#15149 = FILL_AREA_STYLE_COLOUR('',#14476);
#15150 = OVER_RIDING_STYLED_ITEM('overriding color',(#15151),#11896,
  #12741);
#15151 = PRESENTATION_STYLE_ASSIGNMENT((#15152));
#15152 = SURFACE_STYLE_USAGE(.BOTH.,#15153);
#15153 = SURFACE_SIDE_STYLE('',(#15154));
#15154 = SURFACE_STYLE_FILL_AREA(#15155);
#15155 = FILL_AREA_STYLE('',(#15156));
#15156 = FILL_AREA_STYLE_COLOUR('',#14476);
#15157 = OVER_RIDING_STYLED_ITEM('overriding color',(#15158),#11909,
  #12741);
#15158 = PRESENTATION_STYLE_ASSIGNMENT((#15159));
#15159 = SURFACE_STYLE_USAGE(.BOTH.,#15160);
#15160 = SURFACE_SIDE_STYLE('',(#15161));
#15161 = SURFACE_STYLE_FILL_AREA(#15162);
#15162 = FILL_AREA_STYLE('',(#15163));
#15163 = FILL_AREA_STYLE_COLOUR('',#14476);
#15164 = OVER_RIDING_STYLED_ITEM('overriding color',(#15165),#11921,
  #12741);
#15165 = PRESENTATION_STYLE_ASSIGNMENT((#15166));
#15166 = SURFACE_STYLE_USAGE(.BOTH.,#15167);
#15167 = SURFACE_SIDE_STYLE('',(#15168));
#15168 = SURFACE_STYLE_FILL_AREA(#15169);
#15169 = FILL_AREA_STYLE('',(#15170));
#15170 = FILL_AREA_STYLE_COLOUR('',#14476);
#15171 = OVER_RIDING_STYLED_ITEM('overriding color',(#15172),#11939,
  #12741);
#15172 = PRESENTATION_STYLE_ASSIGNMENT((#15173));
#15173 = SURFACE_STYLE_USAGE(.BOTH.,#15174);
#15174 = SURFACE_SIDE_STYLE('',(#15175));
#15175 = SURFACE_STYLE_FILL_AREA(#15176);
#15176 = FILL_AREA_STYLE('',(#15177));
#15177 = FILL_AREA_STYLE_COLOUR('',#14476);
#15178 = OVER_RIDING_STYLED_ITEM('overriding color',(#15179),#11953,
  #12741);
#15179 = PRESENTATION_STYLE_ASSIGNMENT((#15180));
#15180 = SURFACE_STYLE_USAGE(.BOTH.,#15181);
#15181 = SURFACE_SIDE_STYLE('',(#15182));
#15182 = SURFACE_STYLE_FILL_AREA(#15183);
#15183 = FILL_AREA_STYLE('',(#15184));
#15184 = FILL_AREA_STYLE_COLOUR('',#14476);
#15185 = OVER_RIDING_STYLED_ITEM('overriding color',(#15186),#12001,
  #12741);
#15186 = PRESENTATION_STYLE_ASSIGNMENT((#15187));
#15187 = SURFACE_STYLE_USAGE(.BOTH.,#15188);
#15188 = SURFACE_SIDE_STYLE('',(#15189));
#15189 = SURFACE_STYLE_FILL_AREA(#15190);
#15190 = FILL_AREA_STYLE('',(#15191));
#15191 = FILL_AREA_STYLE_COLOUR('',#12960);
#15192 = OVER_RIDING_STYLED_ITEM('overriding color',(#15193),#12046,
  #12741);
#15193 = PRESENTATION_STYLE_ASSIGNMENT((#15194));
#15194 = SURFACE_STYLE_USAGE(.BOTH.,#15195);
#15195 = SURFACE_SIDE_STYLE('',(#15196));
#15196 = SURFACE_STYLE_FILL_AREA(#15197);
#15197 = FILL_AREA_STYLE('',(#15198));
#15198 = FILL_AREA_STYLE_COLOUR('',#12960);
#15199 = OVER_RIDING_STYLED_ITEM('overriding color',(#15200),#12071,
  #12741);
#15200 = PRESENTATION_STYLE_ASSIGNMENT((#15201));
#15201 = SURFACE_STYLE_USAGE(.BOTH.,#15202);
#15202 = SURFACE_SIDE_STYLE('',(#15203));
#15203 = SURFACE_STYLE_FILL_AREA(#15204);
#15204 = FILL_AREA_STYLE('',(#15205));
#15205 = FILL_AREA_STYLE_COLOUR('',#12960);
#15206 = OVER_RIDING_STYLED_ITEM('overriding color',(#15207),#12100,
  #12741);
#15207 = PRESENTATION_STYLE_ASSIGNMENT((#15208));
#15208 = SURFACE_STYLE_USAGE(.BOTH.,#15209);
#15209 = SURFACE_SIDE_STYLE('',(#15210));
#15210 = SURFACE_STYLE_FILL_AREA(#15211);
#15211 = FILL_AREA_STYLE('',(#15212));
#15212 = FILL_AREA_STYLE_COLOUR('',#12960);
#15213 = OVER_RIDING_STYLED_ITEM('overriding color',(#15214),#12109,
  #12741);
#15214 = PRESENTATION_STYLE_ASSIGNMENT((#15215));
#15215 = SURFACE_STYLE_USAGE(.BOTH.,#15216);
#15216 = SURFACE_SIDE_STYLE('',(#15217));
#15217 = SURFACE_STYLE_FILL_AREA(#15218);
#15218 = FILL_AREA_STYLE('',(#15219));
#15219 = FILL_AREA_STYLE_COLOUR('',#15220);
#15220 = COLOUR_RGB('',0.505882021682,0.505882021682,0.505882021682);
#15221 = OVER_RIDING_STYLED_ITEM('overriding color',(#15222),#12119,
  #12741);
#15222 = PRESENTATION_STYLE_ASSIGNMENT((#15223));
#15223 = SURFACE_STYLE_USAGE(.BOTH.,#15224);
#15224 = SURFACE_SIDE_STYLE('',(#15225));
#15225 = SURFACE_STYLE_FILL_AREA(#15226);
#15226 = FILL_AREA_STYLE('',(#15227));
#15227 = FILL_AREA_STYLE_COLOUR('',#14426);
#15228 = OVER_RIDING_STYLED_ITEM('overriding color',(#15229),#12151,
  #12741);
#15229 = PRESENTATION_STYLE_ASSIGNMENT((#15230));
#15230 = SURFACE_STYLE_USAGE(.BOTH.,#15231);
#15231 = SURFACE_SIDE_STYLE('',(#15232));
#15232 = SURFACE_STYLE_FILL_AREA(#15233);
#15233 = FILL_AREA_STYLE('',(#15234));
#15234 = FILL_AREA_STYLE_COLOUR('',#14426);
#15235 = OVER_RIDING_STYLED_ITEM('overriding color',(#15236),#12167,
  #12741);
#15236 = PRESENTATION_STYLE_ASSIGNMENT((#15237));
#15237 = SURFACE_STYLE_USAGE(.BOTH.,#15238);
#15238 = SURFACE_SIDE_STYLE('',(#15239));
#15239 = SURFACE_STYLE_FILL_AREA(#15240);
#15240 = FILL_AREA_STYLE('',(#15241));
#15241 = FILL_AREA_STYLE_COLOUR('',#14426);
#15242 = OVER_RIDING_STYLED_ITEM('overriding color',(#15243),#12176,
  #12741);
#15243 = PRESENTATION_STYLE_ASSIGNMENT((#15244));
#15244 = SURFACE_STYLE_USAGE(.BOTH.,#15245);
#15245 = SURFACE_SIDE_STYLE('',(#15246));
#15246 = SURFACE_STYLE_FILL_AREA(#15247);
#15247 = FILL_AREA_STYLE('',(#15248));
#15248 = FILL_AREA_STYLE_COLOUR('',#15220);
#15249 = OVER_RIDING_STYLED_ITEM('overriding color',(#15250),#12192,
  #12741);
#15250 = PRESENTATION_STYLE_ASSIGNMENT((#15251));
#15251 = SURFACE_STYLE_USAGE(.BOTH.,#15252);
#15252 = SURFACE_SIDE_STYLE('',(#15253));
#15253 = SURFACE_STYLE_FILL_AREA(#15254);
#15254 = FILL_AREA_STYLE('',(#15255));
#15255 = FILL_AREA_STYLE_COLOUR('',#12960);
#15256 = OVER_RIDING_STYLED_ITEM('overriding color',(#15257),#12231,
  #12741);
#15257 = PRESENTATION_STYLE_ASSIGNMENT((#15258));
#15258 = SURFACE_STYLE_USAGE(.BOTH.,#15259);
#15259 = SURFACE_SIDE_STYLE('',(#15260));
#15260 = SURFACE_STYLE_FILL_AREA(#15261);
#15261 = FILL_AREA_STYLE('',(#15262));
#15262 = FILL_AREA_STYLE_COLOUR('',#12960);
#15263 = OVER_RIDING_STYLED_ITEM('overriding color',(#15264),#12256,
  #12741);
#15264 = PRESENTATION_STYLE_ASSIGNMENT((#15265));
#15265 = SURFACE_STYLE_USAGE(.BOTH.,#15266);
#15266 = SURFACE_SIDE_STYLE('',(#15267));
#15267 = SURFACE_STYLE_FILL_AREA(#15268);
#15268 = FILL_AREA_STYLE('',(#15269));
#15269 = FILL_AREA_STYLE_COLOUR('',#12960);
#15270 = OVER_RIDING_STYLED_ITEM('overriding color',(#15271),#12285,
  #12741);
#15271 = PRESENTATION_STYLE_ASSIGNMENT((#15272));
#15272 = SURFACE_STYLE_USAGE(.BOTH.,#15273);
#15273 = SURFACE_SIDE_STYLE('',(#15274));
#15274 = SURFACE_STYLE_FILL_AREA(#15275);
#15275 = FILL_AREA_STYLE('',(#15276));
#15276 = FILL_AREA_STYLE_COLOUR('',#12960);
#15277 = OVER_RIDING_STYLED_ITEM('overriding color',(#15278),#12294,
  #12741);
#15278 = PRESENTATION_STYLE_ASSIGNMENT((#15279));
#15279 = SURFACE_STYLE_USAGE(.BOTH.,#15280);
#15280 = SURFACE_SIDE_STYLE('',(#15281));
#15281 = SURFACE_STYLE_FILL_AREA(#15282);
#15282 = FILL_AREA_STYLE('',(#15283));
#15283 = FILL_AREA_STYLE_COLOUR('',#14426);
#15284 = OVER_RIDING_STYLED_ITEM('overriding color',(#15285),#12326,
  #12741);
#15285 = PRESENTATION_STYLE_ASSIGNMENT((#15286));
#15286 = SURFACE_STYLE_USAGE(.BOTH.,#15287);
#15287 = SURFACE_SIDE_STYLE('',(#15288));
#15288 = SURFACE_STYLE_FILL_AREA(#15289);
#15289 = FILL_AREA_STYLE('',(#15290));
#15290 = FILL_AREA_STYLE_COLOUR('',#14426);
#15291 = OVER_RIDING_STYLED_ITEM('overriding color',(#15292),#12342,
  #12741);
#15292 = PRESENTATION_STYLE_ASSIGNMENT((#15293));
#15293 = SURFACE_STYLE_USAGE(.BOTH.,#15294);
#15294 = SURFACE_SIDE_STYLE('',(#15295));
#15295 = SURFACE_STYLE_FILL_AREA(#15296);
#15296 = FILL_AREA_STYLE('',(#15297));
#15297 = FILL_AREA_STYLE_COLOUR('',#14426);
#15298 = OVER_RIDING_STYLED_ITEM('overriding color',(#15299),#12351,
  #12741);
#15299 = PRESENTATION_STYLE_ASSIGNMENT((#15300));
#15300 = SURFACE_STYLE_USAGE(.BOTH.,#15301);
#15301 = SURFACE_SIDE_STYLE('',(#15302));
#15302 = SURFACE_STYLE_FILL_AREA(#15303);
#15303 = FILL_AREA_STYLE('',(#15304));
#15304 = FILL_AREA_STYLE_COLOUR('',#12960);
#15305 = OVER_RIDING_STYLED_ITEM('overriding color',(#15306),#12396,
  #12741);
#15306 = PRESENTATION_STYLE_ASSIGNMENT((#15307));
#15307 = SURFACE_STYLE_USAGE(.BOTH.,#15308);
#15308 = SURFACE_SIDE_STYLE('',(#15309));
#15309 = SURFACE_STYLE_FILL_AREA(#15310);
#15310 = FILL_AREA_STYLE('',(#15311));
#15311 = FILL_AREA_STYLE_COLOUR('',#12960);
#15312 = OVER_RIDING_STYLED_ITEM('overriding color',(#15313),#12421,
  #12741);
#15313 = PRESENTATION_STYLE_ASSIGNMENT((#15314));
#15314 = SURFACE_STYLE_USAGE(.BOTH.,#15315);
#15315 = SURFACE_SIDE_STYLE('',(#15316));
#15316 = SURFACE_STYLE_FILL_AREA(#15317);
#15317 = FILL_AREA_STYLE('',(#15318));
#15318 = FILL_AREA_STYLE_COLOUR('',#12960);
#15319 = OVER_RIDING_STYLED_ITEM('overriding color',(#15320),#12450,
  #12741);
#15320 = PRESENTATION_STYLE_ASSIGNMENT((#15321));
#15321 = SURFACE_STYLE_USAGE(.BOTH.,#15322);
#15322 = SURFACE_SIDE_STYLE('',(#15323));
#15323 = SURFACE_STYLE_FILL_AREA(#15324);
#15324 = FILL_AREA_STYLE('',(#15325));
#15325 = FILL_AREA_STYLE_COLOUR('',#12960);
#15326 = OVER_RIDING_STYLED_ITEM('overriding color',(#15327),#12459,
  #12741);
#15327 = PRESENTATION_STYLE_ASSIGNMENT((#15328));
#15328 = SURFACE_STYLE_USAGE(.BOTH.,#15329);
#15329 = SURFACE_SIDE_STYLE('',(#15330));
#15330 = SURFACE_STYLE_FILL_AREA(#15331);
#15331 = FILL_AREA_STYLE('',(#15332));
#15332 = FILL_AREA_STYLE_COLOUR('',#15220);
#15333 = OVER_RIDING_STYLED_ITEM('overriding color',(#15334),#12469,
  #12741);
#15334 = PRESENTATION_STYLE_ASSIGNMENT((#15335));
#15335 = SURFACE_STYLE_USAGE(.BOTH.,#15336);
#15336 = SURFACE_SIDE_STYLE('',(#15337));
#15337 = SURFACE_STYLE_FILL_AREA(#15338);
#15338 = FILL_AREA_STYLE('',(#15339));
#15339 = FILL_AREA_STYLE_COLOUR('',#14426);
#15340 = OVER_RIDING_STYLED_ITEM('overriding color',(#15341),#12501,
  #12741);
#15341 = PRESENTATION_STYLE_ASSIGNMENT((#15342));
#15342 = SURFACE_STYLE_USAGE(.BOTH.,#15343);
#15343 = SURFACE_SIDE_STYLE('',(#15344));
#15344 = SURFACE_STYLE_FILL_AREA(#15345);
#15345 = FILL_AREA_STYLE('',(#15346));
#15346 = FILL_AREA_STYLE_COLOUR('',#14426);
#15347 = OVER_RIDING_STYLED_ITEM('overriding color',(#15348),#12517,
  #12741);
#15348 = PRESENTATION_STYLE_ASSIGNMENT((#15349));
#15349 = SURFACE_STYLE_USAGE(.BOTH.,#15350);
#15350 = SURFACE_SIDE_STYLE('',(#15351));
#15351 = SURFACE_STYLE_FILL_AREA(#15352);
#15352 = FILL_AREA_STYLE('',(#15353));
#15353 = FILL_AREA_STYLE_COLOUR('',#14426);
#15354 = OVER_RIDING_STYLED_ITEM('overriding color',(#15355),#12526,
  #12741);
#15355 = PRESENTATION_STYLE_ASSIGNMENT((#15356));
#15356 = SURFACE_STYLE_USAGE(.BOTH.,#15357);
#15357 = SURFACE_SIDE_STYLE('',(#15358));
#15358 = SURFACE_STYLE_FILL_AREA(#15359);
#15359 = FILL_AREA_STYLE('',(#15360));
#15360 = FILL_AREA_STYLE_COLOUR('',#12960);
#15361 = OVER_RIDING_STYLED_ITEM('overriding color',(#15362),#12571,
  #12741);
#15362 = PRESENTATION_STYLE_ASSIGNMENT((#15363));
#15363 = SURFACE_STYLE_USAGE(.BOTH.,#15364);
#15364 = SURFACE_SIDE_STYLE('',(#15365));
#15365 = SURFACE_STYLE_FILL_AREA(#15366);
#15366 = FILL_AREA_STYLE('',(#15367));
#15367 = FILL_AREA_STYLE_COLOUR('',#12960);
#15368 = OVER_RIDING_STYLED_ITEM('overriding color',(#15369),#12596,
  #12741);
#15369 = PRESENTATION_STYLE_ASSIGNMENT((#15370));
#15370 = SURFACE_STYLE_USAGE(.BOTH.,#15371);
#15371 = SURFACE_SIDE_STYLE('',(#15372));
#15372 = SURFACE_STYLE_FILL_AREA(#15373);
#15373 = FILL_AREA_STYLE('',(#15374));
#15374 = FILL_AREA_STYLE_COLOUR('',#12960);
#15375 = OVER_RIDING_STYLED_ITEM('overriding color',(#15376),#12625,
  #12741);
#15376 = PRESENTATION_STYLE_ASSIGNMENT((#15377));
#15377 = SURFACE_STYLE_USAGE(.BOTH.,#15378);
#15378 = SURFACE_SIDE_STYLE('',(#15379));
#15379 = SURFACE_STYLE_FILL_AREA(#15380);
#15380 = FILL_AREA_STYLE('',(#15381));
#15381 = FILL_AREA_STYLE_COLOUR('',#12960);
#15382 = OVER_RIDING_STYLED_ITEM('overriding color',(#15383),#12634,
  #12741);
#15383 = PRESENTATION_STYLE_ASSIGNMENT((#15384));
#15384 = SURFACE_STYLE_USAGE(.BOTH.,#15385);
#15385 = SURFACE_SIDE_STYLE('',(#15386));
#15386 = SURFACE_STYLE_FILL_AREA(#15387);
#15387 = FILL_AREA_STYLE('',(#15388));
#15388 = FILL_AREA_STYLE_COLOUR('',#15220);
#15389 = OVER_RIDING_STYLED_ITEM('overriding color',(#15390),#12644,
  #12741);
#15390 = PRESENTATION_STYLE_ASSIGNMENT((#15391));
#15391 = SURFACE_STYLE_USAGE(.BOTH.,#15392);
#15392 = SURFACE_SIDE_STYLE('',(#15393));
#15393 = SURFACE_STYLE_FILL_AREA(#15394);
#15394 = FILL_AREA_STYLE('',(#15395));
#15395 = FILL_AREA_STYLE_COLOUR('',#14426);
#15396 = OVER_RIDING_STYLED_ITEM('overriding color',(#15397),#12676,
  #12741);
#15397 = PRESENTATION_STYLE_ASSIGNMENT((#15398));
#15398 = SURFACE_STYLE_USAGE(.BOTH.,#15399);
#15399 = SURFACE_SIDE_STYLE('',(#15400));
#15400 = SURFACE_STYLE_FILL_AREA(#15401);
#15401 = FILL_AREA_STYLE('',(#15402));
#15402 = FILL_AREA_STYLE_COLOUR('',#14426);
#15403 = OVER_RIDING_STYLED_ITEM('overriding color',(#15404),#12692,
  #12741);
#15404 = PRESENTATION_STYLE_ASSIGNMENT((#15405));
#15405 = SURFACE_STYLE_USAGE(.BOTH.,#15406);
#15406 = SURFACE_SIDE_STYLE('',(#15407));
#15407 = SURFACE_STYLE_FILL_AREA(#15408);
#15408 = FILL_AREA_STYLE('',(#15409));
#15409 = FILL_AREA_STYLE_COLOUR('',#14426);
#15410 = OVER_RIDING_STYLED_ITEM('overriding color',(#15411),#12701,
  #12741);
#15411 = PRESENTATION_STYLE_ASSIGNMENT((#15412));
#15412 = SURFACE_STYLE_USAGE(.BOTH.,#15413);
#15413 = SURFACE_SIDE_STYLE('',(#15414));
#15414 = SURFACE_STYLE_FILL_AREA(#15415);
#15415 = FILL_AREA_STYLE('',(#15416));
#15416 = FILL_AREA_STYLE_COLOUR('',#15417);
#15417 = COLOUR_RGB('',0.639215996638,0.639215996638,0.686275001135);
#15418 = OVER_RIDING_STYLED_ITEM('overriding color',(#15419),#12718,
  #12741);
#15419 = PRESENTATION_STYLE_ASSIGNMENT((#15420));
#15420 = SURFACE_STYLE_USAGE(.BOTH.,#15421);
#15421 = SURFACE_SIDE_STYLE('',(#15422));
#15422 = SURFACE_STYLE_FILL_AREA(#15423);
#15423 = FILL_AREA_STYLE('',(#15424));
#15424 = FILL_AREA_STYLE_COLOUR('',#15417);
ENDSEC;
END-ISO-10303-21;
