# Exported by Open CASCADE Technology [dev.opencascade.org]
#  Vertices: 3494
#     Faces: 5078
g the product name
v 8.020285 3.125000 0.000000
v 8.016178 3.171934 0.000000
v 8.003984 3.217443 0.000000
v 7.984074 3.260142 0.000000
v 7.957050 3.298736 0.000000
v 7.923736 3.332050 0.000000
v 7.885142 3.359073 0.000000
v 7.842443 3.378984 0.000000
v 7.796935 3.391178 0.000000
v 7.750000 3.395285 0.000000
v 7.703065 3.391178 0.000000
v 7.657557 3.378984 0.000000
v 7.614858 3.359073 0.000000
v 7.576264 3.332050 0.000000
v 7.542950 3.298736 0.000000
v 7.515926 3.260142 0.000000
v 7.496016 3.217443 0.000000
v 7.483821 3.171934 0.000000
v 7.479715 3.125000 0.000000
v 7.483821 3.078066 0.000000
v 7.496016 3.032557 0.000000
v 7.515926 2.989858 0.000000
v 7.542950 2.951264 0.000000
v 7.576264 2.917950 0.000000
v 7.614858 2.890927 0.000000
v 7.657557 2.871016 0.000000
v 7.703065 2.858822 0.000000
v 7.750000 2.854715 0.000000
v 7.796935 2.858822 0.000000
v 7.842443 2.871016 0.000000
v 7.885142 2.890927 0.000000
v 7.923736 2.917950 0.000000
v 7.957050 2.951264 0.000000
v 7.984074 2.989858 0.000000
v 8.003984 3.032557 0.000000
v 8.016178 3.078066 0.000000
v 8.020285 3.125000 0.000000
v 8.041990 3.125000 0.001899
v 8.063037 3.125000 0.007538
v 8.082785 3.125000 0.016747
v 8.100634 3.125000 0.029244
v 8.116040 3.125000 0.044652
v 8.128538 3.125000 0.062500
v 8.137746 3.125000 0.082247
v 8.143386 3.125000 0.103294
v 8.145285 3.125000 0.125000
v 8.139279 3.056360 0.125000
v 8.121446 2.989805 0.125000
v 8.092326 2.927358 0.125000
v 8.052806 2.870916 0.125000
v 8.004085 2.822194 0.125000
v 7.947642 2.782673 0.125000
v 7.885195 2.753554 0.125000
v 7.818640 2.735721 0.125000
v 7.750000 2.729715 0.125000
v 7.681360 2.735721 0.125000
v 7.614805 2.753554 0.125000
v 7.552358 2.782673 0.125000
v 7.495916 2.822194 0.125000
v 7.447195 2.870916 0.125000
v 7.407673 2.927358 0.125000
v 7.378554 2.989805 0.125000
v 7.360721 3.056360 0.125000
v 7.354715 3.125000 0.125000
v 7.360721 3.193640 0.125000
v 7.378554 3.260195 0.125000
v 7.407673 3.322642 0.125000
v 7.447195 3.379084 0.125000
v 7.495916 3.427806 0.125000
v 7.552358 3.467327 0.125000
v 7.614805 3.496446 0.125000
v 7.681360 3.514279 0.125000
v 7.750000 3.520285 0.125000
v 7.818640 3.514279 0.125000
v 7.885195 3.496446 0.125000
v 7.947642 3.467327 0.125000
v 8.004085 3.427806 0.125000
v 8.052806 3.379084 0.125000
v 8.092326 3.322642 0.125000
v 8.121446 3.260195 0.125000
v 8.139279 3.193640 0.125000
v 8.145285 3.125000 0.125000
v 8.041990 3.125000 0.001899
v 8.063037 3.125000 0.007538
v 8.082785 3.125000 0.016747
v 8.100634 3.125000 0.029244
v 8.116040 3.125000 0.044652
v 8.128538 3.125000 0.062500
v 8.137746 3.125000 0.082247
v 8.143386 3.125000 0.103294
v 8.037555 3.175704 0.001899
v 8.058282 3.179358 0.007538
v 8.077729 3.182787 0.016747
v 8.024382 3.224867 0.001899
v 8.095306 3.185887 0.029244
v 8.044159 3.232065 0.007538
v 8.110479 3.188562 0.044652
v 8.062716 3.238819 0.016747
v 8.122787 3.190732 0.062500
v 8.002872 3.270995 0.001899
v 8.079488 3.244924 0.029244
v 8.131856 3.192332 0.082247
v 8.021098 3.281519 0.007538
v 8.093966 3.250193 0.044652
v 8.137409 3.193311 0.103294
v 8.038200 3.291392 0.016747
v 8.105709 3.254467 0.062500
v 7.973678 3.312688 0.001899
v 8.053658 3.300317 0.029244
v 8.114363 3.257617 0.082247
v 7.989800 3.326216 0.007538
v 8.067000 3.308020 0.044652
v 8.119661 3.259546 0.103294
v 8.004928 3.338910 0.016747
v 8.077824 3.314269 0.062500
v 7.937688 3.348678 0.001899
v 8.018600 3.350383 0.029244
v 8.085798 3.318873 0.082247
v 7.951216 3.364800 0.007538
v 8.030403 3.360286 0.044652
v 8.090682 3.321693 0.103294
v 7.963910 3.379928 0.016747
v 8.039977 3.368320 0.062500
v 7.895995 3.377871 0.001899
v 7.975383 3.393600 0.029244
v 8.047030 3.374238 0.082247
v 7.906518 3.396098 0.007538
v 7.985286 3.405403 0.044652
v 8.051351 3.377863 0.103294
v 7.916392 3.413200 0.016747
v 7.993320 3.414977 0.062500
v 7.849867 3.399382 0.001899
v 7.925317 3.428657 0.029244
v 7.999238 3.422031 0.082247
v 7.857065 3.419159 0.007538
v 7.933020 3.442000 0.044652
v 8.002864 3.426351 0.103294
v 7.863819 3.437715 0.016747
v 7.939269 3.452823 0.062500
v 7.800704 3.412555 0.001899
v 7.869924 3.454487 0.029244
v 7.943873 3.460798 0.082247
v 7.804358 3.433281 0.007538
v 7.875193 3.468965 0.044652
v 7.946693 3.465682 0.103294
v 7.807787 3.452729 0.016747
v 7.879467 3.480709 0.062500
v 7.750000 3.416991 0.001899
v 7.810887 3.470306 0.029244
v 7.882617 3.489362 0.082247
v 7.750000 3.438037 0.007538
v 7.813562 3.485479 0.044652
v 7.884546 3.494662 0.103294
v 7.750000 3.457785 0.016747
v 7.815732 3.497787 0.062500
v 7.699296 3.412555 0.001899
v 7.750000 3.475633 0.029244
v 7.817331 3.506855 0.082247
v 7.695642 3.433281 0.007538
v 7.750000 3.491040 0.044652
v 7.818311 3.512409 0.103294
v 7.692213 3.452729 0.016747
v 7.750000 3.503538 0.062500
v 7.650133 3.399382 0.001899
v 7.689113 3.470306 0.029244
v 7.750000 3.512746 0.082247
v 7.642935 3.419159 0.007538
v 7.686438 3.485479 0.044652
v 7.750000 3.518386 0.103294
v 7.636181 3.437715 0.016747
v 7.684268 3.497787 0.062500
v 7.604005 3.377871 0.001899
v 7.630076 3.454487 0.029244
v 7.682669 3.506855 0.082247
v 7.593482 3.396098 0.007538
v 7.624807 3.468965 0.044652
v 7.681689 3.512409 0.103294
v 7.583608 3.413200 0.016747
v 7.620533 3.480709 0.062500
v 7.562312 3.348678 0.001899
v 7.574683 3.428657 0.029244
v 7.617383 3.489362 0.082247
v 7.548784 3.364800 0.007538
v 7.566980 3.442000 0.044652
v 7.615454 3.494662 0.103294
v 7.536090 3.379928 0.016747
v 7.560731 3.452823 0.062500
v 7.526322 3.312688 0.001899
v 7.524617 3.393600 0.029244
v 7.556127 3.460798 0.082247
v 7.510200 3.326216 0.007538
v 7.514714 3.405403 0.044652
v 7.553307 3.465682 0.103294
v 7.495072 3.338910 0.016747
v 7.506680 3.414977 0.062500
v 7.497128 3.270995 0.001899
v 7.481400 3.350383 0.029244
v 7.500762 3.422031 0.082247
v 7.478902 3.281519 0.007538
v 7.469597 3.360286 0.044652
v 7.497137 3.426351 0.103294
v 7.461800 3.291392 0.016747
v 7.460023 3.368320 0.062500
v 7.475618 3.224867 0.001899
v 7.446343 3.300317 0.029244
v 7.452969 3.374238 0.082247
v 7.455841 3.232065 0.007538
v 7.433000 3.308020 0.044652
v 7.448649 3.377863 0.103294
v 7.437284 3.238819 0.016747
v 7.422176 3.314269 0.062500
v 7.462445 3.175704 0.001899
v 7.420513 3.244924 0.029244
v 7.414202 3.318873 0.082247
v 7.441719 3.179358 0.007538
v 7.406034 3.250193 0.044652
v 7.409318 3.321693 0.103294
v 7.422271 3.182787 0.016747
v 7.394291 3.254467 0.062500
v 7.458009 3.125000 0.001899
v 7.404694 3.185887 0.029244
v 7.385638 3.257617 0.082247
v 7.436963 3.125000 0.007538
v 7.389521 3.188562 0.044652
v 7.380338 3.259546 0.103294
v 7.417215 3.125000 0.016747
v 7.377213 3.190732 0.062500
v 7.462445 3.074296 0.001899
v 7.399367 3.125000 0.029244
v 7.368145 3.192332 0.082247
v 7.441719 3.070642 0.007538
v 7.383960 3.125000 0.044652
v 7.362591 3.193311 0.103294
v 7.422271 3.067213 0.016747
v 7.371462 3.125000 0.062500
v 7.475618 3.025133 0.001899
v 7.404694 3.064113 0.029244
v 7.362254 3.125000 0.082247
v 7.455841 3.017935 0.007538
v 7.389521 3.061438 0.044652
v 7.356614 3.125000 0.103294
v 7.437284 3.011181 0.016747
v 7.377213 3.059268 0.062500
v 7.497128 2.979005 0.001899
v 7.420513 3.005076 0.029244
v 7.368145 3.057668 0.082247
v 7.478902 2.968481 0.007538
v 7.406034 2.999807 0.044652
v 7.362591 3.056689 0.103294
v 7.461800 2.958608 0.016747
v 7.394291 2.995533 0.062500
v 7.526322 2.937312 0.001899
v 7.446343 2.949683 0.029244
v 7.385638 2.992383 0.082247
v 7.510200 2.923784 0.007538
v 7.433000 2.941980 0.044652
v 7.380338 2.990454 0.103294
v 7.495072 2.911090 0.016747
v 7.422176 2.935731 0.062500
v 7.562312 2.901322 0.001899
v 7.481400 2.899617 0.029244
v 7.414202 2.931127 0.082247
v 7.548784 2.885200 0.007538
v 7.469597 2.889714 0.044652
v 7.409318 2.928307 0.103294
v 7.536090 2.870072 0.016747
v 7.460023 2.881680 0.062500
v 7.604005 2.872129 0.001899
v 7.524617 2.856400 0.029244
v 7.452969 2.875762 0.082247
v 7.593482 2.853902 0.007538
v 7.514714 2.844597 0.044652
v 7.448649 2.872137 0.103294
v 7.583608 2.836800 0.016747
v 7.506680 2.835023 0.062500
v 7.650133 2.850618 0.001899
v 7.574683 2.821343 0.029244
v 7.500762 2.827969 0.082247
v 7.642935 2.830841 0.007538
v 7.566980 2.808000 0.044652
v 7.497137 2.823649 0.103294
v 7.636181 2.812285 0.016747
v 7.560731 2.797177 0.062500
v 7.699296 2.837445 0.001899
v 7.630076 2.795513 0.029244
v 7.556127 2.789202 0.082247
v 7.695642 2.816719 0.007538
v 7.624807 2.781035 0.044652
v 7.553307 2.784318 0.103294
v 7.692213 2.797271 0.016747
v 7.620533 2.769291 0.062500
v 7.750000 2.833009 0.001899
v 7.689113 2.779694 0.029244
v 7.617383 2.760638 0.082247
v 7.750000 2.811963 0.007538
v 7.686438 2.764521 0.044652
v 7.615454 2.755338 0.103294
v 7.750000 2.792215 0.016747
v 7.684268 2.752213 0.062500
v 7.800704 2.837445 0.001899
v 7.750000 2.774367 0.029244
v 7.682669 2.743145 0.082247
v 7.804358 2.816719 0.007538
v 7.750000 2.758960 0.044652
v 7.681689 2.737591 0.103294
v 7.807787 2.797271 0.016747
v 7.750000 2.746462 0.062500
v 7.849867 2.850618 0.001899
v 7.810887 2.779694 0.029244
v 7.750000 2.737254 0.082247
v 7.857065 2.830841 0.007538
v 7.813562 2.764521 0.044652
v 7.750000 2.731614 0.103294
v 7.863819 2.812285 0.016747
v 7.815732 2.752213 0.062500
v 7.895995 2.872129 0.001899
v 7.869924 2.795513 0.029244
v 7.817331 2.743145 0.082247
v 7.906518 2.853902 0.007538
v 7.875193 2.781035 0.044652
v 7.818311 2.737591 0.103294
v 7.916392 2.836800 0.016747
v 7.879467 2.769291 0.062500
v 7.937688 2.901322 0.001899
v 7.925317 2.821343 0.029244
v 7.882617 2.760638 0.082247
v 7.951216 2.885200 0.007538
v 7.933020 2.808000 0.044652
v 7.884546 2.755338 0.103294
v 7.963910 2.870072 0.016747
v 7.939269 2.797177 0.062500
v 7.973678 2.937312 0.001899
v 7.975383 2.856400 0.029244
v 7.943873 2.789202 0.082247
v 7.989800 2.923784 0.007538
v 7.985286 2.844597 0.044652
v 7.946693 2.784318 0.103294
v 8.004928 2.911090 0.016747
v 7.993320 2.835023 0.062500
v 8.002872 2.979005 0.001899
v 8.018600 2.899617 0.029244
v 7.999238 2.827969 0.082247
v 8.021098 2.968481 0.007538
v 8.030403 2.889714 0.044652
v 8.002864 2.823649 0.103294
v 8.038200 2.958608 0.016747
v 8.039977 2.881680 0.062500
v 8.024382 3.025133 0.001899
v 8.053658 2.949683 0.029244
v 8.047030 2.875762 0.082247
v 8.044159 3.017935 0.007538
v 8.067000 2.941980 0.044652
v 8.051351 2.872137 0.103294
v 8.062716 3.011181 0.016747
v 8.077824 2.935731 0.062500
v 8.037555 3.074296 0.001899
v 8.079488 3.005076 0.029244
v 8.085798 2.931127 0.082247
v 8.058282 3.070642 0.007538
v 8.093966 2.999807 0.044652
v 8.090682 2.928307 0.103294
v 8.077729 3.067213 0.016747
v 8.105709 2.995533 0.062500
v 8.095306 3.064113 0.029244
v 8.114363 2.992383 0.082247
v 8.110479 3.061438 0.044652
v 8.119661 2.990454 0.103294
v 8.122787 3.059268 0.062500
v 8.131856 3.057668 0.082247
v 8.137409 3.056689 0.103294
vn -0.000000 -0.000000 -1.000000
vn 0.000000 0.000000 -1.000000
vn 0.000000 0.000000 -1.000000
vn 0.000000 0.000000 -1.000000
vn 0.000000 0.000000 -1.000000
vn 0.000000 0.000000 -1.000000
vn 0.000000 0.000000 -1.000000
vn 0.000000 0.000000 -1.000000
vn 0.000000 0.000000 -1.000000
vn -0.000000 0.000000 -1.000000
vn -0.000000 0.000000 -1.000000
vn -0.000000 0.000000 -1.000000
vn -0.000000 0.000000 -1.000000
vn -0.000000 0.000000 -1.000000
vn -0.000000 0.000000 -1.000000
vn -0.000000 0.000000 -1.000000
vn -0.000000 0.000000 -1.000000
vn -0.000000 0.000000 -1.000000
vn -0.000000 -0.000000 -1.000000
vn -0.000000 -0.000000 -1.000000
vn -0.000000 -0.000000 -1.000000
vn -0.000000 -0.000000 -1.000000
vn -0.000000 -0.000000 -1.000000
vn -0.000000 -0.000000 -1.000000
vn -0.000000 -0.000000 -1.000000
vn -0.000000 -0.000000 -1.000000
vn -0.000000 -0.000000 -1.000000
vn 0.000000 -0.000000 -1.000000
vn 0.000000 -0.000000 -1.000000
vn 0.000000 -0.000000 -1.000000
vn 0.000000 -0.000000 -1.000000
vn 0.000000 -0.000000 -1.000000
vn 0.000000 -0.000000 -1.000000
vn 0.000000 -0.000000 -1.000000
vn 0.000000 -0.000000 -1.000000
vn 0.000000 -0.000000 -1.000000
vn -0.000000 0.000000 -1.000000
vn 0.173648 0.000000 -0.984808
vn 0.342020 0.000000 -0.939693
vn 0.500000 0.000000 -0.866025
vn 0.642788 0.000000 -0.766044
vn 0.766044 0.000000 -0.642788
vn 0.866025 0.000000 -0.500000
vn 0.939693 0.000000 -0.342020
vn 0.984808 0.000000 -0.173648
vn 1.000000 0.000000 0.000000
vn 0.984808 -0.173648 0.000000
vn 0.939693 -0.342020 0.000000
vn 0.866025 -0.500000 0.000000
vn 0.766044 -0.642788 0.000000
vn 0.642788 -0.766044 0.000000
vn 0.500000 -0.866025 0.000000
vn 0.342020 -0.939693 0.000000
vn 0.173648 -0.984808 0.000000
vn 0.000000 -1.000000 0.000000
vn -0.173648 -0.984808 0.000000
vn -0.342020 -0.939693 0.000000
vn -0.500000 -0.866025 0.000000
vn -0.642788 -0.766044 0.000000
vn -0.766044 -0.642788 0.000000
vn -0.866025 -0.500000 0.000000
vn -0.939693 -0.342020 0.000000
vn -0.984808 -0.173648 0.000000
vn -1.000000 -0.000000 0.000000
vn -0.984808 0.173648 0.000000
vn -0.939693 0.342020 0.000000
vn -0.866025 0.500000 0.000000
vn -0.766044 0.642788 0.000000
vn -0.642788 0.766044 0.000000
vn -0.500000 0.866025 0.000000
vn -0.342020 0.939693 0.000000
vn -0.173648 0.984808 0.000000
vn -0.000000 1.000000 0.000000
vn 0.173648 0.984808 0.000000
vn 0.342020 0.939693 0.000000
vn 0.500000 0.866025 0.000000
vn 0.642788 0.766044 0.000000
vn 0.766044 0.642788 0.000000
vn 0.866025 0.500000 0.000000
vn 0.939693 0.342020 0.000000
vn 0.984808 0.173648 0.000000
vn 1.000000 0.000000 -0.000000
vn 0.173648 0.000000 -0.984808
vn 0.342020 0.000000 -0.939693
vn 0.500000 0.000000 -0.866025
vn 0.642788 0.000000 -0.766044
vn 0.766044 0.000000 -0.642788
vn 0.866025 0.000000 -0.500000
vn 0.939693 0.000000 -0.342020
vn 0.984808 0.000000 -0.173648
vn 0.171010 0.030154 -0.984808
vn 0.336824 0.059391 -0.939693
vn 0.492404 0.086824 -0.866025
vn 0.163176 0.059391 -0.984808
vn 0.633022 0.111619 -0.766044
vn 0.321394 0.116978 -0.939693
vn 0.754407 0.133022 -0.642788
vn 0.469846 0.171010 -0.866025
vn 0.852869 0.150384 -0.500000
vn 0.150384 0.086824 -0.984808
vn 0.604023 0.219846 -0.766044
vn 0.925417 0.163176 -0.342020
vn 0.296198 0.171010 -0.939693
vn 0.719846 0.262003 -0.642788
vn 0.969846 0.171010 -0.173648
vn 0.433013 0.250000 -0.866025
vn 0.813798 0.296198 -0.500000
vn 0.133022 0.111619 -0.984808
vn 0.556670 0.321394 -0.766044
vn 0.883022 0.321394 -0.342020
vn 0.262003 0.219846 -0.939693
vn 0.663414 0.383022 -0.642788
vn 0.925417 0.336824 -0.173648
vn 0.383022 0.321394 -0.866025
vn 0.750000 0.433013 -0.500000
vn 0.111619 0.133022 -0.984808
vn 0.492404 0.413176 -0.766044
vn 0.813798 0.469846 -0.342020
vn 0.219846 0.262003 -0.939693
vn 0.586824 0.492404 -0.642788
vn 0.852869 0.492404 -0.173648
vn 0.321394 0.383022 -0.866025
vn 0.663414 0.556670 -0.500000
vn 0.086824 0.150384 -0.984808
vn 0.413176 0.492404 -0.766044
vn 0.719846 0.604023 -0.342020
vn 0.171010 0.296198 -0.939693
vn 0.492404 0.586824 -0.642788
vn 0.754407 0.633022 -0.173648
vn 0.250000 0.433013 -0.866025
vn 0.556670 0.663414 -0.500000
vn 0.059391 0.163176 -0.984808
vn 0.321394 0.556670 -0.766044
vn 0.604023 0.719846 -0.342020
vn 0.116978 0.321394 -0.939693
vn 0.383022 0.663414 -0.642788
vn 0.633022 0.754407 -0.173648
vn 0.171010 0.469846 -0.866025
vn 0.433013 0.750000 -0.500000
vn 0.030154 0.171010 -0.984808
vn 0.219846 0.604023 -0.766044
vn 0.469846 0.813798 -0.342020
vn 0.059391 0.336824 -0.939693
vn 0.262003 0.719846 -0.642788
vn 0.492404 0.852869 -0.173648
vn 0.086824 0.492404 -0.866025
vn 0.296198 0.813798 -0.500000
vn -0.000000 0.173648 -0.984808
vn 0.111619 0.633022 -0.766044
vn 0.321394 0.883022 -0.342020
vn -0.000000 0.342020 -0.939693
vn 0.133022 0.754407 -0.642788
vn 0.336824 0.925417 -0.173648
vn -0.000000 0.500000 -0.866025
vn 0.150384 0.852869 -0.500000
vn -0.030154 0.171010 -0.984808
vn -0.000000 0.642788 -0.766044
vn 0.163176 0.925417 -0.342020
vn -0.059391 0.336824 -0.939693
vn -0.000000 0.766044 -0.642788
vn 0.171010 0.969846 -0.173648
vn -0.086824 0.492404 -0.866025
vn -0.000000 0.866025 -0.500000
vn -0.059391 0.163176 -0.984808
vn -0.111619 0.633022 -0.766044
vn -0.000000 0.939693 -0.342020
vn -0.116978 0.321394 -0.939693
vn -0.133022 0.754407 -0.642788
vn -0.000000 0.984808 -0.173648
vn -0.171010 0.469846 -0.866025
vn -0.150384 0.852869 -0.500000
vn -0.086824 0.150384 -0.984808
vn -0.219846 0.604023 -0.766044
vn -0.163176 0.925417 -0.342020
vn -0.171010 0.296198 -0.939693
vn -0.262003 0.719846 -0.642788
vn -0.171010 0.969846 -0.173648
vn -0.250000 0.433013 -0.866025
vn -0.296198 0.813798 -0.500000
vn -0.111619 0.133022 -0.984808
vn -0.321394 0.556670 -0.766044
vn -0.321394 0.883022 -0.342020
vn -0.219846 0.262003 -0.939693
vn -0.383022 0.663414 -0.642788
vn -0.336824 0.925417 -0.173648
vn -0.321394 0.383022 -0.866025
vn -0.433013 0.750000 -0.500000
vn -0.133022 0.111619 -0.984808
vn -0.413176 0.492404 -0.766044
vn -0.469846 0.813798 -0.342020
vn -0.262003 0.219846 -0.939693
vn -0.492404 0.586824 -0.642788
vn -0.492404 0.852869 -0.173648
vn -0.383022 0.321394 -0.866025
vn -0.556670 0.663414 -0.500000
vn -0.150384 0.086824 -0.984808
vn -0.492404 0.413176 -0.766044
vn -0.604023 0.719846 -0.342020
vn -0.296198 0.171010 -0.939693
vn -0.586824 0.492404 -0.642788
vn -0.633022 0.754407 -0.173648
vn -0.433013 0.250000 -0.866025
vn -0.663414 0.556670 -0.500000
vn -0.163176 0.059391 -0.984808
vn -0.556670 0.321394 -0.766044
vn -0.719846 0.604023 -0.342020
vn -0.321394 0.116978 -0.939693
vn -0.663414 0.383022 -0.642788
vn -0.754407 0.633022 -0.173648
vn -0.469846 0.171010 -0.866025
vn -0.750000 0.433013 -0.500000
vn -0.171010 0.030154 -0.984808
vn -0.604023 0.219846 -0.766044
vn -0.813798 0.469846 -0.342020
vn -0.336824 0.059391 -0.939693
vn -0.719846 0.262003 -0.642788
vn -0.852869 0.492404 -0.173648
vn -0.492404 0.086824 -0.866025
vn -0.813798 0.296198 -0.500000
vn -0.173648 -0.000000 -0.984808
vn -0.633022 0.111619 -0.766044
vn -0.883022 0.321394 -0.342020
vn -0.342020 -0.000000 -0.939693
vn -0.754407 0.133022 -0.642788
vn -0.925417 0.336824 -0.173648
vn -0.500000 -0.000000 -0.866025
vn -0.852869 0.150384 -0.500000
vn -0.171010 -0.030154 -0.984808
vn -0.642788 -0.000000 -0.766044
vn -0.925417 0.163176 -0.342020
vn -0.336824 -0.059391 -0.939693
vn -0.766044 -0.000000 -0.642788
vn -0.969846 0.171010 -0.173648
vn -0.492404 -0.086824 -0.866025
vn -0.866025 -0.000000 -0.500000
vn -0.163176 -0.059391 -0.984808
vn -0.633022 -0.111619 -0.766044
vn -0.939693 -0.000000 -0.342020
vn -0.321394 -0.116978 -0.939693
vn -0.754407 -0.133022 -0.642788
vn -0.984808 -0.000000 -0.173648
vn -0.469846 -0.171010 -0.866025
vn -0.852869 -0.150384 -0.500000
vn -0.150384 -0.086824 -0.984808
vn -0.604023 -0.219846 -0.766044
vn -0.925417 -0.163176 -0.342020
vn -0.296198 -0.171010 -0.939693
vn -0.719846 -0.262003 -0.642788
vn -0.969846 -0.171010 -0.173648
vn -0.433013 -0.250000 -0.866025
vn -0.813798 -0.296198 -0.500000
vn -0.133022 -0.111619 -0.984808
vn -0.556670 -0.321394 -0.766044
vn -0.883022 -0.321394 -0.342020
vn -0.262003 -0.219846 -0.939693
vn -0.663414 -0.383022 -0.642788
vn -0.925417 -0.336824 -0.173648
vn -0.383022 -0.321394 -0.866025
vn -0.750000 -0.433013 -0.500000
vn -0.111619 -0.133022 -0.984808
vn -0.492404 -0.413176 -0.766044
vn -0.813798 -0.469846 -0.342020
vn -0.219846 -0.262003 -0.939693
vn -0.586824 -0.492404 -0.642788
vn -0.852869 -0.492404 -0.173648
vn -0.321394 -0.383022 -0.866025
vn -0.663414 -0.556670 -0.500000
vn -0.086824 -0.150384 -0.984808
vn -0.413176 -0.492404 -0.766044
vn -0.719846 -0.604023 -0.342020
vn -0.171010 -0.296198 -0.939693
vn -0.492404 -0.586824 -0.642788
vn -0.754407 -0.633022 -0.173648
vn -0.250000 -0.433013 -0.866025
vn -0.556670 -0.663414 -0.500000
vn -0.059391 -0.163176 -0.984808
vn -0.321394 -0.556670 -0.766044
vn -0.604023 -0.719846 -0.342020
vn -0.116978 -0.321394 -0.939693
vn -0.383022 -0.663414 -0.642788
vn -0.633022 -0.754407 -0.173648
vn -0.171010 -0.469846 -0.866025
vn -0.433013 -0.750000 -0.500000
vn -0.030154 -0.171010 -0.984808
vn -0.219846 -0.604023 -0.766044
vn -0.469846 -0.813798 -0.342020
vn -0.059391 -0.336824 -0.939693
vn -0.262003 -0.719846 -0.642788
vn -0.492404 -0.852869 -0.173648
vn -0.086824 -0.492404 -0.866025
vn -0.296198 -0.813798 -0.500000
vn 0.000000 -0.173648 -0.984808
vn -0.111619 -0.633022 -0.766044
vn -0.321394 -0.883022 -0.342020
vn 0.000000 -0.342020 -0.939693
vn -0.133022 -0.754407 -0.642788
vn -0.336824 -0.925417 -0.173648
vn 0.000000 -0.500000 -0.866025
vn -0.150384 -0.852869 -0.500000
vn 0.030154 -0.171010 -0.984808
vn 0.000000 -0.642788 -0.766044
vn -0.163176 -0.925417 -0.342020
vn 0.059391 -0.336824 -0.939693
vn 0.000000 -0.766044 -0.642788
vn -0.171010 -0.969846 -0.173648
vn 0.086824 -0.492404 -0.866025
vn 0.000000 -0.866025 -0.500000
vn 0.059391 -0.163176 -0.984808
vn 0.111619 -0.633022 -0.766044
vn 0.000000 -0.939693 -0.342020
vn 0.116978 -0.321394 -0.939693
vn 0.133022 -0.754407 -0.642788
vn 0.000000 -0.984808 -0.173648
vn 0.171010 -0.469846 -0.866025
vn 0.150384 -0.852869 -0.500000
vn 0.086824 -0.150384 -0.984808
vn 0.219846 -0.604023 -0.766044
vn 0.163176 -0.925417 -0.342020
vn 0.171010 -0.296198 -0.939693
vn 0.262003 -0.719846 -0.642788
vn 0.171010 -0.969846 -0.173648
vn 0.250000 -0.433013 -0.866025
vn 0.296198 -0.813798 -0.500000
vn 0.111619 -0.133022 -0.984808
vn 0.321394 -0.556670 -0.766044
vn 0.321394 -0.883022 -0.342020
vn 0.219846 -0.262003 -0.939693
vn 0.383022 -0.663414 -0.642788
vn 0.336824 -0.925417 -0.173648
vn 0.321394 -0.383022 -0.866025
vn 0.433013 -0.750000 -0.500000
vn 0.133022 -0.111619 -0.984808
vn 0.413176 -0.492404 -0.766044
vn 0.469846 -0.813798 -0.342020
vn 0.262003 -0.219846 -0.939693
vn 0.492404 -0.586824 -0.642788
vn 0.492404 -0.852869 -0.173648
vn 0.383022 -0.321394 -0.866025
vn 0.556670 -0.663414 -0.500000
vn 0.150384 -0.086824 -0.984808
vn 0.492404 -0.413176 -0.766044
vn 0.604023 -0.719846 -0.342020
vn 0.296198 -0.171010 -0.939693
vn 0.586824 -0.492404 -0.642788
vn 0.633022 -0.754407 -0.173648
vn 0.433013 -0.250000 -0.866025
vn 0.663414 -0.556670 -0.500000
vn 0.163176 -0.059391 -0.984808
vn 0.556670 -0.321394 -0.766044
vn 0.719846 -0.604023 -0.342020
vn 0.321394 -0.116978 -0.939693
vn 0.663414 -0.383022 -0.642788
vn 0.754407 -0.633022 -0.173648
vn 0.469846 -0.171010 -0.866025
vn 0.750000 -0.433013 -0.500000
vn 0.171010 -0.030154 -0.984808
vn 0.604023 -0.219846 -0.766044
vn 0.813798 -0.469846 -0.342020
vn 0.336824 -0.059391 -0.939693
vn 0.719846 -0.262003 -0.642788
vn 0.852869 -0.492404 -0.173648
vn 0.492404 -0.086824 -0.866025
vn 0.813798 -0.296198 -0.500000
vn 0.633022 -0.111619 -0.766044
vn 0.883022 -0.321394 -0.342020
vn 0.754407 -0.133022 -0.642788
vn 0.925417 -0.336824 -0.173648
vn 0.852869 -0.150384 -0.500000
vn 0.925417 -0.163176 -0.342020
vn 0.969846 -0.171010 -0.173648
vt 0.000000 4.712389
vt 0.174533 4.712389
vt 0.349066 4.712389
vt 0.523599 4.712389
vt 0.698132 4.712389
vt 0.872665 4.712389
vt 1.047198 4.712389
vt 1.221730 4.712389
vt 1.396263 4.712389
vt 1.570796 4.712389
vt 1.745329 4.712389
vt 1.919862 4.712389
vt 2.094395 4.712389
vt 2.268928 4.712389
vt 2.443461 4.712389
vt 2.617994 4.712389
vt 2.792527 4.712389
vt 2.967060 4.712389
vt 3.141593 4.712389
vt 3.316126 4.712389
vt 3.490659 4.712389
vt 3.665191 4.712389
vt 3.839724 4.712389
vt 4.014257 4.712389
vt 4.188790 4.712389
vt 4.363323 4.712389
vt 4.537856 4.712389
vt 4.712389 4.712389
vt 4.886922 4.712389
vt 5.061455 4.712389
vt 5.235988 4.712389
vt 5.410521 4.712389
vt 5.585053 4.712389
vt 5.759586 4.712389
vt 5.934119 4.712389
vt 6.108653 4.712389
vt 6.283185 4.712389
vt 6.283185 4.886922
vt 6.283185 5.061455
vt 6.283185 5.235988
vt 6.283185 5.410521
vt 6.283185 5.585053
vt 6.283185 5.759586
vt 6.283185 5.934119
vt 6.283185 6.108653
vt 6.283185 6.283185
vt 6.108653 6.283185
vt 5.934119 6.283185
vt 5.759586 6.283185
vt 5.585053 6.283185
vt 5.410521 6.283185
vt 5.235988 6.283185
vt 5.061455 6.283185
vt 4.886922 6.283185
vt 4.712389 6.283185
vt 4.537856 6.283185
vt 4.363323 6.283185
vt 4.188790 6.283185
vt 4.014257 6.283185
vt 3.839724 6.283185
vt 3.665191 6.283185
vt 3.490659 6.283185
vt 3.316126 6.283185
vt 3.141593 6.283185
vt 2.967060 6.283185
vt 2.792527 6.283185
vt 2.617994 6.283185
vt 2.443461 6.283185
vt 2.268928 6.283185
vt 2.094395 6.283185
vt 1.919862 6.283185
vt 1.745329 6.283185
vt 1.570796 6.283185
vt 1.396263 6.283185
vt 1.221730 6.283185
vt 1.047198 6.283185
vt 0.872665 6.283185
vt 0.698132 6.283185
vt 0.523599 6.283185
vt 0.349066 6.283185
vt 0.174533 6.283185
vt 0.000000 6.283185
vt 0.000000 4.886922
vt 0.000000 5.061455
vt 0.000000 5.235988
vt 0.000000 5.410521
vt 0.000000 5.585053
vt 0.000000 5.759586
vt 0.000000 5.934119
vt 0.000000 6.108653
vt 0.174533 4.886922
vt 0.174533 5.061455
vt 0.174533 5.235988
vt 0.349066 4.886922
vt 0.174533 5.410521
vt 0.349066 5.061455
vt 0.174533 5.585053
vt 0.349066 5.235988
vt 0.174533 5.759586
vt 0.523599 4.886922
vt 0.349066 5.410521
vt 0.174533 5.934119
vt 0.523599 5.061455
vt 0.349066 5.585053
vt 0.174533 6.108653
vt 0.523599 5.235988
vt 0.349066 5.759586
vt 0.698132 4.886922
vt 0.523599 5.410521
vt 0.349066 5.934119
vt 0.698132 5.061455
vt 0.523599 5.585053
vt 0.349066 6.108653
vt 0.698132 5.235988
vt 0.523599 5.759586
vt 0.872665 4.886922
vt 0.698132 5.410521
vt 0.523599 5.934119
vt 0.872665 5.061455
vt 0.698132 5.585053
vt 0.523599 6.108653
vt 0.872665 5.235988
vt 0.698132 5.759586
vt 1.047198 4.886922
vt 0.872665 5.410521
vt 0.698132 5.934119
vt 1.047198 5.061455
vt 0.872665 5.585053
vt 0.698132 6.108653
vt 1.047198 5.235988
vt 0.872665 5.759586
vt 1.221730 4.886922
vt 1.047198 5.410521
vt 0.872665 5.934119
vt 1.221730 5.061455
vt 1.047198 5.585053
vt 0.872665 6.108653
vt 1.221730 5.235988
vt 1.047198 5.759586
vt 1.396263 4.886922
vt 1.221730 5.410521
vt 1.047198 5.934119
vt 1.396263 5.061455
vt 1.221730 5.585053
vt 1.047198 6.108653
vt 1.396263 5.235988
vt 1.221730 5.759586
vt 1.570796 4.886922
vt 1.396263 5.410521
vt 1.221730 5.934119
vt 1.570796 5.061455
vt 1.396263 5.585053
vt 1.221730 6.108653
vt 1.570796 5.235988
vt 1.396263 5.759586
vt 1.745329 4.886922
vt 1.570796 5.410521
vt 1.396263 5.934119
vt 1.745329 5.061455
vt 1.570796 5.585053
vt 1.396263 6.108653
vt 1.745329 5.235988
vt 1.570796 5.759586
vt 1.919862 4.886922
vt 1.745329 5.410521
vt 1.570796 5.934119
vt 1.919862 5.061455
vt 1.745329 5.585053
vt 1.570796 6.108653
vt 1.919862 5.235988
vt 1.745329 5.759586
vt 2.094395 4.886922
vt 1.919862 5.410521
vt 1.745329 5.934119
vt 2.094395 5.061455
vt 1.919862 5.585053
vt 1.745329 6.108653
vt 2.094395 5.235988
vt 1.919862 5.759586
vt 2.268928 4.886922
vt 2.094395 5.410521
vt 1.919862 5.934119
vt 2.268928 5.061455
vt 2.094395 5.585053
vt 1.919862 6.108653
vt 2.268928 5.235988
vt 2.094395 5.759586
vt 2.443461 4.886922
vt 2.268928 5.410521
vt 2.094395 5.934119
vt 2.443461 5.061455
vt 2.268928 5.585053
vt 2.094395 6.108653
vt 2.443461 5.235988
vt 2.268928 5.759586
vt 2.617994 4.886922
vt 2.443461 5.410521
vt 2.268928 5.934119
vt 2.617994 5.061455
vt 2.443461 5.585053
vt 2.268928 6.108653
vt 2.617994 5.235988
vt 2.443461 5.759586
vt 2.792527 4.886922
vt 2.617994 5.410521
vt 2.443461 5.934119
vt 2.792527 5.061455
vt 2.617994 5.585053
vt 2.443461 6.108653
vt 2.792527 5.235988
vt 2.617994 5.759586
vt 2.967060 4.886922
vt 2.792527 5.410521
vt 2.617994 5.934119
vt 2.967060 5.061455
vt 2.792527 5.585053
vt 2.617994 6.108653
vt 2.967060 5.235988
vt 2.792527 5.759586
vt 3.141593 4.886922
vt 2.967060 5.410521
vt 2.792527 5.934119
vt 3.141593 5.061455
vt 2.967060 5.585053
vt 2.792527 6.108653
vt 3.141593 5.235988
vt 2.967060 5.759586
vt 3.316126 4.886922
vt 3.141593 5.410521
vt 2.967060 5.934119
vt 3.316126 5.061455
vt 3.141593 5.585053
vt 2.967060 6.108653
vt 3.316126 5.235988
vt 3.141593 5.759586
vt 3.490659 4.886922
vt 3.316126 5.410521
vt 3.141593 5.934119
vt 3.490659 5.061455
vt 3.316126 5.585053
vt 3.141593 6.108653
vt 3.490659 5.235988
vt 3.316126 5.759586
vt 3.665191 4.886922
vt 3.490659 5.410521
vt 3.316126 5.934119
vt 3.665191 5.061455
vt 3.490659 5.585053
vt 3.316126 6.108653
vt 3.665191 5.235988
vt 3.490659 5.759586
vt 3.839724 4.886922
vt 3.665191 5.410521
vt 3.490659 5.934119
vt 3.839724 5.061455
vt 3.665191 5.585053
vt 3.490659 6.108653
vt 3.839724 5.235988
vt 3.665191 5.759586
vt 4.014257 4.886922
vt 3.839724 5.410521
vt 3.665191 5.934119
vt 4.014257 5.061455
vt 3.839724 5.585053
vt 3.665191 6.108653
vt 4.014257 5.235988
vt 3.839724 5.759586
vt 4.188790 4.886922
vt 4.014257 5.410521
vt 3.839724 5.934119
vt 4.188790 5.061455
vt 4.014257 5.585053
vt 3.839724 6.108653
vt 4.188790 5.235988
vt 4.014257 5.759586
vt 4.363323 4.886922
vt 4.188790 5.410521
vt 4.014257 5.934119
vt 4.363323 5.061455
vt 4.188790 5.585053
vt 4.014257 6.108653
vt 4.363323 5.235988
vt 4.188790 5.759586
vt 4.537856 4.886922
vt 4.363323 5.410521
vt 4.188790 5.934119
vt 4.537856 5.061455
vt 4.363323 5.585053
vt 4.188790 6.108653
vt 4.537856 5.235988
vt 4.363323 5.759586
vt 4.712389 4.886922
vt 4.537856 5.410521
vt 4.363323 5.934119
vt 4.712389 5.061455
vt 4.537856 5.585053
vt 4.363323 6.108653
vt 4.712389 5.235988
vt 4.537856 5.759586
vt 4.886922 4.886922
vt 4.712389 5.410521
vt 4.537856 5.934119
vt 4.886922 5.061455
vt 4.712389 5.585053
vt 4.537856 6.108653
vt 4.886922 5.235988
vt 4.712389 5.759586
vt 5.061455 4.886922
vt 4.886922 5.410521
vt 4.712389 5.934119
vt 5.061455 5.061455
vt 4.886922 5.585053
vt 4.712389 6.108653
vt 5.061455 5.235988
vt 4.886922 5.759586
vt 5.235988 4.886922
vt 5.061455 5.410521
vt 4.886922 5.934119
vt 5.235988 5.061455
vt 5.061455 5.585053
vt 4.886922 6.108653
vt 5.235988 5.235988
vt 5.061455 5.759586
vt 5.410521 4.886922
vt 5.235988 5.410521
vt 5.061455 5.934119
vt 5.410521 5.061455
vt 5.235988 5.585053
vt 5.061455 6.108653
vt 5.410521 5.235988
vt 5.235988 5.759586
vt 5.585053 4.886922
vt 5.410521 5.410521
vt 5.235988 5.934119
vt 5.585053 5.061455
vt 5.410521 5.585053
vt 5.235988 6.108653
vt 5.585053 5.235988
vt 5.410521 5.759586
vt 5.759586 4.886922
vt 5.585053 5.410521
vt 5.410521 5.934119
vt 5.759586 5.061455
vt 5.585053 5.585053
vt 5.410521 6.108653
vt 5.759586 5.235988
vt 5.585053 5.759586
vt 5.934119 4.886922
vt 5.759586 5.410521
vt 5.585053 5.934119
vt 5.934119 5.061455
vt 5.759586 5.585053
vt 5.585053 6.108653
vt 5.934119 5.235988
vt 5.759586 5.759586
vt 6.108653 4.886922
vt 5.934119 5.410521
vt 5.759586 5.934119
vt 6.108653 5.061455
vt 5.934119 5.585053
vt 5.759586 6.108653
vt 6.108653 5.235988
vt 5.934119 5.759586
vt 6.108653 5.410521
vt 5.934119 5.934119
vt 6.108653 5.585053
vt 5.934119 6.108653
vt 6.108653 5.759586
vt 6.108653 5.934119
vt 6.108653 6.108653
f 2/2/2 83/83/83 1/1/1
f 38/38/38 36/36/36 37/37/37
f 46/46/46 47/47/47 45/45/45
f 91/91/91 83/83/83 2/2/2
f 92/92/92 83/83/83 91/91/91
f 92/92/92 84/84/84 83/83/83
f 93/93/93 84/84/84 92/92/92
f 93/93/93 85/85/85 84/84/84
f 94/94/94 2/2/2 3/3/3
f 94/94/94 91/91/91 2/2/2
f 95/95/95 85/85/85 93/93/93
f 95/95/95 86/86/86 85/85/85
f 96/96/96 92/92/92 91/91/91
f 96/96/96 91/91/91 94/94/94
f 97/97/97 86/86/86 95/95/95
f 97/97/97 87/87/87 86/86/86
f 98/98/98 93/93/93 92/92/92
f 98/98/98 92/92/92 96/96/96
f 99/99/99 87/87/87 97/97/97
f 99/99/99 88/88/88 87/87/87
f 100/100/100 3/3/3 4/4/4
f 100/100/100 94/94/94 3/3/3
f 101/101/101 95/95/95 93/93/93
f 101/101/101 93/93/93 98/98/98
f 102/102/102 89/89/89 88/88/88
f 102/102/102 88/88/88 99/99/99
f 103/103/103 94/94/94 100/100/100
f 103/103/103 96/96/96 94/94/94
f 104/104/104 97/97/97 95/95/95
f 104/104/104 95/95/95 101/101/101
f 105/105/105 89/89/89 102/102/102
f 105/105/105 81/81/81 82/82/82
f 105/105/105 90/90/90 89/89/89
f 105/105/105 82/82/82 90/90/90
f 106/106/106 98/98/98 96/96/96
f 106/106/106 96/96/96 103/103/103
f 107/107/107 97/97/97 104/104/104
f 107/107/107 99/99/99 97/97/97
f 108/108/108 4/4/4 5/5/5
f 108/108/108 100/100/100 4/4/4
f 109/109/109 98/98/98 106/106/106
f 109/109/109 101/101/101 98/98/98
f 110/110/110 99/99/99 107/107/107
f 110/110/110 102/102/102 99/99/99
f 111/111/111 103/103/103 100/100/100
f 111/111/111 100/100/100 108/108/108
f 112/112/112 104/104/104 101/101/101
f 112/112/112 101/101/101 109/109/109
f 113/113/113 102/102/102 110/110/110
f 113/113/113 80/80/80 81/81/81
f 113/113/113 81/81/81 105/105/105
f 113/113/113 105/105/105 102/102/102
f 114/114/114 106/106/106 103/103/103
f 114/114/114 103/103/103 111/111/111
f 115/115/115 107/107/107 104/104/104
f 115/115/115 104/104/104 112/112/112
f 116/116/116 5/5/5 6/6/6
f 116/116/116 108/108/108 5/5/5
f 117/117/117 109/109/109 106/106/106
f 117/117/117 106/106/106 114/114/114
f 118/118/118 107/107/107 115/115/115
f 118/118/118 110/110/110 107/107/107
f 119/119/119 111/111/111 108/108/108
f 119/119/119 108/108/108 116/116/116
f 120/120/120 109/109/109 117/117/117
f 120/120/120 112/112/112 109/109/109
f 121/121/121 110/110/110 118/118/118
f 121/121/121 79/79/79 80/80/80
f 121/121/121 113/113/113 110/110/110
f 121/121/121 80/80/80 113/113/113
f 122/122/122 114/114/114 111/111/111
f 122/122/122 111/111/111 119/119/119
f 123/123/123 112/112/112 120/120/120
f 123/123/123 115/115/115 112/112/112
f 124/124/124 6/6/6 7/7/7
f 124/124/124 116/116/116 6/6/6
f 125/125/125 114/114/114 122/122/122
f 125/125/125 117/117/117 114/114/114
f 126/126/126 118/118/118 115/115/115
f 126/126/126 115/115/115 123/123/123
f 127/127/127 116/116/116 124/124/124
f 127/127/127 119/119/119 116/116/116
f 128/128/128 120/120/120 117/117/117
f 128/128/128 117/117/117 125/125/125
f 129/129/129 79/79/79 121/121/121
f 129/129/129 121/121/121 118/118/118
f 129/129/129 118/118/118 126/126/126
f 129/129/129 78/78/78 79/79/79
f 130/130/130 122/122/122 119/119/119
f 130/130/130 119/119/119 127/127/127
f 131/131/131 120/120/120 128/128/128
f 131/131/131 123/123/123 120/120/120
f 132/132/132 7/7/7 8/8/8
f 132/132/132 124/124/124 7/7/7
f 133/133/133 125/125/125 122/122/122
f 133/133/133 122/122/122 130/130/130
f 134/134/134 126/126/126 123/123/123
f 134/134/134 123/123/123 131/131/131
f 135/135/135 127/127/127 124/124/124
f 135/135/135 124/124/124 132/132/132
f 136/136/136 128/128/128 125/125/125
f 136/136/136 125/125/125 133/133/133
f 137/137/137 126/126/126 134/134/134
f 137/137/137 77/77/77 78/78/78
f 137/137/137 129/129/129 126/126/126
f 137/137/137 78/78/78 129/129/129
f 138/138/138 130/130/130 127/127/127
f 138/138/138 127/127/127 135/135/135
f 139/139/139 128/128/128 136/136/136
f 139/139/139 131/131/131 128/128/128
f 140/140/140 8/8/8 9/9/9
f 140/140/140 132/132/132 8/8/8
f 141/141/141 130/130/130 138/138/138
f 141/141/141 133/133/133 130/130/130
f 142/142/142 131/131/131 139/139/139
f 142/142/142 134/134/134 131/131/131
f 143/143/143 135/135/135 132/132/132
f 143/143/143 132/132/132 140/140/140
f 144/144/144 136/136/136 133/133/133
f 144/144/144 133/133/133 141/141/141
f 145/145/145 134/134/134 142/142/142
f 145/145/145 137/137/137 134/134/134
f 145/145/145 77/77/77 137/137/137
f 145/145/145 76/76/76 77/77/77
f 146/146/146 135/135/135 143/143/143
f 146/146/146 138/138/138 135/135/135
f 147/147/147 139/139/139 136/136/136
f 147/147/147 136/136/136 144/144/144
f 148/148/148 9/9/9 10/10/10
f 148/148/148 140/140/140 9/9/9
f 149/149/149 138/138/138 146/146/146
f 149/149/149 141/141/141 138/138/138
f 150/150/150 142/142/142 139/139/139
f 150/150/150 139/139/139 147/147/147
f 151/151/151 143/143/143 140/140/140
f 151/151/151 140/140/140 148/148/148
f 152/152/152 144/144/144 141/141/141
f 152/152/152 141/141/141 149/149/149
f 153/153/153 145/145/145 142/142/142
f 153/153/153 76/76/76 145/145/145
f 153/153/153 142/142/142 150/150/150
f 153/153/153 75/75/75 76/76/76
f 154/154/154 143/143/143 151/151/151
f 154/154/154 146/146/146 143/143/143
f 155/155/155 147/147/147 144/144/144
f 155/155/155 144/144/144 152/152/152
f 156/156/156 10/10/10 11/11/11
f 156/156/156 148/148/148 10/10/10
f 157/157/157 149/149/149 146/146/146
f 157/157/157 146/146/146 154/154/154
f 158/158/158 150/150/150 147/147/147
f 158/158/158 147/147/147 155/155/155
f 159/159/159 148/148/148 156/156/156
f 159/159/159 151/151/151 148/148/148
f 160/160/160 149/149/149 157/157/157
f 160/160/160 152/152/152 149/149/149
f 161/161/161 153/153/153 150/150/150
f 161/161/161 75/75/75 153/153/153
f 161/161/161 150/150/150 158/158/158
f 161/161/161 74/74/74 75/75/75
f 162/162/162 154/154/154 151/151/151
f 162/162/162 151/151/151 159/159/159
f 163/163/163 155/155/155 152/152/152
f 163/163/163 152/152/152 160/160/160
f 164/164/164 11/11/11 12/12/12
f 164/164/164 156/156/156 11/11/11
f 165/165/165 157/157/157 154/154/154
f 165/165/165 154/154/154 162/162/162
f 166/166/166 158/158/158 155/155/155
f 166/166/166 155/155/155 163/163/163
f 167/167/167 159/159/159 156/156/156
f 167/167/167 156/156/156 164/164/164
f 168/168/168 160/160/160 157/157/157
f 168/168/168 157/157/157 165/165/165
f 169/169/169 73/73/73 74/74/74
f 169/169/169 161/161/161 158/158/158
f 169/169/169 74/74/74 161/161/161
f 169/169/169 158/158/158 166/166/166
f 170/170/170 162/162/162 159/159/159
f 170/170/170 159/159/159 167/167/167
f 171/171/171 160/160/160 168/168/168
f 171/171/171 163/163/163 160/160/160
f 172/172/172 12/12/12 13/13/13
f 172/172/172 164/164/164 12/12/12
f 172/172/172 167/167/167 164/164/164
f 173/173/173 162/162/162 170/170/170
f 173/173/173 165/165/165 162/162/162
f 174/174/174 163/163/163 171/171/171
f 174/174/174 166/166/166 163/163/163
f 175/175/175 167/167/167 172/172/172
f 176/176/176 165/165/165 173/173/173
f 176/176/176 168/168/168 165/165/165
f 177/177/177 169/169/169 166/166/166
f 177/177/177 166/166/166 174/174/174
f 177/177/177 72/72/72 73/73/73
f 177/177/177 73/73/73 169/169/169
f 178/178/178 167/167/167 175/175/175
f 178/178/178 170/170/170 167/167/167
f 179/179/179 168/168/168 176/176/176
f 179/179/179 171/171/171 168/168/168
f 180/180/180 13/13/13 14/14/14
f 180/180/180 172/172/172 13/13/13
f 181/181/181 173/173/173 170/170/170
f 181/181/181 170/170/170 178/178/178
f 182/182/182 174/174/174 171/171/171
f 182/182/182 171/171/171 179/179/179
f 183/183/183 175/175/175 172/172/172
f 183/183/183 172/172/172 180/180/180
f 184/184/184 173/173/173 181/181/181
f 184/184/184 176/176/176 173/173/173
f 185/185/185 72/72/72 177/177/177
f 185/185/185 174/174/174 182/182/182
f 185/185/185 71/71/71 72/72/72
f 185/185/185 177/177/177 174/174/174
f 186/186/186 178/178/178 175/175/175
f 186/186/186 175/175/175 183/183/183
f 187/187/187 179/179/179 176/176/176
f 187/187/187 176/176/176 184/184/184
f 188/188/188 14/14/14 15/15/15
f 188/188/188 180/180/180 14/14/14
f 189/189/189 184/184/184 181/181/181
f 189/189/189 181/181/181 178/178/178
f 189/189/189 178/178/178 186/186/186
f 190/190/190 179/179/179 187/187/187
f 190/190/190 182/182/182 179/179/179
f 191/191/191 180/180/180 188/188/188
f 191/191/191 183/183/183 180/180/180
f 192/192/192 184/184/184 189/189/189
f 193/193/193 185/185/185 182/182/182
f 193/193/193 71/71/71 185/185/185
f 193/193/193 70/70/70 71/71/71
f 193/193/193 182/182/182 190/190/190
f 194/194/194 183/183/183 191/191/191
f 194/194/194 186/186/186 183/183/183
f 195/195/195 187/187/187 184/184/184
f 195/195/195 190/190/190 187/187/187
f 195/195/195 184/184/184 192/192/192
f 196/196/196 15/15/15 16/16/16
f 196/196/196 188/188/188 15/15/15
f 197/197/197 189/189/189 186/186/186
f 197/197/197 186/186/186 194/194/194
f 198/198/198 190/190/190 195/195/195
f 199/199/199 188/188/188 196/196/196
f 199/199/199 191/191/191 188/188/188
f 200/200/200 192/192/192 189/189/189
f 200/200/200 189/189/189 197/197/197
f 201/201/201 69/69/69 70/70/70
f 201/201/201 70/70/70 193/193/193
f 201/201/201 193/193/193 190/190/190
f 201/201/201 190/190/190 198/198/198
f 202/202/202 194/194/194 191/191/191
f 202/202/202 191/191/191 199/199/199
f 203/203/203 192/192/192 200/200/200
f 203/203/203 195/195/195 192/192/192
f 204/204/204 16/16/16 17/17/17
f 204/204/204 196/196/196 16/16/16
f 205/205/205 194/194/194 202/202/202
f 205/205/205 197/197/197 194/194/194
f 206/206/206 195/195/195 203/203/203
f 206/206/206 198/198/198 195/195/195
f 207/207/207 196/196/196 204/204/204
f 207/207/207 199/199/199 196/196/196
f 208/208/208 197/197/197 205/205/205
f 208/208/208 200/200/200 197/197/197
f 209/209/209 201/201/201 198/198/198
f 209/209/209 69/69/69 201/201/201
f 209/209/209 68/68/68 69/69/69
f 209/209/209 198/198/198 206/206/206
f 210/210/210 205/205/205 202/202/202
f 210/210/210 202/202/202 199/199/199
f 210/210/210 199/199/199 207/207/207
f 211/211/211 203/203/203 200/200/200
f 211/211/211 200/200/200 208/208/208
f 212/212/212 17/17/17 18/18/18
f 212/212/212 204/204/204 17/17/17
f 213/213/213 205/205/205 210/210/210
f 213/213/213 208/208/208 205/205/205
f 214/214/214 206/206/206 203/203/203
f 214/214/214 203/203/203 211/211/211
f 215/215/215 207/207/207 204/204/204
f 215/215/215 204/204/204 212/212/212
f 216/216/216 208/208/208 213/213/213
f 217/217/217 68/68/68 209/209/209
f 217/217/217 206/206/206 214/214/214
f 217/217/217 67/67/67 68/68/68
f 217/217/217 209/209/209 206/206/206
f 218/218/218 207/207/207 215/215/215
f 218/218/218 210/210/210 207/207/207
f 219/219/219 211/211/211 208/208/208
f 219/219/219 208/208/208 216/216/216
f 219/219/219 214/214/214 211/211/211
f 220/220/220 18/18/18 19/19/19
f 220/220/220 212/212/212 18/18/18
f 221/221/221 213/213/213 210/210/210
f 221/221/221 210/210/210 218/218/218
f 222/222/222 214/214/214 219/219/219
f 223/223/223 215/215/215 212/212/212
f 223/223/223 212/212/212 220/220/220
f 223/223/223 218/218/218 215/215/215
f 224/224/224 216/216/216 213/213/213
f 224/224/224 213/213/213 221/221/221
f 225/225/225 214/214/214 222/222/222
f 225/225/225 217/217/217 214/214/214
f 225/225/225 67/67/67 217/217/217
f 225/225/225 66/66/66 67/67/67
f 226/226/226 218/218/218 223/223/223
f 227/227/227 216/216/216 224/224/224
f 227/227/227 219/219/219 216/216/216
f 228/228/228 19/19/19 20/20/20
f 228/228/228 220/220/220 19/19/19
f 229/229/229 221/221/221 218/218/218
f 229/229/229 218/218/218 226/226/226
f 230/230/230 222/222/222 219/219/219
f 230/230/230 219/219/219 227/227/227
f 231/231/231 220/220/220 228/228/228
f 231/231/231 223/223/223 220/220/220
f 232/232/232 224/224/224 221/221/221
f 232/232/232 227/227/227 224/224/224
f 232/232/232 221/221/221 229/229/229
f 233/233/233 65/65/65 66/66/66
f 233/233/233 225/225/225 222/222/222
f 233/233/233 66/66/66 225/225/225
f 233/233/233 222/222/222 230/230/230
f 234/234/234 223/223/223 231/231/231
f 234/234/234 226/226/226 223/223/223
f 235/235/235 227/227/227 232/232/232
f 236/236/236 20/20/20 21/21/21
f 236/236/236 228/228/228 20/20/20
f 237/237/237 226/226/226 234/234/234
f 237/237/237 229/229/229 226/226/226
f 238/238/238 227/227/227 235/235/235
f 238/238/238 230/230/230 227/227/227
f 239/239/239 228/228/228 236/236/236
f 239/239/239 231/231/231 228/228/228
f 240/240/240 229/229/229 237/237/237
f 240/240/240 235/235/235 232/232/232
f 240/240/240 232/232/232 229/229/229
f 241/241/241 233/233/233 230/230/230
f 241/241/241 230/230/230 238/238/238
f 241/241/241 65/65/65 233/233/233
f 241/241/241 64/64/64 65/65/65
f 242/242/242 231/231/231 239/239/239
f 242/242/242 234/234/234 231/231/231
f 243/243/243 235/235/235 240/240/240
f 244/244/244 21/21/21 22/22/22
f 244/244/244 236/236/236 21/21/21
f 245/245/245 237/237/237 234/234/234
f 245/245/245 234/234/234 242/242/242
f 246/246/246 238/238/238 235/235/235
f 246/246/246 235/235/235 243/243/243
f 247/247/247 242/242/242 239/239/239
f 247/247/247 239/239/239 236/236/236
f 247/247/247 236/236/236 244/244/244
f 248/248/248 237/237/237 245/245/245
f 248/248/248 240/240/240 237/237/237
f 249/249/249 64/64/64 241/241/241
f 249/249/249 238/238/238 246/246/246
f 249/249/249 63/63/63 64/64/64
f 249/249/249 241/241/241 238/238/238
f 250/250/250 242/242/242 247/247/247
f 251/251/251 240/240/240 248/248/248
f 251/251/251 243/243/243 240/240/240
f 252/252/252 22/22/22 23/23/23
f 252/252/252 244/244/244 22/22/22
f 253/253/253 242/242/242 250/250/250
f 253/253/253 245/245/245 242/242/242
f 254/254/254 246/246/246 243/243/243
f 254/254/254 243/243/243 251/251/251
f 254/254/254 249/249/249 246/246/246
f 255/255/255 247/247/247 244/244/244
f 255/255/255 244/244/244 252/252/252
f 256/256/256 245/245/245 253/253/253
f 256/256/256 248/248/248 245/245/245
f 257/257/257 63/63/63 249/249/249
f 257/257/257 62/62/62 63/63/63
f 257/257/257 249/249/249 254/254/254
f 258/258/258 253/253/253 250/250/250
f 258/258/258 247/247/247 255/255/255
f 258/258/258 250/250/250 247/247/247
f 259/259/259 248/248/248 256/256/256
f 259/259/259 251/251/251 248/248/248
f 260/260/260 23/23/23 24/24/24
f 260/260/260 255/255/255 252/252/252
f 260/260/260 252/252/252 23/23/23
f 261/261/261 253/253/253 258/258/258
f 262/262/262 254/254/254 251/251/251
f 262/262/262 251/251/251 259/259/259
f 263/263/263 255/255/255 260/260/260
f 264/264/264 256/256/256 253/253/253
f 264/264/264 253/253/253 261/261/261
f 265/265/265 61/61/61 62/62/62
f 265/265/265 62/62/62 257/257/257
f 265/265/265 257/257/257 254/254/254
f 265/265/265 254/254/254 262/262/262
f 266/266/266 258/258/258 255/255/255
f 266/266/266 255/255/255 263/263/263
f 267/267/267 259/259/259 256/256/256
f 267/267/267 256/256/256 264/264/264
f 268/268/268 24/24/24 25/25/25
f 268/268/268 260/260/260 24/24/24
f 269/269/269 258/258/258 266/266/266
f 269/269/269 261/261/261 258/258/258
f 270/270/270 259/259/259 267/267/267
f 270/270/270 262/262/262 259/259/259
f 270/270/270 265/265/265 262/262/262
f 271/271/271 260/260/260 268/268/268
f 271/271/271 263/263/263 260/260/260
f 271/271/271 266/266/266 263/263/263
f 272/272/272 261/261/261 269/269/269
f 272/272/272 264/264/264 261/261/261
f 272/272/272 267/267/267 264/264/264
f 273/273/273 265/265/265 270/270/270
f 273/273/273 60/60/60 61/61/61
f 273/273/273 61/61/61 265/265/265
f 274/274/274 269/269/269 266/266/266
f 274/274/274 266/266/266 271/271/271
f 275/275/275 267/267/267 272/272/272
f 276/276/276 25/25/25 26/26/26
f 276/276/276 268/268/268 25/25/25
f 277/277/277 269/269/269 274/274/274
f 278/278/278 267/267/267 275/275/275
f 278/278/278 270/270/270 267/267/267
f 279/279/279 271/271/271 268/268/268
f 279/279/279 268/268/268 276/276/276
f 280/280/280 272/272/272 269/269/269
f 280/280/280 269/269/269 277/277/277
f 281/281/281 60/60/60 273/273/273
f 281/281/281 270/270/270 278/278/278
f 281/281/281 59/59/59 60/60/60
f 281/281/281 273/273/273 270/270/270
f 282/282/282 274/274/274 271/271/271
f 282/282/282 271/271/271 279/279/279
f 283/283/283 272/272/272 280/280/280
f 283/283/283 275/275/275 272/272/272
f 284/284/284 26/26/26 27/27/27
f 284/284/284 276/276/276 26/26/26
f 285/285/285 274/274/274 282/282/282
f 285/285/285 277/277/277 274/274/274
f 285/285/285 280/280/280 277/277/277
f 286/286/286 278/278/278 275/275/275
f 286/286/286 281/281/281 278/278/278
f 286/286/286 275/275/275 283/283/283
f 287/287/287 279/279/279 276/276/276
f 287/287/287 276/276/276 284/284/284
f 288/288/288 280/280/280 285/285/285
f 289/289/289 59/59/59 281/281/281
f 289/289/289 58/58/58 59/59/59
f 289/289/289 281/281/281 286/286/286
f 290/290/290 282/282/282 279/279/279
f 290/290/290 279/279/279 287/287/287
f 291/291/291 283/283/283 280/280/280
f 291/291/291 286/286/286 283/283/283
f 291/291/291 280/280/280 288/288/288
f 292/292/292 284/284/284 27/27/27
f 292/292/292 27/27/27 28/28/28
f 293/293/293 282/282/282 290/290/290
f 293/293/293 285/285/285 282/282/282
f 294/294/294 286/286/286 291/291/291
f 295/295/295 287/287/287 284/284/284
f 295/295/295 284/284/284 292/292/292
f 295/295/295 290/290/290 287/287/287
f 296/296/296 288/288/288 285/285/285
f 296/296/296 285/285/285 293/293/293
f 297/297/297 57/57/57 58/58/58
f 297/297/297 289/289/289 286/286/286
f 297/297/297 58/58/58 289/289/289
f 297/297/297 286/286/286 294/294/294
f 298/298/298 290/290/290 295/295/295
f 299/299/299 291/291/291 288/288/288
f 299/299/299 288/288/288 296/296/296
f 300/300/300 28/28/28 29/29/29
f 300/300/300 292/292/292 28/28/28
f 300/300/300 295/295/295 292/292/292
f 301/301/301 293/293/293 290/290/290
f 301/301/301 290/290/290 298/298/298
f 302/302/302 294/294/294 291/291/291
f 302/302/302 291/291/291 299/299/299
f 303/303/303 295/295/295 300/300/300
f 304/304/304 293/293/293 301/301/301
f 304/304/304 296/296/296 293/293/293
f 305/305/305 57/57/57 297/297/297
f 305/305/305 56/56/56 57/57/57
f 305/305/305 297/297/297 294/294/294
f 305/305/305 294/294/294 302/302/302
f 306/306/306 295/295/295 303/303/303
f 306/306/306 298/298/298 295/295/295
f 307/307/307 302/302/302 299/299/299
f 307/307/307 296/296/296 304/304/304
f 307/307/307 299/299/299 296/296/296
f 308/308/308 303/303/303 300/300/300
f 308/308/308 29/29/29 30/30/30
f 308/308/308 300/300/300 29/29/29
f 309/309/309 301/301/301 298/298/298
f 309/309/309 304/304/304 301/301/301
f 309/309/309 298/298/298 306/306/306
f 310/310/310 302/302/302 307/307/307
f 311/311/311 303/303/303 308/308/308
f 312/312/312 304/304/304 309/309/309
f 313/313/313 56/56/56 305/305/305
f 313/313/313 305/305/305 302/302/302
f 313/313/313 302/302/302 310/310/310
f 313/313/313 55/55/55 56/56/56
f 314/314/314 306/306/306 303/303/303
f 314/314/314 303/303/303 311/311/311
f 315/315/315 310/310/310 307/307/307
f 315/315/315 304/304/304 312/312/312
f 315/315/315 307/307/307 304/304/304
f 316/316/316 308/308/308 30/30/30
f 316/316/316 30/30/30 31/31/31
f 317/317/317 309/309/309 306/306/306
f 317/317/317 306/306/306 314/314/314
f 318/318/318 310/310/310 315/315/315
f 319/319/319 311/311/311 308/308/308
f 319/319/319 308/308/308 316/316/316
f 320/320/320 312/312/312 309/309/309
f 320/320/320 309/309/309 317/317/317
f 321/321/321 310/310/310 318/318/318
f 321/321/321 313/313/313 310/310/310
f 321/321/321 55/55/55 313/313/313
f 321/321/321 54/54/54 55/55/55
f 322/322/322 314/314/314 311/311/311
f 322/322/322 311/311/311 319/319/319
f 323/323/323 315/315/315 312/312/312
f 323/323/323 312/312/312 320/320/320
f 324/324/324 31/31/31 32/32/32
f 324/324/324 32/32/32 33/33/33
f 324/324/324 316/316/316 31/31/31
f 325/325/325 317/317/317 314/314/314
f 325/325/325 314/314/314 322/322/322
f 326/326/326 318/318/318 315/315/315
f 326/326/326 315/315/315 323/323/323
f 327/327/327 316/316/316 324/324/324
f 327/327/327 319/319/319 316/316/316
f 328/328/328 323/323/323 320/320/320
f 328/328/328 320/320/320 317/317/317
f 328/328/328 317/317/317 325/325/325
f 329/329/329 321/321/321 318/318/318
f 329/329/329 52/52/52 53/53/53
f 329/329/329 53/53/53 54/54/54
f 329/329/329 54/54/54 321/321/321
f 329/329/329 318/318/318 326/326/326
f 330/330/330 319/319/319 327/327/327
f 330/330/330 322/322/322 319/319/319
f 331/331/331 323/323/323 328/328/328
f 331/331/331 326/326/326 323/323/323
f 332/332/332 324/324/324 33/33/33
f 333/333/333 325/325/325 322/322/322
f 333/333/333 322/322/322 330/330/330
f 334/334/334 326/326/326 331/331/331
f 335/335/335 324/324/324 332/332/332
f 335/335/335 327/327/327 324/324/324
f 336/336/336 328/328/328 325/325/325
f 336/336/336 325/325/325 333/333/333
f 337/337/337 52/52/52 329/329/329
f 337/337/337 329/329/329 326/326/326
f 337/337/337 326/326/326 334/334/334
f 338/338/338 327/327/327 335/335/335
f 338/338/338 330/330/330 327/327/327
f 339/339/339 334/334/334 331/331/331
f 339/339/339 328/328/328 336/336/336
f 339/339/339 331/331/331 328/328/328
f 340/340/340 33/33/33 34/34/34
f 340/340/340 332/332/332 33/33/33
f 340/340/340 335/335/335 332/332/332
f 341/341/341 330/330/330 338/338/338
f 341/341/341 333/333/333 330/330/330
f 342/342/342 334/334/334 339/339/339
f 343/343/343 335/335/335 340/340/340
f 344/344/344 333/333/333 341/341/341
f 344/344/344 336/336/336 333/333/333
f 345/345/345 52/52/52 337/337/337
f 345/345/345 334/334/334 342/342/342
f 345/345/345 51/51/51 52/52/52
f 345/345/345 337/337/337 334/334/334
f 346/346/346 338/338/338 335/335/335
f 346/346/346 335/335/335 343/343/343
f 347/347/347 339/339/339 336/336/336
f 347/347/347 336/336/336 344/344/344
f 348/348/348 34/34/34 35/35/35
f 348/348/348 35/35/35 36/36/36
f 348/348/348 340/340/340 34/34/34
f 349/349/349 344/344/344 341/341/341
f 349/349/349 338/338/338 346/346/346
f 349/349/349 341/341/341 338/338/338
f 350/350/350 342/342/342 339/339/339
f 350/350/350 339/339/339 347/347/347
f 351/351/351 343/343/343 340/340/340
f 351/351/351 340/340/340 348/348/348
f 352/352/352 344/344/344 349/349/349
f 353/353/353 345/345/345 342/342/342
f 353/353/353 51/51/51 345/345/345
f 353/353/353 342/342/342 350/350/350
f 353/353/353 50/50/50 51/51/51
f 354/354/354 346/346/346 343/343/343
f 354/354/354 343/343/343 351/351/351
f 355/355/355 347/347/347 344/344/344
f 355/355/355 344/344/344 352/352/352
f 356/356/356 348/348/348 36/36/36
f 356/356/356 36/36/36 38/38/38
f 357/357/357 349/349/349 346/346/346
f 357/357/357 346/346/346 354/354/354
f 358/358/358 347/347/347 355/355/355
f 358/358/358 350/350/350 347/347/347
f 359/359/359 38/38/38 39/39/39
f 359/359/359 39/39/39 40/40/40
f 359/359/359 351/351/351 348/348/348
f 359/359/359 356/356/356 38/38/38
f 359/359/359 348/348/348 356/356/356
f 360/360/360 352/352/352 349/349/349
f 360/360/360 349/349/349 357/357/357
f 361/361/361 49/49/49 50/50/50
f 361/361/361 353/353/353 350/350/350
f 361/361/361 50/50/50 353/353/353
f 361/361/361 350/350/350 358/358/358
f 362/362/362 40/40/40 41/41/41
f 362/362/362 351/351/351 359/359/359
f 362/362/362 359/359/359 40/40/40
f 362/362/362 354/354/354 351/351/351
f 362/362/362 357/357/357 354/354/354
f 363/363/363 352/352/352 360/360/360
f 363/363/363 358/358/358 355/355/355
f 363/363/363 355/355/355 352/352/352
f 364/364/364 362/362/362 41/41/41
f 364/364/364 360/360/360 357/357/357
f 364/364/364 357/357/357 362/362/362
f 365/365/365 358/358/358 363/363/363
f 366/366/366 41/41/41 42/42/42
f 366/366/366 42/42/42 43/43/43
f 366/366/366 363/363/363 360/360/360
f 366/366/366 364/364/364 41/41/41
f 366/366/366 360/360/360 364/364/364
f 367/367/367 48/48/48 49/49/49
f 367/367/367 49/49/49 361/361/361
f 367/367/367 361/361/361 358/358/358
f 367/367/367 358/358/358 365/365/365
f 368/368/368 366/366/366 43/43/43
f 368/368/368 363/363/363 366/366/366
f 369/369/369 363/363/363 368/368/368
f 369/369/369 368/368/368 43/43/43
f 369/369/369 43/43/43 44/44/44
f 369/369/369 44/44/44 45/45/45
f 369/369/369 365/365/365 363/363/363
f 369/369/369 367/367/367 365/365/365
f 370/370/370 369/369/369 45/45/45
f 370/370/370 47/47/47 48/48/48
f 370/370/370 367/367/367 369/369/369
f 370/370/370 45/45/45 47/47/47
f 370/370/370 48/48/48 367/367/367
v 7.354715 3.125000 1.875000
v 7.360721 3.056360 1.875000
v 7.378554 2.989805 1.875000
v 7.407673 2.927358 1.875000
v 7.447195 2.870916 1.875000
v 7.495916 2.822194 1.875000
v 7.552358 2.782673 1.875000
v 7.614805 2.753554 1.875000
v 7.681360 2.735721 1.875000
v 7.750000 2.729715 1.875000
v 7.818640 2.735721 1.875000
v 7.885195 2.753554 1.875000
v 7.947642 2.782673 1.875000
v 8.004085 2.822194 1.875000
v 8.052806 2.870916 1.875000
v 8.092326 2.927358 1.875000
v 8.121446 2.989805 1.875000
v 8.139279 3.056360 1.875000
v 8.145285 3.125000 1.875000
v 8.145285 3.125000 1.875000
v 8.139279 3.193640 1.875000
v 8.121446 3.260195 1.875000
v 8.092326 3.322642 1.875000
v 8.052806 3.379084 1.875000
v 8.004085 3.427806 1.875000
v 7.947642 3.467327 1.875000
v 7.885195 3.496446 1.875000
v 7.818640 3.514279 1.875000
v 7.750000 3.520285 1.875000
v 7.681360 3.514279 1.875000
v 7.614805 3.496446 1.875000
v 7.552358 3.467327 1.875000
v 7.495916 3.427806 1.875000
v 7.447195 3.379084 1.875000
v 7.407673 3.322642 1.875000
v 7.378554 3.260195 1.875000
v 7.360721 3.193640 1.875000
v 8.145285 3.125000 0.125000
v 7.354715 3.125000 0.125000
v 7.360721 3.193640 0.125000
v 7.378554 3.260195 0.125000
v 7.407673 3.322642 0.125000
v 7.447195 3.379084 0.125000
v 7.495916 3.427806 0.125000
v 7.552358 3.467327 0.125000
v 7.614805 3.496446 0.125000
v 7.681360 3.514279 0.125000
v 7.750000 3.520285 0.125000
v 7.818640 3.514279 0.125000
v 7.885195 3.496446 0.125000
v 7.947642 3.467327 0.125000
v 8.004085 3.427806 0.125000
v 8.052806 3.379084 0.125000
v 8.092326 3.322642 0.125000
v 8.121446 3.260195 0.125000
v 8.139279 3.193640 0.125000
v 8.145285 3.125000 0.125000
v 8.139279 3.056360 0.125000
v 8.121446 2.989805 0.125000
v 8.092326 2.927358 0.125000
v 8.052806 2.870916 0.125000
v 8.004085 2.822194 0.125000
v 7.947642 2.782673 0.125000
v 7.885195 2.753554 0.125000
v 7.818640 2.735721 0.125000
v 7.750000 2.729715 0.125000
v 7.681360 2.735721 0.125000
v 7.614805 2.753554 0.125000
v 7.552358 2.782673 0.125000
v 7.495916 2.822194 0.125000
v 7.447195 2.870916 0.125000
v 7.407673 2.927358 0.125000
v 7.378554 2.989805 0.125000
v 7.360721 3.056360 0.125000
v 7.402970 2.935738 0.599931
v 7.402970 2.935738 1.349931
v 7.355156 3.143667 0.349931
v 7.354807 3.121298 0.351767
v 7.355691 3.098335 0.356894
v 7.357668 3.076773 0.364738
v 7.360854 3.055759 0.375813
v 7.364860 3.036038 0.389228
v 7.369755 3.017046 0.405601
v 7.374995 3.000053 0.423656
v 7.382485 2.979468 0.451358
v 7.390737 2.960142 0.486905
v 7.397695 2.945751 0.526696
v 7.401572 2.938323 0.562509
v 7.386528 3.280366 0.349931
v 7.370665 3.236153 0.349931
v 7.360158 3.190372 0.349931
v 7.506453 3.436344 0.599931
v 7.503284 3.433838 0.551945
v 7.494229 3.426380 0.506054
v 7.480463 3.414130 0.464068
v 7.463434 3.397257 0.427240
v 7.446460 3.378202 0.399211
v 7.430540 3.357786 0.378613
v 7.416775 3.337571 0.364827
v 7.404881 3.317723 0.355979
v 7.393794 3.296290 0.351083
v 7.390000 3.288217 0.350222
v 7.506453 3.436344 1.349931
v 7.386528 3.280366 1.599931
v 7.395870 3.300535 1.598116
v 7.402526 3.313421 1.595202
v 7.409202 3.325247 1.591044
v 7.417723 3.339051 1.584205
v 7.427372 3.353389 1.574782
v 7.437256 3.366707 1.563116
v 7.447222 3.379116 1.549539
v 7.456823 3.390113 1.534327
v 7.469175 3.403184 1.511438
v 7.481952 3.415514 1.481989
v 7.492547 3.424941 1.449922
v 7.500471 3.431568 1.415611
v 7.504894 3.435118 1.383397
v 7.355156 3.143667 1.599931
v 7.360158 3.190372 1.599931
v 7.370665 3.236153 1.599931
v 7.401874 2.937761 1.382895
v 7.398849 2.943503 1.414424
v 7.394339 2.952511 1.444211
v 7.388758 2.964520 1.472236
v 7.382586 2.979214 1.498105
v 7.376453 2.995766 1.521020
v 7.370577 3.014170 1.541478
v 7.365146 3.034822 1.559684
v 7.360737 3.056420 1.574444
v 7.357361 3.079368 1.586252
v 7.355394 3.103397 1.594365
v 7.354783 3.123854 1.598472
vn -1.000000 -0.000000 0.000000
vn -0.984808 -0.173648 0.000000
vn -0.939693 -0.342020 0.000000
vn -0.866025 -0.500000 0.000000
vn -0.766044 -0.642788 0.000000
vn -0.642788 -0.766044 0.000000
vn -0.500000 -0.866025 0.000000
vn -0.342020 -0.939693 0.000000
vn -0.173648 -0.984808 0.000000
vn 0.000000 -1.000000 0.000000
vn 0.173648 -0.984808 0.000000
vn 0.342020 -0.939693 0.000000
vn 0.500000 -0.866025 0.000000
vn 0.642788 -0.766044 0.000000
vn 0.766044 -0.642788 0.000000
vn 0.866025 -0.500000 0.000000
vn 0.939693 -0.342020 0.000000
vn 0.984808 -0.173648 0.000000
vn 1.000000 0.000000 -0.000000
vn 1.000000 0.000000 -0.000000
vn 0.984808 0.173648 -0.000000
vn 0.939693 0.342020 -0.000000
vn 0.866025 0.500000 -0.000000
vn 0.766044 0.642788 -0.000000
vn 0.642788 0.766044 -0.000000
vn 0.500000 0.866025 -0.000000
vn 0.342020 0.939693 -0.000000
vn 0.173648 0.984808 -0.000000
vn -0.000000 1.000000 0.000000
vn -0.173648 0.984808 0.000000
vn -0.342020 0.939693 0.000000
vn -0.500000 0.866025 0.000000
vn -0.642788 0.766044 0.000000
vn -0.766044 0.642788 0.000000
vn -0.866025 0.500000 0.000000
vn -0.939693 0.342020 0.000000
vn -0.984808 0.173648 0.000000
vn 1.000000 0.000000 -0.000000
vn -1.000000 -0.000000 0.000000
vn -0.984808 0.173648 0.000000
vn -0.939693 0.342020 0.000000
vn -0.866025 0.500000 0.000000
vn -0.766044 0.642788 0.000000
vn -0.642788 0.766044 0.000000
vn -0.500000 0.866025 0.000000
vn -0.342020 0.939693 0.000000
vn -0.173648 0.984808 0.000000
vn -0.000000 1.000000 0.000000
vn 0.173648 0.984808 -0.000000
vn 0.342020 0.939693 -0.000000
vn 0.500000 0.866025 -0.000000
vn 0.642788 0.766044 -0.000000
vn 0.766044 0.642788 -0.000000
vn 0.866025 0.500000 -0.000000
vn 0.939693 0.342020 -0.000000
vn 0.984808 0.173648 -0.000000
vn 1.000000 0.000000 -0.000000
vn 0.984808 -0.173648 0.000000
vn 0.939693 -0.342020 0.000000
vn 0.866025 -0.500000 0.000000
vn 0.766044 -0.642788 0.000000
vn 0.642788 -0.766044 0.000000
vn 0.500000 -0.866025 0.000000
vn 0.342020 -0.939693 0.000000
vn 0.173648 -0.984808 0.000000
vn 0.000000 -1.000000 0.000000
vn -0.173648 -0.984808 0.000000
vn -0.342020 -0.939693 0.000000
vn -0.500000 -0.866025 0.000000
vn -0.642788 -0.766044 0.000000
vn -0.766044 -0.642788 0.000000
vn -0.866025 -0.500000 0.000000
vn -0.939693 -0.342020 0.000000
vn -0.984808 -0.173648 0.000000
vn -0.877925 -0.478799 0.000000
vn -0.877925 -0.478799 0.000000
vn -0.998884 0.047224 0.000000
vn -0.999956 -0.009367 0.000000
vn -0.997721 -0.067471 0.000000
vn -0.992532 -0.121988 0.000000
vn -0.984537 -0.175177 0.000000
vn -0.974342 -0.225071 0.000000
vn -0.961982 -0.273114 0.000000
vn -0.948724 -0.316105 0.000000
vn -0.929759 -0.368169 0.000000
vn -0.908882 -0.417052 0.000000
vn -0.891273 -0.453467 0.000000
vn -0.881461 -0.472258 0.000000
vn -0.919518 0.393047 0.000000
vn -0.959650 0.281198 0.000000
vn -0.986230 0.165379 0.000000
vn -0.616131 0.787644 0.000000
vn -0.624153 0.781302 0.000000
vn -0.647061 0.762438 0.000000
vn -0.681889 0.731456 0.000000
vn -0.724966 0.688785 0.000000
vn -0.767910 0.640558 0.000000
vn -0.808198 0.588911 0.000000
vn -0.843067 0.537809 0.000000
vn -0.873091 0.487557 0.000000
vn -0.901217 0.433368 0.000000
vn -0.910763 0.412930 0.000000
vn -0.616131 0.787644 0.000000
vn -0.919518 0.393047 0.000000
vn -0.895970 0.444115 0.000000
vn -0.879073 0.476687 0.000000
vn -0.862187 0.506591 0.000000
vn -0.840667 0.541553 0.000000
vn -0.816189 0.577785 0.000000
vn -0.791235 0.611512 0.000000
vn -0.765976 0.642869 0.000000
vn -0.741713 0.670718 0.000000
vn -0.710420 0.703778 0.000000
vn -0.678127 0.734945 0.000000
vn -0.651317 0.758806 0.000000
vn -0.631266 0.775566 0.000000
vn -0.620078 0.784540 0.000000
vn -0.998884 0.047224 0.000000
vn -0.986230 0.165379 0.000000
vn -0.959650 0.281198 0.000000
vn -0.880698 -0.473679 0.000000
vn -0.888355 -0.459157 0.000000
vn -0.899764 -0.436377 0.000000
vn -0.913879 -0.405987 0.000000
vn -0.929504 -0.368813 0.000000
vn -0.945042 -0.326950 0.000000
vn -0.959885 -0.280395 0.000000
vn -0.973631 -0.228128 0.000000
vn -0.984833 -0.173505 0.000000
vn -0.993315 -0.115431 0.000000
vn -0.998505 -0.054663 0.000000
vn -0.999996 -0.002899 0.000000
vt 3.141593 1.875000
vt 3.316126 1.875000
vt 3.490659 1.875000
vt 3.665191 1.875000
vt 3.839724 1.875000
vt 4.014257 1.875000
vt 4.188790 1.875000
vt 4.363323 1.875000
vt 4.537856 1.875000
vt 4.712389 1.875000
vt 4.886922 1.875000
vt 5.061455 1.875000
vt 5.235988 1.875000
vt 5.410521 1.875000
vt 5.585053 1.875000
vt 5.759586 1.875000
vt 5.934119 1.875000
vt 6.108653 1.875000
vt 6.283185 1.875000
vt 0.000000 1.875000
vt 0.174533 1.875000
vt 0.349066 1.875000
vt 0.523599 1.875000
vt 0.698132 1.875000
vt 0.872665 1.875000
vt 1.047198 1.875000
vt 1.221730 1.875000
vt 1.396263 1.875000
vt 1.570796 1.875000
vt 1.745329 1.875000
vt 1.919862 1.875000
vt 2.094395 1.875000
vt 2.268928 1.875000
vt 2.443461 1.875000
vt 2.617994 1.875000
vt 2.792527 1.875000
vt 2.967060 1.875000
vt 0.000000 0.125000
vt 3.141593 0.125000
vt 2.967060 0.125000
vt 2.792527 0.125000
vt 2.617994 0.125000
vt 2.443461 0.125000
vt 2.268928 0.125000
vt 2.094395 0.125000
vt 1.919862 0.125000
vt 1.745329 0.125000
vt 1.570796 0.125000
vt 1.396263 0.125000
vt 1.221730 0.125000
vt 1.047198 0.125000
vt 0.872665 0.125000
vt 0.698132 0.125000
vt 0.523599 0.125000
vt 0.349066 0.125000
vt 0.174533 0.125000
vt 6.283185 0.125000
vt 6.108653 0.125000
vt 5.934119 0.125000
vt 5.759586 0.125000
vt 5.585053 0.125000
vt 5.410521 0.125000
vt 5.235988 0.125000
vt 5.061455 0.125000
vt 4.886922 0.125000
vt 4.712389 0.125000
vt 4.537856 0.125000
vt 4.363323 0.125000
vt 4.188790 0.125000
vt 4.014257 0.125000
vt 3.839724 0.125000
vt 3.665191 0.125000
vt 3.490659 0.125000
vt 3.316126 0.125000
vt 3.640879 0.599931
vt 3.640879 1.349931
vt 3.094352 0.349931
vt 3.150960 0.351767
vt 3.209115 0.356895
vt 3.263885 0.364735
vt 3.317678 0.375813
vt 3.368608 0.389231
vt 3.418221 0.405602
vt 3.463214 0.423656
vt 3.518631 0.451355
vt 3.571793 0.486896
vt 3.612244 0.526694
vt 3.633443 0.562508
vt 2.737649 0.349931
vt 2.856550 0.349931
vt 2.975451 0.349931
vt 2.234617 0.599931
vt 2.244843 0.551928
vt 2.274519 0.506048
vt 2.321138 0.464069
vt 2.381781 0.427248
vt 2.446368 0.399210
vt 2.511882 0.378610
vt 2.573757 0.364827
vt 2.632304 0.355979
vt 2.693367 0.351083
vt 2.715925 0.350222
vt 2.234617 1.349931
vt 2.737649 1.599931
vt 2.681407 1.598116
vt 2.644711 1.595202
vt 2.610367 1.591046
vt 2.569310 1.584205
vt 2.525580 1.574781
vt 2.483623 1.563116
vt 2.443355 1.549539
vt 2.406417 1.534326
vt 2.360891 1.511423
vt 2.316007 1.482000
vt 2.280115 1.449920
vt 2.253981 1.415610
vt 2.239639 1.383409
vt 3.094352 1.599931
vt 2.975451 1.599931
vt 2.856550 1.599931
vt 3.635056 1.382902
vt 3.618639 1.414424
vt 3.593161 1.444201
vt 3.559651 1.472234
vt 3.519325 1.498107
vt 3.474667 1.521021
vt 3.425799 1.541474
vt 3.371747 1.559687
vt 3.315981 1.574444
vt 3.257282 1.586254
vt 3.196283 1.594365
vt 3.144491 1.598472
f 391/391/391 390/390/390 408/408/408
f 391/391/391 408/408/408 426/426/426
f 392/392/392 391/391/391 426/426/426
f 392/392/392 426/426/426 425/425/425
f 393/393/393 392/392/392 425/425/425
f 393/393/393 425/425/425 424/424/424
f 394/394/394 424/424/424 423/423/423
f 394/394/394 393/393/393 424/424/424
f 395/395/395 394/394/394 423/423/423
f 395/395/395 423/423/423 422/422/422
f 396/396/396 421/421/421 420/420/420
f 396/396/396 422/422/422 421/421/421
f 396/396/396 395/395/395 422/422/422
f 397/397/397 420/420/420 419/419/419
f 397/397/397 396/396/396 420/420/420
f 398/398/398 397/397/397 419/419/419
f 399/399/399 418/418/418 417/417/417
f 399/399/399 419/419/419 418/418/418
f 399/399/399 398/398/398 419/419/419
f 400/400/400 417/417/417 416/416/416
f 400/400/400 399/399/399 417/417/417
f 401/401/401 416/416/416 415/415/415
f 401/401/401 400/400/400 416/416/416
f 463/463/463 415/415/415 414/414/414
f 463/463/463 462/462/462 415/415/415
f 464/464/464 463/463/463 414/414/414
f 465/465/465 464/464/464 414/414/414
f 466/466/466 465/465/465 414/414/414
f 413/413/413 466/466/466 414/414/414
f 402/402/402 401/401/401 415/415/415
f 473/473/473 415/415/415 462/462/462
f 473/473/473 402/402/402 415/415/415
f 487/487/487 402/402/402 473/473/473
f 467/467/467 466/466/466 413/413/413
f 468/468/468 467/467/467 413/413/413
f 403/403/403 402/402/402 487/487/487
f 403/403/403 485/485/485 484/484/484
f 403/403/403 486/486/486 485/485/485
f 403/403/403 487/487/487 486/486/486
f 412/412/412 468/468/468 413/413/413
f 469/469/469 468/468/468 412/412/412
f 483/483/483 403/403/403 484/484/484
f 470/470/470 469/469/469 412/412/412
f 471/471/471 470/470/470 412/412/412
f 472/472/472 471/471/471 412/412/412
f 404/404/404 481/481/481 480/480/480
f 404/404/404 482/482/482 481/481/481
f 404/404/404 483/483/483 482/482/482
f 404/404/404 403/403/403 483/483/483
f 411/411/411 459/459/459 472/472/472
f 411/411/411 472/472/472 412/412/412
f 479/479/479 404/404/404 480/480/480
f 460/460/460 459/459/459 411/411/411
f 405/405/405 477/477/477 476/476/476
f 405/405/405 478/478/478 477/477/477
f 405/405/405 479/479/479 478/478/478
f 405/405/405 404/404/404 479/479/479
f 410/410/410 460/460/460 411/411/411
f 475/475/475 405/405/405 476/476/476
f 461/461/461 460/460/460 410/410/410
f 447/447/447 461/461/461 410/410/410
f 406/406/406 475/475/475 474/474/474
f 406/406/406 405/405/405 475/475/475
f 409/409/409 447/447/447 410/410/410
f 490/490/490 406/406/406 474/474/474
f 448/448/448 447/447/447 409/409/409
f 449/449/449 448/448/448 409/409/409
f 407/407/407 490/490/490 489/489/489
f 407/407/407 406/406/406 490/490/490
f 444/444/444 449/449/449 409/409/409
f 444/444/444 450/450/450 449/449/449
f 451/451/451 450/450/450 444/444/444
f 488/488/488 407/407/407 489/489/489
f 452/452/452 451/451/451 444/444/444
f 453/453/453 452/452/452 444/444/444
f 371/371/371 502/502/502 501/501/501
f 371/371/371 488/488/488 502/502/502
f 371/371/371 407/407/407 488/488/488
f 443/443/443 453/453/453 444/444/444
f 454/454/454 453/453/453 443/443/443
f 455/455/455 454/454/454 443/443/443
f 456/456/456 455/455/455 443/443/443
f 372/372/372 499/499/499 498/498/498
f 372/372/372 500/500/500 499/499/499
f 372/372/372 501/501/501 500/500/500
f 372/372/372 371/371/371 501/501/501
f 442/442/442 456/456/456 443/443/443
f 457/457/457 456/456/456 442/442/442
f 458/458/458 457/457/457 442/442/442
f 445/445/445 458/458/458 442/442/442
f 441/441/441 445/445/445 442/442/442
f 373/373/373 372/372/372 498/498/498
f 373/373/373 495/495/495 494/494/494
f 373/373/373 496/496/496 495/495/495
f 373/373/373 497/497/497 496/496/496
f 373/373/373 498/498/498 497/497/497
f 446/446/446 445/445/445 441/441/441
f 374/374/374 491/491/491 446/446/446
f 374/374/374 492/492/492 491/491/491
f 374/374/374 493/493/493 492/492/492
f 374/374/374 494/494/494 493/493/493
f 374/374/374 373/373/373 494/494/494
f 375/375/375 446/446/446 441/441/441
f 375/375/375 374/374/374 446/446/446
f 375/375/375 441/441/441 440/440/440
f 376/376/376 375/375/375 440/440/440
f 376/376/376 440/440/440 439/439/439
f 377/377/377 376/376/376 439/439/439
f 377/377/377 439/439/439 438/438/438
f 378/378/378 377/377/377 438/438/438
f 378/378/378 438/438/438 437/437/437
f 379/379/379 378/378/378 437/437/437
f 379/379/379 437/437/437 436/436/436
f 380/380/380 379/379/379 436/436/436
f 381/381/381 435/435/435 434/434/434
f 381/381/381 436/436/436 435/435/435
f 381/381/381 380/380/380 436/436/436
f 382/382/382 434/434/434 433/433/433
f 382/382/382 381/381/381 434/434/434
f 383/383/383 382/382/382 433/433/433
f 384/384/384 433/433/433 432/432/432
f 384/384/384 383/383/383 433/433/433
f 385/385/385 432/432/432 431/431/431
f 385/385/385 384/384/384 432/432/432
f 386/386/386 431/431/431 430/430/430
f 386/386/386 385/385/385 431/431/431
f 387/387/387 430/430/430 429/429/429
f 387/387/387 386/386/386 430/430/430
f 388/388/388 429/429/429 428/428/428
f 388/388/388 387/387/387 429/429/429
f 389/389/389 428/428/428 427/427/427
f 389/389/389 388/388/388 428/428/428
v 7.479715 3.125000 0.000000
v 7.483821 3.078066 0.000000
v 7.496016 3.032557 0.000000
v 7.515926 2.989858 0.000000
v 7.542950 2.951264 0.000000
v 7.576264 2.917950 0.000000
v 7.614858 2.890927 0.000000
v 7.657557 2.871016 0.000000
v 7.703065 2.858822 0.000000
v 7.750000 2.854715 0.000000
v 7.796935 2.858822 0.000000
v 7.842443 2.871016 0.000000
v 7.885142 2.890927 0.000000
v 7.923736 2.917950 0.000000
v 7.957050 2.951264 0.000000
v 7.984074 2.989858 0.000000
v 8.003984 3.032557 0.000000
v 8.016178 3.078066 0.000000
v 8.020285 3.125000 0.000000
v 8.016178 3.171934 0.000000
v 8.003984 3.217443 0.000000
v 7.984074 3.260142 0.000000
v 7.957050 3.298736 0.000000
v 7.923736 3.332050 0.000000
v 7.885142 3.359073 0.000000
v 7.842443 3.378984 0.000000
v 7.796935 3.391178 0.000000
v 7.750000 3.395285 0.000000
v 7.703065 3.391178 0.000000
v 7.657557 3.378984 0.000000
v 7.614858 3.359073 0.000000
v 7.576264 3.332050 0.000000
v 7.542950 3.298736 0.000000
v 7.515926 3.260142 0.000000
v 7.496016 3.217443 0.000000
v 7.483821 3.171934 0.000000
v 7.969923 3.125000 0.000000
v 7.966583 3.163189 0.000000
v 7.956661 3.200218 0.000000
v 7.940460 3.234962 0.000000
v 7.918471 3.266364 0.000000
v 7.891364 3.293471 0.000000
v 7.859962 3.315459 0.000000
v 7.825218 3.331661 0.000000
v 7.788189 3.341583 0.000000
v 7.750000 3.344924 0.000000
v 7.711811 3.341583 0.000000
v 7.674782 3.331661 0.000000
v 7.640038 3.315459 0.000000
v 7.608636 3.293471 0.000000
v 7.581529 3.266364 0.000000
v 7.559540 3.234962 0.000000
v 7.543339 3.200218 0.000000
v 7.533417 3.163189 0.000000
v 7.530077 3.125000 0.000000
v 7.533417 3.086811 0.000000
v 7.543339 3.049782 0.000000
v 7.559540 3.015038 0.000000
v 7.581529 2.983636 0.000000
v 7.608636 2.956529 0.000000
v 7.640038 2.934541 0.000000
v 7.674782 2.918339 0.000000
v 7.711811 2.908417 0.000000
v 7.750000 2.905076 0.000000
v 7.788189 2.908417 0.000000
v 7.825218 2.918339 0.000000
v 7.859962 2.934541 0.000000
v 7.891364 2.956529 0.000000
v 7.918471 2.983636 0.000000
v 7.940460 3.015038 0.000000
v 7.956661 3.049782 0.000000
v 7.966583 3.086811 0.000000
vn -0.000000 -0.000000 -1.000000
vn -0.000000 -0.000000 -1.000000
vn -0.000000 -0.000000 -1.000000
vn -0.000000 -0.000000 -1.000000
vn -0.000000 -0.000000 -1.000000
vn -0.000000 -0.000000 -1.000000
vn -0.000000 -0.000000 -1.000000
vn -0.000000 -0.000000 -1.000000
vn -0.000000 -0.000000 -1.000000
vn -0.000000 -0.000000 -1.000000
vn -0.000000 -0.000000 -1.000000
vn -0.000000 -0.000000 -1.000000
vn -0.000000 -0.000000 -1.000000
vn -0.000000 -0.000000 -1.000000
vn -0.000000 -0.000000 -1.000000
vn -0.000000 -0.000000 -1.000000
vn -0.000000 -0.000000 -1.000000
vn -0.000000 -0.000000 -1.000000
vn -0.000000 -0.000000 -1.000000
vn -0.000000 -0.000000 -1.000000
vn -0.000000 -0.000000 -1.000000
vn -0.000000 -0.000000 -1.000000
vn -0.000000 -0.000000 -1.000000
vn -0.000000 -0.000000 -1.000000
vn -0.000000 -0.000000 -1.000000
vn -0.000000 -0.000000 -1.000000
vn -0.000000 -0.000000 -1.000000
vn -0.000000 -0.000000 -1.000000
vn -0.000000 -0.000000 -1.000000
vn -0.000000 -0.000000 -1.000000
vn -0.000000 -0.000000 -1.000000
vn -0.000000 -0.000000 -1.000000
vn -0.000000 -0.000000 -1.000000
vn -0.000000 -0.000000 -1.000000
vn -0.000000 -0.000000 -1.000000
vn -0.000000 -0.000000 -1.000000
vn -0.000000 -0.000000 -1.000000
vn -0.000000 -0.000000 -1.000000
vn -0.000000 -0.000000 -1.000000
vn -0.000000 -0.000000 -1.000000
vn -0.000000 -0.000000 -1.000000
vn -0.000000 -0.000000 -1.000000
vn -0.000000 -0.000000 -1.000000
vn -0.000000 -0.000000 -1.000000
vn -0.000000 -0.000000 -1.000000
vn -0.000000 -0.000000 -1.000000
vn -0.000000 -0.000000 -1.000000
vn -0.000000 -0.000000 -1.000000
vn -0.000000 -0.000000 -1.000000
vn -0.000000 -0.000000 -1.000000
vn -0.000000 -0.000000 -1.000000
vn -0.000000 -0.000000 -1.000000
vn -0.000000 -0.000000 -1.000000
vn -0.000000 -0.000000 -1.000000
vn -0.000000 -0.000000 -1.000000
vn -0.000000 -0.000000 -1.000000
vn -0.000000 -0.000000 -1.000000
vn -0.000000 -0.000000 -1.000000
vn -0.000000 -0.000000 -1.000000
vn -0.000000 -0.000000 -1.000000
vn -0.000000 -0.000000 -1.000000
vn -0.000000 -0.000000 -1.000000
vn -0.000000 -0.000000 -1.000000
vn -0.000000 -0.000000 -1.000000
vn -0.000000 -0.000000 -1.000000
vn -0.000000 -0.000000 -1.000000
vn -0.000000 -0.000000 -1.000000
vn -0.000000 -0.000000 -1.000000
vn -0.000000 -0.000000 -1.000000
vn -0.000000 -0.000000 -1.000000
vn -0.000000 -0.000000 -1.000000
vn -0.000000 -0.000000 -1.000000
vt -0.270285 0.000000
vt -0.266178 -0.046934
vt -0.253985 -0.092443
vt -0.234073 -0.135142
vt -0.207050 -0.173736
vt -0.173736 -0.207050
vt -0.135142 -0.234073
vt -0.092443 -0.253985
vt -0.046934 -0.266178
vt -0.000000 -0.270285
vt 0.046934 -0.266178
vt 0.092443 -0.253985
vt 0.135142 -0.234073
vt 0.173736 -0.207050
vt 0.207050 -0.173736
vt 0.234073 -0.135142
vt 0.253985 -0.092443
vt 0.266178 -0.046934
vt 0.270285 -0.000000
vt 0.266178 0.046934
vt 0.253985 0.092443
vt 0.234073 0.135142
vt 0.207050 0.173736
vt 0.173736 0.207050
vt 0.135142 0.234073
vt 0.092443 0.253985
vt 0.046934 0.266178
vt 0.000000 0.270285
vt -0.046934 0.266178
vt -0.092443 0.253985
vt -0.135142 0.234073
vt -0.173736 0.207050
vt -0.207050 0.173736
vt -0.234073 0.135142
vt -0.253985 0.092443
vt -0.266178 0.046934
vt 0.219924 -0.000000
vt 0.216583 0.038189
vt 0.206661 0.075218
vt 0.190460 0.109962
vt 0.168471 0.141364
vt 0.141364 0.168471
vt 0.109962 0.190460
vt 0.075218 0.206661
vt 0.038189 0.216583
vt 0.000000 0.219924
vt -0.038189 0.216583
vt -0.075218 0.206661
vt -0.109962 0.190460
vt -0.141364 0.168471
vt -0.168471 0.141364
vt -0.190460 0.109962
vt -0.206661 0.075218
vt -0.216583 0.038189
vt -0.219924 0.000000
vt -0.216583 -0.038189
vt -0.206661 -0.075218
vt -0.190460 -0.109962
vt -0.168471 -0.141364
vt -0.141364 -0.168471
vt -0.109962 -0.190460
vt -0.075218 -0.206661
vt -0.038189 -0.216583
vt -0.000000 -0.219924
vt 0.038189 -0.216583
vt 0.075218 -0.206661
vt 0.109962 -0.190460
vt 0.141364 -0.168471
vt 0.168471 -0.141364
vt 0.190460 -0.109962
vt 0.206661 -0.075218
vt 0.216583 -0.038189
f 561/561/561 508/508/508 507/507/507
f 561/561/561 562/562/562 508/508/508
f 563/563/563 509/509/509 508/508/508
f 563/563/563 508/508/508 562/562/562
f 560/560/560 507/507/507 506/506/506
f 560/560/560 561/561/561 507/507/507
f 564/564/564 510/510/510 509/509/509
f 564/564/564 509/509/509 563/563/563
f 559/559/559 506/506/506 505/505/505
f 559/559/559 560/560/560 506/506/506
f 565/565/565 511/511/511 510/510/510
f 565/565/565 510/510/510 564/564/564
f 558/558/558 505/505/505 504/504/504
f 558/558/558 559/559/559 505/505/505
f 566/566/566 512/512/512 511/511/511
f 566/566/566 511/511/511 565/565/565
f 557/557/557 504/504/504 503/503/503
f 557/557/557 558/558/558 504/504/504
f 567/567/567 513/513/513 512/512/512
f 567/567/567 512/512/512 566/566/566
f 556/556/556 557/557/557 503/503/503
f 556/556/556 503/503/503 538/538/538
f 568/568/568 514/514/514 513/513/513
f 568/568/568 513/513/513 567/567/567
f 555/555/555 556/556/556 538/538/538
f 555/555/555 538/538/538 537/537/537
f 569/569/569 515/515/515 514/514/514
f 569/569/569 514/514/514 568/568/568
f 554/554/554 555/555/555 537/537/537
f 554/554/554 537/537/537 536/536/536
f 570/570/570 516/516/516 515/515/515
f 570/570/570 515/515/515 569/569/569
f 553/553/553 554/554/554 536/536/536
f 553/553/553 536/536/536 535/535/535
f 571/571/571 516/516/516 570/570/570
f 517/517/517 516/516/516 571/571/571
f 534/534/534 553/553/553 535/535/535
f 534/534/534 552/552/552 553/553/553
f 518/518/518 517/517/517 571/571/571
f 518/518/518 571/571/571 572/572/572
f 533/533/533 551/551/551 552/552/552
f 533/533/533 552/552/552 534/534/534
f 573/573/573 518/518/518 572/572/572
f 519/519/519 518/518/518 573/573/573
f 532/532/532 551/551/551 533/533/533
f 532/532/532 550/550/550 551/551/551
f 520/520/520 519/519/519 573/573/573
f 520/520/520 573/573/573 574/574/574
f 531/531/531 549/549/549 550/550/550
f 531/531/531 550/550/550 532/532/532
f 521/521/521 574/574/574 539/539/539
f 521/521/521 520/520/520 574/574/574
f 530/530/530 548/548/548 549/549/549
f 530/530/530 549/549/549 531/531/531
f 522/522/522 539/539/539 540/540/540
f 522/522/522 521/521/521 539/539/539
f 529/529/529 547/547/547 548/548/548
f 529/529/529 548/548/548 530/530/530
f 523/523/523 540/540/540 541/541/541
f 523/523/523 522/522/522 540/540/540
f 528/528/528 547/547/547 529/529/529
f 528/528/528 546/546/546 547/547/547
f 524/524/524 541/541/541 542/542/542
f 524/524/524 523/523/523 541/541/541
f 527/527/527 546/546/546 528/528/528
f 527/527/527 544/544/544 545/545/545
f 527/527/527 545/545/545 546/546/546
f 525/525/525 542/542/542 543/543/543
f 525/525/525 524/524/524 542/542/542
f 526/526/526 525/525/525 543/543/543
f 526/526/526 544/544/544 527/527/527
f 526/526/526 543/543/543 544/544/544
v 7.479715 3.125000 2.000000
v 7.483821 3.171934 2.000000
v 7.496016 3.217443 2.000000
v 7.515926 3.260142 2.000000
v 7.542950 3.298736 2.000000
v 7.576264 3.332050 2.000000
v 7.614858 3.359073 2.000000
v 7.657557 3.378984 2.000000
v 7.703065 3.391178 2.000000
v 7.750000 3.395285 2.000000
v 7.796935 3.391178 2.000000
v 7.842443 3.378984 2.000000
v 7.885142 3.359073 2.000000
v 7.923736 3.332050 2.000000
v 7.957050 3.298736 2.000000
v 7.984074 3.260142 2.000000
v 8.003984 3.217443 2.000000
v 8.016178 3.171934 2.000000
v 8.020285 3.125000 2.000000
v 8.016178 3.078066 2.000000
v 8.003984 3.032557 2.000000
v 7.984074 2.989858 2.000000
v 7.957050 2.951264 2.000000
v 7.923736 2.917950 2.000000
v 7.885142 2.890927 2.000000
v 7.842443 2.871016 2.000000
v 7.796935 2.858822 2.000000
v 7.750000 2.854715 2.000000
v 7.703065 2.858822 2.000000
v 7.657557 2.871016 2.000000
v 7.614858 2.890927 2.000000
v 7.576264 2.917950 2.000000
v 7.542950 2.951264 2.000000
v 7.515926 2.989858 2.000000
v 7.496016 3.032557 2.000000
v 7.483821 3.078066 2.000000
v 7.479715 3.125000 2.000000
v 7.458009 3.125000 1.998101
v 7.436963 3.125000 1.992462
v 7.417215 3.125000 1.983253
v 7.399367 3.125000 1.970756
v 7.383960 3.125000 1.955348
v 7.371462 3.125000 1.937500
v 7.362254 3.125000 1.917753
v 7.356614 3.125000 1.896706
v 7.354715 3.125000 1.875000
v 7.360721 3.056360 1.875000
v 7.378554 2.989805 1.875000
v 7.407673 2.927358 1.875000
v 7.447195 2.870916 1.875000
v 7.495916 2.822194 1.875000
v 7.552358 2.782673 1.875000
v 7.614805 2.753554 1.875000
v 7.681360 2.735721 1.875000
v 7.750000 2.729715 1.875000
v 7.818640 2.735721 1.875000
v 7.885195 2.753554 1.875000
v 7.947642 2.782673 1.875000
v 8.004085 2.822194 1.875000
v 8.052806 2.870916 1.875000
v 8.092326 2.927358 1.875000
v 8.121446 2.989805 1.875000
v 8.139279 3.056360 1.875000
v 8.145285 3.125000 1.875000
v 8.139279 3.193640 1.875000
v 8.121446 3.260195 1.875000
v 8.092326 3.322642 1.875000
v 8.052806 3.379084 1.875000
v 8.004085 3.427806 1.875000
v 7.947642 3.467327 1.875000
v 7.885195 3.496446 1.875000
v 7.818640 3.514279 1.875000
v 7.750000 3.520285 1.875000
v 7.681360 3.514279 1.875000
v 7.614805 3.496446 1.875000
v 7.552358 3.467327 1.875000
v 7.495916 3.427806 1.875000
v 7.447195 3.379084 1.875000
v 7.407673 3.322642 1.875000
v 7.378554 3.260195 1.875000
v 7.360721 3.193640 1.875000
v 7.354715 3.125000 1.875000
v 7.458009 3.125000 1.998101
v 7.436963 3.125000 1.992462
v 7.417215 3.125000 1.983253
v 7.399367 3.125000 1.970756
v 7.383960 3.125000 1.955348
v 7.371462 3.125000 1.937500
v 7.362254 3.125000 1.917753
v 7.356614 3.125000 1.896706
v 7.462445 3.175704 1.998101
v 7.441719 3.179358 1.992462
v 7.422271 3.182787 1.983253
v 7.475618 3.224867 1.998101
v 7.404694 3.185887 1.970756
v 7.455841 3.232065 1.992462
v 7.389521 3.188562 1.955348
v 7.437284 3.238819 1.983253
v 7.377213 3.190732 1.937500
v 7.497128 3.270995 1.998101
v 7.420513 3.244924 1.970756
v 7.368145 3.192332 1.917753
v 7.478902 3.281519 1.992462
v 7.406034 3.250193 1.955348
v 7.362591 3.193311 1.896706
v 7.461800 3.291392 1.983253
v 7.394291 3.254467 1.937500
v 7.526322 3.312688 1.998101
v 7.446343 3.300317 1.970756
v 7.385638 3.257617 1.917753
v 7.510200 3.326216 1.992462
v 7.433000 3.308020 1.955348
v 7.380338 3.259546 1.896706
v 7.495072 3.338910 1.983253
v 7.422176 3.314269 1.937500
v 7.562312 3.348678 1.998101
v 7.481400 3.350383 1.970756
v 7.414202 3.318873 1.917753
v 7.548784 3.364800 1.992462
v 7.469597 3.360286 1.955348
v 7.409318 3.321693 1.896706
v 7.536090 3.379928 1.983253
v 7.460023 3.368320 1.937500
v 7.604005 3.377871 1.998101
v 7.524617 3.393600 1.970756
v 7.452969 3.374238 1.917753
v 7.593482 3.396098 1.992462
v 7.514714 3.405403 1.955348
v 7.448649 3.377863 1.896706
v 7.583608 3.413200 1.983253
v 7.506680 3.414977 1.937500
v 7.650133 3.399382 1.998101
v 7.574683 3.428657 1.970756
v 7.500762 3.422031 1.917753
v 7.642935 3.419159 1.992462
v 7.566980 3.442000 1.955348
v 7.497137 3.426351 1.896706
v 7.636181 3.437715 1.983253
v 7.560731 3.452823 1.937500
v 7.699296 3.412555 1.998101
v 7.630076 3.454487 1.970756
v 7.556127 3.460798 1.917753
v 7.695642 3.433281 1.992462
v 7.624807 3.468965 1.955348
v 7.553307 3.465682 1.896706
v 7.692213 3.452729 1.983253
v 7.620533 3.480709 1.937500
v 7.750000 3.416991 1.998101
v 7.689113 3.470306 1.970756
v 7.617383 3.489362 1.917753
v 7.750000 3.438037 1.992462
v 7.686438 3.485479 1.955348
v 7.615454 3.494662 1.896706
v 7.750000 3.457785 1.983253
v 7.684268 3.497787 1.937500
v 7.800704 3.412555 1.998101
v 7.750000 3.475633 1.970756
v 7.682669 3.506855 1.917753
v 7.804358 3.433281 1.992462
v 7.750000 3.491040 1.955348
v 7.681689 3.512409 1.896706
v 7.807787 3.452729 1.983253
v 7.750000 3.503538 1.937500
v 7.849867 3.399382 1.998101
v 7.810887 3.470306 1.970756
v 7.750000 3.512746 1.917753
v 7.857065 3.419159 1.992462
v 7.813562 3.485479 1.955348
v 7.750000 3.518386 1.896706
v 7.863819 3.437715 1.983253
v 7.815732 3.497787 1.937500
v 7.895995 3.377871 1.998101
v 7.869924 3.454487 1.970756
v 7.817331 3.506855 1.917753
v 7.906518 3.396098 1.992462
v 7.875193 3.468965 1.955348
v 7.818311 3.512409 1.896706
v 7.916392 3.413200 1.983253
v 7.879467 3.480709 1.937500
v 7.937688 3.348678 1.998101
v 7.925317 3.428657 1.970756
v 7.882617 3.489362 1.917753
v 7.951216 3.364800 1.992462
v 7.933020 3.442000 1.955348
v 7.884546 3.494662 1.896706
v 7.963910 3.379928 1.983253
v 7.939269 3.452823 1.937500
v 7.973678 3.312688 1.998101
v 7.975383 3.393600 1.970756
v 7.943873 3.460798 1.917753
v 7.989800 3.326216 1.992462
v 7.985286 3.405403 1.955348
v 7.946693 3.465682 1.896706
v 8.004928 3.338910 1.983253
v 7.993320 3.414977 1.937500
v 8.002872 3.270995 1.998101
v 8.018600 3.350383 1.970756
v 7.999238 3.422031 1.917753
v 8.021098 3.281519 1.992462
v 8.030403 3.360286 1.955348
v 8.002864 3.426351 1.896706
v 8.038200 3.291392 1.983253
v 8.039977 3.368320 1.937500
v 8.024382 3.224867 1.998101
v 8.053658 3.300317 1.970756
v 8.047030 3.374238 1.917753
v 8.044159 3.232065 1.992462
v 8.067000 3.308020 1.955348
v 8.051351 3.377863 1.896706
v 8.062716 3.238819 1.983253
v 8.077824 3.314269 1.937500
v 8.037555 3.175704 1.998101
v 8.079488 3.244924 1.970756
v 8.085798 3.318873 1.917753
v 8.058282 3.179358 1.992462
v 8.093966 3.250193 1.955348
v 8.090682 3.321693 1.896706
v 8.077729 3.182787 1.983253
v 8.105709 3.254467 1.937500
v 8.041990 3.125000 1.998101
v 8.095306 3.185887 1.970756
v 8.114363 3.257617 1.917753
v 8.063037 3.125000 1.992462
v 8.110479 3.188562 1.955348
v 8.119661 3.259546 1.896706
v 8.082785 3.125000 1.983253
v 8.122787 3.190732 1.937500
v 8.037555 3.074296 1.998101
v 8.100634 3.125000 1.970756
v 8.131856 3.192332 1.917753
v 8.058282 3.070642 1.992462
v 8.116040 3.125000 1.955348
v 8.137409 3.193311 1.896706
v 8.077729 3.067213 1.983253
v 8.128538 3.125000 1.937500
v 8.024382 3.025133 1.998101
v 8.095306 3.064113 1.970756
v 8.137746 3.125000 1.917753
v 8.044159 3.017935 1.992462
v 8.110479 3.061438 1.955348
v 8.143386 3.125000 1.896706
v 8.062716 3.011181 1.983253
v 8.122787 3.059268 1.937500
v 8.002872 2.979005 1.998101
v 8.079488 3.005076 1.970756
v 8.131856 3.057668 1.917753
v 8.021098 2.968481 1.992462
v 8.093966 2.999807 1.955348
v 8.137409 3.056689 1.896706
v 8.038200 2.958608 1.983253
v 8.105709 2.995533 1.937500
v 7.973678 2.937312 1.998101
v 8.053658 2.949683 1.970756
v 8.114363 2.992383 1.917753
v 7.989800 2.923784 1.992462
v 8.067000 2.941980 1.955348
v 8.119661 2.990454 1.896706
v 8.004928 2.911090 1.983253
v 8.077824 2.935731 1.937500
v 7.937688 2.901322 1.998101
v 8.018600 2.899617 1.970756
v 8.085798 2.931127 1.917753
v 7.951216 2.885200 1.992462
v 8.030403 2.889714 1.955348
v 8.090682 2.928307 1.896706
v 7.963910 2.870072 1.983253
v 8.039977 2.881680 1.937500
v 7.895995 2.872129 1.998101
v 7.975383 2.856400 1.970756
v 8.047030 2.875762 1.917753
v 7.906518 2.853902 1.992462
v 7.985286 2.844597 1.955348
v 8.051351 2.872137 1.896706
v 7.916392 2.836800 1.983253
v 7.993320 2.835023 1.937500
v 7.849867 2.850618 1.998101
v 7.925317 2.821343 1.970756
v 7.999238 2.827969 1.917753
v 7.857065 2.830841 1.992462
v 7.933020 2.808000 1.955348
v 8.002864 2.823649 1.896706
v 7.863819 2.812285 1.983253
v 7.939269 2.797177 1.937500
v 7.800704 2.837445 1.998101
v 7.869924 2.795513 1.970756
v 7.943873 2.789202 1.917753
v 7.804358 2.816719 1.992462
v 7.875193 2.781035 1.955348
v 7.946693 2.784318 1.896706
v 7.807787 2.797271 1.983253
v 7.879467 2.769291 1.937500
v 7.750000 2.833009 1.998101
v 7.810887 2.779694 1.970756
v 7.882617 2.760638 1.917753
v 7.750000 2.811963 1.992462
v 7.813562 2.764521 1.955348
v 7.884546 2.755338 1.896706
v 7.750000 2.792215 1.983253
v 7.815732 2.752213 1.937500
v 7.699296 2.837445 1.998101
v 7.750000 2.774367 1.970756
v 7.817331 2.743145 1.917753
v 7.695642 2.816719 1.992462
v 7.750000 2.758960 1.955348
v 7.818311 2.737591 1.896706
v 7.692213 2.797271 1.983253
v 7.750000 2.746462 1.937500
v 7.650133 2.850618 1.998101
v 7.689113 2.779694 1.970756
v 7.750000 2.737254 1.917753
v 7.642935 2.830841 1.992462
v 7.686438 2.764521 1.955348
v 7.750000 2.731614 1.896706
v 7.636181 2.812285 1.983253
v 7.684268 2.752213 1.937500
v 7.604005 2.872129 1.998101
v 7.630076 2.795513 1.970756
v 7.682669 2.743145 1.917753
v 7.593482 2.853902 1.992462
v 7.624807 2.781035 1.955348
v 7.681689 2.737591 1.896706
v 7.583608 2.836800 1.983253
v 7.620533 2.769291 1.937500
v 7.562312 2.901322 1.998101
v 7.574683 2.821343 1.970756
v 7.617383 2.760638 1.917753
v 7.548784 2.885200 1.992462
v 7.566980 2.808000 1.955348
v 7.615454 2.755338 1.896706
v 7.536090 2.870072 1.983253
v 7.560731 2.797177 1.937500
v 7.526322 2.937312 1.998101
v 7.524617 2.856400 1.970756
v 7.556127 2.789202 1.917753
v 7.510200 2.923784 1.992462
v 7.514714 2.844597 1.955348
v 7.553307 2.784318 1.896706
v 7.495072 2.911090 1.983253
v 7.506680 2.835023 1.937500
v 7.497128 2.979005 1.998101
v 7.481400 2.899617 1.970756
v 7.500762 2.827969 1.917753
v 7.478902 2.968481 1.992462
v 7.469597 2.889714 1.955348
v 7.497137 2.823649 1.896706
v 7.461800 2.958608 1.983253
v 7.460023 2.881680 1.937500
v 7.475618 3.025133 1.998101
v 7.446343 2.949683 1.970756
v 7.452969 2.875762 1.917753
v 7.455841 3.017935 1.992462
v 7.433000 2.941980 1.955348
v 7.448649 2.872137 1.896706
v 7.437284 3.011181 1.983253
v 7.422176 2.935731 1.937500
v 7.462445 3.074296 1.998101
v 7.420513 3.005076 1.970756
v 7.414202 2.931127 1.917753
v 7.441719 3.070642 1.992462
v 7.406034 2.999807 1.955348
v 7.409318 2.928307 1.896706
v 7.422271 3.067213 1.983253
v 7.394291 2.995533 1.937500
v 7.404694 3.064113 1.970756
v 7.385638 2.992383 1.917753
v 7.389521 3.061438 1.955348
v 7.380338 2.990454 1.896706
v 7.377213 3.059268 1.937500
v 7.368145 3.057668 1.917753
v 7.362591 3.056689 1.896706
vn 0.000000 -0.000000 1.000000
vn -0.000000 0.000000 1.000000
vn -0.000000 0.000000 1.000000
vn -0.000000 0.000000 1.000000
vn -0.000000 0.000000 1.000000
vn -0.000000 0.000000 1.000000
vn -0.000000 0.000000 1.000000
vn -0.000000 0.000000 1.000000
vn -0.000000 0.000000 1.000000
vn 0.000000 0.000000 1.000000
vn 0.000000 0.000000 1.000000
vn 0.000000 0.000000 1.000000
vn 0.000000 0.000000 1.000000
vn 0.000000 0.000000 1.000000
vn 0.000000 0.000000 1.000000
vn 0.000000 0.000000 1.000000
vn 0.000000 0.000000 1.000000
vn 0.000000 0.000000 1.000000
vn 0.000000 -0.000000 1.000000
vn 0.000000 -0.000000 1.000000
vn 0.000000 -0.000000 1.000000
vn 0.000000 -0.000000 1.000000
vn 0.000000 -0.000000 1.000000
vn 0.000000 -0.000000 1.000000
vn 0.000000 -0.000000 1.000000
vn 0.000000 -0.000000 1.000000
vn 0.000000 -0.000000 1.000000
vn -0.000000 -0.000000 1.000000
vn -0.000000 -0.000000 1.000000
vn -0.000000 -0.000000 1.000000
vn -0.000000 -0.000000 1.000000
vn -0.000000 -0.000000 1.000000
vn -0.000000 -0.000000 1.000000
vn -0.000000 -0.000000 1.000000
vn -0.000000 -0.000000 1.000000
vn -0.000000 -0.000000 1.000000
vn 0.000000 -0.000000 1.000000
vn -0.173648 0.000000 0.984808
vn -0.342020 0.000000 0.939693
vn -0.500000 0.000000 0.866025
vn -0.642788 0.000000 0.766044
vn -0.766044 0.000000 0.642788
vn -0.866025 0.000000 0.500000
vn -0.939693 0.000000 0.342020
vn -0.984808 0.000000 0.173648
vn -1.000000 0.000000 -0.000000
vn -0.984808 -0.173648 -0.000000
vn -0.939693 -0.342020 -0.000000
vn -0.866025 -0.500000 -0.000000
vn -0.766044 -0.642788 -0.000000
vn -0.642788 -0.766044 -0.000000
vn -0.500000 -0.866025 -0.000000
vn -0.342020 -0.939693 -0.000000
vn -0.173648 -0.984808 -0.000000
vn -0.000000 -1.000000 -0.000000
vn 0.173648 -0.984808 -0.000000
vn 0.342020 -0.939693 -0.000000
vn 0.500000 -0.866025 -0.000000
vn 0.642788 -0.766044 -0.000000
vn 0.766044 -0.642788 -0.000000
vn 0.866025 -0.500000 -0.000000
vn 0.939693 -0.342020 -0.000000
vn 0.984808 -0.173648 -0.000000
vn 1.000000 -0.000000 -0.000000
vn 0.984808 0.173648 -0.000000
vn 0.939693 0.342020 -0.000000
vn 0.866025 0.500000 -0.000000
vn 0.766044 0.642788 -0.000000
vn 0.642788 0.766044 -0.000000
vn 0.500000 0.866025 -0.000000
vn 0.342020 0.939693 -0.000000
vn 0.173648 0.984808 -0.000000
vn 0.000000 1.000000 -0.000000
vn -0.173648 0.984808 -0.000000
vn -0.342020 0.939693 -0.000000
vn -0.500000 0.866025 -0.000000
vn -0.642788 0.766044 -0.000000
vn -0.766044 0.642788 -0.000000
vn -0.866025 0.500000 -0.000000
vn -0.939693 0.342020 -0.000000
vn -0.984808 0.173648 -0.000000
vn -1.000000 0.000000 0.000000
vn -0.173648 0.000000 0.984808
vn -0.342020 0.000000 0.939693
vn -0.500000 0.000000 0.866025
vn -0.642788 0.000000 0.766044
vn -0.766044 0.000000 0.642788
vn -0.866025 0.000000 0.500000
vn -0.939693 0.000000 0.342020
vn -0.984808 0.000000 0.173648
vn -0.171010 0.030154 0.984808
vn -0.336824 0.059391 0.939693
vn -0.492404 0.086824 0.866025
vn -0.163176 0.059391 0.984808
vn -0.633022 0.111619 0.766044
vn -0.321394 0.116978 0.939693
vn -0.754407 0.133022 0.642788
vn -0.469846 0.171010 0.866025
vn -0.852869 0.150384 0.500000
vn -0.150384 0.086824 0.984808
vn -0.604023 0.219846 0.766044
vn -0.925417 0.163176 0.342020
vn -0.296198 0.171010 0.939693
vn -0.719846 0.262003 0.642788
vn -0.969846 0.171010 0.173648
vn -0.433013 0.250000 0.866025
vn -0.813798 0.296198 0.500000
vn -0.133022 0.111619 0.984808
vn -0.556670 0.321394 0.766044
vn -0.883022 0.321394 0.342020
vn -0.262003 0.219846 0.939693
vn -0.663414 0.383022 0.642788
vn -0.925417 0.336824 0.173648
vn -0.383022 0.321394 0.866025
vn -0.750000 0.433013 0.500000
vn -0.111619 0.133022 0.984808
vn -0.492404 0.413176 0.766044
vn -0.813798 0.469846 0.342020
vn -0.219846 0.262003 0.939693
vn -0.586824 0.492404 0.642788
vn -0.852869 0.492404 0.173648
vn -0.321394 0.383022 0.866025
vn -0.663414 0.556670 0.500000
vn -0.086824 0.150384 0.984808
vn -0.413176 0.492404 0.766044
vn -0.719846 0.604023 0.342020
vn -0.171010 0.296198 0.939693
vn -0.492404 0.586824 0.642788
vn -0.754407 0.633022 0.173648
vn -0.250000 0.433013 0.866025
vn -0.556670 0.663414 0.500000
vn -0.059391 0.163176 0.984808
vn -0.321394 0.556670 0.766044
vn -0.604023 0.719846 0.342020
vn -0.116978 0.321394 0.939693
vn -0.383022 0.663414 0.642788
vn -0.633022 0.754407 0.173648
vn -0.171010 0.469846 0.866025
vn -0.433013 0.750000 0.500000
vn -0.030154 0.171010 0.984808
vn -0.219846 0.604023 0.766044
vn -0.469846 0.813798 0.342020
vn -0.059391 0.336824 0.939693
vn -0.262003 0.719846 0.642788
vn -0.492404 0.852869 0.173648
vn -0.086824 0.492404 0.866025
vn -0.296198 0.813798 0.500000
vn 0.000000 0.173648 0.984808
vn -0.111619 0.633022 0.766044
vn -0.321394 0.883022 0.342020
vn 0.000000 0.342020 0.939693
vn -0.133022 0.754407 0.642788
vn -0.336824 0.925417 0.173648
vn 0.000000 0.500000 0.866025
vn -0.150384 0.852869 0.500000
vn 0.030154 0.171010 0.984808
vn 0.000000 0.642788 0.766044
vn -0.163176 0.925417 0.342020
vn 0.059391 0.336824 0.939693
vn 0.000000 0.766044 0.642788
vn -0.171010 0.969846 0.173648
vn 0.086824 0.492404 0.866025
vn 0.000000 0.866025 0.500000
vn 0.059391 0.163176 0.984808
vn 0.111619 0.633022 0.766044
vn 0.000000 0.939693 0.342020
vn 0.116978 0.321394 0.939693
vn 0.133022 0.754407 0.642788
vn 0.000000 0.984808 0.173648
vn 0.171010 0.469846 0.866025
vn 0.150384 0.852869 0.500000
vn 0.086824 0.150384 0.984808
vn 0.219846 0.604023 0.766044
vn 0.163176 0.925417 0.342020
vn 0.171010 0.296198 0.939693
vn 0.262003 0.719846 0.642788
vn 0.171010 0.969846 0.173648
vn 0.250000 0.433013 0.866025
vn 0.296198 0.813798 0.500000
vn 0.111619 0.133022 0.984808
vn 0.321394 0.556670 0.766044
vn 0.321394 0.883022 0.342020
vn 0.219846 0.262003 0.939693
vn 0.383022 0.663414 0.642788
vn 0.336824 0.925417 0.173648
vn 0.321394 0.383022 0.866025
vn 0.433013 0.750000 0.500000
vn 0.133022 0.111619 0.984808
vn 0.413176 0.492404 0.766044
vn 0.469846 0.813798 0.342020
vn 0.262003 0.219846 0.939693
vn 0.492404 0.586824 0.642788
vn 0.492404 0.852869 0.173648
vn 0.383022 0.321394 0.866025
vn 0.556670 0.663414 0.500000
vn 0.150384 0.086824 0.984808
vn 0.492404 0.413176 0.766044
vn 0.604023 0.719846 0.342020
vn 0.296198 0.171010 0.939693
vn 0.586824 0.492404 0.642788
vn 0.633022 0.754407 0.173648
vn 0.433013 0.250000 0.866025
vn 0.663414 0.556670 0.500000
vn 0.163176 0.059391 0.984808
vn 0.556670 0.321394 0.766044
vn 0.719846 0.604023 0.342020
vn 0.321394 0.116978 0.939693
vn 0.663414 0.383022 0.642788
vn 0.754407 0.633022 0.173648
vn 0.469846 0.171010 0.866025
vn 0.750000 0.433013 0.500000
vn 0.171010 0.030154 0.984808
vn 0.604023 0.219846 0.766044
vn 0.813798 0.469846 0.342020
vn 0.336824 0.059391 0.939693
vn 0.719846 0.262003 0.642788
vn 0.852869 0.492404 0.173648
vn 0.492404 0.086824 0.866025
vn 0.813798 0.296198 0.500000
vn 0.173648 -0.000000 0.984808
vn 0.633022 0.111619 0.766044
vn 0.883022 0.321394 0.342020
vn 0.342020 -0.000000 0.939693
vn 0.754407 0.133022 0.642788
vn 0.925417 0.336824 0.173648
vn 0.500000 -0.000000 0.866025
vn 0.852869 0.150384 0.500000
vn 0.171010 -0.030154 0.984808
vn 0.642788 -0.000000 0.766044
vn 0.925417 0.163176 0.342020
vn 0.336824 -0.059391 0.939693
vn 0.766044 -0.000000 0.642788
vn 0.969846 0.171010 0.173648
vn 0.492404 -0.086824 0.866025
vn 0.866025 -0.000000 0.500000
vn 0.163176 -0.059391 0.984808
vn 0.633022 -0.111619 0.766044
vn 0.939693 -0.000000 0.342020
vn 0.321394 -0.116978 0.939693
vn 0.754407 -0.133022 0.642788
vn 0.984808 -0.000000 0.173648
vn 0.469846 -0.171010 0.866025
vn 0.852869 -0.150384 0.500000
vn 0.150384 -0.086824 0.984808
vn 0.604023 -0.219846 0.766044
vn 0.925417 -0.163176 0.342020
vn 0.296198 -0.171010 0.939693
vn 0.719846 -0.262003 0.642788
vn 0.969846 -0.171010 0.173648
vn 0.433013 -0.250000 0.866025
vn 0.813798 -0.296198 0.500000
vn 0.133022 -0.111619 0.984808
vn 0.556670 -0.321394 0.766044
vn 0.883022 -0.321394 0.342020
vn 0.262003 -0.219846 0.939693
vn 0.663414 -0.383022 0.642788
vn 0.925417 -0.336824 0.173648
vn 0.383022 -0.321394 0.866025
vn 0.750000 -0.433013 0.500000
vn 0.111619 -0.133022 0.984808
vn 0.492404 -0.413176 0.766044
vn 0.813798 -0.469846 0.342020
vn 0.219846 -0.262003 0.939693
vn 0.586824 -0.492404 0.642788
vn 0.852869 -0.492404 0.173648
vn 0.321394 -0.383022 0.866025
vn 0.663414 -0.556670 0.500000
vn 0.086824 -0.150384 0.984808
vn 0.413176 -0.492404 0.766044
vn 0.719846 -0.604023 0.342020
vn 0.171010 -0.296198 0.939693
vn 0.492404 -0.586824 0.642788
vn 0.754407 -0.633022 0.173648
vn 0.250000 -0.433013 0.866025
vn 0.556670 -0.663414 0.500000
vn 0.059391 -0.163176 0.984808
vn 0.321394 -0.556670 0.766044
vn 0.604023 -0.719846 0.342020
vn 0.116978 -0.321394 0.939693
vn 0.383022 -0.663414 0.642788
vn 0.633022 -0.754407 0.173648
vn 0.171010 -0.469846 0.866025
vn 0.433013 -0.750000 0.500000
vn 0.030154 -0.171010 0.984808
vn 0.219846 -0.604023 0.766044
vn 0.469846 -0.813798 0.342020
vn 0.059391 -0.336824 0.939693
vn 0.262003 -0.719846 0.642788
vn 0.492404 -0.852869 0.173648
vn 0.086824 -0.492404 0.866025
vn 0.296198 -0.813798 0.500000
vn -0.000000 -0.173648 0.984808
vn 0.111619 -0.633022 0.766044
vn 0.321394 -0.883022 0.342020
vn -0.000000 -0.342020 0.939693
vn 0.133022 -0.754407 0.642788
vn 0.336824 -0.925417 0.173648
vn -0.000000 -0.500000 0.866025
vn 0.150384 -0.852869 0.500000
vn -0.030154 -0.171010 0.984808
vn -0.000000 -0.642788 0.766044
vn 0.163176 -0.925417 0.342020
vn -0.059391 -0.336824 0.939693
vn -0.000000 -0.766044 0.642788
vn 0.171010 -0.969846 0.173648
vn -0.086824 -0.492404 0.866025
vn -0.000000 -0.866025 0.500000
vn -0.059391 -0.163176 0.984808
vn -0.111619 -0.633022 0.766044
vn -0.000000 -0.939693 0.342020
vn -0.116978 -0.321394 0.939693
vn -0.133022 -0.754407 0.642788
vn -0.000000 -0.984808 0.173648
vn -0.171010 -0.469846 0.866025
vn -0.150384 -0.852869 0.500000
vn -0.086824 -0.150384 0.984808
vn -0.219846 -0.604023 0.766044
vn -0.163176 -0.925417 0.342020
vn -0.171010 -0.296198 0.939693
vn -0.262003 -0.719846 0.642788
vn -0.171010 -0.969846 0.173648
vn -0.250000 -0.433013 0.866025
vn -0.296198 -0.813798 0.500000
vn -0.111619 -0.133022 0.984808
vn -0.321394 -0.556670 0.766044
vn -0.321394 -0.883022 0.342020
vn -0.219846 -0.262003 0.939693
vn -0.383022 -0.663414 0.642788
vn -0.336824 -0.925417 0.173648
vn -0.321394 -0.383022 0.866025
vn -0.433013 -0.750000 0.500000
vn -0.133022 -0.111619 0.984808
vn -0.413176 -0.492404 0.766044
vn -0.469846 -0.813798 0.342020
vn -0.262003 -0.219846 0.939693
vn -0.492404 -0.586824 0.642788
vn -0.492404 -0.852869 0.173648
vn -0.383022 -0.321394 0.866025
vn -0.556670 -0.663414 0.500000
vn -0.150384 -0.086824 0.984808
vn -0.492404 -0.413176 0.766044
vn -0.604023 -0.719846 0.342020
vn -0.296198 -0.171010 0.939693
vn -0.586824 -0.492404 0.642788
vn -0.633022 -0.754407 0.173648
vn -0.433013 -0.250000 0.866025
vn -0.663414 -0.556670 0.500000
vn -0.163176 -0.059391 0.984808
vn -0.556670 -0.321394 0.766044
vn -0.719846 -0.604023 0.342020
vn -0.321394 -0.116978 0.939693
vn -0.663414 -0.383022 0.642788
vn -0.754407 -0.633022 0.173648
vn -0.469846 -0.171010 0.866025
vn -0.750000 -0.433013 0.500000
vn -0.171010 -0.030154 0.984808
vn -0.604023 -0.219846 0.766044
vn -0.813798 -0.469846 0.342020
vn -0.336824 -0.059391 0.939693
vn -0.719846 -0.262003 0.642788
vn -0.852869 -0.492404 0.173648
vn -0.492404 -0.086824 0.866025
vn -0.813798 -0.296198 0.500000
vn -0.633022 -0.111619 0.766044
vn -0.883022 -0.321394 0.342020
vn -0.754407 -0.133022 0.642788
vn -0.925417 -0.336824 0.173648
vn -0.852869 -0.150384 0.500000
vn -0.925417 -0.163176 0.342020
vn -0.969846 -0.171010 0.173648
vt 0.000000 4.712389
vt 0.174533 4.712389
vt 0.349066 4.712389
vt 0.523599 4.712389
vt 0.698132 4.712389
vt 0.872665 4.712389
vt 1.047198 4.712389
vt 1.221730 4.712389
vt 1.396263 4.712389
vt 1.570796 4.712389
vt 1.745329 4.712389
vt 1.919862 4.712389
vt 2.094395 4.712389
vt 2.268928 4.712389
vt 2.443461 4.712389
vt 2.617994 4.712389
vt 2.792527 4.712389
vt 2.967060 4.712389
vt 3.141593 4.712389
vt 3.316126 4.712389
vt 3.490659 4.712389
vt 3.665191 4.712389
vt 3.839724 4.712389
vt 4.014257 4.712389
vt 4.188790 4.712389
vt 4.363323 4.712389
vt 4.537856 4.712389
vt 4.712389 4.712389
vt 4.886922 4.712389
vt 5.061455 4.712389
vt 5.235988 4.712389
vt 5.410521 4.712389
vt 5.585053 4.712389
vt 5.759586 4.712389
vt 5.934119 4.712389
vt 6.108653 4.712389
vt 6.283185 4.712389
vt 6.283185 4.886922
vt 6.283185 5.061455
vt 6.283185 5.235988
vt 6.283185 5.410521
vt 6.283185 5.585053
vt 6.283185 5.759586
vt 6.283185 5.934119
vt 6.283185 6.108653
vt 6.283185 6.283185
vt 6.108653 6.283185
vt 5.934119 6.283185
vt 5.759586 6.283185
vt 5.585053 6.283185
vt 5.410521 6.283185
vt 5.235988 6.283185
vt 5.061455 6.283185
vt 4.886922 6.283185
vt 4.712389 6.283185
vt 4.537856 6.283185
vt 4.363323 6.283185
vt 4.188790 6.283185
vt 4.014257 6.283185
vt 3.839724 6.283185
vt 3.665191 6.283185
vt 3.490659 6.283185
vt 3.316126 6.283185
vt 3.141593 6.283185
vt 2.967060 6.283185
vt 2.792527 6.283185
vt 2.617994 6.283185
vt 2.443461 6.283185
vt 2.268928 6.283185
vt 2.094395 6.283185
vt 1.919862 6.283185
vt 1.745329 6.283185
vt 1.570796 6.283185
vt 1.396263 6.283185
vt 1.221730 6.283185
vt 1.047198 6.283185
vt 0.872665 6.283185
vt 0.698132 6.283185
vt 0.523599 6.283185
vt 0.349066 6.283185
vt 0.174533 6.283185
vt 0.000000 6.283185
vt 0.000000 4.886922
vt 0.000000 5.061455
vt 0.000000 5.235988
vt 0.000000 5.410521
vt 0.000000 5.585053
vt 0.000000 5.759586
vt 0.000000 5.934119
vt 0.000000 6.108653
vt 0.174533 4.886922
vt 0.174533 5.061455
vt 0.174533 5.235988
vt 0.349066 4.886922
vt 0.174533 5.410521
vt 0.349066 5.061455
vt 0.174533 5.585053
vt 0.349066 5.235988
vt 0.174533 5.759586
vt 0.523599 4.886922
vt 0.349066 5.410521
vt 0.174533 5.934119
vt 0.523599 5.061455
vt 0.349066 5.585053
vt 0.174533 6.108653
vt 0.523599 5.235988
vt 0.349066 5.759586
vt 0.698132 4.886922
vt 0.523599 5.410521
vt 0.349066 5.934119
vt 0.698132 5.061455
vt 0.523599 5.585053
vt 0.349066 6.108653
vt 0.698132 5.235988
vt 0.523599 5.759586
vt 0.872665 4.886922
vt 0.698132 5.410521
vt 0.523599 5.934119
vt 0.872665 5.061455
vt 0.698132 5.585053
vt 0.523599 6.108653
vt 0.872665 5.235988
vt 0.698132 5.759586
vt 1.047198 4.886922
vt 0.872665 5.410521
vt 0.698132 5.934119
vt 1.047198 5.061455
vt 0.872665 5.585053
vt 0.698132 6.108653
vt 1.047198 5.235988
vt 0.872665 5.759586
vt 1.221730 4.886922
vt 1.047198 5.410521
vt 0.872665 5.934119
vt 1.221730 5.061455
vt 1.047198 5.585053
vt 0.872665 6.108653
vt 1.221730 5.235988
vt 1.047198 5.759586
vt 1.396263 4.886922
vt 1.221730 5.410521
vt 1.047198 5.934119
vt 1.396263 5.061455
vt 1.221730 5.585053
vt 1.047198 6.108653
vt 1.396263 5.235988
vt 1.221730 5.759586
vt 1.570796 4.886922
vt 1.396263 5.410521
vt 1.221730 5.934119
vt 1.570796 5.061455
vt 1.396263 5.585053
vt 1.221730 6.108653
vt 1.570796 5.235988
vt 1.396263 5.759586
vt 1.745329 4.886922
vt 1.570796 5.410521
vt 1.396263 5.934119
vt 1.745329 5.061455
vt 1.570796 5.585053
vt 1.396263 6.108653
vt 1.745329 5.235988
vt 1.570796 5.759586
vt 1.919862 4.886922
vt 1.745329 5.410521
vt 1.570796 5.934119
vt 1.919862 5.061455
vt 1.745329 5.585053
vt 1.570796 6.108653
vt 1.919862 5.235988
vt 1.745329 5.759586
vt 2.094395 4.886922
vt 1.919862 5.410521
vt 1.745329 5.934119
vt 2.094395 5.061455
vt 1.919862 5.585053
vt 1.745329 6.108653
vt 2.094395 5.235988
vt 1.919862 5.759586
vt 2.268928 4.886922
vt 2.094395 5.410521
vt 1.919862 5.934119
vt 2.268928 5.061455
vt 2.094395 5.585053
vt 1.919862 6.108653
vt 2.268928 5.235988
vt 2.094395 5.759586
vt 2.443461 4.886922
vt 2.268928 5.410521
vt 2.094395 5.934119
vt 2.443461 5.061455
vt 2.268928 5.585053
vt 2.094395 6.108653
vt 2.443461 5.235988
vt 2.268928 5.759586
vt 2.617994 4.886922
vt 2.443461 5.410521
vt 2.268928 5.934119
vt 2.617994 5.061455
vt 2.443461 5.585053
vt 2.268928 6.108653
vt 2.617994 5.235988
vt 2.443461 5.759586
vt 2.792527 4.886922
vt 2.617994 5.410521
vt 2.443461 5.934119
vt 2.792527 5.061455
vt 2.617994 5.585053
vt 2.443461 6.108653
vt 2.792527 5.235988
vt 2.617994 5.759586
vt 2.967060 4.886922
vt 2.792527 5.410521
vt 2.617994 5.934119
vt 2.967060 5.061455
vt 2.792527 5.585053
vt 2.617994 6.108653
vt 2.967060 5.235988
vt 2.792527 5.759586
vt 3.141593 4.886922
vt 2.967060 5.410521
vt 2.792527 5.934119
vt 3.141593 5.061455
vt 2.967060 5.585053
vt 2.792527 6.108653
vt 3.141593 5.235988
vt 2.967060 5.759586
vt 3.316126 4.886922
vt 3.141593 5.410521
vt 2.967060 5.934119
vt 3.316126 5.061455
vt 3.141593 5.585053
vt 2.967060 6.108653
vt 3.316126 5.235988
vt 3.141593 5.759586
vt 3.490659 4.886922
vt 3.316126 5.410521
vt 3.141593 5.934119
vt 3.490659 5.061455
vt 3.316126 5.585053
vt 3.141593 6.108653
vt 3.490659 5.235988
vt 3.316126 5.759586
vt 3.665191 4.886922
vt 3.490659 5.410521
vt 3.316126 5.934119
vt 3.665191 5.061455
vt 3.490659 5.585053
vt 3.316126 6.108653
vt 3.665191 5.235988
vt 3.490659 5.759586
vt 3.839724 4.886922
vt 3.665191 5.410521
vt 3.490659 5.934119
vt 3.839724 5.061455
vt 3.665191 5.585053
vt 3.490659 6.108653
vt 3.839724 5.235988
vt 3.665191 5.759586
vt 4.014257 4.886922
vt 3.839724 5.410521
vt 3.665191 5.934119
vt 4.014257 5.061455
vt 3.839724 5.585053
vt 3.665191 6.108653
vt 4.014257 5.235988
vt 3.839724 5.759586
vt 4.188790 4.886922
vt 4.014257 5.410521
vt 3.839724 5.934119
vt 4.188790 5.061455
vt 4.014257 5.585053
vt 3.839724 6.108653
vt 4.188790 5.235988
vt 4.014257 5.759586
vt 4.363323 4.886922
vt 4.188790 5.410521
vt 4.014257 5.934119
vt 4.363323 5.061455
vt 4.188790 5.585053
vt 4.014257 6.108653
vt 4.363323 5.235988
vt 4.188790 5.759586
vt 4.537856 4.886922
vt 4.363323 5.410521
vt 4.188790 5.934119
vt 4.537856 5.061455
vt 4.363323 5.585053
vt 4.188790 6.108653
vt 4.537856 5.235988
vt 4.363323 5.759586
vt 4.712389 4.886922
vt 4.537856 5.410521
vt 4.363323 5.934119
vt 4.712389 5.061455
vt 4.537856 5.585053
vt 4.363323 6.108653
vt 4.712389 5.235988
vt 4.537856 5.759586
vt 4.886922 4.886922
vt 4.712389 5.410521
vt 4.537856 5.934119
vt 4.886922 5.061455
vt 4.712389 5.585053
vt 4.537856 6.108653
vt 4.886922 5.235988
vt 4.712389 5.759586
vt 5.061455 4.886922
vt 4.886922 5.410521
vt 4.712389 5.934119
vt 5.061455 5.061455
vt 4.886922 5.585053
vt 4.712389 6.108653
vt 5.061455 5.235988
vt 4.886922 5.759586
vt 5.235988 4.886922
vt 5.061455 5.410521
vt 4.886922 5.934119
vt 5.235988 5.061455
vt 5.061455 5.585053
vt 4.886922 6.108653
vt 5.235988 5.235988
vt 5.061455 5.759586
vt 5.410521 4.886922
vt 5.235988 5.410521
vt 5.061455 5.934119
vt 5.410521 5.061455
vt 5.235988 5.585053
vt 5.061455 6.108653
vt 5.410521 5.235988
vt 5.235988 5.759586
vt 5.585053 4.886922
vt 5.410521 5.410521
vt 5.235988 5.934119
vt 5.585053 5.061455
vt 5.410521 5.585053
vt 5.235988 6.108653
vt 5.585053 5.235988
vt 5.410521 5.759586
vt 5.759586 4.886922
vt 5.585053 5.410521
vt 5.410521 5.934119
vt 5.759586 5.061455
vt 5.585053 5.585053
vt 5.410521 6.108653
vt 5.759586 5.235988
vt 5.585053 5.759586
vt 5.934119 4.886922
vt 5.759586 5.410521
vt 5.585053 5.934119
vt 5.934119 5.061455
vt 5.759586 5.585053
vt 5.585053 6.108653
vt 5.934119 5.235988
vt 5.759586 5.759586
vt 6.108653 4.886922
vt 5.934119 5.410521
vt 5.759586 5.934119
vt 6.108653 5.061455
vt 5.934119 5.585053
vt 5.759586 6.108653
vt 6.108653 5.235988
vt 5.934119 5.759586
vt 6.108653 5.410521
vt 5.934119 5.934119
vt 6.108653 5.585053
vt 5.934119 6.108653
vt 6.108653 5.759586
vt 6.108653 5.934119
vt 6.108653 6.108653
f 576/576/576 657/657/657 575/575/575
f 612/612/612 610/610/610 611/611/611
f 620/620/620 621/621/621 619/619/619
f 665/665/665 657/657/657 576/576/576
f 666/666/666 657/657/657 665/665/665
f 666/666/666 658/658/658 657/657/657
f 667/667/667 658/658/658 666/666/666
f 667/667/667 659/659/659 658/658/658
f 668/668/668 576/576/576 577/577/577
f 668/668/668 665/665/665 576/576/576
f 669/669/669 659/659/659 667/667/667
f 669/669/669 660/660/660 659/659/659
f 670/670/670 666/666/666 665/665/665
f 670/670/670 665/665/665 668/668/668
f 671/671/671 660/660/660 669/669/669
f 671/671/671 661/661/661 660/660/660
f 672/672/672 667/667/667 666/666/666
f 672/672/672 666/666/666 670/670/670
f 673/673/673 661/661/661 671/671/671
f 673/673/673 662/662/662 661/661/661
f 674/674/674 577/577/577 578/578/578
f 674/674/674 668/668/668 577/577/577
f 675/675/675 669/669/669 667/667/667
f 675/675/675 667/667/667 672/672/672
f 676/676/676 663/663/663 662/662/662
f 676/676/676 662/662/662 673/673/673
f 677/677/677 668/668/668 674/674/674
f 677/677/677 670/670/670 668/668/668
f 678/678/678 671/671/671 669/669/669
f 678/678/678 669/669/669 675/675/675
f 679/679/679 663/663/663 676/676/676
f 679/679/679 655/655/655 656/656/656
f 679/679/679 664/664/664 663/663/663
f 679/679/679 656/656/656 664/664/664
f 680/680/680 672/672/672 670/670/670
f 680/680/680 670/670/670 677/677/677
f 681/681/681 673/673/673 671/671/671
f 681/681/681 671/671/671 678/678/678
f 682/682/682 578/578/578 579/579/579
f 682/682/682 674/674/674 578/578/578
f 683/683/683 672/672/672 680/680/680
f 683/683/683 675/675/675 672/672/672
f 684/684/684 673/673/673 681/681/681
f 684/684/684 676/676/676 673/673/673
f 685/685/685 677/677/677 674/674/674
f 685/685/685 674/674/674 682/682/682
f 686/686/686 675/675/675 683/683/683
f 686/686/686 678/678/678 675/675/675
f 687/687/687 679/679/679 676/676/676
f 687/687/687 676/676/676 684/684/684
f 687/687/687 654/654/654 655/655/655
f 687/687/687 655/655/655 679/679/679
f 688/688/688 677/677/677 685/685/685
f 688/688/688 680/680/680 677/677/677
f 689/689/689 678/678/678 686/686/686
f 689/689/689 681/681/681 678/678/678
f 690/690/690 579/579/579 580/580/580
f 690/690/690 682/682/682 579/579/579
f 691/691/691 683/683/683 680/680/680
f 691/691/691 680/680/680 688/688/688
f 692/692/692 684/684/684 681/681/681
f 692/692/692 681/681/681 689/689/689
f 693/693/693 685/685/685 682/682/682
f 693/693/693 682/682/682 690/690/690
f 694/694/694 683/683/683 691/691/691
f 694/694/694 686/686/686 683/683/683
f 695/695/695 684/684/684 692/692/692
f 695/695/695 687/687/687 684/684/684
f 695/695/695 653/653/653 654/654/654
f 695/695/695 654/654/654 687/687/687
f 696/696/696 688/688/688 685/685/685
f 696/696/696 685/685/685 693/693/693
f 697/697/697 689/689/689 686/686/686
f 697/697/697 686/686/686 694/694/694
f 698/698/698 580/580/580 581/581/581
f 698/698/698 690/690/690 580/580/580
f 699/699/699 691/691/691 688/688/688
f 699/699/699 688/688/688 696/696/696
f 700/700/700 689/689/689 697/697/697
f 700/700/700 692/692/692 689/689/689
f 701/701/701 690/690/690 698/698/698
f 701/701/701 693/693/693 690/690/690
f 702/702/702 694/694/694 691/691/691
f 702/702/702 691/691/691 699/699/699
f 703/703/703 695/695/695 692/692/692
f 703/703/703 692/692/692 700/700/700
f 703/703/703 653/653/653 695/695/695
f 703/703/703 652/652/652 653/653/653
f 704/704/704 696/696/696 693/693/693
f 704/704/704 693/693/693 701/701/701
f 705/705/705 697/697/697 694/694/694
f 705/705/705 694/694/694 702/702/702
f 706/706/706 581/581/581 582/582/582
f 706/706/706 698/698/698 581/581/581
f 707/707/707 699/699/699 696/696/696
f 707/707/707 696/696/696 704/704/704
f 708/708/708 697/697/697 705/705/705
f 708/708/708 700/700/700 697/697/697
f 709/709/709 701/701/701 698/698/698
f 709/709/709 698/698/698 706/706/706
f 710/710/710 699/699/699 707/707/707
f 710/710/710 702/702/702 699/699/699
f 711/711/711 703/703/703 700/700/700
f 711/711/711 700/700/700 708/708/708
f 711/711/711 651/651/651 652/652/652
f 711/711/711 652/652/652 703/703/703
f 712/712/712 704/704/704 701/701/701
f 712/712/712 701/701/701 709/709/709
f 713/713/713 702/702/702 710/710/710
f 713/713/713 705/705/705 702/702/702
f 714/714/714 582/582/582 583/583/583
f 714/714/714 706/706/706 582/582/582
f 715/715/715 707/707/707 704/704/704
f 715/715/715 704/704/704 712/712/712
f 716/716/716 705/705/705 713/713/713
f 716/716/716 708/708/708 705/705/705
f 717/717/717 709/709/709 706/706/706
f 717/717/717 706/706/706 714/714/714
f 718/718/718 707/707/707 715/715/715
f 718/718/718 710/710/710 707/707/707
f 719/719/719 711/711/711 708/708/708
f 719/719/719 651/651/651 711/711/711
f 719/719/719 650/650/650 651/651/651
f 719/719/719 708/708/708 716/716/716
f 720/720/720 712/712/712 709/709/709
f 720/720/720 709/709/709 717/717/717
f 721/721/721 713/713/713 710/710/710
f 721/721/721 710/710/710 718/718/718
f 722/722/722 714/714/714 583/583/583
f 722/722/722 583/583/583 584/584/584
f 723/723/723 715/715/715 712/712/712
f 723/723/723 712/712/712 720/720/720
f 724/724/724 713/713/713 721/721/721
f 724/724/724 716/716/716 713/713/713
f 725/725/725 714/714/714 722/722/722
f 725/725/725 717/717/717 714/714/714
f 725/725/725 720/720/720 717/717/717
f 726/726/726 715/715/715 723/723/723
f 726/726/726 718/718/718 715/715/715
f 727/727/727 719/719/719 716/716/716
f 727/727/727 650/650/650 719/719/719
f 727/727/727 716/716/716 724/724/724
f 727/727/727 649/649/649 650/650/650
f 728/728/728 720/720/720 725/725/725
f 729/729/729 721/721/721 718/718/718
f 729/729/729 718/718/718 726/726/726
f 730/730/730 584/584/584 585/585/585
f 730/730/730 722/722/722 584/584/584
f 731/731/731 723/723/723 720/720/720
f 731/731/731 720/720/720 728/728/728
f 732/732/732 724/724/724 721/721/721
f 732/732/732 721/721/721 729/729/729
f 733/733/733 722/722/722 730/730/730
f 733/733/733 725/725/725 722/722/722
f 734/734/734 726/726/726 723/723/723
f 734/734/734 723/723/723 731/731/731
f 735/735/735 727/727/727 724/724/724
f 735/735/735 649/649/649 727/727/727
f 735/735/735 724/724/724 732/732/732
f 735/735/735 648/648/648 649/649/649
f 736/736/736 728/728/728 725/725/725
f 736/736/736 725/725/725 733/733/733
f 737/737/737 729/729/729 726/726/726
f 737/737/737 726/726/726 734/734/734
f 738/738/738 585/585/585 586/586/586
f 738/738/738 730/730/730 585/585/585
f 739/739/739 731/731/731 728/728/728
f 739/739/739 728/728/728 736/736/736
f 740/740/740 732/732/732 729/729/729
f 740/740/740 729/729/729 737/737/737
f 740/740/740 735/735/735 732/732/732
f 741/741/741 730/730/730 738/738/738
f 741/741/741 733/733/733 730/730/730
f 742/742/742 734/734/734 731/731/731
f 742/742/742 731/731/731 739/739/739
f 743/743/743 735/735/735 740/740/740
f 743/743/743 647/647/647 648/648/648
f 743/743/743 648/648/648 735/735/735
f 744/744/744 733/733/733 741/741/741
f 744/744/744 739/739/739 736/736/736
f 744/744/744 736/736/736 733/733/733
f 745/745/745 737/737/737 734/734/734
f 745/745/745 734/734/734 742/742/742
f 746/746/746 586/586/586 587/587/587
f 746/746/746 738/738/738 586/586/586
f 746/746/746 741/741/741 738/738/738
f 747/747/747 739/739/739 744/744/744
f 748/748/748 737/737/737 745/745/745
f 748/748/748 740/740/740 737/737/737
f 749/749/749 741/741/741 746/746/746
f 750/750/750 742/742/742 739/739/739
f 750/750/750 739/739/739 747/747/747
f 751/751/751 647/647/647 743/743/743
f 751/751/751 740/740/740 748/748/748
f 751/751/751 646/646/646 647/647/647
f 751/751/751 743/743/743 740/740/740
f 752/752/752 744/744/744 741/741/741
f 752/752/752 741/741/741 749/749/749
f 752/752/752 747/747/747 744/744/744
f 753/753/753 742/742/742 750/750/750
f 753/753/753 745/745/745 742/742/742
f 754/754/754 587/587/587 588/588/588
f 754/754/754 588/588/588 589/589/589
f 754/754/754 746/746/746 587/587/587
f 755/755/755 747/747/747 752/752/752
f 756/756/756 748/748/748 745/745/745
f 756/756/756 745/745/745 753/753/753
f 757/757/757 749/749/749 746/746/746
f 757/757/757 746/746/746 754/754/754
f 758/758/758 750/750/750 747/747/747
f 758/758/758 747/747/747 755/755/755
f 759/759/759 751/751/751 748/748/748
f 759/759/759 646/646/646 751/751/751
f 759/759/759 748/748/748 756/756/756
f 759/759/759 645/645/645 646/646/646
f 760/760/760 752/752/752 749/749/749
f 760/760/760 749/749/749 757/757/757
f 761/761/761 753/753/753 750/750/750
f 761/761/761 750/750/750 758/758/758
f 762/762/762 754/754/754 589/589/589
f 763/763/763 755/755/755 752/752/752
f 763/763/763 752/752/752 760/760/760
f 763/763/763 758/758/758 755/755/755
f 764/764/764 756/756/756 753/753/753
f 764/764/764 753/753/753 761/761/761
f 765/765/765 757/757/757 754/754/754
f 765/765/765 754/754/754 762/762/762
f 766/766/766 758/758/758 763/763/763
f 767/767/767 759/759/759 756/756/756
f 767/767/767 645/645/645 759/759/759
f 767/767/767 756/756/756 764/764/764
f 767/767/767 644/644/644 645/645/645
f 768/768/768 760/760/760 757/757/757
f 768/768/768 757/757/757 765/765/765
f 769/769/769 761/761/761 758/758/758
f 769/769/769 758/758/758 766/766/766
f 770/770/770 589/589/589 590/590/590
f 770/770/770 590/590/590 591/591/591
f 770/770/770 762/762/762 589/589/589
f 771/771/771 763/763/763 760/760/760
f 771/771/771 760/760/760 768/768/768
f 772/772/772 764/764/764 761/761/761
f 772/772/772 761/761/761 769/769/769
f 773/773/773 765/765/765 762/762/762
f 773/773/773 762/762/762 770/770/770
f 774/774/774 766/766/766 763/763/763
f 774/774/774 763/763/763 771/771/771
f 775/775/775 643/643/643 644/644/644
f 775/775/775 767/767/767 764/764/764
f 775/775/775 644/644/644 767/767/767
f 775/775/775 764/764/764 772/772/772
f 776/776/776 768/768/768 765/765/765
f 776/776/776 765/765/765 773/773/773
f 777/777/777 766/766/766 774/774/774
f 777/777/777 769/769/769 766/766/766
f 778/778/778 770/770/770 591/591/591
f 779/779/779 774/774/774 771/771/771
f 779/779/779 768/768/768 776/776/776
f 779/779/779 771/771/771 768/768/768
f 780/780/780 769/769/769 777/777/777
f 780/780/780 772/772/772 769/769/769
f 781/781/781 770/770/770 778/778/778
f 781/781/781 773/773/773 770/770/770
f 782/782/782 774/774/774 779/779/779
f 782/782/782 777/777/777 774/774/774
f 783/783/783 775/775/775 772/772/772
f 783/783/783 642/642/642 643/643/643
f 783/783/783 772/772/772 780/780/780
f 783/783/783 643/643/643 775/775/775
f 784/784/784 776/776/776 773/773/773
f 784/784/784 773/773/773 781/781/781
f 785/785/785 777/777/777 782/782/782
f 786/786/786 591/591/591 592/592/592
f 786/786/786 778/778/778 591/591/591
f 787/787/787 779/779/779 776/776/776
f 787/787/787 776/776/776 784/784/784
f 788/788/788 777/777/777 785/785/785
f 788/788/788 780/780/780 777/777/777
f 789/789/789 778/778/778 786/786/786
f 789/789/789 781/781/781 778/778/778
f 790/790/790 779/779/779 787/787/787
f 790/790/790 782/782/782 779/779/779
f 791/791/791 642/642/642 783/783/783
f 791/791/791 780/780/780 788/788/788
f 791/791/791 641/641/641 642/642/642
f 791/791/791 783/783/783 780/780/780
f 792/792/792 781/781/781 789/789/789
f 792/792/792 784/784/784 781/781/781
f 793/793/793 785/785/785 782/782/782
f 793/793/793 782/782/782 790/790/790
f 794/794/794 592/592/592 593/593/593
f 794/794/794 786/786/786 592/592/592
f 795/795/795 787/787/787 784/784/784
f 795/795/795 784/784/784 792/792/792
f 796/796/796 788/788/788 785/785/785
f 796/796/796 785/785/785 793/793/793
f 797/797/797 786/786/786 794/794/794
f 797/797/797 789/789/789 786/786/786
f 798/798/798 790/790/790 787/787/787
f 798/798/798 787/787/787 795/795/795
f 799/799/799 791/791/791 788/788/788
f 799/799/799 641/641/641 791/791/791
f 799/799/799 788/788/788 796/796/796
f 799/799/799 640/640/640 641/641/641
f 800/800/800 792/792/792 789/789/789
f 800/800/800 789/789/789 797/797/797
f 801/801/801 793/793/793 790/790/790
f 801/801/801 790/790/790 798/798/798
f 802/802/802 593/593/593 594/594/594
f 802/802/802 794/794/794 593/593/593
f 802/802/802 797/797/797 794/794/794
f 803/803/803 795/795/795 792/792/792
f 803/803/803 792/792/792 800/800/800
f 804/804/804 796/796/796 793/793/793
f 804/804/804 793/793/793 801/801/801
f 805/805/805 797/797/797 802/802/802
f 805/805/805 800/800/800 797/797/797
f 806/806/806 798/798/798 795/795/795
f 806/806/806 795/795/795 803/803/803
f 807/807/807 639/639/639 640/640/640
f 807/807/807 799/799/799 796/796/796
f 807/807/807 640/640/640 799/799/799
f 807/807/807 796/796/796 804/804/804
f 808/808/808 800/800/800 805/805/805
f 809/809/809 801/801/801 798/798/798
f 809/809/809 804/804/804 801/801/801
f 809/809/809 798/798/798 806/806/806
f 810/810/810 594/594/594 595/595/595
f 810/810/810 802/802/802 594/594/594
f 811/811/811 800/800/800 808/808/808
f 811/811/811 803/803/803 800/800/800
f 812/812/812 807/807/807 804/804/804
f 812/812/812 804/804/804 809/809/809
f 813/813/813 802/802/802 810/810/810
f 813/813/813 805/805/805 802/802/802
f 813/813/813 808/808/808 805/805/805
f 814/814/814 803/803/803 811/811/811
f 814/814/814 809/809/809 806/806/806
f 814/814/814 806/806/806 803/803/803
f 815/815/815 807/807/807 812/812/812
f 815/815/815 638/638/638 639/639/639
f 815/815/815 639/639/639 807/807/807
f 816/816/816 808/808/808 813/813/813
f 817/817/817 812/812/812 809/809/809
f 817/817/817 809/809/809 814/814/814
f 818/818/818 595/595/595 596/596/596
f 818/818/818 810/810/810 595/595/595
f 819/819/819 811/811/811 808/808/808
f 819/819/819 808/808/808 816/816/816
f 820/820/820 812/812/812 817/817/817
f 820/820/820 815/815/815 812/812/812
f 821/821/821 813/813/813 810/810/810
f 821/821/821 810/810/810 818/818/818
f 822/822/822 811/811/811 819/819/819
f 822/822/822 814/814/814 811/811/811
f 823/823/823 638/638/638 815/815/815
f 823/823/823 815/815/815 820/820/820
f 823/823/823 637/637/637 638/638/638
f 824/824/824 816/816/816 813/813/813
f 824/824/824 813/813/813 821/821/821
f 824/824/824 819/819/819 816/816/816
f 825/825/825 814/814/814 822/822/822
f 825/825/825 817/817/817 814/814/814
f 826/826/826 596/596/596 597/597/597
f 826/826/826 818/818/818 596/596/596
f 827/827/827 819/819/819 824/824/824
f 828/828/828 820/820/820 817/817/817
f 828/828/828 817/817/817 825/825/825
f 828/828/828 823/823/823 820/820/820
f 829/829/829 821/821/821 818/818/818
f 829/829/829 818/818/818 826/826/826
f 829/829/829 824/824/824 821/821/821
f 830/830/830 822/822/822 819/819/819
f 830/830/830 819/819/819 827/827/827
f 831/831/831 823/823/823 828/828/828
f 831/831/831 637/637/637 823/823/823
f 831/831/831 636/636/636 637/637/637
f 832/832/832 824/824/824 829/829/829
f 833/833/833 825/825/825 822/822/822
f 833/833/833 828/828/828 825/825/825
f 833/833/833 822/822/822 830/830/830
f 834/834/834 597/597/597 598/598/598
f 834/834/834 826/826/826 597/597/597
f 835/835/835 827/827/827 824/824/824
f 835/835/835 824/824/824 832/832/832
f 836/836/836 828/828/828 833/833/833
f 837/837/837 829/829/829 826/826/826
f 837/837/837 826/826/826 834/834/834
f 838/838/838 830/830/830 827/827/827
f 838/838/838 827/827/827 835/835/835
f 839/839/839 831/831/831 828/828/828
f 839/839/839 635/635/635 636/636/636
f 839/839/839 636/636/636 831/831/831
f 839/839/839 828/828/828 836/836/836
f 840/840/840 832/832/832 829/829/829
f 840/840/840 829/829/829 837/837/837
f 840/840/840 835/835/835 832/832/832
f 841/841/841 830/830/830 838/838/838
f 841/841/841 833/833/833 830/830/830
f 842/842/842 598/598/598 599/599/599
f 842/842/842 834/834/834 598/598/598
f 842/842/842 837/837/837 834/834/834
f 843/843/843 835/835/835 840/840/840
f 844/844/844 836/836/836 833/833/833
f 844/844/844 833/833/833 841/841/841
f 845/845/845 837/837/837 842/842/842
f 845/845/845 840/840/840 837/837/837
f 846/846/846 835/835/835 843/843/843
f 846/846/846 838/838/838 835/835/835
f 847/847/847 836/836/836 844/844/844
f 847/847/847 634/634/634 635/635/635
f 847/847/847 635/635/635 839/839/839
f 847/847/847 839/839/839 836/836/836
f 848/848/848 840/840/840 845/845/845
f 849/849/849 838/838/838 846/846/846
f 849/849/849 841/841/841 838/838/838
f 850/850/850 599/599/599 600/600/600
f 850/850/850 842/842/842 599/599/599
f 851/851/851 840/840/840 848/848/848
f 851/851/851 843/843/843 840/840/840
f 852/852/852 841/841/841 849/849/849
f 852/852/852 844/844/844 841/841/841
f 853/853/853 842/842/842 850/850/850
f 853/853/853 845/845/845 842/842/842
f 854/854/854 846/846/846 843/843/843
f 854/854/854 843/843/843 851/851/851
f 855/855/855 847/847/847 844/844/844
f 855/855/855 634/634/634 847/847/847
f 855/855/855 844/844/844 852/852/852
f 855/855/855 633/633/633 634/634/634
f 856/856/856 848/848/848 845/845/845
f 856/856/856 845/845/845 853/853/853
f 857/857/857 849/849/849 846/846/846
f 857/857/857 852/852/852 849/849/849
f 857/857/857 846/846/846 854/854/854
f 858/858/858 600/600/600 601/601/601
f 858/858/858 850/850/850 600/600/600
f 858/858/858 853/853/853 850/850/850
f 859/859/859 854/854/854 851/851/851
f 859/859/859 851/851/851 848/848/848
f 859/859/859 848/848/848 856/856/856
f 860/860/860 852/852/852 857/857/857
f 860/860/860 855/855/855 852/852/852
f 861/861/861 853/853/853 858/858/858
f 862/862/862 854/854/854 859/859/859
f 863/863/863 855/855/855 860/860/860
f 863/863/863 633/633/633 855/855/855
f 863/863/863 632/632/632 633/633/633
f 864/864/864 856/856/856 853/853/853
f 864/864/864 853/853/853 861/861/861
f 865/865/865 857/857/857 854/854/854
f 865/865/865 854/854/854 862/862/862
f 866/866/866 858/858/858 601/601/601
f 866/866/866 601/601/601 602/602/602
f 867/867/867 856/856/856 864/864/864
f 867/867/867 862/862/862 859/859/859
f 867/867/867 859/859/859 856/856/856
f 868/868/868 860/860/860 857/857/857
f 868/868/868 857/857/857 865/865/865
f 869/869/869 858/858/858 866/866/866
f 869/869/869 861/861/861 858/858/858
f 870/870/870 862/862/862 867/867/867
f 871/871/871 863/863/863 860/860/860
f 871/871/871 631/631/631 632/632/632
f 871/871/871 632/632/632 863/863/863
f 871/871/871 860/860/860 868/868/868
f 872/872/872 861/861/861 869/869/869
f 872/872/872 864/864/864 861/861/861
f 873/873/873 865/865/865 862/862/862
f 873/873/873 862/862/862 870/870/870
f 874/874/874 866/866/866 602/602/602
f 874/874/874 602/602/602 603/603/603
f 875/875/875 867/867/867 864/864/864
f 875/875/875 864/864/864 872/872/872
f 876/876/876 865/865/865 873/873/873
f 876/876/876 868/868/868 865/865/865
f 877/877/877 869/869/869 866/866/866
f 877/877/877 866/866/866 874/874/874
f 877/877/877 872/872/872 869/869/869
f 878/878/878 867/867/867 875/875/875
f 878/878/878 870/870/870 867/867/867
f 879/879/879 868/868/868 876/876/876
f 879/879/879 630/630/630 631/631/631
f 879/879/879 631/631/631 871/871/871
f 879/879/879 871/871/871 868/868/868
f 880/880/880 872/872/872 877/877/877
f 881/881/881 870/870/870 878/878/878
f 881/881/881 876/876/876 873/873/873
f 881/881/881 873/873/873 870/870/870
f 882/882/882 877/877/877 874/874/874
f 882/882/882 603/603/603 604/604/604
f 882/882/882 874/874/874 603/603/603
f 883/883/883 875/875/875 872/872/872
f 883/883/883 878/878/878 875/875/875
f 883/883/883 872/872/872 880/880/880
f 884/884/884 876/876/876 881/881/881
f 885/885/885 877/877/877 882/882/882
f 886/886/886 878/878/878 883/883/883
f 887/887/887 630/630/630 879/879/879
f 887/887/887 629/629/629 630/630/630
f 887/887/887 879/879/879 876/876/876
f 887/887/887 876/876/876 884/884/884
f 888/888/888 880/880/880 877/877/877
f 888/888/888 877/877/877 885/885/885
f 889/889/889 881/881/881 878/878/878
f 889/889/889 878/878/878 886/886/886
f 890/890/890 885/885/885 882/882/882
f 890/890/890 604/604/604 605/605/605
f 890/890/890 882/882/882 604/604/604
f 891/891/891 883/883/883 880/880/880
f 891/891/891 880/880/880 888/888/888
f 892/892/892 884/884/884 881/881/881
f 892/892/892 881/881/881 889/889/889
f 893/893/893 885/885/885 890/890/890
f 894/894/894 886/886/886 883/883/883
f 894/894/894 883/883/883 891/891/891
f 895/895/895 629/629/629 887/887/887
f 895/895/895 884/884/884 892/892/892
f 895/895/895 628/628/628 629/629/629
f 895/895/895 887/887/887 884/884/884
f 896/896/896 888/888/888 885/885/885
f 896/896/896 885/885/885 893/893/893
f 897/897/897 889/889/889 886/886/886
f 897/897/897 886/886/886 894/894/894
f 897/897/897 892/892/892 889/889/889
f 898/898/898 890/890/890 605/605/605
f 898/898/898 605/605/605 606/606/606
f 899/899/899 891/891/891 888/888/888
f 899/899/899 888/888/888 896/896/896
f 900/900/900 892/892/892 897/897/897
f 901/901/901 893/893/893 890/890/890
f 901/901/901 890/890/890 898/898/898
f 902/902/902 897/897/897 894/894/894
f 902/902/902 894/894/894 891/891/891
f 902/902/902 891/891/891 899/899/899
f 903/903/903 895/895/895 892/892/892
f 903/903/903 627/627/627 628/628/628
f 903/903/903 628/628/628 895/895/895
f 903/903/903 892/892/892 900/900/900
f 904/904/904 896/896/896 893/893/893
f 904/904/904 893/893/893 901/901/901
f 905/905/905 897/897/897 902/902/902
f 906/906/906 606/606/606 607/607/607
f 906/906/906 898/898/898 606/606/606
f 907/907/907 899/899/899 896/896/896
f 907/907/907 896/896/896 904/904/904
f 908/908/908 900/900/900 897/897/897
f 908/908/908 903/903/903 900/900/900
f 908/908/908 897/897/897 905/905/905
f 909/909/909 901/901/901 898/898/898
f 909/909/909 898/898/898 906/906/906
f 910/910/910 899/899/899 907/907/907
f 910/910/910 902/902/902 899/899/899
f 911/911/911 626/626/626 627/627/627
f 911/911/911 903/903/903 908/908/908
f 911/911/911 627/627/627 903/903/903
f 912/912/912 901/901/901 909/909/909
f 912/912/912 904/904/904 901/901/901
f 913/913/913 902/902/902 910/910/910
f 913/913/913 905/905/905 902/902/902
f 914/914/914 607/607/607 608/608/608
f 914/914/914 906/906/906 607/607/607
f 915/915/915 904/904/904 912/912/912
f 915/915/915 907/907/907 904/904/904
f 916/916/916 908/908/908 905/905/905
f 916/916/916 905/905/905 913/913/913
f 917/917/917 909/909/909 906/906/906
f 917/917/917 906/906/906 914/914/914
f 918/918/918 907/907/907 915/915/915
f 918/918/918 910/910/910 907/907/907
f 919/919/919 911/911/911 908/908/908
f 919/919/919 908/908/908 916/916/916
f 919/919/919 625/625/625 626/626/626
f 919/919/919 626/626/626 911/911/911
f 920/920/920 909/909/909 917/917/917
f 920/920/920 912/912/912 909/909/909
f 921/921/921 910/910/910 918/918/918
f 921/921/921 916/916/916 913/913/913
f 921/921/921 913/913/913 910/910/910
f 922/922/922 917/917/917 914/914/914
f 922/922/922 608/608/608 609/609/609
f 922/922/922 609/609/609 610/610/610
f 922/922/922 914/914/914 608/608/608
f 923/923/923 915/915/915 912/912/912
f 923/923/923 912/912/912 920/920/920
f 924/924/924 916/916/916 921/921/921
f 925/925/925 917/917/917 922/922/922
f 925/925/925 920/920/920 917/917/917
f 926/926/926 918/918/918 915/915/915
f 926/926/926 915/915/915 923/923/923
f 927/927/927 625/625/625 919/919/919
f 927/927/927 916/916/916 924/924/924
f 927/927/927 624/624/624 625/625/625
f 927/927/927 919/919/919 916/916/916
f 928/928/928 920/920/920 925/925/925
f 929/929/929 921/921/921 918/918/918
f 929/929/929 918/918/918 926/926/926
f 930/930/930 610/610/610 612/612/612
f 930/930/930 922/922/922 610/610/610
f 931/931/931 923/923/923 920/920/920
f 931/931/931 920/920/920 928/928/928
f 932/932/932 924/924/924 921/921/921
f 932/932/932 921/921/921 929/929/929
f 933/933/933 612/612/612 613/613/613
f 933/933/933 925/925/925 922/922/922
f 933/933/933 930/930/930 612/612/612
f 933/933/933 922/922/922 930/930/930
f 934/934/934 926/926/926 923/923/923
f 934/934/934 923/923/923 931/931/931
f 935/935/935 927/927/927 924/924/924
f 935/935/935 623/623/623 624/624/624
f 935/935/935 624/624/624 927/927/927
f 935/935/935 924/924/924 932/932/932
f 936/936/936 613/613/613 614/614/614
f 936/936/936 925/925/925 933/933/933
f 936/936/936 933/933/933 613/613/613
f 936/936/936 928/928/928 925/925/925
f 937/937/937 929/929/929 926/926/926
f 937/937/937 932/932/932 929/929/929
f 937/937/937 926/926/926 934/934/934
f 938/938/938 614/614/614 615/615/615
f 938/938/938 615/615/615 616/616/616
f 938/938/938 931/931/931 928/928/928
f 938/938/938 936/936/936 614/614/614
f 938/938/938 928/928/928 936/936/936
f 939/939/939 932/932/932 937/937/937
f 940/940/940 938/938/938 616/616/616
f 940/940/940 934/934/934 931/931/931
f 940/940/940 931/931/931 938/938/938
f 941/941/941 622/622/622 623/623/623
f 941/941/941 623/623/623 935/935/935
f 941/941/941 935/935/935 932/932/932
f 941/941/941 932/932/932 939/939/939
f 942/942/942 937/937/937 934/934/934
f 942/942/942 616/616/616 617/617/617
f 942/942/942 940/940/940 616/616/616
f 942/942/942 934/934/934 940/940/940
f 943/943/943 617/617/617 618/618/618
f 943/943/943 937/937/937 942/942/942
f 943/943/943 942/942/942 617/617/617
f 943/943/943 939/939/939 937/937/937
f 944/944/944 943/943/943 618/618/618
f 944/944/944 939/939/939 943/943/943
f 944/944/944 618/618/618 619/619/619
f 944/944/944 621/621/621 622/622/622
f 944/944/944 619/619/619 621/621/621
f 944/944/944 622/622/622 941/941/941
f 944/944/944 941/941/941 939/939/939
v 8.020285 3.125000 2.000000
v 8.016178 3.078066 2.000000
v 8.003984 3.032557 2.000000
v 7.984074 2.989858 2.000000
v 7.957050 2.951264 2.000000
v 7.923736 2.917950 2.000000
v 7.885142 2.890927 2.000000
v 7.842443 2.871016 2.000000
v 7.796935 2.858822 2.000000
v 7.750000 2.854715 2.000000
v 7.703065 2.858822 2.000000
v 7.657557 2.871016 2.000000
v 7.614858 2.890927 2.000000
v 7.576264 2.917950 2.000000
v 7.542950 2.951264 2.000000
v 7.515926 2.989858 2.000000
v 7.496016 3.032557 2.000000
v 7.483821 3.078066 2.000000
v 7.479715 3.125000 2.000000
v 7.483821 3.171934 2.000000
v 7.496016 3.217443 2.000000
v 7.515926 3.260142 2.000000
v 7.542950 3.298736 2.000000
v 7.576264 3.332050 2.000000
v 7.614858 3.359073 2.000000
v 7.657557 3.378984 2.000000
v 7.703065 3.391178 2.000000
v 7.750000 3.395285 2.000000
v 7.796935 3.391178 2.000000
v 7.842443 3.378984 2.000000
v 7.885142 3.359073 2.000000
v 7.923736 3.332050 2.000000
v 7.957050 3.298736 2.000000
v 7.984074 3.260142 2.000000
v 8.003984 3.217443 2.000000
v 8.016178 3.171934 2.000000
v 7.530077 3.125000 2.000000
v 7.533417 3.163189 2.000000
v 7.543339 3.200218 2.000000
v 7.559540 3.234962 2.000000
v 7.581529 3.266364 2.000000
v 7.608636 3.293471 2.000000
v 7.640038 3.315459 2.000000
v 7.674782 3.331661 2.000000
v 7.711811 3.341583 2.000000
v 7.750000 3.344924 2.000000
v 7.788189 3.341583 2.000000
v 7.825218 3.331661 2.000000
v 7.859962 3.315459 2.000000
v 7.891364 3.293471 2.000000
v 7.918471 3.266364 2.000000
v 7.940460 3.234962 2.000000
v 7.956661 3.200218 2.000000
v 7.966583 3.163189 2.000000
v 7.969923 3.125000 2.000000
v 7.966583 3.086811 2.000000
v 7.956661 3.049782 2.000000
v 7.940460 3.015038 2.000000
v 7.918471 2.983636 2.000000
v 7.891364 2.956529 2.000000
v 7.859962 2.934541 2.000000
v 7.825218 2.918339 2.000000
v 7.788189 2.908417 2.000000
v 7.750000 2.905076 2.000000
v 7.711811 2.908417 2.000000
v 7.674782 2.918339 2.000000
v 7.640038 2.934541 2.000000
v 7.608636 2.956529 2.000000
v 7.581529 2.983636 2.000000
v 7.559540 3.015038 2.000000
v 7.543339 3.049782 2.000000
v 7.533417 3.086811 2.000000
vn 0.000000 0.000000 1.000000
vn 0.000000 0.000000 1.000000
vn 0.000000 0.000000 1.000000
vn 0.000000 0.000000 1.000000
vn 0.000000 0.000000 1.000000
vn 0.000000 0.000000 1.000000
vn 0.000000 0.000000 1.000000
vn 0.000000 0.000000 1.000000
vn 0.000000 0.000000 1.000000
vn 0.000000 0.000000 1.000000
vn 0.000000 0.000000 1.000000
vn 0.000000 0.000000 1.000000
vn 0.000000 0.000000 1.000000
vn 0.000000 0.000000 1.000000
vn 0.000000 0.000000 1.000000
vn 0.000000 0.000000 1.000000
vn 0.000000 0.000000 1.000000
vn 0.000000 0.000000 1.000000
vn 0.000000 0.000000 1.000000
vn 0.000000 0.000000 1.000000
vn 0.000000 0.000000 1.000000
vn 0.000000 0.000000 1.000000
vn 0.000000 0.000000 1.000000
vn 0.000000 0.000000 1.000000
vn 0.000000 0.000000 1.000000
vn 0.000000 0.000000 1.000000
vn 0.000000 0.000000 1.000000
vn 0.000000 0.000000 1.000000
vn 0.000000 0.000000 1.000000
vn 0.000000 0.000000 1.000000
vn 0.000000 0.000000 1.000000
vn 0.000000 0.000000 1.000000
vn 0.000000 0.000000 1.000000
vn 0.000000 0.000000 1.000000
vn 0.000000 0.000000 1.000000
vn 0.000000 0.000000 1.000000
vn 0.000000 0.000000 1.000000
vn 0.000000 0.000000 1.000000
vn 0.000000 0.000000 1.000000
vn 0.000000 0.000000 1.000000
vn 0.000000 0.000000 1.000000
vn 0.000000 0.000000 1.000000
vn 0.000000 0.000000 1.000000
vn 0.000000 0.000000 1.000000
vn 0.000000 0.000000 1.000000
vn 0.000000 0.000000 1.000000
vn 0.000000 0.000000 1.000000
vn 0.000000 0.000000 1.000000
vn 0.000000 0.000000 1.000000
vn 0.000000 0.000000 1.000000
vn 0.000000 0.000000 1.000000
vn 0.000000 0.000000 1.000000
vn 0.000000 0.000000 1.000000
vn 0.000000 0.000000 1.000000
vn 0.000000 0.000000 1.000000
vn 0.000000 0.000000 1.000000
vn 0.000000 0.000000 1.000000
vn 0.000000 0.000000 1.000000
vn 0.000000 0.000000 1.000000
vn 0.000000 0.000000 1.000000
vn 0.000000 0.000000 1.000000
vn 0.000000 0.000000 1.000000
vn 0.000000 0.000000 1.000000
vn 0.000000 0.000000 1.000000
vn 0.000000 0.000000 1.000000
vn 0.000000 0.000000 1.000000
vn 0.000000 0.000000 1.000000
vn 0.000000 0.000000 1.000000
vn 0.000000 0.000000 1.000000
vn 0.000000 0.000000 1.000000
vn 0.000000 0.000000 1.000000
vn 0.000000 0.000000 1.000000
vt -0.125000 0.000000
vt -0.129106 -0.046934
vt -0.141300 -0.092443
vt -0.161211 -0.135142
vt -0.188235 -0.173736
vt -0.221549 -0.207050
vt -0.260142 -0.234073
vt -0.302842 -0.253985
vt -0.348350 -0.266178
vt -0.395285 -0.270285
vt -0.442219 -0.266178
vt -0.487728 -0.253985
vt -0.530427 -0.234073
vt -0.569020 -0.207050
vt -0.602335 -0.173736
vt -0.629358 -0.135142
vt -0.649269 -0.092443
vt -0.661463 -0.046934
vt -0.665569 -0.000000
vt -0.661463 0.046934
vt -0.649269 0.092443
vt -0.629358 0.135142
vt -0.602335 0.173736
vt -0.569020 0.207050
vt -0.530427 0.234073
vt -0.487728 0.253985
vt -0.442219 0.266178
vt -0.395285 0.270285
vt -0.348350 0.266178
vt -0.302842 0.253985
vt -0.260142 0.234073
vt -0.221549 0.207050
vt -0.188235 0.173736
vt -0.161211 0.135142
vt -0.141300 0.092443
vt -0.129106 0.046934
vt -0.615208 0.000000
vt -0.611867 0.038189
vt -0.601945 0.075218
vt -0.585744 0.109962
vt -0.563756 0.141364
vt -0.536649 0.168471
vt -0.505247 0.190460
vt -0.470503 0.206661
vt -0.433474 0.216583
vt -0.395285 0.219924
vt -0.357095 0.216583
vt -0.320066 0.206661
vt -0.285323 0.190460
vt -0.253920 0.168471
vt -0.226813 0.141364
vt -0.204825 0.109962
vt -0.188624 0.075218
vt -0.178702 0.038189
vt -0.175361 0.000000
vt -0.178702 -0.038189
vt -0.188624 -0.075218
vt -0.204825 -0.109962
vt -0.226813 -0.141364
vt -0.253920 -0.168471
vt -0.285323 -0.190460
vt -0.320066 -0.206661
vt -0.357095 -0.216583
vt -0.395285 -0.219924
vt -0.433474 -0.216583
vt -0.470503 -0.206661
vt -0.505247 -0.190460
vt -0.536649 -0.168471
vt -0.563756 -0.141364
vt -0.585744 -0.109962
vt -0.601945 -0.075218
vt -0.611867 -0.038189
f 1013/1013/1013 959/959/959 958/958/958
f 1013/1013/1013 958/958/958 1012/1012/1012
f 1014/1014/1014 960/960/960 959/959/959
f 1014/1014/1014 959/959/959 1013/1013/1013
f 1011/1011/1011 958/958/958 957/957/957
f 1011/1011/1011 1012/1012/1012 958/958/958
f 1015/1015/1015 961/961/961 960/960/960
f 1015/1015/1015 960/960/960 1014/1014/1014
f 1010/1010/1010 957/957/957 956/956/956
f 1010/1010/1010 1011/1011/1011 957/957/957
f 1016/1016/1016 962/962/962 961/961/961
f 1016/1016/1016 961/961/961 1015/1015/1015
f 1009/1009/1009 1010/1010/1010 956/956/956
f 1009/1009/1009 956/956/956 955/955/955
f 1008/1008/1008 955/955/955 954/954/954
f 1008/1008/1008 1009/1009/1009 955/955/955
f 981/981/981 962/962/962 1016/1016/1016
f 981/981/981 963/963/963 962/962/962
f 982/982/982 963/963/963 981/981/981
f 982/982/982 964/964/964 963/963/963
f 1007/1007/1007 954/954/954 953/953/953
f 1007/1007/1007 1008/1008/1008 954/954/954
f 983/983/983 965/965/965 964/964/964
f 983/983/983 964/964/964 982/982/982
f 1006/1006/1006 953/953/953 952/952/952
f 1006/1006/1006 1007/1007/1007 953/953/953
f 984/984/984 965/965/965 983/983/983
f 984/984/984 966/966/966 965/965/965
f 1005/1005/1005 952/952/952 951/951/951
f 1005/1005/1005 1006/1006/1006 952/952/952
f 985/985/985 966/966/966 984/984/984
f 985/985/985 967/967/967 966/966/966
f 1004/1004/1004 951/951/951 950/950/950
f 1004/1004/1004 1005/1005/1005 951/951/951
f 968/968/968 967/967/967 985/985/985
f 968/968/968 985/985/985 986/986/986
f 949/949/949 1004/1004/1004 950/950/950
f 949/949/949 1003/1003/1003 1004/1004/1004
f 969/969/969 986/986/986 987/987/987
f 969/969/969 968/968/968 986/986/986
f 948/948/948 1003/1003/1003 949/949/949
f 948/948/948 1002/1002/1002 1003/1003/1003
f 1001/1001/1001 1002/1002/1002 948/948/948
f 970/970/970 987/987/987 988/988/988
f 970/970/970 969/969/969 987/987/987
f 947/947/947 1001/1001/1001 948/948/948
f 971/971/971 988/988/988 989/989/989
f 971/971/971 970/970/970 988/988/988
f 946/946/946 1000/1000/1000 1001/1001/1001
f 946/946/946 1001/1001/1001 947/947/947
f 972/972/972 989/989/989 990/990/990
f 972/972/972 990/990/990 991/991/991
f 972/972/972 971/971/971 989/989/989
f 945/945/945 999/999/999 1000/1000/1000
f 945/945/945 1000/1000/1000 946/946/946
f 973/973/973 991/991/991 992/992/992
f 973/973/973 972/972/972 991/991/991
f 980/980/980 998/998/998 999/999/999
f 980/980/980 999/999/999 945/945/945
f 974/974/974 973/973/973 992/992/992
f 979/979/979 997/997/997 998/998/998
f 979/979/979 998/998/998 980/980/980
f 975/975/975 992/992/992 993/993/993
f 975/975/975 974/974/974 992/992/992
f 978/978/978 997/997/997 979/979/979
f 978/978/978 996/996/996 997/997/997
f 976/976/976 975/975/975 993/993/993
f 976/976/976 993/993/993 994/994/994
f 977/977/977 996/996/996 978/978/978
f 977/977/977 976/976/976 994/994/994
f 977/977/977 994/994/994 995/995/995
f 977/977/977 995/995/995 996/996/996
v 4.500000 3.250000 0.000000
v 4.490505 3.358530 0.000000
v 4.462308 3.463763 0.000000
v 4.416266 3.562500 0.000000
v 4.353778 3.651742 0.000000
v 4.276742 3.728778 0.000000
v 4.187500 3.791266 0.000000
v 4.088763 3.837308 0.000000
v 3.983530 3.865505 0.000000
v 3.875000 3.875000 0.000000
v 3.766470 3.865505 0.000000
v 3.661237 3.837308 0.000000
v 3.562500 3.791266 0.000000
v 3.473258 3.728778 0.000000
v 3.396222 3.651742 0.000000
v 3.333734 3.562500 0.000000
v 3.287692 3.463763 0.000000
v 3.259495 3.358530 0.000000
v 3.250000 3.250000 0.000000
v 3.259495 3.141470 0.000000
v 3.287692 3.036237 0.000000
v 3.333734 2.937500 0.000000
v 3.396222 2.848258 0.000000
v 3.473258 2.771222 0.000000
v 3.562500 2.708734 0.000000
v 3.661237 2.662692 0.000000
v 3.766470 2.634495 0.000000
v 3.875000 2.625000 0.000000
v 3.983530 2.634495 0.000000
v 4.088763 2.662692 0.000000
v 4.187500 2.708734 0.000000
v 4.276742 2.771222 0.000000
v 4.353778 2.848258 0.000000
v 4.416266 2.937500 0.000000
v 4.462308 3.036237 0.000000
v 4.490505 3.141470 0.000000
v 4.500000 3.250000 0.000000
v 4.521706 3.250000 0.001899
v 4.542753 3.250000 0.007538
v 4.562500 3.250000 0.016747
v 4.580348 3.250000 0.029244
v 4.595756 3.250000 0.044652
v 4.608253 3.250000 0.062500
v 4.617462 3.250000 0.082247
v 4.623101 3.250000 0.103294
v 4.625000 3.250000 0.125000
v 4.613606 3.119764 0.125000
v 4.579770 2.993485 0.125000
v 4.524519 2.875000 0.125000
v 4.449533 2.767909 0.125000
v 4.357090 2.675467 0.125000
v 4.250000 2.600481 0.125000
v 4.131515 2.545231 0.125000
v 4.005236 2.511394 0.125000
v 3.875000 2.500000 0.125000
v 3.744764 2.511394 0.125000
v 3.618485 2.545231 0.125000
v 3.500000 2.600481 0.125000
v 3.392909 2.675467 0.125000
v 3.300467 2.767909 0.125000
v 3.225481 2.875000 0.125000
v 3.170231 2.993485 0.125000
v 3.136394 3.119764 0.125000
v 3.125000 3.250000 0.125000
v 3.136394 3.380236 0.125000
v 3.170231 3.506515 0.125000
v 3.225481 3.625000 0.125000
v 3.300467 3.732091 0.125000
v 3.392909 3.824533 0.125000
v 3.500000 3.899519 0.125000
v 3.618485 3.954769 0.125000
v 3.744764 3.988606 0.125000
v 3.875000 4.000000 0.125000
v 4.005236 3.988606 0.125000
v 4.131515 3.954769 0.125000
v 4.250000 3.899519 0.125000
v 4.357090 3.824533 0.125000
v 4.449533 3.732091 0.125000
v 4.524519 3.625000 0.125000
v 4.579770 3.506515 0.125000
v 4.613606 3.380236 0.125000
v 4.625000 3.250000 0.125000
v 4.521706 3.250000 0.001899
v 4.542753 3.250000 0.007538
v 4.562500 3.250000 0.016747
v 4.580348 3.250000 0.029244
v 4.595756 3.250000 0.044652
v 4.608253 3.250000 0.062500
v 4.617462 3.250000 0.082247
v 4.623101 3.250000 0.103294
v 4.511881 3.362299 0.001899
v 4.532608 3.365954 0.007538
v 4.552055 3.369383 0.016747
v 4.569633 3.372483 0.029244
v 4.584805 3.375158 0.044652
v 4.597114 3.377328 0.062500
v 4.482705 3.471186 0.001899
v 4.606182 3.378927 0.082247
v 4.502482 3.478385 0.007538
v 4.611736 3.379906 0.103294
v 4.521039 3.485139 0.016747
v 4.537811 3.491243 0.029244
v 4.552289 3.496513 0.044652
v 4.564033 3.500787 0.062500
v 4.435064 3.573353 0.001899
v 4.572686 3.503937 0.082247
v 4.453290 3.583876 0.007538
v 4.577985 3.505866 0.103294
v 4.470392 3.593750 0.016747
v 4.485850 3.602674 0.029244
v 4.499193 3.610378 0.044652
v 4.510016 3.616627 0.062500
v 4.370406 3.665695 0.001899
v 4.517991 3.621231 0.082247
v 4.386528 3.679223 0.007538
v 4.522874 3.624050 0.103294
v 4.401656 3.691916 0.016747
v 4.415328 3.703389 0.029244
v 4.427131 3.713293 0.044652
v 4.436705 3.721326 0.062500
v 4.290695 3.745405 0.001899
v 4.443758 3.727245 0.082247
v 4.304223 3.761528 0.007538
v 4.448079 3.730870 0.103294
v 4.316916 3.776655 0.016747
v 4.328389 3.790328 0.029244
v 4.338293 3.802131 0.044652
v 4.346326 3.811705 0.062500
v 4.198353 3.810064 0.001899
v 4.352245 3.818758 0.082247
v 4.208876 3.828291 0.007538
v 4.355870 3.823079 0.103294
v 4.218750 3.845392 0.016747
v 4.227674 3.860850 0.029244
v 4.235378 3.874193 0.044652
v 4.241627 3.885016 0.062500
v 4.096187 3.857705 0.001899
v 4.246231 3.892991 0.082247
v 4.103385 3.877482 0.007538
v 4.249051 3.897874 0.103294
v 4.110139 3.896039 0.016747
v 4.116243 3.912811 0.029244
v 4.121513 3.927289 0.044652
v 4.125787 3.939033 0.062500
v 3.987299 3.886881 0.001899
v 4.128937 3.947686 0.082247
v 3.990954 3.907608 0.007538
v 4.130866 3.952985 0.103294
v 3.994383 3.927055 0.016747
v 3.997483 3.944633 0.029244
v 4.000158 3.959806 0.044652
v 4.002328 3.972113 0.062500
v 3.875000 3.896706 0.001899
v 4.003927 3.981182 0.082247
v 3.875000 3.917753 0.007538
v 4.004906 3.986736 0.103294
v 3.875000 3.937500 0.016747
v 3.875000 3.955348 0.029244
v 3.875000 3.970756 0.044652
v 3.875000 3.983253 0.062500
v 3.762701 3.886881 0.001899
v 3.875000 3.992462 0.082247
v 3.759046 3.907608 0.007538
v 3.875000 3.998101 0.103294
v 3.755617 3.927055 0.016747
v 3.752517 3.944633 0.029244
v 3.749842 3.959806 0.044652
v 3.747672 3.972113 0.062500
v 3.653814 3.857705 0.001899
v 3.746073 3.981182 0.082247
v 3.646615 3.877482 0.007538
v 3.745094 3.986736 0.103294
v 3.639861 3.896039 0.016747
v 3.633757 3.912811 0.029244
v 3.628487 3.927289 0.044652
v 3.624213 3.939033 0.062500
v 3.551647 3.810064 0.001899
v 3.621063 3.947686 0.082247
v 3.541124 3.828291 0.007538
v 3.619134 3.952985 0.103294
v 3.531250 3.845392 0.016747
v 3.522326 3.860850 0.029244
v 3.514622 3.874193 0.044652
v 3.508373 3.885016 0.062500
v 3.459305 3.745405 0.001899
v 3.503769 3.892991 0.082247
v 3.445777 3.761528 0.007538
v 3.500950 3.897874 0.103294
v 3.433084 3.776655 0.016747
v 3.421611 3.790328 0.029244
v 3.411707 3.802131 0.044652
v 3.403674 3.811705 0.062500
v 3.379595 3.665695 0.001899
v 3.397755 3.818758 0.082247
v 3.363472 3.679223 0.007538
v 3.394130 3.823079 0.103294
v 3.348345 3.691916 0.016747
v 3.334672 3.703389 0.029244
v 3.322869 3.713293 0.044652
v 3.313295 3.721326 0.062500
v 3.314936 3.573353 0.001899
v 3.306242 3.727245 0.082247
v 3.296709 3.583876 0.007538
v 3.301921 3.730870 0.103294
v 3.279608 3.593750 0.016747
v 3.264150 3.602674 0.029244
v 3.250807 3.610378 0.044652
v 3.239984 3.616627 0.062500
v 3.267295 3.471186 0.001899
v 3.232009 3.621231 0.082247
v 3.247518 3.478385 0.007538
v 3.227126 3.624050 0.103294
v 3.228961 3.485139 0.016747
v 3.212189 3.491243 0.029244
v 3.197711 3.496513 0.044652
v 3.185967 3.500787 0.062500
v 3.238119 3.362299 0.001899
v 3.177314 3.503937 0.082247
v 3.217392 3.365954 0.007538
v 3.172015 3.505866 0.103294
v 3.197945 3.369383 0.016747
v 3.180367 3.372483 0.029244
v 3.165194 3.375158 0.044652
v 3.152887 3.377328 0.062500
v 3.228294 3.250000 0.001899
v 3.143818 3.378927 0.082247
v 3.207247 3.250000 0.007538
v 3.138264 3.379906 0.103294
v 3.187500 3.250000 0.016747
v 3.169652 3.250000 0.029244
v 3.154244 3.250000 0.044652
v 3.141747 3.250000 0.062500
v 3.238119 3.137701 0.001899
v 3.132538 3.250000 0.082247
v 3.217392 3.134046 0.007538
v 3.126899 3.250000 0.103294
v 3.197945 3.130617 0.016747
v 3.180367 3.127517 0.029244
v 3.165194 3.124842 0.044652
v 3.152887 3.122672 0.062500
v 3.267295 3.028814 0.001899
v 3.143818 3.121073 0.082247
v 3.247518 3.021615 0.007538
v 3.138264 3.120094 0.103294
v 3.228961 3.014861 0.016747
v 3.212189 3.008757 0.029244
v 3.197711 3.003487 0.044652
v 3.185967 2.999213 0.062500
v 3.314936 2.926647 0.001899
v 3.177314 2.996063 0.082247
v 3.296709 2.916124 0.007538
v 3.172015 2.994134 0.103294
v 3.279608 2.906250 0.016747
v 3.264150 2.897326 0.029244
v 3.250807 2.889622 0.044652
v 3.239984 2.883373 0.062500
v 3.379595 2.834305 0.001899
v 3.232009 2.878769 0.082247
v 3.363472 2.820777 0.007538
v 3.227126 2.875950 0.103294
v 3.348345 2.808084 0.016747
v 3.334672 2.796611 0.029244
v 3.322869 2.786707 0.044652
v 3.313295 2.778674 0.062500
v 3.459305 2.754595 0.001899
v 3.306242 2.772755 0.082247
v 3.445777 2.738472 0.007538
v 3.301921 2.769130 0.103294
v 3.433084 2.723345 0.016747
v 3.421611 2.709672 0.029244
v 3.411707 2.697869 0.044652
v 3.403674 2.688295 0.062500
v 3.551647 2.689936 0.001899
v 3.397755 2.681242 0.082247
v 3.541124 2.671709 0.007538
v 3.394130 2.676921 0.103294
v 3.531250 2.654608 0.016747
v 3.522326 2.639150 0.029244
v 3.514622 2.625807 0.044652
v 3.508373 2.614984 0.062500
v 3.653814 2.642295 0.001899
v 3.503769 2.607009 0.082247
v 3.646615 2.622518 0.007538
v 3.500950 2.602126 0.103294
v 3.639861 2.603961 0.016747
v 3.633757 2.587189 0.029244
v 3.628487 2.572711 0.044652
v 3.624213 2.560967 0.062500
v 3.762701 2.613119 0.001899
v 3.621063 2.552314 0.082247
v 3.759046 2.592392 0.007538
v 3.619134 2.547015 0.103294
v 3.755617 2.572945 0.016747
v 3.752517 2.555367 0.029244
v 3.749842 2.540194 0.044652
v 3.747672 2.527887 0.062500
v 3.875000 2.603294 0.001899
v 3.746073 2.518818 0.082247
v 3.875000 2.582247 0.007538
v 3.745094 2.513264 0.103294
v 3.875000 2.562500 0.016747
v 3.875000 2.544652 0.029244
v 3.875000 2.529244 0.044652
v 3.875000 2.516747 0.062500
v 3.987299 2.613119 0.001899
v 3.875000 2.507538 0.082247
v 3.990954 2.592392 0.007538
v 3.875000 2.501899 0.103294
v 3.994383 2.572945 0.016747
v 3.997483 2.555367 0.029244
v 4.000158 2.540194 0.044652
v 4.002328 2.527887 0.062500
v 4.096187 2.642295 0.001899
v 4.003927 2.518818 0.082247
v 4.103385 2.622518 0.007538
v 4.004906 2.513264 0.103294
v 4.110139 2.603961 0.016747
v 4.116243 2.587189 0.029244
v 4.121513 2.572711 0.044652
v 4.125787 2.560967 0.062500
v 4.198353 2.689936 0.001899
v 4.128937 2.552314 0.082247
v 4.208876 2.671709 0.007538
v 4.130866 2.547015 0.103294
v 4.218750 2.654608 0.016747
v 4.227674 2.639150 0.029244
v 4.235378 2.625807 0.044652
v 4.241627 2.614984 0.062500
v 4.290695 2.754595 0.001899
v 4.246231 2.607009 0.082247
v 4.304223 2.738472 0.007538
v 4.249051 2.602126 0.103294
v 4.316916 2.723345 0.016747
v 4.328389 2.709672 0.029244
v 4.338293 2.697869 0.044652
v 4.346326 2.688295 0.062500
v 4.370406 2.834305 0.001899
v 4.352245 2.681242 0.082247
v 4.386528 2.820777 0.007538
v 4.355870 2.676921 0.103294
v 4.401656 2.808084 0.016747
v 4.415328 2.796611 0.029244
v 4.427131 2.786707 0.044652
v 4.436705 2.778674 0.062500
v 4.435064 2.926647 0.001899
v 4.443758 2.772755 0.082247
v 4.453290 2.916124 0.007538
v 4.448079 2.769130 0.103294
v 4.470392 2.906250 0.016747
v 4.485850 2.897326 0.029244
v 4.499193 2.889622 0.044652
v 4.510016 2.883373 0.062500
v 4.482705 3.028814 0.001899
v 4.517991 2.878769 0.082247
v 4.502482 3.021615 0.007538
v 4.522874 2.875950 0.103294
v 4.521039 3.014861 0.016747
v 4.537811 3.008757 0.029244
v 4.552289 3.003487 0.044652
v 4.564033 2.999213 0.062500
v 4.511881 3.137701 0.001899
v 4.572686 2.996063 0.082247
v 4.532608 3.134046 0.007538
v 4.577985 2.994134 0.103294
v 4.552055 3.130617 0.016747
v 4.569633 3.127517 0.029244
v 4.584805 3.124842 0.044652
v 4.597114 3.122672 0.062500
v 4.606182 3.121073 0.082247
v 4.611736 3.120094 0.103294
vn -0.000000 -0.000000 -1.000000
vn 0.000000 0.000000 -1.000000
vn 0.000000 0.000000 -1.000000
vn 0.000000 0.000000 -1.000000
vn 0.000000 0.000000 -1.000000
vn 0.000000 0.000000 -1.000000
vn 0.000000 0.000000 -1.000000
vn 0.000000 0.000000 -1.000000
vn 0.000000 0.000000 -1.000000
vn -0.000000 0.000000 -1.000000
vn -0.000000 0.000000 -1.000000
vn -0.000000 0.000000 -1.000000
vn -0.000000 0.000000 -1.000000
vn -0.000000 0.000000 -1.000000
vn -0.000000 0.000000 -1.000000
vn -0.000000 0.000000 -1.000000
vn -0.000000 0.000000 -1.000000
vn -0.000000 0.000000 -1.000000
vn -0.000000 -0.000000 -1.000000
vn -0.000000 -0.000000 -1.000000
vn -0.000000 -0.000000 -1.000000
vn -0.000000 -0.000000 -1.000000
vn -0.000000 -0.000000 -1.000000
vn -0.000000 -0.000000 -1.000000
vn -0.000000 -0.000000 -1.000000
vn -0.000000 -0.000000 -1.000000
vn -0.000000 -0.000000 -1.000000
vn 0.000000 -0.000000 -1.000000
vn 0.000000 -0.000000 -1.000000
vn 0.000000 -0.000000 -1.000000
vn 0.000000 -0.000000 -1.000000
vn 0.000000 -0.000000 -1.000000
vn 0.000000 -0.000000 -1.000000
vn 0.000000 -0.000000 -1.000000
vn 0.000000 -0.000000 -1.000000
vn 0.000000 -0.000000 -1.000000
vn -0.000000 0.000000 -1.000000
vn 0.173648 0.000000 -0.984808
vn 0.342020 0.000000 -0.939693
vn 0.500000 0.000000 -0.866025
vn 0.642788 0.000000 -0.766044
vn 0.766044 0.000000 -0.642788
vn 0.866025 0.000000 -0.500000
vn 0.939693 0.000000 -0.342020
vn 0.984808 0.000000 -0.173648
vn 1.000000 0.000000 0.000000
vn 0.984808 -0.173648 0.000000
vn 0.939693 -0.342020 0.000000
vn 0.866025 -0.500000 0.000000
vn 0.766044 -0.642788 0.000000
vn 0.642788 -0.766044 0.000000
vn 0.500000 -0.866025 0.000000
vn 0.342020 -0.939693 0.000000
vn 0.173648 -0.984808 0.000000
vn 0.000000 -1.000000 0.000000
vn -0.173648 -0.984808 0.000000
vn -0.342020 -0.939693 0.000000
vn -0.500000 -0.866025 0.000000
vn -0.642788 -0.766044 0.000000
vn -0.766044 -0.642788 0.000000
vn -0.866025 -0.500000 0.000000
vn -0.939693 -0.342020 0.000000
vn -0.984808 -0.173648 0.000000
vn -1.000000 -0.000000 0.000000
vn -0.984808 0.173648 0.000000
vn -0.939693 0.342020 0.000000
vn -0.866025 0.500000 0.000000
vn -0.766044 0.642788 0.000000
vn -0.642788 0.766044 0.000000
vn -0.500000 0.866025 0.000000
vn -0.342020 0.939693 0.000000
vn -0.173648 0.984808 0.000000
vn -0.000000 1.000000 0.000000
vn 0.173648 0.984808 0.000000
vn 0.342020 0.939693 0.000000
vn 0.500000 0.866025 0.000000
vn 0.642788 0.766044 0.000000
vn 0.766044 0.642788 0.000000
vn 0.866025 0.500000 0.000000
vn 0.939693 0.342020 0.000000
vn 0.984808 0.173648 0.000000
vn 1.000000 0.000000 -0.000000
vn 0.173648 0.000000 -0.984808
vn 0.342020 0.000000 -0.939693
vn 0.500000 0.000000 -0.866025
vn 0.642788 0.000000 -0.766044
vn 0.766044 0.000000 -0.642788
vn 0.866025 0.000000 -0.500000
vn 0.939693 0.000000 -0.342020
vn 0.984808 0.000000 -0.173648
vn 0.171010 0.030154 -0.984808
vn 0.336824 0.059391 -0.939693
vn 0.492404 0.086824 -0.866025
vn 0.633022 0.111619 -0.766044
vn 0.754407 0.133022 -0.642788
vn 0.852869 0.150384 -0.500000
vn 0.163176 0.059391 -0.984808
vn 0.925417 0.163176 -0.342020
vn 0.321394 0.116978 -0.939693
vn 0.969846 0.171010 -0.173648
vn 0.469846 0.171010 -0.866025
vn 0.604023 0.219846 -0.766044
vn 0.719846 0.262003 -0.642788
vn 0.813798 0.296198 -0.500000
vn 0.150384 0.086824 -0.984808
vn 0.883022 0.321394 -0.342020
vn 0.296198 0.171010 -0.939693
vn 0.925417 0.336824 -0.173648
vn 0.433013 0.250000 -0.866025
vn 0.556670 0.321394 -0.766044
vn 0.663414 0.383022 -0.642788
vn 0.750000 0.433013 -0.500000
vn 0.133022 0.111619 -0.984808
vn 0.813798 0.469846 -0.342020
vn 0.262003 0.219846 -0.939693
vn 0.852869 0.492404 -0.173648
vn 0.383022 0.321394 -0.866025
vn 0.492404 0.413176 -0.766044
vn 0.586824 0.492404 -0.642788
vn 0.663414 0.556670 -0.500000
vn 0.111619 0.133022 -0.984808
vn 0.719846 0.604023 -0.342020
vn 0.219846 0.262003 -0.939693
vn 0.754407 0.633022 -0.173648
vn 0.321394 0.383022 -0.866025
vn 0.413176 0.492404 -0.766044
vn 0.492404 0.586824 -0.642788
vn 0.556670 0.663414 -0.500000
vn 0.086824 0.150384 -0.984808
vn 0.604023 0.719846 -0.342020
vn 0.171010 0.296198 -0.939693
vn 0.633022 0.754407 -0.173648
vn 0.250000 0.433013 -0.866025
vn 0.321394 0.556670 -0.766044
vn 0.383022 0.663414 -0.642788
vn 0.433013 0.750000 -0.500000
vn 0.059391 0.163176 -0.984808
vn 0.469846 0.813798 -0.342020
vn 0.116978 0.321394 -0.939693
vn 0.492404 0.852869 -0.173648
vn 0.171010 0.469846 -0.866025
vn 0.219846 0.604023 -0.766044
vn 0.262003 0.719846 -0.642788
vn 0.296198 0.813798 -0.500000
vn 0.030154 0.171010 -0.984808
vn 0.321394 0.883022 -0.342020
vn 0.059391 0.336824 -0.939693
vn 0.336824 0.925417 -0.173648
vn 0.086824 0.492404 -0.866025
vn 0.111619 0.633022 -0.766044
vn 0.133022 0.754407 -0.642788
vn 0.150384 0.852869 -0.500000
vn -0.000000 0.173648 -0.984808
vn 0.163176 0.925417 -0.342020
vn -0.000000 0.342020 -0.939693
vn 0.171010 0.969846 -0.173648
vn -0.000000 0.500000 -0.866025
vn -0.000000 0.642788 -0.766044
vn -0.000000 0.766044 -0.642788
vn -0.000000 0.866025 -0.500000
vn -0.030154 0.171010 -0.984808
vn -0.000000 0.939693 -0.342020
vn -0.059391 0.336824 -0.939693
vn -0.000000 0.984808 -0.173648
vn -0.086824 0.492404 -0.866025
vn -0.111619 0.633022 -0.766044
vn -0.133022 0.754407 -0.642788
vn -0.150384 0.852869 -0.500000
vn -0.059391 0.163176 -0.984808
vn -0.163176 0.925417 -0.342020
vn -0.116978 0.321394 -0.939693
vn -0.171010 0.969846 -0.173648
vn -0.171010 0.469846 -0.866025
vn -0.219846 0.604023 -0.766044
vn -0.262003 0.719846 -0.642788
vn -0.296198 0.813798 -0.500000
vn -0.086824 0.150384 -0.984808
vn -0.321394 0.883022 -0.342020
vn -0.171010 0.296198 -0.939693
vn -0.336824 0.925417 -0.173648
vn -0.250000 0.433013 -0.866025
vn -0.321394 0.556670 -0.766044
vn -0.383022 0.663414 -0.642788
vn -0.433013 0.750000 -0.500000
vn -0.111619 0.133022 -0.984808
vn -0.469846 0.813798 -0.342020
vn -0.219846 0.262003 -0.939693
vn -0.492404 0.852869 -0.173648
vn -0.321394 0.383022 -0.866025
vn -0.413176 0.492404 -0.766044
vn -0.492404 0.586824 -0.642788
vn -0.556670 0.663414 -0.500000
vn -0.133022 0.111619 -0.984808
vn -0.604023 0.719846 -0.342020
vn -0.262003 0.219846 -0.939693
vn -0.633022 0.754407 -0.173648
vn -0.383022 0.321394 -0.866025
vn -0.492404 0.413176 -0.766044
vn -0.586824 0.492404 -0.642788
vn -0.663414 0.556670 -0.500000
vn -0.150384 0.086824 -0.984808
vn -0.719846 0.604023 -0.342020
vn -0.296198 0.171010 -0.939693
vn -0.754407 0.633022 -0.173648
vn -0.433013 0.250000 -0.866025
vn -0.556670 0.321394 -0.766044
vn -0.663414 0.383022 -0.642788
vn -0.750000 0.433013 -0.500000
vn -0.163176 0.059391 -0.984808
vn -0.813798 0.469846 -0.342020
vn -0.321394 0.116978 -0.939693
vn -0.852869 0.492404 -0.173648
vn -0.469846 0.171010 -0.866025
vn -0.604023 0.219846 -0.766044
vn -0.719846 0.262003 -0.642788
vn -0.813798 0.296198 -0.500000
vn -0.171010 0.030154 -0.984808
vn -0.883022 0.321394 -0.342020
vn -0.336824 0.059391 -0.939693
vn -0.925417 0.336824 -0.173648
vn -0.492404 0.086824 -0.866025
vn -0.633022 0.111619 -0.766044
vn -0.754407 0.133022 -0.642788
vn -0.852869 0.150384 -0.500000
vn -0.173648 -0.000000 -0.984808
vn -0.925417 0.163176 -0.342020
vn -0.342020 -0.000000 -0.939693
vn -0.969846 0.171010 -0.173648
vn -0.500000 -0.000000 -0.866025
vn -0.642788 -0.000000 -0.766044
vn -0.766044 -0.000000 -0.642788
vn -0.866025 -0.000000 -0.500000
vn -0.171010 -0.030154 -0.984808
vn -0.939693 -0.000000 -0.342020
vn -0.336824 -0.059391 -0.939693
vn -0.984808 -0.000000 -0.173648
vn -0.492404 -0.086824 -0.866025
vn -0.633022 -0.111619 -0.766044
vn -0.754407 -0.133022 -0.642788
vn -0.852869 -0.150384 -0.500000
vn -0.163176 -0.059391 -0.984808
vn -0.925417 -0.163176 -0.342020
vn -0.321394 -0.116978 -0.939693
vn -0.969846 -0.171010 -0.173648
vn -0.469846 -0.171010 -0.866025
vn -0.604023 -0.219846 -0.766044
vn -0.719846 -0.262003 -0.642788
vn -0.813798 -0.296198 -0.500000
vn -0.150384 -0.086824 -0.984808
vn -0.883022 -0.321394 -0.342020
vn -0.296198 -0.171010 -0.939693
vn -0.925417 -0.336824 -0.173648
vn -0.433013 -0.250000 -0.866025
vn -0.556670 -0.321394 -0.766044
vn -0.663414 -0.383022 -0.642788
vn -0.750000 -0.433013 -0.500000
vn -0.133022 -0.111619 -0.984808
vn -0.813798 -0.469846 -0.342020
vn -0.262003 -0.219846 -0.939693
vn -0.852869 -0.492404 -0.173648
vn -0.383022 -0.321394 -0.866025
vn -0.492404 -0.413176 -0.766044
vn -0.586824 -0.492404 -0.642788
vn -0.663414 -0.556670 -0.500000
vn -0.111619 -0.133022 -0.984808
vn -0.719846 -0.604023 -0.342020
vn -0.219846 -0.262003 -0.939693
vn -0.754407 -0.633022 -0.173648
vn -0.321394 -0.383022 -0.866025
vn -0.413176 -0.492404 -0.766044
vn -0.492404 -0.586824 -0.642788
vn -0.556670 -0.663414 -0.500000
vn -0.086824 -0.150384 -0.984808
vn -0.604023 -0.719846 -0.342020
vn -0.171010 -0.296198 -0.939693
vn -0.633022 -0.754407 -0.173648
vn -0.250000 -0.433013 -0.866025
vn -0.321394 -0.556670 -0.766044
vn -0.383022 -0.663414 -0.642788
vn -0.433013 -0.750000 -0.500000
vn -0.059391 -0.163176 -0.984808
vn -0.469846 -0.813798 -0.342020
vn -0.116978 -0.321394 -0.939693
vn -0.492404 -0.852869 -0.173648
vn -0.171010 -0.469846 -0.866025
vn -0.219846 -0.604023 -0.766044
vn -0.262003 -0.719846 -0.642788
vn -0.296198 -0.813798 -0.500000
vn -0.030154 -0.171010 -0.984808
vn -0.321394 -0.883022 -0.342020
vn -0.059391 -0.336824 -0.939693
vn -0.336824 -0.925417 -0.173648
vn -0.086824 -0.492404 -0.866025
vn -0.111619 -0.633022 -0.766044
vn -0.133022 -0.754407 -0.642788
vn -0.150384 -0.852869 -0.500000
vn 0.000000 -0.173648 -0.984808
vn -0.163176 -0.925417 -0.342020
vn 0.000000 -0.342020 -0.939693
vn -0.171010 -0.969846 -0.173648
vn 0.000000 -0.500000 -0.866025
vn 0.000000 -0.642788 -0.766044
vn 0.000000 -0.766044 -0.642788
vn 0.000000 -0.866025 -0.500000
vn 0.030154 -0.171010 -0.984808
vn 0.000000 -0.939693 -0.342020
vn 0.059391 -0.336824 -0.939693
vn 0.000000 -0.984808 -0.173648
vn 0.086824 -0.492404 -0.866025
vn 0.111619 -0.633022 -0.766044
vn 0.133022 -0.754407 -0.642788
vn 0.150384 -0.852869 -0.500000
vn 0.059391 -0.163176 -0.984808
vn 0.163176 -0.925417 -0.342020
vn 0.116978 -0.321394 -0.939693
vn 0.171010 -0.969846 -0.173648
vn 0.171010 -0.469846 -0.866025
vn 0.219846 -0.604023 -0.766044
vn 0.262003 -0.719846 -0.642788
vn 0.296198 -0.813798 -0.500000
vn 0.086824 -0.150384 -0.984808
vn 0.321394 -0.883022 -0.342020
vn 0.171010 -0.296198 -0.939693
vn 0.336824 -0.925417 -0.173648
vn 0.250000 -0.433013 -0.866025
vn 0.321394 -0.556670 -0.766044
vn 0.383022 -0.663414 -0.642788
vn 0.433013 -0.750000 -0.500000
vn 0.111619 -0.133022 -0.984808
vn 0.469846 -0.813798 -0.342020
vn 0.219846 -0.262003 -0.939693
vn 0.492404 -0.852869 -0.173648
vn 0.321394 -0.383022 -0.866025
vn 0.413176 -0.492404 -0.766044
vn 0.492404 -0.586824 -0.642788
vn 0.556670 -0.663414 -0.500000
vn 0.133022 -0.111619 -0.984808
vn 0.604023 -0.719846 -0.342020
vn 0.262003 -0.219846 -0.939693
vn 0.633022 -0.754407 -0.173648
vn 0.383022 -0.321394 -0.866025
vn 0.492404 -0.413176 -0.766044
vn 0.586824 -0.492404 -0.642788
vn 0.663414 -0.556670 -0.500000
vn 0.150384 -0.086824 -0.984808
vn 0.719846 -0.604023 -0.342020
vn 0.296198 -0.171010 -0.939693
vn 0.754407 -0.633022 -0.173648
vn 0.433013 -0.250000 -0.866025
vn 0.556670 -0.321394 -0.766044
vn 0.663414 -0.383022 -0.642788
vn 0.750000 -0.433013 -0.500000
vn 0.163176 -0.059391 -0.984808
vn 0.813798 -0.469846 -0.342020
vn 0.321394 -0.116978 -0.939693
vn 0.852869 -0.492404 -0.173648
vn 0.469846 -0.171010 -0.866025
vn 0.604023 -0.219846 -0.766044
vn 0.719846 -0.262003 -0.642788
vn 0.813798 -0.296198 -0.500000
vn 0.171010 -0.030154 -0.984808
vn 0.883022 -0.321394 -0.342020
vn 0.336824 -0.059391 -0.939693
vn 0.925417 -0.336824 -0.173648
vn 0.492404 -0.086824 -0.866025
vn 0.633022 -0.111619 -0.766044
vn 0.754407 -0.133022 -0.642788
vn 0.852869 -0.150384 -0.500000
vn 0.925417 -0.163176 -0.342020
vn 0.969846 -0.171010 -0.173648
vt 0.000000 4.712389
vt 0.174533 4.712389
vt 0.349066 4.712389
vt 0.523599 4.712389
vt 0.698132 4.712389
vt 0.872665 4.712389
vt 1.047198 4.712389
vt 1.221730 4.712389
vt 1.396263 4.712389
vt 1.570796 4.712389
vt 1.745329 4.712389
vt 1.919862 4.712389
vt 2.094395 4.712389
vt 2.268928 4.712389
vt 2.443461 4.712389
vt 2.617994 4.712389
vt 2.792527 4.712389
vt 2.967060 4.712389
vt 3.141593 4.712389
vt 3.316126 4.712389
vt 3.490659 4.712389
vt 3.665191 4.712389
vt 3.839724 4.712389
vt 4.014257 4.712389
vt 4.188790 4.712389
vt 4.363323 4.712389
vt 4.537856 4.712389
vt 4.712389 4.712389
vt 4.886922 4.712389
vt 5.061455 4.712389
vt 5.235988 4.712389
vt 5.410521 4.712389
vt 5.585053 4.712389
vt 5.759586 4.712389
vt 5.934119 4.712389
vt 6.108653 4.712389
vt 6.283185 4.712389
vt 6.283185 4.886922
vt 6.283185 5.061455
vt 6.283185 5.235988
vt 6.283185 5.410521
vt 6.283185 5.585053
vt 6.283185 5.759586
vt 6.283185 5.934119
vt 6.283185 6.108653
vt 6.283185 6.283185
vt 6.108653 6.283185
vt 5.934119 6.283185
vt 5.759586 6.283185
vt 5.585053 6.283185
vt 5.410521 6.283185
vt 5.235988 6.283185
vt 5.061455 6.283185
vt 4.886922 6.283185
vt 4.712389 6.283185
vt 4.537856 6.283185
vt 4.363323 6.283185
vt 4.188790 6.283185
vt 4.014257 6.283185
vt 3.839724 6.283185
vt 3.665191 6.283185
vt 3.490659 6.283185
vt 3.316126 6.283185
vt 3.141593 6.283185
vt 2.967060 6.283185
vt 2.792527 6.283185
vt 2.617994 6.283185
vt 2.443461 6.283185
vt 2.268928 6.283185
vt 2.094395 6.283185
vt 1.919862 6.283185
vt 1.745329 6.283185
vt 1.570796 6.283185
vt 1.396263 6.283185
vt 1.221730 6.283185
vt 1.047198 6.283185
vt 0.872665 6.283185
vt 0.698132 6.283185
vt 0.523599 6.283185
vt 0.349066 6.283185
vt 0.174533 6.283185
vt 0.000000 6.283185
vt 0.000000 4.886922
vt 0.000000 5.061455
vt 0.000000 5.235988
vt 0.000000 5.410521
vt 0.000000 5.585053
vt 0.000000 5.759586
vt 0.000000 5.934119
vt 0.000000 6.108653
vt 0.174533 4.886922
vt 0.174533 5.061455
vt 0.174533 5.235988
vt 0.174533 5.410521
vt 0.174533 5.585053
vt 0.174533 5.759586
vt 0.349066 4.886922
vt 0.174533 5.934119
vt 0.349066 5.061455
vt 0.174533 6.108653
vt 0.349066 5.235988
vt 0.349066 5.410521
vt 0.349066 5.585053
vt 0.349066 5.759586
vt 0.523599 4.886922
vt 0.349066 5.934119
vt 0.523599 5.061455
vt 0.349066 6.108653
vt 0.523599 5.235988
vt 0.523599 5.410521
vt 0.523599 5.585053
vt 0.523599 5.759586
vt 0.698132 4.886922
vt 0.523599 5.934119
vt 0.698132 5.061455
vt 0.523599 6.108653
vt 0.698132 5.235988
vt 0.698132 5.410521
vt 0.698132 5.585053
vt 0.698132 5.759586
vt 0.872665 4.886922
vt 0.698132 5.934119
vt 0.872665 5.061455
vt 0.698132 6.108653
vt 0.872665 5.235988
vt 0.872665 5.410521
vt 0.872665 5.585053
vt 0.872665 5.759586
vt 1.047198 4.886922
vt 0.872665 5.934119
vt 1.047198 5.061455
vt 0.872665 6.108653
vt 1.047198 5.235988
vt 1.047198 5.410521
vt 1.047198 5.585053
vt 1.047198 5.759586
vt 1.221730 4.886922
vt 1.047198 5.934119
vt 1.221730 5.061455
vt 1.047198 6.108653
vt 1.221730 5.235988
vt 1.221730 5.410521
vt 1.221730 5.585053
vt 1.221730 5.759586
vt 1.396263 4.886922
vt 1.221730 5.934119
vt 1.396263 5.061455
vt 1.221730 6.108653
vt 1.396263 5.235988
vt 1.396263 5.410521
vt 1.396263 5.585053
vt 1.396263 5.759586
vt 1.570796 4.886922
vt 1.396263 5.934119
vt 1.570796 5.061455
vt 1.396263 6.108653
vt 1.570796 5.235988
vt 1.570796 5.410521
vt 1.570796 5.585053
vt 1.570796 5.759586
vt 1.745329 4.886922
vt 1.570796 5.934119
vt 1.745329 5.061455
vt 1.570796 6.108653
vt 1.745329 5.235988
vt 1.745329 5.410521
vt 1.745329 5.585053
vt 1.745329 5.759586
vt 1.919862 4.886922
vt 1.745329 5.934119
vt 1.919862 5.061455
vt 1.745329 6.108653
vt 1.919862 5.235988
vt 1.919862 5.410521
vt 1.919862 5.585053
vt 1.919862 5.759586
vt 2.094395 4.886922
vt 1.919862 5.934119
vt 2.094395 5.061455
vt 1.919862 6.108653
vt 2.094395 5.235988
vt 2.094395 5.410521
vt 2.094395 5.585053
vt 2.094395 5.759586
vt 2.268928 4.886922
vt 2.094395 5.934119
vt 2.268928 5.061455
vt 2.094395 6.108653
vt 2.268928 5.235988
vt 2.268928 5.410521
vt 2.268928 5.585053
vt 2.268928 5.759586
vt 2.443461 4.886922
vt 2.268928 5.934119
vt 2.443461 5.061455
vt 2.268928 6.108653
vt 2.443461 5.235988
vt 2.443461 5.410521
vt 2.443461 5.585053
vt 2.443461 5.759586
vt 2.617994 4.886922
vt 2.443461 5.934119
vt 2.617994 5.061455
vt 2.443461 6.108653
vt 2.617994 5.235988
vt 2.617994 5.410521
vt 2.617994 5.585053
vt 2.617994 5.759586
vt 2.792527 4.886922
vt 2.617994 5.934119
vt 2.792527 5.061455
vt 2.617994 6.108653
vt 2.792527 5.235988
vt 2.792527 5.410521
vt 2.792527 5.585053
vt 2.792527 5.759586
vt 2.967060 4.886922
vt 2.792527 5.934119
vt 2.967060 5.061455
vt 2.792527 6.108653
vt 2.967060 5.235988
vt 2.967060 5.410521
vt 2.967060 5.585053
vt 2.967060 5.759586
vt 3.141593 4.886922
vt 2.967060 5.934119
vt 3.141593 5.061455
vt 2.967060 6.108653
vt 3.141593 5.235988
vt 3.141593 5.410521
vt 3.141593 5.585053
vt 3.141593 5.759586
vt 3.316126 4.886922
vt 3.141593 5.934119
vt 3.316126 5.061455
vt 3.141593 6.108653
vt 3.316126 5.235988
vt 3.316126 5.410521
vt 3.316126 5.585053
vt 3.316126 5.759586
vt 3.490659 4.886922
vt 3.316126 5.934119
vt 3.490659 5.061455
vt 3.316126 6.108653
vt 3.490659 5.235988
vt 3.490659 5.410521
vt 3.490659 5.585053
vt 3.490659 5.759586
vt 3.665191 4.886922
vt 3.490659 5.934119
vt 3.665191 5.061455
vt 3.490659 6.108653
vt 3.665191 5.235988
vt 3.665191 5.410521
vt 3.665191 5.585053
vt 3.665191 5.759586
vt 3.839724 4.886922
vt 3.665191 5.934119
vt 3.839724 5.061455
vt 3.665191 6.108653
vt 3.839724 5.235988
vt 3.839724 5.410521
vt 3.839724 5.585053
vt 3.839724 5.759586
vt 4.014257 4.886922
vt 3.839724 5.934119
vt 4.014257 5.061455
vt 3.839724 6.108653
vt 4.014257 5.235988
vt 4.014257 5.410521
vt 4.014257 5.585053
vt 4.014257 5.759586
vt 4.188790 4.886922
vt 4.014257 5.934119
vt 4.188790 5.061455
vt 4.014257 6.108653
vt 4.188790 5.235988
vt 4.188790 5.410521
vt 4.188790 5.585053
vt 4.188790 5.759586
vt 4.363323 4.886922
vt 4.188790 5.934119
vt 4.363323 5.061455
vt 4.188790 6.108653
vt 4.363323 5.235988
vt 4.363323 5.410521
vt 4.363323 5.585053
vt 4.363323 5.759586
vt 4.537856 4.886922
vt 4.363323 5.934119
vt 4.537856 5.061455
vt 4.363323 6.108653
vt 4.537856 5.235988
vt 4.537856 5.410521
vt 4.537856 5.585053
vt 4.537856 5.759586
vt 4.712389 4.886922
vt 4.537856 5.934119
vt 4.712389 5.061455
vt 4.537856 6.108653
vt 4.712389 5.235988
vt 4.712389 5.410521
vt 4.712389 5.585053
vt 4.712389 5.759586
vt 4.886922 4.886922
vt 4.712389 5.934119
vt 4.886922 5.061455
vt 4.712389 6.108653
vt 4.886922 5.235988
vt 4.886922 5.410521
vt 4.886922 5.585053
vt 4.886922 5.759586
vt 5.061455 4.886922
vt 4.886922 5.934119
vt 5.061455 5.061455
vt 4.886922 6.108653
vt 5.061455 5.235988
vt 5.061455 5.410521
vt 5.061455 5.585053
vt 5.061455 5.759586
vt 5.235988 4.886922
vt 5.061455 5.934119
vt 5.235988 5.061455
vt 5.061455 6.108653
vt 5.235988 5.235988
vt 5.235988 5.410521
vt 5.235988 5.585053
vt 5.235988 5.759586
vt 5.410521 4.886922
vt 5.235988 5.934119
vt 5.410521 5.061455
vt 5.235988 6.108653
vt 5.410521 5.235988
vt 5.410521 5.410521
vt 5.410521 5.585053
vt 5.410521 5.759586
vt 5.585053 4.886922
vt 5.410521 5.934119
vt 5.585053 5.061455
vt 5.410521 6.108653
vt 5.585053 5.235988
vt 5.585053 5.410521
vt 5.585053 5.585053
vt 5.585053 5.759586
vt 5.759586 4.886922
vt 5.585053 5.934119
vt 5.759586 5.061455
vt 5.585053 6.108653
vt 5.759586 5.235988
vt 5.759586 5.410521
vt 5.759586 5.585053
vt 5.759586 5.759586
vt 5.934119 4.886922
vt 5.759586 5.934119
vt 5.934119 5.061455
vt 5.759586 6.108653
vt 5.934119 5.235988
vt 5.934119 5.410521
vt 5.934119 5.585053
vt 5.934119 5.759586
vt 6.108653 4.886922
vt 5.934119 5.934119
vt 6.108653 5.061455
vt 5.934119 6.108653
vt 6.108653 5.235988
vt 6.108653 5.410521
vt 6.108653 5.585053
vt 6.108653 5.759586
vt 6.108653 5.934119
vt 6.108653 6.108653
f 1018/1018/1018 1099/1099/1099 1017/1017/1017
f 1062/1062/1062 1063/1063/1063 1061/1061/1061
f 1107/1107/1107 1099/1099/1099 1018/1018/1018
f 1108/1108/1108 1099/1099/1099 1107/1107/1107
f 1108/1108/1108 1100/1100/1100 1099/1099/1099
f 1109/1109/1109 1100/1100/1100 1108/1108/1108
f 1109/1109/1109 1101/1101/1101 1100/1100/1100
f 1110/1110/1110 1101/1101/1101 1109/1109/1109
f 1110/1110/1110 1102/1102/1102 1101/1101/1101
f 1111/1111/1111 1102/1102/1102 1110/1110/1110
f 1111/1111/1111 1103/1103/1103 1102/1102/1102
f 1112/1112/1112 1103/1103/1103 1111/1111/1111
f 1112/1112/1112 1104/1104/1104 1103/1103/1103
f 1113/1113/1113 1018/1018/1018 1019/1019/1019
f 1113/1113/1113 1107/1107/1107 1018/1018/1018
f 1114/1114/1114 1104/1104/1104 1112/1112/1112
f 1114/1114/1114 1105/1105/1105 1104/1104/1104
f 1115/1115/1115 1108/1108/1108 1107/1107/1107
f 1115/1115/1115 1107/1107/1107 1113/1113/1113
f 1116/1116/1116 1105/1105/1105 1114/1114/1114
f 1116/1116/1116 1097/1097/1097 1098/1098/1098
f 1116/1116/1116 1106/1106/1106 1105/1105/1105
f 1116/1116/1116 1098/1098/1098 1106/1106/1106
f 1117/1117/1117 1109/1109/1109 1108/1108/1108
f 1117/1117/1117 1108/1108/1108 1115/1115/1115
f 1118/1118/1118 1109/1109/1109 1117/1117/1117
f 1118/1118/1118 1110/1110/1110 1109/1109/1109
f 1119/1119/1119 1111/1111/1111 1110/1110/1110
f 1119/1119/1119 1110/1110/1110 1118/1118/1118
f 1120/1120/1120 1112/1112/1112 1111/1111/1111
f 1120/1120/1120 1111/1111/1111 1119/1119/1119
f 1121/1121/1121 1019/1019/1019 1020/1020/1020
f 1121/1121/1121 1113/1113/1113 1019/1019/1019
f 1122/1122/1122 1114/1114/1114 1112/1112/1112
f 1122/1122/1122 1112/1112/1112 1120/1120/1120
f 1123/1123/1123 1113/1113/1113 1121/1121/1121
f 1123/1123/1123 1115/1115/1115 1113/1113/1113
f 1124/1124/1124 1097/1097/1097 1116/1116/1116
f 1124/1124/1124 1114/1114/1114 1122/1122/1122
f 1124/1124/1124 1096/1096/1096 1097/1097/1097
f 1124/1124/1124 1116/1116/1116 1114/1114/1114
f 1125/1125/1125 1115/1115/1115 1123/1123/1123
f 1125/1125/1125 1117/1117/1117 1115/1115/1115
f 1126/1126/1126 1117/1117/1117 1125/1125/1125
f 1126/1126/1126 1118/1118/1118 1117/1117/1117
f 1127/1127/1127 1118/1118/1118 1126/1126/1126
f 1127/1127/1127 1119/1119/1119 1118/1118/1118
f 1128/1128/1128 1119/1119/1119 1127/1127/1127
f 1128/1128/1128 1120/1120/1120 1119/1119/1119
f 1129/1129/1129 1020/1020/1020 1021/1021/1021
f 1129/1129/1129 1121/1121/1121 1020/1020/1020
f 1130/1130/1130 1120/1120/1120 1128/1128/1128
f 1130/1130/1130 1122/1122/1122 1120/1120/1120
f 1131/1131/1131 1123/1123/1123 1121/1121/1121
f 1131/1131/1131 1121/1121/1121 1129/1129/1129
f 1132/1132/1132 1124/1124/1124 1122/1122/1122
f 1132/1132/1132 1096/1096/1096 1124/1124/1124
f 1132/1132/1132 1095/1095/1095 1096/1096/1096
f 1132/1132/1132 1122/1122/1122 1130/1130/1130
f 1133/1133/1133 1123/1123/1123 1131/1131/1131
f 1133/1133/1133 1125/1125/1125 1123/1123/1123
f 1134/1134/1134 1126/1126/1126 1125/1125/1125
f 1134/1134/1134 1125/1125/1125 1133/1133/1133
f 1135/1135/1135 1127/1127/1127 1126/1126/1126
f 1135/1135/1135 1126/1126/1126 1134/1134/1134
f 1136/1136/1136 1128/1128/1128 1127/1127/1127
f 1136/1136/1136 1127/1127/1127 1135/1135/1135
f 1137/1137/1137 1021/1021/1021 1022/1022/1022
f 1137/1137/1137 1129/1129/1129 1021/1021/1021
f 1138/1138/1138 1128/1128/1128 1136/1136/1136
f 1138/1138/1138 1130/1130/1130 1128/1128/1128
f 1139/1139/1139 1129/1129/1129 1137/1137/1137
f 1139/1139/1139 1131/1131/1131 1129/1129/1129
f 1140/1140/1140 1130/1130/1130 1138/1138/1138
f 1140/1140/1140 1095/1095/1095 1132/1132/1132
f 1140/1140/1140 1132/1132/1132 1130/1130/1130
f 1140/1140/1140 1094/1094/1094 1095/1095/1095
f 1141/1141/1141 1133/1133/1133 1131/1131/1131
f 1141/1141/1141 1131/1131/1131 1139/1139/1139
f 1142/1142/1142 1133/1133/1133 1141/1141/1141
f 1142/1142/1142 1134/1134/1134 1133/1133/1133
f 1143/1143/1143 1135/1135/1135 1134/1134/1134
f 1143/1143/1143 1134/1134/1134 1142/1142/1142
f 1144/1144/1144 1136/1136/1136 1135/1135/1135
f 1144/1144/1144 1135/1135/1135 1143/1143/1143
f 1145/1145/1145 1022/1022/1022 1023/1023/1023
f 1145/1145/1145 1137/1137/1137 1022/1022/1022
f 1146/1146/1146 1138/1138/1138 1136/1136/1136
f 1146/1146/1146 1136/1136/1136 1144/1144/1144
f 1147/1147/1147 1137/1137/1137 1145/1145/1145
f 1147/1147/1147 1139/1139/1139 1137/1137/1137
f 1148/1148/1148 1140/1140/1140 1138/1138/1138
f 1148/1148/1148 1094/1094/1094 1140/1140/1140
f 1148/1148/1148 1093/1093/1093 1094/1094/1094
f 1148/1148/1148 1138/1138/1138 1146/1146/1146
f 1149/1149/1149 1141/1141/1141 1139/1139/1139
f 1149/1149/1149 1139/1139/1139 1147/1147/1147
f 1150/1150/1150 1142/1142/1142 1141/1141/1141
f 1150/1150/1150 1141/1141/1141 1149/1149/1149
f 1151/1151/1151 1143/1143/1143 1142/1142/1142
f 1151/1151/1151 1142/1142/1142 1150/1150/1150
f 1152/1152/1152 1143/1143/1143 1151/1151/1151
f 1152/1152/1152 1144/1144/1144 1143/1143/1143
f 1153/1153/1153 1023/1023/1023 1024/1024/1024
f 1153/1153/1153 1145/1145/1145 1023/1023/1023
f 1154/1154/1154 1144/1144/1144 1152/1152/1152
f 1154/1154/1154 1146/1146/1146 1144/1144/1144
f 1155/1155/1155 1145/1145/1145 1153/1153/1153
f 1155/1155/1155 1147/1147/1147 1145/1145/1145
f 1156/1156/1156 1148/1148/1148 1146/1146/1146
f 1156/1156/1156 1146/1146/1146 1154/1154/1154
f 1156/1156/1156 1092/1092/1092 1093/1093/1093
f 1156/1156/1156 1093/1093/1093 1148/1148/1148
f 1157/1157/1157 1147/1147/1147 1155/1155/1155
f 1157/1157/1157 1149/1149/1149 1147/1147/1147
f 1158/1158/1158 1149/1149/1149 1157/1157/1157
f 1158/1158/1158 1150/1150/1150 1149/1149/1149
f 1159/1159/1159 1151/1151/1151 1150/1150/1150
f 1159/1159/1159 1150/1150/1150 1158/1158/1158
f 1160/1160/1160 1151/1151/1151 1159/1159/1159
f 1160/1160/1160 1152/1152/1152 1151/1151/1151
f 1161/1161/1161 1024/1024/1024 1025/1025/1025
f 1161/1161/1161 1153/1153/1153 1024/1024/1024
f 1162/1162/1162 1154/1154/1154 1152/1152/1152
f 1162/1162/1162 1152/1152/1152 1160/1160/1160
f 1163/1163/1163 1153/1153/1153 1161/1161/1161
f 1163/1163/1163 1155/1155/1155 1153/1153/1153
f 1164/1164/1164 1154/1154/1154 1162/1162/1162
f 1164/1164/1164 1092/1092/1092 1156/1156/1156
f 1164/1164/1164 1091/1091/1091 1092/1092/1092
f 1164/1164/1164 1156/1156/1156 1154/1154/1154
f 1165/1165/1165 1157/1157/1157 1155/1155/1155
f 1165/1165/1165 1155/1155/1155 1163/1163/1163
f 1166/1166/1166 1157/1157/1157 1165/1165/1165
f 1166/1166/1166 1158/1158/1158 1157/1157/1157
f 1167/1167/1167 1159/1159/1159 1158/1158/1158
f 1167/1167/1167 1158/1158/1158 1166/1166/1166
f 1168/1168/1168 1160/1160/1160 1159/1159/1159
f 1168/1168/1168 1159/1159/1159 1167/1167/1167
f 1169/1169/1169 1025/1025/1025 1026/1026/1026
f 1169/1169/1169 1161/1161/1161 1025/1025/1025
f 1170/1170/1170 1162/1162/1162 1160/1160/1160
f 1170/1170/1170 1160/1160/1160 1168/1168/1168
f 1171/1171/1171 1163/1163/1163 1161/1161/1161
f 1171/1171/1171 1165/1165/1165 1163/1163/1163
f 1171/1171/1171 1161/1161/1161 1169/1169/1169
f 1172/1172/1172 1164/1164/1164 1162/1162/1162
f 1172/1172/1172 1091/1091/1091 1164/1164/1164
f 1172/1172/1172 1162/1162/1162 1170/1170/1170
f 1172/1172/1172 1090/1090/1090 1091/1091/1091
f 1173/1173/1173 1165/1165/1165 1171/1171/1171
f 1174/1174/1174 1166/1166/1166 1165/1165/1165
f 1174/1174/1174 1165/1165/1165 1173/1173/1173
f 1175/1175/1175 1166/1166/1166 1174/1174/1174
f 1175/1175/1175 1167/1167/1167 1166/1166/1166
f 1175/1175/1175 1168/1168/1168 1167/1167/1167
f 1176/1176/1176 1168/1168/1168 1175/1175/1175
f 1177/1177/1177 1026/1026/1026 1027/1027/1027
f 1177/1177/1177 1169/1169/1169 1026/1026/1026
f 1178/1178/1178 1170/1170/1170 1168/1168/1168
f 1178/1178/1178 1168/1168/1168 1176/1176/1176
f 1179/1179/1179 1169/1169/1169 1177/1177/1177
f 1179/1179/1179 1171/1171/1171 1169/1169/1169
f 1180/1180/1180 1172/1172/1172 1170/1170/1170
f 1180/1180/1180 1090/1090/1090 1172/1172/1172
f 1180/1180/1180 1089/1089/1089 1090/1090/1090
f 1180/1180/1180 1170/1170/1170 1178/1178/1178
f 1181/1181/1181 1173/1173/1173 1171/1171/1171
f 1181/1181/1181 1174/1174/1174 1173/1173/1173
f 1181/1181/1181 1171/1171/1171 1179/1179/1179
f 1182/1182/1182 1174/1174/1174 1181/1181/1181
f 1183/1183/1183 1175/1175/1175 1174/1174/1174
f 1183/1183/1183 1174/1174/1174 1182/1182/1182
f 1184/1184/1184 1176/1176/1176 1175/1175/1175
f 1184/1184/1184 1175/1175/1175 1183/1183/1183
f 1185/1185/1185 1027/1027/1027 1028/1028/1028
f 1185/1185/1185 1177/1177/1177 1027/1027/1027
f 1186/1186/1186 1178/1178/1178 1176/1176/1176
f 1186/1186/1186 1176/1176/1176 1184/1184/1184
f 1187/1187/1187 1177/1177/1177 1185/1185/1185
f 1187/1187/1187 1179/1179/1179 1177/1177/1177
f 1188/1188/1188 1178/1178/1178 1186/1186/1186
f 1188/1188/1188 1088/1088/1088 1089/1089/1089
f 1188/1188/1188 1089/1089/1089 1180/1180/1180
f 1188/1188/1188 1180/1180/1180 1178/1178/1178
f 1189/1189/1189 1179/1179/1179 1187/1187/1187
f 1189/1189/1189 1181/1181/1181 1179/1179/1179
f 1190/1190/1190 1181/1181/1181 1189/1189/1189
f 1190/1190/1190 1182/1182/1182 1181/1181/1181
f 1191/1191/1191 1183/1183/1183 1182/1182/1182
f 1191/1191/1191 1182/1182/1182 1190/1190/1190
f 1192/1192/1192 1184/1184/1184 1183/1183/1183
f 1192/1192/1192 1183/1183/1183 1191/1191/1191
f 1193/1193/1193 1028/1028/1028 1029/1029/1029
f 1193/1193/1193 1185/1185/1185 1028/1028/1028
f 1194/1194/1194 1186/1186/1186 1184/1184/1184
f 1194/1194/1194 1184/1184/1184 1192/1192/1192
f 1195/1195/1195 1189/1189/1189 1187/1187/1187
f 1195/1195/1195 1185/1185/1185 1193/1193/1193
f 1195/1195/1195 1187/1187/1187 1185/1185/1185
f 1196/1196/1196 1188/1188/1188 1186/1186/1186
f 1196/1196/1196 1088/1088/1088 1188/1188/1188
f 1196/1196/1196 1186/1186/1186 1194/1194/1194
f 1196/1196/1196 1087/1087/1087 1088/1088/1088
f 1197/1197/1197 1189/1189/1189 1195/1195/1195
f 1198/1198/1198 1190/1190/1190 1189/1189/1189
f 1198/1198/1198 1189/1189/1189 1197/1197/1197
f 1199/1199/1199 1191/1191/1191 1190/1190/1190
f 1199/1199/1199 1190/1190/1190 1198/1198/1198
f 1200/1200/1200 1192/1192/1192 1191/1191/1191
f 1200/1200/1200 1191/1191/1191 1199/1199/1199
f 1201/1201/1201 1029/1029/1029 1030/1030/1030
f 1201/1201/1201 1193/1193/1193 1029/1029/1029
f 1202/1202/1202 1194/1194/1194 1192/1192/1192
f 1202/1202/1202 1192/1192/1192 1200/1200/1200
f 1203/1203/1203 1195/1195/1195 1193/1193/1193
f 1203/1203/1203 1193/1193/1193 1201/1201/1201
f 1204/1204/1204 1196/1196/1196 1194/1194/1194
f 1204/1204/1204 1087/1087/1087 1196/1196/1196
f 1204/1204/1204 1194/1194/1194 1202/1202/1202
f 1204/1204/1204 1086/1086/1086 1087/1087/1087
f 1205/1205/1205 1197/1197/1197 1195/1195/1195
f 1205/1205/1205 1195/1195/1195 1203/1203/1203
f 1206/1206/1206 1199/1199/1199 1198/1198/1198
f 1206/1206/1206 1198/1198/1198 1197/1197/1197
f 1206/1206/1206 1197/1197/1197 1205/1205/1205
f 1207/1207/1207 1199/1199/1199 1206/1206/1206
f 1208/1208/1208 1200/1200/1200 1199/1199/1199
f 1208/1208/1208 1202/1202/1202 1200/1200/1200
f 1208/1208/1208 1199/1199/1199 1207/1207/1207
f 1209/1209/1209 1030/1030/1030 1031/1031/1031
f 1209/1209/1209 1201/1201/1201 1030/1030/1030
f 1210/1210/1210 1202/1202/1202 1208/1208/1208
f 1211/1211/1211 1203/1203/1203 1201/1201/1201
f 1211/1211/1211 1201/1201/1201 1209/1209/1209
f 1212/1212/1212 1202/1202/1202 1210/1210/1210
f 1212/1212/1212 1204/1204/1204 1202/1202/1202
f 1212/1212/1212 1086/1086/1086 1204/1204/1204
f 1212/1212/1212 1085/1085/1085 1086/1086/1086
f 1213/1213/1213 1205/1205/1205 1203/1203/1203
f 1213/1213/1213 1203/1203/1203 1211/1211/1211
f 1214/1214/1214 1206/1206/1206 1205/1205/1205
f 1214/1214/1214 1205/1205/1205 1213/1213/1213
f 1215/1215/1215 1207/1207/1207 1206/1206/1206
f 1215/1215/1215 1206/1206/1206 1214/1214/1214
f 1216/1216/1216 1207/1207/1207 1215/1215/1215
f 1216/1216/1216 1208/1208/1208 1207/1207/1207
f 1217/1217/1217 1031/1031/1031 1032/1032/1032
f 1217/1217/1217 1209/1209/1209 1031/1031/1031
f 1218/1218/1218 1208/1208/1208 1216/1216/1216
f 1218/1218/1218 1210/1210/1210 1208/1208/1208
f 1219/1219/1219 1209/1209/1209 1217/1217/1217
f 1219/1219/1219 1211/1211/1211 1209/1209/1209
f 1220/1220/1220 1210/1210/1210 1218/1218/1218
f 1220/1220/1220 1084/1084/1084 1085/1085/1085
f 1220/1220/1220 1212/1212/1212 1210/1210/1210
f 1220/1220/1220 1085/1085/1085 1212/1212/1212
f 1221/1221/1221 1211/1211/1211 1219/1219/1219
f 1221/1221/1221 1213/1213/1213 1211/1211/1211
f 1222/1222/1222 1213/1213/1213 1221/1221/1221
f 1222/1222/1222 1214/1214/1214 1213/1213/1213
f 1222/1222/1222 1215/1215/1215 1214/1214/1214
f 1223/1223/1223 1215/1215/1215 1222/1222/1222
f 1224/1224/1224 1216/1216/1216 1215/1215/1215
f 1224/1224/1224 1215/1215/1215 1223/1223/1223
f 1225/1225/1225 1032/1032/1032 1033/1033/1033
f 1225/1225/1225 1217/1217/1217 1032/1032/1032
f 1226/1226/1226 1216/1216/1216 1224/1224/1224
f 1226/1226/1226 1218/1218/1218 1216/1216/1216
f 1227/1227/1227 1217/1217/1217 1225/1225/1225
f 1227/1227/1227 1219/1219/1219 1217/1217/1217
f 1228/1228/1228 1220/1220/1220 1218/1218/1218
f 1228/1228/1228 1084/1084/1084 1220/1220/1220
f 1228/1228/1228 1218/1218/1218 1226/1226/1226
f 1228/1228/1228 1083/1083/1083 1084/1084/1084
f 1229/1229/1229 1219/1219/1219 1227/1227/1227
f 1229/1229/1229 1221/1221/1221 1219/1219/1219
f 1230/1230/1230 1222/1222/1222 1221/1221/1221
f 1230/1230/1230 1221/1221/1221 1229/1229/1229
f 1231/1231/1231 1223/1223/1223 1222/1222/1222
f 1231/1231/1231 1222/1222/1222 1230/1230/1230
f 1232/1232/1232 1224/1224/1224 1223/1223/1223
f 1232/1232/1232 1223/1223/1223 1231/1231/1231
f 1233/1233/1233 1033/1033/1033 1034/1034/1034
f 1233/1233/1233 1034/1034/1034 1035/1035/1035
f 1233/1233/1233 1225/1225/1225 1033/1033/1033
f 1234/1234/1234 1226/1226/1226 1224/1224/1224
f 1234/1234/1234 1224/1224/1224 1232/1232/1232
f 1235/1235/1235 1227/1227/1227 1225/1225/1225
f 1235/1235/1235 1225/1225/1225 1233/1233/1233
f 1236/1236/1236 1228/1228/1228 1226/1226/1226
f 1236/1236/1236 1083/1083/1083 1228/1228/1228
f 1236/1236/1236 1226/1226/1226 1234/1234/1234
f 1236/1236/1236 1082/1082/1082 1083/1083/1083
f 1237/1237/1237 1229/1229/1229 1227/1227/1227
f 1237/1237/1237 1227/1227/1227 1235/1235/1235
f 1238/1238/1238 1230/1230/1230 1229/1229/1229
f 1238/1238/1238 1229/1229/1229 1237/1237/1237
f 1239/1239/1239 1231/1231/1231 1230/1230/1230
f 1239/1239/1239 1230/1230/1230 1238/1238/1238
f 1240/1240/1240 1231/1231/1231 1239/1239/1239
f 1240/1240/1240 1234/1234/1234 1232/1232/1232
f 1240/1240/1240 1232/1232/1232 1231/1231/1231
f 1241/1241/1241 1035/1035/1035 1036/1036/1036
f 1241/1241/1241 1233/1233/1233 1035/1035/1035
f 1242/1242/1242 1234/1234/1234 1240/1240/1240
f 1243/1243/1243 1233/1233/1233 1241/1241/1241
f 1243/1243/1243 1235/1235/1235 1233/1233/1233
f 1244/1244/1244 1236/1236/1236 1234/1234/1234
f 1244/1244/1244 1082/1082/1082 1236/1236/1236
f 1244/1244/1244 1081/1081/1081 1082/1082/1082
f 1244/1244/1244 1234/1234/1234 1242/1242/1242
f 1245/1245/1245 1237/1237/1237 1235/1235/1235
f 1245/1245/1245 1235/1235/1235 1243/1243/1243
f 1246/1246/1246 1238/1238/1238 1237/1237/1237
f 1246/1246/1246 1237/1237/1237 1245/1245/1245
f 1247/1247/1247 1239/1239/1239 1238/1238/1238
f 1247/1247/1247 1238/1238/1238 1246/1246/1246
f 1248/1248/1248 1240/1240/1240 1239/1239/1239
f 1248/1248/1248 1239/1239/1239 1247/1247/1247
f 1249/1249/1249 1241/1241/1241 1036/1036/1036
f 1250/1250/1250 1242/1242/1242 1240/1240/1240
f 1250/1250/1250 1240/1240/1240 1248/1248/1248
f 1251/1251/1251 1243/1243/1243 1241/1241/1241
f 1251/1251/1251 1241/1241/1241 1249/1249/1249
f 1252/1252/1252 1242/1242/1242 1250/1250/1250
f 1252/1252/1252 1080/1080/1080 1081/1081/1081
f 1252/1252/1252 1081/1081/1081 1244/1244/1244
f 1252/1252/1252 1244/1244/1244 1242/1242/1242
f 1253/1253/1253 1245/1245/1245 1243/1243/1243
f 1253/1253/1253 1243/1243/1243 1251/1251/1251
f 1254/1254/1254 1245/1245/1245 1253/1253/1253
f 1254/1254/1254 1246/1246/1246 1245/1245/1245
f 1255/1255/1255 1246/1246/1246 1254/1254/1254
f 1255/1255/1255 1247/1247/1247 1246/1246/1246
f 1256/1256/1256 1247/1247/1247 1255/1255/1255
f 1256/1256/1256 1248/1248/1248 1247/1247/1247
f 1257/1257/1257 1036/1036/1036 1037/1037/1037
f 1257/1257/1257 1037/1037/1037 1038/1038/1038
f 1257/1257/1257 1249/1249/1249 1036/1036/1036
f 1258/1258/1258 1248/1248/1248 1256/1256/1256
f 1258/1258/1258 1250/1250/1250 1248/1248/1248
f 1259/1259/1259 1251/1251/1251 1249/1249/1249
f 1259/1259/1259 1249/1249/1249 1257/1257/1257
f 1260/1260/1260 1080/1080/1080 1252/1252/1252
f 1260/1260/1260 1250/1250/1250 1258/1258/1258
f 1260/1260/1260 1079/1079/1079 1080/1080/1080
f 1260/1260/1260 1252/1252/1252 1250/1250/1250
f 1261/1261/1261 1251/1251/1251 1259/1259/1259
f 1261/1261/1261 1253/1253/1253 1251/1251/1251
f 1262/1262/1262 1254/1254/1254 1253/1253/1253
f 1262/1262/1262 1255/1255/1255 1254/1254/1254
f 1262/1262/1262 1253/1253/1253 1261/1261/1261
f 1263/1263/1263 1255/1255/1255 1262/1262/1262
f 1263/1263/1263 1256/1256/1256 1255/1255/1255
f 1264/1264/1264 1256/1256/1256 1263/1263/1263
f 1265/1265/1265 1257/1257/1257 1038/1038/1038
f 1266/1266/1266 1256/1256/1256 1264/1264/1264
f 1266/1266/1266 1258/1258/1258 1256/1256/1256
f 1267/1267/1267 1259/1259/1259 1257/1257/1257
f 1267/1267/1267 1257/1257/1257 1265/1265/1265
f 1268/1268/1268 1260/1260/1260 1258/1258/1258
f 1268/1268/1268 1079/1079/1079 1260/1260/1260
f 1268/1268/1268 1258/1258/1258 1266/1266/1266
f 1268/1268/1268 1078/1078/1078 1079/1079/1079
f 1269/1269/1269 1261/1261/1261 1259/1259/1259
f 1269/1269/1269 1259/1259/1259 1267/1267/1267
f 1269/1269/1269 1262/1262/1262 1261/1261/1261
f 1270/1270/1270 1263/1263/1263 1262/1262/1262
f 1270/1270/1270 1262/1262/1262 1269/1269/1269
f 1271/1271/1271 1263/1263/1263 1270/1270/1270
f 1272/1272/1272 1263/1263/1263 1271/1271/1271
f 1272/1272/1272 1264/1264/1264 1263/1263/1263
f 1273/1273/1273 1038/1038/1038 1039/1039/1039
f 1273/1273/1273 1265/1265/1265 1038/1038/1038
f 1274/1274/1274 1266/1266/1266 1264/1264/1264
f 1274/1274/1274 1268/1268/1268 1266/1266/1266
f 1274/1274/1274 1264/1264/1264 1272/1272/1272
f 1275/1275/1275 1267/1267/1267 1265/1265/1265
f 1275/1275/1275 1265/1265/1265 1273/1273/1273
f 1276/1276/1276 1078/1078/1078 1268/1268/1268
f 1276/1276/1276 1077/1077/1077 1078/1078/1078
f 1276/1276/1276 1268/1268/1268 1274/1274/1274
f 1277/1277/1277 1269/1269/1269 1267/1267/1267
f 1277/1277/1277 1267/1267/1267 1275/1275/1275
f 1278/1278/1278 1270/1270/1270 1269/1269/1269
f 1278/1278/1278 1269/1269/1269 1277/1277/1277
f 1279/1279/1279 1271/1271/1271 1270/1270/1270
f 1279/1279/1279 1270/1270/1270 1278/1278/1278
f 1280/1280/1280 1272/1272/1272 1271/1271/1271
f 1280/1280/1280 1271/1271/1271 1279/1279/1279
f 1281/1281/1281 1039/1039/1039 1040/1040/1040
f 1281/1281/1281 1273/1273/1273 1039/1039/1039
f 1282/1282/1282 1274/1274/1274 1272/1272/1272
f 1282/1282/1282 1272/1272/1272 1280/1280/1280
f 1283/1283/1283 1275/1275/1275 1273/1273/1273
f 1283/1283/1283 1273/1273/1273 1281/1281/1281
f 1284/1284/1284 1076/1076/1076 1077/1077/1077
f 1284/1284/1284 1274/1274/1274 1282/1282/1282
f 1284/1284/1284 1077/1077/1077 1276/1276/1276
f 1284/1284/1284 1276/1276/1276 1274/1274/1274
f 1285/1285/1285 1275/1275/1275 1283/1283/1283
f 1285/1285/1285 1277/1277/1277 1275/1275/1275
f 1286/1286/1286 1277/1277/1277 1285/1285/1285
f 1286/1286/1286 1278/1278/1278 1277/1277/1277
f 1287/1287/1287 1278/1278/1278 1286/1286/1286
f 1287/1287/1287 1279/1279/1279 1278/1278/1278
f 1288/1288/1288 1279/1279/1279 1287/1287/1287
f 1288/1288/1288 1280/1280/1280 1279/1279/1279
f 1289/1289/1289 1040/1040/1040 1041/1041/1041
f 1289/1289/1289 1281/1281/1281 1040/1040/1040
f 1290/1290/1290 1280/1280/1280 1288/1288/1288
f 1290/1290/1290 1282/1282/1282 1280/1280/1280
f 1291/1291/1291 1283/1283/1283 1281/1281/1281
f 1291/1291/1291 1281/1281/1281 1289/1289/1289
f 1292/1292/1292 1284/1284/1284 1282/1282/1282
f 1292/1292/1292 1282/1282/1282 1290/1290/1290
f 1292/1292/1292 1075/1075/1075 1076/1076/1076
f 1292/1292/1292 1076/1076/1076 1284/1284/1284
f 1293/1293/1293 1283/1283/1283 1291/1291/1291
f 1293/1293/1293 1285/1285/1285 1283/1283/1283
f 1294/1294/1294 1287/1287/1287 1286/1286/1286
f 1294/1294/1294 1285/1285/1285 1293/1293/1293
f 1294/1294/1294 1286/1286/1286 1285/1285/1285
f 1295/1295/1295 1287/1287/1287 1294/1294/1294
f 1295/1295/1295 1288/1288/1288 1287/1287/1287
f 1296/1296/1296 1288/1288/1288 1295/1295/1295
f 1297/1297/1297 1289/1289/1289 1041/1041/1041
f 1297/1297/1297 1041/1041/1041 1042/1042/1042
f 1298/1298/1298 1290/1290/1290 1288/1288/1288
f 1298/1298/1298 1288/1288/1288 1296/1296/1296
f 1298/1298/1298 1292/1292/1292 1290/1290/1290
f 1299/1299/1299 1291/1291/1291 1289/1289/1289
f 1299/1299/1299 1289/1289/1289 1297/1297/1297
f 1300/1300/1300 1075/1075/1075 1292/1292/1292
f 1300/1300/1300 1292/1292/1292 1298/1298/1298
f 1300/1300/1300 1074/1074/1074 1075/1075/1075
f 1301/1301/1301 1293/1293/1293 1291/1291/1291
f 1301/1301/1301 1291/1291/1291 1299/1299/1299
f 1302/1302/1302 1294/1294/1294 1293/1293/1293
f 1302/1302/1302 1293/1293/1293 1301/1301/1301
f 1303/1303/1303 1295/1295/1295 1294/1294/1294
f 1303/1303/1303 1294/1294/1294 1302/1302/1302
f 1304/1304/1304 1296/1296/1296 1295/1295/1295
f 1304/1304/1304 1295/1295/1295 1303/1303/1303
f 1305/1305/1305 1297/1297/1297 1042/1042/1042
f 1305/1305/1305 1042/1042/1042 1043/1043/1043
f 1305/1305/1305 1299/1299/1299 1297/1297/1297
f 1306/1306/1306 1298/1298/1298 1296/1296/1296
f 1306/1306/1306 1296/1296/1296 1304/1304/1304
f 1307/1307/1307 1299/1299/1299 1305/1305/1305
f 1308/1308/1308 1300/1300/1300 1298/1298/1298
f 1308/1308/1308 1074/1074/1074 1300/1300/1300
f 1308/1308/1308 1073/1073/1073 1074/1074/1074
f 1308/1308/1308 1298/1298/1298 1306/1306/1306
f 1309/1309/1309 1301/1301/1301 1299/1299/1299
f 1309/1309/1309 1302/1302/1302 1301/1301/1301
f 1309/1309/1309 1299/1299/1299 1307/1307/1307
f 1310/1310/1310 1302/1302/1302 1309/1309/1309
f 1311/1311/1311 1303/1303/1303 1302/1302/1302
f 1311/1311/1311 1302/1302/1302 1310/1310/1310
f 1312/1312/1312 1304/1304/1304 1303/1303/1303
f 1312/1312/1312 1306/1306/1306 1304/1304/1304
f 1312/1312/1312 1303/1303/1303 1311/1311/1311
f 1313/1313/1313 1305/1305/1305 1043/1043/1043
f 1313/1313/1313 1043/1043/1043 1044/1044/1044
f 1313/1313/1313 1307/1307/1307 1305/1305/1305
f 1314/1314/1314 1306/1306/1306 1312/1312/1312
f 1315/1315/1315 1307/1307/1307 1313/1313/1313
f 1316/1316/1316 1072/1072/1072 1073/1073/1073
f 1316/1316/1316 1073/1073/1073 1308/1308/1308
f 1316/1316/1316 1308/1308/1308 1306/1306/1306
f 1316/1316/1316 1306/1306/1306 1314/1314/1314
f 1317/1317/1317 1309/1309/1309 1307/1307/1307
f 1317/1317/1317 1307/1307/1307 1315/1315/1315
f 1318/1318/1318 1309/1309/1309 1317/1317/1317
f 1318/1318/1318 1310/1310/1310 1309/1309/1309
f 1319/1319/1319 1310/1310/1310 1318/1318/1318
f 1319/1319/1319 1311/1311/1311 1310/1310/1310
f 1319/1319/1319 1312/1312/1312 1311/1311/1311
f 1320/1320/1320 1312/1312/1312 1319/1319/1319
f 1321/1321/1321 1044/1044/1044 1045/1045/1045
f 1321/1321/1321 1313/1313/1313 1044/1044/1044
f 1321/1321/1321 1315/1315/1315 1313/1313/1313
f 1322/1322/1322 1312/1312/1312 1320/1320/1320
f 1322/1322/1322 1314/1314/1314 1312/1312/1312
f 1323/1323/1323 1315/1315/1315 1321/1321/1321
f 1324/1324/1324 1314/1314/1314 1322/1322/1322
f 1324/1324/1324 1071/1071/1071 1072/1072/1072
f 1324/1324/1324 1072/1072/1072 1316/1316/1316
f 1324/1324/1324 1316/1316/1316 1314/1314/1314
f 1325/1325/1325 1317/1317/1317 1315/1315/1315
f 1325/1325/1325 1315/1315/1315 1323/1323/1323
f 1326/1326/1326 1318/1318/1318 1317/1317/1317
f 1326/1326/1326 1317/1317/1317 1325/1325/1325
f 1327/1327/1327 1319/1319/1319 1318/1318/1318
f 1327/1327/1327 1318/1318/1318 1326/1326/1326
f 1328/1328/1328 1322/1322/1322 1320/1320/1320
f 1328/1328/1328 1319/1319/1319 1327/1327/1327
f 1328/1328/1328 1320/1320/1320 1319/1319/1319
f 1329/1329/1329 1321/1321/1321 1045/1045/1045
f 1329/1329/1329 1045/1045/1045 1046/1046/1046
f 1330/1330/1330 1322/1322/1322 1328/1328/1328
f 1331/1331/1331 1323/1323/1323 1321/1321/1321
f 1331/1331/1331 1321/1321/1321 1329/1329/1329
f 1332/1332/1332 1324/1324/1324 1322/1322/1322
f 1332/1332/1332 1071/1071/1071 1324/1324/1324
f 1332/1332/1332 1322/1322/1322 1330/1330/1330
f 1332/1332/1332 1070/1070/1070 1071/1071/1071
f 1333/1333/1333 1325/1325/1325 1323/1323/1323
f 1333/1333/1333 1326/1326/1326 1325/1325/1325
f 1333/1333/1333 1323/1323/1323 1331/1331/1331
f 1334/1334/1334 1326/1326/1326 1333/1333/1333
f 1335/1335/1335 1327/1327/1327 1326/1326/1326
f 1335/1335/1335 1326/1326/1326 1334/1334/1334
f 1336/1336/1336 1328/1328/1328 1327/1327/1327
f 1336/1336/1336 1330/1330/1330 1328/1328/1328
f 1336/1336/1336 1327/1327/1327 1335/1335/1335
f 1337/1337/1337 1046/1046/1046 1047/1047/1047
f 1337/1337/1337 1329/1329/1329 1046/1046/1046
f 1338/1338/1338 1330/1330/1330 1336/1336/1336
f 1339/1339/1339 1329/1329/1329 1337/1337/1337
f 1339/1339/1339 1331/1331/1331 1329/1329/1329
f 1340/1340/1340 1330/1330/1330 1338/1338/1338
f 1340/1340/1340 1332/1332/1332 1330/1330/1330
f 1340/1340/1340 1070/1070/1070 1332/1332/1332
f 1340/1340/1340 1069/1069/1069 1070/1070/1070
f 1341/1341/1341 1333/1333/1333 1331/1331/1331
f 1341/1341/1341 1331/1331/1331 1339/1339/1339
f 1342/1342/1342 1334/1334/1334 1333/1333/1333
f 1342/1342/1342 1333/1333/1333 1341/1341/1341
f 1343/1343/1343 1335/1335/1335 1334/1334/1334
f 1343/1343/1343 1334/1334/1334 1342/1342/1342
f 1344/1344/1344 1335/1335/1335 1343/1343/1343
f 1344/1344/1344 1336/1336/1336 1335/1335/1335
f 1345/1345/1345 1047/1047/1047 1048/1048/1048
f 1345/1345/1345 1048/1048/1048 1049/1049/1049
f 1345/1345/1345 1337/1337/1337 1047/1047/1047
f 1346/1346/1346 1338/1338/1338 1336/1336/1336
f 1346/1346/1346 1336/1336/1336 1344/1344/1344
f 1347/1347/1347 1337/1337/1337 1345/1345/1345
f 1347/1347/1347 1339/1339/1339 1337/1337/1337
f 1348/1348/1348 1068/1068/1068 1069/1069/1069
f 1348/1348/1348 1340/1340/1340 1338/1338/1338
f 1348/1348/1348 1069/1069/1069 1340/1340/1340
f 1348/1348/1348 1338/1338/1338 1346/1346/1346
f 1349/1349/1349 1341/1341/1341 1339/1339/1339
f 1349/1349/1349 1339/1339/1339 1347/1347/1347
f 1350/1350/1350 1342/1342/1342 1341/1341/1341
f 1350/1350/1350 1341/1341/1341 1349/1349/1349
f 1351/1351/1351 1342/1342/1342 1350/1350/1350
f 1351/1351/1351 1343/1343/1343 1342/1342/1342
f 1352/1352/1352 1343/1343/1343 1351/1351/1351
f 1352/1352/1352 1344/1344/1344 1343/1343/1343
f 1352/1352/1352 1346/1346/1346 1344/1344/1344
f 1353/1353/1353 1347/1347/1347 1345/1345/1345
f 1353/1353/1353 1345/1345/1345 1049/1049/1049
f 1354/1354/1354 1346/1346/1346 1352/1352/1352
f 1355/1355/1355 1347/1347/1347 1353/1353/1353
f 1356/1356/1356 1346/1346/1346 1354/1354/1354
f 1356/1356/1356 1067/1067/1067 1068/1068/1068
f 1356/1356/1356 1068/1068/1068 1348/1348/1348
f 1356/1356/1356 1348/1348/1348 1346/1346/1346
f 1357/1357/1357 1347/1347/1347 1355/1355/1355
f 1357/1357/1357 1350/1350/1350 1349/1349/1349
f 1357/1357/1357 1349/1349/1349 1347/1347/1347
f 1358/1358/1358 1350/1350/1350 1357/1357/1357
f 1358/1358/1358 1351/1351/1351 1350/1350/1350
f 1359/1359/1359 1351/1351/1351 1358/1358/1358
f 1360/1360/1360 1352/1352/1352 1351/1351/1351
f 1360/1360/1360 1354/1354/1354 1352/1352/1352
f 1360/1360/1360 1351/1351/1351 1359/1359/1359
f 1361/1361/1361 1353/1353/1353 1049/1049/1049
f 1361/1361/1361 1355/1355/1355 1353/1353/1353
f 1361/1361/1361 1049/1049/1049 1050/1050/1050
f 1362/1362/1362 1354/1354/1354 1360/1360/1360
f 1363/1363/1363 1355/1355/1355 1361/1361/1361
f 1364/1364/1364 1356/1356/1356 1354/1354/1354
f 1364/1364/1364 1067/1067/1067 1356/1356/1356
f 1364/1364/1364 1354/1354/1354 1362/1362/1362
f 1364/1364/1364 1066/1066/1066 1067/1067/1067
f 1365/1365/1365 1357/1357/1357 1355/1355/1355
f 1365/1365/1365 1358/1358/1358 1357/1357/1357
f 1365/1365/1365 1355/1355/1355 1363/1363/1363
f 1366/1366/1366 1359/1359/1359 1358/1358/1358
f 1366/1366/1366 1358/1358/1358 1365/1365/1365
f 1367/1367/1367 1359/1359/1359 1366/1366/1366
f 1367/1367/1367 1360/1360/1360 1359/1359/1359
f 1368/1368/1368 1360/1360/1360 1367/1367/1367
f 1369/1369/1369 1361/1361/1361 1050/1050/1050
f 1369/1369/1369 1050/1050/1050 1051/1051/1051
f 1370/1370/1370 1362/1362/1362 1360/1360/1360
f 1370/1370/1370 1360/1360/1360 1368/1368/1368
f 1371/1371/1371 1363/1363/1363 1361/1361/1361
f 1371/1371/1371 1361/1361/1361 1369/1369/1369
f 1372/1372/1372 1364/1364/1364 1362/1362/1362
f 1372/1372/1372 1066/1066/1066 1364/1364/1364
f 1372/1372/1372 1065/1065/1065 1066/1066/1066
f 1372/1372/1372 1362/1362/1362 1370/1370/1370
f 1373/1373/1373 1365/1365/1365 1363/1363/1363
f 1373/1373/1373 1363/1363/1363 1371/1371/1371
f 1374/1374/1374 1366/1366/1366 1365/1365/1365
f 1374/1374/1374 1365/1365/1365 1373/1373/1373
f 1375/1375/1375 1367/1367/1367 1366/1366/1366
f 1375/1375/1375 1366/1366/1366 1374/1374/1374
f 1376/1376/1376 1368/1368/1368 1367/1367/1367
f 1376/1376/1376 1367/1367/1367 1375/1375/1375
f 1377/1377/1377 1051/1051/1051 1052/1052/1052
f 1377/1377/1377 1052/1052/1052 1053/1053/1053
f 1377/1377/1377 1053/1053/1053 1054/1054/1054
f 1377/1377/1377 1369/1369/1369 1051/1051/1051
f 1377/1377/1377 1371/1371/1371 1369/1369/1369
f 1378/1378/1378 1368/1368/1368 1376/1376/1376
f 1378/1378/1378 1370/1370/1370 1368/1368/1368
f 1379/1379/1379 1054/1054/1054 1055/1055/1055
f 1379/1379/1379 1371/1371/1371 1377/1377/1377
f 1379/1379/1379 1377/1377/1377 1054/1054/1054
f 1380/1380/1380 1064/1064/1064 1065/1065/1065
f 1380/1380/1380 1065/1065/1065 1372/1372/1372
f 1380/1380/1380 1372/1372/1372 1370/1370/1370
f 1380/1380/1380 1370/1370/1370 1378/1378/1378
f 1381/1381/1381 1055/1055/1055 1056/1056/1056
f 1381/1381/1381 1371/1371/1371 1379/1379/1379
f 1381/1381/1381 1373/1373/1373 1371/1371/1371
f 1381/1381/1381 1379/1379/1379 1055/1055/1055
f 1382/1382/1382 1056/1056/1056 1057/1057/1057
f 1382/1382/1382 1373/1373/1373 1381/1381/1381
f 1382/1382/1382 1374/1374/1374 1373/1373/1373
f 1382/1382/1382 1375/1375/1375 1374/1374/1374
f 1382/1382/1382 1381/1381/1381 1056/1056/1056
f 1383/1383/1383 1057/1057/1057 1058/1058/1058
f 1383/1383/1383 1382/1382/1382 1057/1057/1057
f 1383/1383/1383 1375/1375/1375 1382/1382/1382
f 1384/1384/1384 1058/1058/1058 1059/1059/1059
f 1384/1384/1384 1376/1376/1376 1375/1375/1375
f 1384/1384/1384 1378/1378/1378 1376/1376/1376
f 1384/1384/1384 1383/1383/1383 1058/1058/1058
f 1384/1384/1384 1375/1375/1375 1383/1383/1383
f 1385/1385/1385 1059/1059/1059 1060/1060/1060
f 1385/1385/1385 1384/1384/1384 1059/1059/1059
f 1385/1385/1385 1378/1378/1378 1384/1384/1384
f 1386/1386/1386 1378/1378/1378 1385/1385/1385
f 1386/1386/1386 1385/1385/1385 1060/1060/1060
f 1386/1386/1386 1060/1060/1060 1061/1061/1061
f 1386/1386/1386 1063/1063/1063 1064/1064/1064
f 1386/1386/1386 1061/1061/1061 1063/1063/1063
f 1386/1386/1386 1064/1064/1064 1380/1380/1380
f 1386/1386/1386 1380/1380/1380 1378/1378/1378
v 3.125000 3.250000 1.875000
v 3.136394 3.119764 1.875000
v 3.170231 2.993485 1.875000
v 3.225481 2.875000 1.875000
v 3.300467 2.767909 1.875000
v 3.392909 2.675467 1.875000
v 3.500000 2.600481 1.875000
v 3.618485 2.545231 1.875000
v 3.744764 2.511394 1.875000
v 3.875000 2.500000 1.875000
v 4.005236 2.511394 1.875000
v 4.131515 2.545231 1.875000
v 4.250000 2.600481 1.875000
v 4.357090 2.675467 1.875000
v 4.449533 2.767909 1.875000
v 4.524519 2.875000 1.875000
v 4.579770 2.993485 1.875000
v 4.613606 3.119764 1.875000
v 4.625000 3.250000 1.875000
v 4.625000 3.250000 1.875000
v 4.613606 3.380236 1.875000
v 4.579770 3.506515 1.875000
v 4.524519 3.625000 1.875000
v 4.449533 3.732091 1.875000
v 4.357090 3.824533 1.875000
v 4.250000 3.899519 1.875000
v 4.131515 3.954769 1.875000
v 4.005236 3.988606 1.875000
v 3.875000 4.000000 1.875000
v 3.744764 3.988606 1.875000
v 3.618485 3.954769 1.875000
v 3.500000 3.899519 1.875000
v 3.392909 3.824533 1.875000
v 3.300467 3.732091 1.875000
v 3.225481 3.625000 1.875000
v 3.170231 3.506515 1.875000
v 3.136394 3.380236 1.875000
v 4.625000 3.250000 1.599931
v 4.624487 3.277722 1.599931
v 4.624772 3.268484 1.599931
v 4.624943 3.259243 1.599931
v 4.580226 3.505257 1.349931
v 4.581012 3.503076 1.383459
v 4.583225 3.496810 1.415726
v 4.586632 3.486805 1.446459
v 4.591007 3.473234 1.475513
v 4.596051 3.456354 1.502373
v 4.601282 3.437088 1.526046
v 4.606476 3.415626 1.546795
v 4.611503 3.391645 1.564826
v 4.615943 3.366110 1.579210
v 4.619609 3.339653 1.589879
v 4.622479 3.311424 1.596983
v 4.623654 3.294755 1.599142
v 4.580226 3.505257 0.599931
v 4.624487 3.277722 0.349931
v 4.622846 3.306800 0.352123
v 4.620120 3.335263 0.358620
v 4.616528 3.362342 0.368862
v 4.612059 3.388720 0.383153
v 4.607046 3.413075 0.400936
v 4.601794 3.435091 0.421658
v 4.596450 3.454958 0.445545
v 4.591295 3.472307 0.472674
v 4.586824 3.486227 0.501967
v 4.583318 3.496543 0.533109
v 4.581035 3.503011 0.565885
v 4.625000 3.250000 0.349931
v 4.624943 3.259243 0.349931
v 4.624772 3.268484 0.349931
v 4.625000 3.250000 0.125000
v 3.125000 3.250000 0.125000
v 3.136394 3.380236 0.125000
v 3.170231 3.506515 0.125000
v 3.225481 3.625000 0.125000
v 3.300467 3.732091 0.125000
v 3.392909 3.824533 0.125000
v 3.500000 3.899519 0.125000
v 3.618485 3.954769 0.125000
v 3.744764 3.988606 0.125000
v 3.875000 4.000000 0.125000
v 4.005236 3.988606 0.125000
v 4.131515 3.954769 0.125000
v 4.250000 3.899519 0.125000
v 4.357090 3.824533 0.125000
v 4.449533 3.732091 0.125000
v 4.524519 3.625000 0.125000
v 4.579770 3.506515 0.125000
v 4.613606 3.380236 0.125000
v 4.625000 3.250000 0.125000
v 4.613606 3.119764 0.125000
v 4.579770 2.993485 0.125000
v 4.524519 2.875000 0.125000
v 4.449533 2.767909 0.125000
v 4.357090 2.675467 0.125000
v 4.250000 2.600481 0.125000
v 4.131515 2.545231 0.125000
v 4.005236 2.511394 0.125000
v 3.875000 2.500000 0.125000
v 3.744764 2.511394 0.125000
v 3.618485 2.545231 0.125000
v 3.500000 2.600481 0.125000
v 3.392909 2.675467 0.125000
v 3.300467 2.767909 0.125000
v 3.225481 2.875000 0.125000
v 3.170231 2.993485 0.125000
v 3.136394 3.119764 0.125000
v 4.625000 3.250000 0.349931
v 4.537703 2.898823 0.349931
v 4.585771 3.010617 0.349931
v 4.615128 3.128712 0.349931
v 4.273668 2.614733 0.599931
v 4.275281 2.615747 0.579497
v 4.279540 2.618456 0.559475
v 4.284045 2.621368 0.546174
v 4.292090 2.626678 0.528196
v 4.302228 2.633583 0.510431
v 4.318025 2.644836 0.488203
v 4.336680 2.658957 0.466600
v 4.362672 2.680216 0.441284
v 4.392340 2.707014 0.416845
v 4.421569 2.736450 0.396212
v 4.449338 2.767692 0.379406
v 4.476347 2.801823 0.365858
v 4.502274 2.838890 0.356006
v 4.520984 2.868981 0.351472
v 4.273668 2.614733 1.349931
v 4.537703 2.898823 1.599931
v 4.505632 2.844070 1.594848
v 4.468274 2.791199 1.580263
v 4.429340 2.744833 1.558635
v 4.387173 2.702138 1.529035
v 4.344844 2.665410 1.491746
v 4.315277 2.642835 1.458105
v 4.295462 2.628946 1.428048
v 4.283280 2.620869 1.401718
v 4.278995 2.618107 1.388339
v 4.275120 2.615645 1.369190
v 4.625000 3.250000 1.599931
v 4.615128 3.128712 1.599931
v 4.585771 3.010617 1.599931
vn -1.000000 -0.000000 0.000000
vn -0.984808 -0.173648 0.000000
vn -0.939693 -0.342020 0.000000
vn -0.866025 -0.500000 0.000000
vn -0.766044 -0.642788 0.000000
vn -0.642788 -0.766044 0.000000
vn -0.500000 -0.866025 0.000000
vn -0.342020 -0.939693 0.000000
vn -0.173648 -0.984808 0.000000
vn 0.000000 -1.000000 0.000000
vn 0.173648 -0.984808 0.000000
vn 0.342020 -0.939693 0.000000
vn 0.500000 -0.866025 0.000000
vn 0.642788 -0.766044 0.000000
vn 0.766044 -0.642788 0.000000
vn 0.866025 -0.500000 0.000000
vn 0.939693 -0.342020 0.000000
vn 0.984808 -0.173648 0.000000
vn 1.000000 0.000000 -0.000000
vn 1.000000 0.000000 -0.000000
vn 0.984808 0.173648 -0.000000
vn 0.939693 0.342020 -0.000000
vn 0.866025 0.500000 -0.000000
vn 0.766044 0.642788 -0.000000
vn 0.642788 0.766044 -0.000000
vn 0.500000 0.866025 -0.000000
vn 0.342020 0.939693 -0.000000
vn 0.173648 0.984808 -0.000000
vn -0.000000 1.000000 0.000000
vn -0.173648 0.984808 0.000000
vn -0.342020 0.939693 0.000000
vn -0.500000 0.866025 0.000000
vn -0.642788 0.766044 0.000000
vn -0.766044 0.642788 0.000000
vn -0.866025 0.500000 0.000000
vn -0.939693 0.342020 0.000000
vn -0.984808 0.173648 0.000000
vn 1.000000 0.000000 -0.000000
vn 0.999317 0.036962 -0.000000
vn 0.999696 0.024645 -0.000000
vn 0.999924 0.012323 -0.000000
vn 0.940301 0.340343 -0.000000
vn 0.941350 0.337432 -0.000000
vn 0.944302 0.329081 -0.000000
vn 0.948845 0.315742 -0.000000
vn 0.954684 0.297621 -0.000000
vn 0.961403 0.275142 -0.000000
vn 0.968386 0.249455 -0.000000
vn 0.975310 0.220842 -0.000000
vn 0.982002 0.188873 -0.000000
vn 0.987943 0.154819 -0.000000
vn 0.992830 0.119539 -0.000000
vn 0.996639 0.081924 -0.000000
vn 0.998218 0.059679 -0.000000
vn 0.940301 0.340343 -0.000000
vn 0.999317 0.036962 -0.000000
vn 0.997132 0.075684 -0.000000
vn 0.993517 0.113685 -0.000000
vn 0.988718 0.149792 -0.000000
vn 0.982753 0.184923 -0.000000
vn 0.976074 0.217440 -0.000000
vn 0.969069 0.246790 -0.000000
vn 0.961929 0.273298 -0.000000
vn 0.955066 0.296392 -0.000000
vn 0.949102 0.314970 -0.000000
vn 0.944426 0.328725 -0.000000
vn 0.941381 0.337345 -0.000000
vn 1.000000 0.000000 -0.000000
vn 0.999924 0.012323 -0.000000
vn 0.999696 0.024645 -0.000000
vn 1.000000 0.000000 -0.000000
vn -1.000000 -0.000000 0.000000
vn -0.984808 0.173648 0.000000
vn -0.939693 0.342020 0.000000
vn -0.866025 0.500000 0.000000
vn -0.766044 0.642788 0.000000
vn -0.642788 0.766044 0.000000
vn -0.500000 0.866025 0.000000
vn -0.342020 0.939693 0.000000
vn -0.173648 0.984808 0.000000
vn -0.000000 1.000000 0.000000
vn 0.173648 0.984808 -0.000000
vn 0.342020 0.939693 -0.000000
vn 0.500000 0.866025 -0.000000
vn 0.642788 0.766044 -0.000000
vn 0.766044 0.642788 -0.000000
vn 0.866025 0.500000 -0.000000
vn 0.939693 0.342020 -0.000000
vn 0.984808 0.173648 -0.000000
vn 1.000000 0.000000 -0.000000
vn 0.984808 -0.173648 0.000000
vn 0.939693 -0.342020 0.000000
vn 0.866025 -0.500000 0.000000
vn 0.766044 -0.642788 0.000000
vn 0.642788 -0.766044 0.000000
vn 0.500000 -0.866025 0.000000
vn 0.342020 -0.939693 0.000000
vn 0.173648 -0.984808 0.000000
vn 0.000000 -1.000000 0.000000
vn -0.173648 -0.984808 0.000000
vn -0.342020 -0.939693 0.000000
vn -0.500000 -0.866025 0.000000
vn -0.642788 -0.766044 0.000000
vn -0.766044 -0.642788 0.000000
vn -0.866025 -0.500000 0.000000
vn -0.939693 -0.342020 0.000000
vn -0.984808 -0.173648 0.000000
vn 1.000000 0.000000 -0.000000
vn 0.883604 -0.468236 0.000000
vn 0.947695 -0.319178 0.000000
vn 0.986837 -0.161718 0.000000
vn 0.531558 -0.847022 0.000000
vn 0.533706 -0.845670 0.000000
vn 0.539378 -0.842064 0.000000
vn 0.545392 -0.838181 0.000000
vn 0.556120 -0.831102 0.000000
vn 0.569647 -0.821890 0.000000
vn 0.590677 -0.806908 0.000000
vn 0.615589 -0.788067 0.000000
vn 0.650236 -0.759732 0.000000
vn 0.689801 -0.724000 0.000000
vn 0.728779 -0.684749 0.000000
vn 0.765796 -0.643084 0.000000
vn 0.801810 -0.597579 0.000000
vn 0.836377 -0.548154 0.000000
vn 0.861334 -0.508039 0.000000
vn 0.531558 -0.847022 0.000000
vn 0.883604 -0.468236 0.000000
vn 0.840861 -0.541251 0.000000
vn 0.791052 -0.611749 0.000000
vn 0.739124 -0.673570 0.000000
vn 0.682914 -0.730499 0.000000
vn 0.626448 -0.779463 0.000000
vn 0.587043 -0.809556 0.000000
vn 0.560616 -0.828076 0.000000
vn 0.544380 -0.838839 0.000000
vn 0.538656 -0.842526 0.000000
vn 0.533490 -0.845806 0.000000
vn 1.000000 0.000000 -0.000000
vn 0.986837 -0.161718 0.000000
vn 0.947695 -0.319178 0.000000
vt 3.141593 1.875000
vt 3.316126 1.875000
vt 3.490659 1.875000
vt 3.665191 1.875000
vt 3.839724 1.875000
vt 4.014257 1.875000
vt 4.188790 1.875000
vt 4.363323 1.875000
vt 4.537856 1.875000
vt 4.712389 1.875000
vt 4.886922 1.875000
vt 5.061455 1.875000
vt 5.235988 1.875000
vt 5.410521 1.875000
vt 5.585053 1.875000
vt 5.759586 1.875000
vt 5.934119 1.875000
vt 6.108653 1.875000
vt 6.283185 1.875000
vt 0.000000 1.875000
vt 0.174533 1.875000
vt 0.349066 1.875000
vt 0.523599 1.875000
vt 0.698132 1.875000
vt 0.872665 1.875000
vt 1.047198 1.875000
vt 1.221730 1.875000
vt 1.396263 1.875000
vt 1.570796 1.875000
vt 1.745329 1.875000
vt 1.919862 1.875000
vt 2.094395 1.875000
vt 2.268928 1.875000
vt 2.443461 1.875000
vt 2.617994 1.875000
vt 2.792527 1.875000
vt 2.967060 1.875000
vt 0.000000 1.599931
vt 0.036971 1.599931
vt 0.024647 1.599931
vt 0.012324 1.599931
vt 0.347281 1.349931
vt 0.344187 1.383471
vt 0.335330 1.415726
vt 0.321239 1.446456
vt 0.302200 1.475549
vt 0.278738 1.502370
vt 0.252117 1.526045
vt 0.222677 1.546792
vt 0.190014 1.564820
vt 0.155444 1.579210
vt 0.119826 1.589880
vt 0.082016 1.596980
vt 0.059714 1.599141
vt 0.347281 0.599931
vt 0.036971 0.349931
vt 0.075756 0.352117
vt 0.113931 0.358620
vt 0.150358 0.368862
vt 0.185994 0.383135
vt 0.219191 0.400938
vt 0.249367 0.421658
vt 0.276820 0.445565
vt 0.300913 0.472650
vt 0.320425 0.501967
vt 0.334953 0.533108
vt 0.344095 0.565874
vt 0.000000 0.349931
vt 0.012324 0.349931
vt 0.024647 0.349931
vt 0.000000 0.125000
vt 3.141593 0.125000
vt 2.967060 0.125000
vt 2.792527 0.125000
vt 2.617994 0.125000
vt 2.443461 0.125000
vt 2.268928 0.125000
vt 2.094395 0.125000
vt 1.919862 0.125000
vt 1.745329 0.125000
vt 1.570796 0.125000
vt 1.396263 0.125000
vt 1.221730 0.125000
vt 1.047198 0.125000
vt 0.872665 0.125000
vt 0.698132 0.125000
vt 0.523599 0.125000
vt 0.349066 0.125000
vt 0.174533 0.125000
vt 6.283185 0.125000
vt 6.108653 0.125000
vt 5.934119 0.125000
vt 5.759586 0.125000
vt 5.585053 0.125000
vt 5.410521 0.125000
vt 5.235988 0.125000
vt 5.061455 0.125000
vt 4.886922 0.125000
vt 4.712389 0.125000
vt 4.537856 0.125000
vt 4.363323 0.125000
vt 4.188790 0.125000
vt 4.014257 0.125000
vt 3.839724 0.125000
vt 3.665191 0.125000
vt 3.490659 0.125000
vt 3.316126 0.125000
vt 6.283185 0.349931
vt 5.795892 0.349931
vt 5.958323 0.349931
vt 6.120754 0.349931
vt 5.272827 0.599931
vt 5.275365 0.579501
vt 5.282088 0.559503
vt 5.289246 0.546178
vt 5.302098 0.528200
vt 5.318465 0.510424
vt 5.344287 0.488227
vt 5.375523 0.466596
vt 5.420284 0.441288
vt 5.473602 0.416846
vt 5.528926 0.396211
vt 5.584667 0.379405
vt 5.642706 0.365858
vt 5.703029 0.356006
vt 5.750279 0.351472
vt 5.272827 1.349931
vt 5.795892 1.599931
vt 5.711261 1.594848
vt 5.624916 1.580263
vt 5.544158 1.558632
vt 5.464133 1.529035
vt 5.389377 1.491737
vt 5.339790 1.458108
vt 5.307518 1.428047
vt 5.288039 1.401735
vt 5.281230 1.388327
vt 5.275111 1.369185
vt 6.283185 1.599931
vt 6.120754 1.599931
vt 5.958323 1.599931
f 1455/1455/1455 1454/1454/1454 1457/1457/1457
f 1456/1456/1456 1455/1455/1455 1457/1457/1457
f 1442/1442/1442 1456/1456/1456 1457/1457/1457
f 1443/1443/1443 1442/1442/1442 1457/1457/1457
f 1475/1475/1475 1443/1443/1443 1457/1457/1457
f 1475/1475/1475 1444/1444/1444 1443/1443/1443
f 1445/1445/1445 1444/1444/1444 1475/1475/1475
f 1446/1446/1446 1445/1445/1445 1475/1475/1475
f 1447/1447/1447 1446/1446/1446 1475/1475/1475
f 1448/1448/1448 1447/1447/1447 1475/1475/1475
f 1406/1406/1406 1426/1426/1426 1425/1425/1425
f 1406/1406/1406 1427/1427/1427 1426/1426/1426
f 1406/1406/1406 1424/1424/1424 1427/1427/1427
f 1474/1474/1474 1449/1449/1449 1448/1448/1448
f 1474/1474/1474 1448/1448/1448 1475/1475/1475
f 1440/1440/1440 1406/1406/1406 1425/1425/1425
f 1450/1450/1450 1449/1449/1449 1474/1474/1474
f 1439/1439/1439 1406/1406/1406 1440/1440/1440
f 1451/1451/1451 1450/1450/1450 1474/1474/1474
f 1452/1452/1452 1451/1451/1451 1474/1474/1474
f 1453/1453/1453 1452/1452/1452 1474/1474/1474
f 1441/1441/1441 1453/1453/1453 1474/1474/1474
f 1407/1407/1407 1436/1436/1436 1435/1435/1435
f 1407/1407/1407 1437/1437/1437 1436/1436/1436
f 1407/1407/1407 1438/1438/1438 1437/1437/1437
f 1407/1407/1407 1439/1439/1439 1438/1438/1438
f 1407/1407/1407 1406/1406/1406 1439/1439/1439
f 1473/1473/1473 1441/1441/1441 1474/1474/1474
f 1434/1434/1434 1407/1407/1407 1435/1435/1435
f 1428/1428/1428 1441/1441/1441 1473/1473/1473
f 1408/1408/1408 1430/1430/1430 1429/1429/1429
f 1408/1408/1408 1431/1431/1431 1430/1430/1430
f 1408/1408/1408 1432/1432/1432 1431/1431/1431
f 1408/1408/1408 1433/1433/1433 1432/1432/1432
f 1408/1408/1408 1434/1434/1434 1433/1433/1433
f 1408/1408/1408 1407/1407/1407 1434/1434/1434
f 1409/1409/1409 1428/1428/1428 1473/1473/1473
f 1409/1409/1409 1408/1408/1408 1429/1429/1429
f 1409/1409/1409 1429/1429/1429 1428/1428/1428
f 1410/1410/1410 1409/1409/1409 1473/1473/1473
f 1410/1410/1410 1473/1473/1473 1472/1472/1472
f 1411/1411/1411 1410/1410/1410 1472/1472/1472
f 1411/1411/1411 1472/1472/1472 1471/1471/1471
f 1412/1412/1412 1411/1411/1411 1471/1471/1471
f 1412/1412/1412 1470/1470/1470 1469/1469/1469
f 1412/1412/1412 1471/1471/1471 1470/1470/1470
f 1413/1413/1413 1412/1412/1412 1469/1469/1469
f 1413/1413/1413 1469/1469/1469 1468/1468/1468
f 1414/1414/1414 1413/1413/1413 1468/1468/1468
f 1415/1415/1415 1414/1414/1414 1468/1468/1468
f 1415/1415/1415 1467/1467/1467 1466/1466/1466
f 1415/1415/1415 1468/1468/1468 1467/1467/1467
f 1416/1416/1416 1415/1415/1415 1466/1466/1466
f 1416/1416/1416 1466/1466/1466 1465/1465/1465
f 1417/1417/1417 1416/1416/1416 1465/1465/1465
f 1417/1417/1417 1465/1465/1465 1464/1464/1464
f 1418/1418/1418 1417/1417/1417 1464/1464/1464
f 1418/1418/1418 1464/1464/1464 1463/1463/1463
f 1419/1419/1419 1418/1418/1418 1463/1463/1463
f 1419/1419/1419 1463/1463/1463 1462/1462/1462
f 1420/1420/1420 1419/1419/1419 1462/1462/1462
f 1420/1420/1420 1462/1462/1462 1461/1461/1461
f 1421/1421/1421 1420/1420/1420 1461/1461/1461
f 1422/1422/1422 1461/1461/1461 1460/1460/1460
f 1422/1422/1422 1421/1421/1421 1461/1461/1461
f 1423/1423/1423 1460/1460/1460 1459/1459/1459
f 1423/1423/1423 1422/1422/1422 1460/1460/1460
f 1387/1387/1387 1459/1459/1459 1458/1458/1458
f 1387/1387/1387 1423/1423/1423 1459/1459/1459
f 1388/1388/1388 1458/1458/1458 1493/1493/1493
f 1388/1388/1388 1387/1387/1387 1458/1458/1458
f 1389/1389/1389 1493/1493/1493 1492/1492/1492
f 1389/1389/1389 1388/1388/1388 1493/1493/1493
f 1390/1390/1390 1491/1491/1491 1490/1490/1490
f 1390/1390/1390 1492/1492/1492 1491/1491/1491
f 1390/1390/1390 1389/1389/1389 1492/1492/1492
f 1391/1391/1391 1490/1490/1490 1489/1489/1489
f 1391/1391/1391 1390/1390/1390 1490/1490/1490
f 1392/1392/1392 1489/1489/1489 1488/1488/1488
f 1392/1392/1392 1391/1391/1391 1489/1489/1489
f 1393/1393/1393 1392/1392/1392 1488/1488/1488
f 1393/1393/1393 1488/1488/1488 1487/1487/1487
f 1394/1394/1394 1393/1393/1393 1487/1487/1487
f 1394/1394/1394 1487/1487/1487 1486/1486/1486
f 1395/1395/1395 1394/1394/1394 1486/1486/1486
f 1395/1395/1395 1486/1486/1486 1485/1485/1485
f 1396/1396/1396 1395/1395/1395 1485/1485/1485
f 1397/1397/1397 1396/1396/1396 1485/1485/1485
f 1397/1397/1397 1484/1484/1484 1483/1483/1483
f 1397/1397/1397 1485/1485/1485 1484/1484/1484
f 1498/1498/1498 1482/1482/1482 1499/1499/1499
f 1498/1498/1498 1483/1483/1483 1482/1482/1482
f 1500/1500/1500 1499/1499/1499 1482/1482/1482
f 1501/1501/1501 1500/1500/1500 1482/1482/1482
f 1502/1502/1502 1501/1501/1501 1482/1482/1482
f 1503/1503/1503 1502/1502/1502 1482/1482/1482
f 1398/1398/1398 1397/1397/1397 1483/1483/1483
f 1504/1504/1504 1503/1503/1503 1482/1482/1482
f 1504/1504/1504 1482/1482/1482 1481/1481/1481
f 1505/1505/1505 1504/1504/1504 1481/1481/1481
f 1506/1506/1506 1505/1505/1505 1481/1481/1481
f 1513/1513/1513 1483/1483/1483 1498/1498/1498
f 1513/1513/1513 1398/1398/1398 1483/1483/1483
f 1507/1507/1507 1506/1506/1506 1481/1481/1481
f 1508/1508/1508 1507/1507/1507 1481/1481/1481
f 1480/1480/1480 1508/1508/1508 1481/1481/1481
f 1399/1399/1399 1522/1522/1522 1521/1521/1521
f 1399/1399/1399 1523/1523/1523 1522/1522/1522
f 1399/1399/1399 1524/1524/1524 1523/1523/1523
f 1399/1399/1399 1513/1513/1513 1524/1524/1524
f 1399/1399/1399 1398/1398/1398 1513/1513/1513
f 1520/1520/1520 1399/1399/1399 1521/1521/1521
f 1509/1509/1509 1508/1508/1508 1480/1480/1480
f 1510/1510/1510 1509/1509/1509 1480/1480/1480
f 1511/1511/1511 1510/1510/1510 1480/1480/1480
f 1400/1400/1400 1519/1519/1519 1518/1518/1518
f 1400/1400/1400 1520/1520/1520 1519/1519/1519
f 1400/1400/1400 1399/1399/1399 1520/1520/1520
f 1479/1479/1479 1511/1511/1511 1480/1480/1480
f 1512/1512/1512 1511/1511/1511 1479/1479/1479
f 1495/1495/1495 1512/1512/1512 1479/1479/1479
f 1401/1401/1401 1517/1517/1517 1516/1516/1516
f 1401/1401/1401 1518/1518/1518 1517/1517/1517
f 1401/1401/1401 1400/1400/1400 1518/1518/1518
f 1478/1478/1478 1495/1495/1495 1479/1479/1479
f 1496/1496/1496 1495/1495/1495 1478/1478/1478
f 1515/1515/1515 1401/1401/1401 1516/1516/1516
f 1477/1477/1477 1496/1496/1496 1478/1478/1478
f 1402/1402/1402 1401/1401/1401 1515/1515/1515
f 1402/1402/1402 1515/1515/1515 1514/1514/1514
f 1497/1497/1497 1496/1496/1496 1477/1477/1477
f 1403/1403/1403 1402/1402/1402 1514/1514/1514
f 1403/1403/1403 1514/1514/1514 1527/1527/1527
f 1476/1476/1476 1497/1497/1497 1477/1477/1477
f 1494/1494/1494 1497/1497/1497 1476/1476/1476
f 1404/1404/1404 1403/1403/1403 1527/1527/1527
f 1404/1404/1404 1527/1527/1527 1526/1526/1526
f 1405/1405/1405 1404/1404/1404 1526/1526/1526
f 1405/1405/1405 1526/1526/1526 1525/1525/1525
v 3.250000 3.250000 0.000000
v 3.259495 3.141470 0.000000
v 3.287692 3.036237 0.000000
v 3.333734 2.937500 0.000000
v 3.396222 2.848258 0.000000
v 3.473258 2.771222 0.000000
v 3.562500 2.708734 0.000000
v 3.661237 2.662692 0.000000
v 3.766470 2.634495 0.000000
v 3.875000 2.625000 0.000000
v 3.983530 2.634495 0.000000
v 4.088763 2.662692 0.000000
v 4.187500 2.708734 0.000000
v 4.276742 2.771222 0.000000
v 4.353778 2.848258 0.000000
v 4.416266 2.937500 0.000000
v 4.462308 3.036237 0.000000
v 4.490505 3.141470 0.000000
v 4.500000 3.250000 0.000000
v 4.490505 3.358530 0.000000
v 4.462308 3.463763 0.000000
v 4.416266 3.562500 0.000000
v 4.353778 3.651742 0.000000
v 4.276742 3.728778 0.000000
v 4.187500 3.791266 0.000000
v 4.088763 3.837308 0.000000
v 3.983530 3.865505 0.000000
v 3.875000 3.875000 0.000000
v 3.766470 3.865505 0.000000
v 3.661237 3.837308 0.000000
v 3.562500 3.791266 0.000000
v 3.473258 3.728778 0.000000
v 3.396222 3.651742 0.000000
v 3.333734 3.562500 0.000000
v 3.287692 3.463763 0.000000
v 3.259495 3.358530 0.000000
v 4.392234 3.250000 0.000000
v 4.384377 3.339817 0.000000
v 4.361041 3.426904 0.000000
v 4.322938 3.508617 0.000000
v 4.271224 3.582472 0.000000
v 4.207472 3.646224 0.000000
v 4.133617 3.697938 0.000000
v 4.051905 3.736041 0.000000
v 3.964817 3.759376 0.000000
v 3.875000 3.767234 0.000000
v 3.785183 3.759376 0.000000
v 3.698096 3.736041 0.000000
v 3.616383 3.697938 0.000000
v 3.542528 3.646224 0.000000
v 3.478776 3.582472 0.000000
v 3.427062 3.508617 0.000000
v 3.388959 3.426904 0.000000
v 3.365624 3.339817 0.000000
v 3.357766 3.250000 0.000000
v 3.365624 3.160183 0.000000
v 3.388959 3.073096 0.000000
v 3.427062 2.991383 0.000000
v 3.478776 2.917528 0.000000
v 3.542528 2.853776 0.000000
v 3.616383 2.802062 0.000000
v 3.698096 2.763959 0.000000
v 3.785183 2.740624 0.000000
v 3.875000 2.732766 0.000000
v 3.964817 2.740624 0.000000
v 4.051905 2.763959 0.000000
v 4.133617 2.802062 0.000000
v 4.207472 2.853776 0.000000
v 4.271224 2.917528 0.000000
v 4.322938 2.991383 0.000000
v 4.361041 3.073096 0.000000
v 4.384377 3.160183 0.000000
vn -0.000000 -0.000000 -1.000000
vn -0.000000 -0.000000 -1.000000
vn -0.000000 -0.000000 -1.000000
vn -0.000000 -0.000000 -1.000000
vn -0.000000 -0.000000 -1.000000
vn -0.000000 -0.000000 -1.000000
vn -0.000000 -0.000000 -1.000000
vn -0.000000 -0.000000 -1.000000
vn -0.000000 -0.000000 -1.000000
vn -0.000000 -0.000000 -1.000000
vn -0.000000 -0.000000 -1.000000
vn -0.000000 -0.000000 -1.000000
vn -0.000000 -0.000000 -1.000000
vn -0.000000 -0.000000 -1.000000
vn -0.000000 -0.000000 -1.000000
vn -0.000000 -0.000000 -1.000000
vn -0.000000 -0.000000 -1.000000
vn -0.000000 -0.000000 -1.000000
vn -0.000000 -0.000000 -1.000000
vn -0.000000 -0.000000 -1.000000
vn -0.000000 -0.000000 -1.000000
vn -0.000000 -0.000000 -1.000000
vn -0.000000 -0.000000 -1.000000
vn -0.000000 -0.000000 -1.000000
vn -0.000000 -0.000000 -1.000000
vn -0.000000 -0.000000 -1.000000
vn -0.000000 -0.000000 -1.000000
vn -0.000000 -0.000000 -1.000000
vn -0.000000 -0.000000 -1.000000
vn -0.000000 -0.000000 -1.000000
vn -0.000000 -0.000000 -1.000000
vn -0.000000 -0.000000 -1.000000
vn -0.000000 -0.000000 -1.000000
vn -0.000000 -0.000000 -1.000000
vn -0.000000 -0.000000 -1.000000
vn -0.000000 -0.000000 -1.000000
vn -0.000000 -0.000000 -1.000000
vn -0.000000 -0.000000 -1.000000
vn -0.000000 -0.000000 -1.000000
vn -0.000000 -0.000000 -1.000000
vn -0.000000 -0.000000 -1.000000
vn -0.000000 -0.000000 -1.000000
vn -0.000000 -0.000000 -1.000000
vn -0.000000 -0.000000 -1.000000
vn -0.000000 -0.000000 -1.000000
vn -0.000000 -0.000000 -1.000000
vn -0.000000 -0.000000 -1.000000
vn -0.000000 -0.000000 -1.000000
vn -0.000000 -0.000000 -1.000000
vn -0.000000 -0.000000 -1.000000
vn -0.000000 -0.000000 -1.000000
vn -0.000000 -0.000000 -1.000000
vn -0.000000 -0.000000 -1.000000
vn -0.000000 -0.000000 -1.000000
vn -0.000000 -0.000000 -1.000000
vn -0.000000 -0.000000 -1.000000
vn -0.000000 -0.000000 -1.000000
vn -0.000000 -0.000000 -1.000000
vn -0.000000 -0.000000 -1.000000
vn -0.000000 -0.000000 -1.000000
vn -0.000000 -0.000000 -1.000000
vn -0.000000 -0.000000 -1.000000
vn -0.000000 -0.000000 -1.000000
vn -0.000000 -0.000000 -1.000000
vn -0.000000 -0.000000 -1.000000
vn -0.000000 -0.000000 -1.000000
vn -0.000000 -0.000000 -1.000000
vn -0.000000 -0.000000 -1.000000
vn -0.000000 -0.000000 -1.000000
vn -0.000000 -0.000000 -1.000000
vn -0.000000 -0.000000 -1.000000
vn -0.000000 -0.000000 -1.000000
vt -0.625000 0.000000
vt -0.615505 -0.108530
vt -0.587308 -0.213763
vt -0.541266 -0.312500
vt -0.478778 -0.401742
vt -0.401742 -0.478778
vt -0.312500 -0.541266
vt -0.213763 -0.587308
vt -0.108530 -0.615505
vt -0.000000 -0.625000
vt 0.108530 -0.615505
vt 0.213763 -0.587308
vt 0.312500 -0.541266
vt 0.401742 -0.478778
vt 0.478778 -0.401742
vt 0.541266 -0.312500
vt 0.587308 -0.213763
vt 0.615505 -0.108530
vt 0.625000 -0.000000
vt 0.615505 0.108530
vt 0.587308 0.213763
vt 0.541266 0.312500
vt 0.478778 0.401742
vt 0.401742 0.478778
vt 0.312500 0.541266
vt 0.213763 0.587308
vt 0.108530 0.615505
vt 0.000000 0.625000
vt -0.108530 0.615505
vt -0.213763 0.587308
vt -0.312500 0.541266
vt -0.401742 0.478778
vt -0.478778 0.401742
vt -0.541266 0.312500
vt -0.587308 0.213763
vt -0.615505 0.108530
vt 0.517234 -0.000000
vt 0.509376 0.089817
vt 0.486041 0.176905
vt 0.447938 0.258617
vt 0.396224 0.332472
vt 0.332472 0.396224
vt 0.258617 0.447938
vt 0.176905 0.486041
vt 0.089817 0.509376
vt 0.000000 0.517234
vt -0.089817 0.509376
vt -0.176905 0.486041
vt -0.258617 0.447938
vt -0.332472 0.396224
vt -0.396224 0.332472
vt -0.447938 0.258617
vt -0.486041 0.176905
vt -0.509376 0.089817
vt -0.517234 0.000000
vt -0.509376 -0.089817
vt -0.486041 -0.176905
vt -0.447938 -0.258617
vt -0.396224 -0.332472
vt -0.332472 -0.396224
vt -0.258617 -0.447938
vt -0.176905 -0.486041
vt -0.089817 -0.509376
vt -0.000000 -0.517234
vt 0.089817 -0.509376
vt 0.176905 -0.486041
vt 0.258617 -0.447938
vt 0.332472 -0.396224
vt 0.396224 -0.332472
vt 0.447938 -0.258617
vt 0.486041 -0.176905
vt 0.509376 -0.089817
f 1587/1587/1587 1533/1533/1533 1532/1532/1532
f 1586/1586/1586 1532/1532/1532 1531/1531/1531
f 1586/1586/1586 1587/1587/1587 1532/1532/1532
f 1588/1588/1588 1534/1534/1534 1533/1533/1533
f 1588/1588/1588 1533/1533/1533 1587/1587/1587
f 1585/1585/1585 1531/1531/1531 1530/1530/1530
f 1585/1585/1585 1586/1586/1586 1531/1531/1531
f 1589/1589/1589 1535/1535/1535 1534/1534/1534
f 1589/1589/1589 1534/1534/1534 1588/1588/1588
f 1584/1584/1584 1530/1530/1530 1529/1529/1529
f 1584/1584/1584 1585/1585/1585 1530/1530/1530
f 1590/1590/1590 1536/1536/1536 1535/1535/1535
f 1590/1590/1590 1535/1535/1535 1589/1589/1589
f 1583/1583/1583 1584/1584/1584 1529/1529/1529
f 1583/1583/1583 1529/1529/1529 1528/1528/1528
f 1591/1591/1591 1536/1536/1536 1590/1590/1590
f 1591/1591/1591 1537/1537/1537 1536/1536/1536
f 1582/1582/1582 1583/1583/1583 1528/1528/1528
f 1563/1563/1563 1582/1582/1582 1528/1528/1528
f 1592/1592/1592 1537/1537/1537 1591/1591/1591
f 1592/1592/1592 1538/1538/1538 1537/1537/1537
f 1581/1581/1581 1582/1582/1582 1563/1563/1563
f 1593/1593/1593 1539/1539/1539 1538/1538/1538
f 1593/1593/1593 1538/1538/1538 1592/1592/1592
f 1580/1580/1580 1581/1581/1581 1563/1563/1563
f 1580/1580/1580 1563/1563/1563 1562/1562/1562
f 1561/1561/1561 1580/1580/1580 1562/1562/1562
f 1594/1594/1594 1540/1540/1540 1539/1539/1539
f 1594/1594/1594 1539/1539/1539 1593/1593/1593
f 1579/1579/1579 1580/1580/1580 1561/1561/1561
f 1595/1595/1595 1541/1541/1541 1540/1540/1540
f 1595/1595/1595 1540/1540/1540 1594/1594/1594
f 1578/1578/1578 1579/1579/1579 1561/1561/1561
f 1578/1578/1578 1561/1561/1561 1560/1560/1560
f 1596/1596/1596 1541/1541/1541 1595/1595/1595
f 1542/1542/1542 1541/1541/1541 1596/1596/1596
f 1559/1559/1559 1578/1578/1578 1560/1560/1560
f 1559/1559/1559 1577/1577/1577 1578/1578/1578
f 1543/1543/1543 1542/1542/1542 1596/1596/1596
f 1543/1543/1543 1596/1596/1596 1597/1597/1597
f 1558/1558/1558 1577/1577/1577 1559/1559/1559
f 1558/1558/1558 1576/1576/1576 1577/1577/1577
f 1598/1598/1598 1543/1543/1543 1597/1597/1597
f 1544/1544/1544 1543/1543/1543 1598/1598/1598
f 1557/1557/1557 1575/1575/1575 1576/1576/1576
f 1557/1557/1557 1576/1576/1576 1558/1558/1558
f 1599/1599/1599 1544/1544/1544 1598/1598/1598
f 1545/1545/1545 1544/1544/1544 1599/1599/1599
f 1556/1556/1556 1574/1574/1574 1575/1575/1575
f 1556/1556/1556 1575/1575/1575 1557/1557/1557
f 1564/1564/1564 1545/1545/1545 1599/1599/1599
f 1546/1546/1546 1545/1545/1545 1564/1564/1564
f 1555/1555/1555 1573/1573/1573 1574/1574/1574
f 1555/1555/1555 1574/1574/1574 1556/1556/1556
f 1547/1547/1547 1564/1564/1564 1565/1565/1565
f 1547/1547/1547 1546/1546/1546 1564/1564/1564
f 1554/1554/1554 1571/1571/1571 1572/1572/1572
f 1554/1554/1554 1572/1572/1572 1573/1573/1573
f 1554/1554/1554 1573/1573/1573 1555/1555/1555
f 1553/1553/1553 1571/1571/1571 1554/1554/1554
f 1548/1548/1548 1565/1565/1565 1566/1566/1566
f 1548/1548/1548 1566/1566/1566 1567/1567/1567
f 1548/1548/1548 1547/1547/1547 1565/1565/1565
f 1552/1552/1552 1571/1571/1571 1553/1553/1553
f 1552/1552/1552 1569/1569/1569 1570/1570/1570
f 1552/1552/1552 1570/1570/1570 1571/1571/1571
f 1549/1549/1549 1567/1567/1567 1568/1568/1568
f 1549/1549/1549 1548/1548/1548 1567/1567/1567
f 1550/1550/1550 1549/1549/1549 1568/1568/1568
f 1551/1551/1551 1569/1569/1569 1552/1552/1552
f 1551/1551/1551 1550/1550/1550 1568/1568/1568
f 1551/1551/1551 1568/1568/1568 1569/1569/1569
v 3.250000 3.250000 2.000000
v 3.259495 3.358530 2.000000
v 3.287692 3.463763 2.000000
v 3.333734 3.562500 2.000000
v 3.396222 3.651742 2.000000
v 3.473258 3.728778 2.000000
v 3.562500 3.791266 2.000000
v 3.661237 3.837308 2.000000
v 3.766470 3.865505 2.000000
v 3.875000 3.875000 2.000000
v 3.983530 3.865505 2.000000
v 4.088763 3.837308 2.000000
v 4.187500 3.791266 2.000000
v 4.276742 3.728778 2.000000
v 4.353778 3.651742 2.000000
v 4.416266 3.562500 2.000000
v 4.462308 3.463763 2.000000
v 4.490505 3.358530 2.000000
v 4.500000 3.250000 2.000000
v 4.490505 3.141470 2.000000
v 4.462308 3.036237 2.000000
v 4.416266 2.937500 2.000000
v 4.353778 2.848258 2.000000
v 4.276742 2.771222 2.000000
v 4.187500 2.708734 2.000000
v 4.088763 2.662692 2.000000
v 3.983530 2.634495 2.000000
v 3.875000 2.625000 2.000000
v 3.766470 2.634495 2.000000
v 3.661237 2.662692 2.000000
v 3.562500 2.708734 2.000000
v 3.473258 2.771222 2.000000
v 3.396222 2.848258 2.000000
v 3.333734 2.937500 2.000000
v 3.287692 3.036237 2.000000
v 3.259495 3.141470 2.000000
v 3.250000 3.250000 2.000000
v 3.228294 3.250000 1.998101
v 3.207247 3.250000 1.992462
v 3.187500 3.250000 1.983253
v 3.169652 3.250000 1.970756
v 3.154244 3.250000 1.955348
v 3.141747 3.250000 1.937500
v 3.132538 3.250000 1.917753
v 3.126899 3.250000 1.896706
v 3.125000 3.250000 1.875000
v 3.136394 3.119764 1.875000
v 3.170231 2.993485 1.875000
v 3.225481 2.875000 1.875000
v 3.300467 2.767909 1.875000
v 3.392909 2.675467 1.875000
v 3.500000 2.600481 1.875000
v 3.618485 2.545231 1.875000
v 3.744764 2.511394 1.875000
v 3.875000 2.500000 1.875000
v 4.005236 2.511394 1.875000
v 4.131515 2.545231 1.875000
v 4.250000 2.600481 1.875000
v 4.357090 2.675467 1.875000
v 4.449533 2.767909 1.875000
v 4.524519 2.875000 1.875000
v 4.579770 2.993485 1.875000
v 4.613606 3.119764 1.875000
v 4.625000 3.250000 1.875000
v 4.613606 3.380236 1.875000
v 4.579770 3.506515 1.875000
v 4.524519 3.625000 1.875000
v 4.449533 3.732091 1.875000
v 4.357090 3.824533 1.875000
v 4.250000 3.899519 1.875000
v 4.131515 3.954769 1.875000
v 4.005236 3.988606 1.875000
v 3.875000 4.000000 1.875000
v 3.744764 3.988606 1.875000
v 3.618485 3.954769 1.875000
v 3.500000 3.899519 1.875000
v 3.392909 3.824533 1.875000
v 3.300467 3.732091 1.875000
v 3.225481 3.625000 1.875000
v 3.170231 3.506515 1.875000
v 3.136394 3.380236 1.875000
v 3.125000 3.250000 1.875000
v 3.228294 3.250000 1.998101
v 3.207247 3.250000 1.992462
v 3.187500 3.250000 1.983253
v 3.169652 3.250000 1.970756
v 3.154244 3.250000 1.955348
v 3.141747 3.250000 1.937500
v 3.132538 3.250000 1.917753
v 3.126899 3.250000 1.896706
v 3.238119 3.362299 1.998101
v 3.217392 3.365954 1.992462
v 3.197945 3.369383 1.983253
v 3.180367 3.372483 1.970756
v 3.165194 3.375158 1.955348
v 3.152887 3.377328 1.937500
v 3.267295 3.471186 1.998101
v 3.143818 3.378927 1.917753
v 3.247518 3.478385 1.992462
v 3.138264 3.379906 1.896706
v 3.228961 3.485139 1.983253
v 3.212189 3.491243 1.970756
v 3.197711 3.496513 1.955348
v 3.185967 3.500787 1.937500
v 3.314936 3.573353 1.998101
v 3.177314 3.503937 1.917753
v 3.296709 3.583876 1.992462
v 3.172015 3.505866 1.896706
v 3.279608 3.593750 1.983253
v 3.264150 3.602674 1.970756
v 3.250807 3.610378 1.955348
v 3.239984 3.616627 1.937500
v 3.379595 3.665695 1.998101
v 3.232009 3.621231 1.917753
v 3.363472 3.679223 1.992462
v 3.227126 3.624050 1.896706
v 3.348345 3.691916 1.983253
v 3.334672 3.703389 1.970756
v 3.322869 3.713293 1.955348
v 3.313295 3.721326 1.937500
v 3.459305 3.745405 1.998101
v 3.306242 3.727245 1.917753
v 3.445777 3.761528 1.992462
v 3.301921 3.730870 1.896706
v 3.433084 3.776655 1.983253
v 3.421611 3.790328 1.970756
v 3.411707 3.802131 1.955348
v 3.403674 3.811705 1.937500
v 3.551647 3.810064 1.998101
v 3.397755 3.818758 1.917753
v 3.541124 3.828291 1.992462
v 3.394130 3.823079 1.896706
v 3.531250 3.845392 1.983253
v 3.522326 3.860850 1.970756
v 3.514622 3.874193 1.955348
v 3.508373 3.885016 1.937500
v 3.653814 3.857705 1.998101
v 3.503769 3.892991 1.917753
v 3.646615 3.877482 1.992462
v 3.500950 3.897874 1.896706
v 3.639861 3.896039 1.983253
v 3.633757 3.912811 1.970756
v 3.628487 3.927289 1.955348
v 3.624213 3.939033 1.937500
v 3.762701 3.886881 1.998101
v 3.621063 3.947686 1.917753
v 3.759046 3.907608 1.992462
v 3.619134 3.952985 1.896706
v 3.755617 3.927055 1.983253
v 3.752517 3.944633 1.970756
v 3.749842 3.959806 1.955348
v 3.747672 3.972113 1.937500
v 3.875000 3.896706 1.998101
v 3.746073 3.981182 1.917753
v 3.875000 3.917753 1.992462
v 3.745094 3.986736 1.896706
v 3.875000 3.937500 1.983253
v 3.875000 3.955348 1.970756
v 3.875000 3.970756 1.955348
v 3.875000 3.983253 1.937500
v 3.987299 3.886881 1.998101
v 3.875000 3.992462 1.917753
v 3.990954 3.907608 1.992462
v 3.875000 3.998101 1.896706
v 3.994383 3.927055 1.983253
v 3.997483 3.944633 1.970756
v 4.000158 3.959806 1.955348
v 4.002328 3.972113 1.937500
v 4.096187 3.857705 1.998101
v 4.003927 3.981182 1.917753
v 4.103385 3.877482 1.992462
v 4.004906 3.986736 1.896706
v 4.110139 3.896039 1.983253
v 4.116243 3.912811 1.970756
v 4.121513 3.927289 1.955348
v 4.125787 3.939033 1.937500
v 4.198353 3.810064 1.998101
v 4.128937 3.947686 1.917753
v 4.208876 3.828291 1.992462
v 4.130866 3.952985 1.896706
v 4.218750 3.845392 1.983253
v 4.227674 3.860850 1.970756
v 4.235378 3.874193 1.955348
v 4.241627 3.885016 1.937500
v 4.290695 3.745405 1.998101
v 4.246231 3.892991 1.917753
v 4.304223 3.761528 1.992462
v 4.249051 3.897874 1.896706
v 4.316916 3.776655 1.983253
v 4.328389 3.790328 1.970756
v 4.338293 3.802131 1.955348
v 4.346326 3.811705 1.937500
v 4.370406 3.665695 1.998101
v 4.352245 3.818758 1.917753
v 4.386528 3.679223 1.992462
v 4.355870 3.823079 1.896706
v 4.401656 3.691916 1.983253
v 4.415328 3.703389 1.970756
v 4.427131 3.713293 1.955348
v 4.436705 3.721326 1.937500
v 4.435064 3.573353 1.998101
v 4.443758 3.727245 1.917753
v 4.453290 3.583876 1.992462
v 4.448079 3.730870 1.896706
v 4.470392 3.593750 1.983253
v 4.485850 3.602674 1.970756
v 4.499193 3.610378 1.955348
v 4.510016 3.616627 1.937500
v 4.482705 3.471186 1.998101
v 4.517991 3.621231 1.917753
v 4.502482 3.478385 1.992462
v 4.522874 3.624050 1.896706
v 4.521039 3.485139 1.983253
v 4.537811 3.491243 1.970756
v 4.552289 3.496513 1.955348
v 4.564033 3.500787 1.937500
v 4.511881 3.362299 1.998101
v 4.572686 3.503937 1.917753
v 4.532608 3.365954 1.992462
v 4.577985 3.505866 1.896706
v 4.552055 3.369383 1.983253
v 4.569633 3.372483 1.970756
v 4.584805 3.375158 1.955348
v 4.597114 3.377328 1.937500
v 4.521706 3.250000 1.998101
v 4.606182 3.378927 1.917753
v 4.542753 3.250000 1.992462
v 4.611736 3.379906 1.896706
v 4.562500 3.250000 1.983253
v 4.580348 3.250000 1.970756
v 4.595756 3.250000 1.955348
v 4.608253 3.250000 1.937500
v 4.511881 3.137701 1.998101
v 4.617462 3.250000 1.917753
v 4.532608 3.134046 1.992462
v 4.623101 3.250000 1.896706
v 4.552055 3.130617 1.983253
v 4.569633 3.127517 1.970756
v 4.584805 3.124842 1.955348
v 4.597114 3.122672 1.937500
v 4.482705 3.028814 1.998101
v 4.606182 3.121073 1.917753
v 4.502482 3.021615 1.992462
v 4.611736 3.120094 1.896706
v 4.521039 3.014861 1.983253
v 4.537811 3.008757 1.970756
v 4.552289 3.003487 1.955348
v 4.564033 2.999213 1.937500
v 4.435064 2.926647 1.998101
v 4.572686 2.996063 1.917753
v 4.453290 2.916124 1.992462
v 4.577985 2.994134 1.896706
v 4.470392 2.906250 1.983253
v 4.485850 2.897326 1.970756
v 4.499193 2.889622 1.955348
v 4.510016 2.883373 1.937500
v 4.370406 2.834305 1.998101
v 4.517991 2.878769 1.917753
v 4.386528 2.820777 1.992462
v 4.522874 2.875950 1.896706
v 4.401656 2.808084 1.983253
v 4.415328 2.796611 1.970756
v 4.427131 2.786707 1.955348
v 4.436705 2.778674 1.937500
v 4.290695 2.754595 1.998101
v 4.443758 2.772755 1.917753
v 4.304223 2.738472 1.992462
v 4.448079 2.769130 1.896706
v 4.316916 2.723345 1.983253
v 4.328389 2.709672 1.970756
v 4.338293 2.697869 1.955348
v 4.346326 2.688295 1.937500
v 4.198353 2.689936 1.998101
v 4.352245 2.681242 1.917753
v 4.208876 2.671709 1.992462
v 4.355870 2.676921 1.896706
v 4.218750 2.654608 1.983253
v 4.227674 2.639150 1.970756
v 4.235378 2.625807 1.955348
v 4.241627 2.614984 1.937500
v 4.096187 2.642295 1.998101
v 4.246231 2.607009 1.917753
v 4.103385 2.622518 1.992462
v 4.249051 2.602126 1.896706
v 4.110139 2.603961 1.983253
v 4.116243 2.587189 1.970756
v 4.121513 2.572711 1.955348
v 4.125787 2.560967 1.937500
v 3.987299 2.613119 1.998101
v 4.128937 2.552314 1.917753
v 3.990954 2.592392 1.992462
v 4.130866 2.547015 1.896706
v 3.994383 2.572945 1.983253
v 3.997483 2.555367 1.970756
v 4.000158 2.540194 1.955348
v 4.002328 2.527887 1.937500
v 3.875000 2.603294 1.998101
v 4.003927 2.518818 1.917753
v 3.875000 2.582247 1.992462
v 4.004906 2.513264 1.896706
v 3.875000 2.562500 1.983253
v 3.875000 2.544652 1.970756
v 3.875000 2.529244 1.955348
v 3.875000 2.516747 1.937500
v 3.762701 2.613119 1.998101
v 3.875000 2.507538 1.917753
v 3.759046 2.592392 1.992462
v 3.875000 2.501899 1.896706
v 3.755617 2.572945 1.983253
v 3.752517 2.555367 1.970756
v 3.749842 2.540194 1.955348
v 3.747672 2.527887 1.937500
v 3.653814 2.642295 1.998101
v 3.746073 2.518818 1.917753
v 3.646615 2.622518 1.992462
v 3.745094 2.513264 1.896706
v 3.639861 2.603961 1.983253
v 3.633757 2.587189 1.970756
v 3.628487 2.572711 1.955348
v 3.624213 2.560967 1.937500
v 3.551647 2.689936 1.998101
v 3.621063 2.552314 1.917753
v 3.541124 2.671709 1.992462
v 3.619134 2.547015 1.896706
v 3.531250 2.654608 1.983253
v 3.522326 2.639150 1.970756
v 3.514622 2.625807 1.955348
v 3.508373 2.614984 1.937500
v 3.459305 2.754595 1.998101
v 3.503769 2.607009 1.917753
v 3.445777 2.738472 1.992462
v 3.500950 2.602126 1.896706
v 3.433084 2.723345 1.983253
v 3.421611 2.709672 1.970756
v 3.411707 2.697869 1.955348
v 3.403674 2.688295 1.937500
v 3.379595 2.834305 1.998101
v 3.397755 2.681242 1.917753
v 3.363472 2.820777 1.992462
v 3.394130 2.676921 1.896706
v 3.348345 2.808084 1.983253
v 3.334672 2.796611 1.970756
v 3.322869 2.786707 1.955348
v 3.313295 2.778674 1.937500
v 3.314936 2.926647 1.998101
v 3.306242 2.772755 1.917753
v 3.296709 2.916124 1.992462
v 3.301921 2.769130 1.896706
v 3.279608 2.906250 1.983253
v 3.264150 2.897326 1.970756
v 3.250807 2.889622 1.955348
v 3.239984 2.883373 1.937500
v 3.267295 3.028814 1.998101
v 3.232009 2.878769 1.917753
v 3.247518 3.021615 1.992462
v 3.227126 2.875950 1.896706
v 3.228961 3.014861 1.983253
v 3.212189 3.008757 1.970756
v 3.197711 3.003487 1.955348
v 3.185967 2.999213 1.937500
v 3.238119 3.137701 1.998101
v 3.177314 2.996063 1.917753
v 3.217392 3.134046 1.992462
v 3.172015 2.994134 1.896706
v 3.197945 3.130617 1.983253
v 3.180367 3.127517 1.970756
v 3.165194 3.124842 1.955348
v 3.152887 3.122672 1.937500
v 3.143818 3.121073 1.917753
v 3.138264 3.120094 1.896706
vn 0.000000 -0.000000 1.000000
vn -0.000000 0.000000 1.000000
vn -0.000000 0.000000 1.000000
vn -0.000000 0.000000 1.000000
vn -0.000000 0.000000 1.000000
vn -0.000000 0.000000 1.000000
vn -0.000000 0.000000 1.000000
vn -0.000000 0.000000 1.000000
vn -0.000000 0.000000 1.000000
vn 0.000000 0.000000 1.000000
vn 0.000000 0.000000 1.000000
vn 0.000000 0.000000 1.000000
vn 0.000000 0.000000 1.000000
vn 0.000000 0.000000 1.000000
vn 0.000000 0.000000 1.000000
vn 0.000000 0.000000 1.000000
vn 0.000000 0.000000 1.000000
vn 0.000000 0.000000 1.000000
vn 0.000000 -0.000000 1.000000
vn 0.000000 -0.000000 1.000000
vn 0.000000 -0.000000 1.000000
vn 0.000000 -0.000000 1.000000
vn 0.000000 -0.000000 1.000000
vn 0.000000 -0.000000 1.000000
vn 0.000000 -0.000000 1.000000
vn 0.000000 -0.000000 1.000000
vn 0.000000 -0.000000 1.000000
vn -0.000000 -0.000000 1.000000
vn -0.000000 -0.000000 1.000000
vn -0.000000 -0.000000 1.000000
vn -0.000000 -0.000000 1.000000
vn -0.000000 -0.000000 1.000000
vn -0.000000 -0.000000 1.000000
vn -0.000000 -0.000000 1.000000
vn -0.000000 -0.000000 1.000000
vn -0.000000 -0.000000 1.000000
vn 0.000000 -0.000000 1.000000
vn -0.173648 0.000000 0.984808
vn -0.342020 0.000000 0.939693
vn -0.500000 0.000000 0.866025
vn -0.642788 0.000000 0.766044
vn -0.766044 0.000000 0.642788
vn -0.866025 0.000000 0.500000
vn -0.939693 0.000000 0.342020
vn -0.984808 0.000000 0.173648
vn -1.000000 0.000000 -0.000000
vn -0.984808 -0.173648 -0.000000
vn -0.939693 -0.342020 -0.000000
vn -0.866025 -0.500000 -0.000000
vn -0.766044 -0.642788 -0.000000
vn -0.642788 -0.766044 -0.000000
vn -0.500000 -0.866025 -0.000000
vn -0.342020 -0.939693 -0.000000
vn -0.173648 -0.984808 -0.000000
vn -0.000000 -1.000000 -0.000000
vn 0.173648 -0.984808 -0.000000
vn 0.342020 -0.939693 -0.000000
vn 0.500000 -0.866025 -0.000000
vn 0.642788 -0.766044 -0.000000
vn 0.766044 -0.642788 -0.000000
vn 0.866025 -0.500000 -0.000000
vn 0.939693 -0.342020 -0.000000
vn 0.984808 -0.173648 -0.000000
vn 1.000000 -0.000000 -0.000000
vn 0.984808 0.173648 -0.000000
vn 0.939693 0.342020 -0.000000
vn 0.866025 0.500000 -0.000000
vn 0.766044 0.642788 -0.000000
vn 0.642788 0.766044 -0.000000
vn 0.500000 0.866025 -0.000000
vn 0.342020 0.939693 -0.000000
vn 0.173648 0.984808 -0.000000
vn 0.000000 1.000000 -0.000000
vn -0.173648 0.984808 -0.000000
vn -0.342020 0.939693 -0.000000
vn -0.500000 0.866025 -0.000000
vn -0.642788 0.766044 -0.000000
vn -0.766044 0.642788 -0.000000
vn -0.866025 0.500000 -0.000000
vn -0.939693 0.342020 -0.000000
vn -0.984808 0.173648 -0.000000
vn -1.000000 0.000000 0.000000
vn -0.173648 0.000000 0.984808
vn -0.342020 0.000000 0.939693
vn -0.500000 0.000000 0.866025
vn -0.642788 0.000000 0.766044
vn -0.766044 0.000000 0.642788
vn -0.866025 0.000000 0.500000
vn -0.939693 0.000000 0.342020
vn -0.984808 0.000000 0.173648
vn -0.171010 0.030154 0.984808
vn -0.336824 0.059391 0.939693
vn -0.492404 0.086824 0.866025
vn -0.633022 0.111619 0.766044
vn -0.754407 0.133022 0.642788
vn -0.852869 0.150384 0.500000
vn -0.163176 0.059391 0.984808
vn -0.925417 0.163176 0.342020
vn -0.321394 0.116978 0.939693
vn -0.969846 0.171010 0.173648
vn -0.469846 0.171010 0.866025
vn -0.604023 0.219846 0.766044
vn -0.719846 0.262003 0.642788
vn -0.813798 0.296198 0.500000
vn -0.150384 0.086824 0.984808
vn -0.883022 0.321394 0.342020
vn -0.296198 0.171010 0.939693
vn -0.925417 0.336824 0.173648
vn -0.433013 0.250000 0.866025
vn -0.556670 0.321394 0.766044
vn -0.663414 0.383022 0.642788
vn -0.750000 0.433013 0.500000
vn -0.133022 0.111619 0.984808
vn -0.813798 0.469846 0.342020
vn -0.262003 0.219846 0.939693
vn -0.852869 0.492404 0.173648
vn -0.383022 0.321394 0.866025
vn -0.492404 0.413176 0.766044
vn -0.586824 0.492404 0.642788
vn -0.663414 0.556670 0.500000
vn -0.111619 0.133022 0.984808
vn -0.719846 0.604023 0.342020
vn -0.219846 0.262003 0.939693
vn -0.754407 0.633022 0.173648
vn -0.321394 0.383022 0.866025
vn -0.413176 0.492404 0.766044
vn -0.492404 0.586824 0.642788
vn -0.556670 0.663414 0.500000
vn -0.086824 0.150384 0.984808
vn -0.604023 0.719846 0.342020
vn -0.171010 0.296198 0.939693
vn -0.633022 0.754407 0.173648
vn -0.250000 0.433013 0.866025
vn -0.321394 0.556670 0.766044
vn -0.383022 0.663414 0.642788
vn -0.433013 0.750000 0.500000
vn -0.059391 0.163176 0.984808
vn -0.469846 0.813798 0.342020
vn -0.116978 0.321394 0.939693
vn -0.492404 0.852869 0.173648
vn -0.171010 0.469846 0.866025
vn -0.219846 0.604023 0.766044
vn -0.262003 0.719846 0.642788
vn -0.296198 0.813798 0.500000
vn -0.030154 0.171010 0.984808
vn -0.321394 0.883022 0.342020
vn -0.059391 0.336824 0.939693
vn -0.336824 0.925417 0.173648
vn -0.086824 0.492404 0.866025
vn -0.111619 0.633022 0.766044
vn -0.133022 0.754407 0.642788
vn -0.150384 0.852869 0.500000
vn 0.000000 0.173648 0.984808
vn -0.163176 0.925417 0.342020
vn 0.000000 0.342020 0.939693
vn -0.171010 0.969846 0.173648
vn 0.000000 0.500000 0.866025
vn 0.000000 0.642788 0.766044
vn 0.000000 0.766044 0.642788
vn 0.000000 0.866025 0.500000
vn 0.030154 0.171010 0.984808
vn 0.000000 0.939693 0.342020
vn 0.059391 0.336824 0.939693
vn 0.000000 0.984808 0.173648
vn 0.086824 0.492404 0.866025
vn 0.111619 0.633022 0.766044
vn 0.133022 0.754407 0.642788
vn 0.150384 0.852869 0.500000
vn 0.059391 0.163176 0.984808
vn 0.163176 0.925417 0.342020
vn 0.116978 0.321394 0.939693
vn 0.171010 0.969846 0.173648
vn 0.171010 0.469846 0.866025
vn 0.219846 0.604023 0.766044
vn 0.262003 0.719846 0.642788
vn 0.296198 0.813798 0.500000
vn 0.086824 0.150384 0.984808
vn 0.321394 0.883022 0.342020
vn 0.171010 0.296198 0.939693
vn 0.336824 0.925417 0.173648
vn 0.250000 0.433013 0.866025
vn 0.321394 0.556670 0.766044
vn 0.383022 0.663414 0.642788
vn 0.433013 0.750000 0.500000
vn 0.111619 0.133022 0.984808
vn 0.469846 0.813798 0.342020
vn 0.219846 0.262003 0.939693
vn 0.492404 0.852869 0.173648
vn 0.321394 0.383022 0.866025
vn 0.413176 0.492404 0.766044
vn 0.492404 0.586824 0.642788
vn 0.556670 0.663414 0.500000
vn 0.133022 0.111619 0.984808
vn 0.604023 0.719846 0.342020
vn 0.262003 0.219846 0.939693
vn 0.633022 0.754407 0.173648
vn 0.383022 0.321394 0.866025
vn 0.492404 0.413176 0.766044
vn 0.586824 0.492404 0.642788
vn 0.663414 0.556670 0.500000
vn 0.150384 0.086824 0.984808
vn 0.719846 0.604023 0.342020
vn 0.296198 0.171010 0.939693
vn 0.754407 0.633022 0.173648
vn 0.433013 0.250000 0.866025
vn 0.556670 0.321394 0.766044
vn 0.663414 0.383022 0.642788
vn 0.750000 0.433013 0.500000
vn 0.163176 0.059391 0.984808
vn 0.813798 0.469846 0.342020
vn 0.321394 0.116978 0.939693
vn 0.852869 0.492404 0.173648
vn 0.469846 0.171010 0.866025
vn 0.604023 0.219846 0.766044
vn 0.719846 0.262003 0.642788
vn 0.813798 0.296198 0.500000
vn 0.171010 0.030154 0.984808
vn 0.883022 0.321394 0.342020
vn 0.336824 0.059391 0.939693
vn 0.925417 0.336824 0.173648
vn 0.492404 0.086824 0.866025
vn 0.633022 0.111619 0.766044
vn 0.754407 0.133022 0.642788
vn 0.852869 0.150384 0.500000
vn 0.173648 -0.000000 0.984808
vn 0.925417 0.163176 0.342020
vn 0.342020 -0.000000 0.939693
vn 0.969846 0.171010 0.173648
vn 0.500000 -0.000000 0.866025
vn 0.642788 -0.000000 0.766044
vn 0.766044 -0.000000 0.642788
vn 0.866025 -0.000000 0.500000
vn 0.171010 -0.030154 0.984808
vn 0.939693 -0.000000 0.342020
vn 0.336824 -0.059391 0.939693
vn 0.984808 -0.000000 0.173648
vn 0.492404 -0.086824 0.866025
vn 0.633022 -0.111619 0.766044
vn 0.754407 -0.133022 0.642788
vn 0.852869 -0.150384 0.500000
vn 0.163176 -0.059391 0.984808
vn 0.925417 -0.163176 0.342020
vn 0.321394 -0.116978 0.939693
vn 0.969846 -0.171010 0.173648
vn 0.469846 -0.171010 0.866025
vn 0.604023 -0.219846 0.766044
vn 0.719846 -0.262003 0.642788
vn 0.813798 -0.296198 0.500000
vn 0.150384 -0.086824 0.984808
vn 0.883022 -0.321394 0.342020
vn 0.296198 -0.171010 0.939693
vn 0.925417 -0.336824 0.173648
vn 0.433013 -0.250000 0.866025
vn 0.556670 -0.321394 0.766044
vn 0.663414 -0.383022 0.642788
vn 0.750000 -0.433013 0.500000
vn 0.133022 -0.111619 0.984808
vn 0.813798 -0.469846 0.342020
vn 0.262003 -0.219846 0.939693
vn 0.852869 -0.492404 0.173648
vn 0.383022 -0.321394 0.866025
vn 0.492404 -0.413176 0.766044
vn 0.586824 -0.492404 0.642788
vn 0.663414 -0.556670 0.500000
vn 0.111619 -0.133022 0.984808
vn 0.719846 -0.604023 0.342020
vn 0.219846 -0.262003 0.939693
vn 0.754407 -0.633022 0.173648
vn 0.321394 -0.383022 0.866025
vn 0.413176 -0.492404 0.766044
vn 0.492404 -0.586824 0.642788
vn 0.556670 -0.663414 0.500000
vn 0.086824 -0.150384 0.984808
vn 0.604023 -0.719846 0.342020
vn 0.171010 -0.296198 0.939693
vn 0.633022 -0.754407 0.173648
vn 0.250000 -0.433013 0.866025
vn 0.321394 -0.556670 0.766044
vn 0.383022 -0.663414 0.642788
vn 0.433013 -0.750000 0.500000
vn 0.059391 -0.163176 0.984808
vn 0.469846 -0.813798 0.342020
vn 0.116978 -0.321394 0.939693
vn 0.492404 -0.852869 0.173648
vn 0.171010 -0.469846 0.866025
vn 0.219846 -0.604023 0.766044
vn 0.262003 -0.719846 0.642788
vn 0.296198 -0.813798 0.500000
vn 0.030154 -0.171010 0.984808
vn 0.321394 -0.883022 0.342020
vn 0.059391 -0.336824 0.939693
vn 0.336824 -0.925417 0.173648
vn 0.086824 -0.492404 0.866025
vn 0.111619 -0.633022 0.766044
vn 0.133022 -0.754407 0.642788
vn 0.150384 -0.852869 0.500000
vn -0.000000 -0.173648 0.984808
vn 0.163176 -0.925417 0.342020
vn -0.000000 -0.342020 0.939693
vn 0.171010 -0.969846 0.173648
vn -0.000000 -0.500000 0.866025
vn -0.000000 -0.642788 0.766044
vn -0.000000 -0.766044 0.642788
vn -0.000000 -0.866025 0.500000
vn -0.030154 -0.171010 0.984808
vn -0.000000 -0.939693 0.342020
vn -0.059391 -0.336824 0.939693
vn -0.000000 -0.984808 0.173648
vn -0.086824 -0.492404 0.866025
vn -0.111619 -0.633022 0.766044
vn -0.133022 -0.754407 0.642788
vn -0.150384 -0.852869 0.500000
vn -0.059391 -0.163176 0.984808
vn -0.163176 -0.925417 0.342020
vn -0.116978 -0.321394 0.939693
vn -0.171010 -0.969846 0.173648
vn -0.171010 -0.469846 0.866025
vn -0.219846 -0.604023 0.766044
vn -0.262003 -0.719846 0.642788
vn -0.296198 -0.813798 0.500000
vn -0.086824 -0.150384 0.984808
vn -0.321394 -0.883022 0.342020
vn -0.171010 -0.296198 0.939693
vn -0.336824 -0.925417 0.173648
vn -0.250000 -0.433013 0.866025
vn -0.321394 -0.556670 0.766044
vn -0.383022 -0.663414 0.642788
vn -0.433013 -0.750000 0.500000
vn -0.111619 -0.133022 0.984808
vn -0.469846 -0.813798 0.342020
vn -0.219846 -0.262003 0.939693
vn -0.492404 -0.852869 0.173648
vn -0.321394 -0.383022 0.866025
vn -0.413176 -0.492404 0.766044
vn -0.492404 -0.586824 0.642788
vn -0.556670 -0.663414 0.500000
vn -0.133022 -0.111619 0.984808
vn -0.604023 -0.719846 0.342020
vn -0.262003 -0.219846 0.939693
vn -0.633022 -0.754407 0.173648
vn -0.383022 -0.321394 0.866025
vn -0.492404 -0.413176 0.766044
vn -0.586824 -0.492404 0.642788
vn -0.663414 -0.556670 0.500000
vn -0.150384 -0.086824 0.984808
vn -0.719846 -0.604023 0.342020
vn -0.296198 -0.171010 0.939693
vn -0.754407 -0.633022 0.173648
vn -0.433013 -0.250000 0.866025
vn -0.556670 -0.321394 0.766044
vn -0.663414 -0.383022 0.642788
vn -0.750000 -0.433013 0.500000
vn -0.163176 -0.059391 0.984808
vn -0.813798 -0.469846 0.342020
vn -0.321394 -0.116978 0.939693
vn -0.852869 -0.492404 0.173648
vn -0.469846 -0.171010 0.866025
vn -0.604023 -0.219846 0.766044
vn -0.719846 -0.262003 0.642788
vn -0.813798 -0.296198 0.500000
vn -0.171010 -0.030154 0.984808
vn -0.883022 -0.321394 0.342020
vn -0.336824 -0.059391 0.939693
vn -0.925417 -0.336824 0.173648
vn -0.492404 -0.086824 0.866025
vn -0.633022 -0.111619 0.766044
vn -0.754407 -0.133022 0.642788
vn -0.852869 -0.150384 0.500000
vn -0.925417 -0.163176 0.342020
vn -0.969846 -0.171010 0.173648
vt 0.000000 4.712389
vt 0.174533 4.712389
vt 0.349066 4.712389
vt 0.523599 4.712389
vt 0.698132 4.712389
vt 0.872665 4.712389
vt 1.047198 4.712389
vt 1.221730 4.712389
vt 1.396263 4.712389
vt 1.570796 4.712389
vt 1.745329 4.712389
vt 1.919862 4.712389
vt 2.094395 4.712389
vt 2.268928 4.712389
vt 2.443461 4.712389
vt 2.617994 4.712389
vt 2.792527 4.712389
vt 2.967060 4.712389
vt 3.141593 4.712389
vt 3.316126 4.712389
vt 3.490659 4.712389
vt 3.665191 4.712389
vt 3.839724 4.712389
vt 4.014257 4.712389
vt 4.188790 4.712389
vt 4.363323 4.712389
vt 4.537856 4.712389
vt 4.712389 4.712389
vt 4.886922 4.712389
vt 5.061455 4.712389
vt 5.235988 4.712389
vt 5.410521 4.712389
vt 5.585053 4.712389
vt 5.759586 4.712389
vt 5.934119 4.712389
vt 6.108653 4.712389
vt 6.283185 4.712389
vt 6.283185 4.886922
vt 6.283185 5.061455
vt 6.283185 5.235988
vt 6.283185 5.410521
vt 6.283185 5.585053
vt 6.283185 5.759586
vt 6.283185 5.934119
vt 6.283185 6.108653
vt 6.283185 6.283185
vt 6.108653 6.283185
vt 5.934119 6.283185
vt 5.759586 6.283185
vt 5.585053 6.283185
vt 5.410521 6.283185
vt 5.235988 6.283185
vt 5.061455 6.283185
vt 4.886922 6.283185
vt 4.712389 6.283185
vt 4.537856 6.283185
vt 4.363323 6.283185
vt 4.188790 6.283185
vt 4.014257 6.283185
vt 3.839724 6.283185
vt 3.665191 6.283185
vt 3.490659 6.283185
vt 3.316126 6.283185
vt 3.141593 6.283185
vt 2.967060 6.283185
vt 2.792527 6.283185
vt 2.617994 6.283185
vt 2.443461 6.283185
vt 2.268928 6.283185
vt 2.094395 6.283185
vt 1.919862 6.283185
vt 1.745329 6.283185
vt 1.570796 6.283185
vt 1.396263 6.283185
vt 1.221730 6.283185
vt 1.047198 6.283185
vt 0.872665 6.283185
vt 0.698132 6.283185
vt 0.523599 6.283185
vt 0.349066 6.283185
vt 0.174533 6.283185
vt 0.000000 6.283185
vt 0.000000 4.886922
vt 0.000000 5.061455
vt 0.000000 5.235988
vt 0.000000 5.410521
vt 0.000000 5.585053
vt 0.000000 5.759586
vt 0.000000 5.934119
vt 0.000000 6.108653
vt 0.174533 4.886922
vt 0.174533 5.061455
vt 0.174533 5.235988
vt 0.174533 5.410521
vt 0.174533 5.585053
vt 0.174533 5.759586
vt 0.349066 4.886922
vt 0.174533 5.934119
vt 0.349066 5.061455
vt 0.174533 6.108653
vt 0.349066 5.235988
vt 0.349066 5.410521
vt 0.349066 5.585053
vt 0.349066 5.759586
vt 0.523599 4.886922
vt 0.349066 5.934119
vt 0.523599 5.061455
vt 0.349066 6.108653
vt 0.523599 5.235988
vt 0.523599 5.410521
vt 0.523599 5.585053
vt 0.523599 5.759586
vt 0.698132 4.886922
vt 0.523599 5.934119
vt 0.698132 5.061455
vt 0.523599 6.108653
vt 0.698132 5.235988
vt 0.698132 5.410521
vt 0.698132 5.585053
vt 0.698132 5.759586
vt 0.872665 4.886922
vt 0.698132 5.934119
vt 0.872665 5.061455
vt 0.698132 6.108653
vt 0.872665 5.235988
vt 0.872665 5.410521
vt 0.872665 5.585053
vt 0.872665 5.759586
vt 1.047198 4.886922
vt 0.872665 5.934119
vt 1.047198 5.061455
vt 0.872665 6.108653
vt 1.047198 5.235988
vt 1.047198 5.410521
vt 1.047198 5.585053
vt 1.047198 5.759586
vt 1.221730 4.886922
vt 1.047198 5.934119
vt 1.221730 5.061455
vt 1.047198 6.108653
vt 1.221730 5.235988
vt 1.221730 5.410521
vt 1.221730 5.585053
vt 1.221730 5.759586
vt 1.396263 4.886922
vt 1.221730 5.934119
vt 1.396263 5.061455
vt 1.221730 6.108653
vt 1.396263 5.235988
vt 1.396263 5.410521
vt 1.396263 5.585053
vt 1.396263 5.759586
vt 1.570796 4.886922
vt 1.396263 5.934119
vt 1.570796 5.061455
vt 1.396263 6.108653
vt 1.570796 5.235988
vt 1.570796 5.410521
vt 1.570796 5.585053
vt 1.570796 5.759586
vt 1.745329 4.886922
vt 1.570796 5.934119
vt 1.745329 5.061455
vt 1.570796 6.108653
vt 1.745329 5.235988
vt 1.745329 5.410521
vt 1.745329 5.585053
vt 1.745329 5.759586
vt 1.919862 4.886922
vt 1.745329 5.934119
vt 1.919862 5.061455
vt 1.745329 6.108653
vt 1.919862 5.235988
vt 1.919862 5.410521
vt 1.919862 5.585053
vt 1.919862 5.759586
vt 2.094395 4.886922
vt 1.919862 5.934119
vt 2.094395 5.061455
vt 1.919862 6.108653
vt 2.094395 5.235988
vt 2.094395 5.410521
vt 2.094395 5.585053
vt 2.094395 5.759586
vt 2.268928 4.886922
vt 2.094395 5.934119
vt 2.268928 5.061455
vt 2.094395 6.108653
vt 2.268928 5.235988
vt 2.268928 5.410521
vt 2.268928 5.585053
vt 2.268928 5.759586
vt 2.443461 4.886922
vt 2.268928 5.934119
vt 2.443461 5.061455
vt 2.268928 6.108653
vt 2.443461 5.235988
vt 2.443461 5.410521
vt 2.443461 5.585053
vt 2.443461 5.759586
vt 2.617994 4.886922
vt 2.443461 5.934119
vt 2.617994 5.061455
vt 2.443461 6.108653
vt 2.617994 5.235988
vt 2.617994 5.410521
vt 2.617994 5.585053
vt 2.617994 5.759586
vt 2.792527 4.886922
vt 2.617994 5.934119
vt 2.792527 5.061455
vt 2.617994 6.108653
vt 2.792527 5.235988
vt 2.792527 5.410521
vt 2.792527 5.585053
vt 2.792527 5.759586
vt 2.967060 4.886922
vt 2.792527 5.934119
vt 2.967060 5.061455
vt 2.792527 6.108653
vt 2.967060 5.235988
vt 2.967060 5.410521
vt 2.967060 5.585053
vt 2.967060 5.759586
vt 3.141593 4.886922
vt 2.967060 5.934119
vt 3.141593 5.061455
vt 2.967060 6.108653
vt 3.141593 5.235988
vt 3.141593 5.410521
vt 3.141593 5.585053
vt 3.141593 5.759586
vt 3.316126 4.886922
vt 3.141593 5.934119
vt 3.316126 5.061455
vt 3.141593 6.108653
vt 3.316126 5.235988
vt 3.316126 5.410521
vt 3.316126 5.585053
vt 3.316126 5.759586
vt 3.490659 4.886922
vt 3.316126 5.934119
vt 3.490659 5.061455
vt 3.316126 6.108653
vt 3.490659 5.235988
vt 3.490659 5.410521
vt 3.490659 5.585053
vt 3.490659 5.759586
vt 3.665191 4.886922
vt 3.490659 5.934119
vt 3.665191 5.061455
vt 3.490659 6.108653
vt 3.665191 5.235988
vt 3.665191 5.410521
vt 3.665191 5.585053
vt 3.665191 5.759586
vt 3.839724 4.886922
vt 3.665191 5.934119
vt 3.839724 5.061455
vt 3.665191 6.108653
vt 3.839724 5.235988
vt 3.839724 5.410521
vt 3.839724 5.585053
vt 3.839724 5.759586
vt 4.014257 4.886922
vt 3.839724 5.934119
vt 4.014257 5.061455
vt 3.839724 6.108653
vt 4.014257 5.235988
vt 4.014257 5.410521
vt 4.014257 5.585053
vt 4.014257 5.759586
vt 4.188790 4.886922
vt 4.014257 5.934119
vt 4.188790 5.061455
vt 4.014257 6.108653
vt 4.188790 5.235988
vt 4.188790 5.410521
vt 4.188790 5.585053
vt 4.188790 5.759586
vt 4.363323 4.886922
vt 4.188790 5.934119
vt 4.363323 5.061455
vt 4.188790 6.108653
vt 4.363323 5.235988
vt 4.363323 5.410521
vt 4.363323 5.585053
vt 4.363323 5.759586
vt 4.537856 4.886922
vt 4.363323 5.934119
vt 4.537856 5.061455
vt 4.363323 6.108653
vt 4.537856 5.235988
vt 4.537856 5.410521
vt 4.537856 5.585053
vt 4.537856 5.759586
vt 4.712389 4.886922
vt 4.537856 5.934119
vt 4.712389 5.061455
vt 4.537856 6.108653
vt 4.712389 5.235988
vt 4.712389 5.410521
vt 4.712389 5.585053
vt 4.712389 5.759586
vt 4.886922 4.886922
vt 4.712389 5.934119
vt 4.886922 5.061455
vt 4.712389 6.108653
vt 4.886922 5.235988
vt 4.886922 5.410521
vt 4.886922 5.585053
vt 4.886922 5.759586
vt 5.061455 4.886922
vt 4.886922 5.934119
vt 5.061455 5.061455
vt 4.886922 6.108653
vt 5.061455 5.235988
vt 5.061455 5.410521
vt 5.061455 5.585053
vt 5.061455 5.759586
vt 5.235988 4.886922
vt 5.061455 5.934119
vt 5.235988 5.061455
vt 5.061455 6.108653
vt 5.235988 5.235988
vt 5.235988 5.410521
vt 5.235988 5.585053
vt 5.235988 5.759586
vt 5.410521 4.886922
vt 5.235988 5.934119
vt 5.410521 5.061455
vt 5.235988 6.108653
vt 5.410521 5.235988
vt 5.410521 5.410521
vt 5.410521 5.585053
vt 5.410521 5.759586
vt 5.585053 4.886922
vt 5.410521 5.934119
vt 5.585053 5.061455
vt 5.410521 6.108653
vt 5.585053 5.235988
vt 5.585053 5.410521
vt 5.585053 5.585053
vt 5.585053 5.759586
vt 5.759586 4.886922
vt 5.585053 5.934119
vt 5.759586 5.061455
vt 5.585053 6.108653
vt 5.759586 5.235988
vt 5.759586 5.410521
vt 5.759586 5.585053
vt 5.759586 5.759586
vt 5.934119 4.886922
vt 5.759586 5.934119
vt 5.934119 5.061455
vt 5.759586 6.108653
vt 5.934119 5.235988
vt 5.934119 5.410521
vt 5.934119 5.585053
vt 5.934119 5.759586
vt 6.108653 4.886922
vt 5.934119 5.934119
vt 6.108653 5.061455
vt 5.934119 6.108653
vt 6.108653 5.235988
vt 6.108653 5.410521
vt 6.108653 5.585053
vt 6.108653 5.759586
vt 6.108653 5.934119
vt 6.108653 6.108653
f 1601/1601/1601 1682/1682/1682 1600/1600/1600
f 1645/1645/1645 1646/1646/1646 1644/1644/1644
f 1690/1690/1690 1682/1682/1682 1601/1601/1601
f 1691/1691/1691 1682/1682/1682 1690/1690/1690
f 1691/1691/1691 1683/1683/1683 1682/1682/1682
f 1692/1692/1692 1683/1683/1683 1691/1691/1691
f 1692/1692/1692 1684/1684/1684 1683/1683/1683
f 1693/1693/1693 1684/1684/1684 1692/1692/1692
f 1693/1693/1693 1685/1685/1685 1684/1684/1684
f 1694/1694/1694 1685/1685/1685 1693/1693/1693
f 1694/1694/1694 1686/1686/1686 1685/1685/1685
f 1695/1695/1695 1686/1686/1686 1694/1694/1694
f 1695/1695/1695 1687/1687/1687 1686/1686/1686
f 1696/1696/1696 1601/1601/1601 1602/1602/1602
f 1696/1696/1696 1690/1690/1690 1601/1601/1601
f 1697/1697/1697 1687/1687/1687 1695/1695/1695
f 1697/1697/1697 1688/1688/1688 1687/1687/1687
f 1698/1698/1698 1691/1691/1691 1690/1690/1690
f 1698/1698/1698 1690/1690/1690 1696/1696/1696
f 1699/1699/1699 1688/1688/1688 1697/1697/1697
f 1699/1699/1699 1680/1680/1680 1681/1681/1681
f 1699/1699/1699 1689/1689/1689 1688/1688/1688
f 1699/1699/1699 1681/1681/1681 1689/1689/1689
f 1700/1700/1700 1692/1692/1692 1691/1691/1691
f 1700/1700/1700 1691/1691/1691 1698/1698/1698
f 1701/1701/1701 1692/1692/1692 1700/1700/1700
f 1701/1701/1701 1693/1693/1693 1692/1692/1692
f 1702/1702/1702 1694/1694/1694 1693/1693/1693
f 1702/1702/1702 1693/1693/1693 1701/1701/1701
f 1703/1703/1703 1695/1695/1695 1694/1694/1694
f 1703/1703/1703 1694/1694/1694 1702/1702/1702
f 1704/1704/1704 1602/1602/1602 1603/1603/1603
f 1704/1704/1704 1696/1696/1696 1602/1602/1602
f 1705/1705/1705 1697/1697/1697 1695/1695/1695
f 1705/1705/1705 1695/1695/1695 1703/1703/1703
f 1706/1706/1706 1696/1696/1696 1704/1704/1704
f 1706/1706/1706 1698/1698/1698 1696/1696/1696
f 1707/1707/1707 1680/1680/1680 1699/1699/1699
f 1707/1707/1707 1697/1697/1697 1705/1705/1705
f 1707/1707/1707 1679/1679/1679 1680/1680/1680
f 1707/1707/1707 1699/1699/1699 1697/1697/1697
f 1708/1708/1708 1698/1698/1698 1706/1706/1706
f 1708/1708/1708 1700/1700/1700 1698/1698/1698
f 1709/1709/1709 1700/1700/1700 1708/1708/1708
f 1709/1709/1709 1701/1701/1701 1700/1700/1700
f 1710/1710/1710 1701/1701/1701 1709/1709/1709
f 1710/1710/1710 1702/1702/1702 1701/1701/1701
f 1711/1711/1711 1702/1702/1702 1710/1710/1710
f 1711/1711/1711 1703/1703/1703 1702/1702/1702
f 1712/1712/1712 1603/1603/1603 1604/1604/1604
f 1712/1712/1712 1704/1704/1704 1603/1603/1603
f 1713/1713/1713 1703/1703/1703 1711/1711/1711
f 1713/1713/1713 1705/1705/1705 1703/1703/1703
f 1714/1714/1714 1706/1706/1706 1704/1704/1704
f 1714/1714/1714 1704/1704/1704 1712/1712/1712
f 1715/1715/1715 1707/1707/1707 1705/1705/1705
f 1715/1715/1715 1679/1679/1679 1707/1707/1707
f 1715/1715/1715 1678/1678/1678 1679/1679/1679
f 1715/1715/1715 1705/1705/1705 1713/1713/1713
f 1716/1716/1716 1706/1706/1706 1714/1714/1714
f 1716/1716/1716 1708/1708/1708 1706/1706/1706
f 1717/1717/1717 1709/1709/1709 1708/1708/1708
f 1717/1717/1717 1708/1708/1708 1716/1716/1716
f 1718/1718/1718 1710/1710/1710 1709/1709/1709
f 1718/1718/1718 1709/1709/1709 1717/1717/1717
f 1719/1719/1719 1711/1711/1711 1710/1710/1710
f 1719/1719/1719 1710/1710/1710 1718/1718/1718
f 1720/1720/1720 1604/1604/1604 1605/1605/1605
f 1720/1720/1720 1712/1712/1712 1604/1604/1604
f 1721/1721/1721 1711/1711/1711 1719/1719/1719
f 1721/1721/1721 1713/1713/1713 1711/1711/1711
f 1722/1722/1722 1712/1712/1712 1720/1720/1720
f 1722/1722/1722 1714/1714/1714 1712/1712/1712
f 1723/1723/1723 1713/1713/1713 1721/1721/1721
f 1723/1723/1723 1678/1678/1678 1715/1715/1715
f 1723/1723/1723 1715/1715/1715 1713/1713/1713
f 1723/1723/1723 1677/1677/1677 1678/1678/1678
f 1724/1724/1724 1714/1714/1714 1722/1722/1722
f 1724/1724/1724 1716/1716/1716 1714/1714/1714
f 1725/1725/1725 1717/1717/1717 1716/1716/1716
f 1725/1725/1725 1716/1716/1716 1724/1724/1724
f 1726/1726/1726 1718/1718/1718 1717/1717/1717
f 1726/1726/1726 1717/1717/1717 1725/1725/1725
f 1727/1727/1727 1719/1719/1719 1718/1718/1718
f 1727/1727/1727 1718/1718/1718 1726/1726/1726
f 1728/1728/1728 1605/1605/1605 1606/1606/1606
f 1728/1728/1728 1720/1720/1720 1605/1605/1605
f 1729/1729/1729 1719/1719/1719 1727/1727/1727
f 1729/1729/1729 1721/1721/1721 1719/1719/1719
f 1730/1730/1730 1720/1720/1720 1728/1728/1728
f 1730/1730/1730 1722/1722/1722 1720/1720/1720
f 1731/1731/1731 1723/1723/1723 1721/1721/1721
f 1731/1731/1731 1677/1677/1677 1723/1723/1723
f 1731/1731/1731 1676/1676/1676 1677/1677/1677
f 1731/1731/1731 1721/1721/1721 1729/1729/1729
f 1732/1732/1732 1722/1722/1722 1730/1730/1730
f 1732/1732/1732 1724/1724/1724 1722/1722/1722
f 1733/1733/1733 1724/1724/1724 1732/1732/1732
f 1733/1733/1733 1725/1725/1725 1724/1724/1724
f 1734/1734/1734 1726/1726/1726 1725/1725/1725
f 1734/1734/1734 1725/1725/1725 1733/1733/1733
f 1735/1735/1735 1726/1726/1726 1734/1734/1734
f 1735/1735/1735 1727/1727/1727 1726/1726/1726
f 1736/1736/1736 1606/1606/1606 1607/1607/1607
f 1736/1736/1736 1728/1728/1728 1606/1606/1606
f 1737/1737/1737 1727/1727/1727 1735/1735/1735
f 1737/1737/1737 1729/1729/1729 1727/1727/1727
f 1738/1738/1738 1728/1728/1728 1736/1736/1736
f 1738/1738/1738 1730/1730/1730 1728/1728/1728
f 1739/1739/1739 1731/1731/1731 1729/1729/1729
f 1739/1739/1739 1729/1729/1729 1737/1737/1737
f 1739/1739/1739 1675/1675/1675 1676/1676/1676
f 1739/1739/1739 1676/1676/1676 1731/1731/1731
f 1740/1740/1740 1730/1730/1730 1738/1738/1738
f 1740/1740/1740 1732/1732/1732 1730/1730/1730
f 1741/1741/1741 1733/1733/1733 1732/1732/1732
f 1741/1741/1741 1732/1732/1732 1740/1740/1740
f 1742/1742/1742 1734/1734/1734 1733/1733/1733
f 1742/1742/1742 1733/1733/1733 1741/1741/1741
f 1743/1743/1743 1735/1735/1735 1734/1734/1734
f 1743/1743/1743 1734/1734/1734 1742/1742/1742
f 1744/1744/1744 1607/1607/1607 1608/1608/1608
f 1744/1744/1744 1736/1736/1736 1607/1607/1607
f 1745/1745/1745 1737/1737/1737 1735/1735/1735
f 1745/1745/1745 1735/1735/1735 1743/1743/1743
f 1746/1746/1746 1738/1738/1738 1736/1736/1736
f 1746/1746/1746 1736/1736/1736 1744/1744/1744
f 1747/1747/1747 1675/1675/1675 1739/1739/1739
f 1747/1747/1747 1737/1737/1737 1745/1745/1745
f 1747/1747/1747 1739/1739/1739 1737/1737/1737
f 1747/1747/1747 1674/1674/1674 1675/1675/1675
f 1748/1748/1748 1740/1740/1740 1738/1738/1738
f 1748/1748/1748 1738/1738/1738 1746/1746/1746
f 1749/1749/1749 1741/1741/1741 1740/1740/1740
f 1749/1749/1749 1740/1740/1740 1748/1748/1748
f 1750/1750/1750 1742/1742/1742 1741/1741/1741
f 1750/1750/1750 1741/1741/1741 1749/1749/1749
f 1751/1751/1751 1743/1743/1743 1742/1742/1742
f 1751/1751/1751 1745/1745/1745 1743/1743/1743
f 1751/1751/1751 1742/1742/1742 1750/1750/1750
f 1752/1752/1752 1608/1608/1608 1609/1609/1609
f 1752/1752/1752 1744/1744/1744 1608/1608/1608
f 1753/1753/1753 1745/1745/1745 1751/1751/1751
f 1754/1754/1754 1744/1744/1744 1752/1752/1752
f 1754/1754/1754 1746/1746/1746 1744/1744/1744
f 1755/1755/1755 1747/1747/1747 1745/1745/1745
f 1755/1755/1755 1674/1674/1674 1747/1747/1747
f 1755/1755/1755 1745/1745/1745 1753/1753/1753
f 1755/1755/1755 1673/1673/1673 1674/1674/1674
f 1756/1756/1756 1748/1748/1748 1746/1746/1746
f 1756/1756/1756 1746/1746/1746 1754/1754/1754
f 1757/1757/1757 1749/1749/1749 1748/1748/1748
f 1757/1757/1757 1748/1748/1748 1756/1756/1756
f 1758/1758/1758 1750/1750/1750 1749/1749/1749
f 1758/1758/1758 1749/1749/1749 1757/1757/1757
f 1759/1759/1759 1751/1751/1751 1750/1750/1750
f 1759/1759/1759 1750/1750/1750 1758/1758/1758
f 1760/1760/1760 1609/1609/1609 1610/1610/1610
f 1760/1760/1760 1752/1752/1752 1609/1609/1609
f 1761/1761/1761 1753/1753/1753 1751/1751/1751
f 1761/1761/1761 1751/1751/1751 1759/1759/1759
f 1762/1762/1762 1752/1752/1752 1760/1760/1760
f 1762/1762/1762 1754/1754/1754 1752/1752/1752
f 1763/1763/1763 1755/1755/1755 1753/1753/1753
f 1763/1763/1763 1673/1673/1673 1755/1755/1755
f 1763/1763/1763 1672/1672/1672 1673/1673/1673
f 1763/1763/1763 1753/1753/1753 1761/1761/1761
f 1764/1764/1764 1756/1756/1756 1754/1754/1754
f 1764/1764/1764 1754/1754/1754 1762/1762/1762
f 1765/1765/1765 1757/1757/1757 1756/1756/1756
f 1765/1765/1765 1756/1756/1756 1764/1764/1764
f 1766/1766/1766 1757/1757/1757 1765/1765/1765
f 1766/1766/1766 1758/1758/1758 1757/1757/1757
f 1767/1767/1767 1758/1758/1758 1766/1766/1766
f 1767/1767/1767 1759/1759/1759 1758/1758/1758
f 1767/1767/1767 1761/1761/1761 1759/1759/1759
f 1768/1768/1768 1610/1610/1610 1611/1611/1611
f 1768/1768/1768 1760/1760/1760 1610/1610/1610
f 1769/1769/1769 1761/1761/1761 1767/1767/1767
f 1770/1770/1770 1762/1762/1762 1760/1760/1760
f 1770/1770/1770 1760/1760/1760 1768/1768/1768
f 1771/1771/1771 1761/1761/1761 1769/1769/1769
f 1771/1771/1771 1671/1671/1671 1672/1672/1672
f 1771/1771/1771 1672/1672/1672 1763/1763/1763
f 1771/1771/1771 1763/1763/1763 1761/1761/1761
f 1772/1772/1772 1764/1764/1764 1762/1762/1762
f 1772/1772/1772 1762/1762/1762 1770/1770/1770
f 1773/1773/1773 1764/1764/1764 1772/1772/1772
f 1773/1773/1773 1765/1765/1765 1764/1764/1764
f 1774/1774/1774 1766/1766/1766 1765/1765/1765
f 1774/1774/1774 1765/1765/1765 1773/1773/1773
f 1775/1775/1775 1767/1767/1767 1766/1766/1766
f 1775/1775/1775 1766/1766/1766 1774/1774/1774
f 1776/1776/1776 1611/1611/1611 1612/1612/1612
f 1776/1776/1776 1768/1768/1768 1611/1611/1611
f 1777/1777/1777 1767/1767/1767 1775/1775/1775
f 1777/1777/1777 1769/1769/1769 1767/1767/1767
f 1778/1778/1778 1768/1768/1768 1776/1776/1776
f 1778/1778/1778 1770/1770/1770 1768/1768/1768
f 1779/1779/1779 1771/1771/1771 1769/1769/1769
f 1779/1779/1779 1671/1671/1671 1771/1771/1771
f 1779/1779/1779 1769/1769/1769 1777/1777/1777
f 1779/1779/1779 1670/1670/1670 1671/1671/1671
f 1780/1780/1780 1772/1772/1772 1770/1770/1770
f 1780/1780/1780 1770/1770/1770 1778/1778/1778
f 1781/1781/1781 1773/1773/1773 1772/1772/1772
f 1781/1781/1781 1772/1772/1772 1780/1780/1780
f 1781/1781/1781 1774/1774/1774 1773/1773/1773
f 1782/1782/1782 1774/1774/1774 1781/1781/1781
f 1783/1783/1783 1775/1775/1775 1774/1774/1774
f 1783/1783/1783 1774/1774/1774 1782/1782/1782
f 1784/1784/1784 1612/1612/1612 1613/1613/1613
f 1784/1784/1784 1613/1613/1613 1614/1614/1614
f 1784/1784/1784 1776/1776/1776 1612/1612/1612
f 1785/1785/1785 1777/1777/1777 1775/1775/1775
f 1785/1785/1785 1775/1775/1775 1783/1783/1783
f 1786/1786/1786 1778/1778/1778 1776/1776/1776
f 1786/1786/1786 1776/1776/1776 1784/1784/1784
f 1787/1787/1787 1779/1779/1779 1777/1777/1777
f 1787/1787/1787 1670/1670/1670 1779/1779/1779
f 1787/1787/1787 1777/1777/1777 1785/1785/1785
f 1787/1787/1787 1669/1669/1669 1670/1670/1670
f 1788/1788/1788 1780/1780/1780 1778/1778/1778
f 1788/1788/1788 1778/1778/1778 1786/1786/1786
f 1789/1789/1789 1781/1781/1781 1780/1780/1780
f 1789/1789/1789 1780/1780/1780 1788/1788/1788
f 1790/1790/1790 1782/1782/1782 1781/1781/1781
f 1790/1790/1790 1783/1783/1783 1782/1782/1782
f 1790/1790/1790 1781/1781/1781 1789/1789/1789
f 1791/1791/1791 1783/1783/1783 1790/1790/1790
f 1792/1792/1792 1784/1784/1784 1614/1614/1614
f 1793/1793/1793 1785/1785/1785 1783/1783/1783
f 1793/1793/1793 1783/1783/1783 1791/1791/1791
f 1794/1794/1794 1786/1786/1786 1784/1784/1784
f 1794/1794/1794 1784/1784/1784 1792/1792/1792
f 1795/1795/1795 1787/1787/1787 1785/1785/1785
f 1795/1795/1795 1669/1669/1669 1787/1787/1787
f 1795/1795/1795 1668/1668/1668 1669/1669/1669
f 1795/1795/1795 1785/1785/1785 1793/1793/1793
f 1796/1796/1796 1788/1788/1788 1786/1786/1786
f 1796/1796/1796 1786/1786/1786 1794/1794/1794
f 1797/1797/1797 1789/1789/1789 1788/1788/1788
f 1797/1797/1797 1788/1788/1788 1796/1796/1796
f 1798/1798/1798 1790/1790/1790 1789/1789/1789
f 1798/1798/1798 1789/1789/1789 1797/1797/1797
f 1799/1799/1799 1791/1791/1791 1790/1790/1790
f 1799/1799/1799 1790/1790/1790 1798/1798/1798
f 1800/1800/1800 1794/1794/1794 1792/1792/1792
f 1800/1800/1800 1614/1614/1614 1615/1615/1615
f 1800/1800/1800 1792/1792/1792 1614/1614/1614
f 1801/1801/1801 1793/1793/1793 1791/1791/1791
f 1801/1801/1801 1791/1791/1791 1799/1799/1799
f 1802/1802/1802 1794/1794/1794 1800/1800/1800
f 1803/1803/1803 1667/1667/1667 1668/1668/1668
f 1803/1803/1803 1793/1793/1793 1801/1801/1801
f 1803/1803/1803 1668/1668/1668 1795/1795/1795
f 1803/1803/1803 1795/1795/1795 1793/1793/1793
f 1804/1804/1804 1794/1794/1794 1802/1802/1802
f 1804/1804/1804 1796/1796/1796 1794/1794/1794
f 1805/1805/1805 1796/1796/1796 1804/1804/1804
f 1805/1805/1805 1797/1797/1797 1796/1796/1796
f 1805/1805/1805 1798/1798/1798 1797/1797/1797
f 1806/1806/1806 1798/1798/1798 1805/1805/1805
f 1807/1807/1807 1799/1799/1799 1798/1798/1798
f 1807/1807/1807 1798/1798/1798 1806/1806/1806
f 1808/1808/1808 1615/1615/1615 1616/1616/1616
f 1808/1808/1808 1800/1800/1800 1615/1615/1615
f 1809/1809/1809 1801/1801/1801 1799/1799/1799
f 1809/1809/1809 1799/1799/1799 1807/1807/1807
f 1810/1810/1810 1800/1800/1800 1808/1808/1808
f 1810/1810/1810 1802/1802/1802 1800/1800/1800
f 1811/1811/1811 1803/1803/1803 1801/1801/1801
f 1811/1811/1811 1801/1801/1801 1809/1809/1809
f 1811/1811/1811 1666/1666/1666 1667/1667/1667
f 1811/1811/1811 1667/1667/1667 1803/1803/1803
f 1812/1812/1812 1804/1804/1804 1802/1802/1802
f 1812/1812/1812 1802/1802/1802 1810/1810/1810
f 1813/1813/1813 1805/1805/1805 1804/1804/1804
f 1813/1813/1813 1804/1804/1804 1812/1812/1812
f 1814/1814/1814 1806/1806/1806 1805/1805/1805
f 1814/1814/1814 1805/1805/1805 1813/1813/1813
f 1815/1815/1815 1807/1807/1807 1806/1806/1806
f 1815/1815/1815 1806/1806/1806 1814/1814/1814
f 1816/1816/1816 1616/1616/1616 1617/1617/1617
f 1816/1816/1816 1617/1617/1617 1618/1618/1618
f 1816/1816/1816 1808/1808/1808 1616/1616/1616
f 1817/1817/1817 1807/1807/1807 1815/1815/1815
f 1817/1817/1817 1809/1809/1809 1807/1807/1807
f 1818/1818/1818 1810/1810/1810 1808/1808/1808
f 1818/1818/1818 1808/1808/1808 1816/1816/1816
f 1819/1819/1819 1811/1811/1811 1809/1809/1809
f 1819/1819/1819 1666/1666/1666 1811/1811/1811
f 1819/1819/1819 1809/1809/1809 1817/1817/1817
f 1819/1819/1819 1665/1665/1665 1666/1666/1666
f 1820/1820/1820 1812/1812/1812 1810/1810/1810
f 1820/1820/1820 1810/1810/1810 1818/1818/1818
f 1821/1821/1821 1813/1813/1813 1812/1812/1812
f 1821/1821/1821 1812/1812/1812 1820/1820/1820
f 1822/1822/1822 1813/1813/1813 1821/1821/1821
f 1822/1822/1822 1814/1814/1814 1813/1813/1813
f 1823/1823/1823 1815/1815/1815 1814/1814/1814
f 1823/1823/1823 1814/1814/1814 1822/1822/1822
f 1824/1824/1824 1816/1816/1816 1618/1618/1618
f 1824/1824/1824 1818/1818/1818 1816/1816/1816
f 1825/1825/1825 1817/1817/1817 1815/1815/1815
f 1825/1825/1825 1815/1815/1815 1823/1823/1823
f 1826/1826/1826 1818/1818/1818 1824/1824/1824
f 1827/1827/1827 1819/1819/1819 1817/1817/1817
f 1827/1827/1827 1665/1665/1665 1819/1819/1819
f 1827/1827/1827 1664/1664/1664 1665/1665/1665
f 1827/1827/1827 1817/1817/1817 1825/1825/1825
f 1828/1828/1828 1820/1820/1820 1818/1818/1818
f 1828/1828/1828 1818/1818/1818 1826/1826/1826
f 1829/1829/1829 1822/1822/1822 1821/1821/1821
f 1829/1829/1829 1821/1821/1821 1820/1820/1820
f 1829/1829/1829 1820/1820/1820 1828/1828/1828
f 1830/1830/1830 1823/1823/1823 1822/1822/1822
f 1830/1830/1830 1822/1822/1822 1829/1829/1829
f 1831/1831/1831 1823/1823/1823 1830/1830/1830
f 1832/1832/1832 1618/1618/1618 1619/1619/1619
f 1832/1832/1832 1824/1824/1824 1618/1618/1618
f 1833/1833/1833 1825/1825/1825 1823/1823/1823
f 1833/1833/1833 1827/1827/1827 1825/1825/1825
f 1833/1833/1833 1823/1823/1823 1831/1831/1831
f 1834/1834/1834 1826/1826/1826 1824/1824/1824
f 1834/1834/1834 1824/1824/1824 1832/1832/1832
f 1835/1835/1835 1827/1827/1827 1833/1833/1833
f 1835/1835/1835 1663/1663/1663 1664/1664/1664
f 1835/1835/1835 1664/1664/1664 1827/1827/1827
f 1836/1836/1836 1828/1828/1828 1826/1826/1826
f 1836/1836/1836 1826/1826/1826 1834/1834/1834
f 1837/1837/1837 1828/1828/1828 1836/1836/1836
f 1837/1837/1837 1829/1829/1829 1828/1828/1828
f 1838/1838/1838 1829/1829/1829 1837/1837/1837
f 1838/1838/1838 1830/1830/1830 1829/1829/1829
f 1839/1839/1839 1830/1830/1830 1838/1838/1838
f 1839/1839/1839 1831/1831/1831 1830/1830/1830
f 1840/1840/1840 1619/1619/1619 1620/1620/1620
f 1840/1840/1840 1832/1832/1832 1619/1619/1619
f 1841/1841/1841 1833/1833/1833 1831/1831/1831
f 1841/1841/1841 1831/1831/1831 1839/1839/1839
f 1842/1842/1842 1832/1832/1832 1840/1840/1840
f 1842/1842/1842 1834/1834/1834 1832/1832/1832
f 1843/1843/1843 1663/1663/1663 1835/1835/1835
f 1843/1843/1843 1662/1662/1662 1663/1663/1663
f 1843/1843/1843 1835/1835/1835 1833/1833/1833
f 1843/1843/1843 1833/1833/1833 1841/1841/1841
f 1844/1844/1844 1836/1836/1836 1834/1834/1834
f 1844/1844/1844 1834/1834/1834 1842/1842/1842
f 1845/1845/1845 1836/1836/1836 1844/1844/1844
f 1845/1845/1845 1837/1837/1837 1836/1836/1836
f 1846/1846/1846 1838/1838/1838 1837/1837/1837
f 1846/1846/1846 1837/1837/1837 1845/1845/1845
f 1847/1847/1847 1839/1839/1839 1838/1838/1838
f 1847/1847/1847 1838/1838/1838 1846/1846/1846
f 1848/1848/1848 1620/1620/1620 1621/1621/1621
f 1848/1848/1848 1840/1840/1840 1620/1620/1620
f 1849/1849/1849 1839/1839/1839 1847/1847/1847
f 1849/1849/1849 1841/1841/1841 1839/1839/1839
f 1850/1850/1850 1842/1842/1842 1840/1840/1840
f 1850/1850/1850 1840/1840/1840 1848/1848/1848
f 1851/1851/1851 1843/1843/1843 1841/1841/1841
f 1851/1851/1851 1841/1841/1841 1849/1849/1849
f 1851/1851/1851 1662/1662/1662 1843/1843/1843
f 1851/1851/1851 1661/1661/1661 1662/1662/1662
f 1852/1852/1852 1844/1844/1844 1842/1842/1842
f 1852/1852/1852 1842/1842/1842 1850/1850/1850
f 1853/1853/1853 1845/1845/1845 1844/1844/1844
f 1853/1853/1853 1846/1846/1846 1845/1845/1845
f 1853/1853/1853 1844/1844/1844 1852/1852/1852
f 1854/1854/1854 1847/1847/1847 1846/1846/1846
f 1854/1854/1854 1846/1846/1846 1853/1853/1853
f 1855/1855/1855 1847/1847/1847 1854/1854/1854
f 1856/1856/1856 1621/1621/1621 1622/1622/1622
f 1856/1856/1856 1848/1848/1848 1621/1621/1621
f 1857/1857/1857 1851/1851/1851 1849/1849/1849
f 1857/1857/1857 1849/1849/1849 1847/1847/1847
f 1857/1857/1857 1847/1847/1847 1855/1855/1855
f 1858/1858/1858 1848/1848/1848 1856/1856/1856
f 1858/1858/1858 1850/1850/1850 1848/1848/1848
f 1859/1859/1859 1661/1661/1661 1851/1851/1851
f 1859/1859/1859 1660/1660/1660 1661/1661/1661
f 1859/1859/1859 1851/1851/1851 1857/1857/1857
f 1860/1860/1860 1850/1850/1850 1858/1858/1858
f 1860/1860/1860 1852/1852/1852 1850/1850/1850
f 1861/1861/1861 1853/1853/1853 1852/1852/1852
f 1861/1861/1861 1852/1852/1852 1860/1860/1860
f 1862/1862/1862 1853/1853/1853 1861/1861/1861
f 1862/1862/1862 1854/1854/1854 1853/1853/1853
f 1863/1863/1863 1855/1855/1855 1854/1854/1854
f 1863/1863/1863 1854/1854/1854 1862/1862/1862
f 1864/1864/1864 1622/1622/1622 1623/1623/1623
f 1864/1864/1864 1856/1856/1856 1622/1622/1622
f 1865/1865/1865 1855/1855/1855 1863/1863/1863
f 1865/1865/1865 1857/1857/1857 1855/1855/1855
f 1866/1866/1866 1856/1856/1856 1864/1864/1864
f 1866/1866/1866 1858/1858/1858 1856/1856/1856
f 1867/1867/1867 1659/1659/1659 1660/1660/1660
f 1867/1867/1867 1660/1660/1660 1859/1859/1859
f 1867/1867/1867 1859/1859/1859 1857/1857/1857
f 1867/1867/1867 1857/1857/1857 1865/1865/1865
f 1868/1868/1868 1858/1858/1858 1866/1866/1866
f 1868/1868/1868 1860/1860/1860 1858/1858/1858
f 1869/1869/1869 1861/1861/1861 1860/1860/1860
f 1869/1869/1869 1860/1860/1860 1868/1868/1868
f 1870/1870/1870 1862/1862/1862 1861/1861/1861
f 1870/1870/1870 1861/1861/1861 1869/1869/1869
f 1870/1870/1870 1863/1863/1863 1862/1862/1862
f 1871/1871/1871 1863/1863/1863 1870/1870/1870
f 1872/1872/1872 1623/1623/1623 1624/1624/1624
f 1872/1872/1872 1864/1864/1864 1623/1623/1623
f 1873/1873/1873 1863/1863/1863 1871/1871/1871
f 1873/1873/1873 1865/1865/1865 1863/1863/1863
f 1874/1874/1874 1864/1864/1864 1872/1872/1872
f 1874/1874/1874 1866/1866/1866 1864/1864/1864
f 1874/1874/1874 1868/1868/1868 1866/1866/1866
f 1875/1875/1875 1867/1867/1867 1865/1865/1865
f 1875/1875/1875 1865/1865/1865 1873/1873/1873
f 1875/1875/1875 1658/1658/1658 1659/1659/1659
f 1875/1875/1875 1659/1659/1659 1867/1867/1867
f 1876/1876/1876 1869/1869/1869 1868/1868/1868
f 1876/1876/1876 1868/1868/1868 1874/1874/1874
f 1877/1877/1877 1870/1870/1870 1869/1869/1869
f 1877/1877/1877 1869/1869/1869 1876/1876/1876
f 1878/1878/1878 1871/1871/1871 1870/1870/1870
f 1878/1878/1878 1870/1870/1870 1877/1877/1877
f 1879/1879/1879 1871/1871/1871 1878/1878/1878
f 1880/1880/1880 1872/1872/1872 1624/1624/1624
f 1880/1880/1880 1624/1624/1624 1625/1625/1625
f 1881/1881/1881 1873/1873/1873 1871/1871/1871
f 1881/1881/1881 1871/1871/1871 1879/1879/1879
f 1881/1881/1881 1875/1875/1875 1873/1873/1873
f 1882/1882/1882 1874/1874/1874 1872/1872/1872
f 1882/1882/1882 1872/1872/1872 1880/1880/1880
f 1883/1883/1883 1658/1658/1658 1875/1875/1875
f 1883/1883/1883 1875/1875/1875 1881/1881/1881
f 1883/1883/1883 1657/1657/1657 1658/1658/1658
f 1884/1884/1884 1874/1874/1874 1882/1882/1882
f 1884/1884/1884 1876/1876/1876 1874/1874/1874
f 1885/1885/1885 1877/1877/1877 1876/1876/1876
f 1885/1885/1885 1878/1878/1878 1877/1877/1877
f 1885/1885/1885 1876/1876/1876 1884/1884/1884
f 1886/1886/1886 1878/1878/1878 1885/1885/1885
f 1887/1887/1887 1879/1879/1879 1878/1878/1878
f 1887/1887/1887 1878/1878/1878 1886/1886/1886
f 1887/1887/1887 1881/1881/1881 1879/1879/1879
f 1888/1888/1888 1625/1625/1625 1626/1626/1626
f 1888/1888/1888 1880/1880/1880 1625/1625/1625
f 1889/1889/1889 1881/1881/1881 1887/1887/1887
f 1890/1890/1890 1880/1880/1880 1888/1888/1888
f 1890/1890/1890 1882/1882/1882 1880/1880/1880
f 1891/1891/1891 1883/1883/1883 1881/1881/1881
f 1891/1891/1891 1657/1657/1657 1883/1883/1883
f 1891/1891/1891 1655/1655/1655 1656/1656/1656
f 1891/1891/1891 1656/1656/1656 1657/1657/1657
f 1891/1891/1891 1881/1881/1881 1889/1889/1889
f 1892/1892/1892 1884/1884/1884 1882/1882/1882
f 1892/1892/1892 1885/1885/1885 1884/1884/1884
f 1892/1892/1892 1882/1882/1882 1890/1890/1890
f 1893/1893/1893 1886/1886/1886 1885/1885/1885
f 1893/1893/1893 1885/1885/1885 1892/1892/1892
f 1894/1894/1894 1886/1886/1886 1893/1893/1893
f 1895/1895/1895 1887/1887/1887 1886/1886/1886
f 1895/1895/1895 1889/1889/1889 1887/1887/1887
f 1895/1895/1895 1886/1886/1886 1894/1894/1894
f 1896/1896/1896 1888/1888/1888 1626/1626/1626
f 1896/1896/1896 1890/1890/1890 1888/1888/1888
f 1896/1896/1896 1626/1626/1626 1627/1627/1627
f 1897/1897/1897 1889/1889/1889 1895/1895/1895
f 1898/1898/1898 1890/1890/1890 1896/1896/1896
f 1899/1899/1899 1655/1655/1655 1891/1891/1891
f 1899/1899/1899 1891/1891/1891 1889/1889/1889
f 1899/1899/1899 1889/1889/1889 1897/1897/1897
f 1900/1900/1900 1890/1890/1890 1898/1898/1898
f 1900/1900/1900 1892/1892/1892 1890/1890/1890
f 1901/1901/1901 1892/1892/1892 1900/1900/1900
f 1901/1901/1901 1893/1893/1893 1892/1892/1892
f 1902/1902/1902 1893/1893/1893 1901/1901/1901
f 1902/1902/1902 1894/1894/1894 1893/1893/1893
f 1903/1903/1903 1894/1894/1894 1902/1902/1902
f 1903/1903/1903 1895/1895/1895 1894/1894/1894
f 1904/1904/1904 1896/1896/1896 1627/1627/1627
f 1904/1904/1904 1627/1627/1627 1628/1628/1628
f 1905/1905/1905 1895/1895/1895 1903/1903/1903
f 1905/1905/1905 1897/1897/1897 1895/1895/1895
f 1906/1906/1906 1898/1898/1898 1896/1896/1896
f 1906/1906/1906 1896/1896/1896 1904/1904/1904
f 1907/1907/1907 1897/1897/1897 1905/1905/1905
f 1907/1907/1907 1654/1654/1654 1655/1655/1655
f 1907/1907/1907 1655/1655/1655 1899/1899/1899
f 1907/1907/1907 1899/1899/1899 1897/1897/1897
f 1908/1908/1908 1898/1898/1898 1906/1906/1906
f 1908/1908/1908 1901/1901/1901 1900/1900/1900
f 1908/1908/1908 1900/1900/1900 1898/1898/1898
f 1909/1909/1909 1901/1901/1901 1908/1908/1908
f 1910/1910/1910 1902/1902/1902 1901/1901/1901
f 1910/1910/1910 1901/1901/1901 1909/1909/1909
f 1911/1911/1911 1903/1903/1903 1902/1902/1902
f 1911/1911/1911 1902/1902/1902 1910/1910/1910
f 1912/1912/1912 1904/1904/1904 1628/1628/1628
f 1912/1912/1912 1628/1628/1628 1629/1629/1629
f 1913/1913/1913 1905/1905/1905 1903/1903/1903
f 1913/1913/1913 1903/1903/1903 1911/1911/1911
f 1914/1914/1914 1904/1904/1904 1912/1912/1912
f 1914/1914/1914 1906/1906/1906 1904/1904/1904
f 1915/1915/1915 1907/1907/1907 1905/1905/1905
f 1915/1915/1915 1654/1654/1654 1907/1907/1907
f 1915/1915/1915 1905/1905/1905 1913/1913/1913
f 1915/1915/1915 1653/1653/1653 1654/1654/1654
f 1916/1916/1916 1908/1908/1908 1906/1906/1906
f 1916/1916/1916 1906/1906/1906 1914/1914/1914
f 1917/1917/1917 1908/1908/1908 1916/1916/1916
f 1917/1917/1917 1909/1909/1909 1908/1908/1908
f 1918/1918/1918 1910/1910/1910 1909/1909/1909
f 1918/1918/1918 1909/1909/1909 1917/1917/1917
f 1919/1919/1919 1911/1911/1911 1910/1910/1910
f 1919/1919/1919 1910/1910/1910 1918/1918/1918
f 1920/1920/1920 1629/1629/1629 1630/1630/1630
f 1920/1920/1920 1912/1912/1912 1629/1629/1629
f 1921/1921/1921 1913/1913/1913 1911/1911/1911
f 1921/1921/1921 1911/1911/1911 1919/1919/1919
f 1922/1922/1922 1914/1914/1914 1912/1912/1912
f 1922/1922/1922 1912/1912/1912 1920/1920/1920
f 1923/1923/1923 1915/1915/1915 1913/1913/1913
f 1923/1923/1923 1653/1653/1653 1915/1915/1915
f 1923/1923/1923 1652/1652/1652 1653/1653/1653
f 1923/1923/1923 1913/1913/1913 1921/1921/1921
f 1924/1924/1924 1916/1916/1916 1914/1914/1914
f 1924/1924/1924 1914/1914/1914 1922/1922/1922
f 1925/1925/1925 1916/1916/1916 1924/1924/1924
f 1925/1925/1925 1917/1917/1917 1916/1916/1916
f 1926/1926/1926 1919/1919/1919 1918/1918/1918
f 1926/1926/1926 1918/1918/1918 1917/1917/1917
f 1926/1926/1926 1917/1917/1917 1925/1925/1925
f 1927/1927/1927 1919/1919/1919 1926/1926/1926
f 1928/1928/1928 1922/1922/1922 1920/1920/1920
f 1928/1928/1928 1630/1630/1630 1631/1631/1631
f 1928/1928/1928 1920/1920/1920 1630/1630/1630
f 1929/1929/1929 1921/1921/1921 1919/1919/1919
f 1929/1929/1929 1919/1919/1919 1927/1927/1927
f 1930/1930/1930 1922/1922/1922 1928/1928/1928
f 1931/1931/1931 1651/1651/1651 1652/1652/1652
f 1931/1931/1931 1652/1652/1652 1923/1923/1923
f 1931/1931/1931 1923/1923/1923 1921/1921/1921
f 1931/1931/1931 1921/1921/1921 1929/1929/1929
f 1932/1932/1932 1925/1925/1925 1924/1924/1924
f 1932/1932/1932 1924/1924/1924 1922/1922/1922
f 1932/1932/1932 1922/1922/1922 1930/1930/1930
f 1933/1933/1933 1925/1925/1925 1932/1932/1932
f 1934/1934/1934 1926/1926/1926 1925/1925/1925
f 1934/1934/1934 1927/1927/1927 1926/1926/1926
f 1934/1934/1934 1925/1925/1925 1933/1933/1933
f 1935/1935/1935 1927/1927/1927 1934/1934/1934
f 1935/1935/1935 1929/1929/1929 1927/1927/1927
f 1936/1936/1936 1631/1631/1631 1632/1632/1632
f 1936/1936/1936 1928/1928/1928 1631/1631/1631
f 1937/1937/1937 1929/1929/1929 1935/1935/1935
f 1938/1938/1938 1928/1928/1928 1936/1936/1936
f 1938/1938/1938 1930/1930/1930 1928/1928/1928
f 1939/1939/1939 1929/1929/1929 1937/1937/1937
f 1939/1939/1939 1650/1650/1650 1651/1651/1651
f 1939/1939/1939 1651/1651/1651 1931/1931/1931
f 1939/1939/1939 1931/1931/1931 1929/1929/1929
f 1940/1940/1940 1930/1930/1930 1938/1938/1938
f 1940/1940/1940 1933/1933/1933 1932/1932/1932
f 1940/1940/1940 1932/1932/1932 1930/1930/1930
f 1941/1941/1941 1933/1933/1933 1940/1940/1940
f 1942/1942/1942 1934/1934/1934 1933/1933/1933
f 1942/1942/1942 1933/1933/1933 1941/1941/1941
f 1943/1943/1943 1934/1934/1934 1942/1942/1942
f 1943/1943/1943 1935/1935/1935 1934/1934/1934
f 1944/1944/1944 1632/1632/1632 1633/1633/1633
f 1944/1944/1944 1633/1633/1633 1634/1634/1634
f 1944/1944/1944 1936/1936/1936 1632/1632/1632
f 1945/1945/1945 1937/1937/1937 1935/1935/1935
f 1945/1945/1945 1935/1935/1935 1943/1943/1943
f 1946/1946/1946 1936/1936/1936 1944/1944/1944
f 1946/1946/1946 1938/1938/1938 1936/1936/1936
f 1947/1947/1947 1939/1939/1939 1937/1937/1937
f 1947/1947/1947 1937/1937/1937 1945/1945/1945
f 1947/1947/1947 1650/1650/1650 1939/1939/1939
f 1947/1947/1947 1649/1649/1649 1650/1650/1650
f 1948/1948/1948 1940/1940/1940 1938/1938/1938
f 1948/1948/1948 1938/1938/1938 1946/1946/1946
f 1949/1949/1949 1941/1941/1941 1940/1940/1940
f 1949/1949/1949 1940/1940/1940 1948/1948/1948
f 1950/1950/1950 1942/1942/1942 1941/1941/1941
f 1950/1950/1950 1943/1943/1943 1942/1942/1942
f 1950/1950/1950 1941/1941/1941 1949/1949/1949
f 1951/1951/1951 1943/1943/1943 1950/1950/1950
f 1952/1952/1952 1946/1946/1946 1944/1944/1944
f 1952/1952/1952 1944/1944/1944 1634/1634/1634
f 1953/1953/1953 1945/1945/1945 1943/1943/1943
f 1953/1953/1953 1943/1943/1943 1951/1951/1951
f 1954/1954/1954 1946/1946/1946 1952/1952/1952
f 1955/1955/1955 1649/1649/1649 1947/1947/1947
f 1955/1955/1955 1648/1648/1648 1649/1649/1649
f 1955/1955/1955 1945/1945/1945 1953/1953/1953
f 1955/1955/1955 1947/1947/1947 1945/1945/1945
f 1956/1956/1956 1948/1948/1948 1946/1946/1946
f 1956/1956/1956 1946/1946/1946 1954/1954/1954
f 1957/1957/1957 1949/1949/1949 1948/1948/1948
f 1957/1957/1957 1948/1948/1948 1956/1956/1956
f 1958/1958/1958 1950/1950/1950 1949/1949/1949
f 1958/1958/1958 1951/1951/1951 1950/1950/1950
f 1958/1958/1958 1949/1949/1949 1957/1957/1957
f 1959/1959/1959 1951/1951/1951 1958/1958/1958
f 1960/1960/1960 1634/1634/1634 1635/1635/1635
f 1960/1960/1960 1635/1635/1635 1636/1636/1636
f 1960/1960/1960 1636/1636/1636 1637/1637/1637
f 1960/1960/1960 1952/1952/1952 1634/1634/1634
f 1960/1960/1960 1954/1954/1954 1952/1952/1952
f 1961/1961/1961 1953/1953/1953 1951/1951/1951
f 1961/1961/1961 1951/1951/1951 1959/1959/1959
f 1962/1962/1962 1637/1637/1637 1638/1638/1638
f 1962/1962/1962 1954/1954/1954 1960/1960/1960
f 1962/1962/1962 1960/1960/1960 1637/1637/1637
f 1963/1963/1963 1647/1647/1647 1648/1648/1648
f 1963/1963/1963 1648/1648/1648 1955/1955/1955
f 1963/1963/1963 1955/1955/1955 1953/1953/1953
f 1963/1963/1963 1953/1953/1953 1961/1961/1961
f 1964/1964/1964 1638/1638/1638 1639/1639/1639
f 1964/1964/1964 1954/1954/1954 1962/1962/1962
f 1964/1964/1964 1956/1956/1956 1954/1954/1954
f 1964/1964/1964 1962/1962/1962 1638/1638/1638
f 1965/1965/1965 1639/1639/1639 1640/1640/1640
f 1965/1965/1965 1957/1957/1957 1956/1956/1956
f 1965/1965/1965 1964/1964/1964 1639/1639/1639
f 1965/1965/1965 1956/1956/1956 1964/1964/1964
f 1966/1966/1966 1640/1640/1640 1641/1641/1641
f 1966/1966/1966 1958/1958/1958 1957/1957/1957
f 1966/1966/1966 1957/1957/1957 1965/1965/1965
f 1966/1966/1966 1965/1965/1965 1640/1640/1640
f 1967/1967/1967 1641/1641/1641 1642/1642/1642
f 1967/1967/1967 1959/1959/1959 1958/1958/1958
f 1967/1967/1967 1958/1958/1958 1966/1966/1966
f 1967/1967/1967 1966/1966/1966 1641/1641/1641
f 1968/1968/1968 1642/1642/1642 1643/1643/1643
f 1968/1968/1968 1961/1961/1961 1959/1959/1959
f 1968/1968/1968 1959/1959/1959 1967/1967/1967
f 1968/1968/1968 1967/1967/1967 1642/1642/1642
f 1969/1969/1969 1968/1968/1968 1643/1643/1643
f 1969/1969/1969 1961/1961/1961 1968/1968/1968
f 1969/1969/1969 1647/1647/1647 1963/1963/1963
f 1969/1969/1969 1643/1643/1643 1644/1644/1644
f 1969/1969/1969 1646/1646/1646 1647/1647/1647
f 1969/1969/1969 1644/1644/1644 1646/1646/1646
f 1969/1969/1969 1963/1963/1963 1961/1961/1961
v 4.500000 3.250000 2.000000
v 4.490505 3.141470 2.000000
v 4.462308 3.036237 2.000000
v 4.416266 2.937500 2.000000
v 4.353778 2.848258 2.000000
v 4.276742 2.771222 2.000000
v 4.187500 2.708734 2.000000
v 4.088763 2.662692 2.000000
v 3.983530 2.634495 2.000000
v 3.875000 2.625000 2.000000
v 3.766470 2.634495 2.000000
v 3.661237 2.662692 2.000000
v 3.562500 2.708734 2.000000
v 3.473258 2.771222 2.000000
v 3.396222 2.848258 2.000000
v 3.333734 2.937500 2.000000
v 3.287692 3.036237 2.000000
v 3.259495 3.141470 2.000000
v 3.250000 3.250000 2.000000
v 3.259495 3.358530 2.000000
v 3.287692 3.463763 2.000000
v 3.333734 3.562500 2.000000
v 3.396222 3.651742 2.000000
v 3.473258 3.728778 2.000000
v 3.562500 3.791266 2.000000
v 3.661237 3.837308 2.000000
v 3.766470 3.865505 2.000000
v 3.875000 3.875000 2.000000
v 3.983530 3.865505 2.000000
v 4.088763 3.837308 2.000000
v 4.187500 3.791266 2.000000
v 4.276742 3.728778 2.000000
v 4.353778 3.651742 2.000000
v 4.416266 3.562500 2.000000
v 4.462308 3.463763 2.000000
v 4.490505 3.358530 2.000000
v 3.357766 3.250000 2.000000
v 3.365624 3.339817 2.000000
v 3.388959 3.426904 2.000000
v 3.427062 3.508617 2.000000
v 3.478776 3.582472 2.000000
v 3.542528 3.646224 2.000000
v 3.616383 3.697938 2.000000
v 3.698096 3.736041 2.000000
v 3.785183 3.759376 2.000000
v 3.875000 3.767234 2.000000
v 3.964817 3.759376 2.000000
v 4.051905 3.736041 2.000000
v 4.133617 3.697938 2.000000
v 4.207472 3.646224 2.000000
v 4.271224 3.582472 2.000000
v 4.322938 3.508617 2.000000
v 4.361041 3.426904 2.000000
v 4.384377 3.339817 2.000000
v 4.392234 3.250000 2.000000
v 4.384377 3.160183 2.000000
v 4.361041 3.073096 2.000000
v 4.322938 2.991383 2.000000
v 4.271224 2.917528 2.000000
v 4.207472 2.853776 2.000000
v 4.133617 2.802062 2.000000
v 4.051905 2.763959 2.000000
v 3.964817 2.740624 2.000000
v 3.875000 2.732766 2.000000
v 3.785183 2.740624 2.000000
v 3.698096 2.763959 2.000000
v 3.616383 2.802062 2.000000
v 3.542528 2.853776 2.000000
v 3.478776 2.917528 2.000000
v 3.427062 2.991383 2.000000
v 3.388959 3.073096 2.000000
v 3.365624 3.160183 2.000000
vn 0.000000 0.000000 1.000000
vn 0.000000 0.000000 1.000000
vn 0.000000 0.000000 1.000000
vn 0.000000 0.000000 1.000000
vn 0.000000 0.000000 1.000000
vn 0.000000 0.000000 1.000000
vn 0.000000 0.000000 1.000000
vn 0.000000 0.000000 1.000000
vn 0.000000 0.000000 1.000000
vn 0.000000 0.000000 1.000000
vn 0.000000 0.000000 1.000000
vn 0.000000 0.000000 1.000000
vn 0.000000 0.000000 1.000000
vn 0.000000 0.000000 1.000000
vn 0.000000 0.000000 1.000000
vn 0.000000 0.000000 1.000000
vn 0.000000 0.000000 1.000000
vn 0.000000 0.000000 1.000000
vn 0.000000 0.000000 1.000000
vn 0.000000 0.000000 1.000000
vn 0.000000 0.000000 1.000000
vn 0.000000 0.000000 1.000000
vn 0.000000 0.000000 1.000000
vn 0.000000 0.000000 1.000000
vn 0.000000 0.000000 1.000000
vn 0.000000 0.000000 1.000000
vn 0.000000 0.000000 1.000000
vn 0.000000 0.000000 1.000000
vn 0.000000 0.000000 1.000000
vn 0.000000 0.000000 1.000000
vn 0.000000 0.000000 1.000000
vn 0.000000 0.000000 1.000000
vn 0.000000 0.000000 1.000000
vn 0.000000 0.000000 1.000000
vn 0.000000 0.000000 1.000000
vn 0.000000 0.000000 1.000000
vn 0.000000 0.000000 1.000000
vn 0.000000 0.000000 1.000000
vn 0.000000 0.000000 1.000000
vn 0.000000 0.000000 1.000000
vn 0.000000 0.000000 1.000000
vn 0.000000 0.000000 1.000000
vn 0.000000 0.000000 1.000000
vn 0.000000 0.000000 1.000000
vn 0.000000 0.000000 1.000000
vn 0.000000 0.000000 1.000000
vn 0.000000 0.000000 1.000000
vn 0.000000 0.000000 1.000000
vn 0.000000 0.000000 1.000000
vn 0.000000 0.000000 1.000000
vn 0.000000 0.000000 1.000000
vn 0.000000 0.000000 1.000000
vn 0.000000 0.000000 1.000000
vn 0.000000 0.000000 1.000000
vn 0.000000 0.000000 1.000000
vn 0.000000 0.000000 1.000000
vn 0.000000 0.000000 1.000000
vn 0.000000 0.000000 1.000000
vn 0.000000 0.000000 1.000000
vn 0.000000 0.000000 1.000000
vn 0.000000 0.000000 1.000000
vn 0.000000 0.000000 1.000000
vn 0.000000 0.000000 1.000000
vn 0.000000 0.000000 1.000000
vn 0.000000 0.000000 1.000000
vn 0.000000 0.000000 1.000000
vn 0.000000 0.000000 1.000000
vn 0.000000 0.000000 1.000000
vn 0.000000 0.000000 1.000000
vn 0.000000 0.000000 1.000000
vn 0.000000 0.000000 1.000000
vn 0.000000 0.000000 1.000000
vt -0.125000 0.000000
vt -0.134495 -0.108530
vt -0.162692 -0.213763
vt -0.208734 -0.312500
vt -0.271222 -0.401742
vt -0.348258 -0.478778
vt -0.437500 -0.541266
vt -0.536237 -0.587308
vt -0.641470 -0.615505
vt -0.750000 -0.625000
vt -0.858530 -0.615505
vt -0.963763 -0.587308
vt -1.062500 -0.541266
vt -1.151742 -0.478778
vt -1.228778 -0.401742
vt -1.291266 -0.312500
vt -1.337308 -0.213763
vt -1.365505 -0.108530
vt -1.375000 -0.000000
vt -1.365505 0.108530
vt -1.337308 0.213763
vt -1.291266 0.312500
vt -1.228778 0.401742
vt -1.151742 0.478778
vt -1.062500 0.541266
vt -0.963763 0.587308
vt -0.858530 0.615505
vt -0.750000 0.625000
vt -0.641470 0.615505
vt -0.536237 0.587308
vt -0.437500 0.541266
vt -0.348258 0.478778
vt -0.271222 0.401742
vt -0.208734 0.312500
vt -0.162692 0.213763
vt -0.134495 0.108530
vt -1.267234 -0.000000
vt -1.259376 0.089817
vt -1.236041 0.176905
vt -1.197938 0.258617
vt -1.146224 0.332472
vt -1.082472 0.396224
vt -1.008617 0.447938
vt -0.926905 0.486041
vt -0.839817 0.509376
vt -0.750000 0.517234
vt -0.660183 0.509376
vt -0.573095 0.486041
vt -0.491383 0.447938
vt -0.417528 0.396224
vt -0.353776 0.332472
vt -0.302062 0.258617
vt -0.263959 0.176905
vt -0.240624 0.089817
vt -0.232766 0.000000
vt -0.240624 -0.089817
vt -0.263959 -0.176905
vt -0.302062 -0.258617
vt -0.353776 -0.332472
vt -0.417528 -0.396224
vt -0.491383 -0.447938
vt -0.573095 -0.486041
vt -0.660183 -0.509376
vt -0.750000 -0.517234
vt -0.839817 -0.509376
vt -0.926905 -0.486041
vt -1.008617 -0.447938
vt -1.082472 -0.396224
vt -1.146224 -0.332472
vt -1.197938 -0.258617
vt -1.236041 -0.176905
vt -1.259376 -0.089817
f 2038/2038/2038 1984/1984/1984 1983/1983/1983
f 2038/2038/2038 1983/1983/1983 2037/2037/2037
f 2039/2039/2039 1985/1985/1985 1984/1984/1984
f 2039/2039/2039 1984/1984/1984 2038/2038/2038
f 2036/2036/2036 1983/1983/1983 1982/1982/1982
f 2036/2036/2036 2037/2037/2037 1983/1983/1983
f 2040/2040/2040 1986/1986/1986 1985/1985/1985
f 2040/2040/2040 1985/1985/1985 2039/2039/2039
f 2035/2035/2035 1982/1982/1982 1981/1981/1981
f 2035/2035/2035 2036/2036/2036 1982/1982/1982
f 2041/2041/2041 1987/1987/1987 1986/1986/1986
f 2041/2041/2041 1986/1986/1986 2040/2040/2040
f 2034/2034/2034 2035/2035/2035 1981/1981/1981
f 2034/2034/2034 1981/1981/1981 1980/1980/1980
f 2006/2006/2006 1988/1988/1988 1987/1987/1987
f 2006/2006/2006 1987/1987/1987 2041/2041/2041
f 2033/2033/2033 1980/1980/1980 1979/1979/1979
f 2033/2033/2033 2034/2034/2034 1980/1980/1980
f 2007/2007/2007 1989/1989/1989 1988/1988/1988
f 2007/2007/2007 1988/1988/1988 2006/2006/2006
f 2032/2032/2032 1979/1979/1979 1978/1978/1978
f 2032/2032/2032 2033/2033/2033 1979/1979/1979
f 2008/2008/2008 1989/1989/1989 2007/2007/2007
f 2008/2008/2008 1990/1990/1990 1989/1989/1989
f 2031/2031/2031 1978/1978/1978 1977/1977/1977
f 2031/2031/2031 2032/2032/2032 1978/1978/1978
f 2009/2009/2009 1991/1991/1991 1990/1990/1990
f 2009/2009/2009 1990/1990/1990 2008/2008/2008
f 2030/2030/2030 1977/1977/1977 1976/1976/1976
f 2030/2030/2030 2031/2031/2031 1977/1977/1977
f 1975/1975/1975 2030/2030/2030 1976/1976/1976
f 2010/2010/2010 1992/1992/1992 1991/1991/1991
f 2010/2010/2010 1991/1991/1991 2009/2009/2009
f 2029/2029/2029 2030/2030/2030 1975/1975/1975
f 2028/2028/2028 2029/2029/2029 1975/1975/1975
f 1993/1993/1993 1992/1992/1992 2010/2010/2010
f 1993/1993/1993 2010/2010/2010 2011/2011/2011
f 1974/1974/1974 2028/2028/2028 1975/1975/1975
f 1994/1994/1994 1993/1993/1993 2011/2011/2011
f 1994/1994/1994 2011/2011/2011 2012/2012/2012
f 1973/1973/1973 2028/2028/2028 1974/1974/1974
f 1973/1973/1973 2027/2027/2027 2028/2028/2028
f 2013/2013/2013 1994/1994/1994 2012/2012/2012
f 1995/1995/1995 1994/1994/1994 2013/2013/2013
f 1972/1972/1972 2026/2026/2026 2027/2027/2027
f 1972/1972/1972 2027/2027/2027 1973/1973/1973
f 2014/2014/2014 1995/1995/1995 2013/2013/2013
f 1996/1996/1996 1995/1995/1995 2014/2014/2014
f 1971/1971/1971 2025/2025/2025 2026/2026/2026
f 1971/1971/1971 2026/2026/2026 1972/1972/1972
f 1997/1997/1997 2014/2014/2014 2015/2015/2015
f 1997/1997/1997 1996/1996/1996 2014/2014/2014
f 1970/1970/1970 2025/2025/2025 1971/1971/1971
f 1970/1970/1970 2023/2023/2023 2024/2024/2024
f 1970/1970/1970 2024/2024/2024 2025/2025/2025
f 1998/1998/1998 2015/2015/2015 2016/2016/2016
f 1998/1998/1998 1997/1997/1997 2015/2015/2015
f 2005/2005/2005 2023/2023/2023 1970/1970/1970
f 1999/1999/1999 2016/2016/2016 2017/2017/2017
f 1999/1999/1999 2017/2017/2017 2018/2018/2018
f 1999/1999/1999 1998/1998/1998 2016/2016/2016
f 2004/2004/2004 2022/2022/2022 2023/2023/2023
f 2004/2004/2004 2023/2023/2023 2005/2005/2005
f 2000/2000/2000 1999/1999/1999 2018/2018/2018
f 2003/2003/2003 2021/2021/2021 2022/2022/2022
f 2003/2003/2003 2022/2022/2022 2004/2004/2004
f 2001/2001/2001 2000/2000/2000 2018/2018/2018
f 2001/2001/2001 2018/2018/2018 2019/2019/2019
f 2002/2002/2002 2021/2021/2021 2003/2003/2003
f 2002/2002/2002 2001/2001/2001 2019/2019/2019
f 2002/2002/2002 2019/2019/2019 2020/2020/2020
f 2002/2002/2002 2020/2020/2020 2021/2021/2021
v 4.392234 3.250000 2.000000
v 4.384377 3.160183 2.000000
v 4.361041 3.073096 2.000000
v 4.322938 2.991383 2.000000
v 4.271224 2.917528 2.000000
v 4.207472 2.853776 2.000000
v 4.133617 2.802062 2.000000
v 4.051905 2.763959 2.000000
v 3.964817 2.740624 2.000000
v 3.875000 2.732766 2.000000
v 3.785183 2.740624 2.000000
v 3.698096 2.763959 2.000000
v 3.616383 2.802062 2.000000
v 3.542528 2.853776 2.000000
v 3.478776 2.917528 2.000000
v 3.427062 2.991383 2.000000
v 3.388959 3.073096 2.000000
v 3.365624 3.160183 2.000000
v 3.357766 3.250000 2.000000
v 3.365624 3.339817 2.000000
v 3.388959 3.426904 2.000000
v 3.427062 3.508617 2.000000
v 3.478776 3.582472 2.000000
v 3.542528 3.646224 2.000000
v 3.616383 3.697938 2.000000
v 3.698096 3.736041 2.000000
v 3.785183 3.759376 2.000000
v 3.875000 3.767234 2.000000
v 3.964817 3.759376 2.000000
v 4.051905 3.736041 2.000000
v 4.133617 3.697938 2.000000
v 4.207472 3.646224 2.000000
v 4.271224 3.582472 2.000000
v 4.322938 3.508617 2.000000
v 4.361041 3.426904 2.000000
v 4.384377 3.339817 2.000000
v 4.392234 3.250000 2.000000
v 4.392234 3.250000 0.000000
v 4.384377 3.339817 0.000000
v 4.361041 3.426904 0.000000
v 4.322938 3.508617 0.000000
v 4.271224 3.582472 0.000000
v 4.207472 3.646224 0.000000
v 4.133617 3.697938 0.000000
v 4.051905 3.736041 0.000000
v 3.964817 3.759376 0.000000
v 3.875000 3.767234 0.000000
v 3.785183 3.759376 0.000000
v 3.698096 3.736041 0.000000
v 3.616383 3.697938 0.000000
v 3.542528 3.646224 0.000000
v 3.478776 3.582472 0.000000
v 3.427062 3.508617 0.000000
v 3.388959 3.426904 0.000000
v 3.365624 3.339817 0.000000
v 3.357766 3.250000 0.000000
v 3.365624 3.160183 0.000000
v 3.388959 3.073096 0.000000
v 3.427062 2.991383 0.000000
v 3.478776 2.917528 0.000000
v 3.542528 2.853776 0.000000
v 3.616383 2.802062 0.000000
v 3.698096 2.763959 0.000000
v 3.785183 2.740624 0.000000
v 3.875000 2.732766 0.000000
v 3.964817 2.740624 0.000000
v 4.051905 2.763959 0.000000
v 4.133617 2.802062 0.000000
v 4.207472 2.853776 0.000000
v 4.271224 2.917528 0.000000
v 4.322938 2.991383 0.000000
v 4.361041 3.073096 0.000000
v 4.384377 3.160183 0.000000
v 4.392234 3.250000 0.000000
vn -1.000000 -0.000000 0.000000
vn -0.984808 0.173648 -0.000000
vn -0.939693 0.342020 -0.000000
vn -0.866025 0.500000 -0.000000
vn -0.766044 0.642788 -0.000000
vn -0.642788 0.766044 -0.000000
vn -0.500000 0.866025 -0.000000
vn -0.342020 0.939693 -0.000000
vn -0.173648 0.984808 -0.000000
vn -0.000000 1.000000 -0.000000
vn 0.173648 0.984808 -0.000000
vn 0.342020 0.939693 -0.000000
vn 0.500000 0.866025 -0.000000
vn 0.642788 0.766044 -0.000000
vn 0.766044 0.642788 -0.000000
vn 0.866025 0.500000 -0.000000
vn 0.939693 0.342020 -0.000000
vn 0.984808 0.173648 -0.000000
vn 1.000000 0.000000 -0.000000
vn 0.984808 -0.173648 -0.000000
vn 0.939693 -0.342020 -0.000000
vn 0.866025 -0.500000 -0.000000
vn 0.766044 -0.642788 -0.000000
vn 0.642788 -0.766044 -0.000000
vn 0.500000 -0.866025 -0.000000
vn 0.342020 -0.939693 -0.000000
vn 0.173648 -0.984808 -0.000000
vn 0.000000 -1.000000 -0.000000
vn -0.173648 -0.984808 0.000000
vn -0.342020 -0.939693 0.000000
vn -0.500000 -0.866025 0.000000
vn -0.642788 -0.766044 0.000000
vn -0.766044 -0.642788 0.000000
vn -0.866025 -0.500000 0.000000
vn -0.939693 -0.342020 0.000000
vn -0.984808 -0.173648 0.000000
vn -1.000000 -0.000000 0.000000
vn -1.000000 -0.000000 0.000000
vn -0.984808 -0.173648 0.000000
vn -0.939693 -0.342020 0.000000
vn -0.866025 -0.500000 0.000000
vn -0.766044 -0.642788 0.000000
vn -0.642788 -0.766044 0.000000
vn -0.500000 -0.866025 0.000000
vn -0.342020 -0.939693 0.000000
vn -0.173648 -0.984808 0.000000
vn 0.000000 -1.000000 -0.000000
vn 0.173648 -0.984808 -0.000000
vn 0.342020 -0.939693 -0.000000
vn 0.500000 -0.866025 -0.000000
vn 0.642788 -0.766044 -0.000000
vn 0.766044 -0.642788 -0.000000
vn 0.866025 -0.500000 -0.000000
vn 0.939693 -0.342020 -0.000000
vn 0.984808 -0.173648 -0.000000
vn 1.000000 0.000000 -0.000000
vn 0.984808 0.173648 -0.000000
vn 0.939693 0.342020 -0.000000
vn 0.866025 0.500000 -0.000000
vn 0.766044 0.642788 -0.000000
vn 0.642788 0.766044 -0.000000
vn 0.500000 0.866025 -0.000000
vn 0.342020 0.939693 -0.000000
vn 0.173648 0.984808 -0.000000
vn 0.000000 1.000000 -0.000000
vn -0.173648 0.984808 -0.000000
vn -0.342020 0.939693 -0.000000
vn -0.500000 0.866025 -0.000000
vn -0.642788 0.766044 -0.000000
vn -0.766044 0.642788 -0.000000
vn -0.866025 0.500000 -0.000000
vn -0.939693 0.342020 -0.000000
vn -0.984808 0.173648 -0.000000
vn -1.000000 -0.000000 0.000000
vt 6.283185 2.000000
vt 6.108653 2.000000
vt 5.934119 2.000000
vt 5.759586 2.000000
vt 5.585053 2.000000
vt 5.410521 2.000000
vt 5.235988 2.000000
vt 5.061455 2.000000
vt 4.886922 2.000000
vt 4.712389 2.000000
vt 4.537856 2.000000
vt 4.363323 2.000000
vt 4.188790 2.000000
vt 4.014257 2.000000
vt 3.839724 2.000000
vt 3.665191 2.000000
vt 3.490659 2.000000
vt 3.316126 2.000000
vt 3.141593 2.000000
vt 2.967060 2.000000
vt 2.792527 2.000000
vt 2.617994 2.000000
vt 2.443461 2.000000
vt 2.268928 2.000000
vt 2.094395 2.000000
vt 1.919862 2.000000
vt 1.745329 2.000000
vt 1.570796 2.000000
vt 1.396263 2.000000
vt 1.221730 2.000000
vt 1.047198 2.000000
vt 0.872665 2.000000
vt 0.698132 2.000000
vt 0.523599 2.000000
vt 0.349066 2.000000
vt 0.174533 2.000000
vt 0.000000 2.000000
vt 0.000000 0.000000
vt 0.174533 0.000000
vt 0.349066 0.000000
vt 0.523599 0.000000
vt 0.698132 0.000000
vt 0.872665 0.000000
vt 1.047198 0.000000
vt 1.221730 0.000000
vt 1.396263 0.000000
vt 1.570796 0.000000
vt 1.745329 0.000000
vt 1.919862 0.000000
vt 2.094395 0.000000
vt 2.268928 0.000000
vt 2.443461 0.000000
vt 2.617994 0.000000
vt 2.792527 0.000000
vt 2.967060 0.000000
vt 3.141593 0.000000
vt 3.316126 0.000000
vt 3.490659 0.000000
vt 3.665191 0.000000
vt 3.839724 0.000000
vt 4.014257 0.000000
vt 4.188790 0.000000
vt 4.363323 0.000000
vt 4.537856 0.000000
vt 4.712389 0.000000
vt 4.886922 0.000000
vt 5.061455 0.000000
vt 5.235988 0.000000
vt 5.410521 0.000000
vt 5.585053 0.000000
vt 5.759586 0.000000
vt 5.934119 0.000000
vt 6.108653 0.000000
vt 6.283185 0.000000
f 2077/2077/2077 2079/2079/2079 2078/2078/2078
f 2077/2077/2077 2080/2080/2080 2079/2079/2079
f 2077/2077/2077 2081/2081/2081 2080/2080/2080
f 2076/2076/2076 2082/2082/2082 2081/2081/2081
f 2076/2076/2076 2081/2081/2081 2077/2077/2077
f 2075/2075/2075 2083/2083/2083 2082/2082/2082
f 2075/2075/2075 2082/2082/2082 2076/2076/2076
f 2074/2074/2074 2084/2084/2084 2083/2083/2083
f 2074/2074/2074 2083/2083/2083 2075/2075/2075
f 2073/2073/2073 2085/2085/2085 2084/2084/2084
f 2073/2073/2073 2084/2084/2084 2074/2074/2074
f 2072/2072/2072 2085/2085/2085 2073/2073/2073
f 2071/2071/2071 2085/2085/2085 2072/2072/2072
f 2071/2071/2071 2086/2086/2086 2085/2085/2085
f 2070/2070/2070 2086/2086/2086 2071/2071/2071
f 2070/2070/2070 2087/2087/2087 2086/2086/2086
f 2070/2070/2070 2088/2088/2088 2087/2087/2087
f 2069/2069/2069 2088/2088/2088 2070/2070/2070
f 2068/2068/2068 2088/2088/2088 2069/2069/2069
f 2068/2068/2068 2089/2089/2089 2088/2088/2088
f 2067/2067/2067 2089/2089/2089 2068/2068/2068
f 2067/2067/2067 2090/2090/2090 2089/2089/2089
f 2066/2066/2066 2090/2090/2090 2067/2067/2067
f 2066/2066/2066 2091/2091/2091 2090/2090/2090
f 2066/2066/2066 2092/2092/2092 2091/2091/2091
f 2065/2065/2065 2092/2092/2092 2066/2066/2066
f 2064/2064/2064 2092/2092/2092 2065/2065/2065
f 2064/2064/2064 2093/2093/2093 2092/2092/2092
f 2063/2063/2063 2093/2093/2093 2064/2064/2064
f 2063/2063/2063 2094/2094/2094 2093/2093/2093
f 2063/2063/2063 2095/2095/2095 2094/2094/2094
f 2062/2062/2062 2095/2095/2095 2063/2063/2063
f 2062/2062/2062 2096/2096/2096 2095/2095/2095
f 2061/2061/2061 2096/2096/2096 2062/2062/2062
f 2061/2061/2061 2097/2097/2097 2096/2096/2096
f 2060/2060/2060 2097/2097/2097 2061/2061/2061
f 2060/2060/2060 2098/2098/2098 2097/2097/2097
f 2059/2059/2059 2099/2099/2099 2098/2098/2098
f 2059/2059/2059 2098/2098/2098 2060/2060/2060
f 2058/2058/2058 2099/2099/2099 2059/2059/2059
f 2058/2058/2058 2100/2100/2100 2099/2099/2099
f 2057/2057/2057 2100/2100/2100 2058/2058/2058
f 2056/2056/2056 2101/2101/2101 2100/2100/2100
f 2056/2056/2056 2100/2100/2100 2057/2057/2057
f 2055/2055/2055 2102/2102/2102 2101/2101/2101
f 2055/2055/2055 2101/2101/2101 2056/2056/2056
f 2054/2054/2054 2103/2103/2103 2102/2102/2102
f 2054/2054/2054 2104/2104/2104 2103/2103/2103
f 2054/2054/2054 2102/2102/2102 2055/2055/2055
f 2053/2053/2053 2104/2104/2104 2054/2054/2054
f 2052/2052/2052 2105/2105/2105 2104/2104/2104
f 2052/2052/2052 2104/2104/2104 2053/2053/2053
f 2051/2051/2051 2106/2106/2106 2105/2105/2105
f 2051/2051/2051 2107/2107/2107 2106/2106/2106
f 2051/2051/2051 2105/2105/2105 2052/2052/2052
f 2050/2050/2050 2107/2107/2107 2051/2051/2051
f 2049/2049/2049 2108/2108/2108 2107/2107/2107
f 2049/2049/2049 2107/2107/2107 2050/2050/2050
f 2048/2048/2048 2109/2109/2109 2108/2108/2108
f 2048/2048/2048 2110/2110/2110 2109/2109/2109
f 2048/2048/2048 2108/2108/2108 2049/2049/2049
f 2047/2047/2047 2110/2110/2110 2048/2048/2048
f 2046/2046/2046 2110/2110/2110 2047/2047/2047
f 2046/2046/2046 2111/2111/2111 2110/2110/2110
f 2046/2046/2046 2112/2112/2112 2111/2111/2111
f 2045/2045/2045 2112/2112/2112 2046/2046/2046
f 2045/2045/2045 2113/2113/2113 2112/2112/2112
f 2044/2044/2044 2113/2113/2113 2045/2045/2045
f 2044/2044/2044 2114/2114/2114 2113/2113/2113
f 2043/2043/2043 2114/2114/2114 2044/2044/2044
f 2043/2043/2043 2115/2115/2115 2114/2114/2114
f 2042/2042/2042 2115/2115/2115 2043/2043/2043
v 7.969923 3.125000 2.000000
v 7.966583 3.086811 2.000000
v 7.956661 3.049782 2.000000
v 7.940460 3.015038 2.000000
v 7.918471 2.983636 2.000000
v 7.891364 2.956529 2.000000
v 7.859962 2.934541 2.000000
v 7.825218 2.918339 2.000000
v 7.788189 2.908417 2.000000
v 7.750000 2.905076 2.000000
v 7.711811 2.908417 2.000000
v 7.674782 2.918339 2.000000
v 7.640038 2.934541 2.000000
v 7.608636 2.956529 2.000000
v 7.581529 2.983636 2.000000
v 7.559540 3.015038 2.000000
v 7.543339 3.049782 2.000000
v 7.533417 3.086811 2.000000
v 7.530077 3.125000 2.000000
v 7.533417 3.163189 2.000000
v 7.543339 3.200218 2.000000
v 7.559540 3.234962 2.000000
v 7.581529 3.266364 2.000000
v 7.608636 3.293471 2.000000
v 7.640038 3.315459 2.000000
v 7.674782 3.331661 2.000000
v 7.711811 3.341583 2.000000
v 7.750000 3.344924 2.000000
v 7.788189 3.341583 2.000000
v 7.825218 3.331661 2.000000
v 7.859962 3.315459 2.000000
v 7.891364 3.293471 2.000000
v 7.918471 3.266364 2.000000
v 7.940460 3.234962 2.000000
v 7.956661 3.200218 2.000000
v 7.966583 3.163189 2.000000
v 7.969923 3.125000 2.000000
v 7.969923 3.125000 0.000000
v 7.966583 3.163189 0.000000
v 7.956661 3.200218 0.000000
v 7.940460 3.234962 0.000000
v 7.918471 3.266364 0.000000
v 7.891364 3.293471 0.000000
v 7.859962 3.315459 0.000000
v 7.825218 3.331661 0.000000
v 7.788189 3.341583 0.000000
v 7.750000 3.344924 0.000000
v 7.711811 3.341583 0.000000
v 7.674782 3.331661 0.000000
v 7.640038 3.315459 0.000000
v 7.608636 3.293471 0.000000
v 7.581529 3.266364 0.000000
v 7.559540 3.234962 0.000000
v 7.543339 3.200218 0.000000
v 7.533417 3.163189 0.000000
v 7.530077 3.125000 0.000000
v 7.533417 3.086811 0.000000
v 7.543339 3.049782 0.000000
v 7.559540 3.015038 0.000000
v 7.581529 2.983636 0.000000
v 7.608636 2.956529 0.000000
v 7.640038 2.934541 0.000000
v 7.674782 2.918339 0.000000
v 7.711811 2.908417 0.000000
v 7.750000 2.905076 0.000000
v 7.788189 2.908417 0.000000
v 7.825218 2.918339 0.000000
v 7.859962 2.934541 0.000000
v 7.891364 2.956529 0.000000
v 7.918471 2.983636 0.000000
v 7.940460 3.015038 0.000000
v 7.956661 3.049782 0.000000
v 7.966583 3.086811 0.000000
v 7.969923 3.125000 0.000000
vn -1.000000 -0.000000 0.000000
vn -0.984808 0.173648 -0.000000
vn -0.939693 0.342020 -0.000000
vn -0.866025 0.500000 -0.000000
vn -0.766044 0.642788 -0.000000
vn -0.642788 0.766044 -0.000000
vn -0.500000 0.866025 -0.000000
vn -0.342020 0.939693 -0.000000
vn -0.173648 0.984808 -0.000000
vn -0.000000 1.000000 -0.000000
vn 0.173648 0.984808 -0.000000
vn 0.342020 0.939693 -0.000000
vn 0.500000 0.866025 -0.000000
vn 0.642788 0.766044 -0.000000
vn 0.766044 0.642788 -0.000000
vn 0.866025 0.500000 -0.000000
vn 0.939693 0.342020 -0.000000
vn 0.984808 0.173648 -0.000000
vn 1.000000 0.000000 -0.000000
vn 0.984808 -0.173648 -0.000000
vn 0.939693 -0.342020 -0.000000
vn 0.866025 -0.500000 -0.000000
vn 0.766044 -0.642788 -0.000000
vn 0.642788 -0.766044 -0.000000
vn 0.500000 -0.866025 -0.000000
vn 0.342020 -0.939693 -0.000000
vn 0.173648 -0.984808 -0.000000
vn 0.000000 -1.000000 -0.000000
vn -0.173648 -0.984808 0.000000
vn -0.342020 -0.939693 0.000000
vn -0.500000 -0.866025 0.000000
vn -0.642788 -0.766044 0.000000
vn -0.766044 -0.642788 0.000000
vn -0.866025 -0.500000 0.000000
vn -0.939693 -0.342020 0.000000
vn -0.984808 -0.173648 0.000000
vn -1.000000 -0.000000 0.000000
vn -1.000000 -0.000000 0.000000
vn -0.984808 -0.173648 0.000000
vn -0.939693 -0.342020 0.000000
vn -0.866025 -0.500000 0.000000
vn -0.766044 -0.642788 0.000000
vn -0.642788 -0.766044 0.000000
vn -0.500000 -0.866025 0.000000
vn -0.342020 -0.939693 0.000000
vn -0.173648 -0.984808 0.000000
vn 0.000000 -1.000000 -0.000000
vn 0.173648 -0.984808 -0.000000
vn 0.342020 -0.939693 -0.000000
vn 0.500000 -0.866025 -0.000000
vn 0.642788 -0.766044 -0.000000
vn 0.766044 -0.642788 -0.000000
vn 0.866025 -0.500000 -0.000000
vn 0.939693 -0.342020 -0.000000
vn 0.984808 -0.173648 -0.000000
vn 1.000000 0.000000 -0.000000
vn 0.984808 0.173648 -0.000000
vn 0.939693 0.342020 -0.000000
vn 0.866025 0.500000 -0.000000
vn 0.766044 0.642788 -0.000000
vn 0.642788 0.766044 -0.000000
vn 0.500000 0.866025 -0.000000
vn 0.342020 0.939693 -0.000000
vn 0.173648 0.984808 -0.000000
vn 0.000000 1.000000 -0.000000
vn -0.173648 0.984808 -0.000000
vn -0.342020 0.939693 -0.000000
vn -0.500000 0.866025 -0.000000
vn -0.642788 0.766044 -0.000000
vn -0.766044 0.642788 -0.000000
vn -0.866025 0.500000 -0.000000
vn -0.939693 0.342020 -0.000000
vn -0.984808 0.173648 -0.000000
vn -1.000000 -0.000000 0.000000
vt 6.283185 2.000000
vt 6.108653 2.000000
vt 5.934119 2.000000
vt 5.759586 2.000000
vt 5.585053 2.000000
vt 5.410521 2.000000
vt 5.235988 2.000000
vt 5.061455 2.000000
vt 4.886922 2.000000
vt 4.712389 2.000000
vt 4.537856 2.000000
vt 4.363323 2.000000
vt 4.188790 2.000000
vt 4.014257 2.000000
vt 3.839724 2.000000
vt 3.665191 2.000000
vt 3.490659 2.000000
vt 3.316126 2.000000
vt 3.141593 2.000000
vt 2.967060 2.000000
vt 2.792527 2.000000
vt 2.617994 2.000000
vt 2.443461 2.000000
vt 2.268928 2.000000
vt 2.094395 2.000000
vt 1.919862 2.000000
vt 1.745329 2.000000
vt 1.570796 2.000000
vt 1.396263 2.000000
vt 1.221730 2.000000
vt 1.047198 2.000000
vt 0.872665 2.000000
vt 0.698132 2.000000
vt 0.523599 2.000000
vt 0.349066 2.000000
vt 0.174533 2.000000
vt 0.000000 2.000000
vt 0.000000 0.000000
vt 0.174533 0.000000
vt 0.349066 0.000000
vt 0.523599 0.000000
vt 0.698132 0.000000
vt 0.872665 0.000000
vt 1.047198 0.000000
vt 1.221730 0.000000
vt 1.396263 0.000000
vt 1.570796 0.000000
vt 1.745329 0.000000
vt 1.919862 0.000000
vt 2.094395 0.000000
vt 2.268928 0.000000
vt 2.443461 0.000000
vt 2.617994 0.000000
vt 2.792527 0.000000
vt 2.967060 0.000000
vt 3.141593 0.000000
vt 3.316126 0.000000
vt 3.490659 0.000000
vt 3.665191 0.000000
vt 3.839724 0.000000
vt 4.014257 0.000000
vt 4.188790 0.000000
vt 4.363323 0.000000
vt 4.537856 0.000000
vt 4.712389 0.000000
vt 4.886922 0.000000
vt 5.061455 0.000000
vt 5.235988 0.000000
vt 5.410521 0.000000
vt 5.585053 0.000000
vt 5.759586 0.000000
vt 5.934119 0.000000
vt 6.108653 0.000000
vt 6.283185 0.000000
f 2151/2151/2151 2153/2153/2153 2152/2152/2152
f 2151/2151/2151 2154/2154/2154 2153/2153/2153
f 2151/2151/2151 2155/2155/2155 2154/2154/2154
f 2150/2150/2150 2156/2156/2156 2155/2155/2155
f 2150/2150/2150 2155/2155/2155 2151/2151/2151
f 2149/2149/2149 2157/2157/2157 2156/2156/2156
f 2149/2149/2149 2156/2156/2156 2150/2150/2150
f 2148/2148/2148 2158/2158/2158 2157/2157/2157
f 2148/2148/2148 2157/2157/2157 2149/2149/2149
f 2147/2147/2147 2159/2159/2159 2158/2158/2158
f 2147/2147/2147 2158/2158/2158 2148/2148/2148
f 2146/2146/2146 2159/2159/2159 2147/2147/2147
f 2145/2145/2145 2159/2159/2159 2146/2146/2146
f 2145/2145/2145 2160/2160/2160 2159/2159/2159
f 2144/2144/2144 2160/2160/2160 2145/2145/2145
f 2144/2144/2144 2161/2161/2161 2160/2160/2160
f 2144/2144/2144 2162/2162/2162 2161/2161/2161
f 2143/2143/2143 2162/2162/2162 2144/2144/2144
f 2142/2142/2142 2162/2162/2162 2143/2143/2143
f 2142/2142/2142 2163/2163/2163 2162/2162/2162
f 2141/2141/2141 2163/2163/2163 2142/2142/2142
f 2141/2141/2141 2164/2164/2164 2163/2163/2163
f 2140/2140/2140 2164/2164/2164 2141/2141/2141
f 2140/2140/2140 2165/2165/2165 2164/2164/2164
f 2140/2140/2140 2166/2166/2166 2165/2165/2165
f 2139/2139/2139 2166/2166/2166 2140/2140/2140
f 2138/2138/2138 2166/2166/2166 2139/2139/2139
f 2138/2138/2138 2167/2167/2167 2166/2166/2166
f 2137/2137/2137 2167/2167/2167 2138/2138/2138
f 2137/2137/2137 2168/2168/2168 2167/2167/2167
f 2137/2137/2137 2169/2169/2169 2168/2168/2168
f 2136/2136/2136 2169/2169/2169 2137/2137/2137
f 2136/2136/2136 2170/2170/2170 2169/2169/2169
f 2135/2135/2135 2170/2170/2170 2136/2136/2136
f 2135/2135/2135 2171/2171/2171 2170/2170/2170
f 2134/2134/2134 2171/2171/2171 2135/2135/2135
f 2134/2134/2134 2172/2172/2172 2171/2171/2171
f 2133/2133/2133 2173/2173/2173 2172/2172/2172
f 2133/2133/2133 2172/2172/2172 2134/2134/2134
f 2132/2132/2132 2173/2173/2173 2133/2133/2133
f 2132/2132/2132 2174/2174/2174 2173/2173/2173
f 2131/2131/2131 2174/2174/2174 2132/2132/2132
f 2130/2130/2130 2175/2175/2175 2174/2174/2174
f 2130/2130/2130 2174/2174/2174 2131/2131/2131
f 2129/2129/2129 2176/2176/2176 2175/2175/2175
f 2129/2129/2129 2175/2175/2175 2130/2130/2130
f 2128/2128/2128 2177/2177/2177 2176/2176/2176
f 2128/2128/2128 2178/2178/2178 2177/2177/2177
f 2128/2128/2128 2176/2176/2176 2129/2129/2129
f 2127/2127/2127 2178/2178/2178 2128/2128/2128
f 2126/2126/2126 2179/2179/2179 2178/2178/2178
f 2126/2126/2126 2178/2178/2178 2127/2127/2127
f 2125/2125/2125 2180/2180/2180 2179/2179/2179
f 2125/2125/2125 2181/2181/2181 2180/2180/2180
f 2125/2125/2125 2179/2179/2179 2126/2126/2126
f 2124/2124/2124 2181/2181/2181 2125/2125/2125
f 2123/2123/2123 2182/2182/2182 2181/2181/2181
f 2123/2123/2123 2181/2181/2181 2124/2124/2124
f 2122/2122/2122 2183/2183/2183 2182/2182/2182
f 2122/2122/2122 2184/2184/2184 2183/2183/2183
f 2122/2122/2122 2182/2182/2182 2123/2123/2123
f 2121/2121/2121 2184/2184/2184 2122/2122/2122
f 2120/2120/2120 2184/2184/2184 2121/2121/2121
f 2120/2120/2120 2185/2185/2185 2184/2184/2184
f 2120/2120/2120 2186/2186/2186 2185/2185/2185
f 2119/2119/2119 2186/2186/2186 2120/2120/2120
f 2119/2119/2119 2187/2187/2187 2186/2186/2186
f 2118/2118/2118 2187/2187/2187 2119/2119/2119
f 2118/2118/2118 2188/2188/2188 2187/2187/2187
f 2117/2117/2117 2188/2188/2188 2118/2118/2118
f 2117/2117/2117 2189/2189/2189 2188/2188/2188
f 2116/2116/2116 2189/2189/2189 2117/2117/2117
v 7.324886 2.996813 1.349931
v 7.324886 2.996813 0.599931
v 7.370241 2.974347 0.599931
v 7.356191 2.983874 0.599931
v 7.340979 2.991409 0.599931
v 7.402970 2.935738 0.599931
v 7.393848 2.950055 0.599931
v 7.382872 2.963005 0.599931
v 7.402970 2.935738 1.349931
v 7.370241 2.974347 1.349931
v 7.382872 2.963005 1.349931
v 7.393848 2.950055 1.349931
v 7.340979 2.991409 1.349931
v 7.356191 2.983874 1.349931
v 7.340979 2.991409 0.787431
v 7.370241 2.974347 0.787431
v 7.340979 2.991409 0.974931
v 7.370241 2.974347 0.974931
v 7.340979 2.991409 1.162431
v 7.370241 2.974347 1.162431
v 7.393848 2.950055 1.162431
vn -0.253255 -0.967399 0.000000
vn -0.253255 -0.967399 0.000000
vn -0.616096 -0.787671 0.000000
vn -0.503691 -0.863884 0.000000
vn -0.381996 -0.924164 0.000000
vn -0.877925 -0.478799 0.000000
vn -0.804955 -0.593336 0.000000
vn -0.717139 -0.696930 0.000000
vn -0.877925 -0.478799 0.000000
vn -0.616096 -0.787671 0.000000
vn -0.717139 -0.696930 0.000000
vn -0.804955 -0.593336 0.000000
vn -0.381996 -0.924164 0.000000
vn -0.503691 -0.863884 0.000000
vn -0.381996 -0.924164 0.000000
vn -0.616096 -0.787671 0.000000
vn -0.381996 -0.924164 0.000000
vn -0.616096 -0.787671 0.000000
vn -0.381996 -0.924164 0.000000
vn -0.616096 -0.787671 0.000000
vn -0.804955 -0.593336 0.000000
vt -0.407733 -0.003052
vt -0.407733 -0.753052
vt -0.000000 -0.753052
vt -0.135911 -0.753052
vt -0.271822 -0.753052
vt 0.407733 -0.753052
vt 0.271822 -0.753052
vt 0.135911 -0.753052
vt 0.407733 -0.003052
vt -0.000000 -0.003052
vt 0.135911 -0.003052
vt 0.271822 -0.003052
vt -0.271822 -0.003052
vt -0.135911 -0.003052
vt -0.271822 -0.565552
vt -0.000000 -0.565552
vt -0.271822 -0.378052
vt -0.000000 -0.378052
vt -0.271822 -0.190552
vt -0.000000 -0.190552
vt 0.271822 -0.190552
f 2204/2204/2204 2194/2194/2194 2193/2193/2193
f 2204/2204/2204 2191/2191/2191 2194/2194/2194
f 2205/2205/2205 2193/2193/2193 2192/2192/2192
f 2205/2205/2205 2196/2196/2196 2195/2195/2195
f 2205/2205/2205 2197/2197/2197 2196/2196/2196
f 2205/2205/2205 2192/2192/2192 2197/2197/2197
f 2205/2205/2205 2204/2204/2204 2193/2193/2193
f 2206/2206/2206 2190/2190/2190 2191/2191/2191
f 2206/2206/2206 2191/2191/2191 2204/2204/2204
f 2207/2207/2207 2204/2204/2204 2205/2205/2205
f 2207/2207/2207 2205/2205/2205 2195/2195/2195
f 2207/2207/2207 2206/2206/2206 2204/2204/2204
f 2208/2208/2208 2202/2202/2202 2190/2190/2190
f 2208/2208/2208 2203/2203/2203 2202/2202/2202
f 2208/2208/2208 2190/2190/2190 2206/2206/2206
f 2209/2209/2209 2200/2200/2200 2199/2199/2199
f 2209/2209/2209 2199/2199/2199 2203/2203/2203
f 2209/2209/2209 2208/2208/2208 2206/2206/2206
f 2209/2209/2209 2203/2203/2203 2208/2208/2208
f 2209/2209/2209 2206/2206/2206 2207/2207/2207
f 2210/2210/2210 2195/2195/2195 2198/2198/2198
f 2210/2210/2210 2201/2201/2201 2200/2200/2200
f 2210/2210/2210 2198/2198/2198 2201/2201/2201
f 2210/2210/2210 2200/2200/2200 2209/2209/2209
f 2210/2210/2210 2209/2209/2209 2207/2207/2207
f 2210/2210/2210 2207/2207/2207 2195/2195/2195
v 7.324886 2.996813 0.599931
v 7.324266 2.997377 0.590445
v 7.322571 2.998930 0.580893
v 7.320667 3.000692 0.574224
v 7.317131 3.004016 0.564974
v 7.312407 3.008562 0.555372
v 7.304586 3.016391 0.542783
v 7.294857 3.026736 0.529987
v 7.284584 3.038516 0.518365
v 7.270658 3.056369 0.504578
v 7.256030 3.078665 0.491820
v 7.243663 3.102803 0.482296
v 7.235565 3.125315 0.477057
v 7.232391 3.137720 0.475484
v 7.230296 3.149570 0.474931
v 7.318585 3.145396 0.438319
v 7.303687 3.146100 0.451058
v 7.286981 3.146890 0.461307
v 7.268880 3.147746 0.468813
v 7.249828 3.148646 0.473392
v 7.355156 3.143667 0.349931
v 7.353619 3.143739 0.369485
v 7.349045 3.143956 0.388558
v 7.341547 3.144310 0.406680
v 7.331310 3.144794 0.423404
v 7.354807 3.121298 0.351767
v 7.355691 3.098335 0.356894
v 7.357668 3.076773 0.364738
v 7.360854 3.055759 0.375813
v 7.364860 3.036038 0.389228
v 7.369755 3.017046 0.405601
v 7.374995 3.000053 0.423656
v 7.382485 2.979468 0.451358
v 7.390737 2.960142 0.486905
v 7.397695 2.945751 0.526696
v 7.401572 2.938323 0.562509
v 7.402970 2.935738 0.599931
v 7.393848 2.950055 0.599931
v 7.382872 2.963005 0.599931
v 7.370241 2.974347 0.599931
v 7.356191 2.983874 0.599931
v 7.340979 2.991409 0.599931
v 7.268983 3.076922 0.490261
v 7.325218 3.071713 0.458683
v 7.359131 3.050772 0.407712
v 7.339402 3.024620 0.496206
v 7.353116 2.993445 0.544883
v 7.376706 2.992469 0.454237
v 7.287077 3.090534 0.475773
vn -0.253256 -0.967399 -0.000000
vn -0.252529 -0.964458 -0.077788
vn -0.249316 -0.957416 -0.145589
vn -0.248204 -0.945011 -0.212955
vn -0.241110 -0.930845 -0.274579
vn -0.236154 -0.901680 -0.362223
vn -0.220925 -0.864413 -0.451643
vn -0.205623 -0.803526 -0.558628
vn -0.188465 -0.730160 -0.656770
vn -0.159417 -0.621820 -0.766764
vn -0.122269 -0.481544 -0.867851
vn -0.080876 -0.327226 -0.941479
vn -0.042361 -0.172863 -0.984035
vn -0.020783 -0.099379 -0.994833
vn 0.000000 0.000000 -1.000000
vn -0.706318 0.033392 -0.707107
vn -0.587130 0.027757 -0.809016
vn -0.453486 0.021439 -0.891006
vn -0.308675 0.014593 -0.951056
vn -0.156262 0.007388 -0.987688
vn -0.998884 0.047224 -0.000000
vn -0.986586 0.046642 -0.156437
vn -0.949995 0.044912 -0.309020
vn -0.890011 0.042077 -0.453992
vn -0.808114 0.038205 -0.587786
vn -0.999909 -0.013474 0.000489
vn -0.997979 -0.063537 -0.000868
vn -0.992567 -0.121698 -0.000052
vn -0.984650 -0.174538 -0.000293
vn -0.973998 -0.226555 0.000867
vn -0.962380 -0.271704 -0.001022
vn -0.948483 -0.316827 0.000647
vn -0.929519 -0.368772 0.000747
vn -0.908759 -0.417321 0.000491
vn -0.891240 -0.453531 0.000171
vn -0.881466 -0.472248 -0.000041
vn -0.877925 -0.478799 -0.000000
vn -0.804955 -0.593337 -0.000000
vn -0.717139 -0.696931 -0.000000
vn -0.616096 -0.787671 -0.000000
vn -0.503691 -0.863884 -0.000000
vn -0.381996 -0.924164 -0.000000
vn -0.216558 -0.511376 -0.831623
vn -0.666436 -0.469704 -0.578999
vn -0.937746 -0.302177 -0.171235
vn -0.602613 -0.684469 -0.410316
vn -0.549410 -0.805725 -0.221260
vn -0.901047 -0.427265 -0.074563
vn -0.398557 -0.428711 -0.810777
vt -0.297981 -0.003022
vt -0.300774 -0.012636
vt -0.309152 -0.021588
vt -0.318318 -0.029574
vt -0.335110 -0.038239
vt -0.357659 -0.049655
vt -0.394211 -0.063093
vt -0.439283 -0.079473
vt -0.487266 -0.095966
vt -0.553282 -0.117388
vt -0.625864 -0.141398
vt -0.692622 -0.165123
vt -0.743594 -0.186743
vt -0.766795 -0.197384
vt -0.785393 -0.209770
vt 0.000000 -0.209770
vt -0.157079 -0.209770
vt -0.314157 -0.209770
vt -0.471236 -0.209770
vt -0.628314 -0.209770
vt 0.785393 -0.209770
vt 0.628314 -0.209770
vt 0.471236 -0.209770
vt 0.314157 -0.209770
vt 0.157079 -0.209770
vt 0.782251 -0.194566
vt 0.772551 -0.180117
vt 0.757728 -0.164942
vt 0.737993 -0.150013
vt 0.715016 -0.134913
vt 0.688400 -0.120181
vt 0.660935 -0.105062
vt 0.622547 -0.085124
vt 0.580651 -0.062726
vt 0.545029 -0.040328
vt 0.524863 -0.021683
vt 0.517484 -0.003022
vt 0.381574 -0.003022
vt 0.245663 -0.003022
vt 0.109752 -0.003022
vt -0.026159 -0.003022
vt -0.162070 -0.003022
vt -0.523595 -0.138123
vt 0.000000 -0.138123
vt 0.523595 -0.138123
vt 0.000000 -0.089708
vt 0.000000 -0.045599
vt 0.523595 -0.089708
vt -0.346311 -0.151623
f 2230/2230/2230 2224/2224/2224 2225/2225/2225
f 2223/2223/2223 2224/2224/2224 2230/2230/2230
f 2229/2229/2229 2223/2223/2223 2230/2230/2230
f 2222/2222/2222 2223/2223/2223 2229/2229/2229
f 2236/2236/2236 2232/2232/2232 2231/2231/2231
f 2236/2236/2236 2233/2233/2233 2232/2232/2232
f 2237/2237/2237 2234/2234/2234 2233/2233/2233
f 2237/2237/2237 2233/2233/2233 2236/2236/2236
f 2238/2238/2238 2234/2234/2234 2237/2237/2237
f 2252/2252/2252 2211/2211/2211 2212/2212/2212
f 2252/2252/2252 2212/2212/2212 2213/2213/2213
f 2251/2251/2251 2252/2252/2252 2213/2213/2213
f 2248/2248/2248 2249/2249/2249 2246/2246/2246
f 2247/2247/2247 2248/2248/2248 2246/2246/2246
f 2253/2253/2253 2220/2220/2220 2221/2221/2221
f 2254/2254/2254 2219/2219/2219 2220/2220/2220
f 2254/2254/2254 2235/2235/2235 2234/2234/2234
f 2254/2254/2254 2226/2226/2226 2235/2235/2235
f 2254/2254/2254 2220/2220/2220 2253/2253/2253
f 2255/2255/2255 2238/2238/2238 2239/2239/2239
f 2255/2255/2255 2239/2239/2239 2240/2240/2240
f 2255/2255/2255 2240/2240/2240 2241/2241/2241
f 2255/2255/2255 2241/2241/2241 2242/2242/2242
f 2255/2255/2255 2234/2234/2234 2238/2238/2238
f 2255/2255/2255 2254/2254/2254 2234/2234/2234
f 2256/2256/2256 2217/2217/2217 2218/2218/2218
f 2256/2256/2256 2218/2218/2218 2219/2219/2219
f 2256/2256/2256 2219/2219/2219 2254/2254/2254
f 2257/2257/2257 2213/2213/2213 2214/2214/2214
f 2257/2257/2257 2214/2214/2214 2215/2215/2215
f 2257/2257/2257 2215/2215/2215 2216/2216/2216
f 2257/2257/2257 2216/2216/2216 2217/2217/2217
f 2257/2257/2257 2251/2251/2251 2213/2213/2213
f 2257/2257/2257 2217/2217/2217 2256/2256/2256
f 2257/2257/2257 2246/2246/2246 2249/2249/2249
f 2257/2257/2257 2244/2244/2244 2245/2245/2245
f 2257/2257/2257 2245/2245/2245 2246/2246/2246
f 2257/2257/2257 2249/2249/2249 2250/2250/2250
f 2257/2257/2257 2250/2250/2250 2251/2251/2251
f 2257/2257/2257 2256/2256/2256 2244/2244/2244
f 2258/2258/2258 2254/2254/2254 2255/2255/2255
f 2258/2258/2258 2255/2255/2255 2242/2242/2242
f 2258/2258/2258 2242/2242/2242 2243/2243/2243
f 2258/2258/2258 2243/2243/2243 2244/2244/2244
f 2258/2258/2258 2256/2256/2256 2254/2254/2254
f 2258/2258/2258 2244/2244/2244 2256/2256/2256
f 2259/2259/2259 2221/2221/2221 2222/2222/2222
f 2259/2259/2259 2227/2227/2227 2226/2226/2226
f 2259/2259/2259 2228/2228/2228 2227/2227/2227
f 2259/2259/2259 2229/2229/2229 2228/2228/2228
f 2259/2259/2259 2254/2254/2254 2253/2253/2253
f 2259/2259/2259 2222/2222/2222 2229/2229/2229
f 2259/2259/2259 2253/2253/2253 2221/2221/2221
f 2259/2259/2259 2226/2226/2226 2254/2254/2254
v 7.402970 2.935738 1.349931
v 7.401874 2.937761 1.382895
v 7.398849 2.943503 1.414424
v 7.394339 2.952511 1.444211
v 7.388758 2.964520 1.472236
v 7.382586 2.979214 1.498105
v 7.376453 2.995766 1.521020
v 7.370577 3.014170 1.541478
v 7.365146 3.034822 1.559684
v 7.360737 3.056420 1.574444
v 7.357361 3.079368 1.586252
v 7.355394 3.103397 1.594365
v 7.354783 3.123854 1.598472
v 7.355156 3.143667 1.599931
v 7.318585 3.145396 1.511542
v 7.331310 3.144794 1.526458
v 7.341547 3.144310 1.543182
v 7.349045 3.143956 1.561304
v 7.353619 3.143739 1.580377
v 7.230296 3.149570 1.474931
v 7.249828 3.148646 1.476470
v 7.268880 3.147746 1.481049
v 7.286981 3.146890 1.488555
v 7.303687 3.146100 1.498804
v 7.233835 3.131633 1.473721
v 7.239537 3.113168 1.470384
v 7.245784 3.098126 1.466025
v 7.255000 3.080446 1.458879
v 7.266644 3.062068 1.448933
v 7.279170 3.045171 1.437070
v 7.291940 3.029977 1.423341
v 7.304080 3.016910 1.407810
v 7.314475 3.006555 1.390587
v 7.320205 3.001123 1.377003
v 7.322260 2.999217 1.370234
v 7.324179 2.997456 1.360104
v 7.324886 2.996813 1.349931
v 7.340979 2.991409 1.349931
v 7.356191 2.983874 1.349931
v 7.370241 2.974347 1.349931
v 7.382872 2.963005 1.349931
v 7.393848 2.950055 1.349931
v 7.353106 2.993464 1.405024
v 7.339383 3.024670 1.453712
v 7.268968 3.076990 1.459638
v 7.376682 2.992533 1.495696
v 7.325202 3.071784 1.491219
v 7.359112 3.050860 1.542198
vn -0.877925 -0.478799 -0.000000
vn -0.880710 -0.473656 0.000051
vn -0.888353 -0.459161 -0.000015
vn -0.899850 -0.436200 0.000434
vn -0.913979 -0.405762 0.000372
vn -0.929265 -0.369414 -0.000744
vn -0.945064 -0.326887 0.000060
vn -0.960319 -0.278901 0.001132
vn -0.973238 -0.229797 -0.001004
vn -0.984914 -0.173042 0.000211
vn -0.993580 -0.113133 0.000728
vn -0.998631 -0.052306 0.000466
vn -0.999971 -0.007653 -0.000510
vn -0.998884 0.047224 -0.000000
vn -0.706318 0.033392 0.707107
vn -0.808114 0.038205 0.587786
vn -0.890012 0.042077 0.453992
vn -0.949995 0.044912 0.309018
vn -0.986586 0.046642 0.156436
vn 0.000000 0.000000 1.000000
vn -0.156263 0.007388 0.987688
vn -0.308676 0.014593 0.951055
vn -0.453487 0.021439 0.891005
vn -0.587131 0.027757 0.809016
vn -0.031238 -0.136691 0.990121
vn -0.064193 -0.244756 0.967457
vn -0.087571 -0.366993 0.926093
vn -0.119492 -0.469098 0.875025
vn -0.149241 -0.589485 0.793873
vn -0.175574 -0.696664 0.695581
vn -0.199304 -0.787648 0.583000
vn -0.220226 -0.861232 0.458018
vn -0.237504 -0.916230 0.322668
vn -0.247419 -0.942976 0.222664
vn -0.249137 -0.955306 0.159128
vn -0.252351 -0.964142 0.082150
vn -0.253255 -0.967399 -0.000000
vn -0.381996 -0.924164 -0.000000
vn -0.503691 -0.863884 -0.000000
vn -0.616096 -0.787671 -0.000000
vn -0.717139 -0.696930 -0.000000
vn -0.804955 -0.593336 -0.000000
vn -0.549449 -0.805650 0.221436
vn -0.602694 -0.684263 0.410541
vn -0.216649 -0.510972 0.831848
vn -0.901085 -0.427166 0.074670
vn -0.666521 -0.469330 0.579206
vn -0.937800 -0.301933 0.171368
vt 0.407733 -0.210485
vt 0.413533 -0.194052
vt 0.429385 -0.177626
vt 0.452509 -0.161164
vt 0.480825 -0.144735
vt 0.512283 -0.128399
vt 0.543691 -0.111900
vt 0.574226 -0.095352
vt 0.603705 -0.079174
vt 0.628937 -0.062585
vt 0.650018 -0.046029
vt 0.665487 -0.029609
vt 0.673185 -0.016725
vt 0.675643 -0.003104
vt -0.109752 -0.003104
vt 0.047327 -0.003104
vt 0.204406 -0.003104
vt 0.361485 -0.003104
vt 0.518564 -0.003104
vt -0.895141 -0.003104
vt -0.738063 -0.003104
vt -0.580985 -0.003104
vt -0.423908 -0.003104
vt -0.266830 -0.003104
vt -0.865610 -0.020852
vt -0.827258 -0.036816
vt -0.790347 -0.053228
vt -0.740933 -0.069750
vt -0.682540 -0.089711
vt -0.622428 -0.109714
vt -0.562685 -0.129604
vt -0.506333 -0.149289
vt -0.457547 -0.168749
vt -0.430203 -0.182536
vt -0.420457 -0.190285
vt -0.410944 -0.200240
vt -0.407733 -0.210485
vt -0.271822 -0.210485
vt -0.135911 -0.210485
vt 0.000000 -0.210485
vt 0.135911 -0.210485
vt 0.271822 -0.210485
vt -0.109749 -0.167740
vt -0.109749 -0.123474
vt -0.633344 -0.074901
vt 0.413846 -0.123474
vt -0.109749 -0.074901
vt 0.413846 -0.074901
f 2297/2297/2297 2295/2295/2295 2296/2296/2296
f 2294/2294/2294 2295/2295/2295 2297/2297/2297
f 2298/2298/2298 2294/2294/2294 2297/2297/2297
f 2261/2261/2261 2300/2300/2300 2301/2301/2301
f 2261/2261/2261 2301/2301/2301 2260/2260/2260
f 2262/2262/2262 2300/2300/2300 2261/2261/2261
f 2280/2280/2280 2279/2279/2279 2284/2284/2284
f 2281/2281/2281 2284/2284/2284 2285/2285/2285
f 2281/2281/2281 2280/2280/2280 2284/2284/2284
f 2282/2282/2282 2285/2285/2285 2286/2286/2286
f 2282/2282/2282 2281/2281/2281 2285/2285/2285
f 2277/2277/2277 2276/2276/2276 2270/2270/2270
f 2271/2271/2271 2277/2277/2277 2270/2270/2270
f 2278/2278/2278 2277/2277/2277 2271/2271/2271
f 2272/2272/2272 2278/2278/2278 2271/2271/2271
f 2273/2273/2273 2278/2278/2278 2272/2272/2272
f 2302/2302/2302 2262/2262/2262 2263/2263/2263
f 2302/2302/2302 2263/2263/2263 2264/2264/2264
f 2302/2302/2302 2291/2291/2291 2292/2292/2292
f 2302/2302/2302 2292/2292/2292 2293/2293/2293
f 2302/2302/2302 2293/2293/2293 2294/2294/2294
f 2302/2302/2302 2298/2298/2298 2299/2299/2299
f 2302/2302/2302 2299/2299/2299 2300/2300/2300
f 2302/2302/2302 2294/2294/2294 2298/2298/2298
f 2302/2302/2302 2300/2300/2300 2262/2262/2262
f 2303/2303/2303 2289/2289/2289 2290/2290/2290
f 2303/2303/2303 2290/2290/2290 2291/2291/2291
f 2303/2303/2303 2291/2291/2291 2302/2302/2302
f 2303/2303/2303 2302/2302/2302 2264/2264/2264
f 2304/2304/2304 2286/2286/2286 2287/2287/2287
f 2304/2304/2304 2287/2287/2287 2288/2288/2288
f 2305/2305/2305 2264/2264/2264 2265/2265/2265
f 2305/2305/2305 2265/2265/2265 2266/2266/2266
f 2305/2305/2305 2266/2266/2266 2267/2267/2267
f 2305/2305/2305 2303/2303/2303 2264/2264/2264
f 2306/2306/2306 2289/2289/2289 2303/2303/2303
f 2306/2306/2306 2275/2275/2275 2274/2274/2274
f 2306/2306/2306 2276/2276/2276 2275/2275/2275
f 2306/2306/2306 2283/2283/2283 2282/2282/2282
f 2306/2306/2306 2274/2274/2274 2283/2283/2283
f 2306/2306/2306 2288/2288/2288 2289/2289/2289
f 2306/2306/2306 2304/2304/2304 2288/2288/2288
f 2306/2306/2306 2286/2286/2286 2304/2304/2304
f 2306/2306/2306 2282/2282/2282 2286/2286/2286
f 2307/2307/2307 2267/2267/2267 2268/2268/2268
f 2307/2307/2307 2268/2268/2268 2269/2269/2269
f 2307/2307/2307 2269/2269/2269 2270/2270/2270
f 2307/2307/2307 2270/2270/2270 2276/2276/2276
f 2307/2307/2307 2305/2305/2305 2267/2267/2267
f 2307/2307/2307 2303/2303/2303 2305/2305/2305
f 2307/2307/2307 2306/2306/2306 2303/2303/2303
f 2307/2307/2307 2276/2276/2276 2306/2306/2306
v 7.318585 3.145396 0.438319
v 7.303687 3.146100 0.451058
v 7.286981 3.146890 0.461307
v 7.268880 3.147746 0.468813
v 7.249828 3.148646 0.473392
v 7.230296 3.149570 0.474931
v 7.355156 3.143667 0.349931
v 7.353619 3.143739 0.369485
v 7.349045 3.143956 0.388558
v 7.341547 3.144310 0.406680
v 7.331310 3.144794 0.423404
v 7.386528 3.280366 0.349931
v 7.370665 3.236153 0.349931
v 7.360158 3.190372 0.349931
v 7.385113 3.280971 0.369485
v 7.380903 3.282770 0.388558
v 7.374001 3.285721 0.406680
v 7.364577 3.289749 0.423404
v 7.352863 3.294756 0.438319
v 7.339149 3.300618 0.451058
v 7.323771 3.307192 0.461307
v 7.307107 3.314314 0.468813
v 7.289569 3.321811 0.473392
v 7.271589 3.329497 0.474931
v 7.236879 3.211044 0.474931
v 7.250709 3.271303 0.474931
v 7.269474 3.265805 0.473392
v 7.287777 3.260441 0.468813
v 7.305168 3.255346 0.461307
v 7.256165 3.207810 0.473392
v 7.321218 3.250643 0.451058
v 7.274975 3.204656 0.468813
v 7.335531 3.246449 0.438319
v 7.292847 3.201659 0.461307
v 7.347755 3.242867 0.423404
v 7.309341 3.198893 0.451058
v 7.357591 3.239985 0.406680
v 7.324051 3.196426 0.438319
v 7.364794 3.237874 0.388558
v 7.336614 3.194320 0.423404
v 7.369188 3.236586 0.369485
v 7.346722 3.192625 0.406680
v 7.354125 3.191383 0.388558
v 7.358641 3.190626 0.369485
vn -0.706318 0.033392 -0.707107
vn -0.587129 0.027757 -0.809017
vn -0.453484 0.021439 -0.891007
vn -0.308672 0.014593 -0.951057
vn -0.156260 0.007387 -0.987688
vn 0.000000 -0.000000 -1.000000
vn -0.998884 0.047224 -0.000000
vn -0.986586 0.046642 -0.156434
vn -0.949995 0.044912 -0.309017
vn -0.890012 0.042077 -0.453990
vn -0.808114 0.038205 -0.587785
vn -0.919518 0.393047 -0.000000
vn -0.959650 0.281198 -0.000000
vn -0.986230 0.165379 -0.000000
vn -0.908197 0.388208 -0.156434
vn -0.874514 0.373810 -0.309017
vn -0.819297 0.350208 -0.453990
vn -0.743906 0.317982 -0.587785
vn -0.650198 0.277927 -0.707107
vn -0.540479 0.231027 -0.809017
vn -0.417453 0.178440 -0.891007
vn -0.284147 0.121458 -0.951057
vn -0.143844 0.061486 -0.987688
vn 0.000000 -0.000000 -1.000000
vn 0.000000 -0.000000 -1.000000
vn 0.000000 -0.000000 -1.000000
vn -0.150122 0.043989 -0.987688
vn -0.296548 0.086895 -0.951057
vn -0.435672 0.127661 -0.891007
vn -0.154280 0.025871 -0.987688
vn -0.564068 0.165284 -0.809017
vn -0.304762 0.051105 -0.951057
vn -0.678575 0.198837 -0.707107
vn -0.447739 0.075080 -0.891007
vn -0.776373 0.227494 -0.587785
vn -0.579692 0.097207 -0.809017
vn -0.855054 0.250550 -0.453990
vn -0.697370 0.116940 -0.707107
vn -0.912681 0.267436 -0.309017
vn -0.797877 0.133794 -0.587785
vn -0.947835 0.277736 -0.156434
vn -0.878738 0.147353 -0.453990
vn -0.937961 0.157284 -0.309017
vn -0.974088 0.163343 -0.156434
vt 3.094352 2.356194
vt 3.094352 2.199115
vt 3.094352 2.042035
vt 3.094352 1.884956
vt 3.094352 1.727876
vt 3.094352 1.570796
vt 3.094352 3.141593
vt 3.094352 2.984513
vt 3.094352 2.827433
vt 3.094352 2.670354
vt 3.094352 2.513274
vt 2.737649 3.141593
vt 2.856550 3.141593
vt 2.975451 3.141593
vt 2.737649 2.984513
vt 2.737649 2.827433
vt 2.737649 2.670354
vt 2.737649 2.513274
vt 2.737649 2.356194
vt 2.737649 2.199115
vt 2.737649 2.042035
vt 2.737649 1.884956
vt 2.737649 1.727876
vt 2.737649 1.570796
vt 2.975451 1.570796
vt 2.856550 1.570796
vt 2.856550 1.727876
vt 2.856550 1.884956
vt 2.856550 2.042035
vt 2.975451 1.727876
vt 2.856550 2.199115
vt 2.975451 1.884956
vt 2.856550 2.356194
vt 2.975451 2.042035
vt 2.856550 2.513274
vt 2.975451 2.199115
vt 2.856550 2.670354
vt 2.975451 2.356194
vt 2.856550 2.827433
vt 2.975451 2.513274
vt 2.856550 2.984513
vt 2.975451 2.670354
vt 2.975451 2.827433
vt 2.975451 2.984513
f 2312/2312/2312 2313/2313/2313 2332/2332/2332
f 2320/2320/2320 2322/2322/2322 2319/2319/2319
f 2334/2334/2334 2331/2331/2331 2330/2330/2330
f 2334/2334/2334 2333/2333/2333 2331/2331/2331
f 2335/2335/2335 2330/2330/2330 2329/2329/2329
f 2335/2335/2335 2334/2334/2334 2330/2330/2330
f 2336/2336/2336 2329/2329/2329 2328/2328/2328
f 2336/2336/2336 2335/2335/2335 2329/2329/2329
f 2337/2337/2337 2332/2332/2332 2333/2333/2333
f 2337/2337/2337 2312/2312/2312 2332/2332/2332
f 2337/2337/2337 2333/2333/2333 2334/2334/2334
f 2338/2338/2338 2328/2328/2328 2327/2327/2327
f 2338/2338/2338 2336/2336/2336 2328/2328/2328
f 2339/2339/2339 2311/2311/2311 2312/2312/2312
f 2339/2339/2339 2312/2312/2312 2337/2337/2337
f 2339/2339/2339 2334/2334/2334 2335/2335/2335
f 2339/2339/2339 2337/2337/2337 2334/2334/2334
f 2340/2340/2340 2327/2327/2327 2326/2326/2326
f 2340/2340/2340 2338/2338/2338 2327/2327/2327
f 2341/2341/2341 2310/2310/2310 2311/2311/2311
f 2341/2341/2341 2311/2311/2311 2339/2339/2339
f 2341/2341/2341 2335/2335/2335 2336/2336/2336
f 2341/2341/2341 2339/2339/2339 2335/2335/2335
f 2342/2342/2342 2326/2326/2326 2325/2325/2325
f 2342/2342/2342 2340/2340/2340 2326/2326/2326
f 2343/2343/2343 2309/2309/2309 2310/2310/2310
f 2343/2343/2343 2310/2310/2310 2341/2341/2341
f 2343/2343/2343 2341/2341/2341 2336/2336/2336
f 2343/2343/2343 2336/2336/2336 2338/2338/2338
f 2344/2344/2344 2325/2325/2325 2324/2324/2324
f 2344/2344/2344 2342/2342/2342 2325/2325/2325
f 2345/2345/2345 2308/2308/2308 2309/2309/2309
f 2345/2345/2345 2309/2309/2309 2343/2343/2343
f 2345/2345/2345 2343/2343/2343 2338/2338/2338
f 2345/2345/2345 2338/2338/2338 2340/2340/2340
f 2346/2346/2346 2324/2324/2324 2323/2323/2323
f 2346/2346/2346 2344/2344/2344 2324/2324/2324
f 2347/2347/2347 2318/2318/2318 2308/2308/2308
f 2347/2347/2347 2340/2340/2340 2342/2342/2342
f 2347/2347/2347 2308/2308/2308 2345/2345/2345
f 2347/2347/2347 2345/2345/2345 2340/2340/2340
f 2348/2348/2348 2323/2323/2323 2322/2322/2322
f 2348/2348/2348 2322/2322/2322 2320/2320/2320
f 2348/2348/2348 2346/2346/2346 2323/2323/2323
f 2349/2349/2349 2317/2317/2317 2318/2318/2318
f 2349/2349/2349 2342/2342/2342 2344/2344/2344
f 2349/2349/2349 2318/2318/2318 2347/2347/2347
f 2349/2349/2349 2347/2347/2347 2342/2342/2342
f 2350/2350/2350 2316/2316/2316 2317/2317/2317
f 2350/2350/2350 2349/2349/2349 2344/2344/2344
f 2350/2350/2350 2344/2344/2344 2346/2346/2346
f 2350/2350/2350 2317/2317/2317 2349/2349/2349
f 2351/2351/2351 2314/2314/2314 2315/2315/2315
f 2351/2351/2351 2315/2315/2315 2316/2316/2316
f 2351/2351/2351 2320/2320/2320 2321/2321/2321
f 2351/2351/2351 2321/2321/2321 2314/2314/2314
f 2351/2351/2351 2348/2348/2348 2320/2320/2320
f 2351/2351/2351 2346/2346/2346 2348/2348/2348
f 2351/2351/2351 2316/2316/2316 2350/2350/2350
f 2351/2351/2351 2350/2350/2350 2346/2346/2346
v 7.318585 3.145396 1.511542
v 7.331310 3.144794 1.526458
v 7.341547 3.144310 1.543182
v 7.349045 3.143956 1.561304
v 7.353619 3.143739 1.580377
v 7.355156 3.143667 1.599931
v 7.230296 3.149570 1.474931
v 7.249828 3.148646 1.476470
v 7.268880 3.147746 1.481049
v 7.286981 3.146890 1.488555
v 7.303687 3.146100 1.498804
v 7.271589 3.329497 1.474931
v 7.250709 3.271303 1.474931
v 7.236879 3.211044 1.474931
v 7.289569 3.321811 1.476470
v 7.307107 3.314314 1.481049
v 7.323771 3.307192 1.488555
v 7.339149 3.300618 1.498804
v 7.352863 3.294756 1.511542
v 7.364577 3.289749 1.526458
v 7.374001 3.285721 1.543182
v 7.380903 3.282770 1.561304
v 7.385113 3.280971 1.580377
v 7.386528 3.280366 1.599931
v 7.360158 3.190372 1.599931
v 7.370665 3.236153 1.599931
v 7.256165 3.207810 1.476470
v 7.274975 3.204656 1.481049
v 7.292847 3.201659 1.488555
v 7.269474 3.265805 1.476470
v 7.309341 3.198893 1.498804
v 7.287777 3.260441 1.481049
v 7.324051 3.196426 1.511542
v 7.305168 3.255346 1.488555
v 7.336614 3.194320 1.526458
v 7.321218 3.250643 1.498804
v 7.346722 3.192625 1.543182
v 7.335531 3.246449 1.511542
v 7.354125 3.191383 1.561304
v 7.347755 3.242867 1.526458
v 7.358641 3.190626 1.580377
v 7.357591 3.239985 1.543182
v 7.364794 3.237874 1.561304
v 7.369188 3.236586 1.580377
vn -0.706318 0.033392 0.707107
vn -0.808114 0.038205 0.587785
vn -0.890012 0.042077 0.453990
vn -0.949995 0.044912 0.309017
vn -0.986586 0.046642 0.156434
vn -0.998884 0.047224 0.000000
vn 0.000000 -0.000000 1.000000
vn -0.156260 0.007387 0.987688
vn -0.308672 0.014593 0.951057
vn -0.453484 0.021439 0.891007
vn -0.587129 0.027757 0.809017
vn -0.000000 0.000000 1.000000
vn 0.000000 -0.000000 1.000000
vn 0.000000 -0.000000 1.000000
vn -0.143844 0.061486 0.987688
vn -0.284147 0.121458 0.951057
vn -0.417453 0.178440 0.891007
vn -0.540479 0.231027 0.809017
vn -0.650198 0.277927 0.707107
vn -0.743906 0.317982 0.587785
vn -0.819297 0.350208 0.453990
vn -0.874514 0.373810 0.309017
vn -0.908197 0.388208 0.156434
vn -0.919518 0.393047 0.000000
vn -0.986230 0.165379 0.000000
vn -0.959650 0.281198 0.000000
vn -0.154280 0.025871 0.987688
vn -0.304762 0.051105 0.951057
vn -0.447739 0.075080 0.891007
vn -0.150122 0.043989 0.987688
vn -0.579692 0.097207 0.809017
vn -0.296548 0.086895 0.951057
vn -0.697370 0.116940 0.707107
vn -0.435672 0.127661 0.891007
vn -0.797877 0.133794 0.587785
vn -0.564068 0.165284 0.809017
vn -0.878738 0.147353 0.453990
vn -0.678575 0.198837 0.707107
vn -0.937961 0.157284 0.309017
vn -0.776373 0.227494 0.587785
vn -0.974088 0.163343 0.156434
vn -0.855054 0.250550 0.453990
vn -0.912681 0.267436 0.309017
vn -0.947835 0.277736 0.156434
vt 0.047241 2.356194
vt 0.047241 2.513274
vt 0.047241 2.670354
vt 0.047241 2.827433
vt 0.047241 2.984513
vt 0.047241 3.141593
vt 0.047241 1.570796
vt 0.047241 1.727876
vt 0.047241 1.884956
vt 0.047241 2.042035
vt 0.047241 2.199115
vt 0.403943 1.570796
vt 0.285043 1.570796
vt 0.166142 1.570796
vt 0.403943 1.727876
vt 0.403943 1.884956
vt 0.403943 2.042035
vt 0.403943 2.199115
vt 0.403943 2.356194
vt 0.403943 2.513274
vt 0.403943 2.670354
vt 0.403943 2.827433
vt 0.403943 2.984513
vt 0.403943 3.141593
vt 0.166142 3.141593
vt 0.285043 3.141593
vt 0.166142 1.727876
vt 0.166142 1.884956
vt 0.166142 2.042035
vt 0.285043 1.727876
vt 0.166142 2.199115
vt 0.285043 1.884956
vt 0.166142 2.356194
vt 0.285043 2.042035
vt 0.166142 2.513274
vt 0.285043 2.199115
vt 0.166142 2.670354
vt 0.285043 2.356194
vt 0.166142 2.827433
vt 0.285043 2.513274
vt 0.166142 2.984513
vt 0.285043 2.670354
vt 0.285043 2.827433
vt 0.285043 2.984513
f 2365/2365/2365 2358/2358/2358 2359/2359/2359
f 2375/2375/2375 2374/2374/2374 2377/2377/2377
f 2378/2378/2378 2365/2365/2365 2359/2359/2359
f 2379/2379/2379 2359/2359/2359 2360/2360/2360
f 2379/2379/2379 2378/2378/2378 2359/2359/2359
f 2380/2380/2380 2360/2360/2360 2361/2361/2361
f 2380/2380/2380 2379/2379/2379 2360/2360/2360
f 2381/2381/2381 2363/2363/2363 2364/2364/2364
f 2381/2381/2381 2364/2364/2364 2365/2365/2365
f 2381/2381/2381 2366/2366/2366 2363/2363/2363
f 2381/2381/2381 2365/2365/2365 2378/2378/2378
f 2382/2382/2382 2361/2361/2361 2362/2362/2362
f 2382/2382/2382 2380/2380/2380 2361/2361/2361
f 2383/2383/2383 2367/2367/2367 2366/2366/2366
f 2383/2383/2383 2381/2381/2381 2378/2378/2378
f 2383/2383/2383 2366/2366/2366 2381/2381/2381
f 2383/2383/2383 2378/2378/2378 2379/2379/2379
f 2384/2384/2384 2362/2362/2362 2352/2352/2352
f 2384/2384/2384 2382/2382/2382 2362/2362/2362
f 2385/2385/2385 2368/2368/2368 2367/2367/2367
f 2385/2385/2385 2367/2367/2367 2383/2383/2383
f 2385/2385/2385 2379/2379/2379 2380/2380/2380
f 2385/2385/2385 2383/2383/2383 2379/2379/2379
f 2386/2386/2386 2352/2352/2352 2353/2353/2353
f 2386/2386/2386 2384/2384/2384 2352/2352/2352
f 2387/2387/2387 2369/2369/2369 2368/2368/2368
f 2387/2387/2387 2368/2368/2368 2385/2385/2385
f 2387/2387/2387 2385/2385/2385 2380/2380/2380
f 2387/2387/2387 2380/2380/2380 2382/2382/2382
f 2388/2388/2388 2353/2353/2353 2354/2354/2354
f 2388/2388/2388 2386/2386/2386 2353/2353/2353
f 2389/2389/2389 2370/2370/2370 2369/2369/2369
f 2389/2389/2389 2387/2387/2387 2382/2382/2382
f 2389/2389/2389 2382/2382/2382 2384/2384/2384
f 2389/2389/2389 2369/2369/2369 2387/2387/2387
f 2390/2390/2390 2354/2354/2354 2355/2355/2355
f 2390/2390/2390 2388/2388/2388 2354/2354/2354
f 2391/2391/2391 2371/2371/2371 2370/2370/2370
f 2391/2391/2391 2370/2370/2370 2389/2389/2389
f 2391/2391/2391 2384/2384/2384 2386/2386/2386
f 2391/2391/2391 2389/2389/2389 2384/2384/2384
f 2392/2392/2392 2355/2355/2355 2356/2356/2356
f 2392/2392/2392 2356/2356/2356 2357/2357/2357
f 2392/2392/2392 2357/2357/2357 2376/2376/2376
f 2392/2392/2392 2390/2390/2390 2355/2355/2355
f 2393/2393/2393 2372/2372/2372 2371/2371/2371
f 2393/2393/2393 2391/2391/2391 2386/2386/2386
f 2393/2393/2393 2386/2386/2386 2388/2388/2388
f 2393/2393/2393 2371/2371/2371 2391/2391/2391
f 2394/2394/2394 2373/2373/2373 2372/2372/2372
f 2394/2394/2394 2388/2388/2388 2390/2390/2390
f 2394/2394/2394 2372/2372/2372 2393/2393/2393
f 2394/2394/2394 2393/2393/2393 2388/2388/2388
f 2395/2395/2395 2374/2374/2374 2373/2373/2373
f 2395/2395/2395 2376/2376/2376 2377/2377/2377
f 2395/2395/2395 2394/2394/2394 2390/2390/2390
f 2395/2395/2395 2377/2377/2377 2374/2374/2374
f 2395/2395/2395 2392/2392/2392 2376/2376/2376
f 2395/2395/2395 2390/2390/2390 2392/2392/2392
f 2395/2395/2395 2373/2373/2373 2394/2394/2394
v 7.271589 3.329497 0.474931
v 7.278566 3.342774 0.475875
v 7.286834 3.355177 0.478469
v 7.296445 3.366643 0.482889
v 7.306674 3.376817 0.488715
v 7.317797 3.386067 0.496283
v 7.328712 3.393858 0.504902
v 7.343280 3.402691 0.518572
v 7.358200 3.410263 0.536335
v 7.369257 3.415091 0.554204
v 7.375783 3.417668 0.569576
v 7.379216 3.418950 0.582328
v 7.380499 3.419417 0.591233
v 7.380960 3.419582 0.599931
v 7.445985 3.410899 0.599931
v 7.429439 3.409799 0.599931
v 7.412893 3.410899 0.599931
v 7.396637 3.414179 0.599931
v 7.506453 3.436344 0.599931
v 7.492743 3.427015 0.599931
v 7.477918 3.419584 0.599931
v 7.462240 3.414180 0.599931
v 7.503284 3.433838 0.551945
v 7.494229 3.426380 0.506054
v 7.480463 3.414130 0.464068
v 7.463434 3.397257 0.427240
v 7.446460 3.378202 0.399211
v 7.430540 3.357786 0.378613
v 7.416775 3.337571 0.364827
v 7.404881 3.317723 0.355979
v 7.393794 3.296290 0.351083
v 7.390000 3.288217 0.350222
v 7.386528 3.280366 0.349931
v 7.385113 3.280971 0.369485
v 7.380903 3.282770 0.388558
v 7.374001 3.285721 0.406680
v 7.364577 3.289749 0.423404
v 7.352863 3.294756 0.438319
v 7.339149 3.300618 0.451058
v 7.323771 3.307192 0.461307
v 7.307107 3.314314 0.468813
v 7.289569 3.321811 0.473392
v 7.374499 3.413700 0.555886
v 7.354465 3.395168 0.514248
v 7.436088 3.403126 0.539104
v 7.411164 3.380102 0.486955
v 7.492241 3.424875 0.515429
v 7.326641 3.361878 0.482604
v 7.459050 3.394223 0.445795
v 7.379723 3.342561 0.451049
v 7.418141 3.345363 0.399059
v 7.353073 3.295238 0.438318
vn -0.000000 -0.000000 -1.000000
vn 0.044633 0.110367 -0.992888
vn 0.090421 0.221818 -0.970887
vn 0.130202 0.321723 -0.937839
vn 0.176956 0.428742 -0.885927
vn 0.208223 0.512359 -0.833146
vn 0.251221 0.605090 -0.755483
vn 0.292668 0.703619 -0.647507
vn 0.330906 0.794375 -0.509382
vn 0.357157 0.856572 -0.372457
vn 0.374662 0.893739 -0.246698
vn 0.384748 0.913483 -0.132356
vn 0.386564 0.919338 -0.073392
vn 0.387815 0.921737 0.000000
vn -0.132391 0.991198 0.000000
vn -0.000021 1.000000 0.000000
vn 0.132350 0.991203 0.000000
vn 0.262391 0.964962 0.000000
vn -0.616131 0.787644 -0.000000
vn -0.506448 0.862271 0.000000
vn -0.387852 0.921722 0.000000
vn -0.262431 0.964951 0.000000
vn -0.624186 0.781276 -0.000075
vn -0.647212 0.762310 -0.000388
vn -0.682271 0.731099 -0.000733
vn -0.725695 0.688015 -0.001047
vn -0.768722 0.639583 -0.000902
vn -0.807014 0.590532 0.001035
vn -0.843253 0.537517 -0.000123
vn -0.873883 0.486135 -0.000352
vn -0.900440 0.434980 0.000172
vn -0.909320 0.416098 0.000177
vn -0.919518 0.393047 -0.000000
vn -0.908197 0.388208 -0.156437
vn -0.874513 0.373810 -0.309020
vn -0.819296 0.350207 -0.453992
vn -0.743905 0.317982 -0.587786
vn -0.650198 0.277927 -0.707107
vn -0.540480 0.231028 -0.809016
vn -0.417454 0.178441 -0.891006
vn -0.284149 0.121459 -0.951056
vn -0.143847 0.061487 -0.987688
vn 0.330418 0.880455 -0.340033
vn 0.190483 0.750885 -0.632367
vn -0.162294 0.965048 -0.205775
vn -0.263109 0.871412 -0.414023
vn -0.611520 0.791059 -0.016381
vn -0.013177 0.505854 -0.862519
vn -0.646202 0.758447 -0.084743
vn -0.437838 0.660386 -0.610072
vn -0.745181 0.637971 -0.194159
vn -0.648393 0.282177 -0.707080
vt -0.788212 -0.003005
vt -0.782494 -0.017846
vt -0.770374 -0.032920
vt -0.752594 -0.047393
vt -0.730534 -0.063018
vt -0.704601 -0.076905
vt -0.677365 -0.092678
vt -0.639065 -0.112287
vt -0.597923 -0.134233
vt -0.566109 -0.153931
vt -0.546565 -0.170392
vt -0.536275 -0.184347
vt -0.532315 -0.192271
vt -0.531039 -0.201202
vt -0.000000 -0.201202
vt -0.132760 -0.201202
vt -0.265520 -0.201202
vt -0.398280 -0.201202
vt 0.531039 -0.201202
vt 0.398280 -0.201202
vt 0.265520 -0.201202
vt 0.132760 -0.201202
vt 0.541110 -0.177117
vt 0.569093 -0.153015
vt 0.609344 -0.128904
vt 0.655289 -0.104783
vt 0.696568 -0.083109
vt 0.730549 -0.063846
vt 0.754875 -0.046123
vt 0.771057 -0.030237
vt 0.780515 -0.014655
vt 0.782080 -0.008993
vt 0.782574 -0.003005
vt 0.625495 -0.003005
vt 0.468417 -0.003005
vt 0.311338 -0.003005
vt 0.154260 -0.003005
vt -0.002819 -0.003005
vt -0.159898 -0.003005
vt -0.316976 -0.003005
vt -0.474055 -0.003005
vt -0.631133 -0.003005
vt -0.526414 -0.157139
vt -0.526414 -0.110578
vt -0.002819 -0.157139
vt -0.002819 -0.110578
vt 0.520776 -0.157139
vt -0.526414 -0.059266
vt 0.520776 -0.110578
vt -0.002819 -0.059266
vt 0.520776 -0.059266
vt -0.002819 -0.003551
f 2413/2413/2413 2408/2408/2408 2409/2409/2409
f 2407/2407/2407 2408/2408/2408 2413/2413/2413
f 2412/2412/2412 2407/2407/2407 2413/2413/2413
f 2406/2406/2406 2407/2407/2407 2412/2412/2412
f 2418/2418/2418 2415/2415/2415 2414/2414/2414
f 2418/2418/2418 2416/2416/2416 2415/2415/2415
f 2437/2437/2437 2396/2396/2396 2397/2397/2397
f 2436/2436/2436 2397/2397/2397 2398/2398/2398
f 2436/2436/2436 2437/2437/2437 2397/2397/2397
f 2429/2429/2429 2430/2430/2430 2425/2425/2425
f 2426/2426/2426 2429/2429/2429 2425/2425/2425
f 2427/2427/2427 2429/2429/2429 2426/2426/2426
f 2428/2428/2428 2429/2429/2429 2427/2427/2427
f 2438/2438/2438 2404/2404/2404 2405/2405/2405
f 2438/2438/2438 2405/2405/2405 2406/2406/2406
f 2439/2439/2439 2402/2402/2402 2403/2403/2403
f 2439/2439/2439 2403/2403/2403 2404/2404/2404
f 2440/2440/2440 2411/2411/2411 2410/2410/2410
f 2440/2440/2440 2412/2412/2412 2411/2411/2411
f 2440/2440/2440 2417/2417/2417 2416/2416/2416
f 2440/2440/2440 2410/2410/2410 2417/2417/2417
f 2440/2440/2440 2406/2406/2406 2412/2412/2412
f 2440/2440/2440 2416/2416/2416 2418/2418/2418
f 2440/2440/2440 2438/2438/2438 2406/2406/2406
f 2440/2440/2440 2404/2404/2404 2438/2438/2438
f 2441/2441/2441 2440/2440/2440 2420/2420/2420
f 2441/2441/2441 2404/2404/2404 2440/2440/2440
f 2441/2441/2441 2439/2439/2439 2404/2404/2404
f 2442/2442/2442 2420/2420/2420 2440/2440/2440
f 2442/2442/2442 2418/2418/2418 2419/2419/2419
f 2442/2442/2442 2419/2419/2419 2420/2420/2420
f 2442/2442/2442 2440/2440/2440 2418/2418/2418
f 2443/2443/2443 2398/2398/2398 2399/2399/2399
f 2443/2443/2443 2399/2399/2399 2400/2400/2400
f 2443/2443/2443 2400/2400/2400 2401/2401/2401
f 2443/2443/2443 2401/2401/2401 2402/2402/2402
f 2443/2443/2443 2435/2435/2435 2436/2436/2436
f 2443/2443/2443 2402/2402/2402 2439/2439/2439
f 2443/2443/2443 2436/2436/2436 2398/2398/2398
f 2444/2444/2444 2441/2441/2441 2420/2420/2420
f 2444/2444/2444 2420/2420/2420 2421/2421/2421
f 2444/2444/2444 2421/2421/2421 2422/2422/2422
f 2445/2445/2445 2435/2435/2435 2443/2443/2443
f 2445/2445/2445 2431/2431/2431 2432/2432/2432
f 2445/2445/2445 2434/2434/2434 2435/2435/2435
f 2445/2445/2445 2439/2439/2439 2441/2441/2441
f 2445/2445/2445 2443/2443/2443 2439/2439/2439
f 2446/2446/2446 2425/2425/2425 2430/2430/2430
f 2446/2446/2446 2422/2422/2422 2423/2423/2423
f 2446/2446/2446 2423/2423/2423 2424/2424/2424
f 2446/2446/2446 2424/2424/2424 2425/2425/2425
f 2446/2446/2446 2430/2430/2430 2431/2431/2431
f 2446/2446/2446 2445/2445/2445 2441/2441/2441
f 2446/2446/2446 2444/2444/2444 2422/2422/2422
f 2446/2446/2446 2441/2441/2441 2444/2444/2444
f 2446/2446/2446 2431/2431/2431 2445/2445/2445
f 2447/2447/2447 2434/2434/2434 2445/2445/2445
f 2447/2447/2447 2432/2432/2432 2433/2433/2433
f 2447/2447/2447 2433/2433/2433 2434/2434/2434
f 2447/2447/2447 2445/2445/2445 2432/2432/2432
v 7.386528 3.280366 1.599931
v 7.395870 3.300535 1.598116
v 7.402526 3.313421 1.595202
v 7.409202 3.325247 1.591044
v 7.417723 3.339051 1.584205
v 7.427372 3.353389 1.574782
v 7.437256 3.366707 1.563116
v 7.447222 3.379116 1.549539
v 7.456823 3.390113 1.534327
v 7.469175 3.403184 1.511438
v 7.481952 3.415514 1.481989
v 7.492547 3.424941 1.449922
v 7.500471 3.431568 1.415611
v 7.504894 3.435118 1.383397
v 7.506453 3.436344 1.349931
v 7.445985 3.410899 1.349931
v 7.462240 3.414180 1.349931
v 7.477918 3.419584 1.349931
v 7.492743 3.427015 1.349931
v 7.380960 3.419582 1.349931
v 7.396637 3.414179 1.349931
v 7.412893 3.410899 1.349931
v 7.429439 3.409799 1.349931
v 7.379667 3.419115 1.364978
v 7.376545 3.417957 1.377979
v 7.372078 3.416229 1.389777
v 7.366494 3.413937 1.400694
v 7.357330 3.409855 1.414710
v 7.345172 3.403723 1.429277
v 7.332139 3.396072 1.441973
v 7.318788 3.386827 1.452850
v 7.305367 3.375625 1.461958
v 7.292981 3.362758 1.468693
v 7.287706 3.356321 1.471043
v 7.283184 3.350056 1.472699
v 7.276880 3.339868 1.474346
v 7.271589 3.329497 1.474931
v 7.289569 3.321811 1.476470
v 7.307107 3.314314 1.481049
v 7.323771 3.307192 1.488555
v 7.339149 3.300618 1.498804
v 7.352863 3.294756 1.511542
v 7.364577 3.289749 1.526458
v 7.374001 3.285721 1.543182
v 7.380903 3.282770 1.561304
v 7.385113 3.280971 1.580377
v 7.326698 3.361964 1.467207
v 7.379786 3.342654 1.498758
v 7.354521 3.395229 1.435524
v 7.418225 3.345483 1.550730
v 7.374526 3.413726 1.393883
v 7.411231 3.380173 1.462800
v 7.436124 3.403158 1.410635
v 7.459140 3.394315 1.503927
v 7.492292 3.424917 1.434265
vn -0.919518 0.393047 -0.000000
vn -0.895944 0.444168 -0.000007
vn -0.880668 0.473733 0.000642
vn -0.860718 0.509082 -0.000801
vn -0.841139 0.540818 0.000318
vn -0.816097 0.577915 -0.000122
vn -0.791110 0.611674 -0.000120
vn -0.766578 0.642151 0.000667
vn -0.741468 0.670988 -0.000314
vn -0.710085 0.704116 -0.000500
vn -0.678471 0.734627 0.000625
vn -0.651433 0.758706 0.000331
vn -0.631269 0.775564 0.000013
vn -0.620088 0.784532 0.000044
vn -0.616131 0.787644 0.000000
vn -0.132391 0.991198 -0.000000
vn -0.262431 0.964951 -0.000000
vn -0.387852 0.921722 0.000000
vn -0.506448 0.862271 0.000000
vn 0.387815 0.921737 -0.000000
vn 0.262391 0.964962 -0.000000
vn 0.132350 0.991203 -0.000000
vn -0.000021 1.000000 -0.000000
vn 0.385494 0.915649 0.113931
vn 0.375930 0.897351 0.231167
vn 0.368639 0.875981 0.311066
vn 0.350975 0.841670 0.410376
vn 0.326711 0.787492 0.522605
vn 0.299512 0.717440 0.628946
vn 0.258946 0.626597 0.735066
vn 0.210986 0.519623 0.827936
vn 0.169846 0.413949 0.894315
vn 0.119502 0.292073 0.948901
vn 0.096746 0.235722 0.966993
vn 0.065355 0.164287 0.984245
vn 0.037031 0.090631 0.995196
vn 0.000000 0.000000 1.000000
vn -0.143846 0.061487 0.987688
vn -0.284149 0.121459 0.951056
vn -0.417454 0.178441 0.891006
vn -0.540480 0.231028 0.809016
vn -0.650198 0.277927 0.707107
vn -0.743905 0.317982 0.587786
vn -0.819296 0.350207 0.453992
vn -0.874513 0.373810 0.309020
vn -0.908197 0.388208 0.156437
vn -0.012676 0.506526 0.862132
vn -0.437381 0.661007 0.609728
vn 0.190909 0.751290 0.631757
vn -0.744891 0.638373 0.193950
vn 0.330653 0.880626 0.339361
vn -0.262770 0.871738 0.413550
vn -0.162134 0.965166 0.205345
vn -0.646041 0.758608 0.084535
vn -0.611478 0.791093 0.016309
vt 0.785393 -0.201205
vt 0.782105 -0.186641
vt 0.776436 -0.177434
vt 0.768713 -0.167603
vt 0.756215 -0.156932
vt 0.739408 -0.144585
vt 0.719659 -0.132290
vt 0.697666 -0.120093
vt 0.674816 -0.107705
vt 0.643173 -0.091310
vt 0.607955 -0.072969
vt 0.577072 -0.054518
vt 0.552852 -0.036067
vt 0.538887 -0.019536
vt 0.533881 -0.003000
vt 0.002842 -0.003000
vt 0.135602 -0.003000
vt 0.268361 -0.003000
vt 0.401121 -0.003000
vt -0.528198 -0.003000
vt -0.395438 -0.003000
vt -0.262678 -0.003000
vt -0.129918 -0.003000
vt -0.532028 -0.017452
vt -0.541484 -0.031675
vt -0.554840 -0.042763
vt -0.571155 -0.055609
vt -0.597585 -0.071705
vt -0.631112 -0.088965
vt -0.665737 -0.107371
vt -0.699345 -0.126058
vt -0.730618 -0.143357
vt -0.756570 -0.161395
vt -0.766041 -0.169495
vt -0.773422 -0.178611
vt -0.781520 -0.189265
vt -0.785393 -0.201205
vt -0.628314 -0.201205
vt -0.471236 -0.201205
vt -0.314157 -0.201205
vt -0.157079 -0.201205
vt 0.000000 -0.201205
vt 0.157079 -0.201205
vt 0.314157 -0.201205
vt 0.471236 -0.201205
vt 0.628314 -0.201205
vt -0.523595 -0.144827
vt 0.000000 -0.144827
vt -0.523595 -0.093514
vt 0.523595 -0.144827
vt -0.523595 -0.046970
vt 0.000000 -0.093514
vt 0.000000 -0.046970
vt 0.523595 -0.093514
vt 0.523595 -0.046970
f 2485/2485/2485 2483/2483/2483 2484/2484/2484
f 2482/2482/2482 2483/2483/2483 2485/2485/2485
f 2486/2486/2486 2482/2482/2482 2485/2485/2485
f 2481/2481/2481 2482/2482/2482 2486/2486/2486
f 2449/2449/2449 2493/2493/2493 2448/2448/2448
f 2450/2450/2450 2492/2492/2492 2493/2493/2493
f 2450/2450/2450 2493/2493/2493 2449/2449/2449
f 2451/2451/2451 2492/2492/2492 2450/2450/2450
f 2468/2468/2468 2467/2467/2467 2471/2471/2471
f 2469/2469/2469 2471/2471/2471 2472/2472/2472
f 2469/2469/2469 2468/2468/2468 2471/2471/2471
f 2461/2461/2461 2465/2465/2465 2460/2460/2460
f 2466/2466/2466 2465/2465/2465 2461/2461/2461
f 2462/2462/2462 2466/2466/2466 2461/2461/2461
f 2494/2494/2494 2477/2477/2477 2478/2478/2478
f 2494/2494/2494 2478/2478/2478 2479/2479/2479
f 2494/2494/2494 2479/2479/2479 2480/2480/2480
f 2494/2494/2494 2480/2480/2480 2481/2481/2481
f 2494/2494/2494 2486/2486/2486 2487/2487/2487
f 2494/2494/2494 2481/2481/2481 2486/2486/2486
f 2495/2495/2495 2494/2494/2494 2487/2487/2487
f 2495/2495/2495 2487/2487/2487 2488/2488/2488
f 2495/2495/2495 2488/2488/2488 2489/2489/2489
f 2495/2495/2495 2489/2489/2489 2490/2490/2490
f 2495/2495/2495 2490/2490/2490 2491/2491/2491
f 2496/2496/2496 2475/2475/2475 2476/2476/2476
f 2496/2496/2496 2476/2476/2476 2477/2477/2477
f 2496/2496/2496 2477/2477/2477 2494/2494/2494
f 2497/2497/2497 2451/2451/2451 2452/2452/2452
f 2497/2497/2497 2452/2452/2452 2453/2453/2453
f 2497/2497/2497 2453/2453/2453 2454/2454/2454
f 2497/2497/2497 2454/2454/2454 2455/2455/2455
f 2497/2497/2497 2491/2491/2491 2492/2492/2492
f 2497/2497/2497 2495/2495/2495 2491/2491/2491
f 2497/2497/2497 2492/2492/2492 2451/2451/2451
f 2498/2498/2498 2472/2472/2472 2473/2473/2473
f 2498/2498/2498 2473/2473/2473 2474/2474/2474
f 2499/2499/2499 2496/2496/2496 2494/2494/2494
f 2499/2499/2499 2494/2494/2494 2495/2495/2495
f 2499/2499/2499 2475/2475/2475 2496/2496/2496
f 2500/2500/2500 2498/2498/2498 2474/2474/2474
f 2500/2500/2500 2458/2458/2458 2459/2459/2459
f 2500/2500/2500 2464/2464/2464 2463/2463/2463
f 2500/2500/2500 2465/2465/2465 2464/2464/2464
f 2500/2500/2500 2469/2469/2469 2472/2472/2472
f 2500/2500/2500 2470/2470/2470 2469/2469/2469
f 2500/2500/2500 2463/2463/2463 2470/2470/2470
f 2500/2500/2500 2474/2474/2474 2475/2475/2475
f 2500/2500/2500 2460/2460/2460 2465/2465/2465
f 2500/2500/2500 2499/2499/2499 2458/2458/2458
f 2500/2500/2500 2472/2472/2472 2498/2498/2498
f 2500/2500/2500 2475/2475/2475 2499/2499/2499
f 2501/2501/2501 2455/2455/2455 2456/2456/2456
f 2501/2501/2501 2456/2456/2456 2457/2457/2457
f 2501/2501/2501 2457/2457/2457 2458/2458/2458
f 2501/2501/2501 2497/2497/2497 2455/2455/2455
f 2501/2501/2501 2495/2495/2495 2497/2497/2497
f 2501/2501/2501 2458/2458/2458 2499/2499/2499
f 2501/2501/2501 2499/2499/2499 2495/2495/2495
f 2502/2502/2502 2459/2459/2459 2460/2460/2460
f 2502/2502/2502 2500/2500/2500 2459/2459/2459
f 2502/2502/2502 2460/2460/2460 2500/2500/2500
v 7.380960 3.419582 1.349931
v 7.396637 3.414179 1.349931
v 7.412893 3.410899 1.349931
v 7.429439 3.409799 1.349931
v 7.445985 3.410899 1.349931
v 7.462240 3.414180 1.349931
v 7.477918 3.419584 1.349931
v 7.492743 3.427015 1.349931
v 7.506453 3.436344 1.349931
v 7.506453 3.436344 0.599931
v 7.492743 3.427015 0.599931
v 7.477918 3.419584 0.599931
v 7.462240 3.414180 0.599931
v 7.445985 3.410899 0.599931
v 7.429439 3.409799 0.599931
v 7.412893 3.410899 0.599931
v 7.396637 3.414179 0.599931
v 7.380960 3.419582 0.599931
v 7.402006 3.412846 1.162431
v 7.445985 3.410899 1.162431
v 7.402006 3.412846 0.974931
v 7.445985 3.410899 0.974931
v 7.402006 3.412846 0.787431
v 7.445985 3.410899 0.787431
v 7.487912 3.424320 0.787431
vn 0.387816 0.921737 0.000000
vn 0.262391 0.964962 0.000000
vn 0.132350 0.991203 0.000000
vn -0.000021 1.000000 0.000000
vn -0.132391 0.991198 0.000000
vn -0.262431 0.964951 0.000000
vn -0.387852 0.921722 0.000000
vn -0.506448 0.862271 0.000000
vn -0.616132 0.787643 0.000000
vn -0.616131 0.787644 0.000000
vn -0.506448 0.862271 0.000000
vn -0.387852 0.921722 0.000000
vn -0.262431 0.964951 0.000000
vn -0.132391 0.991198 0.000000
vn -0.000021 1.000000 0.000000
vn 0.132350 0.991203 0.000000
vn 0.262391 0.964962 0.000000
vn 0.387816 0.921737 0.000000
vn 0.219446 0.975625 0.000000
vn -0.132391 0.991198 0.000000
vn 0.219446 0.975625 0.000000
vn -0.132391 0.991198 0.000000
vn 0.219446 0.975625 0.000000
vn -0.132391 0.991198 0.000000
vn -0.467807 0.883831 0.000000
vt -0.531040 -0.753000
vt -0.398280 -0.753000
vt -0.265520 -0.753000
vt -0.132760 -0.753000
vt 0.000000 -0.753000
vt 0.132760 -0.753000
vt 0.265520 -0.753000
vt 0.398280 -0.753000
vt 0.531040 -0.753000
vt 0.531039 -0.003000
vt 0.398280 -0.003000
vt 0.265520 -0.003000
vt 0.132760 -0.003000
vt 0.000000 -0.003000
vt -0.132760 -0.003000
vt -0.265520 -0.003000
vt -0.398280 -0.003000
vt -0.531040 -0.003000
vt -0.354027 -0.565500
vt 0.000000 -0.565500
vt -0.354027 -0.378000
vt 0.000000 -0.378000
vt -0.354027 -0.190500
vt 0.000000 -0.190500
vt 0.354027 -0.190500
f 2521/2521/2521 2503/2503/2503 2504/2504/2504
f 2521/2521/2521 2504/2504/2504 2505/2505/2505
f 2521/2521/2521 2505/2505/2505 2506/2506/2506
f 2522/2522/2522 2506/2506/2506 2507/2507/2507
f 2522/2522/2522 2507/2507/2507 2508/2508/2508
f 2522/2522/2522 2508/2508/2508 2509/2509/2509
f 2522/2522/2522 2509/2509/2509 2510/2510/2510
f 2522/2522/2522 2510/2510/2510 2511/2511/2511
f 2522/2522/2522 2521/2521/2521 2506/2506/2506
f 2523/2523/2523 2520/2520/2520 2503/2503/2503
f 2523/2523/2523 2503/2503/2503 2521/2521/2521
f 2524/2524/2524 2521/2521/2521 2522/2522/2522
f 2524/2524/2524 2523/2523/2523 2521/2521/2521
f 2524/2524/2524 2522/2522/2522 2511/2511/2511
f 2525/2525/2525 2517/2517/2517 2518/2518/2518
f 2525/2525/2525 2518/2518/2518 2519/2519/2519
f 2525/2525/2525 2519/2519/2519 2520/2520/2520
f 2525/2525/2525 2520/2520/2520 2523/2523/2523
f 2526/2526/2526 2515/2515/2515 2516/2516/2516
f 2526/2526/2526 2516/2516/2516 2517/2517/2517
f 2526/2526/2526 2523/2523/2523 2524/2524/2524
f 2526/2526/2526 2525/2525/2525 2523/2523/2523
f 2526/2526/2526 2517/2517/2517 2525/2525/2525
f 2527/2527/2527 2511/2511/2511 2512/2512/2512
f 2527/2527/2527 2512/2512/2512 2513/2513/2513
f 2527/2527/2527 2513/2513/2513 2514/2514/2514
f 2527/2527/2527 2514/2514/2514 2515/2515/2515
f 2527/2527/2527 2526/2526/2526 2524/2524/2524
f 2527/2527/2527 2515/2515/2515 2526/2526/2526
f 2527/2527/2527 2524/2524/2524 2511/2511/2511
v 7.271589 3.329497 0.474931
v 7.278566 3.342774 0.475875
v 7.286834 3.355177 0.478469
v 7.296445 3.366643 0.482889
v 7.306674 3.376817 0.488715
v 7.317797 3.386067 0.496283
v 7.328712 3.393858 0.504902
v 7.343280 3.402691 0.518572
v 7.358200 3.410263 0.536335
v 7.369257 3.415091 0.554204
v 7.375783 3.417668 0.569576
v 7.379216 3.418950 0.582328
v 7.380499 3.419417 0.591233
v 7.380960 3.419582 0.599931
v 6.978446 3.432472 0.474931
v 6.709686 3.489498 0.474931
v 6.502360 3.499640 0.474931
v 6.319917 3.481343 0.474931
v 5.565108 3.297179 0.474931
v 5.293165 3.252800 0.474931
v 5.015566 3.249071 0.474931
v 4.749402 3.282342 0.474931
v 4.670778 3.425748 0.599931
v 4.671622 3.424754 0.586143
v 4.673638 3.422363 0.574200
v 4.676563 3.418841 0.563313
v 4.680162 3.414419 0.553251
v 4.686226 3.406734 0.540028
v 4.694054 3.396302 0.526503
v 4.702479 3.384321 0.514407
v 4.711249 3.370832 0.503619
v 4.722784 3.350895 0.491613
v 4.734530 3.326612 0.481773
v 4.743007 3.304519 0.476657
v 5.050887 3.372317 0.599931
v 5.304070 3.379513 0.599931
v 5.584377 3.429875 0.599931
v 6.123451 3.569544 0.599931
v 6.398932 3.617871 0.599931
v 6.603405 3.624115 0.599931
v 6.870146 3.588669 0.599931
v 7.136090 3.513734 0.599931
v 7.296170 3.449730 0.567574
v 7.284196 3.419665 0.511532
v 7.263458 3.367593 0.479184
v 4.713896 3.412203 0.567574
v 7.215934 3.475049 0.552088
v 7.210232 3.459757 0.523826
v 7.134837 3.457766 0.497532
v 7.001681 3.538419 0.537431
v 6.851297 3.582907 0.552088
v 6.835567 3.591419 0.567574
v 6.829368 3.559657 0.511532
v 6.905418 3.501388 0.484443
v 6.897398 3.545009 0.511539
v 6.932080 3.536557 0.511542
v 6.722442 3.604287 0.552088
v 6.769732 3.529124 0.484443
v 6.719648 3.577327 0.511539
v 6.661933 3.583533 0.511542
v 6.606584 3.561398 0.491678
v 6.499214 3.607848 0.537431
v 6.385543 3.606895 0.552088
v 6.450305 3.585476 0.511542
v 6.370716 3.610480 0.567574
v 6.374572 3.578348 0.511532
v 6.424584 3.583496 0.511539
v 6.438847 3.543972 0.484443
v 6.249275 3.586218 0.552088
v 6.346107 3.533712 0.484443
v 6.271492 3.562737 0.511539
v 6.218990 3.552733 0.511542
v 6.096227 3.483718 0.484443
v 6.101621 3.526734 0.511539
v 5.731721 3.457085 0.552088
v 5.995091 3.527987 0.552088
v 5.880839 3.469248 0.511532
v 5.725044 3.385396 0.484443
v 5.476578 3.389155 0.537431
v 4.941466 3.323773 0.495297
v 4.851002 3.346299 0.503496
v 4.905900 3.354959 0.519168
v 4.901056 3.361985 0.527375
v 4.719718 3.388963 0.523773
v 4.726010 3.379882 0.514708
v 7.139639 3.497575 0.542209
v 7.063938 3.498971 0.511542
v 7.102715 3.514913 0.552095
v 7.021704 3.469588 0.484446
v 6.992442 3.493477 0.491678
v 6.903249 3.571472 0.552095
v 6.885819 3.575476 0.552093
v 6.956805 3.488171 0.484446
v 6.633799 3.612891 0.552095
v 6.715142 3.537022 0.484445
v 6.687216 3.540306 0.484446
v 6.576601 3.615500 0.552095
v 6.550249 3.588756 0.511542
v 6.525331 3.548054 0.484446
v 6.476760 3.546429 0.484446
v 6.295500 3.525770 0.484445
v 6.169550 3.570058 0.552095
v 6.269858 3.521232 0.484446
v 6.110438 3.556673 0.552093
v 6.043908 3.512536 0.511537
v 5.726736 3.427754 0.511537
v 5.674046 3.414152 0.511539
v 5.626835 3.430286 0.552093
v 5.574861 3.417839 0.552095
v 5.569262 3.388734 0.511542
v 5.619010 3.358765 0.484445
v 5.566505 3.346515 0.484446
v 5.518208 3.350966 0.491678
v 5.493247 3.330868 0.484446
v 5.427169 3.359813 0.511542
v 5.384811 3.326851 0.491678
v 5.364869 3.377510 0.552095
v 5.342319 3.367182 0.537431
v 5.296446 3.341929 0.511542
v 5.299411 3.369473 0.552095
v 5.213177 3.355486 0.537431
v 5.294603 3.300994 0.484446
v 5.251478 3.312021 0.491678
v 5.228404 3.295808 0.484446
v 5.166987 3.334010 0.511542
v 5.117615 3.307891 0.491678
v 5.108185 3.360998 0.552095
v 5.083928 3.354303 0.537431
v 5.035056 3.336471 0.511542
v 5.043478 3.363160 0.552095
v 4.978436 3.369493 0.556924
v 5.025671 3.296384 0.484446
v 5.621407 3.401065 0.511541
vn 0.000025 0.000063 -1.000000
vn 0.044918 0.110761 -0.992832
vn 0.088995 0.218969 -0.971665
vn 0.132281 0.324416 -0.936620
vn 0.172939 0.422488 -0.889717
vn 0.212525 0.516853 -0.829274
vn 0.248030 0.600444 -0.760229
vn 0.291464 0.701224 -0.650641
vn 0.332286 0.794377 -0.508480
vn 0.360595 0.858054 -0.365670
vn 0.376708 0.893963 -0.242736
vn 0.384918 0.912152 -0.140774
vn 0.388022 0.919022 -0.069551
vn 0.389027 0.921226 0.000000
vn -0.000000 -0.000000 -1.000000
vn 0.000000 0.000000 -1.000000
vn -0.000000 0.000000 -1.000000
vn 0.000000 -0.000000 -1.000000
vn 0.000000 -0.000000 -1.000000
vn -0.000000 0.000000 -1.000000
vn -0.000000 -0.000002 -1.000000
vn -0.000043 -0.000234 -1.000000
vn 0.216162 0.976357 0.000000
vn 0.214507 0.970471 -0.110328
vn 0.210410 0.955687 -0.205889
vn 0.204448 0.933999 -0.292996
vn 0.196995 0.906490 -0.373455
vn 0.184175 0.858180 -0.479172
vn 0.167080 0.791750 -0.587551
vn 0.147839 0.714031 -0.684327
vn 0.126601 0.624645 -0.770579
vn 0.096301 0.489563 -0.866634
vn 0.061017 0.320405 -0.945314
vn 0.030136 0.162322 -0.986277
vn 0.047253 0.998883 -0.000000
vn -0.107012 0.994258 0.000000
vn -0.229664 0.973270 0.000000
vn -0.224867 0.974390 0.000000
vn -0.100157 0.994972 -0.000000
vn 0.044280 0.999019 0.000000
vn 0.210338 0.977629 -0.000000
vn 0.323796 0.946127 -0.000000
vn 0.357378 0.897370 -0.258857
vn 0.261591 0.656849 -0.707191
vn 0.095689 0.240274 -0.965977
vn 0.193920 0.946249 -0.258857
vn 0.322742 0.865650 -0.382738
vn 0.277130 0.743312 -0.608840
vn 0.188781 0.541562 -0.819190
vn 0.236888 0.832997 -0.500000
vn 0.185817 0.904977 -0.382738
vn 0.185017 0.948030 -0.258857
vn 0.135427 0.693931 -0.707191
vn 0.090698 0.371723 -0.923902
vn 0.161524 0.688383 -0.707135
vn 0.173297 0.685542 -0.707107
vn 0.115546 0.916603 -0.382738
vn 0.061242 0.377696 -0.923902
vn 0.088699 0.701493 -0.707135
vn 0.062014 0.704382 -0.707107
vn 0.024484 0.499400 -0.866025
vn -0.028908 0.865543 -0.500000
vn -0.101342 0.918282 -0.382738
vn -0.047986 0.705477 -0.707107
vn -0.115093 0.959034 -0.258857
vn -0.084245 0.701986 -0.707191
vn -0.060338 0.704500 -0.707135
vn -0.029773 0.381468 -0.923902
vn -0.169714 0.908135 -0.382738
vn -0.053907 0.378812 -0.923902
vn -0.124630 0.696008 -0.707135
vn -0.139649 0.693180 -0.707107
vn -0.090271 0.371827 -0.923902
vn -0.164364 0.687710 -0.707135
vn -0.235572 0.893318 -0.382738
vn -0.232846 0.894032 -0.382738
vn -0.186207 0.682061 -0.707191
vn -0.096449 0.370273 -0.923902
vn -0.167957 0.849582 -0.500000
vn 0.055838 0.544233 -0.837074
vn 0.091742 0.629604 -0.771481
vn 0.092315 0.757645 -0.646105
vn 0.100620 0.808058 -0.580447
vn 0.156123 0.777449 -0.609261
vn 0.141862 0.717668 -0.681783
vn 0.289610 0.838383 -0.461778
vn 0.213395 0.674138 -0.707107
vn 0.289402 0.877383 -0.382683
vn 0.110668 0.366332 -0.923880
vn 0.137474 0.480730 -0.866025
vn 0.210895 0.899487 -0.382683
vn 0.202836 0.901331 -0.382702
vn 0.099892 0.369416 -0.923880
vn 0.061652 0.921820 -0.382683
vn 0.048146 0.379624 -0.923887
vn 0.041127 0.380467 -0.923880
vn 0.021643 0.923626 -0.382683
vn 0.002505 0.707102 -0.707107
vn -0.005923 0.382638 -0.923880
vn -0.019545 0.382184 -0.923880
vn -0.064415 0.377205 -0.923887
vn -0.196115 0.902825 -0.382683
vn -0.068952 0.376420 -0.923880
vn -0.211356 0.899371 -0.382702
vn -0.173078 0.685554 -0.707149
vn -0.179300 0.683953 -0.707149
vn -0.173968 0.685343 -0.707135
vn -0.220448 0.897186 -0.382702
vn -0.209472 0.899819 -0.382683
vn -0.158142 0.689196 -0.707107
vn -0.089378 0.372081 -0.923887
vn -0.084346 0.373273 -0.923880
vn -0.103133 0.489248 -0.866025
vn -0.074975 0.375267 -0.923880
vn -0.119392 0.696954 -0.707107
vn -0.072865 0.494662 -0.866025
vn -0.128775 0.914861 -0.382684
vn -0.109958 0.859016 -0.500000
vn -0.071093 0.703524 -0.707107
vn -0.095893 0.918890 -0.382683
vn -0.043655 0.864924 -0.500000
vn -0.037217 0.380869 -0.923880
vn -0.036476 0.498668 -0.866025
vn -0.022252 0.382036 -0.923880
vn -0.013757 0.706973 -0.707107
vn 0.004829 0.499976 -0.866026
vn 0.014205 0.923770 -0.382683
vn 0.025027 0.865664 -0.500000
vn 0.038659 0.706049 -0.707107
vn 0.047097 0.922678 -0.382684
vn 0.080047 0.935530 -0.344058
vn 0.022325 0.382031 -0.923880
vn -0.166985 0.687092 -0.707121
vt 0.785330 0.745036
vt 0.665589 0.743736
vt 0.546777 0.741115
vt 0.427455 0.737138
vt 0.311326 0.732286
vt 0.192410 0.726474
vt 0.078267 0.720410
vt -0.076970 0.711889
vt -0.251980 0.702785
vt -0.411046 0.695849
vt -0.540212 0.691687
vt -0.644155 0.689482
vt -0.715791 0.688653
vt -0.785398 0.688356
vt 0.785398 1.006283
vt 0.785398 1.241405
vt 0.785398 1.412810
vt 0.785398 1.571517
vt 0.785398 2.220882
vt 0.785398 2.457635
vt 0.785400 2.687440
vt 0.785636 2.917245
vt -0.785398 3.005390
vt -0.674845 3.004504
vt -0.578026 3.002388
vt -0.488039 2.999312
vt -0.402668 2.995521
vt -0.285687 2.989114
vt -0.157369 2.980782
vt -0.031718 2.971746
vt 0.094350 2.962219
vt 0.263018 2.949454
vt 0.453156 2.936002
vt 0.619542 2.925726
vt -0.785398 2.662479
vt -0.785398 2.437333
vt -0.785398 2.180082
vt -0.785398 1.713863
vt -0.785398 1.490416
vt -0.785398 1.334035
vt -0.785398 1.123231
vt -0.785398 0.905696
vt -0.523559 0.764277
vt 0.000119 0.764277
vt 0.523797 0.764277
vt -0.523559 2.967033
vt -0.392639 0.834987
vt -0.130800 0.834987
vt 0.174599 0.892085
vt -0.261799 1.011737
vt -0.392639 1.137427
vt -0.523559 1.151623
vt 0.000119 1.151623
vt 0.392759 1.078953
vt 0.000040 1.093712
vt 0.000000 1.064757
vt -0.392639 1.242829
vt 0.392759 1.196514
vt 0.000040 1.242355
vt -0.000000 1.287720
vt 0.261799 1.329417
vt -0.261799 1.412420
vt -0.392639 1.502176
vt -0.000000 1.451613
vt -0.523559 1.513937
vt 0.000119 1.513937
vt 0.000040 1.472387
vt 0.392759 1.463373
vt -0.392639 1.613900
vt 0.392759 1.542727
vt 0.000040 1.599772
vt -0.000000 1.642690
vt 0.392759 1.750885
vt 0.000040 1.738544
vt -0.392639 2.055167
vt -0.392639 1.822058
vt 0.000119 1.930253
vt 0.392759 2.075567
vt -0.261799 2.279432
vt 0.206515 2.758548
vt 0.095767 2.841402
vt -0.082928 2.794102
vt -0.166121 2.799241
vt -0.130270 2.958243
vt -0.035201 2.951518
vt -0.305399 0.898891
vt 0.000000 0.955990
vt -0.392699 0.930843
vt 0.392699 0.981136
vt 0.261799 1.009010
vt -0.392699 1.093994
vt -0.392679 1.108472
vt 0.392699 1.035520
vt -0.392699 1.310878
vt 0.392719 1.241880
vt 0.392699 1.264563
vt -0.392699 1.353729
vt -0.000000 1.373422
vt 0.392699 1.393116
vt 0.392699 1.432211
vt 0.392719 1.585645
vt -0.392699 1.678277
vt 0.392699 1.607104
vt -0.392679 1.726204
vt 0.000060 1.786471
vt 0.000060 2.065367
vt 0.000040 2.110405
vt -0.392679 2.145244
vt -0.392699 2.190282
vt -0.000000 2.200482
vt 0.392719 2.165644
vt 0.392699 2.210682
vt 0.261799 2.250157
vt 0.392699 2.274995
vt -0.000000 2.329107
vt 0.261799 2.371950
vt -0.392699 2.383220
vt -0.261799 2.404641
vt -0.000000 2.447484
vt -0.392699 2.442409
vt -0.261799 2.519149
vt 0.392699 2.452560
vt 0.261799 2.488392
vt 0.392699 2.508846
vt -0.000000 2.560057
vt 0.261800 2.602518
vt -0.392699 2.611268
vt -0.261799 2.632499
vt 0.000001 2.674959
vt -0.392699 2.668719
vt -0.434163 2.728291
vt 0.392700 2.681200
vt 0.000020 2.155444
f 2570/2570/2570 2536/2536/2536 2535/2535/2535
f 2570/2570/2570 2537/2537/2537 2536/2536/2536
f 2570/2570/2570 2538/2538/2538 2537/2537/2537
f 2570/2570/2570 2539/2539/2539 2538/2538/2538
f 2570/2570/2570 2540/2540/2540 2539/2539/2539
f 2570/2570/2570 2541/2541/2541 2540/2540/2540
f 2570/2570/2570 2569/2569/2569 2541/2541/2541
f 2571/2571/2571 2533/2533/2533 2532/2532/2532
f 2571/2571/2571 2534/2534/2534 2533/2533/2533
f 2571/2571/2571 2535/2535/2535 2534/2534/2534
f 2571/2571/2571 2570/2570/2570 2535/2535/2535
f 2572/2572/2572 2529/2529/2529 2528/2528/2528
f 2572/2572/2572 2530/2530/2530 2529/2529/2529
f 2572/2572/2572 2531/2531/2531 2530/2530/2530
f 2572/2572/2572 2532/2532/2532 2531/2531/2531
f 2572/2572/2572 2571/2571/2571 2532/2532/2532
f 2573/2573/2573 2551/2551/2551 2550/2550/2550
f 2573/2573/2573 2552/2552/2552 2551/2551/2551
f 2573/2573/2573 2553/2553/2553 2552/2552/2552
f 2573/2573/2573 2554/2554/2554 2553/2553/2553
f 2573/2573/2573 2555/2555/2555 2554/2554/2554
f 2573/2573/2573 2556/2556/2556 2555/2555/2555
f 2574/2574/2574 2569/2569/2569 2570/2570/2570
f 2575/2575/2575 2570/2570/2570 2571/2571/2571
f 2575/2575/2575 2574/2574/2574 2570/2570/2570
f 2575/2575/2575 2571/2571/2571 2572/2572/2572
f 2576/2576/2576 2528/2528/2528 2542/2542/2542
f 2576/2576/2576 2572/2572/2572 2528/2528/2528
f 2576/2576/2576 2575/2575/2575 2572/2572/2572
f 2577/2577/2577 2568/2568/2568 2569/2569/2569
f 2578/2578/2578 2579/2579/2579 2568/2568/2568
f 2578/2578/2578 2580/2580/2580 2579/2579/2579
f 2581/2581/2581 2542/2542/2542 2543/2543/2543
f 2581/2581/2581 2580/2580/2580 2582/2582/2582
f 2581/2581/2581 2582/2582/2582 2583/2583/2583
f 2584/2584/2584 2568/2568/2568 2579/2579/2579
f 2584/2584/2584 2579/2579/2579 2580/2580/2580
f 2584/2584/2584 2567/2567/2567 2568/2568/2568
f 2585/2585/2585 2581/2581/2581 2543/2543/2543
f 2585/2585/2585 2580/2580/2580 2581/2581/2581
f 2586/2586/2586 2584/2584/2584 2580/2580/2580
f 2586/2586/2586 2580/2580/2580 2585/2585/2585
f 2587/2587/2587 2584/2584/2584 2586/2586/2586
f 2588/2588/2588 2543/2543/2543 2544/2544/2544
f 2589/2589/2589 2566/2566/2566 2567/2567/2567
f 2590/2590/2590 2566/2566/2566 2589/2589/2589
f 2590/2590/2590 2589/2589/2589 2591/2591/2591
f 2590/2590/2590 2592/2592/2592 2566/2566/2566
f 2590/2590/2590 2593/2593/2593 2592/2592/2592
f 2594/2594/2594 2590/2590/2590 2591/2591/2591
f 2594/2594/2594 2593/2593/2593 2590/2590/2590
f 2595/2595/2595 2544/2544/2544 2545/2545/2545
f 2595/2595/2595 2593/2593/2593 2594/2594/2594
f 2595/2595/2595 2594/2594/2594 2591/2591/2591
f 2596/2596/2596 2565/2565/2565 2566/2566/2566
f 2596/2596/2596 2566/2566/2566 2592/2592/2592
f 2597/2597/2597 2595/2595/2595 2545/2545/2545
f 2597/2597/2597 2593/2593/2593 2595/2595/2595
f 2598/2598/2598 2592/2592/2592 2593/2593/2593
f 2598/2598/2598 2596/2596/2596 2592/2592/2592
f 2598/2598/2598 2593/2593/2593 2597/2597/2597
f 2599/2599/2599 2596/2596/2596 2598/2598/2598
f 2600/2600/2600 2545/2545/2545 2546/2546/2546
f 2600/2600/2600 2601/2601/2601 2599/2599/2599
f 2602/2602/2602 2564/2564/2564 2565/2565/2565
f 2602/2602/2602 2565/2565/2565 2603/2603/2603
f 2602/2602/2602 2603/2603/2603 2604/2604/2604
f 2605/2605/2605 2600/2600/2600 2546/2546/2546
f 2605/2605/2605 2604/2604/2604 2600/2600/2600
f 2606/2606/2606 2563/2563/2563 2564/2564/2564
f 2607/2607/2607 2548/2548/2548 2549/2549/2549
f 2608/2608/2608 2607/2607/2607 2549/2549/2549
f 2608/2608/2608 2609/2609/2609 2607/2607/2607
f 2608/2608/2608 2573/2573/2573 2610/2610/2610
f 2608/2608/2608 2610/2610/2610 2609/2609/2609
f 2608/2608/2608 2561/2561/2561 2560/2560/2560
f 2608/2608/2608 2549/2549/2549 2561/2561/2561
f 2611/2611/2611 2557/2557/2557 2556/2556/2556
f 2611/2611/2611 2556/2556/2556 2573/2573/2573
f 2612/2612/2612 2573/2573/2573 2608/2608/2608
f 2612/2612/2612 2558/2558/2558 2557/2557/2557
f 2612/2612/2612 2559/2559/2559 2558/2558/2558
f 2612/2612/2612 2560/2560/2560 2559/2559/2559
f 2612/2612/2612 2611/2611/2611 2573/2573/2573
f 2612/2612/2612 2608/2608/2608 2560/2560/2560
f 2612/2612/2612 2557/2557/2557 2611/2611/2611
f 2613/2613/2613 2576/2576/2576 2614/2614/2614
f 2613/2613/2613 2575/2575/2575 2576/2576/2576
f 2613/2613/2613 2574/2574/2574 2575/2575/2575
f 2613/2613/2613 2569/2569/2569 2574/2574/2574
f 2615/2615/2615 2613/2613/2613 2614/2614/2614
f 2615/2615/2615 2569/2569/2569 2613/2613/2613
f 2615/2615/2615 2614/2614/2614 2577/2577/2577
f 2615/2615/2615 2577/2577/2577 2569/2569/2569
f 2616/2616/2616 2614/2614/2614 2576/2576/2576
f 2616/2616/2616 2576/2576/2576 2542/2542/2542
f 2617/2617/2617 2614/2614/2614 2616/2616/2616
f 2617/2617/2617 2616/2616/2616 2542/2542/2542
f 2617/2617/2617 2577/2577/2577 2614/2614/2614
f 2617/2617/2617 2583/2583/2583 2577/2577/2577
f 2618/2618/2618 2568/2568/2568 2577/2577/2577
f 2618/2618/2618 2583/2583/2583 2582/2582/2582
f 2618/2618/2618 2577/2577/2577 2583/2583/2583
f 2619/2619/2619 2582/2582/2582 2580/2580/2580
f 2619/2619/2619 2578/2578/2578 2568/2568/2568
f 2619/2619/2619 2580/2580/2580 2578/2578/2578
f 2619/2619/2619 2618/2618/2618 2582/2582/2582
f 2619/2619/2619 2568/2568/2568 2618/2618/2618
f 2620/2620/2620 2542/2542/2542 2581/2581/2581
f 2620/2620/2620 2581/2581/2581 2583/2583/2583
f 2620/2620/2620 2617/2617/2617 2542/2542/2542
f 2620/2620/2620 2583/2583/2583 2617/2617/2617
f 2621/2621/2621 2567/2567/2567 2584/2584/2584
f 2621/2621/2621 2584/2584/2584 2587/2587/2587
f 2621/2621/2621 2587/2587/2587 2588/2588/2588
f 2622/2622/2622 2585/2585/2585 2543/2543/2543
f 2622/2622/2622 2586/2586/2586 2585/2585/2585
f 2623/2623/2623 2543/2543/2543 2588/2588/2588
f 2623/2623/2623 2622/2622/2622 2543/2543/2543
f 2623/2623/2623 2587/2587/2587 2586/2586/2586
f 2623/2623/2623 2588/2588/2588 2587/2587/2587
f 2623/2623/2623 2586/2586/2586 2622/2622/2622
f 2624/2624/2624 2567/2567/2567 2621/2621/2621
f 2624/2624/2624 2588/2588/2588 2625/2625/2625
f 2624/2624/2624 2589/2589/2589 2567/2567/2567
f 2624/2624/2624 2625/2625/2625 2589/2589/2589
f 2624/2624/2624 2621/2621/2621 2588/2588/2588
f 2626/2626/2626 2625/2625/2625 2588/2588/2588
f 2626/2626/2626 2589/2589/2589 2625/2625/2625
f 2626/2626/2626 2588/2588/2588 2544/2544/2544
f 2627/2627/2627 2591/2591/2591 2589/2589/2589
f 2627/2627/2627 2544/2544/2544 2595/2595/2595
f 2627/2627/2627 2595/2595/2595 2591/2591/2591
f 2627/2627/2627 2589/2589/2589 2626/2626/2626
f 2627/2627/2627 2626/2626/2626 2544/2544/2544
f 2628/2628/2628 2597/2597/2597 2545/2545/2545
f 2628/2628/2628 2598/2598/2598 2597/2597/2597
f 2629/2629/2629 2565/2565/2565 2596/2596/2596
f 2629/2629/2629 2596/2596/2596 2599/2599/2599
f 2629/2629/2629 2599/2599/2599 2601/2601/2601
f 2630/2630/2630 2545/2545/2545 2600/2600/2600
f 2630/2630/2630 2599/2599/2599 2598/2598/2598
f 2630/2630/2630 2628/2628/2628 2545/2545/2545
f 2630/2630/2630 2598/2598/2598 2628/2628/2628
f 2630/2630/2630 2600/2600/2600 2599/2599/2599
f 2631/2631/2631 2565/2565/2565 2629/2629/2629
f 2631/2631/2631 2603/2603/2603 2565/2565/2565
f 2631/2631/2631 2629/2629/2629 2601/2601/2601
f 2632/2632/2632 2604/2604/2604 2603/2603/2603
f 2632/2632/2632 2601/2601/2601 2600/2600/2600
f 2632/2632/2632 2600/2600/2600 2604/2604/2604
f 2632/2632/2632 2603/2603/2603 2631/2631/2631
f 2632/2632/2632 2631/2631/2631 2601/2601/2601
f 2633/2633/2633 2602/2602/2602 2604/2604/2604
f 2633/2633/2633 2634/2634/2634 2602/2602/2602
f 2633/2633/2633 2604/2604/2604 2605/2605/2605
f 2633/2633/2633 2605/2605/2605 2634/2634/2634
f 2635/2635/2635 2564/2564/2564 2602/2602/2602
f 2635/2635/2635 2602/2602/2602 2634/2634/2634
f 2636/2636/2636 2606/2606/2606 2564/2564/2564
f 2636/2636/2636 2637/2637/2637 2606/2606/2606
f 2636/2636/2636 2564/2564/2564 2635/2635/2635
f 2638/2638/2638 2605/2605/2605 2546/2546/2546
f 2638/2638/2638 2634/2634/2634 2605/2605/2605
f 2639/2639/2639 2638/2638/2638 2546/2546/2546
f 2639/2639/2639 2637/2637/2637 2638/2638/2638
f 2640/2640/2640 2606/2606/2606 2637/2637/2637
f 2640/2640/2640 2639/2639/2639 2546/2546/2546
f 2640/2640/2640 2637/2637/2637 2639/2639/2639
f 2641/2641/2641 2642/2642/2642 2606/2606/2606
f 2641/2641/2641 2643/2643/2643 2642/2642/2642
f 2641/2641/2641 2547/2547/2547 2643/2643/2643
f 2641/2641/2641 2606/2606/2606 2640/2640/2640
f 2641/2641/2641 2640/2640/2640 2546/2546/2546
f 2641/2641/2641 2546/2546/2546 2547/2547/2547
f 2644/2644/2644 2563/2563/2563 2606/2606/2606
f 2644/2644/2644 2606/2606/2606 2642/2642/2642
f 2644/2644/2644 2642/2642/2642 2643/2643/2643
f 2645/2645/2645 2644/2644/2644 2643/2643/2643
f 2645/2645/2645 2563/2563/2563 2644/2644/2644
f 2645/2645/2645 2643/2643/2643 2646/2646/2646
f 2647/2647/2647 2646/2646/2646 2648/2648/2648
f 2647/2647/2647 2648/2648/2648 2563/2563/2563
f 2647/2647/2647 2645/2645/2645 2646/2646/2646
f 2647/2647/2647 2563/2563/2563 2645/2645/2645
f 2649/2649/2649 2643/2643/2643 2547/2547/2547
f 2649/2649/2649 2646/2646/2646 2643/2643/2643
f 2650/2650/2650 2649/2649/2649 2547/2547/2547
f 2650/2650/2650 2648/2648/2648 2646/2646/2646
f 2650/2650/2650 2646/2646/2646 2649/2649/2649
f 2651/2651/2651 2652/2652/2652 2648/2648/2648
f 2651/2651/2651 2648/2648/2648 2650/2650/2650
f 2651/2651/2651 2653/2653/2653 2652/2652/2652
f 2651/2651/2651 2548/2548/2548 2653/2653/2653
f 2651/2651/2651 2547/2547/2547 2548/2548/2548
f 2651/2651/2651 2650/2650/2650 2547/2547/2547
f 2654/2654/2654 2563/2563/2563 2648/2648/2648
f 2654/2654/2654 2648/2648/2648 2652/2652/2652
f 2654/2654/2654 2652/2652/2652 2653/2653/2653
f 2654/2654/2654 2562/2562/2562 2563/2563/2563
f 2655/2655/2655 2653/2653/2653 2656/2656/2656
f 2655/2655/2655 2654/2654/2654 2653/2653/2653
f 2655/2655/2655 2562/2562/2562 2654/2654/2654
f 2657/2657/2657 2655/2655/2655 2656/2656/2656
f 2657/2657/2657 2562/2562/2562 2655/2655/2655
f 2658/2658/2658 2656/2656/2656 2607/2607/2607
f 2658/2658/2658 2607/2607/2607 2609/2609/2609
f 2658/2658/2658 2610/2610/2610 2573/2573/2573
f 2658/2658/2658 2609/2609/2609 2610/2610/2610
f 2658/2658/2658 2550/2550/2550 2562/2562/2562
f 2658/2658/2658 2562/2562/2562 2657/2657/2657
f 2658/2658/2658 2573/2573/2573 2550/2550/2550
f 2658/2658/2658 2657/2657/2657 2656/2656/2656
f 2659/2659/2659 2656/2656/2656 2653/2653/2653
f 2659/2659/2659 2653/2653/2653 2548/2548/2548
f 2659/2659/2659 2607/2607/2607 2656/2656/2656
f 2659/2659/2659 2548/2548/2548 2607/2607/2607
f 2660/2660/2660 2637/2637/2637 2636/2636/2636
f 2660/2660/2660 2634/2634/2634 2638/2638/2638
f 2660/2660/2660 2636/2636/2636 2635/2635/2635
f 2660/2660/2660 2638/2638/2638 2637/2637/2637
f 2660/2660/2660 2635/2635/2635 2634/2634/2634
v 7.271589 3.329497 0.474931
v 6.978446 3.432472 0.474931
v 6.709686 3.489498 0.474931
v 6.502360 3.499640 0.474931
v 6.319917 3.481343 0.474931
v 5.565108 3.297179 0.474931
v 5.293165 3.252800 0.474931
v 5.015566 3.249071 0.474931
v 4.749402 3.282342 0.474931
v 4.749734 3.271564 0.474931
v 4.749934 3.260783 0.474931
v 4.750000 3.250000 0.474931
v 4.738482 3.108497 0.474931
v 4.704233 2.970719 0.474931
v 4.648153 2.840294 0.474931
v 5.393045 3.089860 0.474931
v 5.898890 3.210739 0.474931
v 6.368353 3.257410 0.474931
v 6.800305 3.232530 0.474931
v 7.230296 3.149570 0.474931
v 7.236879 3.211044 0.474931
v 7.250709 3.271303 0.474931
vn -0.000000 -0.000000 -1.000000
vn -0.000000 -0.000000 -1.000000
vn -0.000000 -0.000000 -1.000000
vn -0.000000 -0.000000 -1.000000
vn -0.000000 -0.000000 -1.000000
vn -0.000000 -0.000000 -1.000000
vn -0.000000 -0.000000 -1.000000
vn -0.000000 -0.000000 -1.000000
vn -0.000000 -0.000000 -1.000000
vn -0.000000 -0.000000 -1.000000
vn -0.000000 -0.000000 -1.000000
vn -0.000000 -0.000000 -1.000000
vn -0.000000 -0.000000 -1.000000
vn -0.000000 -0.000000 -1.000000
vn -0.000000 -0.000000 -1.000000
vn -0.000000 -0.000000 -1.000000
vn -0.000000 -0.000000 -1.000000
vn -0.000000 -0.000000 -1.000000
vn -0.000000 -0.000000 -1.000000
vn -0.000000 -0.000000 -1.000000
vn -0.000000 -0.000000 -1.000000
vn -0.000000 -0.000000 -1.000000
vt 1.479466 0.132795
vt 1.186324 0.235769
vt 0.917563 0.292796
vt 0.710238 0.302938
vt 0.527795 0.284641
vt -0.227015 0.100477
vt -0.498958 0.056098
vt -0.776557 0.052369
vt -1.042720 0.085640
vt -1.042388 0.074862
vt -1.042189 0.064081
vt -1.042122 0.053298
vt -1.053640 -0.088205
vt -1.087890 -0.225983
vt -1.143969 -0.356408
vt -0.399077 -0.106842
vt 0.106767 0.014037
vt 0.576231 0.060708
vt 1.008182 0.035828
vt 1.438173 -0.047132
vt 1.444757 0.014342
vt 1.458586 0.074601
f 2668/2668/2668 2670/2670/2670 2669/2669/2669
f 2668/2668/2668 2671/2671/2671 2670/2670/2670
f 2668/2668/2668 2672/2672/2672 2671/2671/2671
f 2668/2668/2668 2673/2673/2673 2672/2672/2672
f 2668/2668/2668 2674/2674/2674 2673/2673/2673
f 2676/2676/2676 2675/2675/2675 2674/2674/2674
f 2676/2676/2676 2674/2674/2674 2668/2668/2668
f 2667/2667/2667 2676/2676/2676 2668/2668/2668
f 2666/2666/2666 2676/2676/2676 2667/2667/2667
f 2677/2677/2677 2676/2676/2676 2666/2666/2666
f 2665/2665/2665 2678/2678/2678 2677/2677/2677
f 2665/2665/2665 2677/2677/2677 2666/2666/2666
f 2664/2664/2664 2678/2678/2678 2665/2665/2665
f 2679/2679/2679 2678/2678/2678 2664/2664/2664
f 2663/2663/2663 2679/2679/2679 2664/2664/2664
f 2662/2662/2662 2679/2679/2679 2663/2663/2663
f 2681/2681/2681 2680/2680/2680 2679/2679/2679
f 2681/2681/2681 2679/2679/2679 2662/2662/2662
f 2682/2682/2682 2681/2681/2681 2662/2662/2662
f 2661/2661/2661 2682/2682/2682 2662/2662/2662
v 7.324886 2.996813 0.599931
v 7.324266 2.997377 0.590445
v 7.322571 2.998930 0.580893
v 7.320667 3.000692 0.574224
v 7.317131 3.004016 0.564974
v 7.312407 3.008562 0.555372
v 7.304586 3.016391 0.542783
v 7.294857 3.026736 0.529987
v 7.284584 3.038516 0.518365
v 7.270658 3.056369 0.504578
v 7.256030 3.078665 0.491820
v 7.243663 3.102803 0.482296
v 7.235565 3.125315 0.477057
v 7.232391 3.137720 0.475484
v 7.230296 3.149570 0.474931
v 6.810690 3.104881 0.599931
v 6.395361 3.132845 0.599931
v 6.012473 3.102222 0.599931
v 5.629750 3.025443 0.599931
v 4.996020 2.827247 0.599931
v 4.599207 2.694879 0.599931
v 4.322238 2.632571 0.599931
v 4.648153 2.840294 0.474931
v 4.563953 2.769113 0.483120
v 4.473780 2.707967 0.503963
v 4.392277 2.663630 0.533841
v 4.359269 2.648215 0.551767
v 4.342377 2.640864 0.564400
v 4.331889 2.636481 0.575307
v 4.327330 2.634619 0.582035
v 4.324423 2.633446 0.588202
v 4.322892 2.632832 0.593558
v 4.322401 2.632636 0.596794
v 5.393045 3.089860 0.474931
v 5.898890 3.210739 0.474931
v 6.368353 3.257410 0.474931
v 6.800305 3.232530 0.474931
v 7.246326 3.054645 0.511541
v 4.581166 2.727788 0.511541
v 4.590060 2.696681 0.567578
v 7.282865 3.017481 0.552095
v 7.087211 3.114983 0.493564
v 7.089588 3.108073 0.497687
v 7.016093 3.102678 0.515531
v 7.014363 3.106918 0.511541
v 7.018457 3.098369 0.519832
v 7.028886 3.076335 0.552095
v 6.942684 3.146851 0.491677
v 6.762507 3.189197 0.484446
v 6.733489 3.208243 0.479189
v 6.727176 3.152562 0.511541
v 6.776742 3.146497 0.511542
v 6.767431 3.120382 0.552095
v 6.802147 3.143063 0.511542
v 6.554312 3.207150 0.484446
v 6.563245 3.138962 0.552095
v 6.061512 3.186692 0.484446
v 6.287949 3.206717 0.484446
v 6.212955 3.161370 0.511541
v 6.115335 3.124942 0.552095
v 6.303144 3.139709 0.552095
v 5.960601 3.131396 0.511542
v 6.046864 3.143920 0.511542
v 5.851915 3.084741 0.552095
v 5.869081 3.115572 0.511542
v 5.664192 3.043820 0.552095
v 5.693934 3.078780 0.511541
v 5.548574 3.084005 0.484446
v 5.793087 3.142019 0.484446
v 5.579796 3.050340 0.511542
v 5.520502 3.034344 0.511542
v 5.341403 2.961192 0.537431
v 5.022096 2.902813 0.491689
v 4.754404 2.761076 0.537450
v 4.615859 2.780249 0.484458
v 4.624043 2.753204 0.500782
v 4.631603 2.742654 0.511566
v 6.873339 3.112253 0.537430
v 6.800814 3.184185 0.484446
v 6.805218 3.115270 0.552095
v 6.558520 3.166339 0.511542
v 6.382549 3.169274 0.511542
v 6.375613 3.209710 0.484446
v 6.346088 3.208999 0.484446
v 6.324496 3.167707 0.511542
v 6.389119 3.142277 0.552095
v 6.295926 3.166502 0.511542
v 6.089543 3.149257 0.511542
v 5.930633 3.167609 0.484446
v 6.030783 3.114411 0.552095
v 5.884308 3.159588 0.484446
v 5.987985 3.108223 0.552095
v 5.823914 3.106871 0.511542
v 5.607147 3.029474 0.552095
v 5.578014 3.021841 0.552095
v 5.458246 3.058980 0.484446
v 5.369192 3.017518 0.491678
v 5.293245 3.009477 0.484446
v 5.196729 2.935700 0.511542
v 5.101736 2.874659 0.552095
v 5.013979 2.851423 0.537440
v 4.916067 2.809102 0.552111
v 4.829439 2.807532 0.511566
v 4.738915 2.819563 0.484465
v 4.703331 2.792398 0.491700
v 4.641118 2.787977 0.484465
v 4.617934 2.710273 0.552111
vn -0.254319 -0.967120 0.000000
vn -0.253493 -0.964351 -0.075949
vn -0.251011 -0.955915 -0.152382
vn -0.248263 -0.946586 -0.205767
vn -0.243039 -0.928769 -0.279858
vn -0.235815 -0.903971 -0.356689
vn -0.223342 -0.860764 -0.457388
vn -0.206736 -0.802437 -0.559782
vn -0.187595 -0.734045 -0.652675
vn -0.158277 -0.626858 -0.762888
vn -0.121189 -0.487024 -0.864940
vn -0.080674 -0.328370 -0.941098
vn -0.042276 -0.173709 -0.983889
vn -0.020775 -0.085736 -0.996101
vn 0.000007 0.000028 -1.000000
vn -0.142104 -0.989852 0.000000
vn 0.012221 -0.999925 0.000000
vn 0.142570 -0.989785 0.000000
vn 0.245893 -0.969297 0.000000
vn 0.334071 -0.942548 0.000000
vn 0.277618 -0.960691 0.000000
vn 0.142464 -0.989800 0.000000
vn 0.000159 -0.000502 -1.000000
vn 0.096165 -0.338595 -0.936005
vn 0.149602 -0.623312 -0.767529
vn 0.160049 -0.833797 -0.528363
vn 0.154805 -0.909890 -0.384883
vn 0.150032 -0.947041 -0.283907
vn 0.146340 -0.969478 -0.196717
vn 0.144568 -0.979107 -0.143000
vn 0.143382 -0.985223 -0.093684
vn 0.142744 -0.988450 -0.050907
vn 0.142529 -0.989473 -0.025072
vn 0.000000 -0.000000 -1.000000
vn 0.000000 -0.000000 -1.000000
vn 0.000000 -0.000000 -1.000000
vn 0.000000 0.000000 -1.000000
vn -0.170284 -0.686286 -0.707117
vn 0.194374 -0.679856 -0.707117
vn 0.265523 -0.928713 -0.258824
vn -0.229246 -0.894983 -0.382690
vn -0.110813 -0.513449 -0.850935
vn -0.121803 -0.562247 -0.817950
vn -0.144898 -0.723266 -0.675197
vn -0.138482 -0.693403 -0.707117
vn -0.151370 -0.752647 -0.640789
vn -0.185236 -0.905116 -0.382690
vn -0.088102 -0.492168 -0.866030
vn -0.047237 -0.379750 -0.923882
vn -0.029152 -0.257149 -0.965932
vn -0.079650 -0.702596 -0.707117
vn -0.091820 -0.701116 -0.707110
vn -0.118198 -0.916285 -0.382690
vn -0.097517 -0.700350 -0.707107
vn -0.018455 -0.382231 -0.923882
vn -0.048781 -0.922588 -0.382690
vn 0.047672 -0.379696 -0.923882
vn 0.018836 -0.382213 -0.923882
vn 0.054143 -0.705021 -0.707117
vn 0.102030 -0.918226 -0.382690
vn 0.041621 -0.922939 -0.382690
vn 0.110924 -0.698352 -0.707107
vn 0.092321 -0.701051 -0.707110
vn 0.174707 -0.907208 -0.382690
vn 0.129539 -0.695137 -0.707110
vn 0.218968 -0.897553 -0.382690
vn 0.160668 -0.688601 -0.707117
vn 0.099036 -0.369640 -0.923882
vn 0.076829 -0.374885 -0.923882
vn 0.180086 -0.683787 -0.707110
vn 0.188070 -0.681638 -0.707107
vn 0.255540 -0.827466 -0.500000
vn 0.166645 -0.471573 -0.865938
vn 0.273656 -0.821745 -0.499848
vn 0.110915 -0.366505 -0.923781
vn 0.176391 -0.582863 -0.793194
vn 0.205670 -0.676730 -0.706921
vn -0.138176 -0.854929 -0.500004
vn -0.051962 -0.379139 -0.923880
vn -0.129358 -0.914779 -0.382683
vn -0.035722 -0.706199 -0.707112
vn 0.011799 -0.707008 -0.707107
vn 0.007232 -0.382615 -0.923880
vn 0.011180 -0.382518 -0.923880
vn 0.026296 -0.706614 -0.707110
vn 0.013360 -0.923783 -0.382683
vn 0.033332 -0.706316 -0.707112
vn 0.083106 -0.702201 -0.707112
vn 0.062752 -0.377503 -0.923880
vn 0.126161 -0.915224 -0.382686
vn 0.067770 -0.376633 -0.923880
vn 0.138285 -0.913472 -0.382683
vn 0.137898 -0.693525 -0.707112
vn 0.231327 -0.894449 -0.382686
vn 0.236919 -0.892985 -0.382683
vn 0.105127 -0.367961 -0.923880
vn 0.144533 -0.478655 -0.866025
vn 0.114580 -0.365128 -0.923880
vn 0.222907 -0.671053 -0.707107
vn 0.304285 -0.872332 -0.382683
vn 0.289118 -0.816386 -0.499924
vn 0.306981 -0.871441 -0.382562
vn 0.230928 -0.668532 -0.706921
vn 0.121248 -0.363352 -0.923728
vn 0.154823 -0.475746 -0.865850
vn 0.113584 -0.365821 -0.923728
vn 0.262856 -0.885750 -0.382562
vt 0.785398 0.629849
vt 0.709376 0.630502
vt 0.632420 0.632290
vt 0.578151 0.634303
vt 0.501752 0.638062
vt 0.420676 0.643117
vt 0.310343 0.651578
vt 0.191276 0.662291
vt 0.074288 0.673862
vt -0.082369 0.690095
vt -0.259632 0.708113
vt -0.440464 0.724501
vt -0.605652 0.736492
vt -0.697066 0.741899
vt -0.785427 0.746214
vt 0.785398 1.094259
vt 0.785398 1.470460
vt 0.785398 1.818606
vt 0.785398 2.167168
vt 0.785398 2.748342
vt 0.785398 3.098775
vt 0.785398 3.329456
vt -0.784871 3.021052
vt -0.425705 3.110701
vt -0.089580 3.199279
vt 0.228727 3.271413
vt 0.390317 3.299163
vt 0.497532 3.313080
vt 0.587390 3.321638
vt 0.641906 3.325335
vt 0.691576 3.327690
vt 0.734468 3.328928
vt 0.760323 3.329332
vt -0.785398 2.348195
vt -0.785398 1.899623
vt -0.785398 1.491956
vt -0.785398 1.119085
vt -0.000014 0.711475
vt -0.000014 3.106025
vt 0.523594 3.106025
vt 0.392692 0.670662
vt -0.232365 0.860791
vt -0.172440 0.857550
vt 0.044166 0.918079
vt -0.000014 0.920236
vt 0.089873 0.915375
vt 0.392692 0.902867
vt -0.261809 0.986519
vt -0.392706 1.147640
vt -0.523623 1.176195
vt -0.000014 1.176195
vt -0.000005 1.129846
vt 0.392692 1.135227
vt -0.000000 1.106672
vt -0.392706 1.334076
vt 0.392692 1.323327
vt -0.392706 1.766811
vt -0.392706 1.562978
vt -0.000014 1.633999
vt 0.392692 1.726302
vt 0.392692 1.552229
vt 0.000000 1.859115
vt -0.000005 1.784076
vt 0.392692 1.958428
vt -0.000005 1.938826
vt 0.392692 2.132709
vt -0.000014 2.098250
vt -0.392706 2.223222
vt -0.392706 1.998937
vt -0.000005 2.204537
vt 0.000000 2.257681
vt 0.261799 2.421235
vt -0.261624 2.705863
vt 0.261975 2.956056
vt -0.392443 3.063538
vt -0.130639 3.063538
vt 0.000263 3.059913
vt 0.261795 1.040389
vt -0.392699 1.112878
vt 0.392699 1.100465
vt -0.000007 1.328701
vt 0.000000 1.481208
vt -0.392699 1.486582
vt -0.392701 1.512047
vt -0.000005 1.532138
vt 0.392699 1.475834
vt -0.000007 1.557603
vt -0.000007 1.746557
vt -0.392699 1.879369
vt 0.392697 1.801341
vt -0.392701 1.919225
vt 0.392699 1.838860
vt -0.000007 1.978682
vt 0.392697 2.185853
vt 0.392699 2.212425
vt -0.392699 2.302938
vt -0.261799 2.384715
vt -0.392699 2.448231
vt 0.000000 2.548268
vt 0.392699 2.648305
vt 0.261887 2.727103
vt 0.392831 2.816519
vt 0.000263 2.884697
vt -0.392304 2.952874
vt -0.261448 2.988554
vt -0.392304 3.040483
vt 0.392831 3.079344
f 2704/2704/2704 2709/2709/2709 2708/2708/2708
f 2704/2704/2704 2710/2710/2710 2709/2709/2709
f 2704/2704/2704 2711/2711/2711 2710/2710/2710
f 2704/2704/2704 2712/2712/2712 2711/2711/2711
f 2704/2704/2704 2713/2713/2713 2712/2712/2712
f 2704/2704/2704 2714/2714/2714 2713/2713/2713
f 2704/2704/2704 2715/2715/2715 2714/2714/2714
f 2704/2704/2704 2708/2708/2708 2703/2703/2703
f 2720/2720/2720 2692/2692/2692 2691/2691/2691
f 2720/2720/2720 2693/2693/2693 2692/2692/2692
f 2720/2720/2720 2694/2694/2694 2693/2693/2693
f 2721/2721/2721 2707/2707/2707 2706/2706/2706
f 2722/2722/2722 2708/2708/2708 2707/2707/2707
f 2722/2722/2722 2707/2707/2707 2721/2721/2721
f 2722/2722/2722 2703/2703/2703 2708/2708/2708
f 2723/2723/2723 2684/2684/2684 2683/2683/2683
f 2723/2723/2723 2685/2685/2685 2684/2684/2684
f 2723/2723/2723 2686/2686/2686 2685/2685/2685
f 2723/2723/2723 2687/2687/2687 2686/2686/2686
f 2723/2723/2723 2688/2688/2688 2687/2687/2687
f 2723/2723/2723 2689/2689/2689 2688/2688/2688
f 2723/2723/2723 2690/2690/2690 2689/2689/2689
f 2723/2723/2723 2691/2691/2691 2690/2690/2690
f 2723/2723/2723 2720/2720/2720 2691/2691/2691
f 2724/2724/2724 2697/2697/2697 2696/2696/2696
f 2725/2725/2725 2695/2695/2695 2694/2694/2694
f 2725/2725/2725 2696/2696/2696 2695/2695/2695
f 2725/2725/2725 2694/2694/2694 2720/2720/2720
f 2725/2725/2725 2724/2724/2724 2696/2696/2696
f 2726/2726/2726 2727/2727/2727 2724/2724/2724
f 2728/2728/2728 2724/2724/2724 2725/2725/2725
f 2728/2728/2728 2726/2726/2726 2724/2724/2724
f 2729/2729/2729 2683/2683/2683 2698/2698/2698
f 2729/2729/2729 2723/2723/2723 2683/2683/2683
f 2729/2729/2729 2720/2720/2720 2723/2723/2723
f 2729/2729/2729 2728/2728/2728 2725/2725/2725
f 2729/2729/2729 2725/2725/2725 2720/2720/2720
f 2730/2730/2730 2719/2719/2719 2697/2697/2697
f 2730/2730/2730 2724/2724/2724 2727/2727/2727
f 2730/2730/2730 2697/2697/2697 2724/2724/2724
f 2730/2730/2730 2727/2727/2727 2726/2726/2726
f 2731/2731/2731 2732/2732/2732 2719/2719/2719
f 2731/2731/2731 2733/2733/2733 2732/2732/2732
f 2734/2734/2734 2733/2733/2733 2731/2731/2731
f 2735/2735/2735 2733/2733/2733 2734/2734/2734
f 2735/2735/2735 2734/2734/2734 2736/2736/2736
f 2737/2737/2737 2718/2718/2718 2719/2719/2719
f 2737/2737/2737 2719/2719/2719 2732/2732/2732
f 2738/2738/2738 2698/2698/2698 2699/2699/2699
f 2738/2738/2738 2733/2733/2733 2735/2735/2735
f 2738/2738/2738 2735/2735/2735 2698/2698/2698
f 2739/2739/2739 2740/2740/2740 2741/2741/2741
f 2739/2739/2739 2717/2717/2717 2718/2718/2718
f 2739/2739/2739 2718/2718/2718 2740/2740/2740
f 2742/2742/2742 2699/2699/2699 2700/2700/2700
f 2742/2742/2742 2743/2743/2743 2699/2699/2699
f 2742/2742/2742 2741/2741/2741 2743/2743/2743
f 2744/2744/2744 2739/2739/2739 2745/2745/2745
f 2746/2746/2746 2700/2700/2700 2701/2701/2701
f 2746/2746/2746 2747/2747/2747 2744/2744/2744
f 2748/2748/2748 2749/2749/2749 2746/2746/2746
f 2748/2748/2748 2746/2746/2746 2701/2701/2701
f 2750/2750/2750 2716/2716/2716 2717/2717/2717
f 2750/2750/2750 2751/2751/2751 2749/2749/2749
f 2750/2750/2750 2717/2717/2717 2751/2751/2751
f 2752/2752/2752 2749/2749/2749 2748/2748/2748
f 2752/2752/2752 2750/2750/2750 2749/2749/2749
f 2753/2753/2753 2750/2750/2750 2752/2752/2752
f 2754/2754/2754 2701/2701/2701 2702/2702/2702
f 2755/2755/2755 2705/2705/2705 2716/2716/2716
f 2756/2756/2756 2702/2702/2702 2703/2703/2703
f 2757/2757/2757 2706/2706/2706 2705/2705/2705
f 2758/2758/2758 2721/2721/2721 2706/2706/2706
f 2758/2758/2758 2706/2706/2706 2757/2757/2757
f 2759/2759/2759 2721/2721/2721 2758/2758/2758
f 2760/2760/2760 2730/2730/2730 2726/2726/2726
f 2760/2760/2760 2729/2729/2729 2698/2698/2698
f 2760/2760/2760 2726/2726/2726 2728/2728/2728
f 2760/2760/2760 2728/2728/2728 2729/2729/2729
f 2761/2761/2761 2760/2760/2760 2736/2736/2736
f 2761/2761/2761 2731/2731/2731 2719/2719/2719
f 2761/2761/2761 2734/2734/2734 2731/2731/2731
f 2761/2761/2761 2736/2736/2736 2734/2734/2734
f 2761/2761/2761 2730/2730/2730 2760/2760/2760
f 2761/2761/2761 2719/2719/2719 2730/2730/2730
f 2762/2762/2762 2760/2760/2760 2698/2698/2698
f 2762/2762/2762 2736/2736/2736 2760/2760/2760
f 2762/2762/2762 2735/2735/2735 2736/2736/2736
f 2762/2762/2762 2698/2698/2698 2735/2735/2735
f 2763/2763/2763 2737/2737/2737 2732/2732/2732
f 2763/2763/2763 2733/2733/2733 2738/2738/2738
f 2763/2763/2763 2764/2764/2764 2737/2737/2737
f 2763/2763/2763 2732/2732/2732 2733/2733/2733
f 2765/2765/2765 2737/2737/2737 2764/2764/2764
f 2765/2765/2765 2718/2718/2718 2737/2737/2737
f 2766/2766/2766 2718/2718/2718 2765/2765/2765
f 2766/2766/2766 2740/2740/2740 2718/2718/2718
f 2766/2766/2766 2767/2767/2767 2740/2740/2740
f 2766/2766/2766 2765/2765/2765 2764/2764/2764
f 2766/2766/2766 2764/2764/2764 2767/2767/2767
f 2768/2768/2768 2763/2763/2763 2738/2738/2738
f 2768/2768/2768 2764/2764/2764 2763/2763/2763
f 2768/2768/2768 2738/2738/2738 2699/2699/2699
f 2768/2768/2768 2767/2767/2767 2764/2764/2764
f 2768/2768/2768 2743/2743/2743 2767/2767/2767
f 2768/2768/2768 2699/2699/2699 2743/2743/2743
f 2769/2769/2769 2741/2741/2741 2740/2740/2740
f 2769/2769/2769 2740/2740/2740 2767/2767/2767
f 2769/2769/2769 2767/2767/2767 2743/2743/2743
f 2769/2769/2769 2743/2743/2743 2741/2741/2741
f 2770/2770/2770 2739/2739/2739 2741/2741/2741
f 2770/2770/2770 2741/2741/2741 2742/2742/2742
f 2770/2770/2770 2745/2745/2745 2739/2739/2739
f 2771/2771/2771 2717/2717/2717 2739/2739/2739
f 2771/2771/2771 2739/2739/2739 2744/2744/2744
f 2771/2771/2771 2744/2744/2744 2747/2747/2747
f 2772/2772/2772 2770/2770/2770 2742/2742/2742
f 2772/2772/2772 2745/2745/2745 2770/2770/2770
f 2772/2772/2772 2742/2742/2742 2700/2700/2700
f 2773/2773/2773 2771/2771/2771 2747/2747/2747
f 2773/2773/2773 2717/2717/2717 2771/2771/2771
f 2773/2773/2773 2751/2751/2751 2717/2717/2717
f 2774/2774/2774 2745/2745/2745 2772/2772/2772
f 2774/2774/2774 2772/2772/2772 2700/2700/2700
f 2774/2774/2774 2744/2744/2744 2745/2745/2745
f 2774/2774/2774 2700/2700/2700 2746/2746/2746
f 2774/2774/2774 2746/2746/2746 2744/2744/2744
f 2775/2775/2775 2751/2751/2751 2773/2773/2773
f 2775/2775/2775 2746/2746/2746 2749/2749/2749
f 2775/2775/2775 2773/2773/2773 2747/2747/2747
f 2775/2775/2775 2749/2749/2749 2751/2751/2751
f 2775/2775/2775 2747/2747/2747 2746/2746/2746
f 2776/2776/2776 2748/2748/2748 2701/2701/2701
f 2776/2776/2776 2752/2752/2752 2748/2748/2748
f 2777/2777/2777 2776/2776/2776 2701/2701/2701
f 2777/2777/2777 2752/2752/2752 2776/2776/2776
f 2777/2777/2777 2701/2701/2701 2754/2754/2754
f 2777/2777/2777 2753/2753/2753 2752/2752/2752
f 2777/2777/2777 2754/2754/2754 2753/2753/2753
f 2778/2778/2778 2716/2716/2716 2750/2750/2750
f 2778/2778/2778 2750/2750/2750 2753/2753/2753
f 2779/2779/2779 2778/2778/2778 2753/2753/2753
f 2779/2779/2779 2753/2753/2753 2754/2754/2754
f 2779/2779/2779 2716/2716/2716 2778/2778/2778
f 2780/2780/2780 2779/2779/2779 2754/2754/2754
f 2780/2780/2780 2716/2716/2716 2779/2779/2779
f 2780/2780/2780 2754/2754/2754 2781/2781/2781
f 2780/2780/2780 2755/2755/2755 2716/2716/2716
f 2780/2780/2780 2781/2781/2781 2755/2755/2755
f 2782/2782/2782 2754/2754/2754 2702/2702/2702
f 2782/2782/2782 2781/2781/2781 2754/2754/2754
f 2782/2782/2782 2755/2755/2755 2781/2781/2781
f 2783/2783/2783 2782/2782/2782 2702/2702/2702
f 2783/2783/2783 2755/2755/2755 2782/2782/2782
f 2784/2784/2784 2702/2702/2702 2756/2756/2756
f 2784/2784/2784 2783/2783/2783 2702/2702/2702
f 2784/2784/2784 2755/2755/2755 2783/2783/2783
f 2784/2784/2784 2785/2785/2785 2755/2755/2755
f 2784/2784/2784 2756/2756/2756 2785/2785/2785
f 2786/2786/2786 2705/2705/2705 2755/2755/2755
f 2786/2786/2786 2755/2755/2755 2785/2785/2785
f 2786/2786/2786 2785/2785/2785 2756/2756/2756
f 2787/2787/2787 2786/2786/2786 2756/2756/2756
f 2787/2787/2787 2705/2705/2705 2786/2786/2786
f 2787/2787/2787 2756/2756/2756 2759/2759/2759
f 2788/2788/2788 2759/2759/2759 2758/2758/2758
f 2788/2788/2788 2705/2705/2705 2787/2787/2787
f 2788/2788/2788 2757/2757/2757 2705/2705/2705
f 2788/2788/2788 2787/2787/2787 2759/2759/2759
f 2788/2788/2788 2758/2758/2758 2757/2757/2757
f 2789/2789/2789 2722/2722/2722 2721/2721/2721
f 2789/2789/2789 2703/2703/2703 2722/2722/2722
f 2789/2789/2789 2756/2756/2756 2703/2703/2703
f 2789/2789/2789 2721/2721/2721 2759/2759/2759
f 2789/2789/2789 2759/2759/2759 2756/2756/2756
v 7.324886 2.996813 1.349931
v 7.324886 2.996813 0.599931
v 4.322238 2.632571 1.349931
v 4.635816 2.705693 1.349931
v 5.609231 3.020187 1.349931
v 6.098614 3.113461 1.349931
v 6.552541 3.129984 1.349931
v 6.937671 3.084249 1.349931
v 4.322238 2.632571 0.599931
v 6.810690 3.104881 0.599931
v 6.395361 3.132845 0.599931
v 6.012473 3.102222 0.599931
v 5.629750 3.025443 0.599931
v 4.996020 2.827247 0.599931
v 4.599207 2.694879 0.599931
vn -0.253256 -0.967399 0.000000
vn -0.253256 -0.967399 0.000000
vn 0.142995 -0.989724 0.000000
vn 0.288241 -0.957558 0.000000
vn 0.248094 -0.968736 0.000000
vn 0.115946 -0.993255 0.000000
vn -0.048156 -0.998840 0.000000
vn -0.178308 -0.983975 0.000000
vn 0.142995 -0.989724 0.000000
vn -0.141701 -0.989910 0.000000
vn 0.011710 -0.999931 0.000000
vn 0.143129 -0.989704 0.000000
vn 0.243663 -0.969860 0.000000
vn 0.334525 -0.942387 0.000000
vn 0.277414 -0.960750 0.000000
vt -0.439617 0.875000
vt -0.439617 0.125000
vt -3.428198 0.875000
vt -3.131557 0.875000
vt -2.208866 0.875000
vt -1.708440 0.875000
vt -1.234838 0.875000
vt -0.836132 0.875000
vt -3.428198 0.125000
vt -0.967056 0.125000
vt -1.398908 0.125000
vt -1.797738 0.125000
vt -2.188315 0.125000
vt -2.799690 0.125000
vt -3.165551 0.125000
f 2792/2792/2792 2798/2798/2798 2804/2804/2804
f 2793/2793/2793 2804/2804/2804 2803/2803/2803
f 2793/2793/2793 2792/2792/2792 2804/2804/2804
f 2794/2794/2794 2802/2802/2802 2801/2801/2801
f 2794/2794/2794 2803/2803/2803 2802/2802/2802
f 2794/2794/2794 2793/2793/2793 2803/2803/2803
f 2795/2795/2795 2801/2801/2801 2800/2800/2800
f 2795/2795/2795 2794/2794/2794 2801/2801/2801
f 2796/2796/2796 2800/2800/2800 2799/2799/2799
f 2796/2796/2796 2795/2795/2795 2800/2800/2800
f 2797/2797/2797 2799/2799/2799 2791/2791/2791
f 2797/2797/2797 2796/2796/2796 2799/2799/2799
f 2790/2790/2790 2797/2797/2797 2791/2791/2791
v 4.322238 2.632571 0.599931
v 4.322238 2.632571 1.349931
v 4.297020 2.626193 1.349931
v 4.305272 2.628902 1.349931
v 4.313691 2.631031 1.349931
v 4.273668 2.614733 1.349931
v 4.281180 2.619092 1.349931
v 4.288977 2.622917 1.349931
v 4.273668 2.614733 0.599931
v 4.297020 2.626193 0.599931
v 4.288977 2.622917 0.599931
v 4.281180 2.619092 0.599931
v 4.313691 2.631031 0.599931
v 4.305272 2.628902 0.599931
v 4.313691 2.631031 1.162431
v 4.297020 2.626193 1.162431
v 4.313691 2.631031 0.974931
v 4.297020 2.626193 0.974931
v 4.313691 2.631031 0.787431
v 4.297020 2.626193 0.787431
v 4.281180 2.619092 0.787431
vn 0.142994 -0.989724 0.000000
vn 0.142994 -0.989724 0.000000
vn 0.344741 -0.938698 0.000000
vn 0.278729 -0.960370 0.000000
vn 0.211372 -0.977406 0.000000
vn 0.531558 -0.847022 0.000000
vn 0.471461 -0.881887 0.000000
vn 0.409088 -0.912495 0.000000
vn 0.531558 -0.847022 0.000000
vn 0.344741 -0.938698 0.000000
vn 0.409088 -0.912495 0.000000
vn 0.471461 -0.881887 0.000000
vn 0.211372 -0.977406 0.000000
vn 0.278729 -0.960370 0.000000
vn 0.211372 -0.977406 0.000000
vn 0.344741 -0.938698 0.000000
vn 0.211372 -0.977406 0.000000
vn 0.344741 -0.938698 0.000000
vn 0.211372 -0.977406 0.000000
vn 0.344741 -0.938698 0.000000
vn 0.471461 -0.881887 0.000000
vt -0.208476 -0.125000
vt -0.208476 -0.875000
vt 0.000000 -0.875000
vt -0.069492 -0.875000
vt -0.138984 -0.875000
vt 0.208476 -0.875000
vt 0.138984 -0.875000
vt 0.069492 -0.875000
vt 0.208476 -0.125000
vt 0.000000 -0.125000
vt 0.069492 -0.125000
vt 0.138984 -0.125000
vt -0.138984 -0.125000
vt -0.069492 -0.125000
vt -0.138984 -0.687500
vt 0.000000 -0.687500
vt -0.138984 -0.500000
vt 0.000000 -0.500000
vt -0.138984 -0.312500
vt 0.000000 -0.312500
vt 0.138984 -0.312500
f 2819/2819/2819 2809/2809/2809 2808/2808/2808
f 2819/2819/2819 2806/2806/2806 2809/2809/2809
f 2820/2820/2820 2808/2808/2808 2807/2807/2807
f 2820/2820/2820 2811/2811/2811 2810/2810/2810
f 2820/2820/2820 2812/2812/2812 2811/2811/2811
f 2820/2820/2820 2807/2807/2807 2812/2812/2812
f 2820/2820/2820 2819/2819/2819 2808/2808/2808
f 2821/2821/2821 2805/2805/2805 2806/2806/2806
f 2821/2821/2821 2806/2806/2806 2819/2819/2819
f 2822/2822/2822 2819/2819/2819 2820/2820/2820
f 2822/2822/2822 2820/2820/2820 2810/2810/2810
f 2822/2822/2822 2821/2821/2821 2819/2819/2819
f 2823/2823/2823 2817/2817/2817 2805/2805/2805
f 2823/2823/2823 2818/2818/2818 2817/2817/2817
f 2823/2823/2823 2805/2805/2805 2821/2821/2821
f 2824/2824/2824 2815/2815/2815 2814/2814/2814
f 2824/2824/2824 2814/2814/2814 2818/2818/2818
f 2824/2824/2824 2821/2821/2821 2822/2822/2822
f 2824/2824/2824 2818/2818/2818 2823/2823/2823
f 2824/2824/2824 2823/2823/2823 2821/2821/2821
f 2825/2825/2825 2810/2810/2810 2813/2813/2813
f 2825/2825/2825 2816/2816/2816 2815/2815/2815
f 2825/2825/2825 2813/2813/2813 2816/2816/2816
f 2825/2825/2825 2824/2824/2824 2822/2822/2822
f 2825/2825/2825 2815/2815/2815 2824/2824/2824
f 2825/2825/2825 2822/2822/2822 2810/2810/2810
v 4.322238 2.632571 1.349931
v 4.322632 2.632728 1.354846
v 4.323825 2.633206 1.359919
v 4.325334 2.633812 1.363887
v 4.327186 2.634561 1.367569
v 4.330117 2.635754 1.372201
v 4.334047 2.637372 1.377149
v 4.340529 2.640084 1.383772
v 4.351477 2.644774 1.392785
v 4.370818 2.653442 1.405087
v 4.402723 2.668793 1.420725
v 4.453893 2.696295 1.439759
v 4.512833 2.732665 1.456308
v 4.569742 2.773550 1.467692
v 4.610903 2.806826 1.473000
v 4.648153 2.840294 1.474931
v 4.570053 2.881680 1.511542
v 4.583232 2.874696 1.498804
v 4.598010 2.866866 1.488555
v 4.614022 2.858381 1.481049
v 4.630875 2.849450 1.476470
v 4.537703 2.898823 1.599931
v 4.539062 2.898103 1.580377
v 4.543108 2.895959 1.561304
v 4.549741 2.892444 1.543182
v 4.558797 2.887645 1.526458
v 4.505632 2.844070 1.594848
v 4.468274 2.791199 1.580263
v 4.429340 2.744833 1.558635
v 4.387173 2.702138 1.529035
v 4.344844 2.665410 1.491746
v 4.315277 2.642835 1.458105
v 4.295462 2.628946 1.428048
v 4.283280 2.620869 1.401718
v 4.278995 2.618107 1.388339
v 4.275120 2.615645 1.369190
v 4.273668 2.614733 1.349931
v 4.281180 2.619092 1.349931
v 4.288977 2.622917 1.349931
v 4.297020 2.626193 1.349931
v 4.305272 2.628902 1.349931
v 4.313691 2.631031 1.349931
v 4.478465 2.750301 1.482402
v 4.443645 2.756280 1.536610
v 4.422217 2.693928 1.447947
v 4.383392 2.695928 1.499670
v 4.329449 2.652077 1.453444
v 4.307039 2.636126 1.426191
v 4.288634 2.623896 1.392161
v 4.563292 2.833643 1.493815
v 4.484799 2.798506 1.537210
v 4.466653 2.775118 1.528209
v 4.521642 2.793031 1.493092
vn 0.142995 -0.989724 0.000000
vn 0.144555 -0.988337 0.047895
vn 0.145324 -0.985920 0.082720
vn 0.144540 -0.983643 0.107489
vn 0.143399 -0.980700 0.132906
vn 0.145534 -0.973554 0.176104
vn 0.150022 -0.963285 0.222657
vn 0.149509 -0.951235 0.269813
vn 0.153975 -0.926285 0.343930
vn 0.156044 -0.884871 0.438923
vn 0.160150 -0.809069 0.565473
vn 0.156324 -0.677109 0.719087
vn 0.132480 -0.508133 0.851029
vn 0.091952 -0.320164 0.942889
vn 0.050200 -0.161692 0.985564
vn -0.000000 0.000000 1.000000
vn 0.624802 -0.331093 0.707107
vn 0.519370 -0.275222 0.809016
vn 0.401149 -0.212575 0.891006
vn 0.273051 -0.144694 0.951056
vn 0.138228 -0.073249 0.987688
vn 0.883604 -0.468236 0.000000
vn 0.872725 -0.462471 0.156437
vn 0.840356 -0.445318 0.309020
vn 0.787296 -0.417201 0.453992
vn 0.714850 -0.378810 0.587786
vn 0.841270 -0.540616 0.000099
vn 0.790848 -0.612013 -0.000084
vn 0.738159 -0.674627 -0.000514
vn 0.683266 -0.730170 0.000241
vn 0.626094 -0.779748 -0.000107
vn 0.586619 -0.809863 -0.000470
vn 0.560437 -0.828197 -0.000416
vn 0.544589 -0.838703 0.000291
vn 0.538666 -0.842519 0.000071
vn 0.533475 -0.845816 -0.000009
vn 0.531558 -0.847022 0.000000
vn 0.471460 -0.881887 0.000000
vn 0.409088 -0.912495 0.000000
vn 0.344741 -0.938698 0.000000
vn 0.278729 -0.960370 0.000000
vn 0.211372 -0.977406 0.000000
vn 0.403439 -0.653758 0.640186
vn 0.682000 -0.701587 0.206524
vn 0.284217 -0.773132 0.566999
vn 0.594816 -0.789126 0.153213
vn 0.525678 -0.845458 0.094145
vn 0.500477 -0.863417 0.063511
vn 0.482902 -0.875119 0.031175
vn 0.430506 -0.377401 0.819898
vn 0.687008 -0.633538 0.355878
vn 0.650243 -0.674930 0.348789
vn 0.434736 -0.533536 0.725495
vt 0.170113 -0.003904
vt 0.169219 -0.009015
vt 0.165313 -0.013351
vt 0.159672 -0.016549
vt 0.152308 -0.019757
vt 0.141109 -0.024829
vt 0.127251 -0.030417
vt 0.105641 -0.036973
vt 0.069340 -0.047467
vt 0.010895 -0.062898
vt -0.079652 -0.086395
vt -0.216892 -0.121666
vt -0.375126 -0.161130
vt -0.534979 -0.200620
vt -0.660870 -0.229677
vt -0.785393 -0.258599
vt -0.000000 -0.258599
vt -0.157079 -0.258599
vt -0.314157 -0.258599
vt -0.471236 -0.258599
vt -0.628314 -0.258599
vt 0.785393 -0.258599
vt 0.628314 -0.258599
vt 0.471236 -0.258599
vt 0.314157 -0.258599
vt 0.157079 -0.258599
vt 0.779679 -0.224257
vt 0.763348 -0.189812
vt 0.739736 -0.155366
vt 0.708656 -0.121093
vt 0.671268 -0.086659
vt 0.641118 -0.061573
vt 0.617650 -0.042786
vt 0.601321 -0.028732
vt 0.595173 -0.021798
vt 0.589347 -0.012848
vt 0.587064 -0.003904
vt 0.517572 -0.003904
vt 0.448081 -0.003904
vt 0.378589 -0.003904
vt 0.309097 -0.003904
vt 0.239605 -0.003904
vt -0.000000 -0.160761
vt 0.523595 -0.160761
vt -0.000000 -0.110768
vt 0.523595 -0.110768
vt 0.523595 -0.066619
vt 0.523595 -0.046494
vt 0.523595 -0.025729
vt -0.188950 -0.229609
vt 0.389839 -0.192509
vt 0.381674 -0.175287
vt -0.072570 -0.196565
f 2840/2840/2840 2846/2846/2846 2845/2845/2845
f 2840/2840/2840 2841/2841/2841 2846/2846/2846
f 2852/2852/2852 2848/2848/2848 2847/2847/2847
f 2852/2852/2852 2849/2849/2849 2848/2848/2848
f 2852/2852/2852 2850/2850/2850 2849/2849/2849
f 2867/2867/2867 2826/2826/2826 2827/2827/2827
f 2867/2867/2867 2827/2827/2827 2828/2828/2828
f 2866/2866/2866 2828/2828/2828 2829/2829/2829
f 2866/2866/2866 2867/2867/2867 2828/2828/2828
f 2865/2865/2865 2866/2866/2866 2829/2829/2829
f 2863/2863/2863 2864/2864/2864 2861/2861/2861
f 2862/2862/2862 2863/2863/2863 2861/2861/2861
f 2868/2868/2868 2837/2837/2837 2838/2838/2838
f 2869/2869/2869 2853/2853/2853 2854/2854/2854
f 2869/2869/2869 2854/2854/2854 2855/2855/2855
f 2870/2870/2870 2837/2837/2837 2868/2868/2868
f 2870/2870/2870 2836/2836/2836 2837/2837/2837
f 2871/2871/2871 2855/2855/2855 2856/2856/2856
f 2871/2871/2871 2870/2870/2870 2868/2868/2868
f 2871/2871/2871 2868/2868/2868 2869/2869/2869
f 2871/2871/2871 2869/2869/2869 2855/2855/2855
f 2871/2871/2871 2836/2836/2836 2870/2870/2870
f 2872/2872/2872 2834/2834/2834 2835/2835/2835
f 2872/2872/2872 2835/2835/2835 2836/2836/2836
f 2872/2872/2872 2856/2856/2856 2857/2857/2857
f 2872/2872/2872 2871/2871/2871 2856/2856/2856
f 2872/2872/2872 2836/2836/2836 2871/2871/2871
f 2873/2873/2873 2832/2832/2832 2833/2833/2833
f 2873/2873/2873 2833/2833/2833 2834/2834/2834
f 2873/2873/2873 2872/2872/2872 2857/2857/2857
f 2873/2873/2873 2857/2857/2857 2858/2858/2858
f 2873/2873/2873 2858/2858/2858 2859/2859/2859
f 2873/2873/2873 2834/2834/2834 2872/2872/2872
f 2874/2874/2874 2829/2829/2829 2830/2830/2830
f 2874/2874/2874 2830/2830/2830 2831/2831/2831
f 2874/2874/2874 2831/2831/2831 2832/2832/2832
f 2874/2874/2874 2832/2832/2832 2873/2873/2873
f 2874/2874/2874 2873/2873/2873 2859/2859/2859
f 2874/2874/2874 2865/2865/2865 2829/2829/2829
f 2874/2874/2874 2861/2861/2861 2864/2864/2864
f 2874/2874/2874 2859/2859/2859 2860/2860/2860
f 2874/2874/2874 2860/2860/2860 2861/2861/2861
f 2874/2874/2874 2864/2864/2864 2865/2865/2865
f 2875/2875/2875 2839/2839/2839 2840/2840/2840
f 2875/2875/2875 2843/2843/2843 2842/2842/2842
f 2875/2875/2875 2844/2844/2844 2843/2843/2843
f 2875/2875/2875 2845/2845/2845 2844/2844/2844
f 2875/2875/2875 2851/2851/2851 2850/2850/2850
f 2875/2875/2875 2842/2842/2842 2851/2851/2851
f 2875/2875/2875 2840/2840/2840 2845/2845/2845
f 2876/2876/2876 2852/2852/2852 2853/2853/2853
f 2876/2876/2876 2850/2850/2850 2852/2852/2852
f 2876/2876/2876 2875/2875/2875 2850/2850/2850
f 2877/2877/2877 2869/2869/2869 2868/2868/2868
f 2877/2877/2877 2853/2853/2853 2869/2869/2869
f 2877/2877/2877 2876/2876/2876 2853/2853/2853
f 2878/2878/2878 2876/2876/2876 2877/2877/2877
f 2878/2878/2878 2838/2838/2838 2839/2839/2839
f 2878/2878/2878 2839/2839/2839 2875/2875/2875
f 2878/2878/2878 2877/2877/2877 2868/2868/2868
f 2878/2878/2878 2868/2868/2868 2838/2838/2838
f 2878/2878/2878 2875/2875/2875 2876/2876/2876
v 4.273668 2.614733 0.599931
v 4.275281 2.615747 0.579497
v 4.279540 2.618456 0.559475
v 4.284045 2.621368 0.546174
v 4.292090 2.626678 0.528196
v 4.302228 2.633583 0.510431
v 4.318025 2.644836 0.488203
v 4.336680 2.658957 0.466600
v 4.362672 2.680216 0.441284
v 4.392340 2.707014 0.416845
v 4.421569 2.736450 0.396212
v 4.449338 2.767692 0.379406
v 4.476347 2.801823 0.365858
v 4.502274 2.838890 0.356006
v 4.520984 2.868981 0.351472
v 4.537703 2.898823 0.349931
v 4.570053 2.881680 0.438319
v 4.558797 2.887645 0.423404
v 4.549741 2.892444 0.406680
v 4.543108 2.895959 0.388558
v 4.539062 2.898103 0.369485
v 4.648153 2.840294 0.474931
v 4.630875 2.849450 0.473392
v 4.614022 2.858381 0.468813
v 4.598010 2.866866 0.461307
v 4.583232 2.874696 0.451058
v 4.563953 2.769113 0.483120
v 4.473780 2.707967 0.503963
v 4.392277 2.663630 0.533841
v 4.359269 2.648215 0.551767
v 4.342377 2.640864 0.564400
v 4.331889 2.636481 0.575307
v 4.327330 2.634619 0.582035
v 4.324423 2.633446 0.588202
v 4.322892 2.632832 0.593558
v 4.322401 2.632636 0.596794
v 4.322238 2.632571 0.599931
v 4.313691 2.631031 0.599931
v 4.305272 2.628902 0.599931
v 4.297020 2.626193 0.599931
v 4.288977 2.622917 0.599931
v 4.281180 2.619092 0.599931
v 4.287899 2.623423 0.559648
v 4.305846 2.635310 0.525397
v 4.361158 2.668080 0.502497
v 4.372491 2.677794 0.490488
v 4.412985 2.705385 0.477166
v 4.426561 2.719263 0.466438
v 4.439018 2.732635 0.457262
v 4.452614 2.747820 0.448308
v 4.494297 2.783743 0.444760
v 4.506147 2.800056 0.438979
v 4.484070 2.793083 0.420458
v 4.560759 2.831227 0.455839
vn 0.531558 -0.847022 -0.000000
vn 0.533691 -0.845680 -0.000012
vn 0.539329 -0.842095 -0.000069
vn 0.545577 -0.838061 -0.000334
vn 0.555967 -0.831204 0.000312
vn 0.570094 -0.821579 -0.000578
vn 0.590308 -0.807177 0.000681
vn 0.615504 -0.788133 0.000070
vn 0.650421 -0.759574 -0.000165
vn 0.689880 -0.723923 -0.000055
vn 0.728873 -0.684649 -0.000051
vn 0.766259 -0.642532 -0.000219
vn 0.801407 -0.598120 0.000155
vn 0.836841 -0.547446 -0.000121
vn 0.861088 -0.508457 0.000036
vn 0.883604 -0.468236 -0.000000
vn 0.624802 -0.331093 -0.707107
vn 0.714850 -0.378811 -0.587785
vn 0.787297 -0.417201 -0.453990
vn 0.840357 -0.445319 -0.309017
vn 0.872725 -0.462471 -0.156435
vn -0.000000 0.000000 -1.000000
vn 0.138229 -0.073250 -0.987688
vn 0.273054 -0.144696 -0.951055
vn 0.401152 -0.212577 -0.891004
vn 0.519372 -0.275223 -0.809015
vn 0.096873 -0.340646 -0.935188
vn 0.148725 -0.624320 -0.766881
vn 0.160918 -0.833281 -0.528912
vn 0.156885 -0.908608 -0.387064
vn 0.148705 -0.948158 -0.280860
vn 0.149011 -0.967995 -0.201942
vn 0.143232 -0.980427 -0.135082
vn 0.144837 -0.985106 -0.092676
vn 0.144822 -0.987753 -0.058055
vn 0.143970 -0.989039 -0.032789
vn 0.142994 -0.989724 -0.000000
vn 0.211372 -0.977406 -0.000000
vn 0.278729 -0.960370 -0.000000
vn 0.344741 -0.938698 -0.000000
vn 0.409088 -0.912495 -0.000000
vn 0.471461 -0.881887 -0.000000
vn 0.482314 -0.875501 -0.029537
vn 0.499248 -0.864261 -0.061683
vn 0.414744 -0.864943 -0.282595
vn 0.445234 -0.846177 -0.292834
vn 0.440058 -0.790339 -0.426279
vn 0.472245 -0.767857 -0.432875
vn 0.506272 -0.741097 -0.440981
vn 0.535435 -0.716489 -0.447160
vn 0.530692 -0.618686 -0.579304
vn 0.561237 -0.586339 -0.584140
vn 0.655039 -0.639219 -0.402893
vn 0.432097 -0.387843 -0.814168
vt 0.208476 -0.303209
vt 0.211009 -0.292110
vt 0.217333 -0.281006
vt 0.223859 -0.272879
vt 0.234843 -0.261829
vt 0.247316 -0.249269
vt 0.265541 -0.232722
vt 0.285333 -0.213957
vt 0.309501 -0.188956
vt 0.334179 -0.160878
vt 0.355835 -0.132787
vt 0.373968 -0.104654
vt 0.388921 -0.076659
vt 0.399978 -0.048467
vt 0.405117 -0.026482
vt 0.406817 -0.004376
vt -0.378581 -0.004376
vt -0.221502 -0.004376
vt -0.064422 -0.004376
vt 0.092658 -0.004376
vt 0.249737 -0.004376
vt -1.163956 -0.004376
vt -1.006881 -0.004376
vt -0.849806 -0.004376
vt -0.692731 -0.004376
vt -0.535656 -0.004376
vt -0.896782 -0.077055
vt -0.648370 -0.149725
vt -0.428662 -0.214950
vt -0.332675 -0.244197
vt -0.279279 -0.262511
vt -0.243938 -0.275256
vt -0.227041 -0.284315
vt -0.215572 -0.290566
vt -0.210196 -0.295740
vt -0.208690 -0.299234
vt -0.208476 -0.303209
vt -0.138984 -0.303209
vt -0.069492 -0.303209
vt 0.000000 -0.303209
vt 0.069492 -0.303209
vt 0.138984 -0.303209
vt 0.145021 -0.278878
vt 0.145021 -0.254610
vt -0.071664 -0.214454
vt -0.059580 -0.201953
vt -0.169435 -0.169340
vt -0.157096 -0.155301
vt -0.146268 -0.141256
vt -0.137201 -0.127189
vt -0.261407 -0.090855
vt -0.253930 -0.076857
vt -0.044631 -0.086123
vt -0.559142 -0.040716
f 2916/2916/2916 2914/2914/2914 2915/2915/2915
f 2913/2913/2913 2914/2914/2914 2916/2916/2916
f 2917/2917/2917 2912/2912/2912 2913/2913/2913
f 2917/2917/2917 2913/2913/2913 2916/2916/2916
f 2918/2918/2918 2912/2912/2912 2917/2917/2917
f 2880/2880/2880 2919/2919/2919 2920/2920/2920
f 2880/2880/2880 2920/2920/2920 2879/2879/2879
f 2901/2901/2901 2900/2900/2900 2905/2905/2905
f 2898/2898/2898 2897/2897/2897 2892/2892/2892
f 2893/2893/2893 2898/2898/2898 2892/2892/2892
f 2899/2899/2899 2898/2898/2898 2893/2893/2893
f 2894/2894/2894 2899/2899/2899 2893/2893/2893
f 2921/2921/2921 2880/2880/2880 2881/2881/2881
f 2921/2921/2921 2881/2881/2881 2882/2882/2882
f 2921/2921/2921 2910/2910/2910 2911/2911/2911
f 2921/2921/2921 2911/2911/2911 2912/2912/2912
f 2921/2921/2921 2918/2918/2918 2919/2919/2919
f 2921/2921/2921 2912/2912/2912 2918/2918/2918
f 2921/2921/2921 2919/2919/2919 2880/2880/2880
f 2922/2922/2922 2882/2882/2882 2883/2883/2883
f 2922/2922/2922 2883/2883/2883 2884/2884/2884
f 2922/2922/2922 2884/2884/2884 2885/2885/2885
f 2922/2922/2922 2908/2908/2908 2909/2909/2909
f 2922/2922/2922 2909/2909/2909 2910/2910/2910
f 2922/2922/2922 2921/2921/2921 2882/2882/2882
f 2922/2922/2922 2910/2910/2910 2921/2921/2921
f 2923/2923/2923 2885/2885/2885 2886/2886/2886
f 2923/2923/2923 2908/2908/2908 2922/2922/2922
f 2923/2923/2923 2922/2922/2922 2885/2885/2885
f 2923/2923/2923 2907/2907/2907 2908/2908/2908
f 2924/2924/2924 2923/2923/2923 2886/2886/2886
f 2924/2924/2924 2886/2886/2886 2887/2887/2887
f 2924/2924/2924 2907/2907/2907 2923/2923/2923
f 2925/2925/2925 2887/2887/2887 2888/2888/2888
f 2925/2925/2925 2906/2906/2906 2907/2907/2907
f 2925/2925/2925 2924/2924/2924 2887/2887/2887
f 2925/2925/2925 2907/2907/2907 2924/2924/2924
f 2926/2926/2926 2906/2906/2906 2925/2925/2925
f 2926/2926/2926 2925/2925/2925 2888/2888/2888
f 2927/2927/2927 2888/2888/2888 2889/2889/2889
f 2927/2927/2927 2926/2926/2926 2888/2888/2888
f 2927/2927/2927 2906/2906/2906 2926/2926/2926
f 2928/2928/2928 2889/2889/2889 2890/2890/2890
f 2928/2928/2928 2906/2906/2906 2927/2927/2927
f 2928/2928/2928 2927/2927/2927 2889/2889/2889
f 2929/2929/2929 2905/2905/2905 2906/2906/2906
f 2929/2929/2929 2906/2906/2906 2928/2928/2928
f 2930/2930/2930 2892/2892/2892 2897/2897/2897
f 2930/2930/2930 2905/2905/2905 2929/2929/2929
f 2931/2931/2931 2890/2890/2890 2891/2891/2891
f 2931/2931/2931 2891/2891/2891 2892/2892/2892
f 2931/2931/2931 2929/2929/2929 2928/2928/2928
f 2931/2931/2931 2930/2930/2930 2929/2929/2929
f 2931/2931/2931 2928/2928/2928 2890/2890/2890
f 2931/2931/2931 2892/2892/2892 2930/2930/2930
f 2932/2932/2932 2901/2901/2901 2905/2905/2905
f 2932/2932/2932 2930/2930/2930 2897/2897/2897
f 2932/2932/2932 2896/2896/2896 2895/2895/2895
f 2932/2932/2932 2897/2897/2897 2896/2896/2896
f 2932/2932/2932 2902/2902/2902 2901/2901/2901
f 2932/2932/2932 2903/2903/2903 2902/2902/2902
f 2932/2932/2932 2904/2904/2904 2903/2903/2903
f 2932/2932/2932 2895/2895/2895 2904/2904/2904
f 2932/2932/2932 2905/2905/2905 2930/2930/2930
v 4.570053 2.881680 1.511542
v 4.583232 2.874696 1.498804
v 4.598010 2.866866 1.488555
v 4.614022 2.858381 1.481049
v 4.630875 2.849450 1.476470
v 4.648153 2.840294 1.474931
v 4.537703 2.898823 1.599931
v 4.539062 2.898103 1.580377
v 4.543108 2.895959 1.561304
v 4.549741 2.892444 1.543182
v 4.558797 2.887645 1.526458
v 4.625000 3.250000 1.599931
v 4.615128 3.128712 1.599931
v 4.585771 3.010617 1.599931
v 4.624487 3.277722 1.599931
v 4.624772 3.268484 1.599931
v 4.624943 3.259243 1.599931
v 4.626025 3.277779 1.580377
v 4.630601 3.277948 1.561304
v 4.638103 3.278225 1.543182
v 4.648344 3.278604 1.526458
v 4.661074 3.279075 1.511542
v 4.675979 3.279626 1.498804
v 4.692692 3.280245 1.488555
v 4.710801 3.280914 1.481049
v 4.729861 3.281619 1.476470
v 4.749402 3.282342 1.474931
v 4.750000 3.250000 1.474931
v 4.749934 3.260783 1.474931
v 4.749734 3.271564 1.474931
v 4.704233 2.970719 1.474931
v 4.738482 3.108497 1.474931
v 4.719185 3.111659 1.476470
v 4.700364 3.114744 1.481049
v 4.682481 3.117674 1.488555
v 4.665977 3.120379 1.498804
v 4.651258 3.122791 1.511542
v 4.638687 3.124851 1.526458
v 4.628572 3.126508 1.543182
v 4.685701 2.976961 1.476470
v 4.621165 3.127723 1.561304
v 4.667626 2.983048 1.481049
v 4.616646 3.128463 1.580377
v 4.650453 2.988832 1.488555
v 4.634603 2.994170 1.498804
v 4.620468 2.998931 1.511542
v 4.608395 3.002997 1.526458
v 4.598683 3.006268 1.543182
v 4.591569 3.008664 1.561304
v 4.587230 3.010125 1.580377
vn 0.624802 -0.331093 0.707107
vn 0.519369 -0.275222 0.809017
vn 0.401148 -0.212575 0.891007
vn 0.273049 -0.144693 0.951057
vn 0.138226 -0.073248 0.987688
vn -0.000000 0.000000 1.000000
vn 0.883604 -0.468236 0.000000
vn 0.872725 -0.462471 0.156434
vn 0.840357 -0.445319 0.309017
vn 0.787297 -0.417201 0.453990
vn 0.714850 -0.378811 0.587785
vn 1.000000 0.000000 0.000000
vn 0.986837 -0.161718 0.000000
vn 0.947695 -0.319178 0.000000
vn 0.999317 0.036962 -0.000000
vn 0.999696 0.024645 0.000000
vn 0.999924 0.012323 0.000000
vn 0.987013 0.036507 0.156434
vn 0.950407 0.035153 0.309017
vn 0.890398 0.032934 0.453990
vn 0.808464 0.029903 0.587785
vn 0.706624 0.026136 0.707107
vn 0.587384 0.021726 0.809017
vn 0.453680 0.016781 0.891007
vn 0.308806 0.011422 0.951057
vn 0.156328 0.005782 0.987688
vn -0.000000 -0.000000 1.000000
vn -0.000000 0.000000 1.000000
vn -0.000000 -0.000000 1.000000
vn -0.000000 -0.000000 1.000000
vn -0.000000 0.000000 1.000000
vn -0.000000 0.000000 1.000000
vn 0.154375 -0.025298 0.987688
vn 0.304949 -0.049974 0.951057
vn 0.448015 -0.073418 0.891007
vn 0.580048 -0.095055 0.809017
vn 0.697799 -0.114352 0.707107
vn 0.798368 -0.130832 0.587785
vn 0.879278 -0.144091 0.453990
vn 0.148252 -0.049930 0.987688
vn 0.938538 -0.153803 0.309017
vn 0.292854 -0.098631 0.951057
vn 0.974687 -0.159727 0.156434
vn 0.430244 -0.144904 0.891007
vn 0.557041 -0.187608 0.809017
vn 0.670121 -0.225693 0.707107
vn 0.766701 -0.258220 0.587785
vn 0.844402 -0.284390 0.453990
vn 0.901311 -0.303556 0.309017
vn 0.936027 -0.315248 0.156434
vt 3.628886 2.356194
vt 3.628886 2.199115
vt 3.628886 2.042035
vt 3.628886 1.884956
vt 3.628886 1.727876
vt 3.628886 1.570796
vt 3.628886 3.141593
vt 3.628886 2.984513
vt 3.628886 2.827433
vt 3.628886 2.670354
vt 3.628886 2.513274
vt 3.141593 3.141593
vt 3.304024 3.141593
vt 3.466455 3.141593
vt 3.104622 3.141593
vt 3.116946 3.141593
vt 3.129269 3.141593
vt 3.104622 2.984513
vt 3.104622 2.827433
vt 3.104622 2.670354
vt 3.104622 2.513274
vt 3.104622 2.356194
vt 3.104622 2.199115
vt 3.104622 2.042035
vt 3.104622 1.884956
vt 3.104622 1.727876
vt 3.104622 1.570796
vt 3.141593 1.570796
vt 3.129269 1.570796
vt 3.116946 1.570796
vt 3.466455 1.570796
vt 3.304024 1.570796
vt 3.304024 1.727876
vt 3.304024 1.884956
vt 3.304024 2.042035
vt 3.304024 2.199115
vt 3.304024 2.356194
vt 3.304024 2.513274
vt 3.304024 2.670354
vt 3.466455 1.727876
vt 3.304024 2.827433
vt 3.466455 1.884956
vt 3.304024 2.984513
vt 3.466455 2.042035
vt 3.466455 2.199115
vt 3.466455 2.356194
vt 3.466455 2.513274
vt 3.466455 2.670354
vt 3.466455 2.827433
vt 3.466455 2.984513
f 2958/2958/2958 2962/2962/2962 2959/2959/2959
f 2961/2961/2961 2962/2962/2962 2958/2958/2958
f 2960/2960/2960 2961/2961/2961 2958/2958/2958
f 2957/2957/2957 2960/2960/2960 2958/2958/2958
f 2956/2956/2956 2960/2960/2960 2957/2957/2957
f 2948/2948/2948 2950/2950/2950 2947/2947/2947
f 2949/2949/2949 2950/2950/2950 2948/2948/2948
f 2944/2944/2944 2951/2951/2951 2950/2950/2950
f 2944/2944/2944 2952/2952/2952 2951/2951/2951
f 2944/2944/2944 2950/2950/2950 2949/2949/2949
f 2937/2937/2937 2938/2938/2938 2963/2963/2963
f 2939/2939/2939 2940/2940/2940 2946/2946/2946
f 2965/2965/2965 2964/2964/2964 2960/2960/2960
f 2966/2966/2966 2965/2965/2965 2960/2960/2960
f 2967/2967/2967 2960/2960/2960 2956/2956/2956
f 2967/2967/2967 2966/2966/2966 2960/2960/2960
f 2968/2968/2968 2956/2956/2956 2955/2955/2955
f 2968/2968/2968 2967/2967/2967 2956/2956/2956
f 2969/2969/2969 2955/2955/2955 2954/2954/2954
f 2969/2969/2969 2968/2968/2968 2955/2955/2955
f 2970/2970/2970 2954/2954/2954 2953/2953/2953
f 2970/2970/2970 2969/2969/2969 2954/2954/2954
f 2971/2971/2971 2953/2953/2953 2952/2952/2952
f 2971/2971/2971 2952/2952/2952 2944/2944/2944
f 2971/2971/2971 2970/2970/2970 2953/2953/2953
f 2972/2972/2972 2963/2963/2963 2964/2964/2964
f 2972/2972/2972 2937/2937/2937 2963/2963/2963
f 2972/2972/2972 2964/2964/2964 2965/2965/2965
f 2973/2973/2973 2971/2971/2971 2944/2944/2944
f 2974/2974/2974 2936/2936/2936 2937/2937/2937
f 2974/2974/2974 2937/2937/2937 2972/2972/2972
f 2974/2974/2974 2965/2965/2965 2966/2966/2966
f 2974/2974/2974 2972/2972/2972 2965/2965/2965
f 2975/2975/2975 2944/2944/2944 2945/2945/2945
f 2975/2975/2975 2973/2973/2973 2944/2944/2944
f 2976/2976/2976 2935/2935/2935 2936/2936/2936
f 2976/2976/2976 2966/2966/2966 2967/2967/2967
f 2976/2976/2976 2974/2974/2974 2966/2966/2966
f 2976/2976/2976 2936/2936/2936 2974/2974/2974
f 2977/2977/2977 2934/2934/2934 2935/2935/2935
f 2977/2977/2977 2935/2935/2935 2976/2976/2976
f 2977/2977/2977 2967/2967/2967 2968/2968/2968
f 2977/2977/2977 2976/2976/2976 2967/2967/2967
f 2978/2978/2978 2933/2933/2933 2934/2934/2934
f 2978/2978/2978 2934/2934/2934 2977/2977/2977
f 2978/2978/2978 2968/2968/2968 2969/2969/2969
f 2978/2978/2978 2977/2977/2977 2968/2968/2968
f 2979/2979/2979 2943/2943/2943 2933/2933/2933
f 2979/2979/2979 2969/2969/2969 2970/2970/2970
f 2979/2979/2979 2933/2933/2933 2978/2978/2978
f 2979/2979/2979 2978/2978/2978 2969/2969/2969
f 2980/2980/2980 2942/2942/2942 2943/2943/2943
f 2980/2980/2980 2970/2970/2970 2971/2971/2971
f 2980/2980/2980 2979/2979/2979 2970/2970/2970
f 2980/2980/2980 2943/2943/2943 2979/2979/2979
f 2981/2981/2981 2942/2942/2942 2980/2980/2980
f 2981/2981/2981 2941/2941/2941 2942/2942/2942
f 2981/2981/2981 2980/2980/2980 2971/2971/2971
f 2981/2981/2981 2971/2971/2971 2973/2973/2973
f 2982/2982/2982 2940/2940/2940 2941/2941/2941
f 2982/2982/2982 2941/2941/2941 2981/2981/2981
f 2982/2982/2982 2981/2981/2981 2973/2973/2973
f 2982/2982/2982 2945/2945/2945 2946/2946/2946
f 2982/2982/2982 2975/2975/2975 2945/2945/2945
f 2982/2982/2982 2973/2973/2973 2975/2975/2975
f 2982/2982/2982 2946/2946/2946 2940/2940/2940
v 4.625000 3.250000 0.349931
v 4.626899 3.250000 0.371637
v 4.632538 3.250000 0.392683
v 4.641747 3.250000 0.412431
v 4.654244 3.250000 0.430279
v 4.669652 3.250000 0.445686
v 4.687500 3.250000 0.458184
v 4.707247 3.250000 0.467392
v 4.728294 3.250000 0.473032
v 4.750000 3.250000 0.474931
v 4.537703 2.898823 0.349931
v 4.585771 3.010617 0.349931
v 4.615128 3.128712 0.349931
v 4.570053 2.881680 0.438319
v 4.558797 2.887645 0.423404
v 4.549741 2.892444 0.406680
v 4.543108 2.895959 0.388558
v 4.539062 2.898103 0.369485
v 4.648153 2.840294 0.474931
v 4.630875 2.849450 0.473392
v 4.614022 2.858381 0.468813
v 4.598010 2.866866 0.461307
v 4.583232 2.874696 0.451058
v 4.738482 3.108497 0.474931
v 4.704233 2.970719 0.474931
v 4.685701 2.976961 0.473392
v 4.667626 2.983048 0.468813
v 4.650453 2.988832 0.461307
v 4.634603 2.994170 0.451058
v 4.620468 2.998931 0.438319
v 4.608395 3.002997 0.423404
v 4.598683 3.006268 0.406680
v 4.719185 3.111659 0.473392
v 4.591569 3.008664 0.388558
v 4.700364 3.114744 0.468813
v 4.587571 3.010010 0.371637
v 4.682481 3.117674 0.461307
v 4.665977 3.120379 0.451058
v 4.651258 3.122791 0.438319
v 4.638687 3.124851 0.423404
v 4.628572 3.126508 0.406680
v 4.621165 3.127723 0.388558
v 4.617002 3.128405 0.371637
vn 1.000000 0.000000 -0.000000
vn 0.984808 0.000000 -0.173648
vn 0.939693 0.000000 -0.342020
vn 0.866025 0.000000 -0.500000
vn 0.766044 0.000000 -0.642788
vn 0.642788 0.000000 -0.766044
vn 0.500000 0.000000 -0.866025
vn 0.342020 0.000000 -0.939693
vn 0.173648 0.000000 -0.984808
vn -0.000000 -0.000000 -1.000000
vn 0.883604 -0.468236 -0.000000
vn 0.947695 -0.319178 -0.000000
vn 0.986837 -0.161718 -0.000000
vn 0.624802 -0.331093 -0.707107
vn 0.714850 -0.378811 -0.587785
vn 0.787297 -0.417201 -0.453990
vn 0.840357 -0.445319 -0.309017
vn 0.872725 -0.462471 -0.156434
vn -0.000000 0.000000 -1.000000
vn 0.138226 -0.073248 -0.987688
vn 0.273049 -0.144693 -0.951057
vn 0.401148 -0.212575 -0.891007
vn 0.519369 -0.275222 -0.809017
vn -0.000000 0.000000 -1.000000
vn -0.000000 0.000000 -1.000000
vn 0.148252 -0.049930 -0.987688
vn 0.292854 -0.098631 -0.951057
vn 0.430244 -0.144904 -0.891007
vn 0.557041 -0.187608 -0.809017
vn 0.670121 -0.225693 -0.707107
vn 0.766701 -0.258220 -0.587785
vn 0.844402 -0.284390 -0.453990
vn 0.154375 -0.025298 -0.987688
vn 0.901311 -0.303556 -0.309017
vn 0.304949 -0.049974 -0.951057
vn 0.933297 -0.314329 -0.173648
vn 0.448015 -0.073418 -0.891007
vn 0.580048 -0.095055 -0.809017
vn 0.697799 -0.114352 -0.707107
vn 0.798368 -0.130832 -0.587785
vn 0.879278 -0.144091 -0.453990
vn 0.938538 -0.153803 -0.309017
vn 0.971845 -0.159261 -0.173648
vt 6.283185 3.141593
vt 6.283185 2.967060
vt 6.283185 2.792527
vt 6.283185 2.617994
vt 6.283185 2.443461
vt 6.283185 2.268928
vt 6.283185 2.094395
vt 6.283185 1.919862
vt 6.283185 1.745329
vt 6.283185 1.570796
vt 5.795892 3.141593
vt 5.958323 3.141593
vt 6.120754 3.141593
vt 5.795892 2.356194
vt 5.795892 2.513274
vt 5.795892 2.670354
vt 5.795892 2.827433
vt 5.795892 2.984513
vt 5.795892 1.570796
vt 5.795892 1.727876
vt 5.795892 1.884956
vt 5.795892 2.042035
vt 5.795892 2.199115
vt 6.120754 1.570796
vt 5.958323 1.570796
vt 5.958323 1.727876
vt 5.958323 1.884956
vt 5.958323 2.042035
vt 5.958323 2.199115
vt 5.958323 2.356194
vt 5.958323 2.513274
vt 5.958323 2.670354
vt 6.120754 1.727876
vt 5.958323 2.827433
vt 6.120754 1.884956
vt 5.958323 2.967060
vt 6.120754 2.042035
vt 6.120754 2.199115
vt 6.120754 2.356194
vt 6.120754 2.513274
vt 6.120754 2.670354
vt 6.120754 2.827433
vt 6.120754 2.967060
f 2994/2994/2994 3000/3000/3000 2993/2993/2993
f 3008/3008/3008 3001/3001/3001 3002/3002/3002
f 3008/3008/3008 3007/3007/3007 3001/3001/3001
f 3009/3009/3009 3002/3002/3002 3003/3003/3003
f 3009/3009/3009 3008/3008/3008 3002/3002/3002
f 3010/3010/3010 3003/3003/3003 3004/3004/3004
f 3010/3010/3010 3009/3009/3009 3003/3003/3003
f 3011/3011/3011 3004/3004/3004 3005/3005/3005
f 3011/3011/3011 3010/3010/3010 3004/3004/3004
f 3012/3012/3012 3005/3005/3005 2996/2996/2996
f 3012/3012/3012 3011/3011/3011 3005/3005/3005
f 3013/3013/3013 2996/2996/2996 2997/2997/2997
f 3013/3013/3013 3012/3012/3012 2996/2996/2996
f 3014/3014/3014 2997/2997/2997 2998/2998/2998
f 3014/3014/3014 3013/3013/3013 2997/2997/2997
f 3015/3015/3015 2991/2991/2991 2992/2992/2992
f 3015/3015/3015 2992/2992/2992 3006/3006/3006
f 3015/3015/3015 3006/3006/3006 3007/3007/3007
f 3015/3015/3015 3007/3007/3007 3008/3008/3008
f 3016/3016/3016 2998/2998/2998 2999/2999/2999
f 3016/3016/3016 3014/3014/3014 2998/2998/2998
f 3017/3017/3017 2990/2990/2990 2991/2991/2991
f 3017/3017/3017 3015/3015/3015 3008/3008/3008
f 3017/3017/3017 3008/3008/3008 3009/3009/3009
f 3017/3017/3017 2991/2991/2991 3015/3015/3015
f 3018/3018/3018 2999/2999/2999 3000/3000/3000
f 3018/3018/3018 3000/3000/3000 2994/2994/2994
f 3018/3018/3018 3016/3016/3016 2999/2999/2999
f 3019/3019/3019 2989/2989/2989 2990/2990/2990
f 3019/3019/3019 2990/2990/2990 3017/3017/3017
f 3019/3019/3019 3017/3017/3017 3009/3009/3009
f 3019/3019/3019 3009/3009/3009 3010/3010/3010
f 3020/3020/3020 2988/2988/2988 2989/2989/2989
f 3020/3020/3020 3010/3010/3010 3011/3011/3011
f 3020/3020/3020 2989/2989/2989 3019/3019/3019
f 3020/3020/3020 3019/3019/3019 3010/3010/3010
f 3021/3021/3021 2987/2987/2987 2988/2988/2988
f 3021/3021/3021 3011/3011/3011 3012/3012/3012
f 3021/3021/3021 2988/2988/2988 3020/3020/3020
f 3021/3021/3021 3020/3020/3020 3011/3011/3011
f 3022/3022/3022 2986/2986/2986 2987/2987/2987
f 3022/3022/3022 3012/3012/3012 3013/3013/3013
f 3022/3022/3022 3021/3021/3021 3012/3012/3012
f 3022/3022/3022 2987/2987/2987 3021/3021/3021
f 3023/3023/3023 2985/2985/2985 2986/2986/2986
f 3023/3023/3023 3013/3013/3013 3014/3014/3014
f 3023/3023/3023 3022/3022/3022 3013/3013/3013
f 3023/3023/3023 2986/2986/2986 3022/3022/3022
f 3024/3024/3024 2984/2984/2984 2985/2985/2985
f 3024/3024/3024 3014/3014/3014 3016/3016/3016
f 3024/3024/3024 3023/3023/3023 3014/3014/3014
f 3024/3024/3024 2985/2985/2985 3023/3023/3023
f 3025/3025/3025 2983/2983/2983 2984/2984/2984
f 3025/3025/3025 2994/2994/2994 2995/2995/2995
f 3025/3025/3025 2995/2995/2995 2983/2983/2983
f 3025/3025/3025 3018/3018/3018 2994/2994/2994
f 3025/3025/3025 3016/3016/3016 3018/3018/3018
f 3025/3025/3025 2984/2984/2984 3024/3024/3024
f 3025/3025/3025 3024/3024/3024 3016/3016/3016
v 4.625000 3.250000 0.349931
v 4.626899 3.250000 0.371637
v 4.632538 3.250000 0.392683
v 4.641747 3.250000 0.412431
v 4.654244 3.250000 0.430279
v 4.669652 3.250000 0.445686
v 4.687500 3.250000 0.458184
v 4.707247 3.250000 0.467392
v 4.728294 3.250000 0.473032
v 4.750000 3.250000 0.474931
v 4.749402 3.282342 0.474931
v 4.749734 3.271564 0.474931
v 4.749934 3.260783 0.474931
v 4.729861 3.281619 0.473392
v 4.710801 3.280914 0.468813
v 4.692692 3.280245 0.461307
v 4.675979 3.279626 0.451058
v 4.661074 3.279075 0.438319
v 4.648344 3.278604 0.423404
v 4.638103 3.278225 0.406680
v 4.630601 3.277948 0.388558
v 4.626025 3.277779 0.369485
v 4.624487 3.277722 0.349931
v 4.624943 3.259243 0.349931
v 4.624772 3.268484 0.349931
v 4.730381 3.260542 0.473392
v 4.730186 3.271082 0.473392
v 4.711309 3.260307 0.468813
v 4.711119 3.270612 0.468813
v 4.693189 3.260084 0.461307
v 4.693003 3.270166 0.461307
v 4.676466 3.259877 0.451058
v 4.676283 3.269753 0.451058
v 4.661552 3.259694 0.438319
v 4.661373 3.269386 0.438319
v 4.648814 3.259537 0.423404
v 4.648638 3.269072 0.423404
v 4.638566 3.259410 0.406680
v 4.638392 3.268819 0.406680
v 4.631061 3.259318 0.388558
v 4.630888 3.268634 0.388558
v 4.626842 3.259266 0.371637
v 4.626671 3.268530 0.371637
vn 1.000000 0.000000 -0.000000
vn 0.984808 0.000000 -0.173648
vn 0.939693 0.000000 -0.342020
vn 0.866025 0.000000 -0.500000
vn 0.766044 0.000000 -0.642788
vn 0.642788 0.000000 -0.766044
vn 0.500000 0.000000 -0.866025
vn 0.342020 0.000000 -0.939693
vn 0.173648 0.000000 -0.984808
vn -0.000000 -0.000000 -1.000000
vn -0.000000 -0.000000 -1.000000
vn -0.000000 -0.000000 -1.000000
vn -0.000000 -0.000000 -1.000000
vn 0.156328 0.005782 -0.987688
vn 0.308806 0.011422 -0.951057
vn 0.453680 0.016781 -0.891007
vn 0.587384 0.021726 -0.809017
vn 0.706624 0.026136 -0.707107
vn 0.808464 0.029903 -0.587785
vn 0.890398 0.032934 -0.453990
vn 0.950407 0.035153 -0.309017
vn 0.987013 0.036507 -0.156434
vn 0.999317 0.036962 -0.000000
vn 0.999924 0.012323 -0.000000
vn 0.999696 0.024645 -0.000000
vn 0.156423 0.001928 -0.987688
vn 0.156387 0.003855 -0.987688
vn 0.308994 0.003808 -0.951057
vn 0.308923 0.007616 -0.951057
vn 0.453956 0.005595 -0.891007
vn 0.453853 0.011188 -0.891007
vn 0.587741 0.007243 -0.809017
vn 0.587607 0.014486 -0.809017
vn 0.707053 0.008714 -0.707107
vn 0.706892 0.017426 -0.707107
vn 0.808956 0.009970 -0.587785
vn 0.808771 0.019938 -0.587785
vn 0.890939 0.010980 -0.453990
vn 0.890736 0.021959 -0.453990
vn 0.950984 0.011720 -0.309017
vn 0.950768 0.023439 -0.309017
vn 0.984733 0.012136 -0.173648
vn 0.984509 0.024270 -0.173648
vt 0.000000 3.141593
vt 0.000000 2.967060
vt 0.000000 2.792527
vt 0.000000 2.617994
vt 0.000000 2.443461
vt 0.000000 2.268928
vt 0.000000 2.094395
vt 0.000000 1.919862
vt 0.000000 1.745329
vt 0.000000 1.570796
vt 0.036971 1.570796
vt 0.024647 1.570796
vt 0.012324 1.570796
vt 0.036971 1.727876
vt 0.036971 1.884956
vt 0.036971 2.042035
vt 0.036971 2.199115
vt 0.036971 2.356194
vt 0.036971 2.513274
vt 0.036971 2.670354
vt 0.036971 2.827433
vt 0.036971 2.984513
vt 0.036971 3.141593
vt 0.012324 3.141593
vt 0.024647 3.141593
vt 0.012324 1.727876
vt 0.024647 1.727876
vt 0.012324 1.884956
vt 0.024647 1.884956
vt 0.012324 2.042035
vt 0.024647 2.042035
vt 0.012324 2.199115
vt 0.024647 2.199115
vt 0.012324 2.356194
vt 0.024647 2.356194
vt 0.012324 2.513274
vt 0.024647 2.513274
vt 0.012324 2.670354
vt 0.024647 2.670354
vt 0.012324 2.827433
vt 0.024647 2.827433
vt 0.012324 2.967060
vt 0.024647 2.967060
f 3039/3039/3039 3036/3036/3036 3037/3037/3037
f 3048/3048/3048 3047/3047/3047 3050/3050/3050
f 3051/3051/3051 3035/3035/3035 3034/3034/3034
f 3051/3051/3051 3038/3038/3038 3035/3035/3035
f 3052/3052/3052 3037/3037/3037 3038/3038/3038
f 3052/3052/3052 3039/3039/3039 3037/3037/3037
f 3052/3052/3052 3038/3038/3038 3051/3051/3051
f 3053/3053/3053 3034/3034/3034 3033/3033/3033
f 3053/3053/3053 3051/3051/3051 3034/3034/3034
f 3054/3054/3054 3040/3040/3040 3039/3039/3039
f 3054/3054/3054 3039/3039/3039 3052/3052/3052
f 3054/3054/3054 3052/3052/3052 3051/3051/3051
f 3054/3054/3054 3051/3051/3051 3053/3053/3053
f 3055/3055/3055 3033/3033/3033 3032/3032/3032
f 3055/3055/3055 3053/3053/3053 3033/3033/3033
f 3056/3056/3056 3041/3041/3041 3040/3040/3040
f 3056/3056/3056 3054/3054/3054 3053/3053/3053
f 3056/3056/3056 3040/3040/3040 3054/3054/3054
f 3056/3056/3056 3053/3053/3053 3055/3055/3055
f 3057/3057/3057 3032/3032/3032 3031/3031/3031
f 3057/3057/3057 3055/3055/3055 3032/3032/3032
f 3058/3058/3058 3042/3042/3042 3041/3041/3041
f 3058/3058/3058 3041/3041/3041 3056/3056/3056
f 3058/3058/3058 3056/3056/3056 3055/3055/3055
f 3058/3058/3058 3055/3055/3055 3057/3057/3057
f 3059/3059/3059 3031/3031/3031 3030/3030/3030
f 3059/3059/3059 3057/3057/3057 3031/3031/3031
f 3060/3060/3060 3043/3043/3043 3042/3042/3042
f 3060/3060/3060 3057/3057/3057 3059/3059/3059
f 3060/3060/3060 3042/3042/3042 3058/3058/3058
f 3060/3060/3060 3058/3058/3058 3057/3057/3057
f 3061/3061/3061 3030/3030/3030 3029/3029/3029
f 3061/3061/3061 3059/3059/3059 3030/3030/3030
f 3062/3062/3062 3044/3044/3044 3043/3043/3043
f 3062/3062/3062 3060/3060/3060 3059/3059/3059
f 3062/3062/3062 3043/3043/3043 3060/3060/3060
f 3062/3062/3062 3059/3059/3059 3061/3061/3061
f 3063/3063/3063 3029/3029/3029 3028/3028/3028
f 3063/3063/3063 3061/3061/3061 3029/3029/3029
f 3064/3064/3064 3045/3045/3045 3044/3044/3044
f 3064/3064/3064 3044/3044/3044 3062/3062/3062
f 3064/3064/3064 3062/3062/3062 3061/3061/3061
f 3064/3064/3064 3061/3061/3061 3063/3063/3063
f 3065/3065/3065 3028/3028/3028 3027/3027/3027
f 3065/3065/3065 3063/3063/3063 3028/3028/3028
f 3066/3066/3066 3046/3046/3046 3045/3045/3045
f 3066/3066/3066 3045/3045/3045 3064/3064/3064
f 3066/3066/3066 3064/3064/3064 3063/3063/3063
f 3066/3066/3066 3063/3063/3063 3065/3065/3065
f 3067/3067/3067 3027/3027/3027 3026/3026/3026
f 3067/3067/3067 3026/3026/3026 3049/3049/3049
f 3067/3067/3067 3065/3065/3065 3027/3027/3027
f 3068/3068/3068 3047/3047/3047 3046/3046/3046
f 3068/3068/3068 3049/3049/3049 3050/3050/3050
f 3068/3068/3068 3046/3046/3046 3066/3066/3066
f 3068/3068/3068 3067/3067/3067 3049/3049/3049
f 3068/3068/3068 3050/3050/3050 3047/3047/3047
f 3068/3068/3068 3066/3066/3066 3065/3065/3065
f 3068/3068/3068 3065/3065/3065 3067/3067/3067
v 4.615288 3.453870 1.349931
v 4.632118 3.441425 1.349931
v 4.650789 3.431962 1.349931
v 4.670778 3.425748 1.349931
v 4.580226 3.505257 1.349931
v 4.588973 3.486240 1.349931
v 4.600771 3.468950 1.349931
v 4.581012 3.503076 1.383459
v 4.583225 3.496810 1.415726
v 4.586632 3.486805 1.446459
v 4.591007 3.473234 1.475513
v 4.596051 3.456354 1.502373
v 4.601282 3.437088 1.526046
v 4.606476 3.415626 1.546795
v 4.611503 3.391645 1.564826
v 4.615943 3.366110 1.579210
v 4.619609 3.339653 1.589879
v 4.622479 3.311424 1.596983
v 4.623654 3.294755 1.599142
v 4.624487 3.277722 1.599931
v 4.626025 3.277779 1.580377
v 4.630601 3.277948 1.561304
v 4.638103 3.278225 1.543182
v 4.648344 3.278604 1.526458
v 4.661074 3.279075 1.511542
v 4.675979 3.279626 1.498804
v 4.692692 3.280245 1.488555
v 4.710801 3.280914 1.481049
v 4.729861 3.281619 1.476470
v 4.749402 3.282342 1.474931
v 4.744475 3.300035 1.473835
v 4.738260 3.317505 1.470586
v 4.731086 3.334271 1.465465
v 4.722860 3.350751 1.458321
v 4.714117 3.366122 1.449428
v 4.705277 3.380141 1.439065
v 4.696513 3.392900 1.427125
v 4.688216 3.404140 1.413561
v 4.681118 3.413227 1.398911
v 4.676089 3.419415 1.384994
v 4.672807 3.423352 1.371655
v 4.671323 3.425107 1.360858
v 4.631926 3.433279 1.405100
v 4.641317 3.402936 1.453970
v 4.709105 3.350779 1.460724
v 4.590862 3.477612 1.428233
v 4.603415 3.437077 1.493776
v 4.652195 3.356636 1.490951
v 4.716019 3.299408 1.477939
v 4.617357 3.377759 1.541219
v 4.659902 3.299418 1.510151
v 4.627214 3.304452 1.565764
vn 0.659804 0.751438 -0.000000
vn 0.525162 0.851002 0.000000
vn 0.375794 0.926703 0.000000
vn 0.215888 0.976418 0.000000
vn 0.940301 0.340343 -0.000000
vn 0.870325 0.492477 -0.000000
vn 0.775944 0.630802 -0.000000
vn 0.941353 0.337422 0.000026
vn 0.944301 0.329083 -0.000006
vn 0.948876 0.315650 0.000203
vn 0.954735 0.297459 0.000187
vn 0.961313 0.275457 -0.000378
vn 0.968360 0.249558 -0.000097
vn 0.975485 0.220064 0.000571
vn 0.981931 0.189237 -0.000193
vn 0.987829 0.155545 -0.000303
vn 0.992992 0.118184 0.000372
vn 0.996560 0.082870 -0.000137
vn 0.998236 0.059374 0.000023
vn 0.999317 0.036962 -0.000000
vn 0.987013 0.036507 0.156436
vn 0.950406 0.035153 0.309018
vn 0.890397 0.032934 0.453991
vn 0.808464 0.029903 0.587786
vn 0.706624 0.026136 0.707107
vn 0.587385 0.021726 0.809016
vn 0.453684 0.016781 0.891005
vn 0.308810 0.011422 0.951055
vn 0.156331 0.005782 0.987688
vn -0.000000 -0.000000 1.000000
vn 0.024221 0.127594 0.991531
vn 0.048839 0.251800 0.966546
vn 0.071294 0.380678 0.921955
vn 0.096744 0.486388 0.868370
vn 0.120430 0.589087 0.799045
vn 0.140571 0.689086 0.710915
vn 0.160398 0.773532 0.613124
vn 0.180630 0.838787 0.513624
vn 0.195488 0.897020 0.396409
vn 0.204666 0.939121 0.275979
vn 0.211919 0.961401 0.175494
vn 0.214839 0.972743 0.087262
vn 0.572504 0.785618 0.234613
vn 0.611113 0.660695 0.435917
vn 0.203710 0.502637 0.840154
vn 0.901009 0.430961 0.049550
vn 0.914328 0.387562 0.117475
vn 0.658985 0.455780 0.598334
vn 0.250577 0.150073 0.956394
vn 0.937685 0.286799 0.196194
vn 0.699512 0.149995 0.698702
vn 0.961014 0.109726 0.253797
vt -0.000000 -0.208173
vt -0.167652 -0.208173
vt -0.335304 -0.208173
vt -0.502956 -0.208173
vt 0.502956 -0.208173
vt 0.335304 -0.208173
vt 0.167652 -0.208173
vt 0.506042 -0.191349
vt 0.514645 -0.174528
vt 0.527680 -0.157691
vt 0.544150 -0.140869
vt 0.562800 -0.124090
vt 0.581794 -0.107245
vt 0.600209 -0.090350
vt 0.617627 -0.073616
vt 0.632496 -0.056815
vt 0.644022 -0.039857
vt 0.651906 -0.023178
vt 0.654384 -0.013112
vt 0.655241 -0.003142
vt 0.498162 -0.003142
vt 0.341083 -0.003142
vt 0.184004 -0.003142
vt 0.026924 -0.003142
vt -0.130155 -0.003142
vt -0.287232 -0.003142
vt -0.444310 -0.003142
vt -0.601387 -0.003142
vt -0.758465 -0.003142
vt -0.915542 -0.003142
vt -0.884214 -0.020153
vt -0.848016 -0.037061
vt -0.808530 -0.054821
vt -0.765184 -0.071372
vt -0.720375 -0.088250
vt -0.675883 -0.105870
vt -0.632163 -0.123083
vt -0.590938 -0.139523
vt -0.555254 -0.156607
vt -0.529881 -0.172588
vt -0.513341 -0.185998
vt -0.505596 -0.197160
vt -0.130151 -0.164475
vt -0.130151 -0.119822
vt -0.653745 -0.072575
vt 0.393444 -0.164475
vt 0.393444 -0.119822
vt -0.130151 -0.072575
vt -0.653745 -0.021248
vt 0.393444 -0.072575
vt -0.130151 -0.021248
vt 0.393444 -0.021248
f 3071/3071/3071 3110/3110/3110 3072/3072/3072
f 3109/3109/3109 3110/3110/3110 3071/3071/3071
f 3070/3070/3070 3109/3109/3109 3071/3071/3071
f 3076/3076/3076 3074/3074/3074 3073/3073/3073
f 3076/3076/3076 3075/3075/3075 3074/3074/3074
f 3097/3097/3097 3098/3098/3098 3099/3099/3099
f 3088/3088/3088 3089/3089/3089 3087/3087/3087
f 3111/3111/3111 3070/3070/3070 3069/3069/3069
f 3111/3111/3111 3069/3069/3069 3075/3075/3075
f 3111/3111/3111 3106/3106/3106 3107/3107/3107
f 3111/3111/3111 3107/3107/3107 3108/3108/3108
f 3111/3111/3111 3108/3108/3108 3109/3109/3109
f 3111/3111/3111 3109/3109/3109 3070/3070/3070
f 3112/3112/3112 3104/3104/3104 3105/3105/3105
f 3112/3112/3112 3105/3105/3105 3106/3106/3106
f 3112/3112/3112 3106/3106/3106 3111/3111/3111
f 3113/3113/3113 3101/3101/3101 3102/3102/3102
f 3113/3113/3113 3102/3102/3102 3103/3103/3103
f 3114/3114/3114 3076/3076/3076 3077/3077/3077
f 3114/3114/3114 3077/3077/3077 3078/3078/3078
f 3114/3114/3114 3078/3078/3078 3079/3079/3079
f 3114/3114/3114 3111/3111/3111 3075/3075/3075
f 3114/3114/3114 3075/3075/3075 3076/3076/3076
f 3115/3115/3115 3079/3079/3079 3080/3080/3080
f 3115/3115/3115 3080/3080/3080 3081/3081/3081
f 3115/3115/3115 3081/3081/3081 3082/3082/3082
f 3115/3115/3115 3114/3114/3114 3079/3079/3079
f 3115/3115/3115 3111/3111/3111 3114/3114/3114
f 3115/3115/3115 3112/3112/3112 3111/3111/3111
f 3116/3116/3116 3104/3104/3104 3112/3112/3112
f 3116/3116/3116 3103/3103/3103 3104/3104/3104
f 3116/3116/3116 3113/3113/3113 3103/3103/3103
f 3117/3117/3117 3095/3095/3095 3096/3096/3096
f 3117/3117/3117 3096/3096/3096 3097/3097/3097
f 3117/3117/3117 3099/3099/3099 3100/3100/3100
f 3117/3117/3117 3100/3100/3100 3101/3101/3101
f 3117/3117/3117 3101/3101/3101 3113/3113/3113
f 3117/3117/3117 3097/3097/3097 3099/3099/3099
f 3118/3118/3118 3082/3082/3082 3083/3083/3083
f 3118/3118/3118 3083/3083/3083 3084/3084/3084
f 3118/3118/3118 3115/3115/3115 3082/3082/3082
f 3118/3118/3118 3116/3116/3116 3112/3112/3112
f 3118/3118/3118 3112/3112/3112 3115/3115/3115
f 3119/3119/3119 3117/3117/3117 3113/3113/3113
f 3119/3119/3119 3095/3095/3095 3117/3117/3117
f 3119/3119/3119 3091/3091/3091 3092/3092/3092
f 3119/3119/3119 3092/3092/3092 3093/3093/3093
f 3119/3119/3119 3093/3093/3093 3094/3094/3094
f 3119/3119/3119 3094/3094/3094 3095/3095/3095
f 3119/3119/3119 3113/3113/3113 3116/3116/3116
f 3120/3120/3120 3084/3084/3084 3085/3085/3085
f 3120/3120/3120 3116/3116/3116 3118/3118/3118
f 3120/3120/3120 3085/3085/3085 3086/3086/3086
f 3120/3120/3120 3086/3086/3086 3087/3087/3087
f 3120/3120/3120 3089/3089/3089 3090/3090/3090
f 3120/3120/3120 3090/3090/3090 3091/3091/3091
f 3120/3120/3120 3087/3087/3087 3089/3089/3089
f 3120/3120/3120 3118/3118/3118 3084/3084/3084
f 3120/3120/3120 3119/3119/3119 3116/3116/3116
f 3120/3120/3120 3091/3091/3091 3119/3119/3119
v 4.624487 3.277722 0.349931
v 4.622846 3.306800 0.352123
v 4.620120 3.335263 0.358620
v 4.616528 3.362342 0.368862
v 4.612059 3.388720 0.383153
v 4.607046 3.413075 0.400936
v 4.601794 3.435091 0.421658
v 4.596450 3.454958 0.445545
v 4.591295 3.472307 0.472674
v 4.586824 3.486227 0.501967
v 4.583318 3.496543 0.533109
v 4.581035 3.503011 0.565885
v 4.580226 3.505257 0.599931
v 4.615288 3.453870 0.599931
v 4.600771 3.468950 0.599931
v 4.588973 3.486240 0.599931
v 4.670778 3.425748 0.599931
v 4.650789 3.431962 0.599931
v 4.632118 3.441425 0.599931
v 4.671622 3.424754 0.586143
v 4.673638 3.422363 0.574200
v 4.676563 3.418841 0.563313
v 4.680162 3.414419 0.553251
v 4.686226 3.406734 0.540028
v 4.694054 3.396302 0.526503
v 4.702479 3.384321 0.514407
v 4.711249 3.370832 0.503619
v 4.722784 3.350895 0.491613
v 4.734530 3.326612 0.481773
v 4.743007 3.304519 0.476657
v 4.749402 3.282342 0.474931
v 4.729861 3.281619 0.473392
v 4.710801 3.280914 0.468813
v 4.692692 3.280245 0.461307
v 4.675979 3.279626 0.451058
v 4.661074 3.279075 0.438319
v 4.648344 3.278604 0.423404
v 4.638103 3.278225 0.406680
v 4.630601 3.277948 0.388558
v 4.626025 3.277779 0.369485
v 4.713150 3.326064 0.478222
v 4.656717 3.329012 0.446705
v 4.704401 3.372718 0.503829
v 4.623117 3.342560 0.393094
v 4.646842 3.381604 0.475640
v 4.636131 3.420415 0.519276
v 4.610537 3.409575 0.429965
v 4.629143 3.441272 0.572002
v 4.596577 3.460126 0.486946
v 4.586962 3.488817 0.559884
vn 0.999317 0.036962 -0.000000
vn 0.997169 0.075188 -0.000058
vn 0.993611 0.112859 -0.000210
vn 0.988546 0.150917 0.000448
vn 0.982837 0.184476 -0.000222
vn 0.976210 0.216827 -0.000438
vn 0.968995 0.247081 0.000266
vn 0.961850 0.273576 0.000315
vn 0.955137 0.296164 -0.000297
vn 0.949129 0.314888 -0.000173
vn 0.944424 0.328731 0.000016
vn 0.941384 0.337336 -0.000026
vn 0.940301 0.340343 -0.000000
vn 0.659804 0.751438 -0.000000
vn 0.775944 0.630802 -0.000000
vn 0.870325 0.492478 -0.000000
vn 0.215888 0.976418 -0.000000
vn 0.375794 0.926703 -0.000000
vn 0.525162 0.851002 -0.000000
vn 0.214032 0.971110 -0.105528
vn 0.210801 0.953907 -0.213598
vn 0.203462 0.936204 -0.286574
vn 0.197787 0.903458 -0.380322
vn 0.183144 0.860901 -0.474667
vn 0.166096 0.794719 -0.583809
vn 0.148441 0.711601 -0.686723
vn 0.127750 0.620168 -0.773997
vn 0.096924 0.487566 -0.867690
vn 0.061693 0.317169 -0.946360
vn 0.029622 0.169977 -0.985003
vn -0.000000 0.000000 -1.000000
vn 0.156330 0.005782 -0.987688
vn 0.308808 0.011422 -0.951056
vn 0.453682 0.016781 -0.891006
vn 0.587384 0.021726 -0.809016
vn 0.706624 0.026136 -0.707107
vn 0.808464 0.029903 -0.587786
vn 0.890397 0.032934 -0.453992
vn 0.950406 0.035153 -0.309020
vn 0.987013 0.036507 -0.156437
vn 0.230232 0.340060 -0.911785
vn 0.681694 0.316478 -0.659648
vn 0.174116 0.640926 -0.747594
vn 0.950497 0.208097 -0.230761
vn 0.634593 0.569841 -0.522085
vn 0.589787 0.732665 -0.339637
vn 0.925033 0.346069 -0.156685
vn 0.560828 0.819198 -0.119943
vn 0.906218 0.414980 -0.080997
vn 0.898275 0.438832 -0.023003
vt 0.785393 -0.207596
vt 0.782912 -0.190565
vt 0.775697 -0.173549
vt 0.764548 -0.156372
vt 0.749682 -0.139422
vt 0.732382 -0.122397
vt 0.713775 -0.105275
vt 0.694395 -0.088225
vt 0.675353 -0.071222
vt 0.658580 -0.054163
vt 0.645154 -0.037101
vt 0.636287 -0.020054
vt 0.633109 -0.003003
vt 0.130155 -0.003003
vt 0.297806 -0.003003
vt 0.465458 -0.003003
vt -0.372802 -0.003003
vt -0.205150 -0.003003
vt -0.037498 -0.003003
vt -0.376993 -0.016518
vt -0.387358 -0.029747
vt -0.402147 -0.040006
vt -0.420370 -0.052114
vt -0.450743 -0.066215
vt -0.489758 -0.083004
vt -0.531737 -0.100301
vt -0.575783 -0.117208
vt -0.634632 -0.139341
vt -0.697035 -0.164623
vt -0.745204 -0.185535
vt -0.785393 -0.207596
vt -0.628314 -0.207596
vt -0.471236 -0.207596
vt -0.314157 -0.207596
vt -0.157079 -0.207596
vt 0.000000 -0.207596
vt 0.157079 -0.207596
vt 0.314157 -0.207596
vt 0.471236 -0.207596
vt 0.628314 -0.207596
vt -0.523595 -0.163337
vt 0.000000 -0.163337
vt -0.523595 -0.114211
vt 0.523595 -0.163337
vt 0.000000 -0.114211
vt 0.000000 -0.068589
vt 0.523595 -0.114211
vt 0.000000 -0.024711
vt 0.523595 -0.068589
vt 0.523595 -0.024711
f 3150/3150/3150 3151/3151/3151 3152/3152/3152
f 3153/3153/3153 3150/3150/3150 3152/3152/3152
f 3122/3122/3122 3159/3159/3159 3160/3160/3160
f 3122/3122/3122 3160/3160/3160 3121/3121/3121
f 3138/3138/3138 3137/3137/3137 3140/3140/3140
f 3133/3133/3133 3136/3136/3136 3132/3132/3132
f 3161/3161/3161 3148/3148/3148 3149/3149/3149
f 3161/3161/3161 3149/3149/3149 3150/3150/3150
f 3161/3161/3161 3153/3153/3153 3154/3154/3154
f 3161/3161/3161 3150/3150/3150 3153/3153/3153
f 3162/3162/3162 3154/3154/3154 3155/3155/3155
f 3162/3162/3162 3155/3155/3155 3156/3156/3156
f 3162/3162/3162 3156/3156/3156 3157/3157/3157
f 3162/3162/3162 3157/3157/3157 3158/3158/3158
f 3162/3162/3162 3148/3148/3148 3161/3161/3161
f 3162/3162/3162 3161/3161/3161 3154/3154/3154
f 3163/3163/3163 3146/3146/3146 3147/3147/3147
f 3163/3163/3163 3147/3147/3147 3148/3148/3148
f 3164/3164/3164 3122/3122/3122 3123/3123/3123
f 3164/3164/3164 3123/3123/3123 3124/3124/3124
f 3164/3164/3164 3124/3124/3124 3125/3125/3125
f 3164/3164/3164 3158/3158/3158 3159/3159/3159
f 3164/3164/3164 3162/3162/3162 3158/3158/3158
f 3164/3164/3164 3159/3159/3159 3122/3122/3122
f 3165/3165/3165 3145/3145/3145 3146/3146/3146
f 3165/3165/3165 3146/3146/3146 3163/3163/3163
f 3165/3165/3165 3163/3163/3163 3148/3148/3148
f 3165/3165/3165 3148/3148/3148 3162/3162/3162
f 3166/3166/3166 3142/3142/3142 3143/3143/3143
f 3166/3166/3166 3143/3143/3143 3144/3144/3144
f 3166/3166/3166 3144/3144/3144 3145/3145/3145
f 3166/3166/3166 3145/3145/3145 3165/3165/3165
f 3167/3167/3167 3162/3162/3162 3164/3164/3164
f 3167/3167/3167 3125/3125/3125 3126/3126/3126
f 3167/3167/3167 3126/3126/3126 3127/3127/3127
f 3167/3167/3167 3127/3127/3127 3128/3128/3128
f 3167/3167/3167 3165/3165/3165 3162/3162/3162
f 3167/3167/3167 3164/3164/3164 3125/3125/3125
f 3168/3168/3168 3135/3135/3135 3134/3134/3134
f 3168/3168/3168 3139/3139/3139 3138/3138/3138
f 3168/3168/3168 3134/3134/3134 3139/3139/3139
f 3168/3168/3168 3140/3140/3140 3141/3141/3141
f 3168/3168/3168 3141/3141/3141 3142/3142/3142
f 3168/3168/3168 3142/3142/3142 3166/3166/3166
f 3168/3168/3168 3138/3138/3138 3140/3140/3140
f 3169/3169/3169 3167/3167/3167 3128/3128/3128
f 3169/3169/3169 3128/3128/3128 3129/3129/3129
f 3169/3169/3169 3129/3129/3129 3130/3130/3130
f 3169/3169/3169 3130/3130/3130 3131/3131/3131
f 3169/3169/3169 3166/3166/3166 3165/3165/3165
f 3169/3169/3169 3165/3165/3165 3167/3167/3167
f 3170/3170/3170 3131/3131/3131 3132/3132/3132
f 3170/3170/3170 3136/3136/3136 3135/3135/3135
f 3170/3170/3170 3132/3132/3132 3136/3136/3136
f 3170/3170/3170 3168/3168/3168 3166/3166/3166
f 3170/3170/3170 3166/3166/3166 3169/3169/3169
f 3170/3170/3170 3169/3169/3169 3131/3131/3131
f 3170/3170/3170 3135/3135/3135 3168/3168/3168
v 4.670778 3.425748 1.349931
v 4.670778 3.425748 0.599931
v 4.650789 3.431962 0.599931
v 4.632118 3.441425 0.599931
v 4.615288 3.453870 0.599931
v 4.600771 3.468950 0.599931
v 4.588973 3.486240 0.599931
v 4.580226 3.505257 0.599931
v 4.580226 3.505257 1.349931
v 4.588973 3.486240 1.349931
v 4.600771 3.468950 1.349931
v 4.615288 3.453870 1.349931
v 4.632118 3.441425 1.349931
v 4.650789 3.431962 1.349931
v 4.650789 3.431962 0.787431
v 4.615288 3.453870 0.787431
v 4.650789 3.431962 0.974931
v 4.615288 3.453870 0.974931
v 4.650789 3.431962 1.162431
v 4.615288 3.453870 1.162431
v 4.588973 3.486240 1.162431
vn 0.215888 0.976418 -0.000000
vn 0.215888 0.976418 -0.000000
vn 0.375794 0.926703 -0.000000
vn 0.525162 0.851002 -0.000000
vn 0.659804 0.751438 -0.000000
vn 0.775944 0.630802 -0.000000
vn 0.870325 0.492477 -0.000000
vn 0.940302 0.340342 -0.000000
vn 0.940302 0.340342 -0.000000
vn 0.870325 0.492477 -0.000000
vn 0.775944 0.630802 -0.000000
vn 0.659804 0.751438 -0.000000
vn 0.525162 0.851002 -0.000000
vn 0.375794 0.926703 -0.000000
vn 0.375794 0.926703 -0.000000
vn 0.659804 0.751438 -0.000000
vn 0.375794 0.926703 -0.000000
vn 0.659804 0.751438 -0.000000
vn 0.375794 0.926703 -0.000000
vn 0.659804 0.751438 -0.000000
vn 0.870325 0.492477 -0.000000
vt -0.502957 -0.125000
vt -0.502957 -0.875000
vt -0.335304 -0.875000
vt -0.167652 -0.875000
vt -0.000000 -0.875000
vt 0.167652 -0.875000
vt 0.335304 -0.875000
vt 0.502957 -0.875000
vt 0.502957 -0.125000
vt 0.335304 -0.125000
vt 0.167652 -0.125000
vt -0.000000 -0.125000
vt -0.167652 -0.125000
vt -0.335304 -0.125000
vt -0.335304 -0.687500
vt -0.000000 -0.687500
vt -0.335304 -0.500000
vt -0.000000 -0.500000
vt -0.335304 -0.312500
vt -0.000000 -0.312500
vt 0.335304 -0.312500
f 3185/3185/3185 3172/3172/3172 3173/3173/3173
f 3185/3185/3185 3173/3173/3173 3174/3174/3174
f 3186/3186/3186 3174/3174/3174 3175/3175/3175
f 3186/3186/3186 3175/3175/3175 3176/3176/3176
f 3186/3186/3186 3176/3176/3176 3177/3177/3177
f 3186/3186/3186 3177/3177/3177 3178/3178/3178
f 3186/3186/3186 3185/3185/3185 3174/3174/3174
f 3187/3187/3187 3171/3171/3171 3172/3172/3172
f 3187/3187/3187 3172/3172/3172 3185/3185/3185
f 3188/3188/3188 3186/3186/3186 3178/3178/3178
f 3188/3188/3188 3187/3187/3187 3185/3185/3185
f 3188/3188/3188 3185/3185/3185 3186/3186/3186
f 3189/3189/3189 3183/3183/3183 3184/3184/3184
f 3189/3189/3189 3184/3184/3184 3171/3171/3171
f 3189/3189/3189 3171/3171/3171 3187/3187/3187
f 3190/3190/3190 3181/3181/3181 3182/3182/3182
f 3190/3190/3190 3182/3182/3182 3183/3183/3183
f 3190/3190/3190 3187/3187/3187 3188/3188/3188
f 3190/3190/3190 3183/3183/3183 3189/3189/3189
f 3190/3190/3190 3189/3189/3189 3187/3187/3187
f 3191/3191/3191 3178/3178/3178 3179/3179/3179
f 3191/3191/3191 3179/3179/3179 3180/3180/3180
f 3191/3191/3191 3180/3180/3180 3181/3181/3181
f 3191/3191/3191 3181/3181/3181 3190/3190/3190
f 3191/3191/3191 3190/3190/3190 3188/3188/3188
f 3191/3191/3191 3188/3188/3188 3178/3178/3178
v 7.380960 3.419582 1.349931
v 7.379667 3.419115 1.364978
v 7.376545 3.417957 1.377979
v 7.372078 3.416229 1.389777
v 7.366494 3.413937 1.400694
v 7.357330 3.409855 1.414710
v 7.345172 3.403723 1.429277
v 7.332139 3.396072 1.441973
v 7.318788 3.386827 1.452850
v 7.305367 3.375625 1.461958
v 7.292981 3.362758 1.468693
v 7.287706 3.356321 1.471043
v 7.283184 3.350056 1.472699
v 7.276880 3.339868 1.474346
v 7.271589 3.329497 1.474931
v 6.963032 3.566373 1.349931
v 6.744943 3.610901 1.349931
v 6.511762 3.624929 1.349931
v 6.259749 3.597860 1.349931
v 5.476443 3.406207 1.349931
v 5.259027 3.375270 1.349931
v 4.985720 3.376539 1.349931
v 4.832513 3.395074 1.349931
v 4.670778 3.425748 1.349931
v 4.749402 3.282342 1.474931
v 4.744475 3.300035 1.473835
v 4.738260 3.317505 1.470586
v 4.731086 3.334271 1.465465
v 4.722860 3.350751 1.458321
v 4.714117 3.366122 1.449428
v 4.705277 3.380141 1.439065
v 4.696513 3.392900 1.427125
v 4.688216 3.404140 1.413561
v 4.681118 3.413227 1.398911
v 4.676089 3.419415 1.384994
v 4.672807 3.423352 1.371655
v 4.671323 3.425107 1.360858
v 5.105289 3.245545 1.474931
v 5.401736 3.266185 1.474931
v 5.755415 3.343906 1.474931
v 6.283905 3.475167 1.474931
v 6.487754 3.499066 1.474931
v 6.699018 3.490816 1.474931
v 6.926619 3.446699 1.474931
v 7.104582 3.392382 1.474931
v 4.713895 3.412199 1.382301
v 4.711385 3.399953 1.412463
v 4.707393 3.380472 1.438358
v 4.994630 3.282778 1.470695
v 5.292235 3.373975 1.382301
v 5.300983 3.285933 1.470695
v 5.895618 3.415114 1.470695
v 4.781069 3.386467 1.412546
v 4.775702 3.354973 1.448987
v 4.785707 3.381300 1.419429
v 4.789777 3.375882 1.425915
v 4.793336 3.370015 1.432246
v 4.916909 3.373968 1.397792
v 5.001217 3.371010 1.382301
v 5.000287 3.358543 1.412463
v 4.916068 3.366778 1.412463
v 5.050848 3.309637 1.458177
v 4.998806 3.338711 1.438358
v 4.996877 3.312869 1.458221
v 5.050173 3.294979 1.465414
v 5.276323 3.367210 1.397792
v 5.293471 3.361534 1.412463
v 5.295437 3.341746 1.438358
v 5.203233 3.294704 1.465414
v 5.297999 3.315959 1.458221
v 5.184355 3.334599 1.438296
v 5.345611 3.321383 1.458170
v 5.388558 3.360964 1.430265
v 5.347461 3.306828 1.465409
v 5.536773 3.355040 1.458166
v 5.675257 3.442349 1.397792
v 5.699001 3.420477 1.438328
v 5.605898 3.397316 1.438313
v 5.818440 3.410326 1.465423
v 5.887671 3.444222 1.458221
v 5.880847 3.469220 1.438358
v 6.062220 3.544883 1.397792
v 6.079365 3.479421 1.465448
v 7.225889 3.404873 1.462932
v 7.218809 3.398984 1.466396
v 7.146284 3.474415 1.435383
v 4.814299 3.389801 1.393898
v 4.836944 3.331176 1.458166
v 4.955056 3.330187 1.449139
v 5.052238 3.364586 1.392679
v 5.121238 3.341094 1.430272
v 5.190678 3.363882 1.392679
v 5.113510 3.298249 1.463203
v 5.221811 3.363332 1.397751
v 5.431457 3.390090 1.392675
v 5.435869 3.361375 1.438287
v 5.454653 3.392351 1.397745
v 5.394392 3.318464 1.463196
v 5.418736 3.317309 1.465389
v 5.503264 3.394661 1.412415
v 5.537976 3.409507 1.397762
v 5.679303 3.373594 1.465411
v 5.745451 3.432677 1.438336
v 5.726235 3.385672 1.465415
v 6.069183 3.518685 1.438358
v 6.134472 3.534398 1.438358
v 6.194475 3.575527 1.397792
v 6.261908 3.588768 1.397792
v 6.209338 3.509399 1.465448
v 6.316043 3.597801 1.397761
v 6.267227 3.562137 1.438358
v 6.342464 3.548059 1.458198
v 6.374382 3.578355 1.438310
v 6.418490 3.602873 1.412424
v 6.274927 3.522238 1.465448
v 6.504666 3.615085 1.397761
v 6.498243 3.587817 1.438310
v 6.432332 3.543451 1.465409
v 6.562172 3.615478 1.397768
v 6.568144 3.562451 1.458181
v 6.611079 3.586858 1.438321
v 6.655715 3.603867 1.412433
v 6.492630 3.547088 1.465409
v 6.735914 3.602585 1.397768
v 6.724691 3.576717 1.438321
v 6.656899 3.543174 1.465418
v 6.797596 3.593152 1.397782
v 6.795952 3.539595 1.458196
v 6.845553 3.556500 1.438343
v 6.886290 3.568093 1.412451
v 6.712076 3.537424 1.465418
v 6.959474 3.557620 1.397782
v 6.951387 3.531692 1.438343
v 6.888318 3.505538 1.465435
v 7.006852 3.544554 1.397773
v 7.005659 3.489684 1.458200
v 7.044522 3.505037 1.438329
v 6.939904 3.492726 1.465435
v 7.058878 3.529764 1.395872
v 7.076578 3.452277 1.465424
v 7.126692 3.437309 1.464624
v 7.266838 3.456323 1.395872
v 6.200530 3.549059 1.438358
v 7.248591 3.436589 1.435383
vn 0.387486 0.921875 0.000000
vn 0.384502 0.915248 0.120326
vn 0.377057 0.898640 0.224219
vn 0.366200 0.874321 0.318529
vn 0.352411 0.843270 0.405836
vn 0.328847 0.789755 0.517829
vn 0.295970 0.714210 0.634276
vn 0.258058 0.625873 0.735996
vn 0.215604 0.525526 0.823005
vn 0.168017 0.411469 0.895803
vn 0.117503 0.288870 0.950130
vn 0.093395 0.229928 0.968716
vn 0.070731 0.174313 0.982147
vn 0.035155 0.086732 0.995611
vn 0.000260 0.000642 1.000000
vn 0.255813 0.966726 -0.000000
vn 0.136725 0.990609 0.000000
vn -0.022084 0.999756 0.000000
vn -0.178126 0.984008 0.000000
vn -0.195550 0.980694 0.000000
vn -0.077701 0.996977 0.000000
vn 0.084562 0.996418 0.000000
vn 0.151936 0.988390 0.000000
vn 0.216156 0.976359 0.000000
vn 0.000155 0.000849 1.000000
vn 0.024354 0.130426 0.991159
vn 0.048960 0.256340 0.965346
vn 0.073206 0.374666 0.924265
vn 0.097545 0.488509 0.867089
vn 0.120484 0.593064 0.796090
vn 0.141149 0.686578 0.713224
vn 0.161250 0.769870 0.617494
vn 0.179540 0.841751 0.509138
vn 0.194776 0.899155 0.391897
vn 0.205301 0.937626 0.280551
vn 0.212022 0.961698 0.173734
vn 0.215099 0.972671 0.087428
vn 0.000007 0.000525 1.000000
vn -0.000111 0.000726 1.000000
vn -0.000035 0.000134 1.000000
vn 0.000157 -0.000873 1.000000
vn -0.000009 0.000197 1.000000
vn -0.000006 -0.000048 1.000000
vn -0.000138 -0.000529 1.000000
vn -0.000072 -0.000207 1.000000
vn 0.193914 0.946222 0.258962
vn 0.173836 0.848248 0.500256
vn 0.141897 0.692402 0.707421
vn 0.019630 0.257343 0.966121
vn -0.094222 0.961280 0.258966
vn -0.025162 0.256870 0.966118
vn -0.067976 0.248992 0.966117
vn 0.150713 0.852254 0.500948
vn 0.106144 0.600594 0.792477
vn 0.142621 0.818846 0.556013
vn 0.134426 0.782554 0.607898
vn 0.125845 0.741940 0.658550
vn 0.107851 0.917485 0.382869
vn 0.073452 0.963087 0.258975
vn 0.065848 0.863358 0.500277
vn 0.101093 0.859969 0.500234
vn 0.022956 0.499547 0.865983
vn 0.053751 0.704726 0.707440
vn 0.037987 0.498020 0.866333
vn 0.017565 0.382296 0.923873
vn -0.080971 0.920240 0.382886
vn -0.084458 0.861745 0.500263
vn -0.068931 0.703417 0.707427
vn -0.016131 0.382407 0.923853
vn -0.048704 0.497100 0.866325
vn -0.022695 0.706957 0.706893
vn -0.062592 0.496230 0.865932
vn -0.116318 0.757232 0.642705
vn -0.047903 0.379784 0.923834
vn -0.105999 0.488925 0.865862
vn -0.228679 0.895031 0.382916
vn -0.177171 0.684448 0.707207
vn -0.163776 0.687930 0.707057
vn -0.099942 0.369292 0.923924
vn -0.131549 0.481853 0.866321
vn -0.186147 0.681840 0.707421
vn -0.222762 0.896642 0.382636
vn -0.091854 0.371118 0.924031
vn 0.153494 0.399298 0.903881
vn 0.130000 0.339393 0.931618
vn 0.241861 0.688881 0.683334
vn 0.149206 0.924126 0.351751
vn 0.073070 0.494888 0.865879
vn 0.059499 0.605435 0.793667
vn 0.043801 0.938677 0.342005
vn 0.003895 0.766089 0.642722
vn -0.034214 0.939092 0.341960
vn 0.003963 0.422875 0.906179
vn -0.050767 0.922544 0.382538
vn -0.164961 0.925123 0.341957
vn -0.123977 0.696410 0.706854
vn -0.171757 0.907848 0.382508
vn -0.064081 0.418108 0.906134
vn -0.062715 0.378007 0.923676
vn -0.176807 0.847876 0.499845
vn -0.199204 0.902173 0.382625
vn -0.093825 0.371075 0.923851
vn -0.181941 0.683160 0.707241
vn -0.096976 0.370189 0.923881
vn -0.170229 0.686266 0.707150
vn -0.159995 0.688413 0.707452
vn -0.190430 0.903840 0.383158
vn -0.164328 0.908921 0.383221
vn -0.078396 0.373662 0.924246
vn -0.138581 0.913346 0.382877
vn -0.125554 0.695186 0.707780
vn -0.069804 0.494690 0.866262
vn -0.083263 0.702194 0.707100
vn -0.075692 0.862818 0.499815
vn -0.067789 0.375670 0.924271
vn -0.025233 0.923690 0.382309
vn -0.023065 0.707146 0.706692
vn -0.031411 0.381671 0.923764
vn 0.012554 0.923933 0.382349
vn 0.009346 0.500347 0.865775
vn 0.034833 0.706529 0.706827
vn 0.068823 0.863386 0.499828
vn -0.014553 0.382851 0.923696
vn 0.121863 0.915766 0.382781
vn 0.089937 0.701278 0.707192
vn 0.032271 0.381431 0.923834
vn 0.156790 0.910321 0.383056
vn 0.087169 0.491864 0.866297
vn 0.141489 0.692257 0.707645
vn 0.190407 0.844521 0.500529
vn 0.046910 0.379725 0.923909
vn 0.235746 0.893144 0.383038
vn 0.179844 0.683395 0.707550
vn 0.087078 0.371935 0.924166
vn 0.255282 0.887841 0.382844
vn 0.140770 0.479459 0.866200
vn 0.208474 0.675620 0.707160
vn 0.096930 0.369572 0.924133
vn 0.276659 0.887923 0.367495
vn 0.119244 0.363624 0.923882
vn 0.130967 0.375712 0.917435
vn 0.337921 0.866543 0.367305
vn -0.145396 0.691377 0.707713
vn 0.263626 0.680842 0.683342
vt -0.785398 -0.690038
vt -0.664793 -0.690866
vt -0.559278 -0.692853
vt -0.461241 -0.695680
vt -0.367518 -0.699176
vt -0.241079 -0.704828
vt -0.098282 -0.712121
vt 0.041820 -0.719642
vt 0.181393 -0.726945
vt 0.324955 -0.733732
vt 0.468358 -0.739247
vt 0.534693 -0.741308
vt 0.596224 -0.742846
vt 0.691712 -0.744541
vt 0.784705 -0.745396
vt -0.785398 -1.049430
vt -0.785398 -1.223563
vt -0.785398 -1.404213
vt -0.785398 -1.602607
vt -0.785398 -2.277007
vt -0.785398 -2.478107
vt -0.785398 -2.722528
vt -0.785398 -2.863859
vt -0.785398 -3.005538
vt 0.784534 -2.917283
vt 0.652316 -2.923875
vt 0.521352 -2.931574
vt 0.393693 -2.940023
vt 0.263921 -2.949368
vt 0.135406 -2.959080
vt 0.008688 -2.968724
vt -0.119846 -2.978198
vt -0.251215 -2.987075
vt -0.382706 -2.994632
vt -0.501030 -2.999949
vt -0.610778 -3.003407
vt -0.697858 -3.004966
vt 0.784873 -2.611912
vt 0.784663 -2.364634
vt 0.785260 -2.060155
vt 0.786286 -1.601029
vt 0.785201 -1.427109
vt 0.785447 -1.247872
vt 0.785945 -1.053289
vt 0.785617 -0.896358
vt -0.523451 -2.967033
vt -0.261503 -2.967033
vt 0.000444 -2.967033
vt 0.524339 -2.707838
vt -0.523451 -2.448643
vt 0.524339 -2.448643
vt 0.524339 -1.930253
vt -0.260738 -2.906613
vt 0.129423 -2.906436
vt -0.195852 -2.901941
vt -0.132023 -2.897717
vt -0.066541 -2.893867
vt -0.392477 -2.785848
vt -0.523451 -2.707838
vt -0.261503 -2.707838
vt -0.261503 -2.785848
vt 0.261685 -2.659875
vt 0.000444 -2.707838
vt 0.262391 -2.707838
vt 0.392659 -2.659875
vt -0.392477 -2.463375
vt -0.261503 -2.448643
vt 0.000444 -2.448643
vt 0.392659 -2.530277
vt 0.262391 -2.448643
vt -0.000262 -2.545010
vt 0.261580 -2.406638
vt -0.087413 -2.363428
vt 0.392554 -2.406638
vt 0.261508 -2.233932
vt -0.392477 -2.103630
vt 0.000102 -2.089138
vt -0.000069 -2.168581
vt 0.392852 -1.995204
vt 0.262391 -1.930253
vt 0.000444 -1.930253
vt -0.392477 -1.766430
vt 0.393365 -1.765641
vt 0.343668 -0.804240
vt 0.413718 -0.808000
vt -0.032688 -0.885970
vt -0.425970 -2.878863
vt 0.261516 -2.851565
vt 0.131418 -2.746843
vt -0.436370 -2.660907
vt -0.087343 -2.599286
vt -0.436370 -2.538696
vt 0.348765 -2.605599
vt -0.392830 -2.511558
vt -0.436405 -2.320218
vt -0.000367 -2.320821
vt -0.392883 -2.298914
vt 0.348625 -2.364031
vt 0.392148 -2.342727
vt -0.261945 -2.255470
vt -0.392734 -2.222794
vt 0.392595 -2.114368
vt 0.000187 -2.049417
vt 0.392681 -2.074647
vt 0.000444 -1.766035
vt 0.000444 -1.711296
vt -0.392477 -1.656952
vt -0.392477 -1.602212
vt 0.393365 -1.656163
vt -0.392748 -1.558732
vt 0.000444 -1.601818
vt 0.262030 -1.543582
vt -0.000099 -1.514858
vt -0.261865 -1.477976
vt 0.393365 -1.601424
vt -0.392748 -1.409937
vt -0.000099 -1.415661
vt 0.392551 -1.470984
vt -0.392687 -1.365128
vt 0.261750 -1.359731
vt 0.000024 -1.326043
vt -0.261783 -1.291883
vt 0.392551 -1.421385
vt -0.392687 -1.229641
vt 0.000024 -1.235718
vt 0.392735 -1.286957
vt -0.392562 -1.180995
vt 0.261998 -1.174908
vt 0.000273 -1.138426
vt -0.261617 -1.108761
vt 0.392735 -1.241795
vt -0.392562 -1.050395
vt 0.000273 -1.051360
vt 0.393109 -1.095858
vt -0.392644 -1.011162
vt 0.262055 -0.999692
vt 0.000110 -0.972894
vt 0.393109 -1.052324
vt -0.409043 -0.967700
vt 0.392863 -0.934626
vt 0.376465 -0.891164
vt -0.409043 -0.788004
vt 0.000444 -1.656557
vt -0.032688 -0.796122
f 3237/3237/3237 3214/3214/3214 3215/3215/3215
f 3237/3237/3237 3226/3226/3226 3225/3225/3225
f 3237/3237/3237 3227/3227/3227 3226/3226/3226
f 3237/3237/3237 3228/3228/3228 3227/3227/3227
f 3237/3237/3237 3215/3215/3215 3228/3228/3228
f 3238/3238/3238 3237/3237/3237 3225/3225/3225
f 3238/3238/3238 3224/3224/3224 3223/3223/3223
f 3238/3238/3238 3225/3225/3225 3224/3224/3224
f 3239/3239/3239 3222/3222/3222 3221/3221/3221
f 3239/3239/3239 3223/3223/3223 3222/3222/3222
f 3239/3239/3239 3238/3238/3238 3223/3223/3223
f 3240/3240/3240 3216/3216/3216 3229/3229/3229
f 3241/3241/3241 3211/3211/3211 3212/3212/3212
f 3242/3242/3242 3229/3229/3229 3230/3230/3230
f 3243/3243/3243 3231/3231/3231 3232/3232/3232
f 3244/3244/3244 3237/3237/3237 3238/3238/3238
f 3244/3244/3244 3239/3239/3239 3221/3221/3221
f 3244/3244/3244 3238/3238/3238 3239/3239/3239
f 3245/3245/3245 3218/3218/3218 3217/3217/3217
f 3245/3245/3245 3219/3219/3219 3218/3218/3218
f 3245/3245/3245 3220/3220/3220 3219/3219/3219
f 3245/3245/3245 3221/3221/3221 3220/3220/3220
f 3245/3245/3245 3244/3244/3244 3221/3221/3221
f 3245/3245/3245 3246/3246/3246 3244/3244/3244
f 3245/3245/3245 3247/3247/3247 3246/3246/3246
f 3245/3245/3245 3248/3248/3248 3247/3247/3247
f 3249/3249/3249 3213/3213/3213 3214/3214/3214
f 3249/3249/3249 3250/3250/3250 3213/3213/3213
f 3249/3249/3249 3251/3251/3251 3250/3250/3250
f 3252/3252/3252 3251/3251/3251 3249/3249/3249
f 3253/3253/3253 3254/3254/3254 3255/3255/3255
f 3256/3256/3256 3253/3253/3253 3255/3255/3255
f 3256/3256/3256 3240/3240/3240 3229/3229/3229
f 3256/3256/3256 3255/3255/3255 3240/3240/3240
f 3257/3257/3257 3241/3241/3241 3212/3212/3212
f 3257/3257/3257 3258/3258/3258 3241/3241/3241
f 3257/3257/3257 3259/3259/3259 3258/3258/3258
f 3260/3260/3260 3261/3261/3261 3259/3259/3259
f 3260/3260/3260 3259/3259/3259 3262/3262/3262
f 3260/3260/3260 3229/3229/3229 3242/3242/3242
f 3260/3260/3260 3242/3242/3242 3261/3261/3261
f 3263/3263/3263 3259/3259/3259 3261/3261/3261
f 3263/3263/3263 3258/3258/3258 3259/3259/3259
f 3264/3264/3264 3241/3241/3241 3258/3258/3258
f 3264/3264/3264 3258/3258/3258 3263/3263/3263
f 3265/3265/3265 3263/3263/3263 3261/3261/3261
f 3265/3265/3265 3242/3242/3242 3230/3230/3230
f 3265/3265/3265 3261/3261/3261 3242/3242/3242
f 3266/3266/3266 3230/3230/3230 3231/3231/3231
f 3267/3267/3267 3210/3210/3210 3211/3211/3211
f 3268/3268/3268 3267/3267/3267 3269/3269/3269
f 3270/3270/3270 3271/3271/3271 3272/3272/3272
f 3270/3270/3270 3243/3243/3243 3271/3271/3271
f 3270/3270/3270 3231/3231/3231 3243/3243/3243
f 3273/3273/3273 3210/3210/3210 3267/3267/3267
f 3273/3273/3273 3267/3267/3267 3272/3272/3272
f 3274/3274/3274 3271/3271/3271 3243/3243/3243
f 3274/3274/3274 3243/3243/3243 3232/3232/3232
f 3275/3275/3275 3202/3202/3202 3201/3201/3201
f 3275/3275/3275 3203/3203/3203 3202/3202/3202
f 3275/3275/3275 3204/3204/3204 3203/3203/3203
f 3276/3276/3276 3205/3205/3205 3204/3204/3204
f 3276/3276/3276 3206/3206/3206 3205/3205/3205
f 3276/3276/3276 3204/3204/3204 3275/3275/3275
f 3276/3276/3276 3236/3236/3236 3206/3206/3206
f 3276/3276/3276 3275/3275/3275 3277/3277/3277
f 3278/3278/3278 3214/3214/3214 3237/3237/3237
f 3278/3278/3278 3249/3249/3249 3214/3214/3214
f 3278/3278/3278 3244/3244/3244 3246/3246/3246
f 3278/3278/3278 3246/3246/3246 3247/3247/3247
f 3278/3278/3278 3252/3252/3252 3249/3249/3249
f 3278/3278/3278 3237/3237/3237 3244/3244/3244
f 3278/3278/3278 3247/3247/3247 3248/3248/3248
f 3279/3279/3279 3217/3217/3217 3216/3216/3216
f 3279/3279/3279 3245/3245/3245 3217/3217/3217
f 3279/3279/3279 3216/3216/3216 3240/3240/3240
f 3279/3279/3279 3248/3248/3248 3245/3245/3245
f 3279/3279/3279 3252/3252/3252 3278/3278/3278
f 3279/3279/3279 3278/3278/3278 3248/3248/3248
f 3280/3280/3280 3255/3255/3255 3254/3254/3254
f 3280/3280/3280 3279/3279/3279 3240/3240/3240
f 3280/3280/3280 3240/3240/3240 3255/3255/3255
f 3280/3280/3280 3254/3254/3254 3251/3251/3251
f 3280/3280/3280 3251/3251/3251 3252/3252/3252
f 3280/3280/3280 3252/3252/3252 3279/3279/3279
f 3281/3281/3281 3212/3212/3212 3213/3213/3213
f 3281/3281/3281 3251/3251/3251 3254/3254/3254
f 3281/3281/3281 3213/3213/3213 3250/3250/3250
f 3281/3281/3281 3254/3254/3254 3253/3253/3253
f 3281/3281/3281 3250/3250/3250 3251/3251/3251
f 3281/3281/3281 3253/3253/3253 3282/3282/3282
f 3283/3283/3283 3282/3282/3282 3262/3262/3262
f 3283/3283/3283 3281/3281/3281 3282/3282/3282
f 3283/3283/3283 3212/3212/3212 3281/3281/3281
f 3284/3284/3284 3253/3253/3253 3256/3256/3256
f 3284/3284/3284 3256/3256/3256 3229/3229/3229
f 3284/3284/3284 3262/3262/3262 3282/3282/3282
f 3284/3284/3284 3260/3260/3260 3262/3262/3262
f 3284/3284/3284 3229/3229/3229 3260/3260/3260
f 3284/3284/3284 3282/3282/3282 3253/3253/3253
f 3285/3285/3285 3283/3283/3283 3262/3262/3262
f 3285/3285/3285 3262/3262/3262 3259/3259/3259
f 3285/3285/3285 3257/3257/3257 3212/3212/3212
f 3285/3285/3285 3259/3259/3259 3257/3257/3257
f 3285/3285/3285 3212/3212/3212 3283/3283/3283
f 3286/3286/3286 3211/3211/3211 3241/3241/3241
f 3286/3286/3286 3241/3241/3241 3264/3264/3264
f 3286/3286/3286 3264/3264/3264 3287/3287/3287
f 3288/3288/3288 3211/3211/3211 3286/3286/3286
f 3288/3288/3288 3286/3286/3286 3287/3287/3287
f 3289/3289/3289 3263/3263/3263 3265/3265/3265
f 3289/3289/3289 3264/3264/3264 3263/3263/3263
f 3289/3289/3289 3265/3265/3265 3230/3230/3230
f 3290/3290/3290 3230/3230/3230 3266/3266/3266
f 3290/3290/3290 3287/3287/3287 3264/3264/3264
f 3290/3290/3290 3266/3266/3266 3287/3287/3287
f 3290/3290/3290 3264/3264/3264 3289/3289/3289
f 3290/3290/3290 3289/3289/3289 3230/3230/3230
f 3291/3291/3291 3211/3211/3211 3288/3288/3288
f 3291/3291/3291 3287/3287/3287 3266/3266/3266
f 3291/3291/3291 3288/3288/3288 3287/3287/3287
f 3292/3292/3292 3211/3211/3211 3291/3291/3291
f 3292/3292/3292 3267/3267/3267 3211/3211/3211
f 3292/3292/3292 3266/3266/3266 3269/3269/3269
f 3292/3292/3292 3269/3269/3269 3267/3267/3267
f 3292/3292/3292 3291/3291/3291 3266/3266/3266
f 3293/3293/3293 3266/3266/3266 3231/3231/3231
f 3293/3293/3293 3269/3269/3269 3266/3266/3266
f 3293/3293/3293 3268/3268/3268 3269/3269/3269
f 3294/3294/3294 3270/3270/3270 3272/3272/3272
f 3294/3294/3294 3272/3272/3272 3267/3267/3267
f 3294/3294/3294 3267/3267/3267 3268/3268/3268
f 3295/3295/3295 3293/3293/3293 3231/3231/3231
f 3295/3295/3295 3268/3268/3268 3293/3293/3293
f 3295/3295/3295 3294/3294/3294 3268/3268/3268
f 3295/3295/3295 3270/3270/3270 3294/3294/3294
f 3295/3295/3295 3231/3231/3231 3270/3270/3270
f 3296/3296/3296 3271/3271/3271 3274/3274/3274
f 3296/3296/3296 3272/3272/3272 3271/3271/3271
f 3296/3296/3296 3297/3297/3297 3273/3273/3273
f 3296/3296/3296 3274/3274/3274 3297/3297/3297
f 3296/3296/3296 3273/3273/3273 3272/3272/3272
f 3298/3298/3298 3273/3273/3273 3297/3297/3297
f 3298/3298/3298 3210/3210/3210 3273/3273/3273
f 3299/3299/3299 3210/3210/3210 3298/3298/3298
f 3300/3300/3300 3274/3274/3274 3232/3232/3232
f 3300/3300/3300 3297/3297/3297 3274/3274/3274
f 3301/3301/3301 3299/3299/3299 3302/3302/3302
f 3301/3301/3301 3302/3302/3302 3303/3303/3303
f 3301/3301/3301 3303/3303/3303 3304/3304/3304
f 3301/3301/3301 3210/3210/3210 3299/3299/3299
f 3301/3301/3301 3209/3209/3209 3210/3210/3210
f 3301/3301/3301 3304/3304/3304 3305/3305/3305
f 3301/3301/3301 3305/3305/3305 3209/3209/3209
f 3306/3306/3306 3300/3300/3300 3232/3232/3232
f 3306/3306/3306 3303/3303/3303 3302/3302/3302
f 3306/3306/3306 3232/3232/3232 3303/3303/3303
f 3306/3306/3306 3302/3302/3302 3300/3300/3300
f 3307/3307/3307 3209/3209/3209 3305/3305/3305
f 3307/3307/3307 3305/3305/3305 3308/3308/3308
f 3309/3309/3309 3303/3303/3303 3232/3232/3232
f 3309/3309/3309 3304/3304/3304 3303/3303/3303
f 3309/3309/3309 3305/3305/3305 3304/3304/3304
f 3309/3309/3309 3308/3308/3308 3305/3305/3305
f 3309/3309/3309 3232/3232/3232 3233/3233/3233
f 3310/3310/3310 3208/3208/3208 3209/3209/3209
f 3310/3310/3310 3209/3209/3209 3307/3307/3307
f 3310/3310/3310 3308/3308/3308 3311/3311/3311
f 3310/3310/3310 3311/3311/3311 3312/3312/3312
f 3310/3310/3310 3307/3307/3307 3308/3308/3308
f 3310/3310/3310 3312/3312/3312 3313/3313/3313
f 3310/3310/3310 3313/3313/3313 3208/3208/3208
f 3314/3314/3314 3311/3311/3311 3308/3308/3308
f 3314/3314/3314 3233/3233/3233 3311/3311/3311
f 3314/3314/3314 3308/3308/3308 3309/3309/3309
f 3314/3314/3314 3309/3309/3309 3233/3233/3233
f 3315/3315/3315 3208/3208/3208 3313/3313/3313
f 3315/3315/3315 3313/3313/3313 3316/3316/3316
f 3317/3317/3317 3311/3311/3311 3233/3233/3233
f 3317/3317/3317 3312/3312/3312 3311/3311/3311
f 3317/3317/3317 3313/3313/3313 3312/3312/3312
f 3317/3317/3317 3316/3316/3316 3313/3313/3313
f 3317/3317/3317 3233/3233/3233 3234/3234/3234
f 3318/3318/3318 3208/3208/3208 3315/3315/3315
f 3318/3318/3318 3207/3207/3207 3208/3208/3208
f 3318/3318/3318 3316/3316/3316 3319/3319/3319
f 3318/3318/3318 3315/3315/3315 3316/3316/3316
f 3318/3318/3318 3319/3319/3319 3320/3320/3320
f 3318/3318/3318 3321/3321/3321 3207/3207/3207
f 3318/3318/3318 3320/3320/3320 3321/3321/3321
f 3322/3322/3322 3319/3319/3319 3316/3316/3316
f 3322/3322/3322 3234/3234/3234 3319/3319/3319
f 3322/3322/3322 3317/3317/3317 3234/3234/3234
f 3322/3322/3322 3316/3316/3316 3317/3317/3317
f 3323/3323/3323 3207/3207/3207 3321/3321/3321
f 3323/3323/3323 3321/3321/3321 3324/3324/3324
f 3325/3325/3325 3319/3319/3319 3234/3234/3234
f 3325/3325/3325 3320/3320/3320 3319/3319/3319
f 3325/3325/3325 3234/3234/3234 3235/3235/3235
f 3325/3325/3325 3321/3321/3321 3320/3320/3320
f 3325/3325/3325 3324/3324/3324 3321/3321/3321
f 3326/3326/3326 3323/3323/3323 3324/3324/3324
f 3326/3326/3326 3327/3327/3327 3328/3328/3328
f 3326/3326/3326 3324/3324/3324 3327/3327/3327
f 3326/3326/3326 3207/3207/3207 3323/3323/3323
f 3329/3329/3329 3327/3327/3327 3324/3324/3324
f 3329/3329/3329 3235/3235/3235 3327/3327/3327
f 3329/3329/3329 3325/3325/3325 3235/3235/3235
f 3329/3329/3329 3324/3324/3324 3325/3325/3325
f 3330/3330/3330 3328/3328/3328 3277/3277/3277
f 3330/3330/3330 3326/3326/3326 3328/3328/3328
f 3330/3330/3330 3207/3207/3207 3326/3326/3326
f 3331/3331/3331 3235/3235/3235 3236/3236/3236
f 3331/3331/3331 3328/3328/3328 3327/3327/3327
f 3331/3331/3331 3327/3327/3327 3235/3235/3235
f 3331/3331/3331 3277/3277/3277 3328/3328/3328
f 3332/3332/3332 3331/3331/3331 3236/3236/3236
f 3332/3332/3332 3236/3236/3236 3276/3276/3276
f 3332/3332/3332 3276/3276/3276 3277/3277/3277
f 3332/3332/3332 3277/3277/3277 3331/3331/3331
f 3333/3333/3333 3193/3193/3193 3192/3192/3192
f 3333/3333/3333 3194/3194/3194 3193/3193/3193
f 3333/3333/3333 3195/3195/3195 3194/3194/3194
f 3333/3333/3333 3196/3196/3196 3195/3195/3195
f 3333/3333/3333 3197/3197/3197 3196/3196/3196
f 3333/3333/3333 3198/3198/3198 3197/3197/3197
f 3333/3333/3333 3199/3199/3199 3198/3198/3198
f 3333/3333/3333 3192/3192/3192 3207/3207/3207
f 3333/3333/3333 3207/3207/3207 3330/3330/3330
f 3333/3333/3333 3330/3330/3330 3277/3277/3277
f 3334/3334/3334 3302/3302/3302 3299/3299/3299
f 3334/3334/3334 3298/3298/3298 3297/3297/3297
f 3334/3334/3334 3299/3299/3299 3298/3298/3298
f 3334/3334/3334 3297/3297/3297 3300/3300/3300
f 3334/3334/3334 3300/3300/3300 3302/3302/3302
f 3335/3335/3335 3200/3200/3200 3199/3199/3199
f 3335/3335/3335 3201/3201/3201 3200/3200/3200
f 3335/3335/3335 3199/3199/3199 3333/3333/3333
f 3335/3335/3335 3275/3275/3275 3201/3201/3201
f 3335/3335/3335 3277/3277/3277 3275/3275/3275
f 3335/3335/3335 3333/3333/3333 3277/3277/3277
v 7.230296 3.149570 1.474931
v 6.756683 3.238101 1.474931
v 6.324708 3.256162 1.474931
v 5.942252 3.217975 1.474931
v 5.439361 3.103331 1.474931
v 5.046319 2.977607 1.474931
v 4.648153 2.840294 1.474931
v 4.704233 2.970719 1.474931
v 4.738482 3.108497 1.474931
v 4.750000 3.250000 1.474931
v 4.749934 3.260783 1.474931
v 4.749734 3.271564 1.474931
v 4.749402 3.282342 1.474931
v 5.105289 3.245545 1.474931
v 5.401736 3.266185 1.474931
v 5.755415 3.343906 1.474931
v 6.283905 3.475167 1.474931
v 6.487754 3.499066 1.474931
v 6.699018 3.490816 1.474931
v 6.926619 3.446699 1.474931
v 7.104582 3.392382 1.474931
v 7.271589 3.329497 1.474931
v 7.250709 3.271303 1.474931
v 7.236879 3.211044 1.474931
vn -0.000000 -0.000000 1.000000
vn -0.000000 -0.000000 1.000000
vn -0.000000 -0.000000 1.000000
vn -0.000000 -0.000000 1.000000
vn -0.000000 -0.000000 1.000000
vn -0.000000 -0.000000 1.000000
vn -0.000000 -0.000000 1.000000
vn -0.000000 -0.000000 1.000000
vn -0.000000 -0.000000 1.000000
vn -0.000000 -0.000000 1.000000
vn -0.000000 -0.000000 1.000000
vn -0.000000 -0.000000 1.000000
vn -0.000000 -0.000000 1.000000
vn -0.000000 -0.000000 1.000000
vn -0.000000 -0.000000 1.000000
vn -0.000000 -0.000000 1.000000
vn -0.000000 -0.000000 1.000000
vn -0.000000 -0.000000 1.000000
vn -0.000000 -0.000000 1.000000
vn -0.000000 -0.000000 1.000000
vn -0.000000 -0.000000 1.000000
vn -0.000000 -0.000000 1.000000
vn -0.000000 -0.000000 1.000000
vn -0.000000 -0.000000 1.000000
vt -3.223604 -0.475430
vt -2.749991 -0.386899
vt -2.318016 -0.368838
vt -1.935560 -0.407025
vt -1.432669 -0.521669
vt -1.039628 -0.647393
vt -0.641462 -0.784706
vt -0.697541 -0.654281
vt -0.731791 -0.516503
vt -0.743308 -0.375000
vt -0.743242 -0.364217
vt -0.743043 -0.353436
vt -0.742710 -0.342658
vt -1.098597 -0.379455
vt -1.395045 -0.358815
vt -1.748724 -0.281094
vt -2.277213 -0.149833
vt -2.481062 -0.125934
vt -2.692326 -0.134184
vt -2.919927 -0.178301
vt -3.097890 -0.232618
vt -3.264897 -0.295503
vt -3.244017 -0.353697
vt -3.230188 -0.413956
f 3356/3356/3356 3358/3358/3358 3357/3357/3357
f 3356/3356/3356 3359/3359/3359 3358/3358/3358
f 3356/3356/3356 3336/3336/3336 3359/3359/3359
f 3337/3337/3337 3336/3336/3336 3356/3356/3356
f 3355/3355/3355 3337/3337/3337 3356/3356/3356
f 3354/3354/3354 3337/3337/3337 3355/3355/3355
f 3353/3353/3353 3338/3338/3338 3337/3337/3337
f 3353/3353/3353 3337/3337/3337 3354/3354/3354
f 3352/3352/3352 3338/3338/3338 3353/3353/3353
f 3339/3339/3339 3338/3338/3338 3352/3352/3352
f 3351/3351/3351 3339/3339/3339 3352/3352/3352
f 3340/3340/3340 3339/3339/3339 3351/3351/3351
f 3350/3350/3350 3340/3340/3340 3351/3351/3351
f 3349/3349/3349 3341/3341/3341 3340/3340/3340
f 3349/3349/3349 3340/3340/3340 3350/3350/3350
f 3343/3343/3343 3342/3342/3342 3341/3341/3341
f 3344/3344/3344 3341/3341/3341 3349/3349/3349
f 3344/3344/3344 3343/3343/3343 3341/3341/3341
f 3345/3345/3345 3344/3344/3344 3349/3349/3349
f 3346/3346/3346 3345/3345/3345 3349/3349/3349
f 3347/3347/3347 3346/3346/3346 3349/3349/3349
f 3348/3348/3348 3347/3347/3347 3349/3349/3349
v 7.230296 3.149570 1.474931
v 7.233835 3.131633 1.473721
v 7.239537 3.113168 1.470384
v 7.245784 3.098126 1.466025
v 7.255000 3.080446 1.458879
v 7.266644 3.062068 1.448933
v 7.279170 3.045171 1.437070
v 7.291940 3.029977 1.423341
v 7.304080 3.016910 1.407810
v 7.314475 3.006555 1.390587
v 7.320205 3.001123 1.377003
v 7.322260 2.999217 1.370234
v 7.324179 2.997456 1.360104
v 7.324886 2.996813 1.349931
v 6.756683 3.238101 1.474931
v 6.324708 3.256162 1.474931
v 5.942252 3.217975 1.474931
v 5.439361 3.103331 1.474931
v 5.046319 2.977607 1.474931
v 4.648153 2.840294 1.474931
v 4.322238 2.632571 1.349931
v 4.322632 2.632728 1.354846
v 4.323825 2.633206 1.359919
v 4.325334 2.633812 1.363887
v 4.327186 2.634561 1.367569
v 4.330117 2.635754 1.372201
v 4.334047 2.637372 1.377149
v 4.340529 2.640084 1.383772
v 4.351477 2.644774 1.392785
v 4.370818 2.653442 1.405087
v 4.402723 2.668793 1.420725
v 4.453893 2.696295 1.439759
v 4.512833 2.732665 1.456308
v 4.569742 2.773550 1.467692
v 4.610903 2.806826 1.473000
v 4.635816 2.705693 1.349931
v 5.609231 3.020187 1.349931
v 6.098614 3.113461 1.349931
v 6.552541 3.129984 1.349931
v 6.937671 3.084249 1.349931
v 7.246326 3.054645 1.438320
v 5.701286 3.047273 1.382284
v 4.590060 2.696681 1.382284
v 4.581166 2.727788 1.438320
v 7.282865 3.017481 1.397767
v 7.092988 3.062734 1.397767
v 7.134497 3.093518 1.448861
v 7.085725 3.080745 1.425676
v 7.130589 3.103793 1.455302
v 7.081779 3.087082 1.432237
v 7.079076 3.093486 1.438320
v 6.971175 3.141638 1.458185
v 6.829253 3.111781 1.397767
v 6.803732 3.142842 1.438320
v 6.727176 3.152562 1.438320
v 6.843298 3.137070 1.438319
v 6.741321 3.191753 1.465416
v 6.733489 3.208243 1.470672
v 6.640498 3.133769 1.397767
v 6.641824 3.150031 1.426027
v 6.539497 3.183941 1.452325
v 6.380766 3.142143 1.397767
v 6.362736 3.168874 1.438320
v 6.212955 3.161370 1.438320
v 6.440777 3.169625 1.438319
v 6.267123 3.205616 1.465416
v 6.157307 3.129318 1.397767
v 6.089724 3.149278 1.438320
v 6.082607 3.189271 1.465416
v 6.025643 3.141055 1.438319
v 5.914631 3.109547 1.421628
v 5.819378 3.118502 1.449100
v 5.693934 3.078780 1.438320
v 5.813851 3.146217 1.465416
v 5.654149 3.041356 1.397767
v 5.587629 3.052396 1.438320
v 5.571079 3.089980 1.465416
v 5.532459 3.037629 1.438319
v 5.109422 2.884991 1.412427
v 4.610754 2.708158 1.397767
v 4.629929 2.734706 1.430546
v 4.637587 2.765292 1.454482
v 4.649934 2.748277 1.438296
v 4.553452 2.707686 1.424565
v 7.008151 3.078966 1.393893
v 6.951712 3.098712 1.412431
v 6.889019 3.102352 1.397766
v 6.799546 3.184359 1.465416
v 6.779902 3.186981 1.465416
v 6.545528 3.144453 1.407650
v 6.496915 3.141629 1.397766
v 6.383354 3.209846 1.465416
v 6.344050 3.208939 1.465416
v 6.095210 3.122640 1.397766
v 6.063580 3.118763 1.397766
v 5.984982 3.176181 1.465416
v 5.929167 3.157345 1.460807
v 5.600670 3.027794 1.397766
v 5.573422 3.020620 1.397766
v 5.473685 2.993032 1.397763
v 5.367522 3.017009 1.458182
v 5.330970 2.978754 1.438314
v 5.487239 3.067185 1.465416
v 5.187522 2.975362 1.465412
v 5.080748 2.923444 1.458179
v 4.951859 2.893503 1.465412
v 4.851809 2.815306 1.438314
v 4.784155 2.819366 1.458171
v 4.746061 2.750697 1.397763
v 4.714286 2.747882 1.412419
v 4.645484 2.718576 1.397751
v 4.634945 2.713374 1.392847
v 5.482220 3.023637 1.438318
v 4.683548 2.786009 1.458164
v 5.461860 3.060010 1.465415
vn 0.000007 0.000028 1.000000
vn -0.031356 -0.129132 0.991132
vn -0.063097 -0.258008 0.964080
vn -0.088578 -0.359734 0.928841
vn -0.118216 -0.475607 0.871678
vn -0.148858 -0.591793 0.792227
vn -0.176721 -0.694635 0.697318
vn -0.201476 -0.783765 0.587470
vn -0.222513 -0.857872 0.463188
vn -0.238994 -0.914896 0.325342
vn -0.247595 -0.944315 0.216715
vn -0.250557 -0.954372 0.162467
vn -0.253370 -0.963935 0.081444
vn -0.254319 -0.967120 0.000000
vn 0.000000 0.000000 1.000000
vn -0.000000 0.000000 1.000000
vn 0.000000 -0.000000 1.000000
vn 0.000000 -0.000000 1.000000
vn 0.000039 -0.000111 1.000000
vn 0.000159 -0.000502 1.000000
vn 0.142464 -0.989800 -0.000000
vn 0.142632 -0.988996 0.039275
vn 0.143135 -0.986484 0.079759
vn 0.143758 -0.983309 0.111523
vn 0.144512 -0.979411 0.140964
vn 0.145648 -0.973251 0.177678
vn 0.147150 -0.964899 0.217523
vn 0.149430 -0.951077 0.270413
vn 0.152770 -0.926989 0.342569
vn 0.157239 -0.883772 0.440708
vn 0.160569 -0.808685 0.565902
vn 0.155271 -0.677957 0.718516
vn 0.132287 -0.508224 0.851005
vn 0.091054 -0.317790 0.943779
vn 0.048843 -0.160899 0.985762
vn 0.288980 -0.957335 0.000000
vn 0.250453 -0.968129 0.000000
vn 0.116039 -0.993245 0.000000
vn -0.048965 -0.998801 -0.000000
vn -0.177816 -0.984064 0.000000
vn -0.170284 -0.686286 0.707117
vn 0.219479 -0.940659 0.258824
vn 0.265523 -0.928713 0.258824
vn 0.194374 -0.679856 0.707117
vn -0.229246 -0.894983 0.382690
vn -0.197998 -0.902411 0.382690
vn -0.134953 -0.596165 0.791438
vn -0.168747 -0.777387 0.605965
vn -0.118164 -0.524822 0.842970
vn -0.158863 -0.735666 0.658451
vn -0.148679 -0.691289 0.707117
vn -0.091844 -0.491484 0.866030
vn -0.136043 -0.913806 0.382690
vn -0.097862 -0.700299 0.707110
vn -0.079650 -0.702596 0.707117
vn -0.106189 -0.699088 0.707107
vn -0.044430 -0.380089 0.923882
vn -0.029152 -0.257149 0.965932
vn -0.075054 -0.920823 0.382690
vn -0.064450 -0.790724 0.608771
vn -0.024741 -0.573036 0.819157
vn 0.016165 -0.923735 0.382690
vn 0.016798 -0.706904 0.707110
vn 0.054143 -0.705021 0.707117
vn -0.003418 -0.707098 0.707107
vn 0.021581 -0.382068 0.923882
vn 0.089459 -0.919535 0.382690
vn 0.083066 -0.702207 0.707110
vn 0.045229 -0.379995 0.923882
vn 0.096868 -0.700440 0.707107
vn 0.140295 -0.807048 0.573578
vn 0.119051 -0.597005 0.793355
vn 0.160668 -0.688601 0.707117
vn 0.074837 -0.375288 0.923882
vn 0.221304 -0.896980 0.382690
vn 0.178948 -0.684085 0.707110
vn 0.097336 -0.370091 0.923882
vn 0.186540 -0.682058 0.707107
vn 0.284414 -0.818011 0.499966
vn 0.260776 -0.886309 0.382690
vn 0.221426 -0.731468 0.644923
vn 0.161147 -0.523876 0.836412
vn 0.209152 -0.675662 0.706921
vn 0.211895 -0.773694 0.597075
vn -0.183198 -0.918014 0.351693
vn -0.156539 -0.851758 0.500004
vn -0.151712 -0.911338 0.382683
vn -0.051811 -0.379160 0.923880
vn -0.049433 -0.379475 0.923880
vn -0.040857 -0.886068 0.461752
vn -0.025230 -0.923535 0.382683
vn 0.006185 -0.382633 0.923880
vn 0.011450 -0.382510 0.923880
vn 0.107869 -0.917560 0.382686
vn 0.116896 -0.916454 0.382683
vn 0.056456 -0.378496 0.923880
vn 0.076135 -0.455428 0.887011
vn 0.232606 -0.894117 0.382686
vn 0.237765 -0.892761 0.382683
vn 0.254279 -0.888210 0.382656
vn 0.144666 -0.478650 0.866006
vn 0.209126 -0.675518 0.707065
vn 0.103279 -0.368484 0.923880
vn 0.120457 -0.363317 0.923846
vn 0.164855 -0.472113 0.865986
vn 0.127840 -0.360785 0.923846
vn 0.232345 -0.667888 0.707065
vn 0.161219 -0.473492 0.865918
vn 0.290296 -0.877099 0.382656
vn 0.267479 -0.823740 0.499907
vn 0.270187 -0.883541 0.382562
vn 0.271768 -0.899036 0.343331
vn 0.192750 -0.680340 0.707096
vn 0.152799 -0.476369 0.865867
vn 0.104903 -0.368032 0.923877
vt 0.785427 0.746214
vt 0.652119 0.739350
vt 0.516560 0.730394
vt 0.405873 0.721592
vt 0.273218 0.709433
vt 0.129051 0.694929
vt -0.013749 0.680093
vt -0.157470 0.665547
vt -0.303810 0.652125
vt -0.454025 0.640893
vt -0.566950 0.634793
vt -0.622208 0.632617
vt -0.703863 0.630593
vt -0.785398 0.629849
vt 0.785398 1.158277
vt 0.785398 1.529134
vt 0.785398 1.862905
vt 0.785398 2.307934
vt 0.785281 2.664493
vt 0.784871 3.021052
vt -0.785398 3.329456
vt -0.746113 3.329141
vt -0.705554 3.328174
vt -0.673643 3.326953
vt -0.643963 3.325450
vt -0.606772 3.323097
vt -0.566122 3.319876
vt -0.511576 3.314592
vt -0.435748 3.305578
vt -0.329011 3.289552
vt -0.183871 3.262484
vt 0.016268 3.217410
vt 0.232497 3.162288
vt 0.448483 3.104584
vt 0.616446 3.060925
vt -0.785398 3.065675
vt -0.785398 2.186136
vt -0.785398 1.742286
vt -0.785398 1.332347
vt -0.785398 0.981239
vt 0.000014 0.711475
vt -0.523594 2.098250
vt -0.523594 3.106025
vt 0.000014 3.106025
vt -0.392692 0.670662
vt -0.392692 0.846357
vt 0.127760 0.816995
vt -0.134419 0.855817
vt 0.217383 0.822268
vt -0.066639 0.860295
vt 0.000014 0.863726
vt 0.261809 0.961910
vt -0.392692 1.078717
vt 0.000005 1.105237
vt 0.000014 1.176195
vt 0.000000 1.069758
vt 0.392706 1.167236
vt 0.523623 1.176195
vt -0.392692 1.254271
vt -0.130888 1.254271
vt 0.174541 1.345892
vt -0.392692 1.483173
vt 0.000005 1.498493
vt 0.000014 1.633999
vt 0.000000 1.430741
vt 0.392706 1.581566
vt -0.392692 1.688142
vt 0.000005 1.746397
vt 0.392706 1.748452
vt 0.000000 1.802595
vt -0.174531 1.901147
vt 0.130902 1.980578
vt 0.000014 2.098250
vt 0.392706 1.980578
vt -0.392692 2.142193
vt 0.000005 2.197440
vt 0.392706 2.203092
vt -0.000000 2.247035
vt -0.261838 2.638768
vt -0.392692 3.085850
vt -0.084476 3.063300
vt 0.205307 3.049217
vt -0.000263 3.043363
vt -0.145548 3.134156
vt -0.426019 0.920767
vt -0.261795 0.971574
vt -0.392699 1.025498
vt 0.392699 1.114017
vt 0.392701 1.131757
vt -0.305429 1.339120
vt -0.392699 1.381544
vt 0.392699 1.479937
vt 0.392701 1.513814
vt -0.392697 1.744341
vt -0.392699 1.772441
vt 0.392699 1.832750
vt 0.305433 1.882026
vt -0.392697 2.191788
vt -0.392699 2.216586
vt -0.392728 2.305726
vt 0.261760 2.386188
vt -0.000059 2.425315
vt 0.392699 2.277484
vt 0.392611 2.544904
vt 0.261721 2.651631
vt 0.392611 2.764789
vt -0.000059 2.865084
vt 0.261585 2.917073
vt -0.392728 2.965379
vt -0.261907 2.991374
vt -0.392831 3.054519
vt -0.434937 3.064487
vt -0.000015 2.291605
vt 0.261482 3.006213
vt 0.392692 2.299769
f 3382/3382/3382 3381/3381/3381 3380/3380/3380
f 3383/3383/3383 3382/3382/3382 3380/3380/3380
f 3389/3389/3389 3380/3380/3380 3390/3390/3390
f 3384/3384/3384 3383/3383/3383 3380/3380/3380
f 3385/3385/3385 3384/3384/3384 3380/3380/3380
f 3388/3388/3388 3380/3380/3380 3389/3389/3389
f 3386/3386/3386 3385/3385/3385 3380/3380/3380
f 3387/3387/3387 3380/3380/3380 3388/3388/3388
f 3387/3387/3387 3386/3386/3386 3380/3380/3380
f 3400/3400/3400 3364/3364/3364 3363/3363/3363
f 3400/3400/3400 3365/3365/3365 3364/3364/3364
f 3400/3400/3400 3366/3366/3366 3365/3365/3365
f 3401/3401/3401 3396/3396/3396 3397/3397/3397
f 3402/3402/3402 3390/3390/3390 3380/3380/3380
f 3402/3402/3402 3391/3391/3391 3390/3390/3390
f 3402/3402/3402 3380/3380/3380 3395/3395/3395
f 3403/3403/3403 3393/3393/3393 3392/3392/3392
f 3404/3404/3404 3367/3367/3367 3366/3366/3366
f 3404/3404/3404 3368/3368/3368 3367/3367/3367
f 3404/3404/3404 3369/3369/3369 3368/3368/3368
f 3404/3404/3404 3370/3370/3370 3369/3369/3369
f 3404/3404/3404 3371/3371/3371 3370/3370/3370
f 3404/3404/3404 3372/3372/3372 3371/3371/3371
f 3404/3404/3404 3373/3373/3373 3372/3372/3372
f 3404/3404/3404 3366/3366/3366 3400/3400/3400
f 3405/3405/3405 3399/3399/3399 3373/3373/3373
f 3405/3405/3405 3404/3404/3404 3400/3400/3400
f 3405/3405/3405 3373/3373/3373 3404/3404/3404
f 3406/3406/3406 3405/3405/3405 3400/3400/3400
f 3406/3406/3406 3362/3362/3362 3361/3361/3361
f 3406/3406/3406 3363/3363/3363 3362/3362/3362
f 3406/3406/3406 3400/3400/3400 3363/3363/3363
f 3407/3407/3407 3405/3405/3405 3406/3406/3406
f 3408/3408/3408 3361/3361/3361 3360/3360/3360
f 3408/3408/3408 3406/3406/3406 3361/3361/3361
f 3409/3409/3409 3407/3407/3407 3406/3406/3406
f 3410/3410/3410 3409/3409/3409 3406/3406/3406
f 3410/3410/3410 3406/3406/3406 3408/3408/3408
f 3411/3411/3411 3360/3360/3360 3374/3374/3374
f 3411/3411/3411 3410/3410/3410 3408/3408/3408
f 3411/3411/3411 3408/3408/3408 3360/3360/3360
f 3412/3412/3412 3398/3398/3398 3399/3399/3399
f 3413/3413/3413 3414/3414/3414 3412/3412/3412
f 3413/3413/3413 3412/3412/3412 3415/3415/3415
f 3416/3416/3416 3417/3417/3417 3414/3414/3414
f 3416/3416/3416 3374/3374/3374 3417/3417/3417
f 3418/3418/3418 3412/3412/3412 3414/3414/3414
f 3418/3418/3418 3398/3398/3398 3412/3412/3412
f 3419/3419/3419 3414/3414/3414 3417/3417/3417
f 3419/3419/3419 3418/3418/3418 3414/3414/3414
f 3420/3420/3420 3374/3374/3374 3375/3375/3375
f 3420/3420/3420 3417/3417/3417 3374/3374/3374
f 3420/3420/3420 3419/3419/3419 3417/3417/3417
f 3421/3421/3421 3397/3397/3397 3398/3398/3398
f 3422/3422/3422 3423/3423/3423 3421/3421/3421
f 3422/3422/3422 3421/3421/3421 3424/3424/3424
f 3425/3425/3425 3423/3423/3423 3422/3422/3422
f 3426/3426/3426 3421/3421/3421 3423/3423/3423
f 3426/3426/3426 3397/3397/3397 3421/3421/3421
f 3427/3427/3427 3426/3426/3426 3423/3423/3423
f 3428/3428/3428 3375/3375/3375 3376/3376/3376
f 3428/3428/3428 3423/3423/3423 3425/3425/3425
f 3428/3428/3428 3425/3425/3425 3375/3375/3375
f 3428/3428/3428 3427/3427/3427 3423/3423/3423
f 3429/3429/3429 3427/3427/3427 3428/3428/3428
f 3430/3430/3430 3401/3401/3401 3397/3397/3397
f 3431/3431/3431 3401/3401/3401 3430/3430/3430
f 3431/3431/3431 3432/3432/3432 3401/3401/3401
f 3433/3433/3433 3376/3376/3376 3377/3377/3377
f 3433/3433/3433 3432/3432/3432 3431/3431/3431
f 3434/3434/3434 3396/3396/3396 3401/3401/3401
f 3434/3434/3434 3401/3401/3401 3432/3432/3432
f 3435/3435/3435 3434/3434/3434 3432/3432/3432
f 3436/3436/3436 3432/3432/3432 3433/3433/3433
f 3436/3436/3436 3433/3433/3433 3377/3377/3377
f 3436/3436/3436 3435/3435/3435 3432/3432/3432
f 3437/3437/3437 3435/3435/3435 3436/3436/3436
f 3438/3438/3438 3395/3395/3395 3396/3396/3396
f 3439/3439/3439 3402/3402/3402 3395/3395/3395
f 3440/3440/3440 3403/3403/3403 3439/3439/3439
f 3441/3441/3441 3403/3403/3403 3440/3440/3440
f 3441/3441/3441 3440/3440/3440 3442/3442/3442
f 3441/3441/3441 3394/3394/3394 3393/3393/3393
f 3441/3441/3441 3393/3393/3393 3403/3403/3403
f 3443/3443/3443 3402/3402/3402 3439/3439/3439
f 3443/3443/3443 3439/3439/3439 3403/3403/3403
f 3443/3443/3443 3392/3392/3392 3391/3391/3391
f 3443/3443/3443 3403/3403/3403 3392/3392/3392
f 3443/3443/3443 3391/3391/3391 3402/3402/3402
f 3444/3444/3444 3409/3409/3409 3410/3410/3410
f 3444/3444/3444 3410/3410/3410 3411/3411/3411
f 3444/3444/3444 3405/3405/3405 3407/3407/3407
f 3444/3444/3444 3407/3407/3407 3409/3409/3409
f 3444/3444/3444 3399/3399/3399 3405/3405/3405
f 3445/3445/3445 3399/3399/3399 3444/3444/3444
f 3445/3445/3445 3444/3444/3444 3411/3411/3411
f 3446/3446/3446 3445/3445/3445 3411/3411/3411
f 3446/3446/3446 3399/3399/3399 3445/3445/3445
f 3446/3446/3446 3411/3411/3411 3415/3415/3415
f 3446/3446/3446 3415/3415/3415 3412/3412/3412
f 3446/3446/3446 3412/3412/3412 3399/3399/3399
f 3447/3447/3447 3415/3415/3415 3411/3411/3411
f 3447/3447/3447 3413/3413/3413 3415/3415/3415
f 3447/3447/3447 3411/3411/3411 3374/3374/3374
f 3448/3448/3448 3414/3414/3414 3413/3413/3413
f 3448/3448/3448 3413/3413/3413 3447/3447/3447
f 3448/3448/3448 3447/3447/3447 3374/3374/3374
f 3448/3448/3448 3416/3416/3416 3414/3414/3414
f 3448/3448/3448 3374/3374/3374 3416/3416/3416
f 3449/3449/3449 3398/3398/3398 3418/3418/3418
f 3449/3449/3449 3418/3418/3418 3419/3419/3419
f 3449/3449/3449 3419/3419/3419 3420/3420/3420
f 3450/3450/3450 3449/3449/3449 3420/3420/3420
f 3450/3450/3450 3420/3420/3420 3424/3424/3424
f 3450/3450/3450 3421/3421/3421 3398/3398/3398
f 3450/3450/3450 3424/3424/3424 3421/3421/3421
f 3450/3450/3450 3398/3398/3398 3449/3449/3449
f 3451/3451/3451 3420/3420/3420 3375/3375/3375
f 3451/3451/3451 3424/3424/3424 3420/3420/3420
f 3451/3451/3451 3422/3422/3422 3424/3424/3424
f 3452/3452/3452 3451/3451/3451 3375/3375/3375
f 3452/3452/3452 3422/3422/3422 3451/3451/3451
f 3452/3452/3452 3375/3375/3375 3425/3425/3425
f 3452/3452/3452 3425/3425/3425 3422/3422/3422
f 3453/3453/3453 3397/3397/3397 3426/3426/3426
f 3453/3453/3453 3426/3426/3426 3427/3427/3427
f 3454/3454/3454 3430/3430/3430 3397/3397/3397
f 3454/3454/3454 3453/3453/3453 3427/3427/3427
f 3454/3454/3454 3397/3397/3397 3453/3453/3453
f 3454/3454/3454 3429/3429/3429 3430/3430/3430
f 3454/3454/3454 3427/3427/3427 3429/3429/3429
f 3455/3455/3455 3429/3429/3429 3428/3428/3428
f 3455/3455/3455 3428/3428/3428 3376/3376/3376
f 3456/3456/3456 3455/3455/3455 3376/3376/3376
f 3456/3456/3456 3429/3429/3429 3455/3455/3455
f 3456/3456/3456 3430/3430/3430 3429/3429/3429
f 3456/3456/3456 3431/3431/3431 3430/3430/3430
f 3456/3456/3456 3376/3376/3376 3433/3433/3433
f 3456/3456/3456 3433/3433/3433 3431/3431/3431
f 3457/3457/3457 3396/3396/3396 3434/3434/3434
f 3457/3457/3457 3434/3434/3434 3435/3435/3435
f 3458/3458/3458 3457/3457/3457 3435/3435/3435
f 3458/3458/3458 3396/3396/3396 3457/3457/3457
f 3458/3458/3458 3435/3435/3435 3437/3437/3437
f 3459/3459/3459 3396/3396/3396 3458/3458/3458
f 3459/3459/3459 3458/3458/3458 3437/3437/3437
f 3459/3459/3459 3460/3460/3460 3461/3461/3461
f 3459/3459/3459 3438/3438/3438 3396/3396/3396
f 3459/3459/3459 3461/3461/3461 3438/3438/3438
f 3462/3462/3462 3436/3436/3436 3377/3377/3377
f 3462/3462/3462 3437/3437/3437 3436/3436/3436
f 3463/3463/3463 3377/3377/3377 3378/3378/3378
f 3463/3463/3463 3460/3460/3460 3377/3377/3377
f 3463/3463/3463 3461/3461/3461 3460/3460/3460
f 3463/3463/3463 3438/3438/3438 3461/3461/3461
f 3464/3464/3464 3438/3438/3438 3463/3463/3463
f 3464/3464/3464 3463/3463/3463 3378/3378/3378
f 3465/3465/3465 3466/3466/3466 3438/3438/3438
f 3465/3465/3465 3379/3379/3379 3467/3467/3467
f 3465/3465/3465 3378/3378/3378 3379/3379/3379
f 3465/3465/3465 3438/3438/3438 3464/3464/3464
f 3465/3465/3465 3464/3464/3464 3378/3378/3378
f 3465/3465/3465 3467/3467/3467 3466/3466/3466
f 3468/3468/3468 3438/3438/3438 3466/3466/3466
f 3468/3468/3468 3466/3466/3466 3467/3467/3467
f 3468/3468/3468 3395/3395/3395 3438/3438/3438
f 3469/3469/3469 3468/3468/3468 3467/3467/3467
f 3469/3469/3469 3395/3395/3395 3468/3468/3468
f 3470/3470/3470 3442/3442/3442 3440/3440/3440
f 3470/3470/3470 3395/3395/3395 3469/3469/3469
f 3470/3470/3470 3469/3469/3469 3442/3442/3442
f 3471/3471/3471 3439/3439/3439 3395/3395/3395
f 3471/3471/3471 3440/3440/3440 3439/3439/3439
f 3471/3471/3471 3395/3395/3395 3470/3470/3470
f 3471/3471/3471 3470/3470/3470 3440/3440/3440
f 3472/3472/3472 3460/3460/3460 3459/3459/3459
f 3472/3472/3472 3437/3437/3437 3462/3462/3462
f 3472/3472/3472 3459/3459/3459 3437/3437/3437
f 3473/3473/3473 3467/3467/3467 3379/3379/3379
f 3473/3473/3473 3441/3441/3441 3442/3442/3442
f 3473/3473/3473 3394/3394/3394 3441/3441/3441
f 3473/3473/3473 3379/3379/3379 3394/3394/3394
f 3473/3473/3473 3469/3469/3469 3467/3467/3467
f 3473/3473/3473 3442/3442/3442 3469/3469/3469
f 3474/3474/3474 3462/3462/3462 3377/3377/3377
f 3474/3474/3474 3460/3460/3460 3472/3472/3472
f 3474/3474/3474 3377/3377/3377 3460/3460/3460
f 3474/3474/3474 3472/3472/3472 3462/3462/3462
v 7.380960 3.419582 0.599931
v 7.380960 3.419582 1.349931
v 4.670778 3.425748 0.599931
v 5.050887 3.372317 0.599931
v 5.304070 3.379513 0.599931
v 5.584377 3.429875 0.599931
v 6.123451 3.569544 0.599931
v 6.398932 3.617871 0.599931
v 6.603405 3.624115 0.599931
v 6.870146 3.588669 0.599931
v 7.136090 3.513734 0.599931
v 4.670778 3.425748 1.349931
v 6.963032 3.566373 1.349931
v 6.744943 3.610901 1.349931
v 6.511762 3.624929 1.349931
v 6.259749 3.597860 1.349931
v 5.476443 3.406207 1.349931
v 5.259027 3.375270 1.349931
v 4.985720 3.376539 1.349931
v 4.832513 3.395074 1.349931
vn 0.387815 0.921737 -0.000000
vn 0.387815 0.921737 -0.000000
vn 0.215888 0.976418 -0.000000
vn 0.047569 0.998868 -0.000000
vn -0.107350 0.994221 0.000000
vn -0.228465 0.973552 0.000000
vn -0.225831 0.974167 0.000000
vn -0.101724 0.994813 0.000000
vn 0.044416 0.999013 -0.000000
vn 0.209698 0.977766 -0.000000
vn 0.323619 0.946188 -0.000000
vn 0.215888 0.976418 -0.000000
vn 0.255126 0.966908 -0.000000
vn 0.138377 0.990380 -0.000000
vn -0.023113 0.999733 0.000000
vn -0.176099 0.984372 0.000000
vn -0.192608 0.981276 0.000000
vn -0.079145 0.996863 0.000000
vn 0.082453 0.996595 -0.000000
vn 0.154716 0.987959 -0.000000
vt 0.394572 0.125000
vt 0.394572 0.875000
vt 3.176568 0.125000
vt 2.789195 0.125000
vt 2.531631 0.125000
vt 2.246768 0.125000
vt 1.698203 0.125000
vt 1.415849 0.125000
vt 1.205207 0.125000
vt 0.928395 0.125000
vt 0.651055 0.125000
vt 3.176568 0.875000
vt 0.831739 0.875000
vt 1.058594 0.875000
vt 1.299799 0.875000
vt 1.558766 0.875000
vt 2.356452 0.875000
vt 2.577412 0.875000
vt 2.855506 0.875000
vt 3.011669 0.875000
f 3476/3476/3476 3475/3475/3475 3485/3485/3485
f 3487/3487/3487 3485/3485/3485 3484/3484/3484
f 3487/3487/3487 3476/3476/3476 3485/3485/3485
f 3488/3488/3488 3484/3484/3484 3483/3483/3483
f 3488/3488/3488 3487/3487/3487 3484/3484/3484
f 3489/3489/3489 3483/3483/3483 3482/3482/3482
f 3489/3489/3489 3488/3488/3488 3483/3483/3483
f 3490/3490/3490 3482/3482/3482 3481/3481/3481
f 3490/3490/3490 3489/3489/3489 3482/3482/3482
f 3491/3491/3491 3480/3480/3480 3479/3479/3479
f 3491/3491/3491 3481/3481/3481 3480/3480/3480
f 3491/3491/3491 3490/3490/3490 3481/3481/3481
f 3492/3492/3492 3479/3479/3479 3478/3478/3478
f 3492/3492/3492 3491/3491/3491 3479/3479/3479
f 3493/3493/3493 3492/3492/3492 3478/3478/3478
f 3494/3494/3494 3478/3478/3478 3477/3477/3477
f 3494/3494/3494 3493/3493/3493 3478/3478/3478
f 3486/3486/3486 3494/3494/3494 3477/3477/3477
