# Exported by Open CASCADE Technology [dev.opencascade.org]
#  Vertices: 3343
#     Faces: 4336
g Open CASCADE STEP translator 7.6 1
v -24.400000 -6.129062 2.500000
v -24.400000 -6.129062 67.500000
v -24.372667 -6.450176 2.500000
v -24.291458 -6.762053 2.500000
v -24.158707 -7.055717 2.500000
v -23.978235 -7.322721 2.500000
v -23.755232 -7.555383 2.500000
v -23.496117 -7.747009 2.500000
v -23.496117 -7.747009 67.500000
v -24.372667 -6.450176 67.500000
v -24.291458 -6.762053 67.500000
v -24.158707 -7.055717 67.500000
v -23.978235 -7.322721 67.500000
v -23.755232 -7.555383 67.500000
vn 1.000000 -0.000000 -0.000000
vn 1.000000 -0.000000 -0.000000
vn 0.985615 0.169008 -0.000000
vn 0.942873 0.333153 -0.000000
vn 0.873004 0.487713 -0.000000
vn 0.778018 0.628242 -0.000000
vn 0.660649 0.750695 -0.000000
vn 0.524272 0.851551 -0.000000
vn 0.524272 0.851551 -0.000000
vn 0.985615 0.169008 -0.000000
vn 0.942873 0.333153 -0.000000
vn 0.873004 0.487713 -0.000000
vn 0.778018 0.628242 -0.000000
vn 0.660649 0.750695 -0.000000
vt 0.000000 2.500000
vt 0.000000 67.500000
vt 0.169823 2.500000
vt 0.339646 2.500000
vt 0.509468 2.500000
vt 0.679291 2.500000
vt 0.849114 2.500000
vt 1.018937 2.500000
vt 1.018937 67.500000
vt 0.169823 67.500000
vt 0.339646 67.500000
vt 0.509468 67.500000
vt 0.679291 67.500000
vt 0.849114 67.500000
f 10/10/10 1/1/1 2/2/2
f 10/10/10 3/3/3 1/1/1
f 11/11/11 4/4/4 3/3/3
f 11/11/11 3/3/3 10/10/10
f 12/12/12 5/5/5 4/4/4
f 12/12/12 4/4/4 11/11/11
f 13/13/13 6/6/6 5/5/5
f 13/13/13 7/7/7 6/6/6
f 13/13/13 5/5/5 12/12/12
f 14/14/14 8/8/8 7/7/7
f 14/14/14 7/7/7 13/13/13
f 9/9/9 8/8/8 14/14/14
v -24.400000 6.129062 2.500000
v -24.400000 -6.129062 2.500000
v -24.400000 6.129062 67.500000
v -24.400000 -6.129062 67.500000
vn 1.000000 0.000000 0.000000
vn 1.000000 0.000000 0.000000
vn 1.000000 0.000000 0.000000
vn 1.000000 0.000000 0.000000
vt -6.129062 -2.500000
vt 6.129062 -2.500000
vt -6.129062 -67.500000
vt 6.129062 -67.500000
f 16/16/16 15/15/15 17/17/17
f 16/16/16 17/17/17 18/18/18
v -22.500000 -6.129062 0.600000
v -22.829931 -6.129062 0.628865
v -23.149837 -6.129062 0.714584
v -23.450001 -6.129062 0.854552
v -23.721296 -6.129062 1.044516
v -23.955484 -6.129062 1.278704
v -24.145449 -6.129062 1.550000
v -24.285416 -6.129062 1.850162
v -24.371134 -6.129062 2.170069
v -24.400000 -6.129062 2.500000
v -22.500000 -6.129062 0.600000
v -22.672974 -6.410016 0.628865
v -22.840693 -6.682432 0.714584
v -22.998058 -6.938035 0.854552
v -23.140291 -7.169058 1.044516
v -23.263069 -7.368481 1.278704
v -23.362661 -7.530245 1.550000
v -23.436043 -7.649435 1.850162
v -23.480984 -7.722428 2.170069
v -23.496117 -7.747009 2.500000
v -24.372667 -6.450176 2.500000
v -24.291458 -6.762053 2.500000
v -24.158707 -7.055717 2.500000
v -23.978235 -7.322721 2.500000
v -23.755232 -7.555383 2.500000
v -22.920597 -6.172067 0.647637
v -22.903191 -6.256298 0.647637
v -22.869097 -6.335262 0.647637
v -23.307320 -6.295899 0.788159
v -22.819729 -6.405693 0.647637
v -23.256849 -6.455832 0.788159
v -23.678486 -6.249559 1.014520
v -22.757128 -6.464675 0.647637
v -23.175056 -6.602242 0.788159
v -23.629713 -6.485568 1.014520
v -23.065327 -6.729068 0.788159
v -23.534187 -6.706822 1.014520
v -23.954741 -6.429693 1.315369
v -23.395861 -6.904165 1.014520
v -23.863796 -6.717882 1.315369
v -24.202963 -6.303186 1.675621
v -23.220457 -7.069429 1.014520
v -23.716410 -6.981702 1.315369
v -24.132484 -6.644228 1.675621
v -23.518682 -7.210236 1.315369
v -23.994444 -6.963949 1.675621
v -24.314032 -6.503942 2.077210
v -23.794556 -7.249118 1.675621
v -24.200626 -6.863308 2.077210
v -23.541090 -7.487933 1.675621
v -24.016840 -7.192287 2.077210
v -23.770277 -7.477263 2.077210
vn 0.000000 -0.000000 1.000000
vn 0.173648 0.000000 0.984808
vn 0.342020 0.000000 0.939693
vn 0.500000 0.000000 0.866025
vn 0.642788 0.000000 0.766044
vn 0.766044 0.000000 0.642788
vn 0.866025 0.000000 0.500000
vn 0.939693 0.000000 0.342020
vn 0.984808 0.000000 0.173648
vn 1.000000 -0.000000 -0.000000
vn 0.000000 0.000000 1.000000
vn 0.091039 0.147870 0.984808
vn 0.179312 0.291248 0.939693
vn 0.262136 0.425775 0.866025
vn 0.336995 0.547366 0.766044
vn 0.401616 0.652326 0.642788
vn 0.454033 0.737465 0.500000
vn 0.492654 0.800196 0.342020
vn 0.516307 0.838614 0.173648
vn 0.524272 0.851551 -0.000000
vn 0.985615 0.169008 -0.000000
vn 0.942873 0.333153 -0.000000
vn 0.873004 0.487713 -0.000000
vn 0.778018 0.628242 -0.000000
vn 0.660649 0.750695 -0.000000
vn 0.221367 0.022634 0.974928
vn 0.212205 0.066966 0.974928
vn 0.194262 0.108526 0.974928
vn 0.424905 0.087809 0.900969
vn 0.168278 0.145595 0.974928
vn 0.398342 0.171984 0.900969
vn 0.620256 0.063420 0.781832
vn 0.135331 0.176639 0.974928
vn 0.355293 0.249042 0.900969
vn 0.594586 0.187635 0.781832
vn 0.297540 0.315793 0.900969
vn 0.544309 0.304084 0.781832
vn 0.765653 0.158227 0.623490
vn 0.471505 0.407949 0.781832
vn 0.717788 0.309905 0.623490
vn 0.896296 0.091644 0.433884
vn 0.379188 0.494930 0.781832
vn 0.640216 0.448758 0.623490
vn 0.859202 0.271140 0.433884
vn 0.536149 0.569039 0.623490
vn 0.786549 0.439414 0.433884
vn 0.954754 0.197306 0.222521
vn 0.681345 0.589503 0.433884
vn 0.895067 0.386446 0.222521
vn 0.547942 0.715195 0.433884
vn 0.798336 0.559592 0.222521
vn 0.668566 0.709580 0.222521
vt 0.000000 -1.570796
vt 0.000000 -1.396263
vt 0.000000 -1.221730
vt 0.000000 -1.047198
vt 0.000000 -0.872665
vt 0.000000 -0.698132
vt 0.000000 -0.523599
vt 0.000000 -0.349066
vt 0.000000 -0.174533
vt 0.000000 0.000000
vt 1.018937 -1.570796
vt 1.018937 -1.396263
vt 1.018937 -1.221730
vt 1.018937 -1.047198
vt 1.018937 -0.872665
vt 1.018937 -0.698132
vt 1.018937 -0.523599
vt 1.018937 -0.349066
vt 1.018937 -0.174533
vt 1.018937 0.000000
vt 0.169823 0.000000
vt 0.339646 0.000000
vt 0.509468 0.000000
vt 0.679291 0.000000
vt 0.849114 0.000000
vt 0.101894 -1.346397
vt 0.305681 -1.346397
vt 0.509468 -1.346397
vt 0.203787 -1.121997
vt 0.713256 -1.346397
vt 0.407575 -1.121997
vt 0.101894 -0.897598
vt 0.917043 -1.346397
vt 0.611362 -1.121997
vt 0.305681 -0.897598
vt 0.815149 -1.121997
vt 0.509468 -0.897598
vt 0.203787 -0.673198
vt 0.713256 -0.897598
vt 0.407575 -0.673198
vt 0.101894 -0.448799
vt 0.917043 -0.897598
vt 0.611362 -0.673198
vt 0.305681 -0.448799
vt 0.815149 -0.673198
vt 0.509468 -0.448799
vt 0.203787 -0.224399
vt 0.713256 -0.448799
vt 0.407575 -0.224399
vt 0.917043 -0.448799
vt 0.611362 -0.224399
vt 0.815149 -0.224399
f 39/39/39 27/27/27 28/28/28
f 38/38/38 37/37/37 43/43/43
f 44/44/44 20/20/20 21/21/21
f 45/45/45 19/19/19 20/20/20
f 45/45/45 20/20/20 44/44/44
f 45/45/45 44/44/44 21/21/21
f 46/46/46 29/29/29 19/19/19
f 46/46/46 19/19/19 45/45/45
f 47/47/47 21/21/21 22/22/22
f 47/47/47 45/45/45 21/21/21
f 48/48/48 30/30/30 29/29/29
f 48/48/48 29/29/29 46/46/46
f 49/49/49 45/45/45 47/47/47
f 49/49/49 46/46/46 45/45/45
f 50/50/50 22/22/22 23/23/23
f 50/50/50 23/23/23 24/24/24
f 50/50/50 47/47/47 22/22/22
f 51/51/51 31/31/31 30/30/30
f 51/51/51 48/48/48 31/31/31
f 51/51/51 30/30/30 48/48/48
f 52/52/52 48/48/48 46/46/46
f 52/52/52 46/46/46 49/49/49
f 53/53/53 49/49/49 47/47/47
f 53/53/53 47/47/47 50/50/50
f 54/54/54 32/32/32 31/31/31
f 54/54/54 48/48/48 52/52/52
f 54/54/54 31/31/31 48/48/48
f 55/55/55 49/49/49 53/53/53
f 55/55/55 52/52/52 49/49/49
f 56/56/56 24/24/24 25/25/25
f 56/56/56 50/50/50 24/24/24
f 56/56/56 53/53/53 50/50/50
f 57/57/57 54/54/54 52/52/52
f 57/57/57 52/52/52 55/55/55
f 58/58/58 55/55/55 53/53/53
f 58/58/58 53/53/53 56/56/56
f 59/59/59 25/25/25 26/26/26
f 59/59/59 56/56/56 25/25/25
f 60/60/60 33/33/33 32/32/32
f 60/60/60 34/34/34 33/33/33
f 60/60/60 32/32/32 54/54/54
f 60/60/60 54/54/54 57/57/57
f 61/61/61 57/57/57 55/55/55
f 61/61/61 55/55/55 58/58/58
f 62/62/62 58/58/58 56/56/56
f 62/62/62 59/59/59 26/26/26
f 62/62/62 56/56/56 59/59/59
f 63/63/63 35/35/35 34/34/34
f 63/63/63 57/57/57 61/61/61
f 63/63/63 34/34/34 60/60/60
f 63/63/63 60/60/60 57/57/57
f 64/64/64 58/58/58 62/62/62
f 64/64/64 61/61/61 58/58/58
f 65/65/65 26/26/26 27/27/27
f 65/65/65 39/39/39 40/40/40
f 65/65/65 27/27/27 39/39/39
f 65/65/65 62/62/62 26/26/26
f 66/66/66 61/61/61 64/64/64
f 66/66/66 63/63/63 61/61/61
f 67/67/67 62/62/62 65/65/65
f 67/67/67 40/40/40 41/41/41
f 67/67/67 65/65/65 40/40/40
f 67/67/67 64/64/64 62/62/62
f 68/68/68 66/66/66 36/36/36
f 68/68/68 36/36/36 35/35/35
f 68/68/68 35/35/35 63/63/63
f 68/68/68 63/63/63 66/66/66
f 69/69/69 67/67/67 41/41/41
f 69/69/69 64/64/64 67/67/67
f 69/69/69 41/41/41 42/42/42
f 69/69/69 66/66/66 64/64/64
f 70/70/70 66/66/66 69/69/69
f 70/70/70 36/36/36 66/66/66
f 70/70/70 37/37/37 36/36/36
f 70/70/70 69/69/69 42/42/42
f 70/70/70 42/42/42 43/43/43
f 70/70/70 43/43/43 37/37/37
v -24.400000 -6.129062 67.500000
v -24.372667 -6.450176 67.500000
v -24.291458 -6.762053 67.500000
v -24.158707 -7.055717 67.500000
v -23.978235 -7.322721 67.500000
v -23.755232 -7.555383 67.500000
v -23.496117 -7.747009 67.500000
v -22.500000 -6.129062 69.400002
v -22.672974 -6.410016 69.371132
v -22.840693 -6.682432 69.285416
v -22.998058 -6.938035 69.145447
v -23.140291 -7.169058 68.955482
v -23.263069 -7.368481 68.721298
v -23.362661 -7.530245 68.449997
v -23.436043 -7.649435 68.149841
v -23.480984 -7.722428 67.829933
v -22.500000 -6.129062 69.400002
v -22.829931 -6.129062 69.371132
v -23.149837 -6.129062 69.285416
v -23.450001 -6.129062 69.145447
v -23.721296 -6.129062 68.955482
v -23.955484 -6.129062 68.721298
v -24.145449 -6.129062 68.449997
v -24.285416 -6.129062 68.149841
v -24.371134 -6.129062 67.829933
v -22.757128 -6.464675 69.352364
v -22.819729 -6.405693 69.352364
v -22.869097 -6.335262 69.352364
v -23.065327 -6.729068 69.211838
v -22.903191 -6.256298 69.352364
v -23.175056 -6.602242 69.211838
v -23.220457 -7.069429 68.985481
v -22.920597 -6.172067 69.352364
v -23.256849 -6.455832 69.211838
v -23.395861 -6.904165 68.985481
v -23.307320 -6.295899 69.211838
v -23.534187 -6.706822 68.985481
v -23.518682 -7.210236 68.684631
v -23.629713 -6.485568 68.985481
v -23.716410 -6.981702 68.684631
v -23.541090 -7.487933 68.324379
v -23.678486 -6.249559 68.985481
v -23.863796 -6.717882 68.684631
v -23.794556 -7.249118 68.324379
v -23.954741 -6.429693 68.684631
v -23.994444 -6.963949 68.324379
v -23.770277 -7.477263 67.922791
v -24.132484 -6.644228 68.324379
v -24.016840 -7.192287 67.922791
v -24.202963 -6.303186 68.324379
v -24.200626 -6.863308 67.922791
v -24.314032 -6.503942 67.922791
vn 1.000000 0.000000 0.000000
vn 0.985615 0.169008 0.000000
vn 0.942873 0.333153 0.000000
vn 0.873004 0.487713 0.000000
vn 0.778018 0.628242 0.000000
vn 0.660649 0.750695 0.000000
vn 0.524272 0.851551 0.000000
vn 0.000000 0.000000 -1.000000
vn 0.091039 0.147870 -0.984808
vn 0.179312 0.291248 -0.939693
vn 0.262136 0.425775 -0.866025
vn 0.336995 0.547366 -0.766044
vn 0.401616 0.652326 -0.642788
vn 0.454033 0.737465 -0.500000
vn 0.492654 0.800196 -0.342020
vn 0.516307 0.838614 -0.173648
vn 0.000000 0.000000 -1.000000
vn 0.173648 0.000000 -0.984808
vn 0.342020 0.000000 -0.939693
vn 0.500000 0.000000 -0.866025
vn 0.642788 0.000000 -0.766044
vn 0.766044 0.000000 -0.642788
vn 0.866025 0.000000 -0.500000
vn 0.939693 0.000000 -0.342020
vn 0.984808 0.000000 -0.173648
vn 0.135331 0.176639 -0.974928
vn 0.168278 0.145595 -0.974928
vn 0.194262 0.108526 -0.974928
vn 0.297540 0.315793 -0.900969
vn 0.212205 0.066966 -0.974928
vn 0.355293 0.249042 -0.900969
vn 0.379188 0.494930 -0.781832
vn 0.221367 0.022634 -0.974928
vn 0.398342 0.171984 -0.900969
vn 0.471505 0.407949 -0.781832
vn 0.424905 0.087809 -0.900969
vn 0.544309 0.304084 -0.781832
vn 0.536149 0.569039 -0.623490
vn 0.594586 0.187635 -0.781832
vn 0.640216 0.448758 -0.623490
vn 0.547942 0.715195 -0.433884
vn 0.620256 0.063420 -0.781832
vn 0.717788 0.309905 -0.623490
vn 0.681345 0.589503 -0.433884
vn 0.765653 0.158227 -0.623490
vn 0.786549 0.439414 -0.433884
vn 0.668566 0.709580 -0.222521
vn 0.859202 0.271140 -0.433884
vn 0.798336 0.559592 -0.222521
vn 0.896296 0.091644 -0.433884
vn 0.895067 0.386446 -0.222521
vn 0.954754 0.197306 -0.222521
vt 6.283185 0.000000
vt 6.113363 0.000000
vt 5.943540 0.000000
vt 5.773717 0.000000
vt 5.603894 0.000000
vt 5.434072 0.000000
vt 5.264249 0.000000
vt 5.264249 -1.570796
vt 5.264249 -1.396263
vt 5.264249 -1.221730
vt 5.264249 -1.047198
vt 5.264249 -0.872665
vt 5.264249 -0.698132
vt 5.264249 -0.523599
vt 5.264249 -0.349066
vt 5.264249 -0.174533
vt 6.283185 -1.570796
vt 6.283185 -1.396263
vt 6.283185 -1.221730
vt 6.283185 -1.047198
vt 6.283185 -0.872665
vt 6.283185 -0.698132
vt 6.283185 -0.523599
vt 6.283185 -0.349066
vt 6.283185 -0.174533
vt 5.366142 -1.346397
vt 5.569930 -1.346397
vt 5.773717 -1.346397
vt 5.468036 -1.121997
vt 5.977504 -1.346397
vt 5.671824 -1.121997
vt 5.366142 -0.897598
vt 6.181292 -1.346397
vt 5.875611 -1.121997
vt 5.569930 -0.897598
vt 6.079398 -1.121997
vt 5.773717 -0.897598
vt 5.468036 -0.673198
vt 5.977504 -0.897598
vt 5.671824 -0.673198
vt 5.366142 -0.448799
vt 6.181292 -0.897598
vt 5.875611 -0.673198
vt 5.569930 -0.448799
vt 6.079398 -0.673198
vt 5.773717 -0.448799
vt 5.468036 -0.224399
vt 5.977504 -0.448799
vt 5.671824 -0.224399
vt 6.181292 -0.448799
vt 5.875611 -0.224399
vt 6.079398 -0.224399
f 76/76/76 86/86/86 77/77/77
f 71/71/71 95/95/95 72/72/72
f 96/96/96 79/79/79 80/80/80
f 97/97/97 78/78/78 79/79/79
f 97/97/97 96/96/96 80/80/80
f 97/97/97 79/79/79 96/96/96
f 98/98/98 87/87/87 78/78/78
f 98/98/98 78/78/78 97/97/97
f 99/99/99 80/80/80 81/81/81
f 99/99/99 97/97/97 80/80/80
f 100/100/100 88/88/88 87/87/87
f 100/100/100 87/87/87 98/98/98
f 101/101/101 97/97/97 99/99/99
f 101/101/101 98/98/98 97/97/97
f 102/102/102 81/81/81 82/82/82
f 102/102/102 82/82/82 83/83/83
f 102/102/102 99/99/99 81/81/81
f 103/103/103 89/89/89 88/88/88
f 103/103/103 100/100/100 89/89/89
f 103/103/103 88/88/88 100/100/100
f 104/104/104 100/100/100 98/98/98
f 104/104/104 98/98/98 101/101/101
f 105/105/105 101/101/101 99/99/99
f 105/105/105 99/99/99 102/102/102
f 106/106/106 90/90/90 89/89/89
f 106/106/106 100/100/100 104/104/104
f 106/106/106 89/89/89 100/100/100
f 107/107/107 104/104/104 101/101/101
f 107/107/107 101/101/101 105/105/105
f 108/108/108 83/83/83 84/84/84
f 108/108/108 102/102/102 83/83/83
f 108/108/108 105/105/105 102/102/102
f 109/109/109 106/106/106 104/104/104
f 109/109/109 104/104/104 107/107/107
f 110/110/110 107/107/107 105/105/105
f 110/110/110 105/105/105 108/108/108
f 111/111/111 84/84/84 85/85/85
f 111/111/111 108/108/108 84/84/84
f 112/112/112 91/91/91 90/90/90
f 112/112/112 92/92/92 91/91/91
f 112/112/112 90/90/90 106/106/106
f 112/112/112 106/106/106 109/109/109
f 113/113/113 109/109/109 107/107/107
f 113/113/113 107/107/107 110/110/110
f 114/114/114 111/111/111 85/85/85
f 114/114/114 110/110/110 108/108/108
f 114/114/114 108/108/108 111/111/111
f 115/115/115 93/93/93 92/92/92
f 115/115/115 109/109/109 113/113/113
f 115/115/115 92/92/92 112/112/112
f 115/115/115 112/112/112 109/109/109
f 116/116/116 110/110/110 114/114/114
f 116/116/116 113/113/113 110/110/110
f 117/117/117 76/76/76 75/75/75
f 117/117/117 85/85/85 86/86/86
f 117/117/117 86/86/86 76/76/76
f 117/117/117 114/114/114 85/85/85
f 118/118/118 115/115/115 113/113/113
f 118/118/118 113/113/113 116/116/116
f 119/119/119 116/116/116 114/114/114
f 119/119/119 75/75/75 74/74/74
f 119/119/119 114/114/114 117/117/117
f 119/119/119 117/117/117 75/75/75
f 120/120/120 115/115/115 118/118/118
f 120/120/120 94/94/94 93/93/93
f 120/120/120 93/93/93 115/115/115
f 120/120/120 118/118/118 94/94/94
f 121/121/121 74/74/74 73/73/73
f 121/121/121 116/116/116 119/119/119
f 121/121/121 118/118/118 116/116/116
f 121/121/121 119/119/119 74/74/74
f 122/122/122 73/73/73 72/72/72
f 122/122/122 121/121/121 73/73/73
f 122/122/122 118/118/118 121/121/121
f 122/122/122 95/95/95 94/94/94
f 122/122/122 94/94/94 118/118/118
f 122/122/122 72/72/72 95/95/95
v -23.496117 -7.747009 2.500000
v -17.212126 -10.962995 2.500000
v -10.501106 -13.152364 2.500000
v -3.529558 -14.260798 2.500000
v 3.529558 -14.260798 2.500000
v 10.501106 -13.152364 2.500000
v 17.212126 -10.962995 2.500000
v 23.496117 -7.747009 2.500000
v 23.496117 -7.747009 67.500000
v -23.496117 -7.747009 67.500000
v -17.212126 -10.962995 67.500000
v -10.501106 -13.152364 67.500000
v -3.529558 -14.260798 67.500000
v 3.529558 -14.260798 67.500000
v 10.501106 -13.152364 67.500000
v 17.212126 -10.962995 67.500000
vn 0.524272 0.851551 -0.000000
vn 0.384056 0.923310 -0.000000
vn 0.234313 0.972161 -0.000000
vn 0.078755 0.996894 -0.000000
vn -0.078755 0.996894 -0.000000
vn -0.234313 0.972161 -0.000000
vn -0.384056 0.923310 -0.000000
vn -0.524272 0.851551 -0.000000
vn -0.524272 0.851551 -0.000000
vn 0.524272 0.851551 -0.000000
vn 0.384056 0.923310 -0.000000
vn 0.234313 0.972161 -0.000000
vn 0.078755 0.996894 -0.000000
vn -0.078755 0.996894 -0.000000
vn -0.234313 0.972161 -0.000000
vn -0.384056 0.923310 -0.000000
vt 6.252131 -2.500000
vt 6.094457 -2.500000
vt 5.936783 -2.500000
vt 5.779109 -2.500000
vt 5.621435 -2.500000
vt 5.463760 -2.500000
vt 5.306086 -2.500000
vt 5.148412 -2.500000
vt 5.148412 -67.500000
vt 6.252131 -67.500000
vt 6.094457 -67.500000
vt 5.936783 -67.500000
vt 5.779109 -67.500000
vt 5.621435 -67.500000
vt 5.463760 -67.500000
vt 5.306086 -67.500000
f 129/129/129 131/131/131 130/130/130
f 129/129/129 138/138/138 131/131/131
f 128/128/128 136/136/136 137/137/137
f 128/128/128 137/137/137 138/138/138
f 128/128/128 138/138/138 129/129/129
f 127/127/127 136/136/136 128/128/128
f 126/126/126 135/135/135 136/136/136
f 126/126/126 136/136/136 127/127/127
f 125/125/125 133/133/133 134/134/134
f 125/125/125 134/134/134 135/135/135
f 125/125/125 135/135/135 126/126/126
f 124/124/124 133/133/133 125/125/125
f 123/123/123 132/132/132 133/133/133
f 123/123/123 133/133/133 124/124/124
v -24.400000 6.129062 2.500000
v -24.400000 -6.129062 2.500000
v -22.500000 6.129062 0.600000
v -22.829931 6.129062 0.628865
v -23.149837 6.129062 0.714584
v -23.450001 6.129062 0.854552
v -23.721296 6.129062 1.044516
v -23.955484 6.129062 1.278704
v -24.145449 6.129062 1.550000
v -24.285416 6.129062 1.850162
v -24.371134 6.129062 2.170069
v -22.500000 -6.129062 0.600000
v -22.829931 -6.129062 0.628865
v -23.149837 -6.129062 0.714584
v -23.450001 -6.129062 0.854552
v -23.721296 -6.129062 1.044516
v -23.955484 -6.129062 1.278704
v -24.145449 -6.129062 1.550000
v -24.285416 -6.129062 1.850162
v -24.371134 -6.129062 2.170069
vn 1.000000 -0.000000 0.000000
vn 1.000000 -0.000000 0.000000
vn -0.000000 -0.000000 1.000000
vn 0.173648 -0.000000 0.984808
vn 0.342020 -0.000000 0.939693
vn 0.500000 -0.000000 0.866025
vn 0.642788 -0.000000 0.766044
vn 0.766044 -0.000000 0.642788
vn 0.866025 -0.000000 0.500000
vn 0.939693 -0.000000 0.342020
vn 0.984808 -0.000000 0.173648
vn -0.000000 -0.000000 1.000000
vn 0.173648 -0.000000 0.984808
vn 0.342020 -0.000000 0.939693
vn 0.500000 -0.000000 0.866025
vn 0.642788 -0.000000 0.766044
vn 0.766044 -0.000000 0.642788
vn 0.866025 -0.000000 0.500000
vn 0.939693 -0.000000 0.342020
vn 0.984808 -0.000000 0.173648
vt 0.000000 -6.129062
vt 0.000000 6.129062
vt 1.570796 -6.129062
vt 1.396263 -6.129062
vt 1.221730 -6.129062
vt 1.047198 -6.129062
vt 0.872665 -6.129062
vt 0.698132 -6.129062
vt 0.523599 -6.129062
vt 0.349066 -6.129062
vt 0.174533 -6.129062
vt 1.570796 6.129062
vt 1.396263 6.129062
vt 1.221730 6.129062
vt 1.047198 6.129062
vt 0.872665 6.129062
vt 0.698132 6.129062
vt 0.523599 6.129062
vt 0.349066 6.129062
vt 0.174533 6.129062
f 158/158/158 139/139/139 140/140/140
f 158/158/158 149/149/149 139/139/139
f 157/157/157 148/148/148 149/149/149
f 157/157/157 149/149/149 158/158/158
f 156/156/156 147/147/147 148/148/148
f 156/156/156 148/148/148 157/157/157
f 155/155/155 146/146/146 147/147/147
f 155/155/155 147/147/147 156/156/156
f 154/154/154 145/145/145 146/146/146
f 154/154/154 146/146/146 155/155/155
f 153/153/153 143/143/143 144/144/144
f 153/153/153 144/144/144 145/145/145
f 153/153/153 145/145/145 154/154/154
f 152/152/152 143/143/143 153/153/153
f 151/151/151 141/141/141 142/142/142
f 151/151/151 142/142/142 143/143/143
f 151/151/151 143/143/143 152/152/152
f 150/150/150 141/141/141 151/151/151
v -23.496117 7.747009 2.500000
v -23.496117 7.747009 67.500000
v -23.755232 7.555383 2.500000
v -23.978235 7.322721 2.500000
v -24.158707 7.055717 2.500000
v -24.291458 6.762053 2.500000
v -24.372667 6.450176 2.500000
v -24.400000 6.129062 2.500000
v -24.400000 6.129062 67.500000
v -23.755232 7.555383 67.500000
v -23.978235 7.322721 67.500000
v -24.158707 7.055717 67.500000
v -24.291458 6.762053 67.500000
v -24.372667 6.450176 67.500000
vn 0.524272 -0.851551 -0.000000
vn 0.524272 -0.851551 -0.000000
vn 0.660649 -0.750695 -0.000000
vn 0.778018 -0.628242 -0.000000
vn 0.873004 -0.487713 -0.000000
vn 0.942873 -0.333153 -0.000000
vn 0.985615 -0.169008 -0.000000
vn 1.000000 0.000000 -0.000000
vn 1.000000 0.000000 -0.000000
vn 0.660649 -0.750695 -0.000000
vn 0.778018 -0.628242 -0.000000
vn 0.873004 -0.487713 -0.000000
vn 0.942873 -0.333153 -0.000000
vn 0.985615 -0.169008 -0.000000
vt 0.000000 2.500000
vt 0.000000 67.500000
vt 0.169823 2.500000
vt 0.339646 2.500000
vt 0.509468 2.500000
vt 0.679291 2.500000
vt 0.849114 2.500000
vt 1.018937 2.500000
vt 1.018937 67.500000
vt 0.169823 67.500000
vt 0.339646 67.500000
vt 0.509468 67.500000
vt 0.679291 67.500000
vt 0.849114 67.500000
f 168/168/168 159/159/159 160/160/160
f 168/168/168 161/161/161 159/159/159
f 169/169/169 162/162/162 161/161/161
f 169/169/169 161/161/161 168/168/168
f 170/170/170 163/163/163 162/162/162
f 170/170/170 164/164/164 163/163/163
f 170/170/170 162/162/162 169/169/169
f 171/171/171 164/164/164 170/170/170
f 172/172/172 165/165/165 164/164/164
f 172/172/172 164/164/164 171/171/171
f 167/167/167 166/166/166 165/165/165
f 167/167/167 165/165/165 172/172/172
v -22.500000 -6.129062 69.400002
v -22.829931 -6.129062 69.371132
v -23.149837 -6.129062 69.285416
v -23.450001 -6.129062 69.145447
v -23.721296 -6.129062 68.955482
v -23.955484 -6.129062 68.721298
v -24.145449 -6.129062 68.449997
v -24.285416 -6.129062 68.149841
v -24.371134 -6.129062 67.829933
v -24.400000 -6.129062 67.500000
v -22.500000 6.129062 69.400002
v -22.829931 6.129062 69.371132
v -23.149837 6.129062 69.285416
v -23.450001 6.129062 69.145447
v -23.721296 6.129062 68.955482
v -23.955484 6.129062 68.721298
v -24.145449 6.129062 68.449997
v -24.285416 6.129062 68.149841
v -24.371134 6.129062 67.829933
v -24.400000 6.129062 67.500000
vn -0.000000 -0.000000 -1.000000
vn 0.173648 0.000000 -0.984808
vn 0.342020 0.000000 -0.939693
vn 0.500000 0.000000 -0.866025
vn 0.642788 0.000000 -0.766044
vn 0.766044 0.000000 -0.642788
vn 0.866025 0.000000 -0.500000
vn 0.939693 0.000000 -0.342020
vn 0.984808 0.000000 -0.173648
vn 1.000000 0.000000 -0.000000
vn -0.000000 -0.000000 -1.000000
vn 0.173648 0.000000 -0.984808
vn 0.342020 0.000000 -0.939693
vn 0.500000 0.000000 -0.866025
vn 0.642788 0.000000 -0.766044
vn 0.766044 0.000000 -0.642788
vn 0.866025 0.000000 -0.500000
vn 0.939693 0.000000 -0.342020
vn 0.984808 0.000000 -0.173648
vn 1.000000 0.000000 -0.000000
vt 4.712389 6.129062
vt 4.886922 6.129062
vt 5.061455 6.129062
vt 5.235988 6.129062
vt 5.410521 6.129062
vt 5.585053 6.129062
vt 5.759586 6.129062
vt 5.934119 6.129062
vt 6.108653 6.129062
vt 6.283185 6.129062
vt 4.712389 -6.129062
vt 4.886922 -6.129062
vt 5.061455 -6.129062
vt 5.235988 -6.129062
vt 5.410521 -6.129062
vt 5.585053 -6.129062
vt 5.759586 -6.129062
vt 5.934119 -6.129062
vt 6.108653 -6.129062
vt 6.283185 -6.129062
f 173/173/173 184/184/184 183/183/183
f 174/174/174 184/184/184 173/173/173
f 175/175/175 185/185/185 184/184/184
f 175/175/175 186/186/186 185/185/185
f 175/175/175 184/184/184 174/174/174
f 176/176/176 186/186/186 175/175/175
f 177/177/177 187/187/187 186/186/186
f 177/177/177 186/186/186 176/176/176
f 178/178/178 188/188/188 187/187/187
f 178/178/178 189/189/189 188/188/188
f 178/178/178 187/187/187 177/177/177
f 179/179/179 189/189/189 178/178/178
f 180/180/180 190/190/190 189/189/189
f 180/180/180 189/189/189 179/179/179
f 181/181/181 191/191/191 190/190/190
f 181/181/181 190/190/190 180/180/180
f 182/182/182 192/192/192 191/191/191
f 182/182/182 191/191/191 181/181/181
v -22.500000 -6.129062 0.600000
v -16.482418 -9.208706 0.600000
v -10.055912 -11.305257 0.600000
v -3.379922 -12.366699 0.600000
v 3.379922 -12.366699 0.600000
v 10.055912 -11.305257 0.600000
v 16.482418 -9.208706 0.600000
v 22.500000 -6.129062 0.600000
v 22.672974 -6.410016 0.628865
v 22.840693 -6.682432 0.714584
v 22.998058 -6.938035 0.854552
v 23.140291 -7.169058 1.044516
v 23.263069 -7.368481 1.278704
v 23.362661 -7.530245 1.550000
v 23.436043 -7.649435 1.850162
v 23.480984 -7.722428 2.170069
v 23.496117 -7.747009 2.500000
v -23.496117 -7.747009 2.500000
v -17.212126 -10.962995 2.500000
v -10.501106 -13.152364 2.500000
v -3.529558 -14.260798 2.500000
v 3.529558 -14.260798 2.500000
v 10.501106 -13.152364 2.500000
v 17.212126 -10.962995 2.500000
v -22.672974 -6.410016 0.628865
v -22.840693 -6.682432 0.714584
v -22.998058 -6.938035 0.854552
v -23.140291 -7.169058 1.044516
v -23.263069 -7.368481 1.278704
v -23.362661 -7.530245 1.550000
v -23.436043 -7.649435 1.850162
v -23.480984 -7.722428 2.170069
v 17.201038 -10.936343 2.170069
v 17.168118 -10.857198 1.850162
v 17.114363 -10.727964 1.550000
v 17.041407 -10.552569 1.278704
v 16.951466 -10.336341 1.044516
v 16.847271 -10.085851 0.854552
v 16.731993 -9.808708 0.714584
v 16.609131 -9.513335 0.628865
v 10.494343 -13.124302 2.170069
v 10.474257 -13.040969 1.850162
v 10.441462 -12.904898 1.550000
v 10.396951 -12.720222 1.278704
v 10.342077 -12.492554 1.044516
v 10.278509 -12.228810 0.854552
v 10.208178 -11.937004 0.714584
v 10.133220 -11.626003 0.628865
v 3.527284 -14.232022 2.170069
v 3.520534 -14.146569 1.850162
v 3.509511 -14.007037 1.550000
v 3.494550 -13.817663 1.278704
v 3.476106 -13.584203 1.044516
v 3.454740 -13.313748 0.854552
v 3.431101 -13.014519 0.714584
v 3.405906 -12.695606 0.628865
v -3.527284 -14.232022 2.170069
v -3.520534 -14.146569 1.850162
v -3.509511 -14.007037 1.550000
v -3.494550 -13.817663 1.278704
v -3.476106 -13.584203 1.044516
v -3.454740 -13.313748 0.854552
v -3.431101 -13.014519 0.714584
v -3.405906 -12.695606 0.628865
v -10.494343 -13.124302 2.170069
v -10.474257 -13.040969 1.850162
v -10.441462 -12.904898 1.550000
v -10.396951 -12.720222 1.278704
v -10.342077 -12.492554 1.044516
v -10.278509 -12.228810 0.854552
v -10.208178 -11.937004 0.714584
v -10.133220 -11.626003 0.628865
v -17.201038 -10.936343 2.170069
v -17.168118 -10.857198 1.850162
v -17.114363 -10.727964 1.550000
v -17.041407 -10.552569 1.278704
v -16.951466 -10.336341 1.044516
v -16.847271 -10.085851 0.854552
v -16.731993 -9.808708 0.714584
v -16.609131 -9.513335 0.628865
vn -0.000000 -0.000000 1.000000
vn -0.000000 -0.000000 1.000000
vn -0.000000 -0.000000 1.000000
vn -0.000000 -0.000000 1.000000
vn 0.000000 -0.000000 1.000000
vn 0.000000 -0.000000 1.000000
vn 0.000000 -0.000000 1.000000
vn 0.000000 -0.000000 1.000000
vn -0.091039 0.147870 0.984808
vn -0.179312 0.291248 0.939693
vn -0.262136 0.425775 0.866025
vn -0.336995 0.547366 0.766044
vn -0.401616 0.652326 0.642788
vn -0.454033 0.737465 0.500000
vn -0.492654 0.800196 0.342020
vn -0.516307 0.838614 0.173648
vn -0.524272 0.851551 -0.000000
vn 0.524272 0.851551 0.000000
vn 0.384056 0.923310 0.000000
vn 0.234313 0.972161 0.000000
vn 0.078755 0.996894 0.000000
vn -0.078755 0.996894 -0.000000
vn -0.234313 0.972161 -0.000000
vn -0.384056 0.923310 -0.000000
vn 0.091039 0.147870 0.984808
vn 0.179312 0.291248 0.939693
vn 0.262136 0.425775 0.866025
vn 0.336995 0.547366 0.766044
vn 0.401616 0.652326 0.642788
vn 0.454033 0.737465 0.500000
vn 0.492654 0.800196 0.342020
vn 0.516307 0.838614 0.173648
vn -0.378222 0.909283 0.173648
vn -0.360895 0.867627 0.342020
vn -0.332603 0.799610 0.500000
vn -0.294204 0.707296 0.642788
vn -0.246867 0.593492 0.766044
vn -0.192028 0.461655 0.866025
vn -0.131355 0.315791 0.939693
vn -0.066691 0.160331 0.984808
vn -0.230753 0.957392 0.173648
vn -0.220182 0.913533 0.342020
vn -0.202921 0.841916 0.500000
vn -0.179494 0.744719 0.642788
vn -0.150613 0.624893 0.766044
vn -0.117156 0.486081 0.866025
vn -0.080140 0.332499 0.939693
vn -0.040688 0.168814 0.984808
vn -0.077559 0.981749 0.173648
vn -0.074006 0.936774 0.342020
vn -0.068204 0.863335 0.500000
vn -0.060330 0.763665 0.642788
vn -0.050623 0.640791 0.766044
vn -0.039378 0.498447 0.866025
vn -0.026936 0.340958 0.939693
vn -0.013676 0.173109 0.984808
vn 0.077559 0.981749 0.173648
vn 0.074006 0.936774 0.342020
vn 0.068204 0.863335 0.500000
vn 0.060330 0.763665 0.642788
vn 0.050623 0.640791 0.766044
vn 0.039378 0.498447 0.866025
vn 0.026936 0.340958 0.939693
vn 0.013676 0.173109 0.984808
vn 0.230753 0.957392 0.173648
vn 0.220182 0.913533 0.342020
vn 0.202921 0.841916 0.500000
vn 0.179494 0.744719 0.642788
vn 0.150613 0.624893 0.766044
vn 0.117156 0.486081 0.866025
vn 0.080140 0.332499 0.939693
vn 0.040688 0.168814 0.984808
vn 0.378222 0.909283 0.173648
vn 0.360895 0.867627 0.342020
vn 0.332603 0.799610 0.500000
vn 0.294204 0.707296 0.642788
vn 0.246867 0.593492 0.766044
vn 0.192028 0.461655 0.866025
vn 0.131355 0.315791 0.939693
vn 0.066691 0.160331 0.984808
vt 6.252131 1.570796
vt 6.094457 1.570796
vt 5.936783 1.570796
vt 5.779109 1.570796
vt 5.621435 1.570796
vt 5.463760 1.570796
vt 5.306086 1.570796
vt 5.148412 1.570796
vt 5.148412 1.396263
vt 5.148412 1.221730
vt 5.148412 1.047198
vt 5.148412 0.872665
vt 5.148412 0.698132
vt 5.148412 0.523599
vt 5.148412 0.349066
vt 5.148412 0.174533
vt 5.148412 0.000000
vt 6.252131 0.000000
vt 6.094457 0.000000
vt 5.936783 0.000000
vt 5.779109 0.000000
vt 5.621435 0.000000
vt 5.463760 0.000000
vt 5.306086 0.000000
vt 6.252131 1.396263
vt 6.252131 1.221730
vt 6.252131 1.047198
vt 6.252131 0.872665
vt 6.252131 0.698132
vt 6.252131 0.523599
vt 6.252131 0.349066
vt 6.252131 0.174533
vt 5.306086 0.174533
vt 5.306086 0.349066
vt 5.306086 0.523599
vt 5.306086 0.698132
vt 5.306086 0.872665
vt 5.306086 1.047198
vt 5.306086 1.221730
vt 5.306086 1.396263
vt 5.463760 0.174533
vt 5.463760 0.349066
vt 5.463760 0.523599
vt 5.463760 0.698132
vt 5.463760 0.872665
vt 5.463760 1.047198
vt 5.463760 1.221730
vt 5.463760 1.396263
vt 5.621435 0.174533
vt 5.621435 0.349066
vt 5.621435 0.523599
vt 5.621435 0.698132
vt 5.621435 0.872665
vt 5.621435 1.047198
vt 5.621435 1.221730
vt 5.621435 1.396263
vt 5.779109 0.174533
vt 5.779109 0.349066
vt 5.779109 0.523599
vt 5.779109 0.698132
vt 5.779109 0.872665
vt 5.779109 1.047198
vt 5.779109 1.221730
vt 5.779109 1.396263
vt 5.936783 0.174533
vt 5.936783 0.349066
vt 5.936783 0.523599
vt 5.936783 0.698132
vt 5.936783 0.872665
vt 5.936783 1.047198
vt 5.936783 1.221730
vt 5.936783 1.396263
vt 6.094457 0.174533
vt 6.094457 0.349066
vt 6.094457 0.523599
vt 6.094457 0.698132
vt 6.094457 0.872665
vt 6.094457 1.047198
vt 6.094457 1.221730
vt 6.094457 1.396263
f 193/193/193 217/217/217 194/194/194
f 225/225/225 209/209/209 208/208/208
f 225/225/225 216/216/216 209/209/209
f 226/226/226 208/208/208 207/207/207
f 226/226/226 225/225/225 208/208/208
f 227/227/227 207/207/207 206/206/206
f 227/227/227 226/226/226 207/207/207
f 228/228/228 206/206/206 205/205/205
f 228/228/228 227/227/227 206/206/206
f 229/229/229 205/205/205 204/204/204
f 229/229/229 228/228/228 205/205/205
f 230/230/230 204/204/204 203/203/203
f 230/230/230 229/229/229 204/204/204
f 231/231/231 203/203/203 202/202/202
f 231/231/231 230/230/230 203/203/203
f 232/232/232 200/200/200 199/199/199
f 232/232/232 201/201/201 200/200/200
f 232/232/232 202/202/202 201/201/201
f 232/232/232 231/231/231 202/202/202
f 233/233/233 215/215/215 216/216/216
f 233/233/233 216/216/216 225/225/225
f 234/234/234 225/225/225 226/226/226
f 234/234/234 233/233/233 225/225/225
f 235/235/235 234/234/234 226/226/226
f 235/235/235 226/226/226 227/227/227
f 236/236/236 235/235/235 227/227/227
f 236/236/236 227/227/227 228/228/228
f 237/237/237 236/236/236 228/228/228
f 237/237/237 228/228/228 229/229/229
f 238/238/238 229/229/229 230/230/230
f 238/238/238 237/237/237 229/229/229
f 239/239/239 238/238/238 230/230/230
f 239/239/239 230/230/230 231/231/231
f 240/240/240 239/239/239 231/231/231
f 240/240/240 199/199/199 198/198/198
f 240/240/240 231/231/231 232/232/232
f 240/240/240 232/232/232 199/199/199
f 241/241/241 214/214/214 215/215/215
f 241/241/241 215/215/215 233/233/233
f 241/241/241 233/233/233 234/234/234
f 242/242/242 241/241/241 234/234/234
f 243/243/243 234/234/234 235/235/235
f 243/243/243 242/242/242 234/234/234
f 244/244/244 243/243/243 235/235/235
f 244/244/244 235/235/235 236/236/236
f 245/245/245 244/244/244 236/236/236
f 245/245/245 236/236/236 237/237/237
f 246/246/246 237/237/237 238/238/238
f 246/246/246 245/245/245 237/237/237
f 247/247/247 246/246/246 238/238/238
f 247/247/247 238/238/238 239/239/239
f 248/248/248 240/240/240 198/198/198
f 248/248/248 198/198/198 197/197/197
f 248/248/248 239/239/239 240/240/240
f 248/248/248 247/247/247 239/239/239
f 249/249/249 213/213/213 214/214/214
f 249/249/249 214/214/214 241/241/241
f 250/250/250 249/249/249 241/241/241
f 250/250/250 241/241/241 242/242/242
f 251/251/251 242/242/242 243/243/243
f 251/251/251 250/250/250 242/242/242
f 252/252/252 243/243/243 244/244/244
f 252/252/252 251/251/251 243/243/243
f 253/253/253 244/244/244 245/245/245
f 253/253/253 252/252/252 244/244/244
f 254/254/254 245/245/245 246/246/246
f 254/254/254 246/246/246 247/247/247
f 254/254/254 253/253/253 245/245/245
f 255/255/255 254/254/254 247/247/247
f 256/256/256 197/197/197 196/196/196
f 256/256/256 248/248/248 197/197/197
f 256/256/256 247/247/247 248/248/248
f 256/256/256 255/255/255 247/247/247
f 257/257/257 212/212/212 213/213/213
f 257/257/257 249/249/249 250/250/250
f 257/257/257 213/213/213 249/249/249
f 258/258/258 257/257/257 250/250/250
f 259/259/259 251/251/251 252/252/252
f 259/259/259 250/250/250 251/251/251
f 259/259/259 258/258/258 250/250/250
f 260/260/260 252/252/252 253/253/253
f 260/260/260 259/259/259 252/252/252
f 261/261/261 253/253/253 254/254/254
f 261/261/261 260/260/260 253/253/253
f 262/262/262 261/261/261 254/254/254
f 263/263/263 254/254/254 255/255/255
f 263/263/263 255/255/255 256/256/256
f 263/263/263 262/262/262 254/254/254
f 264/264/264 196/196/196 195/195/195
f 264/264/264 256/256/256 196/196/196
f 264/264/264 263/263/263 256/256/256
f 265/265/265 210/210/210 211/211/211
f 265/265/265 211/211/211 212/212/212
f 265/265/265 224/224/224 210/210/210
f 265/265/265 212/212/212 257/257/257
f 266/266/266 223/223/223 224/224/224
f 266/266/266 257/257/257 258/258/258
f 266/266/266 265/265/265 257/257/257
f 266/266/266 224/224/224 265/265/265
f 267/267/267 221/221/221 222/222/222
f 267/267/267 222/222/222 223/223/223
f 267/267/267 266/266/266 258/258/258
f 267/267/267 258/258/258 259/259/259
f 267/267/267 223/223/223 266/266/266
f 268/268/268 259/259/259 260/260/260
f 268/268/268 267/267/267 259/259/259
f 268/268/268 221/221/221 267/267/267
f 269/269/269 219/219/219 220/220/220
f 269/269/269 220/220/220 221/221/221
f 269/269/269 221/221/221 268/268/268
f 269/269/269 260/260/260 261/261/261
f 269/269/269 261/261/261 262/262/262
f 269/269/269 268/268/268 260/260/260
f 270/270/270 219/219/219 269/269/269
f 270/270/270 269/269/269 262/262/262
f 271/271/271 218/218/218 219/219/219
f 271/271/271 262/262/262 263/263/263
f 271/271/271 219/219/219 270/270/270
f 271/271/271 270/270/270 262/262/262
f 272/272/272 195/195/195 194/194/194
f 272/272/272 217/217/217 218/218/218
f 272/272/272 264/264/264 195/195/195
f 272/272/272 263/263/263 264/264/264
f 272/272/272 218/218/218 271/271/271
f 272/272/272 194/194/194 217/217/217
f 272/272/272 271/271/271 263/263/263
v -22.500000 -6.129062 69.400002
v -22.672974 -6.410016 69.371132
v -22.840693 -6.682432 69.285416
v -22.998058 -6.938035 69.145447
v -23.140291 -7.169058 68.955482
v -23.263069 -7.368481 68.721298
v -23.362661 -7.530245 68.449997
v -23.436043 -7.649435 68.149841
v -23.480984 -7.722428 67.829933
v -23.496117 -7.747009 67.500000
v -17.212126 -10.962995 67.500000
v -10.501106 -13.152364 67.500000
v -3.529558 -14.260798 67.500000
v 3.529558 -14.260798 67.500000
v 10.501106 -13.152364 67.500000
v 17.212126 -10.962995 67.500000
v 23.496117 -7.747009 67.500000
v 22.500000 -6.129062 69.400002
v 22.672974 -6.410016 69.371132
v 22.840693 -6.682432 69.285416
v 22.998058 -6.938035 69.145447
v 23.140291 -7.169058 68.955482
v 23.263069 -7.368481 68.721298
v 23.362661 -7.530245 68.449997
v 23.436043 -7.649435 68.149841
v 23.480984 -7.722428 67.829933
v -16.482418 -9.208706 69.400002
v -10.055912 -11.305257 69.400002
v -3.379922 -12.366699 69.400002
v 3.379922 -12.366699 69.400002
v 10.055912 -11.305257 69.400002
v 16.482418 -9.208706 69.400002
v -17.201038 -10.936343 67.829933
v -17.168118 -10.857198 68.149841
v -17.114363 -10.727964 68.449997
v -17.041407 -10.552569 68.721298
v -16.951466 -10.336341 68.955482
v -16.847271 -10.085851 69.145447
v -16.731993 -9.808708 69.285416
v -16.609131 -9.513335 69.371132
v -10.494343 -13.124302 67.829933
v -10.474257 -13.040969 68.149841
v -10.441462 -12.904898 68.449997
v -10.396951 -12.720222 68.721298
v -10.342077 -12.492554 68.955482
v -10.278509 -12.228810 69.145447
v -10.208178 -11.937004 69.285416
v -10.133220 -11.626003 69.371132
v -3.527284 -14.232022 67.829933
v -3.520534 -14.146569 68.149841
v -3.509511 -14.007037 68.449997
v -3.494550 -13.817663 68.721298
v -3.476106 -13.584203 68.955482
v -3.454740 -13.313748 69.145447
v -3.431101 -13.014519 69.285416
v -3.405906 -12.695606 69.371132
v 3.527284 -14.232022 67.829933
v 3.520534 -14.146569 68.149841
v 3.509511 -14.007037 68.449997
v 3.494550 -13.817663 68.721298
v 3.476106 -13.584203 68.955482
v 3.454740 -13.313748 69.145447
v 3.431101 -13.014519 69.285416
v 3.405906 -12.695606 69.371132
v 10.494343 -13.124302 67.829933
v 10.474257 -13.040969 68.149841
v 10.441462 -12.904898 68.449997
v 10.396951 -12.720222 68.721298
v 10.342077 -12.492554 68.955482
v 10.278509 -12.228810 69.145447
v 10.208178 -11.937004 69.285416
v 10.133220 -11.626003 69.371132
v 17.201038 -10.936343 67.829933
v 17.168118 -10.857198 68.149841
v 17.114363 -10.727964 68.449997
v 17.041407 -10.552569 68.721298
v 16.951466 -10.336341 68.955482
v 16.847271 -10.085851 69.145447
v 16.731993 -9.808708 69.285416
v 16.609131 -9.513335 69.371132
vn -0.000000 -0.000000 -1.000000
vn 0.091039 0.147870 -0.984808
vn 0.179312 0.291248 -0.939693
vn 0.262136 0.425775 -0.866025
vn 0.336995 0.547366 -0.766044
vn 0.401616 0.652326 -0.642788
vn 0.454033 0.737465 -0.500000
vn 0.492654 0.800196 -0.342020
vn 0.516307 0.838614 -0.173648
vn 0.524272 0.851551 -0.000000
vn 0.384056 0.923310 -0.000000
vn 0.234313 0.972161 -0.000000
vn 0.078755 0.996894 -0.000000
vn -0.078755 0.996894 -0.000000
vn -0.234313 0.972161 -0.000000
vn -0.384056 0.923310 -0.000000
vn -0.524272 0.851551 -0.000000
vn 0.000000 -0.000000 -1.000000
vn -0.091039 0.147870 -0.984808
vn -0.179312 0.291248 -0.939693
vn -0.262136 0.425775 -0.866025
vn -0.336995 0.547366 -0.766044
vn -0.401616 0.652326 -0.642788
vn -0.454033 0.737465 -0.500000
vn -0.492654 0.800196 -0.342020
vn -0.516307 0.838614 -0.173648
vn -0.000000 -0.000000 -1.000000
vn -0.000000 -0.000000 -1.000000
vn -0.000000 -0.000000 -1.000000
vn 0.000000 -0.000000 -1.000000
vn 0.000000 -0.000000 -1.000000
vn 0.000000 -0.000000 -1.000000
vn 0.378222 0.909283 -0.173648
vn 0.360895 0.867627 -0.342020
vn 0.332603 0.799610 -0.500000
vn 0.294204 0.707296 -0.642788
vn 0.246867 0.593492 -0.766044
vn 0.192028 0.461655 -0.866025
vn 0.131355 0.315791 -0.939693
vn 0.066691 0.160331 -0.984808
vn 0.230753 0.957392 -0.173648
vn 0.220182 0.913533 -0.342020
vn 0.202921 0.841916 -0.500000
vn 0.179494 0.744719 -0.642788
vn 0.150613 0.624893 -0.766044
vn 0.117156 0.486081 -0.866025
vn 0.080140 0.332499 -0.939693
vn 0.040688 0.168814 -0.984808
vn 0.077559 0.981749 -0.173648
vn 0.074006 0.936774 -0.342020
vn 0.068204 0.863335 -0.500000
vn 0.060330 0.763665 -0.642788
vn 0.050623 0.640791 -0.766044
vn 0.039378 0.498447 -0.866025
vn 0.026936 0.340958 -0.939693
vn 0.013676 0.173109 -0.984808
vn -0.077559 0.981749 -0.173648
vn -0.074006 0.936774 -0.342020
vn -0.068204 0.863335 -0.500000
vn -0.060330 0.763665 -0.642788
vn -0.050623 0.640791 -0.766044
vn -0.039378 0.498447 -0.866025
vn -0.026936 0.340958 -0.939693
vn -0.013676 0.173109 -0.984808
vn -0.230753 0.957392 -0.173648
vn -0.220182 0.913533 -0.342020
vn -0.202921 0.841916 -0.500000
vn -0.179494 0.744719 -0.642788
vn -0.150613 0.624893 -0.766044
vn -0.117156 0.486081 -0.866025
vn -0.080140 0.332499 -0.939693
vn -0.040688 0.168814 -0.984808
vn -0.378222 0.909283 -0.173648
vn -0.360895 0.867627 -0.342020
vn -0.332603 0.799610 -0.500000
vn -0.294204 0.707296 -0.642788
vn -0.246867 0.593492 -0.766044
vn -0.192028 0.461655 -0.866025
vn -0.131355 0.315791 -0.939693
vn -0.066691 0.160331 -0.984808
vt 0.031054 1.570796
vt 0.031054 1.396263
vt 0.031054 1.221730
vt 0.031054 1.047198
vt 0.031054 0.872665
vt 0.031054 0.698132
vt 0.031054 0.523599
vt 0.031054 0.349066
vt 0.031054 0.174533
vt 0.031054 0.000000
vt 0.188728 0.000000
vt 0.346402 0.000000
vt 0.504076 0.000000
vt 0.661751 0.000000
vt 0.819425 0.000000
vt 0.977099 0.000000
vt 1.134773 0.000000
vt 1.134773 1.570796
vt 1.134773 1.396263
vt 1.134773 1.221730
vt 1.134773 1.047198
vt 1.134773 0.872665
vt 1.134773 0.698132
vt 1.134773 0.523599
vt 1.134773 0.349066
vt 1.134773 0.174533
vt 0.188728 1.570796
vt 0.346402 1.570796
vt 0.504076 1.570796
vt 0.661751 1.570796
vt 0.819425 1.570796
vt 0.977099 1.570796
vt 0.188728 0.174533
vt 0.188728 0.349066
vt 0.188728 0.523599
vt 0.188728 0.698132
vt 0.188728 0.872665
vt 0.188728 1.047198
vt 0.188728 1.221730
vt 0.188728 1.396263
vt 0.346402 0.174533
vt 0.346402 0.349066
vt 0.346402 0.523599
vt 0.346402 0.698132
vt 0.346402 0.872665
vt 0.346402 1.047198
vt 0.346402 1.221730
vt 0.346402 1.396263
vt 0.504076 0.174533
vt 0.504076 0.349066
vt 0.504076 0.523599
vt 0.504076 0.698132
vt 0.504076 0.872665
vt 0.504076 1.047198
vt 0.504076 1.221730
vt 0.504076 1.396263
vt 0.661751 0.174533
vt 0.661751 0.349066
vt 0.661751 0.523599
vt 0.661751 0.698132
vt 0.661751 0.872665
vt 0.661751 1.047198
vt 0.661751 1.221730
vt 0.661751 1.396263
vt 0.819425 0.174533
vt 0.819425 0.349066
vt 0.819425 0.523599
vt 0.819425 0.698132
vt 0.819425 0.872665
vt 0.819425 1.047198
vt 0.819425 1.221730
vt 0.819425 1.396263
vt 0.977099 0.174533
vt 0.977099 0.349066
vt 0.977099 0.523599
vt 0.977099 0.698132
vt 0.977099 0.872665
vt 0.977099 1.047198
vt 0.977099 1.221730
vt 0.977099 1.396263
f 283/283/283 282/282/282 281/281/281
f 299/299/299 274/274/274 273/273/273
f 298/298/298 289/289/289 288/288/288
f 305/305/305 283/283/283 281/281/281
f 306/306/306 281/281/281 280/280/280
f 306/306/306 305/305/305 281/281/281
f 307/307/307 280/280/280 279/279/279
f 307/307/307 306/306/306 280/280/280
f 308/308/308 279/279/279 278/278/278
f 308/308/308 307/307/307 279/279/279
f 309/309/309 278/278/278 277/277/277
f 309/309/309 308/308/308 278/278/278
f 310/310/310 277/277/277 276/276/276
f 310/310/310 309/309/309 277/277/277
f 311/311/311 276/276/276 275/275/275
f 311/311/311 310/310/310 276/276/276
f 312/312/312 275/275/275 274/274/274
f 312/312/312 311/311/311 275/275/275
f 312/312/312 274/274/274 299/299/299
f 313/313/313 284/284/284 283/283/283
f 313/313/313 283/283/283 305/305/305
f 314/314/314 313/313/313 305/305/305
f 314/314/314 305/305/305 306/306/306
f 315/315/315 314/314/314 306/306/306
f 315/315/315 307/307/307 308/308/308
f 315/315/315 306/306/306 307/307/307
f 316/316/316 315/315/315 308/308/308
f 317/317/317 308/308/308 309/309/309
f 317/317/317 316/316/316 308/308/308
f 318/318/318 309/309/309 310/310/310
f 318/318/318 317/317/317 309/309/309
f 319/319/319 318/318/318 310/310/310
f 319/319/319 310/310/310 311/311/311
f 320/320/320 319/319/319 311/311/311
f 320/320/320 299/299/299 300/300/300
f 320/320/320 312/312/312 299/299/299
f 320/320/320 311/311/311 312/312/312
f 321/321/321 285/285/285 284/284/284
f 321/321/321 284/284/284 313/313/313
f 322/322/322 313/313/313 314/314/314
f 322/322/322 321/321/321 313/313/313
f 323/323/323 322/322/322 314/314/314
f 323/323/323 315/315/315 316/316/316
f 323/323/323 314/314/314 315/315/315
f 324/324/324 323/323/323 316/316/316
f 325/325/325 324/324/324 316/316/316
f 325/325/325 316/316/316 317/317/317
f 326/326/326 317/317/317 318/318/318
f 326/326/326 325/325/325 317/317/317
f 327/327/327 319/319/319 320/320/320
f 327/327/327 326/326/326 318/318/318
f 327/327/327 318/318/318 319/319/319
f 328/328/328 327/327/327 320/320/320
f 328/328/328 300/300/300 301/301/301
f 328/328/328 301/301/301 302/302/302
f 328/328/328 320/320/320 300/300/300
f 329/329/329 286/286/286 285/285/285
f 329/329/329 285/285/285 321/321/321
f 330/330/330 329/329/329 321/321/321
f 330/330/330 321/321/321 322/322/322
f 331/331/331 322/322/322 323/323/323
f 331/331/331 330/330/330 322/322/322
f 332/332/332 323/323/323 324/324/324
f 332/332/332 331/331/331 323/323/323
f 333/333/333 332/332/332 324/324/324
f 333/333/333 324/324/324 325/325/325
f 334/334/334 333/333/333 325/325/325
f 334/334/334 325/325/325 326/326/326
f 335/335/335 326/326/326 327/327/327
f 335/335/335 334/334/334 326/326/326
f 336/336/336 327/327/327 328/328/328
f 336/336/336 328/328/328 302/302/302
f 336/336/336 335/335/335 327/327/327
f 337/337/337 287/287/287 286/286/286
f 337/337/337 286/286/286 329/329/329
f 337/337/337 329/329/329 330/330/330
f 338/338/338 337/337/337 330/330/330
f 339/339/339 330/330/330 331/331/331
f 339/339/339 331/331/331 332/332/332
f 339/339/339 338/338/338 330/330/330
f 340/340/340 339/339/339 332/332/332
f 341/341/341 332/332/332 333/333/333
f 341/341/341 340/340/340 332/332/332
f 342/342/342 333/333/333 334/334/334
f 342/342/342 341/341/341 333/333/333
f 343/343/343 334/334/334 335/335/335
f 343/343/343 342/342/342 334/334/334
f 344/344/344 302/302/302 303/303/303
f 344/344/344 343/343/343 335/335/335
f 344/344/344 336/336/336 302/302/302
f 344/344/344 335/335/335 336/336/336
f 345/345/345 288/288/288 287/287/287
f 345/345/345 287/287/287 337/337/337
f 345/345/345 298/298/298 288/288/288
f 346/346/346 297/297/297 298/298/298
f 346/346/346 337/337/337 338/338/338
f 346/346/346 345/345/345 337/337/337
f 346/346/346 298/298/298 345/345/345
f 347/347/347 295/295/295 296/296/296
f 347/347/347 296/296/296 297/297/297
f 347/347/347 338/338/338 339/339/339
f 347/347/347 346/346/346 338/338/338
f 347/347/347 297/297/297 346/346/346
f 348/348/348 339/339/339 340/340/340
f 348/348/348 340/340/340 341/341/341
f 348/348/348 295/295/295 347/347/347
f 348/348/348 347/347/347 339/339/339
f 349/349/349 293/293/293 294/294/294
f 349/349/349 294/294/294 295/295/295
f 349/349/349 295/295/295 348/348/348
f 349/349/349 348/348/348 341/341/341
f 350/350/350 341/341/341 342/342/342
f 350/350/350 342/342/342 343/343/343
f 350/350/350 293/293/293 349/349/349
f 350/350/350 349/349/349 341/341/341
f 351/351/351 292/292/292 293/293/293
f 351/351/351 293/293/293 350/350/350
f 351/351/351 350/350/350 343/343/343
f 352/352/352 290/290/290 291/291/291
f 352/352/352 291/291/291 292/292/292
f 352/352/352 303/303/303 304/304/304
f 352/352/352 304/304/304 290/290/290
f 352/352/352 344/344/344 303/303/303
f 352/352/352 343/343/343 344/344/344
f 352/352/352 292/292/292 351/351/351
f 352/352/352 351/351/351 343/343/343
v 23.496117 -7.747009 2.500000
v 23.496117 -7.747009 67.500000
v 23.755232 -7.555383 2.500000
v 23.978235 -7.322721 2.500000
v 24.158707 -7.055717 2.500000
v 24.291458 -6.762053 2.500000
v 24.372667 -6.450176 2.500000
v 24.400000 -6.129062 2.500000
v 24.400000 -6.129062 67.500000
v 23.755232 -7.555383 67.500000
v 23.978235 -7.322721 67.500000
v 24.158707 -7.055717 67.500000
v 24.291458 -6.762053 67.500000
v 24.372667 -6.450176 67.500000
vn -0.524272 0.851551 -0.000000
vn -0.524272 0.851551 -0.000000
vn -0.660649 0.750695 -0.000000
vn -0.778018 0.628242 -0.000000
vn -0.873004 0.487713 -0.000000
vn -0.942873 0.333153 -0.000000
vn -0.985615 0.169008 -0.000000
vn -1.000000 -0.000000 0.000000
vn -1.000000 0.000000 -0.000000
vn -0.660649 0.750695 -0.000000
vn -0.778018 0.628242 -0.000000
vn -0.873004 0.487713 -0.000000
vn -0.942873 0.333153 -0.000000
vn -0.985615 0.169008 -0.000000
vt 0.000000 2.500000
vt 0.000000 67.500000
vt 0.169823 2.500000
vt 0.339646 2.500000
vt 0.509468 2.500000
vt 0.679291 2.500000
vt 0.849114 2.500000
vt 1.018937 2.500000
vt 1.018937 67.500000
vt 0.169823 67.500000
vt 0.339646 67.500000
vt 0.509468 67.500000
vt 0.679291 67.500000
vt 0.849114 67.500000
f 362/362/362 353/353/353 354/354/354
f 362/362/362 355/355/355 353/353/353
f 363/363/363 356/356/356 355/355/355
f 363/363/363 355/355/355 362/362/362
f 364/364/364 357/357/357 356/356/356
f 364/364/364 358/358/358 357/357/357
f 364/364/364 356/356/356 363/363/363
f 365/365/365 358/358/358 364/364/364
f 366/366/366 359/359/359 358/358/358
f 366/366/366 358/358/358 365/365/365
f 361/361/361 360/360/360 359/359/359
f 361/361/361 359/359/359 366/366/366
v -22.500000 6.129062 0.600000
v -22.672974 6.410016 0.628865
v -22.840693 6.682432 0.714584
v -22.998058 6.938035 0.854552
v -23.140291 7.169058 1.044516
v -23.263069 7.368481 1.278704
v -23.362661 7.530245 1.550000
v -23.436043 7.649435 1.850162
v -23.480984 7.722428 2.170069
v -23.496117 7.747009 2.500000
v -22.500000 6.129062 0.600000
v -22.829931 6.129062 0.628865
v -23.149837 6.129062 0.714584
v -23.450001 6.129062 0.854552
v -23.721296 6.129062 1.044516
v -23.955484 6.129062 1.278704
v -24.145449 6.129062 1.550000
v -24.285416 6.129062 1.850162
v -24.371134 6.129062 2.170069
v -24.400000 6.129062 2.500000
v -23.755232 7.555383 2.500000
v -23.978235 7.322721 2.500000
v -24.158707 7.055717 2.500000
v -24.291458 6.762053 2.500000
v -24.372667 6.450176 2.500000
v -22.757128 6.464675 0.647637
v -22.819729 6.405693 0.647637
v -22.869097 6.335262 0.647637
v -23.065327 6.729068 0.788159
v -22.903191 6.256298 0.647637
v -23.175056 6.602242 0.788159
v -23.220457 7.069429 1.014520
v -22.920597 6.172067 0.647637
v -23.256849 6.455832 0.788159
v -23.395861 6.904165 1.014520
v -23.307320 6.295899 0.788159
v -23.534187 6.706822 1.014520
v -23.518682 7.210236 1.315369
v -23.629713 6.485568 1.014520
v -23.716410 6.981702 1.315369
v -23.541090 7.487933 1.675621
v -23.678486 6.249559 1.014520
v -23.863796 6.717882 1.315369
v -23.794556 7.249118 1.675621
v -23.954741 6.429693 1.315369
v -23.994444 6.963949 1.675621
v -23.770277 7.477263 2.077210
v -24.132484 6.644228 1.675621
v -24.016840 7.192287 2.077210
v -24.202963 6.303186 1.675621
v -24.200626 6.863308 2.077210
v -24.314032 6.503942 2.077210
vn 0.000000 -0.000000 1.000000
vn 0.091039 -0.147870 0.984808
vn 0.179312 -0.291248 0.939693
vn 0.262136 -0.425775 0.866025
vn 0.336995 -0.547366 0.766044
vn 0.401616 -0.652326 0.642788
vn 0.454033 -0.737465 0.500000
vn 0.492654 -0.800196 0.342020
vn 0.516307 -0.838614 0.173648
vn 0.524272 -0.851551 -0.000000
vn 0.000000 0.000000 1.000000
vn 0.173648 -0.000000 0.984808
vn 0.342020 -0.000000 0.939693
vn 0.500000 -0.000000 0.866025
vn 0.642788 -0.000000 0.766044
vn 0.766044 -0.000000 0.642788
vn 0.866025 -0.000000 0.500000
vn 0.939693 -0.000000 0.342020
vn 0.984808 -0.000000 0.173648
vn 1.000000 -0.000000 -0.000000
vn 0.660649 -0.750695 -0.000000
vn 0.778018 -0.628242 -0.000000
vn 0.873004 -0.487713 -0.000000
vn 0.942873 -0.333153 -0.000000
vn 0.985615 -0.169008 -0.000000
vn 0.135331 -0.176639 0.974928
vn 0.168278 -0.145595 0.974928
vn 0.194262 -0.108526 0.974928
vn 0.297540 -0.315793 0.900969
vn 0.212205 -0.066966 0.974928
vn 0.355293 -0.249042 0.900969
vn 0.379188 -0.494930 0.781832
vn 0.221367 -0.022634 0.974928
vn 0.398342 -0.171984 0.900969
vn 0.471505 -0.407949 0.781832
vn 0.424905 -0.087809 0.900969
vn 0.544309 -0.304084 0.781832
vn 0.536149 -0.569039 0.623490
vn 0.594586 -0.187635 0.781832
vn 0.640216 -0.448758 0.623490
vn 0.547942 -0.715195 0.433884
vn 0.620256 -0.063420 0.781832
vn 0.717788 -0.309905 0.623490
vn 0.681345 -0.589503 0.433884
vn 0.765653 -0.158227 0.623490
vn 0.786549 -0.439414 0.433884
vn 0.668566 -0.709580 0.222521
vn 0.859202 -0.271140 0.433884
vn 0.798336 -0.559592 0.222521
vn 0.896296 -0.091644 0.433884
vn 0.895067 -0.386446 0.222521
vn 0.954754 -0.197306 0.222521
vt 0.000000 -1.570796
vt 0.000000 -1.396263
vt 0.000000 -1.221730
vt 0.000000 -1.047198
vt 0.000000 -0.872665
vt 0.000000 -0.698132
vt 0.000000 -0.523599
vt 0.000000 -0.349066
vt 0.000000 -0.174533
vt 0.000000 0.000000
vt 1.018937 -1.570796
vt 1.018937 -1.396263
vt 1.018937 -1.221730
vt 1.018937 -1.047198
vt 1.018937 -0.872665
vt 1.018937 -0.698132
vt 1.018937 -0.523599
vt 1.018937 -0.349066
vt 1.018937 -0.174533
vt 1.018937 0.000000
vt 0.169823 0.000000
vt 0.339646 0.000000
vt 0.509468 0.000000
vt 0.679291 0.000000
vt 0.849114 0.000000
vt 0.101894 -1.346397
vt 0.305681 -1.346397
vt 0.509468 -1.346397
vt 0.203787 -1.121997
vt 0.713256 -1.346397
vt 0.407575 -1.121997
vt 0.101894 -0.897598
vt 0.917043 -1.346397
vt 0.611362 -1.121997
vt 0.305681 -0.897598
vt 0.815149 -1.121997
vt 0.509468 -0.897598
vt 0.203787 -0.673198
vt 0.713256 -0.897598
vt 0.407575 -0.673198
vt 0.101894 -0.448799
vt 0.917043 -0.897598
vt 0.611362 -0.673198
vt 0.305681 -0.448799
vt 0.815149 -0.673198
vt 0.509468 -0.448799
vt 0.203787 -0.224399
vt 0.713256 -0.448799
vt 0.407575 -0.224399
vt 0.917043 -0.448799
vt 0.611362 -0.224399
vt 0.815149 -0.224399
f 387/387/387 375/375/375 376/376/376
f 386/386/386 385/385/385 391/391/391
f 392/392/392 368/368/368 369/369/369
f 393/393/393 367/367/367 368/368/368
f 393/393/393 368/368/368 392/392/392
f 393/393/393 392/392/392 369/369/369
f 394/394/394 377/377/377 367/367/367
f 394/394/394 367/367/367 393/393/393
f 395/395/395 369/369/369 370/370/370
f 395/395/395 393/393/393 369/369/369
f 396/396/396 378/378/378 377/377/377
f 396/396/396 377/377/377 394/394/394
f 397/397/397 393/393/393 395/395/395
f 397/397/397 394/394/394 393/393/393
f 398/398/398 370/370/370 371/371/371
f 398/398/398 371/371/371 372/372/372
f 398/398/398 395/395/395 370/370/370
f 399/399/399 379/379/379 378/378/378
f 399/399/399 396/396/396 379/379/379
f 399/399/399 378/378/378 396/396/396
f 400/400/400 396/396/396 394/394/394
f 400/400/400 394/394/394 397/397/397
f 401/401/401 397/397/397 395/395/395
f 401/401/401 395/395/395 398/398/398
f 402/402/402 380/380/380 379/379/379
f 402/402/402 379/379/379 396/396/396
f 402/402/402 396/396/396 400/400/400
f 403/403/403 397/397/397 401/401/401
f 403/403/403 400/400/400 397/397/397
f 404/404/404 372/372/372 373/373/373
f 404/404/404 398/398/398 372/372/372
f 404/404/404 401/401/401 398/398/398
f 405/405/405 402/402/402 400/400/400
f 405/405/405 400/400/400 403/403/403
f 406/406/406 403/403/403 401/401/401
f 406/406/406 401/401/401 404/404/404
f 407/407/407 373/373/373 374/374/374
f 407/407/407 404/404/404 373/373/373
f 408/408/408 381/381/381 380/380/380
f 408/408/408 382/382/382 381/381/381
f 408/408/408 380/380/380 402/402/402
f 408/408/408 402/402/402 405/405/405
f 409/409/409 405/405/405 403/403/403
f 409/409/409 403/403/403 406/406/406
f 410/410/410 407/407/407 374/374/374
f 410/410/410 406/406/406 404/404/404
f 410/410/410 404/404/404 407/407/407
f 411/411/411 383/383/383 382/382/382
f 411/411/411 405/405/405 409/409/409
f 411/411/411 382/382/382 408/408/408
f 411/411/411 408/408/408 405/405/405
f 412/412/412 406/406/406 410/410/410
f 412/412/412 409/409/409 406/406/406
f 413/413/413 374/374/374 375/375/375
f 413/413/413 387/387/387 388/388/388
f 413/413/413 375/375/375 387/387/387
f 413/413/413 410/410/410 374/374/374
f 414/414/414 411/411/411 409/409/409
f 414/414/414 409/409/409 412/412/412
f 415/415/415 410/410/410 413/413/413
f 415/415/415 388/388/388 389/389/389
f 415/415/415 413/413/413 388/388/388
f 415/415/415 412/412/412 410/410/410
f 416/416/416 414/414/414 384/384/384
f 416/416/416 384/384/384 383/383/383
f 416/416/416 383/383/383 411/411/411
f 416/416/416 411/411/411 414/414/414
f 417/417/417 415/415/415 389/389/389
f 417/417/417 412/412/412 415/415/415
f 417/417/417 389/389/389 390/390/390
f 417/417/417 414/414/414 412/412/412
f 418/418/418 414/414/414 417/417/417
f 418/418/418 384/384/384 414/414/414
f 418/418/418 385/385/385 384/384/384
f 418/418/418 417/417/417 390/390/390
f 418/418/418 390/390/390 391/391/391
f 418/418/418 391/391/391 385/385/385
v -22.500000 6.129062 0.600000
v -22.500000 -6.129062 0.600000
v -16.482418 -9.208706 0.600000
v -10.055912 -11.305257 0.600000
v -3.379922 -12.366699 0.600000
v 3.379922 -12.366699 0.600000
v 10.055912 -11.305257 0.600000
v 16.482418 -9.208706 0.600000
v 22.500000 -6.129062 0.600000
v 22.500000 6.129062 0.600000
v 16.482418 9.208706 0.600000
v 10.055912 11.305257 0.600000
v 3.379922 12.366699 0.600000
v -3.379922 12.366699 0.600000
v -10.055912 11.305257 0.600000
v -16.482418 9.208706 0.600000
vn 0.000000 0.000000 1.000000
vn 0.000000 0.000000 1.000000
vn 0.000000 0.000000 1.000000
vn 0.000000 0.000000 1.000000
vn 0.000000 0.000000 1.000000
vn 0.000000 0.000000 1.000000
vn 0.000000 0.000000 1.000000
vn 0.000000 0.000000 1.000000
vn 0.000000 0.000000 1.000000
vn 0.000000 0.000000 1.000000
vn 0.000000 0.000000 1.000000
vn 0.000000 0.000000 1.000000
vn 0.000000 0.000000 1.000000
vn 0.000000 0.000000 1.000000
vn 0.000000 0.000000 1.000000
vn 0.000000 0.000000 1.000000
vt -22.500000 6.129062
vt -22.500000 -6.129062
vt -16.482418 -9.208706
vt -10.055912 -11.305257
vt -3.379922 -12.366699
vt 3.379922 -12.366699
vt 10.055912 -11.305257
vt 16.482418 -9.208706
vt 22.500000 -6.129062
vt 22.500000 6.129062
vt 16.482418 9.208706
vt 10.055912 11.305257
vt 3.379922 12.366699
vt -3.379922 12.366699
vt -10.055912 11.305257
vt -16.482418 9.208706
f 434/434/434 419/419/419 420/420/420
f 434/434/434 420/420/420 421/421/421
f 433/433/433 421/421/421 422/422/422
f 433/433/433 434/434/434 421/421/421
f 432/432/432 422/422/422 423/423/423
f 432/432/432 433/433/433 422/422/422
f 431/431/431 423/423/423 424/424/424
f 431/431/431 424/424/424 425/425/425
f 431/431/431 432/432/432 423/423/423
f 430/430/430 425/425/425 426/426/426
f 430/430/430 431/431/431 425/425/425
f 429/429/429 426/426/426 427/427/427
f 429/429/429 430/430/430 426/426/426
f 428/428/428 429/429/429 427/427/427
v 23.496117 7.747009 2.500000
v 17.212126 10.962995 2.500000
v 10.501106 13.152364 2.500000
v 3.529558 14.260798 2.500000
v -3.529558 14.260798 2.500000
v -10.501106 13.152364 2.500000
v -17.212126 10.962995 2.500000
v -23.496117 7.747009 2.500000
v -23.496117 7.747009 67.500000
v 23.496117 7.747009 67.500000
v 17.212126 10.962995 67.500000
v 10.501106 13.152364 67.500000
v 3.529558 14.260798 67.500000
v -3.529558 14.260798 67.500000
v -10.501106 13.152364 67.500000
v -17.212126 10.962995 67.500000
vn -0.524272 -0.851551 0.000000
vn -0.384056 -0.923310 0.000000
vn -0.234313 -0.972161 0.000000
vn -0.078755 -0.996894 0.000000
vn 0.078755 -0.996894 -0.000000
vn 0.234313 -0.972161 -0.000000
vn 0.384056 -0.923310 -0.000000
vn 0.524272 -0.851551 -0.000000
vn 0.524272 -0.851551 -0.000000
vn -0.524272 -0.851551 0.000000
vn -0.384056 -0.923310 0.000000
vn -0.234313 -0.972161 0.000000
vn -0.078755 -0.996894 0.000000
vn 0.078755 -0.996894 -0.000000
vn 0.234313 -0.972161 -0.000000
vn 0.384056 -0.923310 -0.000000
vt 1.134773 -2.500000
vt 0.977099 -2.500000
vt 0.819425 -2.500000
vt 0.661751 -2.500000
vt 0.504076 -2.500000
vt 0.346402 -2.500000
vt 0.188728 -2.500000
vt 0.031054 -2.500000
vt 0.031054 -67.500000
vt 1.134773 -67.500000
vt 0.977099 -67.500000
vt 0.819425 -67.500000
vt 0.661751 -67.500000
vt 0.504076 -67.500000
vt 0.346402 -67.500000
vt 0.188728 -67.500000
f 441/441/441 443/443/443 442/442/442
f 441/441/441 449/449/449 450/450/450
f 441/441/441 450/450/450 443/443/443
f 440/440/440 448/448/448 449/449/449
f 440/440/440 449/449/449 441/441/441
f 439/439/439 448/448/448 440/440/440
f 438/438/438 447/447/447 448/448/448
f 438/438/438 448/448/448 439/439/439
f 437/437/437 446/446/446 447/447/447
f 437/437/437 447/447/447 438/438/438
f 436/436/436 444/444/444 445/445/445
f 436/436/436 445/445/445 446/446/446
f 436/436/436 446/446/446 437/437/437
f 435/435/435 444/444/444 436/436/436
v -23.496117 7.747009 67.500000
v -23.755232 7.555383 67.500000
v -23.978235 7.322721 67.500000
v -24.158707 7.055717 67.500000
v -24.291458 6.762053 67.500000
v -24.372667 6.450176 67.500000
v -24.400000 6.129062 67.500000
v -22.500000 6.129062 69.400002
v -22.829931 6.129062 69.371132
v -23.149837 6.129062 69.285416
v -23.450001 6.129062 69.145447
v -23.721296 6.129062 68.955482
v -23.955484 6.129062 68.721298
v -24.145449 6.129062 68.449997
v -24.285416 6.129062 68.149841
v -24.371134 6.129062 67.829933
v -22.500000 6.129062 69.400002
v -22.672974 6.410016 69.371132
v -22.840693 6.682432 69.285416
v -22.998058 6.938035 69.145447
v -23.140291 7.169058 68.955482
v -23.263069 7.368481 68.721298
v -23.362661 7.530245 68.449997
v -23.436043 7.649435 68.149841
v -23.480984 7.722428 67.829933
v -22.920597 6.172067 69.352364
v -22.903191 6.256298 69.352364
v -22.869097 6.335262 69.352364
v -23.307320 6.295899 69.211838
v -22.819729 6.405693 69.352364
v -23.256849 6.455832 69.211838
v -23.678486 6.249559 68.985481
v -22.757128 6.464675 69.352364
v -23.175056 6.602242 69.211838
v -23.629713 6.485568 68.985481
v -23.065327 6.729068 69.211838
v -23.534187 6.706822 68.985481
v -23.954741 6.429693 68.684631
v -23.395861 6.904165 68.985481
v -23.863796 6.717882 68.684631
v -24.202963 6.303186 68.324379
v -23.220457 7.069429 68.985481
v -23.716410 6.981702 68.684631
v -24.132484 6.644228 68.324379
v -23.518682 7.210236 68.684631
v -23.994444 6.963949 68.324379
v -24.314032 6.503942 67.922791
v -23.794556 7.249118 68.324379
v -24.200626 6.863308 67.922791
v -23.541090 7.487933 68.324379
v -24.016840 7.192287 67.922791
v -23.770277 7.477263 67.922791
vn 0.524272 -0.851551 -0.000000
vn 0.660649 -0.750695 -0.000000
vn 0.778018 -0.628242 -0.000000
vn 0.873004 -0.487713 -0.000000
vn 0.942873 -0.333153 -0.000000
vn 0.985615 -0.169008 -0.000000
vn 1.000000 -0.000000 -0.000000
vn 0.000000 0.000000 -1.000000
vn 0.173648 -0.000000 -0.984808
vn 0.342020 -0.000000 -0.939693
vn 0.500000 -0.000000 -0.866025
vn 0.642788 -0.000000 -0.766044
vn 0.766044 -0.000000 -0.642788
vn 0.866025 -0.000000 -0.500000
vn 0.939693 -0.000000 -0.342020
vn 0.984808 -0.000000 -0.173648
vn 0.000000 -0.000000 -1.000000
vn 0.091039 -0.147870 -0.984808
vn 0.179312 -0.291248 -0.939693
vn 0.262136 -0.425775 -0.866025
vn 0.336995 -0.547366 -0.766044
vn 0.401616 -0.652326 -0.642788
vn 0.454033 -0.737465 -0.500000
vn 0.492654 -0.800196 -0.342020
vn 0.516307 -0.838614 -0.173648
vn 0.221367 -0.022634 -0.974928
vn 0.212205 -0.066966 -0.974928
vn 0.194262 -0.108526 -0.974928
vn 0.424905 -0.087809 -0.900969
vn 0.168278 -0.145595 -0.974928
vn 0.398342 -0.171984 -0.900969
vn 0.620256 -0.063420 -0.781832
vn 0.135331 -0.176639 -0.974928
vn 0.355293 -0.249042 -0.900969
vn 0.594586 -0.187635 -0.781832
vn 0.297540 -0.315793 -0.900969
vn 0.544309 -0.304084 -0.781832
vn 0.765653 -0.158227 -0.623490
vn 0.471505 -0.407949 -0.781832
vn 0.717788 -0.309905 -0.623490
vn 0.896296 -0.091644 -0.433884
vn 0.379188 -0.494930 -0.781832
vn 0.640216 -0.448758 -0.623490
vn 0.859202 -0.271140 -0.433884
vn 0.536149 -0.569039 -0.623490
vn 0.786549 -0.439414 -0.433884
vn 0.954754 -0.197306 -0.222521
vn 0.681345 -0.589503 -0.433884
vn 0.895067 -0.386446 -0.222521
vn 0.547942 -0.715195 -0.433884
vn 0.798336 -0.559592 -0.222521
vn 0.668566 -0.709580 -0.222521
vt 6.283185 0.000000
vt 6.113363 0.000000
vt 5.943540 0.000000
vt 5.773717 0.000000
vt 5.603894 0.000000
vt 5.434072 0.000000
vt 5.264249 0.000000
vt 5.264249 -1.570796
vt 5.264249 -1.396263
vt 5.264249 -1.221730
vt 5.264249 -1.047198
vt 5.264249 -0.872665
vt 5.264249 -0.698132
vt 5.264249 -0.523599
vt 5.264249 -0.349066
vt 5.264249 -0.174533
vt 6.283185 -1.570796
vt 6.283185 -1.396263
vt 6.283185 -1.221730
vt 6.283185 -1.047198
vt 6.283185 -0.872665
vt 6.283185 -0.698132
vt 6.283185 -0.523599
vt 6.283185 -0.349066
vt 6.283185 -0.174533
vt 5.366142 -1.346397
vt 5.569930 -1.346397
vt 5.773717 -1.346397
vt 5.468036 -1.121997
vt 5.977504 -1.346397
vt 5.671824 -1.121997
vt 5.366142 -0.897598
vt 6.181292 -1.346397
vt 5.875611 -1.121997
vt 5.569930 -0.897598
vt 6.079398 -1.121997
vt 5.773717 -0.897598
vt 5.468036 -0.673198
vt 5.977504 -0.897598
vt 5.671824 -0.673198
vt 5.366142 -0.448799
vt 6.181292 -0.897598
vt 5.875611 -0.673198
vt 5.569930 -0.448799
vt 6.079398 -0.673198
vt 5.773717 -0.448799
vt 5.468036 -0.224399
vt 5.977504 -0.448799
vt 5.671824 -0.224399
vt 6.181292 -0.448799
vt 5.875611 -0.224399
vt 6.079398 -0.224399
f 456/456/456 466/466/466 457/457/457
f 451/451/451 475/475/475 452/452/452
f 476/476/476 459/459/459 460/460/460
f 477/477/477 458/458/458 459/459/459
f 477/477/477 476/476/476 460/460/460
f 477/477/477 459/459/459 476/476/476
f 478/478/478 467/467/467 458/458/458
f 478/478/478 458/458/458 477/477/477
f 479/479/479 460/460/460 461/461/461
f 479/479/479 477/477/477 460/460/460
f 480/480/480 468/468/468 467/467/467
f 480/480/480 467/467/467 478/478/478
f 481/481/481 477/477/477 479/479/479
f 481/481/481 478/478/478 477/477/477
f 482/482/482 461/461/461 462/462/462
f 482/482/482 462/462/462 463/463/463
f 482/482/482 479/479/479 461/461/461
f 483/483/483 469/469/469 468/468/468
f 483/483/483 480/480/480 469/469/469
f 483/483/483 468/468/468 480/480/480
f 484/484/484 480/480/480 478/478/478
f 484/484/484 478/478/478 481/481/481
f 485/485/485 481/481/481 479/479/479
f 485/485/485 479/479/479 482/482/482
f 486/486/486 470/470/470 469/469/469
f 486/486/486 480/480/480 484/484/484
f 486/486/486 469/469/469 480/480/480
f 487/487/487 481/481/481 485/485/485
f 487/487/487 484/484/484 481/481/481
f 488/488/488 463/463/463 464/464/464
f 488/488/488 482/482/482 463/463/463
f 488/488/488 485/485/485 482/482/482
f 489/489/489 486/486/486 484/484/484
f 489/489/489 484/484/484 487/487/487
f 490/490/490 487/487/487 485/485/485
f 490/490/490 485/485/485 488/488/488
f 491/491/491 464/464/464 465/465/465
f 491/491/491 488/488/488 464/464/464
f 492/492/492 471/471/471 470/470/470
f 492/492/492 472/472/472 471/471/471
f 492/492/492 486/486/486 489/489/489
f 492/492/492 470/470/470 486/486/486
f 493/493/493 489/489/489 487/487/487
f 493/493/493 487/487/487 490/490/490
f 494/494/494 491/491/491 465/465/465
f 494/494/494 490/490/490 488/488/488
f 494/494/494 488/488/488 491/491/491
f 495/495/495 473/473/473 472/472/472
f 495/495/495 489/489/489 493/493/493
f 495/495/495 472/472/472 492/492/492
f 495/495/495 492/492/492 489/489/489
f 496/496/496 490/490/490 494/494/494
f 496/496/496 493/493/493 490/490/490
f 497/497/497 456/456/456 455/455/455
f 497/497/497 465/465/465 466/466/466
f 497/497/497 466/466/466 456/456/456
f 497/497/497 494/494/494 465/465/465
f 498/498/498 493/493/493 496/496/496
f 498/498/498 495/495/495 493/493/493
f 499/499/499 455/455/455 454/454/454
f 499/499/499 494/494/494 497/497/497
f 499/499/499 497/497/497 455/455/455
f 499/499/499 496/496/496 494/494/494
f 500/500/500 495/495/495 498/498/498
f 500/500/500 498/498/498 474/474/474
f 500/500/500 474/474/474 473/473/473
f 500/500/500 473/473/473 495/495/495
f 501/501/501 454/454/454 453/453/453
f 501/501/501 498/498/498 496/496/496
f 501/501/501 496/496/496 499/499/499
f 501/501/501 499/499/499 454/454/454
f 502/502/502 453/453/453 452/452/452
f 502/502/502 474/474/474 498/498/498
f 502/502/502 501/501/501 453/453/453
f 502/502/502 475/475/475 474/474/474
f 502/502/502 498/498/498 501/501/501
f 502/502/502 452/452/452 475/475/475
v 22.500000 6.129062 69.400002
v 16.482418 9.208706 69.400002
v 10.055912 11.305257 69.400002
v 3.379922 12.366699 69.400002
v -3.379922 12.366699 69.400002
v -10.055912 11.305257 69.400002
v -16.482418 9.208706 69.400002
v -22.500000 6.129062 69.400002
v -22.500000 -6.129062 69.400002
v -16.482418 -9.208706 69.400002
v -10.055912 -11.305257 69.400002
v -3.379922 -12.366699 69.400002
v 3.379922 -12.366699 69.400002
v 10.055912 -11.305257 69.400002
v 16.482418 -9.208706 69.400002
v 22.500000 -6.129062 69.400002
v 7.500000 0.000000 69.400002
v 7.386058 1.302361 69.400002
v 7.047695 2.565151 69.400002
v 6.495191 3.750000 69.400002
v 5.745333 4.820907 69.400002
v 4.820907 5.745333 69.400002
v 3.750000 6.495191 69.400002
v 2.565151 7.047695 69.400002
v 1.302361 7.386058 69.400002
v 0.000000 7.500000 69.400002
v -1.302361 7.386058 69.400002
v -2.565151 7.047695 69.400002
v -3.750000 6.495191 69.400002
v -4.820907 5.745333 69.400002
v -5.745333 4.820907 69.400002
v -6.495191 3.750000 69.400002
v -7.047695 2.565151 69.400002
v -7.386058 1.302361 69.400002
v -7.500000 0.000000 69.400002
v -7.386058 -1.302361 69.400002
v -7.047695 -2.565151 69.400002
v -6.495191 -3.750000 69.400002
v -5.745333 -4.820907 69.400002
v -4.820907 -5.745333 69.400002
v -3.750000 -6.495191 69.400002
v -2.565151 -7.047695 69.400002
v -1.302361 -7.386058 69.400002
v -0.000000 -7.500000 69.400002
v 1.302361 -7.386058 69.400002
v 2.565151 -7.047695 69.400002
v 3.750000 -6.495191 69.400002
v 4.820907 -5.745333 69.400002
v 5.745333 -4.820907 69.400002
v 6.495191 -3.750000 69.400002
v 7.047695 -2.565151 69.400002
v 7.386058 -1.302361 69.400002
vn -0.000000 -0.000000 -1.000000
vn -0.000000 -0.000000 -1.000000
vn -0.000000 -0.000000 -1.000000
vn -0.000000 -0.000000 -1.000000
vn -0.000000 -0.000000 -1.000000
vn -0.000000 -0.000000 -1.000000
vn -0.000000 -0.000000 -1.000000
vn -0.000000 -0.000000 -1.000000
vn -0.000000 -0.000000 -1.000000
vn -0.000000 -0.000000 -1.000000
vn -0.000000 -0.000000 -1.000000
vn -0.000000 -0.000000 -1.000000
vn -0.000000 -0.000000 -1.000000
vn -0.000000 -0.000000 -1.000000
vn -0.000000 -0.000000 -1.000000
vn -0.000000 -0.000000 -1.000000
vn -0.000000 -0.000000 -1.000000
vn -0.000000 -0.000000 -1.000000
vn -0.000000 -0.000000 -1.000000
vn -0.000000 -0.000000 -1.000000
vn -0.000000 -0.000000 -1.000000
vn -0.000000 -0.000000 -1.000000
vn -0.000000 -0.000000 -1.000000
vn -0.000000 -0.000000 -1.000000
vn -0.000000 -0.000000 -1.000000
vn -0.000000 -0.000000 -1.000000
vn -0.000000 -0.000000 -1.000000
vn -0.000000 -0.000000 -1.000000
vn -0.000000 -0.000000 -1.000000
vn -0.000000 -0.000000 -1.000000
vn -0.000000 -0.000000 -1.000000
vn -0.000000 -0.000000 -1.000000
vn -0.000000 -0.000000 -1.000000
vn -0.000000 -0.000000 -1.000000
vn -0.000000 -0.000000 -1.000000
vn -0.000000 -0.000000 -1.000000
vn -0.000000 -0.000000 -1.000000
vn -0.000000 -0.000000 -1.000000
vn -0.000000 -0.000000 -1.000000
vn -0.000000 -0.000000 -1.000000
vn -0.000000 -0.000000 -1.000000
vn -0.000000 -0.000000 -1.000000
vn -0.000000 -0.000000 -1.000000
vn -0.000000 -0.000000 -1.000000
vn -0.000000 -0.000000 -1.000000
vn -0.000000 -0.000000 -1.000000
vn -0.000000 -0.000000 -1.000000
vn -0.000000 -0.000000 -1.000000
vn -0.000000 -0.000000 -1.000000
vn -0.000000 -0.000000 -1.000000
vn -0.000000 -0.000000 -1.000000
vn -0.000000 -0.000000 -1.000000
vt 22.500000 6.129062
vt 16.482418 9.208706
vt 10.055912 11.305257
vt 3.379922 12.366699
vt -3.379922 12.366699
vt -10.055912 11.305257
vt -16.482418 9.208706
vt -22.500000 6.129062
vt -22.500000 -6.129062
vt -16.482418 -9.208706
vt -10.055912 -11.305257
vt -3.379922 -12.366699
vt 3.379922 -12.366699
vt 10.055912 -11.305257
vt 16.482418 -9.208706
vt 22.500000 -6.129062
vt 7.500000 0.000000
vt 7.386058 1.302361
vt 7.047695 2.565151
vt 6.495191 3.750000
vt 5.745333 4.820907
vt 4.820907 5.745333
vt 3.750000 6.495191
vt 2.565151 7.047695
vt 1.302361 7.386058
vt -0.000000 7.500000
vt -1.302361 7.386058
vt -2.565151 7.047695
vt -3.750000 6.495191
vt -4.820907 5.745333
vt -5.745333 4.820907
vt -6.495191 3.750000
vt -7.047695 2.565151
vt -7.386058 1.302361
vt -7.500000 0.000000
vt -7.386058 -1.302361
vt -7.047695 -2.565151
vt -6.495191 -3.750000
vt -5.745333 -4.820907
vt -4.820907 -5.745333
vt -3.750000 -6.495191
vt -2.565151 -7.047695
vt -1.302361 -7.386058
vt -0.000000 -7.500000
vt 1.302361 -7.386058
vt 2.565151 -7.047695
vt 3.750000 -6.495191
vt 4.820907 -5.745333
vt 5.745333 -4.820907
vt 6.495191 -3.750000
vt 7.047695 -2.565151
vt 7.386058 -1.302361
f 541/541/541 542/542/542 513/513/513
f 543/543/543 514/514/514 513/513/513
f 543/543/543 513/513/513 542/542/542
f 540/540/540 513/513/513 512/512/512
f 540/540/540 541/541/541 513/513/513
f 544/544/544 514/514/514 543/543/543
f 539/539/539 540/540/540 512/512/512
f 545/545/545 514/514/514 544/544/544
f 538/538/538 539/539/539 512/512/512
f 546/546/546 515/515/515 514/514/514
f 546/546/546 514/514/514 545/545/545
f 537/537/537 511/511/511 510/510/510
f 537/537/537 512/512/512 511/511/511
f 537/537/537 538/538/538 512/512/512
f 509/509/509 537/537/537 510/510/510
f 547/547/547 515/515/515 546/546/546
f 536/536/536 537/537/537 509/509/509
f 548/548/548 515/515/515 547/547/547
f 535/535/535 536/536/536 509/509/509
f 549/549/549 515/515/515 548/548/548
f 534/534/534 535/535/535 509/509/509
f 516/516/516 515/515/515 549/549/549
f 550/550/550 516/516/516 549/549/549
f 551/551/551 516/516/516 550/550/550
f 508/508/508 534/534/534 509/509/509
f 508/508/508 532/532/532 533/533/533
f 508/508/508 533/533/533 534/534/534
f 552/552/552 516/516/516 551/551/551
f 531/531/531 532/532/532 508/508/508
f 517/517/517 516/516/516 552/552/552
f 517/517/517 552/552/552 553/553/553
f 517/517/517 553/553/553 554/554/554
f 519/519/519 517/517/517 554/554/554
f 507/507/507 531/531/531 508/508/508
f 507/507/507 528/528/528 529/529/529
f 507/507/507 529/529/529 530/530/530
f 507/507/507 530/530/530 531/531/531
f 506/506/506 528/528/528 507/507/507
f 506/506/506 525/525/525 526/526/526
f 506/506/506 526/526/526 527/527/527
f 506/506/506 527/527/527 528/528/528
f 518/518/518 517/517/517 519/519/519
f 505/505/505 522/522/522 523/523/523
f 505/505/505 523/523/523 524/524/524
f 505/505/505 524/524/524 525/525/525
f 505/505/505 525/525/525 506/506/506
f 504/504/504 519/519/519 520/520/520
f 504/504/504 520/520/520 521/521/521
f 504/504/504 521/521/521 522/522/522
f 504/504/504 522/522/522 505/505/505
f 503/503/503 518/518/518 519/519/519
f 503/503/503 519/519/519 504/504/504
v 22.500000 -6.129062 0.600000
v 22.672974 -6.410016 0.628865
v 22.840693 -6.682432 0.714584
v 22.998058 -6.938035 0.854552
v 23.140291 -7.169058 1.044516
v 23.263069 -7.368481 1.278704
v 23.362661 -7.530245 1.550000
v 23.436043 -7.649435 1.850162
v 23.480984 -7.722428 2.170069
v 23.496117 -7.747009 2.500000
v 22.500000 -6.129062 0.600000
v 22.829931 -6.129062 0.628865
v 23.149837 -6.129062 0.714584
v 23.450001 -6.129062 0.854552
v 23.721296 -6.129062 1.044516
v 23.955484 -6.129062 1.278704
v 24.145449 -6.129062 1.550000
v 24.285416 -6.129062 1.850162
v 24.371134 -6.129062 2.170069
v 24.400000 -6.129062 2.500000
v 23.755232 -7.555383 2.500000
v 23.978235 -7.322721 2.500000
v 24.158707 -7.055717 2.500000
v 24.291458 -6.762053 2.500000
v 24.372667 -6.450176 2.500000
v 22.757128 -6.464675 0.647637
v 22.819729 -6.405693 0.647637
v 22.869097 -6.335262 0.647637
v 23.065327 -6.729068 0.788159
v 22.903191 -6.256298 0.647637
v 23.175056 -6.602242 0.788159
v 23.220457 -7.069429 1.014520
v 22.920597 -6.172067 0.647637
v 23.256849 -6.455832 0.788159
v 23.395861 -6.904165 1.014520
v 23.307320 -6.295899 0.788159
v 23.534187 -6.706822 1.014520
v 23.518682 -7.210236 1.315369
v 23.629713 -6.485568 1.014520
v 23.716410 -6.981702 1.315369
v 23.541090 -7.487933 1.675621
v 23.678486 -6.249559 1.014520
v 23.863796 -6.717882 1.315369
v 23.794556 -7.249118 1.675621
v 23.954741 -6.429693 1.315369
v 23.994444 -6.963949 1.675621
v 23.770277 -7.477263 2.077210
v 24.132484 -6.644228 1.675621
v 24.016840 -7.192287 2.077210
v 24.202963 -6.303186 1.675621
v 24.200626 -6.863308 2.077210
v 24.314032 -6.503942 2.077210
vn -0.000000 0.000000 1.000000
vn -0.091039 0.147870 0.984808
vn -0.179312 0.291248 0.939693
vn -0.262136 0.425775 0.866025
vn -0.336995 0.547366 0.766044
vn -0.401616 0.652326 0.642788
vn -0.454033 0.737465 0.500000
vn -0.492654 0.800196 0.342020
vn -0.516307 0.838614 0.173648
vn -0.524272 0.851551 -0.000000
vn -0.000000 -0.000000 1.000000
vn -0.173648 0.000000 0.984808
vn -0.342020 -0.000000 0.939693
vn -0.500000 -0.000000 0.866025
vn -0.642788 -0.000000 0.766044
vn -0.766044 -0.000000 0.642788
vn -0.866025 -0.000000 0.500000
vn -0.939693 -0.000000 0.342020
vn -0.984808 -0.000000 0.173648
vn -1.000000 0.000000 -0.000000
vn -0.660649 0.750695 -0.000000
vn -0.778018 0.628242 -0.000000
vn -0.873004 0.487713 -0.000000
vn -0.942873 0.333153 -0.000000
vn -0.985615 0.169008 -0.000000
vn -0.135331 0.176639 0.974928
vn -0.168278 0.145595 0.974928
vn -0.194262 0.108526 0.974928
vn -0.297540 0.315793 0.900969
vn -0.212205 0.066966 0.974928
vn -0.355293 0.249042 0.900969
vn -0.379188 0.494930 0.781832
vn -0.221367 0.022634 0.974928
vn -0.398342 0.171984 0.900969
vn -0.471505 0.407949 0.781832
vn -0.424905 0.087809 0.900969
vn -0.544309 0.304084 0.781832
vn -0.536149 0.569039 0.623490
vn -0.594586 0.187635 0.781832
vn -0.640216 0.448758 0.623490
vn -0.547942 0.715195 0.433884
vn -0.620256 0.063420 0.781832
vn -0.717788 0.309905 0.623490
vn -0.681345 0.589503 0.433884
vn -0.765653 0.158227 0.623490
vn -0.786549 0.439414 0.433884
vn -0.668566 0.709580 0.222521
vn -0.859202 0.271140 0.433884
vn -0.798336 0.559592 0.222521
vn -0.896296 0.091644 0.433884
vn -0.895067 0.386446 0.222521
vn -0.954754 0.197306 0.222521
vt 0.000000 -1.570796
vt 0.000000 -1.396263
vt 0.000000 -1.221730
vt 0.000000 -1.047198
vt 0.000000 -0.872665
vt 0.000000 -0.698132
vt 0.000000 -0.523599
vt 0.000000 -0.349066
vt 0.000000 -0.174533
vt 0.000000 0.000000
vt 1.018937 -1.570796
vt 1.018937 -1.396263
vt 1.018937 -1.221730
vt 1.018937 -1.047198
vt 1.018937 -0.872665
vt 1.018937 -0.698132
vt 1.018937 -0.523599
vt 1.018937 -0.349066
vt 1.018937 -0.174533
vt 1.018937 0.000000
vt 0.169823 0.000000
vt 0.339646 0.000000
vt 0.509468 0.000000
vt 0.679291 0.000000
vt 0.849114 0.000000
vt 0.101894 -1.346397
vt 0.305681 -1.346397
vt 0.509468 -1.346397
vt 0.203787 -1.121997
vt 0.713256 -1.346397
vt 0.407575 -1.121997
vt 0.101894 -0.897598
vt 0.917043 -1.346397
vt 0.611362 -1.121997
vt 0.305681 -0.897598
vt 0.815149 -1.121997
vt 0.509468 -0.897598
vt 0.203787 -0.673198
vt 0.713256 -0.897598
vt 0.407575 -0.673198
vt 0.101894 -0.448799
vt 0.917043 -0.897598
vt 0.611362 -0.673198
vt 0.305681 -0.448799
vt 0.815149 -0.673198
vt 0.509468 -0.448799
vt 0.203787 -0.224399
vt 0.713256 -0.448799
vt 0.407575 -0.224399
vt 0.917043 -0.448799
vt 0.611362 -0.224399
vt 0.815149 -0.224399
f 575/575/575 563/563/563 564/564/564
f 574/574/574 573/573/573 579/579/579
f 580/580/580 556/556/556 557/557/557
f 581/581/581 555/555/555 556/556/556
f 581/581/581 556/556/556 580/580/580
f 581/581/581 580/580/580 557/557/557
f 582/582/582 565/565/565 555/555/555
f 582/582/582 555/555/555 581/581/581
f 583/583/583 557/557/557 558/558/558
f 583/583/583 581/581/581 557/557/557
f 584/584/584 566/566/566 565/565/565
f 584/584/584 565/565/565 582/582/582
f 585/585/585 581/581/581 583/583/583
f 585/585/585 582/582/582 581/581/581
f 586/586/586 558/558/558 559/559/559
f 586/586/586 559/559/559 560/560/560
f 586/586/586 583/583/583 558/558/558
f 587/587/587 567/567/567 566/566/566
f 587/587/587 584/584/584 567/567/567
f 587/587/587 566/566/566 584/584/584
f 588/588/588 584/584/584 582/582/582
f 588/588/588 582/582/582 585/585/585
f 589/589/589 585/585/585 583/583/583
f 589/589/589 583/583/583 586/586/586
f 590/590/590 568/568/568 567/567/567
f 590/590/590 567/567/567 584/584/584
f 590/590/590 584/584/584 588/588/588
f 591/591/591 588/588/588 585/585/585
f 591/591/591 585/585/585 589/589/589
f 592/592/592 560/560/560 561/561/561
f 592/592/592 586/586/586 560/560/560
f 592/592/592 589/589/589 586/586/586
f 593/593/593 590/590/590 588/588/588
f 593/593/593 588/588/588 591/591/591
f 594/594/594 591/591/591 589/589/589
f 594/594/594 589/589/589 592/592/592
f 595/595/595 561/561/561 562/562/562
f 595/595/595 592/592/592 561/561/561
f 596/596/596 569/569/569 568/568/568
f 596/596/596 570/570/570 569/569/569
f 596/596/596 568/568/568 590/590/590
f 596/596/596 590/590/590 593/593/593
f 597/597/597 593/593/593 591/591/591
f 597/597/597 591/591/591 594/594/594
f 598/598/598 595/595/595 562/562/562
f 598/598/598 594/594/594 592/592/592
f 598/598/598 592/592/592 595/595/595
f 599/599/599 571/571/571 570/570/570
f 599/599/599 593/593/593 597/597/597
f 599/599/599 570/570/570 596/596/596
f 599/599/599 596/596/596 593/593/593
f 600/600/600 594/594/594 598/598/598
f 600/600/600 597/597/597 594/594/594
f 601/601/601 562/562/562 563/563/563
f 601/601/601 575/575/575 576/576/576
f 601/601/601 563/563/563 575/575/575
f 601/601/601 598/598/598 562/562/562
f 602/602/602 597/597/597 600/600/600
f 602/602/602 599/599/599 597/597/597
f 603/603/603 598/598/598 601/601/601
f 603/603/603 576/576/576 577/577/577
f 603/603/603 601/601/601 576/576/576
f 603/603/603 600/600/600 598/598/598
f 604/604/604 602/602/602 572/572/572
f 604/604/604 572/572/572 571/571/571
f 604/604/604 571/571/571 599/599/599
f 604/604/604 599/599/599 602/602/602
f 605/605/605 603/603/603 577/577/577
f 605/605/605 600/600/600 603/603/603
f 605/605/605 577/577/577 578/578/578
f 605/605/605 602/602/602 600/600/600
f 606/606/606 602/602/602 605/605/605
f 606/606/606 572/572/572 602/602/602
f 606/606/606 573/573/573 572/572/572
f 606/606/606 605/605/605 578/578/578
f 606/606/606 578/578/578 579/579/579
f 606/606/606 579/579/579 573/573/573
v 23.496117 -7.747009 67.500000
v 23.755232 -7.555383 67.500000
v 23.978235 -7.322721 67.500000
v 24.158707 -7.055717 67.500000
v 24.291458 -6.762053 67.500000
v 24.372667 -6.450176 67.500000
v 24.400000 -6.129062 67.500000
v 22.500000 -6.129062 69.400002
v 22.829931 -6.129062 69.371132
v 23.149837 -6.129062 69.285416
v 23.450001 -6.129062 69.145447
v 23.721296 -6.129062 68.955482
v 23.955484 -6.129062 68.721298
v 24.145449 -6.129062 68.449997
v 24.285416 -6.129062 68.149841
v 24.371134 -6.129062 67.829933
v 22.500000 -6.129062 69.400002
v 22.672974 -6.410016 69.371132
v 22.840693 -6.682432 69.285416
v 22.998058 -6.938035 69.145447
v 23.140291 -7.169058 68.955482
v 23.263069 -7.368481 68.721298
v 23.362661 -7.530245 68.449997
v 23.436043 -7.649435 68.149841
v 23.480984 -7.722428 67.829933
v 22.920597 -6.172067 69.352364
v 22.903191 -6.256298 69.352364
v 22.869097 -6.335262 69.352364
v 23.307320 -6.295899 69.211838
v 22.819729 -6.405693 69.352364
v 23.256849 -6.455832 69.211838
v 23.678486 -6.249559 68.985481
v 22.757128 -6.464675 69.352364
v 23.175056 -6.602242 69.211838
v 23.629713 -6.485568 68.985481
v 23.065327 -6.729068 69.211838
v 23.534187 -6.706822 68.985481
v 23.954741 -6.429693 68.684631
v 23.395861 -6.904165 68.985481
v 23.863796 -6.717882 68.684631
v 24.202963 -6.303186 68.324379
v 23.220457 -7.069429 68.985481
v 23.716410 -6.981702 68.684631
v 24.132484 -6.644228 68.324379
v 23.518682 -7.210236 68.684631
v 23.994444 -6.963949 68.324379
v 24.314032 -6.503942 67.922791
v 23.794556 -7.249118 68.324379
v 24.200626 -6.863308 67.922791
v 23.541090 -7.487933 68.324379
v 24.016840 -7.192287 67.922791
v 23.770277 -7.477263 67.922791
vn -0.524272 0.851551 0.000000
vn -0.660649 0.750695 0.000000
vn -0.778018 0.628242 0.000000
vn -0.873004 0.487713 0.000000
vn -0.942873 0.333153 0.000000
vn -0.985615 0.169008 0.000000
vn -1.000000 -0.000000 -0.000000
vn -0.000000 -0.000000 -1.000000
vn -0.173648 -0.000000 -0.984808
vn -0.342020 -0.000000 -0.939693
vn -0.500000 -0.000000 -0.866025
vn -0.642788 -0.000000 -0.766044
vn -0.766044 -0.000000 -0.642788
vn -0.866025 -0.000000 -0.500000
vn -0.939693 -0.000000 -0.342020
vn -0.984808 -0.000000 -0.173648
vn -0.000000 0.000000 -1.000000
vn -0.091039 0.147870 -0.984808
vn -0.179312 0.291248 -0.939693
vn -0.262136 0.425775 -0.866025
vn -0.336995 0.547366 -0.766044
vn -0.401616 0.652326 -0.642788
vn -0.454033 0.737465 -0.500000
vn -0.492654 0.800196 -0.342020
vn -0.516307 0.838614 -0.173648
vn -0.221367 0.022634 -0.974928
vn -0.212205 0.066966 -0.974928
vn -0.194262 0.108526 -0.974928
vn -0.424905 0.087809 -0.900969
vn -0.168278 0.145595 -0.974928
vn -0.398342 0.171984 -0.900969
vn -0.620256 0.063420 -0.781832
vn -0.135331 0.176639 -0.974928
vn -0.355293 0.249042 -0.900969
vn -0.594586 0.187635 -0.781832
vn -0.297540 0.315793 -0.900969
vn -0.544309 0.304084 -0.781832
vn -0.765653 0.158227 -0.623490
vn -0.471505 0.407949 -0.781832
vn -0.717788 0.309905 -0.623490
vn -0.896296 0.091644 -0.433884
vn -0.379188 0.494930 -0.781832
vn -0.640216 0.448758 -0.623490
vn -0.859202 0.271140 -0.433884
vn -0.536149 0.569039 -0.623490
vn -0.786549 0.439414 -0.433884
vn -0.954754 0.197306 -0.222521
vn -0.681345 0.589503 -0.433884
vn -0.895067 0.386446 -0.222521
vn -0.547942 0.715195 -0.433884
vn -0.798336 0.559592 -0.222521
vn -0.668566 0.709580 -0.222521
vt 6.283185 0.000000
vt 6.113363 0.000000
vt 5.943540 0.000000
vt 5.773717 0.000000
vt 5.603894 0.000000
vt 5.434072 0.000000
vt 5.264249 0.000000
vt 5.264249 -1.570796
vt 5.264249 -1.396263
vt 5.264249 -1.221730
vt 5.264249 -1.047198
vt 5.264249 -0.872665
vt 5.264249 -0.698132
vt 5.264249 -0.523599
vt 5.264249 -0.349066
vt 5.264249 -0.174533
vt 6.283185 -1.570796
vt 6.283185 -1.396263
vt 6.283185 -1.221730
vt 6.283185 -1.047198
vt 6.283185 -0.872665
vt 6.283185 -0.698132
vt 6.283185 -0.523599
vt 6.283185 -0.349066
vt 6.283185 -0.174533
vt 5.366142 -1.346397
vt 5.569930 -1.346397
vt 5.773717 -1.346397
vt 5.468036 -1.121997
vt 5.977504 -1.346397
vt 5.671824 -1.121997
vt 5.366142 -0.897598
vt 6.181292 -1.346397
vt 5.875611 -1.121997
vt 5.569930 -0.897598
vt 6.079398 -1.121997
vt 5.773717 -0.897598
vt 5.468036 -0.673198
vt 5.977504 -0.897598
vt 5.671824 -0.673198
vt 5.366142 -0.448799
vt 6.181292 -0.897598
vt 5.875611 -0.673198
vt 5.569930 -0.448799
vt 6.079398 -0.673198
vt 5.773717 -0.448799
vt 5.468036 -0.224399
vt 5.977504 -0.448799
vt 5.671824 -0.224399
vt 6.181292 -0.448799
vt 5.875611 -0.224399
vt 6.079398 -0.224399
f 612/612/612 622/622/622 613/613/613
f 607/607/607 631/631/631 608/608/608
f 632/632/632 615/615/615 616/616/616
f 633/633/633 614/614/614 615/615/615
f 633/633/633 632/632/632 616/616/616
f 633/633/633 615/615/615 632/632/632
f 634/634/634 623/623/623 614/614/614
f 634/634/634 614/614/614 633/633/633
f 635/635/635 616/616/616 617/617/617
f 635/635/635 633/633/633 616/616/616
f 636/636/636 624/624/624 623/623/623
f 636/636/636 623/623/623 634/634/634
f 637/637/637 633/633/633 635/635/635
f 637/637/637 634/634/634 633/633/633
f 638/638/638 617/617/617 618/618/618
f 638/638/638 618/618/618 619/619/619
f 638/638/638 635/635/635 617/617/617
f 639/639/639 625/625/625 624/624/624
f 639/639/639 636/636/636 625/625/625
f 639/639/639 624/624/624 636/636/636
f 640/640/640 636/636/636 634/634/634
f 640/640/640 634/634/634 637/637/637
f 641/641/641 637/637/637 635/635/635
f 641/641/641 635/635/635 638/638/638
f 642/642/642 626/626/626 625/625/625
f 642/642/642 636/636/636 640/640/640
f 642/642/642 625/625/625 636/636/636
f 643/643/643 637/637/637 641/641/641
f 643/643/643 640/640/640 637/637/637
f 644/644/644 619/619/619 620/620/620
f 644/644/644 638/638/638 619/619/619
f 644/644/644 641/641/641 638/638/638
f 645/645/645 642/642/642 640/640/640
f 645/645/645 640/640/640 643/643/643
f 646/646/646 643/643/643 641/641/641
f 646/646/646 641/641/641 644/644/644
f 647/647/647 620/620/620 621/621/621
f 647/647/647 644/644/644 620/620/620
f 648/648/648 627/627/627 626/626/626
f 648/648/648 628/628/628 627/627/627
f 648/648/648 642/642/642 645/645/645
f 648/648/648 626/626/626 642/642/642
f 649/649/649 645/645/645 643/643/643
f 649/649/649 643/643/643 646/646/646
f 650/650/650 647/647/647 621/621/621
f 650/650/650 646/646/646 644/644/644
f 650/650/650 644/644/644 647/647/647
f 651/651/651 629/629/629 628/628/628
f 651/651/651 645/645/645 649/649/649
f 651/651/651 628/628/628 648/648/648
f 651/651/651 648/648/648 645/645/645
f 652/652/652 646/646/646 650/650/650
f 652/652/652 649/649/649 646/646/646
f 653/653/653 612/612/612 611/611/611
f 653/653/653 621/621/621 622/622/622
f 653/653/653 622/622/622 612/612/612
f 653/653/653 650/650/650 621/621/621
f 654/654/654 649/649/649 652/652/652
f 654/654/654 651/651/651 649/649/649
f 655/655/655 611/611/611 610/610/610
f 655/655/655 650/650/650 653/653/653
f 655/655/655 653/653/653 611/611/611
f 655/655/655 652/652/652 650/650/650
f 656/656/656 651/651/651 654/654/654
f 656/656/656 654/654/654 630/630/630
f 656/656/656 630/630/630 629/629/629
f 656/656/656 629/629/629 651/651/651
f 657/657/657 610/610/610 609/609/609
f 657/657/657 654/654/654 652/652/652
f 657/657/657 652/652/652 655/655/655
f 657/657/657 655/655/655 610/610/610
f 658/658/658 609/609/609 608/608/608
f 658/658/658 630/630/630 654/654/654
f 658/658/658 657/657/657 609/609/609
f 658/658/658 631/631/631 630/630/630
f 658/658/658 654/654/654 657/657/657
f 658/658/658 608/608/608 631/631/631
v 24.400000 6.129062 2.500000
v 24.400000 -6.129062 2.500000
v 24.400000 -6.129062 67.500000
v 24.400000 6.129062 67.500000
vn -1.000000 -0.000000 0.000000
vn -1.000000 -0.000000 0.000000
vn -1.000000 -0.000000 0.000000
vn -1.000000 -0.000000 0.000000
vt 6.129062 -2.500000
vt -6.129062 -2.500000
vt -6.129062 -67.500000
vt 6.129062 -67.500000
f 659/659/659 660/660/660 661/661/661
f 659/659/659 661/661/661 662/662/662
v 22.500000 6.129062 0.600000
v 16.482418 9.208706 0.600000
v 10.055912 11.305257 0.600000
v 3.379922 12.366699 0.600000
v -3.379922 12.366699 0.600000
v -10.055912 11.305257 0.600000
v -16.482418 9.208706 0.600000
v -22.500000 6.129062 0.600000
v -22.672974 6.410016 0.628865
v -22.840693 6.682432 0.714584
v -22.998058 6.938035 0.854552
v -23.140291 7.169058 1.044516
v -23.263069 7.368481 1.278704
v -23.362661 7.530245 1.550000
v -23.436043 7.649435 1.850162
v -23.480984 7.722428 2.170069
v -23.496117 7.747009 2.500000
v 23.496117 7.747009 2.500000
v 17.212126 10.962995 2.500000
v 10.501106 13.152364 2.500000
v 3.529558 14.260798 2.500000
v -3.529558 14.260798 2.500000
v -10.501106 13.152364 2.500000
v -17.212126 10.962995 2.500000
v 22.672974 6.410016 0.628865
v 22.840693 6.682432 0.714584
v 22.998058 6.938035 0.854552
v 23.140291 7.169058 1.044516
v 23.263069 7.368481 1.278704
v 23.362661 7.530245 1.550000
v 23.436043 7.649435 1.850162
v 23.480984 7.722428 2.170069
v -17.201038 10.936343 2.170069
v -17.168118 10.857198 1.850162
v -17.114363 10.727964 1.550000
v -17.041407 10.552569 1.278704
v -16.951466 10.336341 1.044516
v -16.847271 10.085851 0.854552
v -16.731993 9.808708 0.714584
v -16.609131 9.513335 0.628865
v -10.494343 13.124302 2.170069
v -10.474257 13.040969 1.850162
v -10.441462 12.904898 1.550000
v -10.396951 12.720222 1.278704
v -10.342077 12.492554 1.044516
v -10.278509 12.228810 0.854552
v -10.208178 11.937004 0.714584
v -10.133220 11.626003 0.628865
v -3.527284 14.232022 2.170069
v -3.520534 14.146569 1.850162
v -3.509511 14.007037 1.550000
v -3.494550 13.817663 1.278704
v -3.476106 13.584203 1.044516
v -3.454740 13.313748 0.854552
v -3.431101 13.014519 0.714584
v -3.405906 12.695606 0.628865
v 3.527284 14.232022 2.170069
v 3.520534 14.146569 1.850162
v 3.509511 14.007037 1.550000
v 3.494550 13.817663 1.278704
v 3.476106 13.584203 1.044516
v 3.454740 13.313748 0.854552
v 3.431101 13.014519 0.714584
v 3.405906 12.695606 0.628865
v 10.494343 13.124302 2.170069
v 10.474257 13.040969 1.850162
v 10.441462 12.904898 1.550000
v 10.396951 12.720222 1.278704
v 10.342077 12.492554 1.044516
v 10.278509 12.228810 0.854552
v 10.208178 11.937004 0.714584
v 10.133220 11.626003 0.628865
v 17.201038 10.936343 2.170069
v 17.168118 10.857198 1.850162
v 17.114363 10.727964 1.550000
v 17.041407 10.552569 1.278704
v 16.951466 10.336341 1.044516
v 16.847271 10.085851 0.854552
v 16.731993 9.808708 0.714584
v 16.609131 9.513335 0.628865
vn 0.000000 0.000000 1.000000
vn 0.000000 0.000000 1.000000
vn 0.000000 0.000000 1.000000
vn 0.000000 0.000000 1.000000
vn -0.000000 0.000000 1.000000
vn -0.000000 0.000000 1.000000
vn -0.000000 0.000000 1.000000
vn -0.000000 0.000000 1.000000
vn 0.091039 -0.147870 0.984808
vn 0.179312 -0.291248 0.939693
vn 0.262136 -0.425775 0.866025
vn 0.336995 -0.547366 0.766044
vn 0.401616 -0.652326 0.642788
vn 0.454033 -0.737465 0.500000
vn 0.492654 -0.800196 0.342020
vn 0.516307 -0.838614 0.173648
vn 0.524272 -0.851551 -0.000000
vn -0.524272 -0.851551 0.000000
vn -0.384056 -0.923310 -0.000000
vn -0.234313 -0.972161 -0.000000
vn -0.078755 -0.996894 -0.000000
vn 0.078755 -0.996894 -0.000000
vn 0.234313 -0.972161 -0.000000
vn 0.384056 -0.923310 -0.000000
vn -0.091039 -0.147870 0.984808
vn -0.179312 -0.291248 0.939693
vn -0.262136 -0.425775 0.866025
vn -0.336995 -0.547366 0.766044
vn -0.401616 -0.652326 0.642788
vn -0.454033 -0.737465 0.500000
vn -0.492654 -0.800196 0.342020
vn -0.516307 -0.838614 0.173648
vn 0.378222 -0.909283 0.173648
vn 0.360895 -0.867627 0.342020
vn 0.332603 -0.799610 0.500000
vn 0.294204 -0.707296 0.642788
vn 0.246867 -0.593492 0.766044
vn 0.192028 -0.461655 0.866025
vn 0.131355 -0.315791 0.939693
vn 0.066691 -0.160331 0.984808
vn 0.230753 -0.957392 0.173648
vn 0.220182 -0.913533 0.342020
vn 0.202921 -0.841916 0.500000
vn 0.179494 -0.744719 0.642788
vn 0.150613 -0.624893 0.766044
vn 0.117156 -0.486081 0.866025
vn 0.080140 -0.332499 0.939693
vn 0.040688 -0.168814 0.984808
vn 0.077559 -0.981749 0.173648
vn 0.074006 -0.936774 0.342020
vn 0.068204 -0.863335 0.500000
vn 0.060330 -0.763665 0.642788
vn 0.050623 -0.640791 0.766044
vn 0.039378 -0.498447 0.866025
vn 0.026936 -0.340958 0.939693
vn 0.013676 -0.173109 0.984808
vn -0.077559 -0.981749 0.173648
vn -0.074006 -0.936774 0.342020
vn -0.068204 -0.863335 0.500000
vn -0.060330 -0.763665 0.642788
vn -0.050623 -0.640791 0.766044
vn -0.039378 -0.498447 0.866025
vn -0.026936 -0.340958 0.939693
vn -0.013676 -0.173109 0.984808
vn -0.230753 -0.957392 0.173648
vn -0.220182 -0.913533 0.342020
vn -0.202921 -0.841916 0.500000
vn -0.179494 -0.744719 0.642788
vn -0.150613 -0.624893 0.766044
vn -0.117156 -0.486081 0.866025
vn -0.080140 -0.332499 0.939693
vn -0.040688 -0.168814 0.984808
vn -0.378222 -0.909283 0.173648
vn -0.360895 -0.867627 0.342020
vn -0.332603 -0.799610 0.500000
vn -0.294204 -0.707296 0.642788
vn -0.246867 -0.593492 0.766044
vn -0.192028 -0.461655 0.866025
vn -0.131355 -0.315791 0.939693
vn -0.066691 -0.160331 0.984808
vt 6.252131 1.570796
vt 6.094457 1.570796
vt 5.936783 1.570796
vt 5.779109 1.570796
vt 5.621435 1.570796
vt 5.463760 1.570796
vt 5.306086 1.570796
vt 5.148412 1.570796
vt 5.148412 1.396263
vt 5.148412 1.221730
vt 5.148412 1.047198
vt 5.148412 0.872665
vt 5.148412 0.698132
vt 5.148412 0.523599
vt 5.148412 0.349066
vt 5.148412 0.174533
vt 5.148412 0.000000
vt 6.252131 0.000000
vt 6.094457 0.000000
vt 5.936783 0.000000
vt 5.779109 0.000000
vt 5.621435 0.000000
vt 5.463760 0.000000
vt 5.306086 0.000000
vt 6.252131 1.396263
vt 6.252131 1.221730
vt 6.252131 1.047198
vt 6.252131 0.872665
vt 6.252131 0.698132
vt 6.252131 0.523599
vt 6.252131 0.349066
vt 6.252131 0.174533
vt 5.306086 0.174533
vt 5.306086 0.349066
vt 5.306086 0.523599
vt 5.306086 0.698132
vt 5.306086 0.872665
vt 5.306086 1.047198
vt 5.306086 1.221730
vt 5.306086 1.396263
vt 5.463760 0.174533
vt 5.463760 0.349066
vt 5.463760 0.523599
vt 5.463760 0.698132
vt 5.463760 0.872665
vt 5.463760 1.047198
vt 5.463760 1.221730
vt 5.463760 1.396263
vt 5.621435 0.174533
vt 5.621435 0.349066
vt 5.621435 0.523599
vt 5.621435 0.698132
vt 5.621435 0.872665
vt 5.621435 1.047198
vt 5.621435 1.221730
vt 5.621435 1.396263
vt 5.779109 0.174533
vt 5.779109 0.349066
vt 5.779109 0.523599
vt 5.779109 0.698132
vt 5.779109 0.872665
vt 5.779109 1.047198
vt 5.779109 1.221730
vt 5.779109 1.396263
vt 5.936783 0.174533
vt 5.936783 0.349066
vt 5.936783 0.523599
vt 5.936783 0.698132
vt 5.936783 0.872665
vt 5.936783 1.047198
vt 5.936783 1.221730
vt 5.936783 1.396263
vt 6.094457 0.174533
vt 6.094457 0.349066
vt 6.094457 0.523599
vt 6.094457 0.698132
vt 6.094457 0.872665
vt 6.094457 1.047198
vt 6.094457 1.221730
vt 6.094457 1.396263
f 669/669/669 671/671/671 670/670/670
f 694/694/694 680/680/680 681/681/681
f 695/695/695 679/679/679 678/678/678
f 695/695/695 686/686/686 679/679/679
f 696/696/696 678/678/678 677/677/677
f 696/696/696 695/695/695 678/678/678
f 697/697/697 677/677/677 676/676/676
f 697/697/697 696/696/696 677/677/677
f 698/698/698 676/676/676 675/675/675
f 698/698/698 697/697/697 676/676/676
f 699/699/699 675/675/675 674/674/674
f 699/699/699 698/698/698 675/675/675
f 700/700/700 674/674/674 673/673/673
f 700/700/700 699/699/699 674/674/674
f 701/701/701 673/673/673 672/672/672
f 701/701/701 700/700/700 673/673/673
f 702/702/702 672/672/672 671/671/671
f 702/702/702 701/701/701 672/672/672
f 702/702/702 671/671/671 669/669/669
f 703/703/703 685/685/685 686/686/686
f 703/703/703 695/695/695 696/696/696
f 703/703/703 686/686/686 695/695/695
f 704/704/704 703/703/703 696/696/696
f 704/704/704 696/696/696 697/697/697
f 705/705/705 704/704/704 697/697/697
f 706/706/706 697/697/697 698/698/698
f 706/706/706 705/705/705 697/697/697
f 707/707/707 698/698/698 699/699/699
f 707/707/707 706/706/706 698/698/698
f 708/708/708 699/699/699 700/700/700
f 708/708/708 707/707/707 699/699/699
f 709/709/709 708/708/708 700/700/700
f 709/709/709 700/700/700 701/701/701
f 710/710/710 709/709/709 701/701/701
f 710/710/710 669/669/669 668/668/668
f 710/710/710 702/702/702 669/669/669
f 710/710/710 701/701/701 702/702/702
f 711/711/711 684/684/684 685/685/685
f 711/711/711 685/685/685 703/703/703
f 712/712/712 703/703/703 704/704/704
f 712/712/712 711/711/711 703/703/703
f 713/713/713 712/712/712 704/704/704
f 713/713/713 704/704/704 705/705/705
f 714/714/714 713/713/713 705/705/705
f 714/714/714 705/705/705 706/706/706
f 715/715/715 714/714/714 706/706/706
f 715/715/715 706/706/706 707/707/707
f 716/716/716 707/707/707 708/708/708
f 716/716/716 715/715/715 707/707/707
f 717/717/717 716/716/716 708/708/708
f 717/717/717 708/708/708 709/709/709
f 718/718/718 709/709/709 710/710/710
f 718/718/718 668/668/668 667/667/667
f 718/718/718 710/710/710 668/668/668
f 718/718/718 717/717/717 709/709/709
f 719/719/719 711/711/711 712/712/712
f 719/719/719 683/683/683 684/684/684
f 719/719/719 684/684/684 711/711/711
f 720/720/720 719/719/719 712/712/712
f 720/720/720 712/712/712 713/713/713
f 721/721/721 720/720/720 713/713/713
f 722/722/722 713/713/713 714/714/714
f 722/722/722 714/714/714 715/715/715
f 722/722/722 721/721/721 713/713/713
f 723/723/723 722/722/722 715/715/715
f 724/724/724 715/715/715 716/716/716
f 724/724/724 723/723/723 715/715/715
f 725/725/725 716/716/716 717/717/717
f 725/725/725 724/724/724 716/716/716
f 726/726/726 666/666/666 665/665/665
f 726/726/726 667/667/667 666/666/666
f 726/726/726 718/718/718 667/667/667
f 726/726/726 717/717/717 718/718/718
f 726/726/726 725/725/725 717/717/717
f 727/727/727 682/682/682 683/683/683
f 727/727/727 683/683/683 719/719/719
f 728/728/728 719/719/719 720/720/720
f 728/728/728 727/727/727 719/719/719
f 729/729/729 720/720/720 721/721/721
f 729/729/729 728/728/728 720/720/720
f 730/730/730 721/721/721 722/722/722
f 730/730/730 729/729/729 721/721/721
f 731/731/731 722/722/722 723/723/723
f 731/731/731 730/730/730 722/722/722
f 732/732/732 731/731/731 723/723/723
f 732/732/732 723/723/723 724/724/724
f 733/733/733 724/724/724 725/725/725
f 733/733/733 725/725/725 726/726/726
f 733/733/733 732/732/732 724/724/724
f 734/734/734 726/726/726 665/665/665
f 734/734/734 733/733/733 726/726/726
f 735/735/735 681/681/681 682/682/682
f 735/735/735 682/682/682 727/727/727
f 735/735/735 694/694/694 681/681/681
f 736/736/736 693/693/693 694/694/694
f 736/736/736 727/727/727 728/728/728
f 736/736/736 694/694/694 735/735/735
f 736/736/736 735/735/735 727/727/727
f 737/737/737 691/691/691 692/692/692
f 737/737/737 692/692/692 693/693/693
f 737/737/737 728/728/728 729/729/729
f 737/737/737 693/693/693 736/736/736
f 737/737/737 736/736/736 728/728/728
f 738/738/738 691/691/691 737/737/737
f 738/738/738 737/737/737 729/729/729
f 738/738/738 729/729/729 730/730/730
f 739/739/739 690/690/690 691/691/691
f 739/739/739 730/730/730 731/731/731
f 739/739/739 691/691/691 738/738/738
f 739/739/739 738/738/738 730/730/730
f 740/740/740 689/689/689 690/690/690
f 740/740/740 731/731/731 732/732/732
f 740/740/740 739/739/739 731/731/731
f 740/740/740 690/690/690 739/739/739
f 741/741/741 687/687/687 688/688/688
f 741/741/741 688/688/688 689/689/689
f 741/741/741 732/732/732 733/733/733
f 741/741/741 689/689/689 740/740/740
f 741/741/741 740/740/740 732/732/732
f 742/742/742 664/664/664 663/663/663
f 742/742/742 665/665/665 664/664/664
f 742/742/742 663/663/663 687/687/687
f 742/742/742 734/734/734 665/665/665
f 742/742/742 733/733/733 734/734/734
f 742/742/742 687/687/687 741/741/741
f 742/742/742 741/741/741 733/733/733
v 24.400000 6.129062 2.500000
v 24.400000 -6.129062 2.500000
v 22.500000 -6.129062 0.600000
v 22.829931 -6.129062 0.628865
v 23.149837 -6.129062 0.714584
v 23.450001 -6.129062 0.854552
v 23.721296 -6.129062 1.044516
v 23.955484 -6.129062 1.278704
v 24.145449 -6.129062 1.550000
v 24.285416 -6.129062 1.850162
v 24.371134 -6.129062 2.170069
v 22.500000 6.129062 0.600000
v 22.829931 6.129062 0.628865
v 23.149837 6.129062 0.714584
v 23.450001 6.129062 0.854552
v 23.721296 6.129062 1.044516
v 23.955484 6.129062 1.278704
v 24.145449 6.129062 1.550000
v 24.285416 6.129062 1.850162
v 24.371134 6.129062 2.170069
vn -1.000000 -0.000000 0.000000
vn -1.000000 -0.000000 0.000000
vn 0.000000 -0.000000 1.000000
vn -0.173648 -0.000000 0.984808
vn -0.342020 -0.000000 0.939693
vn -0.500000 -0.000000 0.866025
vn -0.642788 -0.000000 0.766044
vn -0.766044 -0.000000 0.642788
vn -0.866025 -0.000000 0.500000
vn -0.939693 -0.000000 0.342020
vn -0.984808 -0.000000 0.173648
vn 0.000000 -0.000000 1.000000
vn -0.173648 -0.000000 0.984808
vn -0.342020 -0.000000 0.939693
vn -0.500000 -0.000000 0.866025
vn -0.642788 -0.000000 0.766044
vn -0.766044 -0.000000 0.642788
vn -0.866025 -0.000000 0.500000
vn -0.939693 -0.000000 0.342020
vn -0.984808 -0.000000 0.173648
vt 0.000000 6.129062
vt 0.000000 -6.129062
vt 1.570796 -6.129062
vt 1.396263 -6.129062
vt 1.221730 -6.129062
vt 1.047198 -6.129062
vt 0.872665 -6.129062
vt 0.698132 -6.129062
vt 0.523599 -6.129062
vt 0.349066 -6.129062
vt 0.174533 -6.129062
vt 1.570796 6.129062
vt 1.396263 6.129062
vt 1.221730 6.129062
vt 1.047198 6.129062
vt 0.872665 6.129062
vt 0.698132 6.129062
vt 0.523599 6.129062
vt 0.349066 6.129062
vt 0.174533 6.129062
f 762/762/762 744/744/744 743/743/743
f 762/762/762 753/753/753 744/744/744
f 761/761/761 752/752/752 753/753/753
f 761/761/761 753/753/753 762/762/762
f 760/760/760 751/751/751 752/752/752
f 760/760/760 752/752/752 761/761/761
f 759/759/759 750/750/750 751/751/751
f 759/759/759 751/751/751 760/760/760
f 758/758/758 749/749/749 750/750/750
f 758/758/758 750/750/750 759/759/759
f 757/757/757 747/747/747 748/748/748
f 757/757/757 748/748/748 749/749/749
f 757/757/757 749/749/749 758/758/758
f 756/756/756 747/747/747 757/757/757
f 755/755/755 745/745/745 746/746/746
f 755/755/755 746/746/746 747/747/747
f 755/755/755 747/747/747 756/756/756
f 754/754/754 745/745/745 755/755/755
v 24.400000 6.129062 2.500000
v 24.400000 6.129062 67.500000
v 23.496117 7.747009 2.500000
v 23.755232 7.555383 2.500000
v 23.978235 7.322721 2.500000
v 24.158707 7.055717 2.500000
v 24.291458 6.762053 2.500000
v 24.372667 6.450176 2.500000
v 23.496117 7.747009 67.500000
v 23.755232 7.555383 67.500000
v 23.978235 7.322721 67.500000
v 24.158707 7.055717 67.500000
v 24.291458 6.762053 67.500000
v 24.372667 6.450176 67.500000
vn -1.000000 -0.000000 0.000000
vn -1.000000 -0.000000 0.000000
vn -0.524272 -0.851551 0.000000
vn -0.660649 -0.750695 0.000000
vn -0.778018 -0.628242 0.000000
vn -0.873004 -0.487713 0.000000
vn -0.942873 -0.333153 0.000000
vn -0.985615 -0.169008 0.000000
vn -0.524272 -0.851551 0.000000
vn -0.660649 -0.750695 0.000000
vn -0.778018 -0.628242 0.000000
vn -0.873004 -0.487713 0.000000
vn -0.942873 -0.333153 0.000000
vn -0.985615 -0.169008 0.000000
vt 0.000000 2.500000
vt 0.000000 67.500000
vt 1.018937 2.500000
vt 0.849114 2.500000
vt 0.679291 2.500000
vt 0.509468 2.500000
vt 0.339646 2.500000
vt 0.169823 2.500000
vt 1.018937 67.500000
vt 0.849114 67.500000
vt 0.679291 67.500000
vt 0.509468 67.500000
vt 0.339646 67.500000
vt 0.169823 67.500000
f 776/776/776 763/763/763 764/764/764
f 776/776/776 770/770/770 763/763/763
f 775/775/775 769/769/769 770/770/770
f 775/775/775 770/770/770 776/776/776
f 774/774/774 767/767/767 768/768/768
f 774/774/774 768/768/768 769/769/769
f 774/774/774 769/769/769 775/775/775
f 773/773/773 767/767/767 774/774/774
f 772/772/772 766/766/766 767/767/767
f 772/772/772 767/767/767 773/773/773
f 771/771/771 765/765/765 766/766/766
f 771/771/771 766/766/766 772/772/772
v 22.500000 6.129062 69.400002
v 22.672974 6.410016 69.371132
v 22.840693 6.682432 69.285416
v 22.998058 6.938035 69.145447
v 23.140291 7.169058 68.955482
v 23.263069 7.368481 68.721298
v 23.362661 7.530245 68.449997
v 23.436043 7.649435 68.149841
v 23.480984 7.722428 67.829933
v 23.496117 7.747009 67.500000
v 17.212126 10.962995 67.500000
v 10.501106 13.152364 67.500000
v 3.529558 14.260798 67.500000
v -3.529558 14.260798 67.500000
v -10.501106 13.152364 67.500000
v -17.212126 10.962995 67.500000
v -23.496117 7.747009 67.500000
v -22.500000 6.129062 69.400002
v -22.672974 6.410016 69.371132
v -22.840693 6.682432 69.285416
v -22.998058 6.938035 69.145447
v -23.140291 7.169058 68.955482
v -23.263069 7.368481 68.721298
v -23.362661 7.530245 68.449997
v -23.436043 7.649435 68.149841
v -23.480984 7.722428 67.829933
v 16.482418 9.208706 69.400002
v 10.055912 11.305257 69.400002
v 3.379922 12.366699 69.400002
v -3.379922 12.366699 69.400002
v -10.055912 11.305257 69.400002
v -16.482418 9.208706 69.400002
v 17.201038 10.936343 67.829933
v 17.168118 10.857198 68.149841
v 17.114363 10.727964 68.449997
v 17.041407 10.552569 68.721298
v 16.951466 10.336341 68.955482
v 16.847271 10.085851 69.145447
v 16.731993 9.808708 69.285416
v 16.609131 9.513335 69.371132
v 10.494343 13.124302 67.829933
v 10.474257 13.040969 68.149841
v 10.441462 12.904898 68.449997
v 10.396951 12.720222 68.721298
v 10.342077 12.492554 68.955482
v 10.278509 12.228810 69.145447
v 10.208178 11.937004 69.285416
v 10.133220 11.626003 69.371132
v 3.527284 14.232022 67.829933
v 3.520534 14.146569 68.149841
v 3.509511 14.007037 68.449997
v 3.494550 13.817663 68.721298
v 3.476106 13.584203 68.955482
v 3.454740 13.313748 69.145447
v 3.431101 13.014519 69.285416
v 3.405906 12.695606 69.371132
v -3.527284 14.232022 67.829933
v -3.520534 14.146569 68.149841
v -3.509511 14.007037 68.449997
v -3.494550 13.817663 68.721298
v -3.476106 13.584203 68.955482
v -3.454740 13.313748 69.145447
v -3.431101 13.014519 69.285416
v -3.405906 12.695606 69.371132
v -10.494343 13.124302 67.829933
v -10.474257 13.040969 68.149841
v -10.441462 12.904898 68.449997
v -10.396951 12.720222 68.721298
v -10.342077 12.492554 68.955482
v -10.278509 12.228810 69.145447
v -10.208178 11.937004 69.285416
v -10.133220 11.626003 69.371132
v -17.201038 10.936343 67.829933
v -17.168118 10.857198 68.149841
v -17.114363 10.727964 68.449997
v -17.041407 10.552569 68.721298
v -16.951466 10.336341 68.955482
v -16.847271 10.085851 69.145447
v -16.731993 9.808708 69.285416
v -16.609131 9.513335 69.371132
vn 0.000000 0.000000 -1.000000
vn -0.091039 -0.147870 -0.984808
vn -0.179312 -0.291248 -0.939693
vn -0.262136 -0.425775 -0.866025
vn -0.336995 -0.547366 -0.766044
vn -0.401616 -0.652326 -0.642788
vn -0.454033 -0.737465 -0.500000
vn -0.492654 -0.800196 -0.342020
vn -0.516307 -0.838614 -0.173648
vn -0.524272 -0.851551 0.000000
vn -0.384056 -0.923310 0.000000
vn -0.234313 -0.972161 0.000000
vn -0.078755 -0.996894 0.000000
vn 0.078755 -0.996894 -0.000000
vn 0.234313 -0.972161 -0.000000
vn 0.384056 -0.923310 -0.000000
vn 0.524272 -0.851551 -0.000000
vn -0.000000 0.000000 -1.000000
vn 0.091039 -0.147870 -0.984808
vn 0.179312 -0.291248 -0.939693
vn 0.262136 -0.425775 -0.866025
vn 0.336995 -0.547366 -0.766044
vn 0.401616 -0.652326 -0.642788
vn 0.454033 -0.737465 -0.500000
vn 0.492654 -0.800196 -0.342020
vn 0.516307 -0.838614 -0.173648
vn 0.000000 0.000000 -1.000000
vn 0.000000 0.000000 -1.000000
vn 0.000000 0.000000 -1.000000
vn -0.000000 0.000000 -1.000000
vn -0.000000 0.000000 -1.000000
vn -0.000000 0.000000 -1.000000
vn -0.378222 -0.909283 -0.173648
vn -0.360895 -0.867627 -0.342020
vn -0.332603 -0.799610 -0.500000
vn -0.294204 -0.707296 -0.642788
vn -0.246867 -0.593492 -0.766044
vn -0.192028 -0.461655 -0.866025
vn -0.131355 -0.315791 -0.939693
vn -0.066691 -0.160331 -0.984808
vn -0.230753 -0.957392 -0.173648
vn -0.220182 -0.913533 -0.342020
vn -0.202921 -0.841916 -0.500000
vn -0.179494 -0.744719 -0.642788
vn -0.150613 -0.624893 -0.766044
vn -0.117156 -0.486081 -0.866025
vn -0.080140 -0.332499 -0.939693
vn -0.040688 -0.168814 -0.984808
vn -0.077559 -0.981749 -0.173648
vn -0.074006 -0.936774 -0.342020
vn -0.068204 -0.863335 -0.500000
vn -0.060330 -0.763665 -0.642788
vn -0.050623 -0.640791 -0.766044
vn -0.039378 -0.498447 -0.866025
vn -0.026936 -0.340958 -0.939693
vn -0.013676 -0.173109 -0.984808
vn 0.077559 -0.981749 -0.173648
vn 0.074006 -0.936774 -0.342020
vn 0.068204 -0.863335 -0.500000
vn 0.060330 -0.763665 -0.642788
vn 0.050623 -0.640791 -0.766044
vn 0.039378 -0.498447 -0.866025
vn 0.026936 -0.340958 -0.939693
vn 0.013676 -0.173109 -0.984808
vn 0.230753 -0.957392 -0.173648
vn 0.220182 -0.913533 -0.342020
vn 0.202921 -0.841916 -0.500000
vn 0.179494 -0.744719 -0.642788
vn 0.150613 -0.624893 -0.766044
vn 0.117156 -0.486081 -0.866025
vn 0.080140 -0.332499 -0.939693
vn 0.040688 -0.168814 -0.984808
vn 0.378222 -0.909283 -0.173648
vn 0.360895 -0.867627 -0.342020
vn 0.332603 -0.799610 -0.500000
vn 0.294204 -0.707296 -0.642788
vn 0.246867 -0.593492 -0.766044
vn 0.192028 -0.461655 -0.866025
vn 0.131355 -0.315791 -0.939693
vn 0.066691 -0.160331 -0.984808
vt 0.031054 1.570796
vt 0.031054 1.396263
vt 0.031054 1.221730
vt 0.031054 1.047198
vt 0.031054 0.872665
vt 0.031054 0.698132
vt 0.031054 0.523599
vt 0.031054 0.349066
vt 0.031054 0.174533
vt 0.031054 0.000000
vt 0.188728 0.000000
vt 0.346402 0.000000
vt 0.504076 0.000000
vt 0.661751 0.000000
vt 0.819425 0.000000
vt 0.977099 0.000000
vt 1.134773 0.000000
vt 1.134773 1.570796
vt 1.134773 1.396263
vt 1.134773 1.221730
vt 1.134773 1.047198
vt 1.134773 0.872665
vt 1.134773 0.698132
vt 1.134773 0.523599
vt 1.134773 0.349066
vt 1.134773 0.174533
vt 0.188728 1.570796
vt 0.346402 1.570796
vt 0.504076 1.570796
vt 0.661751 1.570796
vt 0.819425 1.570796
vt 0.977099 1.570796
vt 0.188728 0.174533
vt 0.188728 0.349066
vt 0.188728 0.523599
vt 0.188728 0.698132
vt 0.188728 0.872665
vt 0.188728 1.047198
vt 0.188728 1.221730
vt 0.188728 1.396263
vt 0.346402 0.174533
vt 0.346402 0.349066
vt 0.346402 0.523599
vt 0.346402 0.698132
vt 0.346402 0.872665
vt 0.346402 1.047198
vt 0.346402 1.221730
vt 0.346402 1.396263
vt 0.504076 0.174533
vt 0.504076 0.349066
vt 0.504076 0.523599
vt 0.504076 0.698132
vt 0.504076 0.872665
vt 0.504076 1.047198
vt 0.504076 1.221730
vt 0.504076 1.396263
vt 0.661751 0.174533
vt 0.661751 0.349066
vt 0.661751 0.523599
vt 0.661751 0.698132
vt 0.661751 0.872665
vt 0.661751 1.047198
vt 0.661751 1.221730
vt 0.661751 1.396263
vt 0.819425 0.174533
vt 0.819425 0.349066
vt 0.819425 0.523599
vt 0.819425 0.698132
vt 0.819425 0.872665
vt 0.819425 1.047198
vt 0.819425 1.221730
vt 0.819425 1.396263
vt 0.977099 0.174533
vt 0.977099 0.349066
vt 0.977099 0.523599
vt 0.977099 0.698132
vt 0.977099 0.872665
vt 0.977099 1.047198
vt 0.977099 1.221730
vt 0.977099 1.396263
f 787/787/787 786/786/786 785/785/785
f 803/803/803 778/778/778 777/777/777
f 794/794/794 795/795/795 808/808/808
f 809/809/809 787/787/787 785/785/785
f 810/810/810 785/785/785 784/784/784
f 810/810/810 809/809/809 785/785/785
f 811/811/811 784/784/784 783/783/783
f 811/811/811 810/810/810 784/784/784
f 812/812/812 783/783/783 782/782/782
f 812/812/812 811/811/811 783/783/783
f 813/813/813 782/782/782 781/781/781
f 813/813/813 812/812/812 782/782/782
f 814/814/814 781/781/781 780/780/780
f 814/814/814 813/813/813 781/781/781
f 815/815/815 780/780/780 779/779/779
f 815/815/815 814/814/814 780/780/780
f 816/816/816 779/779/779 778/778/778
f 816/816/816 815/815/815 779/779/779
f 816/816/816 778/778/778 803/803/803
f 817/817/817 788/788/788 787/787/787
f 817/817/817 787/787/787 809/809/809
f 818/818/818 817/817/817 809/809/809
f 818/818/818 809/809/809 810/810/810
f 819/819/819 818/818/818 810/810/810
f 819/819/819 810/810/810 811/811/811
f 820/820/820 819/819/819 811/811/811
f 820/820/820 811/811/811 812/812/812
f 821/821/821 820/820/820 812/812/812
f 821/821/821 812/812/812 813/813/813
f 822/822/822 821/821/821 813/813/813
f 822/822/822 813/813/813 814/814/814
f 823/823/823 822/822/822 814/814/814
f 823/823/823 814/814/814 815/815/815
f 824/824/824 823/823/823 815/815/815
f 824/824/824 803/803/803 804/804/804
f 824/824/824 815/815/815 816/816/816
f 824/824/824 816/816/816 803/803/803
f 825/825/825 789/789/789 788/788/788
f 825/825/825 788/788/788 817/817/817
f 826/826/826 817/817/817 818/818/818
f 826/826/826 825/825/825 817/817/817
f 827/827/827 826/826/826 818/818/818
f 827/827/827 818/818/818 819/819/819
f 828/828/828 827/827/827 819/819/819
f 828/828/828 819/819/819 820/820/820
f 829/829/829 828/828/828 820/820/820
f 829/829/829 820/820/820 821/821/821
f 830/830/830 821/821/821 822/822/822
f 830/830/830 829/829/829 821/821/821
f 831/831/831 830/830/830 822/822/822
f 831/831/831 822/822/822 823/823/823
f 832/832/832 823/823/823 824/824/824
f 832/832/832 831/831/831 823/823/823
f 832/832/832 804/804/804 805/805/805
f 832/832/832 824/824/824 804/804/804
f 833/833/833 790/790/790 789/789/789
f 833/833/833 789/789/789 825/825/825
f 833/833/833 825/825/825 826/826/826
f 834/834/834 833/833/833 826/826/826
f 835/835/835 826/826/826 827/827/827
f 835/835/835 834/834/834 826/826/826
f 836/836/836 835/835/835 827/827/827
f 836/836/836 827/827/827 828/828/828
f 837/837/837 836/836/836 828/828/828
f 837/837/837 828/828/828 829/829/829
f 838/838/838 829/829/829 830/830/830
f 838/838/838 837/837/837 829/829/829
f 839/839/839 838/838/838 830/830/830
f 839/839/839 830/830/830 831/831/831
f 840/840/840 831/831/831 832/832/832
f 840/840/840 805/805/805 806/806/806
f 840/840/840 832/832/832 805/805/805
f 840/840/840 839/839/839 831/831/831
f 841/841/841 790/790/790 833/833/833
f 841/841/841 791/791/791 790/790/790
f 842/842/842 833/833/833 834/834/834
f 842/842/842 841/841/841 833/833/833
f 843/843/843 834/834/834 835/835/835
f 843/843/843 842/842/842 834/834/834
f 844/844/844 836/836/836 837/837/837
f 844/844/844 843/843/843 835/835/835
f 844/844/844 835/835/835 836/836/836
f 845/845/845 844/844/844 837/837/837
f 846/846/846 837/837/837 838/838/838
f 846/846/846 845/845/845 837/837/837
f 847/847/847 838/838/838 839/839/839
f 847/847/847 846/846/846 838/838/838
f 848/848/848 806/806/806 807/807/807
f 848/848/848 840/840/840 806/806/806
f 848/848/848 839/839/839 840/840/840
f 848/848/848 847/847/847 839/839/839
f 849/849/849 792/792/792 791/791/791
f 849/849/849 793/793/793 792/792/792
f 849/849/849 802/802/802 793/793/793
f 849/849/849 791/791/791 841/841/841
f 850/850/850 801/801/801 802/802/802
f 850/850/850 841/841/841 842/842/842
f 850/850/850 849/849/849 841/841/841
f 850/850/850 802/802/802 849/849/849
f 851/851/851 799/799/799 800/800/800
f 851/851/851 800/800/800 801/801/801
f 851/851/851 850/850/850 842/842/842
f 851/851/851 842/842/842 843/843/843
f 851/851/851 801/801/801 850/850/850
f 852/852/852 843/843/843 844/844/844
f 852/852/852 851/851/851 843/843/843
f 852/852/852 799/799/799 851/851/851
f 853/853/853 797/797/797 798/798/798
f 853/853/853 798/798/798 799/799/799
f 853/853/853 844/844/844 845/845/845
f 853/853/853 852/852/852 844/844/844
f 853/853/853 799/799/799 852/852/852
f 854/854/854 845/845/845 846/846/846
f 854/854/854 846/846/846 847/847/847
f 854/854/854 853/853/853 845/845/845
f 854/854/854 797/797/797 853/853/853
f 855/855/855 796/796/796 797/797/797
f 855/855/855 797/797/797 854/854/854
f 855/855/855 854/854/854 847/847/847
f 856/856/856 795/795/795 796/796/796
f 856/856/856 807/807/807 808/808/808
f 856/856/856 848/848/848 807/807/807
f 856/856/856 847/847/847 848/848/848
f 856/856/856 796/796/796 855/855/855
f 856/856/856 808/808/808 795/795/795
f 856/856/856 855/855/855 847/847/847
v 22.500000 6.129062 69.400002
v 22.829931 6.129062 69.371132
v 23.149837 6.129062 69.285416
v 23.450001 6.129062 69.145447
v 23.721296 6.129062 68.955482
v 23.955484 6.129062 68.721298
v 24.145449 6.129062 68.449997
v 24.285416 6.129062 68.149841
v 24.371134 6.129062 67.829933
v 24.400000 6.129062 67.500000
v 22.500000 -6.129062 69.400002
v 22.829931 -6.129062 69.371132
v 23.149837 -6.129062 69.285416
v 23.450001 -6.129062 69.145447
v 23.721296 -6.129062 68.955482
v 23.955484 -6.129062 68.721298
v 24.145449 -6.129062 68.449997
v 24.285416 -6.129062 68.149841
v 24.371134 -6.129062 67.829933
v 24.400000 -6.129062 67.500000
vn 0.000000 0.000000 -1.000000
vn -0.173648 -0.000000 -0.984808
vn -0.342020 -0.000000 -0.939693
vn -0.500000 -0.000000 -0.866025
vn -0.642788 -0.000000 -0.766044
vn -0.766044 -0.000000 -0.642788
vn -0.866025 -0.000000 -0.500000
vn -0.939693 -0.000000 -0.342020
vn -0.984808 -0.000000 -0.173648
vn -1.000000 -0.000000 -0.000000
vn 0.000000 0.000000 -1.000000
vn -0.173648 -0.000000 -0.984808
vn -0.342020 -0.000000 -0.939693
vn -0.500000 -0.000000 -0.866025
vn -0.642788 -0.000000 -0.766044
vn -0.766044 -0.000000 -0.642788
vn -0.866025 -0.000000 -0.500000
vn -0.939693 -0.000000 -0.342020
vn -0.984808 -0.000000 -0.173648
vn -1.000000 -0.000000 -0.000000
vt 4.712389 6.129062
vt 4.886922 6.129062
vt 5.061455 6.129062
vt 5.235988 6.129062
vt 5.410521 6.129062
vt 5.585053 6.129062
vt 5.759586 6.129062
vt 5.934119 6.129062
vt 6.108653 6.129062
vt 6.283185 6.129062
vt 4.712389 -6.129062
vt 4.886922 -6.129062
vt 5.061455 -6.129062
vt 5.235988 -6.129062
vt 5.410521 -6.129062
vt 5.585053 -6.129062
vt 5.759586 -6.129062
vt 5.934119 -6.129062
vt 6.108653 -6.129062
vt 6.283185 -6.129062
f 857/857/857 868/868/868 867/867/867
f 858/858/858 868/868/868 857/857/857
f 859/859/859 869/869/869 868/868/868
f 859/859/859 870/870/870 869/869/869
f 859/859/859 868/868/868 858/858/858
f 860/860/860 870/870/870 859/859/859
f 861/861/861 871/871/871 870/870/870
f 861/861/861 870/870/870 860/860/860
f 862/862/862 872/872/872 871/871/871
f 862/862/862 873/873/873 872/872/872
f 862/862/862 871/871/871 861/861/861
f 863/863/863 873/873/873 862/862/862
f 864/864/864 874/874/874 873/873/873
f 864/864/864 873/873/873 863/863/863
f 865/865/865 875/875/875 874/874/874
f 865/865/865 874/874/874 864/864/864
f 866/866/866 876/876/876 875/875/875
f 866/866/866 875/875/875 865/865/865
v 7.500000 0.000000 69.400002
v 7.386058 1.302361 69.400002
v 7.047695 2.565151 69.400002
v 6.495191 3.750000 69.400002
v 5.745333 4.820907 69.400002
v 4.820907 5.745333 69.400002
v 3.750000 6.495191 69.400002
v 2.565151 7.047695 69.400002
v 1.302361 7.386058 69.400002
v 0.000000 7.500000 69.400002
v -1.302361 7.386058 69.400002
v -2.565151 7.047695 69.400002
v -3.750000 6.495191 69.400002
v -4.820907 5.745333 69.400002
v -5.745333 4.820907 69.400002
v -6.495191 3.750000 69.400002
v -7.047695 2.565151 69.400002
v -7.386058 1.302361 69.400002
v -7.500000 0.000000 69.400002
v -7.386058 -1.302361 69.400002
v -7.047695 -2.565151 69.400002
v -6.495191 -3.750000 69.400002
v -5.745333 -4.820907 69.400002
v -4.820907 -5.745333 69.400002
v -3.750000 -6.495191 69.400002
v -2.565151 -7.047695 69.400002
v -1.302361 -7.386058 69.400002
v -0.000000 -7.500000 69.400002
v 1.302361 -7.386058 69.400002
v 2.565151 -7.047695 69.400002
v 3.750000 -6.495191 69.400002
v 4.820907 -5.745333 69.400002
v 5.745333 -4.820907 69.400002
v 6.495191 -3.750000 69.400002
v 7.047695 -2.565151 69.400002
v 7.386058 -1.302361 69.400002
v 7.500000 0.000000 69.400002
v 7.395811 -0.000000 69.409119
v 7.294788 -0.000000 69.436188
v 7.200000 -0.000000 69.480385
v 7.114327 -0.000000 69.540375
v 7.040373 -0.000000 69.614326
v 6.980385 -0.000000 69.699997
v 6.936184 -0.000000 69.794785
v 6.909115 -0.000000 69.895813
v 6.900000 -0.000000 70.000000
v 6.795174 1.198172 70.000000
v 6.483879 2.359939 70.000000
v 5.975575 3.450000 70.000000
v 5.285707 4.435235 70.000000
v 4.435235 5.285707 70.000000
v 3.450000 5.975575 70.000000
v 2.359939 6.483879 70.000000
v 1.198172 6.795174 70.000000
v 0.000000 6.900000 70.000000
v -1.198172 6.795174 70.000000
v -2.359939 6.483879 70.000000
v -3.450000 5.975575 70.000000
v -4.435235 5.285707 70.000000
v -5.285707 4.435235 70.000000
v -5.975575 3.450000 70.000000
v -6.483879 2.359939 70.000000
v -6.795174 1.198172 70.000000
v -6.900000 0.000000 70.000000
v -6.795174 -1.198172 70.000000
v -6.483879 -2.359939 70.000000
v -5.975575 -3.450000 70.000000
v -5.285707 -4.435235 70.000000
v -4.435235 -5.285707 70.000000
v -3.450000 -5.975575 70.000000
v -2.359939 -6.483879 70.000000
v -1.198172 -6.795174 70.000000
v -0.000000 -6.900000 70.000000
v 1.198172 -6.795174 70.000000
v 2.359939 -6.483879 70.000000
v 3.450000 -5.975575 70.000000
v 4.435235 -5.285707 70.000000
v 5.285707 -4.435235 70.000000
v 5.975575 -3.450000 70.000000
v 6.483879 -2.359939 70.000000
v 6.795174 -1.198172 70.000000
v 6.900000 -0.000000 70.000000
v 7.395811 -0.000000 69.409119
v 7.294788 -0.000000 69.436188
v 7.200000 -0.000000 69.480385
v 7.114327 -0.000000 69.540375
v 7.040373 -0.000000 69.614326
v 6.980385 -0.000000 69.699997
v 6.936184 -0.000000 69.794785
v 6.909115 -0.000000 69.895813
v 7.283452 -1.284269 69.409119
v 7.183964 -1.266727 69.436188
v 7.090616 -1.250267 69.480385
v 7.006245 -1.235390 69.540375
v 6.933414 -1.222548 69.614326
v 6.874337 -1.212131 69.699997
v 6.830808 -1.204456 69.794785
v 6.804151 -1.199755 69.895813
v 6.949789 -2.529516 69.409119
v 6.854858 -2.494964 69.436188
v 6.765787 -2.462545 69.480385
v 6.685281 -2.433243 69.540375
v 6.615787 -2.407949 69.614326
v 6.559416 -2.387432 69.699997
v 6.517881 -2.372315 69.794785
v 6.492445 -2.363057 69.895813
v 6.404960 -3.697906 69.409119
v 6.317472 -3.647394 69.436188
v 6.235383 -3.600000 69.480385
v 6.161188 -3.557164 69.540375
v 6.097142 -3.520187 69.614326
v 6.045190 -3.490192 69.699997
v 6.006912 -3.468092 69.794785
v 5.983469 -3.454558 69.895813
v 5.665520 -4.753936 69.409119
v 5.588132 -4.688999 69.436188
v 5.515520 -4.628071 69.480385
v 5.449891 -4.573001 69.540375
v 5.393239 -4.525465 69.614326
v 5.347285 -4.486905 69.699997
v 5.313426 -4.458493 69.794785
v 5.292689 -4.441094 69.895813
v 4.753936 -5.665520 69.409119
v 4.688999 -5.588132 69.436188
v 4.628071 -5.515520 69.480385
v 4.573001 -5.449891 69.540375
v 4.525465 -5.393239 69.614326
v 4.486905 -5.347285 69.699997
v 4.458493 -5.313426 69.794785
v 4.441094 -5.292689 69.895813
v 3.697906 -6.404960 69.409119
v 3.647394 -6.317472 69.436188
v 3.600000 -6.235383 69.480385
v 3.557164 -6.161188 69.540375
v 3.520187 -6.097142 69.614326
v 3.490192 -6.045190 69.699997
v 3.468092 -6.006912 69.794785
v 3.454558 -5.983469 69.895813
v 2.529516 -6.949789 69.409119
v 2.494964 -6.854858 69.436188
v 2.462545 -6.765787 69.480385
v 2.433243 -6.685281 69.540375
v 2.407949 -6.615787 69.614326
v 2.387432 -6.559416 69.699997
v 2.372315 -6.517881 69.794785
v 2.363057 -6.492445 69.895813
v 1.284269 -7.283452 69.409119
v 1.266727 -7.183964 69.436188
v 1.250267 -7.090616 69.480385
v 1.235390 -7.006245 69.540375
v 1.222548 -6.933414 69.614326
v 1.212131 -6.874337 69.699997
v 1.204456 -6.830808 69.794785
v 1.199755 -6.804151 69.895813
v -0.000000 -7.395811 69.409119
v -0.000000 -7.294788 69.436188
v -0.000000 -7.200000 69.480385
v -0.000000 -7.114327 69.540375
v -0.000000 -7.040373 69.614326
v -0.000000 -6.980385 69.699997
v -0.000000 -6.936184 69.794785
v -0.000000 -6.909115 69.895813
v -1.284269 -7.283452 69.409119
v -1.266727 -7.183964 69.436188
v -1.250267 -7.090616 69.480385
v -1.235390 -7.006245 69.540375
v -1.222548 -6.933414 69.614326
v -1.212131 -6.874337 69.699997
v -1.204456 -6.830808 69.794785
v -1.199755 -6.804151 69.895813
v -2.529516 -6.949789 69.409119
v -2.494964 -6.854858 69.436188
v -2.462545 -6.765787 69.480385
v -2.433243 -6.685281 69.540375
v -2.407949 -6.615787 69.614326
v -2.387432 -6.559416 69.699997
v -2.372315 -6.517881 69.794785
v -2.363057 -6.492445 69.895813
v -3.697906 -6.404960 69.409119
v -3.647394 -6.317472 69.436188
v -3.600000 -6.235383 69.480385
v -3.557164 -6.161188 69.540375
v -3.520187 -6.097142 69.614326
v -3.490192 -6.045190 69.699997
v -3.468092 -6.006912 69.794785
v -3.454558 -5.983469 69.895813
v -4.753936 -5.665520 69.409119
v -4.688999 -5.588132 69.436188
v -4.628071 -5.515520 69.480385
v -4.573001 -5.449891 69.540375
v -4.525465 -5.393239 69.614326
v -4.486905 -5.347285 69.699997
v -4.458493 -5.313426 69.794785
v -4.441094 -5.292689 69.895813
v -5.665520 -4.753936 69.409119
v -5.588132 -4.688999 69.436188
v -5.515520 -4.628071 69.480385
v -5.449891 -4.573001 69.540375
v -5.393239 -4.525465 69.614326
v -5.347285 -4.486905 69.699997
v -5.313426 -4.458493 69.794785
v -5.292689 -4.441094 69.895813
v -6.404960 -3.697906 69.409119
v -6.317472 -3.647394 69.436188
v -6.235383 -3.600000 69.480385
v -6.161188 -3.557164 69.540375
v -6.097142 -3.520187 69.614326
v -6.045190 -3.490192 69.699997
v -6.006912 -3.468092 69.794785
v -5.983469 -3.454558 69.895813
v -6.949789 -2.529516 69.409119
v -6.854858 -2.494964 69.436188
v -6.765787 -2.462545 69.480385
v -6.685281 -2.433243 69.540375
v -6.615787 -2.407949 69.614326
v -6.559416 -2.387432 69.699997
v -6.517881 -2.372315 69.794785
v -6.492445 -2.363057 69.895813
v -7.283452 -1.284269 69.409119
v -7.183964 -1.266727 69.436188
v -7.090616 -1.250267 69.480385
v -7.006245 -1.235390 69.540375
v -6.933414 -1.222548 69.614326
v -6.874337 -1.212131 69.699997
v -6.830808 -1.204456 69.794785
v -6.804151 -1.199755 69.895813
v -7.395811 0.000000 69.409119
v -7.294788 0.000000 69.436188
v -7.200000 0.000000 69.480385
v -7.114327 0.000000 69.540375
v -7.040373 0.000000 69.614326
v -6.980385 0.000000 69.699997
v -6.936184 0.000000 69.794785
v -6.909115 0.000000 69.895813
v -7.283452 1.284269 69.409119
v -7.183964 1.266727 69.436188
v -7.090616 1.250267 69.480385
v -7.006245 1.235390 69.540375
v -6.933414 1.222548 69.614326
v -6.874337 1.212131 69.699997
v -6.830808 1.204456 69.794785
v -6.804151 1.199755 69.895813
v -6.949789 2.529516 69.409119
v -6.854858 2.494964 69.436188
v -6.765787 2.462545 69.480385
v -6.685281 2.433243 69.540375
v -6.615787 2.407949 69.614326
v -6.559416 2.387432 69.699997
v -6.517881 2.372315 69.794785
v -6.492445 2.363057 69.895813
v -6.404960 3.697906 69.409119
v -6.317472 3.647394 69.436188
v -6.235383 3.600000 69.480385
v -6.161188 3.557164 69.540375
v -6.097142 3.520187 69.614326
v -6.045190 3.490192 69.699997
v -6.006912 3.468092 69.794785
v -5.983469 3.454558 69.895813
v -5.665520 4.753936 69.409119
v -5.588132 4.688999 69.436188
v -5.515520 4.628071 69.480385
v -5.449891 4.573001 69.540375
v -5.393239 4.525465 69.614326
v -5.347285 4.486905 69.699997
v -5.313426 4.458493 69.794785
v -5.292689 4.441094 69.895813
v -4.753936 5.665520 69.409119
v -4.688999 5.588132 69.436188
v -4.628071 5.515520 69.480385
v -4.573001 5.449891 69.540375
v -4.525465 5.393239 69.614326
v -4.486905 5.347285 69.699997
v -4.458493 5.313426 69.794785
v -4.441094 5.292689 69.895813
v -3.697906 6.404960 69.409119
v -3.647394 6.317472 69.436188
v -3.600000 6.235383 69.480385
v -3.557164 6.161188 69.540375
v -3.520187 6.097142 69.614326
v -3.490192 6.045190 69.699997
v -3.468092 6.006912 69.794785
v -3.454558 5.983469 69.895813
v -2.529516 6.949789 69.409119
v -2.494964 6.854858 69.436188
v -2.462545 6.765787 69.480385
v -2.433243 6.685281 69.540375
v -2.407949 6.615787 69.614326
v -2.387432 6.559416 69.699997
v -2.372315 6.517881 69.794785
v -2.363057 6.492445 69.895813
v -1.284269 7.283452 69.409119
v -1.266727 7.183964 69.436188
v -1.250267 7.090616 69.480385
v -1.235390 7.006245 69.540375
v -1.222548 6.933414 69.614326
v -1.212131 6.874337 69.699997
v -1.204456 6.830808 69.794785
v -1.199755 6.804151 69.895813
v 0.000000 7.395811 69.409119
v 0.000000 7.294788 69.436188
v 0.000000 7.200000 69.480385
v 0.000000 7.114327 69.540375
v 0.000000 7.040373 69.614326
v 0.000000 6.980385 69.699997
v 0.000000 6.936184 69.794785
v 0.000000 6.909115 69.895813
v 1.284269 7.283452 69.409119
v 1.266727 7.183964 69.436188
v 1.250267 7.090616 69.480385
v 1.235390 7.006245 69.540375
v 1.222548 6.933414 69.614326
v 1.212131 6.874337 69.699997
v 1.204456 6.830808 69.794785
v 1.199755 6.804151 69.895813
v 2.529516 6.949789 69.409119
v 2.494964 6.854858 69.436188
v 2.462545 6.765787 69.480385
v 2.433243 6.685281 69.540375
v 2.407949 6.615787 69.614326
v 2.387432 6.559416 69.699997
v 2.372315 6.517881 69.794785
v 2.363057 6.492445 69.895813
v 3.697906 6.404960 69.409119
v 3.647394 6.317472 69.436188
v 3.600000 6.235383 69.480385
v 3.557164 6.161188 69.540375
v 3.520187 6.097142 69.614326
v 3.490192 6.045190 69.699997
v 3.468092 6.006912 69.794785
v 3.454558 5.983469 69.895813
v 4.753936 5.665520 69.409119
v 4.688999 5.588132 69.436188
v 4.628071 5.515520 69.480385
v 4.573001 5.449891 69.540375
v 4.525465 5.393239 69.614326
v 4.486905 5.347285 69.699997
v 4.458493 5.313426 69.794785
v 4.441094 5.292689 69.895813
v 5.665520 4.753936 69.409119
v 5.588132 4.688999 69.436188
v 5.515520 4.628071 69.480385
v 5.449891 4.573001 69.540375
v 5.393239 4.525465 69.614326
v 5.347285 4.486905 69.699997
v 5.313426 4.458493 69.794785
v 5.292689 4.441094 69.895813
v 6.404960 3.697906 69.409119
v 6.317472 3.647394 69.436188
v 6.235383 3.600000 69.480385
v 6.161188 3.557164 69.540375
v 6.097142 3.520187 69.614326
v 6.045190 3.490192 69.699997
v 6.006912 3.468092 69.794785
v 5.983469 3.454558 69.895813
v 6.949789 2.529516 69.409119
v 6.854858 2.494964 69.436188
v 6.765787 2.462545 69.480385
v 6.685281 2.433243 69.540375
v 6.615787 2.407949 69.614326
v 6.559416 2.387432 69.699997
v 6.517881 2.372315 69.794785
v 6.492445 2.363057 69.895813
v 7.283452 1.284269 69.409119
v 7.183964 1.266727 69.436188
v 7.090616 1.250267 69.480385
v 7.006245 1.235390 69.540375
v 6.933414 1.222548 69.614326
v 6.874337 1.212131 69.699997
v 6.830808 1.204456 69.794785
v 6.804151 1.199755 69.895813
vn 0.000000 0.000000 -1.000000
vn 0.000000 0.000000 -1.000000
vn 0.000000 0.000000 -1.000000
vn 0.000000 0.000000 -1.000000
vn 0.000000 0.000000 -1.000000
vn 0.000000 0.000000 -1.000000
vn 0.000000 0.000000 -1.000000
vn 0.000000 0.000000 -1.000000
vn 0.000000 0.000000 -1.000000
vn 0.000000 0.000000 -1.000000
vn -0.000000 0.000000 -1.000000
vn -0.000000 0.000000 -1.000000
vn -0.000000 0.000000 -1.000000
vn -0.000000 0.000000 -1.000000
vn -0.000000 0.000000 -1.000000
vn -0.000000 0.000000 -1.000000
vn -0.000000 0.000000 -1.000000
vn -0.000000 0.000000 -1.000000
vn -0.000000 0.000000 -1.000000
vn -0.000000 -0.000000 -1.000000
vn -0.000000 -0.000000 -1.000000
vn -0.000000 -0.000000 -1.000000
vn -0.000000 -0.000000 -1.000000
vn -0.000000 -0.000000 -1.000000
vn -0.000000 -0.000000 -1.000000
vn -0.000000 -0.000000 -1.000000
vn -0.000000 -0.000000 -1.000000
vn -0.000000 -0.000000 -1.000000
vn 0.000000 -0.000000 -1.000000
vn 0.000000 -0.000000 -1.000000
vn 0.000000 -0.000000 -1.000000
vn 0.000000 -0.000000 -1.000000
vn 0.000000 -0.000000 -1.000000
vn 0.000000 -0.000000 -1.000000
vn 0.000000 -0.000000 -1.000000
vn 0.000000 -0.000000 -1.000000
vn 0.000000 0.000000 -1.000000
vn -0.173648 -0.000000 -0.984808
vn -0.342020 -0.000000 -0.939693
vn -0.500000 -0.000000 -0.866025
vn -0.642788 -0.000000 -0.766044
vn -0.766044 -0.000000 -0.642788
vn -0.866025 -0.000000 -0.500000
vn -0.939693 -0.000000 -0.342020
vn -0.984808 -0.000000 -0.173648
vn -1.000000 0.000000 0.000000
vn -0.984808 -0.173648 0.000000
vn -0.939693 -0.342020 0.000000
vn -0.866025 -0.500000 0.000000
vn -0.766044 -0.642788 0.000000
vn -0.642788 -0.766044 0.000000
vn -0.500000 -0.866025 0.000000
vn -0.342020 -0.939693 0.000000
vn -0.173648 -0.984808 0.000000
vn 0.000000 -1.000000 0.000000
vn 0.173648 -0.984808 0.000000
vn 0.342020 -0.939693 0.000000
vn 0.500000 -0.866025 0.000000
vn 0.642788 -0.766044 0.000000
vn 0.766044 -0.642788 0.000000
vn 0.866025 -0.500000 0.000000
vn 0.939693 -0.342020 0.000000
vn 0.984808 -0.173648 0.000000
vn 1.000000 0.000000 -0.000000
vn 0.984808 0.173648 -0.000000
vn 0.939693 0.342020 -0.000000
vn 0.866025 0.500000 -0.000000
vn 0.766044 0.642788 -0.000000
vn 0.642788 0.766044 -0.000000
vn 0.500000 0.866025 -0.000000
vn 0.342020 0.939693 -0.000000
vn 0.173648 0.984808 -0.000000
vn 0.000000 1.000000 -0.000000
vn -0.173648 0.984808 0.000000
vn -0.342020 0.939693 0.000000
vn -0.500000 0.866025 0.000000
vn -0.642788 0.766044 0.000000
vn -0.766044 0.642788 0.000000
vn -0.866025 0.500000 0.000000
vn -0.939693 0.342020 0.000000
vn -0.984808 0.173648 0.000000
vn -1.000000 0.000000 0.000000
vn -0.173648 -0.000000 -0.984808
vn -0.342020 -0.000000 -0.939693
vn -0.500000 -0.000000 -0.866025
vn -0.642788 -0.000000 -0.766044
vn -0.766044 -0.000000 -0.642788
vn -0.866025 -0.000000 -0.500000
vn -0.939693 -0.000000 -0.342020
vn -0.984808 -0.000000 -0.173648
vn -0.171010 0.030154 -0.984808
vn -0.336824 0.059391 -0.939693
vn -0.492404 0.086824 -0.866025
vn -0.633022 0.111619 -0.766044
vn -0.754407 0.133022 -0.642788
vn -0.852869 0.150384 -0.500000
vn -0.925417 0.163176 -0.342020
vn -0.969846 0.171010 -0.173648
vn -0.163176 0.059391 -0.984808
vn -0.321394 0.116978 -0.939693
vn -0.469846 0.171010 -0.866025
vn -0.604023 0.219846 -0.766044
vn -0.719846 0.262003 -0.642788
vn -0.813798 0.296198 -0.500000
vn -0.883022 0.321394 -0.342020
vn -0.925417 0.336824 -0.173648
vn -0.150384 0.086824 -0.984808
vn -0.296198 0.171010 -0.939693
vn -0.433013 0.250000 -0.866025
vn -0.556670 0.321394 -0.766044
vn -0.663414 0.383022 -0.642788
vn -0.750000 0.433013 -0.500000
vn -0.813798 0.469846 -0.342020
vn -0.852869 0.492404 -0.173648
vn -0.133022 0.111619 -0.984808
vn -0.262003 0.219846 -0.939693
vn -0.383022 0.321394 -0.866025
vn -0.492404 0.413176 -0.766044
vn -0.586824 0.492404 -0.642788
vn -0.663414 0.556670 -0.500000
vn -0.719846 0.604023 -0.342020
vn -0.754407 0.633022 -0.173648
vn -0.111619 0.133022 -0.984808
vn -0.219846 0.262003 -0.939693
vn -0.321394 0.383022 -0.866025
vn -0.413176 0.492404 -0.766044
vn -0.492404 0.586824 -0.642788
vn -0.556670 0.663414 -0.500000
vn -0.604023 0.719846 -0.342020
vn -0.633022 0.754407 -0.173648
vn -0.086824 0.150384 -0.984808
vn -0.171010 0.296198 -0.939693
vn -0.250000 0.433013 -0.866025
vn -0.321394 0.556670 -0.766044
vn -0.383022 0.663414 -0.642788
vn -0.433013 0.750000 -0.500000
vn -0.469846 0.813798 -0.342020
vn -0.492404 0.852869 -0.173648
vn -0.059391 0.163176 -0.984808
vn -0.116978 0.321394 -0.939693
vn -0.171010 0.469846 -0.866025
vn -0.219846 0.604023 -0.766044
vn -0.262003 0.719846 -0.642788
vn -0.296198 0.813798 -0.500000
vn -0.321394 0.883022 -0.342020
vn -0.336824 0.925417 -0.173648
vn -0.030154 0.171010 -0.984808
vn -0.059391 0.336824 -0.939693
vn -0.086824 0.492404 -0.866025
vn -0.111619 0.633022 -0.766044
vn -0.133022 0.754407 -0.642788
vn -0.150384 0.852869 -0.500000
vn -0.163176 0.925417 -0.342020
vn -0.171010 0.969846 -0.173648
vn 0.000000 0.173648 -0.984808
vn 0.000000 0.342020 -0.939693
vn 0.000000 0.500000 -0.866025
vn 0.000000 0.642788 -0.766044
vn 0.000000 0.766044 -0.642788
vn 0.000000 0.866025 -0.500000
vn 0.000000 0.939693 -0.342020
vn 0.000000 0.984808 -0.173648
vn 0.030154 0.171010 -0.984808
vn 0.059391 0.336824 -0.939693
vn 0.086824 0.492404 -0.866025
vn 0.111619 0.633022 -0.766044
vn 0.133022 0.754407 -0.642788
vn 0.150384 0.852869 -0.500000
vn 0.163176 0.925417 -0.342020
vn 0.171010 0.969846 -0.173648
vn 0.059391 0.163176 -0.984808
vn 0.116978 0.321394 -0.939693
vn 0.171010 0.469846 -0.866025
vn 0.219846 0.604023 -0.766044
vn 0.262003 0.719846 -0.642788
vn 0.296198 0.813798 -0.500000
vn 0.321394 0.883022 -0.342020
vn 0.336824 0.925417 -0.173648
vn 0.086824 0.150384 -0.984808
vn 0.171010 0.296198 -0.939693
vn 0.250000 0.433013 -0.866025
vn 0.321394 0.556670 -0.766044
vn 0.383022 0.663414 -0.642788
vn 0.433013 0.750000 -0.500000
vn 0.469846 0.813798 -0.342020
vn 0.492404 0.852869 -0.173648
vn 0.111619 0.133022 -0.984808
vn 0.219846 0.262003 -0.939693
vn 0.321394 0.383022 -0.866025
vn 0.413176 0.492404 -0.766044
vn 0.492404 0.586824 -0.642788
vn 0.556670 0.663414 -0.500000
vn 0.604023 0.719846 -0.342020
vn 0.633022 0.754407 -0.173648
vn 0.133022 0.111619 -0.984808
vn 0.262003 0.219846 -0.939693
vn 0.383022 0.321394 -0.866025
vn 0.492404 0.413176 -0.766044
vn 0.586824 0.492404 -0.642788
vn 0.663414 0.556670 -0.500000
vn 0.719846 0.604023 -0.342020
vn 0.754407 0.633022 -0.173648
vn 0.150384 0.086824 -0.984808
vn 0.296198 0.171010 -0.939693
vn 0.433013 0.250000 -0.866025
vn 0.556670 0.321394 -0.766044
vn 0.663414 0.383022 -0.642788
vn 0.750000 0.433013 -0.500000
vn 0.813798 0.469846 -0.342020
vn 0.852869 0.492404 -0.173648
vn 0.163176 0.059391 -0.984808
vn 0.321394 0.116978 -0.939693
vn 0.469846 0.171010 -0.866025
vn 0.604023 0.219846 -0.766044
vn 0.719846 0.262003 -0.642788
vn 0.813798 0.296198 -0.500000
vn 0.883022 0.321394 -0.342020
vn 0.925417 0.336824 -0.173648
vn 0.171010 0.030154 -0.984808
vn 0.336824 0.059391 -0.939693
vn 0.492404 0.086824 -0.866025
vn 0.633022 0.111619 -0.766044
vn 0.754407 0.133022 -0.642788
vn 0.852869 0.150384 -0.500000
vn 0.925417 0.163176 -0.342020
vn 0.969846 0.171010 -0.173648
vn 0.173648 0.000000 -0.984808
vn 0.342020 0.000000 -0.939693
vn 0.500000 0.000000 -0.866025
vn 0.642788 0.000000 -0.766044
vn 0.766044 0.000000 -0.642788
vn 0.866025 0.000000 -0.500000
vn 0.939693 0.000000 -0.342020
vn 0.984808 0.000000 -0.173648
vn 0.171010 -0.030154 -0.984808
vn 0.336824 -0.059391 -0.939693
vn 0.492404 -0.086824 -0.866025
vn 0.633022 -0.111619 -0.766044
vn 0.754407 -0.133022 -0.642788
vn 0.852869 -0.150384 -0.500000
vn 0.925417 -0.163176 -0.342020
vn 0.969846 -0.171010 -0.173648
vn 0.163176 -0.059391 -0.984808
vn 0.321394 -0.116978 -0.939693
vn 0.469846 -0.171010 -0.866025
vn 0.604023 -0.219846 -0.766044
vn 0.719846 -0.262003 -0.642788
vn 0.813798 -0.296198 -0.500000
vn 0.883022 -0.321394 -0.342020
vn 0.925417 -0.336824 -0.173648
vn 0.150384 -0.086824 -0.984808
vn 0.296198 -0.171010 -0.939693
vn 0.433013 -0.250000 -0.866025
vn 0.556670 -0.321394 -0.766044
vn 0.663414 -0.383022 -0.642788
vn 0.750000 -0.433013 -0.500000
vn 0.813798 -0.469846 -0.342020
vn 0.852869 -0.492404 -0.173648
vn 0.133022 -0.111619 -0.984808
vn 0.262003 -0.219846 -0.939693
vn 0.383022 -0.321394 -0.866025
vn 0.492404 -0.413176 -0.766044
vn 0.586824 -0.492404 -0.642788
vn 0.663414 -0.556670 -0.500000
vn 0.719846 -0.604023 -0.342020
vn 0.754407 -0.633022 -0.173648
vn 0.111619 -0.133022 -0.984808
vn 0.219846 -0.262003 -0.939693
vn 0.321394 -0.383022 -0.866025
vn 0.413176 -0.492404 -0.766044
vn 0.492404 -0.586824 -0.642788
vn 0.556670 -0.663414 -0.500000
vn 0.604023 -0.719846 -0.342020
vn 0.633022 -0.754407 -0.173648
vn 0.086824 -0.150384 -0.984808
vn 0.171010 -0.296198 -0.939693
vn 0.250000 -0.433013 -0.866025
vn 0.321394 -0.556670 -0.766044
vn 0.383022 -0.663414 -0.642788
vn 0.433013 -0.750000 -0.500000
vn 0.469846 -0.813798 -0.342020
vn 0.492404 -0.852869 -0.173648
vn 0.059391 -0.163176 -0.984808
vn 0.116978 -0.321394 -0.939693
vn 0.171010 -0.469846 -0.866025
vn 0.219846 -0.604023 -0.766044
vn 0.262003 -0.719846 -0.642788
vn 0.296198 -0.813798 -0.500000
vn 0.321394 -0.883022 -0.342020
vn 0.336824 -0.925417 -0.173648
vn 0.030154 -0.171010 -0.984808
vn 0.059391 -0.336824 -0.939693
vn 0.086824 -0.492404 -0.866025
vn 0.111619 -0.633022 -0.766044
vn 0.133022 -0.754407 -0.642788
vn 0.150384 -0.852869 -0.500000
vn 0.163176 -0.925417 -0.342020
vn 0.171010 -0.969846 -0.173648
vn 0.000000 -0.173648 -0.984808
vn 0.000000 -0.342020 -0.939693
vn 0.000000 -0.500000 -0.866025
vn 0.000000 -0.642788 -0.766044
vn 0.000000 -0.766044 -0.642788
vn 0.000000 -0.866025 -0.500000
vn 0.000000 -0.939693 -0.342020
vn 0.000000 -0.984808 -0.173648
vn -0.030154 -0.171010 -0.984808
vn -0.059391 -0.336824 -0.939693
vn -0.086824 -0.492404 -0.866025
vn -0.111619 -0.633022 -0.766044
vn -0.133022 -0.754407 -0.642788
vn -0.150384 -0.852869 -0.500000
vn -0.163176 -0.925417 -0.342020
vn -0.171010 -0.969846 -0.173648
vn -0.059391 -0.163176 -0.984808
vn -0.116978 -0.321394 -0.939693
vn -0.171010 -0.469846 -0.866025
vn -0.219846 -0.604023 -0.766044
vn -0.262003 -0.719846 -0.642788
vn -0.296198 -0.813798 -0.500000
vn -0.321394 -0.883022 -0.342020
vn -0.336824 -0.925417 -0.173648
vn -0.086824 -0.150384 -0.984808
vn -0.171010 -0.296198 -0.939693
vn -0.250000 -0.433013 -0.866025
vn -0.321394 -0.556670 -0.766044
vn -0.383022 -0.663414 -0.642788
vn -0.433013 -0.750000 -0.500000
vn -0.469846 -0.813798 -0.342020
vn -0.492404 -0.852869 -0.173648
vn -0.111619 -0.133022 -0.984808
vn -0.219846 -0.262003 -0.939693
vn -0.321394 -0.383022 -0.866025
vn -0.413176 -0.492404 -0.766044
vn -0.492404 -0.586824 -0.642788
vn -0.556670 -0.663414 -0.500000
vn -0.604023 -0.719846 -0.342020
vn -0.633022 -0.754407 -0.173648
vn -0.133022 -0.111619 -0.984808
vn -0.262003 -0.219846 -0.939693
vn -0.383022 -0.321394 -0.866025
vn -0.492404 -0.413176 -0.766044
vn -0.586824 -0.492404 -0.642788
vn -0.663414 -0.556670 -0.500000
vn -0.719846 -0.604023 -0.342020
vn -0.754407 -0.633022 -0.173648
vn -0.150384 -0.086824 -0.984808
vn -0.296198 -0.171010 -0.939693
vn -0.433013 -0.250000 -0.866025
vn -0.556670 -0.321394 -0.766044
vn -0.663414 -0.383022 -0.642788
vn -0.750000 -0.433013 -0.500000
vn -0.813798 -0.469846 -0.342020
vn -0.852869 -0.492404 -0.173648
vn -0.163176 -0.059391 -0.984808
vn -0.321394 -0.116978 -0.939693
vn -0.469846 -0.171010 -0.866025
vn -0.604023 -0.219846 -0.766044
vn -0.719846 -0.262003 -0.642788
vn -0.813798 -0.296198 -0.500000
vn -0.883022 -0.321394 -0.342020
vn -0.925417 -0.336824 -0.173648
vn -0.171010 -0.030154 -0.984808
vn -0.336824 -0.059391 -0.939693
vn -0.492404 -0.086824 -0.866025
vn -0.633022 -0.111619 -0.766044
vn -0.754407 -0.133022 -0.642788
vn -0.852869 -0.150384 -0.500000
vn -0.925417 -0.163176 -0.342020
vn -0.969846 -0.171010 -0.173648
vt 6.283185 1.570796
vt 6.108653 1.570796
vt 5.934119 1.570796
vt 5.759586 1.570796
vt 5.585053 1.570796
vt 5.410521 1.570796
vt 5.235988 1.570796
vt 5.061455 1.570796
vt 4.886922 1.570796
vt 4.712389 1.570796
vt 4.537856 1.570796
vt 4.363323 1.570796
vt 4.188790 1.570796
vt 4.014257 1.570796
vt 3.839724 1.570796
vt 3.665191 1.570796
vt 3.490659 1.570796
vt 3.316126 1.570796
vt 3.141593 1.570796
vt 2.967060 1.570796
vt 2.792527 1.570796
vt 2.617994 1.570796
vt 2.443461 1.570796
vt 2.268928 1.570796
vt 2.094395 1.570796
vt 1.919862 1.570796
vt 1.745329 1.570796
vt 1.570796 1.570796
vt 1.396263 1.570796
vt 1.221730 1.570796
vt 1.047198 1.570796
vt 0.872665 1.570796
vt 0.698132 1.570796
vt 0.523599 1.570796
vt 0.349066 1.570796
vt 0.174533 1.570796
vt 0.000000 1.570796
vt 6.283185 1.745329
vt 6.283185 1.919862
vt 6.283185 2.094395
vt 6.283185 2.268928
vt 6.283185 2.443461
vt 6.283185 2.617994
vt 6.283185 2.792527
vt 6.283185 2.967060
vt 6.283185 3.141593
vt 6.108653 3.141593
vt 5.934119 3.141593
vt 5.759586 3.141593
vt 5.585053 3.141593
vt 5.410521 3.141593
vt 5.235988 3.141593
vt 5.061455 3.141593
vt 4.886922 3.141593
vt 4.712389 3.141593
vt 4.537856 3.141593
vt 4.363323 3.141593
vt 4.188790 3.141593
vt 4.014257 3.141593
vt 3.839724 3.141593
vt 3.665191 3.141593
vt 3.490659 3.141593
vt 3.316126 3.141593
vt 3.141593 3.141593
vt 2.967060 3.141593
vt 2.792527 3.141593
vt 2.617994 3.141593
vt 2.443461 3.141593
vt 2.268928 3.141593
vt 2.094395 3.141593
vt 1.919862 3.141593
vt 1.745329 3.141593
vt 1.570796 3.141593
vt 1.396263 3.141593
vt 1.221730 3.141593
vt 1.047198 3.141593
vt 0.872665 3.141593
vt 0.698132 3.141593
vt 0.523599 3.141593
vt 0.349066 3.141593
vt 0.174533 3.141593
vt 0.000000 3.141593
vt 0.000000 1.745329
vt 0.000000 1.919862
vt 0.000000 2.094395
vt 0.000000 2.268928
vt 0.000000 2.443461
vt 0.000000 2.617994
vt 0.000000 2.792527
vt 0.000000 2.967060
vt 0.174533 1.745329
vt 0.174533 1.919862
vt 0.174533 2.094395
vt 0.174533 2.268928
vt 0.174533 2.443461
vt 0.174533 2.617994
vt 0.174533 2.792527
vt 0.174533 2.967060
vt 0.349066 1.745329
vt 0.349066 1.919862
vt 0.349066 2.094395
vt 0.349066 2.268928
vt 0.349066 2.443461
vt 0.349066 2.617994
vt 0.349066 2.792527
vt 0.349066 2.967060
vt 0.523599 1.745329
vt 0.523599 1.919862
vt 0.523599 2.094395
vt 0.523599 2.268928
vt 0.523599 2.443461
vt 0.523599 2.617994
vt 0.523599 2.792527
vt 0.523599 2.967060
vt 0.698132 1.745329
vt 0.698132 1.919862
vt 0.698132 2.094395
vt 0.698132 2.268928
vt 0.698132 2.443461
vt 0.698132 2.617994
vt 0.698132 2.792527
vt 0.698132 2.967060
vt 0.872665 1.745329
vt 0.872665 1.919862
vt 0.872665 2.094395
vt 0.872665 2.268928
vt 0.872665 2.443461
vt 0.872665 2.617994
vt 0.872665 2.792527
vt 0.872665 2.967060
vt 1.047198 1.745329
vt 1.047198 1.919862
vt 1.047198 2.094395
vt 1.047198 2.268928
vt 1.047198 2.443461
vt 1.047198 2.617994
vt 1.047198 2.792527
vt 1.047198 2.967060
vt 1.221730 1.745329
vt 1.221730 1.919862
vt 1.221730 2.094395
vt 1.221730 2.268928
vt 1.221730 2.443461
vt 1.221730 2.617994
vt 1.221730 2.792527
vt 1.221730 2.967060
vt 1.396263 1.745329
vt 1.396263 1.919862
vt 1.396263 2.094395
vt 1.396263 2.268928
vt 1.396263 2.443461
vt 1.396263 2.617994
vt 1.396263 2.792527
vt 1.396263 2.967060
vt 1.570796 1.745329
vt 1.570796 1.919862
vt 1.570796 2.094395
vt 1.570796 2.268928
vt 1.570796 2.443461
vt 1.570796 2.617994
vt 1.570796 2.792527
vt 1.570796 2.967060
vt 1.745329 1.745329
vt 1.745329 1.919862
vt 1.745329 2.094395
vt 1.745329 2.268928
vt 1.745329 2.443461
vt 1.745329 2.617994
vt 1.745329 2.792527
vt 1.745329 2.967060
vt 1.919862 1.745329
vt 1.919862 1.919862
vt 1.919862 2.094395
vt 1.919862 2.268928
vt 1.919862 2.443461
vt 1.919862 2.617994
vt 1.919862 2.792527
vt 1.919862 2.967060
vt 2.094395 1.745329
vt 2.094395 1.919862
vt 2.094395 2.094395
vt 2.094395 2.268928
vt 2.094395 2.443461
vt 2.094395 2.617994
vt 2.094395 2.792527
vt 2.094395 2.967060
vt 2.268928 1.745329
vt 2.268928 1.919862
vt 2.268928 2.094395
vt 2.268928 2.268928
vt 2.268928 2.443461
vt 2.268928 2.617994
vt 2.268928 2.792527
vt 2.268928 2.967060
vt 2.443461 1.745329
vt 2.443461 1.919862
vt 2.443461 2.094395
vt 2.443461 2.268928
vt 2.443461 2.443461
vt 2.443461 2.617994
vt 2.443461 2.792527
vt 2.443461 2.967060
vt 2.617994 1.745329
vt 2.617994 1.919862
vt 2.617994 2.094395
vt 2.617994 2.268928
vt 2.617994 2.443461
vt 2.617994 2.617994
vt 2.617994 2.792527
vt 2.617994 2.967060
vt 2.792527 1.745329
vt 2.792527 1.919862
vt 2.792527 2.094395
vt 2.792527 2.268928
vt 2.792527 2.443461
vt 2.792527 2.617994
vt 2.792527 2.792527
vt 2.792527 2.967060
vt 2.967060 1.745329
vt 2.967060 1.919862
vt 2.967060 2.094395
vt 2.967060 2.268928
vt 2.967060 2.443461
vt 2.967060 2.617994
vt 2.967060 2.792527
vt 2.967060 2.967060
vt 3.141593 1.745329
vt 3.141593 1.919862
vt 3.141593 2.094395
vt 3.141593 2.268928
vt 3.141593 2.443461
vt 3.141593 2.617994
vt 3.141593 2.792527
vt 3.141593 2.967060
vt 3.316126 1.745329
vt 3.316126 1.919862
vt 3.316126 2.094395
vt 3.316126 2.268928
vt 3.316126 2.443461
vt 3.316126 2.617994
vt 3.316126 2.792527
vt 3.316126 2.967060
vt 3.490659 1.745329
vt 3.490659 1.919862
vt 3.490659 2.094395
vt 3.490659 2.268928
vt 3.490659 2.443461
vt 3.490659 2.617994
vt 3.490659 2.792527
vt 3.490659 2.967060
vt 3.665191 1.745329
vt 3.665191 1.919862
vt 3.665191 2.094395
vt 3.665191 2.268928
vt 3.665191 2.443461
vt 3.665191 2.617994
vt 3.665191 2.792527
vt 3.665191 2.967060
vt 3.839724 1.745329
vt 3.839724 1.919862
vt 3.839724 2.094395
vt 3.839724 2.268928
vt 3.839724 2.443461
vt 3.839724 2.617994
vt 3.839724 2.792527
vt 3.839724 2.967060
vt 4.014257 1.745329
vt 4.014257 1.919862
vt 4.014257 2.094395
vt 4.014257 2.268928
vt 4.014257 2.443461
vt 4.014257 2.617994
vt 4.014257 2.792527
vt 4.014257 2.967060
vt 4.188790 1.745329
vt 4.188790 1.919862
vt 4.188790 2.094395
vt 4.188790 2.268928
vt 4.188790 2.443461
vt 4.188790 2.617994
vt 4.188790 2.792527
vt 4.188790 2.967060
vt 4.363323 1.745329
vt 4.363323 1.919862
vt 4.363323 2.094395
vt 4.363323 2.268928
vt 4.363323 2.443461
vt 4.363323 2.617994
vt 4.363323 2.792527
vt 4.363323 2.967060
vt 4.537856 1.745329
vt 4.537856 1.919862
vt 4.537856 2.094395
vt 4.537856 2.268928
vt 4.537856 2.443461
vt 4.537856 2.617994
vt 4.537856 2.792527
vt 4.537856 2.967060
vt 4.712389 1.745329
vt 4.712389 1.919862
vt 4.712389 2.094395
vt 4.712389 2.268928
vt 4.712389 2.443461
vt 4.712389 2.617994
vt 4.712389 2.792527
vt 4.712389 2.967060
vt 4.886922 1.745329
vt 4.886922 1.919862
vt 4.886922 2.094395
vt 4.886922 2.268928
vt 4.886922 2.443461
vt 4.886922 2.617994
vt 4.886922 2.792527
vt 4.886922 2.967060
vt 5.061455 1.745329
vt 5.061455 1.919862
vt 5.061455 2.094395
vt 5.061455 2.268928
vt 5.061455 2.443461
vt 5.061455 2.617994
vt 5.061455 2.792527
vt 5.061455 2.967060
vt 5.235988 1.745329
vt 5.235988 1.919862
vt 5.235988 2.094395
vt 5.235988 2.268928
vt 5.235988 2.443461
vt 5.235988 2.617994
vt 5.235988 2.792527
vt 5.235988 2.967060
vt 5.410521 1.745329
vt 5.410521 1.919862
vt 5.410521 2.094395
vt 5.410521 2.268928
vt 5.410521 2.443461
vt 5.410521 2.617994
vt 5.410521 2.792527
vt 5.410521 2.967060
vt 5.585053 1.745329
vt 5.585053 1.919862
vt 5.585053 2.094395
vt 5.585053 2.268928
vt 5.585053 2.443461
vt 5.585053 2.617994
vt 5.585053 2.792527
vt 5.585053 2.967060
vt 5.759586 1.745329
vt 5.759586 1.919862
vt 5.759586 2.094395
vt 5.759586 2.268928
vt 5.759586 2.443461
vt 5.759586 2.617994
vt 5.759586 2.792527
vt 5.759586 2.967060
vt 5.934119 1.745329
vt 5.934119 1.919862
vt 5.934119 2.094395
vt 5.934119 2.268928
vt 5.934119 2.443461
vt 5.934119 2.617994
vt 5.934119 2.792527
vt 5.934119 2.967060
vt 6.108653 1.745329
vt 6.108653 1.919862
vt 6.108653 2.094395
vt 6.108653 2.268928
vt 6.108653 2.443461
vt 6.108653 2.617994
vt 6.108653 2.792527
vt 6.108653 2.967060
f 922/922/922 923/923/923 921/921/921
f 967/967/967 913/913/913 912/912/912
f 967/967/967 959/959/959 913/913/913
f 968/968/968 959/959/959 967/967/967
f 968/968/968 960/960/960 959/959/959
f 969/969/969 961/961/961 960/960/960
f 969/969/969 960/960/960 968/968/968
f 970/970/970 961/961/961 969/969/969
f 970/970/970 962/962/962 961/961/961
f 971/971/971 962/962/962 970/970/970
f 971/971/971 963/963/963 962/962/962
f 972/972/972 963/963/963 971/971/971
f 972/972/972 964/964/964 963/963/963
f 973/973/973 964/964/964 972/972/972
f 973/973/973 965/965/965 964/964/964
f 974/974/974 957/957/957 958/958/958
f 974/974/974 966/966/966 965/965/965
f 974/974/974 958/958/958 966/966/966
f 974/974/974 965/965/965 973/973/973
f 975/975/975 967/967/967 912/912/912
f 975/975/975 911/911/911 910/910/910
f 975/975/975 912/912/912 911/911/911
f 976/976/976 967/967/967 975/975/975
f 976/976/976 968/968/968 967/967/967
f 977/977/977 968/968/968 976/976/976
f 977/977/977 969/969/969 968/968/968
f 978/978/978 970/970/970 969/969/969
f 978/978/978 969/969/969 977/977/977
f 979/979/979 970/970/970 978/978/978
f 979/979/979 971/971/971 970/970/970
f 980/980/980 971/971/971 979/979/979
f 980/980/980 972/972/972 971/971/971
f 981/981/981 973/973/973 972/972/972
f 981/981/981 972/972/972 980/980/980
f 982/982/982 973/973/973 981/981/981
f 982/982/982 974/974/974 973/973/973
f 982/982/982 955/955/955 956/956/956
f 982/982/982 956/956/956 957/957/957
f 982/982/982 957/957/957 974/974/974
f 983/983/983 975/975/975 910/910/910
f 984/984/984 976/976/976 975/975/975
f 984/984/984 975/975/975 983/983/983
f 985/985/985 977/977/977 976/976/976
f 985/985/985 976/976/976 984/984/984
f 986/986/986 978/978/978 977/977/977
f 986/986/986 979/979/979 978/978/978
f 986/986/986 977/977/977 985/985/985
f 987/987/987 979/979/979 986/986/986
f 988/988/988 979/979/979 987/987/987
f 988/988/988 980/980/980 979/979/979
f 989/989/989 980/980/980 988/988/988
f 989/989/989 981/981/981 980/980/980
f 990/990/990 982/982/982 981/981/981
f 990/990/990 955/955/955 982/982/982
f 990/990/990 981/981/981 989/989/989
f 991/991/991 983/983/983 910/910/910
f 991/991/991 910/910/910 909/909/909
f 992/992/992 984/984/984 983/983/983
f 992/992/992 983/983/983 991/991/991
f 993/993/993 984/984/984 992/992/992
f 993/993/993 985/985/985 984/984/984
f 994/994/994 986/986/986 985/985/985
f 994/994/994 985/985/985 993/993/993
f 995/995/995 987/987/987 986/986/986
f 995/995/995 986/986/986 994/994/994
f 996/996/996 988/988/988 987/987/987
f 996/996/996 987/987/987 995/995/995
f 997/997/997 988/988/988 996/996/996
f 997/997/997 989/989/989 988/988/988
f 998/998/998 990/990/990 989/989/989
f 998/998/998 989/989/989 997/997/997
f 998/998/998 955/955/955 990/990/990
f 998/998/998 954/954/954 955/955/955
f 999/999/999 991/991/991 909/909/909
f 999/999/999 909/909/909 908/908/908
f 999/999/999 992/992/992 991/991/991
f 1000/1000/1000 992/992/992 999/999/999
f 1001/1001/1001 994/994/994 993/993/993
f 1001/1001/1001 993/993/993 992/992/992
f 1001/1001/1001 992/992/992 1000/1000/1000
f 1002/1002/1002 994/994/994 1001/1001/1001
f 1003/1003/1003 995/995/995 994/994/994
f 1003/1003/1003 996/996/996 995/995/995
f 1003/1003/1003 994/994/994 1002/1002/1002
f 1004/1004/1004 996/996/996 1003/1003/1003
f 1005/1005/1005 997/997/997 996/996/996
f 1005/1005/1005 996/996/996 1004/1004/1004
f 1006/1006/1006 997/997/997 1005/1005/1005
f 1006/1006/1006 954/954/954 998/998/998
f 1006/1006/1006 998/998/998 997/997/997
f 1006/1006/1006 953/953/953 954/954/954
f 1007/1007/1007 907/907/907 906/906/906
f 1007/1007/1007 908/908/908 907/907/907
f 1007/1007/1007 999/999/999 908/908/908
f 1008/1008/1008 1000/1000/1000 999/999/999
f 1008/1008/1008 999/999/999 1007/1007/1007
f 1008/1008/1008 1001/1001/1001 1000/1000/1000
f 1009/1009/1009 1001/1001/1001 1008/1008/1008
f 1010/1010/1010 1002/1002/1002 1001/1001/1001
f 1010/1010/1010 1001/1001/1001 1009/1009/1009
f 1011/1011/1011 1003/1003/1003 1002/1002/1002
f 1011/1011/1011 1002/1002/1002 1010/1010/1010
f 1012/1012/1012 1004/1004/1004 1003/1003/1003
f 1012/1012/1012 1005/1005/1005 1004/1004/1004
f 1012/1012/1012 1003/1003/1003 1011/1011/1011
f 1013/1013/1013 1005/1005/1005 1012/1012/1012
f 1014/1014/1014 1005/1005/1005 1013/1013/1013
f 1014/1014/1014 1006/1006/1006 1005/1005/1005
f 1014/1014/1014 952/952/952 953/953/953
f 1014/1014/1014 953/953/953 1006/1006/1006
f 1015/1015/1015 1007/1007/1007 906/906/906
f 1016/1016/1016 1007/1007/1007 1015/1015/1015
f 1016/1016/1016 1008/1008/1008 1007/1007/1007
f 1017/1017/1017 1009/1009/1009 1008/1008/1008
f 1017/1017/1017 1008/1008/1008 1016/1016/1016
f 1018/1018/1018 1010/1010/1010 1009/1009/1009
f 1018/1018/1018 1009/1009/1009 1017/1017/1017
f 1019/1019/1019 1011/1011/1011 1010/1010/1010
f 1019/1019/1019 1012/1012/1012 1011/1011/1011
f 1019/1019/1019 1010/1010/1010 1018/1018/1018
f 1020/1020/1020 1012/1012/1012 1019/1019/1019
f 1020/1020/1020 1013/1013/1013 1012/1012/1012
f 1021/1021/1021 1013/1013/1013 1020/1020/1020
f 1022/1022/1022 1014/1014/1014 1013/1013/1013
f 1022/1022/1022 952/952/952 1014/1014/1014
f 1022/1022/1022 1013/1013/1013 1021/1021/1021
f 1022/1022/1022 951/951/951 952/952/952
f 1023/1023/1023 905/905/905 904/904/904
f 1023/1023/1023 906/906/906 905/905/905
f 1023/1023/1023 1015/1015/1015 906/906/906
f 1024/1024/1024 1016/1016/1016 1015/1015/1015
f 1024/1024/1024 1017/1017/1017 1016/1016/1016
f 1024/1024/1024 1015/1015/1015 1023/1023/1023
f 1025/1025/1025 1018/1018/1018 1017/1017/1017
f 1025/1025/1025 1017/1017/1017 1024/1024/1024
f 1026/1026/1026 1018/1018/1018 1025/1025/1025
f 1027/1027/1027 1019/1019/1019 1018/1018/1018
f 1027/1027/1027 1018/1018/1018 1026/1026/1026
f 1028/1028/1028 1020/1020/1020 1019/1019/1019
f 1028/1028/1028 1019/1019/1019 1027/1027/1027
f 1029/1029/1029 1020/1020/1020 1028/1028/1028
f 1029/1029/1029 1021/1021/1021 1020/1020/1020
f 1030/1030/1030 1022/1022/1022 1021/1021/1021
f 1030/1030/1030 951/951/951 1022/1022/1022
f 1030/1030/1030 1021/1021/1021 1029/1029/1029
f 1030/1030/1030 950/950/950 951/951/951
f 1031/1031/1031 1023/1023/1023 904/904/904
f 1032/1032/1032 1025/1025/1025 1024/1024/1024
f 1032/1032/1032 1024/1024/1024 1023/1023/1023
f 1032/1032/1032 1023/1023/1023 1031/1031/1031
f 1033/1033/1033 1025/1025/1025 1032/1032/1032
f 1034/1034/1034 1026/1026/1026 1025/1025/1025
f 1034/1034/1034 1025/1025/1025 1033/1033/1033
f 1035/1035/1035 1027/1027/1027 1026/1026/1026
f 1035/1035/1035 1028/1028/1028 1027/1027/1027
f 1035/1035/1035 1026/1026/1026 1034/1034/1034
f 1036/1036/1036 1028/1028/1028 1035/1035/1035
f 1037/1037/1037 1029/1029/1029 1028/1028/1028
f 1037/1037/1037 1030/1030/1030 1029/1029/1029
f 1037/1037/1037 1028/1028/1028 1036/1036/1036
f 1038/1038/1038 950/950/950 1030/1030/1030
f 1038/1038/1038 948/948/948 949/949/949
f 1038/1038/1038 949/949/949 950/950/950
f 1038/1038/1038 1030/1030/1030 1037/1037/1037
f 1039/1039/1039 904/904/904 903/903/903
f 1039/1039/1039 1031/1031/1031 904/904/904
f 1040/1040/1040 1031/1031/1031 1039/1039/1039
f 1040/1040/1040 1032/1032/1032 1031/1031/1031
f 1040/1040/1040 1033/1033/1033 1032/1032/1032
f 1041/1041/1041 1033/1033/1033 1040/1040/1040
f 1042/1042/1042 1034/1034/1034 1033/1033/1033
f 1042/1042/1042 1035/1035/1035 1034/1034/1034
f 1042/1042/1042 1033/1033/1033 1041/1041/1041
f 1043/1043/1043 1035/1035/1035 1042/1042/1042
f 1044/1044/1044 1035/1035/1035 1043/1043/1043
f 1044/1044/1044 1036/1036/1036 1035/1035/1035
f 1045/1045/1045 1036/1036/1036 1044/1044/1044
f 1045/1045/1045 1037/1037/1037 1036/1036/1036
f 1045/1045/1045 1038/1038/1038 1037/1037/1037
f 1046/1046/1046 1038/1038/1038 1045/1045/1045
f 1046/1046/1046 948/948/948 1038/1038/1038
f 1047/1047/1047 903/903/903 902/902/902
f 1047/1047/1047 1039/1039/1039 903/903/903
f 1048/1048/1048 1039/1039/1039 1047/1047/1047
f 1048/1048/1048 1040/1040/1040 1039/1039/1039
f 1049/1049/1049 1042/1042/1042 1041/1041/1041
f 1049/1049/1049 1040/1040/1040 1048/1048/1048
f 1049/1049/1049 1041/1041/1041 1040/1040/1040
f 1050/1050/1050 1043/1043/1043 1042/1042/1042
f 1050/1050/1050 1042/1042/1042 1049/1049/1049
f 1051/1051/1051 1043/1043/1043 1050/1050/1050
f 1052/1052/1052 1043/1043/1043 1051/1051/1051
f 1052/1052/1052 1044/1044/1044 1043/1043/1043
f 1053/1053/1053 1045/1045/1045 1044/1044/1044
f 1053/1053/1053 1044/1044/1044 1052/1052/1052
f 1054/1054/1054 1046/1046/1046 1045/1045/1045
f 1054/1054/1054 948/948/948 1046/1046/1046
f 1054/1054/1054 947/947/947 948/948/948
f 1054/1054/1054 1045/1045/1045 1053/1053/1053
f 1055/1055/1055 901/901/901 900/900/900
f 1055/1055/1055 902/902/902 901/901/901
f 1055/1055/1055 1047/1047/1047 902/902/902
f 1055/1055/1055 1048/1048/1048 1047/1047/1047
f 1056/1056/1056 1048/1048/1048 1055/1055/1055
f 1057/1057/1057 1048/1048/1048 1056/1056/1056
f 1057/1057/1057 1049/1049/1049 1048/1048/1048
f 1058/1058/1058 1050/1050/1050 1049/1049/1049
f 1058/1058/1058 1049/1049/1049 1057/1057/1057
f 1059/1059/1059 1052/1052/1052 1051/1051/1051
f 1059/1059/1059 1050/1050/1050 1058/1058/1058
f 1059/1059/1059 1051/1051/1051 1050/1050/1050
f 1060/1060/1060 1052/1052/1052 1059/1059/1059
f 1061/1061/1061 1053/1053/1053 1052/1052/1052
f 1061/1061/1061 1054/1054/1054 1053/1053/1053
f 1061/1061/1061 1052/1052/1052 1060/1060/1060
f 1062/1062/1062 1054/1054/1054 1061/1061/1061
f 1062/1062/1062 947/947/947 1054/1054/1054
f 1062/1062/1062 945/945/945 946/946/946
f 1062/1062/1062 946/946/946 947/947/947
f 1063/1063/1063 1055/1055/1055 900/900/900
f 1064/1064/1064 1056/1056/1056 1055/1055/1055
f 1064/1064/1064 1055/1055/1055 1063/1063/1063
f 1065/1065/1065 1057/1057/1057 1056/1056/1056
f 1065/1065/1065 1056/1056/1056 1064/1064/1064
f 1066/1066/1066 1058/1058/1058 1057/1057/1057
f 1066/1066/1066 1057/1057/1057 1065/1065/1065
f 1067/1067/1067 1059/1059/1059 1058/1058/1058
f 1067/1067/1067 1058/1058/1058 1066/1066/1066
f 1068/1068/1068 1060/1060/1060 1059/1059/1059
f 1068/1068/1068 1059/1059/1059 1067/1067/1067
f 1069/1069/1069 1060/1060/1060 1068/1068/1068
f 1069/1069/1069 1061/1061/1061 1060/1060/1060
f 1070/1070/1070 1062/1062/1062 1061/1061/1061
f 1070/1070/1070 1061/1061/1061 1069/1069/1069
f 1070/1070/1070 945/945/945 1062/1062/1062
f 1071/1071/1071 900/900/900 899/899/899
f 1071/1071/1071 1063/1063/1063 900/900/900
f 1071/1071/1071 1064/1064/1064 1063/1063/1063
f 1072/1072/1072 1064/1064/1064 1071/1071/1071
f 1073/1073/1073 1065/1065/1065 1064/1064/1064
f 1073/1073/1073 1064/1064/1064 1072/1072/1072
f 1074/1074/1074 1066/1066/1066 1065/1065/1065
f 1074/1074/1074 1065/1065/1065 1073/1073/1073
f 1075/1075/1075 1067/1067/1067 1066/1066/1066
f 1075/1075/1075 1066/1066/1066 1074/1074/1074
f 1076/1076/1076 1068/1068/1068 1067/1067/1067
f 1076/1076/1076 1067/1067/1067 1075/1075/1075
f 1077/1077/1077 1069/1069/1069 1068/1068/1068
f 1077/1077/1077 1068/1068/1068 1076/1076/1076
f 1078/1078/1078 943/943/943 944/944/944
f 1078/1078/1078 944/944/944 945/945/945
f 1078/1078/1078 1070/1070/1070 1069/1069/1069
f 1078/1078/1078 945/945/945 1070/1070/1070
f 1078/1078/1078 1069/1069/1069 1077/1077/1077
f 1079/1079/1079 899/899/899 898/898/898
f 1079/1079/1079 1071/1071/1071 899/899/899
f 1079/1079/1079 1072/1072/1072 1071/1071/1071
f 1080/1080/1080 1072/1072/1072 1079/1079/1079
f 1080/1080/1080 1073/1073/1073 1072/1072/1072
f 1081/1081/1081 1073/1073/1073 1080/1080/1080
f 1082/1082/1082 1073/1073/1073 1081/1081/1081
f 1082/1082/1082 1074/1074/1074 1073/1073/1073
f 1083/1083/1083 1076/1076/1076 1075/1075/1075
f 1083/1083/1083 1074/1074/1074 1082/1082/1082
f 1083/1083/1083 1075/1075/1075 1074/1074/1074
f 1084/1084/1084 1076/1076/1076 1083/1083/1083
f 1085/1085/1085 1078/1078/1078 1077/1077/1077
f 1085/1085/1085 1077/1077/1077 1076/1076/1076
f 1085/1085/1085 1076/1076/1076 1084/1084/1084
f 1086/1086/1086 943/943/943 1078/1078/1078
f 1086/1086/1086 1078/1078/1078 1085/1085/1085
f 1087/1087/1087 1080/1080/1080 1079/1079/1079
f 1087/1087/1087 898/898/898 897/897/897
f 1087/1087/1087 1079/1079/1079 898/898/898
f 1088/1088/1088 1081/1081/1081 1080/1080/1080
f 1088/1088/1088 1080/1080/1080 1087/1087/1087
f 1089/1089/1089 1081/1081/1081 1088/1088/1088
f 1090/1090/1090 1081/1081/1081 1089/1089/1089
f 1090/1090/1090 1082/1082/1082 1081/1081/1081
f 1091/1091/1091 1083/1083/1083 1082/1082/1082
f 1091/1091/1091 1082/1082/1082 1090/1090/1090
f 1091/1091/1091 1084/1084/1084 1083/1083/1083
f 1092/1092/1092 1084/1084/1084 1091/1091/1091
f 1093/1093/1093 1084/1084/1084 1092/1092/1092
f 1093/1093/1093 1085/1085/1085 1084/1084/1084
f 1093/1093/1093 1086/1086/1086 1085/1085/1085
f 1094/1094/1094 943/943/943 1086/1086/1086
f 1094/1094/1094 1086/1086/1086 1093/1093/1093
f 1094/1094/1094 941/941/941 942/942/942
f 1094/1094/1094 942/942/942 943/943/943
f 1095/1095/1095 897/897/897 896/896/896
f 1095/1095/1095 1087/1087/1087 897/897/897
f 1096/1096/1096 1088/1088/1088 1087/1087/1087
f 1096/1096/1096 1089/1089/1089 1088/1088/1088
f 1096/1096/1096 1087/1087/1087 1095/1095/1095
f 1097/1097/1097 1089/1089/1089 1096/1096/1096
f 1098/1098/1098 1090/1090/1090 1089/1089/1089
f 1098/1098/1098 1089/1089/1089 1097/1097/1097
f 1099/1099/1099 1091/1091/1091 1090/1090/1090
f 1099/1099/1099 1092/1092/1092 1091/1091/1091
f 1099/1099/1099 1090/1090/1090 1098/1098/1098
f 1100/1100/1100 1092/1092/1092 1099/1099/1099
f 1101/1101/1101 1093/1093/1093 1092/1092/1092
f 1101/1101/1101 1094/1094/1094 1093/1093/1093
f 1101/1101/1101 1092/1092/1092 1100/1100/1100
f 1102/1102/1102 1094/1094/1094 1101/1101/1101
f 1102/1102/1102 941/941/941 1094/1094/1094
f 1103/1103/1103 896/896/896 895/895/895
f 1103/1103/1103 1096/1096/1096 1095/1095/1095
f 1103/1103/1103 1095/1095/1095 896/896/896
f 1104/1104/1104 1096/1096/1096 1103/1103/1103
f 1105/1105/1105 1097/1097/1097 1096/1096/1096
f 1105/1105/1105 1096/1096/1096 1104/1104/1104
f 1106/1106/1106 1098/1098/1098 1097/1097/1097
f 1106/1106/1106 1097/1097/1097 1105/1105/1105
f 1107/1107/1107 1099/1099/1099 1098/1098/1098
f 1107/1107/1107 1098/1098/1098 1106/1106/1106
f 1108/1108/1108 1100/1100/1100 1099/1099/1099
f 1108/1108/1108 1099/1099/1099 1107/1107/1107
f 1109/1109/1109 1101/1101/1101 1100/1100/1100
f 1109/1109/1109 1100/1100/1100 1108/1108/1108
f 1110/1110/1110 940/940/940 941/941/941
f 1110/1110/1110 1102/1102/1102 1101/1101/1101
f 1110/1110/1110 941/941/941 1102/1102/1102
f 1110/1110/1110 1101/1101/1101 1109/1109/1109
f 1111/1111/1111 894/894/894 893/893/893
f 1111/1111/1111 895/895/895 894/894/894
f 1111/1111/1111 1103/1103/1103 895/895/895
f 1112/1112/1112 1104/1104/1104 1103/1103/1103
f 1112/1112/1112 1103/1103/1103 1111/1111/1111
f 1113/1113/1113 1104/1104/1104 1112/1112/1112
f 1113/1113/1113 1105/1105/1105 1104/1104/1104
f 1114/1114/1114 1105/1105/1105 1113/1113/1113
f 1114/1114/1114 1106/1106/1106 1105/1105/1105
f 1114/1114/1114 1107/1107/1107 1106/1106/1106
f 1115/1115/1115 1107/1107/1107 1114/1114/1114
f 1115/1115/1115 1108/1108/1108 1107/1107/1107
f 1116/1116/1116 1108/1108/1108 1115/1115/1115
f 1117/1117/1117 1109/1109/1109 1108/1108/1108
f 1117/1117/1117 1110/1110/1110 1109/1109/1109
f 1117/1117/1117 1108/1108/1108 1116/1116/1116
f 1118/1118/1118 1110/1110/1110 1117/1117/1117
f 1118/1118/1118 939/939/939 940/940/940
f 1118/1118/1118 940/940/940 1110/1110/1110
f 1119/1119/1119 1111/1111/1111 893/893/893
f 1120/1120/1120 1111/1111/1111 1119/1119/1119
f 1120/1120/1120 1112/1112/1112 1111/1111/1111
f 1121/1121/1121 1113/1113/1113 1112/1112/1112
f 1121/1121/1121 1112/1112/1112 1120/1120/1120
f 1122/1122/1122 1113/1113/1113 1121/1121/1121
f 1122/1122/1122 1114/1114/1114 1113/1113/1113
f 1123/1123/1123 1115/1115/1115 1114/1114/1114
f 1123/1123/1123 1114/1114/1114 1122/1122/1122
f 1124/1124/1124 1116/1116/1116 1115/1115/1115
f 1124/1124/1124 1115/1115/1115 1123/1123/1123
f 1125/1125/1125 1117/1117/1117 1116/1116/1116
f 1125/1125/1125 1116/1116/1116 1124/1124/1124
f 1126/1126/1126 939/939/939 1118/1118/1118
f 1126/1126/1126 1117/1117/1117 1125/1125/1125
f 1126/1126/1126 938/938/938 939/939/939
f 1126/1126/1126 1118/1118/1118 1117/1117/1117
f 1127/1127/1127 892/892/892 891/891/891
f 1127/1127/1127 893/893/893 892/892/892
f 1127/1127/1127 1119/1119/1119 893/893/893
f 1128/1128/1128 1120/1120/1120 1119/1119/1119
f 1128/1128/1128 1119/1119/1119 1127/1127/1127
f 1129/1129/1129 1121/1121/1121 1120/1120/1120
f 1129/1129/1129 1120/1120/1120 1128/1128/1128
f 1130/1130/1130 1122/1122/1122 1121/1121/1121
f 1130/1130/1130 1121/1121/1121 1129/1129/1129
f 1131/1131/1131 1123/1123/1123 1122/1122/1122
f 1131/1131/1131 1122/1122/1122 1130/1130/1130
f 1132/1132/1132 1124/1124/1124 1123/1123/1123
f 1132/1132/1132 1123/1123/1123 1131/1131/1131
f 1133/1133/1133 1125/1125/1125 1124/1124/1124
f 1133/1133/1133 1124/1124/1124 1132/1132/1132
f 1134/1134/1134 1126/1126/1126 1125/1125/1125
f 1134/1134/1134 938/938/938 1126/1126/1126
f 1134/1134/1134 937/937/937 938/938/938
f 1134/1134/1134 1125/1125/1125 1133/1133/1133
f 1135/1135/1135 891/891/891 890/890/890
f 1135/1135/1135 1127/1127/1127 891/891/891
f 1136/1136/1136 1128/1128/1128 1127/1127/1127
f 1136/1136/1136 1127/1127/1127 1135/1135/1135
f 1137/1137/1137 1129/1129/1129 1128/1128/1128
f 1137/1137/1137 1128/1128/1128 1136/1136/1136
f 1138/1138/1138 1130/1130/1130 1129/1129/1129
f 1138/1138/1138 1129/1129/1129 1137/1137/1137
f 1139/1139/1139 1131/1131/1131 1130/1130/1130
f 1139/1139/1139 1130/1130/1130 1138/1138/1138
f 1140/1140/1140 1132/1132/1132 1131/1131/1131
f 1140/1140/1140 1131/1131/1131 1139/1139/1139
f 1141/1141/1141 1132/1132/1132 1140/1140/1140
f 1141/1141/1141 1133/1133/1133 1132/1132/1132
f 1142/1142/1142 935/935/935 936/936/936
f 1142/1142/1142 936/936/936 937/937/937
f 1142/1142/1142 937/937/937 1134/1134/1134
f 1142/1142/1142 1134/1134/1134 1133/1133/1133
f 1142/1142/1142 1133/1133/1133 1141/1141/1141
f 1143/1143/1143 1135/1135/1135 890/890/890
f 1144/1144/1144 1135/1135/1135 1143/1143/1143
f 1144/1144/1144 1136/1136/1136 1135/1135/1135
f 1145/1145/1145 1136/1136/1136 1144/1144/1144
f 1145/1145/1145 1137/1137/1137 1136/1136/1136
f 1145/1145/1145 1138/1138/1138 1137/1137/1137
f 1146/1146/1146 1138/1138/1138 1145/1145/1145
f 1147/1147/1147 1138/1138/1138 1146/1146/1146
f 1147/1147/1147 1139/1139/1139 1138/1138/1138
f 1147/1147/1147 1140/1140/1140 1139/1139/1139
f 1148/1148/1148 1140/1140/1140 1147/1147/1147
f 1149/1149/1149 1140/1140/1140 1148/1148/1148
f 1149/1149/1149 1141/1141/1141 1140/1140/1140
f 1150/1150/1150 1141/1141/1141 1149/1149/1149
f 1150/1150/1150 934/934/934 935/935/935
f 1150/1150/1150 935/935/935 1142/1142/1142
f 1150/1150/1150 1142/1142/1142 1141/1141/1141
f 1151/1151/1151 889/889/889 888/888/888
f 1151/1151/1151 890/890/890 889/889/889
f 1151/1151/1151 1143/1143/1143 890/890/890
f 1152/1152/1152 1144/1144/1144 1143/1143/1143
f 1152/1152/1152 1143/1143/1143 1151/1151/1151
f 1153/1153/1153 1144/1144/1144 1152/1152/1152
f 1153/1153/1153 1145/1145/1145 1144/1144/1144
f 1154/1154/1154 1145/1145/1145 1153/1153/1153
f 1154/1154/1154 1146/1146/1146 1145/1145/1145
f 1155/1155/1155 1146/1146/1146 1154/1154/1154
f 1155/1155/1155 1147/1147/1147 1146/1146/1146
f 1156/1156/1156 1148/1148/1148 1147/1147/1147
f 1156/1156/1156 1147/1147/1147 1155/1155/1155
f 1157/1157/1157 1149/1149/1149 1148/1148/1148
f 1157/1157/1157 1148/1148/1148 1156/1156/1156
f 1158/1158/1158 1149/1149/1149 1157/1157/1157
f 1158/1158/1158 934/934/934 1150/1150/1150
f 1158/1158/1158 1150/1150/1150 1149/1149/1149
f 1159/1159/1159 1151/1151/1151 888/888/888
f 1159/1159/1159 1152/1152/1152 1151/1151/1151
f 1160/1160/1160 1152/1152/1152 1159/1159/1159
f 1160/1160/1160 1153/1153/1153 1152/1152/1152
f 1161/1161/1161 1153/1153/1153 1160/1160/1160
f 1162/1162/1162 1154/1154/1154 1153/1153/1153
f 1162/1162/1162 1155/1155/1155 1154/1154/1154
f 1162/1162/1162 1153/1153/1153 1161/1161/1161
f 1163/1163/1163 1156/1156/1156 1155/1155/1155
f 1163/1163/1163 1155/1155/1155 1162/1162/1162
f 1164/1164/1164 1156/1156/1156 1163/1163/1163
f 1165/1165/1165 1157/1157/1157 1156/1156/1156
f 1165/1165/1165 1156/1156/1156 1164/1164/1164
f 1166/1166/1166 1158/1158/1158 1157/1157/1157
f 1166/1166/1166 934/934/934 1158/1158/1158
f 1166/1166/1166 933/933/933 934/934/934
f 1166/1166/1166 1157/1157/1157 1165/1165/1165
f 1167/1167/1167 1159/1159/1159 888/888/888
f 1167/1167/1167 888/888/888 887/887/887
f 1168/1168/1168 1160/1160/1160 1159/1159/1159
f 1168/1168/1168 1161/1161/1161 1160/1160/1160
f 1168/1168/1168 1159/1159/1159 1167/1167/1167
f 1169/1169/1169 1161/1161/1161 1168/1168/1168
f 1169/1169/1169 1162/1162/1162 1161/1161/1161
f 1170/1170/1170 1163/1163/1163 1162/1162/1162
f 1170/1170/1170 1162/1162/1162 1169/1169/1169
f 1171/1171/1171 1163/1163/1163 1170/1170/1170
f 1171/1171/1171 1164/1164/1164 1163/1163/1163
f 1172/1172/1172 1165/1165/1165 1164/1164/1164
f 1172/1172/1172 1164/1164/1164 1171/1171/1171
f 1173/1173/1173 1165/1165/1165 1172/1172/1172
f 1174/1174/1174 932/932/932 933/933/933
f 1174/1174/1174 933/933/933 1166/1166/1166
f 1174/1174/1174 1166/1166/1166 1165/1165/1165
f 1174/1174/1174 1165/1165/1165 1173/1173/1173
f 1175/1175/1175 887/887/887 886/886/886
f 1175/1175/1175 1167/1167/1167 887/887/887
f 1175/1175/1175 1168/1168/1168 1167/1167/1167
f 1176/1176/1176 1168/1168/1168 1175/1175/1175
f 1177/1177/1177 1169/1169/1169 1168/1168/1168
f 1177/1177/1177 1168/1168/1168 1176/1176/1176
f 1178/1178/1178 1170/1170/1170 1169/1169/1169
f 1178/1178/1178 1169/1169/1169 1177/1177/1177
f 1179/1179/1179 1170/1170/1170 1178/1178/1178
f 1179/1179/1179 1171/1171/1171 1170/1170/1170
f 1180/1180/1180 1171/1171/1171 1179/1179/1179
f 1180/1180/1180 1172/1172/1172 1171/1171/1171
f 1180/1180/1180 1173/1173/1173 1172/1172/1172
f 1181/1181/1181 1173/1173/1173 1180/1180/1180
f 1182/1182/1182 1173/1173/1173 1181/1181/1181
f 1182/1182/1182 931/931/931 932/932/932
f 1182/1182/1182 932/932/932 1174/1174/1174
f 1182/1182/1182 1174/1174/1174 1173/1173/1173
f 1183/1183/1183 885/885/885 884/884/884
f 1183/1183/1183 886/886/886 885/885/885
f 1183/1183/1183 1175/1175/1175 886/886/886
f 1184/1184/1184 1175/1175/1175 1183/1183/1183
f 1184/1184/1184 1176/1176/1176 1175/1175/1175
f 1185/1185/1185 1177/1177/1177 1176/1176/1176
f 1185/1185/1185 1176/1176/1176 1184/1184/1184
f 1186/1186/1186 1178/1178/1178 1177/1177/1177
f 1186/1186/1186 1177/1177/1177 1185/1185/1185
f 1187/1187/1187 1178/1178/1178 1186/1186/1186
f 1187/1187/1187 1179/1179/1179 1178/1178/1178
f 1188/1188/1188 1180/1180/1180 1179/1179/1179
f 1188/1188/1188 1179/1179/1179 1187/1187/1187
f 1189/1189/1189 1181/1181/1181 1180/1180/1180
f 1189/1189/1189 1180/1180/1180 1188/1188/1188
f 1190/1190/1190 1182/1182/1182 1181/1181/1181
f 1190/1190/1190 931/931/931 1182/1182/1182
f 1190/1190/1190 1181/1181/1181 1189/1189/1189
f 1190/1190/1190 930/930/930 931/931/931
f 1191/1191/1191 1184/1184/1184 1183/1183/1183
f 1191/1191/1191 1183/1183/1183 884/884/884
f 1192/1192/1192 1185/1185/1185 1184/1184/1184
f 1192/1192/1192 1184/1184/1184 1191/1191/1191
f 1193/1193/1193 1186/1186/1186 1185/1185/1185
f 1193/1193/1193 1185/1185/1185 1192/1192/1192
f 1194/1194/1194 1187/1187/1187 1186/1186/1186
f 1194/1194/1194 1186/1186/1186 1193/1193/1193
f 1195/1195/1195 1188/1188/1188 1187/1187/1187
f 1195/1195/1195 1187/1187/1187 1194/1194/1194
f 1196/1196/1196 1189/1189/1189 1188/1188/1188
f 1196/1196/1196 1188/1188/1188 1195/1195/1195
f 1197/1197/1197 1189/1189/1189 1196/1196/1196
f 1198/1198/1198 1189/1189/1189 1197/1197/1197
f 1198/1198/1198 1190/1190/1190 1189/1189/1189
f 1198/1198/1198 930/930/930 1190/1190/1190
f 1198/1198/1198 929/929/929 930/930/930
f 1199/1199/1199 884/884/884 883/883/883
f 1199/1199/1199 1191/1191/1191 884/884/884
f 1200/1200/1200 1192/1192/1192 1191/1191/1191
f 1200/1200/1200 1191/1191/1191 1199/1199/1199
f 1201/1201/1201 1193/1193/1193 1192/1192/1192
f 1201/1201/1201 1192/1192/1192 1200/1200/1200
f 1202/1202/1202 1194/1194/1194 1193/1193/1193
f 1202/1202/1202 1195/1195/1195 1194/1194/1194
f 1202/1202/1202 1193/1193/1193 1201/1201/1201
f 1203/1203/1203 1195/1195/1195 1202/1202/1202
f 1204/1204/1204 1196/1196/1196 1195/1195/1195
f 1204/1204/1204 1197/1197/1197 1196/1196/1196
f 1204/1204/1204 1195/1195/1195 1203/1203/1203
f 1205/1205/1205 1197/1197/1197 1204/1204/1204
f 1206/1206/1206 928/928/928 929/929/929
f 1206/1206/1206 1198/1198/1198 1197/1197/1197
f 1206/1206/1206 929/929/929 1198/1198/1198
f 1206/1206/1206 1197/1197/1197 1205/1205/1205
f 1207/1207/1207 883/883/883 882/882/882
f 1207/1207/1207 1200/1200/1200 1199/1199/1199
f 1207/1207/1207 1199/1199/1199 883/883/883
f 1208/1208/1208 1200/1200/1200 1207/1207/1207
f 1208/1208/1208 1201/1201/1201 1200/1200/1200
f 1209/1209/1209 1201/1201/1201 1208/1208/1208
f 1209/1209/1209 1202/1202/1202 1201/1201/1201
f 1210/1210/1210 1203/1203/1203 1202/1202/1202
f 1210/1210/1210 1202/1202/1202 1209/1209/1209
f 1211/1211/1211 1203/1203/1203 1210/1210/1210
f 1212/1212/1212 1203/1203/1203 1211/1211/1211
f 1212/1212/1212 1204/1204/1204 1203/1203/1203
f 1212/1212/1212 1205/1205/1205 1204/1204/1204
f 1213/1213/1213 1205/1205/1205 1212/1212/1212
f 1214/1214/1214 1205/1205/1205 1213/1213/1213
f 1214/1214/1214 927/927/927 928/928/928
f 1214/1214/1214 928/928/928 1206/1206/1206
f 1214/1214/1214 1206/1206/1206 1205/1205/1205
f 1215/1215/1215 882/882/882 881/881/881
f 1215/1215/1215 1207/1207/1207 882/882/882
f 1216/1216/1216 1207/1207/1207 1215/1215/1215
f 1216/1216/1216 1208/1208/1208 1207/1207/1207
f 1216/1216/1216 1209/1209/1209 1208/1208/1208
f 1217/1217/1217 1210/1210/1210 1209/1209/1209
f 1217/1217/1217 1209/1209/1209 1216/1216/1216
f 1218/1218/1218 1210/1210/1210 1217/1217/1217
f 1219/1219/1219 1211/1211/1211 1210/1210/1210
f 1219/1219/1219 1210/1210/1210 1218/1218/1218
f 1220/1220/1220 1212/1212/1212 1211/1211/1211
f 1220/1220/1220 1211/1211/1211 1219/1219/1219
f 1221/1221/1221 1212/1212/1212 1220/1220/1220
f 1221/1221/1221 1213/1213/1213 1212/1212/1212
f 1222/1222/1222 1214/1214/1214 1213/1213/1213
f 1222/1222/1222 927/927/927 1214/1214/1214
f 1222/1222/1222 1213/1213/1213 1221/1221/1221
f 1222/1222/1222 926/926/926 927/927/927
f 1223/1223/1223 880/880/880 879/879/879
f 1223/1223/1223 881/881/881 880/880/880
f 1223/1223/1223 1215/1215/1215 881/881/881
f 1224/1224/1224 1215/1215/1215 1223/1223/1223
f 1224/1224/1224 1216/1216/1216 1215/1215/1215
f 1225/1225/1225 1217/1217/1217 1216/1216/1216
f 1225/1225/1225 1216/1216/1216 1224/1224/1224
f 1226/1226/1226 1218/1218/1218 1217/1217/1217
f 1226/1226/1226 1219/1219/1219 1218/1218/1218
f 1226/1226/1226 1217/1217/1217 1225/1225/1225
f 1227/1227/1227 1219/1219/1219 1226/1226/1226
f 1228/1228/1228 1220/1220/1220 1219/1219/1219
f 1228/1228/1228 1219/1219/1219 1227/1227/1227
f 1228/1228/1228 1221/1221/1221 1220/1220/1220
f 1229/1229/1229 1221/1221/1221 1228/1228/1228
f 1230/1230/1230 1221/1221/1221 1229/1229/1229
f 1230/1230/1230 1222/1222/1222 1221/1221/1221
f 1230/1230/1230 926/926/926 1222/1222/1222
f 1230/1230/1230 925/925/925 926/926/926
f 1231/1231/1231 879/879/879 878/878/878
f 1231/1231/1231 1223/1223/1223 879/879/879
f 1231/1231/1231 1224/1224/1224 1223/1223/1223
f 1232/1232/1232 1225/1225/1225 1224/1224/1224
f 1232/1232/1232 1224/1224/1224 1231/1231/1231
f 1233/1233/1233 1226/1226/1226 1225/1225/1225
f 1233/1233/1233 1225/1225/1225 1232/1232/1232
f 1234/1234/1234 1226/1226/1226 1233/1233/1233
f 1235/1235/1235 1227/1227/1227 1226/1226/1226
f 1235/1235/1235 1226/1226/1226 1234/1234/1234
f 1236/1236/1236 1228/1228/1228 1227/1227/1227
f 1236/1236/1236 1229/1229/1229 1228/1228/1228
f 1236/1236/1236 1227/1227/1227 1235/1235/1235
f 1237/1237/1237 1229/1229/1229 1236/1236/1236
f 1238/1238/1238 924/924/924 925/925/925
f 1238/1238/1238 1230/1230/1230 1229/1229/1229
f 1238/1238/1238 925/925/925 1230/1230/1230
f 1238/1238/1238 1229/1229/1229 1237/1237/1237
f 1239/1239/1239 878/878/878 877/877/877
f 1239/1239/1239 877/877/877 914/914/914
f 1239/1239/1239 1231/1231/1231 878/878/878
f 1239/1239/1239 1232/1232/1232 1231/1231/1231
f 1240/1240/1240 914/914/914 915/915/915
f 1240/1240/1240 915/915/915 916/916/916
f 1240/1240/1240 1232/1232/1232 1239/1239/1239
f 1240/1240/1240 1233/1233/1233 1232/1232/1232
f 1240/1240/1240 1239/1239/1239 914/914/914
f 1241/1241/1241 1233/1233/1233 1240/1240/1240
f 1241/1241/1241 1240/1240/1240 916/916/916
f 1242/1242/1242 916/916/916 917/917/917
f 1242/1242/1242 917/917/917 918/918/918
f 1242/1242/1242 1233/1233/1233 1241/1241/1241
f 1242/1242/1242 1234/1234/1234 1233/1233/1233
f 1242/1242/1242 1235/1235/1235 1234/1234/1234
f 1242/1242/1242 1241/1241/1241 916/916/916
f 1243/1243/1243 918/918/918 919/919/919
f 1243/1243/1243 1236/1236/1236 1235/1235/1235
f 1243/1243/1243 1242/1242/1242 918/918/918
f 1243/1243/1243 1235/1235/1235 1242/1242/1242
f 1244/1244/1244 1243/1243/1243 919/919/919
f 1244/1244/1244 1237/1237/1237 1236/1236/1236
f 1244/1244/1244 1236/1236/1236 1243/1243/1243
f 1245/1245/1245 1237/1237/1237 1244/1244/1244
f 1245/1245/1245 919/919/919 920/920/920
f 1245/1245/1245 920/920/920 921/921/921
f 1245/1245/1245 1244/1244/1244 919/919/919
f 1245/1245/1245 1238/1238/1238 1237/1237/1237
f 1246/1246/1246 1245/1245/1245 921/921/921
f 1246/1246/1246 1238/1238/1238 1245/1245/1245
f 1246/1246/1246 923/923/923 924/924/924
f 1246/1246/1246 924/924/924 1238/1238/1238
f 1246/1246/1246 921/921/921 923/923/923
v 23.496117 7.747009 2.500000
v 23.755232 7.555383 2.500000
v 23.978235 7.322721 2.500000
v 24.158707 7.055717 2.500000
v 24.291458 6.762053 2.500000
v 24.372667 6.450176 2.500000
v 24.400000 6.129062 2.500000
v 22.500000 6.129062 0.600000
v 22.829931 6.129062 0.628865
v 23.149837 6.129062 0.714584
v 23.450001 6.129062 0.854552
v 23.721296 6.129062 1.044516
v 23.955484 6.129062 1.278704
v 24.145449 6.129062 1.550000
v 24.285416 6.129062 1.850162
v 24.371134 6.129062 2.170069
v 22.500000 6.129062 0.600000
v 22.672974 6.410016 0.628865
v 22.840693 6.682432 0.714584
v 22.998058 6.938035 0.854552
v 23.140291 7.169058 1.044516
v 23.263069 7.368481 1.278704
v 23.362661 7.530245 1.550000
v 23.436043 7.649435 1.850162
v 23.480984 7.722428 2.170069
v 22.920597 6.172067 0.647637
v 22.903191 6.256298 0.647637
v 22.869097 6.335262 0.647637
v 23.307320 6.295899 0.788159
v 22.819729 6.405693 0.647637
v 23.256849 6.455832 0.788159
v 23.678486 6.249559 1.014520
v 22.757128 6.464675 0.647637
v 23.175056 6.602242 0.788159
v 23.629713 6.485568 1.014520
v 23.065327 6.729068 0.788159
v 23.534187 6.706822 1.014520
v 23.954741 6.429693 1.315369
v 23.395861 6.904165 1.014520
v 23.863796 6.717882 1.315369
v 24.202963 6.303186 1.675621
v 23.220457 7.069429 1.014520
v 23.716410 6.981702 1.315369
v 24.132484 6.644228 1.675621
v 23.518682 7.210236 1.315369
v 23.994444 6.963949 1.675621
v 24.314032 6.503942 2.077210
v 23.794556 7.249118 1.675621
v 24.200626 6.863308 2.077210
v 23.541090 7.487933 1.675621
v 24.016840 7.192287 2.077210
v 23.770277 7.477263 2.077210
vn -0.524272 -0.851551 0.000000
vn -0.660649 -0.750695 0.000000
vn -0.778018 -0.628242 0.000000
vn -0.873004 -0.487713 0.000000
vn -0.942873 -0.333153 0.000000
vn -0.985615 -0.169008 0.000000
vn -1.000000 0.000000 -0.000000
vn -0.000000 0.000000 1.000000
vn -0.173648 0.000000 0.984808
vn -0.342020 0.000000 0.939693
vn -0.500000 0.000000 0.866025
vn -0.642788 0.000000 0.766044
vn -0.766044 0.000000 0.642788
vn -0.866025 0.000000 0.500000
vn -0.939693 0.000000 0.342020
vn -0.984808 0.000000 0.173648
vn -0.000000 -0.000000 1.000000
vn -0.091039 -0.147870 0.984808
vn -0.179312 -0.291248 0.939693
vn -0.262136 -0.425775 0.866025
vn -0.336995 -0.547366 0.766044
vn -0.401616 -0.652326 0.642788
vn -0.454033 -0.737465 0.500000
vn -0.492654 -0.800196 0.342020
vn -0.516307 -0.838614 0.173648
vn -0.221367 -0.022634 0.974928
vn -0.212205 -0.066966 0.974928
vn -0.194262 -0.108526 0.974928
vn -0.424905 -0.087809 0.900969
vn -0.168278 -0.145595 0.974928
vn -0.398342 -0.171984 0.900969
vn -0.620256 -0.063420 0.781832
vn -0.135331 -0.176639 0.974928
vn -0.355293 -0.249042 0.900969
vn -0.594586 -0.187635 0.781832
vn -0.297540 -0.315793 0.900969
vn -0.544309 -0.304084 0.781832
vn -0.765653 -0.158227 0.623490
vn -0.471505 -0.407949 0.781832
vn -0.717788 -0.309905 0.623490
vn -0.896296 -0.091644 0.433884
vn -0.379188 -0.494930 0.781832
vn -0.640216 -0.448758 0.623490
vn -0.859202 -0.271140 0.433884
vn -0.536149 -0.569039 0.623490
vn -0.786549 -0.439414 0.433884
vn -0.954754 -0.197306 0.222521
vn -0.681345 -0.589503 0.433884
vn -0.895067 -0.386446 0.222521
vn -0.547942 -0.715195 0.433884
vn -0.798336 -0.559592 0.222521
vn -0.668566 -0.709580 0.222521
vt 6.283185 0.000000
vt 6.113363 0.000000
vt 5.943540 0.000000
vt 5.773717 0.000000
vt 5.603894 0.000000
vt 5.434072 0.000000
vt 5.264249 0.000000
vt 5.264249 -1.570796
vt 5.264249 -1.396263
vt 5.264249 -1.221730
vt 5.264249 -1.047198
vt 5.264249 -0.872665
vt 5.264249 -0.698132
vt 5.264249 -0.523599
vt 5.264249 -0.349066
vt 5.264249 -0.174533
vt 6.283185 -1.570796
vt 6.283185 -1.396263
vt 6.283185 -1.221730
vt 6.283185 -1.047198
vt 6.283185 -0.872665
vt 6.283185 -0.698132
vt 6.283185 -0.523599
vt 6.283185 -0.349066
vt 6.283185 -0.174533
vt 5.366142 -1.346397
vt 5.569930 -1.346397
vt 5.773717 -1.346397
vt 5.468036 -1.121997
vt 5.977504 -1.346397
vt 5.671824 -1.121997
vt 5.366142 -0.897598
vt 6.181292 -1.346397
vt 5.875611 -1.121997
vt 5.569930 -0.897598
vt 6.079398 -1.121997
vt 5.773717 -0.897598
vt 5.468036 -0.673198
vt 5.977504 -0.897598
vt 5.671824 -0.673198
vt 5.366142 -0.448799
vt 6.181292 -0.897598
vt 5.875611 -0.673198
vt 5.569930 -0.448799
vt 6.079398 -0.673198
vt 5.773717 -0.448799
vt 5.468036 -0.224399
vt 5.977504 -0.448799
vt 5.671824 -0.224399
vt 6.181292 -0.448799
vt 5.875611 -0.224399
vt 6.079398 -0.224399
f 1252/1252/1252 1262/1262/1262 1253/1253/1253
f 1247/1247/1247 1271/1271/1271 1248/1248/1248
f 1272/1272/1272 1255/1255/1255 1256/1256/1256
f 1273/1273/1273 1254/1254/1254 1255/1255/1255
f 1273/1273/1273 1272/1272/1272 1256/1256/1256
f 1273/1273/1273 1255/1255/1255 1272/1272/1272
f 1274/1274/1274 1263/1263/1263 1254/1254/1254
f 1274/1274/1274 1254/1254/1254 1273/1273/1273
f 1275/1275/1275 1256/1256/1256 1257/1257/1257
f 1275/1275/1275 1273/1273/1273 1256/1256/1256
f 1276/1276/1276 1264/1264/1264 1263/1263/1263
f 1276/1276/1276 1263/1263/1263 1274/1274/1274
f 1277/1277/1277 1273/1273/1273 1275/1275/1275
f 1277/1277/1277 1274/1274/1274 1273/1273/1273
f 1278/1278/1278 1257/1257/1257 1258/1258/1258
f 1278/1278/1278 1258/1258/1258 1259/1259/1259
f 1278/1278/1278 1275/1275/1275 1257/1257/1257
f 1279/1279/1279 1265/1265/1265 1264/1264/1264
f 1279/1279/1279 1276/1276/1276 1265/1265/1265
f 1279/1279/1279 1264/1264/1264 1276/1276/1276
f 1280/1280/1280 1276/1276/1276 1274/1274/1274
f 1280/1280/1280 1274/1274/1274 1277/1277/1277
f 1281/1281/1281 1277/1277/1277 1275/1275/1275
f 1281/1281/1281 1275/1275/1275 1278/1278/1278
f 1282/1282/1282 1266/1266/1266 1265/1265/1265
f 1282/1282/1282 1276/1276/1276 1280/1280/1280
f 1282/1282/1282 1265/1265/1265 1276/1276/1276
f 1283/1283/1283 1277/1277/1277 1281/1281/1281
f 1283/1283/1283 1280/1280/1280 1277/1277/1277
f 1284/1284/1284 1259/1259/1259 1260/1260/1260
f 1284/1284/1284 1278/1278/1278 1259/1259/1259
f 1284/1284/1284 1281/1281/1281 1278/1278/1278
f 1285/1285/1285 1282/1282/1282 1280/1280/1280
f 1285/1285/1285 1280/1280/1280 1283/1283/1283
f 1286/1286/1286 1283/1283/1283 1281/1281/1281
f 1286/1286/1286 1281/1281/1281 1284/1284/1284
f 1287/1287/1287 1260/1260/1260 1261/1261/1261
f 1287/1287/1287 1284/1284/1284 1260/1260/1260
f 1288/1288/1288 1267/1267/1267 1266/1266/1266
f 1288/1288/1288 1268/1268/1268 1267/1267/1267
f 1288/1288/1288 1282/1282/1282 1285/1285/1285
f 1288/1288/1288 1266/1266/1266 1282/1282/1282
f 1289/1289/1289 1285/1285/1285 1283/1283/1283
f 1289/1289/1289 1283/1283/1283 1286/1286/1286
f 1290/1290/1290 1287/1287/1287 1261/1261/1261
f 1290/1290/1290 1286/1286/1286 1284/1284/1284
f 1290/1290/1290 1284/1284/1284 1287/1287/1287
f 1291/1291/1291 1269/1269/1269 1268/1268/1268
f 1291/1291/1291 1285/1285/1285 1289/1289/1289
f 1291/1291/1291 1268/1268/1268 1288/1288/1288
f 1291/1291/1291 1288/1288/1288 1285/1285/1285
f 1292/1292/1292 1286/1286/1286 1290/1290/1290
f 1292/1292/1292 1289/1289/1289 1286/1286/1286
f 1293/1293/1293 1252/1252/1252 1251/1251/1251
f 1293/1293/1293 1261/1261/1261 1262/1262/1262
f 1293/1293/1293 1262/1262/1262 1252/1252/1252
f 1293/1293/1293 1290/1290/1290 1261/1261/1261
f 1294/1294/1294 1289/1289/1289 1292/1292/1292
f 1294/1294/1294 1291/1291/1291 1289/1289/1289
f 1295/1295/1295 1251/1251/1251 1250/1250/1250
f 1295/1295/1295 1290/1290/1290 1293/1293/1293
f 1295/1295/1295 1293/1293/1293 1251/1251/1251
f 1295/1295/1295 1292/1292/1292 1290/1290/1290
f 1296/1296/1296 1291/1291/1291 1294/1294/1294
f 1296/1296/1296 1294/1294/1294 1270/1270/1270
f 1296/1296/1296 1270/1270/1270 1269/1269/1269
f 1296/1296/1296 1269/1269/1269 1291/1291/1291
f 1297/1297/1297 1250/1250/1250 1249/1249/1249
f 1297/1297/1297 1294/1294/1294 1292/1292/1292
f 1297/1297/1297 1292/1292/1292 1295/1295/1295
f 1297/1297/1297 1295/1295/1295 1250/1250/1250
f 1298/1298/1298 1249/1249/1249 1248/1248/1248
f 1298/1298/1298 1270/1270/1270 1294/1294/1294
f 1298/1298/1298 1297/1297/1297 1249/1249/1249
f 1298/1298/1298 1271/1271/1271 1270/1270/1270
f 1298/1298/1298 1294/1294/1294 1297/1297/1297
f 1298/1298/1298 1248/1248/1248 1271/1271/1271
v 22.500000 6.129062 69.400002
v 22.672974 6.410016 69.371132
v 22.840693 6.682432 69.285416
v 22.998058 6.938035 69.145447
v 23.140291 7.169058 68.955482
v 23.263069 7.368481 68.721298
v 23.362661 7.530245 68.449997
v 23.436043 7.649435 68.149841
v 23.480984 7.722428 67.829933
v 23.496117 7.747009 67.500000
v 22.500000 6.129062 69.400002
v 22.829931 6.129062 69.371132
v 23.149837 6.129062 69.285416
v 23.450001 6.129062 69.145447
v 23.721296 6.129062 68.955482
v 23.955484 6.129062 68.721298
v 24.145449 6.129062 68.449997
v 24.285416 6.129062 68.149841
v 24.371134 6.129062 67.829933
v 24.400000 6.129062 67.500000
v 23.755232 7.555383 67.500000
v 23.978235 7.322721 67.500000
v 24.158707 7.055717 67.500000
v 24.291458 6.762053 67.500000
v 24.372667 6.450176 67.500000
v 22.757128 6.464675 69.352364
v 22.819729 6.405693 69.352364
v 22.869097 6.335262 69.352364
v 23.065327 6.729068 69.211838
v 22.903191 6.256298 69.352364
v 23.175056 6.602242 69.211838
v 23.220457 7.069429 68.985481
v 22.920597 6.172067 69.352364
v 23.256849 6.455832 69.211838
v 23.395861 6.904165 68.985481
v 23.307320 6.295899 69.211838
v 23.534187 6.706822 68.985481
v 23.518682 7.210236 68.684631
v 23.629713 6.485568 68.985481
v 23.716410 6.981702 68.684631
v 23.541090 7.487933 68.324379
v 23.678486 6.249559 68.985481
v 23.863796 6.717882 68.684631
v 23.794556 7.249118 68.324379
v 23.954741 6.429693 68.684631
v 23.994444 6.963949 68.324379
v 23.770277 7.477263 67.922791
v 24.132484 6.644228 68.324379
v 24.016840 7.192287 67.922791
v 24.202963 6.303186 68.324379
v 24.200626 6.863308 67.922791
v 24.314032 6.503942 67.922791
vn -0.000000 -0.000000 -1.000000
vn -0.091039 -0.147870 -0.984808
vn -0.179312 -0.291248 -0.939693
vn -0.262136 -0.425775 -0.866025
vn -0.336995 -0.547366 -0.766044
vn -0.401616 -0.652326 -0.642788
vn -0.454033 -0.737465 -0.500000
vn -0.492654 -0.800196 -0.342020
vn -0.516307 -0.838614 -0.173648
vn -0.524272 -0.851551 -0.000000
vn -0.000000 0.000000 -1.000000
vn -0.173648 0.000000 -0.984808
vn -0.342020 0.000000 -0.939693
vn -0.500000 0.000000 -0.866025
vn -0.642788 0.000000 -0.766044
vn -0.766044 0.000000 -0.642788
vn -0.866025 0.000000 -0.500000
vn -0.939693 0.000000 -0.342020
vn -0.984808 0.000000 -0.173648
vn -1.000000 -0.000000 -0.000000
vn -0.660649 -0.750695 -0.000000
vn -0.778018 -0.628242 -0.000000
vn -0.873004 -0.487713 -0.000000
vn -0.942873 -0.333153 -0.000000
vn -0.985615 -0.169008 -0.000000
vn -0.135331 -0.176639 -0.974928
vn -0.168278 -0.145595 -0.974928
vn -0.194262 -0.108526 -0.974928
vn -0.297540 -0.315793 -0.900969
vn -0.212205 -0.066966 -0.974928
vn -0.355293 -0.249042 -0.900969
vn -0.379188 -0.494930 -0.781832
vn -0.221367 -0.022634 -0.974928
vn -0.398342 -0.171984 -0.900969
vn -0.471505 -0.407949 -0.781832
vn -0.424905 -0.087809 -0.900969
vn -0.544309 -0.304084 -0.781832
vn -0.536149 -0.569039 -0.623490
vn -0.594586 -0.187635 -0.781832
vn -0.640216 -0.448758 -0.623490
vn -0.547942 -0.715195 -0.433884
vn -0.620256 -0.063420 -0.781832
vn -0.717788 -0.309905 -0.623490
vn -0.681345 -0.589503 -0.433884
vn -0.765653 -0.158227 -0.623490
vn -0.786549 -0.439414 -0.433884
vn -0.668566 -0.709580 -0.222521
vn -0.859202 -0.271140 -0.433884
vn -0.798336 -0.559592 -0.222521
vn -0.896296 -0.091644 -0.433884
vn -0.895067 -0.386446 -0.222521
vn -0.954754 -0.197306 -0.222521
vt 0.000000 -1.570796
vt 0.000000 -1.396263
vt 0.000000 -1.221730
vt 0.000000 -1.047198
vt 0.000000 -0.872665
vt 0.000000 -0.698132
vt 0.000000 -0.523599
vt 0.000000 -0.349066
vt 0.000000 -0.174533
vt 0.000000 0.000000
vt 1.018937 -1.570796
vt 1.018937 -1.396263
vt 1.018937 -1.221730
vt 1.018937 -1.047198
vt 1.018937 -0.872665
vt 1.018937 -0.698132
vt 1.018937 -0.523599
vt 1.018937 -0.349066
vt 1.018937 -0.174533
vt 1.018937 0.000000
vt 0.169823 0.000000
vt 0.339646 0.000000
vt 0.509468 0.000000
vt 0.679291 0.000000
vt 0.849114 0.000000
vt 0.101894 -1.346397
vt 0.305681 -1.346397
vt 0.509468 -1.346397
vt 0.203787 -1.121997
vt 0.713256 -1.346397
vt 0.407575 -1.121997
vt 0.101894 -0.897598
vt 0.917043 -1.346397
vt 0.611362 -1.121997
vt 0.305681 -0.897598
vt 0.815149 -1.121997
vt 0.509468 -0.897598
vt 0.203787 -0.673198
vt 0.713256 -0.897598
vt 0.407575 -0.673198
vt 0.101894 -0.448799
vt 0.917043 -0.897598
vt 0.611362 -0.673198
vt 0.305681 -0.448799
vt 0.815149 -0.673198
vt 0.509468 -0.448799
vt 0.203787 -0.224399
vt 0.713256 -0.448799
vt 0.407575 -0.224399
vt 0.917043 -0.448799
vt 0.611362 -0.224399
vt 0.815149 -0.224399
f 1319/1319/1319 1307/1307/1307 1308/1308/1308
f 1318/1318/1318 1317/1317/1317 1323/1323/1323
f 1324/1324/1324 1300/1300/1300 1301/1301/1301
f 1325/1325/1325 1299/1299/1299 1300/1300/1300
f 1325/1325/1325 1300/1300/1300 1324/1324/1324
f 1325/1325/1325 1324/1324/1324 1301/1301/1301
f 1326/1326/1326 1309/1309/1309 1299/1299/1299
f 1326/1326/1326 1299/1299/1299 1325/1325/1325
f 1327/1327/1327 1301/1301/1301 1302/1302/1302
f 1327/1327/1327 1325/1325/1325 1301/1301/1301
f 1328/1328/1328 1310/1310/1310 1309/1309/1309
f 1328/1328/1328 1309/1309/1309 1326/1326/1326
f 1329/1329/1329 1325/1325/1325 1327/1327/1327
f 1329/1329/1329 1326/1326/1326 1325/1325/1325
f 1330/1330/1330 1302/1302/1302 1303/1303/1303
f 1330/1330/1330 1303/1303/1303 1304/1304/1304
f 1330/1330/1330 1327/1327/1327 1302/1302/1302
f 1331/1331/1331 1311/1311/1311 1310/1310/1310
f 1331/1331/1331 1328/1328/1328 1311/1311/1311
f 1331/1331/1331 1310/1310/1310 1328/1328/1328
f 1332/1332/1332 1328/1328/1328 1326/1326/1326
f 1332/1332/1332 1326/1326/1326 1329/1329/1329
f 1333/1333/1333 1329/1329/1329 1327/1327/1327
f 1333/1333/1333 1327/1327/1327 1330/1330/1330
f 1334/1334/1334 1312/1312/1312 1311/1311/1311
f 1334/1334/1334 1311/1311/1311 1328/1328/1328
f 1334/1334/1334 1328/1328/1328 1332/1332/1332
f 1335/1335/1335 1329/1329/1329 1333/1333/1333
f 1335/1335/1335 1332/1332/1332 1329/1329/1329
f 1336/1336/1336 1304/1304/1304 1305/1305/1305
f 1336/1336/1336 1330/1330/1330 1304/1304/1304
f 1336/1336/1336 1333/1333/1333 1330/1330/1330
f 1337/1337/1337 1334/1334/1334 1332/1332/1332
f 1337/1337/1337 1332/1332/1332 1335/1335/1335
f 1338/1338/1338 1335/1335/1335 1333/1333/1333
f 1338/1338/1338 1333/1333/1333 1336/1336/1336
f 1339/1339/1339 1305/1305/1305 1306/1306/1306
f 1339/1339/1339 1336/1336/1336 1305/1305/1305
f 1340/1340/1340 1313/1313/1313 1312/1312/1312
f 1340/1340/1340 1314/1314/1314 1313/1313/1313
f 1340/1340/1340 1312/1312/1312 1334/1334/1334
f 1340/1340/1340 1334/1334/1334 1337/1337/1337
f 1341/1341/1341 1337/1337/1337 1335/1335/1335
f 1341/1341/1341 1335/1335/1335 1338/1338/1338
f 1342/1342/1342 1339/1339/1339 1306/1306/1306
f 1342/1342/1342 1338/1338/1338 1336/1336/1336
f 1342/1342/1342 1336/1336/1336 1339/1339/1339
f 1343/1343/1343 1315/1315/1315 1314/1314/1314
f 1343/1343/1343 1337/1337/1337 1341/1341/1341
f 1343/1343/1343 1314/1314/1314 1340/1340/1340
f 1343/1343/1343 1340/1340/1340 1337/1337/1337
f 1344/1344/1344 1338/1338/1338 1342/1342/1342
f 1344/1344/1344 1341/1341/1341 1338/1338/1338
f 1345/1345/1345 1306/1306/1306 1307/1307/1307
f 1345/1345/1345 1319/1319/1319 1320/1320/1320
f 1345/1345/1345 1307/1307/1307 1319/1319/1319
f 1345/1345/1345 1342/1342/1342 1306/1306/1306
f 1346/1346/1346 1343/1343/1343 1341/1341/1341
f 1346/1346/1346 1341/1341/1341 1344/1344/1344
f 1347/1347/1347 1342/1342/1342 1345/1345/1345
f 1347/1347/1347 1320/1320/1320 1321/1321/1321
f 1347/1347/1347 1345/1345/1345 1320/1320/1320
f 1347/1347/1347 1344/1344/1344 1342/1342/1342
f 1348/1348/1348 1346/1346/1346 1316/1316/1316
f 1348/1348/1348 1316/1316/1316 1315/1315/1315
f 1348/1348/1348 1315/1315/1315 1343/1343/1343
f 1348/1348/1348 1343/1343/1343 1346/1346/1346
f 1349/1349/1349 1347/1347/1347 1321/1321/1321
f 1349/1349/1349 1344/1344/1344 1347/1347/1347
f 1349/1349/1349 1321/1321/1321 1322/1322/1322
f 1349/1349/1349 1346/1346/1346 1344/1344/1344
f 1350/1350/1350 1346/1346/1346 1349/1349/1349
f 1350/1350/1350 1316/1316/1316 1346/1346/1346
f 1350/1350/1350 1317/1317/1317 1316/1316/1316
f 1350/1350/1350 1349/1349/1349 1322/1322/1322
f 1350/1350/1350 1322/1322/1322 1323/1323/1323
f 1350/1350/1350 1323/1323/1323 1317/1317/1317
v 6.900000 0.000000 77.000000
v 6.795174 1.198172 77.000000
v 6.483879 2.359939 77.000000
v 5.975575 3.450000 77.000000
v 5.285707 4.435235 77.000000
v 4.435235 5.285707 77.000000
v 3.450000 5.975575 77.000000
v 2.359939 6.483879 77.000000
v 1.198172 6.795174 77.000000
v 0.000000 6.900000 77.000000
v -1.198172 6.795174 77.000000
v -2.359939 6.483879 77.000000
v -3.450000 5.975575 77.000000
v -4.435235 5.285707 77.000000
v -5.285707 4.435235 77.000000
v -5.975575 3.450000 77.000000
v -6.483879 2.359939 77.000000
v -6.795174 1.198172 77.000000
v -6.900000 0.000000 77.000000
v -6.795174 -1.198172 77.000000
v -6.483879 -2.359939 77.000000
v -5.975575 -3.450000 77.000000
v -5.285707 -4.435235 77.000000
v -4.435235 -5.285707 77.000000
v -3.450000 -5.975575 77.000000
v -2.359939 -6.483879 77.000000
v -1.198172 -6.795174 77.000000
v -0.000000 -6.900000 77.000000
v 1.198172 -6.795174 77.000000
v 2.359939 -6.483879 77.000000
v 3.450000 -5.975575 77.000000
v 4.435235 -5.285707 77.000000
v 5.285707 -4.435235 77.000000
v 5.975575 -3.450000 77.000000
v 6.483879 -2.359939 77.000000
v 6.795174 -1.198172 77.000000
v 6.900000 0.000000 77.000000
v 6.900000 -0.000000 70.000000
v 6.795174 1.198172 70.000000
v 6.483879 2.359939 70.000000
v 5.975575 3.450000 70.000000
v 5.285707 4.435235 70.000000
v 4.435235 5.285707 70.000000
v 3.450000 5.975575 70.000000
v 2.359939 6.483879 70.000000
v 1.198172 6.795174 70.000000
v 0.000000 6.900000 70.000000
v -1.198172 6.795174 70.000000
v -2.359939 6.483879 70.000000
v -3.450000 5.975575 70.000000
v -4.435235 5.285707 70.000000
v -5.285707 4.435235 70.000000
v -5.975575 3.450000 70.000000
v -6.483879 2.359939 70.000000
v -6.795174 1.198172 70.000000
v -6.900000 0.000000 70.000000
v -6.795174 -1.198172 70.000000
v -6.483879 -2.359939 70.000000
v -5.975575 -3.450000 70.000000
v -5.285707 -4.435235 70.000000
v -4.435235 -5.285707 70.000000
v -3.450000 -5.975575 70.000000
v -2.359939 -6.483879 70.000000
v -1.198172 -6.795174 70.000000
v -0.000000 -6.900000 70.000000
v 1.198172 -6.795174 70.000000
v 2.359939 -6.483879 70.000000
v 3.450000 -5.975575 70.000000
v 4.435235 -5.285707 70.000000
v 5.285707 -4.435235 70.000000
v 5.975575 -3.450000 70.000000
v 6.483879 -2.359939 70.000000
v 6.795174 -1.198172 70.000000
v 6.900000 -0.000000 70.000000
vn -1.000000 -0.000000 0.000000
vn -0.984808 -0.173648 0.000000
vn -0.939693 -0.342020 0.000000
vn -0.866025 -0.500000 0.000000
vn -0.766044 -0.642788 0.000000
vn -0.642788 -0.766044 0.000000
vn -0.500000 -0.866025 0.000000
vn -0.342020 -0.939693 0.000000
vn -0.173648 -0.984808 0.000000
vn -0.000000 -1.000000 0.000000
vn 0.173648 -0.984808 -0.000000
vn 0.342020 -0.939693 -0.000000
vn 0.500000 -0.866025 -0.000000
vn 0.642788 -0.766044 -0.000000
vn 0.766044 -0.642788 -0.000000
vn 0.866025 -0.500000 -0.000000
vn 0.939693 -0.342020 -0.000000
vn 0.984808 -0.173648 -0.000000
vn 1.000000 -0.000000 -0.000000
vn 0.984808 0.173648 -0.000000
vn 0.939693 0.342020 -0.000000
vn 0.866025 0.500000 -0.000000
vn 0.766044 0.642788 -0.000000
vn 0.642788 0.766044 -0.000000
vn 0.500000 0.866025 -0.000000
vn 0.342020 0.939693 -0.000000
vn 0.173648 0.984808 -0.000000
vn 0.000000 1.000000 -0.000000
vn -0.173648 0.984808 -0.000000
vn -0.342020 0.939693 -0.000000
vn -0.500000 0.866025 -0.000000
vn -0.642788 0.766044 -0.000000
vn -0.766044 0.642788 -0.000000
vn -0.866025 0.500000 -0.000000
vn -0.939693 0.342020 -0.000000
vn -0.984808 0.173648 -0.000000
vn -1.000000 -0.000000 0.000000
vn -1.000000 -0.000000 0.000000
vn -0.984808 -0.173648 0.000000
vn -0.939693 -0.342020 0.000000
vn -0.866025 -0.500000 0.000000
vn -0.766044 -0.642788 0.000000
vn -0.642788 -0.766044 0.000000
vn -0.500000 -0.866025 0.000000
vn -0.342020 -0.939693 0.000000
vn -0.173648 -0.984808 0.000000
vn -0.000000 -1.000000 0.000000
vn 0.173648 -0.984808 -0.000000
vn 0.342020 -0.939693 -0.000000
vn 0.500000 -0.866025 -0.000000
vn 0.642788 -0.766044 -0.000000
vn 0.766044 -0.642788 -0.000000
vn 0.866025 -0.500000 -0.000000
vn 0.939693 -0.342020 -0.000000
vn 0.984808 -0.173648 -0.000000
vn 1.000000 -0.000000 -0.000000
vn 0.984808 0.173648 -0.000000
vn 0.939693 0.342020 -0.000000
vn 0.866025 0.500000 -0.000000
vn 0.766044 0.642788 -0.000000
vn 0.642788 0.766044 -0.000000
vn 0.500000 0.866025 -0.000000
vn 0.342020 0.939693 -0.000000
vn 0.173648 0.984808 -0.000000
vn 0.000000 1.000000 -0.000000
vn -0.173648 0.984808 -0.000000
vn -0.342020 0.939693 -0.000000
vn -0.500000 0.866025 -0.000000
vn -0.642788 0.766044 -0.000000
vn -0.766044 0.642788 -0.000000
vn -0.866025 0.500000 -0.000000
vn -0.939693 0.342020 -0.000000
vn -0.984808 0.173648 -0.000000
vn -1.000000 -0.000000 0.000000
vt 0.000000 7.000000
vt 0.174533 7.000000
vt 0.349066 7.000000
vt 0.523599 7.000000
vt 0.698132 7.000000
vt 0.872665 7.000000
vt 1.047198 7.000000
vt 1.221730 7.000000
vt 1.396263 7.000000
vt 1.570796 7.000000
vt 1.745329 7.000000
vt 1.919862 7.000000
vt 2.094395 7.000000
vt 2.268928 7.000000
vt 2.443461 7.000000
vt 2.617994 7.000000
vt 2.792527 7.000000
vt 2.967060 7.000000
vt 3.141593 7.000000
vt 3.316126 7.000000
vt 3.490659 7.000000
vt 3.665191 7.000000
vt 3.839724 7.000000
vt 4.014257 7.000000
vt 4.188790 7.000000
vt 4.363323 7.000000
vt 4.537856 7.000000
vt 4.712389 7.000000
vt 4.886922 7.000000
vt 5.061455 7.000000
vt 5.235988 7.000000
vt 5.410521 7.000000
vt 5.585053 7.000000
vt 5.759586 7.000000
vt 5.934119 7.000000
vt 6.108653 7.000000
vt 6.283185 7.000000
vt 0.000000 0.000000
vt 0.174533 0.000000
vt 0.349066 0.000000
vt 0.523599 0.000000
vt 0.698132 0.000000
vt 0.872665 0.000000
vt 1.047198 0.000000
vt 1.221730 0.000000
vt 1.396263 0.000000
vt 1.570796 0.000000
vt 1.745329 0.000000
vt 1.919862 0.000000
vt 2.094395 0.000000
vt 2.268928 0.000000
vt 2.443461 0.000000
vt 2.617994 0.000000
vt 2.792527 0.000000
vt 2.967060 0.000000
vt 3.141593 0.000000
vt 3.316126 0.000000
vt 3.490659 0.000000
vt 3.665191 0.000000
vt 3.839724 0.000000
vt 4.014257 0.000000
vt 4.188790 0.000000
vt 4.363323 0.000000
vt 4.537856 0.000000
vt 4.712389 0.000000
vt 4.886922 0.000000
vt 5.061455 0.000000
vt 5.235988 0.000000
vt 5.410521 0.000000
vt 5.585053 0.000000
vt 5.759586 0.000000
vt 5.934119 0.000000
vt 6.108653 0.000000
vt 6.283185 0.000000
f 1352/1352/1352 1388/1388/1388 1351/1351/1351
f 1352/1352/1352 1389/1389/1389 1388/1388/1388
f 1353/1353/1353 1390/1390/1390 1389/1389/1389
f 1353/1353/1353 1389/1389/1389 1352/1352/1352
f 1354/1354/1354 1391/1391/1391 1390/1390/1390
f 1354/1354/1354 1392/1392/1392 1391/1391/1391
f 1354/1354/1354 1390/1390/1390 1353/1353/1353
f 1355/1355/1355 1393/1393/1393 1392/1392/1392
f 1355/1355/1355 1392/1392/1392 1354/1354/1354
f 1356/1356/1356 1393/1393/1393 1355/1355/1355
f 1357/1357/1357 1393/1393/1393 1356/1356/1356
f 1357/1357/1357 1394/1394/1394 1393/1393/1393
f 1357/1357/1357 1395/1395/1395 1394/1394/1394
f 1358/1358/1358 1395/1395/1395 1357/1357/1357
f 1358/1358/1358 1396/1396/1396 1395/1395/1395
f 1359/1359/1359 1396/1396/1396 1358/1358/1358
f 1360/1360/1360 1396/1396/1396 1359/1359/1359
f 1360/1360/1360 1397/1397/1397 1396/1396/1396
f 1361/1361/1361 1397/1397/1397 1360/1360/1360
f 1361/1361/1361 1398/1398/1398 1397/1397/1397
f 1361/1361/1361 1399/1399/1399 1398/1398/1398
f 1362/1362/1362 1399/1399/1399 1361/1361/1361
f 1363/1363/1363 1399/1399/1399 1362/1362/1362
f 1363/1363/1363 1400/1400/1400 1399/1399/1399
f 1364/1364/1364 1400/1400/1400 1363/1363/1363
f 1364/1364/1364 1401/1401/1401 1400/1400/1400
f 1364/1364/1364 1402/1402/1402 1401/1401/1401
f 1365/1365/1365 1402/1402/1402 1364/1364/1364
f 1366/1366/1366 1402/1402/1402 1365/1365/1365
f 1366/1366/1366 1403/1403/1403 1402/1402/1402
f 1367/1367/1367 1403/1403/1403 1366/1366/1366
f 1367/1367/1367 1404/1404/1404 1403/1403/1403
f 1368/1368/1368 1404/1404/1404 1367/1367/1367
f 1368/1368/1368 1405/1405/1405 1404/1404/1404
f 1369/1369/1369 1405/1405/1405 1368/1368/1368
f 1369/1369/1369 1406/1406/1406 1405/1405/1405
f 1370/1370/1370 1406/1406/1406 1369/1369/1369
f 1370/1370/1370 1407/1407/1407 1406/1406/1406
f 1370/1370/1370 1408/1408/1408 1407/1407/1407
f 1371/1371/1371 1408/1408/1408 1370/1370/1370
f 1372/1372/1372 1409/1409/1409 1408/1408/1408
f 1372/1372/1372 1408/1408/1408 1371/1371/1371
f 1373/1373/1373 1410/1410/1410 1409/1409/1409
f 1373/1373/1373 1411/1411/1411 1410/1410/1410
f 1373/1373/1373 1409/1409/1409 1372/1372/1372
f 1374/1374/1374 1411/1411/1411 1373/1373/1373
f 1375/1375/1375 1412/1412/1412 1411/1411/1411
f 1375/1375/1375 1411/1411/1411 1374/1374/1374
f 1376/1376/1376 1413/1413/1413 1412/1412/1412
f 1376/1376/1376 1412/1412/1412 1375/1375/1375
f 1377/1377/1377 1414/1414/1414 1413/1413/1413
f 1377/1377/1377 1413/1413/1413 1376/1376/1376
f 1378/1378/1378 1415/1415/1415 1414/1414/1414
f 1378/1378/1378 1414/1414/1414 1377/1377/1377
f 1379/1379/1379 1416/1416/1416 1415/1415/1415
f 1379/1379/1379 1415/1415/1415 1378/1378/1378
f 1380/1380/1380 1417/1417/1417 1416/1416/1416
f 1380/1380/1380 1418/1418/1418 1417/1417/1417
f 1380/1380/1380 1416/1416/1416 1379/1379/1379
f 1381/1381/1381 1418/1418/1418 1380/1380/1380
f 1382/1382/1382 1418/1418/1418 1381/1381/1381
f 1382/1382/1382 1419/1419/1419 1418/1418/1418
f 1382/1382/1382 1420/1420/1420 1419/1419/1419
f 1383/1383/1383 1420/1420/1420 1382/1382/1382
f 1384/1384/1384 1420/1420/1420 1383/1383/1383
f 1384/1384/1384 1421/1421/1421 1420/1420/1420
f 1385/1385/1385 1421/1421/1421 1384/1384/1384
f 1385/1385/1385 1422/1422/1422 1421/1421/1421
f 1385/1385/1385 1423/1423/1423 1422/1422/1422
f 1386/1386/1386 1423/1423/1423 1385/1385/1385
f 1387/1387/1387 1423/1423/1423 1386/1386/1386
f 1387/1387/1387 1424/1424/1424 1423/1423/1423
v 7.500000 -0.000000 77.000000
v 7.386058 1.302361 77.000000
v 7.047695 2.565151 77.000000
v 6.495191 3.750000 77.000000
v 5.745333 4.820907 77.000000
v 4.820907 5.745333 77.000000
v 3.750000 6.495191 77.000000
v 2.565151 7.047695 77.000000
v 1.302361 7.386058 77.000000
v 0.000000 7.500000 77.000000
v -1.302361 7.386058 77.000000
v -2.565151 7.047695 77.000000
v -3.750000 6.495191 77.000000
v -4.820907 5.745333 77.000000
v -5.745333 4.820907 77.000000
v -6.495191 3.750000 77.000000
v -7.047695 2.565151 77.000000
v -7.386058 1.302361 77.000000
v -7.500000 0.000000 77.000000
v -7.386058 -1.302361 77.000000
v -7.047695 -2.565151 77.000000
v -6.495191 -3.750000 77.000000
v -5.745333 -4.820907 77.000000
v -4.820907 -5.745333 77.000000
v -3.750000 -6.495191 77.000000
v -2.565151 -7.047695 77.000000
v -1.302361 -7.386058 77.000000
v -0.000000 -7.500000 77.000000
v 1.302361 -7.386058 77.000000
v 2.565151 -7.047695 77.000000
v 3.750000 -6.495191 77.000000
v 4.820907 -5.745333 77.000000
v 5.745333 -4.820907 77.000000
v 6.495191 -3.750000 77.000000
v 7.047695 -2.565151 77.000000
v 7.386058 -1.302361 77.000000
v 6.900000 0.000000 77.000000
v 6.795174 1.198172 77.000000
v 6.483879 2.359939 77.000000
v 5.975575 3.450000 77.000000
v 5.285707 4.435235 77.000000
v 4.435235 5.285707 77.000000
v 3.450000 5.975575 77.000000
v 2.359939 6.483879 77.000000
v 1.198172 6.795174 77.000000
v 0.000000 6.900000 77.000000
v -1.198172 6.795174 77.000000
v -2.359939 6.483879 77.000000
v -3.450000 5.975575 77.000000
v -4.435235 5.285707 77.000000
v -5.285707 4.435235 77.000000
v -5.975575 3.450000 77.000000
v -6.483879 2.359939 77.000000
v -6.795174 1.198172 77.000000
v -6.900000 0.000000 77.000000
v -6.795174 -1.198172 77.000000
v -6.483879 -2.359939 77.000000
v -5.975575 -3.450000 77.000000
v -5.285707 -4.435235 77.000000
v -4.435235 -5.285707 77.000000
v -3.450000 -5.975575 77.000000
v -2.359939 -6.483879 77.000000
v -1.198172 -6.795174 77.000000
v -0.000000 -6.900000 77.000000
v 1.198172 -6.795174 77.000000
v 2.359939 -6.483879 77.000000
v 3.450000 -5.975575 77.000000
v 4.435235 -5.285707 77.000000
v 5.285707 -4.435235 77.000000
v 5.975575 -3.450000 77.000000
v 6.483879 -2.359939 77.000000
v 6.795174 -1.198172 77.000000
vn 0.000000 0.000000 1.000000
vn 0.000000 0.000000 1.000000
vn 0.000000 0.000000 1.000000
vn 0.000000 0.000000 1.000000
vn 0.000000 0.000000 1.000000
vn 0.000000 0.000000 1.000000
vn 0.000000 0.000000 1.000000
vn 0.000000 0.000000 1.000000
vn 0.000000 0.000000 1.000000
vn 0.000000 0.000000 1.000000
vn 0.000000 0.000000 1.000000
vn 0.000000 0.000000 1.000000
vn 0.000000 0.000000 1.000000
vn 0.000000 0.000000 1.000000
vn 0.000000 0.000000 1.000000
vn 0.000000 0.000000 1.000000
vn 0.000000 0.000000 1.000000
vn 0.000000 0.000000 1.000000
vn 0.000000 0.000000 1.000000
vn 0.000000 0.000000 1.000000
vn 0.000000 0.000000 1.000000
vn 0.000000 0.000000 1.000000
vn 0.000000 0.000000 1.000000
vn 0.000000 0.000000 1.000000
vn 0.000000 0.000000 1.000000
vn 0.000000 0.000000 1.000000
vn 0.000000 0.000000 1.000000
vn 0.000000 0.000000 1.000000
vn 0.000000 0.000000 1.000000
vn 0.000000 0.000000 1.000000
vn 0.000000 0.000000 1.000000
vn 0.000000 0.000000 1.000000
vn 0.000000 0.000000 1.000000
vn 0.000000 0.000000 1.000000
vn 0.000000 0.000000 1.000000
vn 0.000000 0.000000 1.000000
vn 0.000000 0.000000 1.000000
vn 0.000000 0.000000 1.000000
vn 0.000000 0.000000 1.000000
vn 0.000000 0.000000 1.000000
vn 0.000000 0.000000 1.000000
vn 0.000000 0.000000 1.000000
vn 0.000000 0.000000 1.000000
vn 0.000000 0.000000 1.000000
vn 0.000000 0.000000 1.000000
vn 0.000000 0.000000 1.000000
vn 0.000000 0.000000 1.000000
vn 0.000000 0.000000 1.000000
vn 0.000000 0.000000 1.000000
vn 0.000000 0.000000 1.000000
vn 0.000000 0.000000 1.000000
vn 0.000000 0.000000 1.000000
vn 0.000000 0.000000 1.000000
vn 0.000000 0.000000 1.000000
vn 0.000000 0.000000 1.000000
vn 0.000000 0.000000 1.000000
vn 0.000000 0.000000 1.000000
vn 0.000000 0.000000 1.000000
vn 0.000000 0.000000 1.000000
vn 0.000000 0.000000 1.000000
vn 0.000000 0.000000 1.000000
vn 0.000000 0.000000 1.000000
vn 0.000000 0.000000 1.000000
vn 0.000000 0.000000 1.000000
vn 0.000000 0.000000 1.000000
vn 0.000000 0.000000 1.000000
vn 0.000000 0.000000 1.000000
vn 0.000000 0.000000 1.000000
vn 0.000000 0.000000 1.000000
vn 0.000000 0.000000 1.000000
vn 0.000000 0.000000 1.000000
vn 0.000000 0.000000 1.000000
vt 7.500000 -0.000000
vt 7.386058 1.302361
vt 7.047695 2.565151
vt 6.495191 3.750000
vt 5.745333 4.820907
vt 4.820907 5.745333
vt 3.750000 6.495191
vt 2.565151 7.047695
vt 1.302361 7.386058
vt 0.000000 7.500000
vt -1.302361 7.386058
vt -2.565151 7.047695
vt -3.750000 6.495191
vt -4.820907 5.745333
vt -5.745333 4.820907
vt -6.495191 3.750000
vt -7.047695 2.565151
vt -7.386058 1.302361
vt -7.500000 0.000000
vt -7.386058 -1.302361
vt -7.047695 -2.565151
vt -6.495191 -3.750000
vt -5.745333 -4.820907
vt -4.820907 -5.745333
vt -3.750000 -6.495191
vt -2.565151 -7.047695
vt -1.302361 -7.386058
vt -0.000000 -7.500000
vt 1.302361 -7.386058
vt 2.565151 -7.047695
vt 3.750000 -6.495191
vt 4.820907 -5.745333
vt 5.745333 -4.820907
vt 6.495191 -3.750000
vt 7.047695 -2.565151
vt 7.386058 -1.302361
vt 6.900000 -0.000000
vt 6.795174 1.198172
vt 6.483879 2.359939
vt 5.975575 3.450000
vt 5.285707 4.435235
vt 4.435235 5.285707
vt 3.450000 5.975575
vt 2.359939 6.483879
vt 1.198172 6.795174
vt 0.000000 6.900000
vt -1.198172 6.795174
vt -2.359939 6.483879
vt -3.450000 5.975575
vt -4.435235 5.285707
vt -5.285707 4.435235
vt -5.975575 3.450000
vt -6.483879 2.359939
vt -6.795174 1.198172
vt -6.900000 0.000000
vt -6.795174 -1.198172
vt -6.483879 -2.359939
vt -5.975575 -3.450000
vt -5.285707 -4.435235
vt -4.435235 -5.285707
vt -3.450000 -5.975575
vt -2.359939 -6.483879
vt -1.198172 -6.795174
vt -0.000000 -6.900000
vt 1.198172 -6.795174
vt 2.359939 -6.483879
vt 3.450000 -5.975575
vt 4.435235 -5.285707
vt 5.285707 -4.435235
vt 5.975575 -3.450000
vt 6.483879 -2.359939
vt 6.795174 -1.198172
f 1483/1483/1483 1447/1447/1447 1448/1448/1448
f 1483/1483/1483 1448/1448/1448 1484/1484/1484
f 1485/1485/1485 1448/1448/1448 1449/1449/1449
f 1485/1485/1485 1449/1449/1449 1450/1450/1450
f 1485/1485/1485 1484/1484/1484 1448/1448/1448
f 1482/1482/1482 1445/1445/1445 1446/1446/1446
f 1482/1482/1482 1446/1446/1446 1447/1447/1447
f 1482/1482/1482 1447/1447/1447 1483/1483/1483
f 1486/1486/1486 1485/1485/1485 1450/1450/1450
f 1481/1481/1481 1445/1445/1445 1482/1482/1482
f 1487/1487/1487 1450/1450/1450 1451/1451/1451
f 1487/1487/1487 1486/1486/1486 1450/1450/1450
f 1480/1480/1480 1445/1445/1445 1481/1481/1481
f 1480/1480/1480 1444/1444/1444 1445/1445/1445
f 1488/1488/1488 1487/1487/1487 1451/1451/1451
f 1488/1488/1488 1451/1451/1451 1452/1452/1452
f 1479/1479/1479 1443/1443/1443 1444/1444/1444
f 1479/1479/1479 1444/1444/1444 1480/1480/1480
f 1489/1489/1489 1488/1488/1488 1452/1452/1452
f 1489/1489/1489 1452/1452/1452 1453/1453/1453
f 1478/1478/1478 1443/1443/1443 1479/1479/1479
f 1478/1478/1478 1442/1442/1442 1443/1443/1443
f 1490/1490/1490 1489/1489/1489 1453/1453/1453
f 1490/1490/1490 1453/1453/1453 1454/1454/1454
f 1477/1477/1477 1441/1441/1441 1442/1442/1442
f 1477/1477/1477 1442/1442/1442 1478/1478/1478
f 1455/1455/1455 1490/1490/1490 1454/1454/1454
f 1440/1440/1440 1441/1441/1441 1477/1477/1477
f 1491/1491/1491 1490/1490/1490 1455/1455/1455
f 1476/1476/1476 1440/1440/1440 1477/1477/1477
f 1492/1492/1492 1455/1455/1455 1456/1456/1456
f 1492/1492/1492 1491/1491/1491 1455/1455/1455
f 1475/1475/1475 1439/1439/1439 1440/1440/1440
f 1475/1475/1475 1440/1440/1440 1476/1476/1476
f 1493/1493/1493 1492/1492/1492 1456/1456/1456
f 1457/1457/1457 1493/1493/1493 1456/1456/1456
f 1438/1438/1438 1439/1439/1439 1475/1475/1475
f 1438/1438/1438 1475/1475/1475 1474/1474/1474
f 1458/1458/1458 1493/1493/1493 1457/1457/1457
f 1458/1458/1458 1494/1494/1494 1493/1493/1493
f 1437/1437/1437 1474/1474/1474 1473/1473/1473
f 1437/1437/1437 1438/1438/1438 1474/1474/1474
f 1495/1495/1495 1494/1494/1494 1458/1458/1458
f 1472/1472/1472 1437/1437/1437 1473/1473/1473
f 1459/1459/1459 1495/1495/1495 1458/1458/1458
f 1436/1436/1436 1437/1437/1437 1472/1472/1472
f 1496/1496/1496 1495/1495/1495 1459/1459/1459
f 1471/1471/1471 1436/1436/1436 1472/1472/1472
f 1460/1460/1460 1496/1496/1496 1459/1459/1459
f 1435/1435/1435 1436/1436/1436 1471/1471/1471
f 1461/1461/1461 1496/1496/1496 1460/1460/1460
f 1434/1434/1434 1471/1471/1471 1470/1470/1470
f 1434/1434/1434 1435/1435/1435 1471/1471/1471
f 1425/1425/1425 1461/1461/1461 1460/1460/1460
f 1469/1469/1469 1434/1434/1434 1470/1470/1470
f 1433/1433/1433 1434/1434/1434 1469/1469/1469
f 1426/1426/1426 1462/1462/1462 1461/1461/1461
f 1426/1426/1426 1461/1461/1461 1425/1425/1425
f 1432/1432/1432 1468/1468/1468 1467/1467/1467
f 1432/1432/1432 1469/1469/1469 1468/1468/1468
f 1432/1432/1432 1433/1433/1433 1469/1469/1469
f 1427/1427/1427 1463/1463/1463 1462/1462/1462
f 1427/1427/1427 1464/1464/1464 1463/1463/1463
f 1427/1427/1427 1462/1462/1462 1426/1426/1426
f 1428/1428/1428 1464/1464/1464 1427/1427/1427
f 1431/1431/1431 1432/1432/1432 1467/1467/1467
f 1429/1429/1429 1465/1465/1465 1464/1464/1464
f 1429/1429/1429 1464/1464/1464 1428/1428/1428
f 1430/1430/1430 1431/1431/1431 1467/1467/1467
f 1430/1430/1430 1465/1465/1465 1429/1429/1429
f 1430/1430/1430 1466/1466/1466 1465/1465/1465
f 1430/1430/1430 1467/1467/1467 1466/1466/1466
v -0.000000 -7.500000 75.250000
v -0.058442 -7.499772 75.269234
v -0.214717 -7.496926 75.292160
v -1.228940 -7.398629 75.340889
v -2.248120 -7.155135 75.354996
v -2.926604 -6.905432 75.357323
v -3.578190 -6.591400 75.356010
v -4.196656 -6.215953 75.352051
v -4.776160 -5.782586 75.346039
v -5.311255 -5.295335 75.338371
v -5.796927 -4.758743 75.329330
v -6.228636 -4.177809 75.319115
v -6.602360 -3.557927 75.307884
v -6.914592 -2.904896 75.295761
v -7.162419 -2.224804 75.282845
v -7.343534 -1.523978 75.269218
v -7.456244 -0.808968 75.254944
v -7.499502 -0.086438 75.240074
v -7.472909 0.636893 75.224655
v -7.376650 1.354635 75.208733
v -7.208296 2.071343 75.192062
v -6.964311 2.783590 75.174538
v -6.642676 3.482075 75.156189
v -6.246618 4.150875 75.137192
v -5.783457 4.775105 75.117783
v -5.258202 5.348020 75.097969
v -4.676479 5.863492 75.077789
v -4.044519 6.316000 75.057243
v -3.369164 6.700652 75.036354
v -2.657615 7.013350 75.015144
v -1.917538 7.250727 74.993622
v -1.156901 7.410235 74.971794
v -0.383840 7.490171 74.949677
v 0.393350 7.489678 74.927277
v 1.166260 7.408768 74.904610
v 1.926665 7.248308 74.881683
v 2.666358 7.010031 74.858498
v 3.377405 6.696502 74.835060
v 4.052200 6.311075 74.811386
v 4.683471 5.857909 74.787476
v 5.264591 5.341731 74.763336
v 5.789267 4.768059 74.738960
v 6.251704 4.143211 74.714371
v 6.646934 3.473942 74.689560
v 6.970761 2.767398 74.664551
v 7.219741 2.031094 74.639328
v 7.391192 1.272899 74.613892
v 7.472756 0.638687 74.592827
v 7.500000 -0.000000 74.571632
v 7.500000 -0.000000 73.937500
v 7.399183 1.225599 73.983215
v 7.099443 2.418246 74.028938
v 6.689648 3.390960 74.068169
v 6.222522 4.186910 74.102463
v 5.661193 4.919440 74.136757
v 5.014171 5.577463 74.171051
v 4.291200 6.151065 74.205345
v 3.503242 6.631538 74.239639
v 2.662361 7.011550 74.273926
v 1.781183 7.285423 74.308212
v 0.873043 7.449013 74.342506
v -0.048313 7.499845 74.376793
v -0.968940 7.437147 74.411087
v -1.874893 7.261871 74.445374
v -2.752472 6.976668 74.479660
v -3.588409 6.585843 74.513954
v -4.370135 6.095237 74.548248
v -5.085657 5.512359 74.582542
v -5.724150 4.846040 74.616837
v -6.276001 4.106313 74.651131
v -6.732831 3.304388 74.685425
v -7.087672 2.452529 74.719719
v -7.335224 1.563487 74.754005
v -7.471709 0.650813 74.788300
v -7.495077 -0.271716 74.822594
v -7.404964 -1.190171 74.856888
v -7.202752 -2.090541 74.891174
v -6.891487 -2.959293 74.925468
v -6.475898 -3.783219 74.959763
v -5.962273 -4.549868 74.994049
v -5.358365 -5.247659 75.028343
v -4.673379 -5.865963 75.062630
v -3.917660 -6.395463 75.096924
v -3.102643 -6.828148 75.131210
v -2.240654 -7.157476 75.165497
v -1.344767 -7.378455 75.199791
v -0.675125 -7.469552 75.224892
v 7.500000 -0.000000 72.635048
v 7.500000 -0.000000 74.571632
v 7.399183 -1.225598 74.530457
v 7.099456 -2.418207 74.488792
v 6.630303 -3.505578 74.448227
v 6.022109 -4.470370 74.408752
v 5.274685 -5.331763 74.368881
v 4.422431 -6.057401 74.329376
v 3.490101 -6.638463 74.290237
v 2.482922 -7.077083 74.250740
v 1.465050 -7.355517 74.212456
v 0.459792 -7.485893 74.175385
v -0.553835 -7.479523 74.138008
v -1.557315 -7.336536 74.100334
v -2.532345 -7.059549 74.062347
v -3.461113 -6.653623 74.024071
v -4.326653 -6.126179 73.985481
v -5.113147 -5.486868 73.946587
v -5.806243 -4.747373 73.907387
v -6.268306 -4.118050 73.876984
v -6.653074 -3.462168 73.847191
v -6.969450 -2.770697 73.817230
v -7.214175 -2.050775 73.787086
v -7.384746 -1.309780 73.756760
v -7.479413 -0.555321 73.726250
v -7.497203 0.204794 73.695557
v -7.437945 0.962796 73.664673
v -7.302253 1.710879 73.633598
v -7.091524 2.441369 73.602333
v -6.807930 3.146759 73.570869
v -6.454395 3.819789 73.539207
v -6.034553 4.453557 73.507347
v -5.552722 5.041555 73.475273
v -5.013856 5.577745 73.442993
v -4.423503 6.056618 73.410492
v -3.787728 6.473262 73.377769
v -3.113063 6.823404 73.344826
v -2.406445 7.103452 73.311653
v -1.675134 7.310535 73.278236
v -0.926643 7.442535 73.244576
v -0.168654 7.498104 73.210663
v 0.591070 7.476673 73.176483
v 1.344686 7.378470 73.142044
v 2.084465 7.204513 73.107315
v 2.802825 6.956592 73.072304
v 3.492359 6.637276 73.036995
v 4.146014 6.249846 73.001366
v 4.757081 5.798292 72.965416
v 5.319301 5.287253 72.929123
v 5.826903 4.721992 72.892471
v 6.274693 4.108313 72.855438
v 6.658081 3.452529 72.818008
v 6.973151 2.761371 72.780151
v 7.215483 2.046168 72.742073
v 7.381868 1.325907 72.704338
v 7.470412 0.665545 72.669907
v 7.500000 -0.000000 77.000000
v 7.500000 -0.000000 77.000000
v 7.386058 1.302361 77.000000
v 7.047695 2.565151 77.000000
v 6.495191 3.750000 77.000000
v 5.745333 4.820907 77.000000
v 4.820907 5.745333 77.000000
v 3.750000 6.495191 77.000000
v 2.565151 7.047695 77.000000
v 1.302361 7.386058 77.000000
v 0.000000 7.500000 77.000000
v -1.302361 7.386058 77.000000
v -2.565151 7.047695 77.000000
v -3.750000 6.495191 77.000000
v -4.820907 5.745333 77.000000
v -5.745333 4.820907 77.000000
v -6.495191 3.750000 77.000000
v -7.047695 2.565151 77.000000
v -7.386058 1.302361 77.000000
v -7.500000 0.000000 77.000000
v -7.386058 -1.302361 77.000000
v -7.047695 -2.565151 77.000000
v -6.495191 -3.750000 77.000000
v -5.745333 -4.820907 77.000000
v -4.820907 -5.745333 77.000000
v -3.750000 -6.495191 77.000000
v -2.565151 -7.047695 77.000000
v -1.302361 -7.386058 77.000000
v -0.000000 -7.500000 77.000000
v 1.302361 -7.386058 77.000000
v 2.565151 -7.047695 77.000000
v 3.750000 -6.495191 77.000000
v 4.820907 -5.745333 77.000000
v 5.745333 -4.820907 77.000000
v 6.495191 -3.750000 77.000000
v 7.047695 -2.565151 77.000000
v 7.386058 -1.302361 77.000000
vn 0.000000 -1.000000 0.000000
vn -0.007792 -0.999970 0.000000
vn -0.028629 -0.999590 0.000000
vn -0.163859 -0.986484 0.000000
vn -0.299749 -0.954018 0.000000
vn -0.390214 -0.920724 0.000000
vn -0.477092 -0.878853 0.000000
vn -0.559554 -0.828794 0.000000
vn -0.636821 -0.771011 0.000000
vn -0.708167 -0.706045 0.000000
vn -0.772924 -0.634499 0.000000
vn -0.830485 -0.557041 0.000000
vn -0.880315 -0.474390 0.000000
vn -0.921946 -0.387319 0.000000
vn -0.954989 -0.296641 0.000000
vn -0.979138 -0.203197 0.000000
vn -0.994166 -0.107862 0.000000
vn -0.999934 -0.011525 0.000000
vn -0.996388 0.084919 0.000000
vn -0.983553 0.180618 0.000000
vn -0.961106 0.276179 0.000000
vn -0.928575 0.371145 0.000000
vn -0.885690 0.464277 0.000000
vn -0.832882 0.553450 0.000000
vn -0.771128 0.636681 0.000000
vn -0.701094 0.713069 0.000000
vn -0.623531 0.781799 0.000000
vn -0.539269 0.842133 0.000000
vn -0.449222 0.893420 0.000000
vn -0.354349 0.935113 0.000000
vn -0.255672 0.966764 0.000000
vn -0.154253 0.988031 0.000000
vn -0.051179 0.998690 0.000000
vn 0.052447 0.998624 -0.000000
vn 0.155501 0.987836 -0.000000
vn 0.256889 0.966441 -0.000000
vn 0.355514 0.934671 -0.000000
vn 0.450321 0.892867 -0.000000
vn 0.540293 0.841477 -0.000000
vn 0.624463 0.781055 -0.000000
vn 0.701945 0.712231 -0.000000
vn 0.771902 0.635741 -0.000000
vn 0.833561 0.552428 -0.000000
vn 0.886258 0.463192 -0.000000
vn 0.929435 0.368986 -0.000000
vn 0.962632 0.270813 -0.000000
vn 0.985492 0.169720 -0.000000
vn 0.996367 0.085158 -0.000000
vn 1.000000 0.000000 -0.000000
vn 1.000000 0.000000 -0.000000
vn 0.986558 0.163413 -0.000000
vn 0.946592 0.322433 -0.000000
vn 0.891953 0.452128 -0.000000
vn 0.829670 0.558255 -0.000000
vn 0.754826 0.655925 -0.000000
vn 0.668556 0.743662 -0.000000
vn 0.572160 0.820142 -0.000000
vn 0.467099 0.884205 -0.000000
vn 0.354982 0.934873 -0.000000
vn 0.237491 0.971390 -0.000000
vn 0.116406 0.993202 -0.000000
vn -0.006442 0.999979 0.000000
vn -0.129192 0.991620 0.000000
vn -0.249986 0.968249 0.000000
vn -0.366996 0.930222 0.000000
vn -0.478455 0.878112 0.000000
vn -0.582685 0.812698 0.000000
vn -0.678088 0.734981 0.000000
vn -0.763220 0.646139 0.000000
vn -0.836800 0.547508 0.000000
vn -0.897711 0.440585 0.000000
vn -0.945023 0.327004 0.000000
vn -0.978030 0.208465 0.000000
vn -0.996228 0.086775 0.000000
vn -0.999344 -0.036229 0.000000
vn -0.987329 -0.158689 0.000000
vn -0.960367 -0.278739 0.000000
vn -0.918865 -0.394572 0.000000
vn -0.863453 -0.504429 0.000000
vn -0.794970 -0.606649 0.000000
vn -0.714449 -0.699688 0.000000
vn -0.623117 -0.782128 0.000000
vn -0.522355 -0.852728 0.000000
vn -0.413686 -0.910420 0.000000
vn -0.298754 -0.954330 0.000000
vn -0.179302 -0.983794 0.000000
vn -0.090017 -0.995940 0.000000
vn 1.000000 0.000000 -0.000000
vn 1.000000 -0.000000 0.000000
vn 0.986558 -0.163413 0.000000
vn 0.946594 -0.322428 0.000000
vn 0.884040 -0.467410 0.000000
vn 0.802948 -0.596049 0.000000
vn 0.703291 -0.710902 0.000000
vn 0.589657 -0.807653 0.000000
vn 0.465347 -0.885128 0.000000
vn 0.331056 -0.943611 0.000000
vn 0.195340 -0.980736 0.000000
vn 0.061306 -0.998119 0.000000
vn -0.073845 -0.997270 0.000000
vn -0.207642 -0.978205 0.000000
vn -0.337646 -0.941273 0.000000
vn -0.461482 -0.887150 0.000000
vn -0.576887 -0.816824 0.000000
vn -0.681753 -0.731582 0.000000
vn -0.774166 -0.632983 0.000000
vn -0.835774 -0.549073 0.000000
vn -0.887077 -0.461622 0.000000
vn -0.929260 -0.369426 0.000000
vn -0.961890 -0.273437 0.000000
vn -0.984633 -0.174637 0.000000
vn -0.997255 -0.074043 0.000000
vn -0.999627 0.027306 0.000000
vn -0.991726 0.128373 0.000000
vn -0.973634 0.228117 0.000000
vn -0.945537 0.325516 0.000000
vn -0.907724 0.419568 0.000000
vn -0.860586 0.509305 0.000000
vn -0.804607 0.593808 0.000000
vn -0.740363 0.672207 0.000000
vn -0.668514 0.743699 0.000000
vn -0.589800 0.807549 0.000000
vn -0.505030 0.863102 0.000000
vn -0.415075 0.909787 0.000000
vn -0.320859 0.947127 0.000000
vn -0.223351 0.974738 0.000000
vn -0.123552 0.992338 0.000000
vn -0.022487 0.999747 0.000000
vn 0.078809 0.996890 -0.000000
vn 0.179291 0.983796 -0.000000
vn 0.277929 0.960602 -0.000000
vn 0.373710 0.927546 -0.000000
vn 0.465648 0.884970 -0.000000
vn 0.552802 0.833313 -0.000000
vn 0.634277 0.773106 -0.000000
vn 0.709240 0.704967 -0.000000
vn 0.776920 0.629599 -0.000000
vn 0.836626 0.547775 -0.000000
vn 0.887744 0.460337 -0.000000
vn 0.929753 0.368183 -0.000000
vn 0.962064 0.272822 -0.000000
vn 0.984249 0.176788 -0.000000
vn 0.996055 0.088739 -0.000000
vn 1.000000 -0.000000 0.000000
vn 1.000000 0.000000 -0.000000
vn 0.984808 0.173648 -0.000000
vn 0.939693 0.342020 -0.000000
vn 0.866025 0.500000 -0.000000
vn 0.766044 0.642788 -0.000000
vn 0.642788 0.766044 -0.000000
vn 0.500000 0.866025 -0.000000
vn 0.342020 0.939693 -0.000000
vn 0.173648 0.984808 -0.000000
vn 0.000000 1.000000 -0.000000
vn -0.173648 0.984808 0.000000
vn -0.342020 0.939693 0.000000
vn -0.500000 0.866025 0.000000
vn -0.642788 0.766044 0.000000
vn -0.766044 0.642788 0.000000
vn -0.866025 0.500000 0.000000
vn -0.939693 0.342020 0.000000
vn -0.984808 0.173648 0.000000
vn -1.000000 0.000000 0.000000
vn -0.984808 -0.173648 0.000000
vn -0.939693 -0.342020 0.000000
vn -0.866025 -0.500000 0.000000
vn -0.766044 -0.642788 0.000000
vn -0.642788 -0.766044 0.000000
vn -0.500000 -0.866025 0.000000
vn -0.342020 -0.939693 0.000000
vn -0.173648 -0.984808 0.000000
vn -0.000000 -1.000000 0.000000
vn 0.173648 -0.984808 0.000000
vn 0.342020 -0.939693 0.000000
vn 0.500000 -0.866025 0.000000
vn 0.642788 -0.766044 0.000000
vn 0.766044 -0.642788 0.000000
vn 0.866025 -0.500000 0.000000
vn 0.939693 -0.342020 0.000000
vn 0.984808 -0.173648 0.000000
vt 4.712389 5.250000
vt 4.704597 5.269231
vt 4.683756 5.292163
vt 4.547788 5.340889
vt 4.407959 5.354992
vt 4.311525 5.357320
vt 4.215046 5.356012
vt 4.118541 5.352053
vt 4.022020 5.346042
vt 3.925490 5.338375
vt 3.828953 5.329330
vt 3.732411 5.319115
vt 3.635864 5.307884
vt 3.539315 5.295763
vt 3.442766 5.282847
vt 3.346215 5.269218
vt 3.249665 5.254942
vt 3.153118 5.240073
vt 3.056571 5.224658
vt 2.959978 5.208731
vt 2.861776 5.192059
vt 2.761350 5.174540
vt 2.658775 5.156186
vt 2.555092 5.137192
vt 2.451407 5.117780
vt 2.347726 5.097972
vt 2.244047 5.077787
vt 2.140366 5.057242
vt 2.036690 5.036356
vt 1.933014 5.015144
vt 1.829339 4.993618
vt 1.725668 4.971793
vt 1.621997 4.949677
vt 1.518326 4.927279
vt 1.414661 4.904611
vt 1.310995 4.881680
vt 1.207332 4.858495
vt 1.103672 4.835062
vt 1.000011 4.811387
vt 0.896353 4.787478
vt 0.792671 4.763334
vt 0.688968 4.738960
vt 0.585274 4.714367
vt 0.481594 4.689563
vt 0.377918 4.664548
vt 0.274237 4.639325
vt 0.170545 4.613894
vt 0.085261 4.592828
vt 0.000000 4.571633
vt 0.000000 3.937500
vt 0.164149 3.983219
vt 0.328298 4.028938
vt 0.469150 4.068168
vt 0.592281 4.102463
vt 0.715408 4.136756
vt 0.838531 4.171049
vt 0.961659 4.205342
vt 1.084789 4.239637
vt 1.207902 4.273926
vt 1.331014 4.308216
vt 1.454126 4.342505
vt 1.577238 4.376794
vt 1.700350 4.411084
vt 1.823462 4.445373
vt 1.946574 4.479662
vt 2.069690 4.513953
vt 2.192825 4.548248
vt 2.315954 4.582542
vt 2.439078 4.616835
vt 2.562209 4.651129
vt 2.685342 4.685425
vt 2.808461 4.719716
vt 2.931588 4.754009
vt 3.054708 4.788301
vt 3.177829 4.822593
vt 3.300956 4.856886
vt 3.424073 4.891177
vt 3.547195 4.925469
vt 3.670313 4.959760
vt 3.793431 4.994051
vt 3.916553 5.028343
vt 4.039667 5.062633
vt 4.162779 5.096922
vt 4.285890 5.131211
vt 4.409002 5.165500
vt 4.532112 5.199789
vt 4.622251 5.224895
vt 0.000000 2.635049
vt 6.283185 4.571633
vt 6.119036 4.530454
vt 5.954892 4.488793
vt 5.796826 4.448226
vt 5.644613 4.408752
vt 5.492406 4.368883
vt 5.343024 4.329374
vt 5.196415 4.290235
vt 5.049812 4.250737
vt 4.908993 4.212459
vt 4.773733 4.175383
vt 4.638477 4.138008
vt 4.503225 4.100331
vt 4.367974 4.062350
vt 4.232724 4.024067
vt 4.097476 3.985481
vt 3.962233 3.946587
vt 3.826993 3.907383
vt 3.722848 3.876981
vt 3.621416 3.847193
vt 3.519984 3.817227
vt 3.418557 3.787083
vt 3.317130 3.756757
vt 3.215703 3.726247
vt 3.114283 3.695554
vt 3.012865 3.664671
vt 2.911449 3.633599
vt 2.810035 3.602332
vt 2.708623 3.570870
vt 2.607215 3.539209
vt 2.505810 3.507344
vt 2.404407 3.475273
vt 2.303005 3.442990
vt 2.201608 3.410492
vt 2.100214 3.377773
vt 1.998822 3.344827
vt 1.897433 3.311650
vt 1.796047 3.278234
vt 1.694665 3.244573
vt 1.593285 3.210660
vt 1.491905 3.176485
vt 1.390530 3.142041
vt 1.289159 3.107318
vt 1.187791 3.072305
vt 1.086430 3.036993
vt 0.985074 3.001368
vt 0.883723 2.965417
vt 0.782377 2.929124
vt 0.681037 2.892472
vt 0.579702 2.855441
vt 0.478375 2.818010
vt 0.377054 2.780155
vt 0.276325 2.742074
vt 0.177722 2.704336
vt 0.088856 2.669903
vt 6.283185 7.000000
vt 0.000000 7.000000
vt 0.174533 7.000000
vt 0.349066 7.000000
vt 0.523599 7.000000
vt 0.698132 7.000000
vt 0.872665 7.000000
vt 1.047198 7.000000
vt 1.221730 7.000000
vt 1.396263 7.000000
vt 1.570796 7.000000
vt 1.745329 7.000000
vt 1.919862 7.000000
vt 2.094395 7.000000
vt 2.268928 7.000000
vt 2.443461 7.000000
vt 2.617994 7.000000
vt 2.792527 7.000000
vt 2.967060 7.000000
vt 3.141593 7.000000
vt 3.316126 7.000000
vt 3.490659 7.000000
vt 3.665191 7.000000
vt 3.839724 7.000000
vt 4.014257 7.000000
vt 4.188790 7.000000
vt 4.363323 7.000000
vt 4.537856 7.000000
vt 4.712389 7.000000
vt 4.886922 7.000000
vt 5.061455 7.000000
vt 5.235988 7.000000
vt 5.410521 7.000000
vt 5.585053 7.000000
vt 5.759586 7.000000
vt 5.934119 7.000000
vt 6.108653 7.000000
f 1546/1546/1546 1584/1584/1584 1639/1639/1639
f 1547/1547/1547 1639/1639/1639 1638/1638/1638
f 1637/1637/1637 1547/1547/1547 1638/1638/1638
f 1641/1641/1641 1545/1545/1545 1544/1544/1544
f 1548/1548/1548 1637/1637/1637 1636/1636/1636
f 1642/1642/1642 1641/1641/1641 1544/1544/1544
f 1642/1642/1642 1543/1543/1543 1542/1542/1542
f 1642/1642/1642 1544/1544/1544 1543/1543/1543
f 1549/1549/1549 1548/1548/1548 1636/1636/1636
f 1549/1549/1549 1636/1636/1636 1635/1635/1635
f 1634/1634/1634 1549/1549/1549 1635/1635/1635
f 1643/1643/1643 1541/1541/1541 1540/1540/1540
f 1643/1643/1643 1542/1542/1542 1541/1541/1541
f 1643/1643/1643 1642/1642/1642 1542/1542/1542
f 1550/1550/1550 1549/1549/1549 1634/1634/1634
f 1550/1550/1550 1634/1634/1634 1633/1633/1633
f 1551/1551/1551 1550/1550/1550 1633/1633/1633
f 1551/1551/1551 1633/1633/1633 1632/1632/1632
f 1644/1644/1644 1643/1643/1643 1540/1540/1540
f 1644/1644/1644 1540/1540/1540 1539/1539/1539
f 1552/1552/1552 1632/1632/1632 1631/1631/1631
f 1552/1552/1552 1551/1551/1551 1632/1632/1632
f 1645/1645/1645 1644/1644/1644 1539/1539/1539
f 1645/1645/1645 1538/1538/1538 1537/1537/1537
f 1645/1645/1645 1539/1539/1539 1538/1538/1538
f 1553/1553/1553 1631/1631/1631 1630/1630/1630
f 1553/1553/1553 1552/1552/1552 1631/1631/1631
f 1554/1554/1554 1630/1630/1630 1629/1629/1629
f 1554/1554/1554 1553/1553/1553 1630/1630/1630
f 1646/1646/1646 1536/1536/1536 1535/1535/1535
f 1646/1646/1646 1537/1537/1537 1536/1536/1536
f 1646/1646/1646 1645/1645/1645 1537/1537/1537
f 1628/1628/1628 1554/1554/1554 1629/1629/1629
f 1555/1555/1555 1628/1628/1628 1627/1627/1627
f 1555/1555/1555 1554/1554/1554 1628/1628/1628
f 1647/1647/1647 1535/1535/1535 1534/1534/1534
f 1647/1647/1647 1646/1646/1646 1535/1535/1535
f 1556/1556/1556 1627/1627/1627 1626/1626/1626
f 1556/1556/1556 1555/1555/1555 1627/1627/1627
f 1648/1648/1648 1533/1533/1533 1532/1532/1532
f 1648/1648/1648 1534/1534/1534 1533/1533/1533
f 1648/1648/1648 1647/1647/1647 1534/1534/1534
f 1557/1557/1557 1626/1626/1626 1625/1625/1625
f 1557/1557/1557 1556/1556/1556 1626/1626/1626
f 1558/1558/1558 1625/1625/1625 1624/1624/1624
f 1558/1558/1558 1557/1557/1557 1625/1625/1625
f 1649/1649/1649 1531/1531/1531 1530/1530/1530
f 1649/1649/1649 1532/1532/1532 1531/1531/1531
f 1649/1649/1649 1648/1648/1648 1532/1532/1532
f 1559/1559/1559 1624/1624/1624 1623/1623/1623
f 1559/1559/1559 1558/1558/1558 1624/1624/1624
f 1622/1622/1622 1559/1559/1559 1623/1623/1623
f 1650/1650/1650 1530/1530/1530 1529/1529/1529
f 1650/1650/1650 1649/1649/1649 1530/1530/1530
f 1560/1560/1560 1559/1559/1559 1622/1622/1622
f 1560/1560/1560 1622/1622/1622 1621/1621/1621
f 1561/1561/1561 1560/1560/1560 1621/1621/1621
f 1561/1561/1561 1621/1621/1621 1620/1620/1620
f 1651/1651/1651 1650/1650/1650 1529/1529/1529
f 1651/1651/1651 1528/1528/1528 1527/1527/1527
f 1651/1651/1651 1529/1529/1529 1528/1528/1528
f 1562/1562/1562 1561/1561/1561 1620/1620/1620
f 1562/1562/1562 1620/1620/1620 1619/1619/1619
f 1652/1652/1652 1651/1651/1651 1527/1527/1527
f 1652/1652/1652 1526/1526/1526 1525/1525/1525
f 1652/1652/1652 1527/1527/1527 1526/1526/1526
f 1563/1563/1563 1562/1562/1562 1619/1619/1619
f 1563/1563/1563 1619/1619/1619 1618/1618/1618
f 1617/1617/1617 1563/1563/1563 1618/1618/1618
f 1653/1653/1653 1525/1525/1525 1524/1524/1524
f 1653/1653/1653 1652/1652/1652 1525/1525/1525
f 1564/1564/1564 1617/1617/1617 1616/1616/1616
f 1564/1564/1564 1563/1563/1563 1617/1617/1617
f 1565/1565/1565 1616/1616/1616 1615/1615/1615
f 1565/1565/1565 1564/1564/1564 1616/1616/1616
f 1654/1654/1654 1523/1523/1523 1522/1522/1522
f 1654/1654/1654 1524/1524/1524 1523/1523/1523
f 1654/1654/1654 1653/1653/1653 1524/1524/1524
f 1566/1566/1566 1615/1615/1615 1614/1614/1614
f 1566/1566/1566 1565/1565/1565 1615/1615/1615
f 1655/1655/1655 1521/1521/1521 1520/1520/1520
f 1655/1655/1655 1522/1522/1522 1521/1521/1521
f 1655/1655/1655 1654/1654/1654 1522/1522/1522
f 1567/1567/1567 1614/1614/1614 1613/1613/1613
f 1567/1567/1567 1566/1566/1566 1614/1614/1614
f 1656/1656/1656 1520/1520/1520 1519/1519/1519
f 1656/1656/1656 1655/1655/1655 1520/1520/1520
f 1568/1568/1568 1613/1613/1613 1612/1612/1612
f 1568/1568/1568 1567/1567/1567 1613/1613/1613
f 1611/1611/1611 1568/1568/1568 1612/1612/1612
f 1569/1569/1569 1611/1611/1611 1610/1610/1610
f 1657/1657/1657 1518/1518/1518 1517/1517/1517
f 1657/1657/1657 1519/1519/1519 1518/1518/1518
f 1657/1657/1657 1656/1656/1656 1519/1519/1519
f 1570/1570/1570 1610/1610/1610 1609/1609/1609
f 1570/1570/1570 1569/1569/1569 1610/1610/1610
f 1658/1658/1658 1516/1516/1516 1515/1515/1515
f 1658/1658/1658 1517/1517/1517 1516/1516/1516
f 1658/1658/1658 1657/1657/1657 1517/1517/1517
f 1571/1571/1571 1609/1609/1609 1608/1608/1608
f 1571/1571/1571 1570/1570/1570 1609/1609/1609
f 1572/1572/1572 1608/1608/1608 1607/1607/1607
f 1659/1659/1659 1514/1514/1514 1513/1513/1513
f 1659/1659/1659 1515/1515/1515 1514/1514/1514
f 1659/1659/1659 1658/1658/1658 1515/1515/1515
f 1573/1573/1573 1607/1607/1607 1606/1606/1606
f 1605/1605/1605 1573/1573/1573 1606/1606/1606
f 1660/1660/1660 1659/1659/1659 1513/1513/1513
f 1660/1660/1660 1512/1512/1512 1511/1511/1511
f 1660/1660/1660 1513/1513/1513 1512/1512/1512
f 1574/1574/1574 1605/1605/1605 1604/1604/1604
f 1574/1574/1574 1573/1573/1573 1605/1605/1605
f 1661/1661/1661 1511/1511/1511 1510/1510/1510
f 1661/1661/1661 1660/1660/1660 1511/1511/1511
f 1575/1575/1575 1604/1604/1604 1603/1603/1603
f 1576/1576/1576 1603/1603/1603 1602/1602/1602
f 1662/1662/1662 1509/1509/1509 1508/1508/1508
f 1662/1662/1662 1510/1510/1510 1509/1509/1509
f 1662/1662/1662 1661/1661/1661 1510/1510/1510
f 1577/1577/1577 1602/1602/1602 1601/1601/1601
f 1663/1663/1663 1507/1507/1507 1506/1506/1506
f 1663/1663/1663 1508/1508/1508 1507/1507/1507
f 1663/1663/1663 1662/1662/1662 1508/1508/1508
f 1578/1578/1578 1601/1601/1601 1600/1600/1600
f 1579/1579/1579 1600/1600/1600 1599/1599/1599
f 1664/1664/1664 1505/1505/1505 1504/1504/1504
f 1664/1664/1664 1506/1506/1506 1505/1505/1505
f 1664/1664/1664 1663/1663/1663 1506/1506/1506
f 1580/1580/1580 1599/1599/1599 1598/1598/1598
f 1665/1665/1665 1503/1503/1503 1502/1502/1502
f 1665/1665/1665 1504/1504/1504 1503/1503/1503
f 1665/1665/1665 1664/1664/1664 1504/1504/1504
f 1597/1597/1597 1581/1581/1581 1598/1598/1598
f 1666/1666/1666 1502/1502/1502 1501/1501/1501
f 1666/1666/1666 1665/1665/1665 1502/1502/1502
f 1582/1582/1582 1581/1581/1581 1597/1597/1597
f 1596/1596/1596 1582/1582/1582 1597/1597/1597
f 1583/1583/1583 1582/1582/1582 1596/1596/1596
f 1667/1667/1667 1666/1666/1666 1501/1501/1501
f 1497/1497/1497 1596/1596/1596 1595/1595/1595
f 1668/1668/1668 1498/1498/1498 1497/1497/1497
f 1668/1668/1668 1499/1499/1499 1498/1498/1498
f 1669/1669/1669 1668/1668/1668 1497/1497/1497
f 1669/1669/1669 1497/1497/1497 1595/1595/1595
f 1669/1669/1669 1595/1595/1595 1594/1594/1594
f 1670/1670/1670 1669/1669/1669 1594/1594/1594
f 1670/1670/1670 1593/1593/1593 1592/1592/1592
f 1670/1670/1670 1594/1594/1594 1593/1593/1593
f 1671/1671/1671 1670/1670/1670 1592/1592/1592
f 1671/1671/1671 1592/1592/1592 1591/1591/1591
f 1672/1672/1672 1671/1671/1671 1591/1591/1591
f 1672/1672/1672 1591/1591/1591 1590/1590/1590
f 1673/1673/1673 1672/1672/1672 1590/1590/1590
f 1673/1673/1673 1590/1590/1590 1589/1589/1589
f 1674/1674/1674 1673/1673/1673 1589/1589/1589
f 1674/1674/1674 1589/1589/1589 1588/1588/1588
f 1675/1675/1675 1674/1674/1674 1588/1588/1588
f 1675/1675/1675 1588/1588/1588 1587/1587/1587
f 1676/1676/1676 1675/1675/1675 1587/1587/1587
f 1676/1676/1676 1587/1587/1587 1586/1586/1586
f 1640/1640/1640 1676/1676/1676 1586/1586/1586
f 1640/1640/1640 1586/1586/1586 1585/1585/1585
f 1500/1500/1500 1499/1499/1499 1667/1667/1667
f 1667/1667/1667 1499/1499/1499 1668/1668/1668
f 1501/1501/1501 1500/1500/1500 1667/1667/1667
f 1547/1547/1547 1546/1546/1546 1639/1639/1639
f 1548/1548/1548 1547/1547/1547 1637/1637/1637
f 1569/1569/1569 1568/1568/1568 1611/1611/1611
f 1572/1572/1572 1571/1571/1571 1608/1608/1608
f 1573/1573/1573 1572/1572/1572 1607/1607/1607
f 1575/1575/1575 1574/1574/1574 1604/1604/1604
f 1576/1576/1576 1575/1575/1575 1603/1603/1603
f 1577/1577/1577 1576/1576/1576 1602/1602/1602
f 1578/1578/1578 1577/1577/1577 1601/1601/1601
f 1579/1579/1579 1578/1578/1578 1600/1600/1600
f 1580/1580/1580 1579/1579/1579 1599/1599/1599
f 1581/1581/1581 1580/1580/1580 1598/1598/1598
f 1497/1497/1497 1583/1583/1583 1596/1596/1596
v -0.000000 -7.500000 71.750000
v -0.000000 -7.875000 71.750000
v 7.500000 -0.000000 72.635048
v 7.399190 -1.225554 72.569435
v 7.099559 -2.417905 72.502037
v 6.609299 -3.545019 72.432518
v 5.941798 -4.576575 72.360458
v 5.115250 -5.484908 72.285187
v 4.152195 -6.245740 72.205696
v 3.178182 -6.793317 72.128098
v 2.230185 -7.160745 72.050865
v 1.244187 -7.396080 71.962532
v 0.249889 -7.495836 71.843361
v 0.109730 -7.499197 71.816055
v 0.023428 -7.499963 71.790947
v 7.500000 -0.000000 74.571632
v 7.399183 -1.225598 74.530457
v 7.099456 -2.418207 74.488792
v 6.630303 -3.505578 74.448227
v 6.022109 -4.470370 74.408752
v 5.274685 -5.331763 74.368881
v 4.422431 -6.057401 74.329376
v 3.490101 -6.638463 74.290237
v 2.482922 -7.077083 74.250740
v 1.465050 -7.355517 74.212456
v 0.459792 -7.485893 74.175385
v -0.553835 -7.479523 74.138008
v -1.557315 -7.336536 74.100334
v -2.532345 -7.059549 74.062347
v -3.461113 -6.653623 74.024071
v -4.326653 -6.126179 73.985481
v -5.113147 -5.486868 73.946587
v -5.806243 -4.747373 73.907387
v -6.268306 -4.118050 73.876984
v -6.653074 -3.462168 73.847191
v -6.969450 -2.770697 73.817230
v -7.214175 -2.050775 73.787086
v -7.384746 -1.309780 73.756760
v -7.479413 -0.555321 73.726250
v -7.497203 0.204794 73.695557
v -7.437945 0.962796 73.664673
v -7.302253 1.710879 73.633598
v -7.091524 2.441369 73.602333
v -6.807930 3.146759 73.570869
v -6.454395 3.819789 73.539207
v -6.034553 4.453557 73.507347
v -5.552722 5.041555 73.475273
v -5.013856 5.577745 73.442993
v -4.423503 6.056618 73.410492
v -3.787728 6.473262 73.377769
v -3.113063 6.823404 73.344826
v -2.406445 7.103452 73.311653
v -1.675134 7.310535 73.278236
v -0.926643 7.442535 73.244576
v -0.168654 7.498104 73.210663
v 0.591070 7.476673 73.176483
v 1.344686 7.378470 73.142044
v 2.084465 7.204513 73.107315
v 2.802825 6.956592 73.072304
v 3.492359 6.637276 73.036995
v 4.146014 6.249846 73.001366
v 4.757081 5.798292 72.965416
v 5.319301 5.287253 72.929123
v 5.826903 4.721992 72.892471
v 6.274693 4.108313 72.855438
v 6.658081 3.452529 72.818008
v 6.973151 2.761371 72.780151
v 7.215483 2.046168 72.742073
v 7.381868 1.325907 72.704338
v 7.470412 0.665545 72.669907
v -0.000000 -7.500000 75.250000
v -0.058442 -7.499772 75.269234
v -0.214717 -7.496926 75.292160
v -1.228940 -7.398629 75.340889
v -2.248120 -7.155135 75.354996
v -2.926604 -6.905432 75.357323
v -3.578190 -6.591400 75.356010
v -4.196656 -6.215953 75.352051
v -4.776160 -5.782586 75.346039
v -5.311255 -5.295335 75.338371
v -5.796927 -4.758743 75.329330
v -6.228636 -4.177809 75.319115
v -6.602360 -3.557927 75.307884
v -6.914592 -2.904896 75.295761
v -7.162419 -2.224804 75.282845
v -7.343534 -1.523978 75.269218
v -7.456244 -0.808968 75.254944
v -7.499502 -0.086438 75.240074
v -7.472909 0.636893 75.224655
v -7.376650 1.354635 75.208733
v -7.208296 2.071343 75.192062
v -6.964311 2.783590 75.174538
v -6.642676 3.482075 75.156189
v -6.246618 4.150875 75.137192
v -5.783457 4.775105 75.117783
v -5.258202 5.348020 75.097969
v -4.676479 5.863492 75.077789
v -4.044519 6.316000 75.057243
v -3.369164 6.700652 75.036354
v -2.657615 7.013350 75.015144
v -1.917538 7.250727 74.993622
v -1.156901 7.410235 74.971794
v -0.383840 7.490171 74.949677
v 0.393350 7.489678 74.927277
v 1.166260 7.408768 74.904610
v 1.926665 7.248308 74.881683
v 2.666358 7.010031 74.858498
v 3.377405 6.696502 74.835060
v 4.052200 6.311075 74.811386
v 4.683471 5.857909 74.787476
v 5.264591 5.341731 74.763336
v 5.789267 4.768059 74.738960
v 6.251704 4.143211 74.714371
v 6.646934 3.473942 74.689560
v 6.970761 2.767398 74.664551
v 7.219741 2.031094 74.639328
v 7.391192 1.272899 74.613892
v 7.472756 0.638687 74.592827
v -0.000000 -7.875000 75.250000
v 0.053019 -7.874821 71.773506
v 0.281899 -7.869954 71.803024
v 0.916510 -7.821485 71.856102
v 1.925304 -7.636023 71.923233
v 3.102787 -7.237978 71.994370
v 4.235412 -6.639045 72.062057
v 5.223689 -5.893107 72.124168
v 6.111149 -4.966837 72.186134
v 6.827265 -3.924800 72.245430
v 7.353189 -2.818907 72.301521
v 7.717497 -1.567124 72.360046
v 7.867763 -0.337527 72.414680
v 7.831393 0.827579 72.465347
v 7.611797 2.018950 72.517326
v 7.194430 3.202463 72.570526
v 6.571739 4.339113 72.624847
v 5.744670 5.386503 72.680176
v 4.723886 6.300834 72.736412
v 3.656738 6.974516 72.787712
v 2.595150 7.435107 72.834358
v 1.459372 7.738595 72.881401
v 0.274204 7.870225 72.928772
v -0.932404 7.819607 72.976418
v -2.130208 7.581414 73.024277
v -3.287678 7.155892 73.072289
v -4.373140 6.549143 73.120392
v -5.355957 5.773158 73.168526
v -6.207725 4.845592 73.216644
v -6.903405 3.789276 73.264679
v -7.422324 2.631488 73.312584
v -7.749011 1.403024 73.360306
v -7.873808 0.137097 73.407791
v -7.793238 -1.131853 73.454987
v -7.510095 -2.369408 73.501854
v -7.033282 -3.542392 73.548347
v -6.377387 -4.620015 73.594429
v -5.562043 -5.574882 73.640045
v -4.611101 -6.383839 73.685165
v -3.551679 -7.028599 73.729752
v -2.413121 -7.496161 73.773773
v -1.225931 -7.778991 73.817207
v -0.017888 -7.874979 73.860115
v 1.199341 -7.783134 73.903114
v 2.398452 -7.500871 73.946289
v 3.547995 -7.030462 73.989594
v 4.616683 -6.379801 74.032982
v 5.574493 -5.562430 74.076416
v 6.393768 -4.597318 74.119835
v 7.050293 -3.508417 74.163200
v 7.524277 -2.323982 74.206467
v 7.801190 -1.075679 74.249565
v 7.872397 0.202480 74.292458
v 7.735568 1.475332 74.335083
v 7.394812 2.707834 74.377388
v 6.860542 3.866339 74.419312
v 6.149060 4.919825 74.460808
v 5.281896 5.840993 74.501808
v 4.284919 6.607200 74.542259
v 3.187281 7.201171 74.582108
v 2.020241 7.611456 74.621292
v 0.815947 7.832616 74.659760
v -0.393788 7.865149 74.697456
v -1.578615 7.715153 74.734329
v -2.710667 7.393774 74.770309
v -3.765393 6.916461 74.805367
v -4.722195 6.302104 74.839439
v -5.564847 5.572085 74.872482
v -6.281694 4.749310 74.904457
v -6.865644 3.857267 74.935303
v -7.313968 2.919157 74.964996
v -7.627929 1.957116 74.993492
v -7.812320 0.991592 75.020752
v -7.874894 0.040848 75.046745
v -7.825749 -0.879371 75.071457
v -7.676716 -1.756037 75.094841
v -7.440758 -2.578903 75.116890
v -7.131413 -3.340442 75.137573
v -6.762303 -4.035698 75.156891
v -6.200066 -4.855391 75.180489
v -5.505344 -5.630882 75.204063
v -4.780540 -6.257961 75.224495
v -4.057004 -6.749543 75.241791
v -3.359824 -7.122303 75.255966
v -2.503402 -7.466499 75.270088
v -1.673209 -7.695194 75.279610
v -0.821583 -7.832025 75.282257
v -0.111317 -7.874213 75.266273
v -0.035933 -7.874917 75.258781
v -0.005184 -7.640623 71.753883
v -0.008585 -7.593743 71.758392
v -0.003509 -7.828124 71.752831
v -0.004992 -7.734370 71.760384
v -0.007611 -7.640617 71.761963
v -0.003023 -7.687493 71.765114
v -0.003567 -7.546873 71.773338
v 0.009797 -7.828115 71.765205
v -0.005164 -7.781247 71.756294
v -0.005836 -7.710934 71.755272
v -0.007465 -7.664056 71.759575
vn -0.512532 -0.000000 -0.858668
vn -0.492497 -0.000000 -0.870314
vn 0.492885 -0.045734 0.868891
vn 0.462109 -0.124593 0.878027
vn 0.417245 -0.194226 0.887797
vn 0.360201 -0.251778 0.898256
vn 0.293385 -0.294616 0.909465
vn 0.219631 -0.320324 0.921496
vn 0.142096 -0.326574 0.934429
vn 0.070905 -0.313110 0.947066
vn 0.007285 -0.282285 0.959303
vn -0.056396 -0.228262 0.971965
vn -0.161623 -0.127245 0.978615
vn -0.223455 -0.099716 0.969600
vn -0.370764 -0.073193 0.925838
vn 0.620783 -0.026053 0.783550
vn 0.611253 -0.127884 0.781035
vn 0.584736 -0.227172 0.778766
vn 0.543717 -0.317704 0.776812
vn 0.490777 -0.397866 0.775139
vn 0.425884 -0.469102 0.773670
vn 0.352044 -0.528608 0.772424
vn 0.271437 -0.575573 0.771387
vn 0.184577 -0.610091 0.770532
vn 0.097059 -0.630760 0.769884
vn 0.010939 -0.638649 0.769421
vn -0.075521 -0.634636 0.769112
vn -0.160665 -0.618785 0.768955
vn -0.242845 -0.591382 0.768956
vn -0.320486 -0.552953 0.769111
vn -0.392095 -0.504235 0.769421
vn -0.456295 -0.446172 0.769887
vn -0.511856 -0.379890 0.770511
vn -0.548084 -0.324051 0.771100
vn -0.577449 -0.266328 0.771766
vn -0.600662 -0.205948 0.772522
vn -0.617483 -0.143576 0.773369
vn -0.627744 -0.079894 0.774309
vn -0.631348 -0.015598 0.775343
vn -0.628277 0.048602 0.776470
vn -0.618584 0.112008 0.777694
vn -0.602400 0.173927 0.779015
vn -0.579926 0.233684 0.780434
vn -0.551436 0.290632 0.781954
vn -0.517271 0.344152 0.783575
vn -0.477836 0.393672 0.785299
vn -0.433596 0.438661 0.787129
vn -0.385067 0.478644 0.789065
vn -0.332817 0.513203 0.791110
vn -0.277453 0.541984 0.793267
vn -0.219618 0.564701 0.795538
vn -0.159984 0.581137 0.797925
vn -0.099238 0.591152 0.800432
vn -0.038083 0.594680 0.803060
vn 0.022778 0.591731 0.805814
vn 0.082645 0.582392 0.808696
vn 0.140830 0.566828 0.811710
vn 0.196666 0.545277 0.814859
vn 0.249517 0.518048 0.818149
vn 0.298782 0.485522 0.821582
vn 0.343905 0.448144 0.825164
vn 0.384383 0.406417 0.828900
vn 0.419769 0.360899 0.832794
vn 0.449677 0.312201 0.836852
vn 0.473794 0.260968 0.841079
vn 0.491874 0.207888 0.845483
vn 0.503749 0.153673 0.850072
vn 0.509316 0.099370 0.854823
vn 0.508737 0.046522 0.859664
vn 0.503158 -0.000268 0.864195
vn 0.512532 -0.000000 0.858668
vn 0.214960 -0.016335 0.976486
vn 0.103712 -0.049317 0.993384
vn -0.001942 -0.150021 0.988681
vn -0.056954 -0.202218 0.977683
vn -0.094523 -0.224057 0.969981
vn -0.132848 -0.237038 0.962374
vn -0.171609 -0.242243 0.954918
vn -0.210241 -0.240372 0.947639
vn -0.248108 -0.231964 0.940550
vn -0.284573 -0.217493 0.933657
vn -0.319017 -0.197414 0.926961
vn -0.350861 -0.172189 0.920460
vn -0.379569 -0.142299 0.914154
vn -0.404656 -0.108252 0.908039
vn -0.425694 -0.070577 0.902110
vn -0.442313 -0.029833 0.896364
vn -0.454205 0.013403 0.890796
vn -0.461125 0.058534 0.885403
vn -0.462893 0.104975 0.880176
vn -0.459291 0.152876 0.875032
vn -0.449929 0.201908 0.869941
vn -0.434461 0.251323 0.864917
vn -0.412873 0.299857 0.860013
vn -0.385494 0.346257 0.855278
vn -0.352600 0.389832 0.850708
vn -0.314542 0.429932 0.846299
vn -0.271740 0.465957 0.842046
vn -0.224684 0.497356 0.837946
vn -0.173916 0.523646 0.833995
vn -0.120034 0.544408 0.830188
vn -0.063678 0.559292 0.826521
vn -0.005518 0.568026 0.822992
vn 0.053744 0.570415 0.819596
vn 0.113386 0.566344 0.816332
vn 0.172688 0.555780 0.813196
vn 0.230919 0.538774 0.810185
vn 0.287365 0.515455 0.807296
vn 0.341331 0.486033 0.804528
vn 0.392144 0.450796 0.801877
vn 0.439181 0.410093 0.799340
vn 0.481845 0.364348 0.796916
vn 0.519583 0.314068 0.794603
vn 0.551908 0.259806 0.792400
vn 0.578403 0.202158 0.790305
vn 0.598718 0.141763 0.788315
vn 0.612569 0.079297 0.786429
vn 0.618970 0.026872 0.784955
vn 0.492497 -0.000000 0.870314
vn -0.183571 -0.059476 0.981206
vn -0.097944 -0.107849 0.989331
vn -0.051089 -0.176438 0.982985
vn -0.000093 -0.239800 0.970822
vn 0.064475 -0.282960 0.956962
vn 0.135038 -0.301585 0.943828
vn 0.204009 -0.299152 0.932142
vn 0.272882 -0.278140 0.920963
vn 0.335105 -0.241235 0.910774
vn 0.387460 -0.192263 0.901615
vn 0.432314 -0.128243 0.892557
vn 0.462740 -0.058558 0.884558
vn 0.479365 0.012589 0.877525
vn 0.483554 0.089884 0.870687
vn 0.473463 0.170932 0.864069
vn 0.447704 0.252812 0.857699
vn 0.405529 0.332156 0.851598
vn 0.346970 0.405299 0.845781
vn 0.280981 0.462714 0.840801
vn 0.211913 0.505277 0.836534
vn 0.135078 0.537346 0.832474
vn 0.052211 0.557362 0.828627
vn -0.034626 0.564082 0.824992
vn -0.123109 0.556652 0.821573
vn -0.210730 0.534661 0.818370
vn -0.294892 0.498185 0.815384
vn -0.373007 0.447803 0.812612
vn -0.442609 0.384591 0.810054
vn -0.501447 0.310097 0.807707
vn -0.547588 0.226284 0.805570
vn -0.579493 0.135462 0.803640
vn -0.596086 0.040202 0.801914
vn -0.596790 -0.056768 0.800387
vn -0.581552 -0.152663 0.799057
vn -0.550838 -0.244755 0.797918
vn -0.505604 -0.330468 0.796966
vn -0.447248 -0.407475 0.796199
vn -0.377549 -0.473770 0.795612
vn -0.298589 -0.527734 0.795199
vn -0.212667 -0.568172 0.794955
vn -0.122201 -0.594340 0.794875
vn -0.029423 -0.605949 0.794959
vn 0.064659 -0.602888 0.795201
vn 0.157850 -0.584881 0.795611
vn 0.247620 -0.552051 0.796194
vn 0.331444 -0.504988 0.796952
vn 0.406903 -0.444751 0.797889
vn 0.471772 -0.372844 0.799011
vn 0.524115 -0.291184 0.800322
vn 0.562365 -0.202038 0.801827
vn 0.585396 -0.107948 0.803529
vn 0.592575 -0.011640 0.805431
vn 0.583792 0.084086 0.807537
vn 0.559468 0.176460 0.809850
vn 0.520539 0.262848 0.812373
vn 0.468416 0.340860 0.815108
vn 0.404921 0.408440 0.818056
vn 0.332211 0.463935 0.821219
vn 0.252678 0.506156 0.824597
vn 0.168849 0.534409 0.828189
vn 0.083282 0.548496 0.831995
vn -0.001540 0.548707 0.836014
vn -0.083299 0.535778 0.840240
vn -0.159927 0.510836 0.844671
vn -0.229669 0.475330 0.849302
vn -0.291127 0.430947 0.854125
vn -0.343286 0.379531 0.859134
vn -0.385520 0.322998 0.864319
vn -0.417579 0.263260 0.869668
vn -0.439566 0.202146 0.875168
vn -0.451885 0.141338 0.880808
vn -0.455206 0.082351 0.886569
vn -0.450399 0.026465 0.892435
vn -0.438478 -0.025274 0.898387
vn -0.420553 -0.072062 0.904402
vn -0.397771 -0.113336 0.910457
vn -0.371273 -0.148760 0.916530
vn -0.342151 -0.178202 0.922592
vn -0.300981 -0.208250 0.930614
vn -0.253856 -0.230092 0.939476
vn -0.208208 -0.240445 0.948069
vn -0.165827 -0.240841 0.956293
vn -0.127866 -0.232945 0.964047
vn -0.085022 -0.212349 0.973488
vn -0.047159 -0.179415 0.982643
vn -0.009128 -0.126006 0.991987
vn 0.070721 -0.038114 0.996768
vn 0.145249 -0.016372 0.989260
vn -0.712951 -0.002445 -0.701210
vn -0.932805 -0.012980 -0.360147
vn -0.800430 -0.003796 -0.599414
vn -0.834878 -0.032574 0.549471
vn -0.942985 -0.031919 0.331300
vn -0.652085 -0.041803 0.756993
vn -0.632102 -0.052875 0.773079
vn -0.348871 -0.043260 0.936172
vn -0.999166 -0.018637 0.036339
vn -0.884841 -0.008069 -0.465823
vn -0.995953 -0.024161 0.086572
vt 0.000000 0.166667
vt 0.000000 1.000000
vt 0.747186 0.169930
vt 0.708842 0.169638
vt 0.668429 0.169338
vt 0.625455 0.169033
vt 0.579238 0.168715
vt 0.528764 0.168381
vt 0.472421 0.168041
vt 0.413606 0.167724
vt 0.350169 0.167421
vt 0.269401 0.167107
vt 0.138162 0.166779
vt 0.102355 0.166726
vt 0.066548 0.166693
vt 1.861179 0.173337
vt 1.833855 0.173435
vt 1.806498 0.173525
vt 1.780093 0.173605
vt 1.754585 0.173674
vt 1.728973 0.173731
vt 1.703711 0.173775
vt 1.678776 0.173809
vt 1.653677 0.173839
vt 1.629394 0.173866
vt 1.605888 0.173884
vt 1.582187 0.173887
vt 1.558330 0.173887
vt 1.534617 0.173883
vt 1.511077 0.173864
vt 1.487692 0.173839
vt 1.464446 0.173812
vt 1.441320 0.173781
vt 1.423581 0.173752
vt 1.406356 0.173718
vt 1.389173 0.173679
vt 1.372027 0.173635
vt 1.354908 0.173586
vt 1.337810 0.173534
vt 1.320727 0.173479
vt 1.303649 0.173421
vt 1.286569 0.173360
vt 1.269480 0.173296
vt 1.252373 0.173227
vt 1.235241 0.173154
vt 1.218074 0.173077
vt 1.200864 0.172995
vt 1.183602 0.172909
vt 1.166279 0.172819
vt 1.148884 0.172725
vt 1.131408 0.172628
vt 1.113840 0.172527
vt 1.096168 0.172422
vt 1.078380 0.172313
vt 1.060464 0.172200
vt 1.042405 0.172084
vt 1.024190 0.171963
vt 1.005802 0.171840
vt 0.987226 0.171714
vt 0.968443 0.171583
vt 0.949433 0.171448
vt 0.930175 0.171307
vt 0.910646 0.171161
vt 0.890818 0.171012
vt 0.870663 0.170860
vt 0.850149 0.170709
vt 0.829239 0.170556
vt 0.808018 0.170395
vt 0.786782 0.170228
vt 0.767209 0.170081
vt 3.141593 0.166667
vt 3.105873 0.166677
vt 3.058555 0.166706
vt 2.919003 0.166967
vt 2.834500 0.167242
vt 2.787904 0.167437
vt 2.746862 0.167630
vt 2.709776 0.167818
vt 2.675681 0.168003
vt 2.643940 0.168188
vt 2.614110 0.168373
vt 2.585865 0.168557
vt 2.558958 0.168738
vt 2.533198 0.168915
vt 2.508432 0.169087
vt 2.484538 0.169255
vt 2.461412 0.169423
vt 2.438970 0.169590
vt 2.417138 0.169757
vt 2.395845 0.169920
vt 2.374706 0.170079
vt 2.353566 0.170237
vt 2.332426 0.170405
vt 2.311480 0.170563
vt 2.290918 0.170713
vt 2.270706 0.170861
vt 2.250813 0.171011
vt 2.231211 0.171159
vt 2.211874 0.171305
vt 2.192780 0.171444
vt 2.173906 0.171578
vt 2.155235 0.171708
vt 2.136748 0.171833
vt 2.118428 0.171956
vt 2.100260 0.172076
vt 2.082230 0.172193
vt 2.064324 0.172306
vt 2.046530 0.172416
vt 2.028836 0.172521
vt 2.011230 0.172623
vt 1.993697 0.172720
vt 1.976227 0.172814
vt 1.958817 0.172904
vt 1.941455 0.172991
vt 1.924134 0.173074
vt 1.906840 0.173152
vt 1.889567 0.173226
vt 1.875369 0.173283
vt 3.141593 1.000000
vt 0.065828 1.000000
vt 0.129800 1.000000
vt 0.219669 1.000000
vt 0.309611 1.000000
vt 0.389099 1.000000
vt 0.455339 1.000000
vt 0.510539 1.000000
vt 0.561650 1.000000
vt 0.607650 1.000000
vt 0.649050 1.000000
vt 0.690450 1.000000
vt 0.727710 1.000000
vt 0.761244 1.000000
vt 0.794778 1.000000
vt 0.828312 1.000000
vt 0.861846 1.000000
vt 0.895380 1.000000
vt 0.928914 1.000000
vt 0.959094 1.000000
vt 0.986257 1.000000
vt 1.013419 1.000000
vt 1.040582 1.000000
vt 1.067744 1.000000
vt 1.094907 1.000000
vt 1.122069 1.000000
vt 1.149232 1.000000
vt 1.176394 1.000000
vt 1.203557 1.000000
vt 1.230719 1.000000
vt 1.257882 1.000000
vt 1.285044 1.000000
vt 1.312207 1.000000
vt 1.339369 1.000000
vt 1.366532 1.000000
vt 1.393694 1.000000
vt 1.420857 1.000000
vt 1.448020 1.000000
vt 1.475182 1.000000
vt 1.502344 1.000000
vt 1.529507 1.000000
vt 1.556669 1.000000
vt 1.583832 1.000000
vt 1.610995 1.000000
vt 1.638157 1.000000
vt 1.665320 1.000000
vt 1.692482 1.000000
vt 1.719645 1.000000
vt 1.746807 1.000000
vt 1.773970 1.000000
vt 1.801132 1.000000
vt 1.828295 1.000000
vt 1.855457 1.000000
vt 1.882620 1.000000
vt 1.909782 1.000000
vt 1.936945 1.000000
vt 1.964107 1.000000
vt 1.991270 1.000000
vt 2.018432 1.000000
vt 2.045595 1.000000
vt 2.072757 1.000000
vt 2.099920 1.000000
vt 2.127082 1.000000
vt 2.154245 1.000000
vt 2.181407 1.000000
vt 2.208570 1.000000
vt 2.235732 1.000000
vt 2.262895 1.000000
vt 2.290057 1.000000
vt 2.317220 1.000000
vt 2.344383 1.000000
vt 2.371545 1.000000
vt 2.398707 1.000000
vt 2.425870 1.000000
vt 2.453032 1.000000
vt 2.480195 1.000000
vt 2.507358 1.000000
vt 2.534520 1.000000
vt 2.561683 1.000000
vt 2.597899 1.000000
vt 2.638643 1.000000
vt 2.679387 1.000000
vt 2.720131 1.000000
vt 2.760874 1.000000
vt 2.815199 1.000000
vt 2.876315 1.000000
vt 2.957803 1.000000
vt 3.080034 1.000000
vt 3.110813 1.000000
vt 0.008228 0.479167
vt 0.016457 0.375000
vt 0.008228 0.895833
vt 0.024685 0.687500
vt 0.024685 0.479167
vt 0.032914 0.583333
vt 0.041502 0.270847
vt 0.041142 0.895833
vt 0.016457 0.791667
vt 0.012343 0.635417
vt 0.020571 0.531250
f 1690/1690/1690 1691/1691/1691 1796/1796/1796
f 1797/1797/1797 1689/1689/1689 1690/1690/1690
f 1797/1797/1797 1690/1690/1690 1796/1796/1796
f 1798/1798/1798 1689/1689/1689 1797/1797/1797
f 1688/1688/1688 1689/1689/1689 1798/1798/1798
f 1799/1799/1799 1688/1688/1688 1798/1798/1798
f 1687/1687/1687 1688/1688/1688 1799/1799/1799
f 1800/1800/1800 1687/1687/1687 1799/1799/1799
f 1686/1686/1686 1687/1687/1687 1800/1800/1800
f 1801/1801/1801 1686/1686/1686 1800/1800/1800
f 1685/1685/1685 1686/1686/1686 1801/1801/1801
f 1802/1802/1802 1685/1685/1685 1801/1801/1801
f 1684/1684/1684 1685/1685/1685 1802/1802/1802
f 1803/1803/1803 1684/1684/1684 1802/1802/1802
f 1683/1683/1683 1684/1684/1684 1803/1803/1803
f 1804/1804/1804 1683/1683/1683 1803/1803/1803
f 1682/1682/1682 1683/1683/1683 1804/1804/1804
f 1805/1805/1805 1682/1682/1682 1804/1804/1804
f 1681/1681/1681 1682/1682/1682 1805/1805/1805
f 1806/1806/1806 1681/1681/1681 1805/1805/1805
f 1680/1680/1680 1681/1681/1681 1806/1806/1806
f 1807/1807/1807 1680/1680/1680 1806/1806/1806
f 1679/1679/1679 1680/1680/1680 1807/1807/1807
f 1808/1808/1808 1679/1679/1679 1807/1807/1807
f 1808/1808/1808 1746/1746/1746 1679/1679/1679
f 1745/1745/1745 1746/1746/1746 1808/1808/1808
f 1809/1809/1809 1744/1744/1744 1745/1745/1745
f 1809/1809/1809 1745/1745/1745 1808/1808/1808
f 1810/1810/1810 1743/1743/1743 1744/1744/1744
f 1810/1810/1810 1744/1744/1744 1809/1809/1809
f 1742/1742/1742 1743/1743/1743 1810/1810/1810
f 1811/1811/1811 1741/1741/1741 1742/1742/1742
f 1811/1811/1811 1742/1742/1742 1810/1810/1810
f 1812/1812/1812 1739/1739/1739 1740/1740/1740
f 1812/1812/1812 1740/1740/1740 1741/1741/1741
f 1812/1812/1812 1741/1741/1741 1811/1811/1811
f 1813/1813/1813 1738/1738/1738 1739/1739/1739
f 1813/1813/1813 1739/1739/1739 1812/1812/1812
f 1737/1737/1737 1738/1738/1738 1813/1813/1813
f 1814/1814/1814 1736/1736/1736 1737/1737/1737
f 1814/1814/1814 1737/1737/1737 1813/1813/1813
f 1815/1815/1815 1735/1735/1735 1736/1736/1736
f 1815/1815/1815 1736/1736/1736 1814/1814/1814
f 1734/1734/1734 1735/1735/1735 1815/1815/1815
f 1816/1816/1816 1734/1734/1734 1815/1815/1815
f 1816/1816/1816 1733/1733/1733 1734/1734/1734
f 1817/1817/1817 1733/1733/1733 1816/1816/1816
f 1817/1817/1817 1732/1732/1732 1733/1733/1733
f 1731/1731/1731 1732/1732/1732 1817/1817/1817
f 1818/1818/1818 1731/1731/1731 1817/1817/1817
f 1818/1818/1818 1730/1730/1730 1731/1731/1731
f 1819/1819/1819 1730/1730/1730 1818/1818/1818
f 1819/1819/1819 1729/1729/1729 1730/1730/1730
f 1728/1728/1728 1729/1729/1729 1819/1819/1819
f 1820/1820/1820 1728/1728/1728 1819/1819/1819
f 1820/1820/1820 1727/1727/1727 1728/1728/1728
f 1821/1821/1821 1727/1727/1727 1820/1820/1820
f 1821/1821/1821 1726/1726/1726 1727/1727/1727
f 1725/1725/1725 1726/1726/1726 1821/1821/1821
f 1822/1822/1822 1725/1725/1725 1821/1821/1821
f 1822/1822/1822 1724/1724/1724 1725/1725/1725
f 1823/1823/1823 1724/1724/1724 1822/1822/1822
f 1823/1823/1823 1722/1722/1722 1723/1723/1723
f 1823/1823/1823 1723/1723/1723 1724/1724/1724
f 1824/1824/1824 1722/1722/1722 1823/1823/1823
f 1824/1824/1824 1721/1721/1721 1722/1722/1722
f 1720/1720/1720 1721/1721/1721 1824/1824/1824
f 1825/1825/1825 1719/1719/1719 1720/1720/1720
f 1825/1825/1825 1720/1720/1720 1824/1824/1824
f 1826/1826/1826 1718/1718/1718 1719/1719/1719
f 1826/1826/1826 1719/1719/1719 1825/1825/1825
f 1717/1717/1717 1718/1718/1718 1826/1826/1826
f 1827/1827/1827 1716/1716/1716 1717/1717/1717
f 1827/1827/1827 1717/1717/1717 1826/1826/1826
f 1828/1828/1828 1714/1714/1714 1715/1715/1715
f 1828/1828/1828 1715/1715/1715 1716/1716/1716
f 1828/1828/1828 1716/1716/1716 1827/1827/1827
f 1829/1829/1829 1713/1713/1713 1714/1714/1714
f 1829/1829/1829 1714/1714/1714 1828/1828/1828
f 1830/1830/1830 1711/1711/1711 1712/1712/1712
f 1830/1830/1830 1712/1712/1712 1713/1713/1713
f 1830/1830/1830 1713/1713/1713 1829/1829/1829
f 1831/1831/1831 1710/1710/1710 1711/1711/1711
f 1831/1831/1831 1711/1711/1711 1830/1830/1830
f 1709/1709/1709 1710/1710/1710 1831/1831/1831
f 1832/1832/1832 1709/1709/1709 1831/1831/1831
f 1708/1708/1708 1709/1709/1709 1832/1832/1832
f 1833/1833/1833 1707/1707/1707 1708/1708/1708
f 1833/1833/1833 1708/1708/1708 1832/1832/1832
f 1834/1834/1834 1706/1706/1706 1707/1707/1707
f 1834/1834/1834 1707/1707/1707 1833/1833/1833
f 1835/1835/1835 1705/1705/1705 1706/1706/1706
f 1835/1835/1835 1706/1706/1706 1834/1834/1834
f 1836/1836/1836 1704/1704/1704 1705/1705/1705
f 1836/1836/1836 1705/1705/1705 1835/1835/1835
f 1837/1837/1837 1703/1703/1703 1704/1704/1704
f 1837/1837/1837 1704/1704/1704 1836/1836/1836
f 1702/1702/1702 1703/1703/1703 1837/1837/1837
f 1838/1838/1838 1702/1702/1702 1837/1837/1837
f 1701/1701/1701 1702/1702/1702 1838/1838/1838
f 1839/1839/1839 1701/1701/1701 1838/1838/1838
f 1839/1839/1839 1700/1700/1700 1701/1701/1701
f 1840/1840/1840 1700/1700/1700 1839/1839/1839
f 1840/1840/1840 1699/1699/1699 1700/1700/1700
f 1841/1841/1841 1698/1698/1698 1699/1699/1699
f 1841/1841/1841 1699/1699/1699 1840/1840/1840
f 1842/1842/1842 1697/1697/1697 1698/1698/1698
f 1842/1842/1842 1698/1698/1698 1841/1841/1841
f 1843/1843/1843 1696/1696/1696 1697/1697/1697
f 1843/1843/1843 1697/1697/1697 1842/1842/1842
f 1844/1844/1844 1695/1695/1695 1696/1696/1696
f 1844/1844/1844 1696/1696/1696 1843/1843/1843
f 1845/1845/1845 1694/1694/1694 1695/1695/1695
f 1845/1845/1845 1695/1695/1695 1844/1844/1844
f 1846/1846/1846 1693/1693/1693 1694/1694/1694
f 1846/1846/1846 1694/1694/1694 1845/1845/1845
f 1847/1847/1847 1692/1692/1692 1693/1693/1693
f 1847/1847/1847 1693/1693/1693 1846/1846/1846
f 1794/1794/1794 1692/1692/1692 1847/1847/1847
f 1848/1848/1848 1793/1793/1793 1794/1794/1794
f 1848/1848/1848 1794/1794/1794 1847/1847/1847
f 1849/1849/1849 1791/1791/1791 1792/1792/1792
f 1849/1849/1849 1792/1792/1792 1793/1793/1793
f 1849/1849/1849 1793/1793/1793 1848/1848/1848
f 1850/1850/1850 1790/1790/1790 1791/1791/1791
f 1850/1850/1850 1791/1791/1791 1849/1849/1849
f 1789/1789/1789 1790/1790/1790 1850/1850/1850
f 1851/1851/1851 1788/1788/1788 1789/1789/1789
f 1851/1851/1851 1789/1789/1789 1850/1850/1850
f 1852/1852/1852 1787/1787/1787 1788/1788/1788
f 1852/1852/1852 1788/1788/1788 1851/1851/1851
f 1786/1786/1786 1787/1787/1787 1852/1852/1852
f 1853/1853/1853 1785/1785/1785 1786/1786/1786
f 1853/1853/1853 1786/1786/1786 1852/1852/1852
f 1854/1854/1854 1784/1784/1784 1785/1785/1785
f 1854/1854/1854 1785/1785/1785 1853/1853/1853
f 1783/1783/1783 1784/1784/1784 1854/1854/1854
f 1855/1855/1855 1782/1782/1782 1783/1783/1783
f 1855/1855/1855 1783/1783/1783 1854/1854/1854
f 1856/1856/1856 1781/1781/1781 1782/1782/1782
f 1856/1856/1856 1782/1782/1782 1855/1855/1855
f 1780/1780/1780 1781/1781/1781 1856/1856/1856
f 1857/1857/1857 1779/1779/1779 1780/1780/1780
f 1857/1857/1857 1780/1780/1780 1856/1856/1856
f 1858/1858/1858 1778/1778/1778 1779/1779/1779
f 1858/1858/1858 1779/1779/1779 1857/1857/1857
f 1777/1777/1777 1778/1778/1778 1858/1858/1858
f 1859/1859/1859 1777/1777/1777 1858/1858/1858
f 1859/1859/1859 1776/1776/1776 1777/1777/1777
f 1860/1860/1860 1776/1776/1776 1859/1859/1859
f 1860/1860/1860 1775/1775/1775 1776/1776/1776
f 1774/1774/1774 1775/1775/1775 1860/1860/1860
f 1861/1861/1861 1774/1774/1774 1860/1860/1860
f 1861/1861/1861 1773/1773/1773 1774/1774/1774
f 1862/1862/1862 1773/1773/1773 1861/1861/1861
f 1862/1862/1862 1772/1772/1772 1773/1773/1773
f 1863/1863/1863 1772/1772/1772 1862/1862/1862
f 1863/1863/1863 1771/1771/1771 1772/1772/1772
f 1770/1770/1770 1771/1771/1771 1863/1863/1863
f 1864/1864/1864 1770/1770/1770 1863/1863/1863
f 1864/1864/1864 1769/1769/1769 1770/1770/1770
f 1865/1865/1865 1769/1769/1769 1864/1864/1864
f 1865/1865/1865 1768/1768/1768 1769/1769/1769
f 1866/1866/1866 1768/1768/1768 1865/1865/1865
f 1866/1866/1866 1767/1767/1767 1768/1768/1768
f 1867/1867/1867 1767/1767/1767 1866/1866/1866
f 1867/1867/1867 1766/1766/1766 1767/1767/1767
f 1765/1765/1765 1766/1766/1766 1867/1867/1867
f 1868/1868/1868 1765/1765/1765 1867/1867/1867
f 1868/1868/1868 1764/1764/1764 1765/1765/1765
f 1869/1869/1869 1764/1764/1764 1868/1868/1868
f 1869/1869/1869 1763/1763/1763 1764/1764/1764
f 1870/1870/1870 1763/1763/1763 1869/1869/1869
f 1870/1870/1870 1762/1762/1762 1763/1763/1763
f 1871/1871/1871 1762/1762/1762 1870/1870/1870
f 1871/1871/1871 1761/1761/1761 1762/1762/1762
f 1760/1760/1760 1761/1761/1761 1871/1871/1871
f 1872/1872/1872 1760/1760/1760 1871/1871/1871
f 1759/1759/1759 1760/1760/1760 1872/1872/1872
f 1873/1873/1873 1759/1759/1759 1872/1872/1872
f 1758/1758/1758 1759/1759/1759 1873/1873/1873
f 1874/1874/1874 1758/1758/1758 1873/1873/1873
f 1757/1757/1757 1758/1758/1758 1874/1874/1874
f 1875/1875/1875 1756/1756/1756 1757/1757/1757
f 1875/1875/1875 1757/1757/1757 1874/1874/1874
f 1876/1876/1876 1755/1755/1755 1756/1756/1756
f 1876/1876/1876 1756/1756/1756 1875/1875/1875
f 1754/1754/1754 1755/1755/1755 1876/1876/1876
f 1877/1877/1877 1754/1754/1754 1876/1876/1876
f 1753/1753/1753 1754/1754/1754 1877/1877/1877
f 1878/1878/1878 1753/1753/1753 1877/1877/1877
f 1752/1752/1752 1753/1753/1753 1878/1878/1878
f 1879/1879/1879 1752/1752/1752 1878/1878/1878
f 1751/1751/1751 1752/1752/1752 1879/1879/1879
f 1880/1880/1880 1751/1751/1751 1879/1879/1879
f 1750/1750/1750 1751/1751/1751 1880/1880/1880
f 1881/1881/1881 1750/1750/1750 1880/1880/1880
f 1749/1749/1749 1750/1750/1750 1881/1881/1881
f 1882/1882/1882 1749/1749/1749 1881/1881/1881
f 1748/1748/1748 1749/1749/1749 1882/1882/1882
f 1883/1883/1883 1748/1748/1748 1882/1882/1882
f 1747/1747/1747 1748/1748/1748 1883/1883/1883
f 1795/1795/1795 1747/1747/1747 1883/1883/1883
f 1884/1884/1884 1677/1677/1677 1678/1678/1678
f 1884/1884/1884 1885/1885/1885 1677/1677/1677
f 1886/1886/1886 1884/1884/1884 1678/1678/1678
f 1887/1887/1887 1889/1889/1889 1888/1888/1888
f 1890/1890/1890 1888/1888/1888 1889/1889/1889
f 1890/1890/1890 1885/1885/1885 1888/1888/1888
f 1890/1890/1890 1691/1691/1691 1677/1677/1677
f 1890/1890/1890 1796/1796/1796 1691/1691/1691
f 1890/1890/1890 1677/1677/1677 1885/1885/1885
f 1891/1891/1891 1886/1886/1886 1678/1678/1678
f 1891/1891/1891 1678/1678/1678 1796/1796/1796
f 1891/1891/1891 1892/1892/1892 1886/1886/1886
f 1891/1891/1891 1796/1796/1796 1890/1890/1890
f 1891/1891/1891 1890/1890/1890 1889/1889/1889
f 1891/1891/1891 1887/1887/1887 1892/1892/1892
f 1891/1891/1891 1889/1889/1889 1887/1887/1887
f 1893/1893/1893 1892/1892/1892 1885/1885/1885
f 1893/1893/1893 1884/1884/1884 1886/1886/1886
f 1893/1893/1893 1886/1886/1886 1892/1892/1892
f 1893/1893/1893 1885/1885/1885 1884/1884/1884
f 1894/1894/1894 1885/1885/1885 1892/1892/1892
f 1894/1894/1894 1888/1888/1888 1885/1885/1885
f 1894/1894/1894 1892/1892/1892 1887/1887/1887
f 1894/1894/1894 1887/1887/1887 1888/1888/1888
v 7.500000 -0.000000 72.187500
v 7.399183 1.225600 72.233215
v 7.099442 2.418247 72.278938
v 6.682977 3.404089 72.318718
v 6.209506 4.206191 72.353325
v 5.640282 4.943402 72.387939
v 4.984100 5.604351 72.422546
v 4.251025 6.178898 72.457161
v 3.452375 6.658161 72.491768
v 2.600607 7.034688 72.526375
v 1.708748 7.302752 72.560982
v 0.790545 7.458220 72.595589
v -0.139846 7.498696 72.630196
v -1.068087 7.423556 72.664803
v -1.979852 7.233961 72.699409
v -2.861100 6.932828 72.734009
v -3.698266 6.524786 72.768623
v -4.478493 6.016070 72.803230
v -5.189613 5.414602 72.837845
v -5.820692 4.729645 72.872452
v -6.362039 3.971708 72.907059
v -6.805249 3.152553 72.941673
v -7.143477 2.284892 72.976280
v -7.371572 1.382003 73.010880
v -7.472604 0.640457 73.038689
v -7.494370 -0.290551 73.073296
v -7.380795 -1.331866 73.112221
v -7.155663 -2.246440 73.147224
v -6.856772 -3.038862 73.178696
v -6.470459 -3.792513 73.210159
v -6.001643 -4.497808 73.241631
v -5.456285 -5.145770 73.273094
v -4.841387 -5.728086 73.304558
v -4.164759 -6.237370 73.336029
v -3.435038 -6.667121 73.367493
v -2.661514 -7.011872 73.398956
v -1.854067 -7.267217 73.430428
v -1.022990 -7.429905 73.461891
v -0.178872 -7.497867 73.493355
v 0.658430 -7.471042 73.524483
v 1.478773 -7.352770 73.555275
v 2.281049 -7.144706 73.586075
v 3.055429 -6.849405 73.616867
v 3.792509 -6.470462 73.647659
v 4.483314 -6.012478 73.678452
v 5.119334 -5.481097 73.709251
v 5.692801 -4.882829 73.740044
v 6.196767 -4.224935 73.770828
v 6.625062 -3.515472 73.801620
v 6.972476 -2.763074 73.832413
v 7.234758 -1.976934 73.863205
v 7.408696 -1.166715 73.893997
v 7.477139 -0.585141 73.915749
v 7.500000 -0.000000 73.937500
v 7.500000 -0.000000 70.000000
v 7.386058 1.302361 70.000000
v 7.047695 2.565151 70.000000
v 6.495191 3.750000 70.000000
v 5.745333 4.820907 70.000000
v 4.820907 5.745333 70.000000
v 3.750000 6.495191 70.000000
v 2.565151 7.047695 70.000000
v 1.302361 7.386058 70.000000
v 0.000000 7.500000 70.000000
v -1.302361 7.386058 70.000000
v -2.565151 7.047695 70.000000
v -3.750000 6.495191 70.000000
v -4.820907 5.745333 70.000000
v -5.745333 4.820907 70.000000
v -6.495191 3.750000 70.000000
v -7.047695 2.565151 70.000000
v -7.386058 1.302361 70.000000
v -7.500000 0.000000 70.000000
v -7.386058 -1.302361 70.000000
v -7.047695 -2.565151 70.000000
v -6.495191 -3.750000 70.000000
v -5.745333 -4.820907 70.000000
v -4.820907 -5.745333 70.000000
v -3.750000 -6.495191 70.000000
v -2.565151 -7.047695 70.000000
v -1.302361 -7.386058 70.000000
v -0.000000 -7.500000 70.000000
v 1.302361 -7.386058 70.000000
v 2.565151 -7.047695 70.000000
v 3.750000 -6.495191 70.000000
v 4.820907 -5.745333 70.000000
v 5.745333 -4.820907 70.000000
v 6.495191 -3.750000 70.000000
v 7.047695 -2.565151 70.000000
v 7.386058 -1.302361 70.000000
v 7.500000 -0.000000 70.000000
v 7.500000 -0.000000 72.187500
v -0.000000 -7.500000 71.750000
v 1.225565 -7.399189 71.795715
v 1.973218 -7.235773 71.824150
v 2.700332 -6.997014 71.852585
v 3.539137 -6.612451 71.886871
v 4.418145 -6.060528 71.925446
v 5.212543 -5.392531 71.964020
v 5.907135 -4.621228 72.002602
v 6.488584 -3.761420 72.041176
v 6.945756 -2.829570 72.079750
v 7.269901 -1.843514 72.118332
v 7.442253 -0.928910 72.152916
v 7.500000 -0.000000 72.635048
v 7.399190 -1.225554 72.569435
v 7.099559 -2.417905 72.502037
v 6.609299 -3.545019 72.432518
v 5.941798 -4.576575 72.360458
v 5.115250 -5.484908 72.285187
v 4.152195 -6.245740 72.205696
v 3.178182 -6.793317 72.128098
v 2.230185 -7.160745 72.050865
v 1.244187 -7.396080 71.962532
v 0.249889 -7.495836 71.843361
v 0.109730 -7.499197 71.816055
v 0.023428 -7.499963 71.790947
vn 1.000000 0.000000 -0.000000
vn 0.986558 0.163413 -0.000000
vn 0.946592 0.322433 -0.000000
vn 0.891064 0.453879 -0.000000
vn 0.827934 0.560825 -0.000000
vn 0.752038 0.659120 -0.000000
vn 0.664547 0.747247 -0.000000
vn 0.566803 0.823853 -0.000000
vn 0.460317 0.887755 -0.000000
vn 0.346748 0.937958 -0.000000
vn 0.227833 0.973700 -0.000000
vn 0.105406 0.994429 -0.000000
vn -0.018646 0.999826 0.000000
vn -0.142412 0.989808 0.000000
vn -0.263980 0.964528 0.000000
vn -0.381480 0.924377 0.000000
vn -0.493102 0.869971 0.000000
vn -0.597132 0.802143 0.000000
vn -0.691948 0.721947 0.000000
vn -0.776092 0.630619 0.000000
vn -0.848272 0.529561 0.000000
vn -0.907367 0.420340 0.000000
vn -0.952464 0.304652 0.000000
vn -0.982876 0.184267 0.000000
vn -0.996347 0.085394 0.000000
vn -0.999249 -0.038740 0.000000
vn -0.984106 -0.177582 0.000000
vn -0.954088 -0.299525 0.000000
vn -0.914236 -0.405182 0.000000
vn -0.862728 -0.505668 0.000000
vn -0.800219 -0.599708 0.000000
vn -0.727505 -0.686103 0.000000
vn -0.645518 -0.763745 0.000000
vn -0.555301 -0.831649 0.000000
vn -0.458005 -0.888950 0.000000
vn -0.354869 -0.934916 0.000000
vn -0.247209 -0.968962 0.000000
vn -0.136399 -0.990654 0.000000
vn -0.023850 -0.999716 0.000000
vn 0.087791 -0.996139 0.000000
vn 0.197170 -0.980369 0.000000
vn 0.304140 -0.952627 0.000000
vn 0.407391 -0.913254 0.000000
vn 0.505668 -0.862728 0.000000
vn 0.597775 -0.801664 0.000000
vn 0.682578 -0.730813 0.000000
vn 0.759040 -0.651044 0.000000
vn 0.826236 -0.563325 0.000000
vn 0.883342 -0.468730 0.000000
vn 0.929663 -0.368410 0.000000
vn 0.964634 -0.263591 0.000000
vn 0.987826 -0.155562 0.000000
vn 0.996952 -0.078019 0.000000
vn 1.000000 0.000000 -0.000000
vn 1.000000 0.000000 -0.000000
vn 0.984808 0.173648 -0.000000
vn 0.939693 0.342020 -0.000000
vn 0.866025 0.500000 -0.000000
vn 0.766044 0.642788 -0.000000
vn 0.642788 0.766044 -0.000000
vn 0.500000 0.866025 -0.000000
vn 0.342020 0.939693 -0.000000
vn 0.173648 0.984808 -0.000000
vn 0.000000 1.000000 -0.000000
vn -0.173648 0.984808 0.000000
vn -0.342020 0.939693 0.000000
vn -0.500000 0.866025 0.000000
vn -0.642788 0.766044 0.000000
vn -0.766044 0.642788 0.000000
vn -0.866025 0.500000 0.000000
vn -0.939693 0.342020 0.000000
vn -0.984808 0.173648 0.000000
vn -1.000000 0.000000 0.000000
vn -0.984808 -0.173648 0.000000
vn -0.939693 -0.342020 0.000000
vn -0.866025 -0.500000 0.000000
vn -0.766044 -0.642788 0.000000
vn -0.642788 -0.766044 0.000000
vn -0.500000 -0.866025 0.000000
vn -0.342020 -0.939693 0.000000
vn -0.173648 -0.984808 0.000000
vn -0.000000 -1.000000 0.000000
vn 0.173648 -0.984808 0.000000
vn 0.342020 -0.939693 0.000000
vn 0.500000 -0.866025 0.000000
vn 0.642788 -0.766044 0.000000
vn 0.766044 -0.642788 0.000000
vn 0.866025 -0.500000 0.000000
vn 0.939693 -0.342020 0.000000
vn 0.984808 -0.173648 0.000000
vn 1.000000 0.000000 -0.000000
vn 1.000000 0.000000 -0.000000
vn 0.000000 -1.000000 0.000000
vn 0.163409 -0.986558 0.000000
vn 0.263096 -0.964770 0.000000
vn 0.360044 -0.932935 0.000000
vn 0.471885 -0.881660 0.000000
vn 0.589086 -0.808070 0.000000
vn 0.695006 -0.719004 0.000000
vn 0.787618 -0.616164 0.000000
vn 0.865145 -0.501523 0.000000
vn 0.926101 -0.377276 0.000000
vn 0.969320 -0.245802 0.000000
vn 0.992300 -0.123855 0.000000
vn 1.000000 0.000000 -0.000000
vn 0.986559 -0.163407 0.000000
vn 0.946608 -0.322387 0.000000
vn 0.881240 -0.472669 0.000000
vn 0.792240 -0.610210 0.000000
vn 0.682033 -0.731321 0.000000
vn 0.553626 -0.832765 0.000000
vn 0.423758 -0.905776 0.000000
vn 0.297358 -0.954766 0.000000
vn 0.165892 -0.986144 0.000000
vn 0.033319 -0.999445 0.000000
vn 0.014631 -0.999893 0.000000
vn 0.003124 -0.999995 0.000000
vt 0.000000 2.187500
vt 0.164150 2.233219
vt 0.328299 2.278938
vt 0.471113 2.318715
vt 0.595383 2.353327
vt 0.719648 2.387937
vt 0.843909 2.422547
vt 0.968176 2.457157
vt 1.092444 2.491769
vt 1.216695 2.526375
vt 1.340945 2.560982
vt 1.465194 2.595587
vt 1.589443 2.630194
vt 1.713694 2.664800
vt 1.837943 2.699406
vt 1.962193 2.734012
vt 2.086448 2.768620
vt 2.210718 2.803232
vt 2.334981 2.837842
vt 2.459242 2.872451
vt 2.583510 2.907062
vt 2.707772 2.941672
vt 2.832019 2.976277
vt 2.956266 3.010883
vt 3.056094 3.038687
vt 3.180342 3.073293
vt 3.320122 3.112224
vt 3.445788 3.147225
vt 3.558770 3.178693
vt 3.671749 3.210160
vt 3.784729 3.241627
vt 3.897711 3.273095
vt 4.010687 3.304561
vt 4.123664 3.336028
vt 4.236639 3.367494
vt 4.349616 3.398960
vt 4.462590 3.430426
vt 4.575564 3.461891
vt 4.688537 3.493357
vt 4.800293 3.524483
vt 4.910859 3.555278
vt 5.021424 3.586073
vt 5.131984 3.616866
vt 5.242545 3.647660
vt 5.353112 3.678455
vt 5.463673 3.709249
vt 5.574226 3.740040
vt 5.684781 3.770832
vt 5.795333 3.801623
vt 5.905887 3.832415
vt 6.016442 3.863206
vt 6.126989 3.893996
vt 6.205087 3.915748
vt 6.283185 3.937500
vt 0.000000 0.000000
vt 0.174533 0.000000
vt 0.349066 0.000000
vt 0.523599 0.000000
vt 0.698132 0.000000
vt 0.872665 0.000000
vt 1.047198 0.000000
vt 1.221730 0.000000
vt 1.396263 0.000000
vt 1.570796 0.000000
vt 1.745329 0.000000
vt 1.919862 0.000000
vt 2.094395 0.000000
vt 2.268928 0.000000
vt 2.443461 0.000000
vt 2.617994 0.000000
vt 2.792527 0.000000
vt 2.967060 0.000000
vt 3.141593 0.000000
vt 3.316126 0.000000
vt 3.490659 0.000000
vt 3.665191 0.000000
vt 3.839724 0.000000
vt 4.014257 0.000000
vt 4.188790 0.000000
vt 4.363323 0.000000
vt 4.537856 0.000000
vt 4.712389 0.000000
vt 4.886922 0.000000
vt 5.061455 0.000000
vt 5.235988 0.000000
vt 5.410521 0.000000
vt 5.585053 0.000000
vt 5.759586 0.000000
vt 5.934119 0.000000
vt 6.108653 0.000000
vt 6.283185 0.000000
vt 6.283185 2.187500
vt 4.712389 1.750000
vt 4.876534 1.795718
vt 4.978619 1.824151
vt 5.080704 1.852584
vt 5.203816 1.886873
vt 5.342316 1.925448
vt 5.480817 1.964023
vt 5.619323 2.002600
vt 5.757827 2.041177
vt 5.896332 2.079753
vt 6.034838 2.118330
vt 6.159012 2.152915
vt 6.283185 2.635049
vt 6.119042 2.569436
vt 5.954935 2.502034
vt 5.790868 2.432520
vt 5.626860 2.360455
vt 5.462928 2.285188
vt 5.299101 2.205695
vt 5.149979 2.128101
vt 5.014313 2.050861
vt 4.879051 1.962533
vt 4.745714 1.843360
vt 4.727020 1.816056
vt 4.715513 1.790948
f 1896/1896/1896 1895/1895/1895 1949/1949/1949
f 1896/1896/1896 1949/1949/1949 1950/1950/1950
f 1897/1897/1897 1896/1896/1896 1950/1950/1950
f 1897/1897/1897 1950/1950/1950 1951/1951/1951
f 1898/1898/1898 1897/1897/1897 1951/1951/1951
f 1898/1898/1898 1951/1951/1951 1952/1952/1952
f 1899/1899/1899 1898/1898/1898 1952/1952/1952
f 1899/1899/1899 1952/1952/1952 1953/1953/1953
f 1900/1900/1900 1899/1899/1899 1953/1953/1953
f 1901/1901/1901 1900/1900/1900 1953/1953/1953
f 1901/1901/1901 1953/1953/1953 1954/1954/1954
f 1902/1902/1902 1901/1901/1901 1954/1954/1954
f 1902/1902/1902 1954/1954/1954 1955/1955/1955
f 1903/1903/1903 1902/1902/1902 1955/1955/1955
f 1903/1903/1903 1955/1955/1955 1956/1956/1956
f 1904/1904/1904 1903/1903/1903 1956/1956/1956
f 1905/1905/1905 1904/1904/1904 1956/1956/1956
f 1905/1905/1905 1956/1956/1956 1957/1957/1957
f 1906/1906/1906 1905/1905/1905 1957/1957/1957
f 1906/1906/1906 1957/1957/1957 1958/1958/1958
f 1907/1907/1907 1906/1906/1906 1958/1958/1958
f 1908/1908/1908 1958/1958/1958 1959/1959/1959
f 1908/1908/1908 1907/1907/1907 1958/1958/1958
f 1909/1909/1909 1959/1959/1959 1960/1960/1960
f 1909/1909/1909 1908/1908/1908 1959/1959/1959
f 1910/1910/1910 1960/1960/1960 1961/1961/1961
f 1910/1910/1910 1909/1909/1909 1960/1960/1960
f 1911/1911/1911 1910/1910/1910 1961/1961/1961
f 1912/1912/1912 1961/1961/1961 1962/1962/1962
f 1912/1912/1912 1911/1911/1911 1961/1961/1961
f 1913/1913/1913 1962/1962/1962 1963/1963/1963
f 1913/1913/1913 1912/1912/1912 1962/1962/1962
f 1914/1914/1914 1913/1913/1913 1963/1963/1963
f 1915/1915/1915 1963/1963/1963 1964/1964/1964
f 1915/1915/1915 1914/1914/1914 1963/1963/1963
f 1916/1916/1916 1964/1964/1964 1965/1965/1965
f 1916/1916/1916 1915/1915/1915 1964/1964/1964
f 1917/1917/1917 1965/1965/1965 1966/1966/1966
f 1917/1917/1917 1916/1916/1916 1965/1965/1965
f 1918/1918/1918 1917/1917/1917 1966/1966/1966
f 1919/1919/1919 1966/1966/1966 1967/1967/1967
f 1919/1919/1919 1918/1918/1918 1966/1966/1966
f 1920/1920/1920 1919/1919/1919 1967/1967/1967
f 1920/1920/1920 1967/1967/1967 1968/1968/1968
f 1921/1921/1921 1920/1920/1920 1968/1968/1968
f 1922/1922/1922 1921/1921/1921 1968/1968/1968
f 1922/1922/1922 1968/1968/1968 1969/1969/1969
f 1923/1923/1923 1922/1922/1922 1969/1969/1969
f 1923/1923/1923 1969/1969/1969 1970/1970/1970
f 1924/1924/1924 1923/1923/1923 1970/1970/1970
f 1925/1925/1925 1924/1924/1924 1970/1970/1970
f 1925/1925/1925 1970/1970/1970 1971/1971/1971
f 1926/1926/1926 1925/1925/1925 1971/1971/1971
f 1926/1926/1926 1971/1971/1971 1972/1972/1972
f 1927/1927/1927 1926/1926/1926 1972/1972/1972
f 1928/1928/1928 1927/1927/1927 1972/1972/1972
f 1928/1928/1928 1972/1972/1972 1973/1973/1973
f 1929/1929/1929 1928/1928/1928 1973/1973/1973
f 1929/1929/1929 1973/1973/1973 1974/1974/1974
f 1930/1930/1930 1929/1929/1929 1974/1974/1974
f 1931/1931/1931 1930/1930/1930 1974/1974/1974
f 1931/1931/1931 1974/1974/1974 1975/1975/1975
f 1987/1987/1987 1975/1975/1975 1976/1976/1976
f 1932/1932/1932 1931/1931/1931 1975/1975/1975
f 1932/1932/1932 1975/1975/1975 1987/1987/1987
f 1933/1933/1933 2010/2010/2010 2009/2009/2009
f 1933/1933/1933 2011/2011/2011 2010/2010/2010
f 1933/1933/1933 1987/1987/1987 2011/2011/2011
f 1933/1933/1933 1932/1932/1932 1987/1987/1987
f 1934/1934/1934 2009/2009/2009 2008/2008/2008
f 1934/1934/1934 1933/1933/1933 2009/2009/2009
f 1989/1989/1989 1988/1988/1988 1977/1977/1977
f 1989/1989/1989 1977/1977/1977 1978/1978/1978
f 1935/1935/1935 1934/1934/1934 2008/2008/2008
f 1990/1990/1990 1989/1989/1989 1978/1978/1978
f 1936/1936/1936 1935/1935/1935 2007/2007/2007
f 1991/1991/1991 1990/1990/1990 1978/1978/1978
f 1991/1991/1991 1978/1978/1978 1979/1979/1979
f 1992/1992/1992 1991/1991/1991 1979/1979/1979
f 1992/1992/1992 1979/1979/1979 1980/1980/1980
f 1938/1938/1938 1937/1937/1937 2006/2006/2006
f 1993/1993/1993 1980/1980/1980 1981/1981/1981
f 1993/1993/1993 1992/1992/1992 1980/1980/1980
f 1939/1939/1939 1938/1938/1938 2005/2005/2005
f 1940/1940/1940 1939/1939/1939 2004/2004/2004
f 1994/1994/1994 1993/1993/1993 1981/1981/1981
f 1994/1994/1994 1981/1981/1981 1982/1982/1982
f 1941/1941/1941 2004/2004/2004 2003/2003/2003
f 1941/1941/1941 1940/1940/1940 2004/2004/2004
f 1995/1995/1995 1994/1994/1994 1982/1982/1982
f 1942/1942/1942 1941/1941/1941 2003/2003/2003
f 1996/1996/1996 1995/1995/1995 1982/1982/1982
f 1996/1996/1996 1982/1982/1982 1983/1983/1983
f 1943/1943/1943 1942/1942/1942 2002/2002/2002
f 1997/1997/1997 1996/1996/1996 1983/1983/1983
f 1997/1997/1997 1983/1983/1983 1984/1984/1984
f 1944/1944/1944 1943/1943/1943 2002/2002/2002
f 1998/1998/1998 1997/1997/1997 1984/1984/1984
f 1998/1998/1998 1984/1984/1984 1985/1985/1985
f 1945/1945/1945 1944/1944/1944 2001/2001/2001
f 1946/1946/1946 1945/1945/1945 2000/2000/2000
f 1986/1986/1986 1998/1998/1998 1985/1985/1985
f 1947/1947/1947 1946/1946/1946 2000/2000/2000
f 1948/1948/1948 1947/1947/1947 1999/1999/1999
f 1988/1988/1988 1987/1987/1987 1976/1976/1976
f 1988/1988/1988 1976/1976/1976 1977/1977/1977
f 2000/2000/2000 1999/1999/1999 1947/1947/1947
f 2001/2001/2001 2000/2000/2000 1945/1945/1945
f 2002/2002/2002 2001/2001/2001 1944/1944/1944
f 2003/2003/2003 2002/2002/2002 1942/1942/1942
f 2005/2005/2005 2004/2004/2004 1939/1939/1939
f 2006/2006/2006 2005/2005/2005 1938/1938/1938
f 2007/2007/2007 2006/2006/2006 1937/1937/1937
f 2007/2007/2007 1937/1937/1937 1936/1936/1936
f 2008/2008/2008 2007/2007/2007 1935/1935/1935
v -0.000000 -7.500000 75.250000
v -0.000000 -7.875000 75.250000
v 7.500000 -0.000000 73.937500
v 7.399183 1.225599 73.983215
v 7.099443 2.418246 74.028938
v 6.689648 3.390960 74.068169
v 6.222522 4.186910 74.102463
v 5.661193 4.919440 74.136757
v 5.014171 5.577463 74.171051
v 4.291200 6.151065 74.205345
v 3.503242 6.631538 74.239639
v 2.662361 7.011550 74.273926
v 1.781183 7.285423 74.308212
v 0.873043 7.449013 74.342506
v -0.048313 7.499845 74.376793
v -0.968940 7.437147 74.411087
v -1.874893 7.261871 74.445374
v -2.752472 6.976668 74.479660
v -3.588409 6.585843 74.513954
v -4.370135 6.095237 74.548248
v -5.085657 5.512359 74.582542
v -5.724150 4.846040 74.616837
v -6.276001 4.106313 74.651131
v -6.732831 3.304388 74.685425
v -7.087672 2.452529 74.719719
v -7.335224 1.563487 74.754005
v -7.471709 0.650813 74.788300
v -7.495077 -0.271716 74.822594
v -7.404964 -1.190171 74.856888
v -7.202752 -2.090541 74.891174
v -6.891487 -2.959293 74.925468
v -6.475898 -3.783219 74.959763
v -5.962273 -4.549868 74.994049
v -5.358365 -5.247659 75.028343
v -4.673379 -5.865963 75.062630
v -3.917660 -6.395463 75.096924
v -3.102643 -6.828148 75.131210
v -2.240654 -7.157476 75.165497
v -1.344767 -7.378455 75.199791
v -0.675125 -7.469552 75.224892
v 7.500000 -0.000000 72.187500
v 7.399183 1.225600 72.233215
v 7.099442 2.418247 72.278938
v 6.682977 3.404089 72.318718
v 6.209506 4.206191 72.353325
v 5.640282 4.943402 72.387939
v 4.984100 5.604351 72.422546
v 4.251025 6.178898 72.457161
v 3.452375 6.658161 72.491768
v 2.600607 7.034688 72.526375
v 1.708748 7.302752 72.560982
v 0.790545 7.458220 72.595589
v -0.139846 7.498696 72.630196
v -1.068087 7.423556 72.664803
v -1.979852 7.233961 72.699409
v -2.861100 6.932828 72.734009
v -3.698266 6.524786 72.768623
v -4.478493 6.016070 72.803230
v -5.189613 5.414602 72.837845
v -5.820692 4.729645 72.872452
v -6.362039 3.971708 72.907059
v -6.805249 3.152553 72.941673
v -7.143477 2.284892 72.976280
v -7.371572 1.382003 73.010880
v -7.472604 0.640457 73.038689
v -7.494370 -0.290551 73.073296
v -7.380795 -1.331866 73.112221
v -7.155663 -2.246440 73.147224
v -6.856772 -3.038862 73.178696
v -6.470459 -3.792513 73.210159
v -6.001643 -4.497808 73.241631
v -5.456285 -5.145770 73.273094
v -4.841387 -5.728086 73.304558
v -4.164759 -6.237370 73.336029
v -3.435038 -6.667121 73.367493
v -2.661514 -7.011872 73.398956
v -1.854067 -7.267217 73.430428
v -1.022990 -7.429905 73.461891
v -0.178872 -7.497867 73.493355
v 0.658430 -7.471042 73.524483
v 1.478773 -7.352770 73.555275
v 2.281049 -7.144706 73.586075
v 3.055429 -6.849405 73.616867
v 3.792509 -6.470462 73.647659
v 4.483314 -6.012478 73.678452
v 5.119334 -5.481097 73.709251
v 5.692801 -4.882829 73.740044
v 6.196767 -4.224935 73.770828
v 6.625062 -3.515472 73.801620
v 6.972476 -2.763074 73.832413
v 7.234758 -1.976934 73.863205
v 7.408696 -1.166715 73.893997
v 7.477139 -0.585141 73.915749
v -0.000000 -7.500000 71.750000
v 1.225565 -7.399189 71.795715
v 1.973218 -7.235773 71.824150
v 2.700332 -6.997014 71.852585
v 3.539137 -6.612451 71.886871
v 4.418145 -6.060528 71.925446
v 5.212543 -5.392531 71.964020
v 5.907135 -4.621228 72.002602
v 6.488584 -3.761420 72.041176
v 6.945756 -2.829570 72.079750
v 7.269901 -1.843514 72.118332
v 7.442253 -0.928910 72.152916
v -0.000000 -7.875000 71.750000
v -1.256102 -7.774177 75.205383
v -2.480042 -7.474289 75.160767
v -3.640480 -6.983017 75.116150
v -4.707700 -6.312939 75.071533
v -5.654375 -5.481212 75.026917
v -6.456264 -4.509134 74.982300
v -7.092834 -3.421596 74.937691
v -7.547787 -2.246445 74.893074
v -7.809474 -1.013773 74.848457
v -7.871192 0.244858 74.803841
v -7.731362 1.497220 74.759224
v -7.393565 2.711244 74.714607
v -6.866448 3.855844 74.669991
v -6.163509 4.901712 74.625374
v -5.302749 5.822068 74.580757
v -4.306208 6.593345 74.536140
v -3.199402 7.195794 74.491524
v -2.010674 7.613988 74.446907
v -0.770461 7.837220 74.402290
v 0.489480 7.859773 74.357674
v 1.736888 7.681070 74.313065
v 2.939821 7.305687 74.268448
v 4.067478 6.743237 74.223831
v 5.090985 6.008119 74.179214
v 5.984132 5.119159 74.134598
v 6.724051 4.099118 74.089981
v 7.291795 2.974117 74.045364
v 7.672825 1.772960 74.000748
v 7.857386 0.526405 73.956131
v 7.840753 -0.733629 73.911514
v 7.623350 -1.974877 73.866898
v 7.210746 -3.165557 73.822281
v 6.613505 -4.275181 73.777664
v 5.846920 -5.275335 73.733047
v 4.930620 -6.140409 73.688438
v 3.888065 -6.848254 73.643822
v 2.745952 -7.380743 73.599205
v 1.533529 -7.724241 73.554588
v 0.281840 -7.869955 73.509972
v -0.977066 -7.814151 73.465355
v -2.210954 -7.558260 73.420738
v -3.388231 -7.108833 73.376122
v -4.478749 -6.477379 73.331505
v -5.454585 -5.680066 73.286888
v -6.290750 -4.737310 73.242271
v -6.965834 -3.673251 73.197655
v -7.462554 -2.515136 73.153038
v -7.768188 -1.292618 73.108421
v -7.874913 -0.037002 73.063812
v -7.779994 1.219561 73.019196
v -7.485861 2.444897 72.974579
v -7.000046 3.607629 72.929962
v -6.334990 4.677985 72.885345
v -5.507720 5.628557 72.840729
v -4.539420 6.435005 72.796112
v -3.454884 7.076680 72.751495
v -2.281884 7.537149 72.706879
v -1.050455 7.804625 72.662262
v 0.207872 7.872256 72.617645
v 1.460876 7.738311 72.573029
v 2.676473 7.406221 72.528412
v 3.823538 6.884489 72.483795
v 4.872697 6.186472 72.439186
v 5.797088 5.330047 72.394569
v 6.573040 4.337141 72.349953
v 7.180682 3.233179 72.305336
v 7.604457 2.046428 72.260719
v 7.833513 0.807277 72.216103
v 7.861986 -0.452544 72.171486
v 7.689146 -1.700778 72.126869
v 7.319419 -2.905463 72.082253
v 6.762274 -4.035750 72.037636
v 6.031975 -5.062699 71.993019
v 5.147221 -5.960013 71.948402
v 4.130668 -6.704716 71.903786
v 3.008344 -7.277739 71.859169
v 1.808991 -7.664409 71.814560
v 0.910603 -7.822175 71.782280
vn 0.037111 -0.000000 -0.999311
vn 0.035346 -0.000000 -0.999375
vn -0.000000 0.037111 -0.999311
vn -0.006064 0.036612 -0.999311
vn -0.011966 0.035129 -0.999311
vn -0.016779 0.033101 -0.999311
vn -0.020717 0.030790 -0.999311
vn -0.024342 0.028012 -0.999311
vn -0.027598 0.024810 -0.999311
vn -0.030436 0.021233 -0.999311
vn -0.032813 0.017334 -0.999311
vn -0.034694 0.013174 -0.999311
vn -0.036049 0.008813 -0.999311
vn -0.036858 0.004320 -0.999311
vn -0.037110 -0.000239 -0.999311
vn -0.036800 -0.004794 -0.999311
vn -0.035932 -0.009277 -0.999311
vn -0.034521 -0.013619 -0.999311
vn -0.032587 -0.017756 -0.999311
vn -0.030160 -0.021624 -0.999311
vn -0.027276 -0.025164 -0.999311
vn -0.023979 -0.028324 -0.999311
vn -0.020318 -0.031054 -0.999311
vn -0.016350 -0.033315 -0.999311
vn -0.012135 -0.035070 -0.999311
vn -0.007736 -0.036295 -0.999311
vn -0.003220 -0.036971 -0.999311
vn 0.001344 -0.037086 -0.999311
vn 0.005889 -0.036640 -0.999311
vn 0.010344 -0.035640 -0.999311
vn 0.014643 -0.034100 -0.999311
vn 0.018720 -0.032043 -0.999311
vn 0.022513 -0.029502 -0.999311
vn 0.025966 -0.026514 -0.999311
vn 0.029025 -0.023124 -0.999311
vn 0.031645 -0.019385 -0.999311
vn 0.033786 -0.015352 -0.999311
vn 0.035416 -0.011087 -0.999311
vn 0.036509 -0.006654 -0.999311
vn 0.036960 -0.003341 -0.999311
vn -0.000000 0.037111 -0.999311
vn -0.006064 0.036612 -0.999311
vn -0.011966 0.035129 -0.999311
vn -0.016844 0.033068 -0.999311
vn -0.020813 0.030725 -0.999311
vn -0.024460 0.027909 -0.999311
vn -0.027731 0.024662 -0.999311
vn -0.030574 0.021034 -0.999311
vn -0.032945 0.017083 -0.999311
vn -0.034808 0.012868 -0.999311
vn -0.036135 0.008455 -0.999311
vn -0.036904 0.003912 -0.999311
vn -0.037104 -0.000692 -0.999311
vn -0.036732 -0.005285 -0.999311
vn -0.035794 -0.009796 -0.999311
vn -0.034304 -0.014157 -0.999311
vn -0.032285 -0.018299 -0.999311
vn -0.029768 -0.022160 -0.999311
vn -0.026792 -0.025679 -0.999311
vn -0.023403 -0.028801 -0.999311
vn -0.019652 -0.031480 -0.999311
vn -0.015599 -0.033673 -0.999311
vn -0.011306 -0.035346 -0.999311
vn -0.006838 -0.036475 -0.999311
vn -0.003169 -0.036975 -0.999311
vn 0.001438 -0.037083 -0.999311
vn 0.006590 -0.036521 -0.999311
vn 0.011116 -0.035407 -0.999311
vn 0.015037 -0.033928 -0.999311
vn 0.018766 -0.032016 -0.999311
vn 0.022256 -0.029697 -0.999311
vn 0.025462 -0.026998 -0.999311
vn 0.028343 -0.023956 -0.999311
vn 0.030863 -0.020608 -0.999311
vn 0.032989 -0.016997 -0.999311
vn 0.034695 -0.013169 -0.999311
vn 0.035959 -0.009174 -0.999311
vn 0.036764 -0.005062 -0.999311
vn 0.037100 -0.000885 -0.999311
vn 0.036967 0.003258 -0.999311
vn 0.036382 0.007317 -0.999311
vn 0.035353 0.011287 -0.999311
vn 0.033891 0.015118 -0.999311
vn 0.032016 0.018766 -0.999311
vn 0.029750 0.022184 -0.999311
vn 0.027121 0.025331 -0.999311
vn 0.024161 0.028168 -0.999311
vn 0.020905 0.030662 -0.999311
vn 0.017395 0.032781 -0.999311
vn 0.013672 0.034500 -0.999311
vn 0.009782 0.035798 -0.999311
vn 0.005773 0.036659 -0.999311
vn 0.002895 0.036997 -0.999311
vn 0.037111 0.000000 -0.999311
vn 0.036612 0.006064 -0.999311
vn 0.035803 0.009764 -0.999311
vn 0.034622 0.013361 -0.999311
vn 0.032719 0.017512 -0.999311
vn 0.029988 0.021861 -0.999311
vn 0.026683 0.025792 -0.999311
vn 0.022866 0.029229 -0.999311
vn 0.018612 0.032106 -0.999311
vn 0.014001 0.034368 -0.999311
vn 0.009122 0.035972 -0.999311
vn 0.004596 0.036825 -0.999311
vn 0.035346 0.000000 -0.999375
vn 0.034893 -0.005638 -0.999375
vn 0.033547 -0.011131 -0.999375
vn 0.031342 -0.016340 -0.999375
vn 0.028335 -0.021130 -0.999375
vn 0.024602 -0.025379 -0.999375
vn 0.020239 -0.028978 -0.999375
vn 0.015357 -0.031835 -0.999375
vn 0.010083 -0.033877 -0.999375
vn 0.004550 -0.035052 -0.999375
vn -0.001099 -0.035329 -0.999375
vn -0.006720 -0.034701 -0.999375
vn -0.012169 -0.033185 -0.999375
vn -0.017306 -0.030819 -0.999375
vn -0.022001 -0.027664 -0.999375
vn -0.026131 -0.023801 -0.999375
vn -0.029593 -0.019328 -0.999375
vn -0.032297 -0.014360 -0.999375
vn -0.034174 -0.009025 -0.999375
vn -0.035176 -0.003458 -0.999375
vn -0.035277 0.002197 -0.999375
vn -0.034475 0.007796 -0.999375
vn -0.032790 0.013195 -0.999375
vn -0.030266 0.018256 -0.999375
vn -0.026966 0.022850 -0.999375
vn -0.022977 0.026859 -0.999375
vn -0.018398 0.030180 -0.999375
vn -0.013349 0.032728 -0.999375
vn -0.007958 0.034438 -0.999375
vn -0.002363 0.035267 -0.999375
vn 0.003293 0.035192 -0.999375
vn 0.008864 0.034216 -0.999375
vn 0.014208 0.032364 -0.999375
vn 0.019188 0.029684 -0.999375
vn 0.023677 0.026243 -0.999375
vn 0.027560 0.022130 -0.999375
vn 0.030737 0.017451 -0.999375
vn 0.033127 0.012325 -0.999375
vn 0.034669 0.006883 -0.999375
vn 0.035323 0.001265 -0.999375
vn 0.035073 -0.004385 -0.999375
vn 0.033924 -0.009924 -0.999375
vn 0.031907 -0.015208 -0.999375
vn 0.029073 -0.020102 -0.999375
vn 0.025494 -0.024482 -0.999375
vn 0.021263 -0.028235 -0.999375
vn 0.016487 -0.031265 -0.999375
vn 0.011289 -0.033494 -0.999375
vn 0.005802 -0.034866 -0.999375
vn 0.000166 -0.035345 -0.999375
vn -0.005474 -0.034919 -0.999375
vn -0.010974 -0.033599 -0.999375
vn -0.016192 -0.031419 -0.999375
vn -0.020996 -0.028434 -0.999375
vn -0.025263 -0.024720 -0.999375
vn -0.028882 -0.020374 -0.999375
vn -0.031763 -0.015507 -0.999375
vn -0.033829 -0.010242 -0.999375
vn -0.035030 -0.004715 -0.999375
vn -0.035333 0.000933 -0.999375
vn -0.034732 0.006557 -0.999375
vn -0.033242 0.012013 -0.999375
vn -0.030900 0.017161 -0.999375
vn -0.027767 0.021870 -0.999375
vn -0.023923 0.026019 -0.999375
vn -0.019467 0.029502 -0.999375
vn -0.014512 0.032229 -0.999375
vn -0.009185 0.034131 -0.999375
vn -0.003623 0.035159 -0.999375
vn 0.002031 0.035287 -0.999375
vn 0.007634 0.034511 -0.999375
vn 0.013041 0.032852 -0.999375
vn 0.018114 0.030351 -0.999375
vn 0.022723 0.027074 -0.999375
vn 0.026751 0.023102 -0.999375
vn 0.030093 0.018540 -0.999375
vn 0.032665 0.013502 -0.999375
vn 0.034400 0.008119 -0.999375
vn 0.035109 0.004087 -0.999375
vt 0.000000 0.166667
vt 0.000000 1.000000
vt 4.891755 0.166668
vt 4.721357 0.166666
vt 4.550961 0.166665
vt 4.404748 0.166665
vt 4.276930 0.166665
vt 4.149117 0.166666
vt 4.021307 0.166667
vt 3.893492 0.166667
vt 3.765676 0.166667
vt 3.637877 0.166667
vt 3.510079 0.166667
vt 3.382281 0.166667
vt 3.254483 0.166667
vt 3.126685 0.166667
vt 2.998887 0.166667
vt 2.871089 0.166667
vt 2.743287 0.166667
vt 2.615466 0.166667
vt 2.487650 0.166667
vt 2.359839 0.166666
vt 2.232022 0.166665
vt 2.104202 0.166665
vt 1.976396 0.166665
vt 1.848583 0.166666
vt 1.720776 0.166667
vt 1.592969 0.166668
vt 1.465156 0.166669
vt 1.337353 0.166669
vt 1.209544 0.166668
vt 1.081740 0.166667
vt 0.953936 0.166666
vt 0.826127 0.166665
vt 0.698327 0.166665
vt 0.570529 0.166666
vt 0.442732 0.166667
vt 0.314935 0.166668
vt 0.187139 0.166668
vt 0.093570 0.166667
vt 11.414095 0.166668
vt 11.243697 0.166666
vt 11.073300 0.166665
vt 10.925050 0.166665
vt 10.796050 0.166665
vt 10.667055 0.166666
vt 10.538064 0.166667
vt 10.409068 0.166667
vt 10.280069 0.166667
vt 10.151090 0.166667
vt 10.022110 0.166667
vt 9.893131 0.166667
vt 9.764153 0.166667
vt 9.635174 0.166667
vt 9.506195 0.166667
vt 9.377215 0.166667
vt 9.248231 0.166667
vt 9.119231 0.166667
vt 8.990238 0.166666
vt 8.861248 0.166666
vt 8.732250 0.166665
vt 8.603257 0.166665
vt 8.474281 0.166665
vt 8.345305 0.166666
vt 8.241677 0.166667
vt 8.112700 0.166668
vt 7.967600 0.166669
vt 7.837152 0.166669
vt 7.719869 0.166668
vt 7.602589 0.166667
vt 7.485310 0.166666
vt 7.368027 0.166665
vt 7.250750 0.166665
vt 7.133473 0.166666
vt 7.016198 0.166667
vt 6.898921 0.166668
vt 6.781647 0.166668
vt 6.664373 0.166667
vt 6.547100 0.166667
vt 6.431090 0.166667
vt 6.316315 0.166668
vt 6.201541 0.166668
vt 6.086774 0.166667
vt 5.972005 0.166666
vt 5.857229 0.166665
vt 5.742460 0.166665
vt 5.627699 0.166665
vt 5.512936 0.166666
vt 5.398176 0.166667
vt 5.283414 0.166668
vt 5.168651 0.166669
vt 5.053896 0.166669
vt 4.972826 0.166668
vt 13.044680 0.166667
vt 12.874287 0.166668
vt 12.768316 0.166668
vt 12.662345 0.166668
vt 12.534547 0.166667
vt 12.390776 0.166665
vt 12.247004 0.166665
vt 12.103226 0.166665
vt 11.959449 0.166667
vt 11.815673 0.166668
vt 11.671894 0.166669
vt 11.542994 0.166669
vt 13.044680 1.000000
vt 0.166287 1.000000
vt 0.332573 1.000000
vt 0.498860 1.000000
vt 0.665147 1.000000
vt 0.831433 1.000000
vt 0.997720 1.000000
vt 1.164007 1.000000
vt 1.330293 1.000000
vt 1.496580 1.000000
vt 1.662867 1.000000
vt 1.829154 1.000000
vt 1.995440 1.000000
vt 2.161727 1.000000
vt 2.328013 1.000000
vt 2.494300 1.000000
vt 2.660587 1.000000
vt 2.826874 1.000000
vt 2.993160 1.000000
vt 3.159447 1.000000
vt 3.325734 1.000000
vt 3.492020 1.000000
vt 3.658307 1.000000
vt 3.824594 1.000000
vt 3.990880 1.000000
vt 4.157167 1.000000
vt 4.323454 1.000000
vt 4.489740 1.000000
vt 4.656027 1.000000
vt 4.822314 1.000000
vt 4.988600 1.000000
vt 5.154887 1.000000
vt 5.321174 1.000000
vt 5.487461 1.000000
vt 5.653747 1.000000
vt 5.820034 1.000000
vt 5.986320 1.000000
vt 6.152607 1.000000
vt 6.318894 1.000000
vt 6.485180 1.000000
vt 6.651467 1.000000
vt 6.817754 1.000000
vt 6.984041 1.000000
vt 7.150327 1.000000
vt 7.316614 1.000000
vt 7.482901 1.000000
vt 7.649187 1.000000
vt 7.815474 1.000000
vt 7.981761 1.000000
vt 8.148047 1.000000
vt 8.314334 1.000000
vt 8.480620 1.000000
vt 8.646908 1.000000
vt 8.813194 1.000000
vt 8.979481 1.000000
vt 9.145767 1.000000
vt 9.312054 1.000000
vt 9.478341 1.000000
vt 9.644628 1.000000
vt 9.810914 1.000000
vt 9.977201 1.000000
vt 10.143488 1.000000
vt 10.309774 1.000000
vt 10.476061 1.000000
vt 10.642347 1.000000
vt 10.808634 1.000000
vt 10.974921 1.000000
vt 11.141208 1.000000
vt 11.307494 1.000000
vt 11.473781 1.000000
vt 11.640068 1.000000
vt 11.806355 1.000000
vt 11.972641 1.000000
vt 12.138927 1.000000
vt 12.305214 1.000000
vt 12.471501 1.000000
vt 12.637788 1.000000
vt 12.804074 1.000000
vt 12.924377 1.000000
f 2051/2051/2051 2012/2012/2012 2013/2013/2013
f 2118/2118/2118 2050/2050/2050 2051/2051/2051
f 2118/2118/2118 2051/2051/2051 2013/2013/2013
f 2119/2119/2119 2049/2049/2049 2050/2050/2050
f 2119/2119/2119 2050/2050/2050 2118/2118/2118
f 2048/2048/2048 2049/2049/2049 2119/2119/2119
f 2120/2120/2120 2048/2048/2048 2119/2119/2119
f 2047/2047/2047 2048/2048/2048 2120/2120/2120
f 2121/2121/2121 2047/2047/2047 2120/2120/2120
f 2121/2121/2121 2046/2046/2046 2047/2047/2047
f 2122/2122/2122 2046/2046/2046 2121/2121/2121
f 2122/2122/2122 2045/2045/2045 2046/2046/2046
f 2044/2044/2044 2045/2045/2045 2122/2122/2122
f 2123/2123/2123 2044/2044/2044 2122/2122/2122
f 2043/2043/2043 2044/2044/2044 2123/2123/2123
f 2124/2124/2124 2043/2043/2043 2123/2123/2123
f 2124/2124/2124 2042/2042/2042 2043/2043/2043
f 2125/2125/2125 2042/2042/2042 2124/2124/2124
f 2125/2125/2125 2041/2041/2041 2042/2042/2042
f 2040/2040/2040 2041/2041/2041 2125/2125/2125
f 2126/2126/2126 2040/2040/2040 2125/2125/2125
f 2039/2039/2039 2040/2040/2040 2126/2126/2126
f 2127/2127/2127 2039/2039/2039 2126/2126/2126
f 2038/2038/2038 2039/2039/2039 2127/2127/2127
f 2128/2128/2128 2037/2037/2037 2038/2038/2038
f 2128/2128/2128 2038/2038/2038 2127/2127/2127
f 2129/2129/2129 2036/2036/2036 2037/2037/2037
f 2129/2129/2129 2037/2037/2037 2128/2128/2128
f 2035/2035/2035 2036/2036/2036 2129/2129/2129
f 2130/2130/2130 2035/2035/2035 2129/2129/2129
f 2034/2034/2034 2035/2035/2035 2130/2130/2130
f 2131/2131/2131 2033/2033/2033 2034/2034/2034
f 2131/2131/2131 2034/2034/2034 2130/2130/2130
f 2132/2132/2132 2032/2032/2032 2033/2033/2033
f 2132/2132/2132 2033/2033/2033 2131/2131/2131
f 2031/2031/2031 2032/2032/2032 2132/2132/2132
f 2133/2133/2133 2031/2031/2031 2132/2132/2132
f 2030/2030/2030 2031/2031/2031 2133/2133/2133
f 2134/2134/2134 2029/2029/2029 2030/2030/2030
f 2134/2134/2134 2030/2030/2030 2133/2133/2133
f 2135/2135/2135 2028/2028/2028 2029/2029/2029
f 2135/2135/2135 2029/2029/2029 2134/2134/2134
f 2027/2027/2027 2028/2028/2028 2135/2135/2135
f 2136/2136/2136 2027/2027/2027 2135/2135/2135
f 2026/2026/2026 2027/2027/2027 2136/2136/2136
f 2137/2137/2137 2026/2026/2026 2136/2136/2136
f 2025/2025/2025 2026/2026/2026 2137/2137/2137
f 2138/2138/2138 2024/2024/2024 2025/2025/2025
f 2138/2138/2138 2025/2025/2025 2137/2137/2137
f 2023/2023/2023 2024/2024/2024 2138/2138/2138
f 2139/2139/2139 2023/2023/2023 2138/2138/2138
f 2022/2022/2022 2023/2023/2023 2139/2139/2139
f 2140/2140/2140 2022/2022/2022 2139/2139/2139
f 2021/2021/2021 2022/2022/2022 2140/2140/2140
f 2141/2141/2141 2020/2020/2020 2021/2021/2021
f 2141/2141/2141 2021/2021/2021 2140/2140/2140
f 2142/2142/2142 2020/2020/2020 2141/2141/2141
f 2142/2142/2142 2019/2019/2019 2020/2020/2020
f 2018/2018/2018 2019/2019/2019 2142/2142/2142
f 2143/2143/2143 2018/2018/2018 2142/2142/2142
f 2017/2017/2017 2018/2018/2018 2143/2143/2143
f 2144/2144/2144 2017/2017/2017 2143/2143/2143
f 2016/2016/2016 2017/2017/2017 2144/2144/2144
f 2145/2145/2145 2016/2016/2016 2144/2144/2144
f 2015/2015/2015 2016/2016/2016 2145/2145/2145
f 2146/2146/2146 2015/2015/2015 2145/2145/2145
f 2014/2014/2014 2015/2015/2015 2146/2146/2146
f 2147/2147/2147 2014/2014/2014 2146/2146/2146
f 2147/2147/2147 2104/2104/2104 2014/2014/2014
f 2103/2103/2103 2104/2104/2104 2147/2147/2147
f 2148/2148/2148 2103/2103/2103 2147/2147/2147
f 2148/2148/2148 2102/2102/2102 2103/2103/2103
f 2101/2101/2101 2102/2102/2102 2148/2148/2148
f 2149/2149/2149 2101/2101/2101 2148/2148/2148
f 2100/2100/2100 2101/2101/2101 2149/2149/2149
f 2150/2150/2150 2100/2100/2100 2149/2149/2149
f 2150/2150/2150 2099/2099/2099 2100/2100/2100
f 2098/2098/2098 2099/2099/2099 2150/2150/2150
f 2151/2151/2151 2098/2098/2098 2150/2150/2150
f 2097/2097/2097 2098/2098/2098 2151/2151/2151
f 2152/2152/2152 2097/2097/2097 2151/2151/2151
f 2152/2152/2152 2096/2096/2096 2097/2097/2097
f 2153/2153/2153 2096/2096/2096 2152/2152/2152
f 2153/2153/2153 2095/2095/2095 2096/2096/2096
f 2094/2094/2094 2095/2095/2095 2153/2153/2153
f 2154/2154/2154 2094/2094/2094 2153/2153/2153
f 2154/2154/2154 2093/2093/2093 2094/2094/2094
f 2155/2155/2155 2093/2093/2093 2154/2154/2154
f 2155/2155/2155 2092/2092/2092 2093/2093/2093
f 2091/2091/2091 2092/2092/2092 2155/2155/2155
f 2156/2156/2156 2091/2091/2091 2155/2155/2155
f 2090/2090/2090 2091/2091/2091 2156/2156/2156
f 2157/2157/2157 2090/2090/2090 2156/2156/2156
f 2157/2157/2157 2089/2089/2089 2090/2090/2090
f 2088/2088/2088 2089/2089/2089 2157/2157/2157
f 2158/2158/2158 2088/2088/2088 2157/2157/2157
f 2087/2087/2087 2088/2088/2088 2158/2158/2158
f 2159/2159/2159 2086/2086/2086 2087/2087/2087
f 2159/2159/2159 2087/2087/2087 2158/2158/2158
f 2160/2160/2160 2085/2085/2085 2086/2086/2086
f 2160/2160/2160 2086/2086/2086 2159/2159/2159
f 2084/2084/2084 2085/2085/2085 2160/2160/2160
f 2161/2161/2161 2083/2083/2083 2084/2084/2084
f 2161/2161/2161 2084/2084/2084 2160/2160/2160
f 2162/2162/2162 2082/2082/2082 2083/2083/2083
f 2162/2162/2162 2083/2083/2083 2161/2161/2161
f 2081/2081/2081 2082/2082/2082 2162/2162/2162
f 2163/2163/2163 2081/2081/2081 2162/2162/2162
f 2080/2080/2080 2081/2081/2081 2163/2163/2163
f 2164/2164/2164 2080/2080/2080 2163/2163/2163
f 2164/2164/2164 2079/2079/2079 2080/2080/2080
f 2165/2165/2165 2079/2079/2079 2164/2164/2164
f 2165/2165/2165 2078/2078/2078 2079/2079/2079
f 2077/2077/2077 2078/2078/2078 2165/2165/2165
f 2166/2166/2166 2077/2077/2077 2165/2165/2165
f 2076/2076/2076 2077/2077/2077 2166/2166/2166
f 2167/2167/2167 2076/2076/2076 2166/2166/2166
f 2167/2167/2167 2075/2075/2075 2076/2076/2076
f 2168/2168/2168 2075/2075/2075 2167/2167/2167
f 2168/2168/2168 2074/2074/2074 2075/2075/2075
f 2073/2073/2073 2074/2074/2074 2168/2168/2168
f 2169/2169/2169 2073/2073/2073 2168/2168/2168
f 2072/2072/2072 2073/2073/2073 2169/2169/2169
f 2170/2170/2170 2072/2072/2072 2169/2169/2169
f 2170/2170/2170 2071/2071/2071 2072/2072/2072
f 2171/2171/2171 2071/2071/2071 2170/2170/2170
f 2171/2171/2171 2070/2070/2070 2071/2071/2071
f 2069/2069/2069 2070/2070/2070 2171/2171/2171
f 2172/2172/2172 2069/2069/2069 2171/2171/2171
f 2068/2068/2068 2069/2069/2069 2172/2172/2172
f 2173/2173/2173 2068/2068/2068 2172/2172/2172
f 2067/2067/2067 2068/2068/2068 2173/2173/2173
f 2174/2174/2174 2067/2067/2067 2173/2173/2173
f 2174/2174/2174 2066/2066/2066 2067/2067/2067
f 2175/2175/2175 2065/2065/2065 2066/2066/2066
f 2175/2175/2175 2066/2066/2066 2174/2174/2174
f 2064/2064/2064 2065/2065/2065 2175/2175/2175
f 2176/2176/2176 2064/2064/2064 2175/2175/2175
f 2063/2063/2063 2064/2064/2064 2176/2176/2176
f 2177/2177/2177 2062/2062/2062 2063/2063/2063
f 2177/2177/2177 2063/2063/2063 2176/2176/2176
f 2178/2178/2178 2061/2061/2061 2062/2062/2062
f 2178/2178/2178 2062/2062/2062 2177/2177/2177
f 2060/2060/2060 2061/2061/2061 2178/2178/2178
f 2179/2179/2179 2060/2060/2060 2178/2178/2178
f 2059/2059/2059 2060/2060/2060 2179/2179/2179
f 2180/2180/2180 2059/2059/2059 2179/2179/2179
f 2058/2058/2058 2059/2059/2059 2180/2180/2180
f 2181/2181/2181 2057/2057/2057 2058/2058/2058
f 2181/2181/2181 2058/2058/2058 2180/2180/2180
f 2182/2182/2182 2056/2056/2056 2057/2057/2057
f 2182/2182/2182 2057/2057/2057 2181/2181/2181
f 2055/2055/2055 2056/2056/2056 2182/2182/2182
f 2183/2183/2183 2055/2055/2055 2182/2182/2182
f 2054/2054/2054 2055/2055/2055 2183/2183/2183
f 2184/2184/2184 2054/2054/2054 2183/2183/2183
f 2053/2053/2053 2054/2054/2054 2184/2184/2184
f 2185/2185/2185 2053/2053/2053 2184/2184/2184
f 2052/2052/2052 2053/2053/2053 2185/2185/2185
f 2186/2186/2186 2052/2052/2052 2185/2185/2185
f 2116/2116/2116 2052/2052/2052 2186/2186/2186
f 2187/2187/2187 2115/2115/2115 2116/2116/2116
f 2187/2187/2187 2116/2116/2116 2186/2186/2186
f 2188/2188/2188 2114/2114/2114 2115/2115/2115
f 2188/2188/2188 2115/2115/2115 2187/2187/2187
f 2113/2113/2113 2114/2114/2114 2188/2188/2188
f 2189/2189/2189 2113/2113/2113 2188/2188/2188
f 2112/2112/2112 2113/2113/2113 2189/2189/2189
f 2190/2190/2190 2112/2112/2112 2189/2189/2189
f 2111/2111/2111 2112/2112/2112 2190/2190/2190
f 2191/2191/2191 2111/2111/2111 2190/2190/2190
f 2110/2110/2110 2111/2111/2111 2191/2191/2191
f 2192/2192/2192 2110/2110/2110 2191/2191/2191
f 2109/2109/2109 2110/2110/2110 2192/2192/2192
f 2193/2193/2193 2109/2109/2109 2192/2192/2192
f 2193/2193/2193 2108/2108/2108 2109/2109/2109
f 2107/2107/2107 2108/2108/2108 2193/2193/2193
f 2194/2194/2194 2107/2107/2107 2193/2193/2193
f 2106/2106/2106 2107/2107/2107 2194/2194/2194
f 2195/2195/2195 2106/2106/2106 2194/2194/2194
f 2105/2105/2105 2106/2106/2106 2195/2195/2195
f 2117/2117/2117 2105/2105/2105 2195/2195/2195
v -0.000000 -7.875000 75.250000
v -1.256102 -7.774177 75.205383
v -2.480042 -7.474289 75.160767
v -3.640480 -6.983017 75.116150
v -4.707700 -6.312939 75.071533
v -5.654375 -5.481212 75.026917
v -6.456264 -4.509134 74.982300
v -7.092834 -3.421596 74.937691
v -7.547787 -2.246445 74.893074
v -7.809474 -1.013773 74.848457
v -7.871192 0.244858 74.803841
v -7.731362 1.497220 74.759224
v -7.393565 2.711244 74.714607
v -6.866448 3.855844 74.669991
v -6.163509 4.901712 74.625374
v -5.302749 5.822068 74.580757
v -4.306208 6.593345 74.536140
v -3.199402 7.195794 74.491524
v -2.010674 7.613988 74.446907
v -0.770461 7.837220 74.402290
v 0.489480 7.859773 74.357674
v 1.736888 7.681070 74.313065
v 2.939821 7.305687 74.268448
v 4.067478 6.743237 74.223831
v 5.090985 6.008119 74.179214
v 5.984132 5.119159 74.134598
v 6.724051 4.099118 74.089981
v 7.291795 2.974117 74.045364
v 7.672825 1.772960 74.000748
v 7.857386 0.526405 73.956131
v 7.840753 -0.733629 73.911514
v 7.623350 -1.974877 73.866898
v 7.210746 -3.165557 73.822281
v 6.613505 -4.275181 73.777664
v 5.846920 -5.275335 73.733047
v 4.930620 -6.140409 73.688438
v 3.888065 -6.848254 73.643822
v 2.745952 -7.380743 73.599205
v 1.533529 -7.724241 73.554588
v 0.281840 -7.869955 73.509972
v -0.977066 -7.814151 73.465355
v -2.210954 -7.558260 73.420738
v -3.388231 -7.108833 73.376122
v -4.478749 -6.477379 73.331505
v -5.454585 -5.680066 73.286888
v -6.290750 -4.737310 73.242271
v -6.965834 -3.673251 73.197655
v -7.462554 -2.515136 73.153038
v -7.768188 -1.292618 73.108421
v -7.874913 -0.037002 73.063812
v -7.779994 1.219561 73.019196
v -7.485861 2.444897 72.974579
v -7.000046 3.607629 72.929962
v -6.334990 4.677985 72.885345
v -5.507720 5.628557 72.840729
v -4.539420 6.435005 72.796112
v -3.454884 7.076680 72.751495
v -2.281884 7.537149 72.706879
v -1.050455 7.804625 72.662262
v 0.207872 7.872256 72.617645
v 1.460876 7.738311 72.573029
v 2.676473 7.406221 72.528412
v 3.823538 6.884489 72.483795
v 4.872697 6.186472 72.439186
v 5.797088 5.330047 72.394569
v 6.573040 4.337141 72.349953
v 7.180682 3.233179 72.305336
v 7.604457 2.046428 72.260719
v 7.833513 0.807277 72.216103
v 7.861986 -0.452544 72.171486
v 7.689146 -1.700778 72.126869
v 7.319419 -2.905463 72.082253
v 6.762274 -4.035750 72.037636
v 6.031975 -5.062699 71.993019
v 5.147221 -5.960013 71.948402
v 4.130668 -6.704716 71.903786
v 3.008344 -7.277739 71.859169
v 1.808991 -7.664409 71.814560
v 0.910603 -7.822175 71.782280
v -0.000000 -7.875000 71.750000
v 0.053019 -7.874821 71.773506
v 0.281899 -7.869954 71.803024
v 0.916510 -7.821485 71.856102
v 1.925304 -7.636023 71.923233
v 3.102787 -7.237978 71.994370
v 4.235412 -6.639045 72.062057
v 5.223689 -5.893107 72.124168
v 6.111149 -4.966837 72.186134
v 6.827265 -3.924800 72.245430
v 7.353189 -2.818907 72.301521
v 7.717497 -1.567124 72.360046
v 7.867763 -0.337527 72.414680
v 7.831393 0.827579 72.465347
v 7.611797 2.018950 72.517326
v 7.194430 3.202463 72.570526
v 6.571739 4.339113 72.624847
v 5.744670 5.386503 72.680176
v 4.723886 6.300834 72.736412
v 3.656738 6.974516 72.787712
v 2.595150 7.435107 72.834358
v 1.459372 7.738595 72.881401
v 0.274204 7.870225 72.928772
v -0.932404 7.819607 72.976418
v -2.130208 7.581414 73.024277
v -3.287678 7.155892 73.072289
v -4.373140 6.549143 73.120392
v -5.355957 5.773158 73.168526
v -6.207725 4.845592 73.216644
v -6.903405 3.789276 73.264679
v -7.422324 2.631488 73.312584
v -7.749011 1.403024 73.360306
v -7.873808 0.137097 73.407791
v -7.793238 -1.131853 73.454987
v -7.510095 -2.369408 73.501854
v -7.033282 -3.542392 73.548347
v -6.377387 -4.620015 73.594429
v -5.562043 -5.574882 73.640045
v -4.611101 -6.383839 73.685165
v -3.551679 -7.028599 73.729752
v -2.413121 -7.496161 73.773773
v -1.225931 -7.778991 73.817207
v -0.017888 -7.874979 73.860115
v 1.199341 -7.783134 73.903114
v 2.398452 -7.500871 73.946289
v 3.547995 -7.030462 73.989594
v 4.616683 -6.379801 74.032982
v 5.574493 -5.562430 74.076416
v 6.393768 -4.597318 74.119835
v 7.050293 -3.508417 74.163200
v 7.524277 -2.323982 74.206467
v 7.801190 -1.075679 74.249565
v 7.872397 0.202480 74.292458
v 7.735568 1.475332 74.335083
v 7.394812 2.707834 74.377388
v 6.860542 3.866339 74.419312
v 6.149060 4.919825 74.460808
v 5.281896 5.840993 74.501808
v 4.284919 6.607200 74.542259
v 3.187281 7.201171 74.582108
v 2.020241 7.611456 74.621292
v 0.815947 7.832616 74.659760
v -0.393788 7.865149 74.697456
v -1.578615 7.715153 74.734329
v -2.710667 7.393774 74.770309
v -3.765393 6.916461 74.805367
v -4.722195 6.302104 74.839439
v -5.564847 5.572085 74.872482
v -6.281694 4.749310 74.904457
v -6.865644 3.857267 74.935303
v -7.313968 2.919157 74.964996
v -7.627929 1.957116 74.993492
v -7.812320 0.991592 75.020752
v -7.874894 0.040848 75.046745
v -7.825749 -0.879371 75.071457
v -7.676716 -1.756037 75.094841
v -7.440758 -2.578903 75.116890
v -7.131413 -3.340442 75.137573
v -6.762303 -4.035698 75.156891
v -6.200066 -4.855391 75.180489
v -5.505344 -5.630882 75.204063
v -4.780540 -6.257961 75.224495
v -4.057004 -6.749543 75.241791
v -3.359824 -7.122303 75.255966
v -2.503402 -7.466499 75.270088
v -1.673209 -7.695194 75.279610
v -0.821583 -7.832025 75.282257
v -0.111317 -7.874213 75.266273
v -0.035933 -7.874917 75.258781
vn -0.000000 -1.000000 0.000000
vn -0.159505 -0.987197 0.000000
vn -0.314926 -0.949116 0.000000
vn -0.462283 -0.886732 0.000000
vn -0.597803 -0.801643 0.000000
vn -0.718016 -0.696027 0.000000
vn -0.819843 -0.572588 0.000000
vn -0.900677 -0.434488 0.000000
vn -0.958449 -0.285263 0.000000
vn -0.991679 -0.128733 0.000000
vn -0.999516 0.031093 0.000000
vn -0.981760 0.190123 0.000000
vn -0.938865 0.344285 0.000000
vn -0.871930 0.489631 0.000000
vn -0.782668 0.622440 0.000000
vn -0.673365 0.739310 0.000000
vn -0.546820 0.837250 0.000000
vn -0.406273 0.913752 0.000000
vn -0.255324 0.966856 0.000000
vn -0.097836 0.995203 0.000000
vn 0.062156 0.998066 -0.000000
vn 0.220557 0.975374 -0.000000
vn 0.373311 0.927706 -0.000000
vn 0.516505 0.856284 -0.000000
vn 0.646474 0.762936 -0.000000
vn 0.759890 0.650052 -0.000000
vn 0.853848 0.520523 -0.000000
vn 0.925942 0.377666 -0.000000
vn 0.974327 0.225138 -0.000000
vn 0.997763 0.066845 -0.000000
vn 0.995651 -0.093159 0.000000
vn 0.968045 -0.250778 0.000000
vn 0.915650 -0.401976 0.000000
vn 0.839810 -0.542880 0.000000
vn 0.742466 -0.669884 0.000000
vn 0.626110 -0.779734 0.000000
vn 0.493722 -0.869619 0.000000
vn 0.348692 -0.937237 0.000000
vn 0.194734 -0.980856 0.000000
vn 0.035789 -0.999359 0.000000
vn -0.124072 -0.992273 0.000000
vn -0.280756 -0.959779 0.000000
vn -0.430252 -0.902709 0.000000
vn -0.568730 -0.822524 0.000000
vn -0.692646 -0.721278 0.000000
vn -0.798825 -0.601563 0.000000
vn -0.884550 -0.466445 0.000000
vn -0.947626 -0.319382 0.000000
vn -0.986437 -0.164142 0.000000
vn -0.999989 -0.004699 0.000000
vn -0.987936 0.154865 0.000000
vn -0.950585 0.310463 0.000000
vn -0.888895 0.458112 0.000000
vn -0.804443 0.594030 0.000000
vn -0.699393 0.714737 0.000000
vn -0.576434 0.817144 0.000000
vn -0.438715 0.898626 0.000000
vn -0.289763 0.957098 0.000000
vn -0.133391 0.991063 0.000000
vn 0.026396 0.999652 -0.000000
vn 0.185508 0.982643 -0.000000
vn 0.339870 0.940473 -0.000000
vn 0.485529 0.874221 -0.000000
vn 0.618755 0.785584 -0.000000
vn 0.736138 0.676831 -0.000000
vn 0.834672 0.550748 -0.000000
vn 0.911833 0.410562 -0.000000
vn 0.965645 0.259864 -0.000000
vn 0.994732 0.102511 -0.000000
vn 0.998347 -0.057466 0.000000
vn 0.976400 -0.215972 0.000000
vn 0.929450 -0.368948 0.000000
vn 0.858701 -0.512476 0.000000
vn 0.765965 -0.642882 0.000000
vn 0.653615 -0.756827 0.000000
vn 0.524529 -0.851392 0.000000
vn 0.382012 -0.924157 0.000000
vn 0.229713 -0.973258 0.000000
vn 0.115632 -0.993292 0.000000
vn 0.000000 -1.000000 0.000000
vn 0.006733 -0.999977 0.000000
vn 0.035797 -0.999359 0.000000
vn 0.116382 -0.993204 0.000000
vn 0.244483 -0.969654 0.000000
vn 0.394005 -0.919108 0.000000
vn 0.537830 -0.843053 0.000000
vn 0.663326 -0.748331 0.000000
vn 0.776019 -0.630709 0.000000
vn 0.866955 -0.498387 0.000000
vn 0.933738 -0.357956 0.000000
vn 0.980000 -0.199000 0.000000
vn 0.999081 -0.042860 0.000000
vn 0.994463 0.105089 -0.000000
vn 0.966577 0.256375 -0.000000
vn 0.913579 0.406662 -0.000000
vn 0.834506 0.550998 -0.000000
vn 0.729482 0.684000 -0.000000
vn 0.599859 0.800106 -0.000000
vn 0.464348 0.885653 -0.000000
vn 0.329543 0.944141 -0.000000
vn 0.185317 0.982679 -0.000000
vn 0.034820 0.999394 -0.000000
vn -0.118401 0.992966 0.000000
vn -0.270503 0.962719 0.000000
vn -0.417483 0.908685 0.000000
vn -0.555319 0.831637 0.000000
vn -0.680121 0.733099 0.000000
vn -0.788283 0.615313 0.000000
vn -0.876623 0.481178 0.000000
vn -0.942517 0.334157 0.000000
vn -0.984001 0.178162 0.000000
vn -0.999848 0.017409 0.000000
vn -0.989617 -0.143727 0.000000
vn -0.953663 -0.300876 0.000000
vn -0.893114 -0.449830 0.000000
vn -0.809825 -0.586671 0.000000
vn -0.706301 -0.707912 0.000000
vn -0.585537 -0.810646 0.000000
vn -0.450952 -0.892548 0.000000
vn -0.306484 -0.951876 0.000000
vn -0.155897 -0.987773 0.000000
vn -0.002052 -0.999998 0.000000
vn 0.152366 -0.988324 0.000000
vn 0.304506 -0.952510 0.000000
vn 0.450538 -0.892757 0.000000
vn 0.586257 -0.810125 0.000000
vn 0.707870 -0.706342 0.000000
vn 0.811906 -0.583789 0.000000
vn 0.895276 -0.445512 0.000000
vn 0.955464 -0.295108 0.000000
vn 0.990627 -0.136594 0.000000
vn 0.999669 0.025712 -0.000000
vn 0.982294 0.187344 -0.000000
vn 0.939024 0.343852 -0.000000
vn 0.871180 0.490964 -0.000000
vn 0.780833 0.624740 -0.000000
vn 0.670717 0.741713 -0.000000
vn 0.544117 0.839010 -0.000000
vn 0.404734 0.914434 -0.000000
vn 0.256539 0.966534 -0.000000
vn 0.103612 0.994618 -0.000000
vn -0.050005 0.998749 0.000000
vn -0.200459 0.979702 0.000000
vn -0.344212 0.938892 0.000000
vn -0.478145 0.878281 0.000000
vn -0.599644 0.800267 0.000000
vn -0.706647 0.707566 0.000000
vn -0.797675 0.603087 0.000000
vn -0.871828 0.489812 0.000000
vn -0.928758 0.370687 0.000000
vn -0.968626 0.248523 0.000000
vn -0.992041 0.125917 0.000000
vn -0.999987 0.005187 0.000000
vn -0.993746 -0.111666 0.000000
vn -0.974821 -0.222989 0.000000
vn -0.944858 -0.327480 0.000000
vn -0.905576 -0.424183 0.000000
vn -0.858705 -0.512470 0.000000
vn -0.787310 -0.616557 0.000000
vn -0.699091 -0.715032 0.000000
vn -0.607053 -0.794661 0.000000
vn -0.515175 -0.857085 0.000000
vn -0.426644 -0.904419 0.000000
vn -0.317892 -0.948127 0.000000
vn -0.212471 -0.977167 0.000000
vn -0.104328 -0.994543 0.000000
vn -0.014136 -0.999900 0.000000
vn -0.004562 -0.999990 0.000000
vt 10.995574 5.250000
vt 10.835385 5.205384
vt 10.675196 5.160768
vt 10.515006 5.116151
vt 10.354816 5.071536
vt 10.194627 5.026919
vt 10.034437 4.982303
vt 9.874249 4.937687
vt 9.714059 4.893071
vt 9.553869 4.848454
vt 9.393680 4.803839
vt 9.233490 4.759223
vt 9.073301 4.714606
vt 8.913112 4.669990
vt 8.752922 4.625374
vt 8.592732 4.580758
vt 8.432543 4.536141
vt 8.272353 4.491526
vt 8.112164 4.446909
vt 7.951975 4.402293
vt 7.791785 4.357677
vt 7.631596 4.313061
vt 7.471406 4.268445
vt 7.311217 4.223829
vt 7.151028 4.179213
vt 6.990838 4.134596
vt 6.830648 4.089980
vt 6.670459 4.045364
vt 6.510270 4.000748
vt 6.350080 3.956132
vt 6.189891 3.911515
vt 6.029701 3.866899
vt 5.869512 3.822283
vt 5.709322 3.777667
vt 5.549133 3.733051
vt 5.388944 3.688435
vt 5.228754 3.643819
vt 5.068564 3.599202
vt 4.908375 3.554586
vt 4.748186 3.509970
vt 4.587996 3.465354
vt 4.427807 3.420738
vt 4.267618 3.376122
vt 4.107428 3.331506
vt 3.947238 3.286889
vt 3.787049 3.242273
vt 3.626860 3.197657
vt 3.466670 3.153041
vt 3.306481 3.108425
vt 3.146291 3.063809
vt 2.986102 3.019192
vt 2.825912 2.974576
vt 2.665723 2.929960
vt 2.505534 2.885344
vt 2.345344 2.840728
vt 2.185155 2.796112
vt 2.024965 2.751496
vt 1.864776 2.706879
vt 1.704586 2.662263
vt 1.544397 2.617647
vt 1.384207 2.573031
vt 1.224018 2.528415
vt 1.063829 2.483799
vt 0.903639 2.439183
vt 0.743450 2.394567
vt 0.583260 2.349950
vt 0.423071 2.305334
vt 0.262881 2.260718
vt 0.102692 2.216102
vt -0.057498 2.171486
vt -0.217687 2.126869
vt -0.377877 2.082253
vt -0.538066 2.037637
vt -0.698255 1.993021
vt -0.858445 1.948405
vt -1.018634 1.903789
vt -1.178824 1.859173
vt -1.339013 1.814556
vt -1.454905 1.782278
vt -1.570796 1.750000
vt -1.564063 1.773503
vt -1.534992 1.803024
vt -1.454149 1.856104
vt -1.323810 1.923232
vt -1.165811 1.994373
vt -1.002935 2.062060
vt -0.845542 2.124165
vt -0.682467 2.186136
vt -0.521737 2.245433
vt -0.366078 2.301519
vt -0.200337 2.360045
vt -0.042874 2.414683
vt 0.105284 2.465347
vt 0.259270 2.517328
vt 0.418798 2.570528
vt 0.583560 2.624847
vt 0.753232 2.680179
vt 0.927472 2.736416
vt 1.087898 2.787710
vt 1.234977 2.834357
vt 1.384402 2.881397
vt 1.535970 2.928771
vt 1.689475 2.976417
vt 1.844711 3.024275
vt 2.001470 3.072285
vt 2.159543 3.120388
vt 2.318725 3.168526
vt 2.478809 3.216641
vt 2.639595 3.264679
vt 2.800882 3.312584
vt 2.962475 3.360304
vt 3.124183 3.407789
vt 3.285819 3.454989
vt 3.447204 3.501857
vt 3.608167 3.548351
vt 3.768535 3.594426
vt 3.928129 3.640038
vt 4.086846 3.685162
vt 4.244558 3.729769
vt 4.400892 3.773760
vt 4.555853 3.817144
vt 4.710337 3.860175
vt 4.865351 3.903135
vt 5.021809 3.946272
vt 5.179757 3.989592
vt 5.338820 4.032987
vt 5.498868 4.076412
vt 5.659798 4.119835
vt 5.821439 4.163204
vt 5.983616 4.206464
vt 6.146163 4.249567
vt 6.308900 4.292458
vt 6.471643 4.335083
vt 6.634201 4.377386
vt 6.796381 4.419312
vt 6.957983 4.460804
vt 7.118807 4.501806
vt 7.278646 4.542259
vt 7.437294 4.582108
vt 7.594543 4.621294
vt 7.750183 4.659762
vt 7.904007 4.697458
vt 8.055808 4.734325
vt 8.205380 4.770313
vt 8.352523 4.805368
vt 8.497038 4.839441
vt 8.638730 4.872485
vt 8.777412 4.904454
vt 8.912904 4.935304
vt 9.045030 4.964994
vt 9.173623 4.993488
vt 9.298526 5.020751
vt 9.419591 5.046749
vt 9.536677 5.071454
vt 9.649657 5.094841
vt 9.758412 5.116888
vt 9.862838 5.137577
vt 9.962836 5.156891
vt 10.089140 5.180487
vt 10.221448 5.204067
vt 10.343227 5.224498
vt 10.454362 5.241788
vt 10.554795 5.255963
vt 10.672069 5.270085
vt 10.781471 5.279608
vt 10.891056 5.282254
vt 10.981438 5.266274
vt 10.991013 5.258782
f 2277/2277/2277 2276/2276/2276 2275/2275/2275
f 2274/2274/2274 2277/2277/2277 2275/2275/2275
f 2278/2278/2278 2277/2277/2277 2274/2274/2274
f 2273/2273/2273 2278/2278/2278 2274/2274/2274
f 2279/2279/2279 2278/2278/2278 2273/2273/2273
f 2272/2272/2272 2279/2279/2279 2273/2273/2273
f 2280/2280/2280 2279/2279/2279 2272/2272/2272
f 2271/2271/2271 2280/2280/2280 2272/2272/2272
f 2281/2281/2281 2280/2280/2280 2271/2271/2271
f 2270/2270/2270 2281/2281/2281 2271/2271/2271
f 2282/2282/2282 2281/2281/2281 2270/2270/2270
f 2269/2269/2269 2282/2282/2282 2270/2270/2270
f 2283/2283/2283 2282/2282/2282 2269/2269/2269
f 2268/2268/2268 2283/2283/2283 2269/2269/2269
f 2284/2284/2284 2283/2283/2283 2268/2268/2268
f 2267/2267/2267 2284/2284/2284 2268/2268/2268
f 2285/2285/2285 2284/2284/2284 2267/2267/2267
f 2266/2266/2266 2285/2285/2285 2267/2267/2267
f 2286/2286/2286 2285/2285/2285 2266/2266/2266
f 2265/2265/2265 2286/2286/2286 2266/2266/2266
f 2287/2287/2287 2286/2286/2286 2265/2265/2265
f 2264/2264/2264 2287/2287/2287 2265/2265/2265
f 2288/2288/2288 2287/2287/2287 2264/2264/2264
f 2263/2263/2263 2288/2288/2288 2264/2264/2264
f 2289/2289/2289 2288/2288/2288 2263/2263/2263
f 2290/2290/2290 2289/2289/2289 2263/2263/2263
f 2290/2290/2290 2263/2263/2263 2262/2262/2262
f 2291/2291/2291 2290/2290/2290 2262/2262/2262
f 2291/2291/2291 2262/2262/2262 2261/2261/2261
f 2260/2260/2260 2291/2291/2291 2261/2261/2261
f 2292/2292/2292 2291/2291/2291 2260/2260/2260
f 2259/2259/2259 2292/2292/2292 2260/2260/2260
f 2293/2293/2293 2292/2292/2292 2259/2259/2259
f 2258/2258/2258 2293/2293/2293 2259/2259/2259
f 2294/2294/2294 2293/2293/2293 2258/2258/2258
f 2257/2257/2257 2294/2294/2294 2258/2258/2258
f 2295/2295/2295 2294/2294/2294 2257/2257/2257
f 2256/2256/2256 2295/2295/2295 2257/2257/2257
f 2296/2296/2296 2295/2295/2295 2256/2256/2256
f 2297/2297/2297 2296/2296/2296 2256/2256/2256
f 2297/2297/2297 2256/2256/2256 2255/2255/2255
f 2298/2298/2298 2297/2297/2297 2255/2255/2255
f 2298/2298/2298 2255/2255/2255 2254/2254/2254
f 2299/2299/2299 2254/2254/2254 2253/2253/2253
f 2299/2299/2299 2298/2298/2298 2254/2254/2254
f 2300/2300/2300 2253/2253/2253 2252/2252/2252
f 2300/2300/2300 2299/2299/2299 2253/2253/2253
f 2301/2301/2301 2252/2252/2252 2251/2251/2251
f 2301/2301/2301 2300/2300/2300 2252/2252/2252
f 2302/2302/2302 2251/2251/2251 2250/2250/2250
f 2302/2302/2302 2301/2301/2301 2251/2251/2251
f 2303/2303/2303 2250/2250/2250 2249/2249/2249
f 2303/2303/2303 2302/2302/2302 2250/2250/2250
f 2304/2304/2304 2249/2249/2249 2248/2248/2248
f 2304/2304/2304 2303/2303/2303 2249/2249/2249
f 2305/2305/2305 2248/2248/2248 2247/2247/2247
f 2305/2305/2305 2304/2304/2304 2248/2248/2248
f 2306/2306/2306 2247/2247/2247 2246/2246/2246
f 2306/2306/2306 2305/2305/2305 2247/2247/2247
f 2307/2307/2307 2246/2246/2246 2245/2245/2245
f 2307/2307/2307 2306/2306/2306 2246/2246/2246
f 2308/2308/2308 2245/2245/2245 2244/2244/2244
f 2308/2308/2308 2307/2307/2307 2245/2245/2245
f 2309/2309/2309 2244/2244/2244 2243/2243/2243
f 2309/2309/2309 2308/2308/2308 2244/2244/2244
f 2310/2310/2310 2309/2309/2309 2243/2243/2243
f 2310/2310/2310 2243/2243/2243 2242/2242/2242
f 2311/2311/2311 2310/2310/2310 2242/2242/2242
f 2311/2311/2311 2242/2242/2242 2241/2241/2241
f 2312/2312/2312 2311/2311/2311 2241/2241/2241
f 2312/2312/2312 2241/2241/2241 2240/2240/2240
f 2313/2313/2313 2312/2312/2312 2240/2240/2240
f 2313/2313/2313 2240/2240/2240 2239/2239/2239
f 2314/2314/2314 2313/2313/2313 2239/2239/2239
f 2314/2314/2314 2239/2239/2239 2238/2238/2238
f 2315/2315/2315 2314/2314/2314 2238/2238/2238
f 2315/2315/2315 2238/2238/2238 2237/2237/2237
f 2316/2316/2316 2315/2315/2315 2237/2237/2237
f 2316/2316/2316 2237/2237/2237 2236/2236/2236
f 2317/2317/2317 2316/2316/2316 2236/2236/2236
f 2235/2235/2235 2317/2317/2317 2236/2236/2236
f 2318/2318/2318 2317/2317/2317 2235/2235/2235
f 2234/2234/2234 2318/2318/2318 2235/2235/2235
f 2319/2319/2319 2318/2318/2318 2234/2234/2234
f 2233/2233/2233 2319/2319/2319 2234/2234/2234
f 2320/2320/2320 2319/2319/2319 2233/2233/2233
f 2232/2232/2232 2320/2320/2320 2233/2233/2233
f 2321/2321/2321 2320/2320/2320 2232/2232/2232
f 2231/2231/2231 2321/2321/2321 2232/2232/2232
f 2322/2322/2322 2321/2321/2321 2231/2231/2231
f 2230/2230/2230 2322/2322/2322 2231/2231/2231
f 2323/2323/2323 2322/2322/2322 2230/2230/2230
f 2229/2229/2229 2323/2323/2323 2230/2230/2230
f 2324/2324/2324 2323/2323/2323 2229/2229/2229
f 2228/2228/2228 2324/2324/2324 2229/2229/2229
f 2325/2325/2325 2324/2324/2324 2228/2228/2228
f 2227/2227/2227 2325/2325/2325 2228/2228/2228
f 2326/2326/2326 2325/2325/2325 2227/2227/2227
f 2226/2226/2226 2326/2326/2326 2227/2227/2227
f 2327/2327/2327 2326/2326/2326 2226/2226/2226
f 2225/2225/2225 2327/2327/2327 2226/2226/2226
f 2328/2328/2328 2327/2327/2327 2225/2225/2225
f 2224/2224/2224 2328/2328/2328 2225/2225/2225
f 2329/2329/2329 2328/2328/2328 2224/2224/2224
f 2223/2223/2223 2329/2329/2329 2224/2224/2224
f 2330/2330/2330 2329/2329/2329 2223/2223/2223
f 2222/2222/2222 2330/2330/2330 2223/2223/2223
f 2331/2331/2331 2330/2330/2330 2222/2222/2222
f 2221/2221/2221 2331/2331/2331 2222/2222/2222
f 2332/2332/2332 2331/2331/2331 2221/2221/2221
f 2220/2220/2220 2332/2332/2332 2221/2221/2221
f 2333/2333/2333 2332/2332/2332 2220/2220/2220
f 2219/2219/2219 2333/2333/2333 2220/2220/2220
f 2334/2334/2334 2333/2333/2333 2219/2219/2219
f 2218/2218/2218 2334/2334/2334 2219/2219/2219
f 2335/2335/2335 2334/2334/2334 2218/2218/2218
f 2217/2217/2217 2335/2335/2335 2218/2218/2218
f 2336/2336/2336 2335/2335/2335 2217/2217/2217
f 2216/2216/2216 2336/2336/2336 2217/2217/2217
f 2337/2337/2337 2336/2336/2336 2216/2216/2216
f 2215/2215/2215 2337/2337/2337 2216/2216/2216
f 2338/2338/2338 2337/2337/2337 2215/2215/2215
f 2214/2214/2214 2338/2338/2338 2215/2215/2215
f 2339/2339/2339 2338/2338/2338 2214/2214/2214
f 2213/2213/2213 2339/2339/2339 2214/2214/2214
f 2340/2340/2340 2339/2339/2339 2213/2213/2213
f 2212/2212/2212 2340/2340/2340 2213/2213/2213
f 2341/2341/2341 2340/2340/2340 2212/2212/2212
f 2211/2211/2211 2341/2341/2341 2212/2212/2212
f 2342/2342/2342 2341/2341/2341 2211/2211/2211
f 2210/2210/2210 2342/2342/2342 2211/2211/2211
f 2343/2343/2343 2342/2342/2342 2210/2210/2210
f 2209/2209/2209 2343/2343/2343 2210/2210/2210
f 2344/2344/2344 2343/2343/2343 2209/2209/2209
f 2345/2345/2345 2344/2344/2344 2209/2209/2209
f 2208/2208/2208 2345/2345/2345 2209/2209/2209
f 2346/2346/2346 2345/2345/2345 2208/2208/2208
f 2207/2207/2207 2346/2346/2346 2208/2208/2208
f 2347/2347/2347 2346/2346/2346 2207/2207/2207
f 2206/2206/2206 2347/2347/2347 2207/2207/2207
f 2348/2348/2348 2347/2347/2347 2206/2206/2206
f 2205/2205/2205 2348/2348/2348 2206/2206/2206
f 2349/2349/2349 2348/2348/2348 2205/2205/2205
f 2350/2350/2350 2349/2349/2349 2205/2205/2205
f 2204/2204/2204 2350/2350/2350 2205/2205/2205
f 2351/2351/2351 2350/2350/2350 2204/2204/2204
f 2203/2203/2203 2351/2351/2351 2204/2204/2204
f 2352/2352/2352 2351/2351/2351 2203/2203/2203
f 2353/2353/2353 2352/2352/2352 2203/2203/2203
f 2202/2202/2202 2353/2353/2353 2203/2203/2203
f 2354/2354/2354 2353/2353/2353 2202/2202/2202
f 2201/2201/2201 2354/2354/2354 2202/2202/2202
f 2355/2355/2355 2354/2354/2354 2201/2201/2201
f 2200/2200/2200 2355/2355/2355 2201/2201/2201
f 2356/2356/2356 2355/2355/2355 2200/2200/2200
f 2357/2357/2357 2356/2356/2356 2200/2200/2200
f 2199/2199/2199 2357/2357/2357 2200/2200/2200
f 2358/2358/2358 2357/2357/2357 2199/2199/2199
f 2198/2198/2198 2358/2358/2358 2199/2199/2199
f 2359/2359/2359 2358/2358/2358 2198/2198/2198
f 2360/2360/2360 2359/2359/2359 2198/2198/2198
f 2197/2197/2197 2360/2360/2360 2198/2198/2198
f 2361/2361/2361 2360/2360/2360 2197/2197/2197
f 2362/2362/2362 2361/2361/2361 2197/2197/2197
f 2196/2196/2196 2363/2363/2363 2362/2362/2362
f 2196/2196/2196 2362/2362/2362 2197/2197/2197
v 22.500000 6.129062 70.000000
v 16.482418 9.208706 70.000000
v 10.055912 11.305257 70.000000
v 3.379922 12.366699 70.000000
v -3.379922 12.366699 70.000000
v -10.055912 11.305257 70.000000
v -16.482418 9.208706 70.000000
v -22.500000 6.129062 70.000000
v -22.500000 -6.129062 70.000000
v -16.482418 -9.208706 70.000000
v -10.055912 -11.305257 70.000000
v -3.379922 -12.366699 70.000000
v 3.379922 -12.366699 70.000000
v 10.055912 -11.305257 70.000000
v 16.482418 -9.208706 70.000000
v 22.500000 -6.129062 70.000000
v 7.500000 -0.000000 70.000000
v 7.386058 1.302361 70.000000
v 7.047695 2.565151 70.000000
v 6.495191 3.750000 70.000000
v 5.745333 4.820907 70.000000
v 4.820907 5.745333 70.000000
v 3.750000 6.495191 70.000000
v 2.565151 7.047695 70.000000
v 1.302361 7.386058 70.000000
v 0.000000 7.500000 70.000000
v -1.302361 7.386058 70.000000
v -2.565151 7.047695 70.000000
v -3.750000 6.495191 70.000000
v -4.820907 5.745333 70.000000
v -5.745333 4.820907 70.000000
v -6.495191 3.750000 70.000000
v -7.047695 2.565151 70.000000
v -7.386058 1.302361 70.000000
v -7.500000 0.000000 70.000000
v -7.386058 -1.302361 70.000000
v -7.047695 -2.565151 70.000000
v -6.495191 -3.750000 70.000000
v -5.745333 -4.820907 70.000000
v -4.820907 -5.745333 70.000000
v -3.750000 -6.495191 70.000000
v -2.565151 -7.047695 70.000000
v -1.302361 -7.386058 70.000000
v -0.000000 -7.500000 70.000000
v 1.302361 -7.386058 70.000000
v 2.565151 -7.047695 70.000000
v 3.750000 -6.495191 70.000000
v 4.820907 -5.745333 70.000000
v 5.745333 -4.820907 70.000000
v 6.495191 -3.750000 70.000000
v 7.047695 -2.565151 70.000000
v 7.386058 -1.302361 70.000000
vn 0.000000 0.000000 1.000000
vn 0.000000 0.000000 1.000000
vn 0.000000 0.000000 1.000000
vn 0.000000 0.000000 1.000000
vn 0.000000 0.000000 1.000000
vn 0.000000 0.000000 1.000000
vn 0.000000 0.000000 1.000000
vn 0.000000 0.000000 1.000000
vn 0.000000 0.000000 1.000000
vn 0.000000 0.000000 1.000000
vn 0.000000 0.000000 1.000000
vn 0.000000 0.000000 1.000000
vn 0.000000 0.000000 1.000000
vn 0.000000 0.000000 1.000000
vn 0.000000 0.000000 1.000000
vn 0.000000 0.000000 1.000000
vn 0.000000 0.000000 1.000000
vn 0.000000 0.000000 1.000000
vn 0.000000 0.000000 1.000000
vn 0.000000 0.000000 1.000000
vn 0.000000 0.000000 1.000000
vn 0.000000 0.000000 1.000000
vn 0.000000 0.000000 1.000000
vn 0.000000 0.000000 1.000000
vn 0.000000 0.000000 1.000000
vn 0.000000 0.000000 1.000000
vn 0.000000 0.000000 1.000000
vn 0.000000 0.000000 1.000000
vn 0.000000 0.000000 1.000000
vn 0.000000 0.000000 1.000000
vn 0.000000 0.000000 1.000000
vn 0.000000 0.000000 1.000000
vn 0.000000 0.000000 1.000000
vn 0.000000 0.000000 1.000000
vn 0.000000 0.000000 1.000000
vn 0.000000 0.000000 1.000000
vn 0.000000 0.000000 1.000000
vn 0.000000 0.000000 1.000000
vn 0.000000 0.000000 1.000000
vn 0.000000 0.000000 1.000000
vn 0.000000 0.000000 1.000000
vn 0.000000 0.000000 1.000000
vn 0.000000 0.000000 1.000000
vn 0.000000 0.000000 1.000000
vn 0.000000 0.000000 1.000000
vn 0.000000 0.000000 1.000000
vn 0.000000 0.000000 1.000000
vn 0.000000 0.000000 1.000000
vn 0.000000 0.000000 1.000000
vn 0.000000 0.000000 1.000000
vn 0.000000 0.000000 1.000000
vn 0.000000 0.000000 1.000000
vt 22.500000 6.129062
vt 16.482418 9.208706
vt 10.055912 11.305257
vt 3.379922 12.366699
vt -3.379922 12.366699
vt -10.055912 11.305257
vt -16.482418 9.208706
vt -22.500000 6.129062
vt -22.500000 -6.129062
vt -16.482418 -9.208706
vt -10.055912 -11.305257
vt -3.379922 -12.366699
vt 3.379922 -12.366699
vt 10.055912 -11.305257
vt 16.482418 -9.208706
vt 22.500000 -6.129062
vt 7.500000 0.000000
vt 7.386058 1.302361
vt 7.047695 2.565151
vt 6.495191 3.750000
vt 5.745333 4.820907
vt 4.820907 5.745333
vt 3.750000 6.495191
vt 2.565151 7.047695
vt 1.302361 7.386058
vt -0.000000 7.500000
vt -1.302361 7.386058
vt -2.565151 7.047695
vt -3.750000 6.495191
vt -4.820907 5.745333
vt -5.745333 4.820907
vt -6.495191 3.750000
vt -7.047695 2.565151
vt -7.386058 1.302361
vt -7.500000 0.000000
vt -7.386058 -1.302361
vt -7.047695 -2.565151
vt -6.495191 -3.750000
vt -5.745333 -4.820907
vt -4.820907 -5.745333
vt -3.750000 -6.495191
vt -2.565151 -7.047695
vt -1.302361 -7.386058
vt -0.000000 -7.500000
vt 1.302361 -7.386058
vt 2.565151 -7.047695
vt 3.750000 -6.495191
vt 4.820907 -5.745333
vt 5.745333 -4.820907
vt 6.495191 -3.750000
vt 7.047695 -2.565151
vt 7.386058 -1.302361
f 2402/2402/2402 2374/2374/2374 2403/2403/2403
f 2404/2404/2404 2374/2374/2374 2375/2375/2375
f 2404/2404/2404 2403/2403/2403 2374/2374/2374
f 2401/2401/2401 2373/2373/2373 2374/2374/2374
f 2401/2401/2401 2374/2374/2374 2402/2402/2402
f 2405/2405/2405 2404/2404/2404 2375/2375/2375
f 2400/2400/2400 2373/2373/2373 2401/2401/2401
f 2406/2406/2406 2405/2405/2405 2375/2375/2375
f 2399/2399/2399 2373/2373/2373 2400/2400/2400
f 2407/2407/2407 2375/2375/2375 2376/2376/2376
f 2407/2407/2407 2406/2406/2406 2375/2375/2375
f 2398/2398/2398 2371/2371/2371 2372/2372/2372
f 2398/2398/2398 2372/2372/2372 2373/2373/2373
f 2398/2398/2398 2373/2373/2373 2399/2399/2399
f 2370/2370/2370 2371/2371/2371 2398/2398/2398
f 2408/2408/2408 2407/2407/2407 2376/2376/2376
f 2397/2397/2397 2370/2370/2370 2398/2398/2398
f 2409/2409/2409 2408/2408/2408 2376/2376/2376
f 2396/2396/2396 2370/2370/2370 2397/2397/2397
f 2410/2410/2410 2409/2409/2409 2376/2376/2376
f 2395/2395/2395 2370/2370/2370 2396/2396/2396
f 2377/2377/2377 2410/2410/2410 2376/2376/2376
f 2411/2411/2411 2410/2410/2410 2377/2377/2377
f 2412/2412/2412 2411/2411/2411 2377/2377/2377
f 2369/2369/2369 2370/2370/2370 2395/2395/2395
f 2369/2369/2369 2394/2394/2394 2393/2393/2393
f 2369/2369/2369 2395/2395/2395 2394/2394/2394
f 2413/2413/2413 2412/2412/2412 2377/2377/2377
f 2392/2392/2392 2369/2369/2369 2393/2393/2393
f 2378/2378/2378 2413/2413/2413 2377/2377/2377
f 2378/2378/2378 2414/2414/2414 2413/2413/2413
f 2378/2378/2378 2415/2415/2415 2414/2414/2414
f 2380/2380/2380 2415/2415/2415 2378/2378/2378
f 2368/2368/2368 2369/2369/2369 2392/2392/2392
f 2368/2368/2368 2390/2390/2390 2389/2389/2389
f 2368/2368/2368 2391/2391/2391 2390/2390/2390
f 2368/2368/2368 2392/2392/2392 2391/2391/2391
f 2367/2367/2367 2387/2387/2387 2386/2386/2386
f 2367/2367/2367 2388/2388/2388 2387/2387/2387
f 2367/2367/2367 2389/2389/2389 2388/2388/2388
f 2367/2367/2367 2368/2368/2368 2389/2389/2389
f 2379/2379/2379 2380/2380/2380 2378/2378/2378
f 2366/2366/2366 2384/2384/2384 2383/2383/2383
f 2366/2366/2366 2385/2385/2385 2384/2384/2384
f 2366/2366/2366 2386/2386/2386 2385/2385/2385
f 2366/2366/2366 2367/2367/2367 2386/2386/2386
f 2365/2365/2365 2381/2381/2381 2380/2380/2380
f 2365/2365/2365 2382/2382/2382 2381/2381/2381
f 2365/2365/2365 2383/2383/2383 2382/2382/2382
f 2365/2365/2365 2366/2366/2366 2383/2383/2383
f 2364/2364/2364 2365/2365/2365 2380/2380/2380
f 2364/2364/2364 2380/2380/2380 2379/2379/2379
v 22.500000 6.129062 70.000000
v 22.727596 6.498738 69.962021
v 22.948278 6.857181 69.849228
v 23.155340 7.193501 69.665062
v 23.342489 7.497478 69.415108
v 23.504040 7.759877 69.106972
v 23.635082 7.972724 68.750000
v 23.731636 8.129552 68.355049
v 23.790768 8.225596 67.934120
v 23.810680 8.257939 67.500000
v 17.442558 11.516980 67.500000
v 10.641693 13.735661 67.500000
v 3.576811 14.858934 67.500000
v -3.576811 14.858934 67.500000
v -10.641693 13.735661 67.500000
v -17.442558 11.516980 67.500000
v -23.810680 8.257939 67.500000
v -22.500000 6.129062 70.000000
v -22.727596 6.498738 69.962021
v -22.948278 6.857181 69.849228
v -23.155340 7.193501 69.665062
v -23.342489 7.497478 69.415108
v -23.504040 7.759877 69.106972
v -23.635082 7.972724 68.750000
v -23.731636 8.129552 68.355049
v -23.790768 8.225596 67.934120
v 16.482418 9.208706 70.000000
v 10.055912 11.305257 70.000000
v 3.379922 12.366699 70.000000
v -3.379922 12.366699 70.000000
v -10.055912 11.305257 70.000000
v -16.482418 9.208706 70.000000
v 17.427973 11.481913 67.934120
v 17.384655 11.377774 68.355049
v 17.313925 11.207730 68.750000
v 17.217928 10.976947 69.106972
v 17.099585 10.692436 69.415108
v 16.962488 10.362844 69.665062
v 16.810806 9.998182 69.849228
v 16.649145 9.609533 69.962021
v 10.632794 13.698737 67.934120
v 10.606367 13.589089 68.355049
v 10.563213 13.410048 68.750000
v 10.504647 13.167054 69.106972
v 10.432446 12.867490 69.415108
v 10.348803 12.520458 69.665062
v 10.256261 12.136504 69.849228
v 10.157632 11.727292 69.962021
v 3.573820 14.821072 67.934120
v 3.564937 14.708634 68.355049
v 3.550433 14.525038 68.750000
v 3.530748 14.275862 69.106972
v 3.506480 13.968677 69.415108
v 3.478367 13.612817 69.665062
v 3.447262 13.219094 69.849228
v 3.414112 12.799471 69.962021
v -3.573820 14.821072 67.934120
v -3.564937 14.708634 68.355049
v -3.550433 14.525038 68.750000
v -3.530748 14.275862 69.106972
v -3.506480 13.968677 69.415108
v -3.478367 13.612817 69.665062
v -3.447262 13.219094 69.849228
v -3.414112 12.799471 69.962021
v -10.632794 13.698737 67.934120
v -10.606367 13.589089 68.355049
v -10.563213 13.410048 68.750000
v -10.504647 13.167054 69.106972
v -10.432446 12.867490 69.415108
v -10.348803 12.520458 69.665062
v -10.256261 12.136504 69.849228
v -10.157632 11.727292 69.962021
v -17.427973 11.481913 67.934120
v -17.384655 11.377774 68.355049
v -17.313925 11.207730 68.750000
v -17.217928 10.976947 69.106972
v -17.099585 10.692436 69.415108
v -16.962488 10.362844 69.665062
v -16.810806 9.998182 69.849228
v -16.649145 9.609533 69.962021
vn -0.000000 -0.000000 1.000000
vn 0.091039 0.147870 0.984808
vn 0.179312 0.291248 0.939693
vn 0.262136 0.425775 0.866025
vn 0.336995 0.547366 0.766044
vn 0.401616 0.652326 0.642788
vn 0.454033 0.737465 0.500000
vn 0.492654 0.800196 0.342020
vn 0.516307 0.838614 0.173648
vn 0.524272 0.851551 -0.000000
vn 0.384056 0.923310 -0.000000
vn 0.234313 0.972161 -0.000000
vn 0.078755 0.996894 -0.000000
vn -0.078755 0.996894 0.000000
vn -0.234313 0.972161 0.000000
vn -0.384056 0.923310 0.000000
vn -0.524272 0.851551 0.000000
vn 0.000000 -0.000000 1.000000
vn -0.091039 0.147870 0.984808
vn -0.179312 0.291248 0.939693
vn -0.262136 0.425775 0.866025
vn -0.336995 0.547366 0.766044
vn -0.401616 0.652326 0.642788
vn -0.454033 0.737465 0.500000
vn -0.492654 0.800196 0.342020
vn -0.516307 0.838614 0.173648
vn -0.000000 -0.000000 1.000000
vn -0.000000 -0.000000 1.000000
vn -0.000000 -0.000000 1.000000
vn 0.000000 -0.000000 1.000000
vn 0.000000 -0.000000 1.000000
vn 0.000000 -0.000000 1.000000
vn 0.378222 0.909283 0.173648
vn 0.360895 0.867627 0.342020
vn 0.332603 0.799610 0.500000
vn 0.294204 0.707296 0.642788
vn 0.246867 0.593492 0.766044
vn 0.192028 0.461655 0.866025
vn 0.131355 0.315791 0.939693
vn 0.066691 0.160331 0.984808
vn 0.230753 0.957392 0.173648
vn 0.220182 0.913533 0.342020
vn 0.202921 0.841916 0.500000
vn 0.179494 0.744719 0.642788
vn 0.150613 0.624893 0.766044
vn 0.117156 0.486081 0.866025
vn 0.080140 0.332499 0.939693
vn 0.040688 0.168814 0.984808
vn 0.077559 0.981749 0.173648
vn 0.074006 0.936774 0.342020
vn 0.068204 0.863335 0.500000
vn 0.060330 0.763665 0.642788
vn 0.050623 0.640791 0.766044
vn 0.039378 0.498447 0.866025
vn 0.026936 0.340958 0.939693
vn 0.013676 0.173109 0.984808
vn -0.077559 0.981749 0.173648
vn -0.074006 0.936774 0.342020
vn -0.068204 0.863335 0.500000
vn -0.060330 0.763665 0.642788
vn -0.050623 0.640791 0.766044
vn -0.039378 0.498447 0.866025
vn -0.026936 0.340958 0.939693
vn -0.013676 0.173109 0.984808
vn -0.230753 0.957392 0.173648
vn -0.220182 0.913533 0.342020
vn -0.202921 0.841916 0.500000
vn -0.179494 0.744719 0.642788
vn -0.150613 0.624893 0.766044
vn -0.117156 0.486081 0.866025
vn -0.080140 0.332499 0.939693
vn -0.040688 0.168814 0.984808
vn -0.378222 0.909283 0.173648
vn -0.360895 0.867627 0.342020
vn -0.332603 0.799610 0.500000
vn -0.294204 0.707296 0.642788
vn -0.246867 0.593492 0.766044
vn -0.192028 0.461655 0.866025
vn -0.131355 0.315791 0.939693
vn -0.066691 0.160331 0.984808
vt 0.031054 1.570796
vt 0.031054 1.396263
vt 0.031054 1.221730
vt 0.031054 1.047198
vt 0.031054 0.872665
vt 0.031054 0.698132
vt 0.031054 0.523599
vt 0.031054 0.349066
vt 0.031054 0.174533
vt 0.031054 0.000000
vt 0.188728 0.000000
vt 0.346402 0.000000
vt 0.504076 0.000000
vt 0.661751 0.000000
vt 0.819425 0.000000
vt 0.977099 0.000000
vt 1.134773 0.000000
vt 1.134773 1.570796
vt 1.134773 1.396263
vt 1.134773 1.221730
vt 1.134773 1.047198
vt 1.134773 0.872665
vt 1.134773 0.698132
vt 1.134773 0.523599
vt 1.134773 0.349066
vt 1.134773 0.174533
vt 0.188728 1.570796
vt 0.346402 1.570796
vt 0.504076 1.570796
vt 0.661751 1.570796
vt 0.819425 1.570796
vt 0.977099 1.570796
vt 0.188728 0.174533
vt 0.188728 0.349066
vt 0.188728 0.523599
vt 0.188728 0.698132
vt 0.188728 0.872665
vt 0.188728 1.047198
vt 0.188728 1.221730
vt 0.188728 1.396263
vt 0.346402 0.174533
vt 0.346402 0.349066
vt 0.346402 0.523599
vt 0.346402 0.698132
vt 0.346402 0.872665
vt 0.346402 1.047198
vt 0.346402 1.221730
vt 0.346402 1.396263
vt 0.504076 0.174533
vt 0.504076 0.349066
vt 0.504076 0.523599
vt 0.504076 0.698132
vt 0.504076 0.872665
vt 0.504076 1.047198
vt 0.504076 1.221730
vt 0.504076 1.396263
vt 0.661751 0.174533
vt 0.661751 0.349066
vt 0.661751 0.523599
vt 0.661751 0.698132
vt 0.661751 0.872665
vt 0.661751 1.047198
vt 0.661751 1.221730
vt 0.661751 1.396263
vt 0.819425 0.174533
vt 0.819425 0.349066
vt 0.819425 0.523599
vt 0.819425 0.698132
vt 0.819425 0.872665
vt 0.819425 1.047198
vt 0.819425 1.221730
vt 0.819425 1.396263
vt 0.977099 0.174533
vt 0.977099 0.349066
vt 0.977099 0.523599
vt 0.977099 0.698132
vt 0.977099 0.872665
vt 0.977099 1.047198
vt 0.977099 1.221730
vt 0.977099 1.396263
f 2426/2426/2426 2424/2424/2424 2425/2425/2425
f 2442/2442/2442 2416/2416/2416 2417/2417/2417
f 2448/2448/2448 2426/2426/2426 2427/2427/2427
f 2448/2448/2448 2424/2424/2424 2426/2426/2426
f 2449/2449/2449 2423/2423/2423 2424/2424/2424
f 2449/2449/2449 2424/2424/2424 2448/2448/2448
f 2450/2450/2450 2422/2422/2422 2423/2423/2423
f 2450/2450/2450 2423/2423/2423 2449/2449/2449
f 2451/2451/2451 2421/2421/2421 2422/2422/2422
f 2451/2451/2451 2422/2422/2422 2450/2450/2450
f 2452/2452/2452 2420/2420/2420 2421/2421/2421
f 2452/2452/2452 2421/2421/2421 2451/2451/2451
f 2453/2453/2453 2419/2419/2419 2420/2420/2420
f 2453/2453/2453 2420/2420/2420 2452/2452/2452
f 2454/2454/2454 2418/2418/2418 2419/2419/2419
f 2454/2454/2454 2419/2419/2419 2453/2453/2453
f 2455/2455/2455 2417/2417/2417 2418/2418/2418
f 2455/2455/2455 2418/2418/2418 2454/2454/2454
f 2455/2455/2455 2442/2442/2442 2417/2417/2417
f 2456/2456/2456 2448/2448/2448 2427/2427/2427
f 2457/2457/2457 2448/2448/2448 2456/2456/2456
f 2457/2457/2457 2449/2449/2449 2448/2448/2448
f 2458/2458/2458 2449/2449/2449 2457/2457/2457
f 2458/2458/2458 2450/2450/2450 2449/2449/2449
f 2459/2459/2459 2450/2450/2450 2458/2458/2458
f 2459/2459/2459 2452/2452/2452 2451/2451/2451
f 2459/2459/2459 2451/2451/2451 2450/2450/2450
f 2460/2460/2460 2452/2452/2452 2459/2459/2459
f 2461/2461/2461 2453/2453/2453 2452/2452/2452
f 2461/2461/2461 2452/2452/2452 2460/2460/2460
f 2462/2462/2462 2454/2454/2454 2453/2453/2453
f 2462/2462/2462 2453/2453/2453 2461/2461/2461
f 2463/2463/2463 2443/2443/2443 2442/2442/2442
f 2463/2463/2463 2454/2454/2454 2462/2462/2462
f 2463/2463/2463 2442/2442/2442 2455/2455/2455
f 2463/2463/2463 2455/2455/2455 2454/2454/2454
f 2464/2464/2464 2427/2427/2427 2428/2428/2428
f 2464/2464/2464 2456/2456/2456 2427/2427/2427
f 2465/2465/2465 2456/2456/2456 2464/2464/2464
f 2465/2465/2465 2458/2458/2458 2457/2457/2457
f 2465/2465/2465 2457/2457/2457 2456/2456/2456
f 2466/2466/2466 2458/2458/2458 2465/2465/2465
f 2467/2467/2467 2458/2458/2458 2466/2466/2466
f 2467/2467/2467 2460/2460/2460 2459/2459/2459
f 2467/2467/2467 2459/2459/2459 2458/2458/2458
f 2468/2468/2468 2460/2460/2460 2467/2467/2467
f 2469/2469/2469 2461/2461/2461 2460/2460/2460
f 2469/2469/2469 2460/2460/2460 2468/2468/2468
f 2470/2470/2470 2462/2462/2462 2461/2461/2461
f 2470/2470/2470 2461/2461/2461 2469/2469/2469
f 2471/2471/2471 2463/2463/2463 2462/2462/2462
f 2471/2471/2471 2462/2462/2462 2470/2470/2470
f 2471/2471/2471 2444/2444/2444 2443/2443/2443
f 2471/2471/2471 2443/2443/2443 2463/2463/2463
f 2472/2472/2472 2428/2428/2428 2429/2429/2429
f 2472/2472/2472 2464/2464/2464 2428/2428/2428
f 2473/2473/2473 2464/2464/2464 2472/2472/2472
f 2473/2473/2473 2465/2465/2465 2464/2464/2464
f 2474/2474/2474 2466/2466/2466 2465/2465/2465
f 2474/2474/2474 2467/2467/2467 2466/2466/2466
f 2474/2474/2474 2465/2465/2465 2473/2473/2473
f 2475/2475/2475 2467/2467/2467 2474/2474/2474
f 2476/2476/2476 2468/2468/2468 2467/2467/2467
f 2476/2476/2476 2469/2469/2469 2468/2468/2468
f 2476/2476/2476 2467/2467/2467 2475/2475/2475
f 2477/2477/2477 2470/2470/2470 2469/2469/2469
f 2477/2477/2477 2469/2469/2469 2476/2476/2476
f 2478/2478/2478 2470/2470/2470 2477/2477/2477
f 2479/2479/2479 2445/2445/2445 2444/2444/2444
f 2479/2479/2479 2444/2444/2444 2471/2471/2471
f 2479/2479/2479 2470/2470/2470 2478/2478/2478
f 2479/2479/2479 2471/2471/2471 2470/2470/2470
f 2480/2480/2480 2472/2472/2472 2429/2429/2429
f 2480/2480/2480 2429/2429/2429 2430/2430/2430
f 2481/2481/2481 2473/2473/2473 2472/2472/2472
f 2481/2481/2481 2472/2472/2472 2480/2480/2480
f 2482/2482/2482 2474/2474/2474 2473/2473/2473
f 2482/2482/2482 2473/2473/2473 2481/2481/2481
f 2483/2483/2483 2475/2475/2475 2474/2474/2474
f 2483/2483/2483 2474/2474/2474 2482/2482/2482
f 2484/2484/2484 2476/2476/2476 2475/2475/2475
f 2484/2484/2484 2475/2475/2475 2483/2483/2483
f 2485/2485/2485 2477/2477/2477 2476/2476/2476
f 2485/2485/2485 2476/2476/2476 2484/2484/2484
f 2486/2486/2486 2478/2478/2478 2477/2477/2477
f 2486/2486/2486 2477/2477/2477 2485/2485/2485
f 2487/2487/2487 2446/2446/2446 2445/2445/2445
f 2487/2487/2487 2445/2445/2445 2479/2479/2479
f 2487/2487/2487 2479/2479/2479 2478/2478/2478
f 2487/2487/2487 2478/2478/2478 2486/2486/2486
f 2488/2488/2488 2430/2430/2430 2431/2431/2431
f 2488/2488/2488 2431/2431/2431 2432/2432/2432
f 2488/2488/2488 2432/2432/2432 2441/2441/2441
f 2488/2488/2488 2480/2480/2480 2430/2430/2430
f 2489/2489/2489 2440/2440/2440 2439/2439/2439
f 2489/2489/2489 2441/2441/2441 2440/2440/2440
f 2489/2489/2489 2481/2481/2481 2480/2480/2480
f 2489/2489/2489 2482/2482/2482 2481/2481/2481
f 2489/2489/2489 2480/2480/2480 2488/2488/2488
f 2489/2489/2489 2488/2488/2488 2441/2441/2441
f 2490/2490/2490 2439/2439/2439 2438/2438/2438
f 2490/2490/2490 2483/2483/2483 2482/2482/2482
f 2490/2490/2490 2482/2482/2482 2489/2489/2489
f 2490/2490/2490 2489/2489/2489 2439/2439/2439
f 2491/2491/2491 2490/2490/2490 2438/2438/2438
f 2491/2491/2491 2483/2483/2483 2490/2490/2490
f 2492/2492/2492 2438/2438/2438 2437/2437/2437
f 2492/2492/2492 2483/2483/2483 2491/2491/2491
f 2492/2492/2492 2484/2484/2484 2483/2483/2483
f 2492/2492/2492 2491/2491/2491 2438/2438/2438
f 2493/2493/2493 2437/2437/2437 2436/2436/2436
f 2493/2493/2493 2492/2492/2492 2437/2437/2437
f 2493/2493/2493 2485/2485/2485 2484/2484/2484
f 2493/2493/2493 2486/2486/2486 2485/2485/2485
f 2493/2493/2493 2484/2484/2484 2492/2492/2492
f 2494/2494/2494 2435/2435/2435 2434/2434/2434
f 2494/2494/2494 2436/2436/2436 2435/2435/2435
f 2494/2494/2494 2487/2487/2487 2486/2486/2486
f 2494/2494/2494 2493/2493/2493 2436/2436/2436
f 2494/2494/2494 2486/2486/2486 2493/2493/2493
f 2495/2495/2495 2434/2434/2434 2433/2433/2433
f 2495/2495/2495 2447/2447/2447 2446/2446/2446
f 2495/2495/2495 2433/2433/2433 2447/2447/2447
f 2495/2495/2495 2494/2494/2494 2434/2434/2434
f 2495/2495/2495 2446/2446/2446 2487/2487/2487
f 2495/2495/2495 2487/2487/2487 2494/2494/2494
v -22.500000 -6.129062 70.000000
v -22.934120 -6.129062 69.962021
v -23.355051 -6.129062 69.849228
v -23.750000 -6.129062 69.665062
v -24.106970 -6.129062 69.415108
v -24.415112 -6.129062 69.106972
v -24.665064 -6.129062 68.750000
v -24.849232 -6.129062 68.355049
v -24.962019 -6.129062 67.934120
v -25.000000 -6.129062 67.500000
v -22.500000 6.129062 70.000000
v -22.934120 6.129062 69.962021
v -23.355051 6.129062 69.849228
v -23.750000 6.129062 69.665062
v -24.106970 6.129062 69.415108
v -24.415112 6.129062 69.106972
v -24.665064 6.129062 68.750000
v -24.849232 6.129062 68.355049
v -24.962019 6.129062 67.934120
v -25.000000 6.129062 67.500000
vn 0.000000 0.000000 1.000000
vn -0.173648 -0.000000 0.984808
vn -0.342020 -0.000000 0.939693
vn -0.500000 -0.000000 0.866025
vn -0.642788 -0.000000 0.766044
vn -0.766044 -0.000000 0.642788
vn -0.866025 -0.000000 0.500000
vn -0.939693 -0.000000 0.342020
vn -0.984808 -0.000000 0.173648
vn -1.000000 -0.000000 0.000000
vn 0.000000 0.000000 1.000000
vn -0.173648 -0.000000 0.984808
vn -0.342020 -0.000000 0.939693
vn -0.500000 -0.000000 0.866025
vn -0.642788 -0.000000 0.766044
vn -0.766044 -0.000000 0.642788
vn -0.866025 -0.000000 0.500000
vn -0.939693 -0.000000 0.342020
vn -0.984808 -0.000000 0.173648
vn -1.000000 -0.000000 0.000000
vt 4.712389 6.129062
vt 4.886922 6.129062
vt 5.061455 6.129062
vt 5.235988 6.129062
vt 5.410521 6.129062
vt 5.585053 6.129062
vt 5.759586 6.129062
vt 5.934119 6.129062
vt 6.108653 6.129062
vt 6.283185 6.129062
vt 4.712389 -6.129062
vt 4.886922 -6.129062
vt 5.061455 -6.129062
vt 5.235988 -6.129062
vt 5.410521 -6.129062
vt 5.585053 -6.129062
vt 5.759586 -6.129062
vt 5.934119 -6.129062
vt 6.108653 -6.129062
vt 6.283185 -6.129062
f 2496/2496/2496 2506/2506/2506 2507/2507/2507
f 2497/2497/2497 2496/2496/2496 2507/2507/2507
f 2498/2498/2498 2507/2507/2507 2508/2508/2508
f 2498/2498/2498 2508/2508/2508 2509/2509/2509
f 2498/2498/2498 2497/2497/2497 2507/2507/2507
f 2499/2499/2499 2498/2498/2498 2509/2509/2509
f 2500/2500/2500 2509/2509/2509 2510/2510/2510
f 2500/2500/2500 2499/2499/2499 2509/2509/2509
f 2501/2501/2501 2510/2510/2510 2511/2511/2511
f 2501/2501/2501 2500/2500/2500 2510/2510/2510
f 2502/2502/2502 2511/2511/2511 2512/2512/2512
f 2502/2502/2502 2512/2512/2512 2513/2513/2513
f 2502/2502/2502 2501/2501/2501 2511/2511/2511
f 2503/2503/2503 2502/2502/2502 2513/2513/2513
f 2504/2504/2504 2513/2513/2513 2514/2514/2514
f 2504/2504/2504 2503/2503/2503 2513/2513/2513
f 2505/2505/2505 2514/2514/2514 2515/2515/2515
f 2505/2505/2505 2504/2504/2504 2514/2514/2514
v -22.500000 -6.129062 70.000000
v -22.727596 -6.498738 69.962021
v -22.948278 -6.857181 69.849228
v -23.155340 -7.193501 69.665062
v -23.342489 -7.497478 69.415108
v -23.504040 -7.759877 69.106972
v -23.635082 -7.972724 68.750000
v -23.731636 -8.129552 68.355049
v -23.790768 -8.225596 67.934120
v -23.810680 -8.257939 67.500000
v -17.442558 -11.516980 67.500000
v -10.641693 -13.735661 67.500000
v -3.576811 -14.858934 67.500000
v 3.576811 -14.858934 67.500000
v 10.641693 -13.735661 67.500000
v 17.442558 -11.516980 67.500000
v 23.810680 -8.257939 67.500000
v 22.500000 -6.129062 70.000000
v 22.727596 -6.498738 69.962021
v 22.948278 -6.857181 69.849228
v 23.155340 -7.193501 69.665062
v 23.342489 -7.497478 69.415108
v 23.504040 -7.759877 69.106972
v 23.635082 -7.972724 68.750000
v 23.731636 -8.129552 68.355049
v 23.790768 -8.225596 67.934120
v -16.482418 -9.208706 70.000000
v -10.055912 -11.305257 70.000000
v -3.379922 -12.366699 70.000000
v 3.379922 -12.366699 70.000000
v 10.055912 -11.305257 70.000000
v 16.482418 -9.208706 70.000000
v -17.427973 -11.481913 67.934120
v -17.384655 -11.377774 68.355049
v -17.313925 -11.207730 68.750000
v -17.217928 -10.976947 69.106972
v -17.099585 -10.692436 69.415108
v -16.962488 -10.362844 69.665062
v -16.810806 -9.998182 69.849228
v -16.649145 -9.609533 69.962021
v -10.632794 -13.698737 67.934120
v -10.606367 -13.589089 68.355049
v -10.563213 -13.410048 68.750000
v -10.504647 -13.167054 69.106972
v -10.432446 -12.867490 69.415108
v -10.348803 -12.520458 69.665062
v -10.256261 -12.136504 69.849228
v -10.157632 -11.727292 69.962021
v -3.573820 -14.821072 67.934120
v -3.564937 -14.708634 68.355049
v -3.550433 -14.525038 68.750000
v -3.530748 -14.275862 69.106972
v -3.506480 -13.968677 69.415108
v -3.478367 -13.612817 69.665062
v -3.447262 -13.219094 69.849228
v -3.414112 -12.799471 69.962021
v 3.573820 -14.821072 67.934120
v 3.564937 -14.708634 68.355049
v 3.550433 -14.525038 68.750000
v 3.530748 -14.275862 69.106972
v 3.506480 -13.968677 69.415108
v 3.478367 -13.612817 69.665062
v 3.447262 -13.219094 69.849228
v 3.414112 -12.799471 69.962021
v 10.632794 -13.698737 67.934120
v 10.606367 -13.589089 68.355049
v 10.563213 -13.410048 68.750000
v 10.504647 -13.167054 69.106972
v 10.432446 -12.867490 69.415108
v 10.348803 -12.520458 69.665062
v 10.256261 -12.136504 69.849228
v 10.157632 -11.727292 69.962021
v 17.427973 -11.481913 67.934120
v 17.384655 -11.377774 68.355049
v 17.313925 -11.207730 68.750000
v 17.217928 -10.976947 69.106972
v 17.099585 -10.692436 69.415108
v 16.962488 -10.362844 69.665062
v 16.810806 -9.998182 69.849228
v 16.649145 -9.609533 69.962021
vn 0.000000 0.000000 1.000000
vn -0.091039 -0.147870 0.984808
vn -0.179312 -0.291248 0.939693
vn -0.262136 -0.425775 0.866025
vn -0.336995 -0.547366 0.766044
vn -0.401616 -0.652326 0.642788
vn -0.454033 -0.737465 0.500000
vn -0.492654 -0.800196 0.342020
vn -0.516307 -0.838614 0.173648
vn -0.524272 -0.851551 0.000000
vn -0.384056 -0.923310 0.000000
vn -0.234313 -0.972161 0.000000
vn -0.078755 -0.996894 0.000000
vn 0.078755 -0.996894 0.000000
vn 0.234313 -0.972161 0.000000
vn 0.384056 -0.923310 0.000000
vn 0.524272 -0.851551 0.000000
vn -0.000000 0.000000 1.000000
vn 0.091039 -0.147870 0.984808
vn 0.179312 -0.291248 0.939693
vn 0.262136 -0.425775 0.866025
vn 0.336995 -0.547366 0.766044
vn 0.401616 -0.652326 0.642788
vn 0.454033 -0.737465 0.500000
vn 0.492654 -0.800196 0.342020
vn 0.516307 -0.838614 0.173648
vn 0.000000 0.000000 1.000000
vn 0.000000 0.000000 1.000000
vn 0.000000 0.000000 1.000000
vn -0.000000 0.000000 1.000000
vn -0.000000 0.000000 1.000000
vn -0.000000 0.000000 1.000000
vn -0.378222 -0.909283 0.173648
vn -0.360895 -0.867627 0.342020
vn -0.332603 -0.799610 0.500000
vn -0.294204 -0.707296 0.642788
vn -0.246867 -0.593492 0.766044
vn -0.192028 -0.461655 0.866025
vn -0.131355 -0.315791 0.939693
vn -0.066691 -0.160331 0.984808
vn -0.230753 -0.957392 0.173648
vn -0.220182 -0.913533 0.342020
vn -0.202921 -0.841916 0.500000
vn -0.179494 -0.744719 0.642788
vn -0.150613 -0.624893 0.766044
vn -0.117156 -0.486081 0.866025
vn -0.080140 -0.332499 0.939693
vn -0.040688 -0.168814 0.984808
vn -0.077559 -0.981749 0.173648
vn -0.074006 -0.936774 0.342020
vn -0.068204 -0.863335 0.500000
vn -0.060330 -0.763665 0.642788
vn -0.050623 -0.640791 0.766044
vn -0.039378 -0.498447 0.866025
vn -0.026936 -0.340958 0.939693
vn -0.013676 -0.173109 0.984808
vn 0.077559 -0.981749 0.173648
vn 0.074006 -0.936774 0.342020
vn 0.068204 -0.863335 0.500000
vn 0.060330 -0.763665 0.642788
vn 0.050623 -0.640791 0.766044
vn 0.039378 -0.498447 0.866025
vn 0.026936 -0.340958 0.939693
vn 0.013676 -0.173109 0.984808
vn 0.230753 -0.957392 0.173648
vn 0.220182 -0.913533 0.342020
vn 0.202921 -0.841916 0.500000
vn 0.179494 -0.744719 0.642788
vn 0.150613 -0.624893 0.766044
vn 0.117156 -0.486081 0.866025
vn 0.080140 -0.332499 0.939693
vn 0.040688 -0.168814 0.984808
vn 0.378222 -0.909283 0.173648
vn 0.360895 -0.867627 0.342020
vn 0.332603 -0.799610 0.500000
vn 0.294204 -0.707296 0.642788
vn 0.246867 -0.593492 0.766044
vn 0.192028 -0.461655 0.866025
vn 0.131355 -0.315791 0.939693
vn 0.066691 -0.160331 0.984808
vt 0.031054 1.570796
vt 0.031054 1.396263
vt 0.031054 1.221730
vt 0.031054 1.047198
vt 0.031054 0.872665
vt 0.031054 0.698132
vt 0.031054 0.523599
vt 0.031054 0.349066
vt 0.031054 0.174533
vt 0.031054 0.000000
vt 0.188728 0.000000
vt 0.346402 0.000000
vt 0.504076 0.000000
vt 0.661751 0.000000
vt 0.819425 0.000000
vt 0.977099 0.000000
vt 1.134773 0.000000
vt 1.134773 1.570796
vt 1.134773 1.396263
vt 1.134773 1.221730
vt 1.134773 1.047198
vt 1.134773 0.872665
vt 1.134773 0.698132
vt 1.134773 0.523599
vt 1.134773 0.349066
vt 1.134773 0.174533
vt 0.188728 1.570796
vt 0.346402 1.570796
vt 0.504076 1.570796
vt 0.661751 1.570796
vt 0.819425 1.570796
vt 0.977099 1.570796
vt 0.188728 0.174533
vt 0.188728 0.349066
vt 0.188728 0.523599
vt 0.188728 0.698132
vt 0.188728 0.872665
vt 0.188728 1.047198
vt 0.188728 1.221730
vt 0.188728 1.396263
vt 0.346402 0.174533
vt 0.346402 0.349066
vt 0.346402 0.523599
vt 0.346402 0.698132
vt 0.346402 0.872665
vt 0.346402 1.047198
vt 0.346402 1.221730
vt 0.346402 1.396263
vt 0.504076 0.174533
vt 0.504076 0.349066
vt 0.504076 0.523599
vt 0.504076 0.698132
vt 0.504076 0.872665
vt 0.504076 1.047198
vt 0.504076 1.221730
vt 0.504076 1.396263
vt 0.661751 0.174533
vt 0.661751 0.349066
vt 0.661751 0.523599
vt 0.661751 0.698132
vt 0.661751 0.872665
vt 0.661751 1.047198
vt 0.661751 1.221730
vt 0.661751 1.396263
vt 0.819425 0.174533
vt 0.819425 0.349066
vt 0.819425 0.523599
vt 0.819425 0.698132
vt 0.819425 0.872665
vt 0.819425 1.047198
vt 0.819425 1.221730
vt 0.819425 1.396263
vt 0.977099 0.174533
vt 0.977099 0.349066
vt 0.977099 0.523599
vt 0.977099 0.698132
vt 0.977099 0.872665
vt 0.977099 1.047198
vt 0.977099 1.221730
vt 0.977099 1.396263
f 2526/2526/2526 2524/2524/2524 2525/2525/2525
f 2542/2542/2542 2516/2516/2516 2517/2517/2517
f 2548/2548/2548 2524/2524/2524 2526/2526/2526
f 2549/2549/2549 2523/2523/2523 2524/2524/2524
f 2549/2549/2549 2524/2524/2524 2548/2548/2548
f 2550/2550/2550 2522/2522/2522 2523/2523/2523
f 2550/2550/2550 2523/2523/2523 2549/2549/2549
f 2551/2551/2551 2521/2521/2521 2522/2522/2522
f 2551/2551/2551 2522/2522/2522 2550/2550/2550
f 2552/2552/2552 2520/2520/2520 2521/2521/2521
f 2552/2552/2552 2521/2521/2521 2551/2551/2551
f 2553/2553/2553 2519/2519/2519 2520/2520/2520
f 2553/2553/2553 2520/2520/2520 2552/2552/2552
f 2554/2554/2554 2518/2518/2518 2519/2519/2519
f 2554/2554/2554 2519/2519/2519 2553/2553/2553
f 2555/2555/2555 2517/2517/2517 2518/2518/2518
f 2555/2555/2555 2518/2518/2518 2554/2554/2554
f 2555/2555/2555 2542/2542/2542 2517/2517/2517
f 2556/2556/2556 2526/2526/2526 2527/2527/2527
f 2556/2556/2556 2548/2548/2548 2526/2526/2526
f 2557/2557/2557 2548/2548/2548 2556/2556/2556
f 2557/2557/2557 2550/2550/2550 2549/2549/2549
f 2557/2557/2557 2549/2549/2549 2548/2548/2548
f 2558/2558/2558 2550/2550/2550 2557/2557/2557
f 2559/2559/2559 2551/2551/2551 2550/2550/2550
f 2559/2559/2559 2550/2550/2550 2558/2558/2558
f 2560/2560/2560 2552/2552/2552 2551/2551/2551
f 2560/2560/2560 2551/2551/2551 2559/2559/2559
f 2561/2561/2561 2554/2554/2554 2553/2553/2553
f 2561/2561/2561 2553/2553/2553 2552/2552/2552
f 2561/2561/2561 2552/2552/2552 2560/2560/2560
f 2562/2562/2562 2554/2554/2554 2561/2561/2561
f 2563/2563/2563 2554/2554/2554 2562/2562/2562
f 2563/2563/2563 2543/2543/2543 2542/2542/2542
f 2563/2563/2563 2542/2542/2542 2555/2555/2555
f 2563/2563/2563 2555/2555/2555 2554/2554/2554
f 2564/2564/2564 2527/2527/2527 2528/2528/2528
f 2564/2564/2564 2556/2556/2556 2527/2527/2527
f 2565/2565/2565 2557/2557/2557 2556/2556/2556
f 2565/2565/2565 2556/2556/2556 2564/2564/2564
f 2566/2566/2566 2557/2557/2557 2565/2565/2565
f 2566/2566/2566 2558/2558/2558 2557/2557/2557
f 2567/2567/2567 2558/2558/2558 2566/2566/2566
f 2567/2567/2567 2559/2559/2559 2558/2558/2558
f 2567/2567/2567 2560/2560/2560 2559/2559/2559
f 2568/2568/2568 2560/2560/2560 2567/2567/2567
f 2569/2569/2569 2561/2561/2561 2560/2560/2560
f 2569/2569/2569 2560/2560/2560 2568/2568/2568
f 2570/2570/2570 2562/2562/2562 2561/2561/2561
f 2570/2570/2570 2561/2561/2561 2569/2569/2569
f 2571/2571/2571 2562/2562/2562 2570/2570/2570
f 2571/2571/2571 2544/2544/2544 2543/2543/2543
f 2571/2571/2571 2543/2543/2543 2563/2563/2563
f 2571/2571/2571 2563/2563/2563 2562/2562/2562
f 2572/2572/2572 2528/2528/2528 2529/2529/2529
f 2572/2572/2572 2564/2564/2564 2528/2528/2528
f 2573/2573/2573 2564/2564/2564 2572/2572/2572
f 2573/2573/2573 2565/2565/2565 2564/2564/2564
f 2574/2574/2574 2566/2566/2566 2565/2565/2565
f 2574/2574/2574 2565/2565/2565 2573/2573/2573
f 2574/2574/2574 2567/2567/2567 2566/2566/2566
f 2575/2575/2575 2567/2567/2567 2574/2574/2574
f 2576/2576/2576 2568/2568/2568 2567/2567/2567
f 2576/2576/2576 2567/2567/2567 2575/2575/2575
f 2576/2576/2576 2569/2569/2569 2568/2568/2568
f 2577/2577/2577 2569/2569/2569 2576/2576/2576
f 2577/2577/2577 2570/2570/2570 2569/2569/2569
f 2578/2578/2578 2570/2570/2570 2577/2577/2577
f 2579/2579/2579 2544/2544/2544 2571/2571/2571
f 2579/2579/2579 2571/2571/2571 2570/2570/2570
f 2579/2579/2579 2545/2545/2545 2544/2544/2544
f 2579/2579/2579 2570/2570/2570 2578/2578/2578
f 2580/2580/2580 2529/2529/2529 2530/2530/2530
f 2580/2580/2580 2573/2573/2573 2572/2572/2572
f 2580/2580/2580 2572/2572/2572 2529/2529/2529
f 2581/2581/2581 2573/2573/2573 2580/2580/2580
f 2582/2582/2582 2573/2573/2573 2581/2581/2581
f 2582/2582/2582 2574/2574/2574 2573/2573/2573
f 2583/2583/2583 2575/2575/2575 2574/2574/2574
f 2583/2583/2583 2574/2574/2574 2582/2582/2582
f 2584/2584/2584 2575/2575/2575 2583/2583/2583
f 2584/2584/2584 2576/2576/2576 2575/2575/2575
f 2585/2585/2585 2577/2577/2577 2576/2576/2576
f 2585/2585/2585 2576/2576/2576 2584/2584/2584
f 2586/2586/2586 2578/2578/2578 2577/2577/2577
f 2586/2586/2586 2577/2577/2577 2585/2585/2585
f 2587/2587/2587 2546/2546/2546 2545/2545/2545
f 2587/2587/2587 2578/2578/2578 2586/2586/2586
f 2587/2587/2587 2545/2545/2545 2579/2579/2579
f 2587/2587/2587 2579/2579/2579 2578/2578/2578
f 2588/2588/2588 2530/2530/2530 2531/2531/2531
f 2588/2588/2588 2531/2531/2531 2532/2532/2532
f 2588/2588/2588 2532/2532/2532 2541/2541/2541
f 2588/2588/2588 2580/2580/2580 2530/2530/2530
f 2589/2589/2589 2541/2541/2541 2540/2540/2540
f 2589/2589/2589 2581/2581/2581 2580/2580/2580
f 2589/2589/2589 2580/2580/2580 2588/2588/2588
f 2589/2589/2589 2588/2588/2588 2541/2541/2541
f 2590/2590/2590 2540/2540/2540 2539/2539/2539
f 2590/2590/2590 2582/2582/2582 2581/2581/2581
f 2590/2590/2590 2581/2581/2581 2589/2589/2589
f 2590/2590/2590 2589/2589/2589 2540/2540/2540
f 2591/2591/2591 2539/2539/2539 2538/2538/2538
f 2591/2591/2591 2583/2583/2583 2582/2582/2582
f 2591/2591/2591 2582/2582/2582 2590/2590/2590
f 2591/2591/2591 2590/2590/2590 2539/2539/2539
f 2592/2592/2592 2538/2538/2538 2537/2537/2537
f 2592/2592/2592 2584/2584/2584 2583/2583/2583
f 2592/2592/2592 2585/2585/2585 2584/2584/2584
f 2592/2592/2592 2583/2583/2583 2591/2591/2591
f 2592/2592/2592 2591/2591/2591 2538/2538/2538
f 2593/2593/2593 2536/2536/2536 2535/2535/2535
f 2593/2593/2593 2537/2537/2537 2536/2536/2536
f 2593/2593/2593 2592/2592/2592 2537/2537/2537
f 2593/2593/2593 2585/2585/2585 2592/2592/2592
f 2594/2594/2594 2586/2586/2586 2585/2585/2585
f 2594/2594/2594 2593/2593/2593 2535/2535/2535
f 2594/2594/2594 2585/2585/2585 2593/2593/2593
f 2595/2595/2595 2534/2534/2534 2533/2533/2533
f 2595/2595/2595 2535/2535/2535 2534/2534/2534
f 2595/2595/2595 2547/2547/2547 2546/2546/2546
f 2595/2595/2595 2533/2533/2533 2547/2547/2547
f 2595/2595/2595 2594/2594/2594 2535/2535/2535
f 2595/2595/2595 2546/2546/2546 2587/2587/2587
f 2595/2595/2595 2587/2587/2587 2586/2586/2586
f 2595/2595/2595 2586/2586/2586 2594/2594/2594
v 22.500000 6.129062 70.000000
v 22.934120 6.129062 69.962021
v 23.355051 6.129062 69.849228
v 23.750000 6.129062 69.665062
v 24.106970 6.129062 69.415108
v 24.415112 6.129062 69.106972
v 24.665064 6.129062 68.750000
v 24.849232 6.129062 68.355049
v 24.962019 6.129062 67.934120
v 25.000000 6.129062 67.500000
v 22.500000 -6.129062 70.000000
v 22.934120 -6.129062 69.962021
v 23.355051 -6.129062 69.849228
v 23.750000 -6.129062 69.665062
v 24.106970 -6.129062 69.415108
v 24.415112 -6.129062 69.106972
v 24.665064 -6.129062 68.750000
v 24.849232 -6.129062 68.355049
v 24.962019 -6.129062 67.934120
v 25.000000 -6.129062 67.500000
vn -0.000000 -0.000000 1.000000
vn 0.173648 0.000000 0.984808
vn 0.342020 0.000000 0.939693
vn 0.500000 0.000000 0.866025
vn 0.642788 0.000000 0.766044
vn 0.766044 0.000000 0.642788
vn 0.866025 0.000000 0.500000
vn 0.939693 0.000000 0.342020
vn 0.984808 0.000000 0.173648
vn 1.000000 0.000000 0.000000
vn -0.000000 -0.000000 1.000000
vn 0.173648 0.000000 0.984808
vn 0.342020 0.000000 0.939693
vn 0.500000 0.000000 0.866025
vn 0.642788 0.000000 0.766044
vn 0.766044 0.000000 0.642788
vn 0.866025 0.000000 0.500000
vn 0.939693 0.000000 0.342020
vn 0.984808 0.000000 0.173648
vn 1.000000 0.000000 0.000000
vt 4.712389 6.129062
vt 4.886922 6.129062
vt 5.061455 6.129062
vt 5.235988 6.129062
vt 5.410521 6.129062
vt 5.585053 6.129062
vt 5.759586 6.129062
vt 5.934119 6.129062
vt 6.108653 6.129062
vt 6.283185 6.129062
vt 4.712389 -6.129062
vt 4.886922 -6.129062
vt 5.061455 -6.129062
vt 5.235988 -6.129062
vt 5.410521 -6.129062
vt 5.585053 -6.129062
vt 5.759586 -6.129062
vt 5.934119 -6.129062
vt 6.108653 -6.129062
vt 6.283185 -6.129062
f 2596/2596/2596 2606/2606/2606 2607/2607/2607
f 2597/2597/2597 2596/2596/2596 2607/2607/2607
f 2598/2598/2598 2607/2607/2607 2608/2608/2608
f 2598/2598/2598 2608/2608/2608 2609/2609/2609
f 2598/2598/2598 2597/2597/2597 2607/2607/2607
f 2599/2599/2599 2598/2598/2598 2609/2609/2609
f 2600/2600/2600 2609/2609/2609 2610/2610/2610
f 2600/2600/2600 2599/2599/2599 2609/2609/2609
f 2601/2601/2601 2610/2610/2610 2611/2611/2611
f 2601/2601/2601 2600/2600/2600 2610/2610/2610
f 2602/2602/2602 2611/2611/2611 2612/2612/2612
f 2602/2602/2602 2612/2612/2612 2613/2613/2613
f 2602/2602/2602 2601/2601/2601 2611/2611/2611
f 2603/2603/2603 2602/2602/2602 2613/2613/2613
f 2604/2604/2604 2613/2613/2613 2614/2614/2614
f 2604/2604/2604 2603/2603/2603 2613/2613/2613
f 2605/2605/2605 2614/2614/2614 2615/2615/2615
f 2605/2605/2605 2604/2604/2604 2614/2614/2614
v 22.500000 6.129062 70.000000
v 22.727596 6.498738 69.962021
v 22.948278 6.857181 69.849228
v 23.155340 7.193501 69.665062
v 23.342489 7.497478 69.415108
v 23.504040 7.759877 69.106972
v 23.635082 7.972724 68.750000
v 23.731636 8.129552 68.355049
v 23.790768 8.225596 67.934120
v 23.810680 8.257939 67.500000
v 22.500000 6.129062 70.000000
v 22.934120 6.129062 69.962021
v 23.355051 6.129062 69.849228
v 23.750000 6.129062 69.665062
v 24.106970 6.129062 69.415108
v 24.415112 6.129062 69.106972
v 24.665064 6.129062 68.750000
v 24.849232 6.129062 68.355049
v 24.962019 6.129062 67.934120
v 25.000000 6.129062 67.500000
v 24.151621 8.005800 67.500000
v 24.445045 7.699666 67.500000
v 24.682510 7.348345 67.500000
v 24.857182 6.961944 67.500000
v 24.964037 6.551581 67.500000
v 22.838327 6.570658 69.937317
v 22.920696 6.493050 69.937317
v 22.985655 6.400378 69.937317
v 23.243851 6.918544 69.752419
v 23.030514 6.296477 69.937317
v 23.388233 6.751667 69.752419
v 23.447969 7.366388 69.454582
v 23.053417 6.185647 69.937317
v 23.495855 6.559023 69.752419
v 23.678762 7.148934 69.454582
v 23.562263 6.348585 69.752419
v 23.860773 6.889272 69.454582
v 23.840372 7.551659 69.058723
v 23.986465 6.598148 69.454582
v 24.100540 7.250957 69.058723
v 23.869856 7.917049 68.584709
v 24.050640 6.287611 69.454582
v 24.294470 6.903825 69.058723
v 24.203362 7.602820 68.584709
v 24.414133 6.524629 69.058723
v 24.466373 7.227598 68.584709
v 24.171415 7.903011 68.056305
v 24.648005 6.806912 68.584709
v 24.495840 7.528043 68.056305
v 24.740740 6.358172 68.584709
v 24.737667 7.095176 68.056305
v 24.886885 6.622326 68.056305
vn -0.000000 -0.000000 1.000000
vn 0.091039 0.147870 0.984808
vn 0.179312 0.291248 0.939693
vn 0.262136 0.425775 0.866025
vn 0.336995 0.547366 0.766044
vn 0.401616 0.652326 0.642788
vn 0.454033 0.737465 0.500000
vn 0.492654 0.800196 0.342020
vn 0.516307 0.838614 0.173648
vn 0.524272 0.851551 0.000000
vn -0.000000 0.000000 1.000000
vn 0.173648 -0.000000 0.984808
vn 0.342020 -0.000000 0.939693
vn 0.500000 -0.000000 0.866025
vn 0.642788 -0.000000 0.766044
vn 0.766044 -0.000000 0.642788
vn 0.866025 -0.000000 0.500000
vn 0.939693 -0.000000 0.342020
vn 0.984808 -0.000000 0.173648
vn 1.000000 0.000000 0.000000
vn 0.660649 0.750695 0.000000
vn 0.778018 0.628242 0.000000
vn 0.873004 0.487713 0.000000
vn 0.942873 0.333153 0.000000
vn 0.985615 0.169008 0.000000
vn 0.135331 0.176639 0.974928
vn 0.168278 0.145595 0.974928
vn 0.194262 0.108526 0.974928
vn 0.297540 0.315793 0.900969
vn 0.212205 0.066966 0.974928
vn 0.355293 0.249042 0.900969
vn 0.379188 0.494930 0.781832
vn 0.221367 0.022634 0.974928
vn 0.398342 0.171984 0.900969
vn 0.471505 0.407949 0.781832
vn 0.424905 0.087809 0.900969
vn 0.544309 0.304084 0.781832
vn 0.536149 0.569039 0.623490
vn 0.594586 0.187635 0.781832
vn 0.640216 0.448758 0.623490
vn 0.547942 0.715195 0.433884
vn 0.620256 0.063420 0.781832
vn 0.717788 0.309905 0.623490
vn 0.681345 0.589503 0.433884
vn 0.765653 0.158227 0.623490
vn 0.786549 0.439414 0.433884
vn 0.668566 0.709580 0.222521
vn 0.859202 0.271140 0.433884
vn 0.798336 0.559592 0.222521
vn 0.896296 0.091644 0.433884
vn 0.895067 0.386446 0.222521
vn 0.954754 0.197306 0.222521
vt 0.000000 -1.570796
vt 0.000000 -1.396263
vt 0.000000 -1.221730
vt 0.000000 -1.047198
vt 0.000000 -0.872665
vt 0.000000 -0.698132
vt 0.000000 -0.523599
vt 0.000000 -0.349066
vt 0.000000 -0.174533
vt 0.000000 0.000000
vt 1.018937 -1.570796
vt 1.018937 -1.396263
vt 1.018937 -1.221730
vt 1.018937 -1.047198
vt 1.018937 -0.872665
vt 1.018937 -0.698132
vt 1.018937 -0.523599
vt 1.018937 -0.349066
vt 1.018937 -0.174533
vt 1.018937 0.000000
vt 0.169823 0.000000
vt 0.339646 0.000000
vt 0.509468 0.000000
vt 0.679291 0.000000
vt 0.849114 0.000000
vt 0.101894 -1.346397
vt 0.305681 -1.346397
vt 0.509468 -1.346397
vt 0.203787 -1.121997
vt 0.713256 -1.346397
vt 0.407575 -1.121997
vt 0.101894 -0.897598
vt 0.917043 -1.346397
vt 0.611362 -1.121997
vt 0.305681 -0.897598
vt 0.815149 -1.121997
vt 0.509468 -0.897598
vt 0.203787 -0.673198
vt 0.713256 -0.897598
vt 0.407575 -0.673198
vt 0.101894 -0.448799
vt 0.917043 -0.897598
vt 0.611362 -0.673198
vt 0.305681 -0.448799
vt 0.815149 -0.673198
vt 0.509468 -0.448799
vt 0.203787 -0.224399
vt 0.713256 -0.448799
vt 0.407575 -0.224399
vt 0.917043 -0.448799
vt 0.611362 -0.224399
vt 0.815149 -0.224399
f 2636/2636/2636 2625/2625/2625 2624/2624/2624
f 2635/2635/2635 2640/2640/2640 2634/2634/2634
f 2641/2641/2641 2618/2618/2618 2617/2617/2617
f 2642/2642/2642 2617/2617/2617 2616/2616/2616
f 2642/2642/2642 2641/2641/2641 2617/2617/2617
f 2642/2642/2642 2618/2618/2618 2641/2641/2641
f 2643/2643/2643 2616/2616/2616 2626/2626/2626
f 2643/2643/2643 2642/2642/2642 2616/2616/2616
f 2644/2644/2644 2619/2619/2619 2618/2618/2618
f 2644/2644/2644 2618/2618/2618 2642/2642/2642
f 2645/2645/2645 2626/2626/2626 2627/2627/2627
f 2645/2645/2645 2643/2643/2643 2626/2626/2626
f 2646/2646/2646 2644/2644/2644 2642/2642/2642
f 2646/2646/2646 2642/2642/2642 2643/2643/2643
f 2647/2647/2647 2620/2620/2620 2619/2619/2619
f 2647/2647/2647 2621/2621/2621 2620/2620/2620
f 2647/2647/2647 2619/2619/2619 2644/2644/2644
f 2648/2648/2648 2627/2627/2627 2628/2628/2628
f 2648/2648/2648 2628/2628/2628 2645/2645/2645
f 2648/2648/2648 2645/2645/2645 2627/2627/2627
f 2649/2649/2649 2643/2643/2643 2645/2645/2645
f 2649/2649/2649 2646/2646/2646 2643/2643/2643
f 2650/2650/2650 2644/2644/2644 2646/2646/2646
f 2650/2650/2650 2647/2647/2647 2644/2644/2644
f 2651/2651/2651 2628/2628/2628 2629/2629/2629
f 2651/2651/2651 2649/2649/2649 2645/2645/2645
f 2651/2651/2651 2645/2645/2645 2628/2628/2628
f 2652/2652/2652 2650/2650/2650 2646/2646/2646
f 2652/2652/2652 2646/2646/2646 2649/2649/2649
f 2653/2653/2653 2622/2622/2622 2621/2621/2621
f 2653/2653/2653 2621/2621/2621 2647/2647/2647
f 2653/2653/2653 2647/2647/2647 2650/2650/2650
f 2654/2654/2654 2649/2649/2649 2651/2651/2651
f 2654/2654/2654 2652/2652/2652 2649/2649/2649
f 2655/2655/2655 2650/2650/2650 2652/2652/2652
f 2655/2655/2655 2653/2653/2653 2650/2650/2650
f 2656/2656/2656 2623/2623/2623 2622/2622/2622
f 2656/2656/2656 2622/2622/2622 2653/2653/2653
f 2657/2657/2657 2629/2629/2629 2630/2630/2630
f 2657/2657/2657 2630/2630/2630 2631/2631/2631
f 2657/2657/2657 2651/2651/2651 2629/2629/2629
f 2657/2657/2657 2654/2654/2654 2651/2651/2651
f 2658/2658/2658 2652/2652/2652 2654/2654/2654
f 2658/2658/2658 2655/2655/2655 2652/2652/2652
f 2659/2659/2659 2653/2653/2653 2655/2655/2655
f 2659/2659/2659 2623/2623/2623 2656/2656/2656
f 2659/2659/2659 2656/2656/2656 2653/2653/2653
f 2660/2660/2660 2631/2631/2631 2632/2632/2632
f 2660/2660/2660 2658/2658/2658 2654/2654/2654
f 2660/2660/2660 2657/2657/2657 2631/2631/2631
f 2660/2660/2660 2654/2654/2654 2657/2657/2657
f 2661/2661/2661 2659/2659/2659 2655/2655/2655
f 2661/2661/2661 2655/2655/2655 2658/2658/2658
f 2662/2662/2662 2624/2624/2624 2623/2623/2623
f 2662/2662/2662 2637/2637/2637 2636/2636/2636
f 2662/2662/2662 2636/2636/2636 2624/2624/2624
f 2662/2662/2662 2623/2623/2623 2659/2659/2659
f 2663/2663/2663 2661/2661/2661 2658/2658/2658
f 2663/2663/2663 2658/2658/2658 2660/2660/2660
f 2664/2664/2664 2662/2662/2662 2659/2659/2659
f 2664/2664/2664 2638/2638/2638 2637/2637/2637
f 2664/2664/2664 2637/2637/2637 2662/2662/2662
f 2664/2664/2664 2659/2659/2659 2661/2661/2661
f 2665/2665/2665 2633/2633/2633 2663/2663/2663
f 2665/2665/2665 2632/2632/2632 2633/2633/2633
f 2665/2665/2665 2660/2660/2660 2632/2632/2632
f 2665/2665/2665 2663/2663/2663 2660/2660/2660
f 2666/2666/2666 2638/2638/2638 2664/2664/2664
f 2666/2666/2666 2664/2664/2664 2661/2661/2661
f 2666/2666/2666 2639/2639/2639 2638/2638/2638
f 2666/2666/2666 2661/2661/2661 2663/2663/2663
f 2667/2667/2667 2666/2666/2666 2663/2663/2663
f 2667/2667/2667 2663/2663/2663 2633/2633/2633
f 2667/2667/2667 2633/2633/2633 2634/2634/2634
f 2667/2667/2667 2639/2639/2639 2666/2666/2666
f 2667/2667/2667 2640/2640/2640 2639/2639/2639
f 2667/2667/2667 2634/2634/2634 2640/2640/2640
v 23.810680 8.257939 2.500000
v 17.442558 11.516980 2.500000
v 10.641693 13.735661 2.500000
v 3.576811 14.858934 2.500000
v -3.576811 14.858934 2.500000
v -10.641693 13.735661 2.500000
v -17.442558 11.516980 2.500000
v -23.810680 8.257939 2.500000
v -23.810680 8.257939 67.500000
v 23.810680 8.257939 67.500000
v 17.442558 11.516980 67.500000
v 10.641693 13.735661 67.500000
v 3.576811 14.858934 67.500000
v -3.576811 14.858934 67.500000
v -10.641693 13.735661 67.500000
v -17.442558 11.516980 67.500000
vn 0.524272 0.851551 -0.000000
vn 0.384056 0.923310 -0.000000
vn 0.234313 0.972161 -0.000000
vn 0.078755 0.996894 -0.000000
vn -0.078755 0.996894 0.000000
vn -0.234313 0.972161 0.000000
vn -0.384056 0.923310 0.000000
vn -0.524272 0.851551 0.000000
vn -0.524272 0.851551 0.000000
vn 0.524272 0.851551 -0.000000
vn 0.384056 0.923310 -0.000000
vn 0.234313 0.972161 -0.000000
vn 0.078755 0.996894 -0.000000
vn -0.078755 0.996894 0.000000
vn -0.234313 0.972161 0.000000
vn -0.384056 0.923310 0.000000
vt 1.134773 -2.500000
vt 0.977099 -2.500000
vt 0.819425 -2.500000
vt 0.661751 -2.500000
vt 0.504076 -2.500000
vt 0.346402 -2.500000
vt 0.188728 -2.500000
vt 0.031054 -2.500000
vt 0.031054 -67.500000
vt 1.134773 -67.500000
vt 0.977099 -67.500000
vt 0.819425 -67.500000
vt 0.661751 -67.500000
vt 0.504076 -67.500000
vt 0.346402 -67.500000
vt 0.188728 -67.500000
f 2674/2674/2674 2675/2675/2675 2676/2676/2676
f 2674/2674/2674 2676/2676/2676 2683/2683/2683
f 2673/2673/2673 2683/2683/2683 2682/2682/2682
f 2673/2673/2673 2674/2674/2674 2683/2683/2683
f 2672/2672/2672 2681/2681/2681 2680/2680/2680
f 2672/2672/2672 2682/2682/2682 2681/2681/2681
f 2672/2672/2672 2673/2673/2673 2682/2682/2682
f 2671/2671/2671 2672/2672/2672 2680/2680/2680
f 2670/2670/2670 2679/2679/2679 2678/2678/2678
f 2670/2670/2670 2680/2680/2680 2679/2679/2679
f 2670/2670/2670 2671/2671/2671 2680/2680/2680
f 2669/2669/2669 2670/2670/2670 2678/2678/2678
f 2668/2668/2668 2678/2678/2678 2677/2677/2677
f 2668/2668/2668 2669/2669/2669 2678/2678/2678
v -23.810680 8.257939 67.500000
v -24.151621 8.005800 67.500000
v -24.445045 7.699666 67.500000
v -24.682510 7.348345 67.500000
v -24.857182 6.961944 67.500000
v -24.964037 6.551581 67.500000
v -25.000000 6.129062 67.500000
v -22.500000 6.129062 70.000000
v -22.934120 6.129062 69.962021
v -23.355051 6.129062 69.849228
v -23.750000 6.129062 69.665062
v -24.106970 6.129062 69.415108
v -24.415112 6.129062 69.106972
v -24.665064 6.129062 68.750000
v -24.849232 6.129062 68.355049
v -24.962019 6.129062 67.934120
v -22.500000 6.129062 70.000000
v -22.727596 6.498738 69.962021
v -22.948278 6.857181 69.849228
v -23.155340 7.193501 69.665062
v -23.342489 7.497478 69.415108
v -23.504040 7.759877 69.106972
v -23.635082 7.972724 68.750000
v -23.731636 8.129552 68.355049
v -23.790768 8.225596 67.934120
v -23.053417 6.185647 69.937317
v -23.030514 6.296477 69.937317
v -22.985655 6.400378 69.937317
v -23.562263 6.348585 69.752419
v -22.920696 6.493050 69.937317
v -23.495855 6.559023 69.752419
v -24.050640 6.287611 69.454582
v -22.838327 6.570658 69.937317
v -23.388233 6.751667 69.752419
v -23.986465 6.598148 69.454582
v -23.243851 6.918544 69.752419
v -23.860773 6.889272 69.454582
v -24.414133 6.524629 69.058723
v -23.678762 7.148934 69.454582
v -24.294470 6.903825 69.058723
v -24.740740 6.358172 68.584709
v -23.447969 7.366388 69.454582
v -24.100540 7.250957 69.058723
v -24.648005 6.806912 68.584709
v -23.840372 7.551659 69.058723
v -24.466373 7.227598 68.584709
v -24.886885 6.622326 68.056305
v -24.203362 7.602820 68.584709
v -24.737667 7.095176 68.056305
v -23.869856 7.917049 68.584709
v -24.495840 7.528043 68.056305
v -24.171415 7.903011 68.056305
vn -0.524272 0.851551 0.000000
vn -0.660649 0.750695 0.000000
vn -0.778018 0.628242 0.000000
vn -0.873004 0.487713 0.000000
vn -0.942873 0.333153 0.000000
vn -0.985615 0.169008 0.000000
vn -1.000000 -0.000000 0.000000
vn 0.000000 0.000000 1.000000
vn -0.173648 -0.000000 0.984808
vn -0.342020 -0.000000 0.939693
vn -0.500000 -0.000000 0.866025
vn -0.642788 -0.000000 0.766044
vn -0.766044 -0.000000 0.642788
vn -0.866025 -0.000000 0.500000
vn -0.939693 -0.000000 0.342020
vn -0.984808 -0.000000 0.173648
vn 0.000000 -0.000000 1.000000
vn -0.091039 0.147870 0.984808
vn -0.179312 0.291248 0.939693
vn -0.262136 0.425775 0.866025
vn -0.336995 0.547366 0.766044
vn -0.401616 0.652326 0.642788
vn -0.454033 0.737465 0.500000
vn -0.492654 0.800196 0.342020
vn -0.516307 0.838614 0.173648
vn -0.221367 0.022634 0.974928
vn -0.212205 0.066966 0.974928
vn -0.194262 0.108526 0.974928
vn -0.424905 0.087809 0.900969
vn -0.168278 0.145595 0.974928
vn -0.398342 0.171984 0.900969
vn -0.620256 0.063420 0.781832
vn -0.135331 0.176639 0.974928
vn -0.355293 0.249042 0.900969
vn -0.594586 0.187635 0.781832
vn -0.297540 0.315793 0.900969
vn -0.544309 0.304084 0.781832
vn -0.765653 0.158227 0.623490
vn -0.471505 0.407949 0.781832
vn -0.717788 0.309905 0.623490
vn -0.896296 0.091644 0.433884
vn -0.379188 0.494930 0.781832
vn -0.640216 0.448758 0.623490
vn -0.859202 0.271140 0.433884
vn -0.536149 0.569039 0.623490
vn -0.786549 0.439414 0.433884
vn -0.954754 0.197306 0.222521
vn -0.681345 0.589503 0.433884
vn -0.895067 0.386446 0.222521
vn -0.547942 0.715195 0.433884
vn -0.798336 0.559592 0.222521
vn -0.668566 0.709580 0.222521
vt 6.283185 -0.000000
vt 6.113363 0.000000
vt 5.943540 0.000000
vt 5.773717 0.000000
vt 5.603894 0.000000
vt 5.434072 0.000000
vt 5.264249 -0.000000
vt 5.264249 -1.570796
vt 5.264249 -1.396263
vt 5.264249 -1.221730
vt 5.264249 -1.047198
vt 5.264249 -0.872665
vt 5.264249 -0.698132
vt 5.264249 -0.523599
vt 5.264249 -0.349066
vt 5.264249 -0.174533
vt 6.283185 -1.570796
vt 6.283185 -1.396263
vt 6.283185 -1.221730
vt 6.283185 -1.047198
vt 6.283185 -0.872665
vt 6.283185 -0.698132
vt 6.283185 -0.523599
vt 6.283185 -0.349066
vt 6.283185 -0.174533
vt 5.366142 -1.346397
vt 5.569930 -1.346397
vt 5.773717 -1.346397
vt 5.468036 -1.121997
vt 5.977504 -1.346397
vt 5.671824 -1.121997
vt 5.366142 -0.897598
vt 6.181292 -1.346397
vt 5.875611 -1.121997
vt 5.569930 -0.897598
vt 6.079398 -1.121997
vt 5.773717 -0.897598
vt 5.468036 -0.673198
vt 5.977504 -0.897598
vt 5.671824 -0.673198
vt 5.366142 -0.448799
vt 6.181292 -0.897598
vt 5.875611 -0.673198
vt 5.569930 -0.448799
vt 6.079398 -0.673198
vt 5.773717 -0.448799
vt 5.468036 -0.224399
vt 5.977504 -0.448799
vt 5.671824 -0.224399
vt 6.181292 -0.448799
vt 5.875611 -0.224399
vt 6.079398 -0.224399
f 2689/2689/2689 2690/2690/2690 2699/2699/2699
f 2684/2684/2684 2685/2685/2685 2708/2708/2708
f 2709/2709/2709 2693/2693/2693 2692/2692/2692
f 2710/2710/2710 2692/2692/2692 2691/2691/2691
f 2710/2710/2710 2693/2693/2693 2709/2709/2709
f 2710/2710/2710 2709/2709/2709 2692/2692/2692
f 2711/2711/2711 2691/2691/2691 2700/2700/2700
f 2711/2711/2711 2710/2710/2710 2691/2691/2691
f 2712/2712/2712 2694/2694/2694 2693/2693/2693
f 2712/2712/2712 2693/2693/2693 2710/2710/2710
f 2713/2713/2713 2700/2700/2700 2701/2701/2701
f 2713/2713/2713 2711/2711/2711 2700/2700/2700
f 2714/2714/2714 2710/2710/2710 2711/2711/2711
f 2714/2714/2714 2712/2712/2712 2710/2710/2710
f 2715/2715/2715 2695/2695/2695 2694/2694/2694
f 2715/2715/2715 2696/2696/2696 2695/2695/2695
f 2715/2715/2715 2694/2694/2694 2712/2712/2712
f 2716/2716/2716 2701/2701/2701 2702/2702/2702
f 2716/2716/2716 2702/2702/2702 2713/2713/2713
f 2716/2716/2716 2713/2713/2713 2701/2701/2701
f 2717/2717/2717 2711/2711/2711 2713/2713/2713
f 2717/2717/2717 2714/2714/2714 2711/2711/2711
f 2718/2718/2718 2712/2712/2712 2714/2714/2714
f 2718/2718/2718 2715/2715/2715 2712/2712/2712
f 2719/2719/2719 2702/2702/2702 2703/2703/2703
f 2719/2719/2719 2717/2717/2717 2713/2713/2713
f 2719/2719/2719 2713/2713/2713 2702/2702/2702
f 2720/2720/2720 2718/2718/2718 2714/2714/2714
f 2720/2720/2720 2714/2714/2714 2717/2717/2717
f 2721/2721/2721 2697/2697/2697 2696/2696/2696
f 2721/2721/2721 2696/2696/2696 2715/2715/2715
f 2721/2721/2721 2715/2715/2715 2718/2718/2718
f 2722/2722/2722 2717/2717/2717 2719/2719/2719
f 2722/2722/2722 2720/2720/2720 2717/2717/2717
f 2723/2723/2723 2718/2718/2718 2720/2720/2720
f 2723/2723/2723 2721/2721/2721 2718/2718/2718
f 2724/2724/2724 2698/2698/2698 2697/2697/2697
f 2724/2724/2724 2697/2697/2697 2721/2721/2721
f 2725/2725/2725 2703/2703/2703 2704/2704/2704
f 2725/2725/2725 2704/2704/2704 2705/2705/2705
f 2725/2725/2725 2722/2722/2722 2719/2719/2719
f 2725/2725/2725 2719/2719/2719 2703/2703/2703
f 2726/2726/2726 2720/2720/2720 2722/2722/2722
f 2726/2726/2726 2723/2723/2723 2720/2720/2720
f 2727/2727/2727 2698/2698/2698 2724/2724/2724
f 2727/2727/2727 2721/2721/2721 2723/2723/2723
f 2727/2727/2727 2724/2724/2724 2721/2721/2721
f 2728/2728/2728 2705/2705/2705 2706/2706/2706
f 2728/2728/2728 2726/2726/2726 2722/2722/2722
f 2728/2728/2728 2725/2725/2725 2705/2705/2705
f 2728/2728/2728 2722/2722/2722 2725/2725/2725
f 2729/2729/2729 2727/2727/2727 2723/2723/2723
f 2729/2729/2729 2723/2723/2723 2726/2726/2726
f 2730/2730/2730 2688/2688/2688 2689/2689/2689
f 2730/2730/2730 2699/2699/2699 2698/2698/2698
f 2730/2730/2730 2689/2689/2689 2699/2699/2699
f 2730/2730/2730 2698/2698/2698 2727/2727/2727
f 2731/2731/2731 2729/2729/2729 2726/2726/2726
f 2731/2731/2731 2726/2726/2726 2728/2728/2728
f 2732/2732/2732 2687/2687/2687 2688/2688/2688
f 2732/2732/2732 2730/2730/2730 2727/2727/2727
f 2732/2732/2732 2688/2688/2688 2730/2730/2730
f 2732/2732/2732 2727/2727/2727 2729/2729/2729
f 2733/2733/2733 2731/2731/2731 2728/2728/2728
f 2733/2733/2733 2707/2707/2707 2731/2731/2731
f 2733/2733/2733 2706/2706/2706 2707/2707/2707
f 2733/2733/2733 2728/2728/2728 2706/2706/2706
f 2734/2734/2734 2686/2686/2686 2687/2687/2687
f 2734/2734/2734 2729/2729/2729 2731/2731/2731
f 2734/2734/2734 2732/2732/2732 2729/2729/2729
f 2734/2734/2734 2687/2687/2687 2732/2732/2732
f 2735/2735/2735 2685/2685/2685 2686/2686/2686
f 2735/2735/2735 2731/2731/2731 2707/2707/2707
f 2735/2735/2735 2686/2686/2686 2734/2734/2734
f 2735/2735/2735 2707/2707/2707 2708/2708/2708
f 2735/2735/2735 2734/2734/2734 2731/2731/2731
f 2735/2735/2735 2708/2708/2708 2685/2685/2685
v -25.000000 6.129062 2.500000
v -25.000000 -6.129062 2.500000
v -25.000000 6.129062 67.500000
v -25.000000 -6.129062 67.500000
vn -1.000000 -0.000000 -0.000000
vn -1.000000 -0.000000 -0.000000
vn -1.000000 -0.000000 -0.000000
vn -1.000000 -0.000000 -0.000000
vt -6.129062 -2.500000
vt 6.129062 -2.500000
vt -6.129062 -67.500000
vt 6.129062 -67.500000
f 2737/2737/2737 2738/2738/2738 2736/2736/2736
f 2737/2737/2737 2739/2739/2739 2738/2738/2738
v -25.000000 -6.129062 67.500000
v -24.964037 -6.551581 67.500000
v -24.857182 -6.961944 67.500000
v -24.682510 -7.348345 67.500000
v -24.445045 -7.699666 67.500000
v -24.151621 -8.005800 67.500000
v -23.810680 -8.257939 67.500000
v -22.500000 -6.129062 70.000000
v -22.727596 -6.498738 69.962021
v -22.948278 -6.857181 69.849228
v -23.155340 -7.193501 69.665062
v -23.342489 -7.497478 69.415108
v -23.504040 -7.759877 69.106972
v -23.635082 -7.972724 68.750000
v -23.731636 -8.129552 68.355049
v -23.790768 -8.225596 67.934120
v -22.500000 -6.129062 70.000000
v -22.934120 -6.129062 69.962021
v -23.355051 -6.129062 69.849228
v -23.750000 -6.129062 69.665062
v -24.106970 -6.129062 69.415108
v -24.415112 -6.129062 69.106972
v -24.665064 -6.129062 68.750000
v -24.849232 -6.129062 68.355049
v -24.962019 -6.129062 67.934120
v -22.838327 -6.570658 69.937317
v -22.920696 -6.493050 69.937317
v -22.985655 -6.400378 69.937317
v -23.243851 -6.918544 69.752419
v -23.030514 -6.296477 69.937317
v -23.388233 -6.751667 69.752419
v -23.447969 -7.366388 69.454582
v -23.053417 -6.185647 69.937317
v -23.495855 -6.559023 69.752419
v -23.678762 -7.148934 69.454582
v -23.562263 -6.348585 69.752419
v -23.860773 -6.889272 69.454582
v -23.840372 -7.551659 69.058723
v -23.986465 -6.598148 69.454582
v -24.100540 -7.250957 69.058723
v -23.869856 -7.917049 68.584709
v -24.050640 -6.287611 69.454582
v -24.294470 -6.903825 69.058723
v -24.203362 -7.602820 68.584709
v -24.414133 -6.524629 69.058723
v -24.466373 -7.227598 68.584709
v -24.171415 -7.903011 68.056305
v -24.648005 -6.806912 68.584709
v -24.495840 -7.528043 68.056305
v -24.740740 -6.358172 68.584709
v -24.737667 -7.095176 68.056305
v -24.886885 -6.622326 68.056305
vn -1.000000 -0.000000 0.000000
vn -0.985615 -0.169008 -0.000000
vn -0.942873 -0.333153 -0.000000
vn -0.873004 -0.487713 -0.000000
vn -0.778018 -0.628242 -0.000000
vn -0.660649 -0.750695 -0.000000
vn -0.524272 -0.851551 0.000000
vn 0.000000 0.000000 1.000000
vn -0.091039 -0.147870 0.984808
vn -0.179312 -0.291248 0.939693
vn -0.262136 -0.425775 0.866025
vn -0.336995 -0.547366 0.766044
vn -0.401616 -0.652326 0.642788
vn -0.454033 -0.737465 0.500000
vn -0.492654 -0.800196 0.342020
vn -0.516307 -0.838614 0.173648
vn 0.000000 0.000000 1.000000
vn -0.173648 -0.000000 0.984808
vn -0.342020 -0.000000 0.939693
vn -0.500000 -0.000000 0.866025
vn -0.642788 -0.000000 0.766044
vn -0.766044 -0.000000 0.642788
vn -0.866025 -0.000000 0.500000
vn -0.939693 -0.000000 0.342020
vn -0.984808 -0.000000 0.173648
vn -0.135331 -0.176639 0.974928
vn -0.168278 -0.145595 0.974928
vn -0.194262 -0.108526 0.974928
vn -0.297540 -0.315793 0.900969
vn -0.212205 -0.066966 0.974928
vn -0.355293 -0.249042 0.900969
vn -0.379188 -0.494930 0.781832
vn -0.221367 -0.022634 0.974928
vn -0.398342 -0.171984 0.900969
vn -0.471505 -0.407949 0.781832
vn -0.424905 -0.087809 0.900969
vn -0.544309 -0.304084 0.781832
vn -0.536149 -0.569039 0.623490
vn -0.594586 -0.187635 0.781832
vn -0.640216 -0.448758 0.623490
vn -0.547942 -0.715195 0.433884
vn -0.620256 -0.063420 0.781832
vn -0.717788 -0.309905 0.623490
vn -0.681345 -0.589503 0.433884
vn -0.765653 -0.158227 0.623490
vn -0.786549 -0.439414 0.433884
vn -0.668566 -0.709580 0.222521
vn -0.859202 -0.271140 0.433884
vn -0.798336 -0.559592 0.222521
vn -0.896296 -0.091644 0.433884
vn -0.895067 -0.386446 0.222521
vn -0.954754 -0.197306 0.222521
vt 6.283185 -0.000000
vt 6.113363 0.000000
vt 5.943540 0.000000
vt 5.773717 0.000000
vt 5.603894 0.000000
vt 5.434072 0.000000
vt 5.264249 -0.000000
vt 5.264249 -1.570796
vt 5.264249 -1.396263
vt 5.264249 -1.221730
vt 5.264249 -1.047198
vt 5.264249 -0.872665
vt 5.264249 -0.698132
vt 5.264249 -0.523599
vt 5.264249 -0.349066
vt 5.264249 -0.174533
vt 6.283185 -1.570796
vt 6.283185 -1.396263
vt 6.283185 -1.221730
vt 6.283185 -1.047198
vt 6.283185 -0.872665
vt 6.283185 -0.698132
vt 6.283185 -0.523599
vt 6.283185 -0.349066
vt 6.283185 -0.174533
vt 5.366142 -1.346397
vt 5.569930 -1.346397
vt 5.773717 -1.346397
vt 5.468036 -1.121997
vt 5.977504 -1.346397
vt 5.671824 -1.121997
vt 5.366142 -0.897598
vt 6.181292 -1.346397
vt 5.875611 -1.121997
vt 5.569930 -0.897598
vt 6.079398 -1.121997
vt 5.773717 -0.897598
vt 5.468036 -0.673198
vt 5.977504 -0.897598
vt 5.671824 -0.673198
vt 5.366142 -0.448799
vt 6.181292 -0.897598
vt 5.875611 -0.673198
vt 5.569930 -0.448799
vt 6.079398 -0.673198
vt 5.773717 -0.448799
vt 5.468036 -0.224399
vt 5.977504 -0.448799
vt 5.671824 -0.224399
vt 6.181292 -0.448799
vt 5.875611 -0.224399
vt 6.079398 -0.224399
f 2745/2745/2745 2746/2746/2746 2755/2755/2755
f 2740/2740/2740 2741/2741/2741 2764/2764/2764
f 2765/2765/2765 2749/2749/2749 2748/2748/2748
f 2766/2766/2766 2748/2748/2748 2747/2747/2747
f 2766/2766/2766 2749/2749/2749 2765/2765/2765
f 2766/2766/2766 2765/2765/2765 2748/2748/2748
f 2767/2767/2767 2747/2747/2747 2756/2756/2756
f 2767/2767/2767 2766/2766/2766 2747/2747/2747
f 2768/2768/2768 2750/2750/2750 2749/2749/2749
f 2768/2768/2768 2749/2749/2749 2766/2766/2766
f 2769/2769/2769 2756/2756/2756 2757/2757/2757
f 2769/2769/2769 2767/2767/2767 2756/2756/2756
f 2770/2770/2770 2766/2766/2766 2767/2767/2767
f 2770/2770/2770 2768/2768/2768 2766/2766/2766
f 2771/2771/2771 2751/2751/2751 2750/2750/2750
f 2771/2771/2771 2752/2752/2752 2751/2751/2751
f 2771/2771/2771 2750/2750/2750 2768/2768/2768
f 2772/2772/2772 2757/2757/2757 2758/2758/2758
f 2772/2772/2772 2758/2758/2758 2769/2769/2769
f 2772/2772/2772 2769/2769/2769 2757/2757/2757
f 2773/2773/2773 2767/2767/2767 2769/2769/2769
f 2773/2773/2773 2770/2770/2770 2767/2767/2767
f 2774/2774/2774 2768/2768/2768 2770/2770/2770
f 2774/2774/2774 2771/2771/2771 2768/2768/2768
f 2775/2775/2775 2758/2758/2758 2759/2759/2759
f 2775/2775/2775 2773/2773/2773 2769/2769/2769
f 2775/2775/2775 2769/2769/2769 2758/2758/2758
f 2776/2776/2776 2774/2774/2774 2770/2770/2770
f 2776/2776/2776 2770/2770/2770 2773/2773/2773
f 2777/2777/2777 2753/2753/2753 2752/2752/2752
f 2777/2777/2777 2752/2752/2752 2771/2771/2771
f 2777/2777/2777 2771/2771/2771 2774/2774/2774
f 2778/2778/2778 2773/2773/2773 2775/2775/2775
f 2778/2778/2778 2776/2776/2776 2773/2773/2773
f 2779/2779/2779 2774/2774/2774 2776/2776/2776
f 2779/2779/2779 2777/2777/2777 2774/2774/2774
f 2780/2780/2780 2754/2754/2754 2753/2753/2753
f 2780/2780/2780 2753/2753/2753 2777/2777/2777
f 2781/2781/2781 2759/2759/2759 2760/2760/2760
f 2781/2781/2781 2760/2760/2760 2761/2761/2761
f 2781/2781/2781 2778/2778/2778 2775/2775/2775
f 2781/2781/2781 2775/2775/2775 2759/2759/2759
f 2782/2782/2782 2776/2776/2776 2778/2778/2778
f 2782/2782/2782 2779/2779/2779 2776/2776/2776
f 2783/2783/2783 2754/2754/2754 2780/2780/2780
f 2783/2783/2783 2777/2777/2777 2779/2779/2779
f 2783/2783/2783 2780/2780/2780 2777/2777/2777
f 2784/2784/2784 2761/2761/2761 2762/2762/2762
f 2784/2784/2784 2782/2782/2782 2778/2778/2778
f 2784/2784/2784 2781/2781/2781 2761/2761/2761
f 2784/2784/2784 2778/2778/2778 2781/2781/2781
f 2785/2785/2785 2783/2783/2783 2779/2779/2779
f 2785/2785/2785 2779/2779/2779 2782/2782/2782
f 2786/2786/2786 2744/2744/2744 2745/2745/2745
f 2786/2786/2786 2755/2755/2755 2754/2754/2754
f 2786/2786/2786 2745/2745/2745 2755/2755/2755
f 2786/2786/2786 2754/2754/2754 2783/2783/2783
f 2787/2787/2787 2785/2785/2785 2782/2782/2782
f 2787/2787/2787 2782/2782/2782 2784/2784/2784
f 2788/2788/2788 2743/2743/2743 2744/2744/2744
f 2788/2788/2788 2786/2786/2786 2783/2783/2783
f 2788/2788/2788 2744/2744/2744 2786/2786/2786
f 2788/2788/2788 2783/2783/2783 2785/2785/2785
f 2789/2789/2789 2787/2787/2787 2784/2784/2784
f 2789/2789/2789 2763/2763/2763 2787/2787/2787
f 2789/2789/2789 2762/2762/2762 2763/2763/2763
f 2789/2789/2789 2784/2784/2784 2762/2762/2762
f 2790/2790/2790 2742/2742/2742 2743/2743/2743
f 2790/2790/2790 2785/2785/2785 2787/2787/2787
f 2790/2790/2790 2788/2788/2788 2785/2785/2785
f 2790/2790/2790 2743/2743/2743 2788/2788/2788
f 2791/2791/2791 2741/2741/2741 2742/2742/2742
f 2791/2791/2791 2787/2787/2787 2763/2763/2763
f 2791/2791/2791 2742/2742/2742 2790/2790/2790
f 2791/2791/2791 2763/2763/2763 2764/2764/2764
f 2791/2791/2791 2790/2790/2790 2787/2787/2787
f 2791/2791/2791 2764/2764/2764 2741/2741/2741
v -23.810680 -8.257939 2.500000
v -17.442558 -11.516980 2.500000
v -10.641693 -13.735661 2.500000
v -3.576811 -14.858934 2.500000
v 3.576811 -14.858934 2.500000
v 10.641693 -13.735661 2.500000
v 17.442558 -11.516980 2.500000
v 23.810680 -8.257939 2.500000
v 23.810680 -8.257939 67.500000
v -23.810680 -8.257939 67.500000
v -17.442558 -11.516980 67.500000
v -10.641693 -13.735661 67.500000
v -3.576811 -14.858934 67.500000
v 3.576811 -14.858934 67.500000
v 10.641693 -13.735661 67.500000
v 17.442558 -11.516980 67.500000
vn -0.524272 -0.851551 0.000000
vn -0.384056 -0.923310 0.000000
vn -0.234313 -0.972161 0.000000
vn -0.078755 -0.996894 0.000000
vn 0.078755 -0.996894 0.000000
vn 0.234313 -0.972161 0.000000
vn 0.384056 -0.923310 0.000000
vn 0.524272 -0.851551 0.000000
vn 0.524272 -0.851551 0.000000
vn -0.524272 -0.851551 0.000000
vn -0.384056 -0.923310 0.000000
vn -0.234313 -0.972161 0.000000
vn -0.078755 -0.996894 0.000000
vn 0.078755 -0.996894 0.000000
vn 0.234313 -0.972161 0.000000
vn 0.384056 -0.923310 0.000000
vt 6.252131 -2.500000
vt 6.094457 -2.500000
vt 5.936783 -2.500000
vt 5.779109 -2.500000
vt 5.621435 -2.500000
vt 5.463760 -2.500000
vt 5.306086 -2.500000
vt 5.148412 -2.500000
vt 5.148412 -67.500000
vt 6.252131 -67.500000
vt 6.094457 -67.500000
vt 5.936783 -67.500000
vt 5.779109 -67.500000
vt 5.621435 -67.500000
vt 5.463760 -67.500000
vt 5.306086 -67.500000
f 2798/2798/2798 2799/2799/2799 2800/2800/2800
f 2798/2798/2798 2800/2800/2800 2807/2807/2807
f 2797/2797/2797 2807/2807/2807 2806/2806/2806
f 2797/2797/2797 2798/2798/2798 2807/2807/2807
f 2796/2796/2796 2805/2805/2805 2804/2804/2804
f 2796/2796/2796 2806/2806/2806 2805/2805/2805
f 2796/2796/2796 2797/2797/2797 2806/2806/2806
f 2795/2795/2795 2796/2796/2796 2804/2804/2804
f 2794/2794/2794 2804/2804/2804 2803/2803/2803
f 2794/2794/2794 2795/2795/2795 2804/2804/2804
f 2793/2793/2793 2803/2803/2803 2802/2802/2802
f 2793/2793/2793 2794/2794/2794 2803/2803/2803
f 2792/2792/2792 2802/2802/2802 2801/2801/2801
f 2792/2792/2792 2793/2793/2793 2802/2802/2802
v 23.810680 -8.257939 67.500000
v 24.151621 -8.005800 67.500000
v 24.445045 -7.699666 67.500000
v 24.682510 -7.348345 67.500000
v 24.857182 -6.961944 67.500000
v 24.964037 -6.551581 67.500000
v 25.000000 -6.129062 67.500000
v 22.500000 -6.129062 70.000000
v 22.934120 -6.129062 69.962021
v 23.355051 -6.129062 69.849228
v 23.750000 -6.129062 69.665062
v 24.106970 -6.129062 69.415108
v 24.415112 -6.129062 69.106972
v 24.665064 -6.129062 68.750000
v 24.849232 -6.129062 68.355049
v 24.962019 -6.129062 67.934120
v 22.500000 -6.129062 70.000000
v 22.727596 -6.498738 69.962021
v 22.948278 -6.857181 69.849228
v 23.155340 -7.193501 69.665062
v 23.342489 -7.497478 69.415108
v 23.504040 -7.759877 69.106972
v 23.635082 -7.972724 68.750000
v 23.731636 -8.129552 68.355049
v 23.790768 -8.225596 67.934120
v 23.053417 -6.185647 69.937317
v 23.030514 -6.296477 69.937317
v 22.985655 -6.400378 69.937317
v 23.562263 -6.348585 69.752419
v 22.920696 -6.493050 69.937317
v 23.495855 -6.559023 69.752419
v 24.050640 -6.287611 69.454582
v 22.838327 -6.570658 69.937317
v 23.388233 -6.751667 69.752419
v 23.986465 -6.598148 69.454582
v 23.243851 -6.918544 69.752419
v 23.860773 -6.889272 69.454582
v 24.414133 -6.524629 69.058723
v 23.678762 -7.148934 69.454582
v 24.294470 -6.903825 69.058723
v 24.740740 -6.358172 68.584709
v 23.447969 -7.366388 69.454582
v 24.100540 -7.250957 69.058723
v 24.648005 -6.806912 68.584709
v 23.840372 -7.551659 69.058723
v 24.466373 -7.227598 68.584709
v 24.886885 -6.622326 68.056305
v 24.203362 -7.602820 68.584709
v 24.737667 -7.095176 68.056305
v 23.869856 -7.917049 68.584709
v 24.495840 -7.528043 68.056305
v 24.171415 -7.903011 68.056305
vn 0.524272 -0.851551 0.000000
vn 0.660649 -0.750695 -0.000000
vn 0.778018 -0.628242 -0.000000
vn 0.873004 -0.487713 -0.000000
vn 0.942873 -0.333153 -0.000000
vn 0.985615 -0.169008 -0.000000
vn 1.000000 0.000000 0.000000
vn -0.000000 -0.000000 1.000000
vn 0.173648 0.000000 0.984808
vn 0.342020 0.000000 0.939693
vn 0.500000 0.000000 0.866025
vn 0.642788 0.000000 0.766044
vn 0.766044 0.000000 0.642788
vn 0.866025 0.000000 0.500000
vn 0.939693 0.000000 0.342020
vn 0.984808 0.000000 0.173648
vn -0.000000 0.000000 1.000000
vn 0.091039 -0.147870 0.984808
vn 0.179312 -0.291248 0.939693
vn 0.262136 -0.425775 0.866025
vn 0.336995 -0.547366 0.766044
vn 0.401616 -0.652326 0.642788
vn 0.454033 -0.737465 0.500000
vn 0.492654 -0.800196 0.342020
vn 0.516307 -0.838614 0.173648
vn 0.221367 -0.022634 0.974928
vn 0.212205 -0.066966 0.974928
vn 0.194262 -0.108526 0.974928
vn 0.424905 -0.087809 0.900969
vn 0.168278 -0.145595 0.974928
vn 0.398342 -0.171984 0.900969
vn 0.620256 -0.063420 0.781832
vn 0.135331 -0.176639 0.974928
vn 0.355293 -0.249042 0.900969
vn 0.594586 -0.187635 0.781832
vn 0.297540 -0.315793 0.900969
vn 0.544309 -0.304084 0.781832
vn 0.765653 -0.158227 0.623490
vn 0.471505 -0.407949 0.781832
vn 0.717788 -0.309905 0.623490
vn 0.896296 -0.091644 0.433884
vn 0.379188 -0.494930 0.781832
vn 0.640216 -0.448758 0.623490
vn 0.859202 -0.271140 0.433884
vn 0.536149 -0.569039 0.623490
vn 0.786549 -0.439414 0.433884
vn 0.954754 -0.197306 0.222521
vn 0.681345 -0.589503 0.433884
vn 0.895067 -0.386446 0.222521
vn 0.547942 -0.715195 0.433884
vn 0.798336 -0.559592 0.222521
vn 0.668566 -0.709580 0.222521
vt 6.283185 -0.000000
vt 6.113363 0.000000
vt 5.943540 0.000000
vt 5.773717 0.000000
vt 5.603894 0.000000
vt 5.434072 0.000000
vt 5.264249 -0.000000
vt 5.264249 -1.570796
vt 5.264249 -1.396263
vt 5.264249 -1.221730
vt 5.264249 -1.047198
vt 5.264249 -0.872665
vt 5.264249 -0.698132
vt 5.264249 -0.523599
vt 5.264249 -0.349066
vt 5.264249 -0.174533
vt 6.283185 -1.570796
vt 6.283185 -1.396263
vt 6.283185 -1.221730
vt 6.283185 -1.047198
vt 6.283185 -0.872665
vt 6.283185 -0.698132
vt 6.283185 -0.523599
vt 6.283185 -0.349066
vt 6.283185 -0.174533
vt 5.366142 -1.346397
vt 5.569930 -1.346397
vt 5.773717 -1.346397
vt 5.468036 -1.121997
vt 5.977504 -1.346397
vt 5.671824 -1.121997
vt 5.366142 -0.897598
vt 6.181292 -1.346397
vt 5.875611 -1.121997
vt 5.569930 -0.897598
vt 6.079398 -1.121997
vt 5.773717 -0.897598
vt 5.468036 -0.673198
vt 5.977504 -0.897598
vt 5.671824 -0.673198
vt 5.366142 -0.448799
vt 6.181292 -0.897598
vt 5.875611 -0.673198
vt 5.569930 -0.448799
vt 6.079398 -0.673198
vt 5.773717 -0.448799
vt 5.468036 -0.224399
vt 5.977504 -0.448799
vt 5.671824 -0.224399
vt 6.181292 -0.448799
vt 5.875611 -0.224399
vt 6.079398 -0.224399
f 2813/2813/2813 2814/2814/2814 2823/2823/2823
f 2808/2808/2808 2809/2809/2809 2832/2832/2832
f 2833/2833/2833 2817/2817/2817 2816/2816/2816
f 2834/2834/2834 2816/2816/2816 2815/2815/2815
f 2834/2834/2834 2817/2817/2817 2833/2833/2833
f 2834/2834/2834 2833/2833/2833 2816/2816/2816
f 2835/2835/2835 2815/2815/2815 2824/2824/2824
f 2835/2835/2835 2834/2834/2834 2815/2815/2815
f 2836/2836/2836 2818/2818/2818 2817/2817/2817
f 2836/2836/2836 2817/2817/2817 2834/2834/2834
f 2837/2837/2837 2824/2824/2824 2825/2825/2825
f 2837/2837/2837 2835/2835/2835 2824/2824/2824
f 2838/2838/2838 2834/2834/2834 2835/2835/2835
f 2838/2838/2838 2836/2836/2836 2834/2834/2834
f 2839/2839/2839 2819/2819/2819 2818/2818/2818
f 2839/2839/2839 2820/2820/2820 2819/2819/2819
f 2839/2839/2839 2818/2818/2818 2836/2836/2836
f 2840/2840/2840 2825/2825/2825 2826/2826/2826
f 2840/2840/2840 2826/2826/2826 2837/2837/2837
f 2840/2840/2840 2837/2837/2837 2825/2825/2825
f 2841/2841/2841 2835/2835/2835 2837/2837/2837
f 2841/2841/2841 2838/2838/2838 2835/2835/2835
f 2842/2842/2842 2836/2836/2836 2838/2838/2838
f 2842/2842/2842 2839/2839/2839 2836/2836/2836
f 2843/2843/2843 2826/2826/2826 2827/2827/2827
f 2843/2843/2843 2841/2841/2841 2837/2837/2837
f 2843/2843/2843 2837/2837/2837 2826/2826/2826
f 2844/2844/2844 2842/2842/2842 2838/2838/2838
f 2844/2844/2844 2838/2838/2838 2841/2841/2841
f 2845/2845/2845 2821/2821/2821 2820/2820/2820
f 2845/2845/2845 2820/2820/2820 2839/2839/2839
f 2845/2845/2845 2839/2839/2839 2842/2842/2842
f 2846/2846/2846 2841/2841/2841 2843/2843/2843
f 2846/2846/2846 2844/2844/2844 2841/2841/2841
f 2847/2847/2847 2842/2842/2842 2844/2844/2844
f 2847/2847/2847 2845/2845/2845 2842/2842/2842
f 2848/2848/2848 2822/2822/2822 2821/2821/2821
f 2848/2848/2848 2821/2821/2821 2845/2845/2845
f 2849/2849/2849 2827/2827/2827 2828/2828/2828
f 2849/2849/2849 2828/2828/2828 2829/2829/2829
f 2849/2849/2849 2846/2846/2846 2843/2843/2843
f 2849/2849/2849 2843/2843/2843 2827/2827/2827
f 2850/2850/2850 2844/2844/2844 2846/2846/2846
f 2850/2850/2850 2847/2847/2847 2844/2844/2844
f 2851/2851/2851 2822/2822/2822 2848/2848/2848
f 2851/2851/2851 2845/2845/2845 2847/2847/2847
f 2851/2851/2851 2848/2848/2848 2845/2845/2845
f 2852/2852/2852 2829/2829/2829 2830/2830/2830
f 2852/2852/2852 2850/2850/2850 2846/2846/2846
f 2852/2852/2852 2849/2849/2849 2829/2829/2829
f 2852/2852/2852 2846/2846/2846 2849/2849/2849
f 2853/2853/2853 2851/2851/2851 2847/2847/2847
f 2853/2853/2853 2847/2847/2847 2850/2850/2850
f 2854/2854/2854 2812/2812/2812 2813/2813/2813
f 2854/2854/2854 2823/2823/2823 2822/2822/2822
f 2854/2854/2854 2813/2813/2813 2823/2823/2823
f 2854/2854/2854 2822/2822/2822 2851/2851/2851
f 2855/2855/2855 2853/2853/2853 2850/2850/2850
f 2855/2855/2855 2850/2850/2850 2852/2852/2852
f 2856/2856/2856 2811/2811/2811 2812/2812/2812
f 2856/2856/2856 2854/2854/2854 2851/2851/2851
f 2856/2856/2856 2812/2812/2812 2854/2854/2854
f 2856/2856/2856 2851/2851/2851 2853/2853/2853
f 2857/2857/2857 2855/2855/2855 2852/2852/2852
f 2857/2857/2857 2831/2831/2831 2855/2855/2855
f 2857/2857/2857 2830/2830/2830 2831/2831/2831
f 2857/2857/2857 2852/2852/2852 2830/2830/2830
f 2858/2858/2858 2810/2810/2810 2811/2811/2811
f 2858/2858/2858 2853/2853/2853 2855/2855/2855
f 2858/2858/2858 2856/2856/2856 2853/2853/2853
f 2858/2858/2858 2811/2811/2811 2856/2856/2856
f 2859/2859/2859 2809/2809/2809 2810/2810/2810
f 2859/2859/2859 2855/2855/2855 2831/2831/2831
f 2859/2859/2859 2810/2810/2810 2858/2858/2858
f 2859/2859/2859 2831/2831/2831 2832/2832/2832
f 2859/2859/2859 2858/2858/2858 2855/2855/2855
f 2859/2859/2859 2832/2832/2832 2809/2809/2809
v 25.000000 6.129062 2.500000
v 25.000000 -6.129062 2.500000
v 25.000000 -6.129062 67.500000
v 25.000000 6.129062 67.500000
vn 1.000000 0.000000 -0.000000
vn 1.000000 0.000000 -0.000000
vn 1.000000 0.000000 -0.000000
vn 1.000000 0.000000 -0.000000
vt 6.129062 -2.500000
vt -6.129062 -2.500000
vt -6.129062 -67.500000
vt 6.129062 -67.500000
f 2860/2860/2860 2862/2862/2862 2861/2861/2861
f 2860/2860/2860 2863/2863/2863 2862/2862/2862
v 25.000000 6.129062 2.500000
v 25.000000 6.129062 67.500000
v 23.810680 8.257939 2.500000
v 24.151621 8.005800 2.500000
v 24.445045 7.699666 2.500000
v 24.682510 7.348345 2.500000
v 24.857182 6.961944 2.500000
v 24.964037 6.551581 2.500000
v 23.810680 8.257939 67.500000
v 24.151621 8.005800 67.500000
v 24.445045 7.699666 67.500000
v 24.682510 7.348345 67.500000
v 24.857182 6.961944 67.500000
v 24.964037 6.551581 67.500000
vn 1.000000 0.000000 -0.000000
vn 1.000000 0.000000 -0.000000
vn 0.524272 0.851551 -0.000000
vn 0.660649 0.750695 -0.000000
vn 0.778018 0.628242 -0.000000
vn 0.873004 0.487713 -0.000000
vn 0.942873 0.333153 -0.000000
vn 0.985615 0.169008 -0.000000
vn 0.524272 0.851551 -0.000000
vn 0.660649 0.750695 -0.000000
vn 0.778018 0.628242 -0.000000
vn 0.873004 0.487713 -0.000000
vn 0.942873 0.333153 -0.000000
vn 0.985615 0.169008 -0.000000
vt 0.000000 2.500000
vt 0.000000 67.500000
vt 1.018937 2.500000
vt 0.849114 2.500000
vt 0.679291 2.500000
vt 0.509468 2.500000
vt 0.339646 2.500000
vt 0.169823 2.500000
vt 1.018937 67.500000
vt 0.849114 67.500000
vt 0.679291 67.500000
vt 0.509468 67.500000
vt 0.339646 67.500000
vt 0.169823 67.500000
f 2877/2877/2877 2865/2865/2865 2864/2864/2864
f 2877/2877/2877 2864/2864/2864 2871/2871/2871
f 2876/2876/2876 2871/2871/2871 2870/2870/2870
f 2876/2876/2876 2877/2877/2877 2871/2871/2871
f 2875/2875/2875 2869/2869/2869 2868/2868/2868
f 2875/2875/2875 2870/2870/2870 2869/2869/2869
f 2875/2875/2875 2876/2876/2876 2870/2870/2870
f 2874/2874/2874 2875/2875/2875 2868/2868/2868
f 2873/2873/2873 2868/2868/2868 2867/2867/2867
f 2873/2873/2873 2874/2874/2874 2868/2868/2868
f 2872/2872/2872 2867/2867/2867 2866/2866/2866
f 2872/2872/2872 2873/2873/2873 2867/2867/2867
v 22.500000 6.129062 0.000000
v 16.482418 9.208706 0.000000
v 10.055912 11.305257 0.000000
v 3.379922 12.366699 0.000000
v -3.379922 12.366699 0.000000
v -10.055912 11.305257 0.000000
v -16.482418 9.208706 0.000000
v -22.500000 6.129062 0.000000
v -22.727596 6.498738 0.037981
v -22.948278 6.857181 0.150768
v -23.155340 7.193501 0.334936
v -23.342489 7.497478 0.584889
v -23.504040 7.759877 0.893031
v -23.635082 7.972724 1.250000
v -23.731636 8.129552 1.644950
v -23.790768 8.225596 2.065880
v -23.810680 8.257939 2.500000
v 23.810680 8.257939 2.500000
v 17.442558 11.516980 2.500000
v 10.641693 13.735661 2.500000
v 3.576811 14.858934 2.500000
v -3.576811 14.858934 2.500000
v -10.641693 13.735661 2.500000
v -17.442558 11.516980 2.500000
v 22.727596 6.498738 0.037981
v 22.948278 6.857181 0.150768
v 23.155340 7.193501 0.334936
v 23.342489 7.497478 0.584889
v 23.504040 7.759877 0.893031
v 23.635082 7.972724 1.250000
v 23.731636 8.129552 1.644950
v 23.790768 8.225596 2.065880
v -17.427973 11.481913 2.065880
v -17.384655 11.377774 1.644950
v -17.313925 11.207730 1.250000
v -17.217928 10.976947 0.893031
v -17.099585 10.692436 0.584889
v -16.962488 10.362844 0.334936
v -16.810806 9.998182 0.150768
v -16.649145 9.609533 0.037981
v -10.632794 13.698737 2.065880
v -10.606367 13.589089 1.644950
v -10.563213 13.410048 1.250000
v -10.504647 13.167054 0.893031
v -10.432446 12.867490 0.584889
v -10.348803 12.520458 0.334936
v -10.256261 12.136504 0.150768
v -10.157632 11.727292 0.037981
v -3.573820 14.821072 2.065880
v -3.564937 14.708634 1.644950
v -3.550433 14.525038 1.250000
v -3.530748 14.275862 0.893031
v -3.506480 13.968677 0.584889
v -3.478367 13.612817 0.334936
v -3.447262 13.219094 0.150768
v -3.414112 12.799471 0.037981
v 3.573820 14.821072 2.065880
v 3.564937 14.708634 1.644950
v 3.550433 14.525038 1.250000
v 3.530748 14.275862 0.893031
v 3.506480 13.968677 0.584889
v 3.478367 13.612817 0.334936
v 3.447262 13.219094 0.150768
v 3.414112 12.799471 0.037981
v 10.632794 13.698737 2.065880
v 10.606367 13.589089 1.644950
v 10.563213 13.410048 1.250000
v 10.504647 13.167054 0.893031
v 10.432446 12.867490 0.584889
v 10.348803 12.520458 0.334936
v 10.256261 12.136504 0.150768
v 10.157632 11.727292 0.037981
v 17.427973 11.481913 2.065880
v 17.384655 11.377774 1.644950
v 17.313925 11.207730 1.250000
v 17.217928 10.976947 0.893031
v 17.099585 10.692436 0.584889
v 16.962488 10.362844 0.334936
v 16.810806 9.998182 0.150768
v 16.649145 9.609533 0.037981
vn -0.000000 -0.000000 -1.000000
vn -0.000000 -0.000000 -1.000000
vn -0.000000 -0.000000 -1.000000
vn -0.000000 -0.000000 -1.000000
vn 0.000000 -0.000000 -1.000000
vn 0.000000 -0.000000 -1.000000
vn 0.000000 -0.000000 -1.000000
vn 0.000000 -0.000000 -1.000000
vn -0.091039 0.147870 -0.984808
vn -0.179312 0.291248 -0.939693
vn -0.262136 0.425775 -0.866025
vn -0.336995 0.547366 -0.766044
vn -0.401616 0.652326 -0.642788
vn -0.454033 0.737465 -0.500000
vn -0.492654 0.800196 -0.342020
vn -0.516307 0.838614 -0.173648
vn -0.524272 0.851551 0.000000
vn 0.524272 0.851551 -0.000000
vn 0.384056 0.923310 0.000000
vn 0.234313 0.972161 0.000000
vn 0.078755 0.996894 0.000000
vn -0.078755 0.996894 0.000000
vn -0.234313 0.972161 0.000000
vn -0.384056 0.923310 0.000000
vn 0.091039 0.147870 -0.984808
vn 0.179312 0.291248 -0.939693
vn 0.262136 0.425775 -0.866025
vn 0.336995 0.547366 -0.766044
vn 0.401616 0.652326 -0.642788
vn 0.454033 0.737465 -0.500000
vn 0.492654 0.800196 -0.342020
vn 0.516307 0.838614 -0.173648
vn -0.378222 0.909283 -0.173648
vn -0.360895 0.867627 -0.342020
vn -0.332603 0.799610 -0.500000
vn -0.294204 0.707296 -0.642788
vn -0.246867 0.593492 -0.766044
vn -0.192028 0.461655 -0.866025
vn -0.131355 0.315791 -0.939693
vn -0.066691 0.160331 -0.984808
vn -0.230753 0.957392 -0.173648
vn -0.220182 0.913533 -0.342020
vn -0.202921 0.841916 -0.500000
vn -0.179494 0.744719 -0.642788
vn -0.150613 0.624893 -0.766044
vn -0.117156 0.486081 -0.866025
vn -0.080140 0.332499 -0.939693
vn -0.040688 0.168814 -0.984808
vn -0.077559 0.981749 -0.173648
vn -0.074006 0.936774 -0.342020
vn -0.068204 0.863335 -0.500000
vn -0.060330 0.763665 -0.642788
vn -0.050623 0.640791 -0.766044
vn -0.039378 0.498447 -0.866025
vn -0.026936 0.340958 -0.939693
vn -0.013676 0.173109 -0.984808
vn 0.077559 0.981749 -0.173648
vn 0.074006 0.936774 -0.342020
vn 0.068204 0.863335 -0.500000
vn 0.060330 0.763665 -0.642788
vn 0.050623 0.640791 -0.766044
vn 0.039378 0.498447 -0.866025
vn 0.026936 0.340958 -0.939693
vn 0.013676 0.173109 -0.984808
vn 0.230753 0.957392 -0.173648
vn 0.220182 0.913533 -0.342020
vn 0.202921 0.841916 -0.500000
vn 0.179494 0.744719 -0.642788
vn 0.150613 0.624893 -0.766044
vn 0.117156 0.486081 -0.866025
vn 0.080140 0.332499 -0.939693
vn 0.040688 0.168814 -0.984808
vn 0.378222 0.909283 -0.173648
vn 0.360895 0.867627 -0.342020
vn 0.332603 0.799610 -0.500000
vn 0.294204 0.707296 -0.642788
vn 0.246867 0.593492 -0.766044
vn 0.192028 0.461655 -0.866025
vn 0.131355 0.315791 -0.939693
vn 0.066691 0.160331 -0.984808
vt 6.252131 1.570796
vt 6.094457 1.570796
vt 5.936783 1.570796
vt 5.779109 1.570796
vt 5.621435 1.570796
vt 5.463760 1.570796
vt 5.306086 1.570796
vt 5.148412 1.570796
vt 5.148412 1.396263
vt 5.148412 1.221730
vt 5.148412 1.047198
vt 5.148412 0.872665
vt 5.148412 0.698132
vt 5.148412 0.523599
vt 5.148412 0.349066
vt 5.148412 0.174533
vt 5.148412 0.000000
vt 6.252131 0.000000
vt 6.094457 0.000000
vt 5.936783 0.000000
vt 5.779109 0.000000
vt 5.621435 0.000000
vt 5.463760 0.000000
vt 5.306086 0.000000
vt 6.252131 1.396263
vt 6.252131 1.221730
vt 6.252131 1.047198
vt 6.252131 0.872665
vt 6.252131 0.698132
vt 6.252131 0.523599
vt 6.252131 0.349066
vt 6.252131 0.174533
vt 5.306086 0.174533
vt 5.306086 0.349066
vt 5.306086 0.523599
vt 5.306086 0.698132
vt 5.306086 0.872665
vt 5.306086 1.047198
vt 5.306086 1.221730
vt 5.306086 1.396263
vt 5.463760 0.174533
vt 5.463760 0.349066
vt 5.463760 0.523599
vt 5.463760 0.698132
vt 5.463760 0.872665
vt 5.463760 1.047198
vt 5.463760 1.221730
vt 5.463760 1.396263
vt 5.621435 0.174533
vt 5.621435 0.349066
vt 5.621435 0.523599
vt 5.621435 0.698132
vt 5.621435 0.872665
vt 5.621435 1.047198
vt 5.621435 1.221730
vt 5.621435 1.396263
vt 5.779109 0.174533
vt 5.779109 0.349066
vt 5.779109 0.523599
vt 5.779109 0.698132
vt 5.779109 0.872665
vt 5.779109 1.047198
vt 5.779109 1.221730
vt 5.779109 1.396263
vt 5.936783 0.174533
vt 5.936783 0.349066
vt 5.936783 0.523599
vt 5.936783 0.698132
vt 5.936783 0.872665
vt 5.936783 1.047198
vt 5.936783 1.221730
vt 5.936783 1.396263
vt 6.094457 0.174533
vt 6.094457 0.349066
vt 6.094457 0.523599
vt 6.094457 0.698132
vt 6.094457 0.872665
vt 6.094457 1.047198
vt 6.094457 1.221730
vt 6.094457 1.396263
f 2884/2884/2884 2885/2885/2885 2886/2886/2886
f 2909/2909/2909 2896/2896/2896 2895/2895/2895
f 2910/2910/2910 2893/2893/2893 2894/2894/2894
f 2910/2910/2910 2894/2894/2894 2901/2901/2901
f 2911/2911/2911 2892/2892/2892 2893/2893/2893
f 2911/2911/2911 2893/2893/2893 2910/2910/2910
f 2912/2912/2912 2891/2891/2891 2892/2892/2892
f 2912/2912/2912 2892/2892/2892 2911/2911/2911
f 2913/2913/2913 2890/2890/2890 2891/2891/2891
f 2913/2913/2913 2891/2891/2891 2912/2912/2912
f 2914/2914/2914 2889/2889/2889 2890/2890/2890
f 2914/2914/2914 2890/2890/2890 2913/2913/2913
f 2915/2915/2915 2888/2888/2888 2889/2889/2889
f 2915/2915/2915 2889/2889/2889 2914/2914/2914
f 2916/2916/2916 2887/2887/2887 2888/2888/2888
f 2916/2916/2916 2888/2888/2888 2915/2915/2915
f 2917/2917/2917 2886/2886/2886 2887/2887/2887
f 2917/2917/2917 2887/2887/2887 2916/2916/2916
f 2917/2917/2917 2884/2884/2884 2886/2886/2886
f 2918/2918/2918 2901/2901/2901 2900/2900/2900
f 2918/2918/2918 2910/2910/2910 2901/2901/2901
f 2919/2919/2919 2911/2911/2911 2910/2910/2910
f 2919/2919/2919 2910/2910/2910 2918/2918/2918
f 2920/2920/2920 2911/2911/2911 2919/2919/2919
f 2920/2920/2920 2912/2912/2912 2911/2911/2911
f 2921/2921/2921 2912/2912/2912 2920/2920/2920
f 2921/2921/2921 2913/2913/2913 2912/2912/2912
f 2922/2922/2922 2914/2914/2914 2913/2913/2913
f 2922/2922/2922 2915/2915/2915 2914/2914/2914
f 2922/2922/2922 2913/2913/2913 2921/2921/2921
f 2923/2923/2923 2915/2915/2915 2922/2922/2922
f 2924/2924/2924 2915/2915/2915 2923/2923/2923
f 2924/2924/2924 2916/2916/2916 2915/2915/2915
f 2925/2925/2925 2916/2916/2916 2924/2924/2924
f 2925/2925/2925 2883/2883/2883 2884/2884/2884
f 2925/2925/2925 2884/2884/2884 2917/2917/2917
f 2925/2925/2925 2917/2917/2917 2916/2916/2916
f 2926/2926/2926 2900/2900/2900 2899/2899/2899
f 2926/2926/2926 2918/2918/2918 2900/2900/2900
f 2927/2927/2927 2919/2919/2919 2918/2918/2918
f 2927/2927/2927 2918/2918/2918 2926/2926/2926
f 2927/2927/2927 2920/2920/2920 2919/2919/2919
f 2928/2928/2928 2920/2920/2920 2927/2927/2927
f 2929/2929/2929 2921/2921/2921 2920/2920/2920
f 2929/2929/2929 2920/2920/2920 2928/2928/2928
f 2929/2929/2929 2922/2922/2922 2921/2921/2921
f 2930/2930/2930 2922/2922/2922 2929/2929/2929
f 2931/2931/2931 2923/2923/2923 2922/2922/2922
f 2931/2931/2931 2922/2922/2922 2930/2930/2930
f 2932/2932/2932 2923/2923/2923 2931/2931/2931
f 2932/2932/2932 2924/2924/2924 2923/2923/2923
f 2933/2933/2933 2925/2925/2925 2924/2924/2924
f 2933/2933/2933 2882/2882/2882 2883/2883/2883
f 2933/2933/2933 2883/2883/2883 2925/2925/2925
f 2933/2933/2933 2924/2924/2924 2932/2932/2932
f 2934/2934/2934 2899/2899/2899 2898/2898/2898
f 2934/2934/2934 2926/2926/2926 2899/2899/2899
f 2935/2935/2935 2927/2927/2927 2926/2926/2926
f 2935/2935/2935 2926/2926/2926 2934/2934/2934
f 2936/2936/2936 2928/2928/2928 2927/2927/2927
f 2936/2936/2936 2929/2929/2929 2928/2928/2928
f 2936/2936/2936 2927/2927/2927 2935/2935/2935
f 2937/2937/2937 2929/2929/2929 2936/2936/2936
f 2938/2938/2938 2930/2930/2930 2929/2929/2929
f 2938/2938/2938 2929/2929/2929 2937/2937/2937
f 2939/2939/2939 2930/2930/2930 2938/2938/2938
f 2939/2939/2939 2931/2931/2931 2930/2930/2930
f 2940/2940/2940 2932/2932/2932 2931/2931/2931
f 2940/2940/2940 2931/2931/2931 2939/2939/2939
f 2941/2941/2941 2881/2881/2881 2882/2882/2882
f 2941/2941/2941 2882/2882/2882 2933/2933/2933
f 2941/2941/2941 2933/2933/2933 2932/2932/2932
f 2941/2941/2941 2932/2932/2932 2940/2940/2940
f 2942/2942/2942 2935/2935/2935 2934/2934/2934
f 2942/2942/2942 2898/2898/2898 2897/2897/2897
f 2942/2942/2942 2934/2934/2934 2898/2898/2898
f 2943/2943/2943 2935/2935/2935 2942/2942/2942
f 2944/2944/2944 2936/2936/2936 2935/2935/2935
f 2944/2944/2944 2935/2935/2935 2943/2943/2943
f 2945/2945/2945 2938/2938/2938 2937/2937/2937
f 2945/2945/2945 2937/2937/2937 2936/2936/2936
f 2945/2945/2945 2936/2936/2936 2944/2944/2944
f 2946/2946/2946 2938/2938/2938 2945/2945/2945
f 2947/2947/2947 2939/2939/2939 2938/2938/2938
f 2947/2947/2947 2938/2938/2938 2946/2946/2946
f 2948/2948/2948 2940/2940/2940 2939/2939/2939
f 2948/2948/2948 2941/2941/2941 2940/2940/2940
f 2948/2948/2948 2939/2939/2939 2947/2947/2947
f 2949/2949/2949 2879/2879/2879 2880/2880/2880
f 2949/2949/2949 2880/2880/2880 2881/2881/2881
f 2949/2949/2949 2881/2881/2881 2941/2941/2941
f 2949/2949/2949 2941/2941/2941 2948/2948/2948
f 2950/2950/2950 2897/2897/2897 2896/2896/2896
f 2950/2950/2950 2942/2942/2942 2897/2897/2897
f 2950/2950/2950 2896/2896/2896 2909/2909/2909
f 2951/2951/2951 2908/2908/2908 2907/2907/2907
f 2951/2951/2951 2909/2909/2909 2908/2908/2908
f 2951/2951/2951 2943/2943/2943 2942/2942/2942
f 2951/2951/2951 2944/2944/2944 2943/2943/2943
f 2951/2951/2951 2950/2950/2950 2909/2909/2909
f 2951/2951/2951 2942/2942/2942 2950/2950/2950
f 2952/2952/2952 2944/2944/2944 2951/2951/2951
f 2952/2952/2952 2951/2951/2951 2907/2907/2907
f 2953/2953/2953 2907/2907/2907 2906/2906/2906
f 2953/2953/2953 2945/2945/2945 2944/2944/2944
f 2953/2953/2953 2944/2944/2944 2952/2952/2952
f 2953/2953/2953 2952/2952/2952 2907/2907/2907
f 2954/2954/2954 2906/2906/2906 2905/2905/2905
f 2954/2954/2954 2946/2946/2946 2945/2945/2945
f 2954/2954/2954 2945/2945/2945 2953/2953/2953
f 2954/2954/2954 2953/2953/2953 2906/2906/2906
f 2955/2955/2955 2905/2905/2905 2904/2904/2904
f 2955/2955/2955 2947/2947/2947 2946/2946/2946
f 2955/2955/2955 2946/2946/2946 2954/2954/2954
f 2955/2955/2955 2954/2954/2954 2905/2905/2905
f 2956/2956/2956 2903/2903/2903 2902/2902/2902
f 2956/2956/2956 2904/2904/2904 2903/2903/2903
f 2956/2956/2956 2955/2955/2955 2904/2904/2904
f 2956/2956/2956 2948/2948/2948 2947/2947/2947
f 2956/2956/2956 2949/2949/2949 2948/2948/2948
f 2956/2956/2956 2947/2947/2947 2955/2955/2955
f 2957/2957/2957 2878/2878/2878 2879/2879/2879
f 2957/2957/2957 2902/2902/2902 2878/2878/2878
f 2957/2957/2957 2879/2879/2879 2949/2949/2949
f 2957/2957/2957 2956/2956/2956 2902/2902/2902
f 2957/2957/2957 2949/2949/2949 2956/2956/2956
v -23.810680 8.257939 2.500000
v -23.810680 8.257939 67.500000
v -24.151621 8.005800 2.500000
v -24.445045 7.699666 2.500000
v -24.682510 7.348345 2.500000
v -24.857182 6.961944 2.500000
v -24.964037 6.551581 2.500000
v -25.000000 6.129062 2.500000
v -25.000000 6.129062 67.500000
v -24.151621 8.005800 67.500000
v -24.445045 7.699666 67.500000
v -24.682510 7.348345 67.500000
v -24.857182 6.961944 67.500000
v -24.964037 6.551581 67.500000
vn -0.524272 0.851551 0.000000
vn -0.524272 0.851551 0.000000
vn -0.660649 0.750695 0.000000
vn -0.778018 0.628242 0.000000
vn -0.873004 0.487713 0.000000
vn -0.942873 0.333153 0.000000
vn -0.985615 0.169008 0.000000
vn -1.000000 -0.000000 0.000000
vn -1.000000 -0.000000 0.000000
vn -0.660649 0.750695 0.000000
vn -0.778018 0.628242 0.000000
vn -0.873004 0.487713 0.000000
vn -0.942873 0.333153 0.000000
vn -0.985615 0.169008 0.000000
vt 0.000000 2.500000
vt 0.000000 67.500000
vt 0.169823 2.500000
vt 0.339646 2.500000
vt 0.509468 2.500000
vt 0.679291 2.500000
vt 0.849114 2.500000
vt 1.018937 2.500000
vt 1.018937 67.500000
vt 0.169823 67.500000
vt 0.339646 67.500000
vt 0.509468 67.500000
vt 0.679291 67.500000
vt 0.849114 67.500000
f 2967/2967/2967 2959/2959/2959 2958/2958/2958
f 2967/2967/2967 2958/2958/2958 2960/2960/2960
f 2968/2968/2968 2960/2960/2960 2961/2961/2961
f 2968/2968/2968 2967/2967/2967 2960/2960/2960
f 2969/2969/2969 2961/2961/2961 2962/2962/2962
f 2969/2969/2969 2962/2962/2962 2963/2963/2963
f 2969/2969/2969 2968/2968/2968 2961/2961/2961
f 2970/2970/2970 2969/2969/2969 2963/2963/2963
f 2971/2971/2971 2963/2963/2963 2964/2964/2964
f 2971/2971/2971 2970/2970/2970 2963/2963/2963
f 2966/2966/2966 2964/2964/2964 2965/2965/2965
f 2966/2966/2966 2971/2971/2971 2964/2964/2964
v -25.000000 6.129062 2.500000
v -25.000000 -6.129062 2.500000
v -22.500000 6.129062 0.000000
v -22.934120 6.129062 0.037981
v -23.355051 6.129062 0.150768
v -23.750000 6.129062 0.334936
v -24.106970 6.129062 0.584889
v -24.415112 6.129062 0.893031
v -24.665064 6.129062 1.250000
v -24.849232 6.129062 1.644950
v -24.962019 6.129062 2.065880
v -22.500000 -6.129062 0.000000
v -22.934120 -6.129062 0.037981
v -23.355051 -6.129062 0.150768
v -23.750000 -6.129062 0.334936
v -24.106970 -6.129062 0.584889
v -24.415112 -6.129062 0.893031
v -24.665064 -6.129062 1.250000
v -24.849232 -6.129062 1.644950
v -24.962019 -6.129062 2.065880
vn -1.000000 0.000000 -0.000000
vn -1.000000 0.000000 -0.000000
vn 0.000000 0.000000 -1.000000
vn -0.173648 0.000000 -0.984808
vn -0.342020 0.000000 -0.939693
vn -0.500000 0.000000 -0.866025
vn -0.642788 0.000000 -0.766044
vn -0.766044 0.000000 -0.642788
vn -0.866025 0.000000 -0.500000
vn -0.939693 0.000000 -0.342020
vn -0.984808 0.000000 -0.173648
vn 0.000000 0.000000 -1.000000
vn -0.173648 0.000000 -0.984808
vn -0.342020 0.000000 -0.939693
vn -0.500000 0.000000 -0.866025
vn -0.642788 0.000000 -0.766044
vn -0.766044 0.000000 -0.642788
vn -0.866025 0.000000 -0.500000
vn -0.939693 0.000000 -0.342020
vn -0.984808 0.000000 -0.173648
vt 0.000000 -6.129062
vt 0.000000 6.129062
vt 1.570796 -6.129062
vt 1.396263 -6.129062
vt 1.221730 -6.129062
vt 1.047198 -6.129062
vt 0.872665 -6.129062
vt 0.698132 -6.129062
vt 0.523599 -6.129062
vt 0.349066 -6.129062
vt 0.174533 -6.129062
vt 1.570796 6.129062
vt 1.396263 6.129062
vt 1.221730 6.129062
vt 1.047198 6.129062
vt 0.872665 6.129062
vt 0.698132 6.129062
vt 0.523599 6.129062
vt 0.349066 6.129062
vt 0.174533 6.129062
f 2991/2991/2991 2973/2973/2973 2972/2972/2972
f 2991/2991/2991 2972/2972/2972 2982/2982/2982
f 2990/2990/2990 2981/2981/2981 2980/2980/2980
f 2990/2990/2990 2982/2982/2982 2981/2981/2981
f 2990/2990/2990 2991/2991/2991 2982/2982/2982
f 2989/2989/2989 2990/2990/2990 2980/2980/2980
f 2988/2988/2988 2979/2979/2979 2978/2978/2978
f 2988/2988/2988 2980/2980/2980 2979/2979/2979
f 2988/2988/2988 2989/2989/2989 2980/2980/2980
f 2987/2987/2987 2988/2988/2988 2978/2978/2978
f 2986/2986/2986 2978/2978/2978 2977/2977/2977
f 2986/2986/2986 2987/2987/2987 2978/2978/2978
f 2985/2985/2985 2977/2977/2977 2976/2976/2976
f 2985/2985/2985 2986/2986/2986 2977/2977/2977
f 2984/2984/2984 2975/2975/2975 2974/2974/2974
f 2984/2984/2984 2976/2976/2976 2975/2975/2975
f 2984/2984/2984 2985/2985/2985 2976/2976/2976
f 2983/2983/2983 2984/2984/2984 2974/2974/2974
v -25.000000 -6.129062 2.500000
v -25.000000 -6.129062 67.500000
v -24.964037 -6.551581 2.500000
v -24.857182 -6.961944 2.500000
v -24.682510 -7.348345 2.500000
v -24.445045 -7.699666 2.500000
v -24.151621 -8.005800 2.500000
v -23.810680 -8.257939 2.500000
v -23.810680 -8.257939 67.500000
v -24.964037 -6.551581 67.500000
v -24.857182 -6.961944 67.500000
v -24.682510 -7.348345 67.500000
v -24.445045 -7.699666 67.500000
v -24.151621 -8.005800 67.500000
vn -1.000000 0.000000 0.000000
vn -1.000000 0.000000 0.000000
vn -0.985615 -0.169008 0.000000
vn -0.942873 -0.333153 0.000000
vn -0.873004 -0.487713 0.000000
vn -0.778018 -0.628242 0.000000
vn -0.660649 -0.750695 0.000000
vn -0.524272 -0.851551 0.000000
vn -0.524272 -0.851551 0.000000
vn -0.985615 -0.169008 0.000000
vn -0.942873 -0.333153 0.000000
vn -0.873004 -0.487713 0.000000
vn -0.778018 -0.628242 0.000000
vn -0.660649 -0.750695 0.000000
vt 0.000000 2.500000
vt 0.000000 67.500000
vt 0.169823 2.500000
vt 0.339646 2.500000
vt 0.509468 2.500000
vt 0.679291 2.500000
vt 0.849114 2.500000
vt 1.018937 2.500000
vt 1.018937 67.500000
vt 0.169823 67.500000
vt 0.339646 67.500000
vt 0.509468 67.500000
vt 0.679291 67.500000
vt 0.849114 67.500000
f 3001/3001/3001 2993/2993/2993 2992/2992/2992
f 3001/3001/3001 2992/2992/2992 2994/2994/2994
f 3002/3002/3002 2994/2994/2994 2995/2995/2995
f 3002/3002/3002 3001/3001/3001 2994/2994/2994
f 3003/3003/3003 2995/2995/2995 2996/2996/2996
f 3003/3003/3003 3002/3002/3002 2995/2995/2995
f 3004/3004/3004 2996/2996/2996 2997/2997/2997
f 3004/3004/3004 3003/3003/3003 2996/2996/2996
f 3005/3005/3005 2997/2997/2997 2998/2998/2998
f 3005/3005/3005 3004/3004/3004 2997/2997/2997
f 3000/3000/3000 2998/2998/2998 2999/2999/2999
f 3000/3000/3000 3005/3005/3005 2998/2998/2998
v -22.500000 -6.129062 0.000000
v -16.482418 -9.208706 0.000000
v -10.055912 -11.305257 0.000000
v -3.379922 -12.366699 0.000000
v 3.379922 -12.366699 0.000000
v 10.055912 -11.305257 0.000000
v 16.482418 -9.208706 0.000000
v 22.500000 -6.129062 0.000000
v 22.727596 -6.498738 0.037981
v 22.948278 -6.857181 0.150768
v 23.155340 -7.193501 0.334936
v 23.342489 -7.497478 0.584889
v 23.504040 -7.759877 0.893031
v 23.635082 -7.972724 1.250000
v 23.731636 -8.129552 1.644950
v 23.790768 -8.225596 2.065880
v 23.810680 -8.257939 2.500000
v -23.810680 -8.257939 2.500000
v -17.442558 -11.516980 2.500000
v -10.641693 -13.735661 2.500000
v -3.576811 -14.858934 2.500000
v 3.576811 -14.858934 2.500000
v 10.641693 -13.735661 2.500000
v 17.442558 -11.516980 2.500000
v -22.727596 -6.498738 0.037981
v -22.948278 -6.857181 0.150768
v -23.155340 -7.193501 0.334936
v -23.342489 -7.497478 0.584889
v -23.504040 -7.759877 0.893031
v -23.635082 -7.972724 1.250000
v -23.731636 -8.129552 1.644950
v -23.790768 -8.225596 2.065880
v 17.427973 -11.481913 2.065880
v 17.384655 -11.377774 1.644950
v 17.313925 -11.207730 1.250000
v 17.217928 -10.976947 0.893031
v 17.099585 -10.692436 0.584889
v 16.962488 -10.362844 0.334936
v 16.810806 -9.998182 0.150768
v 16.649145 -9.609533 0.037981
v 10.632794 -13.698737 2.065880
v 10.606367 -13.589089 1.644950
v 10.563213 -13.410048 1.250000
v 10.504647 -13.167054 0.893031
v 10.432446 -12.867490 0.584889
v 10.348803 -12.520458 0.334936
v 10.256261 -12.136504 0.150768
v 10.157632 -11.727292 0.037981
v 3.573820 -14.821072 2.065880
v 3.564937 -14.708634 1.644950
v 3.550433 -14.525038 1.250000
v 3.530748 -14.275862 0.893031
v 3.506480 -13.968677 0.584889
v 3.478367 -13.612817 0.334936
v 3.447262 -13.219094 0.150768
v 3.414112 -12.799471 0.037981
v -3.573820 -14.821072 2.065880
v -3.564937 -14.708634 1.644950
v -3.550433 -14.525038 1.250000
v -3.530748 -14.275862 0.893031
v -3.506480 -13.968677 0.584889
v -3.478367 -13.612817 0.334936
v -3.447262 -13.219094 0.150768
v -3.414112 -12.799471 0.037981
v -10.632794 -13.698737 2.065880
v -10.606367 -13.589089 1.644950
v -10.563213 -13.410048 1.250000
v -10.504647 -13.167054 0.893031
v -10.432446 -12.867490 0.584889
v -10.348803 -12.520458 0.334936
v -10.256261 -12.136504 0.150768
v -10.157632 -11.727292 0.037981
v -17.427973 -11.481913 2.065880
v -17.384655 -11.377774 1.644950
v -17.313925 -11.207730 1.250000
v -17.217928 -10.976947 0.893031
v -17.099585 -10.692436 0.584889
v -16.962488 -10.362844 0.334936
v -16.810806 -9.998182 0.150768
v -16.649145 -9.609533 0.037981
vn 0.000000 0.000000 -1.000000
vn 0.000000 0.000000 -1.000000
vn 0.000000 0.000000 -1.000000
vn 0.000000 0.000000 -1.000000
vn -0.000000 0.000000 -1.000000
vn -0.000000 0.000000 -1.000000
vn -0.000000 0.000000 -1.000000
vn -0.000000 0.000000 -1.000000
vn 0.091039 -0.147870 -0.984808
vn 0.179312 -0.291248 -0.939693
vn 0.262136 -0.425775 -0.866025
vn 0.336995 -0.547366 -0.766044
vn 0.401616 -0.652326 -0.642788
vn 0.454033 -0.737465 -0.500000
vn 0.492654 -0.800196 -0.342020
vn 0.516307 -0.838614 -0.173648
vn 0.524272 -0.851551 0.000000
vn -0.524272 -0.851551 -0.000000
vn -0.384056 -0.923310 -0.000000
vn -0.234313 -0.972161 -0.000000
vn -0.078755 -0.996894 -0.000000
vn 0.078755 -0.996894 0.000000
vn 0.234313 -0.972161 0.000000
vn 0.384056 -0.923310 0.000000
vn -0.091039 -0.147870 -0.984808
vn -0.179312 -0.291248 -0.939693
vn -0.262136 -0.425775 -0.866025
vn -0.336995 -0.547366 -0.766044
vn -0.401616 -0.652326 -0.642788
vn -0.454033 -0.737465 -0.500000
vn -0.492654 -0.800196 -0.342020
vn -0.516307 -0.838614 -0.173648
vn 0.378222 -0.909283 -0.173648
vn 0.360895 -0.867627 -0.342020
vn 0.332603 -0.799610 -0.500000
vn 0.294204 -0.707296 -0.642788
vn 0.246867 -0.593492 -0.766044
vn 0.192028 -0.461655 -0.866025
vn 0.131355 -0.315791 -0.939693
vn 0.066691 -0.160331 -0.984808
vn 0.230753 -0.957392 -0.173648
vn 0.220182 -0.913533 -0.342020
vn 0.202921 -0.841916 -0.500000
vn 0.179494 -0.744719 -0.642788
vn 0.150613 -0.624893 -0.766044
vn 0.117156 -0.486081 -0.866025
vn 0.080140 -0.332499 -0.939693
vn 0.040688 -0.168814 -0.984808
vn 0.077559 -0.981749 -0.173648
vn 0.074006 -0.936774 -0.342020
vn 0.068204 -0.863335 -0.500000
vn 0.060330 -0.763665 -0.642788
vn 0.050623 -0.640791 -0.766044
vn 0.039378 -0.498447 -0.866025
vn 0.026936 -0.340958 -0.939693
vn 0.013676 -0.173109 -0.984808
vn -0.077559 -0.981749 -0.173648
vn -0.074006 -0.936774 -0.342020
vn -0.068204 -0.863335 -0.500000
vn -0.060330 -0.763665 -0.642788
vn -0.050623 -0.640791 -0.766044
vn -0.039378 -0.498447 -0.866025
vn -0.026936 -0.340958 -0.939693
vn -0.013676 -0.173109 -0.984808
vn -0.230753 -0.957392 -0.173648
vn -0.220182 -0.913533 -0.342020
vn -0.202921 -0.841916 -0.500000
vn -0.179494 -0.744719 -0.642788
vn -0.150613 -0.624893 -0.766044
vn -0.117156 -0.486081 -0.866025
vn -0.080140 -0.332499 -0.939693
vn -0.040688 -0.168814 -0.984808
vn -0.378222 -0.909283 -0.173648
vn -0.360895 -0.867627 -0.342020
vn -0.332603 -0.799610 -0.500000
vn -0.294204 -0.707296 -0.642788
vn -0.246867 -0.593492 -0.766044
vn -0.192028 -0.461655 -0.866025
vn -0.131355 -0.315791 -0.939693
vn -0.066691 -0.160331 -0.984808
vt 6.252131 1.570796
vt 6.094457 1.570796
vt 5.936783 1.570796
vt 5.779109 1.570796
vt 5.621435 1.570796
vt 5.463760 1.570796
vt 5.306086 1.570796
vt 5.148412 1.570796
vt 5.148412 1.396263
vt 5.148412 1.221730
vt 5.148412 1.047198
vt 5.148412 0.872665
vt 5.148412 0.698132
vt 5.148412 0.523599
vt 5.148412 0.349066
vt 5.148412 0.174533
vt 5.148412 0.000000
vt 6.252131 0.000000
vt 6.094457 0.000000
vt 5.936783 0.000000
vt 5.779109 0.000000
vt 5.621435 0.000000
vt 5.463760 0.000000
vt 5.306086 0.000000
vt 6.252131 1.396263
vt 6.252131 1.221730
vt 6.252131 1.047198
vt 6.252131 0.872665
vt 6.252131 0.698132
vt 6.252131 0.523599
vt 6.252131 0.349066
vt 6.252131 0.174533
vt 5.306086 0.174533
vt 5.306086 0.349066
vt 5.306086 0.523599
vt 5.306086 0.698132
vt 5.306086 0.872665
vt 5.306086 1.047198
vt 5.306086 1.221730
vt 5.306086 1.396263
vt 5.463760 0.174533
vt 5.463760 0.349066
vt 5.463760 0.523599
vt 5.463760 0.698132
vt 5.463760 0.872665
vt 5.463760 1.047198
vt 5.463760 1.221730
vt 5.463760 1.396263
vt 5.621435 0.174533
vt 5.621435 0.349066
vt 5.621435 0.523599
vt 5.621435 0.698132
vt 5.621435 0.872665
vt 5.621435 1.047198
vt 5.621435 1.221730
vt 5.621435 1.396263
vt 5.779109 0.174533
vt 5.779109 0.349066
vt 5.779109 0.523599
vt 5.779109 0.698132
vt 5.779109 0.872665
vt 5.779109 1.047198
vt 5.779109 1.221730
vt 5.779109 1.396263
vt 5.936783 0.174533
vt 5.936783 0.349066
vt 5.936783 0.523599
vt 5.936783 0.698132
vt 5.936783 0.872665
vt 5.936783 1.047198
vt 5.936783 1.221730
vt 5.936783 1.396263
vt 6.094457 0.174533
vt 6.094457 0.349066
vt 6.094457 0.523599
vt 6.094457 0.698132
vt 6.094457 0.872665
vt 6.094457 1.047198
vt 6.094457 1.221730
vt 6.094457 1.396263
f 3012/3012/3012 3013/3013/3013 3014/3014/3014
f 3006/3006/3006 3007/3007/3007 3030/3030/3030
f 3038/3038/3038 3021/3021/3021 3022/3022/3022
f 3038/3038/3038 3022/3022/3022 3029/3029/3029
f 3039/3039/3039 3020/3020/3020 3021/3021/3021
f 3039/3039/3039 3021/3021/3021 3038/3038/3038
f 3040/3040/3040 3019/3019/3019 3020/3020/3020
f 3040/3040/3040 3020/3020/3020 3039/3039/3039
f 3041/3041/3041 3018/3018/3018 3019/3019/3019
f 3041/3041/3041 3019/3019/3019 3040/3040/3040
f 3042/3042/3042 3017/3017/3017 3018/3018/3018
f 3042/3042/3042 3018/3018/3018 3041/3041/3041
f 3043/3043/3043 3016/3016/3016 3017/3017/3017
f 3043/3043/3043 3017/3017/3017 3042/3042/3042
f 3044/3044/3044 3015/3015/3015 3016/3016/3016
f 3044/3044/3044 3016/3016/3016 3043/3043/3043
f 3045/3045/3045 3014/3014/3014 3015/3015/3015
f 3045/3045/3045 3015/3015/3015 3044/3044/3044
f 3045/3045/3045 3012/3012/3012 3014/3014/3014
f 3046/3046/3046 3029/3029/3029 3028/3028/3028
f 3046/3046/3046 3038/3038/3038 3029/3029/3029
f 3047/3047/3047 3039/3039/3039 3038/3038/3038
f 3047/3047/3047 3038/3038/3038 3046/3046/3046
f 3048/3048/3048 3039/3039/3039 3047/3047/3047
f 3048/3048/3048 3040/3040/3040 3039/3039/3039
f 3049/3049/3049 3040/3040/3040 3048/3048/3048
f 3049/3049/3049 3041/3041/3041 3040/3040/3040
f 3050/3050/3050 3042/3042/3042 3041/3041/3041
f 3050/3050/3050 3041/3041/3041 3049/3049/3049
f 3051/3051/3051 3042/3042/3042 3050/3050/3050
f 3051/3051/3051 3043/3043/3043 3042/3042/3042
f 3052/3052/3052 3043/3043/3043 3051/3051/3051
f 3052/3052/3052 3044/3044/3044 3043/3043/3043
f 3053/3053/3053 3044/3044/3044 3052/3052/3052
f 3053/3053/3053 3011/3011/3011 3012/3012/3012
f 3053/3053/3053 3012/3012/3012 3045/3045/3045
f 3053/3053/3053 3045/3045/3045 3044/3044/3044
f 3054/3054/3054 3028/3028/3028 3027/3027/3027
f 3054/3054/3054 3046/3046/3046 3028/3028/3028
f 3055/3055/3055 3047/3047/3047 3046/3046/3046
f 3055/3055/3055 3046/3046/3046 3054/3054/3054
f 3055/3055/3055 3048/3048/3048 3047/3047/3047
f 3056/3056/3056 3048/3048/3048 3055/3055/3055
f 3057/3057/3057 3049/3049/3049 3048/3048/3048
f 3057/3057/3057 3048/3048/3048 3056/3056/3056
f 3057/3057/3057 3050/3050/3050 3049/3049/3049
f 3058/3058/3058 3051/3051/3051 3050/3050/3050
f 3058/3058/3058 3050/3050/3050 3057/3057/3057
f 3059/3059/3059 3051/3051/3051 3058/3058/3058
f 3060/3060/3060 3053/3053/3053 3052/3052/3052
f 3060/3060/3060 3051/3051/3051 3059/3059/3059
f 3060/3060/3060 3052/3052/3052 3051/3051/3051
f 3061/3061/3061 3010/3010/3010 3011/3011/3011
f 3061/3061/3061 3011/3011/3011 3053/3053/3053
f 3061/3061/3061 3053/3053/3053 3060/3060/3060
f 3062/3062/3062 3055/3055/3055 3054/3054/3054
f 3062/3062/3062 3027/3027/3027 3026/3026/3026
f 3062/3062/3062 3054/3054/3054 3027/3027/3027
f 3063/3063/3063 3055/3055/3055 3062/3062/3062
f 3064/3064/3064 3056/3056/3056 3055/3055/3055
f 3064/3064/3064 3055/3055/3055 3063/3063/3063
f 3065/3065/3065 3057/3057/3057 3056/3056/3056
f 3065/3065/3065 3056/3056/3056 3064/3064/3064
f 3066/3066/3066 3058/3058/3058 3057/3057/3057
f 3066/3066/3066 3057/3057/3057 3065/3065/3065
f 3067/3067/3067 3059/3059/3059 3058/3058/3058
f 3067/3067/3067 3060/3060/3060 3059/3059/3059
f 3067/3067/3067 3058/3058/3058 3066/3066/3066
f 3068/3068/3068 3060/3060/3060 3067/3067/3067
f 3069/3069/3069 3009/3009/3009 3010/3010/3010
f 3069/3069/3069 3061/3061/3061 3060/3060/3060
f 3069/3069/3069 3010/3010/3010 3061/3061/3061
f 3069/3069/3069 3060/3060/3060 3068/3068/3068
f 3070/3070/3070 3025/3025/3025 3024/3024/3024
f 3070/3070/3070 3026/3026/3026 3025/3025/3025
f 3070/3070/3070 3062/3062/3062 3026/3026/3026
f 3071/3071/3071 3063/3063/3063 3062/3062/3062
f 3071/3071/3071 3062/3062/3062 3070/3070/3070
f 3072/3072/3072 3063/3063/3063 3071/3071/3071
f 3072/3072/3072 3064/3064/3064 3063/3063/3063
f 3073/3073/3073 3065/3065/3065 3064/3064/3064
f 3073/3073/3073 3064/3064/3064 3072/3072/3072
f 3074/3074/3074 3066/3066/3066 3065/3065/3065
f 3074/3074/3074 3065/3065/3065 3073/3073/3073
f 3075/3075/3075 3066/3066/3066 3074/3074/3074
f 3075/3075/3075 3067/3067/3067 3066/3066/3066
f 3075/3075/3075 3068/3068/3068 3067/3067/3067
f 3076/3076/3076 3068/3068/3068 3075/3075/3075
f 3077/3077/3077 3008/3008/3008 3009/3009/3009
f 3077/3077/3077 3069/3069/3069 3068/3068/3068
f 3077/3077/3077 3009/3009/3009 3069/3069/3069
f 3077/3077/3077 3068/3068/3068 3076/3076/3076
f 3078/3078/3078 3024/3024/3024 3023/3023/3023
f 3078/3078/3078 3023/3023/3023 3037/3037/3037
f 3078/3078/3078 3070/3070/3070 3024/3024/3024
f 3079/3079/3079 3037/3037/3037 3036/3036/3036
f 3079/3079/3079 3071/3071/3071 3070/3070/3070
f 3079/3079/3079 3072/3072/3072 3071/3071/3071
f 3079/3079/3079 3070/3070/3070 3078/3078/3078
f 3079/3079/3079 3078/3078/3078 3037/3037/3037
f 3080/3080/3080 3036/3036/3036 3035/3035/3035
f 3080/3080/3080 3072/3072/3072 3079/3079/3079
f 3080/3080/3080 3079/3079/3079 3036/3036/3036
f 3081/3081/3081 3035/3035/3035 3034/3034/3034
f 3081/3081/3081 3073/3073/3073 3072/3072/3072
f 3081/3081/3081 3080/3080/3080 3035/3035/3035
f 3081/3081/3081 3072/3072/3072 3080/3080/3080
f 3082/3082/3082 3034/3034/3034 3033/3033/3033
f 3082/3082/3082 3075/3075/3075 3074/3074/3074
f 3082/3082/3082 3074/3074/3074 3073/3073/3073
f 3082/3082/3082 3073/3073/3073 3081/3081/3081
f 3082/3082/3082 3081/3081/3081 3034/3034/3034
f 3083/3083/3083 3033/3033/3033 3032/3032/3032
f 3083/3083/3083 3075/3075/3075 3082/3082/3082
f 3083/3083/3083 3082/3082/3082 3033/3033/3033
f 3084/3084/3084 3032/3032/3032 3031/3031/3031
f 3084/3084/3084 3075/3075/3075 3083/3083/3083
f 3084/3084/3084 3076/3076/3076 3075/3075/3075
f 3084/3084/3084 3077/3077/3077 3076/3076/3076
f 3084/3084/3084 3083/3083/3083 3032/3032/3032
f 3085/3085/3085 3077/3077/3077 3084/3084/3084
f 3085/3085/3085 3007/3007/3007 3008/3008/3008
f 3085/3085/3085 3031/3031/3031 3030/3030/3030
f 3085/3085/3085 3008/3008/3008 3077/3077/3077
f 3085/3085/3085 3084/3084/3084 3031/3031/3031
f 3085/3085/3085 3030/3030/3030 3007/3007/3007
v 23.810680 -8.257939 2.500000
v 23.810680 -8.257939 67.500000
v 24.151621 -8.005800 2.500000
v 24.445045 -7.699666 2.500000
v 24.682510 -7.348345 2.500000
v 24.857182 -6.961944 2.500000
v 24.964037 -6.551581 2.500000
v 25.000000 -6.129062 2.500000
v 25.000000 -6.129062 67.500000
v 24.151621 -8.005800 67.500000
v 24.445045 -7.699666 67.500000
v 24.682510 -7.348345 67.500000
v 24.857182 -6.961944 67.500000
v 24.964037 -6.551581 67.500000
vn 0.524272 -0.851551 0.000000
vn 0.524272 -0.851551 0.000000
vn 0.660649 -0.750695 0.000000
vn 0.778018 -0.628242 0.000000
vn 0.873004 -0.487713 0.000000
vn 0.942873 -0.333153 0.000000
vn 0.985615 -0.169008 0.000000
vn 1.000000 0.000000 -0.000000
vn 1.000000 -0.000000 0.000000
vn 0.660649 -0.750695 0.000000
vn 0.778018 -0.628242 0.000000
vn 0.873004 -0.487713 0.000000
vn 0.942873 -0.333153 0.000000
vn 0.985615 -0.169008 0.000000
vt 0.000000 2.500000
vt 0.000000 67.500000
vt 0.169823 2.500000
vt 0.339646 2.500000
vt 0.509468 2.500000
vt 0.679291 2.500000
vt 0.849114 2.500000
vt 1.018937 2.500000
vt 1.018937 67.500000
vt 0.169823 67.500000
vt 0.339646 67.500000
vt 0.509468 67.500000
vt 0.679291 67.500000
vt 0.849114 67.500000
f 3095/3095/3095 3087/3087/3087 3086/3086/3086
f 3095/3095/3095 3086/3086/3086 3088/3088/3088
f 3096/3096/3096 3088/3088/3088 3089/3089/3089
f 3096/3096/3096 3095/3095/3095 3088/3088/3088
f 3097/3097/3097 3089/3089/3089 3090/3090/3090
f 3097/3097/3097 3090/3090/3090 3091/3091/3091
f 3097/3097/3097 3096/3096/3096 3089/3089/3089
f 3098/3098/3098 3097/3097/3097 3091/3091/3091
f 3099/3099/3099 3091/3091/3091 3092/3092/3092
f 3099/3099/3099 3098/3098/3098 3091/3091/3091
f 3094/3094/3094 3092/3092/3092 3093/3093/3093
f 3094/3094/3094 3099/3099/3099 3092/3092/3092
v 25.000000 6.129062 2.500000
v 25.000000 -6.129062 2.500000
v 22.500000 -6.129062 0.000000
v 22.934120 -6.129062 0.037981
v 23.355051 -6.129062 0.150768
v 23.750000 -6.129062 0.334936
v 24.106970 -6.129062 0.584889
v 24.415112 -6.129062 0.893031
v 24.665064 -6.129062 1.250000
v 24.849232 -6.129062 1.644950
v 24.962019 -6.129062 2.065880
v 22.500000 6.129062 0.000000
v 22.934120 6.129062 0.037981
v 23.355051 6.129062 0.150768
v 23.750000 6.129062 0.334936
v 24.106970 6.129062 0.584889
v 24.415112 6.129062 0.893031
v 24.665064 6.129062 1.250000
v 24.849232 6.129062 1.644950
v 24.962019 6.129062 2.065880
vn 1.000000 0.000000 -0.000000
vn 1.000000 0.000000 -0.000000
vn -0.000000 0.000000 -1.000000
vn 0.173648 0.000000 -0.984808
vn 0.342020 0.000000 -0.939693
vn 0.500000 0.000000 -0.866025
vn 0.642788 0.000000 -0.766044
vn 0.766044 0.000000 -0.642788
vn 0.866025 0.000000 -0.500000
vn 0.939693 0.000000 -0.342020
vn 0.984808 0.000000 -0.173648
vn -0.000000 0.000000 -1.000000
vn 0.173648 0.000000 -0.984808
vn 0.342020 0.000000 -0.939693
vn 0.500000 0.000000 -0.866025
vn 0.642788 0.000000 -0.766044
vn 0.766044 0.000000 -0.642788
vn 0.866025 0.000000 -0.500000
vn 0.939693 0.000000 -0.342020
vn 0.984808 0.000000 -0.173648
vt 0.000000 6.129062
vt 0.000000 -6.129062
vt 1.570796 -6.129062
vt 1.396263 -6.129062
vt 1.221730 -6.129062
vt 1.047198 -6.129062
vt 0.872665 -6.129062
vt 0.698132 -6.129062
vt 0.523599 -6.129062
vt 0.349066 -6.129062
vt 0.174533 -6.129062
vt 1.570796 6.129062
vt 1.396263 6.129062
vt 1.221730 6.129062
vt 1.047198 6.129062
vt 0.872665 6.129062
vt 0.698132 6.129062
vt 0.523599 6.129062
vt 0.349066 6.129062
vt 0.174533 6.129062
f 3119/3119/3119 3100/3100/3100 3101/3101/3101
f 3119/3119/3119 3101/3101/3101 3110/3110/3110
f 3118/3118/3118 3109/3109/3109 3108/3108/3108
f 3118/3118/3118 3110/3110/3110 3109/3109/3109
f 3118/3118/3118 3119/3119/3119 3110/3110/3110
f 3117/3117/3117 3118/3118/3118 3108/3108/3108
f 3116/3116/3116 3107/3107/3107 3106/3106/3106
f 3116/3116/3116 3108/3108/3108 3107/3107/3107
f 3116/3116/3116 3117/3117/3117 3108/3108/3108
f 3115/3115/3115 3116/3116/3116 3106/3106/3106
f 3114/3114/3114 3106/3106/3106 3105/3105/3105
f 3114/3114/3114 3115/3115/3115 3106/3106/3106
f 3113/3113/3113 3105/3105/3105 3104/3104/3104
f 3113/3113/3113 3114/3114/3114 3105/3105/3105
f 3112/3112/3112 3103/3103/3103 3102/3102/3102
f 3112/3112/3112 3104/3104/3104 3103/3103/3103
f 3112/3112/3112 3113/3113/3113 3104/3104/3104
f 3111/3111/3111 3112/3112/3112 3102/3102/3102
v 23.810680 8.257939 2.500000
v 24.151621 8.005800 2.500000
v 24.445045 7.699666 2.500000
v 24.682510 7.348345 2.500000
v 24.857182 6.961944 2.500000
v 24.964037 6.551581 2.500000
v 25.000000 6.129062 2.500000
v 22.500000 6.129062 0.000000
v 22.934120 6.129062 0.037981
v 23.355051 6.129062 0.150768
v 23.750000 6.129062 0.334936
v 24.106970 6.129062 0.584889
v 24.415112 6.129062 0.893031
v 24.665064 6.129062 1.250000
v 24.849232 6.129062 1.644950
v 24.962019 6.129062 2.065880
v 22.500000 6.129062 0.000000
v 22.727596 6.498738 0.037981
v 22.948278 6.857181 0.150768
v 23.155340 7.193501 0.334936
v 23.342489 7.497478 0.584889
v 23.504040 7.759877 0.893031
v 23.635082 7.972724 1.250000
v 23.731636 8.129552 1.644950
v 23.790768 8.225596 2.065880
v 23.053417 6.185647 0.062680
v 23.030514 6.296477 0.062680
v 22.985655 6.400378 0.062680
v 23.562263 6.348585 0.247578
v 22.920696 6.493050 0.062680
v 23.495855 6.559023 0.247578
v 24.050640 6.287611 0.545421
v 22.838327 6.570658 0.062680
v 23.388233 6.751667 0.247578
v 23.986465 6.598148 0.545421
v 23.243851 6.918544 0.247578
v 23.860773 6.889272 0.545421
v 24.414133 6.524629 0.941275
v 23.678762 7.148934 0.545421
v 24.294470 6.903825 0.941275
v 24.740740 6.358172 1.415291
v 23.447969 7.366388 0.545421
v 24.100540 7.250957 0.941275
v 24.648005 6.806912 1.415291
v 23.840372 7.551659 0.941275
v 24.466373 7.227598 1.415291
v 24.886885 6.622326 1.943698
v 24.203362 7.602820 1.415291
v 24.737667 7.095176 1.943698
v 23.869856 7.917049 1.415291
v 24.495840 7.528043 1.943698
v 24.171415 7.903011 1.943698
vn 0.524272 0.851551 -0.000000
vn 0.660649 0.750695 -0.000000
vn 0.778018 0.628242 -0.000000
vn 0.873004 0.487713 -0.000000
vn 0.942873 0.333153 -0.000000
vn 0.985615 0.169008 -0.000000
vn 1.000000 -0.000000 -0.000000
vn -0.000000 0.000000 -1.000000
vn 0.173648 -0.000000 -0.984808
vn 0.342020 -0.000000 -0.939693
vn 0.500000 -0.000000 -0.866025
vn 0.642788 -0.000000 -0.766044
vn 0.766044 -0.000000 -0.642788
vn 0.866025 -0.000000 -0.500000
vn 0.939693 -0.000000 -0.342020
vn 0.984808 -0.000000 -0.173648
vn -0.000000 -0.000000 -1.000000
vn 0.091039 0.147870 -0.984808
vn 0.179312 0.291248 -0.939693
vn 0.262136 0.425775 -0.866025
vn 0.336995 0.547366 -0.766044
vn 0.401616 0.652326 -0.642788
vn 0.454033 0.737465 -0.500000
vn 0.492654 0.800196 -0.342020
vn 0.516307 0.838614 -0.173648
vn 0.221367 0.022634 -0.974928
vn 0.212205 0.066966 -0.974928
vn 0.194262 0.108526 -0.974928
vn 0.424905 0.087809 -0.900969
vn 0.168278 0.145595 -0.974928
vn 0.398342 0.171984 -0.900969
vn 0.620256 0.063420 -0.781832
vn 0.135331 0.176639 -0.974928
vn 0.355293 0.249042 -0.900969
vn 0.594586 0.187635 -0.781832
vn 0.297540 0.315793 -0.900969
vn 0.544309 0.304084 -0.781832
vn 0.765653 0.158227 -0.623490
vn 0.471505 0.407949 -0.781832
vn 0.717788 0.309905 -0.623490
vn 0.896296 0.091644 -0.433884
vn 0.379188 0.494930 -0.781832
vn 0.640216 0.448758 -0.623490
vn 0.859202 0.271140 -0.433884
vn 0.536149 0.569039 -0.623490
vn 0.786549 0.439414 -0.433884
vn 0.954754 0.197306 -0.222521
vn 0.681345 0.589503 -0.433884
vn 0.895067 0.386446 -0.222521
vn 0.547942 0.715195 -0.433884
vn 0.798336 0.559592 -0.222521
vn 0.668566 0.709580 -0.222521
vt 6.283185 -0.000000
vt 6.113363 0.000000
vt 5.943540 0.000000
vt 5.773717 0.000000
vt 5.603894 0.000000
vt 5.434072 0.000000
vt 5.264249 -0.000000
vt 5.264249 -1.570796
vt 5.264249 -1.396263
vt 5.264249 -1.221730
vt 5.264249 -1.047198
vt 5.264249 -0.872665
vt 5.264249 -0.698132
vt 5.264249 -0.523599
vt 5.264249 -0.349066
vt 5.264249 -0.174533
vt 6.283185 -1.570796
vt 6.283185 -1.396263
vt 6.283185 -1.221730
vt 6.283185 -1.047198
vt 6.283185 -0.872665
vt 6.283185 -0.698132
vt 6.283185 -0.523599
vt 6.283185 -0.349066
vt 6.283185 -0.174533
vt 5.366142 -1.346397
vt 5.569930 -1.346397
vt 5.773717 -1.346397
vt 5.468036 -1.121997
vt 5.977504 -1.346397
vt 5.671824 -1.121997
vt 5.366142 -0.897598
vt 6.181292 -1.346397
vt 5.875611 -1.121997
vt 5.569930 -0.897598
vt 6.079398 -1.121997
vt 5.773717 -0.897598
vt 5.468036 -0.673198
vt 5.977504 -0.897598
vt 5.671824 -0.673198
vt 5.366142 -0.448799
vt 6.181292 -0.897598
vt 5.875611 -0.673198
vt 5.569930 -0.448799
vt 6.079398 -0.673198
vt 5.773717 -0.448799
vt 5.468036 -0.224399
vt 5.977504 -0.448799
vt 5.671824 -0.224399
vt 6.181292 -0.448799
vt 5.875611 -0.224399
vt 6.079398 -0.224399
f 3125/3125/3125 3126/3126/3126 3135/3135/3135
f 3120/3120/3120 3121/3121/3121 3144/3144/3144
f 3145/3145/3145 3129/3129/3129 3128/3128/3128
f 3146/3146/3146 3128/3128/3128 3127/3127/3127
f 3146/3146/3146 3129/3129/3129 3145/3145/3145
f 3146/3146/3146 3145/3145/3145 3128/3128/3128
f 3147/3147/3147 3127/3127/3127 3136/3136/3136
f 3147/3147/3147 3146/3146/3146 3127/3127/3127
f 3148/3148/3148 3130/3130/3130 3129/3129/3129
f 3148/3148/3148 3129/3129/3129 3146/3146/3146
f 3149/3149/3149 3136/3136/3136 3137/3137/3137
f 3149/3149/3149 3147/3147/3147 3136/3136/3136
f 3150/3150/3150 3146/3146/3146 3147/3147/3147
f 3150/3150/3150 3148/3148/3148 3146/3146/3146
f 3151/3151/3151 3131/3131/3131 3130/3130/3130
f 3151/3151/3151 3132/3132/3132 3131/3131/3131
f 3151/3151/3151 3130/3130/3130 3148/3148/3148
f 3152/3152/3152 3137/3137/3137 3138/3138/3138
f 3152/3152/3152 3138/3138/3138 3149/3149/3149
f 3152/3152/3152 3149/3149/3149 3137/3137/3137
f 3153/3153/3153 3147/3147/3147 3149/3149/3149
f 3153/3153/3153 3150/3150/3150 3147/3147/3147
f 3154/3154/3154 3148/3148/3148 3150/3150/3150
f 3154/3154/3154 3151/3151/3151 3148/3148/3148
f 3155/3155/3155 3138/3138/3138 3139/3139/3139
f 3155/3155/3155 3153/3153/3153 3149/3149/3149
f 3155/3155/3155 3149/3149/3149 3138/3138/3138
f 3156/3156/3156 3154/3154/3154 3150/3150/3150
f 3156/3156/3156 3150/3150/3150 3153/3153/3153
f 3157/3157/3157 3133/3133/3133 3132/3132/3132
f 3157/3157/3157 3132/3132/3132 3151/3151/3151
f 3157/3157/3157 3151/3151/3151 3154/3154/3154
f 3158/3158/3158 3153/3153/3153 3155/3155/3155
f 3158/3158/3158 3156/3156/3156 3153/3153/3153
f 3159/3159/3159 3154/3154/3154 3156/3156/3156
f 3159/3159/3159 3157/3157/3157 3154/3154/3154
f 3160/3160/3160 3134/3134/3134 3133/3133/3133
f 3160/3160/3160 3133/3133/3133 3157/3157/3157
f 3161/3161/3161 3139/3139/3139 3140/3140/3140
f 3161/3161/3161 3140/3140/3140 3141/3141/3141
f 3161/3161/3161 3158/3158/3158 3155/3155/3155
f 3161/3161/3161 3155/3155/3155 3139/3139/3139
f 3162/3162/3162 3156/3156/3156 3158/3158/3158
f 3162/3162/3162 3159/3159/3159 3156/3156/3156
f 3163/3163/3163 3134/3134/3134 3160/3160/3160
f 3163/3163/3163 3157/3157/3157 3159/3159/3159
f 3163/3163/3163 3160/3160/3160 3157/3157/3157
f 3164/3164/3164 3141/3141/3141 3142/3142/3142
f 3164/3164/3164 3162/3162/3162 3158/3158/3158
f 3164/3164/3164 3161/3161/3161 3141/3141/3141
f 3164/3164/3164 3158/3158/3158 3161/3161/3161
f 3165/3165/3165 3163/3163/3163 3159/3159/3159
f 3165/3165/3165 3159/3159/3159 3162/3162/3162
f 3166/3166/3166 3124/3124/3124 3125/3125/3125
f 3166/3166/3166 3135/3135/3135 3134/3134/3134
f 3166/3166/3166 3125/3125/3125 3135/3135/3135
f 3166/3166/3166 3134/3134/3134 3163/3163/3163
f 3167/3167/3167 3165/3165/3165 3162/3162/3162
f 3167/3167/3167 3162/3162/3162 3164/3164/3164
f 3168/3168/3168 3123/3123/3123 3124/3124/3124
f 3168/3168/3168 3166/3166/3166 3163/3163/3163
f 3168/3168/3168 3124/3124/3124 3166/3166/3166
f 3168/3168/3168 3163/3163/3163 3165/3165/3165
f 3169/3169/3169 3167/3167/3167 3164/3164/3164
f 3169/3169/3169 3143/3143/3143 3167/3167/3167
f 3169/3169/3169 3142/3142/3142 3143/3143/3143
f 3169/3169/3169 3164/3164/3164 3142/3142/3142
f 3170/3170/3170 3122/3122/3122 3123/3123/3123
f 3170/3170/3170 3165/3165/3165 3167/3167/3167
f 3170/3170/3170 3168/3168/3168 3165/3165/3165
f 3170/3170/3170 3123/3123/3123 3168/3168/3168
f 3171/3171/3171 3121/3121/3121 3122/3122/3122
f 3171/3171/3171 3167/3167/3167 3143/3143/3143
f 3171/3171/3171 3122/3122/3122 3170/3170/3170
f 3171/3171/3171 3143/3143/3143 3144/3144/3144
f 3171/3171/3171 3170/3170/3170 3167/3167/3167
f 3171/3171/3171 3144/3144/3144 3121/3121/3121
v -22.500000 6.129062 0.000000
v -22.500000 -6.129062 0.000000
v -16.482418 -9.208706 0.000000
v -10.055912 -11.305257 0.000000
v -3.379922 -12.366699 0.000000
v 3.379922 -12.366699 0.000000
v 10.055912 -11.305257 0.000000
v 16.482418 -9.208706 0.000000
v 22.500000 -6.129062 0.000000
v 22.500000 6.129062 0.000000
v 16.482418 9.208706 0.000000
v 10.055912 11.305257 0.000000
v 3.379922 12.366699 0.000000
v -3.379922 12.366699 0.000000
v -10.055912 11.305257 0.000000
v -16.482418 9.208706 0.000000
vn -0.000000 -0.000000 -1.000000
vn -0.000000 -0.000000 -1.000000
vn -0.000000 -0.000000 -1.000000
vn -0.000000 -0.000000 -1.000000
vn -0.000000 -0.000000 -1.000000
vn -0.000000 -0.000000 -1.000000
vn -0.000000 -0.000000 -1.000000
vn -0.000000 -0.000000 -1.000000
vn -0.000000 -0.000000 -1.000000
vn -0.000000 -0.000000 -1.000000
vn -0.000000 -0.000000 -1.000000
vn -0.000000 -0.000000 -1.000000
vn -0.000000 -0.000000 -1.000000
vn -0.000000 -0.000000 -1.000000
vn -0.000000 -0.000000 -1.000000
vn -0.000000 -0.000000 -1.000000
vt -22.500000 6.129062
vt -22.500000 -6.129062
vt -16.482418 -9.208706
vt -10.055912 -11.305257
vt -3.379922 -12.366699
vt 3.379922 -12.366699
vt 10.055912 -11.305257
vt 16.482418 -9.208706
vt 22.500000 -6.129062
vt 22.500000 6.129062
vt 16.482418 9.208706
vt 10.055912 11.305257
vt 3.379922 12.366699
vt -3.379922 12.366699
vt -10.055912 11.305257
vt -16.482418 9.208706
f 3187/3187/3187 3173/3173/3173 3172/3172/3172
f 3187/3187/3187 3174/3174/3174 3173/3173/3173
f 3186/3186/3186 3175/3175/3175 3174/3174/3174
f 3186/3186/3186 3174/3174/3174 3187/3187/3187
f 3185/3185/3185 3176/3176/3176 3175/3175/3175
f 3185/3185/3185 3175/3175/3175 3186/3186/3186
f 3184/3184/3184 3177/3177/3177 3176/3176/3176
f 3184/3184/3184 3178/3178/3178 3177/3177/3177
f 3184/3184/3184 3176/3176/3176 3185/3185/3185
f 3183/3183/3183 3179/3179/3179 3178/3178/3178
f 3183/3183/3183 3178/3178/3178 3184/3184/3184
f 3182/3182/3182 3180/3180/3180 3179/3179/3179
f 3182/3182/3182 3179/3179/3179 3183/3183/3183
f 3181/3181/3181 3180/3180/3180 3182/3182/3182
v -22.500000 6.129062 0.000000
v -22.727596 6.498738 0.037981
v -22.948278 6.857181 0.150768
v -23.155340 7.193501 0.334936
v -23.342489 7.497478 0.584889
v -23.504040 7.759877 0.893031
v -23.635082 7.972724 1.250000
v -23.731636 8.129552 1.644950
v -23.790768 8.225596 2.065880
v -23.810680 8.257939 2.500000
v -22.500000 6.129062 0.000000
v -22.934120 6.129062 0.037981
v -23.355051 6.129062 0.150768
v -23.750000 6.129062 0.334936
v -24.106970 6.129062 0.584889
v -24.415112 6.129062 0.893031
v -24.665064 6.129062 1.250000
v -24.849232 6.129062 1.644950
v -24.962019 6.129062 2.065880
v -25.000000 6.129062 2.500000
v -24.151621 8.005800 2.500000
v -24.445045 7.699666 2.500000
v -24.682510 7.348345 2.500000
v -24.857182 6.961944 2.500000
v -24.964037 6.551581 2.500000
v -22.838327 6.570658 0.062680
v -22.920696 6.493050 0.062680
v -22.985655 6.400378 0.062680
v -23.243851 6.918544 0.247578
v -23.030514 6.296477 0.062680
v -23.388233 6.751667 0.247578
v -23.447969 7.366388 0.545421
v -23.053417 6.185647 0.062680
v -23.495855 6.559023 0.247578
v -23.678762 7.148934 0.545421
v -23.562263 6.348585 0.247578
v -23.860773 6.889272 0.545421
v -23.840372 7.551659 0.941275
v -23.986465 6.598148 0.545421
v -24.100540 7.250957 0.941275
v -23.869856 7.917049 1.415291
v -24.050640 6.287611 0.545421
v -24.294470 6.903825 0.941275
v -24.203362 7.602820 1.415291
v -24.414133 6.524629 0.941275
v -24.466373 7.227598 1.415291
v -24.171415 7.903011 1.943698
v -24.648005 6.806912 1.415291
v -24.495840 7.528043 1.943698
v -24.740740 6.358172 1.415291
v -24.737667 7.095176 1.943698
v -24.886885 6.622326 1.943698
vn 0.000000 -0.000000 -1.000000
vn -0.091039 0.147870 -0.984808
vn -0.179312 0.291248 -0.939693
vn -0.262136 0.425775 -0.866025
vn -0.336995 0.547366 -0.766044
vn -0.401616 0.652326 -0.642788
vn -0.454033 0.737465 -0.500000
vn -0.492654 0.800196 -0.342020
vn -0.516307 0.838614 -0.173648
vn -0.524272 0.851551 0.000000
vn 0.000000 0.000000 -1.000000
vn -0.173648 -0.000000 -0.984808
vn -0.342020 -0.000000 -0.939693
vn -0.500000 -0.000000 -0.866025
vn -0.642788 -0.000000 -0.766044
vn -0.766044 -0.000000 -0.642788
vn -0.866025 -0.000000 -0.500000
vn -0.939693 -0.000000 -0.342020
vn -0.984808 -0.000000 -0.173648
vn -1.000000 0.000000 0.000000
vn -0.660649 0.750695 0.000000
vn -0.778018 0.628242 0.000000
vn -0.873004 0.487713 0.000000
vn -0.942873 0.333153 0.000000
vn -0.985615 0.169008 0.000000
vn -0.135331 0.176639 -0.974928
vn -0.168278 0.145595 -0.974928
vn -0.194262 0.108526 -0.974928
vn -0.297540 0.315793 -0.900969
vn -0.212205 0.066966 -0.974928
vn -0.355293 0.249042 -0.900969
vn -0.379188 0.494930 -0.781832
vn -0.221367 0.022634 -0.974928
vn -0.398342 0.171984 -0.900969
vn -0.471505 0.407949 -0.781832
vn -0.424905 0.087809 -0.900969
vn -0.544309 0.304084 -0.781832
vn -0.536149 0.569039 -0.623490
vn -0.594586 0.187635 -0.781832
vn -0.640216 0.448758 -0.623490
vn -0.547942 0.715195 -0.433884
vn -0.620256 0.063420 -0.781832
vn -0.717788 0.309905 -0.623490
vn -0.681345 0.589503 -0.433884
vn -0.765653 0.158227 -0.623490
vn -0.786549 0.439414 -0.433884
vn -0.668566 0.709580 -0.222521
vn -0.859202 0.271140 -0.433884
vn -0.798336 0.559592 -0.222521
vn -0.896296 0.091644 -0.433884
vn -0.895067 0.386446 -0.222521
vn -0.954754 0.197306 -0.222521
vt 0.000000 -1.570796
vt 0.000000 -1.396263
vt 0.000000 -1.221730
vt 0.000000 -1.047198
vt 0.000000 -0.872665
vt 0.000000 -0.698132
vt 0.000000 -0.523599
vt 0.000000 -0.349066
vt 0.000000 -0.174533
vt 0.000000 0.000000
vt 1.018937 -1.570796
vt 1.018937 -1.396263
vt 1.018937 -1.221730
vt 1.018937 -1.047198
vt 1.018937 -0.872665
vt 1.018937 -0.698132
vt 1.018937 -0.523599
vt 1.018937 -0.349066
vt 1.018937 -0.174533
vt 1.018937 0.000000
vt 0.169823 0.000000
vt 0.339646 0.000000
vt 0.509468 0.000000
vt 0.679291 0.000000
vt 0.849114 0.000000
vt 0.101894 -1.346397
vt 0.305681 -1.346397
vt 0.509468 -1.346397
vt 0.203787 -1.121997
vt 0.713256 -1.346397
vt 0.407575 -1.121997
vt 0.101894 -0.897598
vt 0.917043 -1.346397
vt 0.611362 -1.121997
vt 0.305681 -0.897598
vt 0.815149 -1.121997
vt 0.509468 -0.897598
vt 0.203787 -0.673198
vt 0.713256 -0.897598
vt 0.407575 -0.673198
vt 0.101894 -0.448799
vt 0.917043 -0.897598
vt 0.611362 -0.673198
vt 0.305681 -0.448799
vt 0.815149 -0.673198
vt 0.509468 -0.448799
vt 0.203787 -0.224399
vt 0.713256 -0.448799
vt 0.407575 -0.224399
vt 0.917043 -0.448799
vt 0.611362 -0.224399
vt 0.815149 -0.224399
f 3208/3208/3208 3197/3197/3197 3196/3196/3196
f 3207/3207/3207 3212/3212/3212 3206/3206/3206
f 3213/3213/3213 3190/3190/3190 3189/3189/3189
f 3214/3214/3214 3189/3189/3189 3188/3188/3188
f 3214/3214/3214 3213/3213/3213 3189/3189/3189
f 3214/3214/3214 3190/3190/3190 3213/3213/3213
f 3215/3215/3215 3188/3188/3188 3198/3198/3198
f 3215/3215/3215 3214/3214/3214 3188/3188/3188
f 3216/3216/3216 3191/3191/3191 3190/3190/3190
f 3216/3216/3216 3190/3190/3190 3214/3214/3214
f 3217/3217/3217 3198/3198/3198 3199/3199/3199
f 3217/3217/3217 3215/3215/3215 3198/3198/3198
f 3218/3218/3218 3216/3216/3216 3214/3214/3214
f 3218/3218/3218 3214/3214/3214 3215/3215/3215
f 3219/3219/3219 3192/3192/3192 3191/3191/3191
f 3219/3219/3219 3193/3193/3193 3192/3192/3192
f 3219/3219/3219 3191/3191/3191 3216/3216/3216
f 3220/3220/3220 3199/3199/3199 3200/3200/3200
f 3220/3220/3220 3200/3200/3200 3217/3217/3217
f 3220/3220/3220 3217/3217/3217 3199/3199/3199
f 3221/3221/3221 3215/3215/3215 3217/3217/3217
f 3221/3221/3221 3218/3218/3218 3215/3215/3215
f 3222/3222/3222 3216/3216/3216 3218/3218/3218
f 3222/3222/3222 3219/3219/3219 3216/3216/3216
f 3223/3223/3223 3200/3200/3200 3201/3201/3201
f 3223/3223/3223 3221/3221/3221 3217/3217/3217
f 3223/3223/3223 3217/3217/3217 3200/3200/3200
f 3224/3224/3224 3222/3222/3222 3218/3218/3218
f 3224/3224/3224 3218/3218/3218 3221/3221/3221
f 3225/3225/3225 3194/3194/3194 3193/3193/3193
f 3225/3225/3225 3193/3193/3193 3219/3219/3219
f 3225/3225/3225 3219/3219/3219 3222/3222/3222
f 3226/3226/3226 3221/3221/3221 3223/3223/3223
f 3226/3226/3226 3224/3224/3224 3221/3221/3221
f 3227/3227/3227 3222/3222/3222 3224/3224/3224
f 3227/3227/3227 3225/3225/3225 3222/3222/3222
f 3228/3228/3228 3195/3195/3195 3194/3194/3194
f 3228/3228/3228 3194/3194/3194 3225/3225/3225
f 3229/3229/3229 3201/3201/3201 3202/3202/3202
f 3229/3229/3229 3202/3202/3202 3203/3203/3203
f 3229/3229/3229 3223/3223/3223 3201/3201/3201
f 3229/3229/3229 3226/3226/3226 3223/3223/3223
f 3230/3230/3230 3224/3224/3224 3226/3226/3226
f 3230/3230/3230 3227/3227/3227 3224/3224/3224
f 3231/3231/3231 3225/3225/3225 3227/3227/3227
f 3231/3231/3231 3195/3195/3195 3228/3228/3228
f 3231/3231/3231 3228/3228/3228 3225/3225/3225
f 3232/3232/3232 3203/3203/3203 3204/3204/3204
f 3232/3232/3232 3230/3230/3230 3226/3226/3226
f 3232/3232/3232 3229/3229/3229 3203/3203/3203
f 3232/3232/3232 3226/3226/3226 3229/3229/3229
f 3233/3233/3233 3231/3231/3231 3227/3227/3227
f 3233/3233/3233 3227/3227/3227 3230/3230/3230
f 3234/3234/3234 3196/3196/3196 3195/3195/3195
f 3234/3234/3234 3209/3209/3209 3208/3208/3208
f 3234/3234/3234 3208/3208/3208 3196/3196/3196
f 3234/3234/3234 3195/3195/3195 3231/3231/3231
f 3235/3235/3235 3233/3233/3233 3230/3230/3230
f 3235/3235/3235 3230/3230/3230 3232/3232/3232
f 3236/3236/3236 3234/3234/3234 3231/3231/3231
f 3236/3236/3236 3210/3210/3210 3209/3209/3209
f 3236/3236/3236 3209/3209/3209 3234/3234/3234
f 3236/3236/3236 3231/3231/3231 3233/3233/3233
f 3237/3237/3237 3205/3205/3205 3235/3235/3235
f 3237/3237/3237 3204/3204/3204 3205/3205/3205
f 3237/3237/3237 3232/3232/3232 3204/3204/3204
f 3237/3237/3237 3235/3235/3235 3232/3232/3232
f 3238/3238/3238 3210/3210/3210 3236/3236/3236
f 3238/3238/3238 3236/3236/3236 3233/3233/3233
f 3238/3238/3238 3211/3211/3211 3210/3210/3210
f 3238/3238/3238 3233/3233/3233 3235/3235/3235
f 3239/3239/3239 3238/3238/3238 3235/3235/3235
f 3239/3239/3239 3235/3235/3235 3205/3205/3205
f 3239/3239/3239 3205/3205/3205 3206/3206/3206
f 3239/3239/3239 3211/3211/3211 3238/3238/3238
f 3239/3239/3239 3212/3212/3212 3211/3211/3211
f 3239/3239/3239 3206/3206/3206 3212/3212/3212
v -22.500000 -6.129062 0.000000
v -22.934120 -6.129062 0.037981
v -23.355051 -6.129062 0.150768
v -23.750000 -6.129062 0.334936
v -24.106970 -6.129062 0.584889
v -24.415112 -6.129062 0.893031
v -24.665064 -6.129062 1.250000
v -24.849232 -6.129062 1.644950
v -24.962019 -6.129062 2.065880
v -25.000000 -6.129062 2.500000
v -22.500000 -6.129062 0.000000
v -22.727596 -6.498738 0.037981
v -22.948278 -6.857181 0.150768
v -23.155340 -7.193501 0.334936
v -23.342489 -7.497478 0.584889
v -23.504040 -7.759877 0.893031
v -23.635082 -7.972724 1.250000
v -23.731636 -8.129552 1.644950
v -23.790768 -8.225596 2.065880
v -23.810680 -8.257939 2.500000
v -24.964037 -6.551581 2.500000
v -24.857182 -6.961944 2.500000
v -24.682510 -7.348345 2.500000
v -24.445045 -7.699666 2.500000
v -24.151621 -8.005800 2.500000
v -23.053417 -6.185647 0.062680
v -23.030514 -6.296477 0.062680
v -22.985655 -6.400378 0.062680
v -23.562263 -6.348585 0.247578
v -22.920696 -6.493050 0.062680
v -23.495855 -6.559023 0.247578
v -24.050640 -6.287611 0.545421
v -22.838327 -6.570658 0.062680
v -23.388233 -6.751667 0.247578
v -23.986465 -6.598148 0.545421
v -23.243851 -6.918544 0.247578
v -23.860773 -6.889272 0.545421
v -24.414133 -6.524629 0.941275
v -23.678762 -7.148934 0.545421
v -24.294470 -6.903825 0.941275
v -24.740740 -6.358172 1.415291
v -23.447969 -7.366388 0.545421
v -24.100540 -7.250957 0.941275
v -24.648005 -6.806912 1.415291
v -23.840372 -7.551659 0.941275
v -24.466373 -7.227598 1.415291
v -24.886885 -6.622326 1.943698
v -24.203362 -7.602820 1.415291
v -24.737667 -7.095176 1.943698
v -23.869856 -7.917049 1.415291
v -24.495840 -7.528043 1.943698
v -24.171415 -7.903011 1.943698
vn 0.000000 0.000000 -1.000000
vn -0.173648 -0.000000 -0.984808
vn -0.342020 -0.000000 -0.939693
vn -0.500000 -0.000000 -0.866025
vn -0.642788 -0.000000 -0.766044
vn -0.766044 -0.000000 -0.642788
vn -0.866025 -0.000000 -0.500000
vn -0.939693 -0.000000 -0.342020
vn -0.984808 -0.000000 -0.173648
vn -1.000000 0.000000 0.000000
vn 0.000000 0.000000 -1.000000
vn -0.091039 -0.147870 -0.984808
vn -0.179312 -0.291248 -0.939693
vn -0.262136 -0.425775 -0.866025
vn -0.336995 -0.547366 -0.766044
vn -0.401616 -0.652326 -0.642788
vn -0.454033 -0.737465 -0.500000
vn -0.492654 -0.800196 -0.342020
vn -0.516307 -0.838614 -0.173648
vn -0.524272 -0.851551 0.000000
vn -0.985615 -0.169008 0.000000
vn -0.942873 -0.333153 0.000000
vn -0.873004 -0.487713 0.000000
vn -0.778018 -0.628242 0.000000
vn -0.660649 -0.750695 0.000000
vn -0.221367 -0.022634 -0.974928
vn -0.212205 -0.066966 -0.974928
vn -0.194262 -0.108526 -0.974928
vn -0.424905 -0.087809 -0.900969
vn -0.168278 -0.145595 -0.974928
vn -0.398342 -0.171984 -0.900969
vn -0.620256 -0.063420 -0.781832
vn -0.135331 -0.176639 -0.974928
vn -0.355293 -0.249042 -0.900969
vn -0.594586 -0.187635 -0.781832
vn -0.297540 -0.315793 -0.900969
vn -0.544309 -0.304084 -0.781832
vn -0.765653 -0.158227 -0.623490
vn -0.471505 -0.407949 -0.781832
vn -0.717788 -0.309905 -0.623490
vn -0.896296 -0.091644 -0.433884
vn -0.379188 -0.494930 -0.781832
vn -0.640216 -0.448758 -0.623490
vn -0.859202 -0.271140 -0.433884
vn -0.536149 -0.569039 -0.623490
vn -0.786549 -0.439414 -0.433884
vn -0.954754 -0.197306 -0.222521
vn -0.681345 -0.589503 -0.433884
vn -0.895067 -0.386446 -0.222521
vn -0.547942 -0.715195 -0.433884
vn -0.798336 -0.559592 -0.222521
vn -0.668566 -0.709580 -0.222521
vt 0.000000 -1.570796
vt 0.000000 -1.396263
vt 0.000000 -1.221730
vt 0.000000 -1.047198
vt 0.000000 -0.872665
vt 0.000000 -0.698132
vt 0.000000 -0.523599
vt 0.000000 -0.349066
vt 0.000000 -0.174533
vt 0.000000 0.000000
vt 1.018937 -1.570796
vt 1.018937 -1.396263
vt 1.018937 -1.221730
vt 1.018937 -1.047198
vt 1.018937 -0.872665
vt 1.018937 -0.698132
vt 1.018937 -0.523599
vt 1.018937 -0.349066
vt 1.018937 -0.174533
vt 1.018937 0.000000
vt 0.169823 0.000000
vt 0.339646 0.000000
vt 0.509468 0.000000
vt 0.679291 0.000000
vt 0.849114 0.000000
vt 0.101894 -1.346397
vt 0.305681 -1.346397
vt 0.509468 -1.346397
vt 0.203787 -1.121997
vt 0.713256 -1.346397
vt 0.407575 -1.121997
vt 0.101894 -0.897598
vt 0.917043 -1.346397
vt 0.611362 -1.121997
vt 0.305681 -0.897598
vt 0.815149 -1.121997
vt 0.509468 -0.897598
vt 0.203787 -0.673198
vt 0.713256 -0.897598
vt 0.407575 -0.673198
vt 0.101894 -0.448799
vt 0.917043 -0.897598
vt 0.611362 -0.673198
vt 0.305681 -0.448799
vt 0.815149 -0.673198
vt 0.509468 -0.448799
vt 0.203787 -0.224399
vt 0.713256 -0.448799
vt 0.407575 -0.224399
vt 0.917043 -0.448799
vt 0.611362 -0.224399
vt 0.815149 -0.224399
f 3260/3260/3260 3249/3249/3249 3248/3248/3248
f 3259/3259/3259 3264/3264/3264 3258/3258/3258
f 3265/3265/3265 3242/3242/3242 3241/3241/3241
f 3266/3266/3266 3241/3241/3241 3240/3240/3240
f 3266/3266/3266 3265/3265/3265 3241/3241/3241
f 3266/3266/3266 3242/3242/3242 3265/3265/3265
f 3267/3267/3267 3240/3240/3240 3250/3250/3250
f 3267/3267/3267 3266/3266/3266 3240/3240/3240
f 3268/3268/3268 3243/3243/3243 3242/3242/3242
f 3268/3268/3268 3242/3242/3242 3266/3266/3266
f 3269/3269/3269 3250/3250/3250 3251/3251/3251
f 3269/3269/3269 3267/3267/3267 3250/3250/3250
f 3270/3270/3270 3268/3268/3268 3266/3266/3266
f 3270/3270/3270 3266/3266/3266 3267/3267/3267
f 3271/3271/3271 3244/3244/3244 3243/3243/3243
f 3271/3271/3271 3245/3245/3245 3244/3244/3244
f 3271/3271/3271 3243/3243/3243 3268/3268/3268
f 3272/3272/3272 3251/3251/3251 3252/3252/3252
f 3272/3272/3272 3252/3252/3252 3269/3269/3269
f 3272/3272/3272 3269/3269/3269 3251/3251/3251
f 3273/3273/3273 3267/3267/3267 3269/3269/3269
f 3273/3273/3273 3270/3270/3270 3267/3267/3267
f 3274/3274/3274 3268/3268/3268 3270/3270/3270
f 3274/3274/3274 3271/3271/3271 3268/3268/3268
f 3275/3275/3275 3252/3252/3252 3253/3253/3253
f 3275/3275/3275 3273/3273/3273 3269/3269/3269
f 3275/3275/3275 3269/3269/3269 3252/3252/3252
f 3276/3276/3276 3274/3274/3274 3270/3270/3270
f 3276/3276/3276 3270/3270/3270 3273/3273/3273
f 3277/3277/3277 3246/3246/3246 3245/3245/3245
f 3277/3277/3277 3245/3245/3245 3271/3271/3271
f 3277/3277/3277 3271/3271/3271 3274/3274/3274
f 3278/3278/3278 3273/3273/3273 3275/3275/3275
f 3278/3278/3278 3276/3276/3276 3273/3273/3273
f 3279/3279/3279 3274/3274/3274 3276/3276/3276
f 3279/3279/3279 3277/3277/3277 3274/3274/3274
f 3280/3280/3280 3247/3247/3247 3246/3246/3246
f 3280/3280/3280 3246/3246/3246 3277/3277/3277
f 3281/3281/3281 3253/3253/3253 3254/3254/3254
f 3281/3281/3281 3254/3254/3254 3255/3255/3255
f 3281/3281/3281 3275/3275/3275 3253/3253/3253
f 3281/3281/3281 3278/3278/3278 3275/3275/3275
f 3282/3282/3282 3276/3276/3276 3278/3278/3278
f 3282/3282/3282 3279/3279/3279 3276/3276/3276
f 3283/3283/3283 3277/3277/3277 3279/3279/3279
f 3283/3283/3283 3247/3247/3247 3280/3280/3280
f 3283/3283/3283 3280/3280/3280 3277/3277/3277
f 3284/3284/3284 3255/3255/3255 3256/3256/3256
f 3284/3284/3284 3282/3282/3282 3278/3278/3278
f 3284/3284/3284 3281/3281/3281 3255/3255/3255
f 3284/3284/3284 3278/3278/3278 3281/3281/3281
f 3285/3285/3285 3283/3283/3283 3279/3279/3279
f 3285/3285/3285 3279/3279/3279 3282/3282/3282
f 3286/3286/3286 3248/3248/3248 3247/3247/3247
f 3286/3286/3286 3261/3261/3261 3260/3260/3260
f 3286/3286/3286 3260/3260/3260 3248/3248/3248
f 3286/3286/3286 3247/3247/3247 3283/3283/3283
f 3287/3287/3287 3285/3285/3285 3282/3282/3282
f 3287/3287/3287 3282/3282/3282 3284/3284/3284
f 3288/3288/3288 3286/3286/3286 3283/3283/3283
f 3288/3288/3288 3262/3262/3262 3261/3261/3261
f 3288/3288/3288 3261/3261/3261 3286/3286/3286
f 3288/3288/3288 3283/3283/3283 3285/3285/3285
f 3289/3289/3289 3257/3257/3257 3287/3287/3287
f 3289/3289/3289 3256/3256/3256 3257/3257/3257
f 3289/3289/3289 3284/3284/3284 3256/3256/3256
f 3289/3289/3289 3287/3287/3287 3284/3284/3284
f 3290/3290/3290 3262/3262/3262 3288/3288/3288
f 3290/3290/3290 3288/3288/3288 3285/3285/3285
f 3290/3290/3290 3263/3263/3263 3262/3262/3262
f 3290/3290/3290 3285/3285/3285 3287/3287/3287
f 3291/3291/3291 3290/3290/3290 3287/3287/3287
f 3291/3291/3291 3287/3287/3287 3257/3257/3257
f 3291/3291/3291 3257/3257/3257 3258/3258/3258
f 3291/3291/3291 3263/3263/3263 3290/3290/3290
f 3291/3291/3291 3264/3264/3264 3263/3263/3263
f 3291/3291/3291 3258/3258/3258 3264/3264/3264
v 22.500000 -6.129062 0.000000
v 22.727596 -6.498738 0.037981
v 22.948278 -6.857181 0.150768
v 23.155340 -7.193501 0.334936
v 23.342489 -7.497478 0.584889
v 23.504040 -7.759877 0.893031
v 23.635082 -7.972724 1.250000
v 23.731636 -8.129552 1.644950
v 23.790768 -8.225596 2.065880
v 23.810680 -8.257939 2.500000
v 22.500000 -6.129062 0.000000
v 22.934120 -6.129062 0.037981
v 23.355051 -6.129062 0.150768
v 23.750000 -6.129062 0.334936
v 24.106970 -6.129062 0.584889
v 24.415112 -6.129062 0.893031
v 24.665064 -6.129062 1.250000
v 24.849232 -6.129062 1.644950
v 24.962019 -6.129062 2.065880
v 25.000000 -6.129062 2.500000
v 24.151621 -8.005800 2.500000
v 24.445045 -7.699666 2.500000
v 24.682510 -7.348345 2.500000
v 24.857182 -6.961944 2.500000
v 24.964037 -6.551581 2.500000
v 22.838327 -6.570658 0.062680
v 22.920696 -6.493050 0.062680
v 22.985655 -6.400378 0.062680
v 23.243851 -6.918544 0.247578
v 23.030514 -6.296477 0.062680
v 23.388233 -6.751667 0.247578
v 23.447969 -7.366388 0.545421
v 23.053417 -6.185647 0.062680
v 23.495855 -6.559023 0.247578
v 23.678762 -7.148934 0.545421
v 23.562263 -6.348585 0.247578
v 23.860773 -6.889272 0.545421
v 23.840372 -7.551659 0.941275
v 23.986465 -6.598148 0.545421
v 24.100540 -7.250957 0.941275
v 23.869856 -7.917049 1.415291
v 24.050640 -6.287611 0.545421
v 24.294470 -6.903825 0.941275
v 24.203362 -7.602820 1.415291
v 24.414133 -6.524629 0.941275
v 24.466373 -7.227598 1.415291
v 24.171415 -7.903011 1.943698
v 24.648005 -6.806912 1.415291
v 24.495840 -7.528043 1.943698
v 24.740740 -6.358172 1.415291
v 24.737667 -7.095176 1.943698
v 24.886885 -6.622326 1.943698
vn -0.000000 0.000000 -1.000000
vn 0.091039 -0.147870 -0.984808
vn 0.179312 -0.291248 -0.939693
vn 0.262136 -0.425775 -0.866025
vn 0.336995 -0.547366 -0.766044
vn 0.401616 -0.652326 -0.642788
vn 0.454033 -0.737465 -0.500000
vn 0.492654 -0.800196 -0.342020
vn 0.516307 -0.838614 -0.173648
vn 0.524272 -0.851551 0.000000
vn -0.000000 -0.000000 -1.000000
vn 0.173648 0.000000 -0.984808
vn 0.342020 0.000000 -0.939693
vn 0.500000 0.000000 -0.866025
vn 0.642788 0.000000 -0.766044
vn 0.766044 0.000000 -0.642788
vn 0.866025 0.000000 -0.500000
vn 0.939693 0.000000 -0.342020
vn 0.984808 0.000000 -0.173648
vn 1.000000 -0.000000 0.000000
vn 0.660649 -0.750695 0.000000
vn 0.778018 -0.628242 0.000000
vn 0.873004 -0.487713 0.000000
vn 0.942873 -0.333153 0.000000
vn 0.985615 -0.169008 0.000000
vn 0.135331 -0.176639 -0.974928
vn 0.168278 -0.145595 -0.974928
vn 0.194262 -0.108526 -0.974928
vn 0.297540 -0.315793 -0.900969
vn 0.212205 -0.066966 -0.974928
vn 0.355293 -0.249042 -0.900969
vn 0.379188 -0.494930 -0.781832
vn 0.221367 -0.022634 -0.974928
vn 0.398342 -0.171984 -0.900969
vn 0.471505 -0.407949 -0.781832
vn 0.424905 -0.087809 -0.900969
vn 0.544309 -0.304084 -0.781832
vn 0.536149 -0.569039 -0.623490
vn 0.594586 -0.187635 -0.781832
vn 0.640216 -0.448758 -0.623490
vn 0.547942 -0.715195 -0.433884
vn 0.620256 -0.063420 -0.781832
vn 0.717788 -0.309905 -0.623490
vn 0.681345 -0.589503 -0.433884
vn 0.765653 -0.158227 -0.623490
vn 0.786549 -0.439414 -0.433884
vn 0.668566 -0.709580 -0.222521
vn 0.859202 -0.271140 -0.433884
vn 0.798336 -0.559592 -0.222521
vn 0.896296 -0.091644 -0.433884
vn 0.895067 -0.386446 -0.222521
vn 0.954754 -0.197306 -0.222521
vt 0.000000 -1.570796
vt 0.000000 -1.396263
vt 0.000000 -1.221730
vt 0.000000 -1.047198
vt 0.000000 -0.872665
vt 0.000000 -0.698132
vt 0.000000 -0.523599
vt 0.000000 -0.349066
vt 0.000000 -0.174533
vt 0.000000 0.000000
vt 1.018937 -1.570796
vt 1.018937 -1.396263
vt 1.018937 -1.221730
vt 1.018937 -1.047198
vt 1.018937 -0.872665
vt 1.018937 -0.698132
vt 1.018937 -0.523599
vt 1.018937 -0.349066
vt 1.018937 -0.174533
vt 1.018937 0.000000
vt 0.169823 0.000000
vt 0.339646 0.000000
vt 0.509468 0.000000
vt 0.679291 0.000000
vt 0.849114 0.000000
vt 0.101894 -1.346397
vt 0.305681 -1.346397
vt 0.509468 -1.346397
vt 0.203787 -1.121997
vt 0.713256 -1.346397
vt 0.407575 -1.121997
vt 0.101894 -0.897598
vt 0.917043 -1.346397
vt 0.611362 -1.121997
vt 0.305681 -0.897598
vt 0.815149 -1.121997
vt 0.509468 -0.897598
vt 0.203787 -0.673198
vt 0.713256 -0.897598
vt 0.407575 -0.673198
vt 0.101894 -0.448799
vt 0.917043 -0.897598
vt 0.611362 -0.673198
vt 0.305681 -0.448799
vt 0.815149 -0.673198
vt 0.509468 -0.448799
vt 0.203787 -0.224399
vt 0.713256 -0.448799
vt 0.407575 -0.224399
vt 0.917043 -0.448799
vt 0.611362 -0.224399
vt 0.815149 -0.224399
f 3312/3312/3312 3301/3301/3301 3300/3300/3300
f 3311/3311/3311 3316/3316/3316 3310/3310/3310
f 3317/3317/3317 3294/3294/3294 3293/3293/3293
f 3318/3318/3318 3293/3293/3293 3292/3292/3292
f 3318/3318/3318 3317/3317/3317 3293/3293/3293
f 3318/3318/3318 3294/3294/3294 3317/3317/3317
f 3319/3319/3319 3292/3292/3292 3302/3302/3302
f 3319/3319/3319 3318/3318/3318 3292/3292/3292
f 3320/3320/3320 3295/3295/3295 3294/3294/3294
f 3320/3320/3320 3294/3294/3294 3318/3318/3318
f 3321/3321/3321 3302/3302/3302 3303/3303/3303
f 3321/3321/3321 3319/3319/3319 3302/3302/3302
f 3322/3322/3322 3320/3320/3320 3318/3318/3318
f 3322/3322/3322 3318/3318/3318 3319/3319/3319
f 3323/3323/3323 3296/3296/3296 3295/3295/3295
f 3323/3323/3323 3297/3297/3297 3296/3296/3296
f 3323/3323/3323 3295/3295/3295 3320/3320/3320
f 3324/3324/3324 3303/3303/3303 3304/3304/3304
f 3324/3324/3324 3304/3304/3304 3321/3321/3321
f 3324/3324/3324 3321/3321/3321 3303/3303/3303
f 3325/3325/3325 3319/3319/3319 3321/3321/3321
f 3325/3325/3325 3322/3322/3322 3319/3319/3319
f 3326/3326/3326 3320/3320/3320 3322/3322/3322
f 3326/3326/3326 3323/3323/3323 3320/3320/3320
f 3327/3327/3327 3304/3304/3304 3305/3305/3305
f 3327/3327/3327 3325/3325/3325 3321/3321/3321
f 3327/3327/3327 3321/3321/3321 3304/3304/3304
f 3328/3328/3328 3326/3326/3326 3322/3322/3322
f 3328/3328/3328 3322/3322/3322 3325/3325/3325
f 3329/3329/3329 3298/3298/3298 3297/3297/3297
f 3329/3329/3329 3297/3297/3297 3323/3323/3323
f 3329/3329/3329 3323/3323/3323 3326/3326/3326
f 3330/3330/3330 3325/3325/3325 3327/3327/3327
f 3330/3330/3330 3328/3328/3328 3325/3325/3325
f 3331/3331/3331 3326/3326/3326 3328/3328/3328
f 3331/3331/3331 3329/3329/3329 3326/3326/3326
f 3332/3332/3332 3299/3299/3299 3298/3298/3298
f 3332/3332/3332 3298/3298/3298 3329/3329/3329
f 3333/3333/3333 3305/3305/3305 3306/3306/3306
f 3333/3333/3333 3306/3306/3306 3307/3307/3307
f 3333/3333/3333 3327/3327/3327 3305/3305/3305
f 3333/3333/3333 3330/3330/3330 3327/3327/3327
f 3334/3334/3334 3328/3328/3328 3330/3330/3330
f 3334/3334/3334 3331/3331/3331 3328/3328/3328
f 3335/3335/3335 3329/3329/3329 3331/3331/3331
f 3335/3335/3335 3299/3299/3299 3332/3332/3332
f 3335/3335/3335 3332/3332/3332 3329/3329/3329
f 3336/3336/3336 3307/3307/3307 3308/3308/3308
f 3336/3336/3336 3334/3334/3334 3330/3330/3330
f 3336/3336/3336 3333/3333/3333 3307/3307/3307
f 3336/3336/3336 3330/3330/3330 3333/3333/3333
f 3337/3337/3337 3335/3335/3335 3331/3331/3331
f 3337/3337/3337 3331/3331/3331 3334/3334/3334
f 3338/3338/3338 3300/3300/3300 3299/3299/3299
f 3338/3338/3338 3313/3313/3313 3312/3312/3312
f 3338/3338/3338 3312/3312/3312 3300/3300/3300
f 3338/3338/3338 3299/3299/3299 3335/3335/3335
f 3339/3339/3339 3337/3337/3337 3334/3334/3334
f 3339/3339/3339 3334/3334/3334 3336/3336/3336
f 3340/3340/3340 3338/3338/3338 3335/3335/3335
f 3340/3340/3340 3314/3314/3314 3313/3313/3313
f 3340/3340/3340 3313/3313/3313 3338/3338/3338
f 3340/3340/3340 3335/3335/3335 3337/3337/3337
f 3341/3341/3341 3309/3309/3309 3339/3339/3339
f 3341/3341/3341 3308/3308/3308 3309/3309/3309
f 3341/3341/3341 3336/3336/3336 3308/3308/3308
f 3341/3341/3341 3339/3339/3339 3336/3336/3336
f 3342/3342/3342 3314/3314/3314 3340/3340/3340
f 3342/3342/3342 3340/3340/3340 3337/3337/3337
f 3342/3342/3342 3315/3315/3315 3314/3314/3314
f 3342/3342/3342 3337/3337/3337 3339/3339/3339
f 3343/3343/3343 3342/3342/3342 3339/3339/3339
f 3343/3343/3343 3339/3339/3339 3309/3309/3309
f 3343/3343/3343 3309/3309/3309 3310/3310/3310
f 3343/3343/3343 3315/3315/3315 3342/3342/3342
f 3343/3343/3343 3316/3316/3316 3315/3315/3315
f 3343/3343/3343 3310/3310/3310 3316/3316/3316
