# Exported by Open CASCADE Technology [dev.opencascade.org]
#  Vertices: 1369
#     Faces: 2592
mtllib occ-torus.mtl
g Torus
usemtl mat_1
v 8.000000 0.000000 -0.000000
v 7.878462 1.389185 -0.000000
v 7.517541 2.736161 -0.000000
v 6.928203 4.000000 -0.000000
v 6.128356 5.142301 -0.000000
v 5.142301 6.128356 -0.000000
v 4.000000 6.928203 -0.000000
v 2.736161 7.517541 -0.000000
v 1.389185 7.878462 -0.000000
v 0.000000 8.000000 -0.000000
v -1.389185 7.878462 -0.000000
v -2.736161 7.517541 -0.000000
v -4.000000 6.928203 -0.000000
v -5.142301 6.128356 -0.000000
v -6.128356 5.142301 -0.000000
v -6.928203 4.000000 -0.000000
v -7.517541 2.736161 -0.000000
v -7.878462 1.389185 -0.000000
v -8.000000 0.000000 -0.000000
v -7.878462 -1.389185 -0.000000
v -7.517541 -2.736161 -0.000000
v -6.928203 -4.000000 -0.000000
v -6.128356 -5.142301 -0.000000
v -5.142301 -6.128356 -0.000000
v -4.000000 -6.928203 -0.000000
v -2.736161 -7.517541 -0.000000
v -1.389185 -7.878462 -0.000000
v -0.000000 -8.000000 -0.000000
v 1.389185 -7.878462 -0.000000
v 2.736161 -7.517541 -0.000000
v 4.000000 -6.928203 -0.000000
v 5.142301 -6.128356 -0.000000
v 6.128356 -5.142301 -0.000000
v 6.928203 -4.000000 -0.000000
v 7.517541 -2.736161 -0.000000
v 7.878462 -1.389185 -0.000000
v 8.000000 0.000000 -0.000000
v 8.000000 0.000000 -0.000000
v 8.030384 0.000000 0.347296
v 8.120615 0.000000 0.684040
v 8.267949 0.000000 1.000000
v 8.467911 0.000000 1.285575
v 8.714425 0.000000 1.532089
v 9.000000 0.000000 1.732051
v 9.315960 0.000000 1.879385
v 9.652703 0.000000 1.969615
v 10.000000 0.000000 2.000000
v 10.347297 0.000000 1.969615
v 10.684040 0.000000 1.879385
v 11.000000 0.000000 1.732051
v 11.285575 0.000000 1.532089
v 11.532089 0.000000 1.285575
v 11.732051 0.000000 1.000000
v 11.879385 0.000000 0.684040
v 11.969616 0.000000 0.347296
v 12.000000 0.000000 0.000000
v 11.969616 0.000000 -0.347296
v 11.879385 0.000000 -0.684040
v 11.732051 0.000000 -1.000000
v 11.532089 0.000000 -1.285575
v 11.285575 0.000000 -1.532089
v 11.000000 0.000000 -1.732051
v 10.684040 0.000000 -1.879385
v 10.347297 0.000000 -1.969615
v 10.000000 0.000000 -2.000000
v 9.652703 0.000000 -1.969615
v 9.315960 0.000000 -1.879385
v 9.000000 0.000000 -1.732051
v 8.714425 0.000000 -1.532089
v 8.467911 0.000000 -1.285575
v 8.267949 0.000000 -1.000000
v 8.120615 0.000000 -0.684040
v 8.030384 0.000000 -0.347296
v 8.000000 0.000000 -0.000000
v 7.878462 1.389185 -0.000000
v 7.517541 2.736161 -0.000000
v 6.928203 4.000000 -0.000000
v 6.128356 5.142301 -0.000000
v 5.142301 6.128356 -0.000000
v 4.000000 6.928203 -0.000000
v 2.736161 7.517541 -0.000000
v 1.389185 7.878462 -0.000000
v 0.000000 8.000000 -0.000000
v -1.389185 7.878462 -0.000000
v -2.736161 7.517541 -0.000000
v -4.000000 6.928203 -0.000000
v -5.142301 6.128356 -0.000000
v -6.128356 5.142301 -0.000000
v -6.928203 4.000000 -0.000000
v -7.517541 2.736161 -0.000000
v -7.878462 1.389185 -0.000000
v -8.000000 0.000000 -0.000000
v -7.878462 -1.389185 -0.000000
v -7.517541 -2.736161 -0.000000
v -6.928203 -4.000000 -0.000000
v -6.128356 -5.142301 -0.000000
v -5.142301 -6.128356 -0.000000
v -4.000000 -6.928203 -0.000000
v -2.736161 -7.517541 -0.000000
v -1.389185 -7.878462 -0.000000
v -0.000000 -8.000000 -0.000000
v 1.389185 -7.878462 -0.000000
v 2.736161 -7.517541 -0.000000
v 4.000000 -6.928203 -0.000000
v 5.142301 -6.128356 -0.000000
v 6.128356 -5.142301 -0.000000
v 6.928203 -4.000000 -0.000000
v 7.517541 -2.736161 -0.000000
v 7.878462 -1.389185 -0.000000
v 8.030384 0.000000 0.347296
v 8.120615 0.000000 0.684040
v 8.267949 0.000000 1.000000
v 8.467911 0.000000 1.285575
v 8.714425 0.000000 1.532089
v 9.000000 0.000000 1.732051
v 9.315960 0.000000 1.879385
v 9.652703 0.000000 1.969615
v 10.000000 0.000000 2.000000
v 10.347297 0.000000 1.969615
v 10.684040 0.000000 1.879385
v 11.000000 0.000000 1.732051
v 11.285575 0.000000 1.532089
v 11.532089 0.000000 1.285575
v 11.732051 0.000000 1.000000
v 11.879385 0.000000 0.684040
v 11.969616 0.000000 0.347296
v 12.000000 0.000000 0.000000
v 11.969616 0.000000 -0.347296
v 11.879385 0.000000 -0.684040
v 11.732051 0.000000 -1.000000
v 11.532089 0.000000 -1.285575
v 11.285575 0.000000 -1.532089
v 11.000000 0.000000 -1.732051
v 10.684040 0.000000 -1.879385
v 10.347297 0.000000 -1.969615
v 10.000000 0.000000 -2.000000
v 9.652703 0.000000 -1.969615
v 9.315960 0.000000 -1.879385
v 9.000000 0.000000 -1.732051
v 8.714425 0.000000 -1.532089
v 8.467911 0.000000 -1.285575
v 8.267949 0.000000 -1.000000
v 8.120615 0.000000 -0.684040
v 8.030384 0.000000 -0.347296
v 7.908385 -1.394462 0.347296
v 7.997244 -1.410130 0.684040
v 8.142341 -1.435714 1.000000
v 8.339265 -1.470437 1.285575
v 8.582033 -1.513244 1.532089
v 7.546093 -2.746553 0.347296
v 8.863270 -1.562834 1.732051
v 7.630882 -2.777414 0.684040
v 9.174429 -1.617699 1.879385
v 7.769331 -2.827805 1.000000
v 9.506058 -1.676174 1.969615
v 7.957233 -2.896196 1.285575
v 9.848078 -1.736482 2.000000
v 8.188881 -2.980509 1.532089
v 10.190098 -1.796789 1.969615
v 6.954517 -4.015192 0.347296
v 8.457233 -3.078181 1.732051
v 10.521726 -1.855264 1.879385
v 7.032659 -4.060308 0.684040
v 8.754139 -3.186246 1.879385
v 10.832886 -1.910130 1.732051
v 7.160254 -4.133975 1.000000
v 9.070575 -3.301419 1.969615
v 11.114122 -1.959720 1.532089
v 7.333426 -4.233955 1.285575
v 9.396926 -3.420202 2.000000
v 11.356891 -2.002526 1.285575
v 7.546913 -4.357213 1.532089
v 9.723278 -3.538984 1.969615
v 11.553815 -2.037249 1.000000
v 6.151631 -5.161832 0.347296
v 7.794229 -4.500000 1.732051
v 10.039714 -3.654157 1.879385
v 6.220752 -5.219831 0.684040
v 11.698911 -2.062834 0.684040
v 8.067858 -4.657980 1.879385
v 10.336618 -3.762222 1.732051
v 6.333617 -5.314535 1.000000
v 11.787770 -2.078502 0.347296
v 8.359487 -4.826352 1.969615
v 10.604972 -3.859894 1.532089
v 11.817693 -2.083778 0.000000
v 6.486796 -5.443069 1.285575
v 8.660254 -5.000000 2.000000
v 10.836618 -3.944207 1.285575
v 11.787770 -2.078502 -0.347296
v 6.675637 -5.601524 1.532089
v 8.961021 -5.173648 1.969615
v 11.024522 -4.012598 1.000000
v 5.161832 -6.151631 0.347296
v 11.698911 -2.062834 -0.684040
v 6.894400 -5.785089 1.732051
v 9.252650 -5.342020 1.879385
v 11.162971 -4.062989 0.684040
v 5.219831 -6.220752 0.684040
v 11.553815 -2.037249 -1.000000
v 7.136439 -5.988183 1.879385
v 9.526279 -5.500000 1.732051
v 11.247760 -4.093850 0.347296
v 5.314535 -6.333617 1.000000
v 7.394400 -6.204638 1.969615
v 11.356891 -2.002526 -1.285575
v 9.773595 -5.642787 1.532089
v 5.443069 -6.486796 1.285575
v 11.276312 -4.104242 0.000000
v 7.660444 -6.427876 2.000000
v 11.114122 -1.959720 -1.532089
v 9.987082 -5.766045 1.285575
v 11.247760 -4.093850 -0.347296
v 5.601524 -6.675637 1.532089
v 10.832886 -1.910130 -1.732051
v 7.926489 -6.651114 1.969615
v 10.160254 -5.866025 1.000000
v 4.015192 -6.954517 0.347296
v 5.785089 -6.894400 1.732051
v 11.162971 -4.062989 -0.684040
v 10.521726 -1.855264 -1.879385
v 8.184450 -6.867568 1.879385
v 10.287849 -5.939692 0.684040
v 4.060308 -7.032659 0.684040
v 11.024522 -4.012598 -1.000000
v 5.988183 -7.136439 1.879385
v 8.426489 -7.070664 1.732051
v 10.190098 -1.796789 -1.969615
v 4.133975 -7.160254 1.000000
v 10.365991 -5.984808 0.347296
v 10.836618 -3.944207 -1.285575
v 6.204638 -7.394400 1.969615
v 9.848078 -1.736482 -2.000000
v 8.645252 -7.254228 1.532089
v 10.392304 -6.000000 0.000000
v 4.233955 -7.333426 1.285575
v 10.604972 -3.859894 -1.532089
v 6.427876 -7.660444 2.000000
v 8.834092 -7.412684 1.285575
v 9.506058 -1.676174 -1.969615
v 10.365991 -5.984808 -0.347296
v 4.357213 -7.546913 1.532089
v 10.336618 -3.762222 -1.732051
v 6.651114 -7.926489 1.969615
v 2.746553 -7.546093 0.347296
v 8.987272 -7.541217 1.000000
v 9.174429 -1.617699 -1.879385
v 4.500000 -7.794229 1.732051
v 10.287849 -5.939692 -0.684040
v 10.039714 -3.654157 -1.879385
v 6.867568 -8.184450 1.879385
v 8.863270 -1.562834 -1.732051
v 2.777414 -7.630882 0.684040
v 9.100137 -7.635921 0.684040
v 10.160254 -5.866025 -1.000000
v 4.657980 -8.067858 1.879385
v 9.723278 -3.538984 -1.969615
v 7.070664 -8.426489 1.732051
v 8.582033 -1.513244 -1.532089
v 2.827805 -7.769331 1.000000
v 9.169257 -7.693921 0.347296
v 4.826352 -8.359487 1.969615
v 9.987082 -5.766045 -1.285575
v 9.396926 -3.420202 -2.000000
v 7.254228 -8.645252 1.532089
v 2.896196 -7.957233 1.285575
v 8.339265 -1.470437 -1.285575
v 9.192533 -7.713451 0.000000
v 9.773595 -5.642787 -1.532089
v 5.000000 -8.660254 2.000000
v 7.412684 -8.834092 1.285575
v 9.070575 -3.301419 -1.969615
v 8.142341 -1.435714 -1.000000
v 2.980509 -8.188881 1.532089
v 9.169257 -7.693921 -0.347296
v 9.526279 -5.500000 -1.732051
v 5.173648 -8.961021 1.969615
v 1.394462 -7.908385 0.347296
v 8.754139 -3.186246 -1.879385
v 7.541217 -8.987272 1.000000
v 9.100137 -7.635921 -0.684040
v 3.078181 -8.457233 1.732051
v 7.997244 -1.410130 -0.684040
v 9.252650 -5.342020 -1.879385
v 5.342020 -9.252650 1.879385
v 8.457233 -3.078181 -1.732051
v 1.410130 -7.997244 0.684040
v 7.635921 -9.100137 0.684040
v 7.908385 -1.394462 -0.347296
v 8.987272 -7.541217 -1.000000
v 3.186246 -8.754139 1.879385
v 5.500000 -9.526279 1.732051
v 8.961021 -5.173648 -1.969615
v 7.693921 -9.169257 0.347296
v 8.188881 -2.980509 -1.532089
v 1.435714 -8.142341 1.000000
v 8.834092 -7.412684 -1.285575
v 3.301419 -9.070575 1.969615
v 8.660254 -5.000000 -2.000000
v 5.642787 -9.773595 1.532089
v 7.957233 -2.896196 -1.285575
v 7.713451 -9.192533 0.000000
v 1.470437 -8.339265 1.285575
v 8.645252 -7.254228 -1.532089
v 3.420202 -9.396926 2.000000
v 8.359487 -4.826352 -1.969615
v 5.766045 -9.987082 1.285575
v 7.769331 -2.827805 -1.000000
v 1.513244 -8.582033 1.532089
v 7.693921 -9.169257 -0.347296
v 8.426489 -7.070664 -1.732051
v 3.538984 -9.723278 1.969615
v 5.866025 -10.160254 1.000000
v 8.067858 -4.657980 -1.879385
v 0.000000 -8.030384 0.347296
v 7.635921 -9.100137 -0.684040
v 7.630882 -2.777414 -0.684040
v 1.562834 -8.863270 1.732051
v 3.654157 -10.039714 1.879385
v 8.184450 -6.867568 -1.879385
v 5.939692 -10.287849 0.684040
v 7.794229 -4.500000 -1.732051
v 0.000000 -8.120615 0.684040
v 7.546093 -2.746553 -0.347296
v 1.617699 -9.174429 1.879385
v 7.541217 -8.987272 -1.000000
v 3.762222 -10.336618 1.732051
v 7.926489 -6.651114 -1.969615
v 0.000000 -8.267949 1.000000
v 5.984808 -10.365991 0.347296
v 7.546913 -4.357213 -1.532089
v 1.676174 -9.506058 1.969615
v 7.412684 -8.834092 -1.285575
v 7.660444 -6.427876 -2.000000
v 3.859894 -10.604972 1.532089
v 7.333426 -4.233955 -1.285575
v 6.000000 -10.392304 0.000000
v 0.000000 -8.467911 1.285575
v 7.254228 -8.645252 -1.532089
v 1.736482 -9.848078 2.000000
v 7.394400 -6.204638 -1.969615
v 3.944207 -10.836618 1.285575
v 0.000000 -8.714425 1.532089
v 7.160254 -4.133975 -1.000000
v 5.984808 -10.365991 -0.347296
v 1.796789 -10.190098 1.969615
v 7.070664 -8.426489 -1.732051
v 7.136439 -5.988183 -1.879385
v -1.394462 -7.908385 0.347296
v 4.012598 -11.024522 1.000000
v 0.000000 -9.000000 1.732051
v 7.032659 -4.060308 -0.684040
v 5.939692 -10.287849 -0.684040
v 6.867568 -8.184450 -1.879385
v 1.855264 -10.521726 1.879385
v 6.894400 -5.785089 -1.732051
v -1.410130 -7.997244 0.684040
v 4.062989 -11.162971 0.684040
v 6.954517 -4.015192 -0.347296
v 0.000000 -9.315960 1.879385
v 5.866025 -10.160254 -1.000000
v 1.910130 -10.832886 1.732051
v 6.651114 -7.926489 -1.969615
v -1.435714 -8.142341 1.000000
v 4.093850 -11.247760 0.347296
v 6.675637 -5.601524 -1.532089
v 5.766045 -9.987082 -1.285575
v 0.000000 -9.652703 1.969615
v 1.959720 -11.114122 1.532089
v 6.427876 -7.660444 -2.000000
v -1.470437 -8.339265 1.285575
v 6.486796 -5.443069 -1.285575
v 4.104242 -11.276312 0.000000
v 0.000000 -10.000000 2.000000
v 5.642787 -9.773595 -1.532089
v 6.204638 -7.394400 -1.969615
v 2.002526 -11.356891 1.285575
v 6.333617 -5.314535 -1.000000
v -1.513244 -8.582033 1.532089
v 4.093850 -11.247760 -0.347296
v 5.500000 -9.526279 -1.732051
v -0.000000 -10.347297 1.969615
v 2.037249 -11.553815 1.000000
v 5.988183 -7.136439 -1.879385
v -2.746553 -7.546093 0.347296
v 6.220752 -5.219831 -0.684040
v 4.062989 -11.162971 -0.684040
v -1.562834 -8.863270 1.732051
v 5.342020 -9.252650 -1.879385
v -0.000000 -10.684040 1.879385
v 2.062834 -11.698911 0.684040
v 5.785089 -6.894400 -1.732051
v -2.777414 -7.630882 0.684040
v -1.617699 -9.174429 1.879385
v 6.151631 -5.161832 -0.347296
v 4.012598 -11.024522 -1.000000
v -0.000000 -11.000000 1.732051
v 5.173648 -8.961021 -1.969615
v 2.078502 -11.787770 0.347296
v -2.827805 -7.769331 1.000000
v 5.601524 -6.675637 -1.532089
v -1.676174 -9.506058 1.969615
v 3.944207 -10.836618 -1.285575
v -0.000000 -11.285575 1.532089
v 5.000000 -8.660254 -2.000000
v 2.083778 -11.817693 0.000000
v 5.443069 -6.486796 -1.285575
v -2.896196 -7.957233 1.285575
v -1.736482 -9.848078 2.000000
v 3.859894 -10.604972 -1.532089
v -0.000000 -11.532089 1.285575
v 4.826352 -8.359487 -1.969615
v 5.314535 -6.333617 -1.000000
v 2.078502 -11.787770 -0.347296
v -2.980509 -8.188881 1.532089
v -1.796789 -10.190098 1.969615
v 3.762222 -10.336618 -1.732051
v -0.000000 -11.732051 1.000000
v 4.657980 -8.067858 -1.879385
v -4.015192 -6.954517 0.347296
v 2.062834 -11.698911 -0.684040
v 5.219831 -6.220752 -0.684040
v -3.078181 -8.457233 1.732051
v 3.654157 -10.039714 -1.879385
v -1.855264 -10.521726 1.879385
v 4.500000 -7.794229 -1.732051
v -0.000000 -11.879385 0.684040
v -4.060308 -7.032659 0.684040
v 5.161832 -6.151631 -0.347296
v 2.037249 -11.553815 -1.000000
v -3.186246 -8.754139 1.879385
v -1.910130 -10.832886 1.732051
v 3.538984 -9.723278 -1.969615
v 4.357213 -7.546913 -1.532089
v -0.000000 -11.969616 0.347296
v -4.133975 -7.160254 1.000000
v -3.301419 -9.070575 1.969615
v 2.002526 -11.356891 -1.285575
v 3.420202 -9.396926 -2.000000
v -1.959720 -11.114122 1.532089
v -0.000000 -12.000000 0.000000
v 4.233955 -7.333426 -1.285575
v -4.233955 -7.333426 1.285575
v 1.959720 -11.114122 -1.532089
v -3.420202 -9.396926 2.000000
v -2.002526 -11.356891 1.285575
v 3.301419 -9.070575 -1.969615
v -4.357213 -7.546913 1.532089
v 4.133975 -7.160254 -1.000000
v -0.000000 -11.969616 -0.347296
v 1.910130 -10.832886 -1.732051
v -3.538984 -9.723278 1.969615
v -2.037249 -11.553815 1.000000
v -5.161832 -6.151631 0.347296
v 3.186246 -8.754139 -1.879385
v -0.000000 -11.879385 -0.684040
v -4.500000 -7.794229 1.732051
v 4.060308 -7.032659 -0.684040
v 1.855264 -10.521726 -1.879385
v -3.654157 -10.039714 1.879385
v -2.062834 -11.698911 0.684040
v -5.219831 -6.220752 0.684040
v 3.078181 -8.457233 -1.732051
v 4.015192 -6.954517 -0.347296
v -4.657980 -8.067858 1.879385
v -0.000000 -11.732051 -1.000000
v 1.796789 -10.190098 -1.969615
v -3.762222 -10.336618 1.732051
v -2.078502 -11.787770 0.347296
v -5.314535 -6.333617 1.000000
v 2.980509 -8.188881 -1.532089
v -0.000000 -11.532089 -1.285575
v -4.826352 -8.359487 1.969615
v 1.736482 -9.848078 -2.000000
v -3.859894 -10.604972 1.532089
v -2.083778 -11.817693 0.000000
v 2.896196 -7.957233 -1.285575
v -5.443069 -6.486796 1.285575
v -5.000000 -8.660254 2.000000
v -0.000000 -11.285575 -1.532089
v 1.676174 -9.506058 -1.969615
v -3.944207 -10.836618 1.285575
v 2.827805 -7.769331 -1.000000
v -2.078502 -11.787770 -0.347296
v -5.601524 -6.675637 1.532089
v -0.000000 -11.000000 -1.732051
v -5.173648 -8.961021 1.969615
v 1.617699 -9.174429 -1.879385
v -4.012598 -11.024522 1.000000
v -6.151631 -5.161832 0.347296
v -2.062834 -11.698911 -0.684040
v -5.785089 -6.894400 1.732051
v 2.777414 -7.630882 -0.684040
v -0.000000 -10.684040 -1.879385
v -5.342020 -9.252650 1.879385
v 1.562834 -8.863270 -1.732051
v -4.062989 -11.162971 0.684040
v -6.220752 -5.219831 0.684040
v -2.037249 -11.553815 -1.000000
v -5.988183 -7.136439 1.879385
v 2.746553 -7.546093 -0.347296
v -0.000000 -10.347297 -1.969615
v -5.500000 -9.526279 1.732051
v 1.513244 -8.582033 -1.532089
v -4.093850 -11.247760 0.347296
v -6.333617 -5.314535 1.000000
v -2.002526 -11.356891 -1.285575
v -6.204638 -7.394400 1.969615
v 0.000000 -10.000000 -2.000000
v -5.642787 -9.773595 1.532089
v 1.470437 -8.339265 -1.285575
v -4.104242 -11.276312 0.000000
v -6.486796 -5.443069 1.285575
v -1.959720 -11.114122 -1.532089
v -6.427876 -7.660444 2.000000
v 0.000000 -9.652703 -1.969615
v -5.766045 -9.987082 1.285575
v 1.435714 -8.142341 -1.000000
v -4.093850 -11.247760 -0.347296
v -6.675637 -5.601524 1.532089
v -1.910130 -10.832886 -1.732051
v -6.651114 -7.926489 1.969615
v 0.000000 -9.315960 -1.879385
v -5.866025 -10.160254 1.000000
v -6.954517 -4.015192 0.347296
v 1.410130 -7.997244 -0.684040
v -4.062989 -11.162971 -0.684040
v -6.894400 -5.785089 1.732051
v -1.855264 -10.521726 -1.879385
v -6.867568 -8.184450 1.879385
v 0.000000 -9.000000 -1.732051
v -7.032659 -4.060308 0.684040
v -5.939692 -10.287849 0.684040
v 1.394462 -7.908385 -0.347296
v -4.012598 -11.024522 -1.000000
v -7.136439 -5.988183 1.879385
v -1.796789 -10.190098 -1.969615
v -7.070664 -8.426489 1.732051
v 0.000000 -8.714425 -1.532089
v -7.160254 -4.133975 1.000000
v -5.984808 -10.365991 0.347296
v -3.944207 -10.836618 -1.285575
v -7.394400 -6.204638 1.969615
v -1.736482 -9.848078 -2.000000
v -7.254228 -8.645252 1.532089
v 0.000000 -8.467911 -1.285575
v -6.000000 -10.392304 0.000000
v -7.333426 -4.233955 1.285575
v -3.859894 -10.604972 -1.532089
v -7.660444 -6.427876 2.000000
v -1.676174 -9.506058 -1.969615
v -7.412684 -8.834092 1.285575
v 0.000000 -8.267949 -1.000000
v -5.984808 -10.365991 -0.347296
v -7.546913 -4.357213 1.532089
v -3.762222 -10.336618 -1.732051
v -7.926489 -6.651114 1.969615
v -1.617699 -9.174429 -1.879385
v -7.541217 -8.987272 1.000000
v -7.546093 -2.746553 0.347296
v 0.000000 -8.120615 -0.684040
v -5.939692 -10.287849 -0.684040
v -7.794229 -4.500000 1.732051
v -3.654157 -10.039714 -1.879385
v -8.184450 -6.867568 1.879385
v -1.562834 -8.863270 -1.732051
v -7.635921 -9.100137 0.684040
v -7.630882 -2.777414 0.684040
v 0.000000 -8.030384 -0.347296
v -5.866025 -10.160254 -1.000000
v -8.067858 -4.657980 1.879385
v -3.538984 -9.723278 -1.969615
v -8.426489 -7.070664 1.732051
v -1.513244 -8.582033 -1.532089
v -7.693921 -9.169257 0.347296
v -7.769331 -2.827805 1.000000
v -5.766045 -9.987082 -1.285575
v -8.359487 -4.826352 1.969615
v -3.420202 -9.396926 -2.000000
v -8.645252 -7.254228 1.532089
v -1.470437 -8.339265 -1.285575
v -7.713451 -9.192533 0.000000
v -7.957233 -2.896196 1.285575
v -5.642787 -9.773595 -1.532089
v -8.660254 -5.000000 2.000000
v -3.301419 -9.070575 -1.969615
v -8.834092 -7.412684 1.285575
v -1.435714 -8.142341 -1.000000
v -7.693921 -9.169257 -0.347296
v -8.188881 -2.980509 1.532089
v -5.500000 -9.526279 -1.732051
v -8.961021 -5.173648 1.969615
v -3.186246 -8.754139 -1.879385
v -8.987272 -7.541217 1.000000
v -7.908385 -1.394462 0.347296
v -1.410130 -7.997244 -0.684040
v -7.635921 -9.100137 -0.684040
v -8.457233 -3.078181 1.732051
v -5.342020 -9.252650 -1.879385
v -9.252650 -5.342020 1.879385
v -3.078181 -8.457233 -1.732051
v -7.997244 -1.410130 0.684040
v -9.100137 -7.635921 0.684040
v -1.394462 -7.908385 -0.347296
v -7.541217 -8.987272 -1.000000
v -8.754139 -3.186246 1.879385
v -5.173648 -8.961021 -1.969615
v -9.526279 -5.500000 1.732051
v -2.980509 -8.188881 -1.532089
v -8.142341 -1.435714 1.000000
v -9.169257 -7.693921 0.347296
v -7.412684 -8.834092 -1.285575
v -9.070575 -3.301419 1.969615
v -5.000000 -8.660254 -2.000000
v -9.773595 -5.642787 1.532089
v -2.896196 -7.957233 -1.285575
v -9.192533 -7.713451 0.000000
v -8.339265 -1.470437 1.285575
v -7.254228 -8.645252 -1.532089
v -9.396926 -3.420202 2.000000
v -4.826352 -8.359487 -1.969615
v -9.987082 -5.766045 1.285575
v -2.827805 -7.769331 -1.000000
v -9.169257 -7.693921 -0.347296
v -8.582033 -1.513244 1.532089
v -7.070664 -8.426489 -1.732051
v -9.723278 -3.538984 1.969615
v -4.657980 -8.067858 -1.879385
v -10.160254 -5.866025 1.000000
v -8.030384 0.000000 0.347296
v -2.777414 -7.630882 -0.684040
v -8.863270 -1.562834 1.732051
v -9.100137 -7.635921 -0.684040
v -6.867568 -8.184450 -1.879385
v -10.039714 -3.654157 1.879385
v -4.500000 -7.794229 -1.732051
v -8.120615 0.000000 0.684040
v -10.287849 -5.939692 0.684040
v -2.746553 -7.546093 -0.347296
v -9.174429 -1.617699 1.879385
v -8.987272 -7.541217 -1.000000
v -6.651114 -7.926489 -1.969615
v -10.336618 -3.762222 1.732051
v -4.357213 -7.546913 -1.532089
v -8.267949 0.000000 1.000000
v -10.365991 -5.984808 0.347296
v -8.834092 -7.412684 -1.285575
v -9.506058 -1.676174 1.969615
v -6.427876 -7.660444 -2.000000
v -10.604972 -3.859894 1.532089
v -10.392304 -6.000000 0.000000
v -4.233955 -7.333426 -1.285575
v -8.467911 0.000000 1.285575
v -9.848078 -1.736482 2.000000
v -8.645252 -7.254228 -1.532089
v -6.204638 -7.394400 -1.969615
v -10.836618 -3.944207 1.285575
v -10.365991 -5.984808 -0.347296
v -8.714425 0.000000 1.532089
v -4.133975 -7.160254 -1.000000
v -8.426489 -7.070664 -1.732051
v -10.190098 -1.796789 1.969615
v -5.988183 -7.136439 -1.879385
v -11.024522 -4.012598 1.000000
v -7.908385 1.394462 0.347296
v -9.000000 0.000000 1.732051
v -4.060308 -7.032659 -0.684040
v -10.287849 -5.939692 -0.684040
v -8.184450 -6.867568 -1.879385
v -10.521726 -1.855264 1.879385
v -5.785089 -6.894400 -1.732051
v -11.162971 -4.062989 0.684040
v -7.997244 1.410130 0.684040
v -4.015192 -6.954517 -0.347296
v -9.315960 0.000000 1.879385
v -10.160254 -5.866025 -1.000000
v -10.832886 -1.910130 1.732051
v -7.926489 -6.651114 -1.969615
v -5.601524 -6.675637 -1.532089
v -11.247760 -4.093850 0.347296
v -8.142341 1.435714 1.000000
v -9.987082 -5.766045 -1.285575
v -9.652703 0.000000 1.969615
v -11.114122 -1.959720 1.532089
v -7.660444 -6.427876 -2.000000
v -5.443069 -6.486796 -1.285575
v -11.276312 -4.104242 0.000000
v -8.339265 1.470437 1.285575
v -9.773595 -5.642787 -1.532089
v -10.000000 0.000000 2.000000
v -11.356891 -2.002526 1.285575
v -7.394400 -6.204638 -1.969615
v -5.314535 -6.333617 -1.000000
v -11.247760 -4.093850 -0.347296
v -8.582033 1.513244 1.532089
v -9.526279 -5.500000 -1.732051
v -10.347297 0.000000 1.969615
v -11.553815 -2.037249 1.000000
v -7.546093 2.746553 0.347296
v -7.136439 -5.988183 -1.879385
v -5.219831 -6.220752 -0.684040
v -11.162971 -4.062989 -0.684040
v -8.863270 1.562834 1.732051
v -9.252650 -5.342020 -1.879385
v -10.684040 0.000000 1.879385
v -6.894400 -5.785089 -1.732051
v -11.698911 -2.062834 0.684040
v -7.630882 2.777414 0.684040
v -5.161832 -6.151631 -0.347296
v -11.024522 -4.012598 -1.000000
v -9.174429 1.617699 1.879385
v -8.961021 -5.173648 -1.969615
v -11.000000 0.000000 1.732051
v -11.787770 -2.078502 0.347296
v -6.675637 -5.601524 -1.532089
v -7.769331 2.827805 1.000000
v -10.836618 -3.944207 -1.285575
v -9.506058 1.676174 1.969615
v -8.660254 -5.000000 -2.000000
v -11.285575 0.000000 1.532089
v -11.817693 -2.083778 0.000000
v -7.957233 2.896196 1.285575
v -6.486796 -5.443069 -1.285575
v -10.604972 -3.859894 -1.532089
v -9.848078 1.736482 2.000000
v -8.359487 -4.826352 -1.969615
v -11.532089 0.000000 1.285575
v -11.787770 -2.078502 -0.347296
v -8.188881 2.980509 1.532089
v -6.333617 -5.314535 -1.000000
v -10.336618 -3.762222 -1.732051
v -10.190098 1.796789 1.969615
v -8.067858 -4.657980 -1.879385
v -11.732051 0.000000 1.000000
v -6.954517 4.015192 0.347296
v -11.698911 -2.062834 -0.684040
v -8.457233 3.078181 1.732051
v -6.220752 -5.219831 -0.684040
v -10.039714 -3.654157 -1.879385
v -10.521726 1.855264 1.879385
v -7.794229 -4.500000 -1.732051
v -11.879385 0.000000 0.684040
v -7.032659 4.060308 0.684040
v -6.151631 -5.161832 -0.347296
v -11.553815 -2.037249 -1.000000
v -8.754139 3.186246 1.879385
v -9.723278 -3.538984 -1.969615
v -10.832886 1.910130 1.732051
v -7.546913 -4.357213 -1.532089
v -11.969616 0.000000 0.347296
v -7.160254 4.133975 1.000000
v -11.356891 -2.002526 -1.285575
v -9.070575 3.301419 1.969615
v -9.396926 -3.420202 -2.000000
v -11.114122 1.959720 1.532089
v -7.333426 -4.233955 -1.285575
v -12.000000 0.000000 0.000000
v -7.333426 4.233955 1.285575
v -11.114122 -1.959720 -1.532089
v -9.396926 3.420202 2.000000
v -9.070575 -3.301419 -1.969615
v -11.356891 2.002526 1.285575
v -7.160254 -4.133975 -1.000000
v -11.969616 0.000000 -0.347296
v -7.546913 4.357213 1.532089
v -10.832886 -1.910130 -1.732051
v -9.723278 3.538984 1.969615
v -8.754139 -3.186246 -1.879385
v -11.553815 2.037249 1.000000
v -6.151631 5.161832 0.347296
v -7.032659 -4.060308 -0.684040
v -11.879385 0.000000 -0.684040
v -7.794229 4.500000 1.732051
v -10.521726 -1.855264 -1.879385
v -10.039714 3.654157 1.879385
v -8.457233 -3.078181 -1.732051
v -11.698911 2.062834 0.684040
v -6.220752 5.219831 0.684040
v -6.954517 -4.015192 -0.347296
v -11.732051 0.000000 -1.000000
v -8.067858 4.657980 1.879385
v -10.190098 -1.796789 -1.969615
v -10.336618 3.762222 1.732051
v -8.188881 -2.980509 -1.532089
v -11.787770 2.078502 0.347296
v -6.333617 5.314535 1.000000
v -11.532089 0.000000 -1.285575
v -8.359487 4.826352 1.969615
v -9.848078 -1.736482 -2.000000
v -10.604972 3.859894 1.532089
v -6.486796 5.443069 1.285575
v -7.957233 -2.896196 -1.285575
v -11.817693 2.083778 0.000000
v -11.285575 0.000000 -1.532089
v -8.660254 5.000000 2.000000
v -9.506058 -1.676174 -1.969615
v -10.836618 3.944207 1.285575
v -7.769331 -2.827805 -1.000000
v -6.675637 5.601524 1.532089
v -11.787770 2.078502 -0.347296
v -11.000000 0.000000 -1.732051
v -8.961021 5.173648 1.969615
v -9.174429 -1.617699 -1.879385
v -11.024522 4.012598 1.000000
v -5.161832 6.151631 0.347296
v -7.630882 -2.777414 -0.684040
v -11.698911 2.062834 -0.684040
v -6.894400 5.785089 1.732051
v -10.684040 0.000000 -1.879385
v -9.252650 5.342020 1.879385
v -8.863270 -1.562834 -1.732051
v -11.162971 4.062989 0.684040
v -5.219831 6.220752 0.684040
v -7.546093 -2.746553 -0.347296
v -11.553815 2.037249 -1.000000
v -7.136439 5.988183 1.879385
v -10.347297 0.000000 -1.969615
v -9.526279 5.500000 1.732051
v -8.582033 -1.513244 -1.532089
v -11.247760 4.093850 0.347296
v -5.314535 6.333617 1.000000
v -11.356891 2.002526 -1.285575
v -7.394400 6.204638 1.969615
v -10.000000 0.000000 -2.000000
v -9.773595 5.642787 1.532089
v -8.339265 -1.470437 -1.285575
v -11.276312 4.104242 0.000000
v -5.443069 6.486796 1.285575
v -11.114122 1.959720 -1.532089
v -7.660444 6.427876 2.000000
v -9.652703 0.000000 -1.969615
v -9.987082 5.766045 1.285575
v -8.142341 -1.435714 -1.000000
v -11.247760 4.093850 -0.347296
v -5.601524 6.675637 1.532089
v -7.926489 6.651114 1.969615
v -10.832886 1.910130 -1.732051
v -9.315960 0.000000 -1.879385
v -10.160254 5.866025 1.000000
v -4.015192 6.954517 0.347296
v -7.997244 -1.410130 -0.684040
v -11.162971 4.062989 -0.684040
v -5.785089 6.894400 1.732051
v -10.521726 1.855264 -1.879385
v -8.184450 6.867568 1.879385
v -9.000000 0.000000 -1.732051
v -10.287849 5.939692 0.684040
v -4.060308 7.032659 0.684040
v -7.908385 -1.394462 -0.347296
v -11.024522 4.012598 -1.000000
v -5.988183 7.136439 1.879385
v -10.190098 1.796789 -1.969615
v -8.426489 7.070664 1.732051
v -8.714425 0.000000 -1.532089
v -10.365991 5.984808 0.347296
v -4.133975 7.160254 1.000000
v -10.836618 3.944207 -1.285575
v -6.204638 7.394400 1.969615
v -9.848078 1.736482 -2.000000
v -8.645252 7.254228 1.532089
v -8.467911 0.000000 -1.285575
v -10.392304 6.000000 0.000000
v -4.233955 7.333426 1.285575
v -10.604972 3.859894 -1.532089
v -6.427876 7.660444 2.000000
v -9.506058 1.676174 -1.969615
v -8.834092 7.412684 1.285575
v -8.267949 0.000000 -1.000000
v -10.365991 5.984808 -0.347296
v -4.357213 7.546913 1.532089
v -10.336618 3.762222 -1.732051
v -6.651114 7.926489 1.969615
v -9.174429 1.617699 -1.879385
v -8.987272 7.541217 1.000000
v -2.746553 7.546093 0.347296
v -8.120615 0.000000 -0.684040
v -10.287849 5.939692 -0.684040
v -4.500000 7.794229 1.732051
v -10.039714 3.654157 -1.879385
v -6.867568 8.184450 1.879385
v -8.863270 1.562834 -1.732051
v -9.100137 7.635921 0.684040
v -2.777414 7.630882 0.684040
v -8.030384 0.000000 -0.347296
v -10.160254 5.866025 -1.000000
v -4.657980 8.067858 1.879385
v -9.723278 3.538984 -1.969615
v -7.070664 8.426489 1.732051
v -9.169257 7.693921 0.347296
v -8.582033 1.513244 -1.532089
v -2.827805 7.769331 1.000000
v -9.987082 5.766045 -1.285575
v -4.826352 8.359487 1.969615
v -9.396926 3.420202 -2.000000
v -7.254228 8.645252 1.532089
v -9.192533 7.713451 0.000000
v -8.339265 1.470437 -1.285575
v -2.896196 7.957233 1.285575
v -9.773595 5.642787 -1.532089
v -5.000000 8.660254 2.000000
v -9.070575 3.301419 -1.969615
v -7.412684 8.834092 1.285575
v -8.142341 1.435714 -1.000000
v -9.169257 7.693921 -0.347296
v -2.980509 8.188881 1.532089
v -9.526279 5.500000 -1.732051
v -5.173648 8.961021 1.969615
v -8.754139 3.186246 -1.879385
v -7.541217 8.987272 1.000000
v -1.394462 7.908385 0.347296
v -7.997244 1.410130 -0.684040
v -9.100137 7.635921 -0.684040
v -3.078181 8.457233 1.732051
v -5.342020 9.252650 1.879385
v -9.252650 5.342020 -1.879385
v -8.457233 3.078181 -1.732051
v -7.635921 9.100137 0.684040
v -1.410130 7.997244 0.684040
v -7.908385 1.394462 -0.347296
v -8.987272 7.541217 -1.000000
v -3.186246 8.754139 1.879385
v -8.961021 5.173648 -1.969615
v -5.500000 9.526279 1.732051
v -8.188881 2.980509 -1.532089
v -7.693921 9.169257 0.347296
v -1.435714 8.142341 1.000000
v -8.834092 7.412684 -1.285575
v -3.301419 9.070575 1.969615
v -8.660254 5.000000 -2.000000
v -5.642787 9.773595 1.532089
v -7.957233 2.896196 -1.285575
v -7.713451 9.192533 0.000000
v -1.470437 8.339265 1.285575
v -8.645252 7.254228 -1.532089
v -3.420202 9.396926 2.000000
v -8.359487 4.826352 -1.969615
v -5.766045 9.987082 1.285575
v -7.769331 2.827805 -1.000000
v -7.693921 9.169257 -0.347296
v -1.513244 8.582033 1.532089
v -8.426489 7.070664 -1.732051
v -3.538984 9.723278 1.969615
v -8.067858 4.657980 -1.879385
v -5.866025 10.160254 1.000000
v 0.000000 8.030384 0.347296
v -7.630882 2.777414 -0.684040
v -7.635921 9.100137 -0.684040
v -1.562834 8.863270 1.732051
v -8.184450 6.867568 -1.879385
v -3.654157 10.039714 1.879385
v -7.794229 4.500000 -1.732051
v -5.939692 10.287849 0.684040
v 0.000000 8.120615 0.684040
v -7.546093 2.746553 -0.347296
v -7.541217 8.987272 -1.000000
v -1.617699 9.174429 1.879385
v -7.926489 6.651114 -1.969615
v -3.762222 10.336618 1.732051
v -7.546913 4.357213 -1.532089
v -5.984808 10.365991 0.347296
v 0.000000 8.267949 1.000000
v -7.412684 8.834092 -1.285575
v -1.676174 9.506058 1.969615
v -7.660444 6.427876 -2.000000
v -3.859894 10.604972 1.532089
v -7.333426 4.233955 -1.285575
v -6.000000 10.392304 0.000000
v 0.000000 8.467911 1.285575
v -7.254228 8.645252 -1.532089
v -1.736482 9.848078 2.000000
v -7.394400 6.204638 -1.969615
v -3.944207 10.836618 1.285575
v -7.160254 4.133975 -1.000000
v -5.984808 10.365991 -0.347296
v 0.000000 8.714425 1.532089
v -7.070664 8.426489 -1.732051
v -1.796789 10.190098 1.969615
v -7.136439 5.988183 -1.879385
v -4.012598 11.024522 1.000000
v 1.394462 7.908385 0.347296
v -7.032659 4.060308 -0.684040
v -5.939692 10.287849 -0.684040
v 0.000000 9.000000 1.732051
v -6.867568 8.184450 -1.879385
v -1.855264 10.521726 1.879385
v -6.894400 5.785089 -1.732051
v -4.062989 11.162971 0.684040
v 1.410130 7.997244 0.684040
v -6.954517 4.015192 -0.347296
v -5.866025 10.160254 -1.000000
v 0.000000 9.315960 1.879385
v -6.651114 7.926489 -1.969615
v -1.910130 10.832886 1.732051
v -6.675637 5.601524 -1.532089
v -4.093850 11.247760 0.347296
v 1.435714 8.142341 1.000000
v -5.766045 9.987082 -1.285575
v 0.000000 9.652703 1.969615
v -6.427876 7.660444 -2.000000
v -1.959720 11.114122 1.532089
v -6.486796 5.443069 -1.285575
v -4.104242 11.276312 0.000000
v 1.470437 8.339265 1.285575
v -5.642787 9.773595 -1.532089
v 0.000000 10.000000 2.000000
v -6.204638 7.394400 -1.969615
v -2.002526 11.356891 1.285575
v -6.333617 5.314535 -1.000000
v -4.093850 11.247760 -0.347296
v 1.513244 8.582033 1.532089
v 0.000000 10.347297 1.969615
v -5.500000 9.526279 -1.732051
v -5.988183 7.136439 -1.879385
v -2.037249 11.553815 1.000000
v 2.746553 7.546093 0.347296
v -6.220752 5.219831 -0.684040
v -4.062989 11.162971 -0.684040
v 1.562834 8.863270 1.732051
v -5.342020 9.252650 -1.879385
v 0.000000 10.684040 1.879385
v -5.785089 6.894400 -1.732051
v -2.062834 11.698911 0.684040
v 2.777414 7.630882 0.684040
v -6.151631 5.161832 -0.347296
v 1.617699 9.174429 1.879385
v -4.012598 11.024522 -1.000000
v -5.173648 8.961021 -1.969615
v 0.000000 11.000000 1.732051
v -5.601524 6.675637 -1.532089
v -2.078502 11.787770 0.347296
v 2.827805 7.769331 1.000000
v -3.944207 10.836618 -1.285575
v 1.676174 9.506058 1.969615
v -5.000000 8.660254 -2.000000
v 0.000000 11.285575 1.532089
v -5.443069 6.486796 -1.285575
v -2.083778 11.817693 0.000000
v 2.896196 7.957233 1.285575
v -3.859894 10.604972 -1.532089
v 1.736482 9.848078 2.000000
v -4.826352 8.359487 -1.969615
v 0.000000 11.532089 1.285575
v -5.314535 6.333617 -1.000000
v -2.078502 11.787770 -0.347296
v 2.980509 8.188881 1.532089
v -3.762222 10.336618 -1.732051
v 1.796789 10.190098 1.969615
v -4.657980 8.067858 -1.879385
v 0.000000 11.732051 1.000000
v 4.015192 6.954517 0.347296
v -5.219831 6.220752 -0.684040
v -2.062834 11.698911 -0.684040
v 3.078181 8.457233 1.732051
v -3.654157 10.039714 -1.879385
v 1.855264 10.521726 1.879385
v -4.500000 7.794229 -1.732051
v 0.000000 11.879385 0.684040
v 4.060308 7.032659 0.684040
v -5.161832 6.151631 -0.347296
v -2.037249 11.553815 -1.000000
v 3.186246 8.754139 1.879385
v -3.538984 9.723278 -1.969615
v 1.910130 10.832886 1.732051
v -4.357213 7.546913 -1.532089
v 0.000000 11.969616 0.347296
v 4.133975 7.160254 1.000000
v -2.002526 11.356891 -1.285575
v 3.301419 9.070575 1.969615
v -3.420202 9.396926 -2.000000
v 1.959720 11.114122 1.532089
v -4.233955 7.333426 -1.285575
v 0.000000 12.000000 0.000000
v 4.233955 7.333426 1.285575
v -1.959720 11.114122 -1.532089
v 3.420202 9.396926 2.000000
v -3.301419 9.070575 -1.969615
v 2.002526 11.356891 1.285575
v -4.133975 7.160254 -1.000000
v 0.000000 11.969616 -0.347296
v 4.357213 7.546913 1.532089
v -1.910130 10.832886 -1.732051
v 3.538984 9.723278 1.969615
v -3.186246 8.754139 -1.879385
v 2.037249 11.553815 1.000000
v 5.161832 6.151631 0.347296
v -4.060308 7.032659 -0.684040
v 0.000000 11.879385 -0.684040
v 4.500000 7.794229 1.732051
v -1.855264 10.521726 -1.879385
v 3.654157 10.039714 1.879385
v -3.078181 8.457233 -1.732051
v 2.062834 11.698911 0.684040
v 5.219831 6.220752 0.684040
v -4.015192 6.954517 -0.347296
v 0.000000 11.732051 -1.000000
v 4.657980 8.067858 1.879385
v 3.762222 10.336618 1.732051
v -1.796789 10.190098 -1.969615
v -2.980509 8.188881 -1.532089
v 2.078502 11.787770 0.347296
v 5.314535 6.333617 1.000000
v 0.000000 11.532089 -1.285575
v 4.826352 8.359487 1.969615
v -1.736482 9.848078 -2.000000
v 3.859894 10.604972 1.532089
v -2.896196 7.957233 -1.285575
v 2.083778 11.817693 0.000000
v 5.443069 6.486796 1.285575
v 0.000000 11.285575 -1.532089
v 5.000000 8.660254 2.000000
v -1.676174 9.506058 -1.969615
v 3.944207 10.836618 1.285575
v -2.827805 7.769331 -1.000000
v 2.078502 11.787770 -0.347296
v 5.601524 6.675637 1.532089
v 0.000000 11.000000 -1.732051
v 5.173648 8.961021 1.969615
v -1.617699 9.174429 -1.879385
v 4.012598 11.024522 1.000000
v 6.151631 5.161832 0.347296
v -2.777414 7.630882 -0.684040
v 2.062834 11.698911 -0.684040
v 5.785089 6.894400 1.732051
v 0.000000 10.684040 -1.879385
v 5.342020 9.252650 1.879385
v -1.562834 8.863270 -1.732051
v 4.062989 11.162971 0.684040
v 6.220752 5.219831 0.684040
v -2.746553 7.546093 -0.347296
v 2.037249 11.553815 -1.000000
v 5.988183 7.136439 1.879385
v 0.000000 10.347297 -1.969615
v 5.500000 9.526279 1.732051
v -1.513244 8.582033 -1.532089
v 4.093850 11.247760 0.347296
v 6.333617 5.314535 1.000000
v 2.002526 11.356891 -1.285575
v 6.204638 7.394400 1.969615
v 0.000000 10.000000 -2.000000
v 5.642787 9.773595 1.532089
v -1.470437 8.339265 -1.285575
v 4.104242 11.276312 0.000000
v 6.486796 5.443069 1.285575
v 1.959720 11.114122 -1.532089
v 6.427876 7.660444 2.000000
v 0.000000 9.652703 -1.969615
v 5.766045 9.987082 1.285575
v -1.435714 8.142341 -1.000000
v 4.093850 11.247760 -0.347296
v 6.675637 5.601524 1.532089
v 1.910130 10.832886 -1.732051
v 6.651114 7.926489 1.969615
v 0.000000 9.315960 -1.879385
v 5.866025 10.160254 1.000000
v 6.954517 4.015192 0.347296
v -1.410130 7.997244 -0.684040
v 4.062989 11.162971 -0.684040
v 6.894400 5.785089 1.732051
v 1.855264 10.521726 -1.879385
v 6.867568 8.184450 1.879385
v 0.000000 9.000000 -1.732051
v 5.939692 10.287849 0.684040
v 7.032659 4.060308 0.684040
v -1.394462 7.908385 -0.347296
v 4.012598 11.024522 -1.000000
v 7.136439 5.988183 1.879385
v 1.796789 10.190098 -1.969615
v 7.070664 8.426489 1.732051
v 0.000000 8.714425 -1.532089
v 5.984808 10.365991 0.347296
v 7.160254 4.133975 1.000000
v 3.944207 10.836618 -1.285575
v 7.394400 6.204638 1.969615
v 1.736482 9.848078 -2.000000
v 7.254228 8.645252 1.532089
v 0.000000 8.467911 -1.285575
v 6.000000 10.392304 0.000000
v 7.333426 4.233955 1.285575
v 3.859894 10.604972 -1.532089
v 7.660444 6.427876 2.000000
v 1.676174 9.506058 -1.969615
v 7.412684 8.834092 1.285575
v 0.000000 8.267949 -1.000000
v 5.984808 10.365991 -0.347296
v 7.546913 4.357213 1.532089
v 3.762222 10.336618 -1.732051
v 7.926489 6.651114 1.969615
v 1.617699 9.174429 -1.879385
v 7.541217 8.987272 1.000000
v 7.546093 2.746553 0.347296
v 0.000000 8.120615 -0.684040
v 5.939692 10.287849 -0.684040
v 7.794229 4.500000 1.732051
v 3.654157 10.039714 -1.879385
v 8.184450 6.867568 1.879385
v 1.562834 8.863270 -1.732051
v 7.635921 9.100137 0.684040
v 7.630882 2.777414 0.684040
v 0.000000 8.030384 -0.347296
v 5.866025 10.160254 -1.000000
v 8.067858 4.657980 1.879385
v 3.538984 9.723278 -1.969615
v 8.426489 7.070664 1.732051
v 1.513244 8.582033 -1.532089
v 7.693921 9.169257 0.347296
v 7.769331 2.827805 1.000000
v 5.766045 9.987082 -1.285575
v 8.359487 4.826352 1.969615
v 3.420202 9.396926 -2.000000
v 8.645252 7.254228 1.532089
v 1.470437 8.339265 -1.285575
v 7.713451 9.192533 0.000000
v 7.957233 2.896196 1.285575
v 5.642787 9.773595 -1.532089
v 8.660254 5.000000 2.000000
v 3.301419 9.070575 -1.969615
v 8.834092 7.412684 1.285575
v 1.435714 8.142341 -1.000000
v 7.693921 9.169257 -0.347296
v 8.188881 2.980509 1.532089
v 5.500000 9.526279 -1.732051
v 8.961021 5.173648 1.969615
v 3.186246 8.754139 -1.879385
v 8.987272 7.541217 1.000000
v 7.908385 1.394462 0.347296
v 1.410130 7.997244 -0.684040
v 7.635921 9.100137 -0.684040
v 8.457233 3.078181 1.732051
v 5.342020 9.252650 -1.879385
v 9.252650 5.342020 1.879385
v 3.078181 8.457233 -1.732051
v 9.100137 7.635921 0.684040
v 7.997244 1.410130 0.684040
v 1.394462 7.908385 -0.347296
v 7.541217 8.987272 -1.000000
v 8.754139 3.186246 1.879385
v 5.173648 8.961021 -1.969615
v 9.526279 5.500000 1.732051
v 2.980509 8.188881 -1.532089
v 9.169257 7.693921 0.347296
v 8.142341 1.435714 1.000000
v 7.412684 8.834092 -1.285575
v 9.070575 3.301419 1.969615
v 5.000000 8.660254 -2.000000
v 9.773595 5.642787 1.532089
v 2.896196 7.957233 -1.285575
v 9.192533 7.713451 0.000000
v 8.339265 1.470437 1.285575
v 7.254228 8.645252 -1.532089
v 9.396926 3.420202 2.000000
v 4.826352 8.359487 -1.969615
v 9.987082 5.766045 1.285575
v 2.827805 7.769331 -1.000000
v 9.169257 7.693921 -0.347296
v 8.582033 1.513244 1.532089
v 7.070664 8.426489 -1.732051
v 9.723278 3.538984 1.969615
v 4.657980 8.067858 -1.879385
v 10.160254 5.866025 1.000000
v 2.777414 7.630882 -0.684040
v 9.100137 7.635921 -0.684040
v 8.863270 1.562834 1.732051
v 6.867568 8.184450 -1.879385
v 10.039714 3.654157 1.879385
v 4.500000 7.794229 -1.732051
v 10.287849 5.939692 0.684040
v 2.746553 7.546093 -0.347296
v 8.987272 7.541217 -1.000000
v 9.174429 1.617699 1.879385
v 6.651114 7.926489 -1.969615
v 10.336618 3.762222 1.732051
v 4.357213 7.546913 -1.532089
v 10.365991 5.984808 0.347296
v 8.834092 7.412684 -1.285575
v 9.506058 1.676174 1.969615
v 6.427876 7.660444 -2.000000
v 10.604972 3.859894 1.532089
v 4.233955 7.333426 -1.285575
v 10.392304 6.000000 0.000000
v 8.645252 7.254228 -1.532089
v 9.848078 1.736482 2.000000
v 6.204638 7.394400 -1.969615
v 10.836618 3.944207 1.285575
v 4.133975 7.160254 -1.000000
v 10.365991 5.984808 -0.347296
v 8.426489 7.070664 -1.732051
v 10.190098 1.796789 1.969615
v 5.988183 7.136439 -1.879385
v 11.024522 4.012598 1.000000
v 4.060308 7.032659 -0.684040
v 10.287849 5.939692 -0.684040
v 8.184450 6.867568 -1.879385
v 10.521726 1.855264 1.879385
v 5.785089 6.894400 -1.732051
v 11.162971 4.062989 0.684040
v 4.015192 6.954517 -0.347296
v 10.160254 5.866025 -1.000000
v 7.926489 6.651114 -1.969615
v 10.832886 1.910130 1.732051
v 5.601524 6.675637 -1.532089
v 11.247760 4.093850 0.347296
v 9.987082 5.766045 -1.285575
v 7.660444 6.427876 -2.000000
v 11.114122 1.959720 1.532089
v 5.443069 6.486796 -1.285575
v 11.276312 4.104242 0.000000
v 9.773595 5.642787 -1.532089
v 7.394400 6.204638 -1.969615
v 11.356891 2.002526 1.285575
v 5.314535 6.333617 -1.000000
v 11.247760 4.093850 -0.347296
v 9.526279 5.500000 -1.732051
v 7.136439 5.988183 -1.879385
v 11.553815 2.037249 1.000000
v 5.219831 6.220752 -0.684040
v 11.162971 4.062989 -0.684040
v 9.252650 5.342020 -1.879385
v 6.894400 5.785089 -1.732051
v 11.698911 2.062834 0.684040
v 5.161832 6.151631 -0.347296
v 11.024522 4.012598 -1.000000
v 8.961021 5.173648 -1.969615
v 6.675637 5.601524 -1.532089
v 11.787770 2.078502 0.347296
v 10.836618 3.944207 -1.285575
v 8.660254 5.000000 -2.000000
v 6.486796 5.443069 -1.285575
v 11.817693 2.083778 0.000000
v 10.604972 3.859894 -1.532089
v 8.359487 4.826352 -1.969615
v 6.333617 5.314535 -1.000000
v 11.787770 2.078502 -0.347296
v 10.336618 3.762222 -1.732051
v 8.067858 4.657980 -1.879385
v 6.220752 5.219831 -0.684040
v 11.698911 2.062834 -0.684040
v 10.039714 3.654157 -1.879385
v 7.794229 4.500000 -1.732051
v 6.151631 5.161832 -0.347296
v 11.553815 2.037249 -1.000000
v 9.723278 3.538984 -1.969615
v 7.546913 4.357213 -1.532089
v 11.356891 2.002526 -1.285575
v 9.396926 3.420202 -2.000000
v 7.333426 4.233955 -1.285575
v 11.114122 1.959720 -1.532089
v 9.070575 3.301419 -1.969615
v 7.160254 4.133975 -1.000000
v 10.832886 1.910130 -1.732051
v 8.754139 3.186246 -1.879385
v 7.032659 4.060308 -0.684040
v 10.521726 1.855264 -1.879385
v 8.457233 3.078181 -1.732051
v 6.954517 4.015192 -0.347296
v 10.190098 1.796789 -1.969615
v 8.188881 2.980509 -1.532089
v 9.848078 1.736482 -2.000000
v 7.957233 2.896196 -1.285575
v 9.506058 1.676174 -1.969615
v 7.769331 2.827805 -1.000000
v 9.174429 1.617699 -1.879385
v 7.630882 2.777414 -0.684040
v 8.863270 1.562834 -1.732051
v 7.546093 2.746553 -0.347296
v 8.582033 1.513244 -1.532089
v 8.339265 1.470437 -1.285575
v 8.142341 1.435714 -1.000000
v 7.997244 1.410130 -0.684040
v 7.908385 1.394462 -0.347296
vn -1.000000 0.000000 0.000000
vn -0.984808 -0.173648 0.000000
vn -0.939693 -0.342020 0.000000
vn -0.866025 -0.500000 0.000000
vn -0.766044 -0.642788 0.000000
vn -0.642788 -0.766044 0.000000
vn -0.500000 -0.866025 0.000000
vn -0.342020 -0.939693 0.000000
vn -0.173648 -0.984808 0.000000
vn 0.000000 -1.000000 0.000000
vn 0.173648 -0.984808 0.000000
vn 0.342020 -0.939693 0.000000
vn 0.500000 -0.866025 0.000000
vn 0.642788 -0.766044 0.000000
vn 0.766044 -0.642788 0.000000
vn 0.866025 -0.500000 0.000000
vn 0.939693 -0.342020 0.000000
vn 0.984808 -0.173648 0.000000
vn 1.000000 0.000000 -0.000000
vn 0.984808 0.173648 -0.000000
vn 0.939693 0.342020 -0.000000
vn 0.866025 0.500000 -0.000000
vn 0.766044 0.642788 -0.000000
vn 0.642788 0.766044 -0.000000
vn 0.500000 0.866025 -0.000000
vn 0.342020 0.939693 -0.000000
vn 0.173648 0.984808 -0.000000
vn -0.000000 1.000000 0.000000
vn -0.173648 0.984808 0.000000
vn -0.342020 0.939693 0.000000
vn -0.500000 0.866025 0.000000
vn -0.642788 0.766044 0.000000
vn -0.766044 0.642788 0.000000
vn -0.866025 0.500000 0.000000
vn -0.939693 0.342020 0.000000
vn -0.984808 0.173648 0.000000
vn -1.000000 -0.000000 0.000000
vn -1.000000 0.000000 0.000000
vn -0.984808 -0.000000 0.173648
vn -0.939693 -0.000000 0.342020
vn -0.866025 -0.000000 0.500000
vn -0.766044 -0.000000 0.642788
vn -0.642788 -0.000000 0.766044
vn -0.500000 -0.000000 0.866025
vn -0.342020 -0.000000 0.939693
vn -0.173648 -0.000000 0.984808
vn -0.000000 -0.000000 1.000000
vn 0.173648 0.000000 0.984808
vn 0.342020 0.000000 0.939693
vn 0.500000 0.000000 0.866025
vn 0.642788 0.000000 0.766044
vn 0.766044 0.000000 0.642788
vn 0.866025 0.000000 0.500000
vn 0.939693 0.000000 0.342020
vn 0.984808 0.000000 0.173648
vn 1.000000 0.000000 0.000000
vn 0.984808 0.000000 -0.173648
vn 0.939693 0.000000 -0.342020
vn 0.866025 0.000000 -0.500000
vn 0.766044 0.000000 -0.642788
vn 0.642788 0.000000 -0.766044
vn 0.500000 0.000000 -0.866025
vn 0.342020 0.000000 -0.939693
vn 0.173648 0.000000 -0.984808
vn 0.000000 0.000000 -1.000000
vn -0.173648 -0.000000 -0.984808
vn -0.342020 -0.000000 -0.939693
vn -0.500000 -0.000000 -0.866025
vn -0.642788 -0.000000 -0.766044
vn -0.766044 -0.000000 -0.642788
vn -0.866025 -0.000000 -0.500000
vn -0.939693 -0.000000 -0.342020
vn -0.984808 -0.000000 -0.173648
vn -1.000000 0.000000 0.000000
vn -0.984808 -0.173648 0.000000
vn -0.939693 -0.342020 0.000000
vn -0.866025 -0.500000 0.000000
vn -0.766044 -0.642788 0.000000
vn -0.642788 -0.766044 0.000000
vn -0.500000 -0.866025 0.000000
vn -0.342020 -0.939693 0.000000
vn -0.173648 -0.984808 0.000000
vn 0.000000 -1.000000 0.000000
vn 0.173648 -0.984808 0.000000
vn 0.342020 -0.939693 0.000000
vn 0.500000 -0.866025 0.000000
vn 0.642788 -0.766044 0.000000
vn 0.766044 -0.642788 0.000000
vn 0.866025 -0.500000 0.000000
vn 0.939693 -0.342020 0.000000
vn 0.984808 -0.173648 0.000000
vn 1.000000 0.000000 -0.000000
vn 0.984808 0.173648 -0.000000
vn 0.939693 0.342020 -0.000000
vn 0.866025 0.500000 -0.000000
vn 0.766044 0.642788 -0.000000
vn 0.642788 0.766044 -0.000000
vn 0.500000 0.866025 -0.000000
vn 0.342020 0.939693 -0.000000
vn 0.173648 0.984808 -0.000000
vn -0.000000 1.000000 0.000000
vn -0.173648 0.984808 0.000000
vn -0.342020 0.939693 0.000000
vn -0.500000 0.866025 0.000000
vn -0.642788 0.766044 0.000000
vn -0.766044 0.642788 0.000000
vn -0.866025 0.500000 0.000000
vn -0.939693 0.342020 0.000000
vn -0.984808 0.173648 0.000000
vn -0.984808 0.000000 0.173648
vn -0.939693 0.000000 0.342020
vn -0.866025 0.000000 0.500000
vn -0.766044 0.000000 0.642788
vn -0.642788 0.000000 0.766044
vn -0.500000 0.000000 0.866025
vn -0.342020 0.000000 0.939693
vn -0.173648 0.000000 0.984808
vn -0.000000 0.000000 1.000000
vn 0.173648 0.000000 0.984808
vn 0.342020 0.000000 0.939693
vn 0.500000 0.000000 0.866025
vn 0.642788 0.000000 0.766044
vn 0.766044 0.000000 0.642788
vn 0.866025 0.000000 0.500000
vn 0.939693 0.000000 0.342020
vn 0.984808 0.000000 0.173648
vn 1.000000 0.000000 0.000000
vn 0.984808 0.000000 -0.173648
vn 0.939693 0.000000 -0.342020
vn 0.866025 0.000000 -0.500000
vn 0.766044 0.000000 -0.642788
vn 0.642788 0.000000 -0.766044
vn 0.500000 0.000000 -0.866025
vn 0.342020 0.000000 -0.939693
vn 0.173648 0.000000 -0.984808
vn 0.000000 0.000000 -1.000000
vn -0.173648 -0.000000 -0.984808
vn -0.342020 -0.000000 -0.939693
vn -0.500000 -0.000000 -0.866025
vn -0.642788 -0.000000 -0.766044
vn -0.766044 -0.000000 -0.642788
vn -0.866025 -0.000000 -0.500000
vn -0.939693 -0.000000 -0.342020
vn -0.984808 -0.000000 -0.173648
vn -0.969846 0.171010 0.173648
vn -0.925417 0.163176 0.342020
vn -0.852869 0.150384 0.500000
vn -0.754407 0.133022 0.642788
vn -0.633022 0.111619 0.766044
vn -0.925417 0.336824 0.173648
vn -0.492404 0.086824 0.866025
vn -0.883022 0.321394 0.342020
vn -0.336824 0.059391 0.939693
vn -0.813798 0.296198 0.500000
vn -0.171010 0.030154 0.984808
vn -0.719846 0.262003 0.642788
vn -0.000000 0.000000 1.000000
vn -0.604023 0.219846 0.766044
vn 0.171010 -0.030154 0.984808
vn -0.852869 0.492404 0.173648
vn -0.469846 0.171010 0.866025
vn 0.336824 -0.059391 0.939693
vn -0.813798 0.469846 0.342020
vn -0.321394 0.116978 0.939693
vn 0.492404 -0.086824 0.866025
vn -0.750000 0.433013 0.500000
vn -0.163176 0.059391 0.984808
vn 0.633022 -0.111619 0.766044
vn -0.663414 0.383022 0.642788
vn -0.000000 0.000000 1.000000
vn 0.754407 -0.133022 0.642788
vn -0.556670 0.321394 0.766044
vn 0.163176 -0.059391 0.984808
vn 0.852869 -0.150384 0.500000
vn -0.754407 0.633022 0.173648
vn -0.433013 0.250000 0.866025
vn 0.321394 -0.116978 0.939693
vn -0.719846 0.604023 0.342020
vn 0.925417 -0.163176 0.342020
vn -0.296198 0.171010 0.939693
vn 0.469846 -0.171010 0.866025
vn -0.663414 0.556670 0.500000
vn 0.969846 -0.171010 0.173648
vn -0.150384 0.086824 0.984808
vn 0.604023 -0.219846 0.766044
vn 0.984808 -0.173648 -0.000000
vn -0.586824 0.492404 0.642788
vn -0.000000 0.000000 1.000000
vn 0.719846 -0.262003 0.642788
vn 0.969846 -0.171010 -0.173648
vn -0.492404 0.413176 0.766044
vn 0.150384 -0.086824 0.984808
vn 0.813798 -0.296198 0.500000
vn -0.633022 0.754407 0.173648
vn 0.925417 -0.163176 -0.342020
vn -0.383022 0.321394 0.866025
vn 0.296198 -0.171010 0.939693
vn 0.883022 -0.321394 0.342020
vn -0.604023 0.719846 0.342020
vn 0.852869 -0.150384 -0.500000
vn -0.262003 0.219846 0.939693
vn 0.433013 -0.250000 0.866025
vn 0.925417 -0.336824 0.173648
vn -0.556670 0.663414 0.500000
vn -0.133022 0.111619 0.984808
vn 0.754407 -0.133022 -0.642788
vn 0.556670 -0.321394 0.766044
vn -0.492404 0.586824 0.642788
vn 0.939693 -0.342020 -0.000000
vn -0.000000 0.000000 1.000000
vn 0.633022 -0.111619 -0.766044
vn 0.663414 -0.383022 0.642788
vn 0.925417 -0.336824 -0.173648
vn -0.413176 0.492404 0.766044
vn 0.492404 -0.086824 -0.866025
vn 0.133022 -0.111619 0.984808
vn 0.750000 -0.433013 0.500000
vn -0.492404 0.852869 0.173648
vn -0.321394 0.383022 0.866025
vn 0.883022 -0.321394 -0.342020
vn 0.336824 -0.059391 -0.939693
vn 0.262003 -0.219846 0.939693
vn 0.813798 -0.469846 0.342020
vn -0.469846 0.813798 0.342020
vn 0.813798 -0.296198 -0.500000
vn -0.219846 0.262003 0.939693
vn 0.383022 -0.321394 0.866025
vn 0.171010 -0.030154 -0.984808
vn -0.433013 0.750000 0.500000
vn 0.852869 -0.492404 0.173648
vn 0.719846 -0.262003 -0.642788
vn -0.111619 0.133022 0.984808
vn 0.000000 -0.000000 -1.000000
vn 0.492404 -0.413176 0.766044
vn 0.866025 -0.500000 -0.000000
vn -0.383022 0.663414 0.642788
vn 0.604023 -0.219846 -0.766044
vn -0.000000 0.000000 1.000000
vn 0.586824 -0.492404 0.642788
vn -0.171010 0.030154 -0.984808
vn 0.852869 -0.492404 -0.173648
vn -0.321394 0.556670 0.766044
vn 0.469846 -0.171010 -0.866025
vn 0.111619 -0.133022 0.984808
vn -0.336824 0.925417 0.173648
vn 0.663414 -0.556670 0.500000
vn -0.336824 0.059391 -0.939693
vn -0.250000 0.433013 0.866025
vn 0.813798 -0.469846 -0.342020
vn 0.321394 -0.116978 -0.939693
vn 0.219846 -0.262003 0.939693
vn -0.492404 0.086824 -0.866025
vn -0.321394 0.883022 0.342020
vn 0.719846 -0.604023 0.342020
vn 0.750000 -0.433013 -0.500000
vn -0.171010 0.296198 0.939693
vn 0.163176 -0.059391 -0.984808
vn 0.321394 -0.383022 0.866025
vn -0.633022 0.111619 -0.766044
vn -0.296198 0.813798 0.500000
vn 0.754407 -0.633022 0.173648
vn -0.086824 0.150384 0.984808
vn 0.663414 -0.383022 -0.642788
vn 0.000000 -0.000000 -1.000000
vn 0.413176 -0.492404 0.766044
vn -0.262003 0.719846 0.642788
vn -0.754407 0.133022 -0.642788
vn 0.766044 -0.642788 -0.000000
vn 0.556670 -0.321394 -0.766044
vn -0.000000 0.000000 1.000000
vn 0.492404 -0.586824 0.642788
vn -0.163176 0.059391 -0.984808
vn -0.852869 0.150384 -0.500000
vn -0.219846 0.604023 0.766044
vn 0.754407 -0.633022 -0.173648
vn 0.433013 -0.250000 -0.866025
vn 0.086824 -0.150384 0.984808
vn -0.171010 0.969846 0.173648
vn -0.321394 0.116978 -0.939693
vn 0.556670 -0.663414 0.500000
vn 0.719846 -0.604023 -0.342020
vn -0.171010 0.469846 0.866025
vn -0.925417 0.163176 -0.342020
vn 0.296198 -0.171010 -0.939693
vn 0.171010 -0.296198 0.939693
vn -0.469846 0.171010 -0.866025
vn -0.163176 0.925417 0.342020
vn 0.604023 -0.719846 0.342020
vn -0.969846 0.171010 -0.173648
vn 0.663414 -0.556670 -0.500000
vn -0.116978 0.321394 0.939693
vn 0.250000 -0.433013 0.866025
vn 0.150384 -0.086824 -0.984808
vn 0.633022 -0.754407 0.173648
vn -0.604023 0.219846 -0.766044
vn -0.150384 0.852869 0.500000
vn 0.586824 -0.492404 -0.642788
vn -0.059391 0.163176 0.984808
vn 0.000000 -0.000000 -1.000000
vn 0.321394 -0.556670 0.766044
vn -0.719846 0.262003 -0.642788
vn 0.642788 -0.766044 -0.000000
vn -0.133022 0.754407 0.642788
vn 0.492404 -0.413176 -0.766044
vn -0.000000 0.000000 1.000000
vn -0.150384 0.086824 -0.984808
vn 0.383022 -0.663414 0.642788
vn -0.813798 0.296198 -0.500000
vn -0.111619 0.633022 0.766044
vn 0.633022 -0.754407 -0.173648
vn 0.383022 -0.321394 -0.866025
vn 0.059391 -0.163176 0.984808
vn 0.433013 -0.750000 0.500000
vn -0.296198 0.171010 -0.939693
vn 0.000000 0.984808 0.173648
vn 0.604023 -0.719846 -0.342020
vn -0.883022 0.321394 -0.342020
vn -0.086824 0.492404 0.866025
vn 0.116978 -0.321394 0.939693
vn 0.262003 -0.219846 -0.939693
vn 0.469846 -0.813798 0.342020
vn -0.433013 0.250000 -0.866025
vn 0.000000 0.939693 0.342020
vn -0.925417 0.336824 -0.173648
vn -0.059391 0.336824 0.939693
vn 0.556670 -0.663414 -0.500000
vn 0.171010 -0.469846 0.866025
vn 0.133022 -0.111619 -0.984808
vn 0.000000 0.866025 0.500000
vn 0.492404 -0.852869 0.173648
vn -0.556670 0.321394 -0.766044
vn -0.030154 0.171010 0.984808
vn 0.492404 -0.586824 -0.642788
vn 0.000000 -0.000000 -1.000000
vn 0.219846 -0.604023 0.766044
vn -0.663414 0.383022 -0.642788
vn 0.500000 -0.866025 -0.000000
vn 0.000000 0.766044 0.642788
vn 0.413176 -0.492404 -0.766044
vn -0.000000 0.000000 1.000000
vn -0.133022 0.111619 -0.984808
vn 0.262003 -0.719846 0.642788
vn 0.000000 0.642788 0.766044
vn -0.750000 0.433013 -0.500000
vn 0.492404 -0.852869 -0.173648
vn 0.030154 -0.171010 0.984808
vn 0.321394 -0.383022 -0.866025
vn -0.262003 0.219846 -0.939693
vn 0.171010 0.969846 0.173648
vn 0.296198 -0.813798 0.500000
vn 0.000000 0.500000 0.866025
vn -0.813798 0.469846 -0.342020
vn 0.469846 -0.813798 -0.342020
vn 0.219846 -0.262003 -0.939693
vn 0.059391 -0.336824 0.939693
vn -0.383022 0.321394 -0.866025
vn 0.163176 0.925417 0.342020
vn 0.321394 -0.883022 0.342020
vn -0.852869 0.492404 -0.173648
vn 0.000000 0.342020 0.939693
vn 0.433013 -0.750000 -0.500000
vn 0.086824 -0.492404 0.866025
vn 0.111619 -0.133022 -0.984808
vn 0.150384 0.852869 0.500000
vn 0.336824 -0.925417 0.173648
vn -0.492404 0.413176 -0.766044
vn 0.383022 -0.663414 -0.642788
vn 0.000000 0.173648 0.984808
vn 0.111619 -0.633022 0.766044
vn 0.000000 -0.000000 -1.000000
vn 0.133022 0.754407 0.642788
vn -0.586824 0.492404 -0.642788
vn 0.342020 -0.939693 -0.000000
vn 0.000000 0.000000 1.000000
vn 0.321394 -0.556670 -0.766044
vn -0.111619 0.133022 -0.984808
vn 0.133022 -0.754407 0.642788
vn -0.663414 0.556670 -0.500000
vn 0.111619 0.633022 0.766044
vn 0.336824 -0.925417 -0.173648
vn 0.250000 -0.433013 -0.866025
vn -0.000000 -0.173648 0.984808
vn 0.150384 -0.852869 0.500000
vn -0.219846 0.262003 -0.939693
vn 0.336824 0.925417 0.173648
vn -0.719846 0.604023 -0.342020
vn 0.321394 -0.883022 -0.342020
vn 0.086824 0.492404 0.866025
vn 0.171010 -0.296198 -0.939693
vn -0.000000 -0.342020 0.939693
vn 0.163176 -0.925417 0.342020
vn -0.321394 0.383022 -0.866025
vn 0.321394 0.883022 0.342020
vn 0.059391 0.336824 0.939693
vn -0.754407 0.633022 -0.173648
vn 0.296198 -0.813798 -0.500000
vn -0.000000 -0.500000 0.866025
vn 0.086824 -0.150384 -0.984808
vn 0.171010 -0.969846 0.173648
vn 0.296198 0.813798 0.500000
vn -0.413176 0.492404 -0.766044
vn 0.030154 0.171010 0.984808
vn 0.262003 -0.719846 -0.642788
vn -0.000000 -0.642788 0.766044
vn 0.000000 -0.000000 -1.000000
vn 0.173648 -0.984808 -0.000000
vn -0.492404 0.586824 -0.642788
vn 0.262003 0.719846 0.642788
vn 0.000000 0.000000 1.000000
vn 0.219846 -0.604023 -0.766044
vn -0.000000 -0.766044 0.642788
vn -0.086824 0.150384 -0.984808
vn -0.556670 0.663414 -0.500000
vn 0.171010 -0.969846 -0.173648
vn 0.219846 0.604023 0.766044
vn -0.030154 -0.171010 0.984808
vn 0.171010 -0.469846 -0.866025
vn -0.000000 -0.866025 0.500000
vn -0.171010 0.296198 -0.939693
vn 0.492404 0.852869 0.173648
vn 0.163176 -0.925417 -0.342020
vn -0.604023 0.719846 -0.342020
vn 0.171010 0.469846 0.866025
vn 0.116978 -0.321394 -0.939693
vn -0.059391 -0.336824 0.939693
vn -0.250000 0.433013 -0.866025
vn -0.000000 -0.939693 0.342020
vn 0.469846 0.813798 0.342020
vn -0.633022 0.754407 -0.173648
vn 0.150384 -0.852869 -0.500000
vn 0.116978 0.321394 0.939693
vn -0.086824 -0.492404 0.866025
vn 0.059391 -0.163176 -0.984808
vn -0.321394 0.556670 -0.766044
vn -0.000000 -0.984808 0.173648
vn 0.433013 0.750000 0.500000
vn 0.059391 0.163176 0.984808
vn 0.133022 -0.754407 -0.642788
vn 0.000000 -0.000000 -1.000000
vn -0.111619 -0.633022 0.766044
vn -0.000000 -1.000000 0.000000
vn -0.383022 0.663414 -0.642788
vn 0.383022 0.663414 0.642788
vn 0.111619 -0.633022 -0.766044
vn 0.000000 0.000000 1.000000
vn -0.133022 -0.754407 0.642788
vn -0.059391 0.163176 -0.984808
vn 0.321394 0.556670 0.766044
vn -0.433013 0.750000 -0.500000
vn -0.000000 -0.984808 -0.173648
vn 0.086824 -0.492404 -0.866025
vn -0.059391 -0.163176 0.984808
vn -0.150384 -0.852869 0.500000
vn 0.633022 0.754407 0.173648
vn -0.116978 0.321394 -0.939693
vn -0.000000 -0.939693 -0.342020
vn 0.250000 0.433013 0.866025
vn -0.469846 0.813798 -0.342020
vn 0.059391 -0.336824 -0.939693
vn -0.116978 -0.321394 0.939693
vn -0.163176 -0.925417 0.342020
vn 0.604023 0.719846 0.342020
vn -0.171010 0.469846 -0.866025
vn -0.492404 0.852869 -0.173648
vn 0.171010 0.296198 0.939693
vn -0.000000 -0.866025 -0.500000
vn 0.030154 -0.171010 -0.984808
vn -0.171010 -0.469846 0.866025
vn -0.171010 -0.969846 0.173648
vn 0.556670 0.663414 0.500000
vn -0.219846 0.604023 -0.766044
vn -0.000000 -0.766044 -0.642788
vn 0.086824 0.150384 0.984808
vn 0.000000 -0.000000 -1.000000
vn -0.219846 -0.604023 0.766044
vn -0.173648 -0.984808 0.000000
vn -0.262003 0.719846 -0.642788
vn 0.492404 0.586824 0.642788
vn 0.000000 0.000000 1.000000
vn -0.000000 -0.642788 -0.766044
vn -0.030154 0.171010 -0.984808
vn -0.262003 -0.719846 0.642788
vn -0.296198 0.813798 -0.500000
vn -0.171010 -0.969846 -0.173648
vn 0.413176 0.492404 0.766044
vn -0.000000 -0.500000 -0.866025
vn -0.086824 -0.150384 0.984808
vn -0.059391 0.336824 -0.939693
vn -0.296198 -0.813798 0.500000
vn 0.754407 0.633022 0.173648
vn -0.163176 -0.925417 -0.342020
vn 0.321394 0.383022 0.866025
vn -0.321394 0.883022 -0.342020
vn -0.000000 -0.342020 -0.939693
vn -0.171010 -0.296198 0.939693
vn -0.086824 0.492404 -0.866025
vn -0.321394 -0.883022 0.342020
vn 0.719846 0.604023 0.342020
vn -0.150384 -0.852869 -0.500000
vn 0.219846 0.262003 0.939693
vn -0.336824 0.925417 -0.173648
vn -0.000000 -0.173648 -0.984808
vn -0.250000 -0.433013 0.866025
vn -0.111619 0.633022 -0.766044
vn -0.336824 -0.925417 0.173648
vn 0.663414 0.556670 0.500000
vn -0.133022 -0.754407 -0.642788
vn 0.111619 0.133022 0.984808
vn 0.000000 -0.000000 -1.000000
vn -0.321394 -0.556670 0.766044
vn -0.133022 0.754407 -0.642788
vn -0.342020 -0.939693 0.000000
vn 0.586824 0.492404 0.642788
vn -0.111619 -0.633022 -0.766044
vn 0.000000 0.000000 1.000000
vn -0.000000 0.173648 -0.984808
vn -0.383022 -0.663414 0.642788
vn -0.150384 0.852869 -0.500000
vn -0.336824 -0.925417 -0.173648
vn 0.492404 0.413176 0.766044
vn -0.086824 -0.492404 -0.866025
vn -0.111619 -0.133022 0.984808
vn -0.000000 0.342020 -0.939693
vn -0.433013 -0.750000 0.500000
vn 0.852869 0.492404 0.173648
vn -0.163176 0.925417 -0.342020
vn -0.321394 -0.883022 -0.342020
vn 0.383022 0.321394 0.866025
vn -0.059391 -0.336824 -0.939693
vn -0.219846 -0.262003 0.939693
vn -0.000000 0.500000 -0.866025
vn 0.813798 0.469846 0.342020
vn -0.469846 -0.813798 0.342020
vn -0.171010 0.969846 -0.173648
vn -0.296198 -0.813798 -0.500000
vn 0.262003 0.219846 0.939693
vn -0.030154 -0.171010 -0.984808
vn -0.321394 -0.383022 0.866025
vn -0.000000 0.642788 -0.766044
vn 0.750000 0.433013 0.500000
vn -0.492404 -0.852869 0.173648
vn -0.262003 -0.719846 -0.642788
vn 0.133022 0.111619 0.984808
vn -0.000000 -0.000000 -1.000000
vn -0.413176 -0.492404 0.766044
vn -0.000000 0.766044 -0.642788
vn -0.500000 -0.866025 0.000000
vn 0.663414 0.383022 0.642788
vn -0.219846 -0.604023 -0.766044
vn 0.000000 0.000000 1.000000
vn 0.030154 0.171010 -0.984808
vn -0.492404 -0.586824 0.642788
vn -0.000000 0.866025 -0.500000
vn -0.492404 -0.852869 -0.173648
vn 0.556670 0.321394 0.766044
vn -0.171010 -0.469846 -0.866025
vn -0.133022 -0.111619 0.984808
vn 0.059391 0.336824 -0.939693
vn -0.556670 -0.663414 0.500000
vn 0.925417 0.336824 0.173648
vn -0.000000 0.939693 -0.342020
vn -0.469846 -0.813798 -0.342020
vn 0.433013 0.250000 0.866025
vn -0.116978 -0.321394 -0.939693
vn -0.262003 -0.219846 0.939693
vn 0.086824 0.492404 -0.866025
vn -0.604023 -0.719846 0.342020
vn 0.883022 0.321394 0.342020
vn -0.000000 0.984808 -0.173648
vn -0.433013 -0.750000 -0.500000
vn 0.296198 0.171010 0.939693
vn -0.059391 -0.163176 -0.984808
vn -0.383022 -0.321394 0.866025
vn 0.111619 0.633022 -0.766044
vn -0.633022 -0.754407 0.173648
vn 0.813798 0.296198 0.500000
vn -0.383022 -0.663414 -0.642788
vn 0.150384 0.086824 0.984808
vn -0.000000 -0.000000 -1.000000
vn -0.492404 -0.413176 0.766044
vn 0.133022 0.754407 -0.642788
vn -0.642788 -0.766044 0.000000
vn 0.719846 0.262003 0.642788
vn -0.321394 -0.556670 -0.766044
vn 0.000000 0.000000 1.000000
vn 0.059391 0.163176 -0.984808
vn -0.586824 -0.492404 0.642788
vn 0.150384 0.852869 -0.500000
vn -0.633022 -0.754407 -0.173648
vn 0.604023 0.219846 0.766044
vn -0.250000 -0.433013 -0.866025
vn -0.150384 -0.086824 0.984808
vn 0.116978 0.321394 -0.939693
vn -0.663414 -0.556670 0.500000
vn 0.969846 0.171010 0.173648
vn 0.163176 0.925417 -0.342020
vn -0.604023 -0.719846 -0.342020
vn 0.469846 0.171010 0.866025
vn -0.171010 -0.296198 -0.939693
vn -0.296198 -0.171010 0.939693
vn 0.171010 0.469846 -0.866025
vn 0.925417 0.163176 0.342020
vn -0.719846 -0.604023 0.342020
vn 0.171010 0.969846 -0.173648
vn -0.556670 -0.663414 -0.500000
vn 0.321394 0.116978 0.939693
vn -0.086824 -0.150384 -0.984808
vn -0.433013 -0.250000 0.866025
vn 0.219846 0.604023 -0.766044
vn 0.852869 0.150384 0.500000
vn -0.754407 -0.633022 0.173648
vn -0.492404 -0.586824 -0.642788
vn 0.163176 0.059391 0.984808
vn -0.000000 -0.000000 -1.000000
vn -0.556670 -0.321394 0.766044
vn 0.262003 0.719846 -0.642788
vn -0.766044 -0.642788 0.000000
vn 0.754407 0.133022 0.642788
vn -0.413176 -0.492404 -0.766044
vn 0.000000 0.000000 1.000000
vn 0.086824 0.150384 -0.984808
vn -0.663414 -0.383022 0.642788
vn 0.296198 0.813798 -0.500000
vn -0.754407 -0.633022 -0.173648
vn 0.633022 0.111619 0.766044
vn -0.321394 -0.383022 -0.866025
vn -0.163176 -0.059391 0.984808
vn 0.171010 0.296198 -0.939693
vn -0.750000 -0.433013 0.500000
vn 0.984808 0.000000 0.173648
vn 0.321394 0.883022 -0.342020
vn 0.492404 0.086824 0.866025
vn -0.719846 -0.604023 -0.342020
vn -0.219846 -0.262003 -0.939693
vn -0.321394 -0.116978 0.939693
vn 0.250000 0.433013 -0.866025
vn 0.939693 0.000000 0.342020
vn -0.813798 -0.469846 0.342020
vn 0.336824 0.925417 -0.173648
vn 0.336824 0.059391 0.939693
vn -0.663414 -0.556670 -0.500000
vn -0.111619 -0.133022 -0.984808
vn -0.469846 -0.171010 0.866025
vn 0.321394 0.556670 -0.766044
vn 0.866025 0.000000 0.500000
vn -0.852869 -0.492404 0.173648
vn -0.586824 -0.492404 -0.642788
vn 0.171010 0.030154 0.984808
vn -0.000000 -0.000000 -1.000000
vn -0.604023 -0.219846 0.766044
vn -0.866025 -0.500000 0.000000
vn 0.383022 0.663414 -0.642788
vn 0.766044 0.000000 0.642788
vn 0.000000 0.000000 1.000000
vn -0.492404 -0.413176 -0.766044
vn 0.111619 0.133022 -0.984808
vn -0.719846 -0.262003 0.642788
vn -0.852869 -0.492404 -0.173648
vn 0.642788 0.000000 0.766044
vn 0.433013 0.750000 -0.500000
vn -0.383022 -0.321394 -0.866025
vn -0.171010 -0.030154 0.984808
vn 0.219846 0.262003 -0.939693
vn -0.813798 -0.296198 0.500000
vn 0.969846 -0.171010 0.173648
vn 0.500000 0.000000 0.866025
vn 0.469846 0.813798 -0.342020
vn -0.813798 -0.469846 -0.342020
vn -0.262003 -0.219846 -0.939693
vn -0.336824 -0.059391 0.939693
vn 0.321394 0.383022 -0.866025
vn -0.883022 -0.321394 0.342020
vn 0.925417 -0.163176 0.342020
vn 0.492404 0.852869 -0.173648
vn 0.342020 0.000000 0.939693
vn -0.750000 -0.433013 -0.500000
vn -0.492404 -0.086824 0.866025
vn -0.133022 -0.111619 -0.984808
vn 0.413176 0.492404 -0.766044
vn -0.925417 -0.336824 0.173648
vn 0.852869 -0.150384 0.500000
vn -0.663414 -0.383022 -0.642788
vn 0.173648 0.000000 0.984808
vn -0.633022 -0.111619 0.766044
vn -0.000000 -0.000000 -1.000000
vn 0.492404 0.586824 -0.642788
vn -0.939693 -0.342020 0.000000
vn 0.754407 -0.133022 0.642788
vn -0.556670 -0.321394 -0.766044
vn 0.000000 0.000000 1.000000
vn -0.754407 -0.133022 0.642788
vn 0.133022 0.111619 -0.984808
vn 0.556670 0.663414 -0.500000
vn -0.925417 -0.336824 -0.173648
vn 0.633022 -0.111619 0.766044
vn -0.433013 -0.250000 -0.866025
vn -0.173648 -0.000000 0.984808
vn -0.852869 -0.150384 0.500000
vn 0.925417 -0.336824 0.173648
vn 0.262003 0.219846 -0.939693
vn 0.604023 0.719846 -0.342020
vn -0.883022 -0.321394 -0.342020
vn 0.492404 -0.086824 0.866025
vn -0.296198 -0.171010 -0.939693
vn -0.342020 -0.000000 0.939693
vn 0.383022 0.321394 -0.866025
vn -0.925417 -0.163176 0.342020
vn 0.883022 -0.321394 0.342020
vn 0.633022 0.754407 -0.173648
vn -0.813798 -0.296198 -0.500000
vn 0.336824 -0.059391 0.939693
vn -0.150384 -0.086824 -0.984808
vn -0.500000 -0.000000 0.866025
vn -0.969846 -0.171010 0.173648
vn 0.492404 0.413176 -0.766044
vn 0.813798 -0.296198 0.500000
vn -0.719846 -0.262003 -0.642788
vn 0.171010 -0.030154 0.984808
vn -0.000000 -0.000000 -1.000000
vn -0.642788 -0.000000 0.766044
vn -0.984808 -0.173648 0.000000
vn 0.719846 -0.262003 0.642788
vn 0.586824 0.492404 -0.642788
vn -0.604023 -0.219846 -0.766044
vn 0.000000 -0.000000 1.000000
vn 0.150384 0.086824 -0.984808
vn -0.766044 -0.000000 0.642788
vn -0.969846 -0.171010 -0.173648
vn 0.604023 -0.219846 0.766044
vn 0.663414 0.556670 -0.500000
vn -0.469846 -0.171010 -0.866025
vn -0.171010 0.030154 0.984808
vn 0.296198 0.171010 -0.939693
vn -0.866025 -0.000000 0.500000
vn 0.852869 -0.492404 0.173648
vn -0.925417 -0.163176 -0.342020
vn 0.469846 -0.171010 0.866025
vn 0.719846 0.604023 -0.342020
vn -0.321394 -0.116978 -0.939693
vn -0.336824 0.059391 0.939693
vn 0.433013 0.250000 -0.866025
vn -0.939693 -0.000000 0.342020
vn 0.813798 -0.469846 0.342020
vn 0.754407 0.633022 -0.173648
vn -0.852869 -0.150384 -0.500000
vn 0.321394 -0.116978 0.939693
vn -0.163176 -0.059391 -0.984808
vn -0.492404 0.086824 0.866025
vn 0.556670 0.321394 -0.766044
vn -0.984808 -0.000000 0.173648
vn 0.750000 -0.433013 0.500000
vn -0.754407 -0.133022 -0.642788
vn 0.163176 -0.059391 0.984808
vn -0.000000 -0.000000 -1.000000
vn -0.633022 0.111619 0.766044
vn 0.663414 0.383022 -0.642788
vn -1.000000 -0.000000 0.000000
vn 0.663414 -0.383022 0.642788
vn -0.633022 -0.111619 -0.766044
vn 0.000000 -0.000000 1.000000
vn 0.163176 0.059391 -0.984808
vn -0.754407 0.133022 0.642788
vn 0.750000 0.433013 -0.500000
vn -0.984808 0.000000 -0.173648
vn 0.556670 -0.321394 0.766044
vn -0.492404 -0.086824 -0.866025
vn -0.163176 0.059391 0.984808
vn 0.321394 0.116978 -0.939693
vn -0.852869 0.150384 0.500000
vn 0.754407 -0.633022 0.173648
vn 0.813798 0.469846 -0.342020
vn -0.939693 0.000000 -0.342020
vn 0.433013 -0.250000 0.866025
vn -0.336824 -0.059391 -0.939693
vn -0.321394 0.116978 0.939693
vn 0.469846 0.171010 -0.866025
vn -0.925417 0.163176 0.342020
vn 0.719846 -0.604023 0.342020
vn 0.852869 0.492404 -0.173648
vn -0.866025 0.000000 -0.500000
vn 0.296198 -0.171010 0.939693
vn -0.171010 -0.030154 -0.984808
vn -0.469846 0.171010 0.866025
vn 0.604023 0.219846 -0.766044
vn -0.969846 0.171010 0.173648
vn 0.663414 -0.556670 0.500000
vn -0.766044 0.000000 -0.642788
vn 0.150384 -0.086824 0.984808
vn -0.000000 -0.000000 -1.000000
vn -0.604023 0.219846 0.766044
vn 0.586824 -0.492404 0.642788
vn 0.719846 0.262003 -0.642788
vn -0.984808 0.173648 0.000000
vn -0.642788 0.000000 -0.766044
vn 0.000000 -0.000000 1.000000
vn 0.171010 0.030154 -0.984808
vn -0.719846 0.262003 0.642788
vn 0.813798 0.296198 -0.500000
vn 0.492404 -0.413176 0.766044
vn -0.969846 0.171010 -0.173648
vn -0.500000 0.000000 -0.866025
vn -0.150384 0.086824 0.984808
vn 0.336824 0.059391 -0.939693
vn -0.813798 0.296198 0.500000
vn 0.633022 -0.754407 0.173648
vn 0.883022 0.321394 -0.342020
vn -0.925417 0.163176 -0.342020
vn 0.383022 -0.321394 0.866025
vn -0.342020 0.000000 -0.939693
vn -0.296198 0.171010 0.939693
vn 0.492404 0.086824 -0.866025
vn -0.883022 0.321394 0.342020
vn 0.604023 -0.719846 0.342020
vn 0.925417 0.336824 -0.173648
vn -0.852869 0.150384 -0.500000
vn 0.262003 -0.219846 0.939693
vn -0.173648 0.000000 -0.984808
vn -0.433013 0.250000 0.866025
vn 0.633022 0.111619 -0.766044
vn -0.925417 0.336824 0.173648
vn 0.556670 -0.663414 0.500000
vn -0.754407 0.133022 -0.642788
vn 0.133022 -0.111619 0.984808
vn -0.000000 0.000000 -1.000000
vn -0.556670 0.321394 0.766044
vn 0.754407 0.133022 -0.642788
vn -0.939693 0.342020 0.000000
vn 0.492404 -0.586824 0.642788
vn -0.633022 0.111619 -0.766044
vn 0.000000 -0.000000 1.000000
vn 0.173648 0.000000 -0.984808
vn -0.663414 0.383022 0.642788
vn 0.852869 0.150384 -0.500000
vn -0.925417 0.336824 -0.173648
vn 0.413176 -0.492404 0.766044
vn -0.133022 0.111619 0.984808
vn -0.492404 0.086824 -0.866025
vn 0.342020 0.000000 -0.939693
vn -0.750000 0.433013 0.500000
vn 0.492404 -0.852869 0.173648
vn 0.925417 0.163176 -0.342020
vn -0.883022 0.321394 -0.342020
vn 0.321394 -0.383022 0.866025
vn -0.336824 0.059391 -0.939693
vn -0.262003 0.219846 0.939693
vn 0.500000 0.000000 -0.866025
vn -0.813798 0.469846 0.342020
vn 0.469846 -0.813798 0.342020
vn 0.969846 0.171010 -0.173648
vn -0.813798 0.296198 -0.500000
vn 0.219846 -0.262003 0.939693
vn -0.171010 0.030154 -0.984808
vn -0.383022 0.321394 0.866025
vn 0.642788 0.000000 -0.766044
vn -0.852869 0.492404 0.173648
vn 0.433013 -0.750000 0.500000
vn -0.719846 0.262003 -0.642788
vn 0.111619 -0.133022 0.984808
vn -0.000000 0.000000 -1.000000
vn -0.492404 0.413176 0.766044
vn 0.766044 0.000000 -0.642788
vn -0.866025 0.500000 0.000000
vn 0.383022 -0.663414 0.642788
vn -0.604023 0.219846 -0.766044
vn 0.000000 -0.000000 1.000000
vn 0.171010 -0.030154 -0.984808
vn -0.586824 0.492404 0.642788
vn 0.866025 0.000000 -0.500000
vn -0.852869 0.492404 -0.173648
vn 0.321394 -0.556670 0.766044
vn -0.469846 0.171010 -0.866025
vn -0.111619 0.133022 0.984808
vn 0.336824 -0.059391 -0.939693
vn -0.663414 0.556670 0.500000
vn 0.336824 -0.925417 0.173648
vn 0.939693 0.000000 -0.342020
vn -0.813798 0.469846 -0.342020
vn 0.250000 -0.433013 0.866025
vn -0.321394 0.116978 -0.939693
vn -0.219846 0.262003 0.939693
vn 0.492404 -0.086824 -0.866025
vn -0.719846 0.604023 0.342020
vn 0.321394 -0.883022 0.342020
vn 0.984808 0.000000 -0.173648
vn -0.750000 0.433013 -0.500000
vn 0.171010 -0.296198 0.939693
vn -0.163176 0.059391 -0.984808
vn -0.321394 0.383022 0.866025
vn -0.754407 0.633022 0.173648
vn 0.633022 -0.111619 -0.766044
vn 0.296198 -0.813798 0.500000
vn -0.663414 0.383022 -0.642788
vn 0.086824 -0.150384 0.984808
vn -0.000000 0.000000 -1.000000
vn -0.413176 0.492404 0.766044
vn -0.766044 0.642788 0.000000
vn 0.754407 -0.133022 -0.642788
vn 0.262003 -0.719846 0.642788
vn -0.556670 0.321394 -0.766044
vn 0.000000 -0.000000 1.000000
vn 0.163176 -0.059391 -0.984808
vn -0.492404 0.586824 0.642788
vn 0.852869 -0.150384 -0.500000
vn -0.754407 0.633022 -0.173648
vn 0.219846 -0.604023 0.766044
vn -0.433013 0.250000 -0.866025
vn -0.086824 0.150384 0.984808
vn 0.321394 -0.116978 -0.939693
vn -0.556670 0.663414 0.500000
vn 0.171010 -0.969846 0.173648
vn 0.925417 -0.163176 -0.342020
vn -0.719846 0.604023 -0.342020
vn 0.171010 -0.469846 0.866025
vn -0.171010 0.296198 0.939693
vn -0.296198 0.171010 -0.939693
vn 0.469846 -0.171010 -0.866025
vn -0.604023 0.719846 0.342020
vn 0.163176 -0.925417 0.342020
vn 0.969846 -0.171010 -0.173648
vn -0.663414 0.556670 -0.500000
vn 0.116978 -0.321394 0.939693
vn -0.150384 0.086824 -0.984808
vn -0.250000 0.433013 0.866025
vn 0.604023 -0.219846 -0.766044
vn -0.633022 0.754407 0.173648
vn 0.150384 -0.852869 0.500000
vn -0.586824 0.492404 -0.642788
vn 0.059391 -0.163176 0.984808
vn -0.000000 0.000000 -1.000000
vn -0.321394 0.556670 0.766044
vn 0.719846 -0.262003 -0.642788
vn -0.642788 0.766044 0.000000
vn 0.133022 -0.754407 0.642788
vn -0.492404 0.413176 -0.766044
vn 0.000000 -0.000000 1.000000
vn 0.150384 -0.086824 -0.984808
vn -0.383022 0.663414 0.642788
vn 0.813798 -0.296198 -0.500000
vn -0.633022 0.754407 -0.173648
vn 0.111619 -0.633022 0.766044
vn -0.383022 0.321394 -0.866025
vn -0.059391 0.163176 0.984808
vn 0.296198 -0.171010 -0.939693
vn -0.433013 0.750000 0.500000
vn 0.000000 -0.984808 0.173648
vn 0.883022 -0.321394 -0.342020
vn -0.604023 0.719846 -0.342020
vn 0.086824 -0.492404 0.866025
vn -0.262003 0.219846 -0.939693
vn -0.116978 0.321394 0.939693
vn 0.433013 -0.250000 -0.866025
vn -0.469846 0.813798 0.342020
vn 0.000000 -0.939693 0.342020
vn 0.925417 -0.336824 -0.173648
vn -0.556670 0.663414 -0.500000
vn 0.059391 -0.336824 0.939693
vn -0.133022 0.111619 -0.984808
vn -0.171010 0.469846 0.866025
vn 0.556670 -0.321394 -0.766044
vn -0.492404 0.852869 0.173648
vn 0.000000 -0.866025 0.500000
vn -0.492404 0.586824 -0.642788
vn 0.030154 -0.171010 0.984808
vn -0.000000 0.000000 -1.000000
vn -0.219846 0.604023 0.766044
vn 0.663414 -0.383022 -0.642788
vn -0.500000 0.866025 0.000000
vn 0.000000 -0.766044 0.642788
vn -0.413176 0.492404 -0.766044
vn 0.000000 -0.000000 1.000000
vn 0.133022 -0.111619 -0.984808
vn -0.262003 0.719846 0.642788
vn 0.750000 -0.433013 -0.500000
vn -0.492404 0.852869 -0.173648
vn 0.000000 -0.642788 0.766044
vn -0.321394 0.383022 -0.866025
vn -0.030154 0.171010 0.984808
vn 0.262003 -0.219846 -0.939693
vn -0.296198 0.813798 0.500000
vn -0.171010 -0.969846 0.173648
vn 0.813798 -0.469846 -0.342020
vn -0.469846 0.813798 -0.342020
vn 0.000000 -0.500000 0.866025
vn -0.219846 0.262003 -0.939693
vn -0.059391 0.336824 0.939693
vn 0.383022 -0.321394 -0.866025
vn -0.321394 0.883022 0.342020
vn -0.163176 -0.925417 0.342020
vn 0.852869 -0.492404 -0.173648
vn -0.433013 0.750000 -0.500000
vn 0.000000 -0.342020 0.939693
vn -0.111619 0.133022 -0.984808
vn -0.086824 0.492404 0.866025
vn 0.492404 -0.413176 -0.766044
vn -0.336824 0.925417 0.173648
vn -0.150384 -0.852869 0.500000
vn -0.383022 0.663414 -0.642788
vn 0.000000 -0.173648 0.984808
vn -0.000000 0.000000 -1.000000
vn -0.111619 0.633022 0.766044
vn 0.586824 -0.492404 -0.642788
vn -0.342020 0.939693 0.000000
vn -0.133022 -0.754407 0.642788
vn -0.321394 0.556670 -0.766044
vn 0.000000 -0.000000 1.000000
vn 0.111619 -0.133022 -0.984808
vn -0.133022 0.754407 0.642788
vn 0.663414 -0.556670 -0.500000
vn -0.336824 0.925417 -0.173648
vn -0.111619 -0.633022 0.766044
vn -0.000000 0.173648 0.984808
vn -0.250000 0.433013 -0.866025
vn 0.219846 -0.262003 -0.939693
vn -0.150384 0.852869 0.500000
vn -0.336824 -0.925417 0.173648
vn 0.719846 -0.604023 -0.342020
vn -0.321394 0.883022 -0.342020
vn -0.086824 -0.492404 0.866025
vn -0.171010 0.296198 -0.939693
vn -0.000000 0.342020 0.939693
vn 0.321394 -0.383022 -0.866025
vn -0.163176 0.925417 0.342020
vn -0.321394 -0.883022 0.342020
vn 0.754407 -0.633022 -0.173648
vn -0.059391 -0.336824 0.939693
vn -0.296198 0.813798 -0.500000
vn -0.086824 0.150384 -0.984808
vn -0.000000 0.500000 0.866025
vn 0.413176 -0.492404 -0.766044
vn -0.171010 0.969846 0.173648
vn -0.296198 -0.813798 0.500000
vn -0.262003 0.719846 -0.642788
vn -0.030154 -0.171010 0.984808
vn -0.000000 0.000000 -1.000000
vn -0.000000 0.642788 0.766044
vn 0.492404 -0.586824 -0.642788
vn -0.173648 0.984808 0.000000
vn -0.262003 -0.719846 0.642788
vn -0.219846 0.604023 -0.766044
vn -0.000000 -0.000000 1.000000
vn 0.086824 -0.150384 -0.984808
vn -0.000000 0.766044 0.642788
vn 0.556670 -0.663414 -0.500000
vn -0.171010 0.969846 -0.173648
vn -0.219846 -0.604023 0.766044
vn -0.171010 0.469846 -0.866025
vn 0.030154 0.171010 0.984808
vn 0.171010 -0.296198 -0.939693
vn -0.000000 0.866025 0.500000
vn -0.492404 -0.852869 0.173648
vn 0.604023 -0.719846 -0.342020
vn -0.163176 0.925417 -0.342020
vn -0.171010 -0.469846 0.866025
vn -0.116978 0.321394 -0.939693
vn 0.059391 0.336824 0.939693
vn 0.250000 -0.433013 -0.866025
vn -0.000000 0.939693 0.342020
vn -0.469846 -0.813798 0.342020
vn 0.633022 -0.754407 -0.173648
vn -0.150384 0.852869 -0.500000
vn -0.116978 -0.321394 0.939693
vn -0.059391 0.163176 -0.984808
vn 0.086824 0.492404 0.866025
vn 0.321394 -0.556670 -0.766044
vn -0.000000 0.984808 0.173648
vn -0.433013 -0.750000 0.500000
vn -0.133022 0.754407 -0.642788
vn -0.059391 -0.163176 0.984808
vn -0.000000 0.000000 -1.000000
vn 0.111619 0.633022 0.766044
vn 0.383022 -0.663414 -0.642788
vn -0.000000 1.000000 0.000000
vn -0.383022 -0.663414 0.642788
vn -0.111619 0.633022 -0.766044
vn -0.000000 -0.000000 1.000000
vn 0.059391 -0.163176 -0.984808
vn 0.133022 0.754407 0.642788
vn 0.433013 -0.750000 -0.500000
vn 0.000000 0.984808 -0.173648
vn -0.321394 -0.556670 0.766044
vn -0.086824 0.492404 -0.866025
vn 0.059391 0.163176 0.984808
vn 0.116978 -0.321394 -0.939693
vn 0.150384 0.852869 0.500000
vn -0.633022 -0.754407 0.173648
vn 0.469846 -0.813798 -0.342020
vn 0.000000 0.939693 -0.342020
vn -0.250000 -0.433013 0.866025
vn -0.059391 0.336824 -0.939693
vn 0.116978 0.321394 0.939693
vn 0.171010 -0.469846 -0.866025
vn 0.163176 0.925417 0.342020
vn -0.604023 -0.719846 0.342020
vn 0.492404 -0.852869 -0.173648
vn 0.000000 0.866025 -0.500000
vn -0.171010 -0.296198 0.939693
vn 0.171010 0.469846 0.866025
vn -0.030154 0.171010 -0.984808
vn 0.219846 -0.604023 -0.766044
vn 0.171010 0.969846 0.173648
vn -0.556670 -0.663414 0.500000
vn 0.000000 0.766044 -0.642788
vn -0.086824 -0.150384 0.984808
vn -0.000000 0.000000 -1.000000
vn 0.219846 0.604023 0.766044
vn 0.262003 -0.719846 -0.642788
vn 0.173648 0.984808 0.000000
vn -0.492404 -0.586824 0.642788
vn 0.000000 0.642788 -0.766044
vn -0.000000 -0.000000 1.000000
vn 0.030154 -0.171010 -0.984808
vn 0.262003 0.719846 0.642788
vn 0.296198 -0.813798 -0.500000
vn 0.171010 0.969846 -0.173648
vn -0.413176 -0.492404 0.766044
vn 0.000000 0.500000 -0.866025
vn 0.086824 0.150384 0.984808
vn 0.059391 -0.336824 -0.939693
vn 0.296198 0.813798 0.500000
vn -0.754407 -0.633022 0.173648
vn 0.321394 -0.883022 -0.342020
vn 0.163176 0.925417 -0.342020
vn -0.321394 -0.383022 0.866025
vn 0.000000 0.342020 -0.939693
vn 0.171010 0.296198 0.939693
vn 0.086824 -0.492404 -0.866025
vn 0.321394 0.883022 0.342020
vn -0.719846 -0.604023 0.342020
vn 0.336824 -0.925417 -0.173648
vn 0.150384 0.852869 -0.500000
vn -0.219846 -0.262003 0.939693
vn 0.000000 0.173648 -0.984808
vn 0.250000 0.433013 0.866025
vn 0.111619 -0.633022 -0.766044
vn 0.336824 0.925417 0.173648
vn -0.663414 -0.556670 0.500000
vn 0.133022 0.754407 -0.642788
vn -0.111619 -0.133022 0.984808
vn 0.000000 0.000000 -1.000000
vn 0.321394 0.556670 0.766044
vn 0.133022 -0.754407 -0.642788
vn 0.342020 0.939693 0.000000
vn -0.586824 -0.492404 0.642788
vn 0.111619 0.633022 -0.766044
vn -0.000000 -0.000000 1.000000
vn 0.000000 -0.173648 -0.984808
vn 0.383022 0.663414 0.642788
vn 0.150384 -0.852869 -0.500000
vn 0.336824 0.925417 -0.173648
vn -0.492404 -0.413176 0.766044
vn 0.086824 0.492404 -0.866025
vn 0.111619 0.133022 0.984808
vn 0.000000 -0.342020 -0.939693
vn 0.433013 0.750000 0.500000
vn -0.852869 -0.492404 0.173648
vn 0.163176 -0.925417 -0.342020
vn 0.321394 0.883022 -0.342020
vn -0.383022 -0.321394 0.866025
vn 0.059391 0.336824 -0.939693
vn 0.219846 0.262003 0.939693
vn 0.000000 -0.500000 -0.866025
vn 0.469846 0.813798 0.342020
vn -0.813798 -0.469846 0.342020
vn 0.171010 -0.969846 -0.173648
vn 0.296198 0.813798 -0.500000
vn -0.262003 -0.219846 0.939693
vn 0.030154 0.171010 -0.984808
vn 0.321394 0.383022 0.866025
vn 0.000000 -0.642788 -0.766044
vn 0.492404 0.852869 0.173648
vn -0.750000 -0.433013 0.500000
vn 0.262003 0.719846 -0.642788
vn -0.133022 -0.111619 0.984808
vn 0.000000 0.000000 -1.000000
vn 0.413176 0.492404 0.766044
vn 0.000000 -0.766044 -0.642788
vn 0.500000 0.866025 0.000000
vn -0.663414 -0.383022 0.642788
vn 0.219846 0.604023 -0.766044
vn -0.000000 -0.000000 1.000000
vn -0.030154 -0.171010 -0.984808
vn 0.492404 0.586824 0.642788
vn 0.000000 -0.866025 -0.500000
vn 0.492404 0.852869 -0.173648
vn -0.556670 -0.321394 0.766044
vn 0.171010 0.469846 -0.866025
vn 0.133022 0.111619 0.984808
vn -0.059391 -0.336824 -0.939693
vn 0.556670 0.663414 0.500000
vn -0.925417 -0.336824 0.173648
vn 0.000000 -0.939693 -0.342020
vn 0.469846 0.813798 -0.342020
vn -0.433013 -0.250000 0.866025
vn 0.116978 0.321394 -0.939693
vn 0.262003 0.219846 0.939693
vn -0.086824 -0.492404 -0.866025
vn 0.604023 0.719846 0.342020
vn -0.883022 -0.321394 0.342020
vn 0.000000 -0.984808 -0.173648
vn 0.433013 0.750000 -0.500000
vn -0.296198 -0.171010 0.939693
vn 0.059391 0.163176 -0.984808
vn 0.383022 0.321394 0.866025
vn -0.111619 -0.633022 -0.766044
vn 0.633022 0.754407 0.173648
vn -0.813798 -0.296198 0.500000
vn 0.383022 0.663414 -0.642788
vn -0.150384 -0.086824 0.984808
vn 0.000000 0.000000 -1.000000
vn 0.492404 0.413176 0.766044
vn -0.133022 -0.754407 -0.642788
vn 0.642788 0.766044 0.000000
vn -0.719846 -0.262003 0.642788
vn 0.321394 0.556670 -0.766044
vn -0.000000 -0.000000 1.000000
vn -0.059391 -0.163176 -0.984808
vn 0.586824 0.492404 0.642788
vn -0.150384 -0.852869 -0.500000
vn 0.633022 0.754407 -0.173648
vn -0.604023 -0.219846 0.766044
vn 0.250000 0.433013 -0.866025
vn 0.150384 0.086824 0.984808
vn -0.116978 -0.321394 -0.939693
vn 0.663414 0.556670 0.500000
vn -0.969846 -0.171010 0.173648
vn -0.163176 -0.925417 -0.342020
vn 0.604023 0.719846 -0.342020
vn -0.469846 -0.171010 0.866025
vn 0.171010 0.296198 -0.939693
vn 0.296198 0.171010 0.939693
vn -0.171010 -0.469846 -0.866025
vn 0.719846 0.604023 0.342020
vn -0.925417 -0.163176 0.342020
vn -0.171010 -0.969846 -0.173648
vn 0.556670 0.663414 -0.500000
vn -0.321394 -0.116978 0.939693
vn 0.086824 0.150384 -0.984808
vn 0.433013 0.250000 0.866025
vn -0.219846 -0.604023 -0.766044
vn 0.754407 0.633022 0.173648
vn -0.852869 -0.150384 0.500000
vn 0.492404 0.586824 -0.642788
vn -0.163176 -0.059391 0.984808
vn 0.000000 0.000000 -1.000000
vn 0.556670 0.321394 0.766044
vn -0.262003 -0.719846 -0.642788
vn 0.766044 0.642788 0.000000
vn -0.754407 -0.133022 0.642788
vn 0.413176 0.492404 -0.766044
vn -0.000000 -0.000000 1.000000
vn -0.086824 -0.150384 -0.984808
vn 0.663414 0.383022 0.642788
vn -0.296198 -0.813798 -0.500000
vn 0.754407 0.633022 -0.173648
vn -0.633022 -0.111619 0.766044
vn 0.321394 0.383022 -0.866025
vn 0.163176 0.059391 0.984808
vn -0.171010 -0.296198 -0.939693
vn 0.750000 0.433013 0.500000
vn -0.321394 -0.883022 -0.342020
vn 0.719846 0.604023 -0.342020
vn -0.492404 -0.086824 0.866025
vn 0.219846 0.262003 -0.939693
vn 0.321394 0.116978 0.939693
vn -0.250000 -0.433013 -0.866025
vn 0.813798 0.469846 0.342020
vn -0.336824 -0.925417 -0.173648
vn 0.663414 0.556670 -0.500000
vn -0.336824 -0.059391 0.939693
vn 0.111619 0.133022 -0.984808
vn 0.469846 0.171010 0.866025
vn -0.321394 -0.556670 -0.766044
vn 0.852869 0.492404 0.173648
vn 0.586824 0.492404 -0.642788
vn -0.171010 -0.030154 0.984808
vn 0.000000 0.000000 -1.000000
vn 0.604023 0.219846 0.766044
vn -0.383022 -0.663414 -0.642788
vn 0.866025 0.500000 0.000000
vn 0.492404 0.413176 -0.766044
vn -0.000000 -0.000000 1.000000
vn -0.111619 -0.133022 -0.984808
vn 0.719846 0.262003 0.642788
vn -0.433013 -0.750000 -0.500000
vn 0.852869 0.492404 -0.173648
vn 0.383022 0.321394 -0.866025
vn 0.171010 0.030154 0.984808
vn -0.219846 -0.262003 -0.939693
vn 0.813798 0.296198 0.500000
vn -0.469846 -0.813798 -0.342020
vn 0.813798 0.469846 -0.342020
vn 0.262003 0.219846 -0.939693
vn 0.336824 0.059391 0.939693
vn -0.321394 -0.383022 -0.866025
vn 0.883022 0.321394 0.342020
vn -0.492404 -0.852869 -0.173648
vn 0.750000 0.433013 -0.500000
vn 0.133022 0.111619 -0.984808
vn 0.492404 0.086824 0.866025
vn -0.413176 -0.492404 -0.766044
vn 0.925417 0.336824 0.173648
vn 0.663414 0.383022 -0.642788
vn 0.000000 0.000000 -1.000000
vn 0.633022 0.111619 0.766044
vn -0.492404 -0.586824 -0.642788
vn 0.939693 0.342020 0.000000
vn 0.556670 0.321394 -0.766044
vn -0.133022 -0.111619 -0.984808
vn 0.754407 0.133022 0.642788
vn -0.556670 -0.663414 -0.500000
vn 0.925417 0.336824 -0.173648
vn 0.433013 0.250000 -0.866025
vn -0.262003 -0.219846 -0.939693
vn 0.852869 0.150384 0.500000
vn -0.604023 -0.719846 -0.342020
vn 0.883022 0.321394 -0.342020
vn 0.296198 0.171010 -0.939693
vn -0.383022 -0.321394 -0.866025
vn 0.925417 0.163176 0.342020
vn -0.633022 -0.754407 -0.173648
vn 0.813798 0.296198 -0.500000
vn 0.150384 0.086824 -0.984808
vn -0.492404 -0.413176 -0.766044
vn 0.969846 0.171010 0.173648
vn 0.719846 0.262003 -0.642788
vn 0.000000 0.000000 -1.000000
vn -0.586824 -0.492404 -0.642788
vn 0.984808 0.173648 0.000000
vn 0.604023 0.219846 -0.766044
vn -0.150384 -0.086824 -0.984808
vn -0.663414 -0.556670 -0.500000
vn 0.969846 0.171010 -0.173648
vn 0.469846 0.171010 -0.866025
vn -0.296198 -0.171010 -0.939693
vn -0.719846 -0.604023 -0.342020
vn 0.925417 0.163176 -0.342020
vn 0.321394 0.116978 -0.939693
vn -0.433013 -0.250000 -0.866025
vn -0.754407 -0.633022 -0.173648
vn 0.852869 0.150384 -0.500000
vn 0.163176 0.059391 -0.984808
vn -0.556670 -0.321394 -0.766044
vn 0.754407 0.133022 -0.642788
vn 0.000000 0.000000 -1.000000
vn -0.663414 -0.383022 -0.642788
vn 0.633022 0.111619 -0.766044
vn -0.163176 -0.059391 -0.984808
vn -0.750000 -0.433013 -0.500000
vn 0.492404 0.086824 -0.866025
vn -0.321394 -0.116978 -0.939693
vn -0.813798 -0.469846 -0.342020
vn 0.336824 0.059391 -0.939693
vn -0.469846 -0.171010 -0.866025
vn -0.852869 -0.492404 -0.173648
vn 0.171010 0.030154 -0.984808
vn -0.604023 -0.219846 -0.766044
vn 0.000000 0.000000 -1.000000
vn -0.719846 -0.262003 -0.642788
vn -0.171010 -0.030154 -0.984808
vn -0.813798 -0.296198 -0.500000
vn -0.336824 -0.059391 -0.939693
vn -0.883022 -0.321394 -0.342020
vn -0.492404 -0.086824 -0.866025
vn -0.925417 -0.336824 -0.173648
vn -0.633022 -0.111619 -0.766044
vn -0.754407 -0.133022 -0.642788
vn -0.852869 -0.150384 -0.500000
vn -0.925417 -0.163176 -0.342020
vn -0.969846 -0.171010 -0.173648
vt 6.283185 9.424778
vt 6.108653 9.424778
vt 5.934119 9.424778
vt 5.759586 9.424778
vt 5.585053 9.424778
vt 5.410521 9.424778
vt 5.235988 9.424778
vt 5.061455 9.424778
vt 4.886922 9.424778
vt 4.712389 9.424778
vt 4.537856 9.424778
vt 4.363323 9.424778
vt 4.188790 9.424778
vt 4.014257 9.424778
vt 3.839724 9.424778
vt 3.665191 9.424778
vt 3.490659 9.424778
vt 3.316126 9.424778
vt 3.141593 9.424778
vt 2.967060 9.424778
vt 2.792527 9.424778
vt 2.617994 9.424778
vt 2.443461 9.424778
vt 2.268928 9.424778
vt 2.094395 9.424778
vt 1.919862 9.424778
vt 1.745329 9.424778
vt 1.570796 9.424778
vt 1.396263 9.424778
vt 1.221730 9.424778
vt 1.047198 9.424778
vt 0.872665 9.424778
vt 0.698132 9.424778
vt 0.523599 9.424778
vt 0.349066 9.424778
vt 0.174533 9.424778
vt -0.000000 9.424778
vt 0.000000 3.141593
vt -0.000000 3.316126
vt -0.000000 3.490659
vt -0.000000 3.665191
vt -0.000000 3.839724
vt -0.000000 4.014257
vt -0.000000 4.188790
vt -0.000000 4.363323
vt -0.000000 4.537856
vt -0.000000 4.712389
vt -0.000000 4.886922
vt -0.000000 5.061455
vt -0.000000 5.235988
vt -0.000000 5.410521
vt -0.000000 5.585053
vt -0.000000 5.759586
vt -0.000000 5.934119
vt -0.000000 6.108653
vt -0.000000 6.283185
vt -0.000000 6.457718
vt -0.000000 6.632251
vt -0.000000 6.806784
vt -0.000000 6.981317
vt -0.000000 7.155850
vt -0.000000 7.330383
vt -0.000000 7.504916
vt -0.000000 7.679449
vt -0.000000 7.853981
vt -0.000000 8.028515
vt -0.000000 8.203048
vt -0.000000 8.377581
vt -0.000000 8.552114
vt -0.000000 8.726646
vt -0.000000 8.901179
vt -0.000000 9.075712
vt -0.000000 9.250245
vt 6.283185 3.141593
vt 6.108653 3.141593
vt 5.934119 3.141593
vt 5.759586 3.141593
vt 5.585053 3.141593
vt 5.410521 3.141593
vt 5.235988 3.141593
vt 5.061455 3.141593
vt 4.886922 3.141593
vt 4.712389 3.141593
vt 4.537856 3.141593
vt 4.363323 3.141593
vt 4.188790 3.141593
vt 4.014257 3.141593
vt 3.839724 3.141593
vt 3.665191 3.141593
vt 3.490659 3.141593
vt 3.316126 3.141593
vt 3.141593 3.141593
vt 2.967060 3.141593
vt 2.792527 3.141593
vt 2.617994 3.141593
vt 2.443461 3.141593
vt 2.268928 3.141593
vt 2.094395 3.141593
vt 1.919862 3.141593
vt 1.745329 3.141593
vt 1.570796 3.141593
vt 1.396263 3.141593
vt 1.221730 3.141593
vt 1.047198 3.141593
vt 0.872665 3.141593
vt 0.698132 3.141593
vt 0.523599 3.141593
vt 0.349066 3.141593
vt 0.174533 3.141593
vt 6.283185 3.316126
vt 6.283185 3.490659
vt 6.283185 3.665191
vt 6.283185 3.839724
vt 6.283185 4.014257
vt 6.283185 4.188790
vt 6.283185 4.363323
vt 6.283185 4.537856
vt 6.283185 4.712389
vt 6.283185 4.886922
vt 6.283185 5.061455
vt 6.283185 5.235988
vt 6.283185 5.410521
vt 6.283185 5.585053
vt 6.283185 5.759586
vt 6.283185 5.934119
vt 6.283185 6.108653
vt 6.283185 6.283185
vt 6.283185 6.457718
vt 6.283185 6.632251
vt 6.283185 6.806784
vt 6.283185 6.981317
vt 6.283185 7.155850
vt 6.283185 7.330383
vt 6.283185 7.504916
vt 6.283185 7.679449
vt 6.283185 7.853981
vt 6.283185 8.028515
vt 6.283185 8.203048
vt 6.283185 8.377581
vt 6.283185 8.552114
vt 6.283185 8.726646
vt 6.283185 8.901179
vt 6.283185 9.075712
vt 6.283185 9.250245
vt 0.174533 3.316126
vt 0.174533 3.490659
vt 0.174533 3.665191
vt 0.174533 3.839724
vt 0.174533 4.014257
vt 0.349066 3.316126
vt 0.174533 4.188790
vt 0.349066 3.490659
vt 0.174533 4.363323
vt 0.349066 3.665191
vt 0.174533 4.537856
vt 0.349066 3.839724
vt 0.174533 4.712389
vt 0.349066 4.014257
vt 0.174533 4.886922
vt 0.523599 3.316126
vt 0.349066 4.188790
vt 0.174533 5.061455
vt 0.523599 3.490659
vt 0.349066 4.363323
vt 0.174533 5.235988
vt 0.523599 3.665191
vt 0.349066 4.537856
vt 0.174533 5.410521
vt 0.523599 3.839724
vt 0.349066 4.712389
vt 0.174533 5.585053
vt 0.523599 4.014257
vt 0.349066 4.886922
vt 0.174533 5.759586
vt 0.698132 3.316126
vt 0.523599 4.188790
vt 0.349066 5.061455
vt 0.698132 3.490659
vt 0.174533 5.934119
vt 0.523599 4.363323
vt 0.349066 5.235988
vt 0.698132 3.665191
vt 0.174533 6.108653
vt 0.523599 4.537856
vt 0.349066 5.410521
vt 0.174533 6.283185
vt 0.698132 3.839724
vt 0.523599 4.712389
vt 0.349066 5.585053
vt 0.174533 6.457718
vt 0.698132 4.014257
vt 0.523599 4.886922
vt 0.349066 5.759586
vt 0.872665 3.316126
vt 0.174533 6.632251
vt 0.698132 4.188790
vt 0.523599 5.061455
vt 0.349066 5.934119
vt 0.872665 3.490659
vt 0.174533 6.806784
vt 0.698132 4.363323
vt 0.523599 5.235988
vt 0.349066 6.108653
vt 0.872665 3.665191
vt 0.698132 4.537856
vt 0.174533 6.981317
vt 0.523599 5.410521
vt 0.872665 3.839724
vt 0.349066 6.283185
vt 0.698132 4.712389
vt 0.174533 7.155850
vt 0.523599 5.585053
vt 0.349066 6.457718
vt 0.872665 4.014257
vt 0.174533 7.330383
vt 0.698132 4.886922
vt 0.523599 5.759586
vt 1.047198 3.316126
vt 0.872665 4.188790
vt 0.349066 6.632251
vt 0.174533 7.504916
vt 0.698132 5.061455
vt 0.523599 5.934119
vt 1.047198 3.490659
vt 0.349066 6.806784
vt 0.872665 4.363323
vt 0.698132 5.235988
vt 0.174533 7.679449
vt 1.047198 3.665191
vt 0.523599 6.108653
vt 0.349066 6.981317
vt 0.872665 4.537856
vt 0.174533 7.853981
vt 0.698132 5.410521
vt 0.523599 6.283185
vt 1.047198 3.839724
vt 0.349066 7.155850
vt 0.872665 4.712389
vt 0.698132 5.585053
vt 0.174533 8.028515
vt 0.523599 6.457718
vt 1.047198 4.014257
vt 0.349066 7.330383
vt 0.872665 4.886922
vt 1.221730 3.316126
vt 0.698132 5.759586
vt 0.174533 8.203048
vt 1.047198 4.188790
vt 0.523599 6.632251
vt 0.349066 7.504916
vt 0.872665 5.061455
vt 0.174533 8.377581
vt 1.221730 3.490659
vt 0.698132 5.934119
vt 0.523599 6.806784
vt 1.047198 4.363323
vt 0.349066 7.679449
vt 0.872665 5.235988
vt 0.174533 8.552114
vt 1.221730 3.665191
vt 0.698132 6.108653
vt 1.047198 4.537856
vt 0.523599 6.981317
vt 0.349066 7.853981
vt 0.872665 5.410521
vt 1.221730 3.839724
vt 0.174533 8.726646
vt 0.698132 6.283185
vt 0.523599 7.155850
vt 1.047198 4.712389
vt 0.872665 5.585053
vt 0.349066 8.028515
vt 0.174533 8.901179
vt 1.221730 4.014257
vt 0.698132 6.457718
vt 0.523599 7.330383
vt 1.047198 4.886922
vt 1.396263 3.316126
vt 0.349066 8.203048
vt 0.872665 5.759586
vt 0.698132 6.632251
vt 1.221730 4.188790
vt 0.174533 9.075712
vt 0.523599 7.504916
vt 1.047198 5.061455
vt 0.349066 8.377581
vt 1.396263 3.490659
vt 0.872665 5.934119
vt 0.174533 9.250245
vt 0.698132 6.806784
vt 1.221730 4.363323
vt 1.047198 5.235988
vt 0.523599 7.679449
vt 0.872665 6.108653
vt 0.349066 8.552114
vt 1.396263 3.665191
vt 0.698132 6.981317
vt 1.221730 4.537856
vt 0.523599 7.853981
vt 1.047198 5.410521
vt 0.349066 8.726646
vt 0.872665 6.283185
vt 1.396263 3.839724
vt 0.698132 7.155850
vt 1.221730 4.712389
vt 0.523599 8.028515
vt 1.047198 5.585053
vt 0.349066 8.901179
vt 1.396263 4.014257
vt 0.872665 6.457718
vt 0.698132 7.330383
vt 1.221730 4.886922
vt 1.047198 5.759586
vt 0.523599 8.203048
vt 1.570796 3.316126
vt 0.872665 6.632251
vt 0.349066 9.075712
vt 1.396263 4.188790
vt 1.221730 5.061455
vt 0.698132 7.504916
vt 1.047198 5.934119
vt 0.523599 8.377581
vt 1.570796 3.490659
vt 0.349066 9.250245
vt 1.396263 4.363323
vt 0.872665 6.806784
vt 1.221730 5.235988
vt 0.698132 7.679449
vt 1.570796 3.665191
vt 1.047198 6.108653
vt 0.523599 8.552114
vt 1.396263 4.537856
vt 0.872665 6.981317
vt 0.698132 7.853981
vt 1.221730 5.410521
vt 0.523599 8.726646
vt 1.047198 6.283185
vt 1.570796 3.839724
vt 0.872665 7.155850
vt 1.396263 4.712389
vt 0.698132 8.028515
vt 1.221730 5.585053
vt 1.570796 4.014257
vt 0.523599 8.901179
vt 1.047198 6.457718
vt 1.396263 4.886922
vt 0.872665 7.330383
vt 0.698132 8.203048
vt 1.745329 3.316126
vt 1.221730 5.759586
vt 1.570796 4.188790
vt 0.523599 9.075712
vt 1.047198 6.632251
vt 0.872665 7.504916
vt 1.396263 5.061455
vt 0.698132 8.377581
vt 1.745329 3.490659
vt 1.221730 5.934119
vt 0.523599 9.250245
vt 1.570796 4.363323
vt 1.047198 6.806784
vt 1.396263 5.235988
vt 0.872665 7.679449
vt 1.745329 3.665191
vt 1.221730 6.108653
vt 0.698132 8.552114
vt 1.047198 6.981317
vt 1.570796 4.537856
vt 1.396263 5.410521
vt 0.872665 7.853981
vt 1.745329 3.839724
vt 0.698132 8.726646
vt 1.221730 6.283185
vt 1.570796 4.712389
vt 1.047198 7.155850
vt 0.872665 8.028515
vt 1.396263 5.585053
vt 0.698132 8.901179
vt 1.745329 4.014257
vt 1.221730 6.457718
vt 1.047198 7.330383
vt 1.570796 4.886922
vt 1.396263 5.759586
vt 0.872665 8.203048
vt 1.919862 3.316126
vt 0.698132 9.075712
vt 1.221730 6.632251
vt 1.745329 4.188790
vt 1.047198 7.504916
vt 1.570796 5.061455
vt 1.396263 5.934119
vt 0.872665 8.377581
vt 1.919862 3.490659
vt 1.745329 4.363323
vt 0.698132 9.250245
vt 1.221730 6.806784
vt 1.570796 5.235988
vt 1.047198 7.679449
vt 1.396263 6.108653
vt 1.919862 3.665191
vt 0.872665 8.552114
vt 1.745329 4.537856
vt 1.221730 6.981317
vt 1.570796 5.410521
vt 1.047198 7.853981
vt 1.396263 6.283185
vt 0.872665 8.726646
vt 1.919862 3.839724
vt 1.745329 4.712389
vt 1.221730 7.155850
vt 1.570796 5.585053
vt 1.047198 8.028515
vt 0.872665 8.901179
vt 1.396263 6.457718
vt 1.919862 4.014257
vt 1.745329 4.886922
vt 1.221730 7.330383
vt 1.570796 5.759586
vt 1.047198 8.203048
vt 2.094395 3.316126
vt 1.396263 6.632251
vt 0.872665 9.075712
vt 1.919862 4.188790
vt 1.221730 7.504916
vt 1.745329 5.061455
vt 1.047198 8.377581
vt 1.570796 5.934119
vt 2.094395 3.490659
vt 0.872665 9.250245
vt 1.396263 6.806784
vt 1.919862 4.363323
vt 1.745329 5.235988
vt 1.221730 7.679449
vt 1.047198 8.552114
vt 1.570796 6.108653
vt 2.094395 3.665191
vt 1.919862 4.537856
vt 1.396263 6.981317
vt 1.221730 7.853981
vt 1.745329 5.410521
vt 1.570796 6.283185
vt 1.047198 8.726646
vt 2.094395 3.839724
vt 1.396263 7.155850
vt 1.919862 4.712389
vt 1.745329 5.585053
vt 1.221730 8.028515
vt 2.094395 4.014257
vt 1.047198 8.901179
vt 1.570796 6.457718
vt 1.396263 7.330383
vt 1.919862 4.886922
vt 1.745329 5.759586
vt 2.268928 3.316126
vt 1.221730 8.203048
vt 1.570796 6.632251
vt 2.094395 4.188790
vt 1.047198 9.075712
vt 1.396263 7.504916
vt 1.919862 5.061455
vt 1.745329 5.934119
vt 2.268928 3.490659
vt 1.221730 8.377581
vt 1.047198 9.250245
vt 2.094395 4.363323
vt 1.570796 6.806784
vt 1.396263 7.679449
vt 1.919862 5.235988
vt 1.745329 6.108653
vt 2.268928 3.665191
vt 1.221730 8.552114
vt 1.570796 6.981317
vt 2.094395 4.537856
vt 1.396263 7.853981
vt 1.919862 5.410521
vt 1.745329 6.283185
vt 1.221730 8.726646
vt 2.268928 3.839724
vt 2.094395 4.712389
vt 1.570796 7.155850
vt 1.396263 8.028515
vt 1.919862 5.585053
vt 1.221730 8.901179
vt 1.745329 6.457718
vt 2.268928 4.014257
vt 1.570796 7.330383
vt 2.094395 4.886922
vt 1.396263 8.203048
vt 1.919862 5.759586
vt 2.443461 3.316126
vt 1.745329 6.632251
vt 2.268928 4.188790
vt 1.221730 9.075712
vt 1.570796 7.504916
vt 2.094395 5.061455
vt 1.396263 8.377581
vt 1.919862 5.934119
vt 2.443461 3.490659
vt 1.745329 6.806784
vt 2.268928 4.363323
vt 1.221730 9.250245
vt 1.570796 7.679449
vt 2.094395 5.235988
vt 1.396263 8.552114
vt 1.919862 6.108653
vt 2.443461 3.665191
vt 1.745329 6.981317
vt 2.268928 4.537856
vt 1.570796 7.853981
vt 2.094395 5.410521
vt 1.396263 8.726646
vt 1.919862 6.283185
vt 2.443461 3.839724
vt 1.745329 7.155850
vt 2.268928 4.712389
vt 1.570796 8.028515
vt 2.094395 5.585053
vt 1.396263 8.901179
vt 1.919862 6.457718
vt 2.443461 4.014257
vt 1.745329 7.330383
vt 2.268928 4.886922
vt 1.570796 8.203048
vt 2.094395 5.759586
vt 2.617994 3.316126
vt 1.396263 9.075712
vt 1.919862 6.632251
vt 2.443461 4.188790
vt 1.745329 7.504916
vt 2.268928 5.061455
vt 1.570796 8.377581
vt 2.617994 3.490659
vt 2.094395 5.934119
vt 1.396263 9.250245
vt 1.919862 6.806784
vt 2.443461 4.363323
vt 1.745329 7.679449
vt 2.268928 5.235988
vt 1.570796 8.552114
vt 2.617994 3.665191
vt 2.094395 6.108653
vt 1.919862 6.981317
vt 2.443461 4.537856
vt 1.745329 7.853981
vt 2.268928 5.410521
vt 1.570796 8.726646
vt 2.094395 6.283185
vt 2.617994 3.839724
vt 1.919862 7.155850
vt 2.443461 4.712389
vt 1.745329 8.028515
vt 2.268928 5.585053
vt 1.570796 8.901179
vt 2.094395 6.457718
vt 2.617994 4.014257
vt 1.919862 7.330383
vt 2.443461 4.886922
vt 1.745329 8.203048
vt 2.268928 5.759586
vt 2.792527 3.316126
vt 1.570796 9.075712
vt 2.094395 6.632251
vt 2.617994 4.188790
vt 1.919862 7.504916
vt 2.443461 5.061455
vt 1.745329 8.377581
vt 2.268928 5.934119
vt 2.792527 3.490659
vt 1.570796 9.250245
vt 2.094395 6.806784
vt 2.617994 4.363323
vt 1.919862 7.679449
vt 2.443461 5.235988
vt 1.745329 8.552114
vt 2.268928 6.108653
vt 2.792527 3.665191
vt 2.094395 6.981317
vt 2.617994 4.537856
vt 1.919862 7.853981
vt 2.443461 5.410521
vt 1.745329 8.726646
vt 2.268928 6.283185
vt 2.792527 3.839724
vt 2.094395 7.155850
vt 2.617994 4.712389
vt 1.919862 8.028515
vt 2.443461 5.585053
vt 1.745329 8.901179
vt 2.268928 6.457718
vt 2.792527 4.014257
vt 2.094395 7.330383
vt 2.617994 4.886922
vt 1.919862 8.203048
vt 2.443461 5.759586
vt 2.967060 3.316126
vt 1.745329 9.075712
vt 2.268928 6.632251
vt 2.792527 4.188790
vt 2.094395 7.504916
vt 2.617994 5.061455
vt 1.919862 8.377581
vt 2.967060 3.490659
vt 2.443461 5.934119
vt 1.745329 9.250245
vt 2.268928 6.806784
vt 2.792527 4.363323
vt 2.094395 7.679449
vt 2.617994 5.235988
vt 1.919862 8.552114
vt 2.967060 3.665191
vt 2.443461 6.108653
vt 2.268928 6.981317
vt 2.792527 4.537856
vt 2.094395 7.853981
vt 2.617994 5.410521
vt 1.919862 8.726646
vt 2.443461 6.283185
vt 2.967060 3.839724
vt 2.268928 7.155850
vt 2.792527 4.712389
vt 2.094395 8.028515
vt 2.617994 5.585053
vt 1.919862 8.901179
vt 2.443461 6.457718
vt 2.967060 4.014257
vt 2.268928 7.330383
vt 2.792527 4.886922
vt 2.094395 8.203048
vt 2.617994 5.759586
vt 3.141593 3.316126
vt 1.919862 9.075712
vt 2.967060 4.188790
vt 2.443461 6.632251
vt 2.268928 7.504916
vt 2.792527 5.061455
vt 2.094395 8.377581
vt 3.141593 3.490659
vt 2.617994 5.934119
vt 1.919862 9.250245
vt 2.967060 4.363323
vt 2.443461 6.806784
vt 2.268928 7.679449
vt 2.792527 5.235988
vt 2.094395 8.552114
vt 3.141593 3.665191
vt 2.617994 6.108653
vt 2.443461 6.981317
vt 2.967060 4.537856
vt 2.268928 7.853981
vt 2.792527 5.410521
vt 2.617994 6.283185
vt 2.094395 8.726646
vt 3.141593 3.839724
vt 2.967060 4.712389
vt 2.443461 7.155850
vt 2.268928 8.028515
vt 2.792527 5.585053
vt 2.617994 6.457718
vt 3.141593 4.014257
vt 2.094395 8.901179
vt 2.443461 7.330383
vt 2.967060 4.886922
vt 2.268928 8.203048
vt 2.792527 5.759586
vt 3.316126 3.316126
vt 3.141593 4.188790
vt 2.094395 9.075712
vt 2.617994 6.632251
vt 2.443461 7.504916
vt 2.967060 5.061455
vt 2.268928 8.377581
vt 2.792527 5.934119
vt 3.316126 3.490659
vt 2.094395 9.250245
vt 3.141593 4.363323
vt 2.617994 6.806784
vt 2.967060 5.235988
vt 2.443461 7.679449
vt 2.268928 8.552114
vt 2.792527 6.108653
vt 3.316126 3.665191
vt 2.617994 6.981317
vt 3.141593 4.537856
vt 2.967060 5.410521
vt 2.443461 7.853981
vt 2.268928 8.726646
vt 2.792527 6.283185
vt 3.316126 3.839724
vt 2.617994 7.155850
vt 3.141593 4.712389
vt 2.967060 5.585053
vt 2.443461 8.028515
vt 2.268928 8.901179
vt 2.792527 6.457718
vt 3.316126 4.014257
vt 2.617994 7.330383
vt 3.141593 4.886922
vt 2.967060 5.759586
vt 3.490659 3.316126
vt 2.443461 8.203048
vt 2.268928 9.075712
vt 2.792527 6.632251
vt 3.316126 4.188790
vt 2.617994 7.504916
vt 3.141593 5.061455
vt 2.443461 8.377581
vt 2.967060 5.934119
vt 3.490659 3.490659
vt 2.268928 9.250245
vt 2.792527 6.806784
vt 3.316126 4.363323
vt 2.617994 7.679449
vt 3.141593 5.235988
vt 2.967060 6.108653
vt 2.443461 8.552114
vt 3.490659 3.665191
vt 2.792527 6.981317
vt 3.316126 4.537856
vt 2.617994 7.853981
vt 3.141593 5.410521
vt 2.967060 6.283185
vt 3.490659 3.839724
vt 2.443461 8.726646
vt 2.792527 7.155850
vt 3.316126 4.712389
vt 2.617994 8.028515
vt 3.141593 5.585053
vt 2.967060 6.457718
vt 3.490659 4.014257
vt 2.443461 8.901179
vt 2.792527 7.330383
vt 3.316126 4.886922
vt 2.617994 8.203048
vt 3.141593 5.759586
vt 3.665191 3.316126
vt 2.967060 6.632251
vt 3.490659 4.188790
vt 2.443461 9.075712
vt 2.792527 7.504916
vt 3.316126 5.061455
vt 2.617994 8.377581
vt 3.141593 5.934119
vt 3.665191 3.490659
vt 2.443461 9.250245
vt 2.967060 6.806784
vt 3.490659 4.363323
vt 2.792527 7.679449
vt 3.316126 5.235988
vt 2.617994 8.552114
vt 3.141593 6.108653
vt 3.665191 3.665191
vt 2.967060 6.981317
vt 3.490659 4.537856
vt 2.792527 7.853981
vt 3.316126 5.410521
vt 2.617994 8.726646
vt 3.141593 6.283185
vt 3.665191 3.839724
vt 2.967060 7.155850
vt 3.490659 4.712389
vt 2.792527 8.028515
vt 3.316126 5.585053
vt 2.617994 8.901179
vt 3.141593 6.457718
vt 3.665191 4.014257
vt 2.967060 7.330383
vt 3.490659 4.886922
vt 2.792527 8.203048
vt 3.316126 5.759586
vt 3.839724 3.316126
vt 2.617994 9.075712
vt 3.141593 6.632251
vt 3.665191 4.188790
vt 2.967060 7.504916
vt 3.490659 5.061455
vt 2.792527 8.377581
vt 3.316126 5.934119
vt 3.839724 3.490659
vt 2.617994 9.250245
vt 3.141593 6.806784
vt 3.665191 4.363323
vt 2.967060 7.679449
vt 3.490659 5.235988
vt 2.792527 8.552114
vt 3.316126 6.108653
vt 3.839724 3.665191
vt 3.141593 6.981317
vt 3.665191 4.537856
vt 2.967060 7.853981
vt 3.490659 5.410521
vt 3.839724 3.839724
vt 2.792527 8.726646
vt 3.316126 6.283185
vt 3.141593 7.155850
vt 3.665191 4.712389
vt 2.967060 8.028515
vt 3.490659 5.585053
vt 2.792527 8.901179
vt 3.839724 4.014257
vt 3.316126 6.457718
vt 3.141593 7.330383
vt 3.665191 4.886922
vt 2.967060 8.203048
vt 3.490659 5.759586
vt 4.014257 3.316126
vt 2.792527 9.075712
vt 3.316126 6.632251
vt 3.839724 4.188790
vt 3.141593 7.504916
vt 3.665191 5.061455
vt 2.967060 8.377581
vt 3.490659 5.934119
vt 4.014257 3.490659
vt 2.792527 9.250245
vt 3.316126 6.806784
vt 3.839724 4.363323
vt 3.141593 7.679449
vt 3.665191 5.235988
vt 2.967060 8.552114
vt 3.490659 6.108653
vt 4.014257 3.665191
vt 3.316126 6.981317
vt 3.839724 4.537856
vt 3.141593 7.853981
vt 3.665191 5.410521
vt 2.967060 8.726646
vt 3.490659 6.283185
vt 4.014257 3.839724
vt 3.316126 7.155850
vt 3.839724 4.712389
vt 3.141593 8.028515
vt 3.665191 5.585053
vt 2.967060 8.901179
vt 3.490659 6.457718
vt 4.014257 4.014257
vt 3.839724 4.886922
vt 3.316126 7.330383
vt 3.141593 8.203048
vt 3.665191 5.759586
vt 4.188790 3.316126
vt 2.967060 9.075712
vt 3.490659 6.632251
vt 4.014257 4.188790
vt 3.316126 7.504916
vt 3.839724 5.061455
vt 3.141593 8.377581
vt 3.665191 5.934119
vt 4.188790 3.490659
vt 2.967060 9.250245
vt 3.490659 6.806784
vt 4.014257 4.363323
vt 3.316126 7.679449
vt 3.839724 5.235988
vt 3.141593 8.552114
vt 3.665191 6.108653
vt 4.188790 3.665191
vt 3.490659 6.981317
vt 4.014257 4.537856
vt 3.316126 7.853981
vt 3.839724 5.410521
vt 3.141593 8.726646
vt 3.665191 6.283185
vt 4.188790 3.839724
vt 3.490659 7.155850
vt 4.014257 4.712389
vt 3.316126 8.028515
vt 3.839724 5.585053
vt 3.141593 8.901179
vt 3.665191 6.457718
vt 4.188790 4.014257
vt 3.490659 7.330383
vt 4.014257 4.886922
vt 3.316126 8.203048
vt 3.839724 5.759586
vt 4.363323 3.316126
vt 3.141593 9.075712
vt 3.665191 6.632251
vt 4.188790 4.188790
vt 3.490659 7.504916
vt 4.014257 5.061455
vt 3.316126 8.377581
vt 3.839724 5.934119
vt 4.363323 3.490659
vt 3.141593 9.250245
vt 3.665191 6.806784
vt 4.188790 4.363323
vt 3.490659 7.679449
vt 4.014257 5.235988
vt 3.839724 6.108653
vt 3.316126 8.552114
vt 4.363323 3.665191
vt 3.665191 6.981317
vt 4.188790 4.537856
vt 3.490659 7.853981
vt 4.014257 5.410521
vt 3.839724 6.283185
vt 3.316126 8.726646
vt 4.363323 3.839724
vt 3.665191 7.155850
vt 4.188790 4.712389
vt 3.490659 8.028515
vt 4.014257 5.585053
vt 3.316126 8.901179
vt 3.839724 6.457718
vt 4.363323 4.014257
vt 3.665191 7.330383
vt 4.188790 4.886922
vt 3.490659 8.203048
vt 4.014257 5.759586
vt 4.537856 3.316126
vt 3.316126 9.075712
vt 3.839724 6.632251
vt 4.363323 4.188790
vt 4.188790 5.061455
vt 3.665191 7.504916
vt 3.490659 8.377581
vt 4.014257 5.934119
vt 4.537856 3.490659
vt 3.316126 9.250245
vt 3.839724 6.806784
vt 4.363323 4.363323
vt 3.665191 7.679449
vt 4.188790 5.235988
vt 3.490659 8.552114
vt 4.014257 6.108653
vt 4.537856 3.665191
vt 3.839724 6.981317
vt 4.363323 4.537856
vt 3.665191 7.853981
vt 4.188790 5.410521
vt 3.490659 8.726646
vt 4.014257 6.283185
vt 4.537856 3.839724
vt 3.839724 7.155850
vt 4.363323 4.712389
vt 3.665191 8.028515
vt 4.188790 5.585053
vt 3.490659 8.901179
vt 4.014257 6.457718
vt 4.537856 4.014257
vt 3.839724 7.330383
vt 4.363323 4.886922
vt 3.665191 8.203048
vt 4.188790 5.759586
vt 4.712389 3.316126
vt 3.490659 9.075712
vt 4.014257 6.632251
vt 4.537856 4.188790
vt 3.839724 7.504916
vt 4.363323 5.061455
vt 3.665191 8.377581
vt 4.188790 5.934119
vt 4.712389 3.490659
vt 3.490659 9.250245
vt 4.014257 6.806784
vt 4.537856 4.363323
vt 3.839724 7.679449
vt 4.363323 5.235988
vt 3.665191 8.552114
vt 4.188790 6.108653
vt 4.712389 3.665191
vt 4.014257 6.981317
vt 4.537856 4.537856
vt 3.839724 7.853981
vt 4.363323 5.410521
vt 3.665191 8.726646
vt 4.188790 6.283185
vt 4.712389 3.839724
vt 4.014257 7.155850
vt 4.537856 4.712389
vt 3.839724 8.028515
vt 4.363323 5.585053
vt 3.665191 8.901179
vt 4.188790 6.457718
vt 4.712389 4.014257
vt 4.014257 7.330383
vt 4.537856 4.886922
vt 3.839724 8.203048
vt 4.363323 5.759586
vt 4.886922 3.316126
vt 3.665191 9.075712
vt 4.188790 6.632251
vt 4.712389 4.188790
vt 4.014257 7.504916
vt 4.537856 5.061455
vt 3.839724 8.377581
vt 4.363323 5.934119
vt 4.886922 3.490659
vt 3.665191 9.250245
vt 4.188790 6.806784
vt 4.712389 4.363323
vt 4.014257 7.679449
vt 4.537856 5.235988
vt 3.839724 8.552114
vt 4.363323 6.108653
vt 4.886922 3.665191
vt 4.188790 6.981317
vt 4.712389 4.537856
vt 4.014257 7.853981
vt 4.537856 5.410521
vt 3.839724 8.726646
vt 4.363323 6.283185
vt 4.886922 3.839724
vt 4.188790 7.155850
vt 4.712389 4.712389
vt 4.014257 8.028515
vt 4.537856 5.585053
vt 3.839724 8.901179
vt 4.363323 6.457718
vt 4.886922 4.014257
vt 4.712389 4.886922
vt 4.188790 7.330383
vt 4.014257 8.203048
vt 4.537856 5.759586
vt 5.061455 3.316126
vt 3.839724 9.075712
vt 4.363323 6.632251
vt 4.886922 4.188790
vt 4.188790 7.504916
vt 4.712389 5.061455
vt 4.014257 8.377581
vt 4.537856 5.934119
vt 5.061455 3.490659
vt 3.839724 9.250245
vt 4.886922 4.363323
vt 4.363323 6.806784
vt 4.188790 7.679449
vt 4.712389 5.235988
vt 4.014257 8.552114
vt 4.537856 6.108653
vt 5.061455 3.665191
vt 4.363323 6.981317
vt 4.886922 4.537856
vt 4.188790 7.853981
vt 4.712389 5.410521
vt 4.014257 8.726646
vt 4.537856 6.283185
vt 5.061455 3.839724
vt 4.363323 7.155850
vt 4.886922 4.712389
vt 4.188790 8.028515
vt 4.712389 5.585053
vt 4.014257 8.901179
vt 4.537856 6.457718
vt 5.061455 4.014257
vt 4.363323 7.330383
vt 4.886922 4.886922
vt 4.188790 8.203048
vt 4.712389 5.759586
vt 5.235988 3.316126
vt 4.014257 9.075712
vt 4.537856 6.632251
vt 5.061455 4.188790
vt 4.363323 7.504916
vt 4.886922 5.061455
vt 4.188790 8.377581
vt 4.712389 5.934119
vt 5.235988 3.490659
vt 4.014257 9.250245
vt 4.537856 6.806784
vt 5.061455 4.363323
vt 4.363323 7.679449
vt 4.886922 5.235988
vt 4.188790 8.552114
vt 4.712389 6.108653
vt 5.235988 3.665191
vt 4.537856 6.981317
vt 5.061455 4.537856
vt 4.363323 7.853981
vt 4.886922 5.410521
vt 4.188790 8.726646
vt 4.712389 6.283185
vt 5.235988 3.839724
vt 4.537856 7.155850
vt 5.061455 4.712389
vt 4.363323 8.028515
vt 4.886922 5.585053
vt 4.188790 8.901179
vt 4.712389 6.457718
vt 5.235988 4.014257
vt 4.537856 7.330383
vt 5.061455 4.886922
vt 4.363323 8.203048
vt 4.886922 5.759586
vt 5.410521 3.316126
vt 4.188790 9.075712
vt 4.712389 6.632251
vt 5.235988 4.188790
vt 4.537856 7.504916
vt 5.061455 5.061455
vt 4.363323 8.377581
vt 4.886922 5.934119
vt 5.410521 3.490659
vt 4.188790 9.250245
vt 4.712389 6.806784
vt 5.235988 4.363323
vt 5.061455 5.235988
vt 4.537856 7.679449
vt 4.363323 8.552114
vt 4.886922 6.108653
vt 5.410521 3.665191
vt 4.712389 6.981317
vt 5.235988 4.537856
vt 4.537856 7.853981
vt 5.061455 5.410521
vt 4.363323 8.726646
vt 4.886922 6.283185
vt 5.410521 3.839724
vt 4.712389 7.155850
vt 5.235988 4.712389
vt 4.537856 8.028515
vt 5.061455 5.585053
vt 4.363323 8.901179
vt 4.886922 6.457718
vt 5.410521 4.014257
vt 4.712389 7.330383
vt 5.235988 4.886922
vt 4.537856 8.203048
vt 5.061455 5.759586
vt 5.585053 3.316126
vt 4.363323 9.075712
vt 4.886922 6.632251
vt 5.410521 4.188790
vt 4.712389 7.504916
vt 5.235988 5.061455
vt 4.537856 8.377581
vt 5.061455 5.934119
vt 5.585053 3.490659
vt 4.363323 9.250245
vt 4.886922 6.806784
vt 5.410521 4.363323
vt 4.712389 7.679449
vt 5.235988 5.235988
vt 4.537856 8.552114
vt 5.061455 6.108653
vt 5.585053 3.665191
vt 4.886922 6.981317
vt 5.410521 4.537856
vt 4.712389 7.853981
vt 5.235988 5.410521
vt 4.537856 8.726646
vt 5.061455 6.283185
vt 5.585053 3.839724
vt 4.886922 7.155850
vt 5.410521 4.712389
vt 4.712389 8.028515
vt 5.235988 5.585053
vt 4.537856 8.901179
vt 5.061455 6.457718
vt 5.585053 4.014257
vt 4.886922 7.330383
vt 5.410521 4.886922
vt 4.712389 8.203048
vt 5.235988 5.759586
vt 5.759586 3.316126
vt 4.537856 9.075712
vt 5.061455 6.632251
vt 5.585053 4.188790
vt 4.886922 7.504916
vt 5.410521 5.061455
vt 4.712389 8.377581
vt 5.235988 5.934119
vt 5.759586 3.490659
vt 4.537856 9.250245
vt 5.061455 6.806784
vt 5.585053 4.363323
vt 4.886922 7.679449
vt 5.410521 5.235988
vt 4.712389 8.552114
vt 5.235988 6.108653
vt 5.759586 3.665191
vt 5.061455 6.981317
vt 5.585053 4.537856
vt 4.886922 7.853981
vt 5.410521 5.410521
vt 4.712389 8.726646
vt 5.235988 6.283185
vt 5.759586 3.839724
vt 5.061455 7.155850
vt 5.585053 4.712389
vt 4.886922 8.028515
vt 5.410521 5.585053
vt 4.712389 8.901179
vt 5.235988 6.457718
vt 5.759586 4.014257
vt 5.061455 7.330383
vt 5.585053 4.886922
vt 4.886922 8.203048
vt 5.410521 5.759586
vt 5.934119 3.316126
vt 4.712389 9.075712
vt 5.235988 6.632251
vt 5.759586 4.188790
vt 5.061455 7.504916
vt 5.585053 5.061455
vt 4.886922 8.377581
vt 5.410521 5.934119
vt 5.934119 3.490659
vt 4.712389 9.250245
vt 5.235988 6.806784
vt 5.759586 4.363323
vt 5.061455 7.679449
vt 5.585053 5.235988
vt 4.886922 8.552114
vt 5.410521 6.108653
vt 5.934119 3.665191
vt 5.235988 6.981317
vt 5.759586 4.537856
vt 5.061455 7.853981
vt 5.585053 5.410521
vt 4.886922 8.726646
vt 5.410521 6.283185
vt 5.934119 3.839724
vt 5.235988 7.155850
vt 5.759586 4.712389
vt 5.061455 8.028515
vt 5.585053 5.585053
vt 4.886922 8.901179
vt 5.410521 6.457718
vt 5.934119 4.014257
vt 5.235988 7.330383
vt 5.759586 4.886922
vt 5.061455 8.203048
vt 5.585053 5.759586
vt 6.108653 3.316126
vt 4.886922 9.075712
vt 5.410521 6.632251
vt 5.934119 4.188790
vt 5.235988 7.504916
vt 5.759586 5.061455
vt 5.061455 8.377581
vt 5.585053 5.934119
vt 6.108653 3.490659
vt 4.886922 9.250245
vt 5.410521 6.806784
vt 5.934119 4.363323
vt 5.235988 7.679449
vt 5.759586 5.235988
vt 5.061455 8.552114
vt 5.585053 6.108653
vt 6.108653 3.665191
vt 5.410521 6.981317
vt 5.934119 4.537856
vt 5.235988 7.853981
vt 5.759586 5.410521
vt 5.061455 8.726646
vt 5.585053 6.283185
vt 6.108653 3.839724
vt 5.410521 7.155850
vt 5.934119 4.712389
vt 5.235988 8.028515
vt 5.759586 5.585053
vt 5.061455 8.901179
vt 5.585053 6.457718
vt 6.108653 4.014257
vt 5.410521 7.330383
vt 5.934119 4.886922
vt 5.235988 8.203048
vt 5.759586 5.759586
vt 5.061455 9.075712
vt 5.585053 6.632251
vt 6.108653 4.188790
vt 5.410521 7.504916
vt 5.934119 5.061455
vt 5.235988 8.377581
vt 5.759586 5.934119
vt 5.061455 9.250245
vt 5.585053 6.806784
vt 6.108653 4.363323
vt 5.410521 7.679449
vt 5.934119 5.235988
vt 5.235988 8.552114
vt 5.759586 6.108653
vt 5.585053 6.981317
vt 6.108653 4.537856
vt 5.410521 7.853981
vt 5.934119 5.410521
vt 5.235988 8.726646
vt 5.759586 6.283185
vt 5.585053 7.155850
vt 6.108653 4.712389
vt 5.410521 8.028515
vt 5.934119 5.585053
vt 5.235988 8.901179
vt 5.759586 6.457718
vt 5.585053 7.330383
vt 6.108653 4.886922
vt 5.410521 8.203048
vt 5.934119 5.759586
vt 5.235988 9.075712
vt 5.759586 6.632251
vt 5.585053 7.504916
vt 6.108653 5.061455
vt 5.410521 8.377581
vt 5.934119 5.934119
vt 5.235988 9.250245
vt 5.759586 6.806784
vt 5.585053 7.679449
vt 6.108653 5.235988
vt 5.410521 8.552114
vt 5.934119 6.108653
vt 5.759586 6.981317
vt 5.585053 7.853981
vt 6.108653 5.410521
vt 5.410521 8.726646
vt 5.934119 6.283185
vt 5.759586 7.155850
vt 5.585053 8.028515
vt 6.108653 5.585053
vt 5.410521 8.901179
vt 5.934119 6.457718
vt 5.759586 7.330383
vt 5.585053 8.203048
vt 6.108653 5.759586
vt 5.410521 9.075712
vt 5.934119 6.632251
vt 5.759586 7.504916
vt 5.585053 8.377581
vt 6.108653 5.934119
vt 5.410521 9.250245
vt 5.934119 6.806784
vt 5.759586 7.679449
vt 5.585053 8.552114
vt 6.108653 6.108653
vt 5.934119 6.981317
vt 5.759586 7.853981
vt 5.585053 8.726646
vt 6.108653 6.283185
vt 5.934119 7.155850
vt 5.759586 8.028515
vt 5.585053 8.901179
vt 6.108653 6.457718
vt 5.934119 7.330383
vt 5.759586 8.203048
vt 5.585053 9.075712
vt 6.108653 6.632251
vt 5.934119 7.504916
vt 5.759586 8.377581
vt 5.585053 9.250245
vt 6.108653 6.806784
vt 5.934119 7.679449
vt 5.759586 8.552114
vt 6.108653 6.981317
vt 5.934119 7.853981
vt 5.759586 8.726646
vt 6.108653 7.155850
vt 5.934119 8.028515
vt 5.759586 8.901179
vt 6.108653 7.330383
vt 5.934119 8.203048
vt 5.759586 9.075712
vt 6.108653 7.504916
vt 5.934119 8.377581
vt 5.759586 9.250245
vt 6.108653 7.679449
vt 5.934119 8.552114
vt 6.108653 7.853981
vt 5.934119 8.726646
vt 6.108653 8.028515
vt 5.934119 8.901179
vt 6.108653 8.203048
vt 5.934119 9.075712
vt 6.108653 8.377581
vt 5.934119 9.250245
vt 6.108653 8.552114
vt 6.108653 8.726646
vt 6.108653 8.901179
vt 6.108653 9.075712
vt 6.108653 9.250245
f 145/145/145 38/38/38 109/109/109
f 145/145/145 39/39/39 38/38/38
f 146/146/146 40/40/40 39/39/39
f 146/146/146 39/39/39 145/145/145
f 147/147/147 40/40/40 146/146/146
f 147/147/147 41/41/41 40/40/40
f 148/148/148 42/42/42 41/41/41
f 148/148/148 41/41/41 147/147/147
f 149/149/149 43/43/43 42/42/42
f 149/149/149 42/42/42 148/148/148
f 150/150/150 109/109/109 108/108/108
f 150/150/150 145/145/145 109/109/109
f 151/151/151 43/43/43 149/149/149
f 151/151/151 44/44/44 43/43/43
f 152/152/152 145/145/145 150/150/150
f 152/152/152 146/146/146 145/145/145
f 153/153/153 45/45/45 44/44/44
f 153/153/153 44/44/44 151/151/151
f 154/154/154 146/146/146 152/152/152
f 154/154/154 147/147/147 146/146/146
f 155/155/155 46/46/46 45/45/45
f 155/155/155 45/45/45 153/153/153
f 156/156/156 147/147/147 154/154/154
f 156/156/156 148/148/148 147/147/147
f 157/157/157 46/46/46 155/155/155
f 157/157/157 47/47/47 46/46/46
f 158/158/158 149/149/149 148/148/148
f 158/158/158 148/148/148 156/156/156
f 159/159/159 48/48/48 47/47/47
f 159/159/159 47/47/47 157/157/157
f 160/160/160 108/108/108 107/107/107
f 160/160/160 150/150/150 108/108/108
f 161/161/161 149/149/149 158/158/158
f 161/161/161 151/151/151 149/149/149
f 162/162/162 49/49/49 48/48/48
f 162/162/162 48/48/48 159/159/159
f 163/163/163 150/150/150 160/160/160
f 163/163/163 152/152/152 150/150/150
f 164/164/164 153/153/153 151/151/151
f 164/164/164 151/151/151 161/161/161
f 165/165/165 50/50/50 49/49/49
f 165/165/165 49/49/49 162/162/162
f 166/166/166 154/154/154 152/152/152
f 166/166/166 152/152/152 163/163/163
f 167/167/167 155/155/155 153/153/153
f 167/167/167 153/153/153 164/164/164
f 168/168/168 50/50/50 165/165/165
f 168/168/168 51/51/51 50/50/50
f 169/169/169 156/156/156 154/154/154
f 169/169/169 154/154/154 166/166/166
f 170/170/170 155/155/155 167/167/167
f 170/170/170 157/157/157 155/155/155
f 171/171/171 51/51/51 168/168/168
f 171/171/171 52/52/52 51/51/51
f 171/171/171 53/53/53 52/52/52
f 172/172/172 156/156/156 169/169/169
f 172/172/172 158/158/158 156/156/156
f 173/173/173 159/159/159 157/157/157
f 173/173/173 157/157/157 170/170/170
f 174/174/174 53/53/53 171/171/171
f 175/175/175 106/106/106 105/105/105
f 175/175/175 107/107/107 106/106/106
f 175/175/175 160/160/160 107/107/107
f 176/176/176 161/161/161 158/158/158
f 176/176/176 158/158/158 172/172/172
f 177/177/177 159/159/159 173/173/173
f 177/177/177 162/162/162 159/159/159
f 178/178/178 163/163/163 160/160/160
f 178/178/178 160/160/160 175/175/175
f 179/179/179 53/53/53 174/174/174
f 179/179/179 54/54/54 53/53/53
f 180/180/180 161/161/161 176/176/176
f 180/180/180 164/164/164 161/161/161
f 181/181/181 165/165/165 162/162/162
f 181/181/181 162/162/162 177/177/177
f 182/182/182 163/163/163 178/178/178
f 182/182/182 166/166/166 163/163/163
f 183/183/183 54/54/54 179/179/179
f 183/183/183 55/55/55 54/54/54
f 184/184/184 164/164/164 180/180/180
f 184/184/184 167/167/167 164/164/164
f 185/185/185 168/168/168 165/165/165
f 185/185/185 165/165/165 181/181/181
f 186/186/186 55/55/55 183/183/183
f 186/186/186 56/56/56 55/55/55
f 187/187/187 166/166/166 182/182/182
f 187/187/187 169/169/169 166/166/166
f 188/188/188 167/167/167 184/184/184
f 188/188/188 170/170/170 167/167/167
f 189/189/189 171/171/171 168/168/168
f 189/189/189 168/168/168 185/185/185
f 190/190/190 56/56/56 186/186/186
f 190/190/190 57/57/57 56/56/56
f 191/191/191 169/169/169 187/187/187
f 191/191/191 172/172/172 169/169/169
f 192/192/192 173/173/173 170/170/170
f 192/192/192 170/170/170 188/188/188
f 193/193/193 171/171/171 189/189/189
f 193/193/193 174/174/174 171/171/171
f 194/194/194 175/175/175 105/105/105
f 195/195/195 57/57/57 190/190/190
f 195/195/195 58/58/58 57/57/57
f 196/196/196 180/180/180 176/176/176
f 196/196/196 176/176/176 172/172/172
f 196/196/196 172/172/172 191/191/191
f 197/197/197 173/173/173 192/192/192
f 197/197/197 177/177/177 173/173/173
f 198/198/198 174/174/174 193/193/193
f 198/198/198 179/179/179 174/174/174
f 199/199/199 175/175/175 194/194/194
f 199/199/199 178/178/178 175/175/175
f 200/200/200 59/59/59 58/58/58
f 200/200/200 58/58/58 195/195/195
f 201/201/201 180/180/180 196/196/196
f 202/202/202 177/177/177 197/197/197
f 202/202/202 181/181/181 177/177/177
f 203/203/203 179/179/179 198/198/198
f 203/203/203 183/183/183 179/179/179
f 204/204/204 182/182/182 178/178/178
f 204/204/204 178/178/178 199/199/199
f 205/205/205 184/184/184 180/180/180
f 205/205/205 180/180/180 201/201/201
f 206/206/206 60/60/60 59/59/59
f 206/206/206 61/61/61 60/60/60
f 206/206/206 59/59/59 200/200/200
f 207/207/207 181/181/181 202/202/202
f 207/207/207 185/185/185 181/181/181
f 208/208/208 182/182/182 204/204/204
f 208/208/208 187/187/187 182/182/182
f 209/209/209 186/186/186 183/183/183
f 209/209/209 183/183/183 203/203/203
f 210/210/210 184/184/184 205/205/205
f 210/210/210 188/188/188 184/184/184
f 211/211/211 61/61/61 206/206/206
f 212/212/212 189/189/189 185/185/185
f 212/212/212 185/185/185 207/207/207
f 213/213/213 186/186/186 209/209/209
f 213/213/213 190/190/190 186/186/186
f 214/214/214 191/191/191 187/187/187
f 214/214/214 196/196/196 191/191/191
f 214/214/214 187/187/187 208/208/208
f 215/215/215 61/61/61 211/211/211
f 215/215/215 62/62/62 61/61/61
f 215/215/215 63/63/63 62/62/62
f 216/216/216 188/188/188 210/210/210
f 216/216/216 192/192/192 188/188/188
f 217/217/217 193/193/193 189/189/189
f 217/217/217 189/189/189 212/212/212
f 218/218/218 105/105/105 104/104/104
f 218/218/218 194/194/194 105/105/105
f 219/219/219 196/196/196 214/214/214
f 220/220/220 190/190/190 213/213/213
f 220/220/220 195/195/195 190/190/190
f 221/221/221 63/63/63 215/215/215
f 222/222/222 197/197/197 192/192/192
f 222/222/222 192/192/192 216/216/216
f 223/223/223 193/193/193 217/217/217
f 223/223/223 198/198/198 193/193/193
f 224/224/224 194/194/194 218/218/218
f 224/224/224 199/199/199 194/194/194
f 225/225/225 195/195/195 220/220/220
f 225/225/225 200/200/200 195/195/195
f 226/226/226 201/201/201 196/196/196
f 226/226/226 205/205/205 201/201/201
f 226/226/226 196/196/196 219/219/219
f 227/227/227 197/197/197 222/222/222
f 227/227/227 202/202/202 197/197/197
f 228/228/228 64/64/64 63/63/63
f 228/228/228 65/65/65 64/64/64
f 228/228/228 63/63/63 221/221/221
f 229/229/229 199/199/199 224/224/224
f 229/229/229 204/204/204 199/199/199
f 230/230/230 198/198/198 223/223/223
f 230/230/230 203/203/203 198/198/198
f 231/231/231 206/206/206 200/200/200
f 231/231/231 211/211/211 206/206/206
f 231/231/231 200/200/200 225/225/225
f 232/232/232 205/205/205 226/226/226
f 233/233/233 65/65/65 228/228/228
f 234/234/234 207/207/207 202/202/202
f 234/234/234 212/212/212 207/207/207
f 234/234/234 202/202/202 227/227/227
f 235/235/235 209/209/209 203/203/203
f 235/235/235 203/203/203 230/230/230
f 235/235/235 213/213/213 209/209/209
f 236/236/236 204/204/204 229/229/229
f 236/236/236 208/208/208 204/204/204
f 237/237/237 211/211/211 231/231/231
f 238/238/238 205/205/205 232/232/232
f 238/238/238 216/216/216 210/210/210
f 238/238/238 210/210/210 205/205/205
f 239/239/239 212/212/212 234/234/234
f 240/240/240 65/65/65 233/233/233
f 240/240/240 66/66/66 65/65/65
f 240/240/240 67/67/67 66/66/66
f 241/241/241 213/213/213 235/235/235
f 242/242/242 208/208/208 236/236/236
f 242/242/242 214/214/214 208/208/208
f 243/243/243 211/211/211 237/237/237
f 243/243/243 215/215/215 211/211/211
f 244/244/244 216/216/216 238/238/238
f 245/245/245 104/104/104 103/103/103
f 245/245/245 218/218/218 104/104/104
f 246/246/246 212/212/212 239/239/239
f 246/246/246 223/223/223 217/217/217
f 246/246/246 217/217/217 212/212/212
f 247/247/247 67/67/67 240/240/240
f 247/247/247 68/68/68 67/67/67
f 248/248/248 214/214/214 242/242/242
f 248/248/248 219/219/219 214/214/214
f 249/249/249 220/220/220 213/213/213
f 249/249/249 213/213/213 241/241/241
f 250/250/250 221/221/221 215/215/215
f 250/250/250 215/215/215 243/243/243
f 251/251/251 222/222/222 216/216/216
f 251/251/251 216/216/216 244/244/244
f 252/252/252 68/68/68 247/247/247
f 253/253/253 218/218/218 245/245/245
f 253/253/253 224/224/224 218/218/218
f 254/254/254 223/223/223 246/246/246
f 255/255/255 220/220/220 249/249/249
f 255/255/255 231/231/231 225/225/225
f 255/255/255 225/225/225 220/220/220
f 256/256/256 226/226/226 219/219/219
f 256/256/256 219/219/219 248/248/248
f 256/256/256 232/232/232 226/226/226
f 257/257/257 228/228/228 221/221/221
f 257/257/257 221/221/221 250/250/250
f 258/258/258 227/227/227 222/222/222
f 258/258/258 222/222/222 251/251/251
f 259/259/259 68/68/68 252/252/252
f 259/259/259 69/69/69 68/68/68
f 260/260/260 236/236/236 229/229/229
f 260/260/260 229/229/229 224/224/224
f 260/260/260 224/224/224 253/253/253
f 261/261/261 230/230/230 223/223/223
f 261/261/261 235/235/235 230/230/230
f 261/261/261 223/223/223 254/254/254
f 262/262/262 232/232/232 256/256/256
f 263/263/263 231/231/231 255/255/255
f 264/264/264 233/233/233 228/228/228
f 264/264/264 228/228/228 257/257/257
f 265/265/265 227/227/227 258/258/258
f 265/265/265 234/234/234 227/227/227
f 266/266/266 236/236/236 260/260/260
f 266/266/266 242/242/242 236/236/236
f 267/267/267 69/69/69 259/259/259
f 267/267/267 70/70/70 69/69/69
f 268/268/268 235/235/235 261/261/261
f 269/269/269 237/237/237 231/231/231
f 269/269/269 231/231/231 263/263/263
f 270/270/270 238/238/238 232/232/232
f 270/270/270 232/232/232 262/262/262
f 271/271/271 234/234/234 265/265/265
f 271/271/271 239/239/239 234/234/234
f 272/272/272 240/240/240 233/233/233
f 272/272/272 233/233/233 264/264/264
f 273/273/273 70/70/70 267/267/267
f 273/273/273 71/71/71 70/70/70
f 274/274/274 242/242/242 266/266/266
f 275/275/275 235/235/235 268/268/268
f 275/275/275 241/241/241 235/235/235
f 275/275/275 249/249/249 241/241/241
f 276/276/276 237/237/237 269/269/269
f 276/276/276 243/243/243 237/237/237
f 277/277/277 238/238/238 270/270/270
f 277/277/277 244/244/244 238/238/238
f 278/278/278 103/103/103 102/102/102
f 278/278/278 245/245/245 103/103/103
f 279/279/279 247/247/247 240/240/240
f 279/279/279 240/240/240 272/272/272
f 280/280/280 239/239/239 271/271/271
f 280/280/280 246/246/246 239/239/239
f 281/281/281 249/249/249 275/275/275
f 282/282/282 242/242/242 274/274/274
f 282/282/282 248/248/248 242/242/242
f 283/283/283 71/71/71 273/273/273
f 283/283/283 72/72/72 71/71/71
f 284/284/284 243/243/243 276/276/276
f 284/284/284 250/250/250 243/243/243
f 285/285/285 258/258/258 251/251/251
f 285/285/285 251/251/251 244/244/244
f 285/285/285 244/244/244 277/277/277
f 286/286/286 252/252/252 247/247/247
f 286/286/286 259/259/259 252/252/252
f 286/286/286 247/247/247 279/279/279
f 287/287/287 253/253/253 245/245/245
f 287/287/287 245/245/245 278/278/278
f 288/288/288 254/254/254 246/246/246
f 288/288/288 246/246/246 280/280/280
f 289/289/289 36/36/36 37/37/37
f 289/289/289 73/73/73 72/72/72
f 289/289/289 37/37/37 73/73/73
f 289/289/289 72/72/72 283/283/283
f 290/290/290 249/249/249 281/281/281
f 290/290/290 255/255/255 249/249/249
f 291/291/291 248/248/248 282/282/282
f 291/291/291 256/256/256 248/248/248
f 292/292/292 258/258/258 285/285/285
f 293/293/293 257/257/257 250/250/250
f 293/293/293 264/264/264 257/257/257
f 293/293/293 250/250/250 284/284/284
f 294/294/294 261/261/261 254/254/254
f 294/294/294 254/254/254 288/288/288
f 295/295/295 259/259/259 286/286/286
f 296/296/296 253/253/253 287/287/287
f 296/296/296 260/260/260 253/253/253
f 297/297/297 263/263/263 255/255/255
f 297/297/297 255/255/255 290/290/290
f 298/298/298 262/262/262 256/256/256
f 298/298/298 256/256/256 291/291/291
f 299/299/299 264/264/264 293/293/293
f 300/300/300 265/265/265 258/258/258
f 300/300/300 258/258/258 292/292/292
f 301/301/301 267/267/267 259/259/259
f 301/301/301 259/259/259 295/295/295
f 302/302/302 268/268/268 261/261/261
f 302/302/302 261/261/261 294/294/294
f 303/303/303 260/260/260 296/296/296
f 303/303/303 266/266/266 260/260/260
f 304/304/304 263/263/263 297/297/297
f 304/304/304 269/269/269 263/263/263
f 305/305/305 270/270/270 262/262/262
f 305/305/305 262/262/262 298/298/298
f 306/306/306 264/264/264 299/299/299
f 306/306/306 272/272/272 264/264/264
f 307/307/307 265/265/265 300/300/300
f 307/307/307 271/271/271 265/265/265
f 308/308/308 267/267/267 301/301/301
f 308/308/308 273/273/273 267/267/267
f 309/309/309 274/274/274 266/266/266
f 309/309/309 266/266/266 303/303/303
f 310/310/310 275/275/275 268/268/268
f 310/310/310 268/268/268 302/302/302
f 311/311/311 269/269/269 304/304/304
f 311/311/311 276/276/276 269/269/269
f 311/311/311 284/284/284 276/276/276
f 312/312/312 270/270/270 305/305/305
f 312/312/312 277/277/277 270/270/270
f 313/313/313 271/271/271 307/307/307
f 313/313/313 280/280/280 271/271/271
f 314/314/314 286/286/286 279/279/279
f 314/314/314 272/272/272 306/306/306
f 314/314/314 279/279/279 272/272/272
f 315/315/315 278/278/278 102/102/102
f 315/315/315 101/101/101 100/100/100
f 315/315/315 102/102/102 101/101/101
f 316/316/316 275/275/275 310/310/310
f 316/316/316 281/281/281 275/275/275
f 317/317/317 289/289/289 283/283/283
f 317/317/317 273/273/273 308/308/308
f 317/317/317 283/283/283 273/273/273
f 318/318/318 274/274/274 309/309/309
f 318/318/318 282/282/282 274/274/274
f 318/318/318 291/291/291 282/282/282
f 319/319/319 285/285/285 277/277/277
f 319/319/319 277/277/277 312/312/312
f 320/320/320 284/284/284 311/311/311
f 321/321/321 288/288/288 280/280/280
f 321/321/321 280/280/280 313/313/313
f 322/322/322 286/286/286 314/314/314
f 323/323/323 287/287/287 278/278/278
f 323/323/323 278/278/278 315/315/315
f 324/324/324 289/289/289 317/317/317
f 324/324/324 34/34/34 35/35/35
f 324/324/324 35/35/35 36/36/36
f 324/324/324 36/36/36 289/289/289
f 325/325/325 291/291/291 318/318/318
f 325/325/325 298/298/298 291/291/291
f 326/326/326 290/290/290 281/281/281
f 326/326/326 297/297/297 290/290/290
f 326/326/326 281/281/281 316/316/316
f 327/327/327 285/285/285 319/319/319
f 327/327/327 292/292/292 285/285/285
f 328/328/328 284/284/284 320/320/320
f 328/328/328 293/293/293 284/284/284
f 329/329/329 296/296/296 287/287/287
f 329/329/329 303/303/303 296/296/296
f 329/329/329 287/287/287 323/323/323
f 330/330/330 294/294/294 288/288/288
f 330/330/330 288/288/288 321/321/321
f 331/331/331 295/295/295 286/286/286
f 331/331/331 301/301/301 295/295/295
f 331/331/331 286/286/286 322/322/322
f 332/332/332 298/298/298 325/325/325
f 333/333/333 297/297/297 326/326/326
f 334/334/334 299/299/299 293/293/293
f 334/334/334 293/293/293 328/328/328
f 334/334/334 306/306/306 299/299/299
f 335/335/335 292/292/292 327/327/327
f 335/335/335 300/300/300 292/292/292
f 336/336/336 301/301/301 331/331/331
f 337/337/337 302/302/302 294/294/294
f 337/337/337 294/294/294 330/330/330
f 337/337/337 310/310/310 302/302/302
f 338/338/338 303/303/303 329/329/329
f 339/339/339 304/304/304 297/297/297
f 339/339/339 297/297/297 333/333/333
f 340/340/340 305/305/305 298/298/298
f 340/340/340 298/298/298 332/332/332
f 340/340/340 312/312/312 305/305/305
f 341/341/341 306/306/306 334/334/334
f 342/342/342 307/307/307 300/300/300
f 342/342/342 300/300/300 335/335/335
f 342/342/342 313/313/313 307/307/307
f 343/343/343 303/303/303 338/338/338
f 343/343/343 309/309/309 303/303/303
f 344/344/344 308/308/308 301/301/301
f 344/344/344 301/301/301 336/336/336
f 345/345/345 310/310/310 337/337/337
f 345/345/345 316/316/316 310/310/310
f 346/346/346 319/319/319 312/312/312
f 346/346/346 312/312/312 340/340/340
f 347/347/347 311/311/311 304/304/304
f 347/347/347 304/304/304 339/339/339
f 348/348/348 314/314/314 306/306/306
f 348/348/348 306/306/306 341/341/341
f 349/349/349 315/315/315 100/100/100
f 350/350/350 313/313/313 342/342/342
f 351/351/351 309/309/309 343/343/343
f 351/351/351 318/318/318 309/309/309
f 352/352/352 308/308/308 344/344/344
f 352/352/352 324/324/324 317/317/317
f 352/352/352 317/317/317 308/308/308
f 353/353/353 316/316/316 345/345/345
f 354/354/354 311/311/311 347/347/347
f 354/354/354 320/320/320 311/311/311
f 355/355/355 327/327/327 319/319/319
f 355/355/355 319/319/319 346/346/346
f 356/356/356 331/331/331 322/322/322
f 356/356/356 322/322/322 314/314/314
f 356/356/356 314/314/314 348/348/348
f 357/357/357 315/315/315 349/349/349
f 357/357/357 323/323/323 315/315/315
f 357/357/357 329/329/329 323/323/323
f 358/358/358 321/321/321 313/313/313
f 358/358/358 313/313/313 350/350/350
f 359/359/359 34/34/34 324/324/324
f 359/359/359 33/33/33 34/34/34
f 359/359/359 324/324/324 352/352/352
f 360/360/360 332/332/332 325/325/325
f 360/360/360 318/318/318 351/351/351
f 360/360/360 325/325/325 318/318/318
f 361/361/361 326/326/326 316/316/316
f 361/361/361 333/333/333 326/326/326
f 361/361/361 316/316/316 353/353/353
f 362/362/362 327/327/327 355/355/355
f 363/363/363 328/328/328 320/320/320
f 363/363/363 320/320/320 354/354/354
f 364/364/364 338/338/338 329/329/329
f 364/364/364 329/329/329 357/357/357
f 365/365/365 330/330/330 321/321/321
f 365/365/365 321/321/321 358/358/358
f 366/366/366 331/331/331 356/356/356
f 367/367/367 333/333/333 361/361/361
f 368/368/368 332/332/332 360/360/360
f 369/369/369 335/335/335 327/327/327
f 369/369/369 342/342/342 335/335/335
f 369/369/369 327/327/327 362/362/362
f 370/370/370 328/328/328 363/363/363
f 370/370/370 334/334/334 328/328/328
f 371/371/371 338/338/338 364/364/364
f 371/371/371 343/343/343 338/338/338
f 372/372/372 331/331/331 366/366/366
f 372/372/372 336/336/336 331/331/331
f 372/372/372 344/344/344 336/336/336
f 373/373/373 330/330/330 365/365/365
f 373/373/373 337/337/337 330/330/330
f 374/374/374 346/346/346 340/340/340
f 374/374/374 332/332/332 368/368/368
f 374/374/374 340/340/340 332/332/332
f 375/375/375 333/333/333 367/367/367
f 375/375/375 339/339/339 333/333/333
f 376/376/376 334/334/334 370/370/370
f 376/376/376 341/341/341 334/334/334
f 377/377/377 342/342/342 369/369/369
f 378/378/378 344/344/344 372/372/372
f 379/379/379 343/343/343 371/371/371
f 380/380/380 337/337/337 373/373/373
f 380/380/380 345/345/345 337/337/337
f 381/381/381 347/347/347 339/339/339
f 381/381/381 354/354/354 347/347/347
f 381/381/381 339/339/339 375/375/375
f 382/382/382 346/346/346 374/374/374
f 383/383/383 342/342/342 377/377/377
f 383/383/383 350/350/350 342/342/342
f 384/384/384 356/356/356 348/348/348
f 384/384/384 341/341/341 376/376/376
f 384/384/384 348/348/348 341/341/341
f 385/385/385 349/349/349 100/100/100
f 385/385/385 100/100/100 99/99/99
f 386/386/386 359/359/359 352/352/352
f 386/386/386 344/344/344 378/378/378
f 386/386/386 352/352/352 344/344/344
f 387/387/387 353/353/353 345/345/345
f 387/387/387 345/345/345 380/380/380
f 388/388/388 351/351/351 343/343/343
f 388/388/388 343/343/343 379/379/379
f 389/389/389 354/354/354 381/381/381
f 390/390/390 355/355/355 346/346/346
f 390/390/390 346/346/346 382/382/382
f 391/391/391 365/365/365 358/358/358
f 391/391/391 350/350/350 383/383/383
f 391/391/391 358/358/358 350/350/350
f 392/392/392 356/356/356 384/384/384
f 393/393/393 349/349/349 385/385/385
f 393/393/393 357/357/357 349/349/349
f 394/394/394 360/360/360 351/351/351
f 394/394/394 351/351/351 388/388/388
f 395/395/395 33/33/33 359/359/359
f 395/395/395 359/359/359 386/386/386
f 396/396/396 361/361/361 353/353/353
f 396/396/396 353/353/353 387/387/387
f 397/397/397 355/355/355 390/390/390
f 397/397/397 362/362/362 355/355/355
f 398/398/398 363/363/363 354/354/354
f 398/398/398 354/354/354 389/389/389
f 399/399/399 365/365/365 391/391/391
f 400/400/400 357/357/357 393/393/393
f 400/400/400 364/364/364 357/357/357
f 401/401/401 366/366/366 356/356/356
f 401/401/401 356/356/356 392/392/392
f 402/402/402 360/360/360 394/394/394
f 402/402/402 368/368/368 360/360/360
f 403/403/403 367/367/367 361/361/361
f 403/403/403 361/361/361 396/396/396
f 404/404/404 362/362/362 397/397/397
f 404/404/404 369/369/369 362/362/362
f 405/405/405 363/363/363 398/398/398
f 405/405/405 376/376/376 370/370/370
f 405/405/405 370/370/370 363/363/363
f 406/406/406 365/365/365 399/399/399
f 406/406/406 373/373/373 365/365/365
f 406/406/406 380/380/380 373/373/373
f 407/407/407 366/366/366 401/401/401
f 407/407/407 372/372/372 366/366/366
f 408/408/408 371/371/371 364/364/364
f 408/408/408 364/364/364 400/400/400
f 409/409/409 368/368/368 402/402/402
f 409/409/409 374/374/374 368/368/368
f 410/410/410 367/367/367 403/403/403
f 410/410/410 375/375/375 367/367/367
f 410/410/410 381/381/381 375/375/375
f 411/411/411 369/369/369 404/404/404
f 411/411/411 377/377/377 369/369/369
f 412/412/412 376/376/376 405/405/405
f 413/413/413 378/378/378 372/372/372
f 413/413/413 372/372/372 407/407/407
f 414/414/414 387/387/387 380/380/380
f 414/414/414 380/380/380 406/406/406
f 415/415/415 371/371/371 408/408/408
f 415/415/415 379/379/379 371/371/371
f 416/416/416 382/382/382 374/374/374
f 416/416/416 374/374/374 409/409/409
f 416/416/416 390/390/390 382/382/382
f 417/417/417 381/381/381 410/410/410
f 418/418/418 377/377/377 411/411/411
f 418/418/418 383/383/383 377/377/377
f 419/419/419 376/376/376 412/412/412
f 419/419/419 384/384/384 376/376/376
f 420/420/420 393/393/393 385/385/385
f 420/420/420 99/99/99 98/98/98
f 420/420/420 385/385/385 99/99/99
f 421/421/421 387/387/387 414/414/414
f 422/422/422 386/386/386 378/378/378
f 422/422/422 378/378/378 413/413/413
f 423/423/423 388/388/388 379/379/379
f 423/423/423 379/379/379 415/415/415
f 424/424/424 398/398/398 389/389/389
f 424/424/424 389/389/389 381/381/381
f 424/424/424 381/381/381 417/417/417
f 425/425/425 390/390/390 416/416/416
f 426/426/426 392/392/392 384/384/384
f 426/426/426 401/401/401 392/392/392
f 426/426/426 384/384/384 419/419/419
f 427/427/427 391/391/391 383/383/383
f 427/427/427 383/383/383 418/418/418
f 428/428/428 393/393/393 420/420/420
f 428/428/428 400/400/400 393/393/393
f 429/429/429 386/386/386 422/422/422
f 429/429/429 395/395/395 386/386/386
f 429/429/429 31/31/31 32/32/32
f 429/429/429 32/32/32 33/33/33
f 429/429/429 33/33/33 395/395/395
f 430/430/430 396/396/396 387/387/387
f 430/430/430 403/403/403 396/396/396
f 430/430/430 387/387/387 421/421/421
f 431/431/431 402/402/402 394/394/394
f 431/431/431 388/388/388 423/423/423
f 431/431/431 394/394/394 388/388/388
f 432/432/432 404/404/404 397/397/397
f 432/432/432 397/397/397 390/390/390
f 432/432/432 390/390/390 425/425/425
f 433/433/433 398/398/398 424/424/424
f 434/434/434 401/401/401 426/426/426
f 435/435/435 391/391/391 427/427/427
f 435/435/435 399/399/399 391/391/391
f 436/436/436 408/408/408 400/400/400
f 436/436/436 400/400/400 428/428/428
f 437/437/437 402/402/402 431/431/431
f 438/438/438 403/403/403 430/430/430
f 439/439/439 405/405/405 398/398/398
f 439/439/439 398/398/398 433/433/433
f 440/440/440 404/404/404 432/432/432
f 441/441/441 406/406/406 399/399/399
f 441/441/441 399/399/399 435/435/435
f 442/442/442 401/401/401 434/434/434
f 442/442/442 407/407/407 401/401/401
f 442/442/442 413/413/413 407/407/407
f 443/443/443 408/408/408 436/436/436
f 443/443/443 415/415/415 408/408/408
f 444/444/444 403/403/403 438/438/438
f 444/444/444 410/410/410 403/403/403
f 444/444/444 417/417/417 410/410/410
f 445/445/445 409/409/409 402/402/402
f 445/445/445 402/402/402 437/437/437
f 445/445/445 416/416/416 409/409/409
f 446/446/446 404/404/404 440/440/440
f 446/446/446 411/411/411 404/404/404
f 447/447/447 412/412/412 405/405/405
f 447/447/447 405/405/405 439/439/439
f 448/448/448 415/415/415 443/443/443
f 449/449/449 413/413/413 442/442/442
f 450/450/450 414/414/414 406/406/406
f 450/450/450 406/406/406 441/441/441
f 450/450/450 421/421/421 414/414/414
f 451/451/451 417/417/417 444/444/444
f 451/451/451 424/424/424 417/417/417
f 452/452/452 416/416/416 445/445/445
f 453/453/453 427/427/427 418/418/418
f 453/453/453 411/411/411 446/446/446
f 453/453/453 418/418/418 411/411/411
f 454/454/454 420/420/420 98/98/98
f 454/454/454 98/98/98 97/97/97
f 455/455/455 419/419/419 412/412/412
f 455/455/455 412/412/412 447/447/447
f 456/456/456 421/421/421 450/450/450
f 457/457/457 423/423/423 415/415/415
f 457/457/457 415/415/415 448/448/448
f 458/458/458 422/422/422 413/413/413
f 458/458/458 413/413/413 449/449/449
f 458/458/458 429/429/429 422/422/422
f 459/459/459 424/424/424 451/451/451
f 460/460/460 425/425/425 416/416/416
f 460/460/460 416/416/416 452/452/452
f 461/461/461 427/427/427 453/453/453
f 462/462/462 428/428/428 420/420/420
f 462/462/462 436/436/436 428/428/428
f 462/462/462 420/420/420 454/454/454
f 463/463/463 426/426/426 419/419/419
f 463/463/463 419/419/419 455/455/455
f 464/464/464 429/429/429 458/458/458
f 464/464/464 30/30/30 31/31/31
f 464/464/464 31/31/31 429/429/429
f 465/465/465 431/431/431 423/423/423
f 465/465/465 423/423/423 457/457/457
f 466/466/466 430/430/430 421/421/421
f 466/466/466 421/421/421 456/456/456
f 467/467/467 424/424/424 459/459/459
f 467/467/467 433/433/433 424/424/424
f 467/467/467 439/439/439 433/433/433
f 468/468/468 432/432/432 425/425/425
f 468/468/468 425/425/425 460/460/460
f 469/469/469 427/427/427 461/461/461
f 469/469/469 441/441/441 435/435/435
f 469/469/469 435/435/435 427/427/427
f 470/470/470 436/436/436 462/462/462
f 471/471/471 426/426/426 463/463/463
f 471/471/471 434/434/434 426/426/426
f 472/472/472 430/430/430 466/466/466
f 472/472/472 438/438/438 430/430/430
f 473/473/473 431/431/431 465/465/465
f 473/473/473 437/437/437 431/431/431
f 474/474/474 439/439/439 467/467/467
f 475/475/475 446/446/446 440/440/440
f 475/475/475 440/440/440 432/432/432
f 475/475/475 432/432/432 468/468/468
f 476/476/476 441/441/441 469/469/469
f 476/476/476 450/450/450 441/441/441
f 477/477/477 434/434/434 471/471/471
f 477/477/477 442/442/442 434/434/434
f 478/478/478 448/448/448 443/443/443
f 478/478/478 436/436/436 470/470/470
f 478/478/478 443/443/443 436/436/436
f 479/479/479 437/437/437 473/473/473
f 479/479/479 445/445/445 437/437/437
f 480/480/480 438/438/438 472/472/472
f 480/480/480 444/444/444 438/438/438
f 481/481/481 439/439/439 474/474/474
f 481/481/481 447/447/447 439/439/439
f 482/482/482 446/446/446 475/475/475
f 483/483/483 442/442/442 477/477/477
f 483/483/483 449/449/449 442/442/442
f 484/484/484 450/450/450 476/476/476
f 485/485/485 457/457/457 448/448/448
f 485/485/485 448/448/448 478/478/478
f 486/486/486 444/444/444 480/480/480
f 486/486/486 451/451/451 444/444/444
f 487/487/487 460/460/460 452/452/452
f 487/487/487 445/445/445 479/479/479
f 487/487/487 452/452/452 445/445/445
f 488/488/488 455/455/455 447/447/447
f 488/488/488 463/463/463 455/455/455
f 488/488/488 447/447/447 481/481/481
f 489/489/489 446/446/446 482/482/482
f 489/489/489 453/453/453 446/446/446
f 490/490/490 454/454/454 97/97/97
f 490/490/490 462/462/462 454/454/454
f 490/490/490 96/96/96 95/95/95
f 490/490/490 97/97/97 96/96/96
f 491/491/491 450/450/450 484/484/484
f 491/491/491 456/456/456 450/450/450
f 491/491/491 466/466/466 456/456/456
f 492/492/492 457/457/457 485/485/485
f 493/493/493 458/458/458 449/449/449
f 493/493/493 449/449/449 483/483/483
f 494/494/494 459/459/459 451/451/451
f 494/494/494 451/451/451 486/486/486
f 495/495/495 460/460/460 487/487/487
f 496/496/496 463/463/463 488/488/488
f 496/496/496 471/471/471 463/463/463
f 497/497/497 453/453/453 489/489/489
f 497/497/497 461/461/461 453/453/453
f 498/498/498 462/462/462 490/490/490
f 498/498/498 470/470/470 462/462/462
f 499/499/499 466/466/466 491/491/491
f 500/500/500 465/465/465 457/457/457
f 500/500/500 457/457/457 492/492/492
f 501/501/501 458/458/458 493/493/493
f 501/501/501 29/29/29 30/30/30
f 501/501/501 464/464/464 458/458/458
f 501/501/501 30/30/30 464/464/464
f 502/502/502 459/459/459 494/494/494
f 502/502/502 467/467/467 459/459/459
f 503/503/503 468/468/468 460/460/460
f 503/503/503 460/460/460 495/495/495
f 504/504/504 471/471/471 496/496/496
f 505/505/505 461/461/461 497/497/497
f 505/505/505 469/469/469 461/461/461
f 506/506/506 470/470/470 498/498/498
f 507/507/507 466/466/466 499/499/499
f 507/507/507 472/472/472 466/466/466
f 508/508/508 479/479/479 473/473/473
f 508/508/508 473/473/473 465/465/465
f 508/508/508 465/465/465 500/500/500
f 509/509/509 474/474/474 467/467/467
f 509/509/509 467/467/467 502/502/502
f 510/510/510 468/468/468 503/503/503
f 510/510/510 475/475/475 468/468/468
f 511/511/511 477/477/477 471/471/471
f 511/511/511 471/471/471 504/504/504
f 511/511/511 483/483/483 477/477/477
f 512/512/512 476/476/476 469/469/469
f 512/512/512 469/469/469 505/505/505
f 513/513/513 478/478/478 470/470/470
f 513/513/513 470/470/470 506/506/506
f 514/514/514 472/472/472 507/507/507
f 514/514/514 480/480/480 472/472/472
f 515/515/515 479/479/479 508/508/508
f 516/516/516 474/474/474 509/509/509
f 516/516/516 481/481/481 474/474/474
f 517/517/517 489/489/489 482/482/482
f 517/517/517 475/475/475 510/510/510
f 517/517/517 482/482/482 475/475/475
f 518/518/518 483/483/483 511/511/511
f 519/519/519 476/476/476 512/512/512
f 519/519/519 484/484/484 476/476/476
f 520/520/520 478/478/478 513/513/513
f 520/520/520 485/485/485 478/478/478
f 521/521/521 480/480/480 514/514/514
f 521/521/521 486/486/486 480/480/480
f 522/522/522 479/479/479 515/515/515
f 522/522/522 487/487/487 479/479/479
f 523/523/523 488/488/488 481/481/481
f 523/523/523 481/481/481 516/516/516
f 524/524/524 489/489/489 517/517/517
f 525/525/525 490/490/490 95/95/95
f 526/526/526 483/483/483 518/518/518
f 526/526/526 493/493/493 483/483/483
f 526/526/526 501/501/501 493/493/493
f 527/527/527 484/484/484 519/519/519
f 527/527/527 491/491/491 484/484/484
f 528/528/528 492/492/492 485/485/485
f 528/528/528 485/485/485 520/520/520
f 529/529/529 494/494/494 486/486/486
f 529/529/529 486/486/486 521/521/521
f 529/529/529 502/502/502 494/494/494
f 530/530/530 487/487/487 522/522/522
f 530/530/530 495/495/495 487/487/487
f 530/530/530 503/503/503 495/495/495
f 531/531/531 496/496/496 488/488/488
f 531/531/531 488/488/488 523/523/523
f 532/532/532 490/490/490 525/525/525
f 532/532/532 498/498/498 490/490/490
f 533/533/533 489/489/489 524/524/524
f 533/533/533 497/497/497 489/489/489
f 534/534/534 501/501/501 526/526/526
f 534/534/534 29/29/29 501/501/501
f 535/535/535 491/491/491 527/527/527
f 535/535/535 499/499/499 491/491/491
f 536/536/536 508/508/508 500/500/500
f 536/536/536 492/492/492 528/528/528
f 536/536/536 500/500/500 492/492/492
f 537/537/537 502/502/502 529/529/529
f 538/538/538 503/503/503 530/530/530
f 539/539/539 496/496/496 531/531/531
f 539/539/539 504/504/504 496/496/496
f 540/540/540 498/498/498 532/532/532
f 540/540/540 506/506/506 498/498/498
f 541/541/541 505/505/505 497/497/497
f 541/541/541 497/497/497 533/533/533
f 542/542/542 499/499/499 535/535/535
f 542/542/542 514/514/514 507/507/507
f 542/542/542 507/507/507 499/499/499
f 543/543/543 508/508/508 536/536/536
f 544/544/544 502/502/502 537/537/537
f 544/544/544 509/509/509 502/502/502
f 544/544/544 516/516/516 509/509/509
f 545/545/545 517/517/517 510/510/510
f 545/545/545 510/510/510 503/503/503
f 545/545/545 503/503/503 538/538/538
f 546/546/546 511/511/511 504/504/504
f 546/546/546 504/504/504 539/539/539
f 547/547/547 505/505/505 541/541/541
f 547/547/547 512/512/512 505/505/505
f 548/548/548 513/513/513 506/506/506
f 548/548/548 520/520/520 513/513/513
f 548/548/548 506/506/506 540/540/540
f 549/549/549 521/521/521 514/514/514
f 549/549/549 514/514/514 542/542/542
f 550/550/550 515/515/515 508/508/508
f 550/550/550 508/508/508 543/543/543
f 551/551/551 516/516/516 544/544/544
f 552/552/552 517/517/517 545/545/545
f 553/553/553 511/511/511 546/546/546
f 553/553/553 518/518/518 511/511/511
f 554/554/554 519/519/519 512/512/512
f 554/554/554 512/512/512 547/547/547
f 555/555/555 520/520/520 548/548/548
f 555/555/555 528/528/528 520/520/520
f 556/556/556 521/521/521 549/549/549
f 557/557/557 522/522/522 515/515/515
f 557/557/557 515/515/515 550/550/550
f 558/558/558 523/523/523 516/516/516
f 558/558/558 531/531/531 523/523/523
f 558/558/558 516/516/516 551/551/551
f 559/559/559 524/524/524 517/517/517
f 559/559/559 517/517/517 552/552/552
f 560/560/560 525/525/525 95/95/95
f 560/560/560 95/95/95 94/94/94
f 561/561/561 526/526/526 518/518/518
f 561/561/561 518/518/518 553/553/553
f 562/562/562 527/527/527 519/519/519
f 562/562/562 519/519/519 554/554/554
f 563/563/563 528/528/528 555/555/555
f 564/564/564 521/521/521 556/556/556
f 564/564/564 537/537/537 529/529/529
f 564/564/564 529/529/529 521/521/521
f 565/565/565 522/522/522 557/557/557
f 565/565/565 530/530/530 522/522/522
f 566/566/566 531/531/531 558/558/558
f 567/567/567 533/533/533 524/524/524
f 567/567/567 524/524/524 559/559/559
f 568/568/568 525/525/525 560/560/560
f 568/568/568 532/532/532 525/525/525
f 569/569/569 534/534/534 526/526/526
f 569/569/569 27/27/27 28/28/28
f 569/569/569 28/28/28 29/29/29
f 569/569/569 29/29/29 534/534/534
f 569/569/569 526/526/526 561/561/561
f 570/570/570 527/527/527 562/562/562
f 570/570/570 535/535/535 527/527/527
f 571/571/571 543/543/543 536/536/536
f 571/571/571 528/528/528 563/563/563
f 571/571/571 536/536/536 528/528/528
f 572/572/572 537/537/537 564/564/564
f 572/572/572 544/544/544 537/537/537
f 573/573/573 538/538/538 530/530/530
f 573/573/573 530/530/530 565/565/565
f 574/574/574 531/531/531 566/566/566
f 574/574/574 539/539/539 531/531/531
f 574/574/574 546/546/546 539/539/539
f 575/575/575 547/547/547 541/541/541
f 575/575/575 533/533/533 567/567/567
f 575/575/575 541/541/541 533/533/533
f 576/576/576 540/540/540 532/532/532
f 576/576/576 532/532/532 568/568/568
f 577/577/577 535/535/535 570/570/570
f 577/577/577 542/542/542 535/535/535
f 578/578/578 543/543/543 571/571/571
f 579/579/579 544/544/544 572/572/572
f 580/580/580 545/545/545 538/538/538
f 580/580/580 538/538/538 573/573/573
f 581/581/581 546/546/546 574/574/574
f 581/581/581 553/553/553 546/546/546
f 582/582/582 547/547/547 575/575/575
f 583/583/583 540/540/540 576/576/576
f 583/583/583 548/548/548 540/540/540
f 584/584/584 542/542/542 577/577/577
f 584/584/584 549/549/549 542/542/542
f 585/585/585 550/550/550 543/543/543
f 585/585/585 543/543/543 578/578/578
f 585/585/585 557/557/557 550/550/550
f 586/586/586 558/558/558 551/551/551
f 586/586/586 544/544/544 579/579/579
f 586/586/586 551/551/551 544/544/544
f 587/587/587 545/545/545 580/580/580
f 587/587/587 559/559/559 552/552/552
f 587/587/587 552/552/552 545/545/545
f 588/588/588 553/553/553 581/581/581
f 589/589/589 547/547/547 582/582/582
f 589/589/589 554/554/554 547/547/547
f 590/590/590 555/555/555 548/548/548
f 590/590/590 548/548/548 583/583/583
f 591/591/591 549/549/549 584/584/584
f 591/591/591 556/556/556 549/549/549
f 592/592/592 557/557/557 585/585/585
f 593/593/593 566/566/566 558/558/558
f 593/593/593 558/558/558 586/586/586
f 594/594/594 559/559/559 587/587/587
f 595/595/595 560/560/560 94/94/94
f 595/595/595 93/93/93 92/92/92
f 595/595/595 94/94/94 93/93/93
f 596/596/596 561/561/561 553/553/553
f 596/596/596 569/569/569 561/561/561
f 596/596/596 553/553/553 588/588/588
f 597/597/597 554/554/554 589/589/589
f 597/597/597 570/570/570 562/562/562
f 597/597/597 562/562/562 554/554/554
f 598/598/598 563/563/563 555/555/555
f 598/598/598 555/555/555 590/590/590
f 599/599/599 564/564/564 556/556/556
f 599/599/599 556/556/556 591/591/591
f 600/600/600 565/565/565 557/557/557
f 600/600/600 557/557/557 592/592/592
f 600/600/600 573/573/573 565/565/565
f 601/601/601 574/574/574 566/566/566
f 601/601/601 566/566/566 593/593/593
f 602/602/602 568/568/568 560/560/560
f 602/602/602 560/560/560 595/595/595
f 603/603/603 567/567/567 559/559/559
f 603/603/603 559/559/559 594/594/594
f 604/604/604 569/569/569 596/596/596
f 604/604/604 27/27/27 569/569/569
f 605/605/605 570/570/570 597/597/597
f 606/606/606 563/563/563 598/598/598
f 606/606/606 571/571/571 563/563/563
f 607/607/607 572/572/572 564/564/564
f 607/607/607 564/564/564 599/599/599
f 607/607/607 579/579/579 572/572/572
f 608/608/608 573/573/573 600/600/600
f 608/608/608 580/580/580 573/573/573
f 609/609/609 574/574/574 601/601/601
f 609/609/609 581/581/581 574/574/574
f 610/610/610 568/568/568 602/602/602
f 610/610/610 576/576/576 568/568/568
f 611/611/611 567/567/567 603/603/603
f 611/611/611 575/575/575 567/567/567
f 612/612/612 570/570/570 605/605/605
f 612/612/612 577/577/577 570/570/570
f 613/613/613 571/571/571 606/606/606
f 613/613/613 578/578/578 571/571/571
f 614/614/614 579/579/579 607/607/607
f 615/615/615 580/580/580 608/608/608
f 616/616/616 588/588/588 581/581/581
f 616/616/616 581/581/581 609/609/609
f 617/617/617 582/582/582 575/575/575
f 617/617/617 575/575/575 611/611/611
f 618/618/618 583/583/583 576/576/576
f 618/618/618 576/576/576 610/610/610
f 619/619/619 577/577/577 612/612/612
f 619/619/619 584/584/584 577/577/577
f 619/619/619 591/591/591 584/584/584
f 620/620/620 578/578/578 613/613/613
f 620/620/620 585/585/585 578/578/578
f 621/621/621 586/586/586 579/579/579
f 621/621/621 579/579/579 614/614/614
f 622/622/622 587/587/587 580/580/580
f 622/622/622 580/580/580 615/615/615
f 623/623/623 588/588/588 616/616/616
f 624/624/624 597/597/597 589/589/589
f 624/624/624 589/589/589 582/582/582
f 624/624/624 582/582/582 617/617/617
f 625/625/625 590/590/590 583/583/583
f 625/625/625 583/583/583 618/618/618
f 626/626/626 591/591/591 619/619/619
f 627/627/627 592/592/592 585/585/585
f 627/627/627 585/585/585 620/620/620
f 628/628/628 593/593/593 586/586/586
f 628/628/628 601/601/601 593/593/593
f 628/628/628 586/586/586 621/621/621
f 629/629/629 587/587/587 622/622/622
f 629/629/629 594/594/594 587/587/587
f 629/629/629 603/603/603 594/594/594
f 630/630/630 595/595/595 92/92/92
f 631/631/631 596/596/596 588/588/588
f 631/631/631 604/604/604 596/596/596
f 631/631/631 588/588/588 623/623/623
f 632/632/632 598/598/598 590/590/590
f 632/632/632 590/590/590 625/625/625
f 633/633/633 597/597/597 624/624/624
f 634/634/634 607/607/607 599/599/599
f 634/634/634 599/599/599 591/591/591
f 634/634/634 591/591/591 626/626/626
f 635/635/635 592/592/592 627/627/627
f 635/635/635 600/600/600 592/592/592
f 636/636/636 601/601/601 628/628/628
f 637/637/637 602/602/602 595/595/595
f 637/637/637 595/595/595 630/630/630
f 637/637/637 610/610/610 602/602/602
f 638/638/638 603/603/603 629/629/629
f 639/639/639 26/26/26 27/27/27
f 639/639/639 604/604/604 631/631/631
f 639/639/639 27/27/27 604/604/604
f 640/640/640 598/598/598 632/632/632
f 640/640/640 613/613/613 606/606/606
f 640/640/640 606/606/606 598/598/598
f 641/641/641 605/605/605 597/597/597
f 641/641/641 597/597/597 633/633/633
f 642/642/642 607/607/607 634/634/634
f 643/643/643 600/600/600 635/635/635
f 643/643/643 608/608/608 600/600/600
f 644/644/644 601/601/601 636/636/636
f 644/644/644 609/609/609 601/601/601
f 645/645/645 610/610/610 637/637/637
f 646/646/646 611/611/611 603/603/603
f 646/646/646 603/603/603 638/638/638
f 646/646/646 617/617/617 611/611/611
f 647/647/647 605/605/605 641/641/641
f 647/647/647 612/612/612 605/605/605
f 648/648/648 613/613/613 640/640/640
f 649/649/649 607/607/607 642/642/642
f 649/649/649 614/614/614 607/607/607
f 649/649/649 621/621/621 614/614/614
f 650/650/650 608/608/608 643/643/643
f 650/650/650 615/615/615 608/608/608
f 651/651/651 617/617/617 646/646/646
f 652/652/652 623/623/623 616/616/616
f 652/652/652 609/609/609 644/644/644
f 652/652/652 616/616/616 609/609/609
f 653/653/653 618/618/618 610/610/610
f 653/653/653 610/610/610 645/645/645
f 654/654/654 613/613/613 648/648/648
f 654/654/654 620/620/620 613/613/613
f 655/655/655 612/612/612 647/647/647
f 655/655/655 619/619/619 612/612/612
f 656/656/656 621/621/621 649/649/649
f 657/657/657 629/629/629 622/622/622
f 657/657/657 622/622/622 615/615/615
f 657/657/657 615/615/615 650/650/650
f 658/658/658 624/624/624 617/617/617
f 658/658/658 617/617/617 651/651/651
f 659/659/659 632/632/632 625/625/625
f 659/659/659 625/625/625 618/618/618
f 659/659/659 618/618/618 653/653/653
f 660/660/660 623/623/623 652/652/652
f 661/661/661 626/626/626 619/619/619
f 661/661/661 619/619/619 655/655/655
f 662/662/662 620/620/620 654/654/654
f 662/662/662 627/627/627 620/620/620
f 663/663/663 628/628/628 621/621/621
f 663/663/663 636/636/636 628/628/628
f 663/663/663 621/621/621 656/656/656
f 664/664/664 629/629/629 657/657/657
f 665/665/665 630/630/630 92/92/92
f 665/665/665 92/92/92 91/91/91
f 666/666/666 632/632/632 659/659/659
f 667/667/667 623/623/623 660/660/660
f 667/667/667 631/631/631 623/623/623
f 668/668/668 624/624/624 658/658/658
f 668/668/668 641/641/641 633/633/633
f 668/668/668 633/633/633 624/624/624
f 669/669/669 626/626/626 661/661/661
f 669/669/669 634/634/634 626/626/626
f 670/670/670 635/635/635 627/627/627
f 670/670/670 627/627/627 662/662/662
f 671/671/671 636/636/636 663/663/663
f 671/671/671 644/644/644 636/636/636
f 672/672/672 629/629/629 664/664/664
f 672/672/672 638/638/638 629/629/629
f 673/673/673 637/637/637 630/630/630
f 673/673/673 630/630/630 665/665/665
f 674/674/674 25/25/25 26/26/26
f 674/674/674 631/631/631 667/667/667
f 674/674/674 26/26/26 639/639/639
f 674/674/674 639/639/639 631/631/631
f 675/675/675 640/640/640 632/632/632
f 675/675/675 632/632/632 666/666/666
f 676/676/676 641/641/641 668/668/668
f 677/677/677 643/643/643 635/635/635
f 677/677/677 635/635/635 670/670/670
f 678/678/678 642/642/642 634/634/634
f 678/678/678 634/634/634 669/669/669
f 678/678/678 649/649/649 642/642/642
f 679/679/679 644/644/644 671/671/671
f 680/680/680 638/638/638 672/672/672
f 680/680/680 646/646/646 638/638/638
f 681/681/681 637/637/637 673/673/673
f 681/681/681 645/645/645 637/637/637
f 682/682/682 647/647/647 641/641/641
f 682/682/682 641/641/641 676/676/676
f 683/683/683 640/640/640 675/675/675
f 683/683/683 648/648/648 640/640/640
f 684/684/684 643/643/643 677/677/677
f 684/684/684 650/650/650 643/643/643
f 685/685/685 649/649/649 678/678/678
f 686/686/686 660/660/660 652/652/652
f 686/686/686 652/652/652 644/644/644
f 686/686/686 644/644/644 679/679/679
f 687/687/687 651/651/651 646/646/646
f 687/687/687 658/658/658 651/651/651
f 687/687/687 646/646/646 680/680/680
f 688/688/688 653/653/653 645/645/645
f 688/688/688 645/645/645 681/681/681
f 689/689/689 655/655/655 647/647/647
f 689/689/689 661/661/661 655/655/655
f 689/689/689 647/647/647 682/682/682
f 690/690/690 654/654/654 648/648/648
f 690/690/690 648/648/648 683/683/683
f 690/690/690 662/662/662 654/654/654
f 691/691/691 657/657/657 650/650/650
f 691/691/691 650/650/650 684/684/684
f 692/692/692 656/656/656 649/649/649
f 692/692/692 649/649/649 685/685/685
f 692/692/692 663/663/663 656/656/656
f 693/693/693 660/660/660 686/686/686
f 694/694/694 658/658/658 687/687/687
f 695/695/695 653/653/653 688/688/688
f 695/695/695 659/659/659 653/653/653
f 696/696/696 661/661/661 689/689/689
f 697/697/697 662/662/662 690/690/690
f 698/698/698 664/664/664 657/657/657
f 698/698/698 657/657/657 691/691/691
f 699/699/699 665/665/665 91/91/91
f 699/699/699 91/91/91 90/90/90
f 700/700/700 663/663/663 692/692/692
f 701/701/701 667/667/667 660/660/660
f 701/701/701 660/660/660 693/693/693
f 702/702/702 668/668/668 658/658/658
f 702/702/702 658/658/658 694/694/694
f 703/703/703 666/666/666 659/659/659
f 703/703/703 659/659/659 695/695/695
f 704/704/704 661/661/661 696/696/696
f 704/704/704 669/669/669 661/661/661
f 704/704/704 678/678/678 669/669/669
f 705/705/705 662/662/662 697/697/697
f 705/705/705 670/670/670 662/662/662
f 705/705/705 677/677/677 670/670/670
f 706/706/706 663/663/663 700/700/700
f 706/706/706 671/671/671 663/663/663
f 707/707/707 664/664/664 698/698/698
f 707/707/707 672/672/672 664/664/664
f 708/708/708 673/673/673 665/665/665
f 708/708/708 665/665/665 699/699/699
f 709/709/709 24/24/24 25/25/25
f 709/709/709 25/25/25 674/674/674
f 709/709/709 674/674/674 667/667/667
f 709/709/709 667/667/667 701/701/701
f 710/710/710 676/676/676 668/668/668
f 710/710/710 668/668/668 702/702/702
f 711/711/711 666/666/666 703/703/703
f 711/711/711 675/675/675 666/666/666
f 712/712/712 678/678/678 704/704/704
f 713/713/713 677/677/677 705/705/705
f 714/714/714 672/672/672 707/707/707
f 714/714/714 680/680/680 672/672/672
f 715/715/715 671/671/671 706/706/706
f 715/715/715 686/686/686 679/679/679
f 715/715/715 679/679/679 671/671/671
f 716/716/716 673/673/673 708/708/708
f 716/716/716 681/681/681 673/673/673
f 717/717/717 689/689/689 682/682/682
f 717/717/717 676/676/676 710/710/710
f 717/717/717 682/682/682 676/676/676
f 718/718/718 690/690/690 683/683/683
f 718/718/718 683/683/683 675/675/675
f 718/718/718 675/675/675 711/711/711
f 719/719/719 692/692/692 685/685/685
f 719/719/719 678/678/678 712/712/712
f 719/719/719 685/685/685 678/678/678
f 720/720/720 677/677/677 713/713/713
f 720/720/720 684/684/684 677/677/677
f 721/721/721 680/680/680 714/714/714
f 721/721/721 687/687/687 680/680/680
f 722/722/722 681/681/681 716/716/716
f 722/722/722 688/688/688 681/681/681
f 723/723/723 686/686/686 715/715/715
f 724/724/724 689/689/689 717/717/717
f 725/725/725 690/690/690 718/718/718
f 725/725/725 697/697/697 690/690/690
f 726/726/726 692/692/692 719/719/719
f 727/727/727 691/691/691 684/684/684
f 727/727/727 698/698/698 691/691/691
f 727/727/727 684/684/684 720/720/720
f 728/728/728 694/694/694 687/687/687
f 728/728/728 687/687/687 721/721/721
f 729/729/729 703/703/703 695/695/695
f 729/729/729 688/688/688 722/722/722
f 729/729/729 695/695/695 688/688/688
f 730/730/730 701/701/701 693/693/693
f 730/730/730 693/693/693 686/686/686
f 730/730/730 686/686/686 723/723/723
f 731/731/731 696/696/696 689/689/689
f 731/731/731 704/704/704 696/696/696
f 731/731/731 689/689/689 724/724/724
f 732/732/732 697/697/697 725/725/725
f 733/733/733 700/700/700 692/692/692
f 733/733/733 692/692/692 726/726/726
f 734/734/734 698/698/698 727/727/727
f 735/735/735 699/699/699 90/90/90
f 735/735/735 90/90/90 89/89/89
f 736/736/736 694/694/694 728/728/728
f 736/736/736 702/702/702 694/694/694
f 737/737/737 703/703/703 729/729/729
f 738/738/738 701/701/701 730/730/730
f 738/738/738 709/709/709 701/701/701
f 739/739/739 704/704/704 731/731/731
f 740/740/740 705/705/705 697/697/697
f 740/740/740 713/713/713 705/705/705
f 740/740/740 697/697/697 732/732/732
f 741/741/741 706/706/706 700/700/700
f 741/741/741 700/700/700 733/733/733
f 741/741/741 715/715/715 706/706/706
f 742/742/742 698/698/698 734/734/734
f 742/742/742 707/707/707 698/698/698
f 743/743/743 699/699/699 735/735/735
f 743/743/743 708/708/708 699/699/699
f 744/744/744 22/22/22 23/23/23
f 744/744/744 23/23/23 24/24/24
f 744/744/744 24/24/24 709/709/709
f 744/744/744 709/709/709 738/738/738
f 745/745/745 702/702/702 736/736/736
f 745/745/745 710/710/710 702/702/702
f 746/746/746 711/711/711 703/703/703
f 746/746/746 703/703/703 737/737/737
f 747/747/747 704/704/704 739/739/739
f 747/747/747 712/712/712 704/704/704
f 747/747/747 719/719/719 712/712/712
f 748/748/748 720/720/720 713/713/713
f 748/748/748 713/713/713 740/740/740
f 749/749/749 715/715/715 741/741/741
f 750/750/750 714/714/714 707/707/707
f 750/750/750 707/707/707 742/742/742
f 751/751/751 708/708/708 743/743/743
f 751/751/751 722/722/722 716/716/716
f 751/751/751 716/716/716 708/708/708
f 752/752/752 710/710/710 745/745/745
f 752/752/752 717/717/717 710/710/710
f 753/753/753 711/711/711 746/746/746
f 753/753/753 718/718/718 711/711/711
f 754/754/754 719/719/719 747/747/747
f 754/754/754 726/726/726 719/719/719
f 755/755/755 720/720/720 748/748/748
f 756/756/756 723/723/723 715/715/715
f 756/756/756 715/715/715 749/749/749
f 757/757/757 714/714/714 750/750/750
f 757/757/757 728/728/728 721/721/721
f 757/757/757 721/721/721 714/714/714
f 758/758/758 729/729/729 722/722/722
f 758/758/758 722/722/722 751/751/751
f 759/759/759 724/724/724 717/717/717
f 759/759/759 717/717/717 752/752/752
f 760/760/760 725/725/725 718/718/718
f 760/760/760 718/718/718 753/753/753
f 761/761/761 726/726/726 754/754/754
f 762/762/762 727/727/727 720/720/720
f 762/762/762 720/720/720 755/755/755
f 763/763/763 738/738/738 730/730/730
f 763/763/763 730/730/730 723/723/723
f 763/763/763 723/723/723 756/756/756
f 764/764/764 728/728/728 757/757/757
f 765/765/765 737/737/737 729/729/729
f 765/765/765 729/729/729 758/758/758
f 766/766/766 731/731/731 724/724/724
f 766/766/766 724/724/724 759/759/759
f 767/767/767 725/725/725 760/760/760
f 767/767/767 732/732/732 725/725/725
f 768/768/768 726/726/726 761/761/761
f 768/768/768 741/741/741 733/733/733
f 768/768/768 733/733/733 726/726/726
f 769/769/769 742/742/742 734/734/734
f 769/769/769 734/734/734 727/727/727
f 769/769/769 727/727/727 762/762/762
f 770/770/770 735/735/735 89/89/89
f 770/770/770 89/89/89 88/88/88
f 771/771/771 738/738/738 763/763/763
f 772/772/772 728/728/728 764/764/764
f 772/772/772 736/736/736 728/728/728
f 773/773/773 746/746/746 737/737/737
f 773/773/773 737/737/737 765/765/765
f 774/774/774 731/731/731 766/766/766
f 774/774/774 739/739/739 731/731/731
f 775/775/775 732/732/732 767/767/767
f 775/775/775 740/740/740 732/732/732
f 776/776/776 741/741/741 768/768/768
f 777/777/777 742/742/742 769/769/769
f 778/778/778 743/743/743 735/735/735
f 778/778/778 735/735/735 770/770/770
f 779/779/779 738/738/738 771/771/771
f 779/779/779 22/22/22 744/744/744
f 779/779/779 744/744/744 738/738/738
f 780/780/780 745/745/745 736/736/736
f 780/780/780 736/736/736 772/772/772
f 781/781/781 746/746/746 773/773/773
f 782/782/782 739/739/739 774/774/774
f 782/782/782 747/747/747 739/739/739
f 783/783/783 740/740/740 775/775/775
f 783/783/783 748/748/748 740/740/740
f 784/784/784 741/741/741 776/776/776
f 784/784/784 749/749/749 741/741/741
f 785/785/785 750/750/750 742/742/742
f 785/785/785 742/742/742 777/777/777
f 785/785/785 757/757/757 750/750/750
f 786/786/786 751/751/751 743/743/743
f 786/786/786 743/743/743 778/778/778
f 787/787/787 759/759/759 752/752/752
f 787/787/787 745/745/745 780/780/780
f 787/787/787 752/752/752 745/745/745
f 788/788/788 746/746/746 781/781/781
f 788/788/788 753/753/753 746/746/746
f 788/788/788 760/760/760 753/753/753
f 789/789/789 747/747/747 782/782/782
f 789/789/789 754/754/754 747/747/747
f 790/790/790 748/748/748 783/783/783
f 790/790/790 755/755/755 748/748/748
f 791/791/791 758/758/758 751/751/751
f 791/791/791 751/751/751 786/786/786
f 792/792/792 756/756/756 749/749/749
f 792/792/792 749/749/749 784/784/784
f 792/792/792 763/763/763 756/756/756
f 793/793/793 757/757/757 785/785/785
f 794/794/794 759/759/759 787/787/787
f 795/795/795 760/760/760 788/788/788
f 796/796/796 761/761/761 754/754/754
f 796/796/796 754/754/754 789/789/789
f 797/797/797 762/762/762 755/755/755
f 797/797/797 755/755/755 790/790/790
f 798/798/798 763/763/763 792/792/792
f 799/799/799 765/765/765 758/758/758
f 799/799/799 758/758/758 791/791/791
f 800/800/800 757/757/757 793/793/793
f 800/800/800 764/764/764 757/757/757
f 801/801/801 759/759/759 794/794/794
f 801/801/801 766/766/766 759/759/759
f 802/802/802 767/767/767 760/760/760
f 802/802/802 760/760/760 795/795/795
f 803/803/803 768/768/768 761/761/761
f 803/803/803 761/761/761 796/796/796
f 804/804/804 769/769/769 762/762/762
f 804/804/804 762/762/762 797/797/797
f 805/805/805 770/770/770 88/88/88
f 805/805/805 87/87/87 86/86/86
f 805/805/805 88/88/88 87/87/87
f 806/806/806 763/763/763 798/798/798
f 806/806/806 771/771/771 763/763/763
f 806/806/806 779/779/779 771/771/771
f 807/807/807 772/772/772 764/764/764
f 807/807/807 764/764/764 800/800/800
f 808/808/808 773/773/773 765/765/765
f 808/808/808 765/765/765 799/799/799
f 809/809/809 774/774/774 766/766/766
f 809/809/809 766/766/766 801/801/801
f 810/810/810 767/767/767 802/802/802
f 810/810/810 775/775/775 767/767/767
f 811/811/811 776/776/776 768/768/768
f 811/811/811 768/768/768 803/803/803
f 812/812/812 777/777/777 769/769/769
f 812/812/812 769/769/769 804/804/804
f 813/813/813 778/778/778 770/770/770
f 813/813/813 770/770/770 805/805/805
f 814/814/814 21/21/21 22/22/22
f 814/814/814 779/779/779 806/806/806
f 814/814/814 22/22/22 779/779/779
f 815/815/815 772/772/772 807/807/807
f 815/815/815 780/780/780 772/772/772
f 816/816/816 781/781/781 773/773/773
f 816/816/816 773/773/773 808/808/808
f 817/817/817 774/774/774 809/809/809
f 817/817/817 782/782/782 774/774/774
f 817/817/817 789/789/789 782/782/782
f 818/818/818 790/790/790 783/783/783
f 818/818/818 783/783/783 775/775/775
f 818/818/818 775/775/775 810/810/810
f 819/819/819 776/776/776 811/811/811
f 819/819/819 784/784/784 776/776/776
f 820/820/820 785/785/785 777/777/777
f 820/820/820 777/777/777 812/812/812
f 821/821/821 786/786/786 778/778/778
f 821/821/821 778/778/778 813/813/813
f 822/822/822 787/787/787 780/780/780
f 822/822/822 780/780/780 815/815/815
f 823/823/823 788/788/788 781/781/781
f 823/823/823 781/781/781 816/816/816
f 824/824/824 789/789/789 817/817/817
f 825/825/825 790/790/790 818/818/818
f 826/826/826 792/792/792 784/784/784
f 826/826/826 784/784/784 819/819/819
f 827/827/827 785/785/785 820/820/820
f 827/827/827 793/793/793 785/785/785
f 828/828/828 791/791/791 786/786/786
f 828/828/828 786/786/786 821/821/821
f 829/829/829 801/801/801 794/794/794
f 829/829/829 794/794/794 787/787/787
f 829/829/829 787/787/787 822/822/822
f 830/830/830 788/788/788 823/823/823
f 830/830/830 795/795/795 788/788/788
f 831/831/831 789/789/789 824/824/824
f 831/831/831 803/803/803 796/796/796
f 831/831/831 796/796/796 789/789/789
f 832/832/832 804/804/804 797/797/797
f 832/832/832 797/797/797 790/790/790
f 832/832/832 790/790/790 825/825/825
f 833/833/833 798/798/798 792/792/792
f 833/833/833 792/792/792 826/826/826
f 834/834/834 800/800/800 793/793/793
f 834/834/834 793/793/793 827/827/827
f 835/835/835 791/791/791 828/828/828
f 835/835/835 799/799/799 791/791/791
f 836/836/836 795/795/795 830/830/830
f 836/836/836 802/802/802 795/795/795
f 837/837/837 801/801/801 829/829/829
f 838/838/838 803/803/803 831/831/831
f 838/838/838 811/811/811 803/803/803
f 839/839/839 804/804/804 832/832/832
f 839/839/839 812/812/812 804/804/804
f 840/840/840 805/805/805 86/86/86
f 841/841/841 806/806/806 798/798/798
f 841/841/841 798/798/798 833/833/833
f 842/842/842 807/807/807 800/800/800
f 842/842/842 800/800/800 834/834/834
f 842/842/842 815/815/815 807/807/807
f 843/843/843 799/799/799 835/835/835
f 843/843/843 808/808/808 799/799/799
f 843/843/843 816/816/816 808/808/808
f 844/844/844 809/809/809 801/801/801
f 844/844/844 801/801/801 837/837/837
f 845/845/845 802/802/802 836/836/836
f 845/845/845 810/810/810 802/802/802
f 846/846/846 811/811/811 838/838/838
f 847/847/847 812/812/812 839/839/839
f 848/848/848 805/805/805 840/840/840
f 848/848/848 821/821/821 813/813/813
f 848/848/848 813/813/813 805/805/805
f 849/849/849 20/20/20 21/21/21
f 849/849/849 21/21/21 814/814/814
f 849/849/849 806/806/806 841/841/841
f 849/849/849 814/814/814 806/806/806
f 850/850/850 815/815/815 842/842/842
f 851/851/851 816/816/816 843/843/843
f 852/852/852 817/817/817 809/809/809
f 852/852/852 809/809/809 844/844/844
f 853/853/853 810/810/810 845/845/845
f 853/853/853 818/818/818 810/810/810
f 854/854/854 811/811/811 846/846/846
f 854/854/854 819/819/819 811/811/811
f 855/855/855 812/812/812 847/847/847
f 855/855/855 820/820/820 812/812/812
f 856/856/856 821/821/821 848/848/848
f 857/857/857 822/822/822 815/815/815
f 857/857/857 815/815/815 850/850/850
f 857/857/857 829/829/829 822/822/822
f 858/858/858 830/830/830 823/823/823
f 858/858/858 823/823/823 816/816/816
f 858/858/858 816/816/816 851/851/851
f 859/859/859 824/824/824 817/817/817
f 859/859/859 817/817/817 852/852/852
f 860/860/860 825/825/825 818/818/818
f 860/860/860 818/818/818 853/853/853
f 861/861/861 833/833/833 826/826/826
f 861/861/861 826/826/826 819/819/819
f 861/861/861 819/819/819 854/854/854
f 862/862/862 834/834/834 827/827/827
f 862/862/862 827/827/827 820/820/820
f 862/862/862 820/820/820 855/855/855
f 863/863/863 828/828/828 821/821/821
f 863/863/863 835/835/835 828/828/828
f 863/863/863 821/821/821 856/856/856
f 864/864/864 829/829/829 857/857/857
f 865/865/865 830/830/830 858/858/858
f 866/866/866 831/831/831 824/824/824
f 866/866/866 824/824/824 859/859/859
f 867/867/867 832/832/832 825/825/825
f 867/867/867 825/825/825 860/860/860
f 868/868/868 833/833/833 861/861/861
f 868/868/868 841/841/841 833/833/833
f 869/869/869 834/834/834 862/862/862
f 870/870/870 835/835/835 863/863/863
f 871/871/871 829/829/829 864/864/864
f 871/871/871 837/837/837 829/829/829
f 872/872/872 836/836/836 830/830/830
f 872/872/872 830/830/830 865/865/865
f 873/873/873 838/838/838 831/831/831
f 873/873/873 831/831/831 866/866/866
f 874/874/874 832/832/832 867/867/867
f 874/874/874 839/839/839 832/832/832
f 875/875/875 86/86/86 85/85/85
f 875/875/875 840/840/840 86/86/86
f 876/876/876 841/841/841 868/868/868
f 877/877/877 842/842/842 834/834/834
f 877/877/877 834/834/834 869/869/869
f 877/877/877 850/850/850 842/842/842
f 878/878/878 843/843/843 835/835/835
f 878/878/878 835/835/835 870/870/870
f 879/879/879 844/844/844 837/837/837
f 879/879/879 837/837/837 871/871/871
f 880/880/880 836/836/836 872/872/872
f 880/880/880 845/845/845 836/836/836
f 880/880/880 853/853/853 845/845/845
f 881/881/881 838/838/838 873/873/873
f 881/881/881 846/846/846 838/838/838
f 881/881/881 854/854/854 846/846/846
f 882/882/882 839/839/839 874/874/874
f 882/882/882 847/847/847 839/839/839
f 883/883/883 848/848/848 840/840/840
f 883/883/883 840/840/840 875/875/875
f 884/884/884 20/20/20 849/849/849
f 884/884/884 19/19/19 20/20/20
f 884/884/884 841/841/841 876/876/876
f 884/884/884 849/849/849 841/841/841
f 885/885/885 857/857/857 850/850/850
f 885/885/885 850/850/850 877/877/877
f 886/886/886 843/843/843 878/878/878
f 886/886/886 851/851/851 843/843/843
f 887/887/887 859/859/859 852/852/852
f 887/887/887 844/844/844 879/879/879
f 887/887/887 852/852/852 844/844/844
f 888/888/888 853/853/853 880/880/880
f 889/889/889 847/847/847 882/882/882
f 889/889/889 855/855/855 847/847/847
f 890/890/890 854/854/854 881/881/881
f 891/891/891 848/848/848 883/883/883
f 891/891/891 856/856/856 848/848/848
f 892/892/892 857/857/857 885/885/885
f 893/893/893 858/858/858 851/851/851
f 893/893/893 851/851/851 886/886/886
f 894/894/894 866/866/866 859/859/859
f 894/894/894 859/859/859 887/887/887
f 895/895/895 867/867/867 860/860/860
f 895/895/895 860/860/860 853/853/853
f 895/895/895 853/853/853 888/888/888
f 896/896/896 862/862/862 855/855/855
f 896/896/896 855/855/855 889/889/889
f 897/897/897 861/861/861 854/854/854
f 897/897/897 854/854/854 890/890/890
f 898/898/898 863/863/863 856/856/856
f 898/898/898 856/856/856 891/891/891
f 899/899/899 857/857/857 892/892/892
f 899/899/899 871/871/871 864/864/864
f 899/899/899 864/864/864 857/857/857
f 900/900/900 865/865/865 858/858/858
f 900/900/900 858/858/858 893/893/893
f 901/901/901 866/866/866 894/894/894
f 902/902/902 867/867/867 895/895/895
f 902/902/902 874/874/874 867/867/867
f 903/903/903 861/861/861 897/897/897
f 903/903/903 868/868/868 861/861/861
f 904/904/904 862/862/862 896/896/896
f 904/904/904 869/869/869 862/862/862
f 905/905/905 870/870/870 863/863/863
f 905/905/905 863/863/863 898/898/898
f 906/906/906 871/871/871 899/899/899
f 907/907/907 865/865/865 900/900/900
f 907/907/907 872/872/872 865/865/865
f 908/908/908 866/866/866 901/901/901
f 908/908/908 873/873/873 866/866/866
f 909/909/909 874/874/874 902/902/902
f 910/910/910 875/875/875 85/85/85
f 910/910/910 84/84/84 83/83/83
f 910/910/910 85/85/85 84/84/84
f 911/911/911 868/868/868 903/903/903
f 911/911/911 876/876/876 868/868/868
f 912/912/912 877/877/877 869/869/869
f 912/912/912 869/869/869 904/904/904
f 913/913/913 870/870/870 905/905/905
f 913/913/913 878/878/878 870/870/870
f 913/913/913 886/886/886 878/878/878
f 914/914/914 872/872/872 907/907/907
f 914/914/914 880/880/880 872/872/872
f 915/915/915 879/879/879 871/871/871
f 915/915/915 871/871/871 906/906/906
f 916/916/916 881/881/881 873/873/873
f 916/916/916 873/873/873 908/908/908
f 917/917/917 874/874/874 909/909/909
f 917/917/917 882/882/882 874/874/874
f 918/918/918 875/875/875 910/910/910
f 918/918/918 883/883/883 875/875/875
f 918/918/918 891/891/891 883/883/883
f 919/919/919 17/17/17 18/18/18
f 919/919/919 18/18/18 19/19/19
f 919/919/919 876/876/876 911/911/911
f 919/919/919 19/19/19 884/884/884
f 919/919/919 884/884/884 876/876/876
f 920/920/920 877/877/877 912/912/912
f 920/920/920 885/885/885 877/877/877
f 921/921/921 886/886/886 913/913/913
f 922/922/922 887/887/887 879/879/879
f 922/922/922 879/879/879 915/915/915
f 923/923/923 880/880/880 914/914/914
f 923/923/923 888/888/888 880/880/880
f 924/924/924 881/881/881 916/916/916
f 924/924/924 890/890/890 881/881/881
f 925/925/925 882/882/882 917/917/917
f 925/925/925 889/889/889 882/882/882
f 926/926/926 891/891/891 918/918/918
f 927/927/927 892/892/892 885/885/885
f 927/927/927 885/885/885 920/920/920
f 928/928/928 900/900/900 893/893/893
f 928/928/928 886/886/886 921/921/921
f 928/928/928 893/893/893 886/886/886
f 929/929/929 894/894/894 887/887/887
f 929/929/929 887/887/887 922/922/922
f 930/930/930 895/895/895 888/888/888
f 930/930/930 888/888/888 923/923/923
f 931/931/931 897/897/897 890/890/890
f 931/931/931 890/890/890 924/924/924
f 932/932/932 896/896/896 889/889/889
f 932/932/932 904/904/904 896/896/896
f 932/932/932 889/889/889 925/925/925
f 933/933/933 898/898/898 891/891/891
f 933/933/933 891/891/891 926/926/926
f 934/934/934 899/899/899 892/892/892
f 934/934/934 892/892/892 927/927/927
f 935/935/935 900/900/900 928/928/928
f 936/936/936 901/901/901 894/894/894
f 936/936/936 894/894/894 929/929/929
f 937/937/937 895/895/895 930/930/930
f 937/937/937 909/909/909 902/902/902
f 937/937/937 902/902/902 895/895/895
f 938/938/938 911/911/911 903/903/903
f 938/938/938 903/903/903 897/897/897
f 938/938/938 897/897/897 931/931/931
f 939/939/939 904/904/904 932/932/932
f 940/940/940 905/905/905 898/898/898
f 940/940/940 898/898/898 933/933/933
f 941/941/941 906/906/906 899/899/899
f 941/941/941 899/899/899 934/934/934
f 942/942/942 907/907/907 900/900/900
f 942/942/942 900/900/900 935/935/935
f 943/943/943 908/908/908 901/901/901
f 943/943/943 901/901/901 936/936/936
f 943/943/943 916/916/916 908/908/908
f 944/944/944 909/909/909 937/937/937
f 945/945/945 910/910/910 83/83/83
f 946/946/946 911/911/911 938/938/938
f 947/947/947 920/920/920 912/912/912
f 947/947/947 912/912/912 904/904/904
f 947/947/947 904/904/904 939/939/939
f 948/948/948 921/921/921 913/913/913
f 948/948/948 905/905/905 940/940/940
f 948/948/948 913/913/913 905/905/905
f 949/949/949 906/906/906 941/941/941
f 949/949/949 915/915/915 906/906/906
f 950/950/950 914/914/914 907/907/907
f 950/950/950 907/907/907 942/942/942
f 951/951/951 916/916/916 943/943/943
f 952/952/952 909/909/909 944/944/944
f 952/952/952 917/917/917 909/909/909
f 953/953/953 918/918/918 910/910/910
f 953/953/953 910/910/910 945/945/945
f 954/954/954 17/17/17 919/919/919
f 954/954/954 911/911/911 946/946/946
f 954/954/954 919/919/919 911/911/911
f 955/955/955 927/927/927 920/920/920
f 955/955/955 920/920/920 947/947/947
f 956/956/956 921/921/921 948/948/948
f 957/957/957 915/915/915 949/949/949
f 957/957/957 922/922/922 915/915/915
f 958/958/958 930/930/930 923/923/923
f 958/958/958 914/914/914 950/950/950
f 958/958/958 923/923/923 914/914/914
f 959/959/959 931/931/931 924/924/924
f 959/959/959 924/924/924 916/916/916
f 959/959/959 916/916/916 951/951/951
f 960/960/960 925/925/925 917/917/917
f 960/960/960 917/917/917 952/952/952
f 961/961/961 926/926/926 918/918/918
f 961/961/961 918/918/918 953/953/953
f 962/962/962 927/927/927 955/955/955
f 963/963/963 928/928/928 921/921/921
f 963/963/963 935/935/935 928/928/928
f 963/963/963 921/921/921 956/956/956
f 964/964/964 929/929/929 922/922/922
f 964/964/964 922/922/922 957/957/957
f 965/965/965 930/930/930 958/958/958
f 966/966/966 931/931/931 959/959/959
f 966/966/966 938/938/938 931/931/931
f 967/967/967 932/932/932 925/925/925
f 967/967/967 925/925/925 960/960/960
f 968/968/968 933/933/933 926/926/926
f 968/968/968 926/926/926 961/961/961
f 969/969/969 927/927/927 962/962/962
f 969/969/969 934/934/934 927/927/927
f 970/970/970 935/935/935 963/963/963
f 970/970/970 942/942/942 935/935/935
f 971/971/971 929/929/929 964/964/964
f 971/971/971 936/936/936 929/929/929
f 972/972/972 930/930/930 965/965/965
f 972/972/972 937/937/937 930/930/930
f 973/973/973 938/938/938 966/966/966
f 974/974/974 932/932/932 967/967/967
f 974/974/974 939/939/939 932/932/932
f 975/975/975 933/933/933 968/968/968
f 975/975/975 948/948/948 940/940/940
f 975/975/975 940/940/940 933/933/933
f 976/976/976 934/934/934 969/969/969
f 976/976/976 941/941/941 934/934/934
f 977/977/977 942/942/942 970/970/970
f 978/978/978 936/936/936 971/971/971
f 978/978/978 943/943/943 936/936/936
f 979/979/979 937/937/937 972/972/972
f 979/979/979 944/944/944 937/937/937
f 979/979/979 952/952/952 944/944/944
f 980/980/980 83/83/83 82/82/82
f 980/980/980 945/945/945 83/83/83
f 981/981/981 938/938/938 973/973/973
f 981/981/981 946/946/946 938/938/938
f 982/982/982 939/939/939 974/974/974
f 982/982/982 947/947/947 939/939/939
f 983/983/983 948/948/948 975/975/975
f 984/984/984 949/949/949 941/941/941
f 984/984/984 941/941/941 976/976/976
f 984/984/984 957/957/957 949/949/949
f 985/985/985 950/950/950 942/942/942
f 985/985/985 942/942/942 977/977/977
f 986/986/986 943/943/943 978/978/978
f 986/986/986 951/951/951 943/943/943
f 987/987/987 952/952/952 979/979/979
f 988/988/988 961/961/961 953/953/953
f 988/988/988 945/945/945 980/980/980
f 988/988/988 953/953/953 945/945/945
f 989/989/989 15/15/15 16/16/16
f 989/989/989 16/16/16 17/17/17
f 989/989/989 17/17/17 954/954/954
f 989/989/989 946/946/946 981/981/981
f 989/989/989 954/954/954 946/946/946
f 990/990/990 947/947/947 982/982/982
f 990/990/990 955/955/955 947/947/947
f 991/991/991 956/956/956 948/948/948
f 991/991/991 948/948/948 983/983/983
f 991/991/991 963/963/963 956/956/956
f 992/992/992 957/957/957 984/984/984
f 992/992/992 964/964/964 957/957/957
f 993/993/993 950/950/950 985/985/985
f 993/993/993 958/958/958 950/950/950
f 993/993/993 965/965/965 958/958/958
f 994/994/994 959/959/959 951/951/951
f 994/994/994 951/951/951 986/986/986
f 995/995/995 952/952/952 987/987/987
f 995/995/995 960/960/960 952/952/952
f 996/996/996 961/961/961 988/988/988
f 997/997/997 962/962/962 955/955/955
f 997/997/997 955/955/955 990/990/990
f 998/998/998 963/963/963 991/991/991
f 999/999/999 964/964/964 992/992/992
f 999/999/999 971/971/971 964/964/964
f 1000/1000/1000 965/965/965 993/993/993
f 1001/1001/1001 966/966/966 959/959/959
f 1001/1001/1001 959/959/959 994/994/994
f 1002/1002/1002 960/960/960 995/995/995
f 1002/1002/1002 967/967/967 960/960/960
f 1002/1002/1002 974/974/974 967/967/967
f 1003/1003/1003 975/975/975 968/968/968
f 1003/1003/1003 968/968/968 961/961/961
f 1003/1003/1003 961/961/961 996/996/996
f 1004/1004/1004 962/962/962 997/997/997
f 1004/1004/1004 969/969/969 962/962/962
f 1005/1005/1005 963/963/963 998/998/998
f 1005/1005/1005 970/970/970 963/963/963
f 1006/1006/1006 971/971/971 999/999/999
f 1007/1007/1007 965/965/965 1000/1000/1000
f 1007/1007/1007 972/972/972 965/965/965
f 1008/1008/1008 966/966/966 1001/1001/1001
f 1008/1008/1008 973/973/973 966/966/966
f 1009/1009/1009 974/974/974 1002/1002/1002
f 1010/1010/1010 975/975/975 1003/1003/1003
f 1011/1011/1011 977/977/977 970/970/970
f 1011/1011/1011 970/970/970 1005/1005/1005
f 1012/1012/1012 984/984/984 976/976/976
f 1012/1012/1012 976/976/976 969/969/969
f 1012/1012/1012 969/969/969 1004/1004/1004
f 1013/1013/1013 971/971/971 1006/1006/1006
f 1013/1013/1013 978/978/978 971/971/971
f 1014/1014/1014 972/972/972 1007/1007/1007
f 1014/1014/1014 979/979/979 972/972/972
f 1015/1015/1015 988/988/988 980/980/980
f 1015/1015/1015 980/980/980 82/82/82
f 1015/1015/1015 82/82/82 81/81/81
f 1016/1016/1016 981/981/981 973/973/973
f 1016/1016/1016 973/973/973 1008/1008/1008
f 1017/1017/1017 982/982/982 974/974/974
f 1017/1017/1017 974/974/974 1009/1009/1009
f 1018/1018/1018 975/975/975 1010/1010/1010
f 1018/1018/1018 983/983/983 975/975/975
f 1019/1019/1019 984/984/984 1012/1012/1012
f 1020/1020/1020 985/985/985 977/977/977
f 1020/1020/1020 977/977/977 1011/1011/1011
f 1021/1021/1021 986/986/986 978/978/978
f 1021/1021/1021 978/978/978 1013/1013/1013
f 1022/1022/1022 979/979/979 1014/1014/1014
f 1022/1022/1022 987/987/987 979/979/979
f 1023/1023/1023 996/996/996 988/988/988
f 1023/1023/1023 988/988/988 1015/1015/1015
f 1024/1024/1024 15/15/15 989/989/989
f 1024/1024/1024 981/981/981 1016/1016/1016
f 1024/1024/1024 989/989/989 981/981/981
f 1025/1025/1025 983/983/983 1018/1018/1018
f 1025/1025/1025 991/991/991 983/983/983
f 1026/1026/1026 982/982/982 1017/1017/1017
f 1026/1026/1026 990/990/990 982/982/982
f 1026/1026/1026 997/997/997 990/990/990
f 1027/1027/1027 984/984/984 1019/1019/1019
f 1027/1027/1027 992/992/992 984/984/984
f 1028/1028/1028 985/985/985 1020/1020/1020
f 1028/1028/1028 993/993/993 985/985/985
f 1029/1029/1029 994/994/994 986/986/986
f 1029/1029/1029 986/986/986 1021/1021/1021
f 1030/1030/1030 1002/1002/1002 995/995/995
f 1030/1030/1030 995/995/995 987/987/987
f 1030/1030/1030 987/987/987 1022/1022/1022
f 1031/1031/1031 996/996/996 1023/1023/1023
f 1032/1032/1032 997/997/997 1026/1026/1026
f 1033/1033/1033 998/998/998 991/991/991
f 1033/1033/1033 991/991/991 1025/1025/1025
f 1034/1034/1034 992/992/992 1027/1027/1027
f 1034/1034/1034 999/999/999 992/992/992
f 1035/1035/1035 993/993/993 1028/1028/1028
f 1035/1035/1035 1007/1007/1007 1000/1000/1000
f 1035/1035/1035 1000/1000/1000 993/993/993
f 1036/1036/1036 994/994/994 1029/1029/1029
f 1036/1036/1036 1001/1001/1001 994/994/994
f 1037/1037/1037 1002/1002/1002 1030/1030/1030
f 1038/1038/1038 1003/1003/1003 996/996/996
f 1038/1038/1038 996/996/996 1031/1031/1031
f 1039/1039/1039 997/997/997 1032/1032/1032
f 1039/1039/1039 1004/1004/1004 997/997/997
f 1040/1040/1040 1005/1005/1005 998/998/998
f 1040/1040/1040 998/998/998 1033/1033/1033
f 1041/1041/1041 999/999/999 1034/1034/1034
f 1041/1041/1041 1006/1006/1006 999/999/999
f 1042/1042/1042 1007/1007/1007 1035/1035/1035
f 1043/1043/1043 1008/1008/1008 1001/1001/1001
f 1043/1043/1043 1001/1001/1001 1036/1036/1036
f 1044/1044/1044 1009/1009/1009 1002/1002/1002
f 1044/1044/1044 1002/1002/1002 1037/1037/1037
f 1045/1045/1045 1018/1018/1018 1010/1010/1010
f 1045/1045/1045 1010/1010/1010 1003/1003/1003
f 1045/1045/1045 1003/1003/1003 1038/1038/1038
f 1046/1046/1046 1012/1012/1012 1004/1004/1004
f 1046/1046/1046 1004/1004/1004 1039/1039/1039
f 1047/1047/1047 1005/1005/1005 1040/1040/1040
f 1047/1047/1047 1011/1011/1011 1005/1005/1005
f 1048/1048/1048 1013/1013/1013 1006/1006/1006
f 1048/1048/1048 1006/1006/1006 1041/1041/1041
f 1049/1049/1049 1014/1014/1014 1007/1007/1007
f 1049/1049/1049 1007/1007/1007 1042/1042/1042
f 1050/1050/1050 1015/1015/1015 81/81/81
f 1050/1050/1050 81/81/81 80/80/80
f 1051/1051/1051 1008/1008/1008 1043/1043/1043
f 1051/1051/1051 1016/1016/1016 1008/1008/1008
f 1052/1052/1052 1026/1026/1026 1017/1017/1017
f 1052/1052/1052 1009/1009/1009 1044/1044/1044
f 1052/1052/1052 1017/1017/1017 1009/1009/1009
f 1053/1053/1053 1018/1018/1018 1045/1045/1045
f 1054/1054/1054 1019/1019/1019 1012/1012/1012
f 1054/1054/1054 1012/1012/1012 1046/1046/1046
f 1055/1055/1055 1011/1011/1011 1047/1047/1047
f 1055/1055/1055 1020/1020/1020 1011/1011/1011
f 1056/1056/1056 1013/1013/1013 1048/1048/1048
f 1056/1056/1056 1021/1021/1021 1013/1013/1013
f 1057/1057/1057 1022/1022/1022 1014/1014/1014
f 1057/1057/1057 1014/1014/1014 1049/1049/1049
f 1058/1058/1058 1015/1015/1015 1050/1050/1050
f 1058/1058/1058 1023/1023/1023 1015/1015/1015
f 1059/1059/1059 14/14/14 15/15/15
f 1059/1059/1059 15/15/15 1024/1024/1024
f 1059/1059/1059 1016/1016/1016 1051/1051/1051
f 1059/1059/1059 1024/1024/1024 1016/1016/1016
f 1060/1060/1060 1026/1026/1026 1052/1052/1052
f 1060/1060/1060 1032/1032/1032 1026/1026/1026
f 1061/1061/1061 1025/1025/1025 1018/1018/1018
f 1061/1061/1061 1018/1018/1018 1053/1053/1053
f 1061/1061/1061 1033/1033/1033 1025/1025/1025
f 1062/1062/1062 1027/1027/1027 1019/1019/1019
f 1062/1062/1062 1019/1019/1019 1054/1054/1054
f 1063/1063/1063 1035/1035/1035 1028/1028/1028
f 1063/1063/1063 1028/1028/1028 1020/1020/1020
f 1063/1063/1063 1020/1020/1020 1055/1055/1055
f 1064/1064/1064 1029/1029/1029 1021/1021/1021
f 1064/1064/1064 1036/1036/1036 1029/1029/1029
f 1064/1064/1064 1021/1021/1021 1056/1056/1056
f 1065/1065/1065 1030/1030/1030 1022/1022/1022
f 1065/1065/1065 1022/1022/1022 1057/1057/1057
f 1066/1066/1066 1031/1031/1031 1023/1023/1023
f 1066/1066/1066 1023/1023/1023 1058/1058/1058
f 1067/1067/1067 1032/1032/1032 1060/1060/1060
f 1068/1068/1068 1033/1033/1033 1061/1061/1061
f 1068/1068/1068 1040/1040/1040 1033/1033/1033
f 1069/1069/1069 1034/1034/1034 1027/1027/1027
f 1069/1069/1069 1027/1027/1027 1062/1062/1062
f 1070/1070/1070 1035/1035/1035 1063/1063/1063
f 1071/1071/1071 1036/1036/1036 1064/1064/1064
f 1071/1071/1071 1043/1043/1043 1036/1036/1036
f 1072/1072/1072 1030/1030/1030 1065/1065/1065
f 1072/1072/1072 1044/1044/1044 1037/1037/1037
f 1072/1072/1072 1037/1037/1037 1030/1030/1030
f 1073/1073/1073 1031/1031/1031 1066/1066/1066
f 1073/1073/1073 1038/1038/1038 1031/1031/1031
f 1074/1074/1074 1032/1032/1032 1067/1067/1067
f 1074/1074/1074 1039/1039/1039 1032/1032/1032
f 1075/1075/1075 1040/1040/1040 1068/1068/1068
f 1076/1076/1076 1041/1041/1041 1034/1034/1034
f 1076/1076/1076 1034/1034/1034 1069/1069/1069
f 1077/1077/1077 1042/1042/1042 1035/1035/1035
f 1077/1077/1077 1035/1035/1035 1070/1070/1070
f 1078/1078/1078 1043/1043/1043 1071/1071/1071
f 1079/1079/1079 1044/1044/1044 1072/1072/1072
f 1080/1080/1080 1038/1038/1038 1073/1073/1073
f 1080/1080/1080 1045/1045/1045 1038/1038/1038
f 1081/1081/1081 1039/1039/1039 1074/1074/1074
f 1081/1081/1081 1046/1046/1046 1039/1039/1039
f 1082/1082/1082 1040/1040/1040 1075/1075/1075
f 1082/1082/1082 1047/1047/1047 1040/1040/1040
f 1082/1082/1082 1055/1055/1055 1047/1047/1047
f 1083/1083/1083 1041/1041/1041 1076/1076/1076
f 1083/1083/1083 1048/1048/1048 1041/1041/1041
f 1084/1084/1084 1049/1049/1049 1042/1042/1042
f 1084/1084/1084 1042/1042/1042 1077/1077/1077
f 1085/1085/1085 1050/1050/1050 80/80/80
f 1085/1085/1085 80/80/80 79/79/79
f 1086/1086/1086 1043/1043/1043 1078/1078/1078
f 1086/1086/1086 1051/1051/1051 1043/1043/1043
f 1087/1087/1087 1052/1052/1052 1044/1044/1044
f 1087/1087/1087 1044/1044/1044 1079/1079/1079
f 1088/1088/1088 1053/1053/1053 1045/1045/1045
f 1088/1088/1088 1045/1045/1045 1080/1080/1080
f 1089/1089/1089 1062/1062/1062 1054/1054/1054
f 1089/1089/1089 1046/1046/1046 1081/1081/1081
f 1089/1089/1089 1054/1054/1054 1046/1046/1046
f 1090/1090/1090 1063/1063/1063 1055/1055/1055
f 1090/1090/1090 1055/1055/1055 1082/1082/1082
f 1091/1091/1091 1048/1048/1048 1083/1083/1083
f 1091/1091/1091 1056/1056/1056 1048/1048/1048
f 1092/1092/1092 1049/1049/1049 1084/1084/1084
f 1092/1092/1092 1057/1057/1057 1049/1049/1049
f 1093/1093/1093 1050/1050/1050 1085/1085/1085
f 1093/1093/1093 1058/1058/1058 1050/1050/1050
f 1094/1094/1094 12/12/12 13/13/13
f 1094/1094/1094 13/13/13 14/14/14
f 1094/1094/1094 14/14/14 1059/1059/1059
f 1094/1094/1094 1051/1051/1051 1086/1086/1086
f 1094/1094/1094 1059/1059/1059 1051/1051/1051
f 1095/1095/1095 1060/1060/1060 1052/1052/1052
f 1095/1095/1095 1052/1052/1052 1087/1087/1087
f 1096/1096/1096 1053/1053/1053 1088/1088/1088
f 1096/1096/1096 1061/1061/1061 1053/1053/1053
f 1097/1097/1097 1063/1063/1063 1090/1090/1090
f 1098/1098/1098 1062/1062/1062 1089/1089/1089
f 1099/1099/1099 1064/1064/1064 1056/1056/1056
f 1099/1099/1099 1056/1056/1056 1091/1091/1091
f 1100/1100/1100 1065/1065/1065 1057/1057/1057
f 1100/1100/1100 1057/1057/1057 1092/1092/1092
f 1101/1101/1101 1058/1058/1058 1093/1093/1093
f 1101/1101/1101 1066/1066/1066 1058/1058/1058
f 1102/1102/1102 1060/1060/1060 1095/1095/1095
f 1102/1102/1102 1067/1067/1067 1060/1060/1060
f 1103/1103/1103 1061/1061/1061 1096/1096/1096
f 1103/1103/1103 1068/1068/1068 1061/1061/1061
f 1104/1104/1104 1062/1062/1062 1098/1098/1098
f 1104/1104/1104 1069/1069/1069 1062/1062/1062
f 1104/1104/1104 1076/1076/1076 1069/1069/1069
f 1105/1105/1105 1063/1063/1063 1097/1097/1097
f 1105/1105/1105 1070/1070/1070 1063/1063/1063
f 1106/1106/1106 1071/1071/1071 1064/1064/1064
f 1106/1106/1106 1064/1064/1064 1099/1099/1099
f 1107/1107/1107 1072/1072/1072 1065/1065/1065
f 1107/1107/1107 1065/1065/1065 1100/1100/1100
f 1108/1108/1108 1066/1066/1066 1101/1101/1101
f 1108/1108/1108 1073/1073/1073 1066/1066/1066
f 1109/1109/1109 1074/1074/1074 1067/1067/1067
f 1109/1109/1109 1067/1067/1067 1102/1102/1102
f 1110/1110/1110 1068/1068/1068 1103/1103/1103
f 1110/1110/1110 1075/1075/1075 1068/1068/1068
f 1111/1111/1111 1076/1076/1076 1104/1104/1104
f 1112/1112/1112 1070/1070/1070 1105/1105/1105
f 1112/1112/1112 1077/1077/1077 1070/1070/1070
f 1112/1112/1112 1084/1084/1084 1077/1077/1077
f 1113/1113/1113 1078/1078/1078 1071/1071/1071
f 1113/1113/1113 1071/1071/1071 1106/1106/1106
f 1114/1114/1114 1072/1072/1072 1107/1107/1107
f 1114/1114/1114 1079/1079/1079 1072/1072/1072
f 1115/1115/1115 1073/1073/1073 1108/1108/1108
f 1115/1115/1115 1080/1080/1080 1073/1073/1073
f 1116/1116/1116 1074/1074/1074 1109/1109/1109
f 1116/1116/1116 1081/1081/1081 1074/1074/1074
f 1117/1117/1117 1082/1082/1082 1075/1075/1075
f 1117/1117/1117 1075/1075/1075 1110/1110/1110
f 1118/1118/1118 1083/1083/1083 1076/1076/1076
f 1118/1118/1118 1076/1076/1076 1111/1111/1111
f 1119/1119/1119 1084/1084/1084 1112/1112/1112
f 1119/1119/1119 1092/1092/1092 1084/1084/1084
f 1120/1120/1120 1085/1085/1085 79/79/79
f 1120/1120/1120 79/79/79 78/78/78
f 1120/1120/1120 1093/1093/1093 1085/1085/1085
f 1121/1121/1121 1086/1086/1086 1078/1078/1078
f 1121/1121/1121 1078/1078/1078 1113/1113/1113
f 1122/1122/1122 1079/1079/1079 1114/1114/1114
f 1122/1122/1122 1087/1087/1087 1079/1079/1079
f 1123/1123/1123 1088/1088/1088 1080/1080/1080
f 1123/1123/1123 1080/1080/1080 1115/1115/1115
f 1124/1124/1124 1098/1098/1098 1089/1089/1089
f 1124/1124/1124 1081/1081/1081 1116/1116/1116
f 1124/1124/1124 1089/1089/1089 1081/1081/1081
f 1125/1125/1125 1090/1090/1090 1082/1082/1082
f 1125/1125/1125 1082/1082/1082 1117/1117/1117
f 1126/1126/1126 1083/1083/1083 1118/1118/1118
f 1126/1126/1126 1091/1091/1091 1083/1083/1083
f 1127/1127/1127 1092/1092/1092 1119/1119/1119
f 1128/1128/1128 1101/1101/1101 1093/1093/1093
f 1128/1128/1128 1093/1093/1093 1120/1120/1120
f 1129/1129/1129 1094/1094/1094 1086/1086/1086
f 1129/1129/1129 1086/1086/1086 1121/1121/1121
f 1129/1129/1129 12/12/12 1094/1094/1094
f 1130/1130/1130 1102/1102/1102 1095/1095/1095
f 1130/1130/1130 1095/1095/1095 1087/1087/1087
f 1130/1130/1130 1087/1087/1087 1122/1122/1122
f 1131/1131/1131 1088/1088/1088 1123/1123/1123
f 1131/1131/1131 1096/1096/1096 1088/1088/1088
f 1132/1132/1132 1098/1098/1098 1124/1124/1124
f 1133/1133/1133 1097/1097/1097 1090/1090/1090
f 1133/1133/1133 1090/1090/1090 1125/1125/1125
f 1134/1134/1134 1099/1099/1099 1091/1091/1091
f 1134/1134/1134 1091/1091/1091 1126/1126/1126
f 1135/1135/1135 1100/1100/1100 1092/1092/1092
f 1135/1135/1135 1092/1092/1092 1127/1127/1127
f 1136/1136/1136 1101/1101/1101 1128/1128/1128
f 1137/1137/1137 1102/1102/1102 1130/1130/1130
f 1138/1138/1138 1096/1096/1096 1131/1131/1131
f 1138/1138/1138 1103/1103/1103 1096/1096/1096
f 1139/1139/1139 1098/1098/1098 1132/1132/1132
f 1139/1139/1139 1104/1104/1104 1098/1098/1098
f 1140/1140/1140 1097/1097/1097 1133/1133/1133
f 1140/1140/1140 1105/1105/1105 1097/1097/1097
f 1141/1141/1141 1106/1106/1106 1099/1099/1099
f 1141/1141/1141 1099/1099/1099 1134/1134/1134
f 1142/1142/1142 1100/1100/1100 1135/1135/1135
f 1142/1142/1142 1107/1107/1107 1100/1100/1100
f 1143/1143/1143 1108/1108/1108 1101/1101/1101
f 1143/1143/1143 1101/1101/1101 1136/1136/1136
f 1144/1144/1144 1102/1102/1102 1137/1137/1137
f 1144/1144/1144 1109/1109/1109 1102/1102/1102
f 1145/1145/1145 1110/1110/1110 1103/1103/1103
f 1145/1145/1145 1103/1103/1103 1138/1138/1138
f 1146/1146/1146 1111/1111/1111 1104/1104/1104
f 1146/1146/1146 1104/1104/1104 1139/1139/1139
f 1147/1147/1147 1112/1112/1112 1105/1105/1105
f 1147/1147/1147 1105/1105/1105 1140/1140/1140
f 1148/1148/1148 1106/1106/1106 1141/1141/1141
f 1148/1148/1148 1113/1113/1113 1106/1106/1106
f 1148/1148/1148 1121/1121/1121 1113/1113/1113
f 1149/1149/1149 1114/1114/1114 1107/1107/1107
f 1149/1149/1149 1107/1107/1107 1142/1142/1142
f 1149/1149/1149 1122/1122/1122 1114/1114/1114
f 1150/1150/1150 1108/1108/1108 1143/1143/1143
f 1150/1150/1150 1115/1115/1115 1108/1108/1108
f 1150/1150/1150 1123/1123/1123 1115/1115/1115
f 1151/1151/1151 1116/1116/1116 1109/1109/1109
f 1151/1151/1151 1109/1109/1109 1144/1144/1144
f 1152/1152/1152 1110/1110/1110 1145/1145/1145
f 1152/1152/1152 1117/1117/1117 1110/1110/1110
f 1153/1153/1153 1111/1111/1111 1146/1146/1146
f 1153/1153/1153 1126/1126/1126 1118/1118/1118
f 1153/1153/1153 1118/1118/1118 1111/1111/1111
f 1154/1154/1154 1112/1112/1112 1147/1147/1147
f 1154/1154/1154 1119/1119/1119 1112/1112/1112
f 1155/1155/1155 78/78/78 77/77/77
f 1155/1155/1155 1120/1120/1120 78/78/78
f 1156/1156/1156 1121/1121/1121 1148/1148/1148
f 1157/1157/1157 1122/1122/1122 1149/1149/1149
f 1157/1157/1157 1130/1130/1130 1122/1122/1122
f 1158/1158/1158 1123/1123/1123 1150/1150/1150
f 1159/1159/1159 1124/1124/1124 1116/1116/1116
f 1159/1159/1159 1116/1116/1116 1151/1151/1151
f 1160/1160/1160 1117/1117/1117 1152/1152/1152
f 1160/1160/1160 1133/1133/1133 1125/1125/1125
f 1160/1160/1160 1125/1125/1125 1117/1117/1117
f 1161/1161/1161 1126/1126/1126 1153/1153/1153
f 1162/1162/1162 1127/1127/1127 1119/1119/1119
f 1162/1162/1162 1119/1119/1119 1154/1154/1154
f 1163/1163/1163 1128/1128/1128 1120/1120/1120
f 1163/1163/1163 1120/1120/1120 1155/1155/1155
f 1164/1164/1164 12/12/12 1129/1129/1129
f 1164/1164/1164 1129/1129/1129 1121/1121/1121
f 1164/1164/1164 11/11/11 12/12/12
f 1164/1164/1164 1121/1121/1121 1156/1156/1156
f 1165/1165/1165 1130/1130/1130 1157/1157/1157
f 1166/1166/1166 1131/1131/1131 1123/1123/1123
f 1166/1166/1166 1123/1123/1123 1158/1158/1158
f 1167/1167/1167 1132/1132/1132 1124/1124/1124
f 1167/1167/1167 1139/1139/1139 1132/1132/1132
f 1167/1167/1167 1124/1124/1124 1159/1159/1159
f 1168/1168/1168 1133/1133/1133 1160/1160/1160
f 1169/1169/1169 1126/1126/1126 1161/1161/1161
f 1169/1169/1169 1134/1134/1134 1126/1126/1126
f 1169/1169/1169 1141/1141/1141 1134/1134/1134
f 1170/1170/1170 1127/1127/1127 1162/1162/1162
f 1170/1170/1170 1135/1135/1135 1127/1127/1127
f 1171/1171/1171 1136/1136/1136 1128/1128/1128
f 1171/1171/1171 1128/1128/1128 1163/1163/1163
f 1172/1172/1172 1137/1137/1137 1130/1130/1130
f 1172/1172/1172 1144/1144/1144 1137/1137/1137
f 1172/1172/1172 1130/1130/1130 1165/1165/1165
f 1173/1173/1173 1138/1138/1138 1131/1131/1131
f 1173/1173/1173 1145/1145/1145 1138/1138/1138
f 1173/1173/1173 1131/1131/1131 1166/1166/1166
f 1174/1174/1174 1139/1139/1139 1167/1167/1167
f 1175/1175/1175 1140/1140/1140 1133/1133/1133
f 1175/1175/1175 1133/1133/1133 1168/1168/1168
f 1176/1176/1176 1141/1141/1141 1169/1169/1169
f 1176/1176/1176 1148/1148/1148 1141/1141/1141
f 1177/1177/1177 1142/1142/1142 1135/1135/1135
f 1177/1177/1177 1135/1135/1135 1170/1170/1170
f 1178/1178/1178 1136/1136/1136 1171/1171/1171
f 1178/1178/1178 1143/1143/1143 1136/1136/1136
f 1179/1179/1179 1144/1144/1144 1172/1172/1172
f 1180/1180/1180 1145/1145/1145 1173/1173/1173
f 1181/1181/1181 1139/1139/1139 1174/1174/1174
f 1181/1181/1181 1146/1146/1146 1139/1139/1139
f 1182/1182/1182 1140/1140/1140 1175/1175/1175
f 1182/1182/1182 1147/1147/1147 1140/1140/1140
f 1182/1182/1182 1154/1154/1154 1147/1147/1147
f 1183/1183/1183 1148/1148/1148 1176/1176/1176
f 1184/1184/1184 1149/1149/1149 1142/1142/1142
f 1184/1184/1184 1142/1142/1142 1177/1177/1177
f 1185/1185/1185 1150/1150/1150 1143/1143/1143
f 1185/1185/1185 1143/1143/1143 1178/1178/1178
f 1186/1186/1186 1144/1144/1144 1179/1179/1179
f 1186/1186/1186 1151/1151/1151 1144/1144/1144
f 1186/1186/1186 1159/1159/1159 1151/1151/1151
f 1187/1187/1187 1145/1145/1145 1180/1180/1180
f 1187/1187/1187 1152/1152/1152 1145/1145/1145
f 1188/1188/1188 1153/1153/1153 1146/1146/1146
f 1188/1188/1188 1146/1146/1146 1181/1181/1181
f 1189/1189/1189 1154/1154/1154 1182/1182/1182
f 1190/1190/1190 77/77/77 76/76/76
f 1190/1190/1190 1155/1155/1155 77/77/77
f 1191/1191/1191 1148/1148/1148 1183/1183/1183
f 1191/1191/1191 1156/1156/1156 1148/1148/1148
f 1192/1192/1192 1149/1149/1149 1184/1184/1184
f 1192/1192/1192 1157/1157/1157 1149/1149/1149
f 1193/1193/1193 1166/1166/1166 1158/1158/1158
f 1193/1193/1193 1150/1150/1150 1185/1185/1185
f 1193/1193/1193 1158/1158/1158 1150/1150/1150
f 1194/1194/1194 1159/1159/1159 1186/1186/1186
f 1194/1194/1194 1167/1167/1167 1159/1159/1159
f 1195/1195/1195 1168/1168/1168 1160/1160/1160
f 1195/1195/1195 1160/1160/1160 1152/1152/1152
f 1195/1195/1195 1152/1152/1152 1187/1187/1187
f 1196/1196/1196 1161/1161/1161 1153/1153/1153
f 1196/1196/1196 1153/1153/1153 1188/1188/1188
f 1197/1197/1197 1154/1154/1154 1189/1189/1189
f 1197/1197/1197 1162/1162/1162 1154/1154/1154
f 1198/1198/1198 1163/1163/1163 1155/1155/1155
f 1198/1198/1198 1155/1155/1155 1190/1190/1190
f 1199/1199/1199 9/9/9 10/10/10
f 1199/1199/1199 10/10/10 11/11/11
f 1199/1199/1199 11/11/11 1164/1164/1164
f 1199/1199/1199 1164/1164/1164 1156/1156/1156
f 1199/1199/1199 1156/1156/1156 1191/1191/1191
f 1200/1200/1200 1157/1157/1157 1192/1192/1192
f 1200/1200/1200 1165/1165/1165 1157/1157/1157
f 1201/1201/1201 1166/1166/1166 1193/1193/1193
f 1202/1202/1202 1174/1174/1174 1167/1167/1167
f 1202/1202/1202 1167/1167/1167 1194/1194/1194
f 1203/1203/1203 1168/1168/1168 1195/1195/1195
f 1204/1204/1204 1161/1161/1161 1196/1196/1196
f 1204/1204/1204 1169/1169/1169 1161/1161/1161
f 1205/1205/1205 1170/1170/1170 1162/1162/1162
f 1205/1205/1205 1162/1162/1162 1197/1197/1197
f 1206/1206/1206 1171/1171/1171 1163/1163/1163
f 1206/1206/1206 1163/1163/1163 1198/1198/1198
f 1207/1207/1207 1165/1165/1165 1200/1200/1200
f 1207/1207/1207 1172/1172/1172 1165/1165/1165
f 1208/1208/1208 1173/1173/1173 1166/1166/1166
f 1208/1208/1208 1180/1180/1180 1173/1173/1173
f 1208/1208/1208 1166/1166/1166 1201/1201/1201
f 1209/1209/1209 1174/1174/1174 1202/1202/1202
f 1210/1210/1210 1168/1168/1168 1203/1203/1203
f 1210/1210/1210 1175/1175/1175 1168/1168/1168
f 1210/1210/1210 1182/1182/1182 1175/1175/1175
f 1211/1211/1211 1176/1176/1176 1169/1169/1169
f 1211/1211/1211 1169/1169/1169 1204/1204/1204
f 1212/1212/1212 1170/1170/1170 1205/1205/1205
f 1212/1212/1212 1177/1177/1177 1170/1170/1170
f 1213/1213/1213 1171/1171/1171 1206/1206/1206
f 1213/1213/1213 1178/1178/1178 1171/1171/1171
f 1214/1214/1214 1172/1172/1172 1207/1207/1207
f 1214/1214/1214 1179/1179/1179 1172/1172/1172
f 1215/1215/1215 1180/1180/1180 1208/1208/1208
f 1216/1216/1216 1181/1181/1181 1174/1174/1174
f 1216/1216/1216 1174/1174/1174 1209/1209/1209
f 1216/1216/1216 1188/1188/1188 1181/1181/1181
f 1217/1217/1217 1182/1182/1182 1210/1210/1210
f 1218/1218/1218 1176/1176/1176 1211/1211/1211
f 1218/1218/1218 1183/1183/1183 1176/1176/1176
f 1219/1219/1219 1184/1184/1184 1177/1177/1177
f 1219/1219/1219 1177/1177/1177 1212/1212/1212
f 1220/1220/1220 1185/1185/1185 1178/1178/1178
f 1220/1220/1220 1178/1178/1178 1213/1213/1213
f 1221/1221/1221 1179/1179/1179 1214/1214/1214
f 1221/1221/1221 1186/1186/1186 1179/1179/1179
f 1222/1222/1222 1195/1195/1195 1187/1187/1187
f 1222/1222/1222 1187/1187/1187 1180/1180/1180
f 1222/1222/1222 1180/1180/1180 1215/1215/1215
f 1223/1223/1223 1188/1188/1188 1216/1216/1216
f 1224/1224/1224 1182/1182/1182 1217/1217/1217
f 1224/1224/1224 1197/1197/1197 1189/1189/1189
f 1224/1224/1224 1189/1189/1189 1182/1182/1182
f 1225/1225/1225 74/74/74 110/110/110
f 1225/1225/1225 1198/1198/1198 1190/1190/1190
f 1225/1225/1225 75/75/75 74/74/74
f 1225/1225/1225 76/76/76 75/75/75
f 1225/1225/1225 1190/1190/1190 76/76/76
f 1226/1226/1226 1183/1183/1183 1218/1218/1218
f 1226/1226/1226 1191/1191/1191 1183/1183/1183
f 1227/1227/1227 1192/1192/1192 1184/1184/1184
f 1227/1227/1227 1184/1184/1184 1219/1219/1219
f 1228/1228/1228 1185/1185/1185 1220/1220/1220
f 1228/1228/1228 1193/1193/1193 1185/1185/1185
f 1229/1229/1229 1194/1194/1194 1186/1186/1186
f 1229/1229/1229 1186/1186/1186 1221/1221/1221
f 1230/1230/1230 1195/1195/1195 1222/1222/1222
f 1231/1231/1231 1204/1204/1204 1196/1196/1196
f 1231/1231/1231 1188/1188/1188 1223/1223/1223
f 1231/1231/1231 1196/1196/1196 1188/1188/1188
f 1232/1232/1232 1205/1205/1205 1197/1197/1197
f 1232/1232/1232 1197/1197/1197 1224/1224/1224
f 1233/1233/1233 110/110/110 111/111/111
f 1233/1233/1233 1206/1206/1206 1198/1198/1198
f 1233/1233/1233 1225/1225/1225 110/110/110
f 1233/1233/1233 1198/1198/1198 1225/1225/1225
f 1234/1234/1234 1199/1199/1199 1191/1191/1191
f 1234/1234/1234 9/9/9 1199/1199/1199
f 1234/1234/1234 1191/1191/1191 1226/1226/1226
f 1235/1235/1235 1192/1192/1192 1227/1227/1227
f 1235/1235/1235 1200/1200/1200 1192/1192/1192
f 1236/1236/1236 1201/1201/1201 1193/1193/1193
f 1236/1236/1236 1193/1193/1193 1228/1228/1228
f 1237/1237/1237 1202/1202/1202 1194/1194/1194
f 1237/1237/1237 1194/1194/1194 1229/1229/1229
f 1238/1238/1238 1195/1195/1195 1230/1230/1230
f 1238/1238/1238 1203/1203/1203 1195/1195/1195
f 1239/1239/1239 1204/1204/1204 1231/1231/1231
f 1239/1239/1239 1211/1211/1211 1204/1204/1204
f 1240/1240/1240 1205/1205/1205 1232/1232/1232
f 1241/1241/1241 111/111/111 112/112/112
f 1241/1241/1241 1233/1233/1233 111/111/111
f 1241/1241/1241 1206/1206/1206 1233/1233/1233
f 1242/1242/1242 1200/1200/1200 1235/1235/1235
f 1242/1242/1242 1207/1207/1207 1200/1200/1200
f 1242/1242/1242 1214/1214/1214 1207/1207/1207
f 1243/1243/1243 1208/1208/1208 1201/1201/1201
f 1243/1243/1243 1215/1215/1215 1208/1208/1208
f 1243/1243/1243 1201/1201/1201 1236/1236/1236
f 1244/1244/1244 1202/1202/1202 1237/1237/1237
f 1244/1244/1244 1209/1209/1209 1202/1202/1202
f 1245/1245/1245 1210/1210/1210 1203/1203/1203
f 1245/1245/1245 1203/1203/1203 1238/1238/1238
f 1245/1245/1245 1217/1217/1217 1210/1210/1210
f 1246/1246/1246 1211/1211/1211 1239/1239/1239
f 1246/1246/1246 1218/1218/1218 1211/1211/1211
f 1247/1247/1247 1212/1212/1212 1205/1205/1205
f 1247/1247/1247 1205/1205/1205 1240/1240/1240
f 1248/1248/1248 112/112/112 113/113/113
f 1248/1248/1248 1213/1213/1213 1206/1206/1206
f 1248/1248/1248 1206/1206/1206 1241/1241/1241
f 1248/1248/1248 1241/1241/1241 112/112/112
f 1249/1249/1249 1214/1214/1214 1242/1242/1242
f 1250/1250/1250 1215/1215/1215 1243/1243/1243
f 1251/1251/1251 1209/1209/1209 1244/1244/1244
f 1251/1251/1251 1216/1216/1216 1209/1209/1209
f 1252/1252/1252 1217/1217/1217 1245/1245/1245
f 1253/1253/1253 1218/1218/1218 1246/1246/1246
f 1254/1254/1254 1219/1219/1219 1212/1212/1212
f 1254/1254/1254 1212/1212/1212 1247/1247/1247
f 1254/1254/1254 1227/1227/1227 1219/1219/1219
f 1255/1255/1255 1228/1228/1228 1220/1220/1220
f 1255/1255/1255 113/113/113 114/114/114
f 1255/1255/1255 1248/1248/1248 113/113/113
f 1255/1255/1255 1213/1213/1213 1248/1248/1248
f 1255/1255/1255 1220/1220/1220 1213/1213/1213
f 1256/1256/1256 1229/1229/1229 1221/1221/1221
f 1256/1256/1256 1214/1214/1214 1249/1249/1249
f 1256/1256/1256 1221/1221/1221 1214/1214/1214
f 1257/1257/1257 1215/1215/1215 1250/1250/1250
f 1257/1257/1257 1222/1222/1222 1215/1215/1215
f 1258/1258/1258 1216/1216/1216 1251/1251/1251
f 1258/1258/1258 1223/1223/1223 1216/1216/1216
f 1259/1259/1259 1217/1217/1217 1252/1252/1252
f 1259/1259/1259 1224/1224/1224 1217/1217/1217
f 1260/1260/1260 1234/1234/1234 1226/1226/1226
f 1260/1260/1260 1218/1218/1218 1253/1253/1253
f 1260/1260/1260 1226/1226/1226 1218/1218/1218
f 1261/1261/1261 1235/1235/1235 1227/1227/1227
f 1261/1261/1261 1227/1227/1227 1254/1254/1254
f 1262/1262/1262 114/114/114 115/115/115
f 1262/1262/1262 1255/1255/1255 114/114/114
f 1262/1262/1262 1228/1228/1228 1255/1255/1255
f 1263/1263/1263 1229/1229/1229 1256/1256/1256
f 1263/1263/1263 1237/1237/1237 1229/1229/1229
f 1264/1264/1264 1238/1238/1238 1230/1230/1230
f 1264/1264/1264 1222/1222/1222 1257/1257/1257
f 1264/1264/1264 1230/1230/1230 1222/1222/1222
f 1265/1265/1265 1231/1231/1231 1223/1223/1223
f 1265/1265/1265 1223/1223/1223 1258/1258/1258
f 1266/1266/1266 1224/1224/1224 1259/1259/1259
f 1266/1266/1266 1232/1232/1232 1224/1224/1224
f 1266/1266/1266 1240/1240/1240 1232/1232/1232
f 1267/1267/1267 8/8/8 9/9/9
f 1267/1267/1267 1234/1234/1234 1260/1260/1260
f 1267/1267/1267 9/9/9 1234/1234/1234
f 1268/1268/1268 1235/1235/1235 1261/1261/1261
f 1269/1269/1269 1228/1228/1228 1262/1262/1262
f 1269/1269/1269 115/115/115 116/116/116
f 1269/1269/1269 1236/1236/1236 1228/1228/1228
f 1269/1269/1269 1262/1262/1262 115/115/115
f 1270/1270/1270 1237/1237/1237 1263/1263/1263
f 1270/1270/1270 1244/1244/1244 1237/1237/1237
f 1271/1271/1271 1238/1238/1238 1264/1264/1264
f 1272/1272/1272 1239/1239/1239 1231/1231/1231
f 1272/1272/1272 1231/1231/1231 1265/1265/1265
f 1273/1273/1273 1240/1240/1240 1266/1266/1266
f 1274/1274/1274 1235/1235/1235 1268/1268/1268
f 1274/1274/1274 1242/1242/1242 1235/1235/1235
f 1275/1275/1275 1269/1269/1269 116/116/116
f 1275/1275/1275 116/116/116 117/117/117
f 1275/1275/1275 117/117/117 118/118/118
f 1275/1275/1275 1243/1243/1243 1236/1236/1236
f 1275/1275/1275 1236/1236/1236 1269/1269/1269
f 1275/1275/1275 1250/1250/1250 1243/1243/1243
f 1276/1276/1276 1244/1244/1244 1270/1270/1270
f 1277/1277/1277 1238/1238/1238 1271/1271/1271
f 1277/1277/1277 1245/1245/1245 1238/1238/1238
f 1278/1278/1278 1239/1239/1239 1272/1272/1272
f 1278/1278/1278 1246/1246/1246 1239/1239/1239
f 1279/1279/1279 1240/1240/1240 1273/1273/1273
f 1279/1279/1279 1247/1247/1247 1240/1240/1240
f 1279/1279/1279 1254/1254/1254 1247/1247/1247
f 1280/1280/1280 1249/1249/1249 1242/1242/1242
f 1280/1280/1280 1242/1242/1242 1274/1274/1274
f 1280/1280/1280 1256/1256/1256 1249/1249/1249
f 1281/1281/1281 1250/1250/1250 1275/1275/1275
f 1281/1281/1281 1275/1275/1275 118/118/118
f 1282/1282/1282 1251/1251/1251 1244/1244/1244
f 1282/1282/1282 1244/1244/1244 1276/1276/1276
f 1282/1282/1282 1258/1258/1258 1251/1251/1251
f 1283/1283/1283 1252/1252/1252 1245/1245/1245
f 1283/1283/1283 1245/1245/1245 1277/1277/1277
f 1284/1284/1284 1246/1246/1246 1278/1278/1278
f 1284/1284/1284 1253/1253/1253 1246/1246/1246
f 1285/1285/1285 1254/1254/1254 1279/1279/1279
f 1285/1285/1285 1261/1261/1261 1254/1254/1254
f 1286/1286/1286 1256/1256/1256 1280/1280/1280
f 1287/1287/1287 118/118/118 119/119/119
f 1287/1287/1287 1281/1281/1281 118/118/118
f 1287/1287/1287 1250/1250/1250 1281/1281/1281
f 1287/1287/1287 1257/1257/1257 1250/1250/1250
f 1288/1288/1288 1265/1265/1265 1258/1258/1258
f 1288/1288/1288 1258/1258/1258 1282/1282/1282
f 1289/1289/1289 1252/1252/1252 1283/1283/1283
f 1289/1289/1289 1259/1259/1259 1252/1252/1252
f 1290/1290/1290 1253/1253/1253 1284/1284/1284
f 1290/1290/1290 1260/1260/1260 1253/1253/1253
f 1291/1291/1291 1261/1261/1261 1285/1285/1285
f 1291/1291/1291 1268/1268/1268 1261/1261/1261
f 1292/1292/1292 1256/1256/1256 1286/1286/1286
f 1292/1292/1292 1263/1263/1263 1256/1256/1256
f 1293/1293/1293 119/119/119 120/120/120
f 1293/1293/1293 1287/1287/1287 119/119/119
f 1293/1293/1293 1257/1257/1257 1287/1287/1287
f 1293/1293/1293 1264/1264/1264 1257/1257/1257
f 1294/1294/1294 1265/1265/1265 1288/1288/1288
f 1295/1295/1295 1273/1273/1273 1266/1266/1266
f 1295/1295/1295 1266/1266/1266 1259/1259/1259
f 1295/1295/1295 1259/1259/1259 1289/1289/1289
f 1296/1296/1296 7/7/7 8/8/8
f 1296/1296/1296 8/8/8 1267/1267/1267
f 1296/1296/1296 1267/1267/1267 1260/1260/1260
f 1296/1296/1296 1260/1260/1260 1290/1290/1290
f 1297/1297/1297 1268/1268/1268 1291/1291/1291
f 1298/1298/1298 1270/1270/1270 1263/1263/1263
f 1298/1298/1298 1263/1263/1263 1292/1292/1292
f 1299/1299/1299 1271/1271/1271 1264/1264/1264
f 1299/1299/1299 120/120/120 121/121/121
f 1299/1299/1299 1293/1293/1293 120/120/120
f 1299/1299/1299 1264/1264/1264 1293/1293/1293
f 1300/1300/1300 1272/1272/1272 1265/1265/1265
f 1300/1300/1300 1265/1265/1265 1294/1294/1294
f 1301/1301/1301 1273/1273/1273 1295/1295/1295
f 1302/1302/1302 1274/1274/1274 1268/1268/1268
f 1302/1302/1302 1268/1268/1268 1297/1297/1297
f 1303/1303/1303 1276/1276/1276 1270/1270/1270
f 1303/1303/1303 1270/1270/1270 1298/1298/1298
f 1304/1304/1304 121/121/121 122/122/122
f 1304/1304/1304 122/122/122 123/123/123
f 1304/1304/1304 1283/1283/1283 1277/1277/1277
f 1304/1304/1304 1299/1299/1299 121/121/121
f 1304/1304/1304 1277/1277/1277 1271/1271/1271
f 1304/1304/1304 1271/1271/1271 1299/1299/1299
f 1305/1305/1305 1272/1272/1272 1300/1300/1300
f 1305/1305/1305 1278/1278/1278 1272/1272/1272
f 1305/1305/1305 1284/1284/1284 1278/1278/1278
f 1306/1306/1306 1273/1273/1273 1301/1301/1301
f 1306/1306/1306 1279/1279/1279 1273/1273/1273
f 1307/1307/1307 1274/1274/1274 1302/1302/1302
f 1307/1307/1307 1280/1280/1280 1274/1274/1274
f 1308/1308/1308 1276/1276/1276 1303/1303/1303
f 1308/1308/1308 1282/1282/1282 1276/1276/1276
f 1309/1309/1309 1283/1283/1283 1304/1304/1304
f 1309/1309/1309 1304/1304/1304 123/123/123
f 1310/1310/1310 1284/1284/1284 1305/1305/1305
f 1311/1311/1311 1279/1279/1279 1306/1306/1306
f 1311/1311/1311 1285/1285/1285 1279/1279/1279
f 1311/1311/1311 1291/1291/1291 1285/1285/1285
f 1312/1312/1312 1280/1280/1280 1307/1307/1307
f 1312/1312/1312 1286/1286/1286 1280/1280/1280
f 1313/1313/1313 1288/1288/1288 1282/1282/1282
f 1313/1313/1313 1282/1282/1282 1308/1308/1308
f 1314/1314/1314 1295/1295/1295 1289/1289/1289
f 1314/1314/1314 123/123/123 124/124/124
f 1314/1314/1314 1309/1309/1309 123/123/123
f 1314/1314/1314 1283/1283/1283 1309/1309/1309
f 1314/1314/1314 1289/1289/1289 1283/1283/1283
f 1315/1315/1315 1296/1296/1296 1290/1290/1290
f 1315/1315/1315 1284/1284/1284 1310/1310/1310
f 1315/1315/1315 1290/1290/1290 1284/1284/1284
f 1316/1316/1316 1291/1291/1291 1311/1311/1311
f 1317/1317/1317 1292/1292/1292 1286/1286/1286
f 1317/1317/1317 1286/1286/1286 1312/1312/1312
f 1317/1317/1317 1298/1298/1298 1292/1292/1292
f 1318/1318/1318 1288/1288/1288 1313/1313/1313
f 1318/1318/1318 1294/1294/1294 1288/1288/1288
f 1319/1319/1319 124/124/124 125/125/125
f 1319/1319/1319 125/125/125 126/126/126
f 1319/1319/1319 1314/1314/1314 124/124/124
f 1319/1319/1319 1301/1301/1301 1295/1295/1295
f 1319/1319/1319 1295/1295/1295 1314/1314/1314
f 1320/1320/1320 6/6/6 7/7/7
f 1320/1320/1320 1296/1296/1296 1315/1315/1315
f 1320/1320/1320 7/7/7 1296/1296/1296
f 1321/1321/1321 1291/1291/1291 1316/1316/1316
f 1321/1321/1321 1302/1302/1302 1297/1297/1297
f 1321/1321/1321 1297/1297/1297 1291/1291/1291
f 1322/1322/1322 1298/1298/1298 1317/1317/1317
f 1323/1323/1323 1294/1294/1294 1318/1318/1318
f 1323/1323/1323 1300/1300/1300 1294/1294/1294
f 1324/1324/1324 1319/1319/1319 126/126/126
f 1324/1324/1324 1301/1301/1301 1319/1319/1319
f 1325/1325/1325 1302/1302/1302 1321/1321/1321
f 1326/1326/1326 1298/1298/1298 1322/1322/1322
f 1326/1326/1326 1303/1303/1303 1298/1298/1298
f 1327/1327/1327 1305/1305/1305 1300/1300/1300
f 1327/1327/1327 1300/1300/1300 1323/1323/1323
f 1328/1328/1328 126/126/126 127/127/127
f 1328/1328/1328 1324/1324/1324 126/126/126
f 1328/1328/1328 1306/1306/1306 1301/1301/1301
f 1328/1328/1328 1301/1301/1301 1324/1324/1324
f 1329/1329/1329 1307/1307/1307 1302/1302/1302
f 1329/1329/1329 1302/1302/1302 1325/1325/1325
f 1330/1330/1330 1303/1303/1303 1326/1326/1326
f 1330/1330/1330 1308/1308/1308 1303/1303/1303
f 1330/1330/1330 1313/1313/1313 1308/1308/1308
f 1331/1331/1331 1310/1310/1310 1305/1305/1305
f 1331/1331/1331 1305/1305/1305 1327/1327/1327
f 1332/1332/1332 1306/1306/1306 1328/1328/1328
f 1332/1332/1332 1328/1328/1328 127/127/127
f 1332/1332/1332 127/127/127 128/128/128
f 1332/1332/1332 128/128/128 129/129/129
f 1332/1332/1332 1311/1311/1311 1306/1306/1306
f 1333/1333/1333 1312/1312/1312 1307/1307/1307
f 1333/1333/1333 1317/1317/1317 1312/1312/1312
f 1333/1333/1333 1307/1307/1307 1329/1329/1329
f 1334/1334/1334 1313/1313/1313 1330/1330/1330
f 1335/1335/1335 1310/1310/1310 1331/1331/1331
f 1335/1335/1335 1315/1315/1315 1310/1310/1310
f 1336/1336/1336 1311/1311/1311 1332/1332/1332
f 1336/1336/1336 1316/1316/1316 1311/1311/1311
f 1336/1336/1336 1321/1321/1321 1316/1316/1316
f 1336/1336/1336 1332/1332/1332 129/129/129
f 1337/1337/1337 1317/1317/1317 1333/1333/1333
f 1337/1337/1337 1322/1322/1322 1317/1317/1317
f 1338/1338/1338 1318/1318/1318 1313/1313/1313
f 1338/1338/1338 1323/1323/1323 1318/1318/1318
f 1338/1338/1338 1313/1313/1313 1334/1334/1334
f 1339/1339/1339 4/4/4 5/5/5
f 1339/1339/1339 5/5/5 6/6/6
f 1339/1339/1339 1315/1315/1315 1335/1335/1335
f 1339/1339/1339 6/6/6 1320/1320/1320
f 1339/1339/1339 1320/1320/1320 1315/1315/1315
f 1340/1340/1340 1321/1321/1321 1336/1336/1336
f 1340/1340/1340 129/129/129 130/130/130
f 1340/1340/1340 130/130/130 131/131/131
f 1340/1340/1340 1336/1336/1336 129/129/129
f 1341/1341/1341 1322/1322/1322 1337/1337/1337
f 1342/1342/1342 1323/1323/1323 1338/1338/1338
f 1343/1343/1343 1321/1321/1321 1340/1340/1340
f 1343/1343/1343 1325/1325/1325 1321/1321/1321
f 1343/1343/1343 1340/1340/1340 131/131/131
f 1344/1344/1344 1330/1330/1330 1326/1326/1326
f 1344/1344/1344 1322/1322/1322 1341/1341/1341
f 1344/1344/1344 1326/1326/1326 1322/1322/1322
f 1345/1345/1345 1323/1323/1323 1342/1342/1342
f 1345/1345/1345 1327/1327/1327 1323/1323/1323
f 1346/1346/1346 1329/1329/1329 1325/1325/1325
f 1346/1346/1346 1333/1333/1333 1329/1329/1329
f 1346/1346/1346 1343/1343/1343 131/131/131
f 1346/1346/1346 1325/1325/1325 1343/1343/1343
f 1346/1346/1346 131/131/131 132/132/132
f 1346/1346/1346 132/132/132 133/133/133
f 1347/1347/1347 1334/1334/1334 1330/1330/1330
f 1347/1347/1347 1330/1330/1330 1344/1344/1344
f 1348/1348/1348 1331/1331/1331 1327/1327/1327
f 1348/1348/1348 1327/1327/1327 1345/1345/1345
f 1349/1349/1349 1346/1346/1346 133/133/133
f 1349/1349/1349 1333/1333/1333 1346/1346/1346
f 1350/1350/1350 1334/1334/1334 1347/1347/1347
f 1351/1351/1351 1331/1331/1331 1348/1348/1348
f 1351/1351/1351 1335/1335/1335 1331/1331/1331
f 1351/1351/1351 1339/1339/1339 1335/1335/1335
f 1352/1352/1352 1337/1337/1337 1333/1333/1333
f 1352/1352/1352 1349/1349/1349 133/133/133
f 1352/1352/1352 133/133/133 134/134/134
f 1352/1352/1352 1333/1333/1333 1349/1349/1349
f 1353/1353/1353 1338/1338/1338 1334/1334/1334
f 1353/1353/1353 1342/1342/1342 1338/1338/1338
f 1353/1353/1353 1334/1334/1334 1350/1350/1350
f 1354/1354/1354 4/4/4 1339/1339/1339
f 1354/1354/1354 1339/1339/1339 1351/1351/1351
f 1355/1355/1355 134/134/134 135/135/135
f 1355/1355/1355 1352/1352/1352 134/134/134
f 1355/1355/1355 1341/1341/1341 1337/1337/1337
f 1355/1355/1355 1337/1337/1337 1352/1352/1352
f 1356/1356/1356 1342/1342/1342 1353/1353/1353
f 1357/1357/1357 1341/1341/1341 1355/1355/1355
f 1357/1357/1357 135/135/135 136/136/136
f 1357/1357/1357 1355/1355/1355 135/135/135
f 1357/1357/1357 1344/1344/1344 1341/1341/1341
f 1358/1358/1358 1348/1348/1348 1345/1345/1345
f 1358/1358/1358 1345/1345/1345 1342/1342/1342
f 1358/1358/1358 1342/1342/1342 1356/1356/1356
f 1359/1359/1359 136/136/136 137/137/137
f 1359/1359/1359 1344/1344/1344 1357/1357/1357
f 1359/1359/1359 1347/1347/1347 1344/1344/1344
f 1359/1359/1359 1357/1357/1357 136/136/136
f 1360/1360/1360 1348/1348/1348 1358/1358/1358
f 1361/1361/1361 137/137/137 138/138/138
f 1361/1361/1361 1347/1347/1347 1359/1359/1359
f 1361/1361/1361 1350/1350/1350 1347/1347/1347
f 1361/1361/1361 1359/1359/1359 137/137/137
f 1362/1362/1362 1348/1348/1348 1360/1360/1360
f 1362/1362/1362 1351/1351/1351 1348/1348/1348
f 1362/1362/1362 1354/1354/1354 1351/1351/1351
f 1363/1363/1363 138/138/138 139/139/139
f 1363/1363/1363 1353/1353/1353 1350/1350/1350
f 1363/1363/1363 1361/1361/1361 138/138/138
f 1363/1363/1363 1350/1350/1350 1361/1361/1361
f 1364/1364/1364 3/3/3 4/4/4
f 1364/1364/1364 1354/1354/1354 1362/1362/1362
f 1364/1364/1364 4/4/4 1354/1354/1354
f 1365/1365/1365 139/139/139 140/140/140
f 1365/1365/1365 1356/1356/1356 1353/1353/1353
f 1365/1365/1365 1353/1353/1353 1363/1363/1363
f 1365/1365/1365 1363/1363/1363 139/139/139
f 1366/1366/1366 140/140/140 141/141/141
f 1366/1366/1366 1356/1356/1356 1365/1365/1365
f 1366/1366/1366 1358/1358/1358 1356/1356/1356
f 1366/1366/1366 1365/1365/1365 140/140/140
f 1367/1367/1367 1366/1366/1366 141/141/141
f 1367/1367/1367 1358/1358/1358 1366/1366/1366
f 1367/1367/1367 141/141/141 142/142/142
f 1367/1367/1367 1360/1360/1360 1358/1358/1358
f 1368/1368/1368 1360/1360/1360 1367/1367/1367
f 1368/1368/1368 1367/1367/1367 142/142/142
f 1368/1368/1368 142/142/142 143/143/143
f 1368/1368/1368 1362/1362/1362 1360/1360/1360
f 1369/1369/1369 1/1/1 2/2/2
f 1369/1369/1369 2/2/2 3/3/3
f 1369/1369/1369 1364/1364/1364 1362/1362/1362
f 1369/1369/1369 1368/1368/1368 143/143/143
f 1369/1369/1369 143/143/143 144/144/144
f 1369/1369/1369 144/144/144 1/1/1
f 1369/1369/1369 3/3/3 1364/1364/1364
f 1369/1369/1369 1362/1362/1362 1368/1368/1368
