v 0.000000000 3.000000000 0.000000000
v 0.100000000 3.000000000 0.000000000
v 0.200000000 3.000000000 0.000000000
v 0.300000000 3.000000000 0.000000000
v 0.400000000 3.000000000 0.000000000
v 0.500000000 3.000000000 0.000000000
v 0.600000000 3.000000000 0.000000000
v 0.700000000 3.000000000 0.000000000
v 0.800000000 3.000000000 0.000000000
v 0.900000000 3.000000000 0.000000000
v 1.000000000 3.000000000 0.000000000
v 1.100000000 3.000000000 0.000000000
v 1.200000000 3.000000000 0.000000000
v 1.300000000 3.000000000 0.000000000
v 1.400000000 3.000000000 0.000000000
v 1.500000000 3.000000000 0.000000000
v 1.600000000 3.000000000 0.000000000
v 1.700000000 3.000000000 0.000000000
v 1.800000000 3.000000000 0.000000000
v 1.900000000 3.000000000 0.000000000
v 2.000000000 3.000000000 0.000000000
v 0.000000000 2.900000000 0.000000000
v 0.100000000 2.900000000 0.000000000
v 0.200000000 2.900000000 0.000000000
v 0.300000000 2.900000000 0.000000000
v 0.400000000 2.900000000 0.000000000
v 0.500000000 2.900000000 0.000000000
v 0.600000000 2.900000000 0.000000000
v 0.700000000 2.900000000 0.000000000
v 0.800000000 2.900000000 0.000000000
v 0.900000000 2.900000000 0.000000000
v 1.000000000 2.900000000 0.000000000
v 1.100000000 2.900000000 0.000000000
v 1.200000000 2.900000000 0.000000000
v 1.300000000 2.900000000 0.000000000
v 1.400000000 2.900000000 0.000000000
v 1.500000000 2.900000000 0.000000000
v 1.600000000 2.900000000 0.000000000
v 1.700000000 2.900000000 0.000000000
v 1.800000000 2.900000000 0.000000000
v 1.900000000 2.900000000 0.000000000
v 2.000000000 2.900000000 0.000000000
v 0.000000000 2.800000000 0.000000000
v 0.100000000 2.800000000 0.000000000
v 0.200000000 2.800000000 0.000000000
v 0.300000000 2.800000000 0.000000000
v 0.400000000 2.800000000 0.000000000
v 0.500000000 2.800000000 0.000000000
v 0.600000000 2.800000000 0.000000000
v 0.700000000 2.800000000 0.000000000
v 0.800000000 2.800000000 0.000000000
v 0.900000000 2.800000000 0.000000000
v 1.000000000 2.800000000 0.000000000
v 1.100000000 2.800000000 0.000000000
v 1.200000000 2.800000000 0.000000000
v 1.300000000 2.800000000 0.000000000
v 1.400000000 2.800000000 0.000000000
v 1.500000000 2.800000000 0.000000000
v 1.600000000 2.800000000 0.000000000
v 1.700000000 2.800000000 0.000000000
v 1.800000000 2.800000000 0.000000000
v 1.900000000 2.800000000 0.000000000
v 2.000000000 2.800000000 0.000000000
v 0.000000000 2.700000000 0.000000000
v 0.100000000 2.700000000 0.000000000
v 0.200000000 2.700000000 0.000000000
v 0.300000000 2.700000000 0.000000000
v 0.400000000 2.700000000 0.000000000
v 0.500000000 2.700000000 0.000000000
v 0.600000000 2.700000000 0.000000000
v 0.700000000 2.700000000 0.000000000
v 0.800000000 2.700000000 0.000000000
v 0.900000000 2.700000000 0.000000000
v 1.000000000 2.700000000 0.000000000
v 1.100000000 2.700000000 0.000000000
v 1.200000000 2.700000000 0.000000000
v 1.300000000 2.700000000 0.000000000
v 1.400000000 2.700000000 0.000000000
v 1.500000000 2.700000000 0.000000000
v 1.600000000 2.700000000 0.000000000
v 1.700000000 2.700000000 0.000000000
v 1.800000000 2.700000000 0.000000000
v 1.900000000 2.700000000 0.000000000
v 2.000000000 2.700000000 0.000000000
v 0.000000000 2.600000000 0.000000000
v 0.100000000 2.600000000 0.000000000
v 0.200000000 2.600000000 0.000000000
v 0.300000000 2.600000000 0.000000000
v 0.400000000 2.600000000 0.000000000
v 0.500000000 2.600000000 0.000000000
v 0.600000000 2.600000000 0.000000000
v 0.700000000 2.600000000 0.000000000
v 0.800000000 2.600000000 0.000000000
v 0.900000000 2.600000000 0.000000000
v 1.000000000 2.600000000 0.000000000
v 1.100000000 2.600000000 0.000000000
v 1.200000000 2.600000000 0.000000000
v 1.300000000 2.600000000 0.000000000
v 1.400000000 2.600000000 0.000000000
v 1.500000000 2.600000000 0.000000000
v 1.600000000 2.600000000 0.000000000
v 1.700000000 2.600000000 0.000000000
v 1.800000000 2.600000000 0.000000000
v 1.900000000 2.600000000 0.000000000
v 2.000000000 2.600000000 0.000000000
v 0.000000000 2.500000000 0.000000000
v 0.100000000 2.500000000 0.000000000
v 0.200000000 2.500000000 0.000000000
v 0.300000000 2.500000000 0.000000000
v 0.400000000 2.500000000 0.000000000
v 0.500000000 2.500000000 0.000000000
v 0.600000000 2.500000000 0.000000000
v 0.700000000 2.500000000 0.000000000
v 0.800000000 2.500000000 0.000000000
v 0.900000000 2.500000000 0.000000000
v 1.000000000 2.500000000 0.000000000
v 1.100000000 2.500000000 0.000000000
v 1.200000000 2.500000000 0.000000000
v 1.300000000 2.500000000 0.000000000
v 1.400000000 2.500000000 0.000000000
v 1.500000000 2.500000000 0.000000000
v 1.600000000 2.500000000 0.000000000
v 1.700000000 2.500000000 0.000000000
v 1.800000000 2.500000000 0.000000000
v 1.900000000 2.500000000 0.000000000
v 2.000000000 2.500000000 0.000000000
v 0.000000000 2.400000000 0.000000000
v 0.100000000 2.400000000 0.000000000
v 0.200000000 2.400000000 0.000000000
v 0.300000000 2.400000000 0.000000000
v 0.400000000 2.400000000 0.000000000
v 0.500000000 2.400000000 0.000000000
v 0.600000000 2.400000000 0.000000000
v 0.700000000 2.400000000 0.000000000
v 0.800000000 2.400000000 0.000000000
v 0.900000000 2.400000000 0.000000000
v 1.000000000 2.400000000 0.000000000
v 1.100000000 2.400000000 0.000000000
v 1.200000000 2.400000000 0.000000000
v 1.300000000 2.400000000 0.000000000
v 1.400000000 2.400000000 0.000000000
v 1.500000000 2.400000000 0.000000000
v 1.600000000 2.400000000 0.000000000
v 1.700000000 2.400000000 0.000000000
v 1.800000000 2.400000000 0.000000000
v 1.900000000 2.400000000 0.000000000
v 2.000000000 2.400000000 0.000000000
v 0.000000000 2.300000000 0.000000000
v 0.100000000 2.300000000 0.000000000
v 0.200000000 2.300000000 0.000000000
v 0.300000000 2.300000000 0.000000000
v 0.400000000 2.300000000 0.000000000
v 0.500000000 2.300000000 0.000000000
v 0.600000000 2.300000000 0.000000000
v 0.700000000 2.300000000 0.000000000
v 0.800000000 2.300000000 0.000000000
v 0.900000000 2.300000000 0.000000000
v 1.000000000 2.300000000 0.000000000
v 1.100000000 2.300000000 0.000000000
v 1.200000000 2.300000000 0.000000000
v 1.300000000 2.300000000 0.000000000
v 1.400000000 2.300000000 0.000000000
v 1.500000000 2.300000000 0.000000000
v 1.600000000 2.300000000 0.000000000
v 1.700000000 2.300000000 0.000000000
v 1.800000000 2.300000000 0.000000000
v 1.900000000 2.300000000 0.000000000
v 2.000000000 2.300000000 0.000000000
v 0.000000000 2.200000000 0.000000000
v 0.100000000 2.200000000 0.000000000
v 0.200000000 2.200000000 0.000000000
v 0.300000000 2.200000000 0.000000000
v 0.400000000 2.200000000 0.000000000
v 0.500000000 2.200000000 0.000000000
v 0.600000000 2.200000000 0.000000000
v 0.700000000 2.200000000 0.000000000
v 0.800000000 2.200000000 0.000000000
v 0.900000000 2.200000000 0.000000000
v 1.000000000 2.200000000 0.000000000
v 1.100000000 2.200000000 0.000000000
v 1.200000000 2.200000000 0.000000000
v 1.300000000 2.200000000 0.000000000
v 1.400000000 2.200000000 0.000000000
v 1.500000000 2.200000000 0.000000000
v 1.600000000 2.200000000 0.000000000
v 1.700000000 2.200000000 0.000000000
v 1.800000000 2.200000000 0.000000000
v 1.900000000 2.200000000 0.000000000
v 2.000000000 2.200000000 0.000000000
v 0.000000000 2.100000000 0.000000000
v 0.100000000 2.100000000 0.000000000
v 0.200000000 2.100000000 0.000000000
v 0.300000000 2.100000000 0.000000000
v 0.400000000 2.100000000 0.000000000
v 0.500000000 2.100000000 0.000000000
v 0.600000000 2.100000000 0.000000000
v 0.700000000 2.100000000 0.000000000
v 0.800000000 2.100000000 0.000000000
v 0.900000000 2.100000000 0.000000000
v 1.000000000 2.100000000 0.000000000
v 1.100000000 2.100000000 0.000000000
v 1.200000000 2.100000000 0.000000000
v 1.300000000 2.100000000 0.000000000
v 1.400000000 2.100000000 0.000000000
v 1.500000000 2.100000000 0.000000000
v 1.600000000 2.100000000 0.000000000
v 1.700000000 2.100000000 0.000000000
v 1.800000000 2.100000000 0.000000000
v 1.900000000 2.100000000 0.000000000
v 2.000000000 2.100000000 0.000000000
v 0.000000000 2.000000000 0.000000000
v 0.100000000 2.000000000 0.000000000
v 0.200000000 2.000000000 0.000000000
v 0.300000000 2.000000000 0.000000000
v 0.400000000 2.000000000 0.000000000
v 0.500000000 2.000000000 0.000000000
v 0.600000000 2.000000000 0.000000000
v 0.700000000 2.000000000 0.000000000
v 0.800000000 2.000000000 0.000000000
v 0.900000000 2.000000000 0.000000000
v 1.000000000 2.000000000 0.000000000
v 1.100000000 2.000000000 0.000000000
v 1.200000000 2.000000000 0.000000000
v 1.300000000 2.000000000 0.000000000
v 1.400000000 2.000000000 0.000000000
v 1.500000000 2.000000000 0.000000000
v 1.600000000 2.000000000 0.000000000
v 1.700000000 2.000000000 0.000000000
v 1.800000000 2.000000000 0.000000000
v 1.900000000 2.000000000 0.000000000
v 2.000000000 2.000000000 0.000000000
v 0.000000000 1.900000000 0.000000000
v 0.100000000 1.900000000 0.000000000
v 0.200000000 1.900000000 0.000000000
v 0.300000000 1.900000000 0.000000000
v 0.400000000 1.900000000 0.000000000
v 0.500000000 1.900000000 0.000000000
v 0.600000000 1.900000000 0.000000000
v 0.700000000 1.900000000 0.000000000
v 0.800000000 1.900000000 0.000000000
v 0.900000000 1.900000000 0.000000000
v 1.000000000 1.900000000 0.000000000
v 1.100000000 1.900000000 0.000000000
v 1.200000000 1.900000000 0.000000000
v 1.300000000 1.900000000 0.000000000
v 1.400000000 1.900000000 0.000000000
v 1.500000000 1.900000000 0.000000000
v 1.600000000 1.900000000 0.000000000
v 1.700000000 1.900000000 0.000000000
v 1.800000000 1.900000000 0.000000000
v 1.900000000 1.900000000 0.000000000
v 2.000000000 1.900000000 0.000000000
v 0.000000000 1.800000000 0.000000000
v 0.100000000 1.800000000 0.000000000
v 0.200000000 1.800000000 0.000000000
v 0.300000000 1.800000000 0.000000000
v 0.400000000 1.800000000 0.000000000
v 0.500000000 1.800000000 0.000000000
v 0.600000000 1.800000000 0.000000000
v 0.700000000 1.800000000 0.000000000
v 0.800000000 1.800000000 0.000000000
v 0.900000000 1.800000000 0.000000000
v 1.000000000 1.800000000 0.000000000
v 1.100000000 1.800000000 0.000000000
v 1.200000000 1.800000000 0.000000000
v 1.300000000 1.800000000 0.000000000
v 1.400000000 1.800000000 0.000000000
v 1.500000000 1.800000000 0.000000000
v 1.600000000 1.800000000 0.000000000
v 1.700000000 1.800000000 0.000000000
v 1.800000000 1.800000000 0.000000000
v 1.900000000 1.800000000 0.000000000
v 2.000000000 1.800000000 0.000000000
v 0.000000000 1.700000000 0.000000000
v 0.100000000 1.700000000 0.000000000
v 0.200000000 1.700000000 0.000000000
v 0.300000000 1.700000000 0.000000000
v 0.400000000 1.700000000 0.000000000
v 0.500000000 1.700000000 0.000000000
v 0.600000000 1.700000000 0.000000000
v 0.700000000 1.700000000 0.000000000
v 0.800000000 1.700000000 0.000000000
v 0.900000000 1.700000000 0.000000000
v 1.000000000 1.700000000 0.000000000
v 1.100000000 1.700000000 0.000000000
v 1.200000000 1.700000000 0.000000000
v 1.300000000 1.700000000 0.000000000
v 1.400000000 1.700000000 0.000000000
v 1.500000000 1.700000000 0.000000000
v 1.600000000 1.700000000 0.000000000
v 1.700000000 1.700000000 0.000000000
v 1.800000000 1.700000000 0.000000000
v 1.900000000 1.700000000 0.000000000
v 2.000000000 1.700000000 0.000000000
v 0.000000000 1.600000000 0.000000000
v 0.100000000 1.600000000 0.000000000
v 0.200000000 1.600000000 0.000000000
v 0.300000000 1.600000000 0.000000000
v 0.400000000 1.600000000 0.000000000
v 0.500000000 1.600000000 0.000000000
v 0.600000000 1.600000000 0.000000000
v 0.700000000 1.600000000 0.000000000
v 0.800000000 1.600000000 0.000000000
v 0.900000000 1.600000000 0.000000000
v 1.000000000 1.600000000 0.000000000
v 1.100000000 1.600000000 0.000000000
v 1.200000000 1.600000000 0.000000000
v 1.300000000 1.600000000 0.000000000
v 1.400000000 1.600000000 0.000000000
v 1.500000000 1.600000000 0.000000000
v 1.600000000 1.600000000 0.000000000
v 1.700000000 1.600000000 0.000000000
v 1.800000000 1.600000000 0.000000000
v 1.900000000 1.600000000 0.000000000
v 2.000000000 1.600000000 0.000000000
v 0.000000000 1.500000000 0.000000000
v 0.100000000 1.500000000 0.000000000
v 0.200000000 1.500000000 0.000000000
v 0.300000000 1.500000000 0.000000000
v 0.400000000 1.500000000 0.000000000
v 0.500000000 1.500000000 0.000000000
v 0.600000000 1.500000000 0.000000000
v 0.700000000 1.500000000 0.000000000
v 0.800000000 1.500000000 0.000000000
v 0.900000000 1.500000000 0.000000000
v 1.000000000 1.500000000 0.000000000
v 1.100000000 1.500000000 0.000000000
v 1.200000000 1.500000000 0.000000000
v 1.300000000 1.500000000 0.000000000
v 1.400000000 1.500000000 0.000000000
v 1.500000000 1.500000000 0.000000000
v 1.600000000 1.500000000 0.000000000
v 1.700000000 1.500000000 0.000000000
v 1.800000000 1.500000000 0.000000000
v 1.900000000 1.500000000 0.000000000
v 2.000000000 1.500000000 0.000000000
v 0.000000000 1.400000000 0.000000000
v 0.100000000 1.400000000 0.000000000
v 0.200000000 1.400000000 0.000000000
v 0.300000000 1.400000000 0.000000000
v 0.400000000 1.400000000 0.000000000
v 0.500000000 1.400000000 0.000000000
v 0.600000000 1.400000000 0.000000000
v 0.700000000 1.400000000 0.000000000
v 0.800000000 1.400000000 0.000000000
v 0.900000000 1.400000000 0.000000000
v 1.000000000 1.400000000 0.000000000
v 1.100000000 1.400000000 0.000000000
v 1.200000000 1.400000000 0.000000000
v 1.300000000 1.400000000 0.000000000
v 1.400000000 1.400000000 0.000000000
v 1.500000000 1.400000000 0.000000000
v 1.600000000 1.400000000 0.000000000
v 1.700000000 1.400000000 0.000000000
v 1.800000000 1.400000000 0.000000000
v 1.900000000 1.400000000 0.000000000
v 2.000000000 1.400000000 0.000000000
v 0.000000000 1.300000000 0.000000000
v 0.100000000 1.300000000 0.000000000
v 0.200000000 1.300000000 0.000000000
v 0.300000000 1.300000000 0.000000000
v 0.400000000 1.300000000 0.000000000
v 0.500000000 1.300000000 0.000000000
v 0.600000000 1.300000000 0.000000000
v 0.700000000 1.300000000 0.000000000
v 0.800000000 1.300000000 0.000000000
v 0.900000000 1.300000000 0.000000000
v 1.000000000 1.300000000 0.000000000
v 1.100000000 1.300000000 0.000000000
v 1.200000000 1.300000000 0.000000000
v 1.300000000 1.300000000 0.000000000
v 1.400000000 1.300000000 0.000000000
v 1.500000000 1.300000000 0.000000000
v 1.600000000 1.300000000 0.000000000
v 1.700000000 1.300000000 0.000000000
v 1.800000000 1.300000000 0.000000000
v 1.900000000 1.300000000 0.000000000
v 2.000000000 1.300000000 0.000000000
v 0.000000000 1.200000000 0.000000000
v 0.100000000 1.200000000 0.000000000
v 0.200000000 1.200000000 0.000000000
v 0.300000000 1.200000000 0.000000000
v 0.400000000 1.200000000 0.000000000
v 0.500000000 1.200000000 0.000000000
v 0.600000000 1.200000000 0.000000000
v 0.700000000 1.200000000 0.000000000
v 0.800000000 1.200000000 0.000000000
v 0.900000000 1.200000000 0.000000000
v 1.000000000 1.200000000 0.000000000
v 1.100000000 1.200000000 0.000000000
v 1.200000000 1.200000000 0.000000000
v 1.300000000 1.200000000 0.000000000
v 1.400000000 1.200000000 0.000000000
v 1.500000000 1.200000000 0.000000000
v 1.600000000 1.200000000 0.000000000
v 1.700000000 1.200000000 0.000000000
v 1.800000000 1.200000000 0.000000000
v 1.900000000 1.200000000 0.000000000
v 2.000000000 1.200000000 0.000000000
v 0.000000000 1.100000000 0.000000000
v 0.100000000 1.100000000 0.000000000
v 0.200000000 1.100000000 0.000000000
v 0.300000000 1.100000000 0.000000000
v 0.400000000 1.100000000 0.000000000
v 0.500000000 1.100000000 0.000000000
v 0.600000000 1.100000000 0.000000000
v 0.700000000 1.100000000 0.000000000
v 0.800000000 1.100000000 0.000000000
v 0.900000000 1.100000000 0.000000000
v 1.000000000 1.100000000 0.000000000
v 1.100000000 1.100000000 0.000000000
v 1.200000000 1.100000000 0.000000000
v 1.300000000 1.100000000 0.000000000
v 1.400000000 1.100000000 0.000000000
v 1.500000000 1.100000000 0.000000000
v 1.600000000 1.100000000 0.000000000
v 1.700000000 1.100000000 0.000000000
v 1.800000000 1.100000000 0.000000000
v 1.900000000 1.100000000 0.000000000
v 2.000000000 1.100000000 0.000000000
v 0.000000000 1.000000000 0.000000000
v 0.100000000 1.000000000 0.000000000
v 0.200000000 1.000000000 0.000000000
v 0.300000000 1.000000000 0.000000000
v 0.400000000 1.000000000 0.000000000
v 0.500000000 1.000000000 0.000000000
v 0.600000000 1.000000000 0.000000000
v 0.700000000 1.000000000 0.000000000
v 0.800000000 1.000000000 0.000000000
v 0.900000000 1.000000000 0.000000000
v 1.000000000 1.000000000 0.000000000
v 1.100000000 1.000000000 0.000000000
v 1.200000000 1.000000000 0.000000000
v 1.300000000 1.000000000 0.000000000
v 1.400000000 1.000000000 0.000000000
v 1.500000000 1.000000000 0.000000000
v 1.600000000 1.000000000 0.000000000
v 1.700000000 1.000000000 0.000000000
v 1.800000000 1.000000000 0.000000000
v 1.900000000 1.000000000 0.000000000
v 2.000000000 1.000000000 0.000000000
v 0.000000000 0.900000000 0.000000000
v 0.100000000 0.900000000 0.000000000
v 0.200000000 0.900000000 0.000000000
v 0.300000000 0.900000000 0.000000000
v 0.400000000 0.900000000 0.000000000
v 0.500000000 0.900000000 0.000000000
v 0.600000000 0.900000000 0.000000000
v 0.700000000 0.900000000 0.000000000
v 0.800000000 0.900000000 0.000000000
v 0.900000000 0.900000000 0.000000000
v 1.000000000 0.900000000 0.000000000
v 1.100000000 0.900000000 0.000000000
v 1.200000000 0.900000000 0.000000000
v 1.300000000 0.900000000 0.000000000
v 1.400000000 0.900000000 0.000000000
v 1.500000000 0.900000000 0.000000000
v 1.600000000 0.900000000 0.000000000
v 1.700000000 0.900000000 0.000000000
v 1.800000000 0.900000000 0.000000000
v 1.900000000 0.900000000 0.000000000
v 2.000000000 0.900000000 0.000000000
v 0.000000000 0.800000000 0.000000000
v 0.100000000 0.800000000 0.000000000
v 0.200000000 0.800000000 0.000000000
v 0.300000000 0.800000000 0.000000000
v 0.400000000 0.800000000 0.000000000
v 0.500000000 0.800000000 0.000000000
v 0.600000000 0.800000000 0.000000000
v 0.700000000 0.800000000 0.000000000
v 0.800000000 0.800000000 0.000000000
v 0.900000000 0.800000000 0.000000000
v 1.000000000 0.800000000 0.000000000
v 1.100000000 0.800000000 0.000000000
v 1.200000000 0.800000000 0.000000000
v 1.300000000 0.800000000 0.000000000
v 1.400000000 0.800000000 0.000000000
v 1.500000000 0.800000000 0.000000000
v 1.600000000 0.800000000 0.000000000
v 1.700000000 0.800000000 0.000000000
v 1.800000000 0.800000000 0.000000000
v 1.900000000 0.800000000 0.000000000
v 2.000000000 0.800000000 0.000000000
v 0.000000000 0.700000000 0.000000000
v 0.100000000 0.700000000 0.000000000
v 0.200000000 0.700000000 0.000000000
v 0.300000000 0.700000000 0.000000000
v 0.400000000 0.700000000 0.000000000
v 0.500000000 0.700000000 0.000000000
v 0.600000000 0.700000000 0.000000000
v 0.700000000 0.700000000 0.000000000
v 0.800000000 0.700000000 0.000000000
v 0.900000000 0.700000000 0.000000000
v 1.000000000 0.700000000 0.000000000
v 1.100000000 0.700000000 0.000000000
v 1.200000000 0.700000000 0.000000000
v 1.300000000 0.700000000 0.000000000
v 1.400000000 0.700000000 0.000000000
v 1.500000000 0.700000000 0.000000000
v 1.600000000 0.700000000 0.000000000
v 1.700000000 0.700000000 0.000000000
v 1.800000000 0.700000000 0.000000000
v 1.900000000 0.700000000 0.000000000
v 2.000000000 0.700000000 0.000000000
v 0.000000000 0.600000000 0.000000000
v 0.100000000 0.600000000 0.000000000
v 0.200000000 0.600000000 0.000000000
v 0.300000000 0.600000000 0.000000000
v 0.400000000 0.600000000 0.000000000
v 0.500000000 0.600000000 0.000000000
v 0.600000000 0.600000000 0.000000000
v 0.700000000 0.600000000 0.000000000
v 0.800000000 0.600000000 0.000000000
v 0.900000000 0.600000000 0.000000000
v 1.000000000 0.600000000 0.000000000
v 1.100000000 0.600000000 0.000000000
v 1.200000000 0.600000000 0.000000000
v 1.300000000 0.600000000 0.000000000
v 1.400000000 0.600000000 0.000000000
v 1.500000000 0.600000000 0.000000000
v 1.600000000 0.600000000 0.000000000
v 1.700000000 0.600000000 0.000000000
v 1.800000000 0.600000000 0.000000000
v 1.900000000 0.600000000 0.000000000
v 2.000000000 0.600000000 0.000000000
v 0.000000000 0.500000000 0.000000000
v 0.100000000 0.500000000 0.000000000
v 0.200000000 0.500000000 0.000000000
v 0.300000000 0.500000000 0.000000000
v 0.400000000 0.500000000 0.000000000
v 0.500000000 0.500000000 0.000000000
v 0.600000000 0.500000000 0.000000000
v 0.700000000 0.500000000 0.000000000
v 0.800000000 0.500000000 0.000000000
v 0.900000000 0.500000000 0.000000000
v 1.000000000 0.500000000 0.000000000
v 1.100000000 0.500000000 0.000000000
v 1.200000000 0.500000000 0.000000000
v 1.300000000 0.500000000 0.000000000
v 1.400000000 0.500000000 0.000000000
v 1.500000000 0.500000000 0.000000000
v 1.600000000 0.500000000 0.000000000
v 1.700000000 0.500000000 0.000000000
v 1.800000000 0.500000000 0.000000000
v 1.900000000 0.500000000 0.000000000
v 2.000000000 0.500000000 0.000000000
v 0.000000000 0.400000000 0.000000000
v 0.100000000 0.400000000 0.000000000
v 0.200000000 0.400000000 0.000000000
v 0.300000000 0.400000000 0.000000000
v 0.400000000 0.400000000 0.000000000
v 0.500000000 0.400000000 0.000000000
v 0.600000000 0.400000000 0.000000000
v 0.700000000 0.400000000 0.000000000
v 0.800000000 0.400000000 0.000000000
v 0.900000000 0.400000000 0.000000000
v 1.000000000 0.400000000 0.000000000
v 1.100000000 0.400000000 0.000000000
v 1.200000000 0.400000000 0.000000000
v 1.300000000 0.400000000 0.000000000
v 1.400000000 0.400000000 0.000000000
v 1.500000000 0.400000000 0.000000000
v 1.600000000 0.400000000 0.000000000
v 1.700000000 0.400000000 0.000000000
v 1.800000000 0.400000000 0.000000000
v 1.900000000 0.400000000 0.000000000
v 2.000000000 0.400000000 0.000000000
v 0.000000000 0.300000000 0.000000000
v 0.100000000 0.300000000 0.000000000
v 0.200000000 0.300000000 0.000000000
v 0.300000000 0.300000000 0.000000000
v 0.400000000 0.300000000 0.000000000
v 0.500000000 0.300000000 0.000000000
v 0.600000000 0.300000000 0.000000000
v 0.700000000 0.300000000 0.000000000
v 0.800000000 0.300000000 0.000000000
v 0.900000000 0.300000000 0.000000000
v 1.000000000 0.300000000 0.000000000
v 1.100000000 0.300000000 0.000000000
v 1.200000000 0.300000000 0.000000000
v 1.300000000 0.300000000 0.000000000
v 1.400000000 0.300000000 0.000000000
v 1.500000000 0.300000000 0.000000000
v 1.600000000 0.300000000 0.000000000
v 1.700000000 0.300000000 0.000000000
v 1.800000000 0.300000000 0.000000000
v 1.900000000 0.300000000 0.000000000
v 2.000000000 0.300000000 0.000000000
v 0.000000000 0.200000000 0.000000000
v 0.100000000 0.200000000 0.000000000
v 0.200000000 0.200000000 0.000000000
v 0.300000000 0.200000000 0.000000000
v 0.400000000 0.200000000 0.000000000
v 0.500000000 0.200000000 0.000000000
v 0.600000000 0.200000000 0.000000000
v 0.700000000 0.200000000 0.000000000
v 0.800000000 0.200000000 0.000000000
v 0.900000000 0.200000000 0.000000000
v 1.000000000 0.200000000 0.000000000
v 1.100000000 0.200000000 0.000000000
v 1.200000000 0.200000000 0.000000000
v 1.300000000 0.200000000 0.000000000
v 1.400000000 0.200000000 0.000000000
v 1.500000000 0.200000000 0.000000000
v 1.600000000 0.200000000 0.000000000
v 1.700000000 0.200000000 0.000000000
v 1.800000000 0.200000000 0.000000000
v 1.900000000 0.200000000 0.000000000
v 2.000000000 0.200000000 0.000000000
v 0.000000000 0.100000000 0.000000000
v 0.100000000 0.100000000 0.000000000
v 0.200000000 0.100000000 0.000000000
v 0.300000000 0.100000000 0.000000000
v 0.400000000 0.100000000 0.000000000
v 0.500000000 0.100000000 0.000000000
v 0.600000000 0.100000000 0.000000000
v 0.700000000 0.100000000 0.000000000
v 0.800000000 0.100000000 0.000000000
v 0.900000000 0.100000000 0.000000000
v 1.000000000 0.100000000 0.000000000
v 1.100000000 0.100000000 0.000000000
v 1.200000000 0.100000000 0.000000000
v 1.300000000 0.100000000 0.000000000
v 1.400000000 0.100000000 0.000000000
v 1.500000000 0.100000000 0.000000000
v 1.600000000 0.100000000 0.000000000
v 1.700000000 0.100000000 0.000000000
v 1.800000000 0.100000000 0.000000000
v 1.900000000 0.100000000 0.000000000
v 2.000000000 0.100000000 0.000000000
v 0.000000000 0.000000000 0.000000000
v 0.100000000 0.000000000 0.000000000
v 0.200000000 0.000000000 0.000000000
v 0.300000000 0.000000000 0.000000000
v 0.400000000 0.000000000 0.000000000
v 0.500000000 0.000000000 0.000000000
v 0.600000000 0.000000000 0.000000000
v 0.700000000 0.000000000 0.000000000
v 0.800000000 0.000000000 0.000000000
v 0.900000000 0.000000000 0.000000000
v 1.000000000 0.000000000 0.000000000
v 1.100000000 0.000000000 0.000000000
v 1.200000000 0.000000000 0.000000000
v 1.300000000 0.000000000 0.000000000
v 1.400000000 0.000000000 0.000000000
v 1.500000000 0.000000000 0.000000000
v 1.600000000 0.000000000 0.000000000
v 1.700000000 0.000000000 0.000000000
v 1.800000000 0.000000000 0.000000000
v 1.900000000 0.000000000 0.000000000
v 2.000000000 0.000000000 0.000000000
v 0.000000000 0.000000000 4.000000000
v 0.100000000 0.000000000 4.000000000
v 0.200000000 0.000000000 4.000000000
v 0.300000000 0.000000000 4.000000000
v 0.400000000 0.000000000 4.000000000
v 0.500000000 0.000000000 4.000000000
v 0.600000000 0.000000000 4.000000000
v 0.700000000 0.000000000 4.000000000
v 0.800000000 0.000000000 4.000000000
v 0.900000000 0.000000000 4.000000000
v 1.000000000 0.000000000 4.000000000
v 1.100000000 0.000000000 4.000000000
v 1.200000000 0.000000000 4.000000000
v 1.300000000 0.000000000 4.000000000
v 1.400000000 0.000000000 4.000000000
v 1.500000000 0.000000000 4.000000000
v 1.600000000 0.000000000 4.000000000
v 1.700000000 0.000000000 4.000000000
v 1.800000000 0.000000000 4.000000000
v 1.900000000 0.000000000 4.000000000
v 2.000000000 0.000000000 4.000000000
v 0.000000000 0.100000000 4.000000000
v 0.100000000 0.100000000 4.000000000
v 0.200000000 0.100000000 4.000000000
v 0.300000000 0.100000000 4.000000000
v 0.400000000 0.100000000 4.000000000
v 0.500000000 0.100000000 4.000000000
v 0.600000000 0.100000000 4.000000000
v 0.700000000 0.100000000 4.000000000
v 0.800000000 0.100000000 4.000000000
v 0.900000000 0.100000000 4.000000000
v 1.000000000 0.100000000 4.000000000
v 1.100000000 0.100000000 4.000000000
v 1.200000000 0.100000000 4.000000000
v 1.300000000 0.100000000 4.000000000
v 1.400000000 0.100000000 4.000000000
v 1.500000000 0.100000000 4.000000000
v 1.600000000 0.100000000 4.000000000
v 1.700000000 0.100000000 4.000000000
v 1.800000000 0.100000000 4.000000000
v 1.900000000 0.100000000 4.000000000
v 2.000000000 0.100000000 4.000000000
v 0.000000000 0.200000000 4.000000000
v 0.100000000 0.200000000 4.000000000
v 0.200000000 0.200000000 4.000000000
v 0.300000000 0.200000000 4.000000000
v 0.400000000 0.200000000 4.000000000
v 0.500000000 0.200000000 4.000000000
v 0.600000000 0.200000000 4.000000000
v 0.700000000 0.200000000 4.000000000
v 0.800000000 0.200000000 4.000000000
v 0.900000000 0.200000000 4.000000000
v 1.000000000 0.200000000 4.000000000
v 1.100000000 0.200000000 4.000000000
v 1.200000000 0.200000000 4.000000000
v 1.300000000 0.200000000 4.000000000
v 1.400000000 0.200000000 4.000000000
v 1.500000000 0.200000000 4.000000000
v 1.600000000 0.200000000 4.000000000
v 1.700000000 0.200000000 4.000000000
v 1.800000000 0.200000000 4.000000000
v 1.900000000 0.200000000 4.000000000
v 2.000000000 0.200000000 4.000000000
v 0.000000000 0.300000000 4.000000000
v 0.100000000 0.300000000 4.000000000
v 0.200000000 0.300000000 4.000000000
v 0.300000000 0.300000000 4.000000000
v 0.400000000 0.300000000 4.000000000
v 0.500000000 0.300000000 4.000000000
v 0.600000000 0.300000000 4.000000000
v 0.700000000 0.300000000 4.000000000
v 0.800000000 0.300000000 4.000000000
v 0.900000000 0.300000000 4.000000000
v 1.000000000 0.300000000 4.000000000
v 1.100000000 0.300000000 4.000000000
v 1.200000000 0.300000000 4.000000000
v 1.300000000 0.300000000 4.000000000
v 1.400000000 0.300000000 4.000000000
v 1.500000000 0.300000000 4.000000000
v 1.600000000 0.300000000 4.000000000
v 1.700000000 0.300000000 4.000000000
v 1.800000000 0.300000000 4.000000000
v 1.900000000 0.300000000 4.000000000
v 2.000000000 0.300000000 4.000000000
v 0.000000000 0.400000000 4.000000000
v 0.100000000 0.400000000 4.000000000
v 0.200000000 0.400000000 4.000000000
v 0.300000000 0.400000000 4.000000000
v 0.400000000 0.400000000 4.000000000
v 0.500000000 0.400000000 4.000000000
v 0.600000000 0.400000000 4.000000000
v 0.700000000 0.400000000 4.000000000
v 0.800000000 0.400000000 4.000000000
v 0.900000000 0.400000000 4.000000000
v 1.000000000 0.400000000 4.000000000
v 1.100000000 0.400000000 4.000000000
v 1.200000000 0.400000000 4.000000000
v 1.300000000 0.400000000 4.000000000
v 1.400000000 0.400000000 4.000000000
v 1.500000000 0.400000000 4.000000000
v 1.600000000 0.400000000 4.000000000
v 1.700000000 0.400000000 4.000000000
v 1.800000000 0.400000000 4.000000000
v 1.900000000 0.400000000 4.000000000
v 2.000000000 0.400000000 4.000000000
v 0.000000000 0.500000000 4.000000000
v 0.100000000 0.500000000 4.000000000
v 0.200000000 0.500000000 4.000000000
v 0.300000000 0.500000000 4.000000000
v 0.400000000 0.500000000 4.000000000
v 0.500000000 0.500000000 4.000000000
v 0.600000000 0.500000000 4.000000000
v 0.700000000 0.500000000 4.000000000
v 0.800000000 0.500000000 4.000000000
v 0.900000000 0.500000000 4.000000000
v 1.000000000 0.500000000 4.000000000
v 1.100000000 0.500000000 4.000000000
v 1.200000000 0.500000000 4.000000000
v 1.300000000 0.500000000 4.000000000
v 1.400000000 0.500000000 4.000000000
v 1.500000000 0.500000000 4.000000000
v 1.600000000 0.500000000 4.000000000
v 1.700000000 0.500000000 4.000000000
v 1.800000000 0.500000000 4.000000000
v 1.900000000 0.500000000 4.000000000
v 2.000000000 0.500000000 4.000000000
v 0.000000000 0.600000000 4.000000000
v 0.100000000 0.600000000 4.000000000
v 0.200000000 0.600000000 4.000000000
v 0.300000000 0.600000000 4.000000000
v 0.400000000 0.600000000 4.000000000
v 0.500000000 0.600000000 4.000000000
v 0.600000000 0.600000000 4.000000000
v 0.700000000 0.600000000 4.000000000
v 0.800000000 0.600000000 4.000000000
v 0.900000000 0.600000000 4.000000000
v 1.000000000 0.600000000 4.000000000
v 1.100000000 0.600000000 4.000000000
v 1.200000000 0.600000000 4.000000000
v 1.300000000 0.600000000 4.000000000
v 1.400000000 0.600000000 4.000000000
v 1.500000000 0.600000000 4.000000000
v 1.600000000 0.600000000 4.000000000
v 1.700000000 0.600000000 4.000000000
v 1.800000000 0.600000000 4.000000000
v 1.900000000 0.600000000 4.000000000
v 2.000000000 0.600000000 4.000000000
v 0.000000000 0.700000000 4.000000000
v 0.100000000 0.700000000 4.000000000
v 0.200000000 0.700000000 4.000000000
v 0.300000000 0.700000000 4.000000000
v 0.400000000 0.700000000 4.000000000
v 0.500000000 0.700000000 4.000000000
v 0.600000000 0.700000000 4.000000000
v 0.700000000 0.700000000 4.000000000
v 0.800000000 0.700000000 4.000000000
v 0.900000000 0.700000000 4.000000000
v 1.000000000 0.700000000 4.000000000
v 1.100000000 0.700000000 4.000000000
v 1.200000000 0.700000000 4.000000000
v 1.300000000 0.700000000 4.000000000
v 1.400000000 0.700000000 4.000000000
v 1.500000000 0.700000000 4.000000000
v 1.600000000 0.700000000 4.000000000
v 1.700000000 0.700000000 4.000000000
v 1.800000000 0.700000000 4.000000000
v 1.900000000 0.700000000 4.000000000
v 2.000000000 0.700000000 4.000000000
v 0.000000000 0.800000000 4.000000000
v 0.100000000 0.800000000 4.000000000
v 0.200000000 0.800000000 4.000000000
v 0.300000000 0.800000000 4.000000000
v 0.400000000 0.800000000 4.000000000
v 0.500000000 0.800000000 4.000000000
v 0.600000000 0.800000000 4.000000000
v 0.700000000 0.800000000 4.000000000
v 0.800000000 0.800000000 4.000000000
v 0.900000000 0.800000000 4.000000000
v 1.000000000 0.800000000 4.000000000
v 1.100000000 0.800000000 4.000000000
v 1.200000000 0.800000000 4.000000000
v 1.300000000 0.800000000 4.000000000
v 1.400000000 0.800000000 4.000000000
v 1.500000000 0.800000000 4.000000000
v 1.600000000 0.800000000 4.000000000
v 1.700000000 0.800000000 4.000000000
v 1.800000000 0.800000000 4.000000000
v 1.900000000 0.800000000 4.000000000
v 2.000000000 0.800000000 4.000000000
v 0.000000000 0.900000000 4.000000000
v 0.100000000 0.900000000 4.000000000
v 0.200000000 0.900000000 4.000000000
v 0.300000000 0.900000000 4.000000000
v 0.400000000 0.900000000 4.000000000
v 0.500000000 0.900000000 4.000000000
v 0.600000000 0.900000000 4.000000000
v 0.700000000 0.900000000 4.000000000
v 0.800000000 0.900000000 4.000000000
v 0.900000000 0.900000000 4.000000000
v 1.000000000 0.900000000 4.000000000
v 1.100000000 0.900000000 4.000000000
v 1.200000000 0.900000000 4.000000000
v 1.300000000 0.900000000 4.000000000
v 1.400000000 0.900000000 4.000000000
v 1.500000000 0.900000000 4.000000000
v 1.600000000 0.900000000 4.000000000
v 1.700000000 0.900000000 4.000000000
v 1.800000000 0.900000000 4.000000000
v 1.900000000 0.900000000 4.000000000
v 2.000000000 0.900000000 4.000000000
v 0.000000000 1.000000000 4.000000000
v 0.100000000 1.000000000 4.000000000
v 0.200000000 1.000000000 4.000000000
v 0.300000000 1.000000000 4.000000000
v 0.400000000 1.000000000 4.000000000
v 0.500000000 1.000000000 4.000000000
v 0.600000000 1.000000000 4.000000000
v 0.700000000 1.000000000 4.000000000
v 0.800000000 1.000000000 4.000000000
v 0.900000000 1.000000000 4.000000000
v 1.000000000 1.000000000 4.000000000
v 1.100000000 1.000000000 4.000000000
v 1.200000000 1.000000000 4.000000000
v 1.300000000 1.000000000 4.000000000
v 1.400000000 1.000000000 4.000000000
v 1.500000000 1.000000000 4.000000000
v 1.600000000 1.000000000 4.000000000
v 1.700000000 1.000000000 4.000000000
v 1.800000000 1.000000000 4.000000000
v 1.900000000 1.000000000 4.000000000
v 2.000000000 1.000000000 4.000000000
v 0.000000000 1.100000000 4.000000000
v 0.100000000 1.100000000 4.000000000
v 0.200000000 1.100000000 4.000000000
v 0.300000000 1.100000000 4.000000000
v 0.400000000 1.100000000 4.000000000
v 0.500000000 1.100000000 4.000000000
v 0.600000000 1.100000000 4.000000000
v 0.700000000 1.100000000 4.000000000
v 0.800000000 1.100000000 4.000000000
v 0.900000000 1.100000000 4.000000000
v 1.000000000 1.100000000 4.000000000
v 1.100000000 1.100000000 4.000000000
v 1.200000000 1.100000000 4.000000000
v 1.300000000 1.100000000 4.000000000
v 1.400000000 1.100000000 4.000000000
v 1.500000000 1.100000000 4.000000000
v 1.600000000 1.100000000 4.000000000
v 1.700000000 1.100000000 4.000000000
v 1.800000000 1.100000000 4.000000000
v 1.900000000 1.100000000 4.000000000
v 2.000000000 1.100000000 4.000000000
v 0.000000000 1.200000000 4.000000000
v 0.100000000 1.200000000 4.000000000
v 0.200000000 1.200000000 4.000000000
v 0.300000000 1.200000000 4.000000000
v 0.400000000 1.200000000 4.000000000
v 0.500000000 1.200000000 4.000000000
v 0.600000000 1.200000000 4.000000000
v 0.700000000 1.200000000 4.000000000
v 0.800000000 1.200000000 4.000000000
v 0.900000000 1.200000000 4.000000000
v 1.000000000 1.200000000 4.000000000
v 1.100000000 1.200000000 4.000000000
v 1.200000000 1.200000000 4.000000000
v 1.300000000 1.200000000 4.000000000
v 1.400000000 1.200000000 4.000000000
v 1.500000000 1.200000000 4.000000000
v 1.600000000 1.200000000 4.000000000
v 1.700000000 1.200000000 4.000000000
v 1.800000000 1.200000000 4.000000000
v 1.900000000 1.200000000 4.000000000
v 2.000000000 1.200000000 4.000000000
v 0.000000000 1.300000000 4.000000000
v 0.100000000 1.300000000 4.000000000
v 0.200000000 1.300000000 4.000000000
v 0.300000000 1.300000000 4.000000000
v 0.400000000 1.300000000 4.000000000
v 0.500000000 1.300000000 4.000000000
v 0.600000000 1.300000000 4.000000000
v 0.700000000 1.300000000 4.000000000
v 0.800000000 1.300000000 4.000000000
v 0.900000000 1.300000000 4.000000000
v 1.000000000 1.300000000 4.000000000
v 1.100000000 1.300000000 4.000000000
v 1.200000000 1.300000000 4.000000000
v 1.300000000 1.300000000 4.000000000
v 1.400000000 1.300000000 4.000000000
v 1.500000000 1.300000000 4.000000000
v 1.600000000 1.300000000 4.000000000
v 1.700000000 1.300000000 4.000000000
v 1.800000000 1.300000000 4.000000000
v 1.900000000 1.300000000 4.000000000
v 2.000000000 1.300000000 4.000000000
v 0.000000000 1.400000000 4.000000000
v 0.100000000 1.400000000 4.000000000
v 0.200000000 1.400000000 4.000000000
v 0.300000000 1.400000000 4.000000000
v 0.400000000 1.400000000 4.000000000
v 0.500000000 1.400000000 4.000000000
v 0.600000000 1.400000000 4.000000000
v 0.700000000 1.400000000 4.000000000
v 0.800000000 1.400000000 4.000000000
v 0.900000000 1.400000000 4.000000000
v 1.000000000 1.400000000 4.000000000
v 1.100000000 1.400000000 4.000000000
v 1.200000000 1.400000000 4.000000000
v 1.300000000 1.400000000 4.000000000
v 1.400000000 1.400000000 4.000000000
v 1.500000000 1.400000000 4.000000000
v 1.600000000 1.400000000 4.000000000
v 1.700000000 1.400000000 4.000000000
v 1.800000000 1.400000000 4.000000000
v 1.900000000 1.400000000 4.000000000
v 2.000000000 1.400000000 4.000000000
v 0.000000000 1.500000000 4.000000000
v 0.100000000 1.500000000 4.000000000
v 0.200000000 1.500000000 4.000000000
v 0.300000000 1.500000000 4.000000000
v 0.400000000 1.500000000 4.000000000
v 0.500000000 1.500000000 4.000000000
v 0.600000000 1.500000000 4.000000000
v 0.700000000 1.500000000 4.000000000
v 0.800000000 1.500000000 4.000000000
v 0.900000000 1.500000000 4.000000000
v 1.000000000 1.500000000 4.000000000
v 1.100000000 1.500000000 4.000000000
v 1.200000000 1.500000000 4.000000000
v 1.300000000 1.500000000 4.000000000
v 1.400000000 1.500000000 4.000000000
v 1.500000000 1.500000000 4.000000000
v 1.600000000 1.500000000 4.000000000
v 1.700000000 1.500000000 4.000000000
v 1.800000000 1.500000000 4.000000000
v 1.900000000 1.500000000 4.000000000
v 2.000000000 1.500000000 4.000000000
v 0.000000000 1.600000000 4.000000000
v 0.100000000 1.600000000 4.000000000
v 0.200000000 1.600000000 4.000000000
v 0.300000000 1.600000000 4.000000000
v 0.400000000 1.600000000 4.000000000
v 0.500000000 1.600000000 4.000000000
v 0.600000000 1.600000000 4.000000000
v 0.700000000 1.600000000 4.000000000
v 0.800000000 1.600000000 4.000000000
v 0.900000000 1.600000000 4.000000000
v 1.000000000 1.600000000 4.000000000
v 1.100000000 1.600000000 4.000000000
v 1.200000000 1.600000000 4.000000000
v 1.300000000 1.600000000 4.000000000
v 1.400000000 1.600000000 4.000000000
v 1.500000000 1.600000000 4.000000000
v 1.600000000 1.600000000 4.000000000
v 1.700000000 1.600000000 4.000000000
v 1.800000000 1.600000000 4.000000000
v 1.900000000 1.600000000 4.000000000
v 2.000000000 1.600000000 4.000000000
v 0.000000000 1.700000000 4.000000000
v 0.100000000 1.700000000 4.000000000
v 0.200000000 1.700000000 4.000000000
v 0.300000000 1.700000000 4.000000000
v 0.400000000 1.700000000 4.000000000
v 0.500000000 1.700000000 4.000000000
v 0.600000000 1.700000000 4.000000000
v 0.700000000 1.700000000 4.000000000
v 0.800000000 1.700000000 4.000000000
v 0.900000000 1.700000000 4.000000000
v 1.000000000 1.700000000 4.000000000
v 1.100000000 1.700000000 4.000000000
v 1.200000000 1.700000000 4.000000000
v 1.300000000 1.700000000 4.000000000
v 1.400000000 1.700000000 4.000000000
v 1.500000000 1.700000000 4.000000000
v 1.600000000 1.700000000 4.000000000
v 1.700000000 1.700000000 4.000000000
v 1.800000000 1.700000000 4.000000000
v 1.900000000 1.700000000 4.000000000
v 2.000000000 1.700000000 4.000000000
v 0.000000000 1.800000000 4.000000000
v 0.100000000 1.800000000 4.000000000
v 0.200000000 1.800000000 4.000000000
v 0.300000000 1.800000000 4.000000000
v 0.400000000 1.800000000 4.000000000
v 0.500000000 1.800000000 4.000000000
v 0.600000000 1.800000000 4.000000000
v 0.700000000 1.800000000 4.000000000
v 0.800000000 1.800000000 4.000000000
v 0.900000000 1.800000000 4.000000000
v 1.000000000 1.800000000 4.000000000
v 1.100000000 1.800000000 4.000000000
v 1.200000000 1.800000000 4.000000000
v 1.300000000 1.800000000 4.000000000
v 1.400000000 1.800000000 4.000000000
v 1.500000000 1.800000000 4.000000000
v 1.600000000 1.800000000 4.000000000
v 1.700000000 1.800000000 4.000000000
v 1.800000000 1.800000000 4.000000000
v 1.900000000 1.800000000 4.000000000
v 2.000000000 1.800000000 4.000000000
v 0.000000000 1.900000000 4.000000000
v 0.100000000 1.900000000 4.000000000
v 0.200000000 1.900000000 4.000000000
v 0.300000000 1.900000000 4.000000000
v 0.400000000 1.900000000 4.000000000
v 0.500000000 1.900000000 4.000000000
v 0.600000000 1.900000000 4.000000000
v 0.700000000 1.900000000 4.000000000
v 0.800000000 1.900000000 4.000000000
v 0.900000000 1.900000000 4.000000000
v 1.000000000 1.900000000 4.000000000
v 1.100000000 1.900000000 4.000000000
v 1.200000000 1.900000000 4.000000000
v 1.300000000 1.900000000 4.000000000
v 1.400000000 1.900000000 4.000000000
v 1.500000000 1.900000000 4.000000000
v 1.600000000 1.900000000 4.000000000
v 1.700000000 1.900000000 4.000000000
v 1.800000000 1.900000000 4.000000000
v 1.900000000 1.900000000 4.000000000
v 2.000000000 1.900000000 4.000000000
v 0.000000000 2.000000000 4.000000000
v 0.100000000 2.000000000 4.000000000
v 0.200000000 2.000000000 4.000000000
v 0.300000000 2.000000000 4.000000000
v 0.400000000 2.000000000 4.000000000
v 0.500000000 2.000000000 4.000000000
v 0.600000000 2.000000000 4.000000000
v 0.700000000 2.000000000 4.000000000
v 0.800000000 2.000000000 4.000000000
v 0.900000000 2.000000000 4.000000000
v 1.000000000 2.000000000 4.000000000
v 1.100000000 2.000000000 4.000000000
v 1.200000000 2.000000000 4.000000000
v 1.300000000 2.000000000 4.000000000
v 1.400000000 2.000000000 4.000000000
v 1.500000000 2.000000000 4.000000000
v 1.600000000 2.000000000 4.000000000
v 1.700000000 2.000000000 4.000000000
v 1.800000000 2.000000000 4.000000000
v 1.900000000 2.000000000 4.000000000
v 2.000000000 2.000000000 4.000000000
v 0.000000000 2.100000000 4.000000000
v 0.100000000 2.100000000 4.000000000
v 0.200000000 2.100000000 4.000000000
v 0.300000000 2.100000000 4.000000000
v 0.400000000 2.100000000 4.000000000
v 0.500000000 2.100000000 4.000000000
v 0.600000000 2.100000000 4.000000000
v 0.700000000 2.100000000 4.000000000
v 0.800000000 2.100000000 4.000000000
v 0.900000000 2.100000000 4.000000000
v 1.000000000 2.100000000 4.000000000
v 1.100000000 2.100000000 4.000000000
v 1.200000000 2.100000000 4.000000000
v 1.300000000 2.100000000 4.000000000
v 1.400000000 2.100000000 4.000000000
v 1.500000000 2.100000000 4.000000000
v 1.600000000 2.100000000 4.000000000
v 1.700000000 2.100000000 4.000000000
v 1.800000000 2.100000000 4.000000000
v 1.900000000 2.100000000 4.000000000
v 2.000000000 2.100000000 4.000000000
v 0.000000000 2.200000000 4.000000000
v 0.100000000 2.200000000 4.000000000
v 0.200000000 2.200000000 4.000000000
v 0.300000000 2.200000000 4.000000000
v 0.400000000 2.200000000 4.000000000
v 0.500000000 2.200000000 4.000000000
v 0.600000000 2.200000000 4.000000000
v 0.700000000 2.200000000 4.000000000
v 0.800000000 2.200000000 4.000000000
v 0.900000000 2.200000000 4.000000000
v 1.000000000 2.200000000 4.000000000
v 1.100000000 2.200000000 4.000000000
v 1.200000000 2.200000000 4.000000000
v 1.300000000 2.200000000 4.000000000
v 1.400000000 2.200000000 4.000000000
v 1.500000000 2.200000000 4.000000000
v 1.600000000 2.200000000 4.000000000
v 1.700000000 2.200000000 4.000000000
v 1.800000000 2.200000000 4.000000000
v 1.900000000 2.200000000 4.000000000
v 2.000000000 2.200000000 4.000000000
v 0.000000000 2.300000000 4.000000000
v 0.100000000 2.300000000 4.000000000
v 0.200000000 2.300000000 4.000000000
v 0.300000000 2.300000000 4.000000000
v 0.400000000 2.300000000 4.000000000
v 0.500000000 2.300000000 4.000000000
v 0.600000000 2.300000000 4.000000000
v 0.700000000 2.300000000 4.000000000
v 0.800000000 2.300000000 4.000000000
v 0.900000000 2.300000000 4.000000000
v 1.000000000 2.300000000 4.000000000
v 1.100000000 2.300000000 4.000000000
v 1.200000000 2.300000000 4.000000000
v 1.300000000 2.300000000 4.000000000
v 1.400000000 2.300000000 4.000000000
v 1.500000000 2.300000000 4.000000000
v 1.600000000 2.300000000 4.000000000
v 1.700000000 2.300000000 4.000000000
v 1.800000000 2.300000000 4.000000000
v 1.900000000 2.300000000 4.000000000
v 2.000000000 2.300000000 4.000000000
v 0.000000000 2.400000000 4.000000000
v 0.100000000 2.400000000 4.000000000
v 0.200000000 2.400000000 4.000000000
v 0.300000000 2.400000000 4.000000000
v 0.400000000 2.400000000 4.000000000
v 0.500000000 2.400000000 4.000000000
v 0.600000000 2.400000000 4.000000000
v 0.700000000 2.400000000 4.000000000
v 0.800000000 2.400000000 4.000000000
v 0.900000000 2.400000000 4.000000000
v 1.000000000 2.400000000 4.000000000
v 1.100000000 2.400000000 4.000000000
v 1.200000000 2.400000000 4.000000000
v 1.300000000 2.400000000 4.000000000
v 1.400000000 2.400000000 4.000000000
v 1.500000000 2.400000000 4.000000000
v 1.600000000 2.400000000 4.000000000
v 1.700000000 2.400000000 4.000000000
v 1.800000000 2.400000000 4.000000000
v 1.900000000 2.400000000 4.000000000
v 2.000000000 2.400000000 4.000000000
v 0.000000000 2.500000000 4.000000000
v 0.100000000 2.500000000 4.000000000
v 0.200000000 2.500000000 4.000000000
v 0.300000000 2.500000000 4.000000000
v 0.400000000 2.500000000 4.000000000
v 0.500000000 2.500000000 4.000000000
v 0.600000000 2.500000000 4.000000000
v 0.700000000 2.500000000 4.000000000
v 0.800000000 2.500000000 4.000000000
v 0.900000000 2.500000000 4.000000000
v 1.000000000 2.500000000 4.000000000
v 1.100000000 2.500000000 4.000000000
v 1.200000000 2.500000000 4.000000000
v 1.300000000 2.500000000 4.000000000
v 1.400000000 2.500000000 4.000000000
v 1.500000000 2.500000000 4.000000000
v 1.600000000 2.500000000 4.000000000
v 1.700000000 2.500000000 4.000000000
v 1.800000000 2.500000000 4.000000000
v 1.900000000 2.500000000 4.000000000
v 2.000000000 2.500000000 4.000000000
v 0.000000000 2.600000000 4.000000000
v 0.100000000 2.600000000 4.000000000
v 0.200000000 2.600000000 4.000000000
v 0.300000000 2.600000000 4.000000000
v 0.400000000 2.600000000 4.000000000
v 0.500000000 2.600000000 4.000000000
v 0.600000000 2.600000000 4.000000000
v 0.700000000 2.600000000 4.000000000
v 0.800000000 2.600000000 4.000000000
v 0.900000000 2.600000000 4.000000000
v 1.000000000 2.600000000 4.000000000
v 1.100000000 2.600000000 4.000000000
v 1.200000000 2.600000000 4.000000000
v 1.300000000 2.600000000 4.000000000
v 1.400000000 2.600000000 4.000000000
v 1.500000000 2.600000000 4.000000000
v 1.600000000 2.600000000 4.000000000
v 1.700000000 2.600000000 4.000000000
v 1.800000000 2.600000000 4.000000000
v 1.900000000 2.600000000 4.000000000
v 2.000000000 2.600000000 4.000000000
v 0.000000000 2.700000000 4.000000000
v 0.100000000 2.700000000 4.000000000
v 0.200000000 2.700000000 4.000000000
v 0.300000000 2.700000000 4.000000000
v 0.400000000 2.700000000 4.000000000
v 0.500000000 2.700000000 4.000000000
v 0.600000000 2.700000000 4.000000000
v 0.700000000 2.700000000 4.000000000
v 0.800000000 2.700000000 4.000000000
v 0.900000000 2.700000000 4.000000000
v 1.000000000 2.700000000 4.000000000
v 1.100000000 2.700000000 4.000000000
v 1.200000000 2.700000000 4.000000000
v 1.300000000 2.700000000 4.000000000
v 1.400000000 2.700000000 4.000000000
v 1.500000000 2.700000000 4.000000000
v 1.600000000 2.700000000 4.000000000
v 1.700000000 2.700000000 4.000000000
v 1.800000000 2.700000000 4.000000000
v 1.900000000 2.700000000 4.000000000
v 2.000000000 2.700000000 4.000000000
v 0.000000000 2.800000000 4.000000000
v 0.100000000 2.800000000 4.000000000
v 0.200000000 2.800000000 4.000000000
v 0.300000000 2.800000000 4.000000000
v 0.400000000 2.800000000 4.000000000
v 0.500000000 2.800000000 4.000000000
v 0.600000000 2.800000000 4.000000000
v 0.700000000 2.800000000 4.000000000
v 0.800000000 2.800000000 4.000000000
v 0.900000000 2.800000000 4.000000000
v 1.000000000 2.800000000 4.000000000
v 1.100000000 2.800000000 4.000000000
v 1.200000000 2.800000000 4.000000000
v 1.300000000 2.800000000 4.000000000
v 1.400000000 2.800000000 4.000000000
v 1.500000000 2.800000000 4.000000000
v 1.600000000 2.800000000 4.000000000
v 1.700000000 2.800000000 4.000000000
v 1.800000000 2.800000000 4.000000000
v 1.900000000 2.800000000 4.000000000
v 2.000000000 2.800000000 4.000000000
v 0.000000000 2.900000000 4.000000000
v 0.100000000 2.900000000 4.000000000
v 0.200000000 2.900000000 4.000000000
v 0.300000000 2.900000000 4.000000000
v 0.400000000 2.900000000 4.000000000
v 0.500000000 2.900000000 4.000000000
v 0.600000000 2.900000000 4.000000000
v 0.700000000 2.900000000 4.000000000
v 0.800000000 2.900000000 4.000000000
v 0.900000000 2.900000000 4.000000000
v 1.000000000 2.900000000 4.000000000
v 1.100000000 2.900000000 4.000000000
v 1.200000000 2.900000000 4.000000000
v 1.300000000 2.900000000 4.000000000
v 1.400000000 2.900000000 4.000000000
v 1.500000000 2.900000000 4.000000000
v 1.600000000 2.900000000 4.000000000
v 1.700000000 2.900000000 4.000000000
v 1.800000000 2.900000000 4.000000000
v 1.900000000 2.900000000 4.000000000
v 2.000000000 2.900000000 4.000000000
v 0.000000000 3.000000000 4.000000000
v 0.100000000 3.000000000 4.000000000
v 0.200000000 3.000000000 4.000000000
v 0.300000000 3.000000000 4.000000000
v 0.400000000 3.000000000 4.000000000
v 0.500000000 3.000000000 4.000000000
v 0.600000000 3.000000000 4.000000000
v 0.700000000 3.000000000 4.000000000
v 0.800000000 3.000000000 4.000000000
v 0.900000000 3.000000000 4.000000000
v 1.000000000 3.000000000 4.000000000
v 1.100000000 3.000000000 4.000000000
v 1.200000000 3.000000000 4.000000000
v 1.300000000 3.000000000 4.000000000
v 1.400000000 3.000000000 4.000000000
v 1.500000000 3.000000000 4.000000000
v 1.600000000 3.000000000 4.000000000
v 1.700000000 3.000000000 4.000000000
v 1.800000000 3.000000000 4.000000000
v 1.900000000 3.000000000 4.000000000
v 2.000000000 3.000000000 4.000000000
v 2.000000000 0.000000000 0.000000000
v 2.000000000 0.000000000 0.100000000
v 2.000000000 0.000000000 0.200000000
v 2.000000000 0.000000000 0.300000000
v 2.000000000 0.000000000 0.400000000
v 2.000000000 0.000000000 0.500000000
v 2.000000000 0.000000000 0.600000000
v 2.000000000 0.000000000 0.700000000
v 2.000000000 0.000000000 0.800000000
v 2.000000000 0.000000000 0.900000000
v 2.000000000 0.000000000 1.000000000
v 2.000000000 0.000000000 1.100000000
v 2.000000000 0.000000000 1.200000000
v 2.000000000 0.000000000 1.300000000
v 2.000000000 0.000000000 1.400000000
v 2.000000000 0.000000000 1.500000000
v 2.000000000 0.000000000 1.600000000
v 2.000000000 0.000000000 1.700000000
v 2.000000000 0.000000000 1.800000000
v 2.000000000 0.000000000 1.900000000
v 2.000000000 0.000000000 2.000000000
v 2.000000000 0.000000000 2.100000000
v 2.000000000 0.000000000 2.200000000
v 2.000000000 0.000000000 2.300000000
v 2.000000000 0.000000000 2.400000000
v 2.000000000 0.000000000 2.500000000
v 2.000000000 0.000000000 2.600000000
v 2.000000000 0.000000000 2.700000000
v 2.000000000 0.000000000 2.800000000
v 2.000000000 0.000000000 2.900000000
v 2.000000000 0.000000000 3.000000000
v 2.000000000 0.000000000 3.100000000
v 2.000000000 0.000000000 3.200000000
v 2.000000000 0.000000000 3.300000000
v 2.000000000 0.000000000 3.400000000
v 2.000000000 0.000000000 3.500000000
v 2.000000000 0.000000000 3.600000000
v 2.000000000 0.000000000 3.700000000
v 2.000000000 0.000000000 3.800000000
v 2.000000000 0.000000000 3.900000000
v 2.000000000 0.000000000 4.000000000
v 1.900000000 0.000000000 0.000000000
v 1.900000000 0.000000000 0.100000000
v 1.900000000 0.000000000 0.200000000
v 1.900000000 0.000000000 0.300000000
v 1.900000000 0.000000000 0.400000000
v 1.900000000 0.000000000 0.500000000
v 1.900000000 0.000000000 0.600000000
v 1.900000000 0.000000000 0.700000000
v 1.900000000 0.000000000 0.800000000
v 1.900000000 0.000000000 0.900000000
v 1.900000000 0.000000000 1.000000000
v 1.900000000 0.000000000 1.100000000
v 1.900000000 0.000000000 1.200000000
v 1.900000000 0.000000000 1.300000000
v 1.900000000 0.000000000 1.400000000
v 1.900000000 0.000000000 1.500000000
v 1.900000000 0.000000000 1.600000000
v 1.900000000 0.000000000 1.700000000
v 1.900000000 0.000000000 1.800000000
v 1.900000000 0.000000000 1.900000000
v 1.900000000 0.000000000 2.000000000
v 1.900000000 0.000000000 2.100000000
v 1.900000000 0.000000000 2.200000000
v 1.900000000 0.000000000 2.300000000
v 1.900000000 0.000000000 2.400000000
v 1.900000000 0.000000000 2.500000000
v 1.900000000 0.000000000 2.600000000
v 1.900000000 0.000000000 2.700000000
v 1.900000000 0.000000000 2.800000000
v 1.900000000 0.000000000 2.900000000
v 1.900000000 0.000000000 3.000000000
v 1.900000000 0.000000000 3.100000000
v 1.900000000 0.000000000 3.200000000
v 1.900000000 0.000000000 3.300000000
v 1.900000000 0.000000000 3.400000000
v 1.900000000 0.000000000 3.500000000
v 1.900000000 0.000000000 3.600000000
v 1.900000000 0.000000000 3.700000000
v 1.900000000 0.000000000 3.800000000
v 1.900000000 0.000000000 3.900000000
v 1.900000000 0.000000000 4.000000000
v 1.800000000 0.000000000 0.000000000
v 1.800000000 0.000000000 0.100000000
v 1.800000000 0.000000000 0.200000000
v 1.800000000 0.000000000 0.300000000
v 1.800000000 0.000000000 0.400000000
v 1.800000000 0.000000000 0.500000000
v 1.800000000 0.000000000 0.600000000
v 1.800000000 0.000000000 0.700000000
v 1.800000000 0.000000000 0.800000000
v 1.800000000 0.000000000 0.900000000
v 1.800000000 0.000000000 1.000000000
v 1.800000000 0.000000000 1.100000000
v 1.800000000 0.000000000 1.200000000
v 1.800000000 0.000000000 1.300000000
v 1.800000000 0.000000000 1.400000000
v 1.800000000 0.000000000 1.500000000
v 1.800000000 0.000000000 1.600000000
v 1.800000000 0.000000000 1.700000000
v 1.800000000 0.000000000 1.800000000
v 1.800000000 0.000000000 1.900000000
v 1.800000000 0.000000000 2.000000000
v 1.800000000 0.000000000 2.100000000
v 1.800000000 0.000000000 2.200000000
v 1.800000000 0.000000000 2.300000000
v 1.800000000 0.000000000 2.400000000
v 1.800000000 0.000000000 2.500000000
v 1.800000000 0.000000000 2.600000000
v 1.800000000 0.000000000 2.700000000
v 1.800000000 0.000000000 2.800000000
v 1.800000000 0.000000000 2.900000000
v 1.800000000 0.000000000 3.000000000
v 1.800000000 0.000000000 3.100000000
v 1.800000000 0.000000000 3.200000000
v 1.800000000 0.000000000 3.300000000
v 1.800000000 0.000000000 3.400000000
v 1.800000000 0.000000000 3.500000000
v 1.800000000 0.000000000 3.600000000
v 1.800000000 0.000000000 3.700000000
v 1.800000000 0.000000000 3.800000000
v 1.800000000 0.000000000 3.900000000
v 1.800000000 0.000000000 4.000000000
v 1.700000000 0.000000000 0.000000000
v 1.700000000 0.000000000 0.100000000
v 1.700000000 0.000000000 0.200000000
v 1.700000000 0.000000000 0.300000000
v 1.700000000 0.000000000 0.400000000
v 1.700000000 0.000000000 0.500000000
v 1.700000000 0.000000000 0.600000000
v 1.700000000 0.000000000 0.700000000
v 1.700000000 0.000000000 0.800000000
v 1.700000000 0.000000000 0.900000000
v 1.700000000 0.000000000 1.000000000
v 1.700000000 0.000000000 1.100000000
v 1.700000000 0.000000000 1.200000000
v 1.700000000 0.000000000 1.300000000
v 1.700000000 0.000000000 1.400000000
v 1.700000000 0.000000000 1.500000000
v 1.700000000 0.000000000 1.600000000
v 1.700000000 0.000000000 1.700000000
v 1.700000000 0.000000000 1.800000000
v 1.700000000 0.000000000 1.900000000
v 1.700000000 0.000000000 2.000000000
v 1.700000000 0.000000000 2.100000000
v 1.700000000 0.000000000 2.200000000
v 1.700000000 0.000000000 2.300000000
v 1.700000000 0.000000000 2.400000000
v 1.700000000 0.000000000 2.500000000
v 1.700000000 0.000000000 2.600000000
v 1.700000000 0.000000000 2.700000000
v 1.700000000 0.000000000 2.800000000
v 1.700000000 0.000000000 2.900000000
v 1.700000000 0.000000000 3.000000000
v 1.700000000 0.000000000 3.100000000
v 1.700000000 0.000000000 3.200000000
v 1.700000000 0.000000000 3.300000000
v 1.700000000 0.000000000 3.400000000
v 1.700000000 0.000000000 3.500000000
v 1.700000000 0.000000000 3.600000000
v 1.700000000 0.000000000 3.700000000
v 1.700000000 0.000000000 3.800000000
v 1.700000000 0.000000000 3.900000000
v 1.700000000 0.000000000 4.000000000
v 1.600000000 0.000000000 0.000000000
v 1.600000000 0.000000000 0.100000000
v 1.600000000 0.000000000 0.200000000
v 1.600000000 0.000000000 0.300000000
v 1.600000000 0.000000000 0.400000000
v 1.600000000 0.000000000 0.500000000
v 1.600000000 0.000000000 0.600000000
v 1.600000000 0.000000000 0.700000000
v 1.600000000 0.000000000 0.800000000
v 1.600000000 0.000000000 0.900000000
v 1.600000000 0.000000000 1.000000000
v 1.600000000 0.000000000 1.100000000
v 1.600000000 0.000000000 1.200000000
v 1.600000000 0.000000000 1.300000000
v 1.600000000 0.000000000 1.400000000
v 1.600000000 0.000000000 1.500000000
v 1.600000000 0.000000000 1.600000000
v 1.600000000 0.000000000 1.700000000
v 1.600000000 0.000000000 1.800000000
v 1.600000000 0.000000000 1.900000000
v 1.600000000 0.000000000 2.000000000
v 1.600000000 0.000000000 2.100000000
v 1.600000000 0.000000000 2.200000000
v 1.600000000 0.000000000 2.300000000
v 1.600000000 0.000000000 2.400000000
v 1.600000000 0.000000000 2.500000000
v 1.600000000 0.000000000 2.600000000
v 1.600000000 0.000000000 2.700000000
v 1.600000000 0.000000000 2.800000000
v 1.600000000 0.000000000 2.900000000
v 1.600000000 0.000000000 3.000000000
v 1.600000000 0.000000000 3.100000000
v 1.600000000 0.000000000 3.200000000
v 1.600000000 0.000000000 3.300000000
v 1.600000000 0.000000000 3.400000000
v 1.600000000 0.000000000 3.500000000
v 1.600000000 0.000000000 3.600000000
v 1.600000000 0.000000000 3.700000000
v 1.600000000 0.000000000 3.800000000
v 1.600000000 0.000000000 3.900000000
v 1.600000000 0.000000000 4.000000000
v 1.500000000 0.000000000 0.000000000
v 1.500000000 0.000000000 0.100000000
v 1.500000000 0.000000000 0.200000000
v 1.500000000 0.000000000 0.300000000
v 1.500000000 0.000000000 0.400000000
v 1.500000000 0.000000000 0.500000000
v 1.500000000 0.000000000 0.600000000
v 1.500000000 0.000000000 0.700000000
v 1.500000000 0.000000000 0.800000000
v 1.500000000 0.000000000 0.900000000
v 1.500000000 0.000000000 1.000000000
v 1.500000000 0.000000000 1.100000000
v 1.500000000 0.000000000 1.200000000
v 1.500000000 0.000000000 1.300000000
v 1.500000000 0.000000000 1.400000000
v 1.500000000 0.000000000 1.500000000
v 1.500000000 0.000000000 1.600000000
v 1.500000000 0.000000000 1.700000000
v 1.500000000 0.000000000 1.800000000
v 1.500000000 0.000000000 1.900000000
v 1.500000000 0.000000000 2.000000000
v 1.500000000 0.000000000 2.100000000
v 1.500000000 0.000000000 2.200000000
v 1.500000000 0.000000000 2.300000000
v 1.500000000 0.000000000 2.400000000
v 1.500000000 0.000000000 2.500000000
v 1.500000000 0.000000000 2.600000000
v 1.500000000 0.000000000 2.700000000
v 1.500000000 0.000000000 2.800000000
v 1.500000000 0.000000000 2.900000000
v 1.500000000 0.000000000 3.000000000
v 1.500000000 0.000000000 3.100000000
v 1.500000000 0.000000000 3.200000000
v 1.500000000 0.000000000 3.300000000
v 1.500000000 0.000000000 3.400000000
v 1.500000000 0.000000000 3.500000000
v 1.500000000 0.000000000 3.600000000
v 1.500000000 0.000000000 3.700000000
v 1.500000000 0.000000000 3.800000000
v 1.500000000 0.000000000 3.900000000
v 1.500000000 0.000000000 4.000000000
v 1.400000000 0.000000000 0.000000000
v 1.400000000 0.000000000 0.100000000
v 1.400000000 0.000000000 0.200000000
v 1.400000000 0.000000000 0.300000000
v 1.400000000 0.000000000 0.400000000
v 1.400000000 0.000000000 0.500000000
v 1.400000000 0.000000000 0.600000000
v 1.400000000 0.000000000 0.700000000
v 1.400000000 0.000000000 0.800000000
v 1.400000000 0.000000000 0.900000000
v 1.400000000 0.000000000 1.000000000
v 1.400000000 0.000000000 1.100000000
v 1.400000000 0.000000000 1.200000000
v 1.400000000 0.000000000 1.300000000
v 1.400000000 0.000000000 1.400000000
v 1.400000000 0.000000000 1.500000000
v 1.400000000 0.000000000 1.600000000
v 1.400000000 0.000000000 1.700000000
v 1.400000000 0.000000000 1.800000000
v 1.400000000 0.000000000 1.900000000
v 1.400000000 0.000000000 2.000000000
v 1.400000000 0.000000000 2.100000000
v 1.400000000 0.000000000 2.200000000
v 1.400000000 0.000000000 2.300000000
v 1.400000000 0.000000000 2.400000000
v 1.400000000 0.000000000 2.500000000
v 1.400000000 0.000000000 2.600000000
v 1.400000000 0.000000000 2.700000000
v 1.400000000 0.000000000 2.800000000
v 1.400000000 0.000000000 2.900000000
v 1.400000000 0.000000000 3.000000000
v 1.400000000 0.000000000 3.100000000
v 1.400000000 0.000000000 3.200000000
v 1.400000000 0.000000000 3.300000000
v 1.400000000 0.000000000 3.400000000
v 1.400000000 0.000000000 3.500000000
v 1.400000000 0.000000000 3.600000000
v 1.400000000 0.000000000 3.700000000
v 1.400000000 0.000000000 3.800000000
v 1.400000000 0.000000000 3.900000000
v 1.400000000 0.000000000 4.000000000
v 1.300000000 0.000000000 0.000000000
v 1.300000000 0.000000000 0.100000000
v 1.300000000 0.000000000 0.200000000
v 1.300000000 0.000000000 0.300000000
v 1.300000000 0.000000000 0.400000000
v 1.300000000 0.000000000 0.500000000
v 1.300000000 0.000000000 0.600000000
v 1.300000000 0.000000000 0.700000000
v 1.300000000 0.000000000 0.800000000
v 1.300000000 0.000000000 0.900000000
v 1.300000000 0.000000000 1.000000000
v 1.300000000 0.000000000 1.100000000
v 1.300000000 0.000000000 1.200000000
v 1.300000000 0.000000000 1.300000000
v 1.300000000 0.000000000 1.400000000
v 1.300000000 0.000000000 1.500000000
v 1.300000000 0.000000000 1.600000000
v 1.300000000 0.000000000 1.700000000
v 1.300000000 0.000000000 1.800000000
v 1.300000000 0.000000000 1.900000000
v 1.300000000 0.000000000 2.000000000
v 1.300000000 0.000000000 2.100000000
v 1.300000000 0.000000000 2.200000000
v 1.300000000 0.000000000 2.300000000
v 1.300000000 0.000000000 2.400000000
v 1.300000000 0.000000000 2.500000000
v 1.300000000 0.000000000 2.600000000
v 1.300000000 0.000000000 2.700000000
v 1.300000000 0.000000000 2.800000000
v 1.300000000 0.000000000 2.900000000
v 1.300000000 0.000000000 3.000000000
v 1.300000000 0.000000000 3.100000000
v 1.300000000 0.000000000 3.200000000
v 1.300000000 0.000000000 3.300000000
v 1.300000000 0.000000000 3.400000000
v 1.300000000 0.000000000 3.500000000
v 1.300000000 0.000000000 3.600000000
v 1.300000000 0.000000000 3.700000000
v 1.300000000 0.000000000 3.800000000
v 1.300000000 0.000000000 3.900000000
v 1.300000000 0.000000000 4.000000000
v 1.200000000 0.000000000 0.000000000
v 1.200000000 0.000000000 0.100000000
v 1.200000000 0.000000000 0.200000000
v 1.200000000 0.000000000 0.300000000
v 1.200000000 0.000000000 0.400000000
v 1.200000000 0.000000000 0.500000000
v 1.200000000 0.000000000 0.600000000
v 1.200000000 0.000000000 0.700000000
v 1.200000000 0.000000000 0.800000000
v 1.200000000 0.000000000 0.900000000
v 1.200000000 0.000000000 1.000000000
v 1.200000000 0.000000000 1.100000000
v 1.200000000 0.000000000 1.200000000
v 1.200000000 0.000000000 1.300000000
v 1.200000000 0.000000000 1.400000000
v 1.200000000 0.000000000 1.500000000
v 1.200000000 0.000000000 1.600000000
v 1.200000000 0.000000000 1.700000000
v 1.200000000 0.000000000 1.800000000
v 1.200000000 0.000000000 1.900000000
v 1.200000000 0.000000000 2.000000000
v 1.200000000 0.000000000 2.100000000
v 1.200000000 0.000000000 2.200000000
v 1.200000000 0.000000000 2.300000000
v 1.200000000 0.000000000 2.400000000
v 1.200000000 0.000000000 2.500000000
v 1.200000000 0.000000000 2.600000000
v 1.200000000 0.000000000 2.700000000
v 1.200000000 0.000000000 2.800000000
v 1.200000000 0.000000000 2.900000000
v 1.200000000 0.000000000 3.000000000
v 1.200000000 0.000000000 3.100000000
v 1.200000000 0.000000000 3.200000000
v 1.200000000 0.000000000 3.300000000
v 1.200000000 0.000000000 3.400000000
v 1.200000000 0.000000000 3.500000000
v 1.200000000 0.000000000 3.600000000
v 1.200000000 0.000000000 3.700000000
v 1.200000000 0.000000000 3.800000000
v 1.200000000 0.000000000 3.900000000
v 1.200000000 0.000000000 4.000000000
v 1.100000000 0.000000000 0.000000000
v 1.100000000 0.000000000 0.100000000
v 1.100000000 0.000000000 0.200000000
v 1.100000000 0.000000000 0.300000000
v 1.100000000 0.000000000 0.400000000
v 1.100000000 0.000000000 0.500000000
v 1.100000000 0.000000000 0.600000000
v 1.100000000 0.000000000 0.700000000
v 1.100000000 0.000000000 0.800000000
v 1.100000000 0.000000000 0.900000000
v 1.100000000 0.000000000 1.000000000
v 1.100000000 0.000000000 1.100000000
v 1.100000000 0.000000000 1.200000000
v 1.100000000 0.000000000 1.300000000
v 1.100000000 0.000000000 1.400000000
v 1.100000000 0.000000000 1.500000000
v 1.100000000 0.000000000 1.600000000
v 1.100000000 0.000000000 1.700000000
v 1.100000000 0.000000000 1.800000000
v 1.100000000 0.000000000 1.900000000
v 1.100000000 0.000000000 2.000000000
v 1.100000000 0.000000000 2.100000000
v 1.100000000 0.000000000 2.200000000
v 1.100000000 0.000000000 2.300000000
v 1.100000000 0.000000000 2.400000000
v 1.100000000 0.000000000 2.500000000
v 1.100000000 0.000000000 2.600000000
v 1.100000000 0.000000000 2.700000000
v 1.100000000 0.000000000 2.800000000
v 1.100000000 0.000000000 2.900000000
v 1.100000000 0.000000000 3.000000000
v 1.100000000 0.000000000 3.100000000
v 1.100000000 0.000000000 3.200000000
v 1.100000000 0.000000000 3.300000000
v 1.100000000 0.000000000 3.400000000
v 1.100000000 0.000000000 3.500000000
v 1.100000000 0.000000000 3.600000000
v 1.100000000 0.000000000 3.700000000
v 1.100000000 0.000000000 3.800000000
v 1.100000000 0.000000000 3.900000000
v 1.100000000 0.000000000 4.000000000
v 1.000000000 0.000000000 0.000000000
v 1.000000000 0.000000000 0.100000000
v 1.000000000 0.000000000 0.200000000
v 1.000000000 0.000000000 0.300000000
v 1.000000000 0.000000000 0.400000000
v 1.000000000 0.000000000 0.500000000
v 1.000000000 0.000000000 0.600000000
v 1.000000000 0.000000000 0.700000000
v 1.000000000 0.000000000 0.800000000
v 1.000000000 0.000000000 0.900000000
v 1.000000000 0.000000000 1.000000000
v 1.000000000 0.000000000 1.100000000
v 1.000000000 0.000000000 1.200000000
v 1.000000000 0.000000000 1.300000000
v 1.000000000 0.000000000 1.400000000
v 1.000000000 0.000000000 1.500000000
v 1.000000000 0.000000000 1.600000000
v 1.000000000 0.000000000 1.700000000
v 1.000000000 0.000000000 1.800000000
v 1.000000000 0.000000000 1.900000000
v 1.000000000 0.000000000 2.000000000
v 1.000000000 0.000000000 2.100000000
v 1.000000000 0.000000000 2.200000000
v 1.000000000 0.000000000 2.300000000
v 1.000000000 0.000000000 2.400000000
v 1.000000000 0.000000000 2.500000000
v 1.000000000 0.000000000 2.600000000
v 1.000000000 0.000000000 2.700000000
v 1.000000000 0.000000000 2.800000000
v 1.000000000 0.000000000 2.900000000
v 1.000000000 0.000000000 3.000000000
v 1.000000000 0.000000000 3.100000000
v 1.000000000 0.000000000 3.200000000
v 1.000000000 0.000000000 3.300000000
v 1.000000000 0.000000000 3.400000000
v 1.000000000 0.000000000 3.500000000
v 1.000000000 0.000000000 3.600000000
v 1.000000000 0.000000000 3.700000000
v 1.000000000 0.000000000 3.800000000
v 1.000000000 0.000000000 3.900000000
v 1.000000000 0.000000000 4.000000000
v 0.900000000 0.000000000 0.000000000
v 0.900000000 0.000000000 0.100000000
v 0.900000000 0.000000000 0.200000000
v 0.900000000 0.000000000 0.300000000
v 0.900000000 0.000000000 0.400000000
v 0.900000000 0.000000000 0.500000000
v 0.900000000 0.000000000 0.600000000
v 0.900000000 0.000000000 0.700000000
v 0.900000000 0.000000000 0.800000000
v 0.900000000 0.000000000 0.900000000
v 0.900000000 0.000000000 1.000000000
v 0.900000000 0.000000000 1.100000000
v 0.900000000 0.000000000 1.200000000
v 0.900000000 0.000000000 1.300000000
v 0.900000000 0.000000000 1.400000000
v 0.900000000 0.000000000 1.500000000
v 0.900000000 0.000000000 1.600000000
v 0.900000000 0.000000000 1.700000000
v 0.900000000 0.000000000 1.800000000
v 0.900000000 0.000000000 1.900000000
v 0.900000000 0.000000000 2.000000000
v 0.900000000 0.000000000 2.100000000
v 0.900000000 0.000000000 2.200000000
v 0.900000000 0.000000000 2.300000000
v 0.900000000 0.000000000 2.400000000
v 0.900000000 0.000000000 2.500000000
v 0.900000000 0.000000000 2.600000000
v 0.900000000 0.000000000 2.700000000
v 0.900000000 0.000000000 2.800000000
v 0.900000000 0.000000000 2.900000000
v 0.900000000 0.000000000 3.000000000
v 0.900000000 0.000000000 3.100000000
v 0.900000000 0.000000000 3.200000000
v 0.900000000 0.000000000 3.300000000
v 0.900000000 0.000000000 3.400000000
v 0.900000000 0.000000000 3.500000000
v 0.900000000 0.000000000 3.600000000
v 0.900000000 0.000000000 3.700000000
v 0.900000000 0.000000000 3.800000000
v 0.900000000 0.000000000 3.900000000
v 0.900000000 0.000000000 4.000000000
v 0.800000000 0.000000000 0.000000000
v 0.800000000 0.000000000 0.100000000
v 0.800000000 0.000000000 0.200000000
v 0.800000000 0.000000000 0.300000000
v 0.800000000 0.000000000 0.400000000
v 0.800000000 0.000000000 0.500000000
v 0.800000000 0.000000000 0.600000000
v 0.800000000 0.000000000 0.700000000
v 0.800000000 0.000000000 0.800000000
v 0.800000000 0.000000000 0.900000000
v 0.800000000 0.000000000 1.000000000
v 0.800000000 0.000000000 1.100000000
v 0.800000000 0.000000000 1.200000000
v 0.800000000 0.000000000 1.300000000
v 0.800000000 0.000000000 1.400000000
v 0.800000000 0.000000000 1.500000000
v 0.800000000 0.000000000 1.600000000
v 0.800000000 0.000000000 1.700000000
v 0.800000000 0.000000000 1.800000000
v 0.800000000 0.000000000 1.900000000
v 0.800000000 0.000000000 2.000000000
v 0.800000000 0.000000000 2.100000000
v 0.800000000 0.000000000 2.200000000
v 0.800000000 0.000000000 2.300000000
v 0.800000000 0.000000000 2.400000000
v 0.800000000 0.000000000 2.500000000
v 0.800000000 0.000000000 2.600000000
v 0.800000000 0.000000000 2.700000000
v 0.800000000 0.000000000 2.800000000
v 0.800000000 0.000000000 2.900000000
v 0.800000000 0.000000000 3.000000000
v 0.800000000 0.000000000 3.100000000
v 0.800000000 0.000000000 3.200000000
v 0.800000000 0.000000000 3.300000000
v 0.800000000 0.000000000 3.400000000
v 0.800000000 0.000000000 3.500000000
v 0.800000000 0.000000000 3.600000000
v 0.800000000 0.000000000 3.700000000
v 0.800000000 0.000000000 3.800000000
v 0.800000000 0.000000000 3.900000000
v 0.800000000 0.000000000 4.000000000
v 0.700000000 0.000000000 0.000000000
v 0.700000000 0.000000000 0.100000000
v 0.700000000 0.000000000 0.200000000
v 0.700000000 0.000000000 0.300000000
v 0.700000000 0.000000000 0.400000000
v 0.700000000 0.000000000 0.500000000
v 0.700000000 0.000000000 0.600000000
v 0.700000000 0.000000000 0.700000000
v 0.700000000 0.000000000 0.800000000
v 0.700000000 0.000000000 0.900000000
v 0.700000000 0.000000000 1.000000000
v 0.700000000 0.000000000 1.100000000
v 0.700000000 0.000000000 1.200000000
v 0.700000000 0.000000000 1.300000000
v 0.700000000 0.000000000 1.400000000
v 0.700000000 0.000000000 1.500000000
v 0.700000000 0.000000000 1.600000000
v 0.700000000 0.000000000 1.700000000
v 0.700000000 0.000000000 1.800000000
v 0.700000000 0.000000000 1.900000000
v 0.700000000 0.000000000 2.000000000
v 0.700000000 0.000000000 2.100000000
v 0.700000000 0.000000000 2.200000000
v 0.700000000 0.000000000 2.300000000
v 0.700000000 0.000000000 2.400000000
v 0.700000000 0.000000000 2.500000000
v 0.700000000 0.000000000 2.600000000
v 0.700000000 0.000000000 2.700000000
v 0.700000000 0.000000000 2.800000000
v 0.700000000 0.000000000 2.900000000
v 0.700000000 0.000000000 3.000000000
v 0.700000000 0.000000000 3.100000000
v 0.700000000 0.000000000 3.200000000
v 0.700000000 0.000000000 3.300000000
v 0.700000000 0.000000000 3.400000000
v 0.700000000 0.000000000 3.500000000
v 0.700000000 0.000000000 3.600000000
v 0.700000000 0.000000000 3.700000000
v 0.700000000 0.000000000 3.800000000
v 0.700000000 0.000000000 3.900000000
v 0.700000000 0.000000000 4.000000000
v 0.600000000 0.000000000 0.000000000
v 0.600000000 0.000000000 0.100000000
v 0.600000000 0.000000000 0.200000000
v 0.600000000 0.000000000 0.300000000
v 0.600000000 0.000000000 0.400000000
v 0.600000000 0.000000000 0.500000000
v 0.600000000 0.000000000 0.600000000
v 0.600000000 0.000000000 0.700000000
v 0.600000000 0.000000000 0.800000000
v 0.600000000 0.000000000 0.900000000
v 0.600000000 0.000000000 1.000000000
v 0.600000000 0.000000000 1.100000000
v 0.600000000 0.000000000 1.200000000
v 0.600000000 0.000000000 1.300000000
v 0.600000000 0.000000000 1.400000000
v 0.600000000 0.000000000 1.500000000
v 0.600000000 0.000000000 1.600000000
v 0.600000000 0.000000000 1.700000000
v 0.600000000 0.000000000 1.800000000
v 0.600000000 0.000000000 1.900000000
v 0.600000000 0.000000000 2.000000000
v 0.600000000 0.000000000 2.100000000
v 0.600000000 0.000000000 2.200000000
v 0.600000000 0.000000000 2.300000000
v 0.600000000 0.000000000 2.400000000
v 0.600000000 0.000000000 2.500000000
v 0.600000000 0.000000000 2.600000000
v 0.600000000 0.000000000 2.700000000
v 0.600000000 0.000000000 2.800000000
v 0.600000000 0.000000000 2.900000000
v 0.600000000 0.000000000 3.000000000
v 0.600000000 0.000000000 3.100000000
v 0.600000000 0.000000000 3.200000000
v 0.600000000 0.000000000 3.300000000
v 0.600000000 0.000000000 3.400000000
v 0.600000000 0.000000000 3.500000000
v 0.600000000 0.000000000 3.600000000
v 0.600000000 0.000000000 3.700000000
v 0.600000000 0.000000000 3.800000000
v 0.600000000 0.000000000 3.900000000
v 0.600000000 0.000000000 4.000000000
v 0.500000000 0.000000000 0.000000000
v 0.500000000 0.000000000 0.100000000
v 0.500000000 0.000000000 0.200000000
v 0.500000000 0.000000000 0.300000000
v 0.500000000 0.000000000 0.400000000
v 0.500000000 0.000000000 0.500000000
v 0.500000000 0.000000000 0.600000000
v 0.500000000 0.000000000 0.700000000
v 0.500000000 0.000000000 0.800000000
v 0.500000000 0.000000000 0.900000000
v 0.500000000 0.000000000 1.000000000
v 0.500000000 0.000000000 1.100000000
v 0.500000000 0.000000000 1.200000000
v 0.500000000 0.000000000 1.300000000
v 0.500000000 0.000000000 1.400000000
v 0.500000000 0.000000000 1.500000000
v 0.500000000 0.000000000 1.600000000
v 0.500000000 0.000000000 1.700000000
v 0.500000000 0.000000000 1.800000000
v 0.500000000 0.000000000 1.900000000
v 0.500000000 0.000000000 2.000000000
v 0.500000000 0.000000000 2.100000000
v 0.500000000 0.000000000 2.200000000
v 0.500000000 0.000000000 2.300000000
v 0.500000000 0.000000000 2.400000000
v 0.500000000 0.000000000 2.500000000
v 0.500000000 0.000000000 2.600000000
v 0.500000000 0.000000000 2.700000000
v 0.500000000 0.000000000 2.800000000
v 0.500000000 0.000000000 2.900000000
v 0.500000000 0.000000000 3.000000000
v 0.500000000 0.000000000 3.100000000
v 0.500000000 0.000000000 3.200000000
v 0.500000000 0.000000000 3.300000000
v 0.500000000 0.000000000 3.400000000
v 0.500000000 0.000000000 3.500000000
v 0.500000000 0.000000000 3.600000000
v 0.500000000 0.000000000 3.700000000
v 0.500000000 0.000000000 3.800000000
v 0.500000000 0.000000000 3.900000000
v 0.500000000 0.000000000 4.000000000
v 0.400000000 0.000000000 0.000000000
v 0.400000000 0.000000000 0.100000000
v 0.400000000 0.000000000 0.200000000
v 0.400000000 0.000000000 0.300000000
v 0.400000000 0.000000000 0.400000000
v 0.400000000 0.000000000 0.500000000
v 0.400000000 0.000000000 0.600000000
v 0.400000000 0.000000000 0.700000000
v 0.400000000 0.000000000 0.800000000
v 0.400000000 0.000000000 0.900000000
v 0.400000000 0.000000000 1.000000000
v 0.400000000 0.000000000 1.100000000
v 0.400000000 0.000000000 1.200000000
v 0.400000000 0.000000000 1.300000000
v 0.400000000 0.000000000 1.400000000
v 0.400000000 0.000000000 1.500000000
v 0.400000000 0.000000000 1.600000000
v 0.400000000 0.000000000 1.700000000
v 0.400000000 0.000000000 1.800000000
v 0.400000000 0.000000000 1.900000000
v 0.400000000 0.000000000 2.000000000
v 0.400000000 0.000000000 2.100000000
v 0.400000000 0.000000000 2.200000000
v 0.400000000 0.000000000 2.300000000
v 0.400000000 0.000000000 2.400000000
v 0.400000000 0.000000000 2.500000000
v 0.400000000 0.000000000 2.600000000
v 0.400000000 0.000000000 2.700000000
v 0.400000000 0.000000000 2.800000000
v 0.400000000 0.000000000 2.900000000
v 0.400000000 0.000000000 3.000000000
v 0.400000000 0.000000000 3.100000000
v 0.400000000 0.000000000 3.200000000
v 0.400000000 0.000000000 3.300000000
v 0.400000000 0.000000000 3.400000000
v 0.400000000 0.000000000 3.500000000
v 0.400000000 0.000000000 3.600000000
v 0.400000000 0.000000000 3.700000000
v 0.400000000 0.000000000 3.800000000
v 0.400000000 0.000000000 3.900000000
v 0.400000000 0.000000000 4.000000000
v 0.300000000 0.000000000 0.000000000
v 0.300000000 0.000000000 0.100000000
v 0.300000000 0.000000000 0.200000000
v 0.300000000 0.000000000 0.300000000
v 0.300000000 0.000000000 0.400000000
v 0.300000000 0.000000000 0.500000000
v 0.300000000 0.000000000 0.600000000
v 0.300000000 0.000000000 0.700000000
v 0.300000000 0.000000000 0.800000000
v 0.300000000 0.000000000 0.900000000
v 0.300000000 0.000000000 1.000000000
v 0.300000000 0.000000000 1.100000000
v 0.300000000 0.000000000 1.200000000
v 0.300000000 0.000000000 1.300000000
v 0.300000000 0.000000000 1.400000000
v 0.300000000 0.000000000 1.500000000
v 0.300000000 0.000000000 1.600000000
v 0.300000000 0.000000000 1.700000000
v 0.300000000 0.000000000 1.800000000
v 0.300000000 0.000000000 1.900000000
v 0.300000000 0.000000000 2.000000000
v 0.300000000 0.000000000 2.100000000
v 0.300000000 0.000000000 2.200000000
v 0.300000000 0.000000000 2.300000000
v 0.300000000 0.000000000 2.400000000
v 0.300000000 0.000000000 2.500000000
v 0.300000000 0.000000000 2.600000000
v 0.300000000 0.000000000 2.700000000
v 0.300000000 0.000000000 2.800000000
v 0.300000000 0.000000000 2.900000000
v 0.300000000 0.000000000 3.000000000
v 0.300000000 0.000000000 3.100000000
v 0.300000000 0.000000000 3.200000000
v 0.300000000 0.000000000 3.300000000
v 0.300000000 0.000000000 3.400000000
v 0.300000000 0.000000000 3.500000000
v 0.300000000 0.000000000 3.600000000
v 0.300000000 0.000000000 3.700000000
v 0.300000000 0.000000000 3.800000000
v 0.300000000 0.000000000 3.900000000
v 0.300000000 0.000000000 4.000000000
v 0.200000000 0.000000000 0.000000000
v 0.200000000 0.000000000 0.100000000
v 0.200000000 0.000000000 0.200000000
v 0.200000000 0.000000000 0.300000000
v 0.200000000 0.000000000 0.400000000
v 0.200000000 0.000000000 0.500000000
v 0.200000000 0.000000000 0.600000000
v 0.200000000 0.000000000 0.700000000
v 0.200000000 0.000000000 0.800000000
v 0.200000000 0.000000000 0.900000000
v 0.200000000 0.000000000 1.000000000
v 0.200000000 0.000000000 1.100000000
v 0.200000000 0.000000000 1.200000000
v 0.200000000 0.000000000 1.300000000
v 0.200000000 0.000000000 1.400000000
v 0.200000000 0.000000000 1.500000000
v 0.200000000 0.000000000 1.600000000
v 0.200000000 0.000000000 1.700000000
v 0.200000000 0.000000000 1.800000000
v 0.200000000 0.000000000 1.900000000
v 0.200000000 0.000000000 2.000000000
v 0.200000000 0.000000000 2.100000000
v 0.200000000 0.000000000 2.200000000
v 0.200000000 0.000000000 2.300000000
v 0.200000000 0.000000000 2.400000000
v 0.200000000 0.000000000 2.500000000
v 0.200000000 0.000000000 2.600000000
v 0.200000000 0.000000000 2.700000000
v 0.200000000 0.000000000 2.800000000
v 0.200000000 0.000000000 2.900000000
v 0.200000000 0.000000000 3.000000000
v 0.200000000 0.000000000 3.100000000
v 0.200000000 0.000000000 3.200000000
v 0.200000000 0.000000000 3.300000000
v 0.200000000 0.000000000 3.400000000
v 0.200000000 0.000000000 3.500000000
v 0.200000000 0.000000000 3.600000000
v 0.200000000 0.000000000 3.700000000
v 0.200000000 0.000000000 3.800000000
v 0.200000000 0.000000000 3.900000000
v 0.200000000 0.000000000 4.000000000
v 0.100000000 0.000000000 0.000000000
v 0.100000000 0.000000000 0.100000000
v 0.100000000 0.000000000 0.200000000
v 0.100000000 0.000000000 0.300000000
v 0.100000000 0.000000000 0.400000000
v 0.100000000 0.000000000 0.500000000
v 0.100000000 0.000000000 0.600000000
v 0.100000000 0.000000000 0.700000000
v 0.100000000 0.000000000 0.800000000
v 0.100000000 0.000000000 0.900000000
v 0.100000000 0.000000000 1.000000000
v 0.100000000 0.000000000 1.100000000
v 0.100000000 0.000000000 1.200000000
v 0.100000000 0.000000000 1.300000000
v 0.100000000 0.000000000 1.400000000
v 0.100000000 0.000000000 1.500000000
v 0.100000000 0.000000000 1.600000000
v 0.100000000 0.000000000 1.700000000
v 0.100000000 0.000000000 1.800000000
v 0.100000000 0.000000000 1.900000000
v 0.100000000 0.000000000 2.000000000
v 0.100000000 0.000000000 2.100000000
v 0.100000000 0.000000000 2.200000000
v 0.100000000 0.000000000 2.300000000
v 0.100000000 0.000000000 2.400000000
v 0.100000000 0.000000000 2.500000000
v 0.100000000 0.000000000 2.600000000
v 0.100000000 0.000000000 2.700000000
v 0.100000000 0.000000000 2.800000000
v 0.100000000 0.000000000 2.900000000
v 0.100000000 0.000000000 3.000000000
v 0.100000000 0.000000000 3.100000000
v 0.100000000 0.000000000 3.200000000
v 0.100000000 0.000000000 3.300000000
v 0.100000000 0.000000000 3.400000000
v 0.100000000 0.000000000 3.500000000
v 0.100000000 0.000000000 3.600000000
v 0.100000000 0.000000000 3.700000000
v 0.100000000 0.000000000 3.800000000
v 0.100000000 0.000000000 3.900000000
v 0.100000000 0.000000000 4.000000000
v 0.000000000 0.000000000 0.000000000
v 0.000000000 0.000000000 0.100000000
v 0.000000000 0.000000000 0.200000000
v 0.000000000 0.000000000 0.300000000
v 0.000000000 0.000000000 0.400000000
v 0.000000000 0.000000000 0.500000000
v 0.000000000 0.000000000 0.600000000
v 0.000000000 0.000000000 0.700000000
v 0.000000000 0.000000000 0.800000000
v 0.000000000 0.000000000 0.900000000
v 0.000000000 0.000000000 1.000000000
v 0.000000000 0.000000000 1.100000000
v 0.000000000 0.000000000 1.200000000
v 0.000000000 0.000000000 1.300000000
v 0.000000000 0.000000000 1.400000000
v 0.000000000 0.000000000 1.500000000
v 0.000000000 0.000000000 1.600000000
v 0.000000000 0.000000000 1.700000000
v 0.000000000 0.000000000 1.800000000
v 0.000000000 0.000000000 1.900000000
v 0.000000000 0.000000000 2.000000000
v 0.000000000 0.000000000 2.100000000
v 0.000000000 0.000000000 2.200000000
v 0.000000000 0.000000000 2.300000000
v 0.000000000 0.000000000 2.400000000
v 0.000000000 0.000000000 2.500000000
v 0.000000000 0.000000000 2.600000000
v 0.000000000 0.000000000 2.700000000
v 0.000000000 0.000000000 2.800000000
v 0.000000000 0.000000000 2.900000000
v 0.000000000 0.000000000 3.000000000
v 0.000000000 0.000000000 3.100000000
v 0.000000000 0.000000000 3.200000000
v 0.000000000 0.000000000 3.300000000
v 0.000000000 0.000000000 3.400000000
v 0.000000000 0.000000000 3.500000000
v 0.000000000 0.000000000 3.600000000
v 0.000000000 0.000000000 3.700000000
v 0.000000000 0.000000000 3.800000000
v 0.000000000 0.000000000 3.900000000
v 0.000000000 0.000000000 4.000000000
v 0.000000000 3.000000000 0.000000000
v 0.000000000 3.000000000 0.100000000
v 0.000000000 3.000000000 0.200000000
v 0.000000000 3.000000000 0.300000000
v 0.000000000 3.000000000 0.400000000
v 0.000000000 3.000000000 0.500000000
v 0.000000000 3.000000000 0.600000000
v 0.000000000 3.000000000 0.700000000
v 0.000000000 3.000000000 0.800000000
v 0.000000000 3.000000000 0.900000000
v 0.000000000 3.000000000 1.000000000
v 0.000000000 3.000000000 1.100000000
v 0.000000000 3.000000000 1.200000000
v 0.000000000 3.000000000 1.300000000
v 0.000000000 3.000000000 1.400000000
v 0.000000000 3.000000000 1.500000000
v 0.000000000 3.000000000 1.600000000
v 0.000000000 3.000000000 1.700000000
v 0.000000000 3.000000000 1.800000000
v 0.000000000 3.000000000 1.900000000
v 0.000000000 3.000000000 2.000000000
v 0.000000000 3.000000000 2.100000000
v 0.000000000 3.000000000 2.200000000
v 0.000000000 3.000000000 2.300000000
v 0.000000000 3.000000000 2.400000000
v 0.000000000 3.000000000 2.500000000
v 0.000000000 3.000000000 2.600000000
v 0.000000000 3.000000000 2.700000000
v 0.000000000 3.000000000 2.800000000
v 0.000000000 3.000000000 2.900000000
v 0.000000000 3.000000000 3.000000000
v 0.000000000 3.000000000 3.100000000
v 0.000000000 3.000000000 3.200000000
v 0.000000000 3.000000000 3.300000000
v 0.000000000 3.000000000 3.400000000
v 0.000000000 3.000000000 3.500000000
v 0.000000000 3.000000000 3.600000000
v 0.000000000 3.000000000 3.700000000
v 0.000000000 3.000000000 3.800000000
v 0.000000000 3.000000000 3.900000000
v 0.000000000 3.000000000 4.000000000
v 0.100000000 3.000000000 0.000000000
v 0.100000000 3.000000000 0.100000000
v 0.100000000 3.000000000 0.200000000
v 0.100000000 3.000000000 0.300000000
v 0.100000000 3.000000000 0.400000000
v 0.100000000 3.000000000 0.500000000
v 0.100000000 3.000000000 0.600000000
v 0.100000000 3.000000000 0.700000000
v 0.100000000 3.000000000 0.800000000
v 0.100000000 3.000000000 0.900000000
v 0.100000000 3.000000000 1.000000000
v 0.100000000 3.000000000 1.100000000
v 0.100000000 3.000000000 1.200000000
v 0.100000000 3.000000000 1.300000000
v 0.100000000 3.000000000 1.400000000
v 0.100000000 3.000000000 1.500000000
v 0.100000000 3.000000000 1.600000000
v 0.100000000 3.000000000 1.700000000
v 0.100000000 3.000000000 1.800000000
v 0.100000000 3.000000000 1.900000000
v 0.100000000 3.000000000 2.000000000
v 0.100000000 3.000000000 2.100000000
v 0.100000000 3.000000000 2.200000000
v 0.100000000 3.000000000 2.300000000
v 0.100000000 3.000000000 2.400000000
v 0.100000000 3.000000000 2.500000000
v 0.100000000 3.000000000 2.600000000
v 0.100000000 3.000000000 2.700000000
v 0.100000000 3.000000000 2.800000000
v 0.100000000 3.000000000 2.900000000
v 0.100000000 3.000000000 3.000000000
v 0.100000000 3.000000000 3.100000000
v 0.100000000 3.000000000 3.200000000
v 0.100000000 3.000000000 3.300000000
v 0.100000000 3.000000000 3.400000000
v 0.100000000 3.000000000 3.500000000
v 0.100000000 3.000000000 3.600000000
v 0.100000000 3.000000000 3.700000000
v 0.100000000 3.000000000 3.800000000
v 0.100000000 3.000000000 3.900000000
v 0.100000000 3.000000000 4.000000000
v 0.200000000 3.000000000 0.000000000
v 0.200000000 3.000000000 0.100000000
v 0.200000000 3.000000000 0.200000000
v 0.200000000 3.000000000 0.300000000
v 0.200000000 3.000000000 0.400000000
v 0.200000000 3.000000000 0.500000000
v 0.200000000 3.000000000 0.600000000
v 0.200000000 3.000000000 0.700000000
v 0.200000000 3.000000000 0.800000000
v 0.200000000 3.000000000 0.900000000
v 0.200000000 3.000000000 1.000000000
v 0.200000000 3.000000000 1.100000000
v 0.200000000 3.000000000 1.200000000
v 0.200000000 3.000000000 1.300000000
v 0.200000000 3.000000000 1.400000000
v 0.200000000 3.000000000 1.500000000
v 0.200000000 3.000000000 1.600000000
v 0.200000000 3.000000000 1.700000000
v 0.200000000 3.000000000 1.800000000
v 0.200000000 3.000000000 1.900000000
v 0.200000000 3.000000000 2.000000000
v 0.200000000 3.000000000 2.100000000
v 0.200000000 3.000000000 2.200000000
v 0.200000000 3.000000000 2.300000000
v 0.200000000 3.000000000 2.400000000
v 0.200000000 3.000000000 2.500000000
v 0.200000000 3.000000000 2.600000000
v 0.200000000 3.000000000 2.700000000
v 0.200000000 3.000000000 2.800000000
v 0.200000000 3.000000000 2.900000000
v 0.200000000 3.000000000 3.000000000
v 0.200000000 3.000000000 3.100000000
v 0.200000000 3.000000000 3.200000000
v 0.200000000 3.000000000 3.300000000
v 0.200000000 3.000000000 3.400000000
v 0.200000000 3.000000000 3.500000000
v 0.200000000 3.000000000 3.600000000
v 0.200000000 3.000000000 3.700000000
v 0.200000000 3.000000000 3.800000000
v 0.200000000 3.000000000 3.900000000
v 0.200000000 3.000000000 4.000000000
v 0.300000000 3.000000000 0.000000000
v 0.300000000 3.000000000 0.100000000
v 0.300000000 3.000000000 0.200000000
v 0.300000000 3.000000000 0.300000000
v 0.300000000 3.000000000 0.400000000
v 0.300000000 3.000000000 0.500000000
v 0.300000000 3.000000000 0.600000000
v 0.300000000 3.000000000 0.700000000
v 0.300000000 3.000000000 0.800000000
v 0.300000000 3.000000000 0.900000000
v 0.300000000 3.000000000 1.000000000
v 0.300000000 3.000000000 1.100000000
v 0.300000000 3.000000000 1.200000000
v 0.300000000 3.000000000 1.300000000
v 0.300000000 3.000000000 1.400000000
v 0.300000000 3.000000000 1.500000000
v 0.300000000 3.000000000 1.600000000
v 0.300000000 3.000000000 1.700000000
v 0.300000000 3.000000000 1.800000000
v 0.300000000 3.000000000 1.900000000
v 0.300000000 3.000000000 2.000000000
v 0.300000000 3.000000000 2.100000000
v 0.300000000 3.000000000 2.200000000
v 0.300000000 3.000000000 2.300000000
v 0.300000000 3.000000000 2.400000000
v 0.300000000 3.000000000 2.500000000
v 0.300000000 3.000000000 2.600000000
v 0.300000000 3.000000000 2.700000000
v 0.300000000 3.000000000 2.800000000
v 0.300000000 3.000000000 2.900000000
v 0.300000000 3.000000000 3.000000000
v 0.300000000 3.000000000 3.100000000
v 0.300000000 3.000000000 3.200000000
v 0.300000000 3.000000000 3.300000000
v 0.300000000 3.000000000 3.400000000
v 0.300000000 3.000000000 3.500000000
v 0.300000000 3.000000000 3.600000000
v 0.300000000 3.000000000 3.700000000
v 0.300000000 3.000000000 3.800000000
v 0.300000000 3.000000000 3.900000000
v 0.300000000 3.000000000 4.000000000
v 0.400000000 3.000000000 0.000000000
v 0.400000000 3.000000000 0.100000000
v 0.400000000 3.000000000 0.200000000
v 0.400000000 3.000000000 0.300000000
v 0.400000000 3.000000000 0.400000000
v 0.400000000 3.000000000 0.500000000
v 0.400000000 3.000000000 0.600000000
v 0.400000000 3.000000000 0.700000000
v 0.400000000 3.000000000 0.800000000
v 0.400000000 3.000000000 0.900000000
v 0.400000000 3.000000000 1.000000000
v 0.400000000 3.000000000 1.100000000
v 0.400000000 3.000000000 1.200000000
v 0.400000000 3.000000000 1.300000000
v 0.400000000 3.000000000 1.400000000
v 0.400000000 3.000000000 1.500000000
v 0.400000000 3.000000000 1.600000000
v 0.400000000 3.000000000 1.700000000
v 0.400000000 3.000000000 1.800000000
v 0.400000000 3.000000000 1.900000000
v 0.400000000 3.000000000 2.000000000
v 0.400000000 3.000000000 2.100000000
v 0.400000000 3.000000000 2.200000000
v 0.400000000 3.000000000 2.300000000
v 0.400000000 3.000000000 2.400000000
v 0.400000000 3.000000000 2.500000000
v 0.400000000 3.000000000 2.600000000
v 0.400000000 3.000000000 2.700000000
v 0.400000000 3.000000000 2.800000000
v 0.400000000 3.000000000 2.900000000
v 0.400000000 3.000000000 3.000000000
v 0.400000000 3.000000000 3.100000000
v 0.400000000 3.000000000 3.200000000
v 0.400000000 3.000000000 3.300000000
v 0.400000000 3.000000000 3.400000000
v 0.400000000 3.000000000 3.500000000
v 0.400000000 3.000000000 3.600000000
v 0.400000000 3.000000000 3.700000000
v 0.400000000 3.000000000 3.800000000
v 0.400000000 3.000000000 3.900000000
v 0.400000000 3.000000000 4.000000000
v 0.500000000 3.000000000 0.000000000
v 0.500000000 3.000000000 0.100000000
v 0.500000000 3.000000000 0.200000000
v 0.500000000 3.000000000 0.300000000
v 0.500000000 3.000000000 0.400000000
v 0.500000000 3.000000000 0.500000000
v 0.500000000 3.000000000 0.600000000
v 0.500000000 3.000000000 0.700000000
v 0.500000000 3.000000000 0.800000000
v 0.500000000 3.000000000 0.900000000
v 0.500000000 3.000000000 1.000000000
v 0.500000000 3.000000000 1.100000000
v 0.500000000 3.000000000 1.200000000
v 0.500000000 3.000000000 1.300000000
v 0.500000000 3.000000000 1.400000000
v 0.500000000 3.000000000 1.500000000
v 0.500000000 3.000000000 1.600000000
v 0.500000000 3.000000000 1.700000000
v 0.500000000 3.000000000 1.800000000
v 0.500000000 3.000000000 1.900000000
v 0.500000000 3.000000000 2.000000000
v 0.500000000 3.000000000 2.100000000
v 0.500000000 3.000000000 2.200000000
v 0.500000000 3.000000000 2.300000000
v 0.500000000 3.000000000 2.400000000
v 0.500000000 3.000000000 2.500000000
v 0.500000000 3.000000000 2.600000000
v 0.500000000 3.000000000 2.700000000
v 0.500000000 3.000000000 2.800000000
v 0.500000000 3.000000000 2.900000000
v 0.500000000 3.000000000 3.000000000
v 0.500000000 3.000000000 3.100000000
v 0.500000000 3.000000000 3.200000000
v 0.500000000 3.000000000 3.300000000
v 0.500000000 3.000000000 3.400000000
v 0.500000000 3.000000000 3.500000000
v 0.500000000 3.000000000 3.600000000
v 0.500000000 3.000000000 3.700000000
v 0.500000000 3.000000000 3.800000000
v 0.500000000 3.000000000 3.900000000
v 0.500000000 3.000000000 4.000000000
v 0.600000000 3.000000000 0.000000000
v 0.600000000 3.000000000 0.100000000
v 0.600000000 3.000000000 0.200000000
v 0.600000000 3.000000000 0.300000000
v 0.600000000 3.000000000 0.400000000
v 0.600000000 3.000000000 0.500000000
v 0.600000000 3.000000000 0.600000000
v 0.600000000 3.000000000 0.700000000
v 0.600000000 3.000000000 0.800000000
v 0.600000000 3.000000000 0.900000000
v 0.600000000 3.000000000 1.000000000
v 0.600000000 3.000000000 1.100000000
v 0.600000000 3.000000000 1.200000000
v 0.600000000 3.000000000 1.300000000
v 0.600000000 3.000000000 1.400000000
v 0.600000000 3.000000000 1.500000000
v 0.600000000 3.000000000 1.600000000
v 0.600000000 3.000000000 1.700000000
v 0.600000000 3.000000000 1.800000000
v 0.600000000 3.000000000 1.900000000
v 0.600000000 3.000000000 2.000000000
v 0.600000000 3.000000000 2.100000000
v 0.600000000 3.000000000 2.200000000
v 0.600000000 3.000000000 2.300000000
v 0.600000000 3.000000000 2.400000000
v 0.600000000 3.000000000 2.500000000
v 0.600000000 3.000000000 2.600000000
v 0.600000000 3.000000000 2.700000000
v 0.600000000 3.000000000 2.800000000
v 0.600000000 3.000000000 2.900000000
v 0.600000000 3.000000000 3.000000000
v 0.600000000 3.000000000 3.100000000
v 0.600000000 3.000000000 3.200000000
v 0.600000000 3.000000000 3.300000000
v 0.600000000 3.000000000 3.400000000
v 0.600000000 3.000000000 3.500000000
v 0.600000000 3.000000000 3.600000000
v 0.600000000 3.000000000 3.700000000
v 0.600000000 3.000000000 3.800000000
v 0.600000000 3.000000000 3.900000000
v 0.600000000 3.000000000 4.000000000
v 0.700000000 3.000000000 0.000000000
v 0.700000000 3.000000000 0.100000000
v 0.700000000 3.000000000 0.200000000
v 0.700000000 3.000000000 0.300000000
v 0.700000000 3.000000000 0.400000000
v 0.700000000 3.000000000 0.500000000
v 0.700000000 3.000000000 0.600000000
v 0.700000000 3.000000000 0.700000000
v 0.700000000 3.000000000 0.800000000
v 0.700000000 3.000000000 0.900000000
v 0.700000000 3.000000000 1.000000000
v 0.700000000 3.000000000 1.100000000
v 0.700000000 3.000000000 1.200000000
v 0.700000000 3.000000000 1.300000000
v 0.700000000 3.000000000 1.400000000
v 0.700000000 3.000000000 1.500000000
v 0.700000000 3.000000000 1.600000000
v 0.700000000 3.000000000 1.700000000
v 0.700000000 3.000000000 1.800000000
v 0.700000000 3.000000000 1.900000000
v 0.700000000 3.000000000 2.000000000
v 0.700000000 3.000000000 2.100000000
v 0.700000000 3.000000000 2.200000000
v 0.700000000 3.000000000 2.300000000
v 0.700000000 3.000000000 2.400000000
v 0.700000000 3.000000000 2.500000000
v 0.700000000 3.000000000 2.600000000
v 0.700000000 3.000000000 2.700000000
v 0.700000000 3.000000000 2.800000000
v 0.700000000 3.000000000 2.900000000
v 0.700000000 3.000000000 3.000000000
v 0.700000000 3.000000000 3.100000000
v 0.700000000 3.000000000 3.200000000
v 0.700000000 3.000000000 3.300000000
v 0.700000000 3.000000000 3.400000000
v 0.700000000 3.000000000 3.500000000
v 0.700000000 3.000000000 3.600000000
v 0.700000000 3.000000000 3.700000000
v 0.700000000 3.000000000 3.800000000
v 0.700000000 3.000000000 3.900000000
v 0.700000000 3.000000000 4.000000000
v 0.800000000 3.000000000 0.000000000
v 0.800000000 3.000000000 0.100000000
v 0.800000000 3.000000000 0.200000000
v 0.800000000 3.000000000 0.300000000
v 0.800000000 3.000000000 0.400000000
v 0.800000000 3.000000000 0.500000000
v 0.800000000 3.000000000 0.600000000
v 0.800000000 3.000000000 0.700000000
v 0.800000000 3.000000000 0.800000000
v 0.800000000 3.000000000 0.900000000
v 0.800000000 3.000000000 1.000000000
v 0.800000000 3.000000000 1.100000000
v 0.800000000 3.000000000 1.200000000
v 0.800000000 3.000000000 1.300000000
v 0.800000000 3.000000000 1.400000000
v 0.800000000 3.000000000 1.500000000
v 0.800000000 3.000000000 1.600000000
v 0.800000000 3.000000000 1.700000000
v 0.800000000 3.000000000 1.800000000
v 0.800000000 3.000000000 1.900000000
v 0.800000000 3.000000000 2.000000000
v 0.800000000 3.000000000 2.100000000
v 0.800000000 3.000000000 2.200000000
v 0.800000000 3.000000000 2.300000000
v 0.800000000 3.000000000 2.400000000
v 0.800000000 3.000000000 2.500000000
v 0.800000000 3.000000000 2.600000000
v 0.800000000 3.000000000 2.700000000
v 0.800000000 3.000000000 2.800000000
v 0.800000000 3.000000000 2.900000000
v 0.800000000 3.000000000 3.000000000
v 0.800000000 3.000000000 3.100000000
v 0.800000000 3.000000000 3.200000000
v 0.800000000 3.000000000 3.300000000
v 0.800000000 3.000000000 3.400000000
v 0.800000000 3.000000000 3.500000000
v 0.800000000 3.000000000 3.600000000
v 0.800000000 3.000000000 3.700000000
v 0.800000000 3.000000000 3.800000000
v 0.800000000 3.000000000 3.900000000
v 0.800000000 3.000000000 4.000000000
v 0.900000000 3.000000000 0.000000000
v 0.900000000 3.000000000 0.100000000
v 0.900000000 3.000000000 0.200000000
v 0.900000000 3.000000000 0.300000000
v 0.900000000 3.000000000 0.400000000
v 0.900000000 3.000000000 0.500000000
v 0.900000000 3.000000000 0.600000000
v 0.900000000 3.000000000 0.700000000
v 0.900000000 3.000000000 0.800000000
v 0.900000000 3.000000000 0.900000000
v 0.900000000 3.000000000 1.000000000
v 0.900000000 3.000000000 1.100000000
v 0.900000000 3.000000000 1.200000000
v 0.900000000 3.000000000 1.300000000
v 0.900000000 3.000000000 1.400000000
v 0.900000000 3.000000000 1.500000000
v 0.900000000 3.000000000 1.600000000
v 0.900000000 3.000000000 1.700000000
v 0.900000000 3.000000000 1.800000000
v 0.900000000 3.000000000 1.900000000
v 0.900000000 3.000000000 2.000000000
v 0.900000000 3.000000000 2.100000000
v 0.900000000 3.000000000 2.200000000
v 0.900000000 3.000000000 2.300000000
v 0.900000000 3.000000000 2.400000000
v 0.900000000 3.000000000 2.500000000
v 0.900000000 3.000000000 2.600000000
v 0.900000000 3.000000000 2.700000000
v 0.900000000 3.000000000 2.800000000
v 0.900000000 3.000000000 2.900000000
v 0.900000000 3.000000000 3.000000000
v 0.900000000 3.000000000 3.100000000
v 0.900000000 3.000000000 3.200000000
v 0.900000000 3.000000000 3.300000000
v 0.900000000 3.000000000 3.400000000
v 0.900000000 3.000000000 3.500000000
v 0.900000000 3.000000000 3.600000000
v 0.900000000 3.000000000 3.700000000
v 0.900000000 3.000000000 3.800000000
v 0.900000000 3.000000000 3.900000000
v 0.900000000 3.000000000 4.000000000
v 1.000000000 3.000000000 0.000000000
v 1.000000000 3.000000000 0.100000000
v 1.000000000 3.000000000 0.200000000
v 1.000000000 3.000000000 0.300000000
v 1.000000000 3.000000000 0.400000000
v 1.000000000 3.000000000 0.500000000
v 1.000000000 3.000000000 0.600000000
v 1.000000000 3.000000000 0.700000000
v 1.000000000 3.000000000 0.800000000
v 1.000000000 3.000000000 0.900000000
v 1.000000000 3.000000000 1.000000000
v 1.000000000 3.000000000 1.100000000
v 1.000000000 3.000000000 1.200000000
v 1.000000000 3.000000000 1.300000000
v 1.000000000 3.000000000 1.400000000
v 1.000000000 3.000000000 1.500000000
v 1.000000000 3.000000000 1.600000000
v 1.000000000 3.000000000 1.700000000
v 1.000000000 3.000000000 1.800000000
v 1.000000000 3.000000000 1.900000000
v 1.000000000 3.000000000 2.000000000
v 1.000000000 3.000000000 2.100000000
v 1.000000000 3.000000000 2.200000000
v 1.000000000 3.000000000 2.300000000
v 1.000000000 3.000000000 2.400000000
v 1.000000000 3.000000000 2.500000000
v 1.000000000 3.000000000 2.600000000
v 1.000000000 3.000000000 2.700000000
v 1.000000000 3.000000000 2.800000000
v 1.000000000 3.000000000 2.900000000
v 1.000000000 3.000000000 3.000000000
v 1.000000000 3.000000000 3.100000000
v 1.000000000 3.000000000 3.200000000
v 1.000000000 3.000000000 3.300000000
v 1.000000000 3.000000000 3.400000000
v 1.000000000 3.000000000 3.500000000
v 1.000000000 3.000000000 3.600000000
v 1.000000000 3.000000000 3.700000000
v 1.000000000 3.000000000 3.800000000
v 1.000000000 3.000000000 3.900000000
v 1.000000000 3.000000000 4.000000000
v 1.100000000 3.000000000 0.000000000
v 1.100000000 3.000000000 0.100000000
v 1.100000000 3.000000000 0.200000000
v 1.100000000 3.000000000 0.300000000
v 1.100000000 3.000000000 0.400000000
v 1.100000000 3.000000000 0.500000000
v 1.100000000 3.000000000 0.600000000
v 1.100000000 3.000000000 0.700000000
v 1.100000000 3.000000000 0.800000000
v 1.100000000 3.000000000 0.900000000
v 1.100000000 3.000000000 1.000000000
v 1.100000000 3.000000000 1.100000000
v 1.100000000 3.000000000 1.200000000
v 1.100000000 3.000000000 1.300000000
v 1.100000000 3.000000000 1.400000000
v 1.100000000 3.000000000 1.500000000
v 1.100000000 3.000000000 1.600000000
v 1.100000000 3.000000000 1.700000000
v 1.100000000 3.000000000 1.800000000
v 1.100000000 3.000000000 1.900000000
v 1.100000000 3.000000000 2.000000000
v 1.100000000 3.000000000 2.100000000
v 1.100000000 3.000000000 2.200000000
v 1.100000000 3.000000000 2.300000000
v 1.100000000 3.000000000 2.400000000
v 1.100000000 3.000000000 2.500000000
v 1.100000000 3.000000000 2.600000000
v 1.100000000 3.000000000 2.700000000
v 1.100000000 3.000000000 2.800000000
v 1.100000000 3.000000000 2.900000000
v 1.100000000 3.000000000 3.000000000
v 1.100000000 3.000000000 3.100000000
v 1.100000000 3.000000000 3.200000000
v 1.100000000 3.000000000 3.300000000
v 1.100000000 3.000000000 3.400000000
v 1.100000000 3.000000000 3.500000000
v 1.100000000 3.000000000 3.600000000
v 1.100000000 3.000000000 3.700000000
v 1.100000000 3.000000000 3.800000000
v 1.100000000 3.000000000 3.900000000
v 1.100000000 3.000000000 4.000000000
v 1.200000000 3.000000000 0.000000000
v 1.200000000 3.000000000 0.100000000
v 1.200000000 3.000000000 0.200000000
v 1.200000000 3.000000000 0.300000000
v 1.200000000 3.000000000 0.400000000
v 1.200000000 3.000000000 0.500000000
v 1.200000000 3.000000000 0.600000000
v 1.200000000 3.000000000 0.700000000
v 1.200000000 3.000000000 0.800000000
v 1.200000000 3.000000000 0.900000000
v 1.200000000 3.000000000 1.000000000
v 1.200000000 3.000000000 1.100000000
v 1.200000000 3.000000000 1.200000000
v 1.200000000 3.000000000 1.300000000
v 1.200000000 3.000000000 1.400000000
v 1.200000000 3.000000000 1.500000000
v 1.200000000 3.000000000 1.600000000
v 1.200000000 3.000000000 1.700000000
v 1.200000000 3.000000000 1.800000000
v 1.200000000 3.000000000 1.900000000
v 1.200000000 3.000000000 2.000000000
v 1.200000000 3.000000000 2.100000000
v 1.200000000 3.000000000 2.200000000
v 1.200000000 3.000000000 2.300000000
v 1.200000000 3.000000000 2.400000000
v 1.200000000 3.000000000 2.500000000
v 1.200000000 3.000000000 2.600000000
v 1.200000000 3.000000000 2.700000000
v 1.200000000 3.000000000 2.800000000
v 1.200000000 3.000000000 2.900000000
v 1.200000000 3.000000000 3.000000000
v 1.200000000 3.000000000 3.100000000
v 1.200000000 3.000000000 3.200000000
v 1.200000000 3.000000000 3.300000000
v 1.200000000 3.000000000 3.400000000
v 1.200000000 3.000000000 3.500000000
v 1.200000000 3.000000000 3.600000000
v 1.200000000 3.000000000 3.700000000
v 1.200000000 3.000000000 3.800000000
v 1.200000000 3.000000000 3.900000000
v 1.200000000 3.000000000 4.000000000
v 1.300000000 3.000000000 0.000000000
v 1.300000000 3.000000000 0.100000000
v 1.300000000 3.000000000 0.200000000
v 1.300000000 3.000000000 0.300000000
v 1.300000000 3.000000000 0.400000000
v 1.300000000 3.000000000 0.500000000
v 1.300000000 3.000000000 0.600000000
v 1.300000000 3.000000000 0.700000000
v 1.300000000 3.000000000 0.800000000
v 1.300000000 3.000000000 0.900000000
v 1.300000000 3.000000000 1.000000000
v 1.300000000 3.000000000 1.100000000
v 1.300000000 3.000000000 1.200000000
v 1.300000000 3.000000000 1.300000000
v 1.300000000 3.000000000 1.400000000
v 1.300000000 3.000000000 1.500000000
v 1.300000000 3.000000000 1.600000000
v 1.300000000 3.000000000 1.700000000
v 1.300000000 3.000000000 1.800000000
v 1.300000000 3.000000000 1.900000000
v 1.300000000 3.000000000 2.000000000
v 1.300000000 3.000000000 2.100000000
v 1.300000000 3.000000000 2.200000000
v 1.300000000 3.000000000 2.300000000
v 1.300000000 3.000000000 2.400000000
v 1.300000000 3.000000000 2.500000000
v 1.300000000 3.000000000 2.600000000
v 1.300000000 3.000000000 2.700000000
v 1.300000000 3.000000000 2.800000000
v 1.300000000 3.000000000 2.900000000
v 1.300000000 3.000000000 3.000000000
v 1.300000000 3.000000000 3.100000000
v 1.300000000 3.000000000 3.200000000
v 1.300000000 3.000000000 3.300000000
v 1.300000000 3.000000000 3.400000000
v 1.300000000 3.000000000 3.500000000
v 1.300000000 3.000000000 3.600000000
v 1.300000000 3.000000000 3.700000000
v 1.300000000 3.000000000 3.800000000
v 1.300000000 3.000000000 3.900000000
v 1.300000000 3.000000000 4.000000000
v 1.400000000 3.000000000 0.000000000
v 1.400000000 3.000000000 0.100000000
v 1.400000000 3.000000000 0.200000000
v 1.400000000 3.000000000 0.300000000
v 1.400000000 3.000000000 0.400000000
v 1.400000000 3.000000000 0.500000000
v 1.400000000 3.000000000 0.600000000
v 1.400000000 3.000000000 0.700000000
v 1.400000000 3.000000000 0.800000000
v 1.400000000 3.000000000 0.900000000
v 1.400000000 3.000000000 1.000000000
v 1.400000000 3.000000000 1.100000000
v 1.400000000 3.000000000 1.200000000
v 1.400000000 3.000000000 1.300000000
v 1.400000000 3.000000000 1.400000000
v 1.400000000 3.000000000 1.500000000
v 1.400000000 3.000000000 1.600000000
v 1.400000000 3.000000000 1.700000000
v 1.400000000 3.000000000 1.800000000
v 1.400000000 3.000000000 1.900000000
v 1.400000000 3.000000000 2.000000000
v 1.400000000 3.000000000 2.100000000
v 1.400000000 3.000000000 2.200000000
v 1.400000000 3.000000000 2.300000000
v 1.400000000 3.000000000 2.400000000
v 1.400000000 3.000000000 2.500000000
v 1.400000000 3.000000000 2.600000000
v 1.400000000 3.000000000 2.700000000
v 1.400000000 3.000000000 2.800000000
v 1.400000000 3.000000000 2.900000000
v 1.400000000 3.000000000 3.000000000
v 1.400000000 3.000000000 3.100000000
v 1.400000000 3.000000000 3.200000000
v 1.400000000 3.000000000 3.300000000
v 1.400000000 3.000000000 3.400000000
v 1.400000000 3.000000000 3.500000000
v 1.400000000 3.000000000 3.600000000
v 1.400000000 3.000000000 3.700000000
v 1.400000000 3.000000000 3.800000000
v 1.400000000 3.000000000 3.900000000
v 1.400000000 3.000000000 4.000000000
v 1.500000000 3.000000000 0.000000000
v 1.500000000 3.000000000 0.100000000
v 1.500000000 3.000000000 0.200000000
v 1.500000000 3.000000000 0.300000000
v 1.500000000 3.000000000 0.400000000
v 1.500000000 3.000000000 0.500000000
v 1.500000000 3.000000000 0.600000000
v 1.500000000 3.000000000 0.700000000
v 1.500000000 3.000000000 0.800000000
v 1.500000000 3.000000000 0.900000000
v 1.500000000 3.000000000 1.000000000
v 1.500000000 3.000000000 1.100000000
v 1.500000000 3.000000000 1.200000000
v 1.500000000 3.000000000 1.300000000
v 1.500000000 3.000000000 1.400000000
v 1.500000000 3.000000000 1.500000000
v 1.500000000 3.000000000 1.600000000
v 1.500000000 3.000000000 1.700000000
v 1.500000000 3.000000000 1.800000000
v 1.500000000 3.000000000 1.900000000
v 1.500000000 3.000000000 2.000000000
v 1.500000000 3.000000000 2.100000000
v 1.500000000 3.000000000 2.200000000
v 1.500000000 3.000000000 2.300000000
v 1.500000000 3.000000000 2.400000000
v 1.500000000 3.000000000 2.500000000
v 1.500000000 3.000000000 2.600000000
v 1.500000000 3.000000000 2.700000000
v 1.500000000 3.000000000 2.800000000
v 1.500000000 3.000000000 2.900000000
v 1.500000000 3.000000000 3.000000000
v 1.500000000 3.000000000 3.100000000
v 1.500000000 3.000000000 3.200000000
v 1.500000000 3.000000000 3.300000000
v 1.500000000 3.000000000 3.400000000
v 1.500000000 3.000000000 3.500000000
v 1.500000000 3.000000000 3.600000000
v 1.500000000 3.000000000 3.700000000
v 1.500000000 3.000000000 3.800000000
v 1.500000000 3.000000000 3.900000000
v 1.500000000 3.000000000 4.000000000
v 1.600000000 3.000000000 0.000000000
v 1.600000000 3.000000000 0.100000000
v 1.600000000 3.000000000 0.200000000
v 1.600000000 3.000000000 0.300000000
v 1.600000000 3.000000000 0.400000000
v 1.600000000 3.000000000 0.500000000
v 1.600000000 3.000000000 0.600000000
v 1.600000000 3.000000000 0.700000000
v 1.600000000 3.000000000 0.800000000
v 1.600000000 3.000000000 0.900000000
v 1.600000000 3.000000000 1.000000000
v 1.600000000 3.000000000 1.100000000
v 1.600000000 3.000000000 1.200000000
v 1.600000000 3.000000000 1.300000000
v 1.600000000 3.000000000 1.400000000
v 1.600000000 3.000000000 1.500000000
v 1.600000000 3.000000000 1.600000000
v 1.600000000 3.000000000 1.700000000
v 1.600000000 3.000000000 1.800000000
v 1.600000000 3.000000000 1.900000000
v 1.600000000 3.000000000 2.000000000
v 1.600000000 3.000000000 2.100000000
v 1.600000000 3.000000000 2.200000000
v 1.600000000 3.000000000 2.300000000
v 1.600000000 3.000000000 2.400000000
v 1.600000000 3.000000000 2.500000000
v 1.600000000 3.000000000 2.600000000
v 1.600000000 3.000000000 2.700000000
v 1.600000000 3.000000000 2.800000000
v 1.600000000 3.000000000 2.900000000
v 1.600000000 3.000000000 3.000000000
v 1.600000000 3.000000000 3.100000000
v 1.600000000 3.000000000 3.200000000
v 1.600000000 3.000000000 3.300000000
v 1.600000000 3.000000000 3.400000000
v 1.600000000 3.000000000 3.500000000
v 1.600000000 3.000000000 3.600000000
v 1.600000000 3.000000000 3.700000000
v 1.600000000 3.000000000 3.800000000
v 1.600000000 3.000000000 3.900000000
v 1.600000000 3.000000000 4.000000000
v 1.700000000 3.000000000 0.000000000
v 1.700000000 3.000000000 0.100000000
v 1.700000000 3.000000000 0.200000000
v 1.700000000 3.000000000 0.300000000
v 1.700000000 3.000000000 0.400000000
v 1.700000000 3.000000000 0.500000000
v 1.700000000 3.000000000 0.600000000
v 1.700000000 3.000000000 0.700000000
v 1.700000000 3.000000000 0.800000000
v 1.700000000 3.000000000 0.900000000
v 1.700000000 3.000000000 1.000000000
v 1.700000000 3.000000000 1.100000000
v 1.700000000 3.000000000 1.200000000
v 1.700000000 3.000000000 1.300000000
v 1.700000000 3.000000000 1.400000000
v 1.700000000 3.000000000 1.500000000
v 1.700000000 3.000000000 1.600000000
v 1.700000000 3.000000000 1.700000000
v 1.700000000 3.000000000 1.800000000
v 1.700000000 3.000000000 1.900000000
v 1.700000000 3.000000000 2.000000000
v 1.700000000 3.000000000 2.100000000
v 1.700000000 3.000000000 2.200000000
v 1.700000000 3.000000000 2.300000000
v 1.700000000 3.000000000 2.400000000
v 1.700000000 3.000000000 2.500000000
v 1.700000000 3.000000000 2.600000000
v 1.700000000 3.000000000 2.700000000
v 1.700000000 3.000000000 2.800000000
v 1.700000000 3.000000000 2.900000000
v 1.700000000 3.000000000 3.000000000
v 1.700000000 3.000000000 3.100000000
v 1.700000000 3.000000000 3.200000000
v 1.700000000 3.000000000 3.300000000
v 1.700000000 3.000000000 3.400000000
v 1.700000000 3.000000000 3.500000000
v 1.700000000 3.000000000 3.600000000
v 1.700000000 3.000000000 3.700000000
v 1.700000000 3.000000000 3.800000000
v 1.700000000 3.000000000 3.900000000
v 1.700000000 3.000000000 4.000000000
v 1.800000000 3.000000000 0.000000000
v 1.800000000 3.000000000 0.100000000
v 1.800000000 3.000000000 0.200000000
v 1.800000000 3.000000000 0.300000000
v 1.800000000 3.000000000 0.400000000
v 1.800000000 3.000000000 0.500000000
v 1.800000000 3.000000000 0.600000000
v 1.800000000 3.000000000 0.700000000
v 1.800000000 3.000000000 0.800000000
v 1.800000000 3.000000000 0.900000000
v 1.800000000 3.000000000 1.000000000
v 1.800000000 3.000000000 1.100000000
v 1.800000000 3.000000000 1.200000000
v 1.800000000 3.000000000 1.300000000
v 1.800000000 3.000000000 1.400000000
v 1.800000000 3.000000000 1.500000000
v 1.800000000 3.000000000 1.600000000
v 1.800000000 3.000000000 1.700000000
v 1.800000000 3.000000000 1.800000000
v 1.800000000 3.000000000 1.900000000
v 1.800000000 3.000000000 2.000000000
v 1.800000000 3.000000000 2.100000000
v 1.800000000 3.000000000 2.200000000
v 1.800000000 3.000000000 2.300000000
v 1.800000000 3.000000000 2.400000000
v 1.800000000 3.000000000 2.500000000
v 1.800000000 3.000000000 2.600000000
v 1.800000000 3.000000000 2.700000000
v 1.800000000 3.000000000 2.800000000
v 1.800000000 3.000000000 2.900000000
v 1.800000000 3.000000000 3.000000000
v 1.800000000 3.000000000 3.100000000
v 1.800000000 3.000000000 3.200000000
v 1.800000000 3.000000000 3.300000000
v 1.800000000 3.000000000 3.400000000
v 1.800000000 3.000000000 3.500000000
v 1.800000000 3.000000000 3.600000000
v 1.800000000 3.000000000 3.700000000
v 1.800000000 3.000000000 3.800000000
v 1.800000000 3.000000000 3.900000000
v 1.800000000 3.000000000 4.000000000
v 1.900000000 3.000000000 0.000000000
v 1.900000000 3.000000000 0.100000000
v 1.900000000 3.000000000 0.200000000
v 1.900000000 3.000000000 0.300000000
v 1.900000000 3.000000000 0.400000000
v 1.900000000 3.000000000 0.500000000
v 1.900000000 3.000000000 0.600000000
v 1.900000000 3.000000000 0.700000000
v 1.900000000 3.000000000 0.800000000
v 1.900000000 3.000000000 0.900000000
v 1.900000000 3.000000000 1.000000000
v 1.900000000 3.000000000 1.100000000
v 1.900000000 3.000000000 1.200000000
v 1.900000000 3.000000000 1.300000000
v 1.900000000 3.000000000 1.400000000
v 1.900000000 3.000000000 1.500000000
v 1.900000000 3.000000000 1.600000000
v 1.900000000 3.000000000 1.700000000
v 1.900000000 3.000000000 1.800000000
v 1.900000000 3.000000000 1.900000000
v 1.900000000 3.000000000 2.000000000
v 1.900000000 3.000000000 2.100000000
v 1.900000000 3.000000000 2.200000000
v 1.900000000 3.000000000 2.300000000
v 1.900000000 3.000000000 2.400000000
v 1.900000000 3.000000000 2.500000000
v 1.900000000 3.000000000 2.600000000
v 1.900000000 3.000000000 2.700000000
v 1.900000000 3.000000000 2.800000000
v 1.900000000 3.000000000 2.900000000
v 1.900000000 3.000000000 3.000000000
v 1.900000000 3.000000000 3.100000000
v 1.900000000 3.000000000 3.200000000
v 1.900000000 3.000000000 3.300000000
v 1.900000000 3.000000000 3.400000000
v 1.900000000 3.000000000 3.500000000
v 1.900000000 3.000000000 3.600000000
v 1.900000000 3.000000000 3.700000000
v 1.900000000 3.000000000 3.800000000
v 1.900000000 3.000000000 3.900000000
v 1.900000000 3.000000000 4.000000000
v 2.000000000 3.000000000 0.000000000
v 2.000000000 3.000000000 0.100000000
v 2.000000000 3.000000000 0.200000000
v 2.000000000 3.000000000 0.300000000
v 2.000000000 3.000000000 0.400000000
v 2.000000000 3.000000000 0.500000000
v 2.000000000 3.000000000 0.600000000
v 2.000000000 3.000000000 0.700000000
v 2.000000000 3.000000000 0.800000000
v 2.000000000 3.000000000 0.900000000
v 2.000000000 3.000000000 1.000000000
v 2.000000000 3.000000000 1.100000000
v 2.000000000 3.000000000 1.200000000
v 2.000000000 3.000000000 1.300000000
v 2.000000000 3.000000000 1.400000000
v 2.000000000 3.000000000 1.500000000
v 2.000000000 3.000000000 1.600000000
v 2.000000000 3.000000000 1.700000000
v 2.000000000 3.000000000 1.800000000
v 2.000000000 3.000000000 1.900000000
v 2.000000000 3.000000000 2.000000000
v 2.000000000 3.000000000 2.100000000
v 2.000000000 3.000000000 2.200000000
v 2.000000000 3.000000000 2.300000000
v 2.000000000 3.000000000 2.400000000
v 2.000000000 3.000000000 2.500000000
v 2.000000000 3.000000000 2.600000000
v 2.000000000 3.000000000 2.700000000
v 2.000000000 3.000000000 2.800000000
v 2.000000000 3.000000000 2.900000000
v 2.000000000 3.000000000 3.000000000
v 2.000000000 3.000000000 3.100000000
v 2.000000000 3.000000000 3.200000000
v 2.000000000 3.000000000 3.300000000
v 2.000000000 3.000000000 3.400000000
v 2.000000000 3.000000000 3.500000000
v 2.000000000 3.000000000 3.600000000
v 2.000000000 3.000000000 3.700000000
v 2.000000000 3.000000000 3.800000000
v 2.000000000 3.000000000 3.900000000
v 2.000000000 3.000000000 4.000000000
v 0.000000000 0.000000000 0.000000000
v 0.000000000 0.000000000 0.100000000
v 0.000000000 0.000000000 0.200000000
v 0.000000000 0.000000000 0.300000000
v 0.000000000 0.000000000 0.400000000
v 0.000000000 0.000000000 0.500000000
v 0.000000000 0.000000000 0.600000000
v 0.000000000 0.000000000 0.700000000
v 0.000000000 0.000000000 0.800000000
v 0.000000000 0.000000000 0.900000000
v 0.000000000 0.000000000 1.000000000
v 0.000000000 0.000000000 1.100000000
v 0.000000000 0.000000000 1.200000000
v 0.000000000 0.000000000 1.300000000
v 0.000000000 0.000000000 1.400000000
v 0.000000000 0.000000000 1.500000000
v 0.000000000 0.000000000 1.600000000
v 0.000000000 0.000000000 1.700000000
v 0.000000000 0.000000000 1.800000000
v 0.000000000 0.000000000 1.900000000
v 0.000000000 0.000000000 2.000000000
v 0.000000000 0.000000000 2.100000000
v 0.000000000 0.000000000 2.200000000
v 0.000000000 0.000000000 2.300000000
v 0.000000000 0.000000000 2.400000000
v 0.000000000 0.000000000 2.500000000
v 0.000000000 0.000000000 2.600000000
v 0.000000000 0.000000000 2.700000000
v 0.000000000 0.000000000 2.800000000
v 0.000000000 0.000000000 2.900000000
v 0.000000000 0.000000000 3.000000000
v 0.000000000 0.000000000 3.100000000
v 0.000000000 0.000000000 3.200000000
v 0.000000000 0.000000000 3.300000000
v 0.000000000 0.000000000 3.400000000
v 0.000000000 0.000000000 3.500000000
v 0.000000000 0.000000000 3.600000000
v 0.000000000 0.000000000 3.700000000
v 0.000000000 0.000000000 3.800000000
v 0.000000000 0.000000000 3.900000000
v 0.000000000 0.000000000 4.000000000
v 0.000000000 0.100000000 0.000000000
v 0.000000000 0.100000000 0.100000000
v 0.000000000 0.100000000 0.200000000
v 0.000000000 0.100000000 0.300000000
v 0.000000000 0.100000000 0.400000000
v 0.000000000 0.100000000 0.500000000
v 0.000000000 0.100000000 0.600000000
v 0.000000000 0.100000000 0.700000000
v 0.000000000 0.100000000 0.800000000
v 0.000000000 0.100000000 0.900000000
v 0.000000000 0.100000000 1.000000000
v 0.000000000 0.100000000 1.100000000
v 0.000000000 0.100000000 1.200000000
v 0.000000000 0.100000000 1.300000000
v 0.000000000 0.100000000 1.400000000
v 0.000000000 0.100000000 1.500000000
v 0.000000000 0.100000000 1.600000000
v 0.000000000 0.100000000 1.700000000
v 0.000000000 0.100000000 1.800000000
v 0.000000000 0.100000000 1.900000000
v 0.000000000 0.100000000 2.000000000
v 0.000000000 0.100000000 2.100000000
v 0.000000000 0.100000000 2.200000000
v 0.000000000 0.100000000 2.300000000
v 0.000000000 0.100000000 2.400000000
v 0.000000000 0.100000000 2.500000000
v 0.000000000 0.100000000 2.600000000
v 0.000000000 0.100000000 2.700000000
v 0.000000000 0.100000000 2.800000000
v 0.000000000 0.100000000 2.900000000
v 0.000000000 0.100000000 3.000000000
v 0.000000000 0.100000000 3.100000000
v 0.000000000 0.100000000 3.200000000
v 0.000000000 0.100000000 3.300000000
v 0.000000000 0.100000000 3.400000000
v 0.000000000 0.100000000 3.500000000
v 0.000000000 0.100000000 3.600000000
v 0.000000000 0.100000000 3.700000000
v 0.000000000 0.100000000 3.800000000
v 0.000000000 0.100000000 3.900000000
v 0.000000000 0.100000000 4.000000000
v 0.000000000 0.200000000 0.000000000
v 0.000000000 0.200000000 0.100000000
v 0.000000000 0.200000000 0.200000000
v 0.000000000 0.200000000 0.300000000
v 0.000000000 0.200000000 0.400000000
v 0.000000000 0.200000000 0.500000000
v 0.000000000 0.200000000 0.600000000
v 0.000000000 0.200000000 0.700000000
v 0.000000000 0.200000000 0.800000000
v 0.000000000 0.200000000 0.900000000
v 0.000000000 0.200000000 1.000000000
v 0.000000000 0.200000000 1.100000000
v 0.000000000 0.200000000 1.200000000
v 0.000000000 0.200000000 1.300000000
v 0.000000000 0.200000000 1.400000000
v 0.000000000 0.200000000 1.500000000
v 0.000000000 0.200000000 1.600000000
v 0.000000000 0.200000000 1.700000000
v 0.000000000 0.200000000 1.800000000
v 0.000000000 0.200000000 1.900000000
v 0.000000000 0.200000000 2.000000000
v 0.000000000 0.200000000 2.100000000
v 0.000000000 0.200000000 2.200000000
v 0.000000000 0.200000000 2.300000000
v 0.000000000 0.200000000 2.400000000
v 0.000000000 0.200000000 2.500000000
v 0.000000000 0.200000000 2.600000000
v 0.000000000 0.200000000 2.700000000
v 0.000000000 0.200000000 2.800000000
v 0.000000000 0.200000000 2.900000000
v 0.000000000 0.200000000 3.000000000
v 0.000000000 0.200000000 3.100000000
v 0.000000000 0.200000000 3.200000000
v 0.000000000 0.200000000 3.300000000
v 0.000000000 0.200000000 3.400000000
v 0.000000000 0.200000000 3.500000000
v 0.000000000 0.200000000 3.600000000
v 0.000000000 0.200000000 3.700000000
v 0.000000000 0.200000000 3.800000000
v 0.000000000 0.200000000 3.900000000
v 0.000000000 0.200000000 4.000000000
v 0.000000000 0.300000000 0.000000000
v 0.000000000 0.300000000 0.100000000
v 0.000000000 0.300000000 0.200000000
v 0.000000000 0.300000000 0.300000000
v 0.000000000 0.300000000 0.400000000
v 0.000000000 0.300000000 0.500000000
v 0.000000000 0.300000000 0.600000000
v 0.000000000 0.300000000 0.700000000
v 0.000000000 0.300000000 0.800000000
v 0.000000000 0.300000000 0.900000000
v 0.000000000 0.300000000 1.000000000
v 0.000000000 0.300000000 1.100000000
v 0.000000000 0.300000000 1.200000000
v 0.000000000 0.300000000 1.300000000
v 0.000000000 0.300000000 1.400000000
v 0.000000000 0.300000000 1.500000000
v 0.000000000 0.300000000 1.600000000
v 0.000000000 0.300000000 1.700000000
v 0.000000000 0.300000000 1.800000000
v 0.000000000 0.300000000 1.900000000
v 0.000000000 0.300000000 2.000000000
v 0.000000000 0.300000000 2.100000000
v 0.000000000 0.300000000 2.200000000
v 0.000000000 0.300000000 2.300000000
v 0.000000000 0.300000000 2.400000000
v 0.000000000 0.300000000 2.500000000
v 0.000000000 0.300000000 2.600000000
v 0.000000000 0.300000000 2.700000000
v 0.000000000 0.300000000 2.800000000
v 0.000000000 0.300000000 2.900000000
v 0.000000000 0.300000000 3.000000000
v 0.000000000 0.300000000 3.100000000
v 0.000000000 0.300000000 3.200000000
v 0.000000000 0.300000000 3.300000000
v 0.000000000 0.300000000 3.400000000
v 0.000000000 0.300000000 3.500000000
v 0.000000000 0.300000000 3.600000000
v 0.000000000 0.300000000 3.700000000
v 0.000000000 0.300000000 3.800000000
v 0.000000000 0.300000000 3.900000000
v 0.000000000 0.300000000 4.000000000
v 0.000000000 0.400000000 0.000000000
v 0.000000000 0.400000000 0.100000000
v 0.000000000 0.400000000 0.200000000
v 0.000000000 0.400000000 0.300000000
v 0.000000000 0.400000000 0.400000000
v 0.000000000 0.400000000 0.500000000
v 0.000000000 0.400000000 0.600000000
v 0.000000000 0.400000000 0.700000000
v 0.000000000 0.400000000 0.800000000
v 0.000000000 0.400000000 0.900000000
v 0.000000000 0.400000000 1.000000000
v 0.000000000 0.400000000 1.100000000
v 0.000000000 0.400000000 1.200000000
v 0.000000000 0.400000000 1.300000000
v 0.000000000 0.400000000 1.400000000
v 0.000000000 0.400000000 1.500000000
v 0.000000000 0.400000000 1.600000000
v 0.000000000 0.400000000 1.700000000
v 0.000000000 0.400000000 1.800000000
v 0.000000000 0.400000000 1.900000000
v 0.000000000 0.400000000 2.000000000
v 0.000000000 0.400000000 2.100000000
v 0.000000000 0.400000000 2.200000000
v 0.000000000 0.400000000 2.300000000
v 0.000000000 0.400000000 2.400000000
v 0.000000000 0.400000000 2.500000000
v 0.000000000 0.400000000 2.600000000
v 0.000000000 0.400000000 2.700000000
v 0.000000000 0.400000000 2.800000000
v 0.000000000 0.400000000 2.900000000
v 0.000000000 0.400000000 3.000000000
v 0.000000000 0.400000000 3.100000000
v 0.000000000 0.400000000 3.200000000
v 0.000000000 0.400000000 3.300000000
v 0.000000000 0.400000000 3.400000000
v 0.000000000 0.400000000 3.500000000
v 0.000000000 0.400000000 3.600000000
v 0.000000000 0.400000000 3.700000000
v 0.000000000 0.400000000 3.800000000
v 0.000000000 0.400000000 3.900000000
v 0.000000000 0.400000000 4.000000000
v 0.000000000 0.500000000 0.000000000
v 0.000000000 0.500000000 0.100000000
v 0.000000000 0.500000000 0.200000000
v 0.000000000 0.500000000 0.300000000
v 0.000000000 0.500000000 0.400000000
v 0.000000000 0.500000000 0.500000000
v 0.000000000 0.500000000 0.600000000
v 0.000000000 0.500000000 0.700000000
v 0.000000000 0.500000000 0.800000000
v 0.000000000 0.500000000 0.900000000
v 0.000000000 0.500000000 1.000000000
v 0.000000000 0.500000000 1.100000000
v 0.000000000 0.500000000 1.200000000
v 0.000000000 0.500000000 1.300000000
v 0.000000000 0.500000000 1.400000000
v 0.000000000 0.500000000 1.500000000
v 0.000000000 0.500000000 1.600000000
v 0.000000000 0.500000000 1.700000000
v 0.000000000 0.500000000 1.800000000
v 0.000000000 0.500000000 1.900000000
v 0.000000000 0.500000000 2.000000000
v 0.000000000 0.500000000 2.100000000
v 0.000000000 0.500000000 2.200000000
v 0.000000000 0.500000000 2.300000000
v 0.000000000 0.500000000 2.400000000
v 0.000000000 0.500000000 2.500000000
v 0.000000000 0.500000000 2.600000000
v 0.000000000 0.500000000 2.700000000
v 0.000000000 0.500000000 2.800000000
v 0.000000000 0.500000000 2.900000000
v 0.000000000 0.500000000 3.000000000
v 0.000000000 0.500000000 3.100000000
v 0.000000000 0.500000000 3.200000000
v 0.000000000 0.500000000 3.300000000
v 0.000000000 0.500000000 3.400000000
v 0.000000000 0.500000000 3.500000000
v 0.000000000 0.500000000 3.600000000
v 0.000000000 0.500000000 3.700000000
v 0.000000000 0.500000000 3.800000000
v 0.000000000 0.500000000 3.900000000
v 0.000000000 0.500000000 4.000000000
v 0.000000000 0.600000000 0.000000000
v 0.000000000 0.600000000 0.100000000
v 0.000000000 0.600000000 0.200000000
v 0.000000000 0.600000000 0.300000000
v 0.000000000 0.600000000 0.400000000
v 0.000000000 0.600000000 0.500000000
v 0.000000000 0.600000000 0.600000000
v 0.000000000 0.600000000 0.700000000
v 0.000000000 0.600000000 0.800000000
v 0.000000000 0.600000000 0.900000000
v 0.000000000 0.600000000 1.000000000
v 0.000000000 0.600000000 1.100000000
v 0.000000000 0.600000000 1.200000000
v 0.000000000 0.600000000 1.300000000
v 0.000000000 0.600000000 1.400000000
v 0.000000000 0.600000000 1.500000000
v 0.000000000 0.600000000 1.600000000
v 0.000000000 0.600000000 1.700000000
v 0.000000000 0.600000000 1.800000000
v 0.000000000 0.600000000 1.900000000
v 0.000000000 0.600000000 2.000000000
v 0.000000000 0.600000000 2.100000000
v 0.000000000 0.600000000 2.200000000
v 0.000000000 0.600000000 2.300000000
v 0.000000000 0.600000000 2.400000000
v 0.000000000 0.600000000 2.500000000
v 0.000000000 0.600000000 2.600000000
v 0.000000000 0.600000000 2.700000000
v 0.000000000 0.600000000 2.800000000
v 0.000000000 0.600000000 2.900000000
v 0.000000000 0.600000000 3.000000000
v 0.000000000 0.600000000 3.100000000
v 0.000000000 0.600000000 3.200000000
v 0.000000000 0.600000000 3.300000000
v 0.000000000 0.600000000 3.400000000
v 0.000000000 0.600000000 3.500000000
v 0.000000000 0.600000000 3.600000000
v 0.000000000 0.600000000 3.700000000
v 0.000000000 0.600000000 3.800000000
v 0.000000000 0.600000000 3.900000000
v 0.000000000 0.600000000 4.000000000
v 0.000000000 0.700000000 0.000000000
v 0.000000000 0.700000000 0.100000000
v 0.000000000 0.700000000 0.200000000
v 0.000000000 0.700000000 0.300000000
v 0.000000000 0.700000000 0.400000000
v 0.000000000 0.700000000 0.500000000
v 0.000000000 0.700000000 0.600000000
v 0.000000000 0.700000000 0.700000000
v 0.000000000 0.700000000 0.800000000
v 0.000000000 0.700000000 0.900000000
v 0.000000000 0.700000000 1.000000000
v 0.000000000 0.700000000 1.100000000
v 0.000000000 0.700000000 1.200000000
v 0.000000000 0.700000000 1.300000000
v 0.000000000 0.700000000 1.400000000
v 0.000000000 0.700000000 1.500000000
v 0.000000000 0.700000000 1.600000000
v 0.000000000 0.700000000 1.700000000
v 0.000000000 0.700000000 1.800000000
v 0.000000000 0.700000000 1.900000000
v 0.000000000 0.700000000 2.000000000
v 0.000000000 0.700000000 2.100000000
v 0.000000000 0.700000000 2.200000000
v 0.000000000 0.700000000 2.300000000
v 0.000000000 0.700000000 2.400000000
v 0.000000000 0.700000000 2.500000000
v 0.000000000 0.700000000 2.600000000
v 0.000000000 0.700000000 2.700000000
v 0.000000000 0.700000000 2.800000000
v 0.000000000 0.700000000 2.900000000
v 0.000000000 0.700000000 3.000000000
v 0.000000000 0.700000000 3.100000000
v 0.000000000 0.700000000 3.200000000
v 0.000000000 0.700000000 3.300000000
v 0.000000000 0.700000000 3.400000000
v 0.000000000 0.700000000 3.500000000
v 0.000000000 0.700000000 3.600000000
v 0.000000000 0.700000000 3.700000000
v 0.000000000 0.700000000 3.800000000
v 0.000000000 0.700000000 3.900000000
v 0.000000000 0.700000000 4.000000000
v 0.000000000 0.800000000 0.000000000
v 0.000000000 0.800000000 0.100000000
v 0.000000000 0.800000000 0.200000000
v 0.000000000 0.800000000 0.300000000
v 0.000000000 0.800000000 0.400000000
v 0.000000000 0.800000000 0.500000000
v 0.000000000 0.800000000 0.600000000
v 0.000000000 0.800000000 0.700000000
v 0.000000000 0.800000000 0.800000000
v 0.000000000 0.800000000 0.900000000
v 0.000000000 0.800000000 1.000000000
v 0.000000000 0.800000000 1.100000000
v 0.000000000 0.800000000 1.200000000
v 0.000000000 0.800000000 1.300000000
v 0.000000000 0.800000000 1.400000000
v 0.000000000 0.800000000 1.500000000
v 0.000000000 0.800000000 1.600000000
v 0.000000000 0.800000000 1.700000000
v 0.000000000 0.800000000 1.800000000
v 0.000000000 0.800000000 1.900000000
v 0.000000000 0.800000000 2.000000000
v 0.000000000 0.800000000 2.100000000
v 0.000000000 0.800000000 2.200000000
v 0.000000000 0.800000000 2.300000000
v 0.000000000 0.800000000 2.400000000
v 0.000000000 0.800000000 2.500000000
v 0.000000000 0.800000000 2.600000000
v 0.000000000 0.800000000 2.700000000
v 0.000000000 0.800000000 2.800000000
v 0.000000000 0.800000000 2.900000000
v 0.000000000 0.800000000 3.000000000
v 0.000000000 0.800000000 3.100000000
v 0.000000000 0.800000000 3.200000000
v 0.000000000 0.800000000 3.300000000
v 0.000000000 0.800000000 3.400000000
v 0.000000000 0.800000000 3.500000000
v 0.000000000 0.800000000 3.600000000
v 0.000000000 0.800000000 3.700000000
v 0.000000000 0.800000000 3.800000000
v 0.000000000 0.800000000 3.900000000
v 0.000000000 0.800000000 4.000000000
v 0.000000000 0.900000000 0.000000000
v 0.000000000 0.900000000 0.100000000
v 0.000000000 0.900000000 0.200000000
v 0.000000000 0.900000000 0.300000000
v 0.000000000 0.900000000 0.400000000
v 0.000000000 0.900000000 0.500000000
v 0.000000000 0.900000000 0.600000000
v 0.000000000 0.900000000 0.700000000
v 0.000000000 0.900000000 0.800000000
v 0.000000000 0.900000000 0.900000000
v 0.000000000 0.900000000 1.000000000
v 0.000000000 0.900000000 1.100000000
v 0.000000000 0.900000000 1.200000000
v 0.000000000 0.900000000 1.300000000
v 0.000000000 0.900000000 1.400000000
v 0.000000000 0.900000000 1.500000000
v 0.000000000 0.900000000 1.600000000
v 0.000000000 0.900000000 1.700000000
v 0.000000000 0.900000000 1.800000000
v 0.000000000 0.900000000 1.900000000
v 0.000000000 0.900000000 2.000000000
v 0.000000000 0.900000000 2.100000000
v 0.000000000 0.900000000 2.200000000
v 0.000000000 0.900000000 2.300000000
v 0.000000000 0.900000000 2.400000000
v 0.000000000 0.900000000 2.500000000
v 0.000000000 0.900000000 2.600000000
v 0.000000000 0.900000000 2.700000000
v 0.000000000 0.900000000 2.800000000
v 0.000000000 0.900000000 2.900000000
v 0.000000000 0.900000000 3.000000000
v 0.000000000 0.900000000 3.100000000
v 0.000000000 0.900000000 3.200000000
v 0.000000000 0.900000000 3.300000000
v 0.000000000 0.900000000 3.400000000
v 0.000000000 0.900000000 3.500000000
v 0.000000000 0.900000000 3.600000000
v 0.000000000 0.900000000 3.700000000
v 0.000000000 0.900000000 3.800000000
v 0.000000000 0.900000000 3.900000000
v 0.000000000 0.900000000 4.000000000
v 0.000000000 1.000000000 0.000000000
v 0.000000000 1.000000000 0.100000000
v 0.000000000 1.000000000 0.200000000
v 0.000000000 1.000000000 0.300000000
v 0.000000000 1.000000000 0.400000000
v 0.000000000 1.000000000 0.500000000
v 0.000000000 1.000000000 0.600000000
v 0.000000000 1.000000000 0.700000000
v 0.000000000 1.000000000 0.800000000
v 0.000000000 1.000000000 0.900000000
v 0.000000000 1.000000000 1.000000000
v 0.000000000 1.000000000 1.100000000
v 0.000000000 1.000000000 1.200000000
v 0.000000000 1.000000000 1.300000000
v 0.000000000 1.000000000 1.400000000
v 0.000000000 1.000000000 1.500000000
v 0.000000000 1.000000000 1.600000000
v 0.000000000 1.000000000 1.700000000
v 0.000000000 1.000000000 1.800000000
v 0.000000000 1.000000000 1.900000000
v 0.000000000 1.000000000 2.000000000
v 0.000000000 1.000000000 2.100000000
v 0.000000000 1.000000000 2.200000000
v 0.000000000 1.000000000 2.300000000
v 0.000000000 1.000000000 2.400000000
v 0.000000000 1.000000000 2.500000000
v 0.000000000 1.000000000 2.600000000
v 0.000000000 1.000000000 2.700000000
v 0.000000000 1.000000000 2.800000000
v 0.000000000 1.000000000 2.900000000
v 0.000000000 1.000000000 3.000000000
v 0.000000000 1.000000000 3.100000000
v 0.000000000 1.000000000 3.200000000
v 0.000000000 1.000000000 3.300000000
v 0.000000000 1.000000000 3.400000000
v 0.000000000 1.000000000 3.500000000
v 0.000000000 1.000000000 3.600000000
v 0.000000000 1.000000000 3.700000000
v 0.000000000 1.000000000 3.800000000
v 0.000000000 1.000000000 3.900000000
v 0.000000000 1.000000000 4.000000000
v 0.000000000 1.100000000 0.000000000
v 0.000000000 1.100000000 0.100000000
v 0.000000000 1.100000000 0.200000000
v 0.000000000 1.100000000 0.300000000
v 0.000000000 1.100000000 0.400000000
v 0.000000000 1.100000000 0.500000000
v 0.000000000 1.100000000 0.600000000
v 0.000000000 1.100000000 0.700000000
v 0.000000000 1.100000000 0.800000000
v 0.000000000 1.100000000 0.900000000
v 0.000000000 1.100000000 1.000000000
v 0.000000000 1.100000000 1.100000000
v 0.000000000 1.100000000 1.200000000
v 0.000000000 1.100000000 1.300000000
v 0.000000000 1.100000000 1.400000000
v 0.000000000 1.100000000 1.500000000
v 0.000000000 1.100000000 1.600000000
v 0.000000000 1.100000000 1.700000000
v 0.000000000 1.100000000 1.800000000
v 0.000000000 1.100000000 1.900000000
v 0.000000000 1.100000000 2.000000000
v 0.000000000 1.100000000 2.100000000
v 0.000000000 1.100000000 2.200000000
v 0.000000000 1.100000000 2.300000000
v 0.000000000 1.100000000 2.400000000
v 0.000000000 1.100000000 2.500000000
v 0.000000000 1.100000000 2.600000000
v 0.000000000 1.100000000 2.700000000
v 0.000000000 1.100000000 2.800000000
v 0.000000000 1.100000000 2.900000000
v 0.000000000 1.100000000 3.000000000
v 0.000000000 1.100000000 3.100000000
v 0.000000000 1.100000000 3.200000000
v 0.000000000 1.100000000 3.300000000
v 0.000000000 1.100000000 3.400000000
v 0.000000000 1.100000000 3.500000000
v 0.000000000 1.100000000 3.600000000
v 0.000000000 1.100000000 3.700000000
v 0.000000000 1.100000000 3.800000000
v 0.000000000 1.100000000 3.900000000
v 0.000000000 1.100000000 4.000000000
v 0.000000000 1.200000000 0.000000000
v 0.000000000 1.200000000 0.100000000
v 0.000000000 1.200000000 0.200000000
v 0.000000000 1.200000000 0.300000000
v 0.000000000 1.200000000 0.400000000
v 0.000000000 1.200000000 0.500000000
v 0.000000000 1.200000000 0.600000000
v 0.000000000 1.200000000 0.700000000
v 0.000000000 1.200000000 0.800000000
v 0.000000000 1.200000000 0.900000000
v 0.000000000 1.200000000 1.000000000
v 0.000000000 1.200000000 1.100000000
v 0.000000000 1.200000000 1.200000000
v 0.000000000 1.200000000 1.300000000
v 0.000000000 1.200000000 1.400000000
v 0.000000000 1.200000000 1.500000000
v 0.000000000 1.200000000 1.600000000
v 0.000000000 1.200000000 1.700000000
v 0.000000000 1.200000000 1.800000000
v 0.000000000 1.200000000 1.900000000
v 0.000000000 1.200000000 2.000000000
v 0.000000000 1.200000000 2.100000000
v 0.000000000 1.200000000 2.200000000
v 0.000000000 1.200000000 2.300000000
v 0.000000000 1.200000000 2.400000000
v 0.000000000 1.200000000 2.500000000
v 0.000000000 1.200000000 2.600000000
v 0.000000000 1.200000000 2.700000000
v 0.000000000 1.200000000 2.800000000
v 0.000000000 1.200000000 2.900000000
v 0.000000000 1.200000000 3.000000000
v 0.000000000 1.200000000 3.100000000
v 0.000000000 1.200000000 3.200000000
v 0.000000000 1.200000000 3.300000000
v 0.000000000 1.200000000 3.400000000
v 0.000000000 1.200000000 3.500000000
v 0.000000000 1.200000000 3.600000000
v 0.000000000 1.200000000 3.700000000
v 0.000000000 1.200000000 3.800000000
v 0.000000000 1.200000000 3.900000000
v 0.000000000 1.200000000 4.000000000
v 0.000000000 1.300000000 0.000000000
v 0.000000000 1.300000000 0.100000000
v 0.000000000 1.300000000 0.200000000
v 0.000000000 1.300000000 0.300000000
v 0.000000000 1.300000000 0.400000000
v 0.000000000 1.300000000 0.500000000
v 0.000000000 1.300000000 0.600000000
v 0.000000000 1.300000000 0.700000000
v 0.000000000 1.300000000 0.800000000
v 0.000000000 1.300000000 0.900000000
v 0.000000000 1.300000000 1.000000000
v 0.000000000 1.300000000 1.100000000
v 0.000000000 1.300000000 1.200000000
v 0.000000000 1.300000000 1.300000000
v 0.000000000 1.300000000 1.400000000
v 0.000000000 1.300000000 1.500000000
v 0.000000000 1.300000000 1.600000000
v 0.000000000 1.300000000 1.700000000
v 0.000000000 1.300000000 1.800000000
v 0.000000000 1.300000000 1.900000000
v 0.000000000 1.300000000 2.000000000
v 0.000000000 1.300000000 2.100000000
v 0.000000000 1.300000000 2.200000000
v 0.000000000 1.300000000 2.300000000
v 0.000000000 1.300000000 2.400000000
v 0.000000000 1.300000000 2.500000000
v 0.000000000 1.300000000 2.600000000
v 0.000000000 1.300000000 2.700000000
v 0.000000000 1.300000000 2.800000000
v 0.000000000 1.300000000 2.900000000
v 0.000000000 1.300000000 3.000000000
v 0.000000000 1.300000000 3.100000000
v 0.000000000 1.300000000 3.200000000
v 0.000000000 1.300000000 3.300000000
v 0.000000000 1.300000000 3.400000000
v 0.000000000 1.300000000 3.500000000
v 0.000000000 1.300000000 3.600000000
v 0.000000000 1.300000000 3.700000000
v 0.000000000 1.300000000 3.800000000
v 0.000000000 1.300000000 3.900000000
v 0.000000000 1.300000000 4.000000000
v 0.000000000 1.400000000 0.000000000
v 0.000000000 1.400000000 0.100000000
v 0.000000000 1.400000000 0.200000000
v 0.000000000 1.400000000 0.300000000
v 0.000000000 1.400000000 0.400000000
v 0.000000000 1.400000000 0.500000000
v 0.000000000 1.400000000 0.600000000
v 0.000000000 1.400000000 0.700000000
v 0.000000000 1.400000000 0.800000000
v 0.000000000 1.400000000 0.900000000
v 0.000000000 1.400000000 1.000000000
v 0.000000000 1.400000000 1.100000000
v 0.000000000 1.400000000 1.200000000
v 0.000000000 1.400000000 1.300000000
v 0.000000000 1.400000000 1.400000000
v 0.000000000 1.400000000 1.500000000
v 0.000000000 1.400000000 1.600000000
v 0.000000000 1.400000000 1.700000000
v 0.000000000 1.400000000 1.800000000
v 0.000000000 1.400000000 1.900000000
v 0.000000000 1.400000000 2.000000000
v 0.000000000 1.400000000 2.100000000
v 0.000000000 1.400000000 2.200000000
v 0.000000000 1.400000000 2.300000000
v 0.000000000 1.400000000 2.400000000
v 0.000000000 1.400000000 2.500000000
v 0.000000000 1.400000000 2.600000000
v 0.000000000 1.400000000 2.700000000
v 0.000000000 1.400000000 2.800000000
v 0.000000000 1.400000000 2.900000000
v 0.000000000 1.400000000 3.000000000
v 0.000000000 1.400000000 3.100000000
v 0.000000000 1.400000000 3.200000000
v 0.000000000 1.400000000 3.300000000
v 0.000000000 1.400000000 3.400000000
v 0.000000000 1.400000000 3.500000000
v 0.000000000 1.400000000 3.600000000
v 0.000000000 1.400000000 3.700000000
v 0.000000000 1.400000000 3.800000000
v 0.000000000 1.400000000 3.900000000
v 0.000000000 1.400000000 4.000000000
v 0.000000000 1.500000000 0.000000000
v 0.000000000 1.500000000 0.100000000
v 0.000000000 1.500000000 0.200000000
v 0.000000000 1.500000000 0.300000000
v 0.000000000 1.500000000 0.400000000
v 0.000000000 1.500000000 0.500000000
v 0.000000000 1.500000000 0.600000000
v 0.000000000 1.500000000 0.700000000
v 0.000000000 1.500000000 0.800000000
v 0.000000000 1.500000000 0.900000000
v 0.000000000 1.500000000 1.000000000
v 0.000000000 1.500000000 1.100000000
v 0.000000000 1.500000000 1.200000000
v 0.000000000 1.500000000 1.300000000
v 0.000000000 1.500000000 1.400000000
v 0.000000000 1.500000000 1.500000000
v 0.000000000 1.500000000 1.600000000
v 0.000000000 1.500000000 1.700000000
v 0.000000000 1.500000000 1.800000000
v 0.000000000 1.500000000 1.900000000
v 0.000000000 1.500000000 2.000000000
v 0.000000000 1.500000000 2.100000000
v 0.000000000 1.500000000 2.200000000
v 0.000000000 1.500000000 2.300000000
v 0.000000000 1.500000000 2.400000000
v 0.000000000 1.500000000 2.500000000
v 0.000000000 1.500000000 2.600000000
v 0.000000000 1.500000000 2.700000000
v 0.000000000 1.500000000 2.800000000
v 0.000000000 1.500000000 2.900000000
v 0.000000000 1.500000000 3.000000000
v 0.000000000 1.500000000 3.100000000
v 0.000000000 1.500000000 3.200000000
v 0.000000000 1.500000000 3.300000000
v 0.000000000 1.500000000 3.400000000
v 0.000000000 1.500000000 3.500000000
v 0.000000000 1.500000000 3.600000000
v 0.000000000 1.500000000 3.700000000
v 0.000000000 1.500000000 3.800000000
v 0.000000000 1.500000000 3.900000000
v 0.000000000 1.500000000 4.000000000
v 0.000000000 1.600000000 0.000000000
v 0.000000000 1.600000000 0.100000000
v 0.000000000 1.600000000 0.200000000
v 0.000000000 1.600000000 0.300000000
v 0.000000000 1.600000000 0.400000000
v 0.000000000 1.600000000 0.500000000
v 0.000000000 1.600000000 0.600000000
v 0.000000000 1.600000000 0.700000000
v 0.000000000 1.600000000 0.800000000
v 0.000000000 1.600000000 0.900000000
v 0.000000000 1.600000000 1.000000000
v 0.000000000 1.600000000 1.100000000
v 0.000000000 1.600000000 1.200000000
v 0.000000000 1.600000000 1.300000000
v 0.000000000 1.600000000 1.400000000
v 0.000000000 1.600000000 1.500000000
v 0.000000000 1.600000000 1.600000000
v 0.000000000 1.600000000 1.700000000
v 0.000000000 1.600000000 1.800000000
v 0.000000000 1.600000000 1.900000000
v 0.000000000 1.600000000 2.000000000
v 0.000000000 1.600000000 2.100000000
v 0.000000000 1.600000000 2.200000000
v 0.000000000 1.600000000 2.300000000
v 0.000000000 1.600000000 2.400000000
v 0.000000000 1.600000000 2.500000000
v 0.000000000 1.600000000 2.600000000
v 0.000000000 1.600000000 2.700000000
v 0.000000000 1.600000000 2.800000000
v 0.000000000 1.600000000 2.900000000
v 0.000000000 1.600000000 3.000000000
v 0.000000000 1.600000000 3.100000000
v 0.000000000 1.600000000 3.200000000
v 0.000000000 1.600000000 3.300000000
v 0.000000000 1.600000000 3.400000000
v 0.000000000 1.600000000 3.500000000
v 0.000000000 1.600000000 3.600000000
v 0.000000000 1.600000000 3.700000000
v 0.000000000 1.600000000 3.800000000
v 0.000000000 1.600000000 3.900000000
v 0.000000000 1.600000000 4.000000000
v 0.000000000 1.700000000 0.000000000
v 0.000000000 1.700000000 0.100000000
v 0.000000000 1.700000000 0.200000000
v 0.000000000 1.700000000 0.300000000
v 0.000000000 1.700000000 0.400000000
v 0.000000000 1.700000000 0.500000000
v 0.000000000 1.700000000 0.600000000
v 0.000000000 1.700000000 0.700000000
v 0.000000000 1.700000000 0.800000000
v 0.000000000 1.700000000 0.900000000
v 0.000000000 1.700000000 1.000000000
v 0.000000000 1.700000000 1.100000000
v 0.000000000 1.700000000 1.200000000
v 0.000000000 1.700000000 1.300000000
v 0.000000000 1.700000000 1.400000000
v 0.000000000 1.700000000 1.500000000
v 0.000000000 1.700000000 1.600000000
v 0.000000000 1.700000000 1.700000000
v 0.000000000 1.700000000 1.800000000
v 0.000000000 1.700000000 1.900000000
v 0.000000000 1.700000000 2.000000000
v 0.000000000 1.700000000 2.100000000
v 0.000000000 1.700000000 2.200000000
v 0.000000000 1.700000000 2.300000000
v 0.000000000 1.700000000 2.400000000
v 0.000000000 1.700000000 2.500000000
v 0.000000000 1.700000000 2.600000000
v 0.000000000 1.700000000 2.700000000
v 0.000000000 1.700000000 2.800000000
v 0.000000000 1.700000000 2.900000000
v 0.000000000 1.700000000 3.000000000
v 0.000000000 1.700000000 3.100000000
v 0.000000000 1.700000000 3.200000000
v 0.000000000 1.700000000 3.300000000
v 0.000000000 1.700000000 3.400000000
v 0.000000000 1.700000000 3.500000000
v 0.000000000 1.700000000 3.600000000
v 0.000000000 1.700000000 3.700000000
v 0.000000000 1.700000000 3.800000000
v 0.000000000 1.700000000 3.900000000
v 0.000000000 1.700000000 4.000000000
v 0.000000000 1.800000000 0.000000000
v 0.000000000 1.800000000 0.100000000
v 0.000000000 1.800000000 0.200000000
v 0.000000000 1.800000000 0.300000000
v 0.000000000 1.800000000 0.400000000
v 0.000000000 1.800000000 0.500000000
v 0.000000000 1.800000000 0.600000000
v 0.000000000 1.800000000 0.700000000
v 0.000000000 1.800000000 0.800000000
v 0.000000000 1.800000000 0.900000000
v 0.000000000 1.800000000 1.000000000
v 0.000000000 1.800000000 1.100000000
v 0.000000000 1.800000000 1.200000000
v 0.000000000 1.800000000 1.300000000
v 0.000000000 1.800000000 1.400000000
v 0.000000000 1.800000000 1.500000000
v 0.000000000 1.800000000 1.600000000
v 0.000000000 1.800000000 1.700000000
v 0.000000000 1.800000000 1.800000000
v 0.000000000 1.800000000 1.900000000
v 0.000000000 1.800000000 2.000000000
v 0.000000000 1.800000000 2.100000000
v 0.000000000 1.800000000 2.200000000
v 0.000000000 1.800000000 2.300000000
v 0.000000000 1.800000000 2.400000000
v 0.000000000 1.800000000 2.500000000
v 0.000000000 1.800000000 2.600000000
v 0.000000000 1.800000000 2.700000000
v 0.000000000 1.800000000 2.800000000
v 0.000000000 1.800000000 2.900000000
v 0.000000000 1.800000000 3.000000000
v 0.000000000 1.800000000 3.100000000
v 0.000000000 1.800000000 3.200000000
v 0.000000000 1.800000000 3.300000000
v 0.000000000 1.800000000 3.400000000
v 0.000000000 1.800000000 3.500000000
v 0.000000000 1.800000000 3.600000000
v 0.000000000 1.800000000 3.700000000
v 0.000000000 1.800000000 3.800000000
v 0.000000000 1.800000000 3.900000000
v 0.000000000 1.800000000 4.000000000
v 0.000000000 1.900000000 0.000000000
v 0.000000000 1.900000000 0.100000000
v 0.000000000 1.900000000 0.200000000
v 0.000000000 1.900000000 0.300000000
v 0.000000000 1.900000000 0.400000000
v 0.000000000 1.900000000 0.500000000
v 0.000000000 1.900000000 0.600000000
v 0.000000000 1.900000000 0.700000000
v 0.000000000 1.900000000 0.800000000
v 0.000000000 1.900000000 0.900000000
v 0.000000000 1.900000000 1.000000000
v 0.000000000 1.900000000 1.100000000
v 0.000000000 1.900000000 1.200000000
v 0.000000000 1.900000000 1.300000000
v 0.000000000 1.900000000 1.400000000
v 0.000000000 1.900000000 1.500000000
v 0.000000000 1.900000000 1.600000000
v 0.000000000 1.900000000 1.700000000
v 0.000000000 1.900000000 1.800000000
v 0.000000000 1.900000000 1.900000000
v 0.000000000 1.900000000 2.000000000
v 0.000000000 1.900000000 2.100000000
v 0.000000000 1.900000000 2.200000000
v 0.000000000 1.900000000 2.300000000
v 0.000000000 1.900000000 2.400000000
v 0.000000000 1.900000000 2.500000000
v 0.000000000 1.900000000 2.600000000
v 0.000000000 1.900000000 2.700000000
v 0.000000000 1.900000000 2.800000000
v 0.000000000 1.900000000 2.900000000
v 0.000000000 1.900000000 3.000000000
v 0.000000000 1.900000000 3.100000000
v 0.000000000 1.900000000 3.200000000
v 0.000000000 1.900000000 3.300000000
v 0.000000000 1.900000000 3.400000000
v 0.000000000 1.900000000 3.500000000
v 0.000000000 1.900000000 3.600000000
v 0.000000000 1.900000000 3.700000000
v 0.000000000 1.900000000 3.800000000
v 0.000000000 1.900000000 3.900000000
v 0.000000000 1.900000000 4.000000000
v 0.000000000 2.000000000 0.000000000
v 0.000000000 2.000000000 0.100000000
v 0.000000000 2.000000000 0.200000000
v 0.000000000 2.000000000 0.300000000
v 0.000000000 2.000000000 0.400000000
v 0.000000000 2.000000000 0.500000000
v 0.000000000 2.000000000 0.600000000
v 0.000000000 2.000000000 0.700000000
v 0.000000000 2.000000000 0.800000000
v 0.000000000 2.000000000 0.900000000
v 0.000000000 2.000000000 1.000000000
v 0.000000000 2.000000000 1.100000000
v 0.000000000 2.000000000 1.200000000
v 0.000000000 2.000000000 1.300000000
v 0.000000000 2.000000000 1.400000000
v 0.000000000 2.000000000 1.500000000
v 0.000000000 2.000000000 1.600000000
v 0.000000000 2.000000000 1.700000000
v 0.000000000 2.000000000 1.800000000
v 0.000000000 2.000000000 1.900000000
v 0.000000000 2.000000000 2.000000000
v 0.000000000 2.000000000 2.100000000
v 0.000000000 2.000000000 2.200000000
v 0.000000000 2.000000000 2.300000000
v 0.000000000 2.000000000 2.400000000
v 0.000000000 2.000000000 2.500000000
v 0.000000000 2.000000000 2.600000000
v 0.000000000 2.000000000 2.700000000
v 0.000000000 2.000000000 2.800000000
v 0.000000000 2.000000000 2.900000000
v 0.000000000 2.000000000 3.000000000
v 0.000000000 2.000000000 3.100000000
v 0.000000000 2.000000000 3.200000000
v 0.000000000 2.000000000 3.300000000
v 0.000000000 2.000000000 3.400000000
v 0.000000000 2.000000000 3.500000000
v 0.000000000 2.000000000 3.600000000
v 0.000000000 2.000000000 3.700000000
v 0.000000000 2.000000000 3.800000000
v 0.000000000 2.000000000 3.900000000
v 0.000000000 2.000000000 4.000000000
v 0.000000000 2.100000000 0.000000000
v 0.000000000 2.100000000 0.100000000
v 0.000000000 2.100000000 0.200000000
v 0.000000000 2.100000000 0.300000000
v 0.000000000 2.100000000 0.400000000
v 0.000000000 2.100000000 0.500000000
v 0.000000000 2.100000000 0.600000000
v 0.000000000 2.100000000 0.700000000
v 0.000000000 2.100000000 0.800000000
v 0.000000000 2.100000000 0.900000000
v 0.000000000 2.100000000 1.000000000
v 0.000000000 2.100000000 1.100000000
v 0.000000000 2.100000000 1.200000000
v 0.000000000 2.100000000 1.300000000
v 0.000000000 2.100000000 1.400000000
v 0.000000000 2.100000000 1.500000000
v 0.000000000 2.100000000 1.600000000
v 0.000000000 2.100000000 1.700000000
v 0.000000000 2.100000000 1.800000000
v 0.000000000 2.100000000 1.900000000
v 0.000000000 2.100000000 2.000000000
v 0.000000000 2.100000000 2.100000000
v 0.000000000 2.100000000 2.200000000
v 0.000000000 2.100000000 2.300000000
v 0.000000000 2.100000000 2.400000000
v 0.000000000 2.100000000 2.500000000
v 0.000000000 2.100000000 2.600000000
v 0.000000000 2.100000000 2.700000000
v 0.000000000 2.100000000 2.800000000
v 0.000000000 2.100000000 2.900000000
v 0.000000000 2.100000000 3.000000000
v 0.000000000 2.100000000 3.100000000
v 0.000000000 2.100000000 3.200000000
v 0.000000000 2.100000000 3.300000000
v 0.000000000 2.100000000 3.400000000
v 0.000000000 2.100000000 3.500000000
v 0.000000000 2.100000000 3.600000000
v 0.000000000 2.100000000 3.700000000
v 0.000000000 2.100000000 3.800000000
v 0.000000000 2.100000000 3.900000000
v 0.000000000 2.100000000 4.000000000
v 0.000000000 2.200000000 0.000000000
v 0.000000000 2.200000000 0.100000000
v 0.000000000 2.200000000 0.200000000
v 0.000000000 2.200000000 0.300000000
v 0.000000000 2.200000000 0.400000000
v 0.000000000 2.200000000 0.500000000
v 0.000000000 2.200000000 0.600000000
v 0.000000000 2.200000000 0.700000000
v 0.000000000 2.200000000 0.800000000
v 0.000000000 2.200000000 0.900000000
v 0.000000000 2.200000000 1.000000000
v 0.000000000 2.200000000 1.100000000
v 0.000000000 2.200000000 1.200000000
v 0.000000000 2.200000000 1.300000000
v 0.000000000 2.200000000 1.400000000
v 0.000000000 2.200000000 1.500000000
v 0.000000000 2.200000000 1.600000000
v 0.000000000 2.200000000 1.700000000
v 0.000000000 2.200000000 1.800000000
v 0.000000000 2.200000000 1.900000000
v 0.000000000 2.200000000 2.000000000
v 0.000000000 2.200000000 2.100000000
v 0.000000000 2.200000000 2.200000000
v 0.000000000 2.200000000 2.300000000
v 0.000000000 2.200000000 2.400000000
v 0.000000000 2.200000000 2.500000000
v 0.000000000 2.200000000 2.600000000
v 0.000000000 2.200000000 2.700000000
v 0.000000000 2.200000000 2.800000000
v 0.000000000 2.200000000 2.900000000
v 0.000000000 2.200000000 3.000000000
v 0.000000000 2.200000000 3.100000000
v 0.000000000 2.200000000 3.200000000
v 0.000000000 2.200000000 3.300000000
v 0.000000000 2.200000000 3.400000000
v 0.000000000 2.200000000 3.500000000
v 0.000000000 2.200000000 3.600000000
v 0.000000000 2.200000000 3.700000000
v 0.000000000 2.200000000 3.800000000
v 0.000000000 2.200000000 3.900000000
v 0.000000000 2.200000000 4.000000000
v 0.000000000 2.300000000 0.000000000
v 0.000000000 2.300000000 0.100000000
v 0.000000000 2.300000000 0.200000000
v 0.000000000 2.300000000 0.300000000
v 0.000000000 2.300000000 0.400000000
v 0.000000000 2.300000000 0.500000000
v 0.000000000 2.300000000 0.600000000
v 0.000000000 2.300000000 0.700000000
v 0.000000000 2.300000000 0.800000000
v 0.000000000 2.300000000 0.900000000
v 0.000000000 2.300000000 1.000000000
v 0.000000000 2.300000000 1.100000000
v 0.000000000 2.300000000 1.200000000
v 0.000000000 2.300000000 1.300000000
v 0.000000000 2.300000000 1.400000000
v 0.000000000 2.300000000 1.500000000
v 0.000000000 2.300000000 1.600000000
v 0.000000000 2.300000000 1.700000000
v 0.000000000 2.300000000 1.800000000
v 0.000000000 2.300000000 1.900000000
v 0.000000000 2.300000000 2.000000000
v 0.000000000 2.300000000 2.100000000
v 0.000000000 2.300000000 2.200000000
v 0.000000000 2.300000000 2.300000000
v 0.000000000 2.300000000 2.400000000
v 0.000000000 2.300000000 2.500000000
v 0.000000000 2.300000000 2.600000000
v 0.000000000 2.300000000 2.700000000
v 0.000000000 2.300000000 2.800000000
v 0.000000000 2.300000000 2.900000000
v 0.000000000 2.300000000 3.000000000
v 0.000000000 2.300000000 3.100000000
v 0.000000000 2.300000000 3.200000000
v 0.000000000 2.300000000 3.300000000
v 0.000000000 2.300000000 3.400000000
v 0.000000000 2.300000000 3.500000000
v 0.000000000 2.300000000 3.600000000
v 0.000000000 2.300000000 3.700000000
v 0.000000000 2.300000000 3.800000000
v 0.000000000 2.300000000 3.900000000
v 0.000000000 2.300000000 4.000000000
v 0.000000000 2.400000000 0.000000000
v 0.000000000 2.400000000 0.100000000
v 0.000000000 2.400000000 0.200000000
v 0.000000000 2.400000000 0.300000000
v 0.000000000 2.400000000 0.400000000
v 0.000000000 2.400000000 0.500000000
v 0.000000000 2.400000000 0.600000000
v 0.000000000 2.400000000 0.700000000
v 0.000000000 2.400000000 0.800000000
v 0.000000000 2.400000000 0.900000000
v 0.000000000 2.400000000 1.000000000
v 0.000000000 2.400000000 1.100000000
v 0.000000000 2.400000000 1.200000000
v 0.000000000 2.400000000 1.300000000
v 0.000000000 2.400000000 1.400000000
v 0.000000000 2.400000000 1.500000000
v 0.000000000 2.400000000 1.600000000
v 0.000000000 2.400000000 1.700000000
v 0.000000000 2.400000000 1.800000000
v 0.000000000 2.400000000 1.900000000
v 0.000000000 2.400000000 2.000000000
v 0.000000000 2.400000000 2.100000000
v 0.000000000 2.400000000 2.200000000
v 0.000000000 2.400000000 2.300000000
v 0.000000000 2.400000000 2.400000000
v 0.000000000 2.400000000 2.500000000
v 0.000000000 2.400000000 2.600000000
v 0.000000000 2.400000000 2.700000000
v 0.000000000 2.400000000 2.800000000
v 0.000000000 2.400000000 2.900000000
v 0.000000000 2.400000000 3.000000000
v 0.000000000 2.400000000 3.100000000
v 0.000000000 2.400000000 3.200000000
v 0.000000000 2.400000000 3.300000000
v 0.000000000 2.400000000 3.400000000
v 0.000000000 2.400000000 3.500000000
v 0.000000000 2.400000000 3.600000000
v 0.000000000 2.400000000 3.700000000
v 0.000000000 2.400000000 3.800000000
v 0.000000000 2.400000000 3.900000000
v 0.000000000 2.400000000 4.000000000
v 0.000000000 2.500000000 0.000000000
v 0.000000000 2.500000000 0.100000000
v 0.000000000 2.500000000 0.200000000
v 0.000000000 2.500000000 0.300000000
v 0.000000000 2.500000000 0.400000000
v 0.000000000 2.500000000 0.500000000
v 0.000000000 2.500000000 0.600000000
v 0.000000000 2.500000000 0.700000000
v 0.000000000 2.500000000 0.800000000
v 0.000000000 2.500000000 0.900000000
v 0.000000000 2.500000000 1.000000000
v 0.000000000 2.500000000 1.100000000
v 0.000000000 2.500000000 1.200000000
v 0.000000000 2.500000000 1.300000000
v 0.000000000 2.500000000 1.400000000
v 0.000000000 2.500000000 1.500000000
v 0.000000000 2.500000000 1.600000000
v 0.000000000 2.500000000 1.700000000
v 0.000000000 2.500000000 1.800000000
v 0.000000000 2.500000000 1.900000000
v 0.000000000 2.500000000 2.000000000
v 0.000000000 2.500000000 2.100000000
v 0.000000000 2.500000000 2.200000000
v 0.000000000 2.500000000 2.300000000
v 0.000000000 2.500000000 2.400000000
v 0.000000000 2.500000000 2.500000000
v 0.000000000 2.500000000 2.600000000
v 0.000000000 2.500000000 2.700000000
v 0.000000000 2.500000000 2.800000000
v 0.000000000 2.500000000 2.900000000
v 0.000000000 2.500000000 3.000000000
v 0.000000000 2.500000000 3.100000000
v 0.000000000 2.500000000 3.200000000
v 0.000000000 2.500000000 3.300000000
v 0.000000000 2.500000000 3.400000000
v 0.000000000 2.500000000 3.500000000
v 0.000000000 2.500000000 3.600000000
v 0.000000000 2.500000000 3.700000000
v 0.000000000 2.500000000 3.800000000
v 0.000000000 2.500000000 3.900000000
v 0.000000000 2.500000000 4.000000000
v 0.000000000 2.600000000 0.000000000
v 0.000000000 2.600000000 0.100000000
v 0.000000000 2.600000000 0.200000000
v 0.000000000 2.600000000 0.300000000
v 0.000000000 2.600000000 0.400000000
v 0.000000000 2.600000000 0.500000000
v 0.000000000 2.600000000 0.600000000
v 0.000000000 2.600000000 0.700000000
v 0.000000000 2.600000000 0.800000000
v 0.000000000 2.600000000 0.900000000
v 0.000000000 2.600000000 1.000000000
v 0.000000000 2.600000000 1.100000000
v 0.000000000 2.600000000 1.200000000
v 0.000000000 2.600000000 1.300000000
v 0.000000000 2.600000000 1.400000000
v 0.000000000 2.600000000 1.500000000
v 0.000000000 2.600000000 1.600000000
v 0.000000000 2.600000000 1.700000000
v 0.000000000 2.600000000 1.800000000
v 0.000000000 2.600000000 1.900000000
v 0.000000000 2.600000000 2.000000000
v 0.000000000 2.600000000 2.100000000
v 0.000000000 2.600000000 2.200000000
v 0.000000000 2.600000000 2.300000000
v 0.000000000 2.600000000 2.400000000
v 0.000000000 2.600000000 2.500000000
v 0.000000000 2.600000000 2.600000000
v 0.000000000 2.600000000 2.700000000
v 0.000000000 2.600000000 2.800000000
v 0.000000000 2.600000000 2.900000000
v 0.000000000 2.600000000 3.000000000
v 0.000000000 2.600000000 3.100000000
v 0.000000000 2.600000000 3.200000000
v 0.000000000 2.600000000 3.300000000
v 0.000000000 2.600000000 3.400000000
v 0.000000000 2.600000000 3.500000000
v 0.000000000 2.600000000 3.600000000
v 0.000000000 2.600000000 3.700000000
v 0.000000000 2.600000000 3.800000000
v 0.000000000 2.600000000 3.900000000
v 0.000000000 2.600000000 4.000000000
v 0.000000000 2.700000000 0.000000000
v 0.000000000 2.700000000 0.100000000
v 0.000000000 2.700000000 0.200000000
v 0.000000000 2.700000000 0.300000000
v 0.000000000 2.700000000 0.400000000
v 0.000000000 2.700000000 0.500000000
v 0.000000000 2.700000000 0.600000000
v 0.000000000 2.700000000 0.700000000
v 0.000000000 2.700000000 0.800000000
v 0.000000000 2.700000000 0.900000000
v 0.000000000 2.700000000 1.000000000
v 0.000000000 2.700000000 1.100000000
v 0.000000000 2.700000000 1.200000000
v 0.000000000 2.700000000 1.300000000
v 0.000000000 2.700000000 1.400000000
v 0.000000000 2.700000000 1.500000000
v 0.000000000 2.700000000 1.600000000
v 0.000000000 2.700000000 1.700000000
v 0.000000000 2.700000000 1.800000000
v 0.000000000 2.700000000 1.900000000
v 0.000000000 2.700000000 2.000000000
v 0.000000000 2.700000000 2.100000000
v 0.000000000 2.700000000 2.200000000
v 0.000000000 2.700000000 2.300000000
v 0.000000000 2.700000000 2.400000000
v 0.000000000 2.700000000 2.500000000
v 0.000000000 2.700000000 2.600000000
v 0.000000000 2.700000000 2.700000000
v 0.000000000 2.700000000 2.800000000
v 0.000000000 2.700000000 2.900000000
v 0.000000000 2.700000000 3.000000000
v 0.000000000 2.700000000 3.100000000
v 0.000000000 2.700000000 3.200000000
v 0.000000000 2.700000000 3.300000000
v 0.000000000 2.700000000 3.400000000
v 0.000000000 2.700000000 3.500000000
v 0.000000000 2.700000000 3.600000000
v 0.000000000 2.700000000 3.700000000
v 0.000000000 2.700000000 3.800000000
v 0.000000000 2.700000000 3.900000000
v 0.000000000 2.700000000 4.000000000
v 0.000000000 2.800000000 0.000000000
v 0.000000000 2.800000000 0.100000000
v 0.000000000 2.800000000 0.200000000
v 0.000000000 2.800000000 0.300000000
v 0.000000000 2.800000000 0.400000000
v 0.000000000 2.800000000 0.500000000
v 0.000000000 2.800000000 0.600000000
v 0.000000000 2.800000000 0.700000000
v 0.000000000 2.800000000 0.800000000
v 0.000000000 2.800000000 0.900000000
v 0.000000000 2.800000000 1.000000000
v 0.000000000 2.800000000 1.100000000
v 0.000000000 2.800000000 1.200000000
v 0.000000000 2.800000000 1.300000000
v 0.000000000 2.800000000 1.400000000
v 0.000000000 2.800000000 1.500000000
v 0.000000000 2.800000000 1.600000000
v 0.000000000 2.800000000 1.700000000
v 0.000000000 2.800000000 1.800000000
v 0.000000000 2.800000000 1.900000000
v 0.000000000 2.800000000 2.000000000
v 0.000000000 2.800000000 2.100000000
v 0.000000000 2.800000000 2.200000000
v 0.000000000 2.800000000 2.300000000
v 0.000000000 2.800000000 2.400000000
v 0.000000000 2.800000000 2.500000000
v 0.000000000 2.800000000 2.600000000
v 0.000000000 2.800000000 2.700000000
v 0.000000000 2.800000000 2.800000000
v 0.000000000 2.800000000 2.900000000
v 0.000000000 2.800000000 3.000000000
v 0.000000000 2.800000000 3.100000000
v 0.000000000 2.800000000 3.200000000
v 0.000000000 2.800000000 3.300000000
v 0.000000000 2.800000000 3.400000000
v 0.000000000 2.800000000 3.500000000
v 0.000000000 2.800000000 3.600000000
v 0.000000000 2.800000000 3.700000000
v 0.000000000 2.800000000 3.800000000
v 0.000000000 2.800000000 3.900000000
v 0.000000000 2.800000000 4.000000000
v 0.000000000 2.900000000 0.000000000
v 0.000000000 2.900000000 0.100000000
v 0.000000000 2.900000000 0.200000000
v 0.000000000 2.900000000 0.300000000
v 0.000000000 2.900000000 0.400000000
v 0.000000000 2.900000000 0.500000000
v 0.000000000 2.900000000 0.600000000
v 0.000000000 2.900000000 0.700000000
v 0.000000000 2.900000000 0.800000000
v 0.000000000 2.900000000 0.900000000
v 0.000000000 2.900000000 1.000000000
v 0.000000000 2.900000000 1.100000000
v 0.000000000 2.900000000 1.200000000
v 0.000000000 2.900000000 1.300000000
v 0.000000000 2.900000000 1.400000000
v 0.000000000 2.900000000 1.500000000
v 0.000000000 2.900000000 1.600000000
v 0.000000000 2.900000000 1.700000000
v 0.000000000 2.900000000 1.800000000
v 0.000000000 2.900000000 1.900000000
v 0.000000000 2.900000000 2.000000000
v 0.000000000 2.900000000 2.100000000
v 0.000000000 2.900000000 2.200000000
v 0.000000000 2.900000000 2.300000000
v 0.000000000 2.900000000 2.400000000
v 0.000000000 2.900000000 2.500000000
v 0.000000000 2.900000000 2.600000000
v 0.000000000 2.900000000 2.700000000
v 0.000000000 2.900000000 2.800000000
v 0.000000000 2.900000000 2.900000000
v 0.000000000 2.900000000 3.000000000
v 0.000000000 2.900000000 3.100000000
v 0.000000000 2.900000000 3.200000000
v 0.000000000 2.900000000 3.300000000
v 0.000000000 2.900000000 3.400000000
v 0.000000000 2.900000000 3.500000000
v 0.000000000 2.900000000 3.600000000
v 0.000000000 2.900000000 3.700000000
v 0.000000000 2.900000000 3.800000000
v 0.000000000 2.900000000 3.900000000
v 0.000000000 2.900000000 4.000000000
v 0.000000000 3.000000000 0.000000000
v 0.000000000 3.000000000 0.100000000
v 0.000000000 3.000000000 0.200000000
v 0.000000000 3.000000000 0.300000000
v 0.000000000 3.000000000 0.400000000
v 0.000000000 3.000000000 0.500000000
v 0.000000000 3.000000000 0.600000000
v 0.000000000 3.000000000 0.700000000
v 0.000000000 3.000000000 0.800000000
v 0.000000000 3.000000000 0.900000000
v 0.000000000 3.000000000 1.000000000
v 0.000000000 3.000000000 1.100000000
v 0.000000000 3.000000000 1.200000000
v 0.000000000 3.000000000 1.300000000
v 0.000000000 3.000000000 1.400000000
v 0.000000000 3.000000000 1.500000000
v 0.000000000 3.000000000 1.600000000
v 0.000000000 3.000000000 1.700000000
v 0.000000000 3.000000000 1.800000000
v 0.000000000 3.000000000 1.900000000
v 0.000000000 3.000000000 2.000000000
v 0.000000000 3.000000000 2.100000000
v 0.000000000 3.000000000 2.200000000
v 0.000000000 3.000000000 2.300000000
v 0.000000000 3.000000000 2.400000000
v 0.000000000 3.000000000 2.500000000
v 0.000000000 3.000000000 2.600000000
v 0.000000000 3.000000000 2.700000000
v 0.000000000 3.000000000 2.800000000
v 0.000000000 3.000000000 2.900000000
v 0.000000000 3.000000000 3.000000000
v 0.000000000 3.000000000 3.100000000
v 0.000000000 3.000000000 3.200000000
v 0.000000000 3.000000000 3.300000000
v 0.000000000 3.000000000 3.400000000
v 0.000000000 3.000000000 3.500000000
v 0.000000000 3.000000000 3.600000000
v 0.000000000 3.000000000 3.700000000
v 0.000000000 3.000000000 3.800000000
v 0.000000000 3.000000000 3.900000000
v 0.000000000 3.000000000 4.000000000
v 2.000000000 3.000000000 0.000000000
v 2.000000000 3.000000000 0.100000000
v 2.000000000 3.000000000 0.200000000
v 2.000000000 3.000000000 0.300000000
v 2.000000000 3.000000000 0.400000000
v 2.000000000 3.000000000 0.500000000
v 2.000000000 3.000000000 0.600000000
v 2.000000000 3.000000000 0.700000000
v 2.000000000 3.000000000 0.800000000
v 2.000000000 3.000000000 0.900000000
v 2.000000000 3.000000000 1.000000000
v 2.000000000 3.000000000 1.100000000
v 2.000000000 3.000000000 1.200000000
v 2.000000000 3.000000000 1.300000000
v 2.000000000 3.000000000 1.400000000
v 2.000000000 3.000000000 1.500000000
v 2.000000000 3.000000000 1.600000000
v 2.000000000 3.000000000 1.700000000
v 2.000000000 3.000000000 1.800000000
v 2.000000000 3.000000000 1.900000000
v 2.000000000 3.000000000 2.000000000
v 2.000000000 3.000000000 2.100000000
v 2.000000000 3.000000000 2.200000000
v 2.000000000 3.000000000 2.300000000
v 2.000000000 3.000000000 2.400000000
v 2.000000000 3.000000000 2.500000000
v 2.000000000 3.000000000 2.600000000
v 2.000000000 3.000000000 2.700000000
v 2.000000000 3.000000000 2.800000000
v 2.000000000 3.000000000 2.900000000
v 2.000000000 3.000000000 3.000000000
v 2.000000000 3.000000000 3.100000000
v 2.000000000 3.000000000 3.200000000
v 2.000000000 3.000000000 3.300000000
v 2.000000000 3.000000000 3.400000000
v 2.000000000 3.000000000 3.500000000
v 2.000000000 3.000000000 3.600000000
v 2.000000000 3.000000000 3.700000000
v 2.000000000 3.000000000 3.800000000
v 2.000000000 3.000000000 3.900000000
v 2.000000000 3.000000000 4.000000000
v 2.000000000 2.900000000 0.000000000
v 2.000000000 2.900000000 0.100000000
v 2.000000000 2.900000000 0.200000000
v 2.000000000 2.900000000 0.300000000
v 2.000000000 2.900000000 0.400000000
v 2.000000000 2.900000000 0.500000000
v 2.000000000 2.900000000 0.600000000
v 2.000000000 2.900000000 0.700000000
v 2.000000000 2.900000000 0.800000000
v 2.000000000 2.900000000 0.900000000
v 2.000000000 2.900000000 1.000000000
v 2.000000000 2.900000000 1.100000000
v 2.000000000 2.900000000 1.200000000
v 2.000000000 2.900000000 1.300000000
v 2.000000000 2.900000000 1.400000000
v 2.000000000 2.900000000 1.500000000
v 2.000000000 2.900000000 1.600000000
v 2.000000000 2.900000000 1.700000000
v 2.000000000 2.900000000 1.800000000
v 2.000000000 2.900000000 1.900000000
v 2.000000000 2.900000000 2.000000000
v 2.000000000 2.900000000 2.100000000
v 2.000000000 2.900000000 2.200000000
v 2.000000000 2.900000000 2.300000000
v 2.000000000 2.900000000 2.400000000
v 2.000000000 2.900000000 2.500000000
v 2.000000000 2.900000000 2.600000000
v 2.000000000 2.900000000 2.700000000
v 2.000000000 2.900000000 2.800000000
v 2.000000000 2.900000000 2.900000000
v 2.000000000 2.900000000 3.000000000
v 2.000000000 2.900000000 3.100000000
v 2.000000000 2.900000000 3.200000000
v 2.000000000 2.900000000 3.300000000
v 2.000000000 2.900000000 3.400000000
v 2.000000000 2.900000000 3.500000000
v 2.000000000 2.900000000 3.600000000
v 2.000000000 2.900000000 3.700000000
v 2.000000000 2.900000000 3.800000000
v 2.000000000 2.900000000 3.900000000
v 2.000000000 2.900000000 4.000000000
v 2.000000000 2.800000000 0.000000000
v 2.000000000 2.800000000 0.100000000
v 2.000000000 2.800000000 0.200000000
v 2.000000000 2.800000000 0.300000000
v 2.000000000 2.800000000 0.400000000
v 2.000000000 2.800000000 0.500000000
v 2.000000000 2.800000000 0.600000000
v 2.000000000 2.800000000 0.700000000
v 2.000000000 2.800000000 0.800000000
v 2.000000000 2.800000000 0.900000000
v 2.000000000 2.800000000 1.000000000
v 2.000000000 2.800000000 1.100000000
v 2.000000000 2.800000000 1.200000000
v 2.000000000 2.800000000 1.300000000
v 2.000000000 2.800000000 1.400000000
v 2.000000000 2.800000000 1.500000000
v 2.000000000 2.800000000 1.600000000
v 2.000000000 2.800000000 1.700000000
v 2.000000000 2.800000000 1.800000000
v 2.000000000 2.800000000 1.900000000
v 2.000000000 2.800000000 2.000000000
v 2.000000000 2.800000000 2.100000000
v 2.000000000 2.800000000 2.200000000
v 2.000000000 2.800000000 2.300000000
v 2.000000000 2.800000000 2.400000000
v 2.000000000 2.800000000 2.500000000
v 2.000000000 2.800000000 2.600000000
v 2.000000000 2.800000000 2.700000000
v 2.000000000 2.800000000 2.800000000
v 2.000000000 2.800000000 2.900000000
v 2.000000000 2.800000000 3.000000000
v 2.000000000 2.800000000 3.100000000
v 2.000000000 2.800000000 3.200000000
v 2.000000000 2.800000000 3.300000000
v 2.000000000 2.800000000 3.400000000
v 2.000000000 2.800000000 3.500000000
v 2.000000000 2.800000000 3.600000000
v 2.000000000 2.800000000 3.700000000
v 2.000000000 2.800000000 3.800000000
v 2.000000000 2.800000000 3.900000000
v 2.000000000 2.800000000 4.000000000
v 2.000000000 2.700000000 0.000000000
v 2.000000000 2.700000000 0.100000000
v 2.000000000 2.700000000 0.200000000
v 2.000000000 2.700000000 0.300000000
v 2.000000000 2.700000000 0.400000000
v 2.000000000 2.700000000 0.500000000
v 2.000000000 2.700000000 0.600000000
v 2.000000000 2.700000000 0.700000000
v 2.000000000 2.700000000 0.800000000
v 2.000000000 2.700000000 0.900000000
v 2.000000000 2.700000000 1.000000000
v 2.000000000 2.700000000 1.100000000
v 2.000000000 2.700000000 1.200000000
v 2.000000000 2.700000000 1.300000000
v 2.000000000 2.700000000 1.400000000
v 2.000000000 2.700000000 1.500000000
v 2.000000000 2.700000000 1.600000000
v 2.000000000 2.700000000 1.700000000
v 2.000000000 2.700000000 1.800000000
v 2.000000000 2.700000000 1.900000000
v 2.000000000 2.700000000 2.000000000
v 2.000000000 2.700000000 2.100000000
v 2.000000000 2.700000000 2.200000000
v 2.000000000 2.700000000 2.300000000
v 2.000000000 2.700000000 2.400000000
v 2.000000000 2.700000000 2.500000000
v 2.000000000 2.700000000 2.600000000
v 2.000000000 2.700000000 2.700000000
v 2.000000000 2.700000000 2.800000000
v 2.000000000 2.700000000 2.900000000
v 2.000000000 2.700000000 3.000000000
v 2.000000000 2.700000000 3.100000000
v 2.000000000 2.700000000 3.200000000
v 2.000000000 2.700000000 3.300000000
v 2.000000000 2.700000000 3.400000000
v 2.000000000 2.700000000 3.500000000
v 2.000000000 2.700000000 3.600000000
v 2.000000000 2.700000000 3.700000000
v 2.000000000 2.700000000 3.800000000
v 2.000000000 2.700000000 3.900000000
v 2.000000000 2.700000000 4.000000000
v 2.000000000 2.600000000 0.000000000
v 2.000000000 2.600000000 0.100000000
v 2.000000000 2.600000000 0.200000000
v 2.000000000 2.600000000 0.300000000
v 2.000000000 2.600000000 0.400000000
v 2.000000000 2.600000000 0.500000000
v 2.000000000 2.600000000 0.600000000
v 2.000000000 2.600000000 0.700000000
v 2.000000000 2.600000000 0.800000000
v 2.000000000 2.600000000 0.900000000
v 2.000000000 2.600000000 1.000000000
v 2.000000000 2.600000000 1.100000000
v 2.000000000 2.600000000 1.200000000
v 2.000000000 2.600000000 1.300000000
v 2.000000000 2.600000000 1.400000000
v 2.000000000 2.600000000 1.500000000
v 2.000000000 2.600000000 1.600000000
v 2.000000000 2.600000000 1.700000000
v 2.000000000 2.600000000 1.800000000
v 2.000000000 2.600000000 1.900000000
v 2.000000000 2.600000000 2.000000000
v 2.000000000 2.600000000 2.100000000
v 2.000000000 2.600000000 2.200000000
v 2.000000000 2.600000000 2.300000000
v 2.000000000 2.600000000 2.400000000
v 2.000000000 2.600000000 2.500000000
v 2.000000000 2.600000000 2.600000000
v 2.000000000 2.600000000 2.700000000
v 2.000000000 2.600000000 2.800000000
v 2.000000000 2.600000000 2.900000000
v 2.000000000 2.600000000 3.000000000
v 2.000000000 2.600000000 3.100000000
v 2.000000000 2.600000000 3.200000000
v 2.000000000 2.600000000 3.300000000
v 2.000000000 2.600000000 3.400000000
v 2.000000000 2.600000000 3.500000000
v 2.000000000 2.600000000 3.600000000
v 2.000000000 2.600000000 3.700000000
v 2.000000000 2.600000000 3.800000000
v 2.000000000 2.600000000 3.900000000
v 2.000000000 2.600000000 4.000000000
v 2.000000000 2.500000000 0.000000000
v 2.000000000 2.500000000 0.100000000
v 2.000000000 2.500000000 0.200000000
v 2.000000000 2.500000000 0.300000000
v 2.000000000 2.500000000 0.400000000
v 2.000000000 2.500000000 0.500000000
v 2.000000000 2.500000000 0.600000000
v 2.000000000 2.500000000 0.700000000
v 2.000000000 2.500000000 0.800000000
v 2.000000000 2.500000000 0.900000000
v 2.000000000 2.500000000 1.000000000
v 2.000000000 2.500000000 1.100000000
v 2.000000000 2.500000000 1.200000000
v 2.000000000 2.500000000 1.300000000
v 2.000000000 2.500000000 1.400000000
v 2.000000000 2.500000000 1.500000000
v 2.000000000 2.500000000 1.600000000
v 2.000000000 2.500000000 1.700000000
v 2.000000000 2.500000000 1.800000000
v 2.000000000 2.500000000 1.900000000
v 2.000000000 2.500000000 2.000000000
v 2.000000000 2.500000000 2.100000000
v 2.000000000 2.500000000 2.200000000
v 2.000000000 2.500000000 2.300000000
v 2.000000000 2.500000000 2.400000000
v 2.000000000 2.500000000 2.500000000
v 2.000000000 2.500000000 2.600000000
v 2.000000000 2.500000000 2.700000000
v 2.000000000 2.500000000 2.800000000
v 2.000000000 2.500000000 2.900000000
v 2.000000000 2.500000000 3.000000000
v 2.000000000 2.500000000 3.100000000
v 2.000000000 2.500000000 3.200000000
v 2.000000000 2.500000000 3.300000000
v 2.000000000 2.500000000 3.400000000
v 2.000000000 2.500000000 3.500000000
v 2.000000000 2.500000000 3.600000000
v 2.000000000 2.500000000 3.700000000
v 2.000000000 2.500000000 3.800000000
v 2.000000000 2.500000000 3.900000000
v 2.000000000 2.500000000 4.000000000
v 2.000000000 2.400000000 0.000000000
v 2.000000000 2.400000000 0.100000000
v 2.000000000 2.400000000 0.200000000
v 2.000000000 2.400000000 0.300000000
v 2.000000000 2.400000000 0.400000000
v 2.000000000 2.400000000 0.500000000
v 2.000000000 2.400000000 0.600000000
v 2.000000000 2.400000000 0.700000000
v 2.000000000 2.400000000 0.800000000
v 2.000000000 2.400000000 0.900000000
v 2.000000000 2.400000000 1.000000000
v 2.000000000 2.400000000 1.100000000
v 2.000000000 2.400000000 1.200000000
v 2.000000000 2.400000000 1.300000000
v 2.000000000 2.400000000 1.400000000
v 2.000000000 2.400000000 1.500000000
v 2.000000000 2.400000000 1.600000000
v 2.000000000 2.400000000 1.700000000
v 2.000000000 2.400000000 1.800000000
v 2.000000000 2.400000000 1.900000000
v 2.000000000 2.400000000 2.000000000
v 2.000000000 2.400000000 2.100000000
v 2.000000000 2.400000000 2.200000000
v 2.000000000 2.400000000 2.300000000
v 2.000000000 2.400000000 2.400000000
v 2.000000000 2.400000000 2.500000000
v 2.000000000 2.400000000 2.600000000
v 2.000000000 2.400000000 2.700000000
v 2.000000000 2.400000000 2.800000000
v 2.000000000 2.400000000 2.900000000
v 2.000000000 2.400000000 3.000000000
v 2.000000000 2.400000000 3.100000000
v 2.000000000 2.400000000 3.200000000
v 2.000000000 2.400000000 3.300000000
v 2.000000000 2.400000000 3.400000000
v 2.000000000 2.400000000 3.500000000
v 2.000000000 2.400000000 3.600000000
v 2.000000000 2.400000000 3.700000000
v 2.000000000 2.400000000 3.800000000
v 2.000000000 2.400000000 3.900000000
v 2.000000000 2.400000000 4.000000000
v 2.000000000 2.300000000 0.000000000
v 2.000000000 2.300000000 0.100000000
v 2.000000000 2.300000000 0.200000000
v 2.000000000 2.300000000 0.300000000
v 2.000000000 2.300000000 0.400000000
v 2.000000000 2.300000000 0.500000000
v 2.000000000 2.300000000 0.600000000
v 2.000000000 2.300000000 0.700000000
v 2.000000000 2.300000000 0.800000000
v 2.000000000 2.300000000 0.900000000
v 2.000000000 2.300000000 1.000000000
v 2.000000000 2.300000000 1.100000000
v 2.000000000 2.300000000 1.200000000
v 2.000000000 2.300000000 1.300000000
v 2.000000000 2.300000000 1.400000000
v 2.000000000 2.300000000 1.500000000
v 2.000000000 2.300000000 1.600000000
v 2.000000000 2.300000000 1.700000000
v 2.000000000 2.300000000 1.800000000
v 2.000000000 2.300000000 1.900000000
v 2.000000000 2.300000000 2.000000000
v 2.000000000 2.300000000 2.100000000
v 2.000000000 2.300000000 2.200000000
v 2.000000000 2.300000000 2.300000000
v 2.000000000 2.300000000 2.400000000
v 2.000000000 2.300000000 2.500000000
v 2.000000000 2.300000000 2.600000000
v 2.000000000 2.300000000 2.700000000
v 2.000000000 2.300000000 2.800000000
v 2.000000000 2.300000000 2.900000000
v 2.000000000 2.300000000 3.000000000
v 2.000000000 2.300000000 3.100000000
v 2.000000000 2.300000000 3.200000000
v 2.000000000 2.300000000 3.300000000
v 2.000000000 2.300000000 3.400000000
v 2.000000000 2.300000000 3.500000000
v 2.000000000 2.300000000 3.600000000
v 2.000000000 2.300000000 3.700000000
v 2.000000000 2.300000000 3.800000000
v 2.000000000 2.300000000 3.900000000
v 2.000000000 2.300000000 4.000000000
v 2.000000000 2.200000000 0.000000000
v 2.000000000 2.200000000 0.100000000
v 2.000000000 2.200000000 0.200000000
v 2.000000000 2.200000000 0.300000000
v 2.000000000 2.200000000 0.400000000
v 2.000000000 2.200000000 0.500000000
v 2.000000000 2.200000000 0.600000000
v 2.000000000 2.200000000 0.700000000
v 2.000000000 2.200000000 0.800000000
v 2.000000000 2.200000000 0.900000000
v 2.000000000 2.200000000 1.000000000
v 2.000000000 2.200000000 1.100000000
v 2.000000000 2.200000000 1.200000000
v 2.000000000 2.200000000 1.300000000
v 2.000000000 2.200000000 1.400000000
v 2.000000000 2.200000000 1.500000000
v 2.000000000 2.200000000 1.600000000
v 2.000000000 2.200000000 1.700000000
v 2.000000000 2.200000000 1.800000000
v 2.000000000 2.200000000 1.900000000
v 2.000000000 2.200000000 2.000000000
v 2.000000000 2.200000000 2.100000000
v 2.000000000 2.200000000 2.200000000
v 2.000000000 2.200000000 2.300000000
v 2.000000000 2.200000000 2.400000000
v 2.000000000 2.200000000 2.500000000
v 2.000000000 2.200000000 2.600000000
v 2.000000000 2.200000000 2.700000000
v 2.000000000 2.200000000 2.800000000
v 2.000000000 2.200000000 2.900000000
v 2.000000000 2.200000000 3.000000000
v 2.000000000 2.200000000 3.100000000
v 2.000000000 2.200000000 3.200000000
v 2.000000000 2.200000000 3.300000000
v 2.000000000 2.200000000 3.400000000
v 2.000000000 2.200000000 3.500000000
v 2.000000000 2.200000000 3.600000000
v 2.000000000 2.200000000 3.700000000
v 2.000000000 2.200000000 3.800000000
v 2.000000000 2.200000000 3.900000000
v 2.000000000 2.200000000 4.000000000
v 2.000000000 2.100000000 0.000000000
v 2.000000000 2.100000000 0.100000000
v 2.000000000 2.100000000 0.200000000
v 2.000000000 2.100000000 0.300000000
v 2.000000000 2.100000000 0.400000000
v 2.000000000 2.100000000 0.500000000
v 2.000000000 2.100000000 0.600000000
v 2.000000000 2.100000000 0.700000000
v 2.000000000 2.100000000 0.800000000
v 2.000000000 2.100000000 0.900000000
v 2.000000000 2.100000000 1.000000000
v 2.000000000 2.100000000 1.100000000
v 2.000000000 2.100000000 1.200000000
v 2.000000000 2.100000000 1.300000000
v 2.000000000 2.100000000 1.400000000
v 2.000000000 2.100000000 1.500000000
v 2.000000000 2.100000000 1.600000000
v 2.000000000 2.100000000 1.700000000
v 2.000000000 2.100000000 1.800000000
v 2.000000000 2.100000000 1.900000000
v 2.000000000 2.100000000 2.000000000
v 2.000000000 2.100000000 2.100000000
v 2.000000000 2.100000000 2.200000000
v 2.000000000 2.100000000 2.300000000
v 2.000000000 2.100000000 2.400000000
v 2.000000000 2.100000000 2.500000000
v 2.000000000 2.100000000 2.600000000
v 2.000000000 2.100000000 2.700000000
v 2.000000000 2.100000000 2.800000000
v 2.000000000 2.100000000 2.900000000
v 2.000000000 2.100000000 3.000000000
v 2.000000000 2.100000000 3.100000000
v 2.000000000 2.100000000 3.200000000
v 2.000000000 2.100000000 3.300000000
v 2.000000000 2.100000000 3.400000000
v 2.000000000 2.100000000 3.500000000
v 2.000000000 2.100000000 3.600000000
v 2.000000000 2.100000000 3.700000000
v 2.000000000 2.100000000 3.800000000
v 2.000000000 2.100000000 3.900000000
v 2.000000000 2.100000000 4.000000000
v 2.000000000 2.000000000 0.000000000
v 2.000000000 2.000000000 0.100000000
v 2.000000000 2.000000000 0.200000000
v 2.000000000 2.000000000 0.300000000
v 2.000000000 2.000000000 0.400000000
v 2.000000000 2.000000000 0.500000000
v 2.000000000 2.000000000 0.600000000
v 2.000000000 2.000000000 0.700000000
v 2.000000000 2.000000000 0.800000000
v 2.000000000 2.000000000 0.900000000
v 2.000000000 2.000000000 1.000000000
v 2.000000000 2.000000000 1.100000000
v 2.000000000 2.000000000 1.200000000
v 2.000000000 2.000000000 1.300000000
v 2.000000000 2.000000000 1.400000000
v 2.000000000 2.000000000 1.500000000
v 2.000000000 2.000000000 1.600000000
v 2.000000000 2.000000000 1.700000000
v 2.000000000 2.000000000 1.800000000
v 2.000000000 2.000000000 1.900000000
v 2.000000000 2.000000000 2.000000000
v 2.000000000 2.000000000 2.100000000
v 2.000000000 2.000000000 2.200000000
v 2.000000000 2.000000000 2.300000000
v 2.000000000 2.000000000 2.400000000
v 2.000000000 2.000000000 2.500000000
v 2.000000000 2.000000000 2.600000000
v 2.000000000 2.000000000 2.700000000
v 2.000000000 2.000000000 2.800000000
v 2.000000000 2.000000000 2.900000000
v 2.000000000 2.000000000 3.000000000
v 2.000000000 2.000000000 3.100000000
v 2.000000000 2.000000000 3.200000000
v 2.000000000 2.000000000 3.300000000
v 2.000000000 2.000000000 3.400000000
v 2.000000000 2.000000000 3.500000000
v 2.000000000 2.000000000 3.600000000
v 2.000000000 2.000000000 3.700000000
v 2.000000000 2.000000000 3.800000000
v 2.000000000 2.000000000 3.900000000
v 2.000000000 2.000000000 4.000000000
v 2.000000000 1.900000000 0.000000000
v 2.000000000 1.900000000 0.100000000
v 2.000000000 1.900000000 0.200000000
v 2.000000000 1.900000000 0.300000000
v 2.000000000 1.900000000 0.400000000
v 2.000000000 1.900000000 0.500000000
v 2.000000000 1.900000000 0.600000000
v 2.000000000 1.900000000 0.700000000
v 2.000000000 1.900000000 0.800000000
v 2.000000000 1.900000000 0.900000000
v 2.000000000 1.900000000 1.000000000
v 2.000000000 1.900000000 1.100000000
v 2.000000000 1.900000000 1.200000000
v 2.000000000 1.900000000 1.300000000
v 2.000000000 1.900000000 1.400000000
v 2.000000000 1.900000000 1.500000000
v 2.000000000 1.900000000 1.600000000
v 2.000000000 1.900000000 1.700000000
v 2.000000000 1.900000000 1.800000000
v 2.000000000 1.900000000 1.900000000
v 2.000000000 1.900000000 2.000000000
v 2.000000000 1.900000000 2.100000000
v 2.000000000 1.900000000 2.200000000
v 2.000000000 1.900000000 2.300000000
v 2.000000000 1.900000000 2.400000000
v 2.000000000 1.900000000 2.500000000
v 2.000000000 1.900000000 2.600000000
v 2.000000000 1.900000000 2.700000000
v 2.000000000 1.900000000 2.800000000
v 2.000000000 1.900000000 2.900000000
v 2.000000000 1.900000000 3.000000000
v 2.000000000 1.900000000 3.100000000
v 2.000000000 1.900000000 3.200000000
v 2.000000000 1.900000000 3.300000000
v 2.000000000 1.900000000 3.400000000
v 2.000000000 1.900000000 3.500000000
v 2.000000000 1.900000000 3.600000000
v 2.000000000 1.900000000 3.700000000
v 2.000000000 1.900000000 3.800000000
v 2.000000000 1.900000000 3.900000000
v 2.000000000 1.900000000 4.000000000
v 2.000000000 1.800000000 0.000000000
v 2.000000000 1.800000000 0.100000000
v 2.000000000 1.800000000 0.200000000
v 2.000000000 1.800000000 0.300000000
v 2.000000000 1.800000000 0.400000000
v 2.000000000 1.800000000 0.500000000
v 2.000000000 1.800000000 0.600000000
v 2.000000000 1.800000000 0.700000000
v 2.000000000 1.800000000 0.800000000
v 2.000000000 1.800000000 0.900000000
v 2.000000000 1.800000000 1.000000000
v 2.000000000 1.800000000 1.100000000
v 2.000000000 1.800000000 1.200000000
v 2.000000000 1.800000000 1.300000000
v 2.000000000 1.800000000 1.400000000
v 2.000000000 1.800000000 1.500000000
v 2.000000000 1.800000000 1.600000000
v 2.000000000 1.800000000 1.700000000
v 2.000000000 1.800000000 1.800000000
v 2.000000000 1.800000000 1.900000000
v 2.000000000 1.800000000 2.000000000
v 2.000000000 1.800000000 2.100000000
v 2.000000000 1.800000000 2.200000000
v 2.000000000 1.800000000 2.300000000
v 2.000000000 1.800000000 2.400000000
v 2.000000000 1.800000000 2.500000000
v 2.000000000 1.800000000 2.600000000
v 2.000000000 1.800000000 2.700000000
v 2.000000000 1.800000000 2.800000000
v 2.000000000 1.800000000 2.900000000
v 2.000000000 1.800000000 3.000000000
v 2.000000000 1.800000000 3.100000000
v 2.000000000 1.800000000 3.200000000
v 2.000000000 1.800000000 3.300000000
v 2.000000000 1.800000000 3.400000000
v 2.000000000 1.800000000 3.500000000
v 2.000000000 1.800000000 3.600000000
v 2.000000000 1.800000000 3.700000000
v 2.000000000 1.800000000 3.800000000
v 2.000000000 1.800000000 3.900000000
v 2.000000000 1.800000000 4.000000000
v 2.000000000 1.700000000 0.000000000
v 2.000000000 1.700000000 0.100000000
v 2.000000000 1.700000000 0.200000000
v 2.000000000 1.700000000 0.300000000
v 2.000000000 1.700000000 0.400000000
v 2.000000000 1.700000000 0.500000000
v 2.000000000 1.700000000 0.600000000
v 2.000000000 1.700000000 0.700000000
v 2.000000000 1.700000000 0.800000000
v 2.000000000 1.700000000 0.900000000
v 2.000000000 1.700000000 1.000000000
v 2.000000000 1.700000000 1.100000000
v 2.000000000 1.700000000 1.200000000
v 2.000000000 1.700000000 1.300000000
v 2.000000000 1.700000000 1.400000000
v 2.000000000 1.700000000 1.500000000
v 2.000000000 1.700000000 1.600000000
v 2.000000000 1.700000000 1.700000000
v 2.000000000 1.700000000 1.800000000
v 2.000000000 1.700000000 1.900000000
v 2.000000000 1.700000000 2.000000000
v 2.000000000 1.700000000 2.100000000
v 2.000000000 1.700000000 2.200000000
v 2.000000000 1.700000000 2.300000000
v 2.000000000 1.700000000 2.400000000
v 2.000000000 1.700000000 2.500000000
v 2.000000000 1.700000000 2.600000000
v 2.000000000 1.700000000 2.700000000
v 2.000000000 1.700000000 2.800000000
v 2.000000000 1.700000000 2.900000000
v 2.000000000 1.700000000 3.000000000
v 2.000000000 1.700000000 3.100000000
v 2.000000000 1.700000000 3.200000000
v 2.000000000 1.700000000 3.300000000
v 2.000000000 1.700000000 3.400000000
v 2.000000000 1.700000000 3.500000000
v 2.000000000 1.700000000 3.600000000
v 2.000000000 1.700000000 3.700000000
v 2.000000000 1.700000000 3.800000000
v 2.000000000 1.700000000 3.900000000
v 2.000000000 1.700000000 4.000000000
v 2.000000000 1.600000000 0.000000000
v 2.000000000 1.600000000 0.100000000
v 2.000000000 1.600000000 0.200000000
v 2.000000000 1.600000000 0.300000000
v 2.000000000 1.600000000 0.400000000
v 2.000000000 1.600000000 0.500000000
v 2.000000000 1.600000000 0.600000000
v 2.000000000 1.600000000 0.700000000
v 2.000000000 1.600000000 0.800000000
v 2.000000000 1.600000000 0.900000000
v 2.000000000 1.600000000 1.000000000
v 2.000000000 1.600000000 1.100000000
v 2.000000000 1.600000000 1.200000000
v 2.000000000 1.600000000 1.300000000
v 2.000000000 1.600000000 1.400000000
v 2.000000000 1.600000000 1.500000000
v 2.000000000 1.600000000 1.600000000
v 2.000000000 1.600000000 1.700000000
v 2.000000000 1.600000000 1.800000000
v 2.000000000 1.600000000 1.900000000
v 2.000000000 1.600000000 2.000000000
v 2.000000000 1.600000000 2.100000000
v 2.000000000 1.600000000 2.200000000
v 2.000000000 1.600000000 2.300000000
v 2.000000000 1.600000000 2.400000000
v 2.000000000 1.600000000 2.500000000
v 2.000000000 1.600000000 2.600000000
v 2.000000000 1.600000000 2.700000000
v 2.000000000 1.600000000 2.800000000
v 2.000000000 1.600000000 2.900000000
v 2.000000000 1.600000000 3.000000000
v 2.000000000 1.600000000 3.100000000
v 2.000000000 1.600000000 3.200000000
v 2.000000000 1.600000000 3.300000000
v 2.000000000 1.600000000 3.400000000
v 2.000000000 1.600000000 3.500000000
v 2.000000000 1.600000000 3.600000000
v 2.000000000 1.600000000 3.700000000
v 2.000000000 1.600000000 3.800000000
v 2.000000000 1.600000000 3.900000000
v 2.000000000 1.600000000 4.000000000
v 2.000000000 1.500000000 0.000000000
v 2.000000000 1.500000000 0.100000000
v 2.000000000 1.500000000 0.200000000
v 2.000000000 1.500000000 0.300000000
v 2.000000000 1.500000000 0.400000000
v 2.000000000 1.500000000 0.500000000
v 2.000000000 1.500000000 0.600000000
v 2.000000000 1.500000000 0.700000000
v 2.000000000 1.500000000 0.800000000
v 2.000000000 1.500000000 0.900000000
v 2.000000000 1.500000000 1.000000000
v 2.000000000 1.500000000 1.100000000
v 2.000000000 1.500000000 1.200000000
v 2.000000000 1.500000000 1.300000000
v 2.000000000 1.500000000 1.400000000
v 2.000000000 1.500000000 1.500000000
v 2.000000000 1.500000000 1.600000000
v 2.000000000 1.500000000 1.700000000
v 2.000000000 1.500000000 1.800000000
v 2.000000000 1.500000000 1.900000000
v 2.000000000 1.500000000 2.000000000
v 2.000000000 1.500000000 2.100000000
v 2.000000000 1.500000000 2.200000000
v 2.000000000 1.500000000 2.300000000
v 2.000000000 1.500000000 2.400000000
v 2.000000000 1.500000000 2.500000000
v 2.000000000 1.500000000 2.600000000
v 2.000000000 1.500000000 2.700000000
v 2.000000000 1.500000000 2.800000000
v 2.000000000 1.500000000 2.900000000
v 2.000000000 1.500000000 3.000000000
v 2.000000000 1.500000000 3.100000000
v 2.000000000 1.500000000 3.200000000
v 2.000000000 1.500000000 3.300000000
v 2.000000000 1.500000000 3.400000000
v 2.000000000 1.500000000 3.500000000
v 2.000000000 1.500000000 3.600000000
v 2.000000000 1.500000000 3.700000000
v 2.000000000 1.500000000 3.800000000
v 2.000000000 1.500000000 3.900000000
v 2.000000000 1.500000000 4.000000000
v 2.000000000 1.400000000 0.000000000
v 2.000000000 1.400000000 0.100000000
v 2.000000000 1.400000000 0.200000000
v 2.000000000 1.400000000 0.300000000
v 2.000000000 1.400000000 0.400000000
v 2.000000000 1.400000000 0.500000000
v 2.000000000 1.400000000 0.600000000
v 2.000000000 1.400000000 0.700000000
v 2.000000000 1.400000000 0.800000000
v 2.000000000 1.400000000 0.900000000
v 2.000000000 1.400000000 1.000000000
v 2.000000000 1.400000000 1.100000000
v 2.000000000 1.400000000 1.200000000
v 2.000000000 1.400000000 1.300000000
v 2.000000000 1.400000000 1.400000000
v 2.000000000 1.400000000 1.500000000
v 2.000000000 1.400000000 1.600000000
v 2.000000000 1.400000000 1.700000000
v 2.000000000 1.400000000 1.800000000
v 2.000000000 1.400000000 1.900000000
v 2.000000000 1.400000000 2.000000000
v 2.000000000 1.400000000 2.100000000
v 2.000000000 1.400000000 2.200000000
v 2.000000000 1.400000000 2.300000000
v 2.000000000 1.400000000 2.400000000
v 2.000000000 1.400000000 2.500000000
v 2.000000000 1.400000000 2.600000000
v 2.000000000 1.400000000 2.700000000
v 2.000000000 1.400000000 2.800000000
v 2.000000000 1.400000000 2.900000000
v 2.000000000 1.400000000 3.000000000
v 2.000000000 1.400000000 3.100000000
v 2.000000000 1.400000000 3.200000000
v 2.000000000 1.400000000 3.300000000
v 2.000000000 1.400000000 3.400000000
v 2.000000000 1.400000000 3.500000000
v 2.000000000 1.400000000 3.600000000
v 2.000000000 1.400000000 3.700000000
v 2.000000000 1.400000000 3.800000000
v 2.000000000 1.400000000 3.900000000
v 2.000000000 1.400000000 4.000000000
v 2.000000000 1.300000000 0.000000000
v 2.000000000 1.300000000 0.100000000
v 2.000000000 1.300000000 0.200000000
v 2.000000000 1.300000000 0.300000000
v 2.000000000 1.300000000 0.400000000
v 2.000000000 1.300000000 0.500000000
v 2.000000000 1.300000000 0.600000000
v 2.000000000 1.300000000 0.700000000
v 2.000000000 1.300000000 0.800000000
v 2.000000000 1.300000000 0.900000000
v 2.000000000 1.300000000 1.000000000
v 2.000000000 1.300000000 1.100000000
v 2.000000000 1.300000000 1.200000000
v 2.000000000 1.300000000 1.300000000
v 2.000000000 1.300000000 1.400000000
v 2.000000000 1.300000000 1.500000000
v 2.000000000 1.300000000 1.600000000
v 2.000000000 1.300000000 1.700000000
v 2.000000000 1.300000000 1.800000000
v 2.000000000 1.300000000 1.900000000
v 2.000000000 1.300000000 2.000000000
v 2.000000000 1.300000000 2.100000000
v 2.000000000 1.300000000 2.200000000
v 2.000000000 1.300000000 2.300000000
v 2.000000000 1.300000000 2.400000000
v 2.000000000 1.300000000 2.500000000
v 2.000000000 1.300000000 2.600000000
v 2.000000000 1.300000000 2.700000000
v 2.000000000 1.300000000 2.800000000
v 2.000000000 1.300000000 2.900000000
v 2.000000000 1.300000000 3.000000000
v 2.000000000 1.300000000 3.100000000
v 2.000000000 1.300000000 3.200000000
v 2.000000000 1.300000000 3.300000000
v 2.000000000 1.300000000 3.400000000
v 2.000000000 1.300000000 3.500000000
v 2.000000000 1.300000000 3.600000000
v 2.000000000 1.300000000 3.700000000
v 2.000000000 1.300000000 3.800000000
v 2.000000000 1.300000000 3.900000000
v 2.000000000 1.300000000 4.000000000
v 2.000000000 1.200000000 0.000000000
v 2.000000000 1.200000000 0.100000000
v 2.000000000 1.200000000 0.200000000
v 2.000000000 1.200000000 0.300000000
v 2.000000000 1.200000000 0.400000000
v 2.000000000 1.200000000 0.500000000
v 2.000000000 1.200000000 0.600000000
v 2.000000000 1.200000000 0.700000000
v 2.000000000 1.200000000 0.800000000
v 2.000000000 1.200000000 0.900000000
v 2.000000000 1.200000000 1.000000000
v 2.000000000 1.200000000 1.100000000
v 2.000000000 1.200000000 1.200000000
v 2.000000000 1.200000000 1.300000000
v 2.000000000 1.200000000 1.400000000
v 2.000000000 1.200000000 1.500000000
v 2.000000000 1.200000000 1.600000000
v 2.000000000 1.200000000 1.700000000
v 2.000000000 1.200000000 1.800000000
v 2.000000000 1.200000000 1.900000000
v 2.000000000 1.200000000 2.000000000
v 2.000000000 1.200000000 2.100000000
v 2.000000000 1.200000000 2.200000000
v 2.000000000 1.200000000 2.300000000
v 2.000000000 1.200000000 2.400000000
v 2.000000000 1.200000000 2.500000000
v 2.000000000 1.200000000 2.600000000
v 2.000000000 1.200000000 2.700000000
v 2.000000000 1.200000000 2.800000000
v 2.000000000 1.200000000 2.900000000
v 2.000000000 1.200000000 3.000000000
v 2.000000000 1.200000000 3.100000000
v 2.000000000 1.200000000 3.200000000
v 2.000000000 1.200000000 3.300000000
v 2.000000000 1.200000000 3.400000000
v 2.000000000 1.200000000 3.500000000
v 2.000000000 1.200000000 3.600000000
v 2.000000000 1.200000000 3.700000000
v 2.000000000 1.200000000 3.800000000
v 2.000000000 1.200000000 3.900000000
v 2.000000000 1.200000000 4.000000000
v 2.000000000 1.100000000 0.000000000
v 2.000000000 1.100000000 0.100000000
v 2.000000000 1.100000000 0.200000000
v 2.000000000 1.100000000 0.300000000
v 2.000000000 1.100000000 0.400000000
v 2.000000000 1.100000000 0.500000000
v 2.000000000 1.100000000 0.600000000
v 2.000000000 1.100000000 0.700000000
v 2.000000000 1.100000000 0.800000000
v 2.000000000 1.100000000 0.900000000
v 2.000000000 1.100000000 1.000000000
v 2.000000000 1.100000000 1.100000000
v 2.000000000 1.100000000 1.200000000
v 2.000000000 1.100000000 1.300000000
v 2.000000000 1.100000000 1.400000000
v 2.000000000 1.100000000 1.500000000
v 2.000000000 1.100000000 1.600000000
v 2.000000000 1.100000000 1.700000000
v 2.000000000 1.100000000 1.800000000
v 2.000000000 1.100000000 1.900000000
v 2.000000000 1.100000000 2.000000000
v 2.000000000 1.100000000 2.100000000
v 2.000000000 1.100000000 2.200000000
v 2.000000000 1.100000000 2.300000000
v 2.000000000 1.100000000 2.400000000
v 2.000000000 1.100000000 2.500000000
v 2.000000000 1.100000000 2.600000000
v 2.000000000 1.100000000 2.700000000
v 2.000000000 1.100000000 2.800000000
v 2.000000000 1.100000000 2.900000000
v 2.000000000 1.100000000 3.000000000
v 2.000000000 1.100000000 3.100000000
v 2.000000000 1.100000000 3.200000000
v 2.000000000 1.100000000 3.300000000
v 2.000000000 1.100000000 3.400000000
v 2.000000000 1.100000000 3.500000000
v 2.000000000 1.100000000 3.600000000
v 2.000000000 1.100000000 3.700000000
v 2.000000000 1.100000000 3.800000000
v 2.000000000 1.100000000 3.900000000
v 2.000000000 1.100000000 4.000000000
v 2.000000000 1.000000000 0.000000000
v 2.000000000 1.000000000 0.100000000
v 2.000000000 1.000000000 0.200000000
v 2.000000000 1.000000000 0.300000000
v 2.000000000 1.000000000 0.400000000
v 2.000000000 1.000000000 0.500000000
v 2.000000000 1.000000000 0.600000000
v 2.000000000 1.000000000 0.700000000
v 2.000000000 1.000000000 0.800000000
v 2.000000000 1.000000000 0.900000000
v 2.000000000 1.000000000 1.000000000
v 2.000000000 1.000000000 1.100000000
v 2.000000000 1.000000000 1.200000000
v 2.000000000 1.000000000 1.300000000
v 2.000000000 1.000000000 1.400000000
v 2.000000000 1.000000000 1.500000000
v 2.000000000 1.000000000 1.600000000
v 2.000000000 1.000000000 1.700000000
v 2.000000000 1.000000000 1.800000000
v 2.000000000 1.000000000 1.900000000
v 2.000000000 1.000000000 2.000000000
v 2.000000000 1.000000000 2.100000000
v 2.000000000 1.000000000 2.200000000
v 2.000000000 1.000000000 2.300000000
v 2.000000000 1.000000000 2.400000000
v 2.000000000 1.000000000 2.500000000
v 2.000000000 1.000000000 2.600000000
v 2.000000000 1.000000000 2.700000000
v 2.000000000 1.000000000 2.800000000
v 2.000000000 1.000000000 2.900000000
v 2.000000000 1.000000000 3.000000000
v 2.000000000 1.000000000 3.100000000
v 2.000000000 1.000000000 3.200000000
v 2.000000000 1.000000000 3.300000000
v 2.000000000 1.000000000 3.400000000
v 2.000000000 1.000000000 3.500000000
v 2.000000000 1.000000000 3.600000000
v 2.000000000 1.000000000 3.700000000
v 2.000000000 1.000000000 3.800000000
v 2.000000000 1.000000000 3.900000000
v 2.000000000 1.000000000 4.000000000
v 2.000000000 0.900000000 0.000000000
v 2.000000000 0.900000000 0.100000000
v 2.000000000 0.900000000 0.200000000
v 2.000000000 0.900000000 0.300000000
v 2.000000000 0.900000000 0.400000000
v 2.000000000 0.900000000 0.500000000
v 2.000000000 0.900000000 0.600000000
v 2.000000000 0.900000000 0.700000000
v 2.000000000 0.900000000 0.800000000
v 2.000000000 0.900000000 0.900000000
v 2.000000000 0.900000000 1.000000000
v 2.000000000 0.900000000 1.100000000
v 2.000000000 0.900000000 1.200000000
v 2.000000000 0.900000000 1.300000000
v 2.000000000 0.900000000 1.400000000
v 2.000000000 0.900000000 1.500000000
v 2.000000000 0.900000000 1.600000000
v 2.000000000 0.900000000 1.700000000
v 2.000000000 0.900000000 1.800000000
v 2.000000000 0.900000000 1.900000000
v 2.000000000 0.900000000 2.000000000
v 2.000000000 0.900000000 2.100000000
v 2.000000000 0.900000000 2.200000000
v 2.000000000 0.900000000 2.300000000
v 2.000000000 0.900000000 2.400000000
v 2.000000000 0.900000000 2.500000000
v 2.000000000 0.900000000 2.600000000
v 2.000000000 0.900000000 2.700000000
v 2.000000000 0.900000000 2.800000000
v 2.000000000 0.900000000 2.900000000
v 2.000000000 0.900000000 3.000000000
v 2.000000000 0.900000000 3.100000000
v 2.000000000 0.900000000 3.200000000
v 2.000000000 0.900000000 3.300000000
v 2.000000000 0.900000000 3.400000000
v 2.000000000 0.900000000 3.500000000
v 2.000000000 0.900000000 3.600000000
v 2.000000000 0.900000000 3.700000000
v 2.000000000 0.900000000 3.800000000
v 2.000000000 0.900000000 3.900000000
v 2.000000000 0.900000000 4.000000000
v 2.000000000 0.800000000 0.000000000
v 2.000000000 0.800000000 0.100000000
v 2.000000000 0.800000000 0.200000000
v 2.000000000 0.800000000 0.300000000
v 2.000000000 0.800000000 0.400000000
v 2.000000000 0.800000000 0.500000000
v 2.000000000 0.800000000 0.600000000
v 2.000000000 0.800000000 0.700000000
v 2.000000000 0.800000000 0.800000000
v 2.000000000 0.800000000 0.900000000
v 2.000000000 0.800000000 1.000000000
v 2.000000000 0.800000000 1.100000000
v 2.000000000 0.800000000 1.200000000
v 2.000000000 0.800000000 1.300000000
v 2.000000000 0.800000000 1.400000000
v 2.000000000 0.800000000 1.500000000
v 2.000000000 0.800000000 1.600000000
v 2.000000000 0.800000000 1.700000000
v 2.000000000 0.800000000 1.800000000
v 2.000000000 0.800000000 1.900000000
v 2.000000000 0.800000000 2.000000000
v 2.000000000 0.800000000 2.100000000
v 2.000000000 0.800000000 2.200000000
v 2.000000000 0.800000000 2.300000000
v 2.000000000 0.800000000 2.400000000
v 2.000000000 0.800000000 2.500000000
v 2.000000000 0.800000000 2.600000000
v 2.000000000 0.800000000 2.700000000
v 2.000000000 0.800000000 2.800000000
v 2.000000000 0.800000000 2.900000000
v 2.000000000 0.800000000 3.000000000
v 2.000000000 0.800000000 3.100000000
v 2.000000000 0.800000000 3.200000000
v 2.000000000 0.800000000 3.300000000
v 2.000000000 0.800000000 3.400000000
v 2.000000000 0.800000000 3.500000000
v 2.000000000 0.800000000 3.600000000
v 2.000000000 0.800000000 3.700000000
v 2.000000000 0.800000000 3.800000000
v 2.000000000 0.800000000 3.900000000
v 2.000000000 0.800000000 4.000000000
v 2.000000000 0.700000000 0.000000000
v 2.000000000 0.700000000 0.100000000
v 2.000000000 0.700000000 0.200000000
v 2.000000000 0.700000000 0.300000000
v 2.000000000 0.700000000 0.400000000
v 2.000000000 0.700000000 0.500000000
v 2.000000000 0.700000000 0.600000000
v 2.000000000 0.700000000 0.700000000
v 2.000000000 0.700000000 0.800000000
v 2.000000000 0.700000000 0.900000000
v 2.000000000 0.700000000 1.000000000
v 2.000000000 0.700000000 1.100000000
v 2.000000000 0.700000000 1.200000000
v 2.000000000 0.700000000 1.300000000
v 2.000000000 0.700000000 1.400000000
v 2.000000000 0.700000000 1.500000000
v 2.000000000 0.700000000 1.600000000
v 2.000000000 0.700000000 1.700000000
v 2.000000000 0.700000000 1.800000000
v 2.000000000 0.700000000 1.900000000
v 2.000000000 0.700000000 2.000000000
v 2.000000000 0.700000000 2.100000000
v 2.000000000 0.700000000 2.200000000
v 2.000000000 0.700000000 2.300000000
v 2.000000000 0.700000000 2.400000000
v 2.000000000 0.700000000 2.500000000
v 2.000000000 0.700000000 2.600000000
v 2.000000000 0.700000000 2.700000000
v 2.000000000 0.700000000 2.800000000
v 2.000000000 0.700000000 2.900000000
v 2.000000000 0.700000000 3.000000000
v 2.000000000 0.700000000 3.100000000
v 2.000000000 0.700000000 3.200000000
v 2.000000000 0.700000000 3.300000000
v 2.000000000 0.700000000 3.400000000
v 2.000000000 0.700000000 3.500000000
v 2.000000000 0.700000000 3.600000000
v 2.000000000 0.700000000 3.700000000
v 2.000000000 0.700000000 3.800000000
v 2.000000000 0.700000000 3.900000000
v 2.000000000 0.700000000 4.000000000
v 2.000000000 0.600000000 0.000000000
v 2.000000000 0.600000000 0.100000000
v 2.000000000 0.600000000 0.200000000
v 2.000000000 0.600000000 0.300000000
v 2.000000000 0.600000000 0.400000000
v 2.000000000 0.600000000 0.500000000
v 2.000000000 0.600000000 0.600000000
v 2.000000000 0.600000000 0.700000000
v 2.000000000 0.600000000 0.800000000
v 2.000000000 0.600000000 0.900000000
v 2.000000000 0.600000000 1.000000000
v 2.000000000 0.600000000 1.100000000
v 2.000000000 0.600000000 1.200000000
v 2.000000000 0.600000000 1.300000000
v 2.000000000 0.600000000 1.400000000
v 2.000000000 0.600000000 1.500000000
v 2.000000000 0.600000000 1.600000000
v 2.000000000 0.600000000 1.700000000
v 2.000000000 0.600000000 1.800000000
v 2.000000000 0.600000000 1.900000000
v 2.000000000 0.600000000 2.000000000
v 2.000000000 0.600000000 2.100000000
v 2.000000000 0.600000000 2.200000000
v 2.000000000 0.600000000 2.300000000
v 2.000000000 0.600000000 2.400000000
v 2.000000000 0.600000000 2.500000000
v 2.000000000 0.600000000 2.600000000
v 2.000000000 0.600000000 2.700000000
v 2.000000000 0.600000000 2.800000000
v 2.000000000 0.600000000 2.900000000
v 2.000000000 0.600000000 3.000000000
v 2.000000000 0.600000000 3.100000000
v 2.000000000 0.600000000 3.200000000
v 2.000000000 0.600000000 3.300000000
v 2.000000000 0.600000000 3.400000000
v 2.000000000 0.600000000 3.500000000
v 2.000000000 0.600000000 3.600000000
v 2.000000000 0.600000000 3.700000000
v 2.000000000 0.600000000 3.800000000
v 2.000000000 0.600000000 3.900000000
v 2.000000000 0.600000000 4.000000000
v 2.000000000 0.500000000 0.000000000
v 2.000000000 0.500000000 0.100000000
v 2.000000000 0.500000000 0.200000000
v 2.000000000 0.500000000 0.300000000
v 2.000000000 0.500000000 0.400000000
v 2.000000000 0.500000000 0.500000000
v 2.000000000 0.500000000 0.600000000
v 2.000000000 0.500000000 0.700000000
v 2.000000000 0.500000000 0.800000000
v 2.000000000 0.500000000 0.900000000
v 2.000000000 0.500000000 1.000000000
v 2.000000000 0.500000000 1.100000000
v 2.000000000 0.500000000 1.200000000
v 2.000000000 0.500000000 1.300000000
v 2.000000000 0.500000000 1.400000000
v 2.000000000 0.500000000 1.500000000
v 2.000000000 0.500000000 1.600000000
v 2.000000000 0.500000000 1.700000000
v 2.000000000 0.500000000 1.800000000
v 2.000000000 0.500000000 1.900000000
v 2.000000000 0.500000000 2.000000000
v 2.000000000 0.500000000 2.100000000
v 2.000000000 0.500000000 2.200000000
v 2.000000000 0.500000000 2.300000000
v 2.000000000 0.500000000 2.400000000
v 2.000000000 0.500000000 2.500000000
v 2.000000000 0.500000000 2.600000000
v 2.000000000 0.500000000 2.700000000
v 2.000000000 0.500000000 2.800000000
v 2.000000000 0.500000000 2.900000000
v 2.000000000 0.500000000 3.000000000
v 2.000000000 0.500000000 3.100000000
v 2.000000000 0.500000000 3.200000000
v 2.000000000 0.500000000 3.300000000
v 2.000000000 0.500000000 3.400000000
v 2.000000000 0.500000000 3.500000000
v 2.000000000 0.500000000 3.600000000
v 2.000000000 0.500000000 3.700000000
v 2.000000000 0.500000000 3.800000000
v 2.000000000 0.500000000 3.900000000
v 2.000000000 0.500000000 4.000000000
v 2.000000000 0.400000000 0.000000000
v 2.000000000 0.400000000 0.100000000
v 2.000000000 0.400000000 0.200000000
v 2.000000000 0.400000000 0.300000000
v 2.000000000 0.400000000 0.400000000
v 2.000000000 0.400000000 0.500000000
v 2.000000000 0.400000000 0.600000000
v 2.000000000 0.400000000 0.700000000
v 2.000000000 0.400000000 0.800000000
v 2.000000000 0.400000000 0.900000000
v 2.000000000 0.400000000 1.000000000
v 2.000000000 0.400000000 1.100000000
v 2.000000000 0.400000000 1.200000000
v 2.000000000 0.400000000 1.300000000
v 2.000000000 0.400000000 1.400000000
v 2.000000000 0.400000000 1.500000000
v 2.000000000 0.400000000 1.600000000
v 2.000000000 0.400000000 1.700000000
v 2.000000000 0.400000000 1.800000000
v 2.000000000 0.400000000 1.900000000
v 2.000000000 0.400000000 2.000000000
v 2.000000000 0.400000000 2.100000000
v 2.000000000 0.400000000 2.200000000
v 2.000000000 0.400000000 2.300000000
v 2.000000000 0.400000000 2.400000000
v 2.000000000 0.400000000 2.500000000
v 2.000000000 0.400000000 2.600000000
v 2.000000000 0.400000000 2.700000000
v 2.000000000 0.400000000 2.800000000
v 2.000000000 0.400000000 2.900000000
v 2.000000000 0.400000000 3.000000000
v 2.000000000 0.400000000 3.100000000
v 2.000000000 0.400000000 3.200000000
v 2.000000000 0.400000000 3.300000000
v 2.000000000 0.400000000 3.400000000
v 2.000000000 0.400000000 3.500000000
v 2.000000000 0.400000000 3.600000000
v 2.000000000 0.400000000 3.700000000
v 2.000000000 0.400000000 3.800000000
v 2.000000000 0.400000000 3.900000000
v 2.000000000 0.400000000 4.000000000
v 2.000000000 0.300000000 0.000000000
v 2.000000000 0.300000000 0.100000000
v 2.000000000 0.300000000 0.200000000
v 2.000000000 0.300000000 0.300000000
v 2.000000000 0.300000000 0.400000000
v 2.000000000 0.300000000 0.500000000
v 2.000000000 0.300000000 0.600000000
v 2.000000000 0.300000000 0.700000000
v 2.000000000 0.300000000 0.800000000
v 2.000000000 0.300000000 0.900000000
v 2.000000000 0.300000000 1.000000000
v 2.000000000 0.300000000 1.100000000
v 2.000000000 0.300000000 1.200000000
v 2.000000000 0.300000000 1.300000000
v 2.000000000 0.300000000 1.400000000
v 2.000000000 0.300000000 1.500000000
v 2.000000000 0.300000000 1.600000000
v 2.000000000 0.300000000 1.700000000
v 2.000000000 0.300000000 1.800000000
v 2.000000000 0.300000000 1.900000000
v 2.000000000 0.300000000 2.000000000
v 2.000000000 0.300000000 2.100000000
v 2.000000000 0.300000000 2.200000000
v 2.000000000 0.300000000 2.300000000
v 2.000000000 0.300000000 2.400000000
v 2.000000000 0.300000000 2.500000000
v 2.000000000 0.300000000 2.600000000
v 2.000000000 0.300000000 2.700000000
v 2.000000000 0.300000000 2.800000000
v 2.000000000 0.300000000 2.900000000
v 2.000000000 0.300000000 3.000000000
v 2.000000000 0.300000000 3.100000000
v 2.000000000 0.300000000 3.200000000
v 2.000000000 0.300000000 3.300000000
v 2.000000000 0.300000000 3.400000000
v 2.000000000 0.300000000 3.500000000
v 2.000000000 0.300000000 3.600000000
v 2.000000000 0.300000000 3.700000000
v 2.000000000 0.300000000 3.800000000
v 2.000000000 0.300000000 3.900000000
v 2.000000000 0.300000000 4.000000000
v 2.000000000 0.200000000 0.000000000
v 2.000000000 0.200000000 0.100000000
v 2.000000000 0.200000000 0.200000000
v 2.000000000 0.200000000 0.300000000
v 2.000000000 0.200000000 0.400000000
v 2.000000000 0.200000000 0.500000000
v 2.000000000 0.200000000 0.600000000
v 2.000000000 0.200000000 0.700000000
v 2.000000000 0.200000000 0.800000000
v 2.000000000 0.200000000 0.900000000
v 2.000000000 0.200000000 1.000000000
v 2.000000000 0.200000000 1.100000000
v 2.000000000 0.200000000 1.200000000
v 2.000000000 0.200000000 1.300000000
v 2.000000000 0.200000000 1.400000000
v 2.000000000 0.200000000 1.500000000
v 2.000000000 0.200000000 1.600000000
v 2.000000000 0.200000000 1.700000000
v 2.000000000 0.200000000 1.800000000
v 2.000000000 0.200000000 1.900000000
v 2.000000000 0.200000000 2.000000000
v 2.000000000 0.200000000 2.100000000
v 2.000000000 0.200000000 2.200000000
v 2.000000000 0.200000000 2.300000000
v 2.000000000 0.200000000 2.400000000
v 2.000000000 0.200000000 2.500000000
v 2.000000000 0.200000000 2.600000000
v 2.000000000 0.200000000 2.700000000
v 2.000000000 0.200000000 2.800000000
v 2.000000000 0.200000000 2.900000000
v 2.000000000 0.200000000 3.000000000
v 2.000000000 0.200000000 3.100000000
v 2.000000000 0.200000000 3.200000000
v 2.000000000 0.200000000 3.300000000
v 2.000000000 0.200000000 3.400000000
v 2.000000000 0.200000000 3.500000000
v 2.000000000 0.200000000 3.600000000
v 2.000000000 0.200000000 3.700000000
v 2.000000000 0.200000000 3.800000000
v 2.000000000 0.200000000 3.900000000
v 2.000000000 0.200000000 4.000000000
v 2.000000000 0.100000000 0.000000000
v 2.000000000 0.100000000 0.100000000
v 2.000000000 0.100000000 0.200000000
v 2.000000000 0.100000000 0.300000000
v 2.000000000 0.100000000 0.400000000
v 2.000000000 0.100000000 0.500000000
v 2.000000000 0.100000000 0.600000000
v 2.000000000 0.100000000 0.700000000
v 2.000000000 0.100000000 0.800000000
v 2.000000000 0.100000000 0.900000000
v 2.000000000 0.100000000 1.000000000
v 2.000000000 0.100000000 1.100000000
v 2.000000000 0.100000000 1.200000000
v 2.000000000 0.100000000 1.300000000
v 2.000000000 0.100000000 1.400000000
v 2.000000000 0.100000000 1.500000000
v 2.000000000 0.100000000 1.600000000
v 2.000000000 0.100000000 1.700000000
v 2.000000000 0.100000000 1.800000000
v 2.000000000 0.100000000 1.900000000
v 2.000000000 0.100000000 2.000000000
v 2.000000000 0.100000000 2.100000000
v 2.000000000 0.100000000 2.200000000
v 2.000000000 0.100000000 2.300000000
v 2.000000000 0.100000000 2.400000000
v 2.000000000 0.100000000 2.500000000
v 2.000000000 0.100000000 2.600000000
v 2.000000000 0.100000000 2.700000000
v 2.000000000 0.100000000 2.800000000
v 2.000000000 0.100000000 2.900000000
v 2.000000000 0.100000000 3.000000000
v 2.000000000 0.100000000 3.100000000
v 2.000000000 0.100000000 3.200000000
v 2.000000000 0.100000000 3.300000000
v 2.000000000 0.100000000 3.400000000
v 2.000000000 0.100000000 3.500000000
v 2.000000000 0.100000000 3.600000000
v 2.000000000 0.100000000 3.700000000
v 2.000000000 0.100000000 3.800000000
v 2.000000000 0.100000000 3.900000000
v 2.000000000 0.100000000 4.000000000
v 2.000000000 0.000000000 0.000000000
v 2.000000000 0.000000000 0.100000000
v 2.000000000 0.000000000 0.200000000
v 2.000000000 0.000000000 0.300000000
v 2.000000000 0.000000000 0.400000000
v 2.000000000 0.000000000 0.500000000
v 2.000000000 0.000000000 0.600000000
v 2.000000000 0.000000000 0.700000000
v 2.000000000 0.000000000 0.800000000
v 2.000000000 0.000000000 0.900000000
v 2.000000000 0.000000000 1.000000000
v 2.000000000 0.000000000 1.100000000
v 2.000000000 0.000000000 1.200000000
v 2.000000000 0.000000000 1.300000000
v 2.000000000 0.000000000 1.400000000
v 2.000000000 0.000000000 1.500000000
v 2.000000000 0.000000000 1.600000000
v 2.000000000 0.000000000 1.700000000
v 2.000000000 0.000000000 1.800000000
v 2.000000000 0.000000000 1.900000000
v 2.000000000 0.000000000 2.000000000
v 2.000000000 0.000000000 2.100000000
v 2.000000000 0.000000000 2.200000000
v 2.000000000 0.000000000 2.300000000
v 2.000000000 0.000000000 2.400000000
v 2.000000000 0.000000000 2.500000000
v 2.000000000 0.000000000 2.600000000
v 2.000000000 0.000000000 2.700000000
v 2.000000000 0.000000000 2.800000000
v 2.000000000 0.000000000 2.900000000
v 2.000000000 0.000000000 3.000000000
v 2.000000000 0.000000000 3.100000000
v 2.000000000 0.000000000 3.200000000
v 2.000000000 0.000000000 3.300000000
v 2.000000000 0.000000000 3.400000000
v 2.000000000 0.000000000 3.500000000
v 2.000000000 0.000000000 3.600000000
v 2.000000000 0.000000000 3.700000000
v 2.000000000 0.000000000 3.800000000
v 2.000000000 0.000000000 3.900000000
v 2.000000000 0.000000000 4.000000000
f 1 2 22
f 2 23 22
f 2 3 23
f 3 24 23
f 3 4 24
f 4 25 24
f 4 5 25
f 5 26 25
f 5 6 26
f 6 27 26
f 6 7 27
f 7 28 27
f 7 8 28
f 8 29 28
f 8 9 29
f 9 30 29
f 9 10 30
f 10 31 30
f 10 11 31
f 11 32 31
f 11 12 32
f 12 33 32
f 12 13 33
f 13 34 33
f 13 14 34
f 14 35 34
f 14 15 35
f 15 36 35
f 15 16 36
f 16 37 36
f 16 17 37
f 17 38 37
f 17 18 38
f 18 39 38
f 18 19 39
f 19 40 39
f 19 20 40
f 20 41 40
f 20 21 41
f 21 42 41
f 22 23 43
f 23 44 43
f 23 24 44
f 24 45 44
f 24 25 45
f 25 46 45
f 25 26 46
f 26 47 46
f 26 27 47
f 27 48 47
f 27 28 48
f 28 49 48
f 28 29 49
f 29 50 49
f 29 30 50
f 30 51 50
f 30 31 51
f 31 52 51
f 31 32 52
f 32 53 52
f 32 33 53
f 33 54 53
f 33 34 54
f 34 55 54
f 34 35 55
f 35 56 55
f 35 36 56
f 36 57 56
f 36 37 57
f 37 58 57
f 37 38 58
f 38 59 58
f 38 39 59
f 39 60 59
f 39 40 60
f 40 61 60
f 40 41 61
f 41 62 61
f 41 42 62
f 42 63 62
f 43 44 64
f 44 65 64
f 44 45 65
f 45 66 65
f 45 46 66
f 46 67 66
f 46 47 67
f 47 68 67
f 47 48 68
f 48 69 68
f 48 49 69
f 49 70 69
f 49 50 70
f 50 71 70
f 50 51 71
f 51 72 71
f 51 52 72
f 52 73 72
f 52 53 73
f 53 74 73
f 53 54 74
f 54 75 74
f 54 55 75
f 55 76 75
f 55 56 76
f 56 77 76
f 56 57 77
f 57 78 77
f 57 58 78
f 58 79 78
f 58 59 79
f 59 80 79
f 59 60 80
f 60 81 80
f 60 61 81
f 61 82 81
f 61 62 82
f 62 83 82
f 62 63 83
f 63 84 83
f 64 65 85
f 65 86 85
f 65 66 86
f 66 87 86
f 66 67 87
f 67 88 87
f 67 68 88
f 68 89 88
f 68 69 89
f 69 90 89
f 69 70 90
f 70 91 90
f 70 71 91
f 71 92 91
f 71 72 92
f 72 93 92
f 72 73 93
f 73 94 93
f 73 74 94
f 74 95 94
f 74 75 95
f 75 96 95
f 75 76 96
f 76 97 96
f 76 77 97
f 77 98 97
f 77 78 98
f 78 99 98
f 78 79 99
f 79 100 99
f 79 80 100
f 80 101 100
f 80 81 101
f 81 102 101
f 81 82 102
f 82 103 102
f 82 83 103
f 83 104 103
f 83 84 104
f 84 105 104
f 85 86 106
f 86 107 106
f 86 87 107
f 87 108 107
f 87 88 108
f 88 109 108
f 88 89 109
f 89 110 109
f 89 90 110
f 90 111 110
f 90 91 111
f 91 112 111
f 91 92 112
f 92 113 112
f 92 93 113
f 93 114 113
f 93 94 114
f 94 115 114
f 94 95 115
f 95 116 115
f 95 96 116
f 96 117 116
f 96 97 117
f 97 118 117
f 97 98 118
f 98 119 118
f 98 99 119
f 99 120 119
f 99 100 120
f 100 121 120
f 100 101 121
f 101 122 121
f 101 102 122
f 102 123 122
f 102 103 123
f 103 124 123
f 103 104 124
f 104 125 124
f 104 105 125
f 105 126 125
f 106 107 127
f 107 128 127
f 107 108 128
f 108 129 128
f 108 109 129
f 109 130 129
f 109 110 130
f 110 131 130
f 110 111 131
f 111 132 131
f 111 112 132
f 112 133 132
f 112 113 133
f 113 134 133
f 113 114 134
f 114 135 134
f 114 115 135
f 115 136 135
f 115 116 136
f 116 137 136
f 116 117 137
f 117 138 137
f 117 118 138
f 118 139 138
f 118 119 139
f 119 140 139
f 119 120 140
f 120 141 140
f 120 121 141
f 121 142 141
f 121 122 142
f 122 143 142
f 122 123 143
f 123 144 143
f 123 124 144
f 124 145 144
f 124 125 145
f 125 146 145
f 125 126 146
f 126 147 146
f 127 128 148
f 128 149 148
f 128 129 149
f 129 150 149
f 129 130 150
f 130 151 150
f 130 131 151
f 131 152 151
f 131 132 152
f 132 153 152
f 132 133 153
f 133 154 153
f 133 134 154
f 134 155 154
f 134 135 155
f 135 156 155
f 135 136 156
f 136 157 156
f 136 137 157
f 137 158 157
f 137 138 158
f 138 159 158
f 138 139 159
f 139 160 159
f 139 140 160
f 140 161 160
f 140 141 161
f 141 162 161
f 141 142 162
f 142 163 162
f 142 143 163
f 143 164 163
f 143 144 164
f 144 165 164
f 144 145 165
f 145 166 165
f 145 146 166
f 146 167 166
f 146 147 167
f 147 168 167
f 148 149 169
f 149 170 169
f 149 150 170
f 150 171 170
f 150 151 171
f 151 172 171
f 151 152 172
f 152 173 172
f 152 153 173
f 153 174 173
f 153 154 174
f 154 175 174
f 154 155 175
f 155 176 175
f 155 156 176
f 156 177 176
f 156 157 177
f 157 178 177
f 157 158 178
f 158 179 178
f 158 159 179
f 159 180 179
f 159 160 180
f 160 181 180
f 160 161 181
f 161 182 181
f 161 162 182
f 162 183 182
f 162 163 183
f 163 184 183
f 163 164 184
f 164 185 184
f 164 165 185
f 165 186 185
f 165 166 186
f 166 187 186
f 166 167 187
f 167 188 187
f 167 168 188
f 168 189 188
f 169 170 190
f 170 191 190
f 170 171 191
f 171 192 191
f 171 172 192
f 172 193 192
f 172 173 193
f 173 194 193
f 173 174 194
f 174 195 194
f 174 175 195
f 175 196 195
f 175 176 196
f 176 197 196
f 176 177 197
f 177 198 197
f 177 178 198
f 178 199 198
f 178 179 199
f 179 200 199
f 179 180 200
f 180 201 200
f 180 181 201
f 181 202 201
f 181 182 202
f 182 203 202
f 182 183 203
f 183 204 203
f 183 184 204
f 184 205 204
f 184 185 205
f 185 206 205
f 185 186 206
f 186 207 206
f 186 187 207
f 187 208 207
f 187 188 208
f 188 209 208
f 188 189 209
f 189 210 209
f 190 191 211
f 191 212 211
f 191 192 212
f 192 213 212
f 192 193 213
f 193 214 213
f 193 194 214
f 194 215 214
f 194 195 215
f 195 216 215
f 195 196 216
f 196 217 216
f 196 197 217
f 197 218 217
f 197 198 218
f 198 219 218
f 198 199 219
f 199 220 219
f 199 200 220
f 200 221 220
f 200 201 221
f 201 222 221
f 201 202 222
f 202 223 222
f 202 203 223
f 203 224 223
f 203 204 224
f 204 225 224
f 204 205 225
f 205 226 225
f 205 206 226
f 206 227 226
f 206 207 227
f 207 228 227
f 207 208 228
f 208 229 228
f 208 209 229
f 209 230 229
f 209 210 230
f 210 231 230
f 211 212 232
f 212 233 232
f 212 213 233
f 213 234 233
f 213 214 234
f 214 235 234
f 214 215 235
f 215 236 235
f 215 216 236
f 216 237 236
f 216 217 237
f 217 238 237
f 217 218 238
f 218 239 238
f 218 219 239
f 219 240 239
f 219 220 240
f 220 241 240
f 220 221 241
f 221 242 241
f 221 222 242
f 222 243 242
f 222 223 243
f 223 244 243
f 223 224 244
f 224 245 244
f 224 225 245
f 225 246 245
f 225 226 246
f 226 247 246
f 226 227 247
f 227 248 247
f 227 228 248
f 228 249 248
f 228 229 249
f 229 250 249
f 229 230 250
f 230 251 250
f 230 231 251
f 231 252 251
f 232 233 253
f 233 254 253
f 233 234 254
f 234 255 254
f 234 235 255
f 235 256 255
f 235 236 256
f 236 257 256
f 236 237 257
f 237 258 257
f 237 238 258
f 238 259 258
f 238 239 259
f 239 260 259
f 239 240 260
f 240 261 260
f 240 241 261
f 241 262 261
f 241 242 262
f 242 263 262
f 242 243 263
f 243 264 263
f 243 244 264
f 244 265 264
f 244 245 265
f 245 266 265
f 245 246 266
f 246 267 266
f 246 247 267
f 247 268 267
f 247 248 268
f 248 269 268
f 248 249 269
f 249 270 269
f 249 250 270
f 250 271 270
f 250 251 271
f 251 272 271
f 251 252 272
f 252 273 272
f 253 254 274
f 254 275 274
f 254 255 275
f 255 276 275
f 255 256 276
f 256 277 276
f 256 257 277
f 257 278 277
f 257 258 278
f 258 279 278
f 258 259 279
f 259 280 279
f 259 260 280
f 260 281 280
f 260 261 281
f 261 282 281
f 261 262 282
f 262 283 282
f 262 263 283
f 263 284 283
f 263 264 284
f 264 285 284
f 264 265 285
f 265 286 285
f 265 266 286
f 266 287 286
f 266 267 287
f 267 288 287
f 267 268 288
f 268 289 288
f 268 269 289
f 269 290 289
f 269 270 290
f 270 291 290
f 270 271 291
f 271 292 291
f 271 272 292
f 272 293 292
f 272 273 293
f 273 294 293
f 274 275 295
f 275 296 295
f 275 276 296
f 276 297 296
f 276 277 297
f 277 298 297
f 277 278 298
f 278 299 298
f 278 279 299
f 279 300 299
f 279 280 300
f 280 301 300
f 280 281 301
f 281 302 301
f 281 282 302
f 282 303 302
f 282 283 303
f 283 304 303
f 283 284 304
f 284 305 304
f 284 285 305
f 285 306 305
f 285 286 306
f 286 307 306
f 286 287 307
f 287 308 307
f 287 288 308
f 288 309 308
f 288 289 309
f 289 310 309
f 289 290 310
f 290 311 310
f 290 291 311
f 291 312 311
f 291 292 312
f 292 313 312
f 292 293 313
f 293 314 313
f 293 294 314
f 294 315 314
f 295 296 316
f 296 317 316
f 296 297 317
f 297 318 317
f 297 298 318
f 298 319 318
f 298 299 319
f 299 320 319
f 299 300 320
f 300 321 320
f 300 301 321
f 301 322 321
f 301 302 322
f 302 323 322
f 302 303 323
f 303 324 323
f 303 304 324
f 304 325 324
f 304 305 325
f 305 326 325
f 305 306 326
f 306 327 326
f 306 307 327
f 307 328 327
f 307 308 328
f 308 329 328
f 308 309 329
f 309 330 329
f 309 310 330
f 310 331 330
f 310 311 331
f 311 332 331
f 311 312 332
f 312 333 332
f 312 313 333
f 313 334 333
f 313 314 334
f 314 335 334
f 314 315 335
f 315 336 335
f 316 317 337
f 317 338 337
f 317 318 338
f 318 339 338
f 318 319 339
f 319 340 339
f 319 320 340
f 320 341 340
f 320 321 341
f 321 342 341
f 321 322 342
f 322 343 342
f 322 323 343
f 323 344 343
f 323 324 344
f 324 345 344
f 324 325 345
f 325 346 345
f 325 326 346
f 326 347 346
f 326 327 347
f 327 348 347
f 327 328 348
f 328 349 348
f 328 329 349
f 329 350 349
f 329 330 350
f 330 351 350
f 330 331 351
f 331 352 351
f 331 332 352
f 332 353 352
f 332 333 353
f 333 354 353
f 333 334 354
f 334 355 354
f 334 335 355
f 335 356 355
f 335 336 356
f 336 357 356
f 337 338 358
f 338 359 358
f 338 339 359
f 339 360 359
f 339 340 360
f 340 361 360
f 340 341 361
f 341 362 361
f 341 342 362
f 342 363 362
f 342 343 363
f 343 364 363
f 343 344 364
f 344 365 364
f 344 345 365
f 345 366 365
f 345 346 366
f 346 367 366
f 346 347 367
f 347 368 367
f 347 348 368
f 348 369 368
f 348 349 369
f 349 370 369
f 349 350 370
f 350 371 370
f 350 351 371
f 351 372 371
f 351 352 372
f 352 373 372
f 352 353 373
f 353 374 373
f 353 354 374
f 354 375 374
f 354 355 375
f 355 376 375
f 355 356 376
f 356 377 376
f 356 357 377
f 357 378 377
f 358 359 379
f 359 380 379
f 359 360 380
f 360 381 380
f 360 361 381
f 361 382 381
f 361 362 382
f 362 383 382
f 362 363 383
f 363 384 383
f 363 364 384
f 364 385 384
f 364 365 385
f 365 386 385
f 365 366 386
f 366 387 386
f 366 367 387
f 367 388 387
f 367 368 388
f 368 389 388
f 368 369 389
f 369 390 389
f 369 370 390
f 370 391 390
f 370 371 391
f 371 392 391
f 371 372 392
f 372 393 392
f 372 373 393
f 373 394 393
f 373 374 394
f 374 395 394
f 374 375 395
f 375 396 395
f 375 376 396
f 376 397 396
f 376 377 397
f 377 398 397
f 377 378 398
f 378 399 398
f 379 380 400
f 380 401 400
f 380 381 401
f 381 402 401
f 381 382 402
f 382 403 402
f 382 383 403
f 383 404 403
f 383 384 404
f 384 405 404
f 384 385 405
f 385 406 405
f 385 386 406
f 386 407 406
f 386 387 407
f 387 408 407
f 387 388 408
f 388 409 408
f 388 389 409
f 389 410 409
f 389 390 410
f 390 411 410
f 390 391 411
f 391 412 411
f 391 392 412
f 392 413 412
f 392 393 413
f 393 414 413
f 393 394 414
f 394 415 414
f 394 395 415
f 395 416 415
f 395 396 416
f 396 417 416
f 396 397 417
f 397 418 417
f 397 398 418
f 398 419 418
f 398 399 419
f 399 420 419
f 400 401 421
f 401 422 421
f 401 402 422
f 402 423 422
f 402 403 423
f 403 424 423
f 403 404 424
f 404 425 424
f 404 405 425
f 405 426 425
f 405 406 426
f 406 427 426
f 406 407 427
f 407 428 427
f 407 408 428
f 408 429 428
f 408 409 429
f 409 430 429
f 409 410 430
f 410 431 430
f 410 411 431
f 411 432 431
f 411 412 432
f 412 433 432
f 412 413 433
f 413 434 433
f 413 414 434
f 414 435 434
f 414 415 435
f 415 436 435
f 415 416 436
f 416 437 436
f 416 417 437
f 417 438 437
f 417 418 438
f 418 439 438
f 418 419 439
f 419 440 439
f 419 420 440
f 420 441 440
f 421 422 442
f 422 443 442
f 422 423 443
f 423 444 443
f 423 424 444
f 424 445 444
f 424 425 445
f 425 446 445
f 425 426 446
f 426 447 446
f 426 427 447
f 427 448 447
f 427 428 448
f 428 449 448
f 428 429 449
f 429 450 449
f 429 430 450
f 430 451 450
f 430 431 451
f 431 452 451
f 431 432 452
f 432 453 452
f 432 433 453
f 433 454 453
f 433 434 454
f 434 455 454
f 434 435 455
f 435 456 455
f 435 436 456
f 436 457 456
f 436 437 457
f 437 458 457
f 437 438 458
f 438 459 458
f 438 439 459
f 439 460 459
f 439 440 460
f 440 461 460
f 440 441 461
f 441 462 461
f 442 443 463
f 443 464 463
f 443 444 464
f 444 465 464
f 444 445 465
f 445 466 465
f 445 446 466
f 446 467 466
f 446 447 467
f 447 468 467
f 447 448 468
f 448 469 468
f 448 449 469
f 449 470 469
f 449 450 470
f 450 471 470
f 450 451 471
f 451 472 471
f 451 452 472
f 452 473 472
f 452 453 473
f 453 474 473
f 453 454 474
f 454 475 474
f 454 455 475
f 455 476 475
f 455 456 476
f 456 477 476
f 456 457 477
f 457 478 477
f 457 458 478
f 458 479 478
f 458 459 479
f 459 480 479
f 459 460 480
f 460 481 480
f 460 461 481
f 461 482 481
f 461 462 482
f 462 483 482
f 463 464 484
f 464 485 484
f 464 465 485
f 465 486 485
f 465 466 486
f 466 487 486
f 466 467 487
f 467 488 487
f 467 468 488
f 468 489 488
f 468 469 489
f 469 490 489
f 469 470 490
f 470 491 490
f 470 471 491
f 471 492 491
f 471 472 492
f 472 493 492
f 472 473 493
f 473 494 493
f 473 474 494
f 474 495 494
f 474 475 495
f 475 496 495
f 475 476 496
f 476 497 496
f 476 477 497
f 477 498 497
f 477 478 498
f 478 499 498
f 478 479 499
f 479 500 499
f 479 480 500
f 480 501 500
f 480 481 501
f 481 502 501
f 481 482 502
f 482 503 502
f 482 483 503
f 483 504 503
f 484 485 505
f 485 506 505
f 485 486 506
f 486 507 506
f 486 487 507
f 487 508 507
f 487 488 508
f 488 509 508
f 488 489 509
f 489 510 509
f 489 490 510
f 490 511 510
f 490 491 511
f 491 512 511
f 491 492 512
f 492 513 512
f 492 493 513
f 493 514 513
f 493 494 514
f 494 515 514
f 494 495 515
f 495 516 515
f 495 496 516
f 496 517 516
f 496 497 517
f 497 518 517
f 497 498 518
f 498 519 518
f 498 499 519
f 499 520 519
f 499 500 520
f 500 521 520
f 500 501 521
f 501 522 521
f 501 502 522
f 502 523 522
f 502 503 523
f 503 524 523
f 503 504 524
f 504 525 524
f 505 506 526
f 506 527 526
f 506 507 527
f 507 528 527
f 507 508 528
f 508 529 528
f 508 509 529
f 509 530 529
f 509 510 530
f 510 531 530
f 510 511 531
f 511 532 531
f 511 512 532
f 512 533 532
f 512 513 533
f 513 534 533
f 513 514 534
f 514 535 534
f 514 515 535
f 515 536 535
f 515 516 536
f 516 537 536
f 516 517 537
f 517 538 537
f 517 518 538
f 518 539 538
f 518 519 539
f 519 540 539
f 519 520 540
f 520 541 540
f 520 521 541
f 521 542 541
f 521 522 542
f 522 543 542
f 522 523 543
f 523 544 543
f 523 524 544
f 524 545 544
f 524 525 545
f 525 546 545
f 526 527 547
f 527 548 547
f 527 528 548
f 528 549 548
f 528 529 549
f 529 550 549
f 529 530 550
f 530 551 550
f 530 531 551
f 531 552 551
f 531 532 552
f 532 553 552
f 532 533 553
f 533 554 553
f 533 534 554
f 534 555 554
f 534 535 555
f 535 556 555
f 535 536 556
f 536 557 556
f 536 537 557
f 537 558 557
f 537 538 558
f 538 559 558
f 538 539 559
f 539 560 559
f 539 540 560
f 540 561 560
f 540 541 561
f 541 562 561
f 541 542 562
f 542 563 562
f 542 543 563
f 543 564 563
f 543 544 564
f 544 565 564
f 544 545 565
f 545 566 565
f 545 546 566
f 546 567 566
f 547 548 568
f 548 569 568
f 548 549 569
f 549 570 569
f 549 550 570
f 550 571 570
f 550 551 571
f 551 572 571
f 551 552 572
f 552 573 572
f 552 553 573
f 553 574 573
f 553 554 574
f 554 575 574
f 554 555 575
f 555 576 575
f 555 556 576
f 556 577 576
f 556 557 577
f 557 578 577
f 557 558 578
f 558 579 578
f 558 559 579
f 559 580 579
f 559 560 580
f 560 581 580
f 560 561 581
f 561 582 581
f 561 562 582
f 562 583 582
f 562 563 583
f 563 584 583
f 563 564 584
f 564 585 584
f 564 565 585
f 565 586 585
f 565 566 586
f 566 587 586
f 566 567 587
f 567 588 587
f 568 569 589
f 569 590 589
f 569 570 590
f 570 591 590
f 570 571 591
f 571 592 591
f 571 572 592
f 572 593 592
f 572 573 593
f 573 594 593
f 573 574 594
f 574 595 594
f 574 575 595
f 575 596 595
f 575 576 596
f 576 597 596
f 576 577 597
f 577 598 597
f 577 578 598
f 578 599 598
f 578 579 599
f 579 600 599
f 579 580 600
f 580 601 600
f 580 581 601
f 581 602 601
f 581 582 602
f 582 603 602
f 582 583 603
f 583 604 603
f 583 584 604
f 584 605 604
f 584 585 605
f 585 606 605
f 585 586 606
f 586 607 606
f 586 587 607
f 587 608 607
f 587 588 608
f 588 609 608
f 589 590 610
f 590 611 610
f 590 591 611
f 591 612 611
f 591 592 612
f 592 613 612
f 592 593 613
f 593 614 613
f 593 594 614
f 594 615 614
f 594 595 615
f 595 616 615
f 595 596 616
f 596 617 616
f 596 597 617
f 597 618 617
f 597 598 618
f 598 619 618
f 598 599 619
f 599 620 619
f 599 600 620
f 600 621 620
f 600 601 621
f 601 622 621
f 601 602 622
f 602 623 622
f 602 603 623
f 603 624 623
f 603 604 624
f 604 625 624
f 604 605 625
f 605 626 625
f 605 606 626
f 606 627 626
f 606 607 627
f 607 628 627
f 607 608 628
f 608 629 628
f 608 609 629
f 609 630 629
f 610 611 631
f 611 632 631
f 611 612 632
f 612 633 632
f 612 613 633
f 613 634 633
f 613 614 634
f 614 635 634
f 614 615 635
f 615 636 635
f 615 616 636
f 616 637 636
f 616 617 637
f 617 638 637
f 617 618 638
f 618 639 638
f 618 619 639
f 619 640 639
f 619 620 640
f 620 641 640
f 620 621 641
f 621 642 641
f 621 622 642
f 622 643 642
f 622 623 643
f 623 644 643
f 623 624 644
f 624 645 644
f 624 625 645
f 625 646 645
f 625 626 646
f 626 647 646
f 626 627 647
f 627 648 647
f 627 628 648
f 628 649 648
f 628 629 649
f 629 650 649
f 629 630 650
f 630 651 650
f 652 653 673
f 653 674 673
f 653 654 674
f 654 675 674
f 654 655 675
f 655 676 675
f 655 656 676
f 656 677 676
f 656 657 677
f 657 678 677
f 657 658 678
f 658 679 678
f 658 659 679
f 659 680 679
f 659 660 680
f 660 681 680
f 660 661 681
f 661 682 681
f 661 662 682
f 662 683 682
f 662 663 683
f 663 684 683
f 663 664 684
f 664 685 684
f 664 665 685
f 665 686 685
f 665 666 686
f 666 687 686
f 666 667 687
f 667 688 687
f 667 668 688
f 668 689 688
f 668 669 689
f 669 690 689
f 669 670 690
f 670 691 690
f 670 671 691
f 671 692 691
f 671 672 692
f 672 693 692
f 673 674 694
f 674 695 694
f 674 675 695
f 675 696 695
f 675 676 696
f 676 697 696
f 676 677 697
f 677 698 697
f 677 678 698
f 678 699 698
f 678 679 699
f 679 700 699
f 679 680 700
f 680 701 700
f 680 681 701
f 681 702 701
f 681 682 702
f 682 703 702
f 682 683 703
f 683 704 703
f 683 684 704
f 684 705 704
f 684 685 705
f 685 706 705
f 685 686 706
f 686 707 706
f 686 687 707
f 687 708 707
f 687 688 708
f 688 709 708
f 688 689 709
f 689 710 709
f 689 690 710
f 690 711 710
f 690 691 711
f 691 712 711
f 691 692 712
f 692 713 712
f 692 693 713
f 693 714 713
f 694 695 715
f 695 716 715
f 695 696 716
f 696 717 716
f 696 697 717
f 697 718 717
f 697 698 718
f 698 719 718
f 698 699 719
f 699 720 719
f 699 700 720
f 700 721 720
f 700 701 721
f 701 722 721
f 701 702 722
f 702 723 722
f 702 703 723
f 703 724 723
f 703 704 724
f 704 725 724
f 704 705 725
f 705 726 725
f 705 706 726
f 706 727 726
f 706 707 727
f 707 728 727
f 707 708 728
f 708 729 728
f 708 709 729
f 709 730 729
f 709 710 730
f 710 731 730
f 710 711 731
f 711 732 731
f 711 712 732
f 712 733 732
f 712 713 733
f 713 734 733
f 713 714 734
f 714 735 734
f 715 716 736
f 716 737 736
f 716 717 737
f 717 738 737
f 717 718 738
f 718 739 738
f 718 719 739
f 719 740 739
f 719 720 740
f 720 741 740
f 720 721 741
f 721 742 741
f 721 722 742
f 722 743 742
f 722 723 743
f 723 744 743
f 723 724 744
f 724 745 744
f 724 725 745
f 725 746 745
f 725 726 746
f 726 747 746
f 726 727 747
f 727 748 747
f 727 728 748
f 728 749 748
f 728 729 749
f 729 750 749
f 729 730 750
f 730 751 750
f 730 731 751
f 731 752 751
f 731 732 752
f 732 753 752
f 732 733 753
f 733 754 753
f 733 734 754
f 734 755 754
f 734 735 755
f 735 756 755
f 736 737 757
f 737 758 757
f 737 738 758
f 738 759 758
f 738 739 759
f 739 760 759
f 739 740 760
f 740 761 760
f 740 741 761
f 741 762 761
f 741 742 762
f 742 763 762
f 742 743 763
f 743 764 763
f 743 744 764
f 744 765 764
f 744 745 765
f 745 766 765
f 745 746 766
f 746 767 766
f 746 747 767
f 747 768 767
f 747 748 768
f 748 769 768
f 748 749 769
f 749 770 769
f 749 750 770
f 750 771 770
f 750 751 771
f 751 772 771
f 751 752 772
f 752 773 772
f 752 753 773
f 753 774 773
f 753 754 774
f 754 775 774
f 754 755 775
f 755 776 775
f 755 756 776
f 756 777 776
f 757 758 778
f 758 779 778
f 758 759 779
f 759 780 779
f 759 760 780
f 760 781 780
f 760 761 781
f 761 782 781
f 761 762 782
f 762 783 782
f 762 763 783
f 763 784 783
f 763 764 784
f 764 785 784
f 764 765 785
f 765 786 785
f 765 766 786
f 766 787 786
f 766 767 787
f 767 788 787
f 767 768 788
f 768 789 788
f 768 769 789
f 769 790 789
f 769 770 790
f 770 791 790
f 770 771 791
f 771 792 791
f 771 772 792
f 772 793 792
f 772 773 793
f 773 794 793
f 773 774 794
f 774 795 794
f 774 775 795
f 775 796 795
f 775 776 796
f 776 797 796
f 776 777 797
f 777 798 797
f 778 779 799
f 779 800 799
f 779 780 800
f 780 801 800
f 780 781 801
f 781 802 801
f 781 782 802
f 782 803 802
f 782 783 803
f 783 804 803
f 783 784 804
f 784 805 804
f 784 785 805
f 785 806 805
f 785 786 806
f 786 807 806
f 786 787 807
f 787 808 807
f 787 788 808
f 788 809 808
f 788 789 809
f 789 810 809
f 789 790 810
f 790 811 810
f 790 791 811
f 791 812 811
f 791 792 812
f 792 813 812
f 792 793 813
f 793 814 813
f 793 794 814
f 794 815 814
f 794 795 815
f 795 816 815
f 795 796 816
f 796 817 816
f 796 797 817
f 797 818 817
f 797 798 818
f 798 819 818
f 799 800 820
f 800 821 820
f 800 801 821
f 801 822 821
f 801 802 822
f 802 823 822
f 802 803 823
f 803 824 823
f 803 804 824
f 804 825 824
f 804 805 825
f 805 826 825
f 805 806 826
f 806 827 826
f 806 807 827
f 807 828 827
f 807 808 828
f 808 829 828
f 808 809 829
f 809 830 829
f 809 810 830
f 810 831 830
f 810 811 831
f 811 832 831
f 811 812 832
f 812 833 832
f 812 813 833
f 813 834 833
f 813 814 834
f 814 835 834
f 814 815 835
f 815 836 835
f 815 816 836
f 816 837 836
f 816 817 837
f 817 838 837
f 817 818 838
f 818 839 838
f 818 819 839
f 819 840 839
f 820 821 841
f 821 842 841
f 821 822 842
f 822 843 842
f 822 823 843
f 823 844 843
f 823 824 844
f 824 845 844
f 824 825 845
f 825 846 845
f 825 826 846
f 826 847 846
f 826 827 847
f 827 848 847
f 827 828 848
f 828 849 848
f 828 829 849
f 829 850 849
f 829 830 850
f 830 851 850
f 830 831 851
f 831 852 851
f 831 832 852
f 832 853 852
f 832 833 853
f 833 854 853
f 833 834 854
f 834 855 854
f 834 835 855
f 835 856 855
f 835 836 856
f 836 857 856
f 836 837 857
f 837 858 857
f 837 838 858
f 838 859 858
f 838 839 859
f 839 860 859
f 839 840 860
f 840 861 860
f 841 842 862
f 842 863 862
f 842 843 863
f 843 864 863
f 843 844 864
f 844 865 864
f 844 845 865
f 845 866 865
f 845 846 866
f 846 867 866
f 846 847 867
f 847 868 867
f 847 848 868
f 848 869 868
f 848 849 869
f 849 870 869
f 849 850 870
f 850 871 870
f 850 851 871
f 851 872 871
f 851 852 872
f 852 873 872
f 852 853 873
f 853 874 873
f 853 854 874
f 854 875 874
f 854 855 875
f 855 876 875
f 855 856 876
f 856 877 876
f 856 857 877
f 857 878 877
f 857 858 878
f 858 879 878
f 858 859 879
f 859 880 879
f 859 860 880
f 860 881 880
f 860 861 881
f 861 882 881
f 862 863 883
f 863 884 883
f 863 864 884
f 864 885 884
f 864 865 885
f 865 886 885
f 865 866 886
f 866 887 886
f 866 867 887
f 867 888 887
f 867 868 888
f 868 889 888
f 868 869 889
f 869 890 889
f 869 870 890
f 870 891 890
f 870 871 891
f 871 892 891
f 871 872 892
f 872 893 892
f 872 873 893
f 873 894 893
f 873 874 894
f 874 895 894
f 874 875 895
f 875 896 895
f 875 876 896
f 876 897 896
f 876 877 897
f 877 898 897
f 877 878 898
f 878 899 898
f 878 879 899
f 879 900 899
f 879 880 900
f 880 901 900
f 880 881 901
f 881 902 901
f 881 882 902
f 882 903 902
f 883 884 904
f 884 905 904
f 884 885 905
f 885 906 905
f 885 886 906
f 886 907 906
f 886 887 907
f 887 908 907
f 887 888 908
f 888 909 908
f 888 889 909
f 889 910 909
f 889 890 910
f 890 911 910
f 890 891 911
f 891 912 911
f 891 892 912
f 892 913 912
f 892 893 913
f 893 914 913
f 893 894 914
f 894 915 914
f 894 895 915
f 895 916 915
f 895 896 916
f 896 917 916
f 896 897 917
f 897 918 917
f 897 898 918
f 898 919 918
f 898 899 919
f 899 920 919
f 899 900 920
f 900 921 920
f 900 901 921
f 901 922 921
f 901 902 922
f 902 923 922
f 902 903 923
f 903 924 923
f 904 905 925
f 905 926 925
f 905 906 926
f 906 927 926
f 906 907 927
f 907 928 927
f 907 908 928
f 908 929 928
f 908 909 929
f 909 930 929
f 909 910 930
f 910 931 930
f 910 911 931
f 911 932 931
f 911 912 932
f 912 933 932
f 912 913 933
f 913 934 933
f 913 914 934
f 914 935 934
f 914 915 935
f 915 936 935
f 915 916 936
f 916 937 936
f 916 917 937
f 917 938 937
f 917 918 938
f 918 939 938
f 918 919 939
f 919 940 939
f 919 920 940
f 920 941 940
f 920 921 941
f 921 942 941
f 921 922 942
f 922 943 942
f 922 923 943
f 923 944 943
f 923 924 944
f 924 945 944
f 925 926 946
f 926 947 946
f 926 927 947
f 927 948 947
f 927 928 948
f 928 949 948
f 928 929 949
f 929 950 949
f 929 930 950
f 930 951 950
f 930 931 951
f 931 952 951
f 931 932 952
f 932 953 952
f 932 933 953
f 933 954 953
f 933 934 954
f 934 955 954
f 934 935 955
f 935 956 955
f 935 936 956
f 936 957 956
f 936 937 957
f 937 958 957
f 937 938 958
f 938 959 958
f 938 939 959
f 939 960 959
f 939 940 960
f 940 961 960
f 940 941 961
f 941 962 961
f 941 942 962
f 942 963 962
f 942 943 963
f 943 964 963
f 943 944 964
f 944 965 964
f 944 945 965
f 945 966 965
f 946 947 967
f 947 968 967
f 947 948 968
f 948 969 968
f 948 949 969
f 949 970 969
f 949 950 970
f 950 971 970
f 950 951 971
f 951 972 971
f 951 952 972
f 952 973 972
f 952 953 973
f 953 974 973
f 953 954 974
f 954 975 974
f 954 955 975
f 955 976 975
f 955 956 976
f 956 977 976
f 956 957 977
f 957 978 977
f 957 958 978
f 958 979 978
f 958 959 979
f 959 980 979
f 959 960 980
f 960 981 980
f 960 961 981
f 961 982 981
f 961 962 982
f 962 983 982
f 962 963 983
f 963 984 983
f 963 964 984
f 964 985 984
f 964 965 985
f 965 986 985
f 965 966 986
f 966 987 986
f 967 968 988
f 968 989 988
f 968 969 989
f 969 990 989
f 969 970 990
f 970 991 990
f 970 971 991
f 971 992 991
f 971 972 992
f 972 993 992
f 972 973 993
f 973 994 993
f 973 974 994
f 974 995 994
f 974 975 995
f 975 996 995
f 975 976 996
f 976 997 996
f 976 977 997
f 977 998 997
f 977 978 998
f 978 999 998
f 978 979 999
f 979 1000 999
f 979 980 1000
f 980 1001 1000
f 980 981 1001
f 981 1002 1001
f 981 982 1002
f 982 1003 1002
f 982 983 1003
f 983 1004 1003
f 983 984 1004
f 984 1005 1004
f 984 985 1005
f 985 1006 1005
f 985 986 1006
f 986 1007 1006
f 986 987 1007
f 987 1008 1007
f 988 989 1009
f 989 1010 1009
f 989 990 1010
f 990 1011 1010
f 990 991 1011
f 991 1012 1011
f 991 992 1012
f 992 1013 1012
f 992 993 1013
f 993 1014 1013
f 993 994 1014
f 994 1015 1014
f 994 995 1015
f 995 1016 1015
f 995 996 1016
f 996 1017 1016
f 996 997 1017
f 997 1018 1017
f 997 998 1018
f 998 1019 1018
f 998 999 1019
f 999 1020 1019
f 999 1000 1020
f 1000 1021 1020
f 1000 1001 1021
f 1001 1022 1021
f 1001 1002 1022
f 1002 1023 1022
f 1002 1003 1023
f 1003 1024 1023
f 1003 1004 1024
f 1004 1025 1024
f 1004 1005 1025
f 1005 1026 1025
f 1005 1006 1026
f 1006 1027 1026
f 1006 1007 1027
f 1007 1028 1027
f 1007 1008 1028
f 1008 1029 1028
f 1009 1010 1030
f 1010 1031 1030
f 1010 1011 1031
f 1011 1032 1031
f 1011 1012 1032
f 1012 1033 1032
f 1012 1013 1033
f 1013 1034 1033
f 1013 1014 1034
f 1014 1035 1034
f 1014 1015 1035
f 1015 1036 1035
f 1015 1016 1036
f 1016 1037 1036
f 1016 1017 1037
f 1017 1038 1037
f 1017 1018 1038
f 1018 1039 1038
f 1018 1019 1039
f 1019 1040 1039
f 1019 1020 1040
f 1020 1041 1040
f 1020 1021 1041
f 1021 1042 1041
f 1021 1022 1042
f 1022 1043 1042
f 1022 1023 1043
f 1023 1044 1043
f 1023 1024 1044
f 1024 1045 1044
f 1024 1025 1045
f 1025 1046 1045
f 1025 1026 1046
f 1026 1047 1046
f 1026 1027 1047
f 1027 1048 1047
f 1027 1028 1048
f 1028 1049 1048
f 1028 1029 1049
f 1029 1050 1049
f 1030 1031 1051
f 1031 1052 1051
f 1031 1032 1052
f 1032 1053 1052
f 1032 1033 1053
f 1033 1054 1053
f 1033 1034 1054
f 1034 1055 1054
f 1034 1035 1055
f 1035 1056 1055
f 1035 1036 1056
f 1036 1057 1056
f 1036 1037 1057
f 1037 1058 1057
f 1037 1038 1058
f 1038 1059 1058
f 1038 1039 1059
f 1039 1060 1059
f 1039 1040 1060
f 1040 1061 1060
f 1040 1041 1061
f 1041 1062 1061
f 1041 1042 1062
f 1042 1063 1062
f 1042 1043 1063
f 1043 1064 1063
f 1043 1044 1064
f 1044 1065 1064
f 1044 1045 1065
f 1045 1066 1065
f 1045 1046 1066
f 1046 1067 1066
f 1046 1047 1067
f 1047 1068 1067
f 1047 1048 1068
f 1048 1069 1068
f 1048 1049 1069
f 1049 1070 1069
f 1049 1050 1070
f 1050 1071 1070
f 1051 1052 1072
f 1052 1073 1072
f 1052 1053 1073
f 1053 1074 1073
f 1053 1054 1074
f 1054 1075 1074
f 1054 1055 1075
f 1055 1076 1075
f 1055 1056 1076
f 1056 1077 1076
f 1056 1057 1077
f 1057 1078 1077
f 1057 1058 1078
f 1058 1079 1078
f 1058 1059 1079
f 1059 1080 1079
f 1059 1060 1080
f 1060 1081 1080
f 1060 1061 1081
f 1061 1082 1081
f 1061 1062 1082
f 1062 1083 1082
f 1062 1063 1083
f 1063 1084 1083
f 1063 1064 1084
f 1064 1085 1084
f 1064 1065 1085
f 1065 1086 1085
f 1065 1066 1086
f 1066 1087 1086
f 1066 1067 1087
f 1067 1088 1087
f 1067 1068 1088
f 1068 1089 1088
f 1068 1069 1089
f 1069 1090 1089
f 1069 1070 1090
f 1070 1091 1090
f 1070 1071 1091
f 1071 1092 1091
f 1072 1073 1093
f 1073 1094 1093
f 1073 1074 1094
f 1074 1095 1094
f 1074 1075 1095
f 1075 1096 1095
f 1075 1076 1096
f 1076 1097 1096
f 1076 1077 1097
f 1077 1098 1097
f 1077 1078 1098
f 1078 1099 1098
f 1078 1079 1099
f 1079 1100 1099
f 1079 1080 1100
f 1080 1101 1100
f 1080 1081 1101
f 1081 1102 1101
f 1081 1082 1102
f 1082 1103 1102
f 1082 1083 1103
f 1083 1104 1103
f 1083 1084 1104
f 1084 1105 1104
f 1084 1085 1105
f 1085 1106 1105
f 1085 1086 1106
f 1086 1107 1106
f 1086 1087 1107
f 1087 1108 1107
f 1087 1088 1108
f 1088 1109 1108
f 1088 1089 1109
f 1089 1110 1109
f 1089 1090 1110
f 1090 1111 1110
f 1090 1091 1111
f 1091 1112 1111
f 1091 1092 1112
f 1092 1113 1112
f 1093 1094 1114
f 1094 1115 1114
f 1094 1095 1115
f 1095 1116 1115
f 1095 1096 1116
f 1096 1117 1116
f 1096 1097 1117
f 1097 1118 1117
f 1097 1098 1118
f 1098 1119 1118
f 1098 1099 1119
f 1099 1120 1119
f 1099 1100 1120
f 1100 1121 1120
f 1100 1101 1121
f 1101 1122 1121
f 1101 1102 1122
f 1102 1123 1122
f 1102 1103 1123
f 1103 1124 1123
f 1103 1104 1124
f 1104 1125 1124
f 1104 1105 1125
f 1105 1126 1125
f 1105 1106 1126
f 1106 1127 1126
f 1106 1107 1127
f 1107 1128 1127
f 1107 1108 1128
f 1108 1129 1128
f 1108 1109 1129
f 1109 1130 1129
f 1109 1110 1130
f 1110 1131 1130
f 1110 1111 1131
f 1111 1132 1131
f 1111 1112 1132
f 1112 1133 1132
f 1112 1113 1133
f 1113 1134 1133
f 1114 1115 1135
f 1115 1136 1135
f 1115 1116 1136
f 1116 1137 1136
f 1116 1117 1137
f 1117 1138 1137
f 1117 1118 1138
f 1118 1139 1138
f 1118 1119 1139
f 1119 1140 1139
f 1119 1120 1140
f 1120 1141 1140
f 1120 1121 1141
f 1121 1142 1141
f 1121 1122 1142
f 1122 1143 1142
f 1122 1123 1143
f 1123 1144 1143
f 1123 1124 1144
f 1124 1145 1144
f 1124 1125 1145
f 1125 1146 1145
f 1125 1126 1146
f 1126 1147 1146
f 1126 1127 1147
f 1127 1148 1147
f 1127 1128 1148
f 1128 1149 1148
f 1128 1129 1149
f 1129 1150 1149
f 1129 1130 1150
f 1130 1151 1150
f 1130 1131 1151
f 1131 1152 1151
f 1131 1132 1152
f 1132 1153 1152
f 1132 1133 1153
f 1133 1154 1153
f 1133 1134 1154
f 1134 1155 1154
f 1135 1136 1156
f 1136 1157 1156
f 1136 1137 1157
f 1137 1158 1157
f 1137 1138 1158
f 1138 1159 1158
f 1138 1139 1159
f 1139 1160 1159
f 1139 1140 1160
f 1140 1161 1160
f 1140 1141 1161
f 1141 1162 1161
f 1141 1142 1162
f 1142 1163 1162
f 1142 1143 1163
f 1143 1164 1163
f 1143 1144 1164
f 1144 1165 1164
f 1144 1145 1165
f 1145 1166 1165
f 1145 1146 1166
f 1146 1167 1166
f 1146 1147 1167
f 1147 1168 1167
f 1147 1148 1168
f 1148 1169 1168
f 1148 1149 1169
f 1149 1170 1169
f 1149 1150 1170
f 1150 1171 1170
f 1150 1151 1171
f 1151 1172 1171
f 1151 1152 1172
f 1152 1173 1172
f 1152 1153 1173
f 1153 1174 1173
f 1153 1154 1174
f 1154 1175 1174
f 1154 1155 1175
f 1155 1176 1175
f 1156 1157 1177
f 1157 1178 1177
f 1157 1158 1178
f 1158 1179 1178
f 1158 1159 1179
f 1159 1180 1179
f 1159 1160 1180
f 1160 1181 1180
f 1160 1161 1181
f 1161 1182 1181
f 1161 1162 1182
f 1162 1183 1182
f 1162 1163 1183
f 1163 1184 1183
f 1163 1164 1184
f 1164 1185 1184
f 1164 1165 1185
f 1165 1186 1185
f 1165 1166 1186
f 1166 1187 1186
f 1166 1167 1187
f 1167 1188 1187
f 1167 1168 1188
f 1168 1189 1188
f 1168 1169 1189
f 1169 1190 1189
f 1169 1170 1190
f 1170 1191 1190
f 1170 1171 1191
f 1171 1192 1191
f 1171 1172 1192
f 1172 1193 1192
f 1172 1173 1193
f 1173 1194 1193
f 1173 1174 1194
f 1174 1195 1194
f 1174 1175 1195
f 1175 1196 1195
f 1175 1176 1196
f 1176 1197 1196
f 1177 1178 1198
f 1178 1199 1198
f 1178 1179 1199
f 1179 1200 1199
f 1179 1180 1200
f 1180 1201 1200
f 1180 1181 1201
f 1181 1202 1201
f 1181 1182 1202
f 1182 1203 1202
f 1182 1183 1203
f 1183 1204 1203
f 1183 1184 1204
f 1184 1205 1204
f 1184 1185 1205
f 1185 1206 1205
f 1185 1186 1206
f 1186 1207 1206
f 1186 1187 1207
f 1187 1208 1207
f 1187 1188 1208
f 1188 1209 1208
f 1188 1189 1209
f 1189 1210 1209
f 1189 1190 1210
f 1190 1211 1210
f 1190 1191 1211
f 1191 1212 1211
f 1191 1192 1212
f 1192 1213 1212
f 1192 1193 1213
f 1193 1214 1213
f 1193 1194 1214
f 1194 1215 1214
f 1194 1195 1215
f 1195 1216 1215
f 1195 1196 1216
f 1196 1217 1216
f 1196 1197 1217
f 1197 1218 1217
f 1198 1199 1219
f 1199 1220 1219
f 1199 1200 1220
f 1200 1221 1220
f 1200 1201 1221
f 1201 1222 1221
f 1201 1202 1222
f 1202 1223 1222
f 1202 1203 1223
f 1203 1224 1223
f 1203 1204 1224
f 1204 1225 1224
f 1204 1205 1225
f 1205 1226 1225
f 1205 1206 1226
f 1206 1227 1226
f 1206 1207 1227
f 1207 1228 1227
f 1207 1208 1228
f 1208 1229 1228
f 1208 1209 1229
f 1209 1230 1229
f 1209 1210 1230
f 1210 1231 1230
f 1210 1211 1231
f 1211 1232 1231
f 1211 1212 1232
f 1212 1233 1232
f 1212 1213 1233
f 1213 1234 1233
f 1213 1214 1234
f 1214 1235 1234
f 1214 1215 1235
f 1215 1236 1235
f 1215 1216 1236
f 1216 1237 1236
f 1216 1217 1237
f 1217 1238 1237
f 1217 1218 1238
f 1218 1239 1238
f 1219 1220 1240
f 1220 1241 1240
f 1220 1221 1241
f 1221 1242 1241
f 1221 1222 1242
f 1222 1243 1242
f 1222 1223 1243
f 1223 1244 1243
f 1223 1224 1244
f 1224 1245 1244
f 1224 1225 1245
f 1225 1246 1245
f 1225 1226 1246
f 1226 1247 1246
f 1226 1227 1247
f 1227 1248 1247
f 1227 1228 1248
f 1228 1249 1248
f 1228 1229 1249
f 1229 1250 1249
f 1229 1230 1250
f 1230 1251 1250
f 1230 1231 1251
f 1231 1252 1251
f 1231 1232 1252
f 1232 1253 1252
f 1232 1233 1253
f 1233 1254 1253
f 1233 1234 1254
f 1234 1255 1254
f 1234 1235 1255
f 1235 1256 1255
f 1235 1236 1256
f 1236 1257 1256
f 1236 1237 1257
f 1237 1258 1257
f 1237 1238 1258
f 1238 1259 1258
f 1238 1239 1259
f 1239 1260 1259
f 1240 1241 1261
f 1241 1262 1261
f 1241 1242 1262
f 1242 1263 1262
f 1242 1243 1263
f 1243 1264 1263
f 1243 1244 1264
f 1244 1265 1264
f 1244 1245 1265
f 1245 1266 1265
f 1245 1246 1266
f 1246 1267 1266
f 1246 1247 1267
f 1247 1268 1267
f 1247 1248 1268
f 1248 1269 1268
f 1248 1249 1269
f 1249 1270 1269
f 1249 1250 1270
f 1250 1271 1270
f 1250 1251 1271
f 1251 1272 1271
f 1251 1252 1272
f 1252 1273 1272
f 1252 1253 1273
f 1253 1274 1273
f 1253 1254 1274
f 1254 1275 1274
f 1254 1255 1275
f 1255 1276 1275
f 1255 1256 1276
f 1256 1277 1276
f 1256 1257 1277
f 1257 1278 1277
f 1257 1258 1278
f 1258 1279 1278
f 1258 1259 1279
f 1259 1280 1279
f 1259 1260 1280
f 1260 1281 1280
f 1261 1262 1282
f 1262 1283 1282
f 1262 1263 1283
f 1263 1284 1283
f 1263 1264 1284
f 1264 1285 1284
f 1264 1265 1285
f 1265 1286 1285
f 1265 1266 1286
f 1266 1287 1286
f 1266 1267 1287
f 1267 1288 1287
f 1267 1268 1288
f 1268 1289 1288
f 1268 1269 1289
f 1269 1290 1289
f 1269 1270 1290
f 1270 1291 1290
f 1270 1271 1291
f 1271 1292 1291
f 1271 1272 1292
f 1272 1293 1292
f 1272 1273 1293
f 1273 1294 1293
f 1273 1274 1294
f 1274 1295 1294
f 1274 1275 1295
f 1275 1296 1295
f 1275 1276 1296
f 1276 1297 1296
f 1276 1277 1297
f 1277 1298 1297
f 1277 1278 1298
f 1278 1299 1298
f 1278 1279 1299
f 1279 1300 1299
f 1279 1280 1300
f 1280 1301 1300
f 1280 1281 1301
f 1281 1302 1301
f 1303 1304 1344
f 1304 1345 1344
f 1304 1305 1345
f 1305 1346 1345
f 1305 1306 1346
f 1306 1347 1346
f 1306 1307 1347
f 1307 1348 1347
f 1307 1308 1348
f 1308 1349 1348
f 1308 1309 1349
f 1309 1350 1349
f 1309 1310 1350
f 1310 1351 1350
f 1310 1311 1351
f 1311 1352 1351
f 1311 1312 1352
f 1312 1353 1352
f 1312 1313 1353
f 1313 1354 1353
f 1313 1314 1354
f 1314 1355 1354
f 1314 1315 1355
f 1315 1356 1355
f 1315 1316 1356
f 1316 1357 1356
f 1316 1317 1357
f 1317 1358 1357
f 1317 1318 1358
f 1318 1359 1358
f 1318 1319 1359
f 1319 1360 1359
f 1319 1320 1360
f 1320 1361 1360
f 1320 1321 1361
f 1321 1362 1361
f 1321 1322 1362
f 1322 1363 1362
f 1322 1323 1363
f 1323 1364 1363
f 1323 1324 1364
f 1324 1365 1364
f 1324 1325 1365
f 1325 1366 1365
f 1325 1326 1366
f 1326 1367 1366
f 1326 1327 1367
f 1327 1368 1367
f 1327 1328 1368
f 1328 1369 1368
f 1328 1329 1369
f 1329 1370 1369
f 1329 1330 1370
f 1330 1371 1370
f 1330 1331 1371
f 1331 1372 1371
f 1331 1332 1372
f 1332 1373 1372
f 1332 1333 1373
f 1333 1374 1373
f 1333 1334 1374
f 1334 1375 1374
f 1334 1335 1375
f 1335 1376 1375
f 1335 1336 1376
f 1336 1377 1376
f 1336 1337 1377
f 1337 1378 1377
f 1337 1338 1378
f 1338 1379 1378
f 1338 1339 1379
f 1339 1380 1379
f 1339 1340 1380
f 1340 1381 1380
f 1340 1341 1381
f 1341 1382 1381
f 1341 1342 1382
f 1342 1383 1382
f 1342 1343 1383
f 1343 1384 1383
f 1344 1345 1385
f 1345 1386 1385
f 1345 1346 1386
f 1346 1387 1386
f 1346 1347 1387
f 1347 1388 1387
f 1347 1348 1388
f 1348 1389 1388
f 1348 1349 1389
f 1349 1390 1389
f 1349 1350 1390
f 1350 1391 1390
f 1350 1351 1391
f 1351 1392 1391
f 1351 1352 1392
f 1352 1393 1392
f 1352 1353 1393
f 1353 1394 1393
f 1353 1354 1394
f 1354 1395 1394
f 1354 1355 1395
f 1355 1396 1395
f 1355 1356 1396
f 1356 1397 1396
f 1356 1357 1397
f 1357 1398 1397
f 1357 1358 1398
f 1358 1399 1398
f 1358 1359 1399
f 1359 1400 1399
f 1359 1360 1400
f 1360 1401 1400
f 1360 1361 1401
f 1361 1402 1401
f 1361 1362 1402
f 1362 1403 1402
f 1362 1363 1403
f 1363 1404 1403
f 1363 1364 1404
f 1364 1405 1404
f 1364 1365 1405
f 1365 1406 1405
f 1365 1366 1406
f 1366 1407 1406
f 1366 1367 1407
f 1367 1408 1407
f 1367 1368 1408
f 1368 1409 1408
f 1368 1369 1409
f 1369 1410 1409
f 1369 1370 1410
f 1370 1411 1410
f 1370 1371 1411
f 1371 1412 1411
f 1371 1372 1412
f 1372 1413 1412
f 1372 1373 1413
f 1373 1414 1413
f 1373 1374 1414
f 1374 1415 1414
f 1374 1375 1415
f 1375 1416 1415
f 1375 1376 1416
f 1376 1417 1416
f 1376 1377 1417
f 1377 1418 1417
f 1377 1378 1418
f 1378 1419 1418
f 1378 1379 1419
f 1379 1420 1419
f 1379 1380 1420
f 1380 1421 1420
f 1380 1381 1421
f 1381 1422 1421
f 1381 1382 1422
f 1382 1423 1422
f 1382 1383 1423
f 1383 1424 1423
f 1383 1384 1424
f 1384 1425 1424
f 1385 1386 1426
f 1386 1427 1426
f 1386 1387 1427
f 1387 1428 1427
f 1387 1388 1428
f 1388 1429 1428
f 1388 1389 1429
f 1389 1430 1429
f 1389 1390 1430
f 1390 1431 1430
f 1390 1391 1431
f 1391 1432 1431
f 1391 1392 1432
f 1392 1433 1432
f 1392 1393 1433
f 1393 1434 1433
f 1393 1394 1434
f 1394 1435 1434
f 1394 1395 1435
f 1395 1436 1435
f 1395 1396 1436
f 1396 1437 1436
f 1396 1397 1437
f 1397 1438 1437
f 1397 1398 1438
f 1398 1439 1438
f 1398 1399 1439
f 1399 1440 1439
f 1399 1400 1440
f 1400 1441 1440
f 1400 1401 1441
f 1401 1442 1441
f 1401 1402 1442
f 1402 1443 1442
f 1402 1403 1443
f 1403 1444 1443
f 1403 1404 1444
f 1404 1445 1444
f 1404 1405 1445
f 1405 1446 1445
f 1405 1406 1446
f 1406 1447 1446
f 1406 1407 1447
f 1407 1448 1447
f 1407 1408 1448
f 1408 1449 1448
f 1408 1409 1449
f 1409 1450 1449
f 1409 1410 1450
f 1410 1451 1450
f 1410 1411 1451
f 1411 1452 1451
f 1411 1412 1452
f 1412 1453 1452
f 1412 1413 1453
f 1413 1454 1453
f 1413 1414 1454
f 1414 1455 1454
f 1414 1415 1455
f 1415 1456 1455
f 1415 1416 1456
f 1416 1457 1456
f 1416 1417 1457
f 1417 1458 1457
f 1417 1418 1458
f 1418 1459 1458
f 1418 1419 1459
f 1419 1460 1459
f 1419 1420 1460
f 1420 1461 1460
f 1420 1421 1461
f 1421 1462 1461
f 1421 1422 1462
f 1422 1463 1462
f 1422 1423 1463
f 1423 1464 1463
f 1423 1424 1464
f 1424 1465 1464
f 1424 1425 1465
f 1425 1466 1465
f 1426 1427 1467
f 1427 1468 1467
f 1427 1428 1468
f 1428 1469 1468
f 1428 1429 1469
f 1429 1470 1469
f 1429 1430 1470
f 1430 1471 1470
f 1430 1431 1471
f 1431 1472 1471
f 1431 1432 1472
f 1432 1473 1472
f 1432 1433 1473
f 1433 1474 1473
f 1433 1434 1474
f 1434 1475 1474
f 1434 1435 1475
f 1435 1476 1475
f 1435 1436 1476
f 1436 1477 1476
f 1436 1437 1477
f 1437 1478 1477
f 1437 1438 1478
f 1438 1479 1478
f 1438 1439 1479
f 1439 1480 1479
f 1439 1440 1480
f 1440 1481 1480
f 1440 1441 1481
f 1441 1482 1481
f 1441 1442 1482
f 1442 1483 1482
f 1442 1443 1483
f 1443 1484 1483
f 1443 1444 1484
f 1444 1485 1484
f 1444 1445 1485
f 1445 1486 1485
f 1445 1446 1486
f 1446 1487 1486
f 1446 1447 1487
f 1447 1488 1487
f 1447 1448 1488
f 1448 1489 1488
f 1448 1449 1489
f 1449 1490 1489
f 1449 1450 1490
f 1450 1491 1490
f 1450 1451 1491
f 1451 1492 1491
f 1451 1452 1492
f 1452 1493 1492
f 1452 1453 1493
f 1453 1494 1493
f 1453 1454 1494
f 1454 1495 1494
f 1454 1455 1495
f 1455 1496 1495
f 1455 1456 1496
f 1456 1497 1496
f 1456 1457 1497
f 1457 1498 1497
f 1457 1458 1498
f 1458 1499 1498
f 1458 1459 1499
f 1459 1500 1499
f 1459 1460 1500
f 1460 1501 1500
f 1460 1461 1501
f 1461 1502 1501
f 1461 1462 1502
f 1462 1503 1502
f 1462 1463 1503
f 1463 1504 1503
f 1463 1464 1504
f 1464 1505 1504
f 1464 1465 1505
f 1465 1506 1505
f 1465 1466 1506
f 1466 1507 1506
f 1467 1468 1508
f 1468 1509 1508
f 1468 1469 1509
f 1469 1510 1509
f 1469 1470 1510
f 1470 1511 1510
f 1470 1471 1511
f 1471 1512 1511
f 1471 1472 1512
f 1472 1513 1512
f 1472 1473 1513
f 1473 1514 1513
f 1473 1474 1514
f 1474 1515 1514
f 1474 1475 1515
f 1475 1516 1515
f 1475 1476 1516
f 1476 1517 1516
f 1476 1477 1517
f 1477 1518 1517
f 1477 1478 1518
f 1478 1519 1518
f 1478 1479 1519
f 1479 1520 1519
f 1479 1480 1520
f 1480 1521 1520
f 1480 1481 1521
f 1481 1522 1521
f 1481 1482 1522
f 1482 1523 1522
f 1482 1483 1523
f 1483 1524 1523
f 1483 1484 1524
f 1484 1525 1524
f 1484 1485 1525
f 1485 1526 1525
f 1485 1486 1526
f 1486 1527 1526
f 1486 1487 1527
f 1487 1528 1527
f 1487 1488 1528
f 1488 1529 1528
f 1488 1489 1529
f 1489 1530 1529
f 1489 1490 1530
f 1490 1531 1530
f 1490 1491 1531
f 1491 1532 1531
f 1491 1492 1532
f 1492 1533 1532
f 1492 1493 1533
f 1493 1534 1533
f 1493 1494 1534
f 1494 1535 1534
f 1494 1495 1535
f 1495 1536 1535
f 1495 1496 1536
f 1496 1537 1536
f 1496 1497 1537
f 1497 1538 1537
f 1497 1498 1538
f 1498 1539 1538
f 1498 1499 1539
f 1499 1540 1539
f 1499 1500 1540
f 1500 1541 1540
f 1500 1501 1541
f 1501 1542 1541
f 1501 1502 1542
f 1502 1543 1542
f 1502 1503 1543
f 1503 1544 1543
f 1503 1504 1544
f 1504 1545 1544
f 1504 1505 1545
f 1505 1546 1545
f 1505 1506 1546
f 1506 1547 1546
f 1506 1507 1547
f 1507 1548 1547
f 1508 1509 1549
f 1509 1550 1549
f 1509 1510 1550
f 1510 1551 1550
f 1510 1511 1551
f 1511 1552 1551
f 1511 1512 1552
f 1512 1553 1552
f 1512 1513 1553
f 1513 1554 1553
f 1513 1514 1554
f 1514 1555 1554
f 1514 1515 1555
f 1515 1556 1555
f 1515 1516 1556
f 1516 1557 1556
f 1516 1517 1557
f 1517 1558 1557
f 1517 1518 1558
f 1518 1559 1558
f 1518 1519 1559
f 1519 1560 1559
f 1519 1520 1560
f 1520 1561 1560
f 1520 1521 1561
f 1521 1562 1561
f 1521 1522 1562
f 1522 1563 1562
f 1522 1523 1563
f 1523 1564 1563
f 1523 1524 1564
f 1524 1565 1564
f 1524 1525 1565
f 1525 1566 1565
f 1525 1526 1566
f 1526 1567 1566
f 1526 1527 1567
f 1527 1568 1567
f 1527 1528 1568
f 1528 1569 1568
f 1528 1529 1569
f 1529 1570 1569
f 1529 1530 1570
f 1530 1571 1570
f 1530 1531 1571
f 1531 1572 1571
f 1531 1532 1572
f 1532 1573 1572
f 1532 1533 1573
f 1533 1574 1573
f 1533 1534 1574
f 1534 1575 1574
f 1534 1535 1575
f 1535 1576 1575
f 1535 1536 1576
f 1536 1577 1576
f 1536 1537 1577
f 1537 1578 1577
f 1537 1538 1578
f 1538 1579 1578
f 1538 1539 1579
f 1539 1580 1579
f 1539 1540 1580
f 1540 1581 1580
f 1540 1541 1581
f 1541 1582 1581
f 1541 1542 1582
f 1542 1583 1582
f 1542 1543 1583
f 1543 1584 1583
f 1543 1544 1584
f 1544 1585 1584
f 1544 1545 1585
f 1545 1586 1585
f 1545 1546 1586
f 1546 1587 1586
f 1546 1547 1587
f 1547 1588 1587
f 1547 1548 1588
f 1548 1589 1588
f 1549 1550 1590
f 1550 1591 1590
f 1550 1551 1591
f 1551 1592 1591
f 1551 1552 1592
f 1552 1593 1592
f 1552 1553 1593
f 1553 1594 1593
f 1553 1554 1594
f 1554 1595 1594
f 1554 1555 1595
f 1555 1596 1595
f 1555 1556 1596
f 1556 1597 1596
f 1556 1557 1597
f 1557 1598 1597
f 1557 1558 1598
f 1558 1599 1598
f 1558 1559 1599
f 1559 1600 1599
f 1559 1560 1600
f 1560 1601 1600
f 1560 1561 1601
f 1561 1602 1601
f 1561 1562 1602
f 1562 1603 1602
f 1562 1563 1603
f 1563 1604 1603
f 1563 1564 1604
f 1564 1605 1604
f 1564 1565 1605
f 1565 1606 1605
f 1565 1566 1606
f 1566 1607 1606
f 1566 1567 1607
f 1567 1608 1607
f 1567 1568 1608
f 1568 1609 1608
f 1568 1569 1609
f 1569 1610 1609
f 1569 1570 1610
f 1570 1611 1610
f 1570 1571 1611
f 1571 1612 1611
f 1571 1572 1612
f 1572 1613 1612
f 1572 1573 1613
f 1573 1614 1613
f 1573 1574 1614
f 1574 1615 1614
f 1574 1575 1615
f 1575 1616 1615
f 1575 1576 1616
f 1576 1617 1616
f 1576 1577 1617
f 1577 1618 1617
f 1577 1578 1618
f 1578 1619 1618
f 1578 1579 1619
f 1579 1620 1619
f 1579 1580 1620
f 1580 1621 1620
f 1580 1581 1621
f 1581 1622 1621
f 1581 1582 1622
f 1582 1623 1622
f 1582 1583 1623
f 1583 1624 1623
f 1583 1584 1624
f 1584 1625 1624
f 1584 1585 1625
f 1585 1626 1625
f 1585 1586 1626
f 1586 1627 1626
f 1586 1587 1627
f 1587 1628 1627
f 1587 1588 1628
f 1588 1629 1628
f 1588 1589 1629
f 1589 1630 1629
f 1590 1591 1631
f 1591 1632 1631
f 1591 1592 1632
f 1592 1633 1632
f 1592 1593 1633
f 1593 1634 1633
f 1593 1594 1634
f 1594 1635 1634
f 1594 1595 1635
f 1595 1636 1635
f 1595 1596 1636
f 1596 1637 1636
f 1596 1597 1637
f 1597 1638 1637
f 1597 1598 1638
f 1598 1639 1638
f 1598 1599 1639
f 1599 1640 1639
f 1599 1600 1640
f 1600 1641 1640
f 1600 1601 1641
f 1601 1642 1641
f 1601 1602 1642
f 1602 1643 1642
f 1602 1603 1643
f 1603 1644 1643
f 1603 1604 1644
f 1604 1645 1644
f 1604 1605 1645
f 1605 1646 1645
f 1605 1606 1646
f 1606 1647 1646
f 1606 1607 1647
f 1607 1648 1647
f 1607 1608 1648
f 1608 1649 1648
f 1608 1609 1649
f 1609 1650 1649
f 1609 1610 1650
f 1610 1651 1650
f 1610 1611 1651
f 1611 1652 1651
f 1611 1612 1652
f 1612 1653 1652
f 1612 1613 1653
f 1613 1654 1653
f 1613 1614 1654
f 1614 1655 1654
f 1614 1615 1655
f 1615 1656 1655
f 1615 1616 1656
f 1616 1657 1656
f 1616 1617 1657
f 1617 1658 1657
f 1617 1618 1658
f 1618 1659 1658
f 1618 1619 1659
f 1619 1660 1659
f 1619 1620 1660
f 1620 1661 1660
f 1620 1621 1661
f 1621 1662 1661
f 1621 1622 1662
f 1622 1663 1662
f 1622 1623 1663
f 1623 1664 1663
f 1623 1624 1664
f 1624 1665 1664
f 1624 1625 1665
f 1625 1666 1665
f 1625 1626 1666
f 1626 1667 1666
f 1626 1627 1667
f 1627 1668 1667
f 1627 1628 1668
f 1628 1669 1668
f 1628 1629 1669
f 1629 1670 1669
f 1629 1630 1670
f 1630 1671 1670
f 1631 1632 1672
f 1632 1673 1672
f 1632 1633 1673
f 1633 1674 1673
f 1633 1634 1674
f 1634 1675 1674
f 1634 1635 1675
f 1635 1676 1675
f 1635 1636 1676
f 1636 1677 1676
f 1636 1637 1677
f 1637 1678 1677
f 1637 1638 1678
f 1638 1679 1678
f 1638 1639 1679
f 1639 1680 1679
f 1639 1640 1680
f 1640 1681 1680
f 1640 1641 1681
f 1641 1682 1681
f 1641 1642 1682
f 1642 1683 1682
f 1642 1643 1683
f 1643 1684 1683
f 1643 1644 1684
f 1644 1685 1684
f 1644 1645 1685
f 1645 1686 1685
f 1645 1646 1686
f 1646 1687 1686
f 1646 1647 1687
f 1647 1688 1687
f 1647 1648 1688
f 1648 1689 1688
f 1648 1649 1689
f 1649 1690 1689
f 1649 1650 1690
f 1650 1691 1690
f 1650 1651 1691
f 1651 1692 1691
f 1651 1652 1692
f 1652 1693 1692
f 1652 1653 1693
f 1653 1694 1693
f 1653 1654 1694
f 1654 1695 1694
f 1654 1655 1695
f 1655 1696 1695
f 1655 1656 1696
f 1656 1697 1696
f 1656 1657 1697
f 1657 1698 1697
f 1657 1658 1698
f 1658 1699 1698
f 1658 1659 1699
f 1659 1700 1699
f 1659 1660 1700
f 1660 1701 1700
f 1660 1661 1701
f 1661 1702 1701
f 1661 1662 1702
f 1662 1703 1702
f 1662 1663 1703
f 1663 1704 1703
f 1663 1664 1704
f 1664 1705 1704
f 1664 1665 1705
f 1665 1706 1705
f 1665 1666 1706
f 1666 1707 1706
f 1666 1667 1707
f 1667 1708 1707
f 1667 1668 1708
f 1668 1709 1708
f 1668 1669 1709
f 1669 1710 1709
f 1669 1670 1710
f 1670 1711 1710
f 1670 1671 1711
f 1671 1712 1711
f 1672 1673 1713
f 1673 1714 1713
f 1673 1674 1714
f 1674 1715 1714
f 1674 1675 1715
f 1675 1716 1715
f 1675 1676 1716
f 1676 1717 1716
f 1676 1677 1717
f 1677 1718 1717
f 1677 1678 1718
f 1678 1719 1718
f 1678 1679 1719
f 1679 1720 1719
f 1679 1680 1720
f 1680 1721 1720
f 1680 1681 1721
f 1681 1722 1721
f 1681 1682 1722
f 1682 1723 1722
f 1682 1683 1723
f 1683 1724 1723
f 1683 1684 1724
f 1684 1725 1724
f 1684 1685 1725
f 1685 1726 1725
f 1685 1686 1726
f 1686 1727 1726
f 1686 1687 1727
f 1687 1728 1727
f 1687 1688 1728
f 1688 1729 1728
f 1688 1689 1729
f 1689 1730 1729
f 1689 1690 1730
f 1690 1731 1730
f 1690 1691 1731
f 1691 1732 1731
f 1691 1692 1732
f 1692 1733 1732
f 1692 1693 1733
f 1693 1734 1733
f 1693 1694 1734
f 1694 1735 1734
f 1694 1695 1735
f 1695 1736 1735
f 1695 1696 1736
f 1696 1737 1736
f 1696 1697 1737
f 1697 1738 1737
f 1697 1698 1738
f 1698 1739 1738
f 1698 1699 1739
f 1699 1740 1739
f 1699 1700 1740
f 1700 1741 1740
f 1700 1701 1741
f 1701 1742 1741
f 1701 1702 1742
f 1702 1743 1742
f 1702 1703 1743
f 1703 1744 1743
f 1703 1704 1744
f 1704 1745 1744
f 1704 1705 1745
f 1705 1746 1745
f 1705 1706 1746
f 1706 1747 1746
f 1706 1707 1747
f 1707 1748 1747
f 1707 1708 1748
f 1708 1749 1748
f 1708 1709 1749
f 1709 1750 1749
f 1709 1710 1750
f 1710 1751 1750
f 1710 1711 1751
f 1711 1752 1751
f 1711 1712 1752
f 1712 1753 1752
f 1713 1714 1754
f 1714 1755 1754
f 1714 1715 1755
f 1715 1756 1755
f 1715 1716 1756
f 1716 1757 1756
f 1716 1717 1757
f 1717 1758 1757
f 1717 1718 1758
f 1718 1759 1758
f 1718 1719 1759
f 1719 1760 1759
f 1719 1720 1760
f 1720 1761 1760
f 1720 1721 1761
f 1721 1762 1761
f 1721 1722 1762
f 1722 1763 1762
f 1722 1723 1763
f 1723 1764 1763
f 1723 1724 1764
f 1724 1765 1764
f 1724 1725 1765
f 1725 1766 1765
f 1725 1726 1766
f 1726 1767 1766
f 1726 1727 1767
f 1727 1768 1767
f 1727 1728 1768
f 1728 1769 1768
f 1728 1729 1769
f 1729 1770 1769
f 1729 1730 1770
f 1730 1771 1770
f 1730 1731 1771
f 1731 1772 1771
f 1731 1732 1772
f 1732 1773 1772
f 1732 1733 1773
f 1733 1774 1773
f 1733 1734 1774
f 1734 1775 1774
f 1734 1735 1775
f 1735 1776 1775
f 1735 1736 1776
f 1736 1777 1776
f 1736 1737 1777
f 1737 1778 1777
f 1737 1738 1778
f 1738 1779 1778
f 1738 1739 1779
f 1739 1780 1779
f 1739 1740 1780
f 1740 1781 1780
f 1740 1741 1781
f 1741 1782 1781
f 1741 1742 1782
f 1742 1783 1782
f 1742 1743 1783
f 1743 1784 1783
f 1743 1744 1784
f 1744 1785 1784
f 1744 1745 1785
f 1745 1786 1785
f 1745 1746 1786
f 1746 1787 1786
f 1746 1747 1787
f 1747 1788 1787
f 1747 1748 1788
f 1748 1789 1788
f 1748 1749 1789
f 1749 1790 1789
f 1749 1750 1790
f 1750 1791 1790
f 1750 1751 1791
f 1751 1792 1791
f 1751 1752 1792
f 1752 1793 1792
f 1752 1753 1793
f 1753 1794 1793
f 1754 1755 1795
f 1755 1796 1795
f 1755 1756 1796
f 1756 1797 1796
f 1756 1757 1797
f 1757 1798 1797
f 1757 1758 1798
f 1758 1799 1798
f 1758 1759 1799
f 1759 1800 1799
f 1759 1760 1800
f 1760 1801 1800
f 1760 1761 1801
f 1761 1802 1801
f 1761 1762 1802
f 1762 1803 1802
f 1762 1763 1803
f 1763 1804 1803
f 1763 1764 1804
f 1764 1805 1804
f 1764 1765 1805
f 1765 1806 1805
f 1765 1766 1806
f 1766 1807 1806
f 1766 1767 1807
f 1767 1808 1807
f 1767 1768 1808
f 1768 1809 1808
f 1768 1769 1809
f 1769 1810 1809
f 1769 1770 1810
f 1770 1811 1810
f 1770 1771 1811
f 1771 1812 1811
f 1771 1772 1812
f 1772 1813 1812
f 1772 1773 1813
f 1773 1814 1813
f 1773 1774 1814
f 1774 1815 1814
f 1774 1775 1815
f 1775 1816 1815
f 1775 1776 1816
f 1776 1817 1816
f 1776 1777 1817
f 1777 1818 1817
f 1777 1778 1818
f 1778 1819 1818
f 1778 1779 1819
f 1779 1820 1819
f 1779 1780 1820
f 1780 1821 1820
f 1780 1781 1821
f 1781 1822 1821
f 1781 1782 1822
f 1782 1823 1822
f 1782 1783 1823
f 1783 1824 1823
f 1783 1784 1824
f 1784 1825 1824
f 1784 1785 1825
f 1785 1826 1825
f 1785 1786 1826
f 1786 1827 1826
f 1786 1787 1827
f 1787 1828 1827
f 1787 1788 1828
f 1788 1829 1828
f 1788 1789 1829
f 1789 1830 1829
f 1789 1790 1830
f 1790 1831 1830
f 1790 1791 1831
f 1791 1832 1831
f 1791 1792 1832
f 1792 1833 1832
f 1792 1793 1833
f 1793 1834 1833
f 1793 1794 1834
f 1794 1835 1834
f 1795 1796 1836
f 1796 1837 1836
f 1796 1797 1837
f 1797 1838 1837
f 1797 1798 1838
f 1798 1839 1838
f 1798 1799 1839
f 1799 1840 1839
f 1799 1800 1840
f 1800 1841 1840
f 1800 1801 1841
f 1801 1842 1841
f 1801 1802 1842
f 1802 1843 1842
f 1802 1803 1843
f 1803 1844 1843
f 1803 1804 1844
f 1804 1845 1844
f 1804 1805 1845
f 1805 1846 1845
f 1805 1806 1846
f 1806 1847 1846
f 1806 1807 1847
f 1807 1848 1847
f 1807 1808 1848
f 1808 1849 1848
f 1808 1809 1849
f 1809 1850 1849
f 1809 1810 1850
f 1810 1851 1850
f 1810 1811 1851
f 1811 1852 1851
f 1811 1812 1852
f 1812 1853 1852
f 1812 1813 1853
f 1813 1854 1853
f 1813 1814 1854
f 1814 1855 1854
f 1814 1815 1855
f 1815 1856 1855
f 1815 1816 1856
f 1816 1857 1856
f 1816 1817 1857
f 1817 1858 1857
f 1817 1818 1858
f 1818 1859 1858
f 1818 1819 1859
f 1819 1860 1859
f 1819 1820 1860
f 1820 1861 1860
f 1820 1821 1861
f 1821 1862 1861
f 1821 1822 1862
f 1822 1863 1862
f 1822 1823 1863
f 1823 1864 1863
f 1823 1824 1864
f 1824 1865 1864
f 1824 1825 1865
f 1825 1866 1865
f 1825 1826 1866
f 1826 1867 1866
f 1826 1827 1867
f 1827 1868 1867
f 1827 1828 1868
f 1828 1869 1868
f 1828 1829 1869
f 1829 1870 1869
f 1829 1830 1870
f 1830 1871 1870
f 1830 1831 1871
f 1831 1872 1871
f 1831 1832 1872
f 1832 1873 1872
f 1832 1833 1873
f 1833 1874 1873
f 1833 1834 1874
f 1834 1875 1874
f 1834 1835 1875
f 1835 1876 1875
f 1836 1837 1877
f 1837 1878 1877
f 1837 1838 1878
f 1838 1879 1878
f 1838 1839 1879
f 1839 1880 1879
f 1839 1840 1880
f 1840 1881 1880
f 1840 1841 1881
f 1841 1882 1881
f 1841 1842 1882
f 1842 1883 1882
f 1842 1843 1883
f 1843 1884 1883
f 1843 1844 1884
f 1844 1885 1884
f 1844 1845 1885
f 1845 1886 1885
f 1845 1846 1886
f 1846 1887 1886
f 1846 1847 1887
f 1847 1888 1887
f 1847 1848 1888
f 1848 1889 1888
f 1848 1849 1889
f 1849 1890 1889
f 1849 1850 1890
f 1850 1891 1890
f 1850 1851 1891
f 1851 1892 1891
f 1851 1852 1892
f 1852 1893 1892
f 1852 1853 1893
f 1853 1894 1893
f 1853 1854 1894
f 1854 1895 1894
f 1854 1855 1895
f 1855 1896 1895
f 1855 1856 1896
f 1856 1897 1896
f 1856 1857 1897
f 1857 1898 1897
f 1857 1858 1898
f 1858 1899 1898
f 1858 1859 1899
f 1859 1900 1899
f 1859 1860 1900
f 1860 1901 1900
f 1860 1861 1901
f 1861 1902 1901
f 1861 1862 1902
f 1862 1903 1902
f 1862 1863 1903
f 1863 1904 1903
f 1863 1864 1904
f 1864 1905 1904
f 1864 1865 1905
f 1865 1906 1905
f 1865 1866 1906
f 1866 1907 1906
f 1866 1867 1907
f 1867 1908 1907
f 1867 1868 1908
f 1868 1909 1908
f 1868 1869 1909
f 1869 1910 1909
f 1869 1870 1910
f 1870 1911 1910
f 1870 1871 1911
f 1871 1912 1911
f 1871 1872 1912
f 1872 1913 1912
f 1872 1873 1913
f 1873 1914 1913
f 1873 1874 1914
f 1874 1915 1914
f 1874 1875 1915
f 1875 1916 1915
f 1875 1876 1916
f 1876 1917 1916
f 1877 1878 1918
f 1878 1919 1918
f 1878 1879 1919
f 1879 1920 1919
f 1879 1880 1920
f 1880 1921 1920
f 1880 1881 1921
f 1881 1922 1921
f 1881 1882 1922
f 1882 1923 1922
f 1882 1883 1923
f 1883 1924 1923
f 1883 1884 1924
f 1884 1925 1924
f 1884 1885 1925
f 1885 1926 1925
f 1885 1886 1926
f 1886 1927 1926
f 1886 1887 1927
f 1887 1928 1927
f 1887 1888 1928
f 1888 1929 1928
f 1888 1889 1929
f 1889 1930 1929
f 1889 1890 1930
f 1890 1931 1930
f 1890 1891 1931
f 1891 1932 1931
f 1891 1892 1932
f 1892 1933 1932
f 1892 1893 1933
f 1893 1934 1933
f 1893 1894 1934
f 1894 1935 1934
f 1894 1895 1935
f 1895 1936 1935
f 1895 1896 1936
f 1896 1937 1936
f 1896 1897 1937
f 1897 1938 1937
f 1897 1898 1938
f 1898 1939 1938
f 1898 1899 1939
f 1899 1940 1939
f 1899 1900 1940
f 1900 1941 1940
f 1900 1901 1941
f 1901 1942 1941
f 1901 1902 1942
f 1902 1943 1942
f 1902 1903 1943
f 1903 1944 1943
f 1903 1904 1944
f 1904 1945 1944
f 1904 1905 1945
f 1905 1946 1945
f 1905 1906 1946
f 1906 1947 1946
f 1906 1907 1947
f 1907 1948 1947
f 1907 1908 1948
f 1908 1949 1948
f 1908 1909 1949
f 1909 1950 1949
f 1909 1910 1950
f 1910 1951 1950
f 1910 1911 1951
f 1911 1952 1951
f 1911 1912 1952
f 1912 1953 1952
f 1912 1913 1953
f 1913 1954 1953
f 1913 1914 1954
f 1914 1955 1954
f 1914 1915 1955
f 1915 1956 1955
f 1915 1916 1956
f 1916 1957 1956
f 1916 1917 1957
f 1917 1958 1957
f 1918 1919 1959
f 1919 1960 1959
f 1919 1920 1960
f 1920 1961 1960
f 1920 1921 1961
f 1921 1962 1961
f 1921 1922 1962
f 1922 1963 1962
f 1922 1923 1963
f 1923 1964 1963
f 1923 1924 1964
f 1924 1965 1964
f 1924 1925 1965
f 1925 1966 1965
f 1925 1926 1966
f 1926 1967 1966
f 1926 1927 1967
f 1927 1968 1967
f 1927 1928 1968
f 1928 1969 1968
f 1928 1929 1969
f 1929 1970 1969
f 1929 1930 1970
f 1930 1971 1970
f 1930 1931 1971
f 1931 1972 1971
f 1931 1932 1972
f 1932 1973 1972
f 1932 1933 1973
f 1933 1974 1973
f 1933 1934 1974
f 1934 1975 1974
f 1934 1935 1975
f 1935 1976 1975
f 1935 1936 1976
f 1936 1977 1976
f 1936 1937 1977
f 1937 1978 1977
f 1937 1938 1978
f 1938 1979 1978
f 1938 1939 1979
f 1939 1980 1979
f 1939 1940 1980
f 1940 1981 1980
f 1940 1941 1981
f 1941 1982 1981
f 1941 1942 1982
f 1942 1983 1982
f 1942 1943 1983
f 1943 1984 1983
f 1943 1944 1984
f 1944 1985 1984
f 1944 1945 1985
f 1945 1986 1985
f 1945 1946 1986
f 1946 1987 1986
f 1946 1947 1987
f 1947 1988 1987
f 1947 1948 1988
f 1948 1989 1988
f 1948 1949 1989
f 1949 1990 1989
f 1949 1950 1990
f 1950 1991 1990
f 1950 1951 1991
f 1951 1992 1991
f 1951 1952 1992
f 1952 1993 1992
f 1952 1953 1993
f 1953 1994 1993
f 1953 1954 1994
f 1954 1995 1994
f 1954 1955 1995
f 1955 1996 1995
f 1955 1956 1996
f 1956 1997 1996
f 1956 1957 1997
f 1957 1998 1997
f 1957 1958 1998
f 1958 1999 1998
f 1959 1960 2000
f 1960 2001 2000
f 1960 1961 2001
f 1961 2002 2001
f 1961 1962 2002
f 1962 2003 2002
f 1962 1963 2003
f 1963 2004 2003
f 1963 1964 2004
f 1964 2005 2004
f 1964 1965 2005
f 1965 2006 2005
f 1965 1966 2006
f 1966 2007 2006
f 1966 1967 2007
f 1967 2008 2007
f 1967 1968 2008
f 1968 2009 2008
f 1968 1969 2009
f 1969 2010 2009
f 1969 1970 2010
f 1970 2011 2010
f 1970 1971 2011
f 1971 2012 2011
f 1971 1972 2012
f 1972 2013 2012
f 1972 1973 2013
f 1973 2014 2013
f 1973 1974 2014
f 1974 2015 2014
f 1974 1975 2015
f 1975 2016 2015
f 1975 1976 2016
f 1976 2017 2016
f 1976 1977 2017
f 1977 2018 2017
f 1977 1978 2018
f 1978 2019 2018
f 1978 1979 2019
f 1979 2020 2019
f 1979 1980 2020
f 1980 2021 2020
f 1980 1981 2021
f 1981 2022 2021
f 1981 1982 2022
f 1982 2023 2022
f 1982 1983 2023
f 1983 2024 2023
f 1983 1984 2024
f 1984 2025 2024
f 1984 1985 2025
f 1985 2026 2025
f 1985 1986 2026
f 1986 2027 2026
f 1986 1987 2027
f 1987 2028 2027
f 1987 1988 2028
f 1988 2029 2028
f 1988 1989 2029
f 1989 2030 2029
f 1989 1990 2030
f 1990 2031 2030
f 1990 1991 2031
f 1991 2032 2031
f 1991 1992 2032
f 1992 2033 2032
f 1992 1993 2033
f 1993 2034 2033
f 1993 1994 2034
f 1994 2035 2034
f 1994 1995 2035
f 1995 2036 2035
f 1995 1996 2036
f 1996 2037 2036
f 1996 1997 2037
f 1997 2038 2037
f 1997 1998 2038
f 1998 2039 2038
f 1998 1999 2039
f 1999 2040 2039
f 2000 2001 2041
f 2001 2042 2041
f 2001 2002 2042
f 2002 2043 2042
f 2002 2003 2043
f 2003 2044 2043
f 2003 2004 2044
f 2004 2045 2044
f 2004 2005 2045
f 2005 2046 2045
f 2005 2006 2046
f 2006 2047 2046
f 2006 2007 2047
f 2007 2048 2047
f 2007 2008 2048
f 2008 2049 2048
f 2008 2009 2049
f 2009 2050 2049
f 2009 2010 2050
f 2010 2051 2050
f 2010 2011 2051
f 2011 2052 2051
f 2011 2012 2052
f 2012 2053 2052
f 2012 2013 2053
f 2013 2054 2053
f 2013 2014 2054
f 2014 2055 2054
f 2014 2015 2055
f 2015 2056 2055
f 2015 2016 2056
f 2016 2057 2056
f 2016 2017 2057
f 2017 2058 2057
f 2017 2018 2058
f 2018 2059 2058
f 2018 2019 2059
f 2019 2060 2059
f 2019 2020 2060
f 2020 2061 2060
f 2020 2021 2061
f 2021 2062 2061
f 2021 2022 2062
f 2022 2063 2062
f 2022 2023 2063
f 2023 2064 2063
f 2023 2024 2064
f 2024 2065 2064
f 2024 2025 2065
f 2025 2066 2065
f 2025 2026 2066
f 2026 2067 2066
f 2026 2027 2067
f 2027 2068 2067
f 2027 2028 2068
f 2028 2069 2068
f 2028 2029 2069
f 2029 2070 2069
f 2029 2030 2070
f 2030 2071 2070
f 2030 2031 2071
f 2031 2072 2071
f 2031 2032 2072
f 2032 2073 2072
f 2032 2033 2073
f 2033 2074 2073
f 2033 2034 2074
f 2034 2075 2074
f 2034 2035 2075
f 2035 2076 2075
f 2035 2036 2076
f 2036 2077 2076
f 2036 2037 2077
f 2037 2078 2077
f 2037 2038 2078
f 2038 2079 2078
f 2038 2039 2079
f 2039 2080 2079
f 2039 2040 2080
f 2040 2081 2080
f 2041 2042 2082
f 2042 2083 2082
f 2042 2043 2083
f 2043 2084 2083
f 2043 2044 2084
f 2044 2085 2084
f 2044 2045 2085
f 2045 2086 2085
f 2045 2046 2086
f 2046 2087 2086
f 2046 2047 2087
f 2047 2088 2087
f 2047 2048 2088
f 2048 2089 2088
f 2048 2049 2089
f 2049 2090 2089
f 2049 2050 2090
f 2050 2091 2090
f 2050 2051 2091
f 2051 2092 2091
f 2051 2052 2092
f 2052 2093 2092
f 2052 2053 2093
f 2053 2094 2093
f 2053 2054 2094
f 2054 2095 2094
f 2054 2055 2095
f 2055 2096 2095
f 2055 2056 2096
f 2056 2097 2096
f 2056 2057 2097
f 2057 2098 2097
f 2057 2058 2098
f 2058 2099 2098
f 2058 2059 2099
f 2059 2100 2099
f 2059 2060 2100
f 2060 2101 2100
f 2060 2061 2101
f 2061 2102 2101
f 2061 2062 2102
f 2062 2103 2102
f 2062 2063 2103
f 2063 2104 2103
f 2063 2064 2104
f 2064 2105 2104
f 2064 2065 2105
f 2065 2106 2105
f 2065 2066 2106
f 2066 2107 2106
f 2066 2067 2107
f 2067 2108 2107
f 2067 2068 2108
f 2068 2109 2108
f 2068 2069 2109
f 2069 2110 2109
f 2069 2070 2110
f 2070 2111 2110
f 2070 2071 2111
f 2071 2112 2111
f 2071 2072 2112
f 2072 2113 2112
f 2072 2073 2113
f 2073 2114 2113
f 2073 2074 2114
f 2074 2115 2114
f 2074 2075 2115
f 2075 2116 2115
f 2075 2076 2116
f 2076 2117 2116
f 2076 2077 2117
f 2077 2118 2117
f 2077 2078 2118
f 2078 2119 2118
f 2078 2079 2119
f 2079 2120 2119
f 2079 2080 2120
f 2080 2121 2120
f 2080 2081 2121
f 2081 2122 2121
f 2082 2083 2123
f 2083 2124 2123
f 2083 2084 2124
f 2084 2125 2124
f 2084 2085 2125
f 2085 2126 2125
f 2085 2086 2126
f 2086 2127 2126
f 2086 2087 2127
f 2087 2128 2127
f 2087 2088 2128
f 2088 2129 2128
f 2088 2089 2129
f 2089 2130 2129
f 2089 2090 2130
f 2090 2131 2130
f 2090 2091 2131
f 2091 2132 2131
f 2091 2092 2132
f 2092 2133 2132
f 2092 2093 2133
f 2093 2134 2133
f 2093 2094 2134
f 2094 2135 2134
f 2094 2095 2135
f 2095 2136 2135
f 2095 2096 2136
f 2096 2137 2136
f 2096 2097 2137
f 2097 2138 2137
f 2097 2098 2138
f 2098 2139 2138
f 2098 2099 2139
f 2099 2140 2139
f 2099 2100 2140
f 2100 2141 2140
f 2100 2101 2141
f 2101 2142 2141
f 2101 2102 2142
f 2102 2143 2142
f 2102 2103 2143
f 2103 2144 2143
f 2103 2104 2144
f 2104 2145 2144
f 2104 2105 2145
f 2105 2146 2145
f 2105 2106 2146
f 2106 2147 2146
f 2106 2107 2147
f 2107 2148 2147
f 2107 2108 2148
f 2108 2149 2148
f 2108 2109 2149
f 2109 2150 2149
f 2109 2110 2150
f 2110 2151 2150
f 2110 2111 2151
f 2111 2152 2151
f 2111 2112 2152
f 2112 2153 2152
f 2112 2113 2153
f 2113 2154 2153
f 2113 2114 2154
f 2114 2155 2154
f 2114 2115 2155
f 2115 2156 2155
f 2115 2116 2156
f 2116 2157 2156
f 2116 2117 2157
f 2117 2158 2157
f 2117 2118 2158
f 2118 2159 2158
f 2118 2119 2159
f 2119 2160 2159
f 2119 2120 2160
f 2120 2161 2160
f 2120 2121 2161
f 2121 2162 2161
f 2121 2122 2162
f 2122 2163 2162
f 2164 2165 2205
f 2165 2206 2205
f 2165 2166 2206
f 2166 2207 2206
f 2166 2167 2207
f 2167 2208 2207
f 2167 2168 2208
f 2168 2209 2208
f 2168 2169 2209
f 2169 2210 2209
f 2169 2170 2210
f 2170 2211 2210
f 2170 2171 2211
f 2171 2212 2211
f 2171 2172 2212
f 2172 2213 2212
f 2172 2173 2213
f 2173 2214 2213
f 2173 2174 2214
f 2174 2215 2214
f 2174 2175 2215
f 2175 2216 2215
f 2175 2176 2216
f 2176 2217 2216
f 2176 2177 2217
f 2177 2218 2217
f 2177 2178 2218
f 2178 2219 2218
f 2178 2179 2219
f 2179 2220 2219
f 2179 2180 2220
f 2180 2221 2220
f 2180 2181 2221
f 2181 2222 2221
f 2181 2182 2222
f 2182 2223 2222
f 2182 2183 2223
f 2183 2224 2223
f 2183 2184 2224
f 2184 2225 2224
f 2184 2185 2225
f 2185 2226 2225
f 2185 2186 2226
f 2186 2227 2226
f 2186 2187 2227
f 2187 2228 2227
f 2187 2188 2228
f 2188 2229 2228
f 2188 2189 2229
f 2189 2230 2229
f 2189 2190 2230
f 2190 2231 2230
f 2190 2191 2231
f 2191 2232 2231
f 2191 2192 2232
f 2192 2233 2232
f 2192 2193 2233
f 2193 2234 2233
f 2193 2194 2234
f 2194 2235 2234
f 2194 2195 2235
f 2195 2236 2235
f 2195 2196 2236
f 2196 2237 2236
f 2196 2197 2237
f 2197 2238 2237
f 2197 2198 2238
f 2198 2239 2238
f 2198 2199 2239
f 2199 2240 2239
f 2199 2200 2240
f 2200 2241 2240
f 2200 2201 2241
f 2201 2242 2241
f 2201 2202 2242
f 2202 2243 2242
f 2202 2203 2243
f 2203 2244 2243
f 2203 2204 2244
f 2204 2245 2244
f 2205 2206 2246
f 2206 2247 2246
f 2206 2207 2247
f 2207 2248 2247
f 2207 2208 2248
f 2208 2249 2248
f 2208 2209 2249
f 2209 2250 2249
f 2209 2210 2250
f 2210 2251 2250
f 2210 2211 2251
f 2211 2252 2251
f 2211 2212 2252
f 2212 2253 2252
f 2212 2213 2253
f 2213 2254 2253
f 2213 2214 2254
f 2214 2255 2254
f 2214 2215 2255
f 2215 2256 2255
f 2215 2216 2256
f 2216 2257 2256
f 2216 2217 2257
f 2217 2258 2257
f 2217 2218 2258
f 2218 2259 2258
f 2218 2219 2259
f 2219 2260 2259
f 2219 2220 2260
f 2220 2261 2260
f 2220 2221 2261
f 2221 2262 2261
f 2221 2222 2262
f 2222 2263 2262
f 2222 2223 2263
f 2223 2264 2263
f 2223 2224 2264
f 2224 2265 2264
f 2224 2225 2265
f 2225 2266 2265
f 2225 2226 2266
f 2226 2267 2266
f 2226 2227 2267
f 2227 2268 2267
f 2227 2228 2268
f 2228 2269 2268
f 2228 2229 2269
f 2229 2270 2269
f 2229 2230 2270
f 2230 2271 2270
f 2230 2231 2271
f 2231 2272 2271
f 2231 2232 2272
f 2232 2273 2272
f 2232 2233 2273
f 2233 2274 2273
f 2233 2234 2274
f 2234 2275 2274
f 2234 2235 2275
f 2235 2276 2275
f 2235 2236 2276
f 2236 2277 2276
f 2236 2237 2277
f 2237 2278 2277
f 2237 2238 2278
f 2238 2279 2278
f 2238 2239 2279
f 2239 2280 2279
f 2239 2240 2280
f 2240 2281 2280
f 2240 2241 2281
f 2241 2282 2281
f 2241 2242 2282
f 2242 2283 2282
f 2242 2243 2283
f 2243 2284 2283
f 2243 2244 2284
f 2244 2285 2284
f 2244 2245 2285
f 2245 2286 2285
f 2246 2247 2287
f 2247 2288 2287
f 2247 2248 2288
f 2248 2289 2288
f 2248 2249 2289
f 2249 2290 2289
f 2249 2250 2290
f 2250 2291 2290
f 2250 2251 2291
f 2251 2292 2291
f 2251 2252 2292
f 2252 2293 2292
f 2252 2253 2293
f 2253 2294 2293
f 2253 2254 2294
f 2254 2295 2294
f 2254 2255 2295
f 2255 2296 2295
f 2255 2256 2296
f 2256 2297 2296
f 2256 2257 2297
f 2257 2298 2297
f 2257 2258 2298
f 2258 2299 2298
f 2258 2259 2299
f 2259 2300 2299
f 2259 2260 2300
f 2260 2301 2300
f 2260 2261 2301
f 2261 2302 2301
f 2261 2262 2302
f 2262 2303 2302
f 2262 2263 2303
f 2263 2304 2303
f 2263 2264 2304
f 2264 2305 2304
f 2264 2265 2305
f 2265 2306 2305
f 2265 2266 2306
f 2266 2307 2306
f 2266 2267 2307
f 2267 2308 2307
f 2267 2268 2308
f 2268 2309 2308
f 2268 2269 2309
f 2269 2310 2309
f 2269 2270 2310
f 2270 2311 2310
f 2270 2271 2311
f 2271 2312 2311
f 2271 2272 2312
f 2272 2313 2312
f 2272 2273 2313
f 2273 2314 2313
f 2273 2274 2314
f 2274 2315 2314
f 2274 2275 2315
f 2275 2316 2315
f 2275 2276 2316
f 2276 2317 2316
f 2276 2277 2317
f 2277 2318 2317
f 2277 2278 2318
f 2278 2319 2318
f 2278 2279 2319
f 2279 2320 2319
f 2279 2280 2320
f 2280 2321 2320
f 2280 2281 2321
f 2281 2322 2321
f 2281 2282 2322
f 2282 2323 2322
f 2282 2283 2323
f 2283 2324 2323
f 2283 2284 2324
f 2284 2325 2324
f 2284 2285 2325
f 2285 2326 2325
f 2285 2286 2326
f 2286 2327 2326
f 2287 2288 2328
f 2288 2329 2328
f 2288 2289 2329
f 2289 2330 2329
f 2289 2290 2330
f 2290 2331 2330
f 2290 2291 2331
f 2291 2332 2331
f 2291 2292 2332
f 2292 2333 2332
f 2292 2293 2333
f 2293 2334 2333
f 2293 2294 2334
f 2294 2335 2334
f 2294 2295 2335
f 2295 2336 2335
f 2295 2296 2336
f 2296 2337 2336
f 2296 2297 2337
f 2297 2338 2337
f 2297 2298 2338
f 2298 2339 2338
f 2298 2299 2339
f 2299 2340 2339
f 2299 2300 2340
f 2300 2341 2340
f 2300 2301 2341
f 2301 2342 2341
f 2301 2302 2342
f 2302 2343 2342
f 2302 2303 2343
f 2303 2344 2343
f 2303 2304 2344
f 2304 2345 2344
f 2304 2305 2345
f 2305 2346 2345
f 2305 2306 2346
f 2306 2347 2346
f 2306 2307 2347
f 2307 2348 2347
f 2307 2308 2348
f 2308 2349 2348
f 2308 2309 2349
f 2309 2350 2349
f 2309 2310 2350
f 2310 2351 2350
f 2310 2311 2351
f 2311 2352 2351
f 2311 2312 2352
f 2312 2353 2352
f 2312 2313 2353
f 2313 2354 2353
f 2313 2314 2354
f 2314 2355 2354
f 2314 2315 2355
f 2315 2356 2355
f 2315 2316 2356
f 2316 2357 2356
f 2316 2317 2357
f 2317 2358 2357
f 2317 2318 2358
f 2318 2359 2358
f 2318 2319 2359
f 2319 2360 2359
f 2319 2320 2360
f 2320 2361 2360
f 2320 2321 2361
f 2321 2362 2361
f 2321 2322 2362
f 2322 2363 2362
f 2322 2323 2363
f 2323 2364 2363
f 2323 2324 2364
f 2324 2365 2364
f 2324 2325 2365
f 2325 2366 2365
f 2325 2326 2366
f 2326 2367 2366
f 2326 2327 2367
f 2327 2368 2367
f 2328 2329 2369
f 2329 2370 2369
f 2329 2330 2370
f 2330 2371 2370
f 2330 2331 2371
f 2331 2372 2371
f 2331 2332 2372
f 2332 2373 2372
f 2332 2333 2373
f 2333 2374 2373
f 2333 2334 2374
f 2334 2375 2374
f 2334 2335 2375
f 2335 2376 2375
f 2335 2336 2376
f 2336 2377 2376
f 2336 2337 2377
f 2337 2378 2377
f 2337 2338 2378
f 2338 2379 2378
f 2338 2339 2379
f 2339 2380 2379
f 2339 2340 2380
f 2340 2381 2380
f 2340 2341 2381
f 2341 2382 2381
f 2341 2342 2382
f 2342 2383 2382
f 2342 2343 2383
f 2343 2384 2383
f 2343 2344 2384
f 2344 2385 2384
f 2344 2345 2385
f 2345 2386 2385
f 2345 2346 2386
f 2346 2387 2386
f 2346 2347 2387
f 2347 2388 2387
f 2347 2348 2388
f 2348 2389 2388
f 2348 2349 2389
f 2349 2390 2389
f 2349 2350 2390
f 2350 2391 2390
f 2350 2351 2391
f 2351 2392 2391
f 2351 2352 2392
f 2352 2393 2392
f 2352 2353 2393
f 2353 2394 2393
f 2353 2354 2394
f 2354 2395 2394
f 2354 2355 2395
f 2355 2396 2395
f 2355 2356 2396
f 2356 2397 2396
f 2356 2357 2397
f 2357 2398 2397
f 2357 2358 2398
f 2358 2399 2398
f 2358 2359 2399
f 2359 2400 2399
f 2359 2360 2400
f 2360 2401 2400
f 2360 2361 2401
f 2361 2402 2401
f 2361 2362 2402
f 2362 2403 2402
f 2362 2363 2403
f 2363 2404 2403
f 2363 2364 2404
f 2364 2405 2404
f 2364 2365 2405
f 2365 2406 2405
f 2365 2366 2406
f 2366 2407 2406
f 2366 2367 2407
f 2367 2408 2407
f 2367 2368 2408
f 2368 2409 2408
f 2369 2370 2410
f 2370 2411 2410
f 2370 2371 2411
f 2371 2412 2411
f 2371 2372 2412
f 2372 2413 2412
f 2372 2373 2413
f 2373 2414 2413
f 2373 2374 2414
f 2374 2415 2414
f 2374 2375 2415
f 2375 2416 2415
f 2375 2376 2416
f 2376 2417 2416
f 2376 2377 2417
f 2377 2418 2417
f 2377 2378 2418
f 2378 2419 2418
f 2378 2379 2419
f 2379 2420 2419
f 2379 2380 2420
f 2380 2421 2420
f 2380 2381 2421
f 2381 2422 2421
f 2381 2382 2422
f 2382 2423 2422
f 2382 2383 2423
f 2383 2424 2423
f 2383 2384 2424
f 2384 2425 2424
f 2384 2385 2425
f 2385 2426 2425
f 2385 2386 2426
f 2386 2427 2426
f 2386 2387 2427
f 2387 2428 2427
f 2387 2388 2428
f 2388 2429 2428
f 2388 2389 2429
f 2389 2430 2429
f 2389 2390 2430
f 2390 2431 2430
f 2390 2391 2431
f 2391 2432 2431
f 2391 2392 2432
f 2392 2433 2432
f 2392 2393 2433
f 2393 2434 2433
f 2393 2394 2434
f 2394 2435 2434
f 2394 2395 2435
f 2395 2436 2435
f 2395 2396 2436
f 2396 2437 2436
f 2396 2397 2437
f 2397 2438 2437
f 2397 2398 2438
f 2398 2439 2438
f 2398 2399 2439
f 2399 2440 2439
f 2399 2400 2440
f 2400 2441 2440
f 2400 2401 2441
f 2401 2442 2441
f 2401 2402 2442
f 2402 2443 2442
f 2402 2403 2443
f 2403 2444 2443
f 2403 2404 2444
f 2404 2445 2444
f 2404 2405 2445
f 2405 2446 2445
f 2405 2406 2446
f 2406 2447 2446
f 2406 2407 2447
f 2407 2448 2447
f 2407 2408 2448
f 2408 2449 2448
f 2408 2409 2449
f 2409 2450 2449
f 2410 2411 2451
f 2411 2452 2451
f 2411 2412 2452
f 2412 2453 2452
f 2412 2413 2453
f 2413 2454 2453
f 2413 2414 2454
f 2414 2455 2454
f 2414 2415 2455
f 2415 2456 2455
f 2415 2416 2456
f 2416 2457 2456
f 2416 2417 2457
f 2417 2458 2457
f 2417 2418 2458
f 2418 2459 2458
f 2418 2419 2459
f 2419 2460 2459
f 2419 2420 2460
f 2420 2461 2460
f 2420 2421 2461
f 2421 2462 2461
f 2421 2422 2462
f 2422 2463 2462
f 2422 2423 2463
f 2423 2464 2463
f 2423 2424 2464
f 2424 2465 2464
f 2424 2425 2465
f 2425 2466 2465
f 2425 2426 2466
f 2426 2467 2466
f 2426 2427 2467
f 2427 2468 2467
f 2427 2428 2468
f 2428 2469 2468
f 2428 2429 2469
f 2429 2470 2469
f 2429 2430 2470
f 2430 2471 2470
f 2430 2431 2471
f 2431 2472 2471
f 2431 2432 2472
f 2432 2473 2472
f 2432 2433 2473
f 2433 2474 2473
f 2433 2434 2474
f 2434 2475 2474
f 2434 2435 2475
f 2435 2476 2475
f 2435 2436 2476
f 2436 2477 2476
f 2436 2437 2477
f 2437 2478 2477
f 2437 2438 2478
f 2438 2479 2478
f 2438 2439 2479
f 2439 2480 2479
f 2439 2440 2480
f 2440 2481 2480
f 2440 2441 2481
f 2441 2482 2481
f 2441 2442 2482
f 2442 2483 2482
f 2442 2443 2483
f 2443 2484 2483
f 2443 2444 2484
f 2444 2485 2484
f 2444 2445 2485
f 2445 2486 2485
f 2445 2446 2486
f 2446 2487 2486
f 2446 2447 2487
f 2447 2488 2487
f 2447 2448 2488
f 2448 2489 2488
f 2448 2449 2489
f 2449 2490 2489
f 2449 2450 2490
f 2450 2491 2490
f 2451 2452 2492
f 2452 2493 2492
f 2452 2453 2493
f 2453 2494 2493
f 2453 2454 2494
f 2454 2495 2494
f 2454 2455 2495
f 2455 2496 2495
f 2455 2456 2496
f 2456 2497 2496
f 2456 2457 2497
f 2457 2498 2497
f 2457 2458 2498
f 2458 2499 2498
f 2458 2459 2499
f 2459 2500 2499
f 2459 2460 2500
f 2460 2501 2500
f 2460 2461 2501
f 2461 2502 2501
f 2461 2462 2502
f 2462 2503 2502
f 2462 2463 2503
f 2463 2504 2503
f 2463 2464 2504
f 2464 2505 2504
f 2464 2465 2505
f 2465 2506 2505
f 2465 2466 2506
f 2466 2507 2506
f 2466 2467 2507
f 2467 2508 2507
f 2467 2468 2508
f 2468 2509 2508
f 2468 2469 2509
f 2469 2510 2509
f 2469 2470 2510
f 2470 2511 2510
f 2470 2471 2511
f 2471 2512 2511
f 2471 2472 2512
f 2472 2513 2512
f 2472 2473 2513
f 2473 2514 2513
f 2473 2474 2514
f 2474 2515 2514
f 2474 2475 2515
f 2475 2516 2515
f 2475 2476 2516
f 2476 2517 2516
f 2476 2477 2517
f 2477 2518 2517
f 2477 2478 2518
f 2478 2519 2518
f 2478 2479 2519
f 2479 2520 2519
f 2479 2480 2520
f 2480 2521 2520
f 2480 2481 2521
f 2481 2522 2521
f 2481 2482 2522
f 2482 2523 2522
f 2482 2483 2523
f 2483 2524 2523
f 2483 2484 2524
f 2484 2525 2524
f 2484 2485 2525
f 2485 2526 2525
f 2485 2486 2526
f 2486 2527 2526
f 2486 2487 2527
f 2487 2528 2527
f 2487 2488 2528
f 2488 2529 2528
f 2488 2489 2529
f 2489 2530 2529
f 2489 2490 2530
f 2490 2531 2530
f 2490 2491 2531
f 2491 2532 2531
f 2492 2493 2533
f 2493 2534 2533
f 2493 2494 2534
f 2494 2535 2534
f 2494 2495 2535
f 2495 2536 2535
f 2495 2496 2536
f 2496 2537 2536
f 2496 2497 2537
f 2497 2538 2537
f 2497 2498 2538
f 2498 2539 2538
f 2498 2499 2539
f 2499 2540 2539
f 2499 2500 2540
f 2500 2541 2540
f 2500 2501 2541
f 2501 2542 2541
f 2501 2502 2542
f 2502 2543 2542
f 2502 2503 2543
f 2503 2544 2543
f 2503 2504 2544
f 2504 2545 2544
f 2504 2505 2545
f 2505 2546 2545
f 2505 2506 2546
f 2506 2547 2546
f 2506 2507 2547
f 2507 2548 2547
f 2507 2508 2548
f 2508 2549 2548
f 2508 2509 2549
f 2509 2550 2549
f 2509 2510 2550
f 2510 2551 2550
f 2510 2511 2551
f 2511 2552 2551
f 2511 2512 2552
f 2512 2553 2552
f 2512 2513 2553
f 2513 2554 2553
f 2513 2514 2554
f 2514 2555 2554
f 2514 2515 2555
f 2515 2556 2555
f 2515 2516 2556
f 2516 2557 2556
f 2516 2517 2557
f 2517 2558 2557
f 2517 2518 2558
f 2518 2559 2558
f 2518 2519 2559
f 2519 2560 2559
f 2519 2520 2560
f 2520 2561 2560
f 2520 2521 2561
f 2521 2562 2561
f 2521 2522 2562
f 2522 2563 2562
f 2522 2523 2563
f 2523 2564 2563
f 2523 2524 2564
f 2524 2565 2564
f 2524 2525 2565
f 2525 2566 2565
f 2525 2526 2566
f 2526 2567 2566
f 2526 2527 2567
f 2527 2568 2567
f 2527 2528 2568
f 2528 2569 2568
f 2528 2529 2569
f 2529 2570 2569
f 2529 2530 2570
f 2530 2571 2570
f 2530 2531 2571
f 2531 2572 2571
f 2531 2532 2572
f 2532 2573 2572
f 2533 2534 2574
f 2534 2575 2574
f 2534 2535 2575
f 2535 2576 2575
f 2535 2536 2576
f 2536 2577 2576
f 2536 2537 2577
f 2537 2578 2577
f 2537 2538 2578
f 2538 2579 2578
f 2538 2539 2579
f 2539 2580 2579
f 2539 2540 2580
f 2540 2581 2580
f 2540 2541 2581
f 2541 2582 2581
f 2541 2542 2582
f 2542 2583 2582
f 2542 2543 2583
f 2543 2584 2583
f 2543 2544 2584
f 2544 2585 2584
f 2544 2545 2585
f 2545 2586 2585
f 2545 2546 2586
f 2546 2587 2586
f 2546 2547 2587
f 2547 2588 2587
f 2547 2548 2588
f 2548 2589 2588
f 2548 2549 2589
f 2549 2590 2589
f 2549 2550 2590
f 2550 2591 2590
f 2550 2551 2591
f 2551 2592 2591
f 2551 2552 2592
f 2552 2593 2592
f 2552 2553 2593
f 2553 2594 2593
f 2553 2554 2594
f 2554 2595 2594
f 2554 2555 2595
f 2555 2596 2595
f 2555 2556 2596
f 2556 2597 2596
f 2556 2557 2597
f 2557 2598 2597
f 2557 2558 2598
f 2558 2599 2598
f 2558 2559 2599
f 2559 2600 2599
f 2559 2560 2600
f 2560 2601 2600
f 2560 2561 2601
f 2561 2602 2601
f 2561 2562 2602
f 2562 2603 2602
f 2562 2563 2603
f 2563 2604 2603
f 2563 2564 2604
f 2564 2605 2604
f 2564 2565 2605
f 2565 2606 2605
f 2565 2566 2606
f 2566 2607 2606
f 2566 2567 2607
f 2567 2608 2607
f 2567 2568 2608
f 2568 2609 2608
f 2568 2569 2609
f 2569 2610 2609
f 2569 2570 2610
f 2570 2611 2610
f 2570 2571 2611
f 2571 2612 2611
f 2571 2572 2612
f 2572 2613 2612
f 2572 2573 2613
f 2573 2614 2613
f 2574 2575 2615
f 2575 2616 2615
f 2575 2576 2616
f 2576 2617 2616
f 2576 2577 2617
f 2577 2618 2617
f 2577 2578 2618
f 2578 2619 2618
f 2578 2579 2619
f 2579 2620 2619
f 2579 2580 2620
f 2580 2621 2620
f 2580 2581 2621
f 2581 2622 2621
f 2581 2582 2622
f 2582 2623 2622
f 2582 2583 2623
f 2583 2624 2623
f 2583 2584 2624
f 2584 2625 2624
f 2584 2585 2625
f 2585 2626 2625
f 2585 2586 2626
f 2586 2627 2626
f 2586 2587 2627
f 2587 2628 2627
f 2587 2588 2628
f 2588 2629 2628
f 2588 2589 2629
f 2589 2630 2629
f 2589 2590 2630
f 2590 2631 2630
f 2590 2591 2631
f 2591 2632 2631
f 2591 2592 2632
f 2592 2633 2632
f 2592 2593 2633
f 2593 2634 2633
f 2593 2594 2634
f 2594 2635 2634
f 2594 2595 2635
f 2595 2636 2635
f 2595 2596 2636
f 2596 2637 2636
f 2596 2597 2637
f 2597 2638 2637
f 2597 2598 2638
f 2598 2639 2638
f 2598 2599 2639
f 2599 2640 2639
f 2599 2600 2640
f 2600 2641 2640
f 2600 2601 2641
f 2601 2642 2641
f 2601 2602 2642
f 2602 2643 2642
f 2602 2603 2643
f 2603 2644 2643
f 2603 2604 2644
f 2604 2645 2644
f 2604 2605 2645
f 2605 2646 2645
f 2605 2606 2646
f 2606 2647 2646
f 2606 2607 2647
f 2607 2648 2647
f 2607 2608 2648
f 2608 2649 2648
f 2608 2609 2649
f 2609 2650 2649
f 2609 2610 2650
f 2610 2651 2650
f 2610 2611 2651
f 2611 2652 2651
f 2611 2612 2652
f 2612 2653 2652
f 2612 2613 2653
f 2613 2654 2653
f 2613 2614 2654
f 2614 2655 2654
f 2615 2616 2656
f 2616 2657 2656
f 2616 2617 2657
f 2617 2658 2657
f 2617 2618 2658
f 2618 2659 2658
f 2618 2619 2659
f 2619 2660 2659
f 2619 2620 2660
f 2620 2661 2660
f 2620 2621 2661
f 2621 2662 2661
f 2621 2622 2662
f 2622 2663 2662
f 2622 2623 2663
f 2623 2664 2663
f 2623 2624 2664
f 2624 2665 2664
f 2624 2625 2665
f 2625 2666 2665
f 2625 2626 2666
f 2626 2667 2666
f 2626 2627 2667
f 2627 2668 2667
f 2627 2628 2668
f 2628 2669 2668
f 2628 2629 2669
f 2629 2670 2669
f 2629 2630 2670
f 2630 2671 2670
f 2630 2631 2671
f 2631 2672 2671
f 2631 2632 2672
f 2632 2673 2672
f 2632 2633 2673
f 2633 2674 2673
f 2633 2634 2674
f 2634 2675 2674
f 2634 2635 2675
f 2635 2676 2675
f 2635 2636 2676
f 2636 2677 2676
f 2636 2637 2677
f 2637 2678 2677
f 2637 2638 2678
f 2638 2679 2678
f 2638 2639 2679
f 2639 2680 2679
f 2639 2640 2680
f 2640 2681 2680
f 2640 2641 2681
f 2641 2682 2681
f 2641 2642 2682
f 2642 2683 2682
f 2642 2643 2683
f 2643 2684 2683
f 2643 2644 2684
f 2644 2685 2684
f 2644 2645 2685
f 2645 2686 2685
f 2645 2646 2686
f 2646 2687 2686
f 2646 2647 2687
f 2647 2688 2687
f 2647 2648 2688
f 2648 2689 2688
f 2648 2649 2689
f 2649 2690 2689
f 2649 2650 2690
f 2650 2691 2690
f 2650 2651 2691
f 2651 2692 2691
f 2651 2652 2692
f 2652 2693 2692
f 2652 2653 2693
f 2653 2694 2693
f 2653 2654 2694
f 2654 2695 2694
f 2654 2655 2695
f 2655 2696 2695
f 2656 2657 2697
f 2657 2698 2697
f 2657 2658 2698
f 2658 2699 2698
f 2658 2659 2699
f 2659 2700 2699
f 2659 2660 2700
f 2660 2701 2700
f 2660 2661 2701
f 2661 2702 2701
f 2661 2662 2702
f 2662 2703 2702
f 2662 2663 2703
f 2663 2704 2703
f 2663 2664 2704
f 2664 2705 2704
f 2664 2665 2705
f 2665 2706 2705
f 2665 2666 2706
f 2666 2707 2706
f 2666 2667 2707
f 2667 2708 2707
f 2667 2668 2708
f 2668 2709 2708
f 2668 2669 2709
f 2669 2710 2709
f 2669 2670 2710
f 2670 2711 2710
f 2670 2671 2711
f 2671 2712 2711
f 2671 2672 2712
f 2672 2713 2712
f 2672 2673 2713
f 2673 2714 2713
f 2673 2674 2714
f 2674 2715 2714
f 2674 2675 2715
f 2675 2716 2715
f 2675 2676 2716
f 2676 2717 2716
f 2676 2677 2717
f 2677 2718 2717
f 2677 2678 2718
f 2678 2719 2718
f 2678 2679 2719
f 2679 2720 2719
f 2679 2680 2720
f 2680 2721 2720
f 2680 2681 2721
f 2681 2722 2721
f 2681 2682 2722
f 2682 2723 2722
f 2682 2683 2723
f 2683 2724 2723
f 2683 2684 2724
f 2684 2725 2724
f 2684 2685 2725
f 2685 2726 2725
f 2685 2686 2726
f 2686 2727 2726
f 2686 2687 2727
f 2687 2728 2727
f 2687 2688 2728
f 2688 2729 2728
f 2688 2689 2729
f 2689 2730 2729
f 2689 2690 2730
f 2690 2731 2730
f 2690 2691 2731
f 2691 2732 2731
f 2691 2692 2732
f 2692 2733 2732
f 2692 2693 2733
f 2693 2734 2733
f 2693 2694 2734
f 2694 2735 2734
f 2694 2695 2735
f 2695 2736 2735
f 2695 2696 2736
f 2696 2737 2736
f 2697 2698 2738
f 2698 2739 2738
f 2698 2699 2739
f 2699 2740 2739
f 2699 2700 2740
f 2700 2741 2740
f 2700 2701 2741
f 2701 2742 2741
f 2701 2702 2742
f 2702 2743 2742
f 2702 2703 2743
f 2703 2744 2743
f 2703 2704 2744
f 2704 2745 2744
f 2704 2705 2745
f 2705 2746 2745
f 2705 2706 2746
f 2706 2747 2746
f 2706 2707 2747
f 2707 2748 2747
f 2707 2708 2748
f 2708 2749 2748
f 2708 2709 2749
f 2709 2750 2749
f 2709 2710 2750
f 2710 2751 2750
f 2710 2711 2751
f 2711 2752 2751
f 2711 2712 2752
f 2712 2753 2752
f 2712 2713 2753
f 2713 2754 2753
f 2713 2714 2754
f 2714 2755 2754
f 2714 2715 2755
f 2715 2756 2755
f 2715 2716 2756
f 2716 2757 2756
f 2716 2717 2757
f 2717 2758 2757
f 2717 2718 2758
f 2718 2759 2758
f 2718 2719 2759
f 2719 2760 2759
f 2719 2720 2760
f 2720 2761 2760
f 2720 2721 2761
f 2721 2762 2761
f 2721 2722 2762
f 2722 2763 2762
f 2722 2723 2763
f 2723 2764 2763
f 2723 2724 2764
f 2724 2765 2764
f 2724 2725 2765
f 2725 2766 2765
f 2725 2726 2766
f 2726 2767 2766
f 2726 2727 2767
f 2727 2768 2767
f 2727 2728 2768
f 2728 2769 2768
f 2728 2729 2769
f 2729 2770 2769
f 2729 2730 2770
f 2730 2771 2770
f 2730 2731 2771
f 2731 2772 2771
f 2731 2732 2772
f 2732 2773 2772
f 2732 2733 2773
f 2733 2774 2773
f 2733 2734 2774
f 2734 2775 2774
f 2734 2735 2775
f 2735 2776 2775
f 2735 2736 2776
f 2736 2777 2776
f 2736 2737 2777
f 2737 2778 2777
f 2738 2739 2779
f 2739 2780 2779
f 2739 2740 2780
f 2740 2781 2780
f 2740 2741 2781
f 2741 2782 2781
f 2741 2742 2782
f 2742 2783 2782
f 2742 2743 2783
f 2743 2784 2783
f 2743 2744 2784
f 2744 2785 2784
f 2744 2745 2785
f 2745 2786 2785
f 2745 2746 2786
f 2746 2787 2786
f 2746 2747 2787
f 2747 2788 2787
f 2747 2748 2788
f 2748 2789 2788
f 2748 2749 2789
f 2749 2790 2789
f 2749 2750 2790
f 2750 2791 2790
f 2750 2751 2791
f 2751 2792 2791
f 2751 2752 2792
f 2752 2793 2792
f 2752 2753 2793
f 2753 2794 2793
f 2753 2754 2794
f 2754 2795 2794
f 2754 2755 2795
f 2755 2796 2795
f 2755 2756 2796
f 2756 2797 2796
f 2756 2757 2797
f 2757 2798 2797
f 2757 2758 2798
f 2758 2799 2798
f 2758 2759 2799
f 2759 2800 2799
f 2759 2760 2800
f 2760 2801 2800
f 2760 2761 2801
f 2761 2802 2801
f 2761 2762 2802
f 2762 2803 2802
f 2762 2763 2803
f 2763 2804 2803
f 2763 2764 2804
f 2764 2805 2804
f 2764 2765 2805
f 2765 2806 2805
f 2765 2766 2806
f 2766 2807 2806
f 2766 2767 2807
f 2767 2808 2807
f 2767 2768 2808
f 2768 2809 2808
f 2768 2769 2809
f 2769 2810 2809
f 2769 2770 2810
f 2770 2811 2810
f 2770 2771 2811
f 2771 2812 2811
f 2771 2772 2812
f 2772 2813 2812
f 2772 2773 2813
f 2773 2814 2813
f 2773 2774 2814
f 2774 2815 2814
f 2774 2775 2815
f 2775 2816 2815
f 2775 2776 2816
f 2776 2817 2816
f 2776 2777 2817
f 2777 2818 2817
f 2777 2778 2818
f 2778 2819 2818
f 2779 2780 2820
f 2780 2821 2820
f 2780 2781 2821
f 2781 2822 2821
f 2781 2782 2822
f 2782 2823 2822
f 2782 2783 2823
f 2783 2824 2823
f 2783 2784 2824
f 2784 2825 2824
f 2784 2785 2825
f 2785 2826 2825
f 2785 2786 2826
f 2786 2827 2826
f 2786 2787 2827
f 2787 2828 2827
f 2787 2788 2828
f 2788 2829 2828
f 2788 2789 2829
f 2789 2830 2829
f 2789 2790 2830
f 2790 2831 2830
f 2790 2791 2831
f 2791 2832 2831
f 2791 2792 2832
f 2792 2833 2832
f 2792 2793 2833
f 2793 2834 2833
f 2793 2794 2834
f 2794 2835 2834
f 2794 2795 2835
f 2795 2836 2835
f 2795 2796 2836
f 2796 2837 2836
f 2796 2797 2837
f 2797 2838 2837
f 2797 2798 2838
f 2798 2839 2838
f 2798 2799 2839
f 2799 2840 2839
f 2799 2800 2840
f 2800 2841 2840
f 2800 2801 2841
f 2801 2842 2841
f 2801 2802 2842
f 2802 2843 2842
f 2802 2803 2843
f 2803 2844 2843
f 2803 2804 2844
f 2804 2845 2844
f 2804 2805 2845
f 2805 2846 2845
f 2805 2806 2846
f 2806 2847 2846
f 2806 2807 2847
f 2807 2848 2847
f 2807 2808 2848
f 2808 2849 2848
f 2808 2809 2849
f 2809 2850 2849
f 2809 2810 2850
f 2810 2851 2850
f 2810 2811 2851
f 2811 2852 2851
f 2811 2812 2852
f 2812 2853 2852
f 2812 2813 2853
f 2813 2854 2853
f 2813 2814 2854
f 2814 2855 2854
f 2814 2815 2855
f 2815 2856 2855
f 2815 2816 2856
f 2816 2857 2856
f 2816 2817 2857
f 2817 2858 2857
f 2817 2818 2858
f 2818 2859 2858
f 2818 2819 2859
f 2819 2860 2859
f 2820 2821 2861
f 2821 2862 2861
f 2821 2822 2862
f 2822 2863 2862
f 2822 2823 2863
f 2823 2864 2863
f 2823 2824 2864
f 2824 2865 2864
f 2824 2825 2865
f 2825 2866 2865
f 2825 2826 2866
f 2826 2867 2866
f 2826 2827 2867
f 2827 2868 2867
f 2827 2828 2868
f 2828 2869 2868
f 2828 2829 2869
f 2829 2870 2869
f 2829 2830 2870
f 2830 2871 2870
f 2830 2831 2871
f 2831 2872 2871
f 2831 2832 2872
f 2832 2873 2872
f 2832 2833 2873
f 2833 2874 2873
f 2833 2834 2874
f 2834 2875 2874
f 2834 2835 2875
f 2835 2876 2875
f 2835 2836 2876
f 2836 2877 2876
f 2836 2837 2877
f 2837 2878 2877
f 2837 2838 2878
f 2838 2879 2878
f 2838 2839 2879
f 2839 2880 2879
f 2839 2840 2880
f 2840 2881 2880
f 2840 2841 2881
f 2841 2882 2881
f 2841 2842 2882
f 2842 2883 2882
f 2842 2843 2883
f 2843 2884 2883
f 2843 2844 2884
f 2844 2885 2884
f 2844 2845 2885
f 2845 2886 2885
f 2845 2846 2886
f 2846 2887 2886
f 2846 2847 2887
f 2847 2888 2887
f 2847 2848 2888
f 2848 2889 2888
f 2848 2849 2889
f 2849 2890 2889
f 2849 2850 2890
f 2850 2891 2890
f 2850 2851 2891
f 2851 2892 2891
f 2851 2852 2892
f 2852 2893 2892
f 2852 2853 2893
f 2853 2894 2893
f 2853 2854 2894
f 2854 2895 2894
f 2854 2855 2895
f 2855 2896 2895
f 2855 2856 2896
f 2856 2897 2896
f 2856 2857 2897
f 2857 2898 2897
f 2857 2858 2898
f 2858 2899 2898
f 2858 2859 2899
f 2859 2900 2899
f 2859 2860 2900
f 2860 2901 2900
f 2861 2862 2902
f 2862 2903 2902
f 2862 2863 2903
f 2863 2904 2903
f 2863 2864 2904
f 2864 2905 2904
f 2864 2865 2905
f 2865 2906 2905
f 2865 2866 2906
f 2866 2907 2906
f 2866 2867 2907
f 2867 2908 2907
f 2867 2868 2908
f 2868 2909 2908
f 2868 2869 2909
f 2869 2910 2909
f 2869 2870 2910
f 2870 2911 2910
f 2870 2871 2911
f 2871 2912 2911
f 2871 2872 2912
f 2872 2913 2912
f 2872 2873 2913
f 2873 2914 2913
f 2873 2874 2914
f 2874 2915 2914
f 2874 2875 2915
f 2875 2916 2915
f 2875 2876 2916
f 2876 2917 2916
f 2876 2877 2917
f 2877 2918 2917
f 2877 2878 2918
f 2878 2919 2918
f 2878 2879 2919
f 2879 2920 2919
f 2879 2880 2920
f 2880 2921 2920
f 2880 2881 2921
f 2881 2922 2921
f 2881 2882 2922
f 2882 2923 2922
f 2882 2883 2923
f 2883 2924 2923
f 2883 2884 2924
f 2884 2925 2924
f 2884 2885 2925
f 2885 2926 2925
f 2885 2886 2926
f 2886 2927 2926
f 2886 2887 2927
f 2887 2928 2927
f 2887 2888 2928
f 2888 2929 2928
f 2888 2889 2929
f 2889 2930 2929
f 2889 2890 2930
f 2890 2931 2930
f 2890 2891 2931
f 2891 2932 2931
f 2891 2892 2932
f 2892 2933 2932
f 2892 2893 2933
f 2893 2934 2933
f 2893 2894 2934
f 2894 2935 2934
f 2894 2895 2935
f 2895 2936 2935
f 2895 2896 2936
f 2896 2937 2936
f 2896 2897 2937
f 2897 2938 2937
f 2897 2898 2938
f 2898 2939 2938
f 2898 2899 2939
f 2899 2940 2939
f 2899 2900 2940
f 2900 2941 2940
f 2900 2901 2941
f 2901 2942 2941
f 2902 2903 2943
f 2903 2944 2943
f 2903 2904 2944
f 2904 2945 2944
f 2904 2905 2945
f 2905 2946 2945
f 2905 2906 2946
f 2906 2947 2946
f 2906 2907 2947
f 2907 2948 2947
f 2907 2908 2948
f 2908 2949 2948
f 2908 2909 2949
f 2909 2950 2949
f 2909 2910 2950
f 2910 2951 2950
f 2910 2911 2951
f 2911 2952 2951
f 2911 2912 2952
f 2912 2953 2952
f 2912 2913 2953
f 2913 2954 2953
f 2913 2914 2954
f 2914 2955 2954
f 2914 2915 2955
f 2915 2956 2955
f 2915 2916 2956
f 2916 2957 2956
f 2916 2917 2957
f 2917 2958 2957
f 2917 2918 2958
f 2918 2959 2958
f 2918 2919 2959
f 2919 2960 2959
f 2919 2920 2960
f 2920 2961 2960
f 2920 2921 2961
f 2921 2962 2961
f 2921 2922 2962
f 2922 2963 2962
f 2922 2923 2963
f 2923 2964 2963
f 2923 2924 2964
f 2924 2965 2964
f 2924 2925 2965
f 2925 2966 2965
f 2925 2926 2966
f 2926 2967 2966
f 2926 2927 2967
f 2927 2968 2967
f 2927 2928 2968
f 2928 2969 2968
f 2928 2929 2969
f 2929 2970 2969
f 2929 2930 2970
f 2930 2971 2970
f 2930 2931 2971
f 2931 2972 2971
f 2931 2932 2972
f 2932 2973 2972
f 2932 2933 2973
f 2933 2974 2973
f 2933 2934 2974
f 2934 2975 2974
f 2934 2935 2975
f 2935 2976 2975
f 2935 2936 2976
f 2936 2977 2976
f 2936 2937 2977
f 2937 2978 2977
f 2937 2938 2978
f 2938 2979 2978
f 2938 2939 2979
f 2939 2980 2979
f 2939 2940 2980
f 2940 2981 2980
f 2940 2941 2981
f 2941 2982 2981
f 2941 2942 2982
f 2942 2983 2982
f 2943 2944 2984
f 2944 2985 2984
f 2944 2945 2985
f 2945 2986 2985
f 2945 2946 2986
f 2946 2987 2986
f 2946 2947 2987
f 2947 2988 2987
f 2947 2948 2988
f 2948 2989 2988
f 2948 2949 2989
f 2949 2990 2989
f 2949 2950 2990
f 2950 2991 2990
f 2950 2951 2991
f 2951 2992 2991
f 2951 2952 2992
f 2952 2993 2992
f 2952 2953 2993
f 2953 2994 2993
f 2953 2954 2994
f 2954 2995 2994
f 2954 2955 2995
f 2955 2996 2995
f 2955 2956 2996
f 2956 2997 2996
f 2956 2957 2997
f 2957 2998 2997
f 2957 2958 2998
f 2958 2999 2998
f 2958 2959 2999
f 2959 3000 2999
f 2959 2960 3000
f 2960 3001 3000
f 2960 2961 3001
f 2961 3002 3001
f 2961 2962 3002
f 2962 3003 3002
f 2962 2963 3003
f 2963 3004 3003
f 2963 2964 3004
f 2964 3005 3004
f 2964 2965 3005
f 2965 3006 3005
f 2965 2966 3006
f 2966 3007 3006
f 2966 2967 3007
f 2967 3008 3007
f 2967 2968 3008
f 2968 3009 3008
f 2968 2969 3009
f 2969 3010 3009
f 2969 2970 3010
f 2970 3011 3010
f 2970 2971 3011
f 2971 3012 3011
f 2971 2972 3012
f 2972 3013 3012
f 2972 2973 3013
f 2973 3014 3013
f 2973 2974 3014
f 2974 3015 3014
f 2974 2975 3015
f 2975 3016 3015
f 2975 2976 3016
f 2976 3017 3016
f 2976 2977 3017
f 2977 3018 3017
f 2977 2978 3018
f 2978 3019 3018
f 2978 2979 3019
f 2979 3020 3019
f 2979 2980 3020
f 2980 3021 3020
f 2980 2981 3021
f 2981 3022 3021
f 2981 2982 3022
f 2982 3023 3022
f 2982 2983 3023
f 2983 3024 3023
f 3025 3026 3066
f 3026 3067 3066
f 3026 3027 3067
f 3027 3068 3067
f 3027 3028 3068
f 3028 3069 3068
f 3028 3029 3069
f 3029 3070 3069
f 3029 3030 3070
f 3030 3071 3070
f 3030 3031 3071
f 3031 3072 3071
f 3031 3032 3072
f 3032 3073 3072
f 3032 3033 3073
f 3033 3074 3073
f 3033 3034 3074
f 3034 3075 3074
f 3034 3035 3075
f 3035 3076 3075
f 3035 3036 3076
f 3036 3077 3076
f 3036 3037 3077
f 3037 3078 3077
f 3037 3038 3078
f 3038 3079 3078
f 3038 3039 3079
f 3039 3080 3079
f 3039 3040 3080
f 3040 3081 3080
f 3040 3041 3081
f 3041 3082 3081
f 3041 3042 3082
f 3042 3083 3082
f 3042 3043 3083
f 3043 3084 3083
f 3043 3044 3084
f 3044 3085 3084
f 3044 3045 3085
f 3045 3086 3085
f 3045 3046 3086
f 3046 3087 3086
f 3046 3047 3087
f 3047 3088 3087
f 3047 3048 3088
f 3048 3089 3088
f 3048 3049 3089
f 3049 3090 3089
f 3049 3050 3090
f 3050 3091 3090
f 3050 3051 3091
f 3051 3092 3091
f 3051 3052 3092
f 3052 3093 3092
f 3052 3053 3093
f 3053 3094 3093
f 3053 3054 3094
f 3054 3095 3094
f 3054 3055 3095
f 3055 3096 3095
f 3055 3056 3096
f 3056 3097 3096
f 3056 3057 3097
f 3057 3098 3097
f 3057 3058 3098
f 3058 3099 3098
f 3058 3059 3099
f 3059 3100 3099
f 3059 3060 3100
f 3060 3101 3100
f 3060 3061 3101
f 3061 3102 3101
f 3061 3062 3102
f 3062 3103 3102
f 3062 3063 3103
f 3063 3104 3103
f 3063 3064 3104
f 3064 3105 3104
f 3064 3065 3105
f 3065 3106 3105
f 3066 3067 3107
f 3067 3108 3107
f 3067 3068 3108
f 3068 3109 3108
f 3068 3069 3109
f 3069 3110 3109
f 3069 3070 3110
f 3070 3111 3110
f 3070 3071 3111
f 3071 3112 3111
f 3071 3072 3112
f 3072 3113 3112
f 3072 3073 3113
f 3073 3114 3113
f 3073 3074 3114
f 3074 3115 3114
f 3074 3075 3115
f 3075 3116 3115
f 3075 3076 3116
f 3076 3117 3116
f 3076 3077 3117
f 3077 3118 3117
f 3077 3078 3118
f 3078 3119 3118
f 3078 3079 3119
f 3079 3120 3119
f 3079 3080 3120
f 3080 3121 3120
f 3080 3081 3121
f 3081 3122 3121
f 3081 3082 3122
f 3082 3123 3122
f 3082 3083 3123
f 3083 3124 3123
f 3083 3084 3124
f 3084 3125 3124
f 3084 3085 3125
f 3085 3126 3125
f 3085 3086 3126
f 3086 3127 3126
f 3086 3087 3127
f 3087 3128 3127
f 3087 3088 3128
f 3088 3129 3128
f 3088 3089 3129
f 3089 3130 3129
f 3089 3090 3130
f 3090 3131 3130
f 3090 3091 3131
f 3091 3132 3131
f 3091 3092 3132
f 3092 3133 3132
f 3092 3093 3133
f 3093 3134 3133
f 3093 3094 3134
f 3094 3135 3134
f 3094 3095 3135
f 3095 3136 3135
f 3095 3096 3136
f 3096 3137 3136
f 3096 3097 3137
f 3097 3138 3137
f 3097 3098 3138
f 3098 3139 3138
f 3098 3099 3139
f 3099 3140 3139
f 3099 3100 3140
f 3100 3141 3140
f 3100 3101 3141
f 3101 3142 3141
f 3101 3102 3142
f 3102 3143 3142
f 3102 3103 3143
f 3103 3144 3143
f 3103 3104 3144
f 3104 3145 3144
f 3104 3105 3145
f 3105 3146 3145
f 3105 3106 3146
f 3106 3147 3146
f 3107 3108 3148
f 3108 3149 3148
f 3108 3109 3149
f 3109 3150 3149
f 3109 3110 3150
f 3110 3151 3150
f 3110 3111 3151
f 3111 3152 3151
f 3111 3112 3152
f 3112 3153 3152
f 3112 3113 3153
f 3113 3154 3153
f 3113 3114 3154
f 3114 3155 3154
f 3114 3115 3155
f 3115 3156 3155
f 3115 3116 3156
f 3116 3157 3156
f 3116 3117 3157
f 3117 3158 3157
f 3117 3118 3158
f 3118 3159 3158
f 3118 3119 3159
f 3119 3160 3159
f 3119 3120 3160
f 3120 3161 3160
f 3120 3121 3161
f 3121 3162 3161
f 3121 3122 3162
f 3122 3163 3162
f 3122 3123 3163
f 3123 3164 3163
f 3123 3124 3164
f 3124 3165 3164
f 3124 3125 3165
f 3125 3166 3165
f 3125 3126 3166
f 3126 3167 3166
f 3126 3127 3167
f 3127 3168 3167
f 3127 3128 3168
f 3128 3169 3168
f 3128 3129 3169
f 3129 3170 3169
f 3129 3130 3170
f 3130 3171 3170
f 3130 3131 3171
f 3131 3172 3171
f 3131 3132 3172
f 3132 3173 3172
f 3132 3133 3173
f 3133 3174 3173
f 3133 3134 3174
f 3134 3175 3174
f 3134 3135 3175
f 3135 3176 3175
f 3135 3136 3176
f 3136 3177 3176
f 3136 3137 3177
f 3137 3178 3177
f 3137 3138 3178
f 3138 3179 3178
f 3138 3139 3179
f 3139 3180 3179
f 3139 3140 3180
f 3140 3181 3180
f 3140 3141 3181
f 3141 3182 3181
f 3141 3142 3182
f 3142 3183 3182
f 3142 3143 3183
f 3143 3184 3183
f 3143 3144 3184
f 3144 3185 3184
f 3144 3145 3185
f 3145 3186 3185
f 3145 3146 3186
f 3146 3187 3186
f 3146 3147 3187
f 3147 3188 3187
f 3148 3149 3189
f 3149 3190 3189
f 3149 3150 3190
f 3150 3191 3190
f 3150 3151 3191
f 3151 3192 3191
f 3151 3152 3192
f 3152 3193 3192
f 3152 3153 3193
f 3153 3194 3193
f 3153 3154 3194
f 3154 3195 3194
f 3154 3155 3195
f 3155 3196 3195
f 3155 3156 3196
f 3156 3197 3196
f 3156 3157 3197
f 3157 3198 3197
f 3157 3158 3198
f 3158 3199 3198
f 3158 3159 3199
f 3159 3200 3199
f 3159 3160 3200
f 3160 3201 3200
f 3160 3161 3201
f 3161 3202 3201
f 3161 3162 3202
f 3162 3203 3202
f 3162 3163 3203
f 3163 3204 3203
f 3163 3164 3204
f 3164 3205 3204
f 3164 3165 3205
f 3165 3206 3205
f 3165 3166 3206
f 3166 3207 3206
f 3166 3167 3207
f 3167 3208 3207
f 3167 3168 3208
f 3168 3209 3208
f 3168 3169 3209
f 3169 3210 3209
f 3169 3170 3210
f 3170 3211 3210
f 3170 3171 3211
f 3171 3212 3211
f 3171 3172 3212
f 3172 3213 3212
f 3172 3173 3213
f 3173 3214 3213
f 3173 3174 3214
f 3174 3215 3214
f 3174 3175 3215
f 3175 3216 3215
f 3175 3176 3216
f 3176 3217 3216
f 3176 3177 3217
f 3177 3218 3217
f 3177 3178 3218
f 3178 3219 3218
f 3178 3179 3219
f 3179 3220 3219
f 3179 3180 3220
f 3180 3221 3220
f 3180 3181 3221
f 3181 3222 3221
f 3181 3182 3222
f 3182 3223 3222
f 3182 3183 3223
f 3183 3224 3223
f 3183 3184 3224
f 3184 3225 3224
f 3184 3185 3225
f 3185 3226 3225
f 3185 3186 3226
f 3186 3227 3226
f 3186 3187 3227
f 3187 3228 3227
f 3187 3188 3228
f 3188 3229 3228
f 3189 3190 3230
f 3190 3231 3230
f 3190 3191 3231
f 3191 3232 3231
f 3191 3192 3232
f 3192 3233 3232
f 3192 3193 3233
f 3193 3234 3233
f 3193 3194 3234
f 3194 3235 3234
f 3194 3195 3235
f 3195 3236 3235
f 3195 3196 3236
f 3196 3237 3236
f 3196 3197 3237
f 3197 3238 3237
f 3197 3198 3238
f 3198 3239 3238
f 3198 3199 3239
f 3199 3240 3239
f 3199 3200 3240
f 3200 3241 3240
f 3200 3201 3241
f 3201 3242 3241
f 3201 3202 3242
f 3202 3243 3242
f 3202 3203 3243
f 3203 3244 3243
f 3203 3204 3244
f 3204 3245 3244
f 3204 3205 3245
f 3205 3246 3245
f 3205 3206 3246
f 3206 3247 3246
f 3206 3207 3247
f 3207 3248 3247
f 3207 3208 3248
f 3208 3249 3248
f 3208 3209 3249
f 3209 3250 3249
f 3209 3210 3250
f 3210 3251 3250
f 3210 3211 3251
f 3211 3252 3251
f 3211 3212 3252
f 3212 3253 3252
f 3212 3213 3253
f 3213 3254 3253
f 3213 3214 3254
f 3214 3255 3254
f 3214 3215 3255
f 3215 3256 3255
f 3215 3216 3256
f 3216 3257 3256
f 3216 3217 3257
f 3217 3258 3257
f 3217 3218 3258
f 3218 3259 3258
f 3218 3219 3259
f 3219 3260 3259
f 3219 3220 3260
f 3220 3261 3260
f 3220 3221 3261
f 3221 3262 3261
f 3221 3222 3262
f 3222 3263 3262
f 3222 3223 3263
f 3223 3264 3263
f 3223 3224 3264
f 3224 3265 3264
f 3224 3225 3265
f 3225 3266 3265
f 3225 3226 3266
f 3226 3267 3266
f 3226 3227 3267
f 3227 3268 3267
f 3227 3228 3268
f 3228 3269 3268
f 3228 3229 3269
f 3229 3270 3269
f 3230 3231 3271
f 3231 3272 3271
f 3231 3232 3272
f 3232 3273 3272
f 3232 3233 3273
f 3233 3274 3273
f 3233 3234 3274
f 3234 3275 3274
f 3234 3235 3275
f 3235 3276 3275
f 3235 3236 3276
f 3236 3277 3276
f 3236 3237 3277
f 3237 3278 3277
f 3237 3238 3278
f 3238 3279 3278
f 3238 3239 3279
f 3239 3280 3279
f 3239 3240 3280
f 3240 3281 3280
f 3240 3241 3281
f 3241 3282 3281
f 3241 3242 3282
f 3242 3283 3282
f 3242 3243 3283
f 3243 3284 3283
f 3243 3244 3284
f 3244 3285 3284
f 3244 3245 3285
f 3245 3286 3285
f 3245 3246 3286
f 3246 3287 3286
f 3246 3247 3287
f 3247 3288 3287
f 3247 3248 3288
f 3248 3289 3288
f 3248 3249 3289
f 3249 3290 3289
f 3249 3250 3290
f 3250 3291 3290
f 3250 3251 3291
f 3251 3292 3291
f 3251 3252 3292
f 3252 3293 3292
f 3252 3253 3293
f 3253 3294 3293
f 3253 3254 3294
f 3254 3295 3294
f 3254 3255 3295
f 3255 3296 3295
f 3255 3256 3296
f 3256 3297 3296
f 3256 3257 3297
f 3257 3298 3297
f 3257 3258 3298
f 3258 3299 3298
f 3258 3259 3299
f 3259 3300 3299
f 3259 3260 3300
f 3260 3301 3300
f 3260 3261 3301
f 3261 3302 3301
f 3261 3262 3302
f 3262 3303 3302
f 3262 3263 3303
f 3263 3304 3303
f 3263 3264 3304
f 3264 3305 3304
f 3264 3265 3305
f 3265 3306 3305
f 3265 3266 3306
f 3266 3307 3306
f 3266 3267 3307
f 3267 3308 3307
f 3267 3268 3308
f 3268 3309 3308
f 3268 3269 3309
f 3269 3310 3309
f 3269 3270 3310
f 3270 3311 3310
f 3271 3272 3312
f 3272 3313 3312
f 3272 3273 3313
f 3273 3314 3313
f 3273 3274 3314
f 3274 3315 3314
f 3274 3275 3315
f 3275 3316 3315
f 3275 3276 3316
f 3276 3317 3316
f 3276 3277 3317
f 3277 3318 3317
f 3277 3278 3318
f 3278 3319 3318
f 3278 3279 3319
f 3279 3320 3319
f 3279 3280 3320
f 3280 3321 3320
f 3280 3281 3321
f 3281 3322 3321
f 3281 3282 3322
f 3282 3323 3322
f 3282 3283 3323
f 3283 3324 3323
f 3283 3284 3324
f 3284 3325 3324
f 3284 3285 3325
f 3285 3326 3325
f 3285 3286 3326
f 3286 3327 3326
f 3286 3287 3327
f 3287 3328 3327
f 3287 3288 3328
f 3288 3329 3328
f 3288 3289 3329
f 3289 3330 3329
f 3289 3290 3330
f 3290 3331 3330
f 3290 3291 3331
f 3291 3332 3331
f 3291 3292 3332
f 3292 3333 3332
f 3292 3293 3333
f 3293 3334 3333
f 3293 3294 3334
f 3294 3335 3334
f 3294 3295 3335
f 3295 3336 3335
f 3295 3296 3336
f 3296 3337 3336
f 3296 3297 3337
f 3297 3338 3337
f 3297 3298 3338
f 3298 3339 3338
f 3298 3299 3339
f 3299 3340 3339
f 3299 3300 3340
f 3300 3341 3340
f 3300 3301 3341
f 3301 3342 3341
f 3301 3302 3342
f 3302 3343 3342
f 3302 3303 3343
f 3303 3344 3343
f 3303 3304 3344
f 3304 3345 3344
f 3304 3305 3345
f 3305 3346 3345
f 3305 3306 3346
f 3306 3347 3346
f 3306 3307 3347
f 3307 3348 3347
f 3307 3308 3348
f 3308 3349 3348
f 3308 3309 3349
f 3309 3350 3349
f 3309 3310 3350
f 3310 3351 3350
f 3310 3311 3351
f 3311 3352 3351
f 3312 3313 3353
f 3313 3354 3353
f 3313 3314 3354
f 3314 3355 3354
f 3314 3315 3355
f 3315 3356 3355
f 3315 3316 3356
f 3316 3357 3356
f 3316 3317 3357
f 3317 3358 3357
f 3317 3318 3358
f 3318 3359 3358
f 3318 3319 3359
f 3319 3360 3359
f 3319 3320 3360
f 3320 3361 3360
f 3320 3321 3361
f 3321 3362 3361
f 3321 3322 3362
f 3322 3363 3362
f 3322 3323 3363
f 3323 3364 3363
f 3323 3324 3364
f 3324 3365 3364
f 3324 3325 3365
f 3325 3366 3365
f 3325 3326 3366
f 3326 3367 3366
f 3326 3327 3367
f 3327 3368 3367
f 3327 3328 3368
f 3328 3369 3368
f 3328 3329 3369
f 3329 3370 3369
f 3329 3330 3370
f 3330 3371 3370
f 3330 3331 3371
f 3331 3372 3371
f 3331 3332 3372
f 3332 3373 3372
f 3332 3333 3373
f 3333 3374 3373
f 3333 3334 3374
f 3334 3375 3374
f 3334 3335 3375
f 3335 3376 3375
f 3335 3336 3376
f 3336 3377 3376
f 3336 3337 3377
f 3337 3378 3377
f 3337 3338 3378
f 3338 3379 3378
f 3338 3339 3379
f 3339 3380 3379
f 3339 3340 3380
f 3340 3381 3380
f 3340 3341 3381
f 3341 3382 3381
f 3341 3342 3382
f 3342 3383 3382
f 3342 3343 3383
f 3343 3384 3383
f 3343 3344 3384
f 3344 3385 3384
f 3344 3345 3385
f 3345 3386 3385
f 3345 3346 3386
f 3346 3387 3386
f 3346 3347 3387
f 3347 3388 3387
f 3347 3348 3388
f 3348 3389 3388
f 3348 3349 3389
f 3349 3390 3389
f 3349 3350 3390
f 3350 3391 3390
f 3350 3351 3391
f 3351 3392 3391
f 3351 3352 3392
f 3352 3393 3392
f 3353 3354 3394
f 3354 3395 3394
f 3354 3355 3395
f 3355 3396 3395
f 3355 3356 3396
f 3356 3397 3396
f 3356 3357 3397
f 3357 3398 3397
f 3357 3358 3398
f 3358 3399 3398
f 3358 3359 3399
f 3359 3400 3399
f 3359 3360 3400
f 3360 3401 3400
f 3360 3361 3401
f 3361 3402 3401
f 3361 3362 3402
f 3362 3403 3402
f 3362 3363 3403
f 3363 3404 3403
f 3363 3364 3404
f 3364 3405 3404
f 3364 3365 3405
f 3365 3406 3405
f 3365 3366 3406
f 3366 3407 3406
f 3366 3367 3407
f 3367 3408 3407
f 3367 3368 3408
f 3368 3409 3408
f 3368 3369 3409
f 3369 3410 3409
f 3369 3370 3410
f 3370 3411 3410
f 3370 3371 3411
f 3371 3412 3411
f 3371 3372 3412
f 3372 3413 3412
f 3372 3373 3413
f 3373 3414 3413
f 3373 3374 3414
f 3374 3415 3414
f 3374 3375 3415
f 3375 3416 3415
f 3375 3376 3416
f 3376 3417 3416
f 3376 3377 3417
f 3377 3418 3417
f 3377 3378 3418
f 3378 3419 3418
f 3378 3379 3419
f 3379 3420 3419
f 3379 3380 3420
f 3380 3421 3420
f 3380 3381 3421
f 3381 3422 3421
f 3381 3382 3422
f 3382 3423 3422
f 3382 3383 3423
f 3383 3424 3423
f 3383 3384 3424
f 3384 3425 3424
f 3384 3385 3425
f 3385 3426 3425
f 3385 3386 3426
f 3386 3427 3426
f 3386 3387 3427
f 3387 3428 3427
f 3387 3388 3428
f 3388 3429 3428
f 3388 3389 3429
f 3389 3430 3429
f 3389 3390 3430
f 3390 3431 3430
f 3390 3391 3431
f 3391 3432 3431
f 3391 3392 3432
f 3392 3433 3432
f 3392 3393 3433
f 3393 3434 3433
f 3394 3395 3435
f 3395 3436 3435
f 3395 3396 3436
f 3396 3437 3436
f 3396 3397 3437
f 3397 3438 3437
f 3397 3398 3438
f 3398 3439 3438
f 3398 3399 3439
f 3399 3440 3439
f 3399 3400 3440
f 3400 3441 3440
f 3400 3401 3441
f 3401 3442 3441
f 3401 3402 3442
f 3402 3443 3442
f 3402 3403 3443
f 3403 3444 3443
f 3403 3404 3444
f 3404 3445 3444
f 3404 3405 3445
f 3405 3446 3445
f 3405 3406 3446
f 3406 3447 3446
f 3406 3407 3447
f 3407 3448 3447
f 3407 3408 3448
f 3408 3449 3448
f 3408 3409 3449
f 3409 3450 3449
f 3409 3410 3450
f 3410 3451 3450
f 3410 3411 3451
f 3411 3452 3451
f 3411 3412 3452
f 3412 3453 3452
f 3412 3413 3453
f 3413 3454 3453
f 3413 3414 3454
f 3414 3455 3454
f 3414 3415 3455
f 3415 3456 3455
f 3415 3416 3456
f 3416 3457 3456
f 3416 3417 3457
f 3417 3458 3457
f 3417 3418 3458
f 3418 3459 3458
f 3418 3419 3459
f 3419 3460 3459
f 3419 3420 3460
f 3420 3461 3460
f 3420 3421 3461
f 3421 3462 3461
f 3421 3422 3462
f 3422 3463 3462
f 3422 3423 3463
f 3423 3464 3463
f 3423 3424 3464
f 3424 3465 3464
f 3424 3425 3465
f 3425 3466 3465
f 3425 3426 3466
f 3426 3467 3466
f 3426 3427 3467
f 3427 3468 3467
f 3427 3428 3468
f 3428 3469 3468
f 3428 3429 3469
f 3429 3470 3469
f 3429 3430 3470
f 3430 3471 3470
f 3430 3431 3471
f 3431 3472 3471
f 3431 3432 3472
f 3432 3473 3472
f 3432 3433 3473
f 3433 3474 3473
f 3433 3434 3474
f 3434 3475 3474
f 3435 3436 3476
f 3436 3477 3476
f 3436 3437 3477
f 3437 3478 3477
f 3437 3438 3478
f 3438 3479 3478
f 3438 3439 3479
f 3439 3480 3479
f 3439 3440 3480
f 3440 3481 3480
f 3440 3441 3481
f 3441 3482 3481
f 3441 3442 3482
f 3442 3483 3482
f 3442 3443 3483
f 3443 3484 3483
f 3443 3444 3484
f 3444 3485 3484
f 3444 3445 3485
f 3445 3486 3485
f 3445 3446 3486
f 3446 3487 3486
f 3446 3447 3487
f 3447 3488 3487
f 3447 3448 3488
f 3448 3489 3488
f 3448 3449 3489
f 3449 3490 3489
f 3449 3450 3490
f 3450 3491 3490
f 3450 3451 3491
f 3451 3492 3491
f 3451 3452 3492
f 3452 3493 3492
f 3452 3453 3493
f 3453 3494 3493
f 3453 3454 3494
f 3454 3495 3494
f 3454 3455 3495
f 3455 3496 3495
f 3455 3456 3496
f 3456 3497 3496
f 3456 3457 3497
f 3457 3498 3497
f 3457 3458 3498
f 3458 3499 3498
f 3458 3459 3499
f 3459 3500 3499
f 3459 3460 3500
f 3460 3501 3500
f 3460 3461 3501
f 3461 3502 3501
f 3461 3462 3502
f 3462 3503 3502
f 3462 3463 3503
f 3463 3504 3503
f 3463 3464 3504
f 3464 3505 3504
f 3464 3465 3505
f 3465 3506 3505
f 3465 3466 3506
f 3466 3507 3506
f 3466 3467 3507
f 3467 3508 3507
f 3467 3468 3508
f 3468 3509 3508
f 3468 3469 3509
f 3469 3510 3509
f 3469 3470 3510
f 3470 3511 3510
f 3470 3471 3511
f 3471 3512 3511
f 3471 3472 3512
f 3472 3513 3512
f 3472 3473 3513
f 3473 3514 3513
f 3473 3474 3514
f 3474 3515 3514
f 3474 3475 3515
f 3475 3516 3515
f 3476 3477 3517
f 3477 3518 3517
f 3477 3478 3518
f 3478 3519 3518
f 3478 3479 3519
f 3479 3520 3519
f 3479 3480 3520
f 3480 3521 3520
f 3480 3481 3521
f 3481 3522 3521
f 3481 3482 3522
f 3482 3523 3522
f 3482 3483 3523
f 3483 3524 3523
f 3483 3484 3524
f 3484 3525 3524
f 3484 3485 3525
f 3485 3526 3525
f 3485 3486 3526
f 3486 3527 3526
f 3486 3487 3527
f 3487 3528 3527
f 3487 3488 3528
f 3488 3529 3528
f 3488 3489 3529
f 3489 3530 3529
f 3489 3490 3530
f 3490 3531 3530
f 3490 3491 3531
f 3491 3532 3531
f 3491 3492 3532
f 3492 3533 3532
f 3492 3493 3533
f 3493 3534 3533
f 3493 3494 3534
f 3494 3535 3534
f 3494 3495 3535
f 3495 3536 3535
f 3495 3496 3536
f 3496 3537 3536
f 3496 3497 3537
f 3497 3538 3537
f 3497 3498 3538
f 3498 3539 3538
f 3498 3499 3539
f 3499 3540 3539
f 3499 3500 3540
f 3500 3541 3540
f 3500 3501 3541
f 3501 3542 3541
f 3501 3502 3542
f 3502 3543 3542
f 3502 3503 3543
f 3503 3544 3543
f 3503 3504 3544
f 3504 3545 3544
f 3504 3505 3545
f 3505 3546 3545
f 3505 3506 3546
f 3506 3547 3546
f 3506 3507 3547
f 3507 3548 3547
f 3507 3508 3548
f 3508 3549 3548
f 3508 3509 3549
f 3509 3550 3549
f 3509 3510 3550
f 3510 3551 3550
f 3510 3511 3551
f 3511 3552 3551
f 3511 3512 3552
f 3512 3553 3552
f 3512 3513 3553
f 3513 3554 3553
f 3513 3514 3554
f 3514 3555 3554
f 3514 3515 3555
f 3515 3556 3555
f 3515 3516 3556
f 3516 3557 3556
f 3517 3518 3558
f 3518 3559 3558
f 3518 3519 3559
f 3519 3560 3559
f 3519 3520 3560
f 3520 3561 3560
f 3520 3521 3561
f 3521 3562 3561
f 3521 3522 3562
f 3522 3563 3562
f 3522 3523 3563
f 3523 3564 3563
f 3523 3524 3564
f 3524 3565 3564
f 3524 3525 3565
f 3525 3566 3565
f 3525 3526 3566
f 3526 3567 3566
f 3526 3527 3567
f 3527 3568 3567
f 3527 3528 3568
f 3528 3569 3568
f 3528 3529 3569
f 3529 3570 3569
f 3529 3530 3570
f 3530 3571 3570
f 3530 3531 3571
f 3531 3572 3571
f 3531 3532 3572
f 3532 3573 3572
f 3532 3533 3573
f 3533 3574 3573
f 3533 3534 3574
f 3534 3575 3574
f 3534 3535 3575
f 3535 3576 3575
f 3535 3536 3576
f 3536 3577 3576
f 3536 3537 3577
f 3537 3578 3577
f 3537 3538 3578
f 3538 3579 3578
f 3538 3539 3579
f 3539 3580 3579
f 3539 3540 3580
f 3540 3581 3580
f 3540 3541 3581
f 3541 3582 3581
f 3541 3542 3582
f 3542 3583 3582
f 3542 3543 3583
f 3543 3584 3583
f 3543 3544 3584
f 3544 3585 3584
f 3544 3545 3585
f 3545 3586 3585
f 3545 3546 3586
f 3546 3587 3586
f 3546 3547 3587
f 3547 3588 3587
f 3547 3548 3588
f 3548 3589 3588
f 3548 3549 3589
f 3549 3590 3589
f 3549 3550 3590
f 3550 3591 3590
f 3550 3551 3591
f 3551 3592 3591
f 3551 3552 3592
f 3552 3593 3592
f 3552 3553 3593
f 3553 3594 3593
f 3553 3554 3594
f 3554 3595 3594
f 3554 3555 3595
f 3555 3596 3595
f 3555 3556 3596
f 3556 3597 3596
f 3556 3557 3597
f 3557 3598 3597
f 3558 3559 3599
f 3559 3600 3599
f 3559 3560 3600
f 3560 3601 3600
f 3560 3561 3601
f 3561 3602 3601
f 3561 3562 3602
f 3562 3603 3602
f 3562 3563 3603
f 3563 3604 3603
f 3563 3564 3604
f 3564 3605 3604
f 3564 3565 3605
f 3565 3606 3605
f 3565 3566 3606
f 3566 3607 3606
f 3566 3567 3607
f 3567 3608 3607
f 3567 3568 3608
f 3568 3609 3608
f 3568 3569 3609
f 3569 3610 3609
f 3569 3570 3610
f 3570 3611 3610
f 3570 3571 3611
f 3571 3612 3611
f 3571 3572 3612
f 3572 3613 3612
f 3572 3573 3613
f 3573 3614 3613
f 3573 3574 3614
f 3574 3615 3614
f 3574 3575 3615
f 3575 3616 3615
f 3575 3576 3616
f 3576 3617 3616
f 3576 3577 3617
f 3577 3618 3617
f 3577 3578 3618
f 3578 3619 3618
f 3578 3579 3619
f 3579 3620 3619
f 3579 3580 3620
f 3580 3621 3620
f 3580 3581 3621
f 3581 3622 3621
f 3581 3582 3622
f 3582 3623 3622
f 3582 3583 3623
f 3583 3624 3623
f 3583 3584 3624
f 3584 3625 3624
f 3584 3585 3625
f 3585 3626 3625
f 3585 3586 3626
f 3586 3627 3626
f 3586 3587 3627
f 3587 3628 3627
f 3587 3588 3628
f 3588 3629 3628
f 3588 3589 3629
f 3589 3630 3629
f 3589 3590 3630
f 3590 3631 3630
f 3590 3591 3631
f 3591 3632 3631
f 3591 3592 3632
f 3592 3633 3632
f 3592 3593 3633
f 3593 3634 3633
f 3593 3594 3634
f 3594 3635 3634
f 3594 3595 3635
f 3595 3636 3635
f 3595 3596 3636
f 3596 3637 3636
f 3596 3597 3637
f 3597 3638 3637
f 3597 3598 3638
f 3598 3639 3638
f 3599 3600 3640
f 3600 3641 3640
f 3600 3601 3641
f 3601 3642 3641
f 3601 3602 3642
f 3602 3643 3642
f 3602 3603 3643
f 3603 3644 3643
f 3603 3604 3644
f 3604 3645 3644
f 3604 3605 3645
f 3605 3646 3645
f 3605 3606 3646
f 3606 3647 3646
f 3606 3607 3647
f 3607 3648 3647
f 3607 3608 3648
f 3608 3649 3648
f 3608 3609 3649
f 3609 3650 3649
f 3609 3610 3650
f 3610 3651 3650
f 3610 3611 3651
f 3611 3652 3651
f 3611 3612 3652
f 3612 3653 3652
f 3612 3613 3653
f 3613 3654 3653
f 3613 3614 3654
f 3614 3655 3654
f 3614 3615 3655
f 3615 3656 3655
f 3615 3616 3656
f 3616 3657 3656
f 3616 3617 3657
f 3617 3658 3657
f 3617 3618 3658
f 3618 3659 3658
f 3618 3619 3659
f 3619 3660 3659
f 3619 3620 3660
f 3620 3661 3660
f 3620 3621 3661
f 3621 3662 3661
f 3621 3622 3662
f 3622 3663 3662
f 3622 3623 3663
f 3623 3664 3663
f 3623 3624 3664
f 3624 3665 3664
f 3624 3625 3665
f 3625 3666 3665
f 3625 3626 3666
f 3626 3667 3666
f 3626 3627 3667
f 3627 3668 3667
f 3627 3628 3668
f 3628 3669 3668
f 3628 3629 3669
f 3629 3670 3669
f 3629 3630 3670
f 3630 3671 3670
f 3630 3631 3671
f 3631 3672 3671
f 3631 3632 3672
f 3632 3673 3672
f 3632 3633 3673
f 3633 3674 3673
f 3633 3634 3674
f 3634 3675 3674
f 3634 3635 3675
f 3635 3676 3675
f 3635 3636 3676
f 3636 3677 3676
f 3636 3637 3677
f 3637 3678 3677
f 3637 3638 3678
f 3638 3679 3678
f 3638 3639 3679
f 3639 3680 3679
f 3640 3641 3681
f 3641 3682 3681
f 3641 3642 3682
f 3642 3683 3682
f 3642 3643 3683
f 3643 3684 3683
f 3643 3644 3684
f 3644 3685 3684
f 3644 3645 3685
f 3645 3686 3685
f 3645 3646 3686
f 3646 3687 3686
f 3646 3647 3687
f 3647 3688 3687
f 3647 3648 3688
f 3648 3689 3688
f 3648 3649 3689
f 3649 3690 3689
f 3649 3650 3690
f 3650 3691 3690
f 3650 3651 3691
f 3651 3692 3691
f 3651 3652 3692
f 3652 3693 3692
f 3652 3653 3693
f 3653 3694 3693
f 3653 3654 3694
f 3654 3695 3694
f 3654 3655 3695
f 3655 3696 3695
f 3655 3656 3696
f 3656 3697 3696
f 3656 3657 3697
f 3657 3698 3697
f 3657 3658 3698
f 3658 3699 3698
f 3658 3659 3699
f 3659 3700 3699
f 3659 3660 3700
f 3660 3701 3700
f 3660 3661 3701
f 3661 3702 3701
f 3661 3662 3702
f 3662 3703 3702
f 3662 3663 3703
f 3663 3704 3703
f 3663 3664 3704
f 3664 3705 3704
f 3664 3665 3705
f 3665 3706 3705
f 3665 3666 3706
f 3666 3707 3706
f 3666 3667 3707
f 3667 3708 3707
f 3667 3668 3708
f 3668 3709 3708
f 3668 3669 3709
f 3669 3710 3709
f 3669 3670 3710
f 3670 3711 3710
f 3670 3671 3711
f 3671 3712 3711
f 3671 3672 3712
f 3672 3713 3712
f 3672 3673 3713
f 3673 3714 3713
f 3673 3674 3714
f 3674 3715 3714
f 3674 3675 3715
f 3675 3716 3715
f 3675 3676 3716
f 3676 3717 3716
f 3676 3677 3717
f 3677 3718 3717
f 3677 3678 3718
f 3678 3719 3718
f 3678 3679 3719
f 3679 3720 3719
f 3679 3680 3720
f 3680 3721 3720
f 3681 3682 3722
f 3682 3723 3722
f 3682 3683 3723
f 3683 3724 3723
f 3683 3684 3724
f 3684 3725 3724
f 3684 3685 3725
f 3685 3726 3725
f 3685 3686 3726
f 3686 3727 3726
f 3686 3687 3727
f 3687 3728 3727
f 3687 3688 3728
f 3688 3729 3728
f 3688 3689 3729
f 3689 3730 3729
f 3689 3690 3730
f 3690 3731 3730
f 3690 3691 3731
f 3691 3732 3731
f 3691 3692 3732
f 3692 3733 3732
f 3692 3693 3733
f 3693 3734 3733
f 3693 3694 3734
f 3694 3735 3734
f 3694 3695 3735
f 3695 3736 3735
f 3695 3696 3736
f 3696 3737 3736
f 3696 3697 3737
f 3697 3738 3737
f 3697 3698 3738
f 3698 3739 3738
f 3698 3699 3739
f 3699 3740 3739
f 3699 3700 3740
f 3700 3741 3740
f 3700 3701 3741
f 3701 3742 3741
f 3701 3702 3742
f 3702 3743 3742
f 3702 3703 3743
f 3703 3744 3743
f 3703 3704 3744
f 3704 3745 3744
f 3704 3705 3745
f 3705 3746 3745
f 3705 3706 3746
f 3706 3747 3746
f 3706 3707 3747
f 3707 3748 3747
f 3707 3708 3748
f 3708 3749 3748
f 3708 3709 3749
f 3709 3750 3749
f 3709 3710 3750
f 3710 3751 3750
f 3710 3711 3751
f 3711 3752 3751
f 3711 3712 3752
f 3712 3753 3752
f 3712 3713 3753
f 3713 3754 3753
f 3713 3714 3754
f 3714 3755 3754
f 3714 3715 3755
f 3715 3756 3755
f 3715 3716 3756
f 3716 3757 3756
f 3716 3717 3757
f 3717 3758 3757
f 3717 3718 3758
f 3718 3759 3758
f 3718 3719 3759
f 3719 3760 3759
f 3719 3720 3760
f 3720 3761 3760
f 3720 3721 3761
f 3721 3762 3761
f 3722 3723 3763
f 3723 3764 3763
f 3723 3724 3764
f 3724 3765 3764
f 3724 3725 3765
f 3725 3766 3765
f 3725 3726 3766
f 3726 3767 3766
f 3726 3727 3767
f 3727 3768 3767
f 3727 3728 3768
f 3728 3769 3768
f 3728 3729 3769
f 3729 3770 3769
f 3729 3730 3770
f 3730 3771 3770
f 3730 3731 3771
f 3731 3772 3771
f 3731 3732 3772
f 3732 3773 3772
f 3732 3733 3773
f 3733 3774 3773
f 3733 3734 3774
f 3734 3775 3774
f 3734 3735 3775
f 3735 3776 3775
f 3735 3736 3776
f 3736 3777 3776
f 3736 3737 3777
f 3737 3778 3777
f 3737 3738 3778
f 3738 3779 3778
f 3738 3739 3779
f 3739 3780 3779
f 3739 3740 3780
f 3740 3781 3780
f 3740 3741 3781
f 3741 3782 3781
f 3741 3742 3782
f 3742 3783 3782
f 3742 3743 3783
f 3743 3784 3783
f 3743 3744 3784
f 3744 3785 3784
f 3744 3745 3785
f 3745 3786 3785
f 3745 3746 3786
f 3746 3787 3786
f 3746 3747 3787
f 3747 3788 3787
f 3747 3748 3788
f 3748 3789 3788
f 3748 3749 3789
f 3749 3790 3789
f 3749 3750 3790
f 3750 3791 3790
f 3750 3751 3791
f 3751 3792 3791
f 3751 3752 3792
f 3752 3793 3792
f 3752 3753 3793
f 3753 3794 3793
f 3753 3754 3794
f 3754 3795 3794
f 3754 3755 3795
f 3755 3796 3795
f 3755 3756 3796
f 3756 3797 3796
f 3756 3757 3797
f 3757 3798 3797
f 3757 3758 3798
f 3758 3799 3798
f 3758 3759 3799
f 3759 3800 3799
f 3759 3760 3800
f 3760 3801 3800
f 3760 3761 3801
f 3761 3802 3801
f 3761 3762 3802
f 3762 3803 3802
f 3763 3764 3804
f 3764 3805 3804
f 3764 3765 3805
f 3765 3806 3805
f 3765 3766 3806
f 3766 3807 3806
f 3766 3767 3807
f 3767 3808 3807
f 3767 3768 3808
f 3768 3809 3808
f 3768 3769 3809
f 3769 3810 3809
f 3769 3770 3810
f 3770 3811 3810
f 3770 3771 3811
f 3771 3812 3811
f 3771 3772 3812
f 3772 3813 3812
f 3772 3773 3813
f 3773 3814 3813
f 3773 3774 3814
f 3774 3815 3814
f 3774 3775 3815
f 3775 3816 3815
f 3775 3776 3816
f 3776 3817 3816
f 3776 3777 3817
f 3777 3818 3817
f 3777 3778 3818
f 3778 3819 3818
f 3778 3779 3819
f 3779 3820 3819
f 3779 3780 3820
f 3780 3821 3820
f 3780 3781 3821
f 3781 3822 3821
f 3781 3782 3822
f 3782 3823 3822
f 3782 3783 3823
f 3783 3824 3823
f 3783 3784 3824
f 3784 3825 3824
f 3784 3785 3825
f 3785 3826 3825
f 3785 3786 3826
f 3786 3827 3826
f 3786 3787 3827
f 3787 3828 3827
f 3787 3788 3828
f 3788 3829 3828
f 3788 3789 3829
f 3789 3830 3829
f 3789 3790 3830
f 3790 3831 3830
f 3790 3791 3831
f 3791 3832 3831
f 3791 3792 3832
f 3792 3833 3832
f 3792 3793 3833
f 3793 3834 3833
f 3793 3794 3834
f 3794 3835 3834
f 3794 3795 3835
f 3795 3836 3835
f 3795 3796 3836
f 3796 3837 3836
f 3796 3797 3837
f 3797 3838 3837
f 3797 3798 3838
f 3798 3839 3838
f 3798 3799 3839
f 3799 3840 3839
f 3799 3800 3840
f 3800 3841 3840
f 3800 3801 3841
f 3801 3842 3841
f 3801 3802 3842
f 3802 3843 3842
f 3802 3803 3843
f 3803 3844 3843
f 3804 3805 3845
f 3805 3846 3845
f 3805 3806 3846
f 3806 3847 3846
f 3806 3807 3847
f 3807 3848 3847
f 3807 3808 3848
f 3808 3849 3848
f 3808 3809 3849
f 3809 3850 3849
f 3809 3810 3850
f 3810 3851 3850
f 3810 3811 3851
f 3811 3852 3851
f 3811 3812 3852
f 3812 3853 3852
f 3812 3813 3853
f 3813 3854 3853
f 3813 3814 3854
f 3814 3855 3854
f 3814 3815 3855
f 3815 3856 3855
f 3815 3816 3856
f 3816 3857 3856
f 3816 3817 3857
f 3817 3858 3857
f 3817 3818 3858
f 3818 3859 3858
f 3818 3819 3859
f 3819 3860 3859
f 3819 3820 3860
f 3820 3861 3860
f 3820 3821 3861
f 3821 3862 3861
f 3821 3822 3862
f 3822 3863 3862
f 3822 3823 3863
f 3823 3864 3863
f 3823 3824 3864
f 3824 3865 3864
f 3824 3825 3865
f 3825 3866 3865
f 3825 3826 3866
f 3826 3867 3866
f 3826 3827 3867
f 3827 3868 3867
f 3827 3828 3868
f 3828 3869 3868
f 3828 3829 3869
f 3829 3870 3869
f 3829 3830 3870
f 3830 3871 3870
f 3830 3831 3871
f 3831 3872 3871
f 3831 3832 3872
f 3832 3873 3872
f 3832 3833 3873
f 3833 3874 3873
f 3833 3834 3874
f 3834 3875 3874
f 3834 3835 3875
f 3835 3876 3875
f 3835 3836 3876
f 3836 3877 3876
f 3836 3837 3877
f 3837 3878 3877
f 3837 3838 3878
f 3838 3879 3878
f 3838 3839 3879
f 3839 3880 3879
f 3839 3840 3880
f 3840 3881 3880
f 3840 3841 3881
f 3841 3882 3881
f 3841 3842 3882
f 3842 3883 3882
f 3842 3843 3883
f 3843 3884 3883
f 3843 3844 3884
f 3844 3885 3884
f 3845 3846 3886
f 3846 3887 3886
f 3846 3847 3887
f 3847 3888 3887
f 3847 3848 3888
f 3848 3889 3888
f 3848 3849 3889
f 3849 3890 3889
f 3849 3850 3890
f 3850 3891 3890
f 3850 3851 3891
f 3851 3892 3891
f 3851 3852 3892
f 3852 3893 3892
f 3852 3853 3893
f 3853 3894 3893
f 3853 3854 3894
f 3854 3895 3894
f 3854 3855 3895
f 3855 3896 3895
f 3855 3856 3896
f 3856 3897 3896
f 3856 3857 3897
f 3857 3898 3897
f 3857 3858 3898
f 3858 3899 3898
f 3858 3859 3899
f 3859 3900 3899
f 3859 3860 3900
f 3860 3901 3900
f 3860 3861 3901
f 3861 3902 3901
f 3861 3862 3902
f 3862 3903 3902
f 3862 3863 3903
f 3863 3904 3903
f 3863 3864 3904
f 3864 3905 3904
f 3864 3865 3905
f 3865 3906 3905
f 3865 3866 3906
f 3866 3907 3906
f 3866 3867 3907
f 3867 3908 3907
f 3867 3868 3908
f 3868 3909 3908
f 3868 3869 3909
f 3869 3910 3909
f 3869 3870 3910
f 3870 3911 3910
f 3870 3871 3911
f 3871 3912 3911
f 3871 3872 3912
f 3872 3913 3912
f 3872 3873 3913
f 3873 3914 3913
f 3873 3874 3914
f 3874 3915 3914
f 3874 3875 3915
f 3875 3916 3915
f 3875 3876 3916
f 3876 3917 3916
f 3876 3877 3917
f 3877 3918 3917
f 3877 3878 3918
f 3878 3919 3918
f 3878 3879 3919
f 3879 3920 3919
f 3879 3880 3920
f 3880 3921 3920
f 3880 3881 3921
f 3881 3922 3921
f 3881 3882 3922
f 3882 3923 3922
f 3882 3883 3923
f 3883 3924 3923
f 3883 3884 3924
f 3884 3925 3924
f 3884 3885 3925
f 3885 3926 3925
f 3886 3887 3927
f 3887 3928 3927
f 3887 3888 3928
f 3888 3929 3928
f 3888 3889 3929
f 3889 3930 3929
f 3889 3890 3930
f 3890 3931 3930
f 3890 3891 3931
f 3891 3932 3931
f 3891 3892 3932
f 3892 3933 3932
f 3892 3893 3933
f 3893 3934 3933
f 3893 3894 3934
f 3894 3935 3934
f 3894 3895 3935
f 3895 3936 3935
f 3895 3896 3936
f 3896 3937 3936
f 3896 3897 3937
f 3897 3938 3937
f 3897 3898 3938
f 3898 3939 3938
f 3898 3899 3939
f 3899 3940 3939
f 3899 3900 3940
f 3900 3941 3940
f 3900 3901 3941
f 3901 3942 3941
f 3901 3902 3942
f 3902 3943 3942
f 3902 3903 3943
f 3903 3944 3943
f 3903 3904 3944
f 3904 3945 3944
f 3904 3905 3945
f 3905 3946 3945
f 3905 3906 3946
f 3906 3947 3946
f 3906 3907 3947
f 3907 3948 3947
f 3907 3908 3948
f 3908 3949 3948
f 3908 3909 3949
f 3909 3950 3949
f 3909 3910 3950
f 3910 3951 3950
f 3910 3911 3951
f 3911 3952 3951
f 3911 3912 3952
f 3912 3953 3952
f 3912 3913 3953
f 3913 3954 3953
f 3913 3914 3954
f 3914 3955 3954
f 3914 3915 3955
f 3915 3956 3955
f 3915 3916 3956
f 3916 3957 3956
f 3916 3917 3957
f 3917 3958 3957
f 3917 3918 3958
f 3918 3959 3958
f 3918 3919 3959
f 3919 3960 3959
f 3919 3920 3960
f 3920 3961 3960
f 3920 3921 3961
f 3921 3962 3961
f 3921 3922 3962
f 3922 3963 3962
f 3922 3923 3963
f 3923 3964 3963
f 3923 3924 3964
f 3924 3965 3964
f 3924 3925 3965
f 3925 3966 3965
f 3925 3926 3966
f 3926 3967 3966
f 3927 3928 3968
f 3928 3969 3968
f 3928 3929 3969
f 3929 3970 3969
f 3929 3930 3970
f 3930 3971 3970
f 3930 3931 3971
f 3931 3972 3971
f 3931 3932 3972
f 3932 3973 3972
f 3932 3933 3973
f 3933 3974 3973
f 3933 3934 3974
f 3934 3975 3974
f 3934 3935 3975
f 3935 3976 3975
f 3935 3936 3976
f 3936 3977 3976
f 3936 3937 3977
f 3937 3978 3977
f 3937 3938 3978
f 3938 3979 3978
f 3938 3939 3979
f 3939 3980 3979
f 3939 3940 3980
f 3940 3981 3980
f 3940 3941 3981
f 3941 3982 3981
f 3941 3942 3982
f 3942 3983 3982
f 3942 3943 3983
f 3943 3984 3983
f 3943 3944 3984
f 3944 3985 3984
f 3944 3945 3985
f 3945 3986 3985
f 3945 3946 3986
f 3946 3987 3986
f 3946 3947 3987
f 3947 3988 3987
f 3947 3948 3988
f 3948 3989 3988
f 3948 3949 3989
f 3949 3990 3989
f 3949 3950 3990
f 3950 3991 3990
f 3950 3951 3991
f 3951 3992 3991
f 3951 3952 3992
f 3952 3993 3992
f 3952 3953 3993
f 3953 3994 3993
f 3953 3954 3994
f 3954 3995 3994
f 3954 3955 3995
f 3955 3996 3995
f 3955 3956 3996
f 3956 3997 3996
f 3956 3957 3997
f 3957 3998 3997
f 3957 3958 3998
f 3958 3999 3998
f 3958 3959 3999
f 3959 4000 3999
f 3959 3960 4000
f 3960 4001 4000
f 3960 3961 4001
f 3961 4002 4001
f 3961 3962 4002
f 3962 4003 4002
f 3962 3963 4003
f 3963 4004 4003
f 3963 3964 4004
f 3964 4005 4004
f 3964 3965 4005
f 3965 4006 4005
f 3965 3966 4006
f 3966 4007 4006
f 3966 3967 4007
f 3967 4008 4007
f 3968 3969 4009
f 3969 4010 4009
f 3969 3970 4010
f 3970 4011 4010
f 3970 3971 4011
f 3971 4012 4011
f 3971 3972 4012
f 3972 4013 4012
f 3972 3973 4013
f 3973 4014 4013
f 3973 3974 4014
f 3974 4015 4014
f 3974 3975 4015
f 3975 4016 4015
f 3975 3976 4016
f 3976 4017 4016
f 3976 3977 4017
f 3977 4018 4017
f 3977 3978 4018
f 3978 4019 4018
f 3978 3979 4019
f 3979 4020 4019
f 3979 3980 4020
f 3980 4021 4020
f 3980 3981 4021
f 3981 4022 4021
f 3981 3982 4022
f 3982 4023 4022
f 3982 3983 4023
f 3983 4024 4023
f 3983 3984 4024
f 3984 4025 4024
f 3984 3985 4025
f 3985 4026 4025
f 3985 3986 4026
f 3986 4027 4026
f 3986 3987 4027
f 3987 4028 4027
f 3987 3988 4028
f 3988 4029 4028
f 3988 3989 4029
f 3989 4030 4029
f 3989 3990 4030
f 3990 4031 4030
f 3990 3991 4031
f 3991 4032 4031
f 3991 3992 4032
f 3992 4033 4032
f 3992 3993 4033
f 3993 4034 4033
f 3993 3994 4034
f 3994 4035 4034
f 3994 3995 4035
f 3995 4036 4035
f 3995 3996 4036
f 3996 4037 4036
f 3996 3997 4037
f 3997 4038 4037
f 3997 3998 4038
f 3998 4039 4038
f 3998 3999 4039
f 3999 4040 4039
f 3999 4000 4040
f 4000 4041 4040
f 4000 4001 4041
f 4001 4042 4041
f 4001 4002 4042
f 4002 4043 4042
f 4002 4003 4043
f 4003 4044 4043
f 4003 4004 4044
f 4004 4045 4044
f 4004 4005 4045
f 4005 4046 4045
f 4005 4006 4046
f 4006 4047 4046
f 4006 4007 4047
f 4007 4048 4047
f 4007 4008 4048
f 4008 4049 4048
f 4009 4010 4050
f 4010 4051 4050
f 4010 4011 4051
f 4011 4052 4051
f 4011 4012 4052
f 4012 4053 4052
f 4012 4013 4053
f 4013 4054 4053
f 4013 4014 4054
f 4014 4055 4054
f 4014 4015 4055
f 4015 4056 4055
f 4015 4016 4056
f 4016 4057 4056
f 4016 4017 4057
f 4017 4058 4057
f 4017 4018 4058
f 4018 4059 4058
f 4018 4019 4059
f 4019 4060 4059
f 4019 4020 4060
f 4020 4061 4060
f 4020 4021 4061
f 4021 4062 4061
f 4021 4022 4062
f 4022 4063 4062
f 4022 4023 4063
f 4023 4064 4063
f 4023 4024 4064
f 4024 4065 4064
f 4024 4025 4065
f 4025 4066 4065
f 4025 4026 4066
f 4026 4067 4066
f 4026 4027 4067
f 4027 4068 4067
f 4027 4028 4068
f 4028 4069 4068
f 4028 4029 4069
f 4029 4070 4069
f 4029 4030 4070
f 4030 4071 4070
f 4030 4031 4071
f 4031 4072 4071
f 4031 4032 4072
f 4032 4073 4072
f 4032 4033 4073
f 4033 4074 4073
f 4033 4034 4074
f 4034 4075 4074
f 4034 4035 4075
f 4035 4076 4075
f 4035 4036 4076
f 4036 4077 4076
f 4036 4037 4077
f 4037 4078 4077
f 4037 4038 4078
f 4038 4079 4078
f 4038 4039 4079
f 4039 4080 4079
f 4039 4040 4080
f 4040 4081 4080
f 4040 4041 4081
f 4041 4082 4081
f 4041 4042 4082
f 4042 4083 4082
f 4042 4043 4083
f 4043 4084 4083
f 4043 4044 4084
f 4044 4085 4084
f 4044 4045 4085
f 4045 4086 4085
f 4045 4046 4086
f 4046 4087 4086
f 4046 4047 4087
f 4047 4088 4087
f 4047 4048 4088
f 4048 4089 4088
f 4048 4049 4089
f 4049 4090 4089
f 4050 4051 4091
f 4051 4092 4091
f 4051 4052 4092
f 4052 4093 4092
f 4052 4053 4093
f 4053 4094 4093
f 4053 4054 4094
f 4054 4095 4094
f 4054 4055 4095
f 4055 4096 4095
f 4055 4056 4096
f 4056 4097 4096
f 4056 4057 4097
f 4057 4098 4097
f 4057 4058 4098
f 4058 4099 4098
f 4058 4059 4099
f 4059 4100 4099
f 4059 4060 4100
f 4060 4101 4100
f 4060 4061 4101
f 4061 4102 4101
f 4061 4062 4102
f 4062 4103 4102
f 4062 4063 4103
f 4063 4104 4103
f 4063 4064 4104
f 4064 4105 4104
f 4064 4065 4105
f 4065 4106 4105
f 4065 4066 4106
f 4066 4107 4106
f 4066 4067 4107
f 4067 4108 4107
f 4067 4068 4108
f 4068 4109 4108
f 4068 4069 4109
f 4069 4110 4109
f 4069 4070 4110
f 4070 4111 4110
f 4070 4071 4111
f 4071 4112 4111
f 4071 4072 4112
f 4072 4113 4112
f 4072 4073 4113
f 4073 4114 4113
f 4073 4074 4114
f 4074 4115 4114
f 4074 4075 4115
f 4075 4116 4115
f 4075 4076 4116
f 4076 4117 4116
f 4076 4077 4117
f 4077 4118 4117
f 4077 4078 4118
f 4078 4119 4118
f 4078 4079 4119
f 4079 4120 4119
f 4079 4080 4120
f 4080 4121 4120
f 4080 4081 4121
f 4081 4122 4121
f 4081 4082 4122
f 4082 4123 4122
f 4082 4083 4123
f 4083 4124 4123
f 4083 4084 4124
f 4084 4125 4124
f 4084 4085 4125
f 4085 4126 4125
f 4085 4086 4126
f 4086 4127 4126
f 4086 4087 4127
f 4087 4128 4127
f 4087 4088 4128
f 4088 4129 4128
f 4088 4089 4129
f 4089 4130 4129
f 4089 4090 4130
f 4090 4131 4130
f 4091 4092 4132
f 4092 4133 4132
f 4092 4093 4133
f 4093 4134 4133
f 4093 4094 4134
f 4094 4135 4134
f 4094 4095 4135
f 4095 4136 4135
f 4095 4096 4136
f 4096 4137 4136
f 4096 4097 4137
f 4097 4138 4137
f 4097 4098 4138
f 4098 4139 4138
f 4098 4099 4139
f 4099 4140 4139
f 4099 4100 4140
f 4100 4141 4140
f 4100 4101 4141
f 4101 4142 4141
f 4101 4102 4142
f 4102 4143 4142
f 4102 4103 4143
f 4103 4144 4143
f 4103 4104 4144
f 4104 4145 4144
f 4104 4105 4145
f 4105 4146 4145
f 4105 4106 4146
f 4106 4147 4146
f 4106 4107 4147
f 4107 4148 4147
f 4107 4108 4148
f 4108 4149 4148
f 4108 4109 4149
f 4109 4150 4149
f 4109 4110 4150
f 4110 4151 4150
f 4110 4111 4151
f 4111 4152 4151
f 4111 4112 4152
f 4112 4153 4152
f 4112 4113 4153
f 4113 4154 4153
f 4113 4114 4154
f 4114 4155 4154
f 4114 4115 4155
f 4115 4156 4155
f 4115 4116 4156
f 4116 4157 4156
f 4116 4117 4157
f 4117 4158 4157
f 4117 4118 4158
f 4118 4159 4158
f 4118 4119 4159
f 4119 4160 4159
f 4119 4120 4160
f 4120 4161 4160
f 4120 4121 4161
f 4121 4162 4161
f 4121 4122 4162
f 4122 4163 4162
f 4122 4123 4163
f 4123 4164 4163
f 4123 4124 4164
f 4124 4165 4164
f 4124 4125 4165
f 4125 4166 4165
f 4125 4126 4166
f 4126 4167 4166
f 4126 4127 4167
f 4127 4168 4167
f 4127 4128 4168
f 4128 4169 4168
f 4128 4129 4169
f 4129 4170 4169
f 4129 4130 4170
f 4130 4171 4170
f 4130 4131 4171
f 4131 4172 4171
f 4132 4133 4173
f 4133 4174 4173
f 4133 4134 4174
f 4134 4175 4174
f 4134 4135 4175
f 4135 4176 4175
f 4135 4136 4176
f 4136 4177 4176
f 4136 4137 4177
f 4137 4178 4177
f 4137 4138 4178
f 4138 4179 4178
f 4138 4139 4179
f 4139 4180 4179
f 4139 4140 4180
f 4140 4181 4180
f 4140 4141 4181
f 4141 4182 4181
f 4141 4142 4182
f 4142 4183 4182
f 4142 4143 4183
f 4143 4184 4183
f 4143 4144 4184
f 4144 4185 4184
f 4144 4145 4185
f 4145 4186 4185
f 4145 4146 4186
f 4146 4187 4186
f 4146 4147 4187
f 4147 4188 4187
f 4147 4148 4188
f 4148 4189 4188
f 4148 4149 4189
f 4149 4190 4189
f 4149 4150 4190
f 4150 4191 4190
f 4150 4151 4191
f 4151 4192 4191
f 4151 4152 4192
f 4152 4193 4192
f 4152 4153 4193
f 4153 4194 4193
f 4153 4154 4194
f 4154 4195 4194
f 4154 4155 4195
f 4155 4196 4195
f 4155 4156 4196
f 4156 4197 4196
f 4156 4157 4197
f 4157 4198 4197
f 4157 4158 4198
f 4158 4199 4198
f 4158 4159 4199
f 4159 4200 4199
f 4159 4160 4200
f 4160 4201 4200
f 4160 4161 4201
f 4161 4202 4201
f 4161 4162 4202
f 4162 4203 4202
f 4162 4163 4203
f 4163 4204 4203
f 4163 4164 4204
f 4164 4205 4204
f 4164 4165 4205
f 4165 4206 4205
f 4165 4166 4206
f 4166 4207 4206
f 4166 4167 4207
f 4167 4208 4207
f 4167 4168 4208
f 4168 4209 4208
f 4168 4169 4209
f 4169 4210 4209
f 4169 4170 4210
f 4170 4211 4210
f 4170 4171 4211
f 4171 4212 4211
f 4171 4172 4212
f 4172 4213 4212
f 4173 4174 4214
f 4174 4215 4214
f 4174 4175 4215
f 4175 4216 4215
f 4175 4176 4216
f 4176 4217 4216
f 4176 4177 4217
f 4177 4218 4217
f 4177 4178 4218
f 4178 4219 4218
f 4178 4179 4219
f 4179 4220 4219
f 4179 4180 4220
f 4180 4221 4220
f 4180 4181 4221
f 4181 4222 4221
f 4181 4182 4222
f 4182 4223 4222
f 4182 4183 4223
f 4183 4224 4223
f 4183 4184 4224
f 4184 4225 4224
f 4184 4185 4225
f 4185 4226 4225
f 4185 4186 4226
f 4186 4227 4226
f 4186 4187 4227
f 4187 4228 4227
f 4187 4188 4228
f 4188 4229 4228
f 4188 4189 4229
f 4189 4230 4229
f 4189 4190 4230
f 4190 4231 4230
f 4190 4191 4231
f 4191 4232 4231
f 4191 4192 4232
f 4192 4233 4232
f 4192 4193 4233
f 4193 4234 4233
f 4193 4194 4234
f 4194 4235 4234
f 4194 4195 4235
f 4195 4236 4235
f 4195 4196 4236
f 4196 4237 4236
f 4196 4197 4237
f 4197 4238 4237
f 4197 4198 4238
f 4198 4239 4238
f 4198 4199 4239
f 4199 4240 4239
f 4199 4200 4240
f 4200 4241 4240
f 4200 4201 4241
f 4201 4242 4241
f 4201 4202 4242
f 4202 4243 4242
f 4202 4203 4243
f 4203 4244 4243
f 4203 4204 4244
f 4204 4245 4244
f 4204 4205 4245
f 4205 4246 4245
f 4205 4206 4246
f 4206 4247 4246
f 4206 4207 4247
f 4207 4248 4247
f 4207 4208 4248
f 4208 4249 4248
f 4208 4209 4249
f 4209 4250 4249
f 4209 4210 4250
f 4210 4251 4250
f 4210 4211 4251
f 4211 4252 4251
f 4211 4212 4252
f 4212 4253 4252
f 4212 4213 4253
f 4213 4254 4253
f 4214 4215 4255
f 4215 4256 4255
f 4215 4216 4256
f 4216 4257 4256
f 4216 4217 4257
f 4217 4258 4257
f 4217 4218 4258
f 4218 4259 4258
f 4218 4219 4259
f 4219 4260 4259
f 4219 4220 4260
f 4220 4261 4260
f 4220 4221 4261
f 4221 4262 4261
f 4221 4222 4262
f 4222 4263 4262
f 4222 4223 4263
f 4223 4264 4263
f 4223 4224 4264
f 4224 4265 4264
f 4224 4225 4265
f 4225 4266 4265
f 4225 4226 4266
f 4226 4267 4266
f 4226 4227 4267
f 4227 4268 4267
f 4227 4228 4268
f 4228 4269 4268
f 4228 4229 4269
f 4229 4270 4269
f 4229 4230 4270
f 4230 4271 4270
f 4230 4231 4271
f 4231 4272 4271
f 4231 4232 4272
f 4232 4273 4272
f 4232 4233 4273
f 4233 4274 4273
f 4233 4234 4274
f 4234 4275 4274
f 4234 4235 4275
f 4235 4276 4275
f 4235 4236 4276
f 4236 4277 4276
f 4236 4237 4277
f 4237 4278 4277
f 4237 4238 4278
f 4238 4279 4278
f 4238 4239 4279
f 4239 4280 4279
f 4239 4240 4280
f 4240 4281 4280
f 4240 4241 4281
f 4241 4282 4281
f 4241 4242 4282
f 4242 4283 4282
f 4242 4243 4283
f 4243 4284 4283
f 4243 4244 4284
f 4244 4285 4284
f 4244 4245 4285
f 4245 4286 4285
f 4245 4246 4286
f 4246 4287 4286
f 4246 4247 4287
f 4247 4288 4287
f 4247 4248 4288
f 4248 4289 4288
f 4248 4249 4289
f 4249 4290 4289
f 4249 4250 4290
f 4250 4291 4290
f 4250 4251 4291
f 4251 4292 4291
f 4251 4252 4292
f 4252 4293 4292
f 4252 4253 4293
f 4253 4294 4293
f 4253 4254 4294
f 4254 4295 4294
f 4296 4297 4337
f 4297 4338 4337
f 4297 4298 4338
f 4298 4339 4338
f 4298 4299 4339
f 4299 4340 4339
f 4299 4300 4340
f 4300 4341 4340
f 4300 4301 4341
f 4301 4342 4341
f 4301 4302 4342
f 4302 4343 4342
f 4302 4303 4343
f 4303 4344 4343
f 4303 4304 4344
f 4304 4345 4344
f 4304 4305 4345
f 4305 4346 4345
f 4305 4306 4346
f 4306 4347 4346
f 4306 4307 4347
f 4307 4348 4347
f 4307 4308 4348
f 4308 4349 4348
f 4308 4309 4349
f 4309 4350 4349
f 4309 4310 4350
f 4310 4351 4350
f 4310 4311 4351
f 4311 4352 4351
f 4311 4312 4352
f 4312 4353 4352
f 4312 4313 4353
f 4313 4354 4353
f 4313 4314 4354
f 4314 4355 4354
f 4314 4315 4355
f 4315 4356 4355
f 4315 4316 4356
f 4316 4357 4356
f 4316 4317 4357
f 4317 4358 4357
f 4317 4318 4358
f 4318 4359 4358
f 4318 4319 4359
f 4319 4360 4359
f 4319 4320 4360
f 4320 4361 4360
f 4320 4321 4361
f 4321 4362 4361
f 4321 4322 4362
f 4322 4363 4362
f 4322 4323 4363
f 4323 4364 4363
f 4323 4324 4364
f 4324 4365 4364
f 4324 4325 4365
f 4325 4366 4365
f 4325 4326 4366
f 4326 4367 4366
f 4326 4327 4367
f 4327 4368 4367
f 4327 4328 4368
f 4328 4369 4368
f 4328 4329 4369
f 4329 4370 4369
f 4329 4330 4370
f 4330 4371 4370
f 4330 4331 4371
f 4331 4372 4371
f 4331 4332 4372
f 4332 4373 4372
f 4332 4333 4373
f 4333 4374 4373
f 4333 4334 4374
f 4334 4375 4374
f 4334 4335 4375
f 4335 4376 4375
f 4335 4336 4376
f 4336 4377 4376
f 4337 4338 4378
f 4338 4379 4378
f 4338 4339 4379
f 4339 4380 4379
f 4339 4340 4380
f 4340 4381 4380
f 4340 4341 4381
f 4341 4382 4381
f 4341 4342 4382
f 4342 4383 4382
f 4342 4343 4383
f 4343 4384 4383
f 4343 4344 4384
f 4344 4385 4384
f 4344 4345 4385
f 4345 4386 4385
f 4345 4346 4386
f 4346 4387 4386
f 4346 4347 4387
f 4347 4388 4387
f 4347 4348 4388
f 4348 4389 4388
f 4348 4349 4389
f 4349 4390 4389
f 4349 4350 4390
f 4350 4391 4390
f 4350 4351 4391
f 4351 4392 4391
f 4351 4352 4392
f 4352 4393 4392
f 4352 4353 4393
f 4353 4394 4393
f 4353 4354 4394
f 4354 4395 4394
f 4354 4355 4395
f 4355 4396 4395
f 4355 4356 4396
f 4356 4397 4396
f 4356 4357 4397
f 4357 4398 4397
f 4357 4358 4398
f 4358 4399 4398
f 4358 4359 4399
f 4359 4400 4399
f 4359 4360 4400
f 4360 4401 4400
f 4360 4361 4401
f 4361 4402 4401
f 4361 4362 4402
f 4362 4403 4402
f 4362 4363 4403
f 4363 4404 4403
f 4363 4364 4404
f 4364 4405 4404
f 4364 4365 4405
f 4365 4406 4405
f 4365 4366 4406
f 4366 4407 4406
f 4366 4367 4407
f 4367 4408 4407
f 4367 4368 4408
f 4368 4409 4408
f 4368 4369 4409
f 4369 4410 4409
f 4369 4370 4410
f 4370 4411 4410
f 4370 4371 4411
f 4371 4412 4411
f 4371 4372 4412
f 4372 4413 4412
f 4372 4373 4413
f 4373 4414 4413
f 4373 4374 4414
f 4374 4415 4414
f 4374 4375 4415
f 4375 4416 4415
f 4375 4376 4416
f 4376 4417 4416
f 4376 4377 4417
f 4377 4418 4417
f 4378 4379 4419
f 4379 4420 4419
f 4379 4380 4420
f 4380 4421 4420
f 4380 4381 4421
f 4381 4422 4421
f 4381 4382 4422
f 4382 4423 4422
f 4382 4383 4423
f 4383 4424 4423
f 4383 4384 4424
f 4384 4425 4424
f 4384 4385 4425
f 4385 4426 4425
f 4385 4386 4426
f 4386 4427 4426
f 4386 4387 4427
f 4387 4428 4427
f 4387 4388 4428
f 4388 4429 4428
f 4388 4389 4429
f 4389 4430 4429
f 4389 4390 4430
f 4390 4431 4430
f 4390 4391 4431
f 4391 4432 4431
f 4391 4392 4432
f 4392 4433 4432
f 4392 4393 4433
f 4393 4434 4433
f 4393 4394 4434
f 4394 4435 4434
f 4394 4395 4435
f 4395 4436 4435
f 4395 4396 4436
f 4396 4437 4436
f 4396 4397 4437
f 4397 4438 4437
f 4397 4398 4438
f 4398 4439 4438
f 4398 4399 4439
f 4399 4440 4439
f 4399 4400 4440
f 4400 4441 4440
f 4400 4401 4441
f 4401 4442 4441
f 4401 4402 4442
f 4402 4443 4442
f 4402 4403 4443
f 4403 4444 4443
f 4403 4404 4444
f 4404 4445 4444
f 4404 4405 4445
f 4405 4446 4445
f 4405 4406 4446
f 4406 4447 4446
f 4406 4407 4447
f 4407 4448 4447
f 4407 4408 4448
f 4408 4449 4448
f 4408 4409 4449
f 4409 4450 4449
f 4409 4410 4450
f 4410 4451 4450
f 4410 4411 4451
f 4411 4452 4451
f 4411 4412 4452
f 4412 4453 4452
f 4412 4413 4453
f 4413 4454 4453
f 4413 4414 4454
f 4414 4455 4454
f 4414 4415 4455
f 4415 4456 4455
f 4415 4416 4456
f 4416 4457 4456
f 4416 4417 4457
f 4417 4458 4457
f 4417 4418 4458
f 4418 4459 4458
f 4419 4420 4460
f 4420 4461 4460
f 4420 4421 4461
f 4421 4462 4461
f 4421 4422 4462
f 4422 4463 4462
f 4422 4423 4463
f 4423 4464 4463
f 4423 4424 4464
f 4424 4465 4464
f 4424 4425 4465
f 4425 4466 4465
f 4425 4426 4466
f 4426 4467 4466
f 4426 4427 4467
f 4427 4468 4467
f 4427 4428 4468
f 4428 4469 4468
f 4428 4429 4469
f 4429 4470 4469
f 4429 4430 4470
f 4430 4471 4470
f 4430 4431 4471
f 4431 4472 4471
f 4431 4432 4472
f 4432 4473 4472
f 4432 4433 4473
f 4433 4474 4473
f 4433 4434 4474
f 4434 4475 4474
f 4434 4435 4475
f 4435 4476 4475
f 4435 4436 4476
f 4436 4477 4476
f 4436 4437 4477
f 4437 4478 4477
f 4437 4438 4478
f 4438 4479 4478
f 4438 4439 4479
f 4439 4480 4479
f 4439 4440 4480
f 4440 4481 4480
f 4440 4441 4481
f 4441 4482 4481
f 4441 4442 4482
f 4442 4483 4482
f 4442 4443 4483
f 4443 4484 4483
f 4443 4444 4484
f 4444 4485 4484
f 4444 4445 4485
f 4445 4486 4485
f 4445 4446 4486
f 4446 4487 4486
f 4446 4447 4487
f 4447 4488 4487
f 4447 4448 4488
f 4448 4489 4488
f 4448 4449 4489
f 4449 4490 4489
f 4449 4450 4490
f 4450 4491 4490
f 4450 4451 4491
f 4451 4492 4491
f 4451 4452 4492
f 4452 4493 4492
f 4452 4453 4493
f 4453 4494 4493
f 4453 4454 4494
f 4454 4495 4494
f 4454 4455 4495
f 4455 4496 4495
f 4455 4456 4496
f 4456 4497 4496
f 4456 4457 4497
f 4457 4498 4497
f 4457 4458 4498
f 4458 4499 4498
f 4458 4459 4499
f 4459 4500 4499
f 4460 4461 4501
f 4461 4502 4501
f 4461 4462 4502
f 4462 4503 4502
f 4462 4463 4503
f 4463 4504 4503
f 4463 4464 4504
f 4464 4505 4504
f 4464 4465 4505
f 4465 4506 4505
f 4465 4466 4506
f 4466 4507 4506
f 4466 4467 4507
f 4467 4508 4507
f 4467 4468 4508
f 4468 4509 4508
f 4468 4469 4509
f 4469 4510 4509
f 4469 4470 4510
f 4470 4511 4510
f 4470 4471 4511
f 4471 4512 4511
f 4471 4472 4512
f 4472 4513 4512
f 4472 4473 4513
f 4473 4514 4513
f 4473 4474 4514
f 4474 4515 4514
f 4474 4475 4515
f 4475 4516 4515
f 4475 4476 4516
f 4476 4517 4516
f 4476 4477 4517
f 4477 4518 4517
f 4477 4478 4518
f 4478 4519 4518
f 4478 4479 4519
f 4479 4520 4519
f 4479 4480 4520
f 4480 4521 4520
f 4480 4481 4521
f 4481 4522 4521
f 4481 4482 4522
f 4482 4523 4522
f 4482 4483 4523
f 4483 4524 4523
f 4483 4484 4524
f 4484 4525 4524
f 4484 4485 4525
f 4485 4526 4525
f 4485 4486 4526
f 4486 4527 4526
f 4486 4487 4527
f 4487 4528 4527
f 4487 4488 4528
f 4488 4529 4528
f 4488 4489 4529
f 4489 4530 4529
f 4489 4490 4530
f 4490 4531 4530
f 4490 4491 4531
f 4491 4532 4531
f 4491 4492 4532
f 4492 4533 4532
f 4492 4493 4533
f 4493 4534 4533
f 4493 4494 4534
f 4494 4535 4534
f 4494 4495 4535
f 4495 4536 4535
f 4495 4496 4536
f 4496 4537 4536
f 4496 4497 4537
f 4497 4538 4537
f 4497 4498 4538
f 4498 4539 4538
f 4498 4499 4539
f 4499 4540 4539
f 4499 4500 4540
f 4500 4541 4540
f 4501 4502 4542
f 4502 4543 4542
f 4502 4503 4543
f 4503 4544 4543
f 4503 4504 4544
f 4504 4545 4544
f 4504 4505 4545
f 4505 4546 4545
f 4505 4506 4546
f 4506 4547 4546
f 4506 4507 4547
f 4507 4548 4547
f 4507 4508 4548
f 4508 4549 4548
f 4508 4509 4549
f 4509 4550 4549
f 4509 4510 4550
f 4510 4551 4550
f 4510 4511 4551
f 4511 4552 4551
f 4511 4512 4552
f 4512 4553 4552
f 4512 4513 4553
f 4513 4554 4553
f 4513 4514 4554
f 4514 4555 4554
f 4514 4515 4555
f 4515 4556 4555
f 4515 4516 4556
f 4516 4557 4556
f 4516 4517 4557
f 4517 4558 4557
f 4517 4518 4558
f 4518 4559 4558
f 4518 4519 4559
f 4519 4560 4559
f 4519 4520 4560
f 4520 4561 4560
f 4520 4521 4561
f 4521 4562 4561
f 4521 4522 4562
f 4522 4563 4562
f 4522 4523 4563
f 4523 4564 4563
f 4523 4524 4564
f 4524 4565 4564
f 4524 4525 4565
f 4525 4566 4565
f 4525 4526 4566
f 4526 4567 4566
f 4526 4527 4567
f 4527 4568 4567
f 4527 4528 4568
f 4528 4569 4568
f 4528 4529 4569
f 4529 4570 4569
f 4529 4530 4570
f 4530 4571 4570
f 4530 4531 4571
f 4531 4572 4571
f 4531 4532 4572
f 4532 4573 4572
f 4532 4533 4573
f 4533 4574 4573
f 4533 4534 4574
f 4534 4575 4574
f 4534 4535 4575
f 4535 4576 4575
f 4535 4536 4576
f 4536 4577 4576
f 4536 4537 4577
f 4537 4578 4577
f 4537 4538 4578
f 4538 4579 4578
f 4538 4539 4579
f 4539 4580 4579
f 4539 4540 4580
f 4540 4581 4580
f 4540 4541 4581
f 4541 4582 4581
f 4542 4543 4583
f 4543 4584 4583
f 4543 4544 4584
f 4544 4585 4584
f 4544 4545 4585
f 4545 4586 4585
f 4545 4546 4586
f 4546 4587 4586
f 4546 4547 4587
f 4547 4588 4587
f 4547 4548 4588
f 4548 4589 4588
f 4548 4549 4589
f 4549 4590 4589
f 4549 4550 4590
f 4550 4591 4590
f 4550 4551 4591
f 4551 4592 4591
f 4551 4552 4592
f 4552 4593 4592
f 4552 4553 4593
f 4553 4594 4593
f 4553 4554 4594
f 4554 4595 4594
f 4554 4555 4595
f 4555 4596 4595
f 4555 4556 4596
f 4556 4597 4596
f 4556 4557 4597
f 4557 4598 4597
f 4557 4558 4598
f 4558 4599 4598
f 4558 4559 4599
f 4559 4600 4599
f 4559 4560 4600
f 4560 4601 4600
f 4560 4561 4601
f 4561 4602 4601
f 4561 4562 4602
f 4562 4603 4602
f 4562 4563 4603
f 4563 4604 4603
f 4563 4564 4604
f 4564 4605 4604
f 4564 4565 4605
f 4565 4606 4605
f 4565 4566 4606
f 4566 4607 4606
f 4566 4567 4607
f 4567 4608 4607
f 4567 4568 4608
f 4568 4609 4608
f 4568 4569 4609
f 4569 4610 4609
f 4569 4570 4610
f 4570 4611 4610
f 4570 4571 4611
f 4571 4612 4611
f 4571 4572 4612
f 4572 4613 4612
f 4572 4573 4613
f 4573 4614 4613
f 4573 4574 4614
f 4574 4615 4614
f 4574 4575 4615
f 4575 4616 4615
f 4575 4576 4616
f 4576 4617 4616
f 4576 4577 4617
f 4577 4618 4617
f 4577 4578 4618
f 4578 4619 4618
f 4578 4579 4619
f 4579 4620 4619
f 4579 4580 4620
f 4580 4621 4620
f 4580 4581 4621
f 4581 4622 4621
f 4581 4582 4622
f 4582 4623 4622
f 4583 4584 4624
f 4584 4625 4624
f 4584 4585 4625
f 4585 4626 4625
f 4585 4586 4626
f 4586 4627 4626
f 4586 4587 4627
f 4587 4628 4627
f 4587 4588 4628
f 4588 4629 4628
f 4588 4589 4629
f 4589 4630 4629
f 4589 4590 4630
f 4590 4631 4630
f 4590 4591 4631
f 4591 4632 4631
f 4591 4592 4632
f 4592 4633 4632
f 4592 4593 4633
f 4593 4634 4633
f 4593 4594 4634
f 4594 4635 4634
f 4594 4595 4635
f 4595 4636 4635
f 4595 4596 4636
f 4596 4637 4636
f 4596 4597 4637
f 4597 4638 4637
f 4597 4598 4638
f 4598 4639 4638
f 4598 4599 4639
f 4599 4640 4639
f 4599 4600 4640
f 4600 4641 4640
f 4600 4601 4641
f 4601 4642 4641
f 4601 4602 4642
f 4602 4643 4642
f 4602 4603 4643
f 4603 4644 4643
f 4603 4604 4644
f 4604 4645 4644
f 4604 4605 4645
f 4605 4646 4645
f 4605 4606 4646
f 4606 4647 4646
f 4606 4607 4647
f 4607 4648 4647
f 4607 4608 4648
f 4608 4649 4648
f 4608 4609 4649
f 4609 4650 4649
f 4609 4610 4650
f 4610 4651 4650
f 4610 4611 4651
f 4611 4652 4651
f 4611 4612 4652
f 4612 4653 4652
f 4612 4613 4653
f 4613 4654 4653
f 4613 4614 4654
f 4614 4655 4654
f 4614 4615 4655
f 4615 4656 4655
f 4615 4616 4656
f 4616 4657 4656
f 4616 4617 4657
f 4617 4658 4657
f 4617 4618 4658
f 4618 4659 4658
f 4618 4619 4659
f 4619 4660 4659
f 4619 4620 4660
f 4620 4661 4660
f 4620 4621 4661
f 4621 4662 4661
f 4621 4622 4662
f 4622 4663 4662
f 4622 4623 4663
f 4623 4664 4663
f 4624 4625 4665
f 4625 4666 4665
f 4625 4626 4666
f 4626 4667 4666
f 4626 4627 4667
f 4627 4668 4667
f 4627 4628 4668
f 4628 4669 4668
f 4628 4629 4669
f 4629 4670 4669
f 4629 4630 4670
f 4630 4671 4670
f 4630 4631 4671
f 4631 4672 4671
f 4631 4632 4672
f 4632 4673 4672
f 4632 4633 4673
f 4633 4674 4673
f 4633 4634 4674
f 4634 4675 4674
f 4634 4635 4675
f 4635 4676 4675
f 4635 4636 4676
f 4636 4677 4676
f 4636 4637 4677
f 4637 4678 4677
f 4637 4638 4678
f 4638 4679 4678
f 4638 4639 4679
f 4639 4680 4679
f 4639 4640 4680
f 4640 4681 4680
f 4640 4641 4681
f 4641 4682 4681
f 4641 4642 4682
f 4642 4683 4682
f 4642 4643 4683
f 4643 4684 4683
f 4643 4644 4684
f 4644 4685 4684
f 4644 4645 4685
f 4645 4686 4685
f 4645 4646 4686
f 4646 4687 4686
f 4646 4647 4687
f 4647 4688 4687
f 4647 4648 4688
f 4648 4689 4688
f 4648 4649 4689
f 4649 4690 4689
f 4649 4650 4690
f 4650 4691 4690
f 4650 4651 4691
f 4651 4692 4691
f 4651 4652 4692
f 4652 4693 4692
f 4652 4653 4693
f 4653 4694 4693
f 4653 4654 4694
f 4654 4695 4694
f 4654 4655 4695
f 4655 4696 4695
f 4655 4656 4696
f 4656 4697 4696
f 4656 4657 4697
f 4657 4698 4697
f 4657 4658 4698
f 4658 4699 4698
f 4658 4659 4699
f 4659 4700 4699
f 4659 4660 4700
f 4660 4701 4700
f 4660 4661 4701
f 4661 4702 4701
f 4661 4662 4702
f 4662 4703 4702
f 4662 4663 4703
f 4663 4704 4703
f 4663 4664 4704
f 4664 4705 4704
f 4665 4666 4706
f 4666 4707 4706
f 4666 4667 4707
f 4667 4708 4707
f 4667 4668 4708
f 4668 4709 4708
f 4668 4669 4709
f 4669 4710 4709
f 4669 4670 4710
f 4670 4711 4710
f 4670 4671 4711
f 4671 4712 4711
f 4671 4672 4712
f 4672 4713 4712
f 4672 4673 4713
f 4673 4714 4713
f 4673 4674 4714
f 4674 4715 4714
f 4674 4675 4715
f 4675 4716 4715
f 4675 4676 4716
f 4676 4717 4716
f 4676 4677 4717
f 4677 4718 4717
f 4677 4678 4718
f 4678 4719 4718
f 4678 4679 4719
f 4679 4720 4719
f 4679 4680 4720
f 4680 4721 4720
f 4680 4681 4721
f 4681 4722 4721
f 4681 4682 4722
f 4682 4723 4722
f 4682 4683 4723
f 4683 4724 4723
f 4683 4684 4724
f 4684 4725 4724
f 4684 4685 4725
f 4685 4726 4725
f 4685 4686 4726
f 4686 4727 4726
f 4686 4687 4727
f 4687 4728 4727
f 4687 4688 4728
f 4688 4729 4728
f 4688 4689 4729
f 4689 4730 4729
f 4689 4690 4730
f 4690 4731 4730
f 4690 4691 4731
f 4691 4732 4731
f 4691 4692 4732
f 4692 4733 4732
f 4692 4693 4733
f 4693 4734 4733
f 4693 4694 4734
f 4694 4735 4734
f 4694 4695 4735
f 4695 4736 4735
f 4695 4696 4736
f 4696 4737 4736
f 4696 4697 4737
f 4697 4738 4737
f 4697 4698 4738
f 4698 4739 4738
f 4698 4699 4739
f 4699 4740 4739
f 4699 4700 4740
f 4700 4741 4740
f 4700 4701 4741
f 4701 4742 4741
f 4701 4702 4742
f 4702 4743 4742
f 4702 4703 4743
f 4703 4744 4743
f 4703 4704 4744
f 4704 4745 4744
f 4704 4705 4745
f 4705 4746 4745
f 4706 4707 4747
f 4707 4748 4747
f 4707 4708 4748
f 4708 4749 4748
f 4708 4709 4749
f 4709 4750 4749
f 4709 4710 4750
f 4710 4751 4750
f 4710 4711 4751
f 4711 4752 4751
f 4711 4712 4752
f 4712 4753 4752
f 4712 4713 4753
f 4713 4754 4753
f 4713 4714 4754
f 4714 4755 4754
f 4714 4715 4755
f 4715 4756 4755
f 4715 4716 4756
f 4716 4757 4756
f 4716 4717 4757
f 4717 4758 4757
f 4717 4718 4758
f 4718 4759 4758
f 4718 4719 4759
f 4719 4760 4759
f 4719 4720 4760
f 4720 4761 4760
f 4720 4721 4761
f 4721 4762 4761
f 4721 4722 4762
f 4722 4763 4762
f 4722 4723 4763
f 4723 4764 4763
f 4723 4724 4764
f 4724 4765 4764
f 4724 4725 4765
f 4725 4766 4765
f 4725 4726 4766
f 4726 4767 4766
f 4726 4727 4767
f 4727 4768 4767
f 4727 4728 4768
f 4728 4769 4768
f 4728 4729 4769
f 4729 4770 4769
f 4729 4730 4770
f 4730 4771 4770
f 4730 4731 4771
f 4731 4772 4771
f 4731 4732 4772
f 4732 4773 4772
f 4732 4733 4773
f 4733 4774 4773
f 4733 4734 4774
f 4734 4775 4774
f 4734 4735 4775
f 4735 4776 4775
f 4735 4736 4776
f 4736 4777 4776
f 4736 4737 4777
f 4737 4778 4777
f 4737 4738 4778
f 4738 4779 4778
f 4738 4739 4779
f 4739 4780 4779
f 4739 4740 4780
f 4740 4781 4780
f 4740 4741 4781
f 4741 4782 4781
f 4741 4742 4782
f 4742 4783 4782
f 4742 4743 4783
f 4743 4784 4783
f 4743 4744 4784
f 4744 4785 4784
f 4744 4745 4785
f 4745 4786 4785
f 4745 4746 4786
f 4746 4787 4786
f 4747 4748 4788
f 4748 4789 4788
f 4748 4749 4789
f 4749 4790 4789
f 4749 4750 4790
f 4750 4791 4790
f 4750 4751 4791
f 4751 4792 4791
f 4751 4752 4792
f 4752 4793 4792
f 4752 4753 4793
f 4753 4794 4793
f 4753 4754 4794
f 4754 4795 4794
f 4754 4755 4795
f 4755 4796 4795
f 4755 4756 4796
f 4756 4797 4796
f 4756 4757 4797
f 4757 4798 4797
f 4757 4758 4798
f 4758 4799 4798
f 4758 4759 4799
f 4759 4800 4799
f 4759 4760 4800
f 4760 4801 4800
f 4760 4761 4801
f 4761 4802 4801
f 4761 4762 4802
f 4762 4803 4802
f 4762 4763 4803
f 4763 4804 4803
f 4763 4764 4804
f 4764 4805 4804
f 4764 4765 4805
f 4765 4806 4805
f 4765 4766 4806
f 4766 4807 4806
f 4766 4767 4807
f 4767 4808 4807
f 4767 4768 4808
f 4768 4809 4808
f 4768 4769 4809
f 4769 4810 4809
f 4769 4770 4810
f 4770 4811 4810
f 4770 4771 4811
f 4771 4812 4811
f 4771 4772 4812
f 4772 4813 4812
f 4772 4773 4813
f 4773 4814 4813
f 4773 4774 4814
f 4774 4815 4814
f 4774 4775 4815
f 4775 4816 4815
f 4775 4776 4816
f 4776 4817 4816
f 4776 4777 4817
f 4777 4818 4817
f 4777 4778 4818
f 4778 4819 4818
f 4778 4779 4819
f 4779 4820 4819
f 4779 4780 4820
f 4780 4821 4820
f 4780 4781 4821
f 4781 4822 4821
f 4781 4782 4822
f 4782 4823 4822
f 4782 4783 4823
f 4783 4824 4823
f 4783 4784 4824
f 4784 4825 4824
f 4784 4785 4825
f 4785 4826 4825
f 4785 4786 4826
f 4786 4827 4826
f 4786 4787 4827
f 4787 4828 4827
f 4788 4789 4829
f 4789 4830 4829
f 4789 4790 4830
f 4790 4831 4830
f 4790 4791 4831
f 4791 4832 4831
f 4791 4792 4832
f 4792 4833 4832
f 4792 4793 4833
f 4793 4834 4833
f 4793 4794 4834
f 4794 4835 4834
f 4794 4795 4835
f 4795 4836 4835
f 4795 4796 4836
f 4796 4837 4836
f 4796 4797 4837
f 4797 4838 4837
f 4797 4798 4838
f 4798 4839 4838
f 4798 4799 4839
f 4799 4840 4839
f 4799 4800 4840
f 4800 4841 4840
f 4800 4801 4841
f 4801 4842 4841
f 4801 4802 4842
f 4802 4843 4842
f 4802 4803 4843
f 4803 4844 4843
f 4803 4804 4844
f 4804 4845 4844
f 4804 4805 4845
f 4805 4846 4845
f 4805 4806 4846
f 4806 4847 4846
f 4806 4807 4847
f 4807 4848 4847
f 4807 4808 4848
f 4808 4849 4848
f 4808 4809 4849
f 4809 4850 4849
f 4809 4810 4850
f 4810 4851 4850
f 4810 4811 4851
f 4811 4852 4851
f 4811 4812 4852
f 4812 4853 4852
f 4812 4813 4853
f 4813 4854 4853
f 4813 4814 4854
f 4814 4855 4854
f 4814 4815 4855
f 4815 4856 4855
f 4815 4816 4856
f 4816 4857 4856
f 4816 4817 4857
f 4817 4858 4857
f 4817 4818 4858
f 4818 4859 4858
f 4818 4819 4859
f 4819 4860 4859
f 4819 4820 4860
f 4820 4861 4860
f 4820 4821 4861
f 4821 4862 4861
f 4821 4822 4862
f 4822 4863 4862
f 4822 4823 4863
f 4823 4864 4863
f 4823 4824 4864
f 4824 4865 4864
f 4824 4825 4865
f 4825 4866 4865
f 4825 4826 4866
f 4826 4867 4866
f 4826 4827 4867
f 4827 4868 4867
f 4827 4828 4868
f 4828 4869 4868
f 4829 4830 4870
f 4830 4871 4870
f 4830 4831 4871
f 4831 4872 4871
f 4831 4832 4872
f 4832 4873 4872
f 4832 4833 4873
f 4833 4874 4873
f 4833 4834 4874
f 4834 4875 4874
f 4834 4835 4875
f 4835 4876 4875
f 4835 4836 4876
f 4836 4877 4876
f 4836 4837 4877
f 4837 4878 4877
f 4837 4838 4878
f 4838 4879 4878
f 4838 4839 4879
f 4839 4880 4879
f 4839 4840 4880
f 4840 4881 4880
f 4840 4841 4881
f 4841 4882 4881
f 4841 4842 4882
f 4842 4883 4882
f 4842 4843 4883
f 4843 4884 4883
f 4843 4844 4884
f 4844 4885 4884
f 4844 4845 4885
f 4845 4886 4885
f 4845 4846 4886
f 4846 4887 4886
f 4846 4847 4887
f 4847 4888 4887
f 4847 4848 4888
f 4848 4889 4888
f 4848 4849 4889
f 4849 4890 4889
f 4849 4850 4890
f 4850 4891 4890
f 4850 4851 4891
f 4851 4892 4891
f 4851 4852 4892
f 4852 4893 4892
f 4852 4853 4893
f 4853 4894 4893
f 4853 4854 4894
f 4854 4895 4894
f 4854 4855 4895
f 4855 4896 4895
f 4855 4856 4896
f 4856 4897 4896
f 4856 4857 4897
f 4857 4898 4897
f 4857 4858 4898
f 4858 4899 4898
f 4858 4859 4899
f 4859 4900 4899
f 4859 4860 4900
f 4860 4901 4900
f 4860 4861 4901
f 4861 4902 4901
f 4861 4862 4902
f 4862 4903 4902
f 4862 4863 4903
f 4863 4904 4903
f 4863 4864 4904
f 4864 4905 4904
f 4864 4865 4905
f 4865 4906 4905
f 4865 4866 4906
f 4866 4907 4906
f 4866 4867 4907
f 4867 4908 4907
f 4867 4868 4908
f 4868 4909 4908
f 4868 4869 4909
f 4869 4910 4909
f 4870 4871 4911
f 4871 4912 4911
f 4871 4872 4912
f 4872 4913 4912
f 4872 4873 4913
f 4873 4914 4913
f 4873 4874 4914
f 4874 4915 4914
f 4874 4875 4915
f 4875 4916 4915
f 4875 4876 4916
f 4876 4917 4916
f 4876 4877 4917
f 4877 4918 4917
f 4877 4878 4918
f 4878 4919 4918
f 4878 4879 4919
f 4879 4920 4919
f 4879 4880 4920
f 4880 4921 4920
f 4880 4881 4921
f 4881 4922 4921
f 4881 4882 4922
f 4882 4923 4922
f 4882 4883 4923
f 4883 4924 4923
f 4883 4884 4924
f 4884 4925 4924
f 4884 4885 4925
f 4885 4926 4925
f 4885 4886 4926
f 4886 4927 4926
f 4886 4887 4927
f 4887 4928 4927
f 4887 4888 4928
f 4888 4929 4928
f 4888 4889 4929
f 4889 4930 4929
f 4889 4890 4930
f 4890 4931 4930
f 4890 4891 4931
f 4891 4932 4931
f 4891 4892 4932
f 4892 4933 4932
f 4892 4893 4933
f 4893 4934 4933
f 4893 4894 4934
f 4894 4935 4934
f 4894 4895 4935
f 4895 4936 4935
f 4895 4896 4936
f 4896 4937 4936
f 4896 4897 4937
f 4897 4938 4937
f 4897 4898 4938
f 4898 4939 4938
f 4898 4899 4939
f 4899 4940 4939
f 4899 4900 4940
f 4900 4941 4940
f 4900 4901 4941
f 4901 4942 4941
f 4901 4902 4942
f 4902 4943 4942
f 4902 4903 4943
f 4903 4944 4943
f 4903 4904 4944
f 4904 4945 4944
f 4904 4905 4945
f 4905 4946 4945
f 4905 4906 4946
f 4906 4947 4946
f 4906 4907 4947
f 4907 4948 4947
f 4907 4908 4948
f 4908 4949 4948
f 4908 4909 4949
f 4909 4950 4949
f 4909 4910 4950
f 4910 4951 4950
f 4911 4912 4952
f 4912 4953 4952
f 4912 4913 4953
f 4913 4954 4953
f 4913 4914 4954
f 4914 4955 4954
f 4914 4915 4955
f 4915 4956 4955
f 4915 4916 4956
f 4916 4957 4956
f 4916 4917 4957
f 4917 4958 4957
f 4917 4918 4958
f 4918 4959 4958
f 4918 4919 4959
f 4919 4960 4959
f 4919 4920 4960
f 4920 4961 4960
f 4920 4921 4961
f 4921 4962 4961
f 4921 4922 4962
f 4922 4963 4962
f 4922 4923 4963
f 4923 4964 4963
f 4923 4924 4964
f 4924 4965 4964
f 4924 4925 4965
f 4925 4966 4965
f 4925 4926 4966
f 4926 4967 4966
f 4926 4927 4967
f 4927 4968 4967
f 4927 4928 4968
f 4928 4969 4968
f 4928 4929 4969
f 4929 4970 4969
f 4929 4930 4970
f 4930 4971 4970
f 4930 4931 4971
f 4931 4972 4971
f 4931 4932 4972
f 4932 4973 4972
f 4932 4933 4973
f 4933 4974 4973
f 4933 4934 4974
f 4934 4975 4974
f 4934 4935 4975
f 4935 4976 4975
f 4935 4936 4976
f 4936 4977 4976
f 4936 4937 4977
f 4937 4978 4977
f 4937 4938 4978
f 4938 4979 4978
f 4938 4939 4979
f 4939 4980 4979
f 4939 4940 4980
f 4940 4981 4980
f 4940 4941 4981
f 4941 4982 4981
f 4941 4942 4982
f 4942 4983 4982
f 4942 4943 4983
f 4943 4984 4983
f 4943 4944 4984
f 4944 4985 4984
f 4944 4945 4985
f 4945 4986 4985
f 4945 4946 4986
f 4946 4987 4986
f 4946 4947 4987
f 4947 4988 4987
f 4947 4948 4988
f 4948 4989 4988
f 4948 4949 4989
f 4949 4990 4989
f 4949 4950 4990
f 4950 4991 4990
f 4950 4951 4991
f 4951 4992 4991
f 4952 4953 4993
f 4953 4994 4993
f 4953 4954 4994
f 4954 4995 4994
f 4954 4955 4995
f 4955 4996 4995
f 4955 4956 4996
f 4956 4997 4996
f 4956 4957 4997
f 4957 4998 4997
f 4957 4958 4998
f 4958 4999 4998
f 4958 4959 4999
f 4959 5000 4999
f 4959 4960 5000
f 4960 5001 5000
f 4960 4961 5001
f 4961 5002 5001
f 4961 4962 5002
f 4962 5003 5002
f 4962 4963 5003
f 4963 5004 5003
f 4963 4964 5004
f 4964 5005 5004
f 4964 4965 5005
f 4965 5006 5005
f 4965 4966 5006
f 4966 5007 5006
f 4966 4967 5007
f 4967 5008 5007
f 4967 4968 5008
f 4968 5009 5008
f 4968 4969 5009
f 4969 5010 5009
f 4969 4970 5010
f 4970 5011 5010
f 4970 4971 5011
f 4971 5012 5011
f 4971 4972 5012
f 4972 5013 5012
f 4972 4973 5013
f 4973 5014 5013
f 4973 4974 5014
f 4974 5015 5014
f 4974 4975 5015
f 4975 5016 5015
f 4975 4976 5016
f 4976 5017 5016
f 4976 4977 5017
f 4977 5018 5017
f 4977 4978 5018
f 4978 5019 5018
f 4978 4979 5019
f 4979 5020 5019
f 4979 4980 5020
f 4980 5021 5020
f 4980 4981 5021
f 4981 5022 5021
f 4981 4982 5022
f 4982 5023 5022
f 4982 4983 5023
f 4983 5024 5023
f 4983 4984 5024
f 4984 5025 5024
f 4984 4985 5025
f 4985 5026 5025
f 4985 4986 5026
f 4986 5027 5026
f 4986 4987 5027
f 4987 5028 5027
f 4987 4988 5028
f 4988 5029 5028
f 4988 4989 5029
f 4989 5030 5029
f 4989 4990 5030
f 4990 5031 5030
f 4990 4991 5031
f 4991 5032 5031
f 4991 4992 5032
f 4992 5033 5032
f 4993 4994 5034
f 4994 5035 5034
f 4994 4995 5035
f 4995 5036 5035
f 4995 4996 5036
f 4996 5037 5036
f 4996 4997 5037
f 4997 5038 5037
f 4997 4998 5038
f 4998 5039 5038
f 4998 4999 5039
f 4999 5040 5039
f 4999 5000 5040
f 5000 5041 5040
f 5000 5001 5041
f 5001 5042 5041
f 5001 5002 5042
f 5002 5043 5042
f 5002 5003 5043
f 5003 5044 5043
f 5003 5004 5044
f 5004 5045 5044
f 5004 5005 5045
f 5005 5046 5045
f 5005 5006 5046
f 5006 5047 5046
f 5006 5007 5047
f 5007 5048 5047
f 5007 5008 5048
f 5008 5049 5048
f 5008 5009 5049
f 5009 5050 5049
f 5009 5010 5050
f 5010 5051 5050
f 5010 5011 5051
f 5011 5052 5051
f 5011 5012 5052
f 5012 5053 5052
f 5012 5013 5053
f 5013 5054 5053
f 5013 5014 5054
f 5014 5055 5054
f 5014 5015 5055
f 5015 5056 5055
f 5015 5016 5056
f 5016 5057 5056
f 5016 5017 5057
f 5017 5058 5057
f 5017 5018 5058
f 5018 5059 5058
f 5018 5019 5059
f 5019 5060 5059
f 5019 5020 5060
f 5020 5061 5060
f 5020 5021 5061
f 5021 5062 5061
f 5021 5022 5062
f 5022 5063 5062
f 5022 5023 5063
f 5023 5064 5063
f 5023 5024 5064
f 5024 5065 5064
f 5024 5025 5065
f 5025 5066 5065
f 5025 5026 5066
f 5026 5067 5066
f 5026 5027 5067
f 5027 5068 5067
f 5027 5028 5068
f 5028 5069 5068
f 5028 5029 5069
f 5029 5070 5069
f 5029 5030 5070
f 5030 5071 5070
f 5030 5031 5071
f 5031 5072 5071
f 5031 5032 5072
f 5032 5073 5072
f 5032 5033 5073
f 5033 5074 5073
f 5034 5035 5075
f 5035 5076 5075
f 5035 5036 5076
f 5036 5077 5076
f 5036 5037 5077
f 5037 5078 5077
f 5037 5038 5078
f 5038 5079 5078
f 5038 5039 5079
f 5039 5080 5079
f 5039 5040 5080
f 5040 5081 5080
f 5040 5041 5081
f 5041 5082 5081
f 5041 5042 5082
f 5042 5083 5082
f 5042 5043 5083
f 5043 5084 5083
f 5043 5044 5084
f 5044 5085 5084
f 5044 5045 5085
f 5045 5086 5085
f 5045 5046 5086
f 5046 5087 5086
f 5046 5047 5087
f 5047 5088 5087
f 5047 5048 5088
f 5048 5089 5088
f 5048 5049 5089
f 5049 5090 5089
f 5049 5050 5090
f 5050 5091 5090
f 5050 5051 5091
f 5051 5092 5091
f 5051 5052 5092
f 5052 5093 5092
f 5052 5053 5093
f 5053 5094 5093
f 5053 5054 5094
f 5054 5095 5094
f 5054 5055 5095
f 5055 5096 5095
f 5055 5056 5096
f 5056 5097 5096
f 5056 5057 5097
f 5057 5098 5097
f 5057 5058 5098
f 5058 5099 5098
f 5058 5059 5099
f 5059 5100 5099
f 5059 5060 5100
f 5060 5101 5100
f 5060 5061 5101
f 5061 5102 5101
f 5061 5062 5102
f 5062 5103 5102
f 5062 5063 5103
f 5063 5104 5103
f 5063 5064 5104
f 5064 5105 5104
f 5064 5065 5105
f 5065 5106 5105
f 5065 5066 5106
f 5066 5107 5106
f 5066 5067 5107
f 5067 5108 5107
f 5067 5068 5108
f 5068 5109 5108
f 5068 5069 5109
f 5069 5110 5109
f 5069 5070 5110
f 5070 5111 5110
f 5070 5071 5111
f 5071 5112 5111
f 5071 5072 5112
f 5072 5113 5112
f 5072 5073 5113
f 5073 5114 5113
f 5073 5074 5114
f 5074 5115 5114
f 5075 5076 5116
f 5076 5117 5116
f 5076 5077 5117
f 5077 5118 5117
f 5077 5078 5118
f 5078 5119 5118
f 5078 5079 5119
f 5079 5120 5119
f 5079 5080 5120
f 5080 5121 5120
f 5080 5081 5121
f 5081 5122 5121
f 5081 5082 5122
f 5082 5123 5122
f 5082 5083 5123
f 5083 5124 5123
f 5083 5084 5124
f 5084 5125 5124
f 5084 5085 5125
f 5085 5126 5125
f 5085 5086 5126
f 5086 5127 5126
f 5086 5087 5127
f 5087 5128 5127
f 5087 5088 5128
f 5088 5129 5128
f 5088 5089 5129
f 5089 5130 5129
f 5089 5090 5130
f 5090 5131 5130
f 5090 5091 5131
f 5091 5132 5131
f 5091 5092 5132
f 5092 5133 5132
f 5092 5093 5133
f 5093 5134 5133
f 5093 5094 5134
f 5094 5135 5134
f 5094 5095 5135
f 5095 5136 5135
f 5095 5096 5136
f 5096 5137 5136
f 5096 5097 5137
f 5097 5138 5137
f 5097 5098 5138
f 5098 5139 5138
f 5098 5099 5139
f 5099 5140 5139
f 5099 5100 5140
f 5100 5141 5140
f 5100 5101 5141
f 5101 5142 5141
f 5101 5102 5142
f 5102 5143 5142
f 5102 5103 5143
f 5103 5144 5143
f 5103 5104 5144
f 5104 5145 5144
f 5104 5105 5145
f 5105 5146 5145
f 5105 5106 5146
f 5106 5147 5146
f 5106 5107 5147
f 5107 5148 5147
f 5107 5108 5148
f 5108 5149 5148
f 5108 5109 5149
f 5109 5150 5149
f 5109 5110 5150
f 5110 5151 5150
f 5110 5111 5151
f 5111 5152 5151
f 5111 5112 5152
f 5112 5153 5152
f 5112 5113 5153
f 5113 5154 5153
f 5113 5114 5154
f 5114 5155 5154
f 5114 5115 5155
f 5115 5156 5155
f 5116 5117 5157
f 5117 5158 5157
f 5117 5118 5158
f 5118 5159 5158
f 5118 5119 5159
f 5119 5160 5159
f 5119 5120 5160
f 5120 5161 5160
f 5120 5121 5161
f 5121 5162 5161
f 5121 5122 5162
f 5122 5163 5162
f 5122 5123 5163
f 5123 5164 5163
f 5123 5124 5164
f 5124 5165 5164
f 5124 5125 5165
f 5125 5166 5165
f 5125 5126 5166
f 5126 5167 5166
f 5126 5127 5167
f 5127 5168 5167
f 5127 5128 5168
f 5128 5169 5168
f 5128 5129 5169
f 5129 5170 5169
f 5129 5130 5170
f 5130 5171 5170
f 5130 5131 5171
f 5131 5172 5171
f 5131 5132 5172
f 5132 5173 5172
f 5132 5133 5173
f 5133 5174 5173
f 5133 5134 5174
f 5134 5175 5174
f 5134 5135 5175
f 5135 5176 5175
f 5135 5136 5176
f 5136 5177 5176
f 5136 5137 5177
f 5137 5178 5177
f 5137 5138 5178
f 5138 5179 5178
f 5138 5139 5179
f 5139 5180 5179
f 5139 5140 5180
f 5140 5181 5180
f 5140 5141 5181
f 5141 5182 5181
f 5141 5142 5182
f 5142 5183 5182
f 5142 5143 5183
f 5143 5184 5183
f 5143 5144 5184
f 5144 5185 5184
f 5144 5145 5185
f 5145 5186 5185
f 5145 5146 5186
f 5146 5187 5186
f 5146 5147 5187
f 5147 5188 5187
f 5147 5148 5188
f 5148 5189 5188
f 5148 5149 5189
f 5149 5190 5189
f 5149 5150 5190
f 5150 5191 5190
f 5150 5151 5191
f 5151 5192 5191
f 5151 5152 5192
f 5152 5193 5192
f 5152 5153 5193
f 5153 5194 5193
f 5153 5154 5194
f 5154 5195 5194
f 5154 5155 5195
f 5155 5196 5195
f 5155 5156 5196
f 5156 5197 5196
f 5157 5158 5198
f 5158 5199 5198
f 5158 5159 5199
f 5159 5200 5199
f 5159 5160 5200
f 5160 5201 5200
f 5160 5161 5201
f 5161 5202 5201
f 5161 5162 5202
f 5162 5203 5202
f 5162 5163 5203
f 5163 5204 5203
f 5163 5164 5204
f 5164 5205 5204
f 5164 5165 5205
f 5165 5206 5205
f 5165 5166 5206
f 5166 5207 5206
f 5166 5167 5207
f 5167 5208 5207
f 5167 5168 5208
f 5168 5209 5208
f 5168 5169 5209
f 5169 5210 5209
f 5169 5170 5210
f 5170 5211 5210
f 5170 5171 5211
f 5171 5212 5211
f 5171 5172 5212
f 5172 5213 5212
f 5172 5173 5213
f 5173 5214 5213
f 5173 5174 5214
f 5174 5215 5214
f 5174 5175 5215
f 5175 5216 5215
f 5175 5176 5216
f 5176 5217 5216
f 5176 5177 5217
f 5177 5218 5217
f 5177 5178 5218
f 5178 5219 5218
f 5178 5179 5219
f 5179 5220 5219
f 5179 5180 5220
f 5180 5221 5220
f 5180 5181 5221
f 5181 5222 5221
f 5181 5182 5222
f 5182 5223 5222
f 5182 5183 5223
f 5183 5224 5223
f 5183 5184 5224
f 5184 5225 5224
f 5184 5185 5225
f 5185 5226 5225
f 5185 5186 5226
f 5186 5227 5226
f 5186 5187 5227
f 5187 5228 5227
f 5187 5188 5228
f 5188 5229 5228
f 5188 5189 5229
f 5189 5230 5229
f 5189 5190 5230
f 5190 5231 5230
f 5190 5191 5231
f 5191 5232 5231
f 5191 5192 5232
f 5192 5233 5232
f 5192 5193 5233
f 5193 5234 5233
f 5193 5194 5234
f 5194 5235 5234
f 5194 5195 5235
f 5195 5236 5235
f 5195 5196 5236
f 5196 5237 5236
f 5196 5197 5237
f 5197 5238 5237
f 5198 5199 5239
f 5199 5240 5239
f 5199 5200 5240
f 5200 5241 5240
f 5200 5201 5241
f 5201 5242 5241
f 5201 5202 5242
f 5202 5243 5242
f 5202 5203 5243
f 5203 5244 5243
f 5203 5204 5244
f 5204 5245 5244
f 5204 5205 5245
f 5205 5246 5245
f 5205 5206 5246
f 5206 5247 5246
f 5206 5207 5247
f 5207 5248 5247
f 5207 5208 5248
f 5208 5249 5248
f 5208 5209 5249
f 5209 5250 5249
f 5209 5210 5250
f 5210 5251 5250
f 5210 5211 5251
f 5211 5252 5251
f 5211 5212 5252
f 5212 5253 5252
f 5212 5213 5253
f 5213 5254 5253
f 5213 5214 5254
f 5214 5255 5254
f 5214 5215 5255
f 5215 5256 5255
f 5215 5216 5256
f 5216 5257 5256
f 5216 5217 5257
f 5217 5258 5257
f 5217 5218 5258
f 5218 5259 5258
f 5218 5219 5259
f 5219 5260 5259
f 5219 5220 5260
f 5220 5261 5260
f 5220 5221 5261
f 5221 5262 5261
f 5221 5222 5262
f 5222 5263 5262
f 5222 5223 5263
f 5223 5264 5263
f 5223 5224 5264
f 5224 5265 5264
f 5224 5225 5265
f 5225 5266 5265
f 5225 5226 5266
f 5226 5267 5266
f 5226 5227 5267
f 5227 5268 5267
f 5227 5228 5268
f 5228 5269 5268
f 5228 5229 5269
f 5229 5270 5269
f 5229 5230 5270
f 5230 5271 5270
f 5230 5231 5271
f 5231 5272 5271
f 5231 5232 5272
f 5232 5273 5272
f 5232 5233 5273
f 5233 5274 5273
f 5233 5234 5274
f 5234 5275 5274
f 5234 5235 5275
f 5235 5276 5275
f 5235 5236 5276
f 5236 5277 5276
f 5236 5237 5277
f 5237 5278 5277
f 5237 5238 5278
f 5238 5279 5278
f 5239 5240 5280
f 5240 5281 5280
f 5240 5241 5281
f 5241 5282 5281
f 5241 5242 5282
f 5242 5283 5282
f 5242 5243 5283
f 5243 5284 5283
f 5243 5244 5284
f 5244 5285 5284
f 5244 5245 5285
f 5245 5286 5285
f 5245 5246 5286
f 5246 5287 5286
f 5246 5247 5287
f 5247 5288 5287
f 5247 5248 5288
f 5248 5289 5288
f 5248 5249 5289
f 5249 5290 5289
f 5249 5250 5290
f 5250 5291 5290
f 5250 5251 5291
f 5251 5292 5291
f 5251 5252 5292
f 5252 5293 5292
f 5252 5253 5293
f 5253 5294 5293
f 5253 5254 5294
f 5254 5295 5294
f 5254 5255 5295
f 5255 5296 5295
f 5255 5256 5296
f 5256 5297 5296
f 5256 5257 5297
f 5257 5298 5297
f 5257 5258 5298
f 5258 5299 5298
f 5258 5259 5299
f 5259 5300 5299
f 5259 5260 5300
f 5260 5301 5300
f 5260 5261 5301
f 5261 5302 5301
f 5261 5262 5302
f 5262 5303 5302
f 5262 5263 5303
f 5263 5304 5303
f 5263 5264 5304
f 5264 5305 5304
f 5264 5265 5305
f 5265 5306 5305
f 5265 5266 5306
f 5266 5307 5306
f 5266 5267 5307
f 5267 5308 5307
f 5267 5268 5308
f 5268 5309 5308
f 5268 5269 5309
f 5269 5310 5309
f 5269 5270 5310
f 5270 5311 5310
f 5270 5271 5311
f 5271 5312 5311
f 5271 5272 5312
f 5272 5313 5312
f 5272 5273 5313
f 5273 5314 5313
f 5273 5274 5314
f 5274 5315 5314
f 5274 5275 5315
f 5275 5316 5315
f 5275 5276 5316
f 5276 5317 5316
f 5276 5277 5317
f 5277 5318 5317
f 5277 5278 5318
f 5278 5319 5318
f 5278 5279 5319
f 5279 5320 5319
f 5280 5281 5321
f 5281 5322 5321
f 5281 5282 5322
f 5282 5323 5322
f 5282 5283 5323
f 5283 5324 5323
f 5283 5284 5324
f 5284 5325 5324
f 5284 5285 5325
f 5285 5326 5325
f 5285 5286 5326
f 5286 5327 5326
f 5286 5287 5327
f 5287 5328 5327
f 5287 5288 5328
f 5288 5329 5328
f 5288 5289 5329
f 5289 5330 5329
f 5289 5290 5330
f 5290 5331 5330
f 5290 5291 5331
f 5291 5332 5331
f 5291 5292 5332
f 5292 5333 5332
f 5292 5293 5333
f 5293 5334 5333
f 5293 5294 5334
f 5294 5335 5334
f 5294 5295 5335
f 5295 5336 5335
f 5295 5296 5336
f 5296 5337 5336
f 5296 5297 5337
f 5297 5338 5337
f 5297 5298 5338
f 5298 5339 5338
f 5298 5299 5339
f 5299 5340 5339
f 5299 5300 5340
f 5300 5341 5340
f 5300 5301 5341
f 5301 5342 5341
f 5301 5302 5342
f 5302 5343 5342
f 5302 5303 5343
f 5303 5344 5343
f 5303 5304 5344
f 5304 5345 5344
f 5304 5305 5345
f 5305 5346 5345
f 5305 5306 5346
f 5306 5347 5346
f 5306 5307 5347
f 5307 5348 5347
f 5307 5308 5348
f 5308 5349 5348
f 5308 5309 5349
f 5309 5350 5349
f 5309 5310 5350
f 5310 5351 5350
f 5310 5311 5351
f 5311 5352 5351
f 5311 5312 5352
f 5312 5353 5352
f 5312 5313 5353
f 5313 5354 5353
f 5313 5314 5354
f 5314 5355 5354
f 5314 5315 5355
f 5315 5356 5355
f 5315 5316 5356
f 5316 5357 5356
f 5316 5317 5357
f 5317 5358 5357
f 5317 5318 5358
f 5318 5359 5358
f 5318 5319 5359
f 5319 5360 5359
f 5319 5320 5360
f 5320 5361 5360
f 5321 5322 5362
f 5322 5363 5362
f 5322 5323 5363
f 5323 5364 5363
f 5323 5324 5364
f 5324 5365 5364
f 5324 5325 5365
f 5325 5366 5365
f 5325 5326 5366
f 5326 5367 5366
f 5326 5327 5367
f 5327 5368 5367
f 5327 5328 5368
f 5328 5369 5368
f 5328 5329 5369
f 5329 5370 5369
f 5329 5330 5370
f 5330 5371 5370
f 5330 5331 5371
f 5331 5372 5371
f 5331 5332 5372
f 5332 5373 5372
f 5332 5333 5373
f 5333 5374 5373
f 5333 5334 5374
f 5334 5375 5374
f 5334 5335 5375
f 5335 5376 5375
f 5335 5336 5376
f 5336 5377 5376
f 5336 5337 5377
f 5337 5378 5377
f 5337 5338 5378
f 5338 5379 5378
f 5338 5339 5379
f 5339 5380 5379
f 5339 5340 5380
f 5340 5381 5380
f 5340 5341 5381
f 5341 5382 5381
f 5341 5342 5382
f 5342 5383 5382
f 5342 5343 5383
f 5343 5384 5383
f 5343 5344 5384
f 5344 5385 5384
f 5344 5345 5385
f 5345 5386 5385
f 5345 5346 5386
f 5346 5387 5386
f 5346 5347 5387
f 5347 5388 5387
f 5347 5348 5388
f 5348 5389 5388
f 5348 5349 5389
f 5349 5390 5389
f 5349 5350 5390
f 5350 5391 5390
f 5350 5351 5391
f 5351 5392 5391
f 5351 5352 5392
f 5352 5393 5392
f 5352 5353 5393
f 5353 5394 5393
f 5353 5354 5394
f 5354 5395 5394
f 5354 5355 5395
f 5355 5396 5395
f 5355 5356 5396
f 5356 5397 5396
f 5356 5357 5397
f 5357 5398 5397
f 5357 5358 5398
f 5358 5399 5398
f 5358 5359 5399
f 5359 5400 5399
f 5359 5360 5400
f 5360 5401 5400
f 5360 5361 5401
f 5361 5402 5401
f 5362 5363 5403
f 5363 5404 5403
f 5363 5364 5404
f 5364 5405 5404
f 5364 5365 5405
f 5365 5406 5405
f 5365 5366 5406
f 5366 5407 5406
f 5366 5367 5407
f 5367 5408 5407
f 5367 5368 5408
f 5368 5409 5408
f 5368 5369 5409
f 5369 5410 5409
f 5369 5370 5410
f 5370 5411 5410
f 5370 5371 5411
f 5371 5412 5411
f 5371 5372 5412
f 5372 5413 5412
f 5372 5373 5413
f 5373 5414 5413
f 5373 5374 5414
f 5374 5415 5414
f 5374 5375 5415
f 5375 5416 5415
f 5375 5376 5416
f 5376 5417 5416
f 5376 5377 5417
f 5377 5418 5417
f 5377 5378 5418
f 5378 5419 5418
f 5378 5379 5419
f 5379 5420 5419
f 5379 5380 5420
f 5380 5421 5420
f 5380 5381 5421
f 5381 5422 5421
f 5381 5382 5422
f 5382 5423 5422
f 5382 5383 5423
f 5383 5424 5423
f 5383 5384 5424
f 5384 5425 5424
f 5384 5385 5425
f 5385 5426 5425
f 5385 5386 5426
f 5386 5427 5426
f 5386 5387 5427
f 5387 5428 5427
f 5387 5388 5428
f 5388 5429 5428
f 5388 5389 5429
f 5389 5430 5429
f 5389 5390 5430
f 5390 5431 5430
f 5390 5391 5431
f 5391 5432 5431
f 5391 5392 5432
f 5392 5433 5432
f 5392 5393 5433
f 5393 5434 5433
f 5393 5394 5434
f 5394 5435 5434
f 5394 5395 5435
f 5395 5436 5435
f 5395 5396 5436
f 5396 5437 5436
f 5396 5397 5437
f 5397 5438 5437
f 5397 5398 5438
f 5398 5439 5438
f 5398 5399 5439
f 5399 5440 5439
f 5399 5400 5440
f 5400 5441 5440
f 5400 5401 5441
f 5401 5442 5441
f 5401 5402 5442
f 5402 5443 5442
f 5403 5404 5444
f 5404 5445 5444
f 5404 5405 5445
f 5405 5446 5445
f 5405 5406 5446
f 5406 5447 5446
f 5406 5407 5447
f 5407 5448 5447
f 5407 5408 5448
f 5408 5449 5448
f 5408 5409 5449
f 5409 5450 5449
f 5409 5410 5450
f 5410 5451 5450
f 5410 5411 5451
f 5411 5452 5451
f 5411 5412 5452
f 5412 5453 5452
f 5412 5413 5453
f 5413 5454 5453
f 5413 5414 5454
f 5414 5455 5454
f 5414 5415 5455
f 5415 5456 5455
f 5415 5416 5456
f 5416 5457 5456
f 5416 5417 5457
f 5417 5458 5457
f 5417 5418 5458
f 5418 5459 5458
f 5418 5419 5459
f 5419 5460 5459
f 5419 5420 5460
f 5420 5461 5460
f 5420 5421 5461
f 5421 5462 5461
f 5421 5422 5462
f 5422 5463 5462
f 5422 5423 5463
f 5423 5464 5463
f 5423 5424 5464
f 5424 5465 5464
f 5424 5425 5465
f 5425 5466 5465
f 5425 5426 5466
f 5426 5467 5466
f 5426 5427 5467
f 5427 5468 5467
f 5427 5428 5468
f 5428 5469 5468
f 5428 5429 5469
f 5429 5470 5469
f 5429 5430 5470
f 5430 5471 5470
f 5430 5431 5471
f 5431 5472 5471
f 5431 5432 5472
f 5432 5473 5472
f 5432 5433 5473
f 5433 5474 5473
f 5433 5434 5474
f 5434 5475 5474
f 5434 5435 5475
f 5435 5476 5475
f 5435 5436 5476
f 5436 5477 5476
f 5436 5437 5477
f 5437 5478 5477
f 5437 5438 5478
f 5438 5479 5478
f 5438 5439 5479
f 5439 5480 5479
f 5439 5440 5480
f 5440 5481 5480
f 5440 5441 5481
f 5441 5482 5481
f 5441 5442 5482
f 5442 5483 5482
f 5442 5443 5483
f 5443 5484 5483
f 5444 5445 5485
f 5445 5486 5485
f 5445 5446 5486
f 5446 5487 5486
f 5446 5447 5487
f 5447 5488 5487
f 5447 5448 5488
f 5448 5489 5488
f 5448 5449 5489
f 5449 5490 5489
f 5449 5450 5490
f 5450 5491 5490
f 5450 5451 5491
f 5451 5492 5491
f 5451 5452 5492
f 5452 5493 5492
f 5452 5453 5493
f 5453 5494 5493
f 5453 5454 5494
f 5454 5495 5494
f 5454 5455 5495
f 5455 5496 5495
f 5455 5456 5496
f 5456 5497 5496
f 5456 5457 5497
f 5457 5498 5497
f 5457 5458 5498
f 5458 5499 5498
f 5458 5459 5499
f 5459 5500 5499
f 5459 5460 5500
f 5460 5501 5500
f 5460 5461 5501
f 5461 5502 5501
f 5461 5462 5502
f 5462 5503 5502
f 5462 5463 5503
f 5463 5504 5503
f 5463 5464 5504
f 5464 5505 5504
f 5464 5465 5505
f 5465 5506 5505
f 5465 5466 5506
f 5466 5507 5506
f 5466 5467 5507
f 5467 5508 5507
f 5467 5468 5508
f 5468 5509 5508
f 5468 5469 5509
f 5469 5510 5509
f 5469 5470 5510
f 5470 5511 5510
f 5470 5471 5511
f 5471 5512 5511
f 5471 5472 5512
f 5472 5513 5512
f 5472 5473 5513
f 5473 5514 5513
f 5473 5474 5514
f 5474 5515 5514
f 5474 5475 5515
f 5475 5516 5515
f 5475 5476 5516
f 5476 5517 5516
f 5476 5477 5517
f 5477 5518 5517
f 5477 5478 5518
f 5478 5519 5518
f 5478 5479 5519
f 5479 5520 5519
f 5479 5480 5520
f 5480 5521 5520
f 5480 5481 5521
f 5481 5522 5521
f 5481 5482 5522
f 5482 5523 5522
f 5482 5483 5523
f 5483 5524 5523
f 5483 5484 5524
f 5484 5525 5524
f 5485 5486 5526
f 5486 5527 5526
f 5486 5487 5527
f 5487 5528 5527
f 5487 5488 5528
f 5488 5529 5528
f 5488 5489 5529
f 5489 5530 5529
f 5489 5490 5530
f 5490 5531 5530
f 5490 5491 5531
f 5491 5532 5531
f 5491 5492 5532
f 5492 5533 5532
f 5492 5493 5533
f 5493 5534 5533
f 5493 5494 5534
f 5494 5535 5534
f 5494 5495 5535
f 5495 5536 5535
f 5495 5496 5536
f 5496 5537 5536
f 5496 5497 5537
f 5497 5538 5537
f 5497 5498 5538
f 5498 5539 5538
f 5498 5499 5539
f 5499 5540 5539
f 5499 5500 5540
f 5500 5541 5540
f 5500 5501 5541
f 5501 5542 5541
f 5501 5502 5542
f 5502 5543 5542
f 5502 5503 5543
f 5503 5544 5543
f 5503 5504 5544
f 5504 5545 5544
f 5504 5505 5545
f 5505 5546 5545
f 5505 5506 5546
f 5506 5547 5546
f 5506 5507 5547
f 5507 5548 5547
f 5507 5508 5548
f 5508 5549 5548
f 5508 5509 5549
f 5509 5550 5549
f 5509 5510 5550
f 5510 5551 5550
f 5510 5511 5551
f 5511 5552 5551
f 5511 5512 5552
f 5512 5553 5552
f 5512 5513 5553
f 5513 5554 5553
f 5513 5514 5554
f 5514 5555 5554
f 5514 5515 5555
f 5515 5556 5555
f 5515 5516 5556
f 5516 5557 5556
f 5516 5517 5557
f 5517 5558 5557
f 5517 5518 5558
f 5518 5559 5558
f 5518 5519 5559
f 5519 5560 5559
f 5519 5520 5560
f 5520 5561 5560
f 5520 5521 5561
f 5521 5562 5561
f 5521 5522 5562
f 5522 5563 5562
f 5522 5523 5563
f 5523 5564 5563
f 5523 5524 5564
f 5524 5565 5564
f 5524 5525 5565
f 5525 5566 5565
