#VRML V2.0 utf8
# box
Shape {
  # box
  geometry IndexedFaceSet {
    coord Coordinate {
      point [
        0.000000 3.000000 0.000000,
        0.142857 3.000000 0.000000,
        0.285714 3.000000 0.000000,
        0.428571 3.000000 0.000000,
        0.571429 3.000000 0.000000,
        0.714286 3.000000 0.000000,
        0.857143 3.000000 0.000000,
        1.000000 3.000000 0.000000,
        1.142857 3.000000 0.000000,
        1.285714 3.000000 0.000000,
        1.428571 3.000000 0.000000,
        1.571429 3.000000 0.000000,
        1.714286 3.000000 0.000000,
        1.857143 3.000000 0.000000,
        2.000000 3.000000 0.000000,
        0.000000 2.850000 0.000000,
        0.142857 2.850000 0.000000,
        0.285714 2.850000 0.000000,
        0.428571 2.850000 0.000000,
        0.571429 2.850000 0.000000,
        0.714286 2.850000 0.000000,
        0.857143 2.850000 0.000000,
        1.000000 2.850000 0.000000,
        1.142857 2.850000 0.000000,
        1.285714 2.850000 0.000000,
        1.428571 2.850000 0.000000,
        1.571429 2.850000 0.000000,
        1.714286 2.850000 0.000000,
        1.857143 2.850000 0.000000,
        2.000000 2.850000 0.000000,
        0.000000 2.700000 0.000000,
        0.142857 2.700000 0.000000,
        0.285714 2.700000 0.000000,
        0.428571 2.700000 0.000000,
        0.571429 2.700000 0.000000,
        0.714286 2.700000 0.000000,
        0.857143 2.700000 0.000000,
        1.000000 2.700000 0.000000,
        1.142857 2.700000 0.000000,
        1.285714 2.700000 0.000000,
        1.428571 2.700000 0.000000,
        1.571429 2.700000 0.000000,
        1.714286 2.700000 0.000000,
        1.857143 2.700000 0.000000,
        2.000000 2.700000 0.000000,
        0.000000 2.550000 0.000000,
        0.142857 2.550000 0.000000,
        0.285714 2.550000 0.000000,
        0.428571 2.550000 0.000000,
        0.571429 2.550000 0.000000,
        0.714286 2.550000 0.000000,
        0.857143 2.550000 0.000000,
        1.000000 2.550000 0.000000,
        1.142857 2.550000 0.000000,
        1.285714 2.550000 0.000000,
        1.428571 2.550000 0.000000,
        1.571429 2.550000 0.000000,
        1.714286 2.550000 0.000000,
        1.857143 2.550000 0.000000,
        2.000000 2.550000 0.000000,
        0.000000 2.400000 0.000000,
        0.142857 2.400000 0.000000,
        0.285714 2.400000 0.000000,
        0.428571 2.400000 0.000000,
        0.571429 2.400000 0.000000,
        0.714286 2.400000 0.000000,
        0.857143 2.400000 0.000000,
        1.000000 2.400000 0.000000,
        1.142857 2.400000 0.000000,
        1.285714 2.400000 0.000000,
        1.428571 2.400000 0.000000,
        1.571429 2.400000 0.000000,
        1.714286 2.400000 0.000000,
        1.857143 2.400000 0.000000,
        2.000000 2.400000 0.000000,
        0.000000 2.250000 0.000000,
        0.142857 2.250000 0.000000,
        0.285714 2.250000 0.000000,
        0.428571 2.250000 0.000000,
        0.571429 2.250000 0.000000,
        0.714286 2.250000 0.000000,
        0.857143 2.250000 0.000000,
        1.000000 2.250000 0.000000,
        1.142857 2.250000 0.000000,
        1.285714 2.250000 0.000000,
        1.428571 2.250000 0.000000,
        1.571429 2.250000 0.000000,
        1.714286 2.250000 0.000000,
        1.857143 2.250000 0.000000,
        2.000000 2.250000 0.000000,
        0.000000 2.100000 0.000000,
        0.142857 2.100000 0.000000,
        0.285714 2.100000 0.000000,
        0.428571 2.100000 0.000000,
        0.571429 2.100000 0.000000,
        0.714286 2.100000 0.000000,
        0.857143 2.100000 0.000000,
        1.000000 2.100000 0.000000,
        1.142857 2.100000 0.000000,
        1.285714 2.100000 0.000000,
        1.428571 2.100000 0.000000,
        1.571429 2.100000 0.000000,
        1.714286 2.100000 0.000000,
        1.857143 2.100000 0.000000,
        2.000000 2.100000 0.000000,
        0.000000 1.950000 0.000000,
        0.142857 1.950000 0.000000,
        0.285714 1.950000 0.000000,
        0.428571 1.950000 0.000000,
        0.571429 1.950000 0.000000,
        0.714286 1.950000 0.000000,
        0.857143 1.950000 0.000000,
        1.000000 1.950000 0.000000,
        1.142857 1.950000 0.000000,
        1.285714 1.950000 0.000000,
        1.428571 1.950000 0.000000,
        1.571429 1.950000 0.000000,
        1.714286 1.950000 0.000000,
        1.857143 1.950000 0.000000,
        2.000000 1.950000 0.000000,
        0.000000 1.800000 0.000000,
        0.142857 1.800000 0.000000,
        0.285714 1.800000 0.000000,
        0.428571 1.800000 0.000000,
        0.571429 1.800000 0.000000,
        0.714286 1.800000 0.000000,
        0.857143 1.800000 0.000000,
        1.000000 1.800000 0.000000,
        1.142857 1.800000 0.000000,
        1.285714 1.800000 0.000000,
        1.428571 1.800000 0.000000,
        1.571429 1.800000 0.000000,
        1.714286 1.800000 0.000000,
        1.857143 1.800000 0.000000,
        2.000000 1.800000 0.000000,
        0.000000 1.650000 0.000000,
        0.142857 1.650000 0.000000,
        0.285714 1.650000 0.000000,
        0.428571 1.650000 0.000000,
        0.571429 1.650000 0.000000,
        0.714286 1.650000 0.000000,
        0.857143 1.650000 0.000000,
        1.000000 1.650000 0.000000,
        1.142857 1.650000 0.000000,
        1.285714 1.650000 0.000000,
        1.428571 1.650000 0.000000,
        1.571429 1.650000 0.000000,
        1.714286 1.650000 0.000000,
        1.857143 1.650000 0.000000,
        2.000000 1.650000 0.000000,
        0.000000 1.500000 0.000000,
        0.142857 1.500000 0.000000,
        0.285714 1.500000 0.000000,
        0.428571 1.500000 0.000000,
        0.571429 1.500000 0.000000,
        0.714286 1.500000 0.000000,
        0.857143 1.500000 0.000000,
        1.000000 1.500000 0.000000,
        1.142857 1.500000 0.000000,
        1.285714 1.500000 0.000000,
        1.428571 1.500000 0.000000,
        1.571429 1.500000 0.000000,
        1.714286 1.500000 0.000000,
        1.857143 1.500000 0.000000,
        2.000000 1.500000 0.000000,
        0.000000 1.350000 0.000000,
        0.142857 1.350000 0.000000,
        0.285714 1.350000 0.000000,
        0.428571 1.350000 0.000000,
        0.571429 1.350000 0.000000,
        0.714286 1.350000 0.000000,
        0.857143 1.350000 0.000000,
        1.000000 1.350000 0.000000,
        1.142857 1.350000 0.000000,
        1.285714 1.350000 0.000000,
        1.428571 1.350000 0.000000,
        1.571429 1.350000 0.000000,
        1.714286 1.350000 0.000000,
        1.857143 1.350000 0.000000,
        2.000000 1.350000 0.000000,
        0.000000 1.200000 0.000000,
        0.142857 1.200000 0.000000,
        0.285714 1.200000 0.000000,
        0.428571 1.200000 0.000000,
        0.571429 1.200000 0.000000,
        0.714286 1.200000 0.000000,
        0.857143 1.200000 0.000000,
        1.000000 1.200000 0.000000,
        1.142857 1.200000 0.000000,
        1.285714 1.200000 0.000000,
        1.428571 1.200000 0.000000,
        1.571429 1.200000 0.000000,
        1.714286 1.200000 0.000000,
        1.857143 1.200000 0.000000,
        2.000000 1.200000 0.000000,
        0.000000 1.050000 0.000000,
        0.142857 1.050000 0.000000,
        0.285714 1.050000 0.000000,
        0.428571 1.050000 0.000000,
        0.571429 1.050000 0.000000,
        0.714286 1.050000 0.000000,
        0.857143 1.050000 0.000000,
        1.000000 1.050000 0.000000,
        1.142857 1.050000 0.000000,
        1.285714 1.050000 0.000000,
        1.428571 1.050000 0.000000,
        1.571429 1.050000 0.000000,
        1.714286 1.050000 0.000000,
        1.857143 1.050000 0.000000,
        2.000000 1.050000 0.000000,
        0.000000 0.900000 0.000000,
        0.142857 0.900000 0.000000,
        0.285714 0.900000 0.000000,
        0.428571 0.900000 0.000000,
        0.571429 0.900000 0.000000,
        0.714286 0.900000 0.000000,
        0.857143 0.900000 0.000000,
        1.000000 0.900000 0.000000,
        1.142857 0.900000 0.000000,
        1.285714 0.900000 0.000000,
        1.428571 0.900000 0.000000,
        1.571429 0.900000 0.000000,
        1.714286 0.900000 0.000000,
        1.857143 0.900000 0.000000,
        2.000000 0.900000 0.000000,
        0.000000 0.750000 0.000000,
        0.142857 0.750000 0.000000,
        0.285714 0.750000 0.000000,
        0.428571 0.750000 0.000000,
        0.571429 0.750000 0.000000,
        0.714286 0.750000 0.000000,
        0.857143 0.750000 0.000000,
        1.000000 0.750000 0.000000,
        1.142857 0.750000 0.000000,
        1.285714 0.750000 0.000000,
        1.428571 0.750000 0.000000,
        1.571429 0.750000 0.000000,
        1.714286 0.750000 0.000000,
        1.857143 0.750000 0.000000,
        2.000000 0.750000 0.000000,
        0.000000 0.600000 0.000000,
        0.142857 0.600000 0.000000,
        0.285714 0.600000 0.000000,
        0.428571 0.600000 0.000000,
        0.571429 0.600000 0.000000,
        0.714286 0.600000 0.000000,
        0.857143 0.600000 0.000000,
        1.000000 0.600000 0.000000,
        1.142857 0.600000 0.000000,
        1.285714 0.600000 0.000000,
        1.428571 0.600000 0.000000,
        1.571429 0.600000 0.000000,
        1.714286 0.600000 0.000000,
        1.857143 0.600000 0.000000,
        2.000000 0.600000 0.000000,
        0.000000 0.450000 0.000000,
        0.142857 0.450000 0.000000,
        0.285714 0.450000 0.000000,
        0.428571 0.450000 0.000000,
        0.571429 0.450000 0.000000,
        0.714286 0.450000 0.000000,
        0.857143 0.450000 0.000000,
        1.000000 0.450000 0.000000,
        1.142857 0.450000 0.000000,
        1.285714 0.450000 0.000000,
        1.428571 0.450000 0.000000,
        1.571429 0.450000 0.000000,
        1.714286 0.450000 0.000000,
        1.857143 0.450000 0.000000,
        2.000000 0.450000 0.000000,
        0.000000 0.300000 0.000000,
        0.142857 0.300000 0.000000,
        0.285714 0.300000 0.000000,
        0.428571 0.300000 0.000000,
        0.571429 0.300000 0.000000,
        0.714286 0.300000 0.000000,
        0.857143 0.300000 0.000000,
        1.000000 0.300000 0.000000,
        1.142857 0.300000 0.000000,
        1.285714 0.300000 0.000000,
        1.428571 0.300000 0.000000,
        1.571429 0.300000 0.000000,
        1.714286 0.300000 0.000000,
        1.857143 0.300000 0.000000,
        2.000000 0.300000 0.000000,
        0.000000 0.150000 0.000000,
        0.142857 0.150000 0.000000,
        0.285714 0.150000 0.000000,
        0.428571 0.150000 0.000000,
        0.571429 0.150000 0.000000,
        0.714286 0.150000 0.000000,
        0.857143 0.150000 0.000000,
        1.000000 0.150000 0.000000,
        1.142857 0.150000 0.000000,
        1.285714 0.150000 0.000000,
        1.428571 0.150000 0.000000,
        1.571429 0.150000 0.000000,
        1.714286 0.150000 0.000000,
        1.857143 0.150000 0.000000,
        2.000000 0.150000 0.000000,
        0.000000 0.000000 0.000000,
        0.142857 0.000000 0.000000,
        0.285714 0.000000 0.000000,
        0.428571 0.000000 0.000000,
        0.571429 0.000000 0.000000,
        0.714286 0.000000 0.000000,
        0.857143 0.000000 0.000000,
        1.000000 0.000000 0.000000,
        1.142857 0.000000 0.000000,
        1.285714 0.000000 0.000000,
        1.428571 0.000000 0.000000,
        1.571429 0.000000 0.000000,
        1.714286 0.000000 0.000000,
        1.857143 0.000000 0.000000,
        2.000000 0.000000 0.000000,
        0.000000 0.000000 4.000000,
        0.142857 0.000000 4.000000,
        0.285714 0.000000 4.000000,
        0.428571 0.000000 4.000000,
        0.571429 0.000000 4.000000,
        0.714286 0.000000 4.000000,
        0.857143 0.000000 4.000000,
        1.000000 0.000000 4.000000,
        1.142857 0.000000 4.000000,
        1.285714 0.000000 4.000000,
        1.428571 0.000000 4.000000,
        1.571429 0.000000 4.000000,
        1.714286 0.000000 4.000000,
        1.857143 0.000000 4.000000,
        2.000000 0.000000 4.000000,
        0.000000 0.150000 4.000000,
        0.142857 0.150000 4.000000,
        0.285714 0.150000 4.000000,
        0.428571 0.150000 4.000000,
        0.571429 0.150000 4.000000,
        0.714286 0.150000 4.000000,
        0.857143 0.150000 4.000000,
        1.000000 0.150000 4.000000,
        1.142857 0.150000 4.000000,
        1.285714 0.150000 4.000000,
        1.428571 0.150000 4.000000,
        1.571429 0.150000 4.000000,
        1.714286 0.150000 4.000000,
        1.857143 0.150000 4.000000,
        2.000000 0.150000 4.000000,
        0.000000 0.300000 4.000000,
        0.142857 0.300000 4.000000,
        0.285714 0.300000 4.000000,
        0.428571 0.300000 4.000000,
        0.571429 0.300000 4.000000,
        0.714286 0.300000 4.000000,
        0.857143 0.300000 4.000000,
        1.000000 0.300000 4.000000,
        1.142857 0.300000 4.000000,
        1.285714 0.300000 4.000000,
        1.428571 0.300000 4.000000,
        1.571429 0.300000 4.000000,
        1.714286 0.300000 4.000000,
        1.857143 0.300000 4.000000,
        2.000000 0.300000 4.000000,
        0.000000 0.450000 4.000000,
        0.142857 0.450000 4.000000,
        0.285714 0.450000 4.000000,
        0.428571 0.450000 4.000000,
        0.571429 0.450000 4.000000,
        0.714286 0.450000 4.000000,
        0.857143 0.450000 4.000000,
        1.000000 0.450000 4.000000,
        1.142857 0.450000 4.000000,
        1.285714 0.450000 4.000000,
        1.428571 0.450000 4.000000,
        1.571429 0.450000 4.000000,
        1.714286 0.450000 4.000000,
        1.857143 0.450000 4.000000,
        2.000000 0.450000 4.000000,
        0.000000 0.600000 4.000000,
        0.142857 0.600000 4.000000,
        0.285714 0.600000 4.000000,
        0.428571 0.600000 4.000000,
        0.571429 0.600000 4.000000,
        0.714286 0.600000 4.000000,
        0.857143 0.600000 4.000000,
        1.000000 0.600000 4.000000,
        1.142857 0.600000 4.000000,
        1.285714 0.600000 4.000000,
        1.428571 0.600000 4.000000,
        1.571429 0.600000 4.000000,
        1.714286 0.600000 4.000000,
        1.857143 0.600000 4.000000,
        2.000000 0.600000 4.000000,
        0.000000 0.750000 4.000000,
        0.142857 0.750000 4.000000,
        0.285714 0.750000 4.000000,
        0.428571 0.750000 4.000000,
        0.571429 0.750000 4.000000,
        0.714286 0.750000 4.000000,
        0.857143 0.750000 4.000000,
        1.000000 0.750000 4.000000,
        1.142857 0.750000 4.000000,
        1.285714 0.750000 4.000000,
        1.428571 0.750000 4.000000,
        1.571429 0.750000 4.000000,
        1.714286 0.750000 4.000000,
        1.857143 0.750000 4.000000,
        2.000000 0.750000 4.000000,
        0.000000 0.900000 4.000000,
        0.142857 0.900000 4.000000,
        0.285714 0.900000 4.000000,
        0.428571 0.900000 4.000000,
        0.571429 0.900000 4.000000,
        0.714286 0.900000 4.000000,
        0.857143 0.900000 4.000000,
        1.000000 0.900000 4.000000,
        1.142857 0.900000 4.000000,
        1.285714 0.900000 4.000000,
        1.428571 0.900000 4.000000,
        1.571429 0.900000 4.000000,
        1.714286 0.900000 4.000000,
        1.857143 0.900000 4.000000,
        2.000000 0.900000 4.000000,
        0.000000 1.050000 4.000000,
        0.142857 1.050000 4.000000,
        0.285714 1.050000 4.000000,
        0.428571 1.050000 4.000000,
        0.571429 1.050000 4.000000,
        0.714286 1.050000 4.000000,
        0.857143 1.050000 4.000000,
        1.000000 1.050000 4.000000,
        1.142857 1.050000 4.000000,
        1.285714 1.050000 4.000000,
        1.428571 1.050000 4.000000,
        1.571429 1.050000 4.000000,
        1.714286 1.050000 4.000000,
        1.857143 1.050000 4.000000,
        2.000000 1.050000 4.000000,
        0.000000 1.200000 4.000000,
        0.142857 1.200000 4.000000,
        0.285714 1.200000 4.000000,
        0.428571 1.200000 4.000000,
        0.571429 1.200000 4.000000,
        0.714286 1.200000 4.000000,
        0.857143 1.200000 4.000000,
        1.000000 1.200000 4.000000,
        1.142857 1.200000 4.000000,
        1.285714 1.200000 4.000000,
        1.428571 1.200000 4.000000,
        1.571429 1.200000 4.000000,
        1.714286 1.200000 4.000000,
        1.857143 1.200000 4.000000,
        2.000000 1.200000 4.000000,
        0.000000 1.350000 4.000000,
        0.142857 1.350000 4.000000,
        0.285714 1.350000 4.000000,
        0.428571 1.350000 4.000000,
        0.571429 1.350000 4.000000,
        0.714286 1.350000 4.000000,
        0.857143 1.350000 4.000000,
        1.000000 1.350000 4.000000,
        1.142857 1.350000 4.000000,
        1.285714 1.350000 4.000000,
        1.428571 1.350000 4.000000,
        1.571429 1.350000 4.000000,
        1.714286 1.350000 4.000000,
        1.857143 1.350000 4.000000,
        2.000000 1.350000 4.000000,
        0.000000 1.500000 4.000000,
        0.142857 1.500000 4.000000,
        0.285714 1.500000 4.000000,
        0.428571 1.500000 4.000000,
        0.571429 1.500000 4.000000,
        0.714286 1.500000 4.000000,
        0.857143 1.500000 4.000000,
        1.000000 1.500000 4.000000,
        1.142857 1.500000 4.000000,
        1.285714 1.500000 4.000000,
        1.428571 1.500000 4.000000,
        1.571429 1.500000 4.000000,
        1.714286 1.500000 4.000000,
        1.857143 1.500000 4.000000,
        2.000000 1.500000 4.000000,
        0.000000 1.650000 4.000000,
        0.142857 1.650000 4.000000,
        0.285714 1.650000 4.000000,
        0.428571 1.650000 4.000000,
        0.571429 1.650000 4.000000,
        0.714286 1.650000 4.000000,
        0.857143 1.650000 4.000000,
        1.000000 1.650000 4.000000,
        1.142857 1.650000 4.000000,
        1.285714 1.650000 4.000000,
        1.428571 1.650000 4.000000,
        1.571429 1.650000 4.000000,
        1.714286 1.650000 4.000000,
        1.857143 1.650000 4.000000,
        2.000000 1.650000 4.000000,
        0.000000 1.800000 4.000000,
        0.142857 1.800000 4.000000,
        0.285714 1.800000 4.000000,
        0.428571 1.800000 4.000000,
        0.571429 1.800000 4.000000,
        0.714286 1.800000 4.000000,
        0.857143 1.800000 4.000000,
        1.000000 1.800000 4.000000,
        1.142857 1.800000 4.000000,
        1.285714 1.800000 4.000000,
        1.428571 1.800000 4.000000,
        1.571429 1.800000 4.000000,
        1.714286 1.800000 4.000000,
        1.857143 1.800000 4.000000,
        2.000000 1.800000 4.000000,
        0.000000 1.950000 4.000000,
        0.142857 1.950000 4.000000,
        0.285714 1.950000 4.000000,
        0.428571 1.950000 4.000000,
        0.571429 1.950000 4.000000,
        0.714286 1.950000 4.000000,
        0.857143 1.950000 4.000000,
        1.000000 1.950000 4.000000,
        1.142857 1.950000 4.000000,
        1.285714 1.950000 4.000000,
        1.428571 1.950000 4.000000,
        1.571429 1.950000 4.000000,
        1.714286 1.950000 4.000000,
        1.857143 1.950000 4.000000,
        2.000000 1.950000 4.000000,
        0.000000 2.100000 4.000000,
        0.142857 2.100000 4.000000,
        0.285714 2.100000 4.000000,
        0.428571 2.100000 4.000000,
        0.571429 2.100000 4.000000,
        0.714286 2.100000 4.000000,
        0.857143 2.100000 4.000000,
        1.000000 2.100000 4.000000,
        1.142857 2.100000 4.000000,
        1.285714 2.100000 4.000000,
        1.428571 2.100000 4.000000,
        1.571429 2.100000 4.000000,
        1.714286 2.100000 4.000000,
        1.857143 2.100000 4.000000,
        2.000000 2.100000 4.000000,
        0.000000 2.250000 4.000000,
        0.142857 2.250000 4.000000,
        0.285714 2.250000 4.000000,
        0.428571 2.250000 4.000000,
        0.571429 2.250000 4.000000,
        0.714286 2.250000 4.000000,
        0.857143 2.250000 4.000000,
        1.000000 2.250000 4.000000,
        1.142857 2.250000 4.000000,
        1.285714 2.250000 4.000000,
        1.428571 2.250000 4.000000,
        1.571429 2.250000 4.000000,
        1.714286 2.250000 4.000000,
        1.857143 2.250000 4.000000,
        2.000000 2.250000 4.000000,
        0.000000 2.400000 4.000000,
        0.142857 2.400000 4.000000,
        0.285714 2.400000 4.000000,
        0.428571 2.400000 4.000000,
        0.571429 2.400000 4.000000,
        0.714286 2.400000 4.000000,
        0.857143 2.400000 4.000000,
        1.000000 2.400000 4.000000,
        1.142857 2.400000 4.000000,
        1.285714 2.400000 4.000000,
        1.428571 2.400000 4.000000,
        1.571429 2.400000 4.000000,
        1.714286 2.400000 4.000000,
        1.857143 2.400000 4.000000,
        2.000000 2.400000 4.000000,
        0.000000 2.550000 4.000000,
        0.142857 2.550000 4.000000,
        0.285714 2.550000 4.000000,
        0.428571 2.550000 4.000000,
        0.571429 2.550000 4.000000,
        0.714286 2.550000 4.000000,
        0.857143 2.550000 4.000000,
        1.000000 2.550000 4.000000,
        1.142857 2.550000 4.000000,
        1.285714 2.550000 4.000000,
        1.428571 2.550000 4.000000,
        1.571429 2.550000 4.000000,
        1.714286 2.550000 4.000000,
        1.857143 2.550000 4.000000,
        2.000000 2.550000 4.000000,
        0.000000 2.700000 4.000000,
        0.142857 2.700000 4.000000,
        0.285714 2.700000 4.000000,
        0.428571 2.700000 4.000000,
        0.571429 2.700000 4.000000,
        0.714286 2.700000 4.000000,
        0.857143 2.700000 4.000000,
        1.000000 2.700000 4.000000,
        1.142857 2.700000 4.000000,
        1.285714 2.700000 4.000000,
        1.428571 2.700000 4.000000,
        1.571429 2.700000 4.000000,
        1.714286 2.700000 4.000000,
        1.857143 2.700000 4.000000,
        2.000000 2.700000 4.000000,
        0.000000 2.850000 4.000000,
        0.142857 2.850000 4.000000,
        0.285714 2.850000 4.000000,
        0.428571 2.850000 4.000000,
        0.571429 2.850000 4.000000,
        0.714286 2.850000 4.000000,
        0.857143 2.850000 4.000000,
        1.000000 2.850000 4.000000,
        1.142857 2.850000 4.000000,
        1.285714 2.850000 4.000000,
        1.428571 2.850000 4.000000,
        1.571429 2.850000 4.000000,
        1.714286 2.850000 4.000000,
        1.857143 2.850000 4.000000,
        2.000000 2.850000 4.000000,
        0.000000 3.000000 4.000000,
        0.142857 3.000000 4.000000,
        0.285714 3.000000 4.000000,
        0.428571 3.000000 4.000000,
        0.571429 3.000000 4.000000,
        0.714286 3.000000 4.000000,
        0.857143 3.000000 4.000000,
        1.000000 3.000000 4.000000,
        1.142857 3.000000 4.000000,
        1.285714 3.000000 4.000000,
        1.428571 3.000000 4.000000,
        1.571429 3.000000 4.000000,
        1.714286 3.000000 4.000000,
        1.857143 3.000000 4.000000,
        2.000000 3.000000 4.000000,
        2.000000 0.000000 0.000000,
        2.000000 0.000000 0.148148,
        2.000000 0.000000 0.296296,
        2.000000 0.000000 0.444444,
        2.000000 0.000000 0.592593,
        2.000000 0.000000 0.740741,
        2.000000 0.000000 0.888889,
        2.000000 0.000000 1.037037,
        2.000000 0.000000 1.185185,
        2.000000 0.000000 1.333333,
        2.000000 0.000000 1.481481,
        2.000000 0.000000 1.629630,
        2.000000 0.000000 1.777778,
        2.000000 0.000000 1.925926,
        2.000000 0.000000 2.074074,
        2.000000 0.000000 2.222222,
        2.000000 0.000000 2.370370,
        2.000000 0.000000 2.518519,
        2.000000 0.000000 2.666667,
        2.000000 0.000000 2.814815,
        2.000000 0.000000 2.962963,
        2.000000 0.000000 3.111111,
        2.000000 0.000000 3.259259,
        2.000000 0.000000 3.407407,
        2.000000 0.000000 3.555556,
        2.000000 0.000000 3.703704,
        2.000000 0.000000 3.851852,
        2.000000 0.000000 4.000000,
        1.857143 0.000000 0.000000,
        1.857143 0.000000 0.148148,
        1.857143 0.000000 0.296296,
        1.857143 0.000000 0.444444,
        1.857143 0.000000 0.592593,
        1.857143 0.000000 0.740741,
        1.857143 0.000000 0.888889,
        1.857143 0.000000 1.037037,
        1.857143 0.000000 1.185185,
        1.857143 0.000000 1.333333,
        1.857143 0.000000 1.481481,
        1.857143 0.000000 1.629630,
        1.857143 0.000000 1.777778,
        1.857143 0.000000 1.925926,
        1.857143 0.000000 2.074074,
        1.857143 0.000000 2.222222,
        1.857143 0.000000 2.370370,
        1.857143 0.000000 2.518519,
        1.857143 0.000000 2.666667,
        1.857143 0.000000 2.814815,
        1.857143 0.000000 2.962963,
        1.857143 0.000000 3.111111,
        1.857143 0.000000 3.259259,
        1.857143 0.000000 3.407407,
        1.857143 0.000000 3.555556,
        1.857143 0.000000 3.703704,
        1.857143 0.000000 3.851852,
        1.857143 0.000000 4.000000,
        1.714286 0.000000 0.000000,
        1.714286 0.000000 0.148148,
        1.714286 0.000000 0.296296,
        1.714286 0.000000 0.444444,
        1.714286 0.000000 0.592593,
        1.714286 0.000000 0.740741,
        1.714286 0.000000 0.888889,
        1.714286 0.000000 1.037037,
        1.714286 0.000000 1.185185,
        1.714286 0.000000 1.333333,
        1.714286 0.000000 1.481481,
        1.714286 0.000000 1.629630,
        1.714286 0.000000 1.777778,
        1.714286 0.000000 1.925926,
        1.714286 0.000000 2.074074,
        1.714286 0.000000 2.222222,
        1.714286 0.000000 2.370370,
        1.714286 0.000000 2.518519,
        1.714286 0.000000 2.666667,
        1.714286 0.000000 2.814815,
        1.714286 0.000000 2.962963,
        1.714286 0.000000 3.111111,
        1.714286 0.000000 3.259259,
        1.714286 0.000000 3.407407,
        1.714286 0.000000 3.555556,
        1.714286 0.000000 3.703704,
        1.714286 0.000000 3.851852,
        1.714286 0.000000 4.000000,
        1.571429 0.000000 0.000000,
        1.571429 0.000000 0.148148,
        1.571429 0.000000 0.296296,
        1.571429 0.000000 0.444444,
        1.571429 0.000000 0.592593,
        1.571429 0.000000 0.740741,
        1.571429 0.000000 0.888889,
        1.571429 0.000000 1.037037,
        1.571429 0.000000 1.185185,
        1.571429 0.000000 1.333333,
        1.571429 0.000000 1.481481,
        1.571429 0.000000 1.629630,
        1.571429 0.000000 1.777778,
        1.571429 0.000000 1.925926,
        1.571429 0.000000 2.074074,
        1.571429 0.000000 2.222222,
        1.571429 0.000000 2.370370,
        1.571429 0.000000 2.518519,
        1.571429 0.000000 2.666667,
        1.571429 0.000000 2.814815,
        1.571429 0.000000 2.962963,
        1.571429 0.000000 3.111111,
        1.571429 0.000000 3.259259,
        1.571429 0.000000 3.407407,
        1.571429 0.000000 3.555556,
        1.571429 0.000000 3.703704,
        1.571429 0.000000 3.851852,
        1.571429 0.000000 4.000000,
        1.428571 0.000000 0.000000,
        1.428571 0.000000 0.148148,
        1.428571 0.000000 0.296296,
        1.428571 0.000000 0.444444,
        1.428571 0.000000 0.592593,
        1.428571 0.000000 0.740741,
        1.428571 0.000000 0.888889,
        1.428571 0.000000 1.037037,
        1.428571 0.000000 1.185185,
        1.428571 0.000000 1.333333,
        1.428571 0.000000 1.481481,
        1.428571 0.000000 1.629630,
        1.428571 0.000000 1.777778,
        1.428571 0.000000 1.925926,
        1.428571 0.000000 2.074074,
        1.428571 0.000000 2.222222,
        1.428571 0.000000 2.370370,
        1.428571 0.000000 2.518519,
        1.428571 0.000000 2.666667,
        1.428571 0.000000 2.814815,
        1.428571 0.000000 2.962963,
        1.428571 0.000000 3.111111,
        1.428571 0.000000 3.259259,
        1.428571 0.000000 3.407407,
        1.428571 0.000000 3.555556,
        1.428571 0.000000 3.703704,
        1.428571 0.000000 3.851852,
        1.428571 0.000000 4.000000,
        1.285714 0.000000 0.000000,
        1.285714 0.000000 0.148148,
        1.285714 0.000000 0.296296,
        1.285714 0.000000 0.444444,
        1.285714 0.000000 0.592593,
        1.285714 0.000000 0.740741,
        1.285714 0.000000 0.888889,
        1.285714 0.000000 1.037037,
        1.285714 0.000000 1.185185,
        1.285714 0.000000 1.333333,
        1.285714 0.000000 1.481481,
        1.285714 0.000000 1.629630,
        1.285714 0.000000 1.777778,
        1.285714 0.000000 1.925926,
        1.285714 0.000000 2.074074,
        1.285714 0.000000 2.222222,
        1.285714 0.000000 2.370370,
        1.285714 0.000000 2.518519,
        1.285714 0.000000 2.666667,
        1.285714 0.000000 2.814815,
        1.285714 0.000000 2.962963,
        1.285714 0.000000 3.111111,
        1.285714 0.000000 3.259259,
        1.285714 0.000000 3.407407,
        1.285714 0.000000 3.555556,
        1.285714 0.000000 3.703704,
        1.285714 0.000000 3.851852,
        1.285714 0.000000 4.000000,
        1.142857 0.000000 0.000000,
        1.142857 0.000000 0.148148,
        1.142857 0.000000 0.296296,
        1.142857 0.000000 0.444444,
        1.142857 0.000000 0.592593,
        1.142857 0.000000 0.740741,
        1.142857 0.000000 0.888889,
        1.142857 0.000000 1.037037,
        1.142857 0.000000 1.185185,
        1.142857 0.000000 1.333333,
        1.142857 0.000000 1.481481,
        1.142857 0.000000 1.629630,
        1.142857 0.000000 1.777778,
        1.142857 0.000000 1.925926,
        1.142857 0.000000 2.074074,
        1.142857 0.000000 2.222222,
        1.142857 0.000000 2.370370,
        1.142857 0.000000 2.518519,
        1.142857 0.000000 2.666667,
        1.142857 0.000000 2.814815,
        1.142857 0.000000 2.962963,
        1.142857 0.000000 3.111111,
        1.142857 0.000000 3.259259,
        1.142857 0.000000 3.407407,
        1.142857 0.000000 3.555556,
        1.142857 0.000000 3.703704,
        1.142857 0.000000 3.851852,
        1.142857 0.000000 4.000000,
        1.000000 0.000000 0.000000,
        1.000000 0.000000 0.148148,
        1.000000 0.000000 0.296296,
        1.000000 0.000000 0.444444,
        1.000000 0.000000 0.592593,
        1.000000 0.000000 0.740741,
        1.000000 0.000000 0.888889,
        1.000000 0.000000 1.037037,
        1.000000 0.000000 1.185185,
        1.000000 0.000000 1.333333,
        1.000000 0.000000 1.481481,
        1.000000 0.000000 1.629630,
        1.000000 0.000000 1.777778,
        1.000000 0.000000 1.925926,
        1.000000 0.000000 2.074074,
        1.000000 0.000000 2.222222,
        1.000000 0.000000 2.370370,
        1.000000 0.000000 2.518519,
        1.000000 0.000000 2.666667,
        1.000000 0.000000 2.814815,
        1.000000 0.000000 2.962963,
        1.000000 0.000000 3.111111,
        1.000000 0.000000 3.259259,
        1.000000 0.000000 3.407407,
        1.000000 0.000000 3.555556,
        1.000000 0.000000 3.703704,
        1.000000 0.000000 3.851852,
        1.000000 0.000000 4.000000,
        0.857143 0.000000 0.000000,
        0.857143 0.000000 0.148148,
        0.857143 0.000000 0.296296,
        0.857143 0.000000 0.444444,
        0.857143 0.000000 0.592593,
        0.857143 0.000000 0.740741,
        0.857143 0.000000 0.888889,
        0.857143 0.000000 1.037037,
        0.857143 0.000000 1.185185,
        0.857143 0.000000 1.333333,
        0.857143 0.000000 1.481481,
        0.857143 0.000000 1.629630,
        0.857143 0.000000 1.777778,
        0.857143 0.000000 1.925926,
        0.857143 0.000000 2.074074,
        0.857143 0.000000 2.222222,
        0.857143 0.000000 2.370370,
        0.857143 0.000000 2.518519,
        0.857143 0.000000 2.666667,
        0.857143 0.000000 2.814815,
        0.857143 0.000000 2.962963,
        0.857143 0.000000 3.111111,
        0.857143 0.000000 3.259259,
        0.857143 0.000000 3.407407,
        0.857143 0.000000 3.555556,
        0.857143 0.000000 3.703704,
        0.857143 0.000000 3.851852,
        0.857143 0.000000 4.000000,
        0.714286 0.000000 0.000000,
        0.714286 0.000000 0.148148,
        0.714286 0.000000 0.296296,
        0.714286 0.000000 0.444444,
        0.714286 0.000000 0.592593,
        0.714286 0.000000 0.740741,
        0.714286 0.000000 0.888889,
        0.714286 0.000000 1.037037,
        0.714286 0.000000 1.185185,
        0.714286 0.000000 1.333333,
        0.714286 0.000000 1.481481,
        0.714286 0.000000 1.629630,
        0.714286 0.000000 1.777778,
        0.714286 0.000000 1.925926,
        0.714286 0.000000 2.074074,
        0.714286 0.000000 2.222222,
        0.714286 0.000000 2.370370,
        0.714286 0.000000 2.518519,
        0.714286 0.000000 2.666667,
        0.714286 0.000000 2.814815,
        0.714286 0.000000 2.962963,
        0.714286 0.000000 3.111111,
        0.714286 0.000000 3.259259,
        0.714286 0.000000 3.407407,
        0.714286 0.000000 3.555556,
        0.714286 0.000000 3.703704,
        0.714286 0.000000 3.851852,
        0.714286 0.000000 4.000000,
        0.571429 0.000000 0.000000,
        0.571429 0.000000 0.148148,
        0.571429 0.000000 0.296296,
        0.571429 0.000000 0.444444,
        0.571429 0.000000 0.592593,
        0.571429 0.000000 0.740741,
        0.571429 0.000000 0.888889,
        0.571429 0.000000 1.037037,
        0.571429 0.000000 1.185185,
        0.571429 0.000000 1.333333,
        0.571429 0.000000 1.481481,
        0.571429 0.000000 1.629630,
        0.571429 0.000000 1.777778,
        0.571429 0.000000 1.925926,
        0.571429 0.000000 2.074074,
        0.571429 0.000000 2.222222,
        0.571429 0.000000 2.370370,
        0.571429 0.000000 2.518519,
        0.571429 0.000000 2.666667,
        0.571429 0.000000 2.814815,
        0.571429 0.000000 2.962963,
        0.571429 0.000000 3.111111,
        0.571429 0.000000 3.259259,
        0.571429 0.000000 3.407407,
        0.571429 0.000000 3.555556,
        0.571429 0.000000 3.703704,
        0.571429 0.000000 3.851852,
        0.571429 0.000000 4.000000,
        0.428571 0.000000 0.000000,
        0.428571 0.000000 0.148148,
        0.428571 0.000000 0.296296,
        0.428571 0.000000 0.444444,
        0.428571 0.000000 0.592593,
        0.428571 0.000000 0.740741,
        0.428571 0.000000 0.888889,
        0.428571 0.000000 1.037037,
        0.428571 0.000000 1.185185,
        0.428571 0.000000 1.333333,
        0.428571 0.000000 1.481481,
        0.428571 0.000000 1.629630,
        0.428571 0.000000 1.777778,
        0.428571 0.000000 1.925926,
        0.428571 0.000000 2.074074,
        0.428571 0.000000 2.222222,
        0.428571 0.000000 2.370370,
        0.428571 0.000000 2.518519,
        0.428571 0.000000 2.666667,
        0.428571 0.000000 2.814815,
        0.428571 0.000000 2.962963,
        0.428571 0.000000 3.111111,
        0.428571 0.000000 3.259259,
        0.428571 0.000000 3.407407,
        0.428571 0.000000 3.555556,
        0.428571 0.000000 3.703704,
        0.428571 0.000000 3.851852,
        0.428571 0.000000 4.000000,
        0.285714 0.000000 0.000000,
        0.285714 0.000000 0.148148,
        0.285714 0.000000 0.296296,
        0.285714 0.000000 0.444444,
        0.285714 0.000000 0.592593,
        0.285714 0.000000 0.740741,
        0.285714 0.000000 0.888889,
        0.285714 0.000000 1.037037,
        0.285714 0.000000 1.185185,
        0.285714 0.000000 1.333333,
        0.285714 0.000000 1.481481,
        0.285714 0.000000 1.629630,
        0.285714 0.000000 1.777778,
        0.285714 0.000000 1.925926,
        0.285714 0.000000 2.074074,
        0.285714 0.000000 2.222222,
        0.285714 0.000000 2.370370,
        0.285714 0.000000 2.518519,
        0.285714 0.000000 2.666667,
        0.285714 0.000000 2.814815,
        0.285714 0.000000 2.962963,
        0.285714 0.000000 3.111111,
        0.285714 0.000000 3.259259,
        0.285714 0.000000 3.407407,
        0.285714 0.000000 3.555556,
        0.285714 0.000000 3.703704,
        0.285714 0.000000 3.851852,
        0.285714 0.000000 4.000000,
        0.142857 0.000000 0.000000,
        0.142857 0.000000 0.148148,
        0.142857 0.000000 0.296296,
        0.142857 0.000000 0.444444,
        0.142857 0.000000 0.592593,
        0.142857 0.000000 0.740741,
        0.142857 0.000000 0.888889,
        0.142857 0.000000 1.037037,
        0.142857 0.000000 1.185185,
        0.142857 0.000000 1.333333,
        0.142857 0.000000 1.481481,
        0.142857 0.000000 1.629630,
        0.142857 0.000000 1.777778,
        0.142857 0.000000 1.925926,
        0.142857 0.000000 2.074074,
        0.142857 0.000000 2.222222,
        0.142857 0.000000 2.370370,
        0.142857 0.000000 2.518519,
        0.142857 0.000000 2.666667,
        0.142857 0.000000 2.814815,
        0.142857 0.000000 2.962963,
        0.142857 0.000000 3.111111,
        0.142857 0.000000 3.259259,
        0.142857 0.000000 3.407407,
        0.142857 0.000000 3.555556,
        0.142857 0.000000 3.703704,
        0.142857 0.000000 3.851852,
        0.142857 0.000000 4.000000,
        0.000000 0.000000 0.000000,
        0.000000 0.000000 0.148148,
        0.000000 0.000000 0.296296,
        0.000000 0.000000 0.444444,
        0.000000 0.000000 0.592593,
        0.000000 0.000000 0.740741,
        0.000000 0.000000 0.888889,
        0.000000 0.000000 1.037037,
        0.000000 0.000000 1.185185,
        0.000000 0.000000 1.333333,
        0.000000 0.000000 1.481481,
        0.000000 0.000000 1.629630,
        0.000000 0.000000 1.777778,
        0.000000 0.000000 1.925926,
        0.000000 0.000000 2.074074,
        0.000000 0.000000 2.222222,
        0.000000 0.000000 2.370370,
        0.000000 0.000000 2.518519,
        0.000000 0.000000 2.666667,
        0.000000 0.000000 2.814815,
        0.000000 0.000000 2.962963,
        0.000000 0.000000 3.111111,
        0.000000 0.000000 3.259259,
        0.000000 0.000000 3.407407,
        0.000000 0.000000 3.555556,
        0.000000 0.000000 3.703704,
        0.000000 0.000000 3.851852,
        0.000000 0.000000 4.000000,
        0.000000 3.000000 0.000000,
        0.000000 3.000000 0.148148,
        0.000000 3.000000 0.296296,
        0.000000 3.000000 0.444444,
        0.000000 3.000000 0.592593,
        0.000000 3.000000 0.740741,
        0.000000 3.000000 0.888889,
        0.000000 3.000000 1.037037,
        0.000000 3.000000 1.185185,
        0.000000 3.000000 1.333333,
        0.000000 3.000000 1.481481,
        0.000000 3.000000 1.629630,
        0.000000 3.000000 1.777778,
        0.000000 3.000000 1.925926,
        0.000000 3.000000 2.074074,
        0.000000 3.000000 2.222222,
        0.000000 3.000000 2.370370,
        0.000000 3.000000 2.518519,
        0.000000 3.000000 2.666667,
        0.000000 3.000000 2.814815,
        0.000000 3.000000 2.962963,
        0.000000 3.000000 3.111111,
        0.000000 3.000000 3.259259,
        0.000000 3.000000 3.407407,
        0.000000 3.000000 3.555556,
        0.000000 3.000000 3.703704,
        0.000000 3.000000 3.851852,
        0.000000 3.000000 4.000000,
        0.142857 3.000000 0.000000,
        0.142857 3.000000 0.148148,
        0.142857 3.000000 0.296296,
        0.142857 3.000000 0.444444,
        0.142857 3.000000 0.592593,
        0.142857 3.000000 0.740741,
        0.142857 3.000000 0.888889,
        0.142857 3.000000 1.037037,
        0.142857 3.000000 1.185185,
        0.142857 3.000000 1.333333,
        0.142857 3.000000 1.481481,
        0.142857 3.000000 1.629630,
        0.142857 3.000000 1.777778,
        0.142857 3.000000 1.925926,
        0.142857 3.000000 2.074074,
        0.142857 3.000000 2.222222,
        0.142857 3.000000 2.370370,
        0.142857 3.000000 2.518519,
        0.142857 3.000000 2.666667,
        0.142857 3.000000 2.814815,
        0.142857 3.000000 2.962963,
        0.142857 3.000000 3.111111,
        0.142857 3.000000 3.259259,
        0.142857 3.000000 3.407407,
        0.142857 3.000000 3.555556,
        0.142857 3.000000 3.703704,
        0.142857 3.000000 3.851852,
        0.142857 3.000000 4.000000,
        0.285714 3.000000 0.000000,
        0.285714 3.000000 0.148148,
        0.285714 3.000000 0.296296,
        0.285714 3.000000 0.444444,
        0.285714 3.000000 0.592593,
        0.285714 3.000000 0.740741,
        0.285714 3.000000 0.888889,
        0.285714 3.000000 1.037037,
        0.285714 3.000000 1.185185,
        0.285714 3.000000 1.333333,
        0.285714 3.000000 1.481481,
        0.285714 3.000000 1.629630,
        0.285714 3.000000 1.777778,
        0.285714 3.000000 1.925926,
        0.285714 3.000000 2.074074,
        0.285714 3.000000 2.222222,
        0.285714 3.000000 2.370370,
        0.285714 3.000000 2.518519,
        0.285714 3.000000 2.666667,
        0.285714 3.000000 2.814815,
        0.285714 3.000000 2.962963,
        0.285714 3.000000 3.111111,
        0.285714 3.000000 3.259259,
        0.285714 3.000000 3.407407,
        0.285714 3.000000 3.555556,
        0.285714 3.000000 3.703704,
        0.285714 3.000000 3.851852,
        0.285714 3.000000 4.000000,
        0.428571 3.000000 0.000000,
        0.428571 3.000000 0.148148,
        0.428571 3.000000 0.296296,
        0.428571 3.000000 0.444444,
        0.428571 3.000000 0.592593,
        0.428571 3.000000 0.740741,
        0.428571 3.000000 0.888889,
        0.428571 3.000000 1.037037,
        0.428571 3.000000 1.185185,
        0.428571 3.000000 1.333333,
        0.428571 3.000000 1.481481,
        0.428571 3.000000 1.629630,
        0.428571 3.000000 1.777778,
        0.428571 3.000000 1.925926,
        0.428571 3.000000 2.074074,
        0.428571 3.000000 2.222222,
        0.428571 3.000000 2.370370,
        0.428571 3.000000 2.518519,
        0.428571 3.000000 2.666667,
        0.428571 3.000000 2.814815,
        0.428571 3.000000 2.962963,
        0.428571 3.000000 3.111111,
        0.428571 3.000000 3.259259,
        0.428571 3.000000 3.407407,
        0.428571 3.000000 3.555556,
        0.428571 3.000000 3.703704,
        0.428571 3.000000 3.851852,
        0.428571 3.000000 4.000000,
        0.571429 3.000000 0.000000,
        0.571429 3.000000 0.148148,
        0.571429 3.000000 0.296296,
        0.571429 3.000000 0.444444,
        0.571429 3.000000 0.592593,
        0.571429 3.000000 0.740741,
        0.571429 3.000000 0.888889,
        0.571429 3.000000 1.037037,
        0.571429 3.000000 1.185185,
        0.571429 3.000000 1.333333,
        0.571429 3.000000 1.481481,
        0.571429 3.000000 1.629630,
        0.571429 3.000000 1.777778,
        0.571429 3.000000 1.925926,
        0.571429 3.000000 2.074074,
        0.571429 3.000000 2.222222,
        0.571429 3.000000 2.370370,
        0.571429 3.000000 2.518519,
        0.571429 3.000000 2.666667,
        0.571429 3.000000 2.814815,
        0.571429 3.000000 2.962963,
        0.571429 3.000000 3.111111,
        0.571429 3.000000 3.259259,
        0.571429 3.000000 3.407407,
        0.571429 3.000000 3.555556,
        0.571429 3.000000 3.703704,
        0.571429 3.000000 3.851852,
        0.571429 3.000000 4.000000,
        0.714286 3.000000 0.000000,
        0.714286 3.000000 0.148148,
        0.714286 3.000000 0.296296,
        0.714286 3.000000 0.444444,
        0.714286 3.000000 0.592593,
        0.714286 3.000000 0.740741,
        0.714286 3.000000 0.888889,
        0.714286 3.000000 1.037037,
        0.714286 3.000000 1.185185,
        0.714286 3.000000 1.333333,
        0.714286 3.000000 1.481481,
        0.714286 3.000000 1.629630,
        0.714286 3.000000 1.777778,
        0.714286 3.000000 1.925926,
        0.714286 3.000000 2.074074,
        0.714286 3.000000 2.222222,
        0.714286 3.000000 2.370370,
        0.714286 3.000000 2.518519,
        0.714286 3.000000 2.666667,
        0.714286 3.000000 2.814815,
        0.714286 3.000000 2.962963,
        0.714286 3.000000 3.111111,
        0.714286 3.000000 3.259259,
        0.714286 3.000000 3.407407,
        0.714286 3.000000 3.555556,
        0.714286 3.000000 3.703704,
        0.714286 3.000000 3.851852,
        0.714286 3.000000 4.000000,
        0.857143 3.000000 0.000000,
        0.857143 3.000000 0.148148,
        0.857143 3.000000 0.296296,
        0.857143 3.000000 0.444444,
        0.857143 3.000000 0.592593,
        0.857143 3.000000 0.740741,
        0.857143 3.000000 0.888889,
        0.857143 3.000000 1.037037,
        0.857143 3.000000 1.185185,
        0.857143 3.000000 1.333333,
        0.857143 3.000000 1.481481,
        0.857143 3.000000 1.629630,
        0.857143 3.000000 1.777778,
        0.857143 3.000000 1.925926,
        0.857143 3.000000 2.074074,
        0.857143 3.000000 2.222222,
        0.857143 3.000000 2.370370,
        0.857143 3.000000 2.518519,
        0.857143 3.000000 2.666667,
        0.857143 3.000000 2.814815,
        0.857143 3.000000 2.962963,
        0.857143 3.000000 3.111111,
        0.857143 3.000000 3.259259,
        0.857143 3.000000 3.407407,
        0.857143 3.000000 3.555556,
        0.857143 3.000000 3.703704,
        0.857143 3.000000 3.851852,
        0.857143 3.000000 4.000000,
        1.000000 3.000000 0.000000,
        1.000000 3.000000 0.148148,
        1.000000 3.000000 0.296296,
        1.000000 3.000000 0.444444,
        1.000000 3.000000 0.592593,
        1.000000 3.000000 0.740741,
        1.000000 3.000000 0.888889,
        1.000000 3.000000 1.037037,
        1.000000 3.000000 1.185185,
        1.000000 3.000000 1.333333,
        1.000000 3.000000 1.481481,
        1.000000 3.000000 1.629630,
        1.000000 3.000000 1.777778,
        1.000000 3.000000 1.925926,
        1.000000 3.000000 2.074074,
        1.000000 3.000000 2.222222,
        1.000000 3.000000 2.370370,
        1.000000 3.000000 2.518519,
        1.000000 3.000000 2.666667,
        1.000000 3.000000 2.814815,
        1.000000 3.000000 2.962963,
        1.000000 3.000000 3.111111,
        1.000000 3.000000 3.259259,
        1.000000 3.000000 3.407407,
        1.000000 3.000000 3.555556,
        1.000000 3.000000 3.703704,
        1.000000 3.000000 3.851852,
        1.000000 3.000000 4.000000,
        1.142857 3.000000 0.000000,
        1.142857 3.000000 0.148148,
        1.142857 3.000000 0.296296,
        1.142857 3.000000 0.444444,
        1.142857 3.000000 0.592593,
        1.142857 3.000000 0.740741,
        1.142857 3.000000 0.888889,
        1.142857 3.000000 1.037037,
        1.142857 3.000000 1.185185,
        1.142857 3.000000 1.333333,
        1.142857 3.000000 1.481481,
        1.142857 3.000000 1.629630,
        1.142857 3.000000 1.777778,
        1.142857 3.000000 1.925926,
        1.142857 3.000000 2.074074,
        1.142857 3.000000 2.222222,
        1.142857 3.000000 2.370370,
        1.142857 3.000000 2.518519,
        1.142857 3.000000 2.666667,
        1.142857 3.000000 2.814815,
        1.142857 3.000000 2.962963,
        1.142857 3.000000 3.111111,
        1.142857 3.000000 3.259259,
        1.142857 3.000000 3.407407,
        1.142857 3.000000 3.555556,
        1.142857 3.000000 3.703704,
        1.142857 3.000000 3.851852,
        1.142857 3.000000 4.000000,
        1.285714 3.000000 0.000000,
        1.285714 3.000000 0.148148,
        1.285714 3.000000 0.296296,
        1.285714 3.000000 0.444444,
        1.285714 3.000000 0.592593,
        1.285714 3.000000 0.740741,
        1.285714 3.000000 0.888889,
        1.285714 3.000000 1.037037,
        1.285714 3.000000 1.185185,
        1.285714 3.000000 1.333333,
        1.285714 3.000000 1.481481,
        1.285714 3.000000 1.629630,
        1.285714 3.000000 1.777778,
        1.285714 3.000000 1.925926,
        1.285714 3.000000 2.074074,
        1.285714 3.000000 2.222222,
        1.285714 3.000000 2.370370,
        1.285714 3.000000 2.518519,
        1.285714 3.000000 2.666667,
        1.285714 3.000000 2.814815,
        1.285714 3.000000 2.962963,
        1.285714 3.000000 3.111111,
        1.285714 3.000000 3.259259,
        1.285714 3.000000 3.407407,
        1.285714 3.000000 3.555556,
        1.285714 3.000000 3.703704,
        1.285714 3.000000 3.851852,
        1.285714 3.000000 4.000000,
        1.428571 3.000000 0.000000,
        1.428571 3.000000 0.148148,
        1.428571 3.000000 0.296296,
        1.428571 3.000000 0.444444,
        1.428571 3.000000 0.592593,
        1.428571 3.000000 0.740741,
        1.428571 3.000000 0.888889,
        1.428571 3.000000 1.037037,
        1.428571 3.000000 1.185185,
        1.428571 3.000000 1.333333,
        1.428571 3.000000 1.481481,
        1.428571 3.000000 1.629630,
        1.428571 3.000000 1.777778,
        1.428571 3.000000 1.925926,
        1.428571 3.000000 2.074074,
        1.428571 3.000000 2.222222,
        1.428571 3.000000 2.370370,
        1.428571 3.000000 2.518519,
        1.428571 3.000000 2.666667,
        1.428571 3.000000 2.814815,
        1.428571 3.000000 2.962963,
        1.428571 3.000000 3.111111,
        1.428571 3.000000 3.259259,
        1.428571 3.000000 3.407407,
        1.428571 3.000000 3.555556,
        1.428571 3.000000 3.703704,
        1.428571 3.000000 3.851852,
        1.428571 3.000000 4.000000,
        1.571429 3.000000 0.000000,
        1.571429 3.000000 0.148148,
        1.571429 3.000000 0.296296,
        1.571429 3.000000 0.444444,
        1.571429 3.000000 0.592593,
        1.571429 3.000000 0.740741,
        1.571429 3.000000 0.888889,
        1.571429 3.000000 1.037037,
        1.571429 3.000000 1.185185,
        1.571429 3.000000 1.333333,
        1.571429 3.000000 1.481481,
        1.571429 3.000000 1.629630,
        1.571429 3.000000 1.777778,
        1.571429 3.000000 1.925926,
        1.571429 3.000000 2.074074,
        1.571429 3.000000 2.222222,
        1.571429 3.000000 2.370370,
        1.571429 3.000000 2.518519,
        1.571429 3.000000 2.666667,
        1.571429 3.000000 2.814815,
        1.571429 3.000000 2.962963,
        1.571429 3.000000 3.111111,
        1.571429 3.000000 3.259259,
        1.571429 3.000000 3.407407,
        1.571429 3.000000 3.555556,
        1.571429 3.000000 3.703704,
        1.571429 3.000000 3.851852,
        1.571429 3.000000 4.000000,
        1.714286 3.000000 0.000000,
        1.714286 3.000000 0.148148,
        1.714286 3.000000 0.296296,
        1.714286 3.000000 0.444444,
        1.714286 3.000000 0.592593,
        1.714286 3.000000 0.740741,
        1.714286 3.000000 0.888889,
        1.714286 3.000000 1.037037,
        1.714286 3.000000 1.185185,
        1.714286 3.000000 1.333333,
        1.714286 3.000000 1.481481,
        1.714286 3.000000 1.629630,
        1.714286 3.000000 1.777778,
        1.714286 3.000000 1.925926,
        1.714286 3.000000 2.074074,
        1.714286 3.000000 2.222222,
        1.714286 3.000000 2.370370,
        1.714286 3.000000 2.518519,
        1.714286 3.000000 2.666667,
        1.714286 3.000000 2.814815,
        1.714286 3.000000 2.962963,
        1.714286 3.000000 3.111111,
        1.714286 3.000000 3.259259,
        1.714286 3.000000 3.407407,
        1.714286 3.000000 3.555556,
        1.714286 3.000000 3.703704,
        1.714286 3.000000 3.851852,
        1.714286 3.000000 4.000000,
        1.857143 3.000000 0.000000,
        1.857143 3.000000 0.148148,
        1.857143 3.000000 0.296296,
        1.857143 3.000000 0.444444,
        1.857143 3.000000 0.592593,
        1.857143 3.000000 0.740741,
        1.857143 3.000000 0.888889,
        1.857143 3.000000 1.037037,
        1.857143 3.000000 1.185185,
        1.857143 3.000000 1.333333,
        1.857143 3.000000 1.481481,
        1.857143 3.000000 1.629630,
        1.857143 3.000000 1.777778,
        1.857143 3.000000 1.925926,
        1.857143 3.000000 2.074074,
        1.857143 3.000000 2.222222,
        1.857143 3.000000 2.370370,
        1.857143 3.000000 2.518519,
        1.857143 3.000000 2.666667,
        1.857143 3.000000 2.814815,
        1.857143 3.000000 2.962963,
        1.857143 3.000000 3.111111,
        1.857143 3.000000 3.259259,
        1.857143 3.000000 3.407407,
        1.857143 3.000000 3.555556,
        1.857143 3.000000 3.703704,
        1.857143 3.000000 3.851852,
        1.857143 3.000000 4.000000,
        2.000000 3.000000 0.000000,
        2.000000 3.000000 0.148148,
        2.000000 3.000000 0.296296,
        2.000000 3.000000 0.444444,
        2.000000 3.000000 0.592593,
        2.000000 3.000000 0.740741,
        2.000000 3.000000 0.888889,
        2.000000 3.000000 1.037037,
        2.000000 3.000000 1.185185,
        2.000000 3.000000 1.333333,
        2.000000 3.000000 1.481481,
        2.000000 3.000000 1.629630,
        2.000000 3.000000 1.777778,
        2.000000 3.000000 1.925926,
        2.000000 3.000000 2.074074,
        2.000000 3.000000 2.222222,
        2.000000 3.000000 2.370370,
        2.000000 3.000000 2.518519,
        2.000000 3.000000 2.666667,
        2.000000 3.000000 2.814815,
        2.000000 3.000000 2.962963,
        2.000000 3.000000 3.111111,
        2.000000 3.000000 3.259259,
        2.000000 3.000000 3.407407,
        2.000000 3.000000 3.555556,
        2.000000 3.000000 3.703704,
        2.000000 3.000000 3.851852,
        2.000000 3.000000 4.000000,
        0.000000 0.000000 0.000000,
        0.000000 0.000000 0.148148,
        0.000000 0.000000 0.296296,
        0.000000 0.000000 0.444444,
        0.000000 0.000000 0.592593,
        0.000000 0.000000 0.740741,
        0.000000 0.000000 0.888889,
        0.000000 0.000000 1.037037,
        0.000000 0.000000 1.185185,
        0.000000 0.000000 1.333333,
        0.000000 0.000000 1.481481,
        0.000000 0.000000 1.629630,
        0.000000 0.000000 1.777778,
        0.000000 0.000000 1.925926,
        0.000000 0.000000 2.074074,
        0.000000 0.000000 2.222222,
        0.000000 0.000000 2.370370,
        0.000000 0.000000 2.518519,
        0.000000 0.000000 2.666667,
        0.000000 0.000000 2.814815,
        0.000000 0.000000 2.962963,
        0.000000 0.000000 3.111111,
        0.000000 0.000000 3.259259,
        0.000000 0.000000 3.407407,
        0.000000 0.000000 3.555556,
        0.000000 0.000000 3.703704,
        0.000000 0.000000 3.851852,
        0.000000 0.000000 4.000000,
        0.000000 0.150000 0.000000,
        0.000000 0.150000 0.148148,
        0.000000 0.150000 0.296296,
        0.000000 0.150000 0.444444,
        0.000000 0.150000 0.592593,
        0.000000 0.150000 0.740741,
        0.000000 0.150000 0.888889,
        0.000000 0.150000 1.037037,
        0.000000 0.150000 1.185185,
        0.000000 0.150000 1.333333,
        0.000000 0.150000 1.481481,
        0.000000 0.150000 1.629630,
        0.000000 0.150000 1.777778,
        0.000000 0.150000 1.925926,
        0.000000 0.150000 2.074074,
        0.000000 0.150000 2.222222,
        0.000000 0.150000 2.370370,
        0.000000 0.150000 2.518519,
        0.000000 0.150000 2.666667,
        0.000000 0.150000 2.814815,
        0.000000 0.150000 2.962963,
        0.000000 0.150000 3.111111,
        0.000000 0.150000 3.259259,
        0.000000 0.150000 3.407407,
        0.000000 0.150000 3.555556,
        0.000000 0.150000 3.703704,
        0.000000 0.150000 3.851852,
        0.000000 0.150000 4.000000,
        0.000000 0.300000 0.000000,
        0.000000 0.300000 0.148148,
        0.000000 0.300000 0.296296,
        0.000000 0.300000 0.444444,
        0.000000 0.300000 0.592593,
        0.000000 0.300000 0.740741,
        0.000000 0.300000 0.888889,
        0.000000 0.300000 1.037037,
        0.000000 0.300000 1.185185,
        0.000000 0.300000 1.333333,
        0.000000 0.300000 1.481481,
        0.000000 0.300000 1.629630,
        0.000000 0.300000 1.777778,
        0.000000 0.300000 1.925926,
        0.000000 0.300000 2.074074,
        0.000000 0.300000 2.222222,
        0.000000 0.300000 2.370370,
        0.000000 0.300000 2.518519,
        0.000000 0.300000 2.666667,
        0.000000 0.300000 2.814815,
        0.000000 0.300000 2.962963,
        0.000000 0.300000 3.111111,
        0.000000 0.300000 3.259259,
        0.000000 0.300000 3.407407,
        0.000000 0.300000 3.555556,
        0.000000 0.300000 3.703704,
        0.000000 0.300000 3.851852,
        0.000000 0.300000 4.000000,
        0.000000 0.450000 0.000000,
        0.000000 0.450000 0.148148,
        0.000000 0.450000 0.296296,
        0.000000 0.450000 0.444444,
        0.000000 0.450000 0.592593,
        0.000000 0.450000 0.740741,
        0.000000 0.450000 0.888889,
        0.000000 0.450000 1.037037,
        0.000000 0.450000 1.185185,
        0.000000 0.450000 1.333333,
        0.000000 0.450000 1.481481,
        0.000000 0.450000 1.629630,
        0.000000 0.450000 1.777778,
        0.000000 0.450000 1.925926,
        0.000000 0.450000 2.074074,
        0.000000 0.450000 2.222222,
        0.000000 0.450000 2.370370,
        0.000000 0.450000 2.518519,
        0.000000 0.450000 2.666667,
        0.000000 0.450000 2.814815,
        0.000000 0.450000 2.962963,
        0.000000 0.450000 3.111111,
        0.000000 0.450000 3.259259,
        0.000000 0.450000 3.407407,
        0.000000 0.450000 3.555556,
        0.000000 0.450000 3.703704,
        0.000000 0.450000 3.851852,
        0.000000 0.450000 4.000000,
        0.000000 0.600000 0.000000,
        0.000000 0.600000 0.148148,
        0.000000 0.600000 0.296296,
        0.000000 0.600000 0.444444,
        0.000000 0.600000 0.592593,
        0.000000 0.600000 0.740741,
        0.000000 0.600000 0.888889,
        0.000000 0.600000 1.037037,
        0.000000 0.600000 1.185185,
        0.000000 0.600000 1.333333,
        0.000000 0.600000 1.481481,
        0.000000 0.600000 1.629630,
        0.000000 0.600000 1.777778,
        0.000000 0.600000 1.925926,
        0.000000 0.600000 2.074074,
        0.000000 0.600000 2.222222,
        0.000000 0.600000 2.370370,
        0.000000 0.600000 2.518519,
        0.000000 0.600000 2.666667,
        0.000000 0.600000 2.814815,
        0.000000 0.600000 2.962963,
        0.000000 0.600000 3.111111,
        0.000000 0.600000 3.259259,
        0.000000 0.600000 3.407407,
        0.000000 0.600000 3.555556,
        0.000000 0.600000 3.703704,
        0.000000 0.600000 3.851852,
        0.000000 0.600000 4.000000,
        0.000000 0.750000 0.000000,
        0.000000 0.750000 0.148148,
        0.000000 0.750000 0.296296,
        0.000000 0.750000 0.444444,
        0.000000 0.750000 0.592593,
        0.000000 0.750000 0.740741,
        0.000000 0.750000 0.888889,
        0.000000 0.750000 1.037037,
        0.000000 0.750000 1.185185,
        0.000000 0.750000 1.333333,
        0.000000 0.750000 1.481481,
        0.000000 0.750000 1.629630,
        0.000000 0.750000 1.777778,
        0.000000 0.750000 1.925926,
        0.000000 0.750000 2.074074,
        0.000000 0.750000 2.222222,
        0.000000 0.750000 2.370370,
        0.000000 0.750000 2.518519,
        0.000000 0.750000 2.666667,
        0.000000 0.750000 2.814815,
        0.000000 0.750000 2.962963,
        0.000000 0.750000 3.111111,
        0.000000 0.750000 3.259259,
        0.000000 0.750000 3.407407,
        0.000000 0.750000 3.555556,
        0.000000 0.750000 3.703704,
        0.000000 0.750000 3.851852,
        0.000000 0.750000 4.000000,
        0.000000 0.900000 0.000000,
        0.000000 0.900000 0.148148,
        0.000000 0.900000 0.296296,
        0.000000 0.900000 0.444444,
        0.000000 0.900000 0.592593,
        0.000000 0.900000 0.740741,
        0.000000 0.900000 0.888889,
        0.000000 0.900000 1.037037,
        0.000000 0.900000 1.185185,
        0.000000 0.900000 1.333333,
        0.000000 0.900000 1.481481,
        0.000000 0.900000 1.629630,
        0.000000 0.900000 1.777778,
        0.000000 0.900000 1.925926,
        0.000000 0.900000 2.074074,
        0.000000 0.900000 2.222222,
        0.000000 0.900000 2.370370,
        0.000000 0.900000 2.518519,
        0.000000 0.900000 2.666667,
        0.000000 0.900000 2.814815,
        0.000000 0.900000 2.962963,
        0.000000 0.900000 3.111111,
        0.000000 0.900000 3.259259,
        0.000000 0.900000 3.407407,
        0.000000 0.900000 3.555556,
        0.000000 0.900000 3.703704,
        0.000000 0.900000 3.851852,
        0.000000 0.900000 4.000000,
        0.000000 1.050000 0.000000,
        0.000000 1.050000 0.148148,
        0.000000 1.050000 0.296296,
        0.000000 1.050000 0.444444,
        0.000000 1.050000 0.592593,
        0.000000 1.050000 0.740741,
        0.000000 1.050000 0.888889,
        0.000000 1.050000 1.037037,
        0.000000 1.050000 1.185185,
        0.000000 1.050000 1.333333,
        0.000000 1.050000 1.481481,
        0.000000 1.050000 1.629630,
        0.000000 1.050000 1.777778,
        0.000000 1.050000 1.925926,
        0.000000 1.050000 2.074074,
        0.000000 1.050000 2.222222,
        0.000000 1.050000 2.370370,
        0.000000 1.050000 2.518519,
        0.000000 1.050000 2.666667,
        0.000000 1.050000 2.814815,
        0.000000 1.050000 2.962963,
        0.000000 1.050000 3.111111,
        0.000000 1.050000 3.259259,
        0.000000 1.050000 3.407407,
        0.000000 1.050000 3.555556,
        0.000000 1.050000 3.703704,
        0.000000 1.050000 3.851852,
        0.000000 1.050000 4.000000,
        0.000000 1.200000 0.000000,
        0.000000 1.200000 0.148148,
        0.000000 1.200000 0.296296,
        0.000000 1.200000 0.444444,
        0.000000 1.200000 0.592593,
        0.000000 1.200000 0.740741,
        0.000000 1.200000 0.888889,
        0.000000 1.200000 1.037037,
        0.000000 1.200000 1.185185,
        0.000000 1.200000 1.333333,
        0.000000 1.200000 1.481481,
        0.000000 1.200000 1.629630,
        0.000000 1.200000 1.777778,
        0.000000 1.200000 1.925926,
        0.000000 1.200000 2.074074,
        0.000000 1.200000 2.222222,
        0.000000 1.200000 2.370370,
        0.000000 1.200000 2.518519,
        0.000000 1.200000 2.666667,
        0.000000 1.200000 2.814815,
        0.000000 1.200000 2.962963,
        0.000000 1.200000 3.111111,
        0.000000 1.200000 3.259259,
        0.000000 1.200000 3.407407,
        0.000000 1.200000 3.555556,
        0.000000 1.200000 3.703704,
        0.000000 1.200000 3.851852,
        0.000000 1.200000 4.000000,
        0.000000 1.350000 0.000000,
        0.000000 1.350000 0.148148,
        0.000000 1.350000 0.296296,
        0.000000 1.350000 0.444444,
        0.000000 1.350000 0.592593,
        0.000000 1.350000 0.740741,
        0.000000 1.350000 0.888889,
        0.000000 1.350000 1.037037,
        0.000000 1.350000 1.185185,
        0.000000 1.350000 1.333333,
        0.000000 1.350000 1.481481,
        0.000000 1.350000 1.629630,
        0.000000 1.350000 1.777778,
        0.000000 1.350000 1.925926,
        0.000000 1.350000 2.074074,
        0.000000 1.350000 2.222222,
        0.000000 1.350000 2.370370,
        0.000000 1.350000 2.518519,
        0.000000 1.350000 2.666667,
        0.000000 1.350000 2.814815,
        0.000000 1.350000 2.962963,
        0.000000 1.350000 3.111111,
        0.000000 1.350000 3.259259,
        0.000000 1.350000 3.407407,
        0.000000 1.350000 3.555556,
        0.000000 1.350000 3.703704,
        0.000000 1.350000 3.851852,
        0.000000 1.350000 4.000000,
        0.000000 1.500000 0.000000,
        0.000000 1.500000 0.148148,
        0.000000 1.500000 0.296296,
        0.000000 1.500000 0.444444,
        0.000000 1.500000 0.592593,
        0.000000 1.500000 0.740741,
        0.000000 1.500000 0.888889,
        0.000000 1.500000 1.037037,
        0.000000 1.500000 1.185185,
        0.000000 1.500000 1.333333,
        0.000000 1.500000 1.481481,
        0.000000 1.500000 1.629630,
        0.000000 1.500000 1.777778,
        0.000000 1.500000 1.925926,
        0.000000 1.500000 2.074074,
        0.000000 1.500000 2.222222,
        0.000000 1.500000 2.370370,
        0.000000 1.500000 2.518519,
        0.000000 1.500000 2.666667,
        0.000000 1.500000 2.814815,
        0.000000 1.500000 2.962963,
        0.000000 1.500000 3.111111,
        0.000000 1.500000 3.259259,
        0.000000 1.500000 3.407407,
        0.000000 1.500000 3.555556,
        0.000000 1.500000 3.703704,
        0.000000 1.500000 3.851852,
        0.000000 1.500000 4.000000,
        0.000000 1.650000 0.000000,
        0.000000 1.650000 0.148148,
        0.000000 1.650000 0.296296,
        0.000000 1.650000 0.444444,
        0.000000 1.650000 0.592593,
        0.000000 1.650000 0.740741,
        0.000000 1.650000 0.888889,
        0.000000 1.650000 1.037037,
        0.000000 1.650000 1.185185,
        0.000000 1.650000 1.333333,
        0.000000 1.650000 1.481481,
        0.000000 1.650000 1.629630,
        0.000000 1.650000 1.777778,
        0.000000 1.650000 1.925926,
        0.000000 1.650000 2.074074,
        0.000000 1.650000 2.222222,
        0.000000 1.650000 2.370370,
        0.000000 1.650000 2.518519,
        0.000000 1.650000 2.666667,
        0.000000 1.650000 2.814815,
        0.000000 1.650000 2.962963,
        0.000000 1.650000 3.111111,
        0.000000 1.650000 3.259259,
        0.000000 1.650000 3.407407,
        0.000000 1.650000 3.555556,
        0.000000 1.650000 3.703704,
        0.000000 1.650000 3.851852,
        0.000000 1.650000 4.000000,
        0.000000 1.800000 0.000000,
        0.000000 1.800000 0.148148,
        0.000000 1.800000 0.296296,
        0.000000 1.800000 0.444444,
        0.000000 1.800000 0.592593,
        0.000000 1.800000 0.740741,
        0.000000 1.800000 0.888889,
        0.000000 1.800000 1.037037,
        0.000000 1.800000 1.185185,
        0.000000 1.800000 1.333333,
        0.000000 1.800000 1.481481,
        0.000000 1.800000 1.629630,
        0.000000 1.800000 1.777778,
        0.000000 1.800000 1.925926,
        0.000000 1.800000 2.074074,
        0.000000 1.800000 2.222222,
        0.000000 1.800000 2.370370,
        0.000000 1.800000 2.518519,
        0.000000 1.800000 2.666667,
        0.000000 1.800000 2.814815,
        0.000000 1.800000 2.962963,
        0.000000 1.800000 3.111111,
        0.000000 1.800000 3.259259,
        0.000000 1.800000 3.407407,
        0.000000 1.800000 3.555556,
        0.000000 1.800000 3.703704,
        0.000000 1.800000 3.851852,
        0.000000 1.800000 4.000000,
        0.000000 1.950000 0.000000,
        0.000000 1.950000 0.148148,
        0.000000 1.950000 0.296296,
        0.000000 1.950000 0.444444,
        0.000000 1.950000 0.592593,
        0.000000 1.950000 0.740741,
        0.000000 1.950000 0.888889,
        0.000000 1.950000 1.037037,
        0.000000 1.950000 1.185185,
        0.000000 1.950000 1.333333,
        0.000000 1.950000 1.481481,
        0.000000 1.950000 1.629630,
        0.000000 1.950000 1.777778,
        0.000000 1.950000 1.925926,
        0.000000 1.950000 2.074074,
        0.000000 1.950000 2.222222,
        0.000000 1.950000 2.370370,
        0.000000 1.950000 2.518519,
        0.000000 1.950000 2.666667,
        0.000000 1.950000 2.814815,
        0.000000 1.950000 2.962963,
        0.000000 1.950000 3.111111,
        0.000000 1.950000 3.259259,
        0.000000 1.950000 3.407407,
        0.000000 1.950000 3.555556,
        0.000000 1.950000 3.703704,
        0.000000 1.950000 3.851852,
        0.000000 1.950000 4.000000,
        0.000000 2.100000 0.000000,
        0.000000 2.100000 0.148148,
        0.000000 2.100000 0.296296,
        0.000000 2.100000 0.444444,
        0.000000 2.100000 0.592593,
        0.000000 2.100000 0.740741,
        0.000000 2.100000 0.888889,
        0.000000 2.100000 1.037037,
        0.000000 2.100000 1.185185,
        0.000000 2.100000 1.333333,
        0.000000 2.100000 1.481481,
        0.000000 2.100000 1.629630,
        0.000000 2.100000 1.777778,
        0.000000 2.100000 1.925926,
        0.000000 2.100000 2.074074,
        0.000000 2.100000 2.222222,
        0.000000 2.100000 2.370370,
        0.000000 2.100000 2.518519,
        0.000000 2.100000 2.666667,
        0.000000 2.100000 2.814815,
        0.000000 2.100000 2.962963,
        0.000000 2.100000 3.111111,
        0.000000 2.100000 3.259259,
        0.000000 2.100000 3.407407,
        0.000000 2.100000 3.555556,
        0.000000 2.100000 3.703704,
        0.000000 2.100000 3.851852,
        0.000000 2.100000 4.000000,
        0.000000 2.250000 0.000000,
        0.000000 2.250000 0.148148,
        0.000000 2.250000 0.296296,
        0.000000 2.250000 0.444444,
        0.000000 2.250000 0.592593,
        0.000000 2.250000 0.740741,
        0.000000 2.250000 0.888889,
        0.000000 2.250000 1.037037,
        0.000000 2.250000 1.185185,
        0.000000 2.250000 1.333333,
        0.000000 2.250000 1.481481,
        0.000000 2.250000 1.629630,
        0.000000 2.250000 1.777778,
        0.000000 2.250000 1.925926,
        0.000000 2.250000 2.074074,
        0.000000 2.250000 2.222222,
        0.000000 2.250000 2.370370,
        0.000000 2.250000 2.518519,
        0.000000 2.250000 2.666667,
        0.000000 2.250000 2.814815,
        0.000000 2.250000 2.962963,
        0.000000 2.250000 3.111111,
        0.000000 2.250000 3.259259,
        0.000000 2.250000 3.407407,
        0.000000 2.250000 3.555556,
        0.000000 2.250000 3.703704,
        0.000000 2.250000 3.851852,
        0.000000 2.250000 4.000000,
        0.000000 2.400000 0.000000,
        0.000000 2.400000 0.148148,
        0.000000 2.400000 0.296296,
        0.000000 2.400000 0.444444,
        0.000000 2.400000 0.592593,
        0.000000 2.400000 0.740741,
        0.000000 2.400000 0.888889,
        0.000000 2.400000 1.037037,
        0.000000 2.400000 1.185185,
        0.000000 2.400000 1.333333,
        0.000000 2.400000 1.481481,
        0.000000 2.400000 1.629630,
        0.000000 2.400000 1.777778,
        0.000000 2.400000 1.925926,
        0.000000 2.400000 2.074074,
        0.000000 2.400000 2.222222,
        0.000000 2.400000 2.370370,
        0.000000 2.400000 2.518519,
        0.000000 2.400000 2.666667,
        0.000000 2.400000 2.814815,
        0.000000 2.400000 2.962963,
        0.000000 2.400000 3.111111,
        0.000000 2.400000 3.259259,
        0.000000 2.400000 3.407407,
        0.000000 2.400000 3.555556,
        0.000000 2.400000 3.703704,
        0.000000 2.400000 3.851852,
        0.000000 2.400000 4.000000,
        0.000000 2.550000 0.000000,
        0.000000 2.550000 0.148148,
        0.000000 2.550000 0.296296,
        0.000000 2.550000 0.444444,
        0.000000 2.550000 0.592593,
        0.000000 2.550000 0.740741,
        0.000000 2.550000 0.888889,
        0.000000 2.550000 1.037037,
        0.000000 2.550000 1.185185,
        0.000000 2.550000 1.333333,
        0.000000 2.550000 1.481481,
        0.000000 2.550000 1.629630,
        0.000000 2.550000 1.777778,
        0.000000 2.550000 1.925926,
        0.000000 2.550000 2.074074,
        0.000000 2.550000 2.222222,
        0.000000 2.550000 2.370370,
        0.000000 2.550000 2.518519,
        0.000000 2.550000 2.666667,
        0.000000 2.550000 2.814815,
        0.000000 2.550000 2.962963,
        0.000000 2.550000 3.111111,
        0.000000 2.550000 3.259259,
        0.000000 2.550000 3.407407,
        0.000000 2.550000 3.555556,
        0.000000 2.550000 3.703704,
        0.000000 2.550000 3.851852,
        0.000000 2.550000 4.000000,
        0.000000 2.700000 0.000000,
        0.000000 2.700000 0.148148,
        0.000000 2.700000 0.296296,
        0.000000 2.700000 0.444444,
        0.000000 2.700000 0.592593,
        0.000000 2.700000 0.740741,
        0.000000 2.700000 0.888889,
        0.000000 2.700000 1.037037,
        0.000000 2.700000 1.185185,
        0.000000 2.700000 1.333333,
        0.000000 2.700000 1.481481,
        0.000000 2.700000 1.629630,
        0.000000 2.700000 1.777778,
        0.000000 2.700000 1.925926,
        0.000000 2.700000 2.074074,
        0.000000 2.700000 2.222222,
        0.000000 2.700000 2.370370,
        0.000000 2.700000 2.518519,
        0.000000 2.700000 2.666667,
        0.000000 2.700000 2.814815,
        0.000000 2.700000 2.962963,
        0.000000 2.700000 3.111111,
        0.000000 2.700000 3.259259,
        0.000000 2.700000 3.407407,
        0.000000 2.700000 3.555556,
        0.000000 2.700000 3.703704,
        0.000000 2.700000 3.851852,
        0.000000 2.700000 4.000000,
        0.000000 2.850000 0.000000,
        0.000000 2.850000 0.148148,
        0.000000 2.850000 0.296296,
        0.000000 2.850000 0.444444,
        0.000000 2.850000 0.592593,
        0.000000 2.850000 0.740741,
        0.000000 2.850000 0.888889,
        0.000000 2.850000 1.037037,
        0.000000 2.850000 1.185185,
        0.000000 2.850000 1.333333,
        0.000000 2.850000 1.481481,
        0.000000 2.850000 1.629630,
        0.000000 2.850000 1.777778,
        0.000000 2.850000 1.925926,
        0.000000 2.850000 2.074074,
        0.000000 2.850000 2.222222,
        0.000000 2.850000 2.370370,
        0.000000 2.850000 2.518519,
        0.000000 2.850000 2.666667,
        0.000000 2.850000 2.814815,
        0.000000 2.850000 2.962963,
        0.000000 2.850000 3.111111,
        0.000000 2.850000 3.259259,
        0.000000 2.850000 3.407407,
        0.000000 2.850000 3.555556,
        0.000000 2.850000 3.703704,
        0.000000 2.850000 3.851852,
        0.000000 2.850000 4.000000,
        0.000000 3.000000 0.000000,
        0.000000 3.000000 0.148148,
        0.000000 3.000000 0.296296,
        0.000000 3.000000 0.444444,
        0.000000 3.000000 0.592593,
        0.000000 3.000000 0.740741,
        0.000000 3.000000 0.888889,
        0.000000 3.000000 1.037037,
        0.000000 3.000000 1.185185,
        0.000000 3.000000 1.333333,
        0.000000 3.000000 1.481481,
        0.000000 3.000000 1.629630,
        0.000000 3.000000 1.777778,
        0.000000 3.000000 1.925926,
        0.000000 3.000000 2.074074,
        0.000000 3.000000 2.222222,
        0.000000 3.000000 2.370370,
        0.000000 3.000000 2.518519,
        0.000000 3.000000 2.666667,
        0.000000 3.000000 2.814815,
        0.000000 3.000000 2.962963,
        0.000000 3.000000 3.111111,
        0.000000 3.000000 3.259259,
        0.000000 3.000000 3.407407,
        0.000000 3.000000 3.555556,
        0.000000 3.000000 3.703704,
        0.000000 3.000000 3.851852,
        0.000000 3.000000 4.000000,
        2.000000 3.000000 0.000000,
        2.000000 3.000000 0.148148,
        2.000000 3.000000 0.296296,
        2.000000 3.000000 0.444444,
        2.000000 3.000000 0.592593,
        2.000000 3.000000 0.740741,
        2.000000 3.000000 0.888889,
        2.000000 3.000000 1.037037,
        2.000000 3.000000 1.185185,
        2.000000 3.000000 1.333333,
        2.000000 3.000000 1.481481,
        2.000000 3.000000 1.629630,
        2.000000 3.000000 1.777778,
        2.000000 3.000000 1.925926,
        2.000000 3.000000 2.074074,
        2.000000 3.000000 2.222222,
        2.000000 3.000000 2.370370,
        2.000000 3.000000 2.518519,
        2.000000 3.000000 2.666667,
        2.000000 3.000000 2.814815,
        2.000000 3.000000 2.962963,
        2.000000 3.000000 3.111111,
        2.000000 3.000000 3.259259,
        2.000000 3.000000 3.407407,
        2.000000 3.000000 3.555556,
        2.000000 3.000000 3.703704,
        2.000000 3.000000 3.851852,
        2.000000 3.000000 4.000000,
        2.000000 2.850000 0.000000,
        2.000000 2.850000 0.148148,
        2.000000 2.850000 0.296296,
        2.000000 2.850000 0.444444,
        2.000000 2.850000 0.592593,
        2.000000 2.850000 0.740741,
        2.000000 2.850000 0.888889,
        2.000000 2.850000 1.037037,
        2.000000 2.850000 1.185185,
        2.000000 2.850000 1.333333,
        2.000000 2.850000 1.481481,
        2.000000 2.850000 1.629630,
        2.000000 2.850000 1.777778,
        2.000000 2.850000 1.925926,
        2.000000 2.850000 2.074074,
        2.000000 2.850000 2.222222,
        2.000000 2.850000 2.370370,
        2.000000 2.850000 2.518519,
        2.000000 2.850000 2.666667,
        2.000000 2.850000 2.814815,
        2.000000 2.850000 2.962963,
        2.000000 2.850000 3.111111,
        2.000000 2.850000 3.259259,
        2.000000 2.850000 3.407407,
        2.000000 2.850000 3.555556,
        2.000000 2.850000 3.703704,
        2.000000 2.850000 3.851852,
        2.000000 2.850000 4.000000,
        2.000000 2.700000 0.000000,
        2.000000 2.700000 0.148148,
        2.000000 2.700000 0.296296,
        2.000000 2.700000 0.444444,
        2.000000 2.700000 0.592593,
        2.000000 2.700000 0.740741,
        2.000000 2.700000 0.888889,
        2.000000 2.700000 1.037037,
        2.000000 2.700000 1.185185,
        2.000000 2.700000 1.333333,
        2.000000 2.700000 1.481481,
        2.000000 2.700000 1.629630,
        2.000000 2.700000 1.777778,
        2.000000 2.700000 1.925926,
        2.000000 2.700000 2.074074,
        2.000000 2.700000 2.222222,
        2.000000 2.700000 2.370370,
        2.000000 2.700000 2.518519,
        2.000000 2.700000 2.666667,
        2.000000 2.700000 2.814815,
        2.000000 2.700000 2.962963,
        2.000000 2.700000 3.111111,
        2.000000 2.700000 3.259259,
        2.000000 2.700000 3.407407,
        2.000000 2.700000 3.555556,
        2.000000 2.700000 3.703704,
        2.000000 2.700000 3.851852,
        2.000000 2.700000 4.000000,
        2.000000 2.550000 0.000000,
        2.000000 2.550000 0.148148,
        2.000000 2.550000 0.296296,
        2.000000 2.550000 0.444444,
        2.000000 2.550000 0.592593,
        2.000000 2.550000 0.740741,
        2.000000 2.550000 0.888889,
        2.000000 2.550000 1.037037,
        2.000000 2.550000 1.185185,
        2.000000 2.550000 1.333333,
        2.000000 2.550000 1.481481,
        2.000000 2.550000 1.629630,
        2.000000 2.550000 1.777778,
        2.000000 2.550000 1.925926,
        2.000000 2.550000 2.074074,
        2.000000 2.550000 2.222222,
        2.000000 2.550000 2.370370,
        2.000000 2.550000 2.518519,
        2.000000 2.550000 2.666667,
        2.000000 2.550000 2.814815,
        2.000000 2.550000 2.962963,
        2.000000 2.550000 3.111111,
        2.000000 2.550000 3.259259,
        2.000000 2.550000 3.407407,
        2.000000 2.550000 3.555556,
        2.000000 2.550000 3.703704,
        2.000000 2.550000 3.851852,
        2.000000 2.550000 4.000000,
        2.000000 2.400000 0.000000,
        2.000000 2.400000 0.148148,
        2.000000 2.400000 0.296296,
        2.000000 2.400000 0.444444,
        2.000000 2.400000 0.592593,
        2.000000 2.400000 0.740741,
        2.000000 2.400000 0.888889,
        2.000000 2.400000 1.037037,
        2.000000 2.400000 1.185185,
        2.000000 2.400000 1.333333,
        2.000000 2.400000 1.481481,
        2.000000 2.400000 1.629630,
        2.000000 2.400000 1.777778,
        2.000000 2.400000 1.925926,
        2.000000 2.400000 2.074074,
        2.000000 2.400000 2.222222,
        2.000000 2.400000 2.370370,
        2.000000 2.400000 2.518519,
        2.000000 2.400000 2.666667,
        2.000000 2.400000 2.814815,
        2.000000 2.400000 2.962963,
        2.000000 2.400000 3.111111,
        2.000000 2.400000 3.259259,
        2.000000 2.400000 3.407407,
        2.000000 2.400000 3.555556,
        2.000000 2.400000 3.703704,
        2.000000 2.400000 3.851852,
        2.000000 2.400000 4.000000,
        2.000000 2.250000 0.000000,
        2.000000 2.250000 0.148148,
        2.000000 2.250000 0.296296,
        2.000000 2.250000 0.444444,
        2.000000 2.250000 0.592593,
        2.000000 2.250000 0.740741,
        2.000000 2.250000 0.888889,
        2.000000 2.250000 1.037037,
        2.000000 2.250000 1.185185,
        2.000000 2.250000 1.333333,
        2.000000 2.250000 1.481481,
        2.000000 2.250000 1.629630,
        2.000000 2.250000 1.777778,
        2.000000 2.250000 1.925926,
        2.000000 2.250000 2.074074,
        2.000000 2.250000 2.222222,
        2.000000 2.250000 2.370370,
        2.000000 2.250000 2.518519,
        2.000000 2.250000 2.666667,
        2.000000 2.250000 2.814815,
        2.000000 2.250000 2.962963,
        2.000000 2.250000 3.111111,
        2.000000 2.250000 3.259259,
        2.000000 2.250000 3.407407,
        2.000000 2.250000 3.555556,
        2.000000 2.250000 3.703704,
        2.000000 2.250000 3.851852,
        2.000000 2.250000 4.000000,
        2.000000 2.100000 0.000000,
        2.000000 2.100000 0.148148,
        2.000000 2.100000 0.296296,
        2.000000 2.100000 0.444444,
        2.000000 2.100000 0.592593,
        2.000000 2.100000 0.740741,
        2.000000 2.100000 0.888889,
        2.000000 2.100000 1.037037,
        2.000000 2.100000 1.185185,
        2.000000 2.100000 1.333333,
        2.000000 2.100000 1.481481,
        2.000000 2.100000 1.629630,
        2.000000 2.100000 1.777778,
        2.000000 2.100000 1.925926,
        2.000000 2.100000 2.074074,
        2.000000 2.100000 2.222222,
        2.000000 2.100000 2.370370,
        2.000000 2.100000 2.518519,
        2.000000 2.100000 2.666667,
        2.000000 2.100000 2.814815,
        2.000000 2.100000 2.962963,
        2.000000 2.100000 3.111111,
        2.000000 2.100000 3.259259,
        2.000000 2.100000 3.407407,
        2.000000 2.100000 3.555556,
        2.000000 2.100000 3.703704,
        2.000000 2.100000 3.851852,
        2.000000 2.100000 4.000000,
        2.000000 1.950000 0.000000,
        2.000000 1.950000 0.148148,
        2.000000 1.950000 0.296296,
        2.000000 1.950000 0.444444,
        2.000000 1.950000 0.592593,
        2.000000 1.950000 0.740741,
        2.000000 1.950000 0.888889,
        2.000000 1.950000 1.037037,
        2.000000 1.950000 1.185185,
        2.000000 1.950000 1.333333,
        2.000000 1.950000 1.481481,
        2.000000 1.950000 1.629630,
        2.000000 1.950000 1.777778,
        2.000000 1.950000 1.925926,
        2.000000 1.950000 2.074074,
        2.000000 1.950000 2.222222,
        2.000000 1.950000 2.370370,
        2.000000 1.950000 2.518519,
        2.000000 1.950000 2.666667,
        2.000000 1.950000 2.814815,
        2.000000 1.950000 2.962963,
        2.000000 1.950000 3.111111,
        2.000000 1.950000 3.259259,
        2.000000 1.950000 3.407407,
        2.000000 1.950000 3.555556,
        2.000000 1.950000 3.703704,
        2.000000 1.950000 3.851852,
        2.000000 1.950000 4.000000,
        2.000000 1.800000 0.000000,
        2.000000 1.800000 0.148148,
        2.000000 1.800000 0.296296,
        2.000000 1.800000 0.444444,
        2.000000 1.800000 0.592593,
        2.000000 1.800000 0.740741,
        2.000000 1.800000 0.888889,
        2.000000 1.800000 1.037037,
        2.000000 1.800000 1.185185,
        2.000000 1.800000 1.333333,
        2.000000 1.800000 1.481481,
        2.000000 1.800000 1.629630,
        2.000000 1.800000 1.777778,
        2.000000 1.800000 1.925926,
        2.000000 1.800000 2.074074,
        2.000000 1.800000 2.222222,
        2.000000 1.800000 2.370370,
        2.000000 1.800000 2.518519,
        2.000000 1.800000 2.666667,
        2.000000 1.800000 2.814815,
        2.000000 1.800000 2.962963,
        2.000000 1.800000 3.111111,
        2.000000 1.800000 3.259259,
        2.000000 1.800000 3.407407,
        2.000000 1.800000 3.555556,
        2.000000 1.800000 3.703704,
        2.000000 1.800000 3.851852,
        2.000000 1.800000 4.000000,
        2.000000 1.650000 0.000000,
        2.000000 1.650000 0.148148,
        2.000000 1.650000 0.296296,
        2.000000 1.650000 0.444444,
        2.000000 1.650000 0.592593,
        2.000000 1.650000 0.740741,
        2.000000 1.650000 0.888889,
        2.000000 1.650000 1.037037,
        2.000000 1.650000 1.185185,
        2.000000 1.650000 1.333333,
        2.000000 1.650000 1.481481,
        2.000000 1.650000 1.629630,
        2.000000 1.650000 1.777778,
        2.000000 1.650000 1.925926,
        2.000000 1.650000 2.074074,
        2.000000 1.650000 2.222222,
        2.000000 1.650000 2.370370,
        2.000000 1.650000 2.518519,
        2.000000 1.650000 2.666667,
        2.000000 1.650000 2.814815,
        2.000000 1.650000 2.962963,
        2.000000 1.650000 3.111111,
        2.000000 1.650000 3.259259,
        2.000000 1.650000 3.407407,
        2.000000 1.650000 3.555556,
        2.000000 1.650000 3.703704,
        2.000000 1.650000 3.851852,
        2.000000 1.650000 4.000000,
        2.000000 1.500000 0.000000,
        2.000000 1.500000 0.148148,
        2.000000 1.500000 0.296296,
        2.000000 1.500000 0.444444,
        2.000000 1.500000 0.592593,
        2.000000 1.500000 0.740741,
        2.000000 1.500000 0.888889,
        2.000000 1.500000 1.037037,
        2.000000 1.500000 1.185185,
        2.000000 1.500000 1.333333,
        2.000000 1.500000 1.481481,
        2.000000 1.500000 1.629630,
        2.000000 1.500000 1.777778,
        2.000000 1.500000 1.925926,
        2.000000 1.500000 2.074074,
        2.000000 1.500000 2.222222,
        2.000000 1.500000 2.370370,
        2.000000 1.500000 2.518519,
        2.000000 1.500000 2.666667,
        2.000000 1.500000 2.814815,
        2.000000 1.500000 2.962963,
        2.000000 1.500000 3.111111,
        2.000000 1.500000 3.259259,
        2.000000 1.500000 3.407407,
        2.000000 1.500000 3.555556,
        2.000000 1.500000 3.703704,
        2.000000 1.500000 3.851852,
        2.000000 1.500000 4.000000,
        2.000000 1.350000 0.000000,
        2.000000 1.350000 0.148148,
        2.000000 1.350000 0.296296,
        2.000000 1.350000 0.444444,
        2.000000 1.350000 0.592593,
        2.000000 1.350000 0.740741,
        2.000000 1.350000 0.888889,
        2.000000 1.350000 1.037037,
        2.000000 1.350000 1.185185,
        2.000000 1.350000 1.333333,
        2.000000 1.350000 1.481481,
        2.000000 1.350000 1.629630,
        2.000000 1.350000 1.777778,
        2.000000 1.350000 1.925926,
        2.000000 1.350000 2.074074,
        2.000000 1.350000 2.222222,
        2.000000 1.350000 2.370370,
        2.000000 1.350000 2.518519,
        2.000000 1.350000 2.666667,
        2.000000 1.350000 2.814815,
        2.000000 1.350000 2.962963,
        2.000000 1.350000 3.111111,
        2.000000 1.350000 3.259259,
        2.000000 1.350000 3.407407,
        2.000000 1.350000 3.555556,
        2.000000 1.350000 3.703704,
        2.000000 1.350000 3.851852,
        2.000000 1.350000 4.000000,
        2.000000 1.200000 0.000000,
        2.000000 1.200000 0.148148,
        2.000000 1.200000 0.296296,
        2.000000 1.200000 0.444444,
        2.000000 1.200000 0.592593,
        2.000000 1.200000 0.740741,
        2.000000 1.200000 0.888889,
        2.000000 1.200000 1.037037,
        2.000000 1.200000 1.185185,
        2.000000 1.200000 1.333333,
        2.000000 1.200000 1.481481,
        2.000000 1.200000 1.629630,
        2.000000 1.200000 1.777778,
        2.000000 1.200000 1.925926,
        2.000000 1.200000 2.074074,
        2.000000 1.200000 2.222222,
        2.000000 1.200000 2.370370,
        2.000000 1.200000 2.518519,
        2.000000 1.200000 2.666667,
        2.000000 1.200000 2.814815,
        2.000000 1.200000 2.962963,
        2.000000 1.200000 3.111111,
        2.000000 1.200000 3.259259,
        2.000000 1.200000 3.407407,
        2.000000 1.200000 3.555556,
        2.000000 1.200000 3.703704,
        2.000000 1.200000 3.851852,
        2.000000 1.200000 4.000000,
        2.000000 1.050000 0.000000,
        2.000000 1.050000 0.148148,
        2.000000 1.050000 0.296296,
        2.000000 1.050000 0.444444,
        2.000000 1.050000 0.592593,
        2.000000 1.050000 0.740741,
        2.000000 1.050000 0.888889,
        2.000000 1.050000 1.037037,
        2.000000 1.050000 1.185185,
        2.000000 1.050000 1.333333,
        2.000000 1.050000 1.481481,
        2.000000 1.050000 1.629630,
        2.000000 1.050000 1.777778,
        2.000000 1.050000 1.925926,
        2.000000 1.050000 2.074074,
        2.000000 1.050000 2.222222,
        2.000000 1.050000 2.370370,
        2.000000 1.050000 2.518519,
        2.000000 1.050000 2.666667,
        2.000000 1.050000 2.814815,
        2.000000 1.050000 2.962963,
        2.000000 1.050000 3.111111,
        2.000000 1.050000 3.259259,
        2.000000 1.050000 3.407407,
        2.000000 1.050000 3.555556,
        2.000000 1.050000 3.703704,
        2.000000 1.050000 3.851852,
        2.000000 1.050000 4.000000,
        2.000000 0.900000 0.000000,
        2.000000 0.900000 0.148148,
        2.000000 0.900000 0.296296,
        2.000000 0.900000 0.444444,
        2.000000 0.900000 0.592593,
        2.000000 0.900000 0.740741,
        2.000000 0.900000 0.888889,
        2.000000 0.900000 1.037037,
        2.000000 0.900000 1.185185,
        2.000000 0.900000 1.333333,
        2.000000 0.900000 1.481481,
        2.000000 0.900000 1.629630,
        2.000000 0.900000 1.777778,
        2.000000 0.900000 1.925926,
        2.000000 0.900000 2.074074,
        2.000000 0.900000 2.222222,
        2.000000 0.900000 2.370370,
        2.000000 0.900000 2.518519,
        2.000000 0.900000 2.666667,
        2.000000 0.900000 2.814815,
        2.000000 0.900000 2.962963,
        2.000000 0.900000 3.111111,
        2.000000 0.900000 3.259259,
        2.000000 0.900000 3.407407,
        2.000000 0.900000 3.555556,
        2.000000 0.900000 3.703704,
        2.000000 0.900000 3.851852,
        2.000000 0.900000 4.000000,
        2.000000 0.750000 0.000000,
        2.000000 0.750000 0.148148,
        2.000000 0.750000 0.296296,
        2.000000 0.750000 0.444444,
        2.000000 0.750000 0.592593,
        2.000000 0.750000 0.740741,
        2.000000 0.750000 0.888889,
        2.000000 0.750000 1.037037,
        2.000000 0.750000 1.185185,
        2.000000 0.750000 1.333333,
        2.000000 0.750000 1.481481,
        2.000000 0.750000 1.629630,
        2.000000 0.750000 1.777778,
        2.000000 0.750000 1.925926,
        2.000000 0.750000 2.074074,
        2.000000 0.750000 2.222222,
        2.000000 0.750000 2.370370,
        2.000000 0.750000 2.518519,
        2.000000 0.750000 2.666667,
        2.000000 0.750000 2.814815,
        2.000000 0.750000 2.962963,
        2.000000 0.750000 3.111111,
        2.000000 0.750000 3.259259,
        2.000000 0.750000 3.407407,
        2.000000 0.750000 3.555556,
        2.000000 0.750000 3.703704,
        2.000000 0.750000 3.851852,
        2.000000 0.750000 4.000000,
        2.000000 0.600000 0.000000,
        2.000000 0.600000 0.148148,
        2.000000 0.600000 0.296296,
        2.000000 0.600000 0.444444,
        2.000000 0.600000 0.592593,
        2.000000 0.600000 0.740741,
        2.000000 0.600000 0.888889,
        2.000000 0.600000 1.037037,
        2.000000 0.600000 1.185185,
        2.000000 0.600000 1.333333,
        2.000000 0.600000 1.481481,
        2.000000 0.600000 1.629630,
        2.000000 0.600000 1.777778,
        2.000000 0.600000 1.925926,
        2.000000 0.600000 2.074074,
        2.000000 0.600000 2.222222,
        2.000000 0.600000 2.370370,
        2.000000 0.600000 2.518519,
        2.000000 0.600000 2.666667,
        2.000000 0.600000 2.814815,
        2.000000 0.600000 2.962963,
        2.000000 0.600000 3.111111,
        2.000000 0.600000 3.259259,
        2.000000 0.600000 3.407407,
        2.000000 0.600000 3.555556,
        2.000000 0.600000 3.703704,
        2.000000 0.600000 3.851852,
        2.000000 0.600000 4.000000,
        2.000000 0.450000 0.000000,
        2.000000 0.450000 0.148148,
        2.000000 0.450000 0.296296,
        2.000000 0.450000 0.444444,
        2.000000 0.450000 0.592593,
        2.000000 0.450000 0.740741,
        2.000000 0.450000 0.888889,
        2.000000 0.450000 1.037037,
        2.000000 0.450000 1.185185,
        2.000000 0.450000 1.333333,
        2.000000 0.450000 1.481481,
        2.000000 0.450000 1.629630,
        2.000000 0.450000 1.777778,
        2.000000 0.450000 1.925926,
        2.000000 0.450000 2.074074,
        2.000000 0.450000 2.222222,
        2.000000 0.450000 2.370370,
        2.000000 0.450000 2.518519,
        2.000000 0.450000 2.666667,
        2.000000 0.450000 2.814815,
        2.000000 0.450000 2.962963,
        2.000000 0.450000 3.111111,
        2.000000 0.450000 3.259259,
        2.000000 0.450000 3.407407,
        2.000000 0.450000 3.555556,
        2.000000 0.450000 3.703704,
        2.000000 0.450000 3.851852,
        2.000000 0.450000 4.000000,
        2.000000 0.300000 0.000000,
        2.000000 0.300000 0.148148,
        2.000000 0.300000 0.296296,
        2.000000 0.300000 0.444444,
        2.000000 0.300000 0.592593,
        2.000000 0.300000 0.740741,
        2.000000 0.300000 0.888889,
        2.000000 0.300000 1.037037,
        2.000000 0.300000 1.185185,
        2.000000 0.300000 1.333333,
        2.000000 0.300000 1.481481,
        2.000000 0.300000 1.629630,
        2.000000 0.300000 1.777778,
        2.000000 0.300000 1.925926,
        2.000000 0.300000 2.074074,
        2.000000 0.300000 2.222222,
        2.000000 0.300000 2.370370,
        2.000000 0.300000 2.518519,
        2.000000 0.300000 2.666667,
        2.000000 0.300000 2.814815,
        2.000000 0.300000 2.962963,
        2.000000 0.300000 3.111111,
        2.000000 0.300000 3.259259,
        2.000000 0.300000 3.407407,
        2.000000 0.300000 3.555556,
        2.000000 0.300000 3.703704,
        2.000000 0.300000 3.851852,
        2.000000 0.300000 4.000000,
        2.000000 0.150000 0.000000,
        2.000000 0.150000 0.148148,
        2.000000 0.150000 0.296296,
        2.000000 0.150000 0.444444,
        2.000000 0.150000 0.592593,
        2.000000 0.150000 0.740741,
        2.000000 0.150000 0.888889,
        2.000000 0.150000 1.037037,
        2.000000 0.150000 1.185185,
        2.000000 0.150000 1.333333,
        2.000000 0.150000 1.481481,
        2.000000 0.150000 1.629630,
        2.000000 0.150000 1.777778,
        2.000000 0.150000 1.925926,
        2.000000 0.150000 2.074074,
        2.000000 0.150000 2.222222,
        2.000000 0.150000 2.370370,
        2.000000 0.150000 2.518519,
        2.000000 0.150000 2.666667,
        2.000000 0.150000 2.814815,
        2.000000 0.150000 2.962963,
        2.000000 0.150000 3.111111,
        2.000000 0.150000 3.259259,
        2.000000 0.150000 3.407407,
        2.000000 0.150000 3.555556,
        2.000000 0.150000 3.703704,
        2.000000 0.150000 3.851852,
        2.000000 0.150000 4.000000,
        2.000000 0.000000 0.000000,
        2.000000 0.000000 0.148148,
        2.000000 0.000000 0.296296,
        2.000000 0.000000 0.444444,
        2.000000 0.000000 0.592593,
        2.000000 0.000000 0.740741,
        2.000000 0.000000 0.888889,
        2.000000 0.000000 1.037037,
        2.000000 0.000000 1.185185,
        2.000000 0.000000 1.333333,
        2.000000 0.000000 1.481481,
        2.000000 0.000000 1.629630,
        2.000000 0.000000 1.777778,
        2.000000 0.000000 1.925926,
        2.000000 0.000000 2.074074,
        2.000000 0.000000 2.222222,
        2.000000 0.000000 2.370370,
        2.000000 0.000000 2.518519,
        2.000000 0.000000 2.666667,
        2.000000 0.000000 2.814815,
        2.000000 0.000000 2.962963,
        2.000000 0.000000 3.111111,
        2.000000 0.000000 3.259259,
        2.000000 0.000000 3.407407,
        2.000000 0.000000 3.555556,
        2.000000 0.000000 3.703704,
        2.000000 0.000000 3.851852,
        2.000000 0.000000 4.000000,
      ]
    }
    coordIndex [
        0, 1, 15, -1,
        1, 16, 15, -1,
        1, 2, 16, -1,
        2, 17, 16, -1,
        2, 3, 17, -1,
        3, 18, 17, -1,
        3, 4, 18, -1,
        4, 19, 18, -1,
        4, 5, 19, -1,
        5, 20, 19, -1,
        5, 6, 20, -1,
        6, 21, 20, -1,
        6, 7, 21, -1,
        7, 22, 21, -1,
        7, 8, 22, -1,
        8, 23, 22, -1,
        8, 9, 23, -1,
        9, 24, 23, -1,
        9, 10, 24, -1,
        10, 25, 24, -1,
        10, 11, 25, -1,
        11, 26, 25, -1,
        11, 12, 26, -1,
        12, 27, 26, -1,
        12, 13, 27, -1,
        13, 28, 27, -1,
        13, 14, 28, -1,
        14, 29, 28, -1,
        15, 16, 30, -1,
        16, 31, 30, -1,
        16, 17, 31, -1,
        17, 32, 31, -1,
        17, 18, 32, -1,
        18, 33, 32, -1,
        18, 19, 33, -1,
        19, 34, 33, -1,
        19, 20, 34, -1,
        20, 35, 34, -1,
        20, 21, 35, -1,
        21, 36, 35, -1,
        21, 22, 36, -1,
        22, 37, 36, -1,
        22, 23, 37, -1,
        23, 38, 37, -1,
        23, 24, 38, -1,
        24, 39, 38, -1,
        24, 25, 39, -1,
        25, 40, 39, -1,
        25, 26, 40, -1,
        26, 41, 40, -1,
        26, 27, 41, -1,
        27, 42, 41, -1,
        27, 28, 42, -1,
        28, 43, 42, -1,
        28, 29, 43, -1,
        29, 44, 43, -1,
        30, 31, 45, -1,
        31, 46, 45, -1,
        31, 32, 46, -1,
        32, 47, 46, -1,
        32, 33, 47, -1,
        33, 48, 47, -1,
        33, 34, 48, -1,
        34, 49, 48, -1,
        34, 35, 49, -1,
        35, 50, 49, -1,
        35, 36, 50, -1,
        36, 51, 50, -1,
        36, 37, 51, -1,
        37, 52, 51, -1,
        37, 38, 52, -1,
        38, 53, 52, -1,
        38, 39, 53, -1,
        39, 54, 53, -1,
        39, 40, 54, -1,
        40, 55, 54, -1,
        40, 41, 55, -1,
        41, 56, 55, -1,
        41, 42, 56, -1,
        42, 57, 56, -1,
        42, 43, 57, -1,
        43, 58, 57, -1,
        43, 44, 58, -1,
        44, 59, 58, -1,
        45, 46, 60, -1,
        46, 61, 60, -1,
        46, 47, 61, -1,
        47, 62, 61, -1,
        47, 48, 62, -1,
        48, 63, 62, -1,
        48, 49, 63, -1,
        49, 64, 63, -1,
        49, 50, 64, -1,
        50, 65, 64, -1,
        50, 51, 65, -1,
        51, 66, 65, -1,
        51, 52, 66, -1,
        52, 67, 66, -1,
        52, 53, 67, -1,
        53, 68, 67, -1,
        53, 54, 68, -1,
        54, 69, 68, -1,
        54, 55, 69, -1,
        55, 70, 69, -1,
        55, 56, 70, -1,
        56, 71, 70, -1,
        56, 57, 71, -1,
        57, 72, 71, -1,
        57, 58, 72, -1,
        58, 73, 72, -1,
        58, 59, 73, -1,
        59, 74, 73, -1,
        60, 61, 75, -1,
        61, 76, 75, -1,
        61, 62, 76, -1,
        62, 77, 76, -1,
        62, 63, 77, -1,
        63, 78, 77, -1,
        63, 64, 78, -1,
        64, 79, 78, -1,
        64, 65, 79, -1,
        65, 80, 79, -1,
        65, 66, 80, -1,
        66, 81, 80, -1,
        66, 67, 81, -1,
        67, 82, 81, -1,
        67, 68, 82, -1,
        68, 83, 82, -1,
        68, 69, 83, -1,
        69, 84, 83, -1,
        69, 70, 84, -1,
        70, 85, 84, -1,
        70, 71, 85, -1,
        71, 86, 85, -1,
        71, 72, 86, -1,
        72, 87, 86, -1,
        72, 73, 87, -1,
        73, 88, 87, -1,
        73, 74, 88, -1,
        74, 89, 88, -1,
        75, 76, 90, -1,
        76, 91, 90, -1,
        76, 77, 91, -1,
        77, 92, 91, -1,
        77, 78, 92, -1,
        78, 93, 92, -1,
        78, 79, 93, -1,
        79, 94, 93, -1,
        79, 80, 94, -1,
        80, 95, 94, -1,
        80, 81, 95, -1,
        81, 96, 95, -1,
        81, 82, 96, -1,
        82, 97, 96, -1,
        82, 83, 97, -1,
        83, 98, 97, -1,
        83, 84, 98, -1,
        84, 99, 98, -1,
        84, 85, 99, -1,
        85, 100, 99, -1,
        85, 86, 100, -1,
        86, 101, 100, -1,
        86, 87, 101, -1,
        87, 102, 101, -1,
        87, 88, 102, -1,
        88, 103, 102, -1,
        88, 89, 103, -1,
        89, 104, 103, -1,
        90, 91, 105, -1,
        91, 106, 105, -1,
        91, 92, 106, -1,
        92, 107, 106, -1,
        92, 93, 107, -1,
        93, 108, 107, -1,
        93, 94, 108, -1,
        94, 109, 108, -1,
        94, 95, 109, -1,
        95, 110, 109, -1,
        95, 96, 110, -1,
        96, 111, 110, -1,
        96, 97, 111, -1,
        97, 112, 111, -1,
        97, 98, 112, -1,
        98, 113, 112, -1,
        98, 99, 113, -1,
        99, 114, 113, -1,
        99, 100, 114, -1,
        100, 115, 114, -1,
        100, 101, 115, -1,
        101, 116, 115, -1,
        101, 102, 116, -1,
        102, 117, 116, -1,
        102, 103, 117, -1,
        103, 118, 117, -1,
        103, 104, 118, -1,
        104, 119, 118, -1,
        105, 106, 120, -1,
        106, 121, 120, -1,
        106, 107, 121, -1,
        107, 122, 121, -1,
        107, 108, 122, -1,
        108, 123, 122, -1,
        108, 109, 123, -1,
        109, 124, 123, -1,
        109, 110, 124, -1,
        110, 125, 124, -1,
        110, 111, 125, -1,
        111, 126, 125, -1,
        111, 112, 126, -1,
        112, 127, 126, -1,
        112, 113, 127, -1,
        113, 128, 127, -1,
        113, 114, 128, -1,
        114, 129, 128, -1,
        114, 115, 129, -1,
        115, 130, 129, -1,
        115, 116, 130, -1,
        116, 131, 130, -1,
        116, 117, 131, -1,
        117, 132, 131, -1,
        117, 118, 132, -1,
        118, 133, 132, -1,
        118, 119, 133, -1,
        119, 134, 133, -1,
        120, 121, 135, -1,
        121, 136, 135, -1,
        121, 122, 136, -1,
        122, 137, 136, -1,
        122, 123, 137, -1,
        123, 138, 137, -1,
        123, 124, 138, -1,
        124, 139, 138, -1,
        124, 125, 139, -1,
        125, 140, 139, -1,
        125, 126, 140, -1,
        126, 141, 140, -1,
        126, 127, 141, -1,
        127, 142, 141, -1,
        127, 128, 142, -1,
        128, 143, 142, -1,
        128, 129, 143, -1,
        129, 144, 143, -1,
        129, 130, 144, -1,
        130, 145, 144, -1,
        130, 131, 145, -1,
        131, 146, 145, -1,
        131, 132, 146, -1,
        132, 147, 146, -1,
        132, 133, 147, -1,
        133, 148, 147, -1,
        133, 134, 148, -1,
        134, 149, 148, -1,
        135, 136, 150, -1,
        136, 151, 150, -1,
        136, 137, 151, -1,
        137, 152, 151, -1,
        137, 138, 152, -1,
        138, 153, 152, -1,
        138, 139, 153, -1,
        139, 154, 153, -1,
        139, 140, 154, -1,
        140, 155, 154, -1,
        140, 141, 155, -1,
        141, 156, 155, -1,
        141, 142, 156, -1,
        142, 157, 156, -1,
        142, 143, 157, -1,
        143, 158, 157, -1,
        143, 144, 158, -1,
        144, 159, 158, -1,
        144, 145, 159, -1,
        145, 160, 159, -1,
        145, 146, 160, -1,
        146, 161, 160, -1,
        146, 147, 161, -1,
        147, 162, 161, -1,
        147, 148, 162, -1,
        148, 163, 162, -1,
        148, 149, 163, -1,
        149, 164, 163, -1,
        150, 151, 165, -1,
        151, 166, 165, -1,
        151, 152, 166, -1,
        152, 167, 166, -1,
        152, 153, 167, -1,
        153, 168, 167, -1,
        153, 154, 168, -1,
        154, 169, 168, -1,
        154, 155, 169, -1,
        155, 170, 169, -1,
        155, 156, 170, -1,
        156, 171, 170, -1,
        156, 157, 171, -1,
        157, 172, 171, -1,
        157, 158, 172, -1,
        158, 173, 172, -1,
        158, 159, 173, -1,
        159, 174, 173, -1,
        159, 160, 174, -1,
        160, 175, 174, -1,
        160, 161, 175, -1,
        161, 176, 175, -1,
        161, 162, 176, -1,
        162, 177, 176, -1,
        162, 163, 177, -1,
        163, 178, 177, -1,
        163, 164, 178, -1,
        164, 179, 178, -1,
        165, 166, 180, -1,
        166, 181, 180, -1,
        166, 167, 181, -1,
        167, 182, 181, -1,
        167, 168, 182, -1,
        168, 183, 182, -1,
        168, 169, 183, -1,
        169, 184, 183, -1,
        169, 170, 184, -1,
        170, 185, 184, -1,
        170, 171, 185, -1,
        171, 186, 185, -1,
        171, 172, 186, -1,
        172, 187, 186, -1,
        172, 173, 187, -1,
        173, 188, 187, -1,
        173, 174, 188, -1,
        174, 189, 188, -1,
        174, 175, 189, -1,
        175, 190, 189, -1,
        175, 176, 190, -1,
        176, 191, 190, -1,
        176, 177, 191, -1,
        177, 192, 191, -1,
        177, 178, 192, -1,
        178, 193, 192, -1,
        178, 179, 193, -1,
        179, 194, 193, -1,
        180, 181, 195, -1,
        181, 196, 195, -1,
        181, 182, 196, -1,
        182, 197, 196, -1,
        182, 183, 197, -1,
        183, 198, 197, -1,
        183, 184, 198, -1,
        184, 199, 198, -1,
        184, 185, 199, -1,
        185, 200, 199, -1,
        185, 186, 200, -1,
        186, 201, 200, -1,
        186, 187, 201, -1,
        187, 202, 201, -1,
        187, 188, 202, -1,
        188, 203, 202, -1,
        188, 189, 203, -1,
        189, 204, 203, -1,
        189, 190, 204, -1,
        190, 205, 204, -1,
        190, 191, 205, -1,
        191, 206, 205, -1,
        191, 192, 206, -1,
        192, 207, 206, -1,
        192, 193, 207, -1,
        193, 208, 207, -1,
        193, 194, 208, -1,
        194, 209, 208, -1,
        195, 196, 210, -1,
        196, 211, 210, -1,
        196, 197, 211, -1,
        197, 212, 211, -1,
        197, 198, 212, -1,
        198, 213, 212, -1,
        198, 199, 213, -1,
        199, 214, 213, -1,
        199, 200, 214, -1,
        200, 215, 214, -1,
        200, 201, 215, -1,
        201, 216, 215, -1,
        201, 202, 216, -1,
        202, 217, 216, -1,
        202, 203, 217, -1,
        203, 218, 217, -1,
        203, 204, 218, -1,
        204, 219, 218, -1,
        204, 205, 219, -1,
        205, 220, 219, -1,
        205, 206, 220, -1,
        206, 221, 220, -1,
        206, 207, 221, -1,
        207, 222, 221, -1,
        207, 208, 222, -1,
        208, 223, 222, -1,
        208, 209, 223, -1,
        209, 224, 223, -1,
        210, 211, 225, -1,
        211, 226, 225, -1,
        211, 212, 226, -1,
        212, 227, 226, -1,
        212, 213, 227, -1,
        213, 228, 227, -1,
        213, 214, 228, -1,
        214, 229, 228, -1,
        214, 215, 229, -1,
        215, 230, 229, -1,
        215, 216, 230, -1,
        216, 231, 230, -1,
        216, 217, 231, -1,
        217, 232, 231, -1,
        217, 218, 232, -1,
        218, 233, 232, -1,
        218, 219, 233, -1,
        219, 234, 233, -1,
        219, 220, 234, -1,
        220, 235, 234, -1,
        220, 221, 235, -1,
        221, 236, 235, -1,
        221, 222, 236, -1,
        222, 237, 236, -1,
        222, 223, 237, -1,
        223, 238, 237, -1,
        223, 224, 238, -1,
        224, 239, 238, -1,
        225, 226, 240, -1,
        226, 241, 240, -1,
        226, 227, 241, -1,
        227, 242, 241, -1,
        227, 228, 242, -1,
        228, 243, 242, -1,
        228, 229, 243, -1,
        229, 244, 243, -1,
        229, 230, 244, -1,
        230, 245, 244, -1,
        230, 231, 245, -1,
        231, 246, 245, -1,
        231, 232, 246, -1,
        232, 247, 246, -1,
        232, 233, 247, -1,
        233, 248, 247, -1,
        233, 234, 248, -1,
        234, 249, 248, -1,
        234, 235, 249, -1,
        235, 250, 249, -1,
        235, 236, 250, -1,
        236, 251, 250, -1,
        236, 237, 251, -1,
        237, 252, 251, -1,
        237, 238, 252, -1,
        238, 253, 252, -1,
        238, 239, 253, -1,
        239, 254, 253, -1,
        240, 241, 255, -1,
        241, 256, 255, -1,
        241, 242, 256, -1,
        242, 257, 256, -1,
        242, 243, 257, -1,
        243, 258, 257, -1,
        243, 244, 258, -1,
        244, 259, 258, -1,
        244, 245, 259, -1,
        245, 260, 259, -1,
        245, 246, 260, -1,
        246, 261, 260, -1,
        246, 247, 261, -1,
        247, 262, 261, -1,
        247, 248, 262, -1,
        248, 263, 262, -1,
        248, 249, 263, -1,
        249, 264, 263, -1,
        249, 250, 264, -1,
        250, 265, 264, -1,
        250, 251, 265, -1,
        251, 266, 265, -1,
        251, 252, 266, -1,
        252, 267, 266, -1,
        252, 253, 267, -1,
        253, 268, 267, -1,
        253, 254, 268, -1,
        254, 269, 268, -1,
        255, 256, 270, -1,
        256, 271, 270, -1,
        256, 257, 271, -1,
        257, 272, 271, -1,
        257, 258, 272, -1,
        258, 273, 272, -1,
        258, 259, 273, -1,
        259, 274, 273, -1,
        259, 260, 274, -1,
        260, 275, 274, -1,
        260, 261, 275, -1,
        261, 276, 275, -1,
        261, 262, 276, -1,
        262, 277, 276, -1,
        262, 263, 277, -1,
        263, 278, 277, -1,
        263, 264, 278, -1,
        264, 279, 278, -1,
        264, 265, 279, -1,
        265, 280, 279, -1,
        265, 266, 280, -1,
        266, 281, 280, -1,
        266, 267, 281, -1,
        267, 282, 281, -1,
        267, 268, 282, -1,
        268, 283, 282, -1,
        268, 269, 283, -1,
        269, 284, 283, -1,
        270, 271, 285, -1,
        271, 286, 285, -1,
        271, 272, 286, -1,
        272, 287, 286, -1,
        272, 273, 287, -1,
        273, 288, 287, -1,
        273, 274, 288, -1,
        274, 289, 288, -1,
        274, 275, 289, -1,
        275, 290, 289, -1,
        275, 276, 290, -1,
        276, 291, 290, -1,
        276, 277, 291, -1,
        277, 292, 291, -1,
        277, 278, 292, -1,
        278, 293, 292, -1,
        278, 279, 293, -1,
        279, 294, 293, -1,
        279, 280, 294, -1,
        280, 295, 294, -1,
        280, 281, 295, -1,
        281, 296, 295, -1,
        281, 282, 296, -1,
        282, 297, 296, -1,
        282, 283, 297, -1,
        283, 298, 297, -1,
        283, 284, 298, -1,
        284, 299, 298, -1,
        285, 286, 300, -1,
        286, 301, 300, -1,
        286, 287, 301, -1,
        287, 302, 301, -1,
        287, 288, 302, -1,
        288, 303, 302, -1,
        288, 289, 303, -1,
        289, 304, 303, -1,
        289, 290, 304, -1,
        290, 305, 304, -1,
        290, 291, 305, -1,
        291, 306, 305, -1,
        291, 292, 306, -1,
        292, 307, 306, -1,
        292, 293, 307, -1,
        293, 308, 307, -1,
        293, 294, 308, -1,
        294, 309, 308, -1,
        294, 295, 309, -1,
        295, 310, 309, -1,
        295, 296, 310, -1,
        296, 311, 310, -1,
        296, 297, 311, -1,
        297, 312, 311, -1,
        297, 298, 312, -1,
        298, 313, 312, -1,
        298, 299, 313, -1,
        299, 314, 313, -1,
        315, 316, 330, -1,
        316, 331, 330, -1,
        316, 317, 331, -1,
        317, 332, 331, -1,
        317, 318, 332, -1,
        318, 333, 332, -1,
        318, 319, 333, -1,
        319, 334, 333, -1,
        319, 320, 334, -1,
        320, 335, 334, -1,
        320, 321, 335, -1,
        321, 336, 335, -1,
        321, 322, 336, -1,
        322, 337, 336, -1,
        322, 323, 337, -1,
        323, 338, 337, -1,
        323, 324, 338, -1,
        324, 339, 338, -1,
        324, 325, 339, -1,
        325, 340, 339, -1,
        325, 326, 340, -1,
        326, 341, 340, -1,
        326, 327, 341, -1,
        327, 342, 341, -1,
        327, 328, 342, -1,
        328, 343, 342, -1,
        328, 329, 343, -1,
        329, 344, 343, -1,
        330, 331, 345, -1,
        331, 346, 345, -1,
        331, 332, 346, -1,
        332, 347, 346, -1,
        332, 333, 347, -1,
        333, 348, 347, -1,
        333, 334, 348, -1,
        334, 349, 348, -1,
        334, 335, 349, -1,
        335, 350, 349, -1,
        335, 336, 350, -1,
        336, 351, 350, -1,
        336, 337, 351, -1,
        337, 352, 351, -1,
        337, 338, 352, -1,
        338, 353, 352, -1,
        338, 339, 353, -1,
        339, 354, 353, -1,
        339, 340, 354, -1,
        340, 355, 354, -1,
        340, 341, 355, -1,
        341, 356, 355, -1,
        341, 342, 356, -1,
        342, 357, 356, -1,
        342, 343, 357, -1,
        343, 358, 357, -1,
        343, 344, 358, -1,
        344, 359, 358, -1,
        345, 346, 360, -1,
        346, 361, 360, -1,
        346, 347, 361, -1,
        347, 362, 361, -1,
        347, 348, 362, -1,
        348, 363, 362, -1,
        348, 349, 363, -1,
        349, 364, 363, -1,
        349, 350, 364, -1,
        350, 365, 364, -1,
        350, 351, 365, -1,
        351, 366, 365, -1,
        351, 352, 366, -1,
        352, 367, 366, -1,
        352, 353, 367, -1,
        353, 368, 367, -1,
        353, 354, 368, -1,
        354, 369, 368, -1,
        354, 355, 369, -1,
        355, 370, 369, -1,
        355, 356, 370, -1,
        356, 371, 370, -1,
        356, 357, 371, -1,
        357, 372, 371, -1,
        357, 358, 372, -1,
        358, 373, 372, -1,
        358, 359, 373, -1,
        359, 374, 373, -1,
        360, 361, 375, -1,
        361, 376, 375, -1,
        361, 362, 376, -1,
        362, 377, 376, -1,
        362, 363, 377, -1,
        363, 378, 377, -1,
        363, 364, 378, -1,
        364, 379, 378, -1,
        364, 365, 379, -1,
        365, 380, 379, -1,
        365, 366, 380, -1,
        366, 381, 380, -1,
        366, 367, 381, -1,
        367, 382, 381, -1,
        367, 368, 382, -1,
        368, 383, 382, -1,
        368, 369, 383, -1,
        369, 384, 383, -1,
        369, 370, 384, -1,
        370, 385, 384, -1,
        370, 371, 385, -1,
        371, 386, 385, -1,
        371, 372, 386, -1,
        372, 387, 386, -1,
        372, 373, 387, -1,
        373, 388, 387, -1,
        373, 374, 388, -1,
        374, 389, 388, -1,
        375, 376, 390, -1,
        376, 391, 390, -1,
        376, 377, 391, -1,
        377, 392, 391, -1,
        377, 378, 392, -1,
        378, 393, 392, -1,
        378, 379, 393, -1,
        379, 394, 393, -1,
        379, 380, 394, -1,
        380, 395, 394, -1,
        380, 381, 395, -1,
        381, 396, 395, -1,
        381, 382, 396, -1,
        382, 397, 396, -1,
        382, 383, 397, -1,
        383, 398, 397, -1,
        383, 384, 398, -1,
        384, 399, 398, -1,
        384, 385, 399, -1,
        385, 400, 399, -1,
        385, 386, 400, -1,
        386, 401, 400, -1,
        386, 387, 401, -1,
        387, 402, 401, -1,
        387, 388, 402, -1,
        388, 403, 402, -1,
        388, 389, 403, -1,
        389, 404, 403, -1,
        390, 391, 405, -1,
        391, 406, 405, -1,
        391, 392, 406, -1,
        392, 407, 406, -1,
        392, 393, 407, -1,
        393, 408, 407, -1,
        393, 394, 408, -1,
        394, 409, 408, -1,
        394, 395, 409, -1,
        395, 410, 409, -1,
        395, 396, 410, -1,
        396, 411, 410, -1,
        396, 397, 411, -1,
        397, 412, 411, -1,
        397, 398, 412, -1,
        398, 413, 412, -1,
        398, 399, 413, -1,
        399, 414, 413, -1,
        399, 400, 414, -1,
        400, 415, 414, -1,
        400, 401, 415, -1,
        401, 416, 415, -1,
        401, 402, 416, -1,
        402, 417, 416, -1,
        402, 403, 417, -1,
        403, 418, 417, -1,
        403, 404, 418, -1,
        404, 419, 418, -1,
        405, 406, 420, -1,
        406, 421, 420, -1,
        406, 407, 421, -1,
        407, 422, 421, -1,
        407, 408, 422, -1,
        408, 423, 422, -1,
        408, 409, 423, -1,
        409, 424, 423, -1,
        409, 410, 424, -1,
        410, 425, 424, -1,
        410, 411, 425, -1,
        411, 426, 425, -1,
        411, 412, 426, -1,
        412, 427, 426, -1,
        412, 413, 427, -1,
        413, 428, 427, -1,
        413, 414, 428, -1,
        414, 429, 428, -1,
        414, 415, 429, -1,
        415, 430, 429, -1,
        415, 416, 430, -1,
        416, 431, 430, -1,
        416, 417, 431, -1,
        417, 432, 431, -1,
        417, 418, 432, -1,
        418, 433, 432, -1,
        418, 419, 433, -1,
        419, 434, 433, -1,
        420, 421, 435, -1,
        421, 436, 435, -1,
        421, 422, 436, -1,
        422, 437, 436, -1,
        422, 423, 437, -1,
        423, 438, 437, -1,
        423, 424, 438, -1,
        424, 439, 438, -1,
        424, 425, 439, -1,
        425, 440, 439, -1,
        425, 426, 440, -1,
        426, 441, 440, -1,
        426, 427, 441, -1,
        427, 442, 441, -1,
        427, 428, 442, -1,
        428, 443, 442, -1,
        428, 429, 443, -1,
        429, 444, 443, -1,
        429, 430, 444, -1,
        430, 445, 444, -1,
        430, 431, 445, -1,
        431, 446, 445, -1,
        431, 432, 446, -1,
        432, 447, 446, -1,
        432, 433, 447, -1,
        433, 448, 447, -1,
        433, 434, 448, -1,
        434, 449, 448, -1,
        435, 436, 450, -1,
        436, 451, 450, -1,
        436, 437, 451, -1,
        437, 452, 451, -1,
        437, 438, 452, -1,
        438, 453, 452, -1,
        438, 439, 453, -1,
        439, 454, 453, -1,
        439, 440, 454, -1,
        440, 455, 454, -1,
        440, 441, 455, -1,
        441, 456, 455, -1,
        441, 442, 456, -1,
        442, 457, 456, -1,
        442, 443, 457, -1,
        443, 458, 457, -1,
        443, 444, 458, -1,
        444, 459, 458, -1,
        444, 445, 459, -1,
        445, 460, 459, -1,
        445, 446, 460, -1,
        446, 461, 460, -1,
        446, 447, 461, -1,
        447, 462, 461, -1,
        447, 448, 462, -1,
        448, 463, 462, -1,
        448, 449, 463, -1,
        449, 464, 463, -1,
        450, 451, 465, -1,
        451, 466, 465, -1,
        451, 452, 466, -1,
        452, 467, 466, -1,
        452, 453, 467, -1,
        453, 468, 467, -1,
        453, 454, 468, -1,
        454, 469, 468, -1,
        454, 455, 469, -1,
        455, 470, 469, -1,
        455, 456, 470, -1,
        456, 471, 470, -1,
        456, 457, 471, -1,
        457, 472, 471, -1,
        457, 458, 472, -1,
        458, 473, 472, -1,
        458, 459, 473, -1,
        459, 474, 473, -1,
        459, 460, 474, -1,
        460, 475, 474, -1,
        460, 461, 475, -1,
        461, 476, 475, -1,
        461, 462, 476, -1,
        462, 477, 476, -1,
        462, 463, 477, -1,
        463, 478, 477, -1,
        463, 464, 478, -1,
        464, 479, 478, -1,
        465, 466, 480, -1,
        466, 481, 480, -1,
        466, 467, 481, -1,
        467, 482, 481, -1,
        467, 468, 482, -1,
        468, 483, 482, -1,
        468, 469, 483, -1,
        469, 484, 483, -1,
        469, 470, 484, -1,
        470, 485, 484, -1,
        470, 471, 485, -1,
        471, 486, 485, -1,
        471, 472, 486, -1,
        472, 487, 486, -1,
        472, 473, 487, -1,
        473, 488, 487, -1,
        473, 474, 488, -1,
        474, 489, 488, -1,
        474, 475, 489, -1,
        475, 490, 489, -1,
        475, 476, 490, -1,
        476, 491, 490, -1,
        476, 477, 491, -1,
        477, 492, 491, -1,
        477, 478, 492, -1,
        478, 493, 492, -1,
        478, 479, 493, -1,
        479, 494, 493, -1,
        480, 481, 495, -1,
        481, 496, 495, -1,
        481, 482, 496, -1,
        482, 497, 496, -1,
        482, 483, 497, -1,
        483, 498, 497, -1,
        483, 484, 498, -1,
        484, 499, 498, -1,
        484, 485, 499, -1,
        485, 500, 499, -1,
        485, 486, 500, -1,
        486, 501, 500, -1,
        486, 487, 501, -1,
        487, 502, 501, -1,
        487, 488, 502, -1,
        488, 503, 502, -1,
        488, 489, 503, -1,
        489, 504, 503, -1,
        489, 490, 504, -1,
        490, 505, 504, -1,
        490, 491, 505, -1,
        491, 506, 505, -1,
        491, 492, 506, -1,
        492, 507, 506, -1,
        492, 493, 507, -1,
        493, 508, 507, -1,
        493, 494, 508, -1,
        494, 509, 508, -1,
        495, 496, 510, -1,
        496, 511, 510, -1,
        496, 497, 511, -1,
        497, 512, 511, -1,
        497, 498, 512, -1,
        498, 513, 512, -1,
        498, 499, 513, -1,
        499, 514, 513, -1,
        499, 500, 514, -1,
        500, 515, 514, -1,
        500, 501, 515, -1,
        501, 516, 515, -1,
        501, 502, 516, -1,
        502, 517, 516, -1,
        502, 503, 517, -1,
        503, 518, 517, -1,
        503, 504, 518, -1,
        504, 519, 518, -1,
        504, 505, 519, -1,
        505, 520, 519, -1,
        505, 506, 520, -1,
        506, 521, 520, -1,
        506, 507, 521, -1,
        507, 522, 521, -1,
        507, 508, 522, -1,
        508, 523, 522, -1,
        508, 509, 523, -1,
        509, 524, 523, -1,
        510, 511, 525, -1,
        511, 526, 525, -1,
        511, 512, 526, -1,
        512, 527, 526, -1,
        512, 513, 527, -1,
        513, 528, 527, -1,
        513, 514, 528, -1,
        514, 529, 528, -1,
        514, 515, 529, -1,
        515, 530, 529, -1,
        515, 516, 530, -1,
        516, 531, 530, -1,
        516, 517, 531, -1,
        517, 532, 531, -1,
        517, 518, 532, -1,
        518, 533, 532, -1,
        518, 519, 533, -1,
        519, 534, 533, -1,
        519, 520, 534, -1,
        520, 535, 534, -1,
        520, 521, 535, -1,
        521, 536, 535, -1,
        521, 522, 536, -1,
        522, 537, 536, -1,
        522, 523, 537, -1,
        523, 538, 537, -1,
        523, 524, 538, -1,
        524, 539, 538, -1,
        525, 526, 540, -1,
        526, 541, 540, -1,
        526, 527, 541, -1,
        527, 542, 541, -1,
        527, 528, 542, -1,
        528, 543, 542, -1,
        528, 529, 543, -1,
        529, 544, 543, -1,
        529, 530, 544, -1,
        530, 545, 544, -1,
        530, 531, 545, -1,
        531, 546, 545, -1,
        531, 532, 546, -1,
        532, 547, 546, -1,
        532, 533, 547, -1,
        533, 548, 547, -1,
        533, 534, 548, -1,
        534, 549, 548, -1,
        534, 535, 549, -1,
        535, 550, 549, -1,
        535, 536, 550, -1,
        536, 551, 550, -1,
        536, 537, 551, -1,
        537, 552, 551, -1,
        537, 538, 552, -1,
        538, 553, 552, -1,
        538, 539, 553, -1,
        539, 554, 553, -1,
        540, 541, 555, -1,
        541, 556, 555, -1,
        541, 542, 556, -1,
        542, 557, 556, -1,
        542, 543, 557, -1,
        543, 558, 557, -1,
        543, 544, 558, -1,
        544, 559, 558, -1,
        544, 545, 559, -1,
        545, 560, 559, -1,
        545, 546, 560, -1,
        546, 561, 560, -1,
        546, 547, 561, -1,
        547, 562, 561, -1,
        547, 548, 562, -1,
        548, 563, 562, -1,
        548, 549, 563, -1,
        549, 564, 563, -1,
        549, 550, 564, -1,
        550, 565, 564, -1,
        550, 551, 565, -1,
        551, 566, 565, -1,
        551, 552, 566, -1,
        552, 567, 566, -1,
        552, 553, 567, -1,
        553, 568, 567, -1,
        553, 554, 568, -1,
        554, 569, 568, -1,
        555, 556, 570, -1,
        556, 571, 570, -1,
        556, 557, 571, -1,
        557, 572, 571, -1,
        557, 558, 572, -1,
        558, 573, 572, -1,
        558, 559, 573, -1,
        559, 574, 573, -1,
        559, 560, 574, -1,
        560, 575, 574, -1,
        560, 561, 575, -1,
        561, 576, 575, -1,
        561, 562, 576, -1,
        562, 577, 576, -1,
        562, 563, 577, -1,
        563, 578, 577, -1,
        563, 564, 578, -1,
        564, 579, 578, -1,
        564, 565, 579, -1,
        565, 580, 579, -1,
        565, 566, 580, -1,
        566, 581, 580, -1,
        566, 567, 581, -1,
        567, 582, 581, -1,
        567, 568, 582, -1,
        568, 583, 582, -1,
        568, 569, 583, -1,
        569, 584, 583, -1,
        570, 571, 585, -1,
        571, 586, 585, -1,
        571, 572, 586, -1,
        572, 587, 586, -1,
        572, 573, 587, -1,
        573, 588, 587, -1,
        573, 574, 588, -1,
        574, 589, 588, -1,
        574, 575, 589, -1,
        575, 590, 589, -1,
        575, 576, 590, -1,
        576, 591, 590, -1,
        576, 577, 591, -1,
        577, 592, 591, -1,
        577, 578, 592, -1,
        578, 593, 592, -1,
        578, 579, 593, -1,
        579, 594, 593, -1,
        579, 580, 594, -1,
        580, 595, 594, -1,
        580, 581, 595, -1,
        581, 596, 595, -1,
        581, 582, 596, -1,
        582, 597, 596, -1,
        582, 583, 597, -1,
        583, 598, 597, -1,
        583, 584, 598, -1,
        584, 599, 598, -1,
        585, 586, 600, -1,
        586, 601, 600, -1,
        586, 587, 601, -1,
        587, 602, 601, -1,
        587, 588, 602, -1,
        588, 603, 602, -1,
        588, 589, 603, -1,
        589, 604, 603, -1,
        589, 590, 604, -1,
        590, 605, 604, -1,
        590, 591, 605, -1,
        591, 606, 605, -1,
        591, 592, 606, -1,
        592, 607, 606, -1,
        592, 593, 607, -1,
        593, 608, 607, -1,
        593, 594, 608, -1,
        594, 609, 608, -1,
        594, 595, 609, -1,
        595, 610, 609, -1,
        595, 596, 610, -1,
        596, 611, 610, -1,
        596, 597, 611, -1,
        597, 612, 611, -1,
        597, 598, 612, -1,
        598, 613, 612, -1,
        598, 599, 613, -1,
        599, 614, 613, -1,
        600, 601, 615, -1,
        601, 616, 615, -1,
        601, 602, 616, -1,
        602, 617, 616, -1,
        602, 603, 617, -1,
        603, 618, 617, -1,
        603, 604, 618, -1,
        604, 619, 618, -1,
        604, 605, 619, -1,
        605, 620, 619, -1,
        605, 606, 620, -1,
        606, 621, 620, -1,
        606, 607, 621, -1,
        607, 622, 621, -1,
        607, 608, 622, -1,
        608, 623, 622, -1,
        608, 609, 623, -1,
        609, 624, 623, -1,
        609, 610, 624, -1,
        610, 625, 624, -1,
        610, 611, 625, -1,
        611, 626, 625, -1,
        611, 612, 626, -1,
        612, 627, 626, -1,
        612, 613, 627, -1,
        613, 628, 627, -1,
        613, 614, 628, -1,
        614, 629, 628, -1,
        630, 631, 658, -1,
        631, 659, 658, -1,
        631, 632, 659, -1,
        632, 660, 659, -1,
        632, 633, 660, -1,
        633, 661, 660, -1,
        633, 634, 661, -1,
        634, 662, 661, -1,
        634, 635, 662, -1,
        635, 663, 662, -1,
        635, 636, 663, -1,
        636, 664, 663, -1,
        636, 637, 664, -1,
        637, 665, 664, -1,
        637, 638, 665, -1,
        638, 666, 665, -1,
        638, 639, 666, -1,
        639, 667, 666, -1,
        639, 640, 667, -1,
        640, 668, 667, -1,
        640, 641, 668, -1,
        641, 669, 668, -1,
        641, 642, 669, -1,
        642, 670, 669, -1,
        642, 643, 670, -1,
        643, 671, 670, -1,
        643, 644, 671, -1,
        644, 672, 671, -1,
        644, 645, 672, -1,
        645, 673, 672, -1,
        645, 646, 673, -1,
        646, 674, 673, -1,
        646, 647, 674, -1,
        647, 675, 674, -1,
        647, 648, 675, -1,
        648, 676, 675, -1,
        648, 649, 676, -1,
        649, 677, 676, -1,
        649, 650, 677, -1,
        650, 678, 677, -1,
        650, 651, 678, -1,
        651, 679, 678, -1,
        651, 652, 679, -1,
        652, 680, 679, -1,
        652, 653, 680, -1,
        653, 681, 680, -1,
        653, 654, 681, -1,
        654, 682, 681, -1,
        654, 655, 682, -1,
        655, 683, 682, -1,
        655, 656, 683, -1,
        656, 684, 683, -1,
        656, 657, 684, -1,
        657, 685, 684, -1,
        658, 659, 686, -1,
        659, 687, 686, -1,
        659, 660, 687, -1,
        660, 688, 687, -1,
        660, 661, 688, -1,
        661, 689, 688, -1,
        661, 662, 689, -1,
        662, 690, 689, -1,
        662, 663, 690, -1,
        663, 691, 690, -1,
        663, 664, 691, -1,
        664, 692, 691, -1,
        664, 665, 692, -1,
        665, 693, 692, -1,
        665, 666, 693, -1,
        666, 694, 693, -1,
        666, 667, 694, -1,
        667, 695, 694, -1,
        667, 668, 695, -1,
        668, 696, 695, -1,
        668, 669, 696, -1,
        669, 697, 696, -1,
        669, 670, 697, -1,
        670, 698, 697, -1,
        670, 671, 698, -1,
        671, 699, 698, -1,
        671, 672, 699, -1,
        672, 700, 699, -1,
        672, 673, 700, -1,
        673, 701, 700, -1,
        673, 674, 701, -1,
        674, 702, 701, -1,
        674, 675, 702, -1,
        675, 703, 702, -1,
        675, 676, 703, -1,
        676, 704, 703, -1,
        676, 677, 704, -1,
        677, 705, 704, -1,
        677, 678, 705, -1,
        678, 706, 705, -1,
        678, 679, 706, -1,
        679, 707, 706, -1,
        679, 680, 707, -1,
        680, 708, 707, -1,
        680, 681, 708, -1,
        681, 709, 708, -1,
        681, 682, 709, -1,
        682, 710, 709, -1,
        682, 683, 710, -1,
        683, 711, 710, -1,
        683, 684, 711, -1,
        684, 712, 711, -1,
        684, 685, 712, -1,
        685, 713, 712, -1,
        686, 687, 714, -1,
        687, 715, 714, -1,
        687, 688, 715, -1,
        688, 716, 715, -1,
        688, 689, 716, -1,
        689, 717, 716, -1,
        689, 690, 717, -1,
        690, 718, 717, -1,
        690, 691, 718, -1,
        691, 719, 718, -1,
        691, 692, 719, -1,
        692, 720, 719, -1,
        692, 693, 720, -1,
        693, 721, 720, -1,
        693, 694, 721, -1,
        694, 722, 721, -1,
        694, 695, 722, -1,
        695, 723, 722, -1,
        695, 696, 723, -1,
        696, 724, 723, -1,
        696, 697, 724, -1,
        697, 725, 724, -1,
        697, 698, 725, -1,
        698, 726, 725, -1,
        698, 699, 726, -1,
        699, 727, 726, -1,
        699, 700, 727, -1,
        700, 728, 727, -1,
        700, 701, 728, -1,
        701, 729, 728, -1,
        701, 702, 729, -1,
        702, 730, 729, -1,
        702, 703, 730, -1,
        703, 731, 730, -1,
        703, 704, 731, -1,
        704, 732, 731, -1,
        704, 705, 732, -1,
        705, 733, 732, -1,
        705, 706, 733, -1,
        706, 734, 733, -1,
        706, 707, 734, -1,
        707, 735, 734, -1,
        707, 708, 735, -1,
        708, 736, 735, -1,
        708, 709, 736, -1,
        709, 737, 736, -1,
        709, 710, 737, -1,
        710, 738, 737, -1,
        710, 711, 738, -1,
        711, 739, 738, -1,
        711, 712, 739, -1,
        712, 740, 739, -1,
        712, 713, 740, -1,
        713, 741, 740, -1,
        714, 715, 742, -1,
        715, 743, 742, -1,
        715, 716, 743, -1,
        716, 744, 743, -1,
        716, 717, 744, -1,
        717, 745, 744, -1,
        717, 718, 745, -1,
        718, 746, 745, -1,
        718, 719, 746, -1,
        719, 747, 746, -1,
        719, 720, 747, -1,
        720, 748, 747, -1,
        720, 721, 748, -1,
        721, 749, 748, -1,
        721, 722, 749, -1,
        722, 750, 749, -1,
        722, 723, 750, -1,
        723, 751, 750, -1,
        723, 724, 751, -1,
        724, 752, 751, -1,
        724, 725, 752, -1,
        725, 753, 752, -1,
        725, 726, 753, -1,
        726, 754, 753, -1,
        726, 727, 754, -1,
        727, 755, 754, -1,
        727, 728, 755, -1,
        728, 756, 755, -1,
        728, 729, 756, -1,
        729, 757, 756, -1,
        729, 730, 757, -1,
        730, 758, 757, -1,
        730, 731, 758, -1,
        731, 759, 758, -1,
        731, 732, 759, -1,
        732, 760, 759, -1,
        732, 733, 760, -1,
        733, 761, 760, -1,
        733, 734, 761, -1,
        734, 762, 761, -1,
        734, 735, 762, -1,
        735, 763, 762, -1,
        735, 736, 763, -1,
        736, 764, 763, -1,
        736, 737, 764, -1,
        737, 765, 764, -1,
        737, 738, 765, -1,
        738, 766, 765, -1,
        738, 739, 766, -1,
        739, 767, 766, -1,
        739, 740, 767, -1,
        740, 768, 767, -1,
        740, 741, 768, -1,
        741, 769, 768, -1,
        742, 743, 770, -1,
        743, 771, 770, -1,
        743, 744, 771, -1,
        744, 772, 771, -1,
        744, 745, 772, -1,
        745, 773, 772, -1,
        745, 746, 773, -1,
        746, 774, 773, -1,
        746, 747, 774, -1,
        747, 775, 774, -1,
        747, 748, 775, -1,
        748, 776, 775, -1,
        748, 749, 776, -1,
        749, 777, 776, -1,
        749, 750, 777, -1,
        750, 778, 777, -1,
        750, 751, 778, -1,
        751, 779, 778, -1,
        751, 752, 779, -1,
        752, 780, 779, -1,
        752, 753, 780, -1,
        753, 781, 780, -1,
        753, 754, 781, -1,
        754, 782, 781, -1,
        754, 755, 782, -1,
        755, 783, 782, -1,
        755, 756, 783, -1,
        756, 784, 783, -1,
        756, 757, 784, -1,
        757, 785, 784, -1,
        757, 758, 785, -1,
        758, 786, 785, -1,
        758, 759, 786, -1,
        759, 787, 786, -1,
        759, 760, 787, -1,
        760, 788, 787, -1,
        760, 761, 788, -1,
        761, 789, 788, -1,
        761, 762, 789, -1,
        762, 790, 789, -1,
        762, 763, 790, -1,
        763, 791, 790, -1,
        763, 764, 791, -1,
        764, 792, 791, -1,
        764, 765, 792, -1,
        765, 793, 792, -1,
        765, 766, 793, -1,
        766, 794, 793, -1,
        766, 767, 794, -1,
        767, 795, 794, -1,
        767, 768, 795, -1,
        768, 796, 795, -1,
        768, 769, 796, -1,
        769, 797, 796, -1,
        770, 771, 798, -1,
        771, 799, 798, -1,
        771, 772, 799, -1,
        772, 800, 799, -1,
        772, 773, 800, -1,
        773, 801, 800, -1,
        773, 774, 801, -1,
        774, 802, 801, -1,
        774, 775, 802, -1,
        775, 803, 802, -1,
        775, 776, 803, -1,
        776, 804, 803, -1,
        776, 777, 804, -1,
        777, 805, 804, -1,
        777, 778, 805, -1,
        778, 806, 805, -1,
        778, 779, 806, -1,
        779, 807, 806, -1,
        779, 780, 807, -1,
        780, 808, 807, -1,
        780, 781, 808, -1,
        781, 809, 808, -1,
        781, 782, 809, -1,
        782, 810, 809, -1,
        782, 783, 810, -1,
        783, 811, 810, -1,
        783, 784, 811, -1,
        784, 812, 811, -1,
        784, 785, 812, -1,
        785, 813, 812, -1,
        785, 786, 813, -1,
        786, 814, 813, -1,
        786, 787, 814, -1,
        787, 815, 814, -1,
        787, 788, 815, -1,
        788, 816, 815, -1,
        788, 789, 816, -1,
        789, 817, 816, -1,
        789, 790, 817, -1,
        790, 818, 817, -1,
        790, 791, 818, -1,
        791, 819, 818, -1,
        791, 792, 819, -1,
        792, 820, 819, -1,
        792, 793, 820, -1,
        793, 821, 820, -1,
        793, 794, 821, -1,
        794, 822, 821, -1,
        794, 795, 822, -1,
        795, 823, 822, -1,
        795, 796, 823, -1,
        796, 824, 823, -1,
        796, 797, 824, -1,
        797, 825, 824, -1,
        798, 799, 826, -1,
        799, 827, 826, -1,
        799, 800, 827, -1,
        800, 828, 827, -1,
        800, 801, 828, -1,
        801, 829, 828, -1,
        801, 802, 829, -1,
        802, 830, 829, -1,
        802, 803, 830, -1,
        803, 831, 830, -1,
        803, 804, 831, -1,
        804, 832, 831, -1,
        804, 805, 832, -1,
        805, 833, 832, -1,
        805, 806, 833, -1,
        806, 834, 833, -1,
        806, 807, 834, -1,
        807, 835, 834, -1,
        807, 808, 835, -1,
        808, 836, 835, -1,
        808, 809, 836, -1,
        809, 837, 836, -1,
        809, 810, 837, -1,
        810, 838, 837, -1,
        810, 811, 838, -1,
        811, 839, 838, -1,
        811, 812, 839, -1,
        812, 840, 839, -1,
        812, 813, 840, -1,
        813, 841, 840, -1,
        813, 814, 841, -1,
        814, 842, 841, -1,
        814, 815, 842, -1,
        815, 843, 842, -1,
        815, 816, 843, -1,
        816, 844, 843, -1,
        816, 817, 844, -1,
        817, 845, 844, -1,
        817, 818, 845, -1,
        818, 846, 845, -1,
        818, 819, 846, -1,
        819, 847, 846, -1,
        819, 820, 847, -1,
        820, 848, 847, -1,
        820, 821, 848, -1,
        821, 849, 848, -1,
        821, 822, 849, -1,
        822, 850, 849, -1,
        822, 823, 850, -1,
        823, 851, 850, -1,
        823, 824, 851, -1,
        824, 852, 851, -1,
        824, 825, 852, -1,
        825, 853, 852, -1,
        826, 827, 854, -1,
        827, 855, 854, -1,
        827, 828, 855, -1,
        828, 856, 855, -1,
        828, 829, 856, -1,
        829, 857, 856, -1,
        829, 830, 857, -1,
        830, 858, 857, -1,
        830, 831, 858, -1,
        831, 859, 858, -1,
        831, 832, 859, -1,
        832, 860, 859, -1,
        832, 833, 860, -1,
        833, 861, 860, -1,
        833, 834, 861, -1,
        834, 862, 861, -1,
        834, 835, 862, -1,
        835, 863, 862, -1,
        835, 836, 863, -1,
        836, 864, 863, -1,
        836, 837, 864, -1,
        837, 865, 864, -1,
        837, 838, 865, -1,
        838, 866, 865, -1,
        838, 839, 866, -1,
        839, 867, 866, -1,
        839, 840, 867, -1,
        840, 868, 867, -1,
        840, 841, 868, -1,
        841, 869, 868, -1,
        841, 842, 869, -1,
        842, 870, 869, -1,
        842, 843, 870, -1,
        843, 871, 870, -1,
        843, 844, 871, -1,
        844, 872, 871, -1,
        844, 845, 872, -1,
        845, 873, 872, -1,
        845, 846, 873, -1,
        846, 874, 873, -1,
        846, 847, 874, -1,
        847, 875, 874, -1,
        847, 848, 875, -1,
        848, 876, 875, -1,
        848, 849, 876, -1,
        849, 877, 876, -1,
        849, 850, 877, -1,
        850, 878, 877, -1,
        850, 851, 878, -1,
        851, 879, 878, -1,
        851, 852, 879, -1,
        852, 880, 879, -1,
        852, 853, 880, -1,
        853, 881, 880, -1,
        854, 855, 882, -1,
        855, 883, 882, -1,
        855, 856, 883, -1,
        856, 884, 883, -1,
        856, 857, 884, -1,
        857, 885, 884, -1,
        857, 858, 885, -1,
        858, 886, 885, -1,
        858, 859, 886, -1,
        859, 887, 886, -1,
        859, 860, 887, -1,
        860, 888, 887, -1,
        860, 861, 888, -1,
        861, 889, 888, -1,
        861, 862, 889, -1,
        862, 890, 889, -1,
        862, 863, 890, -1,
        863, 891, 890, -1,
        863, 864, 891, -1,
        864, 892, 891, -1,
        864, 865, 892, -1,
        865, 893, 892, -1,
        865, 866, 893, -1,
        866, 894, 893, -1,
        866, 867, 894, -1,
        867, 895, 894, -1,
        867, 868, 895, -1,
        868, 896, 895, -1,
        868, 869, 896, -1,
        869, 897, 896, -1,
        869, 870, 897, -1,
        870, 898, 897, -1,
        870, 871, 898, -1,
        871, 899, 898, -1,
        871, 872, 899, -1,
        872, 900, 899, -1,
        872, 873, 900, -1,
        873, 901, 900, -1,
        873, 874, 901, -1,
        874, 902, 901, -1,
        874, 875, 902, -1,
        875, 903, 902, -1,
        875, 876, 903, -1,
        876, 904, 903, -1,
        876, 877, 904, -1,
        877, 905, 904, -1,
        877, 878, 905, -1,
        878, 906, 905, -1,
        878, 879, 906, -1,
        879, 907, 906, -1,
        879, 880, 907, -1,
        880, 908, 907, -1,
        880, 881, 908, -1,
        881, 909, 908, -1,
        882, 883, 910, -1,
        883, 911, 910, -1,
        883, 884, 911, -1,
        884, 912, 911, -1,
        884, 885, 912, -1,
        885, 913, 912, -1,
        885, 886, 913, -1,
        886, 914, 913, -1,
        886, 887, 914, -1,
        887, 915, 914, -1,
        887, 888, 915, -1,
        888, 916, 915, -1,
        888, 889, 916, -1,
        889, 917, 916, -1,
        889, 890, 917, -1,
        890, 918, 917, -1,
        890, 891, 918, -1,
        891, 919, 918, -1,
        891, 892, 919, -1,
        892, 920, 919, -1,
        892, 893, 920, -1,
        893, 921, 920, -1,
        893, 894, 921, -1,
        894, 922, 921, -1,
        894, 895, 922, -1,
        895, 923, 922, -1,
        895, 896, 923, -1,
        896, 924, 923, -1,
        896, 897, 924, -1,
        897, 925, 924, -1,
        897, 898, 925, -1,
        898, 926, 925, -1,
        898, 899, 926, -1,
        899, 927, 926, -1,
        899, 900, 927, -1,
        900, 928, 927, -1,
        900, 901, 928, -1,
        901, 929, 928, -1,
        901, 902, 929, -1,
        902, 930, 929, -1,
        902, 903, 930, -1,
        903, 931, 930, -1,
        903, 904, 931, -1,
        904, 932, 931, -1,
        904, 905, 932, -1,
        905, 933, 932, -1,
        905, 906, 933, -1,
        906, 934, 933, -1,
        906, 907, 934, -1,
        907, 935, 934, -1,
        907, 908, 935, -1,
        908, 936, 935, -1,
        908, 909, 936, -1,
        909, 937, 936, -1,
        910, 911, 938, -1,
        911, 939, 938, -1,
        911, 912, 939, -1,
        912, 940, 939, -1,
        912, 913, 940, -1,
        913, 941, 940, -1,
        913, 914, 941, -1,
        914, 942, 941, -1,
        914, 915, 942, -1,
        915, 943, 942, -1,
        915, 916, 943, -1,
        916, 944, 943, -1,
        916, 917, 944, -1,
        917, 945, 944, -1,
        917, 918, 945, -1,
        918, 946, 945, -1,
        918, 919, 946, -1,
        919, 947, 946, -1,
        919, 920, 947, -1,
        920, 948, 947, -1,
        920, 921, 948, -1,
        921, 949, 948, -1,
        921, 922, 949, -1,
        922, 950, 949, -1,
        922, 923, 950, -1,
        923, 951, 950, -1,
        923, 924, 951, -1,
        924, 952, 951, -1,
        924, 925, 952, -1,
        925, 953, 952, -1,
        925, 926, 953, -1,
        926, 954, 953, -1,
        926, 927, 954, -1,
        927, 955, 954, -1,
        927, 928, 955, -1,
        928, 956, 955, -1,
        928, 929, 956, -1,
        929, 957, 956, -1,
        929, 930, 957, -1,
        930, 958, 957, -1,
        930, 931, 958, -1,
        931, 959, 958, -1,
        931, 932, 959, -1,
        932, 960, 959, -1,
        932, 933, 960, -1,
        933, 961, 960, -1,
        933, 934, 961, -1,
        934, 962, 961, -1,
        934, 935, 962, -1,
        935, 963, 962, -1,
        935, 936, 963, -1,
        936, 964, 963, -1,
        936, 937, 964, -1,
        937, 965, 964, -1,
        938, 939, 966, -1,
        939, 967, 966, -1,
        939, 940, 967, -1,
        940, 968, 967, -1,
        940, 941, 968, -1,
        941, 969, 968, -1,
        941, 942, 969, -1,
        942, 970, 969, -1,
        942, 943, 970, -1,
        943, 971, 970, -1,
        943, 944, 971, -1,
        944, 972, 971, -1,
        944, 945, 972, -1,
        945, 973, 972, -1,
        945, 946, 973, -1,
        946, 974, 973, -1,
        946, 947, 974, -1,
        947, 975, 974, -1,
        947, 948, 975, -1,
        948, 976, 975, -1,
        948, 949, 976, -1,
        949, 977, 976, -1,
        949, 950, 977, -1,
        950, 978, 977, -1,
        950, 951, 978, -1,
        951, 979, 978, -1,
        951, 952, 979, -1,
        952, 980, 979, -1,
        952, 953, 980, -1,
        953, 981, 980, -1,
        953, 954, 981, -1,
        954, 982, 981, -1,
        954, 955, 982, -1,
        955, 983, 982, -1,
        955, 956, 983, -1,
        956, 984, 983, -1,
        956, 957, 984, -1,
        957, 985, 984, -1,
        957, 958, 985, -1,
        958, 986, 985, -1,
        958, 959, 986, -1,
        959, 987, 986, -1,
        959, 960, 987, -1,
        960, 988, 987, -1,
        960, 961, 988, -1,
        961, 989, 988, -1,
        961, 962, 989, -1,
        962, 990, 989, -1,
        962, 963, 990, -1,
        963, 991, 990, -1,
        963, 964, 991, -1,
        964, 992, 991, -1,
        964, 965, 992, -1,
        965, 993, 992, -1,
        966, 967, 994, -1,
        967, 995, 994, -1,
        967, 968, 995, -1,
        968, 996, 995, -1,
        968, 969, 996, -1,
        969, 997, 996, -1,
        969, 970, 997, -1,
        970, 998, 997, -1,
        970, 971, 998, -1,
        971, 999, 998, -1,
        971, 972, 999, -1,
        972, 1000, 999, -1,
        972, 973, 1000, -1,
        973, 1001, 1000, -1,
        973, 974, 1001, -1,
        974, 1002, 1001, -1,
        974, 975, 1002, -1,
        975, 1003, 1002, -1,
        975, 976, 1003, -1,
        976, 1004, 1003, -1,
        976, 977, 1004, -1,
        977, 1005, 1004, -1,
        977, 978, 1005, -1,
        978, 1006, 1005, -1,
        978, 979, 1006, -1,
        979, 1007, 1006, -1,
        979, 980, 1007, -1,
        980, 1008, 1007, -1,
        980, 981, 1008, -1,
        981, 1009, 1008, -1,
        981, 982, 1009, -1,
        982, 1010, 1009, -1,
        982, 983, 1010, -1,
        983, 1011, 1010, -1,
        983, 984, 1011, -1,
        984, 1012, 1011, -1,
        984, 985, 1012, -1,
        985, 1013, 1012, -1,
        985, 986, 1013, -1,
        986, 1014, 1013, -1,
        986, 987, 1014, -1,
        987, 1015, 1014, -1,
        987, 988, 1015, -1,
        988, 1016, 1015, -1,
        988, 989, 1016, -1,
        989, 1017, 1016, -1,
        989, 990, 1017, -1,
        990, 1018, 1017, -1,
        990, 991, 1018, -1,
        991, 1019, 1018, -1,
        991, 992, 1019, -1,
        992, 1020, 1019, -1,
        992, 993, 1020, -1,
        993, 1021, 1020, -1,
        994, 995, 1022, -1,
        995, 1023, 1022, -1,
        995, 996, 1023, -1,
        996, 1024, 1023, -1,
        996, 997, 1024, -1,
        997, 1025, 1024, -1,
        997, 998, 1025, -1,
        998, 1026, 1025, -1,
        998, 999, 1026, -1,
        999, 1027, 1026, -1,
        999, 1000, 1027, -1,
        1000, 1028, 1027, -1,
        1000, 1001, 1028, -1,
        1001, 1029, 1028, -1,
        1001, 1002, 1029, -1,
        1002, 1030, 1029, -1,
        1002, 1003, 1030, -1,
        1003, 1031, 1030, -1,
        1003, 1004, 1031, -1,
        1004, 1032, 1031, -1,
        1004, 1005, 1032, -1,
        1005, 1033, 1032, -1,
        1005, 1006, 1033, -1,
        1006, 1034, 1033, -1,
        1006, 1007, 1034, -1,
        1007, 1035, 1034, -1,
        1007, 1008, 1035, -1,
        1008, 1036, 1035, -1,
        1008, 1009, 1036, -1,
        1009, 1037, 1036, -1,
        1009, 1010, 1037, -1,
        1010, 1038, 1037, -1,
        1010, 1011, 1038, -1,
        1011, 1039, 1038, -1,
        1011, 1012, 1039, -1,
        1012, 1040, 1039, -1,
        1012, 1013, 1040, -1,
        1013, 1041, 1040, -1,
        1013, 1014, 1041, -1,
        1014, 1042, 1041, -1,
        1014, 1015, 1042, -1,
        1015, 1043, 1042, -1,
        1015, 1016, 1043, -1,
        1016, 1044, 1043, -1,
        1016, 1017, 1044, -1,
        1017, 1045, 1044, -1,
        1017, 1018, 1045, -1,
        1018, 1046, 1045, -1,
        1018, 1019, 1046, -1,
        1019, 1047, 1046, -1,
        1019, 1020, 1047, -1,
        1020, 1048, 1047, -1,
        1020, 1021, 1048, -1,
        1021, 1049, 1048, -1,
        1050, 1051, 1078, -1,
        1051, 1079, 1078, -1,
        1051, 1052, 1079, -1,
        1052, 1080, 1079, -1,
        1052, 1053, 1080, -1,
        1053, 1081, 1080, -1,
        1053, 1054, 1081, -1,
        1054, 1082, 1081, -1,
        1054, 1055, 1082, -1,
        1055, 1083, 1082, -1,
        1055, 1056, 1083, -1,
        1056, 1084, 1083, -1,
        1056, 1057, 1084, -1,
        1057, 1085, 1084, -1,
        1057, 1058, 1085, -1,
        1058, 1086, 1085, -1,
        1058, 1059, 1086, -1,
        1059, 1087, 1086, -1,
        1059, 1060, 1087, -1,
        1060, 1088, 1087, -1,
        1060, 1061, 1088, -1,
        1061, 1089, 1088, -1,
        1061, 1062, 1089, -1,
        1062, 1090, 1089, -1,
        1062, 1063, 1090, -1,
        1063, 1091, 1090, -1,
        1063, 1064, 1091, -1,
        1064, 1092, 1091, -1,
        1064, 1065, 1092, -1,
        1065, 1093, 1092, -1,
        1065, 1066, 1093, -1,
        1066, 1094, 1093, -1,
        1066, 1067, 1094, -1,
        1067, 1095, 1094, -1,
        1067, 1068, 1095, -1,
        1068, 1096, 1095, -1,
        1068, 1069, 1096, -1,
        1069, 1097, 1096, -1,
        1069, 1070, 1097, -1,
        1070, 1098, 1097, -1,
        1070, 1071, 1098, -1,
        1071, 1099, 1098, -1,
        1071, 1072, 1099, -1,
        1072, 1100, 1099, -1,
        1072, 1073, 1100, -1,
        1073, 1101, 1100, -1,
        1073, 1074, 1101, -1,
        1074, 1102, 1101, -1,
        1074, 1075, 1102, -1,
        1075, 1103, 1102, -1,
        1075, 1076, 1103, -1,
        1076, 1104, 1103, -1,
        1076, 1077, 1104, -1,
        1077, 1105, 1104, -1,
        1078, 1079, 1106, -1,
        1079, 1107, 1106, -1,
        1079, 1080, 1107, -1,
        1080, 1108, 1107, -1,
        1080, 1081, 1108, -1,
        1081, 1109, 1108, -1,
        1081, 1082, 1109, -1,
        1082, 1110, 1109, -1,
        1082, 1083, 1110, -1,
        1083, 1111, 1110, -1,
        1083, 1084, 1111, -1,
        1084, 1112, 1111, -1,
        1084, 1085, 1112, -1,
        1085, 1113, 1112, -1,
        1085, 1086, 1113, -1,
        1086, 1114, 1113, -1,
        1086, 1087, 1114, -1,
        1087, 1115, 1114, -1,
        1087, 1088, 1115, -1,
        1088, 1116, 1115, -1,
        1088, 1089, 1116, -1,
        1089, 1117, 1116, -1,
        1089, 1090, 1117, -1,
        1090, 1118, 1117, -1,
        1090, 1091, 1118, -1,
        1091, 1119, 1118, -1,
        1091, 1092, 1119, -1,
        1092, 1120, 1119, -1,
        1092, 1093, 1120, -1,
        1093, 1121, 1120, -1,
        1093, 1094, 1121, -1,
        1094, 1122, 1121, -1,
        1094, 1095, 1122, -1,
        1095, 1123, 1122, -1,
        1095, 1096, 1123, -1,
        1096, 1124, 1123, -1,
        1096, 1097, 1124, -1,
        1097, 1125, 1124, -1,
        1097, 1098, 1125, -1,
        1098, 1126, 1125, -1,
        1098, 1099, 1126, -1,
        1099, 1127, 1126, -1,
        1099, 1100, 1127, -1,
        1100, 1128, 1127, -1,
        1100, 1101, 1128, -1,
        1101, 1129, 1128, -1,
        1101, 1102, 1129, -1,
        1102, 1130, 1129, -1,
        1102, 1103, 1130, -1,
        1103, 1131, 1130, -1,
        1103, 1104, 1131, -1,
        1104, 1132, 1131, -1,
        1104, 1105, 1132, -1,
        1105, 1133, 1132, -1,
        1106, 1107, 1134, -1,
        1107, 1135, 1134, -1,
        1107, 1108, 1135, -1,
        1108, 1136, 1135, -1,
        1108, 1109, 1136, -1,
        1109, 1137, 1136, -1,
        1109, 1110, 1137, -1,
        1110, 1138, 1137, -1,
        1110, 1111, 1138, -1,
        1111, 1139, 1138, -1,
        1111, 1112, 1139, -1,
        1112, 1140, 1139, -1,
        1112, 1113, 1140, -1,
        1113, 1141, 1140, -1,
        1113, 1114, 1141, -1,
        1114, 1142, 1141, -1,
        1114, 1115, 1142, -1,
        1115, 1143, 1142, -1,
        1115, 1116, 1143, -1,
        1116, 1144, 1143, -1,
        1116, 1117, 1144, -1,
        1117, 1145, 1144, -1,
        1117, 1118, 1145, -1,
        1118, 1146, 1145, -1,
        1118, 1119, 1146, -1,
        1119, 1147, 1146, -1,
        1119, 1120, 1147, -1,
        1120, 1148, 1147, -1,
        1120, 1121, 1148, -1,
        1121, 1149, 1148, -1,
        1121, 1122, 1149, -1,
        1122, 1150, 1149, -1,
        1122, 1123, 1150, -1,
        1123, 1151, 1150, -1,
        1123, 1124, 1151, -1,
        1124, 1152, 1151, -1,
        1124, 1125, 1152, -1,
        1125, 1153, 1152, -1,
        1125, 1126, 1153, -1,
        1126, 1154, 1153, -1,
        1126, 1127, 1154, -1,
        1127, 1155, 1154, -1,
        1127, 1128, 1155, -1,
        1128, 1156, 1155, -1,
        1128, 1129, 1156, -1,
        1129, 1157, 1156, -1,
        1129, 1130, 1157, -1,
        1130, 1158, 1157, -1,
        1130, 1131, 1158, -1,
        1131, 1159, 1158, -1,
        1131, 1132, 1159, -1,
        1132, 1160, 1159, -1,
        1132, 1133, 1160, -1,
        1133, 1161, 1160, -1,
        1134, 1135, 1162, -1,
        1135, 1163, 1162, -1,
        1135, 1136, 1163, -1,
        1136, 1164, 1163, -1,
        1136, 1137, 1164, -1,
        1137, 1165, 1164, -1,
        1137, 1138, 1165, -1,
        1138, 1166, 1165, -1,
        1138, 1139, 1166, -1,
        1139, 1167, 1166, -1,
        1139, 1140, 1167, -1,
        1140, 1168, 1167, -1,
        1140, 1141, 1168, -1,
        1141, 1169, 1168, -1,
        1141, 1142, 1169, -1,
        1142, 1170, 1169, -1,
        1142, 1143, 1170, -1,
        1143, 1171, 1170, -1,
        1143, 1144, 1171, -1,
        1144, 1172, 1171, -1,
        1144, 1145, 1172, -1,
        1145, 1173, 1172, -1,
        1145, 1146, 1173, -1,
        1146, 1174, 1173, -1,
        1146, 1147, 1174, -1,
        1147, 1175, 1174, -1,
        1147, 1148, 1175, -1,
        1148, 1176, 1175, -1,
        1148, 1149, 1176, -1,
        1149, 1177, 1176, -1,
        1149, 1150, 1177, -1,
        1150, 1178, 1177, -1,
        1150, 1151, 1178, -1,
        1151, 1179, 1178, -1,
        1151, 1152, 1179, -1,
        1152, 1180, 1179, -1,
        1152, 1153, 1180, -1,
        1153, 1181, 1180, -1,
        1153, 1154, 1181, -1,
        1154, 1182, 1181, -1,
        1154, 1155, 1182, -1,
        1155, 1183, 1182, -1,
        1155, 1156, 1183, -1,
        1156, 1184, 1183, -1,
        1156, 1157, 1184, -1,
        1157, 1185, 1184, -1,
        1157, 1158, 1185, -1,
        1158, 1186, 1185, -1,
        1158, 1159, 1186, -1,
        1159, 1187, 1186, -1,
        1159, 1160, 1187, -1,
        1160, 1188, 1187, -1,
        1160, 1161, 1188, -1,
        1161, 1189, 1188, -1,
        1162, 1163, 1190, -1,
        1163, 1191, 1190, -1,
        1163, 1164, 1191, -1,
        1164, 1192, 1191, -1,
        1164, 1165, 1192, -1,
        1165, 1193, 1192, -1,
        1165, 1166, 1193, -1,
        1166, 1194, 1193, -1,
        1166, 1167, 1194, -1,
        1167, 1195, 1194, -1,
        1167, 1168, 1195, -1,
        1168, 1196, 1195, -1,
        1168, 1169, 1196, -1,
        1169, 1197, 1196, -1,
        1169, 1170, 1197, -1,
        1170, 1198, 1197, -1,
        1170, 1171, 1198, -1,
        1171, 1199, 1198, -1,
        1171, 1172, 1199, -1,
        1172, 1200, 1199, -1,
        1172, 1173, 1200, -1,
        1173, 1201, 1200, -1,
        1173, 1174, 1201, -1,
        1174, 1202, 1201, -1,
        1174, 1175, 1202, -1,
        1175, 1203, 1202, -1,
        1175, 1176, 1203, -1,
        1176, 1204, 1203, -1,
        1176, 1177, 1204, -1,
        1177, 1205, 1204, -1,
        1177, 1178, 1205, -1,
        1178, 1206, 1205, -1,
        1178, 1179, 1206, -1,
        1179, 1207, 1206, -1,
        1179, 1180, 1207, -1,
        1180, 1208, 1207, -1,
        1180, 1181, 1208, -1,
        1181, 1209, 1208, -1,
        1181, 1182, 1209, -1,
        1182, 1210, 1209, -1,
        1182, 1183, 1210, -1,
        1183, 1211, 1210, -1,
        1183, 1184, 1211, -1,
        1184, 1212, 1211, -1,
        1184, 1185, 1212, -1,
        1185, 1213, 1212, -1,
        1185, 1186, 1213, -1,
        1186, 1214, 1213, -1,
        1186, 1187, 1214, -1,
        1187, 1215, 1214, -1,
        1187, 1188, 1215, -1,
        1188, 1216, 1215, -1,
        1188, 1189, 1216, -1,
        1189, 1217, 1216, -1,
        1190, 1191, 1218, -1,
        1191, 1219, 1218, -1,
        1191, 1192, 1219, -1,
        1192, 1220, 1219, -1,
        1192, 1193, 1220, -1,
        1193, 1221, 1220, -1,
        1193, 1194, 1221, -1,
        1194, 1222, 1221, -1,
        1194, 1195, 1222, -1,
        1195, 1223, 1222, -1,
        1195, 1196, 1223, -1,
        1196, 1224, 1223, -1,
        1196, 1197, 1224, -1,
        1197, 1225, 1224, -1,
        1197, 1198, 1225, -1,
        1198, 1226, 1225, -1,
        1198, 1199, 1226, -1,
        1199, 1227, 1226, -1,
        1199, 1200, 1227, -1,
        1200, 1228, 1227, -1,
        1200, 1201, 1228, -1,
        1201, 1229, 1228, -1,
        1201, 1202, 1229, -1,
        1202, 1230, 1229, -1,
        1202, 1203, 1230, -1,
        1203, 1231, 1230, -1,
        1203, 1204, 1231, -1,
        1204, 1232, 1231, -1,
        1204, 1205, 1232, -1,
        1205, 1233, 1232, -1,
        1205, 1206, 1233, -1,
        1206, 1234, 1233, -1,
        1206, 1207, 1234, -1,
        1207, 1235, 1234, -1,
        1207, 1208, 1235, -1,
        1208, 1236, 1235, -1,
        1208, 1209, 1236, -1,
        1209, 1237, 1236, -1,
        1209, 1210, 1237, -1,
        1210, 1238, 1237, -1,
        1210, 1211, 1238, -1,
        1211, 1239, 1238, -1,
        1211, 1212, 1239, -1,
        1212, 1240, 1239, -1,
        1212, 1213, 1240, -1,
        1213, 1241, 1240, -1,
        1213, 1214, 1241, -1,
        1214, 1242, 1241, -1,
        1214, 1215, 1242, -1,
        1215, 1243, 1242, -1,
        1215, 1216, 1243, -1,
        1216, 1244, 1243, -1,
        1216, 1217, 1244, -1,
        1217, 1245, 1244, -1,
        1218, 1219, 1246, -1,
        1219, 1247, 1246, -1,
        1219, 1220, 1247, -1,
        1220, 1248, 1247, -1,
        1220, 1221, 1248, -1,
        1221, 1249, 1248, -1,
        1221, 1222, 1249, -1,
        1222, 1250, 1249, -1,
        1222, 1223, 1250, -1,
        1223, 1251, 1250, -1,
        1223, 1224, 1251, -1,
        1224, 1252, 1251, -1,
        1224, 1225, 1252, -1,
        1225, 1253, 1252, -1,
        1225, 1226, 1253, -1,
        1226, 1254, 1253, -1,
        1226, 1227, 1254, -1,
        1227, 1255, 1254, -1,
        1227, 1228, 1255, -1,
        1228, 1256, 1255, -1,
        1228, 1229, 1256, -1,
        1229, 1257, 1256, -1,
        1229, 1230, 1257, -1,
        1230, 1258, 1257, -1,
        1230, 1231, 1258, -1,
        1231, 1259, 1258, -1,
        1231, 1232, 1259, -1,
        1232, 1260, 1259, -1,
        1232, 1233, 1260, -1,
        1233, 1261, 1260, -1,
        1233, 1234, 1261, -1,
        1234, 1262, 1261, -1,
        1234, 1235, 1262, -1,
        1235, 1263, 1262, -1,
        1235, 1236, 1263, -1,
        1236, 1264, 1263, -1,
        1236, 1237, 1264, -1,
        1237, 1265, 1264, -1,
        1237, 1238, 1265, -1,
        1238, 1266, 1265, -1,
        1238, 1239, 1266, -1,
        1239, 1267, 1266, -1,
        1239, 1240, 1267, -1,
        1240, 1268, 1267, -1,
        1240, 1241, 1268, -1,
        1241, 1269, 1268, -1,
        1241, 1242, 1269, -1,
        1242, 1270, 1269, -1,
        1242, 1243, 1270, -1,
        1243, 1271, 1270, -1,
        1243, 1244, 1271, -1,
        1244, 1272, 1271, -1,
        1244, 1245, 1272, -1,
        1245, 1273, 1272, -1,
        1246, 1247, 1274, -1,
        1247, 1275, 1274, -1,
        1247, 1248, 1275, -1,
        1248, 1276, 1275, -1,
        1248, 1249, 1276, -1,
        1249, 1277, 1276, -1,
        1249, 1250, 1277, -1,
        1250, 1278, 1277, -1,
        1250, 1251, 1278, -1,
        1251, 1279, 1278, -1,
        1251, 1252, 1279, -1,
        1252, 1280, 1279, -1,
        1252, 1253, 1280, -1,
        1253, 1281, 1280, -1,
        1253, 1254, 1281, -1,
        1254, 1282, 1281, -1,
        1254, 1255, 1282, -1,
        1255, 1283, 1282, -1,
        1255, 1256, 1283, -1,
        1256, 1284, 1283, -1,
        1256, 1257, 1284, -1,
        1257, 1285, 1284, -1,
        1257, 1258, 1285, -1,
        1258, 1286, 1285, -1,
        1258, 1259, 1286, -1,
        1259, 1287, 1286, -1,
        1259, 1260, 1287, -1,
        1260, 1288, 1287, -1,
        1260, 1261, 1288, -1,
        1261, 1289, 1288, -1,
        1261, 1262, 1289, -1,
        1262, 1290, 1289, -1,
        1262, 1263, 1290, -1,
        1263, 1291, 1290, -1,
        1263, 1264, 1291, -1,
        1264, 1292, 1291, -1,
        1264, 1265, 1292, -1,
        1265, 1293, 1292, -1,
        1265, 1266, 1293, -1,
        1266, 1294, 1293, -1,
        1266, 1267, 1294, -1,
        1267, 1295, 1294, -1,
        1267, 1268, 1295, -1,
        1268, 1296, 1295, -1,
        1268, 1269, 1296, -1,
        1269, 1297, 1296, -1,
        1269, 1270, 1297, -1,
        1270, 1298, 1297, -1,
        1270, 1271, 1298, -1,
        1271, 1299, 1298, -1,
        1271, 1272, 1299, -1,
        1272, 1300, 1299, -1,
        1272, 1273, 1300, -1,
        1273, 1301, 1300, -1,
        1274, 1275, 1302, -1,
        1275, 1303, 1302, -1,
        1275, 1276, 1303, -1,
        1276, 1304, 1303, -1,
        1276, 1277, 1304, -1,
        1277, 1305, 1304, -1,
        1277, 1278, 1305, -1,
        1278, 1306, 1305, -1,
        1278, 1279, 1306, -1,
        1279, 1307, 1306, -1,
        1279, 1280, 1307, -1,
        1280, 1308, 1307, -1,
        1280, 1281, 1308, -1,
        1281, 1309, 1308, -1,
        1281, 1282, 1309, -1,
        1282, 1310, 1309, -1,
        1282, 1283, 1310, -1,
        1283, 1311, 1310, -1,
        1283, 1284, 1311, -1,
        1284, 1312, 1311, -1,
        1284, 1285, 1312, -1,
        1285, 1313, 1312, -1,
        1285, 1286, 1313, -1,
        1286, 1314, 1313, -1,
        1286, 1287, 1314, -1,
        1287, 1315, 1314, -1,
        1287, 1288, 1315, -1,
        1288, 1316, 1315, -1,
        1288, 1289, 1316, -1,
        1289, 1317, 1316, -1,
        1289, 1290, 1317, -1,
        1290, 1318, 1317, -1,
        1290, 1291, 1318, -1,
        1291, 1319, 1318, -1,
        1291, 1292, 1319, -1,
        1292, 1320, 1319, -1,
        1292, 1293, 1320, -1,
        1293, 1321, 1320, -1,
        1293, 1294, 1321, -1,
        1294, 1322, 1321, -1,
        1294, 1295, 1322, -1,
        1295, 1323, 1322, -1,
        1295, 1296, 1323, -1,
        1296, 1324, 1323, -1,
        1296, 1297, 1324, -1,
        1297, 1325, 1324, -1,
        1297, 1298, 1325, -1,
        1298, 1326, 1325, -1,
        1298, 1299, 1326, -1,
        1299, 1327, 1326, -1,
        1299, 1300, 1327, -1,
        1300, 1328, 1327, -1,
        1300, 1301, 1328, -1,
        1301, 1329, 1328, -1,
        1302, 1303, 1330, -1,
        1303, 1331, 1330, -1,
        1303, 1304, 1331, -1,
        1304, 1332, 1331, -1,
        1304, 1305, 1332, -1,
        1305, 1333, 1332, -1,
        1305, 1306, 1333, -1,
        1306, 1334, 1333, -1,
        1306, 1307, 1334, -1,
        1307, 1335, 1334, -1,
        1307, 1308, 1335, -1,
        1308, 1336, 1335, -1,
        1308, 1309, 1336, -1,
        1309, 1337, 1336, -1,
        1309, 1310, 1337, -1,
        1310, 1338, 1337, -1,
        1310, 1311, 1338, -1,
        1311, 1339, 1338, -1,
        1311, 1312, 1339, -1,
        1312, 1340, 1339, -1,
        1312, 1313, 1340, -1,
        1313, 1341, 1340, -1,
        1313, 1314, 1341, -1,
        1314, 1342, 1341, -1,
        1314, 1315, 1342, -1,
        1315, 1343, 1342, -1,
        1315, 1316, 1343, -1,
        1316, 1344, 1343, -1,
        1316, 1317, 1344, -1,
        1317, 1345, 1344, -1,
        1317, 1318, 1345, -1,
        1318, 1346, 1345, -1,
        1318, 1319, 1346, -1,
        1319, 1347, 1346, -1,
        1319, 1320, 1347, -1,
        1320, 1348, 1347, -1,
        1320, 1321, 1348, -1,
        1321, 1349, 1348, -1,
        1321, 1322, 1349, -1,
        1322, 1350, 1349, -1,
        1322, 1323, 1350, -1,
        1323, 1351, 1350, -1,
        1323, 1324, 1351, -1,
        1324, 1352, 1351, -1,
        1324, 1325, 1352, -1,
        1325, 1353, 1352, -1,
        1325, 1326, 1353, -1,
        1326, 1354, 1353, -1,
        1326, 1327, 1354, -1,
        1327, 1355, 1354, -1,
        1327, 1328, 1355, -1,
        1328, 1356, 1355, -1,
        1328, 1329, 1356, -1,
        1329, 1357, 1356, -1,
        1330, 1331, 1358, -1,
        1331, 1359, 1358, -1,
        1331, 1332, 1359, -1,
        1332, 1360, 1359, -1,
        1332, 1333, 1360, -1,
        1333, 1361, 1360, -1,
        1333, 1334, 1361, -1,
        1334, 1362, 1361, -1,
        1334, 1335, 1362, -1,
        1335, 1363, 1362, -1,
        1335, 1336, 1363, -1,
        1336, 1364, 1363, -1,
        1336, 1337, 1364, -1,
        1337, 1365, 1364, -1,
        1337, 1338, 1365, -1,
        1338, 1366, 1365, -1,
        1338, 1339, 1366, -1,
        1339, 1367, 1366, -1,
        1339, 1340, 1367, -1,
        1340, 1368, 1367, -1,
        1340, 1341, 1368, -1,
        1341, 1369, 1368, -1,
        1341, 1342, 1369, -1,
        1342, 1370, 1369, -1,
        1342, 1343, 1370, -1,
        1343, 1371, 1370, -1,
        1343, 1344, 1371, -1,
        1344, 1372, 1371, -1,
        1344, 1345, 1372, -1,
        1345, 1373, 1372, -1,
        1345, 1346, 1373, -1,
        1346, 1374, 1373, -1,
        1346, 1347, 1374, -1,
        1347, 1375, 1374, -1,
        1347, 1348, 1375, -1,
        1348, 1376, 1375, -1,
        1348, 1349, 1376, -1,
        1349, 1377, 1376, -1,
        1349, 1350, 1377, -1,
        1350, 1378, 1377, -1,
        1350, 1351, 1378, -1,
        1351, 1379, 1378, -1,
        1351, 1352, 1379, -1,
        1352, 1380, 1379, -1,
        1352, 1353, 1380, -1,
        1353, 1381, 1380, -1,
        1353, 1354, 1381, -1,
        1354, 1382, 1381, -1,
        1354, 1355, 1382, -1,
        1355, 1383, 1382, -1,
        1355, 1356, 1383, -1,
        1356, 1384, 1383, -1,
        1356, 1357, 1384, -1,
        1357, 1385, 1384, -1,
        1358, 1359, 1386, -1,
        1359, 1387, 1386, -1,
        1359, 1360, 1387, -1,
        1360, 1388, 1387, -1,
        1360, 1361, 1388, -1,
        1361, 1389, 1388, -1,
        1361, 1362, 1389, -1,
        1362, 1390, 1389, -1,
        1362, 1363, 1390, -1,
        1363, 1391, 1390, -1,
        1363, 1364, 1391, -1,
        1364, 1392, 1391, -1,
        1364, 1365, 1392, -1,
        1365, 1393, 1392, -1,
        1365, 1366, 1393, -1,
        1366, 1394, 1393, -1,
        1366, 1367, 1394, -1,
        1367, 1395, 1394, -1,
        1367, 1368, 1395, -1,
        1368, 1396, 1395, -1,
        1368, 1369, 1396, -1,
        1369, 1397, 1396, -1,
        1369, 1370, 1397, -1,
        1370, 1398, 1397, -1,
        1370, 1371, 1398, -1,
        1371, 1399, 1398, -1,
        1371, 1372, 1399, -1,
        1372, 1400, 1399, -1,
        1372, 1373, 1400, -1,
        1373, 1401, 1400, -1,
        1373, 1374, 1401, -1,
        1374, 1402, 1401, -1,
        1374, 1375, 1402, -1,
        1375, 1403, 1402, -1,
        1375, 1376, 1403, -1,
        1376, 1404, 1403, -1,
        1376, 1377, 1404, -1,
        1377, 1405, 1404, -1,
        1377, 1378, 1405, -1,
        1378, 1406, 1405, -1,
        1378, 1379, 1406, -1,
        1379, 1407, 1406, -1,
        1379, 1380, 1407, -1,
        1380, 1408, 1407, -1,
        1380, 1381, 1408, -1,
        1381, 1409, 1408, -1,
        1381, 1382, 1409, -1,
        1382, 1410, 1409, -1,
        1382, 1383, 1410, -1,
        1383, 1411, 1410, -1,
        1383, 1384, 1411, -1,
        1384, 1412, 1411, -1,
        1384, 1385, 1412, -1,
        1385, 1413, 1412, -1,
        1386, 1387, 1414, -1,
        1387, 1415, 1414, -1,
        1387, 1388, 1415, -1,
        1388, 1416, 1415, -1,
        1388, 1389, 1416, -1,
        1389, 1417, 1416, -1,
        1389, 1390, 1417, -1,
        1390, 1418, 1417, -1,
        1390, 1391, 1418, -1,
        1391, 1419, 1418, -1,
        1391, 1392, 1419, -1,
        1392, 1420, 1419, -1,
        1392, 1393, 1420, -1,
        1393, 1421, 1420, -1,
        1393, 1394, 1421, -1,
        1394, 1422, 1421, -1,
        1394, 1395, 1422, -1,
        1395, 1423, 1422, -1,
        1395, 1396, 1423, -1,
        1396, 1424, 1423, -1,
        1396, 1397, 1424, -1,
        1397, 1425, 1424, -1,
        1397, 1398, 1425, -1,
        1398, 1426, 1425, -1,
        1398, 1399, 1426, -1,
        1399, 1427, 1426, -1,
        1399, 1400, 1427, -1,
        1400, 1428, 1427, -1,
        1400, 1401, 1428, -1,
        1401, 1429, 1428, -1,
        1401, 1402, 1429, -1,
        1402, 1430, 1429, -1,
        1402, 1403, 1430, -1,
        1403, 1431, 1430, -1,
        1403, 1404, 1431, -1,
        1404, 1432, 1431, -1,
        1404, 1405, 1432, -1,
        1405, 1433, 1432, -1,
        1405, 1406, 1433, -1,
        1406, 1434, 1433, -1,
        1406, 1407, 1434, -1,
        1407, 1435, 1434, -1,
        1407, 1408, 1435, -1,
        1408, 1436, 1435, -1,
        1408, 1409, 1436, -1,
        1409, 1437, 1436, -1,
        1409, 1410, 1437, -1,
        1410, 1438, 1437, -1,
        1410, 1411, 1438, -1,
        1411, 1439, 1438, -1,
        1411, 1412, 1439, -1,
        1412, 1440, 1439, -1,
        1412, 1413, 1440, -1,
        1413, 1441, 1440, -1,
        1414, 1415, 1442, -1,
        1415, 1443, 1442, -1,
        1415, 1416, 1443, -1,
        1416, 1444, 1443, -1,
        1416, 1417, 1444, -1,
        1417, 1445, 1444, -1,
        1417, 1418, 1445, -1,
        1418, 1446, 1445, -1,
        1418, 1419, 1446, -1,
        1419, 1447, 1446, -1,
        1419, 1420, 1447, -1,
        1420, 1448, 1447, -1,
        1420, 1421, 1448, -1,
        1421, 1449, 1448, -1,
        1421, 1422, 1449, -1,
        1422, 1450, 1449, -1,
        1422, 1423, 1450, -1,
        1423, 1451, 1450, -1,
        1423, 1424, 1451, -1,
        1424, 1452, 1451, -1,
        1424, 1425, 1452, -1,
        1425, 1453, 1452, -1,
        1425, 1426, 1453, -1,
        1426, 1454, 1453, -1,
        1426, 1427, 1454, -1,
        1427, 1455, 1454, -1,
        1427, 1428, 1455, -1,
        1428, 1456, 1455, -1,
        1428, 1429, 1456, -1,
        1429, 1457, 1456, -1,
        1429, 1430, 1457, -1,
        1430, 1458, 1457, -1,
        1430, 1431, 1458, -1,
        1431, 1459, 1458, -1,
        1431, 1432, 1459, -1,
        1432, 1460, 1459, -1,
        1432, 1433, 1460, -1,
        1433, 1461, 1460, -1,
        1433, 1434, 1461, -1,
        1434, 1462, 1461, -1,
        1434, 1435, 1462, -1,
        1435, 1463, 1462, -1,
        1435, 1436, 1463, -1,
        1436, 1464, 1463, -1,
        1436, 1437, 1464, -1,
        1437, 1465, 1464, -1,
        1437, 1438, 1465, -1,
        1438, 1466, 1465, -1,
        1438, 1439, 1466, -1,
        1439, 1467, 1466, -1,
        1439, 1440, 1467, -1,
        1440, 1468, 1467, -1,
        1440, 1441, 1468, -1,
        1441, 1469, 1468, -1,
        1470, 1471, 1498, -1,
        1471, 1499, 1498, -1,
        1471, 1472, 1499, -1,
        1472, 1500, 1499, -1,
        1472, 1473, 1500, -1,
        1473, 1501, 1500, -1,
        1473, 1474, 1501, -1,
        1474, 1502, 1501, -1,
        1474, 1475, 1502, -1,
        1475, 1503, 1502, -1,
        1475, 1476, 1503, -1,
        1476, 1504, 1503, -1,
        1476, 1477, 1504, -1,
        1477, 1505, 1504, -1,
        1477, 1478, 1505, -1,
        1478, 1506, 1505, -1,
        1478, 1479, 1506, -1,
        1479, 1507, 1506, -1,
        1479, 1480, 1507, -1,
        1480, 1508, 1507, -1,
        1480, 1481, 1508, -1,
        1481, 1509, 1508, -1,
        1481, 1482, 1509, -1,
        1482, 1510, 1509, -1,
        1482, 1483, 1510, -1,
        1483, 1511, 1510, -1,
        1483, 1484, 1511, -1,
        1484, 1512, 1511, -1,
        1484, 1485, 1512, -1,
        1485, 1513, 1512, -1,
        1485, 1486, 1513, -1,
        1486, 1514, 1513, -1,
        1486, 1487, 1514, -1,
        1487, 1515, 1514, -1,
        1487, 1488, 1515, -1,
        1488, 1516, 1515, -1,
        1488, 1489, 1516, -1,
        1489, 1517, 1516, -1,
        1489, 1490, 1517, -1,
        1490, 1518, 1517, -1,
        1490, 1491, 1518, -1,
        1491, 1519, 1518, -1,
        1491, 1492, 1519, -1,
        1492, 1520, 1519, -1,
        1492, 1493, 1520, -1,
        1493, 1521, 1520, -1,
        1493, 1494, 1521, -1,
        1494, 1522, 1521, -1,
        1494, 1495, 1522, -1,
        1495, 1523, 1522, -1,
        1495, 1496, 1523, -1,
        1496, 1524, 1523, -1,
        1496, 1497, 1524, -1,
        1497, 1525, 1524, -1,
        1498, 1499, 1526, -1,
        1499, 1527, 1526, -1,
        1499, 1500, 1527, -1,
        1500, 1528, 1527, -1,
        1500, 1501, 1528, -1,
        1501, 1529, 1528, -1,
        1501, 1502, 1529, -1,
        1502, 1530, 1529, -1,
        1502, 1503, 1530, -1,
        1503, 1531, 1530, -1,
        1503, 1504, 1531, -1,
        1504, 1532, 1531, -1,
        1504, 1505, 1532, -1,
        1505, 1533, 1532, -1,
        1505, 1506, 1533, -1,
        1506, 1534, 1533, -1,
        1506, 1507, 1534, -1,
        1507, 1535, 1534, -1,
        1507, 1508, 1535, -1,
        1508, 1536, 1535, -1,
        1508, 1509, 1536, -1,
        1509, 1537, 1536, -1,
        1509, 1510, 1537, -1,
        1510, 1538, 1537, -1,
        1510, 1511, 1538, -1,
        1511, 1539, 1538, -1,
        1511, 1512, 1539, -1,
        1512, 1540, 1539, -1,
        1512, 1513, 1540, -1,
        1513, 1541, 1540, -1,
        1513, 1514, 1541, -1,
        1514, 1542, 1541, -1,
        1514, 1515, 1542, -1,
        1515, 1543, 1542, -1,
        1515, 1516, 1543, -1,
        1516, 1544, 1543, -1,
        1516, 1517, 1544, -1,
        1517, 1545, 1544, -1,
        1517, 1518, 1545, -1,
        1518, 1546, 1545, -1,
        1518, 1519, 1546, -1,
        1519, 1547, 1546, -1,
        1519, 1520, 1547, -1,
        1520, 1548, 1547, -1,
        1520, 1521, 1548, -1,
        1521, 1549, 1548, -1,
        1521, 1522, 1549, -1,
        1522, 1550, 1549, -1,
        1522, 1523, 1550, -1,
        1523, 1551, 1550, -1,
        1523, 1524, 1551, -1,
        1524, 1552, 1551, -1,
        1524, 1525, 1552, -1,
        1525, 1553, 1552, -1,
        1526, 1527, 1554, -1,
        1527, 1555, 1554, -1,
        1527, 1528, 1555, -1,
        1528, 1556, 1555, -1,
        1528, 1529, 1556, -1,
        1529, 1557, 1556, -1,
        1529, 1530, 1557, -1,
        1530, 1558, 1557, -1,
        1530, 1531, 1558, -1,
        1531, 1559, 1558, -1,
        1531, 1532, 1559, -1,
        1532, 1560, 1559, -1,
        1532, 1533, 1560, -1,
        1533, 1561, 1560, -1,
        1533, 1534, 1561, -1,
        1534, 1562, 1561, -1,
        1534, 1535, 1562, -1,
        1535, 1563, 1562, -1,
        1535, 1536, 1563, -1,
        1536, 1564, 1563, -1,
        1536, 1537, 1564, -1,
        1537, 1565, 1564, -1,
        1537, 1538, 1565, -1,
        1538, 1566, 1565, -1,
        1538, 1539, 1566, -1,
        1539, 1567, 1566, -1,
        1539, 1540, 1567, -1,
        1540, 1568, 1567, -1,
        1540, 1541, 1568, -1,
        1541, 1569, 1568, -1,
        1541, 1542, 1569, -1,
        1542, 1570, 1569, -1,
        1542, 1543, 1570, -1,
        1543, 1571, 1570, -1,
        1543, 1544, 1571, -1,
        1544, 1572, 1571, -1,
        1544, 1545, 1572, -1,
        1545, 1573, 1572, -1,
        1545, 1546, 1573, -1,
        1546, 1574, 1573, -1,
        1546, 1547, 1574, -1,
        1547, 1575, 1574, -1,
        1547, 1548, 1575, -1,
        1548, 1576, 1575, -1,
        1548, 1549, 1576, -1,
        1549, 1577, 1576, -1,
        1549, 1550, 1577, -1,
        1550, 1578, 1577, -1,
        1550, 1551, 1578, -1,
        1551, 1579, 1578, -1,
        1551, 1552, 1579, -1,
        1552, 1580, 1579, -1,
        1552, 1553, 1580, -1,
        1553, 1581, 1580, -1,
        1554, 1555, 1582, -1,
        1555, 1583, 1582, -1,
        1555, 1556, 1583, -1,
        1556, 1584, 1583, -1,
        1556, 1557, 1584, -1,
        1557, 1585, 1584, -1,
        1557, 1558, 1585, -1,
        1558, 1586, 1585, -1,
        1558, 1559, 1586, -1,
        1559, 1587, 1586, -1,
        1559, 1560, 1587, -1,
        1560, 1588, 1587, -1,
        1560, 1561, 1588, -1,
        1561, 1589, 1588, -1,
        1561, 1562, 1589, -1,
        1562, 1590, 1589, -1,
        1562, 1563, 1590, -1,
        1563, 1591, 1590, -1,
        1563, 1564, 1591, -1,
        1564, 1592, 1591, -1,
        1564, 1565, 1592, -1,
        1565, 1593, 1592, -1,
        1565, 1566, 1593, -1,
        1566, 1594, 1593, -1,
        1566, 1567, 1594, -1,
        1567, 1595, 1594, -1,
        1567, 1568, 1595, -1,
        1568, 1596, 1595, -1,
        1568, 1569, 1596, -1,
        1569, 1597, 1596, -1,
        1569, 1570, 1597, -1,
        1570, 1598, 1597, -1,
        1570, 1571, 1598, -1,
        1571, 1599, 1598, -1,
        1571, 1572, 1599, -1,
        1572, 1600, 1599, -1,
        1572, 1573, 1600, -1,
        1573, 1601, 1600, -1,
        1573, 1574, 1601, -1,
        1574, 1602, 1601, -1,
        1574, 1575, 1602, -1,
        1575, 1603, 1602, -1,
        1575, 1576, 1603, -1,
        1576, 1604, 1603, -1,
        1576, 1577, 1604, -1,
        1577, 1605, 1604, -1,
        1577, 1578, 1605, -1,
        1578, 1606, 1605, -1,
        1578, 1579, 1606, -1,
        1579, 1607, 1606, -1,
        1579, 1580, 1607, -1,
        1580, 1608, 1607, -1,
        1580, 1581, 1608, -1,
        1581, 1609, 1608, -1,
        1582, 1583, 1610, -1,
        1583, 1611, 1610, -1,
        1583, 1584, 1611, -1,
        1584, 1612, 1611, -1,
        1584, 1585, 1612, -1,
        1585, 1613, 1612, -1,
        1585, 1586, 1613, -1,
        1586, 1614, 1613, -1,
        1586, 1587, 1614, -1,
        1587, 1615, 1614, -1,
        1587, 1588, 1615, -1,
        1588, 1616, 1615, -1,
        1588, 1589, 1616, -1,
        1589, 1617, 1616, -1,
        1589, 1590, 1617, -1,
        1590, 1618, 1617, -1,
        1590, 1591, 1618, -1,
        1591, 1619, 1618, -1,
        1591, 1592, 1619, -1,
        1592, 1620, 1619, -1,
        1592, 1593, 1620, -1,
        1593, 1621, 1620, -1,
        1593, 1594, 1621, -1,
        1594, 1622, 1621, -1,
        1594, 1595, 1622, -1,
        1595, 1623, 1622, -1,
        1595, 1596, 1623, -1,
        1596, 1624, 1623, -1,
        1596, 1597, 1624, -1,
        1597, 1625, 1624, -1,
        1597, 1598, 1625, -1,
        1598, 1626, 1625, -1,
        1598, 1599, 1626, -1,
        1599, 1627, 1626, -1,
        1599, 1600, 1627, -1,
        1600, 1628, 1627, -1,
        1600, 1601, 1628, -1,
        1601, 1629, 1628, -1,
        1601, 1602, 1629, -1,
        1602, 1630, 1629, -1,
        1602, 1603, 1630, -1,
        1603, 1631, 1630, -1,
        1603, 1604, 1631, -1,
        1604, 1632, 1631, -1,
        1604, 1605, 1632, -1,
        1605, 1633, 1632, -1,
        1605, 1606, 1633, -1,
        1606, 1634, 1633, -1,
        1606, 1607, 1634, -1,
        1607, 1635, 1634, -1,
        1607, 1608, 1635, -1,
        1608, 1636, 1635, -1,
        1608, 1609, 1636, -1,
        1609, 1637, 1636, -1,
        1610, 1611, 1638, -1,
        1611, 1639, 1638, -1,
        1611, 1612, 1639, -1,
        1612, 1640, 1639, -1,
        1612, 1613, 1640, -1,
        1613, 1641, 1640, -1,
        1613, 1614, 1641, -1,
        1614, 1642, 1641, -1,
        1614, 1615, 1642, -1,
        1615, 1643, 1642, -1,
        1615, 1616, 1643, -1,
        1616, 1644, 1643, -1,
        1616, 1617, 1644, -1,
        1617, 1645, 1644, -1,
        1617, 1618, 1645, -1,
        1618, 1646, 1645, -1,
        1618, 1619, 1646, -1,
        1619, 1647, 1646, -1,
        1619, 1620, 1647, -1,
        1620, 1648, 1647, -1,
        1620, 1621, 1648, -1,
        1621, 1649, 1648, -1,
        1621, 1622, 1649, -1,
        1622, 1650, 1649, -1,
        1622, 1623, 1650, -1,
        1623, 1651, 1650, -1,
        1623, 1624, 1651, -1,
        1624, 1652, 1651, -1,
        1624, 1625, 1652, -1,
        1625, 1653, 1652, -1,
        1625, 1626, 1653, -1,
        1626, 1654, 1653, -1,
        1626, 1627, 1654, -1,
        1627, 1655, 1654, -1,
        1627, 1628, 1655, -1,
        1628, 1656, 1655, -1,
        1628, 1629, 1656, -1,
        1629, 1657, 1656, -1,
        1629, 1630, 1657, -1,
        1630, 1658, 1657, -1,
        1630, 1631, 1658, -1,
        1631, 1659, 1658, -1,
        1631, 1632, 1659, -1,
        1632, 1660, 1659, -1,
        1632, 1633, 1660, -1,
        1633, 1661, 1660, -1,
        1633, 1634, 1661, -1,
        1634, 1662, 1661, -1,
        1634, 1635, 1662, -1,
        1635, 1663, 1662, -1,
        1635, 1636, 1663, -1,
        1636, 1664, 1663, -1,
        1636, 1637, 1664, -1,
        1637, 1665, 1664, -1,
        1638, 1639, 1666, -1,
        1639, 1667, 1666, -1,
        1639, 1640, 1667, -1,
        1640, 1668, 1667, -1,
        1640, 1641, 1668, -1,
        1641, 1669, 1668, -1,
        1641, 1642, 1669, -1,
        1642, 1670, 1669, -1,
        1642, 1643, 1670, -1,
        1643, 1671, 1670, -1,
        1643, 1644, 1671, -1,
        1644, 1672, 1671, -1,
        1644, 1645, 1672, -1,
        1645, 1673, 1672, -1,
        1645, 1646, 1673, -1,
        1646, 1674, 1673, -1,
        1646, 1647, 1674, -1,
        1647, 1675, 1674, -1,
        1647, 1648, 1675, -1,
        1648, 1676, 1675, -1,
        1648, 1649, 1676, -1,
        1649, 1677, 1676, -1,
        1649, 1650, 1677, -1,
        1650, 1678, 1677, -1,
        1650, 1651, 1678, -1,
        1651, 1679, 1678, -1,
        1651, 1652, 1679, -1,
        1652, 1680, 1679, -1,
        1652, 1653, 1680, -1,
        1653, 1681, 1680, -1,
        1653, 1654, 1681, -1,
        1654, 1682, 1681, -1,
        1654, 1655, 1682, -1,
        1655, 1683, 1682, -1,
        1655, 1656, 1683, -1,
        1656, 1684, 1683, -1,
        1656, 1657, 1684, -1,
        1657, 1685, 1684, -1,
        1657, 1658, 1685, -1,
        1658, 1686, 1685, -1,
        1658, 1659, 1686, -1,
        1659, 1687, 1686, -1,
        1659, 1660, 1687, -1,
        1660, 1688, 1687, -1,
        1660, 1661, 1688, -1,
        1661, 1689, 1688, -1,
        1661, 1662, 1689, -1,
        1662, 1690, 1689, -1,
        1662, 1663, 1690, -1,
        1663, 1691, 1690, -1,
        1663, 1664, 1691, -1,
        1664, 1692, 1691, -1,
        1664, 1665, 1692, -1,
        1665, 1693, 1692, -1,
        1666, 1667, 1694, -1,
        1667, 1695, 1694, -1,
        1667, 1668, 1695, -1,
        1668, 1696, 1695, -1,
        1668, 1669, 1696, -1,
        1669, 1697, 1696, -1,
        1669, 1670, 1697, -1,
        1670, 1698, 1697, -1,
        1670, 1671, 1698, -1,
        1671, 1699, 1698, -1,
        1671, 1672, 1699, -1,
        1672, 1700, 1699, -1,
        1672, 1673, 1700, -1,
        1673, 1701, 1700, -1,
        1673, 1674, 1701, -1,
        1674, 1702, 1701, -1,
        1674, 1675, 1702, -1,
        1675, 1703, 1702, -1,
        1675, 1676, 1703, -1,
        1676, 1704, 1703, -1,
        1676, 1677, 1704, -1,
        1677, 1705, 1704, -1,
        1677, 1678, 1705, -1,
        1678, 1706, 1705, -1,
        1678, 1679, 1706, -1,
        1679, 1707, 1706, -1,
        1679, 1680, 1707, -1,
        1680, 1708, 1707, -1,
        1680, 1681, 1708, -1,
        1681, 1709, 1708, -1,
        1681, 1682, 1709, -1,
        1682, 1710, 1709, -1,
        1682, 1683, 1710, -1,
        1683, 1711, 1710, -1,
        1683, 1684, 1711, -1,
        1684, 1712, 1711, -1,
        1684, 1685, 1712, -1,
        1685, 1713, 1712, -1,
        1685, 1686, 1713, -1,
        1686, 1714, 1713, -1,
        1686, 1687, 1714, -1,
        1687, 1715, 1714, -1,
        1687, 1688, 1715, -1,
        1688, 1716, 1715, -1,
        1688, 1689, 1716, -1,
        1689, 1717, 1716, -1,
        1689, 1690, 1717, -1,
        1690, 1718, 1717, -1,
        1690, 1691, 1718, -1,
        1691, 1719, 1718, -1,
        1691, 1692, 1719, -1,
        1692, 1720, 1719, -1,
        1692, 1693, 1720, -1,
        1693, 1721, 1720, -1,
        1694, 1695, 1722, -1,
        1695, 1723, 1722, -1,
        1695, 1696, 1723, -1,
        1696, 1724, 1723, -1,
        1696, 1697, 1724, -1,
        1697, 1725, 1724, -1,
        1697, 1698, 1725, -1,
        1698, 1726, 1725, -1,
        1698, 1699, 1726, -1,
        1699, 1727, 1726, -1,
        1699, 1700, 1727, -1,
        1700, 1728, 1727, -1,
        1700, 1701, 1728, -1,
        1701, 1729, 1728, -1,
        1701, 1702, 1729, -1,
        1702, 1730, 1729, -1,
        1702, 1703, 1730, -1,
        1703, 1731, 1730, -1,
        1703, 1704, 1731, -1,
        1704, 1732, 1731, -1,
        1704, 1705, 1732, -1,
        1705, 1733, 1732, -1,
        1705, 1706, 1733, -1,
        1706, 1734, 1733, -1,
        1706, 1707, 1734, -1,
        1707, 1735, 1734, -1,
        1707, 1708, 1735, -1,
        1708, 1736, 1735, -1,
        1708, 1709, 1736, -1,
        1709, 1737, 1736, -1,
        1709, 1710, 1737, -1,
        1710, 1738, 1737, -1,
        1710, 1711, 1738, -1,
        1711, 1739, 1738, -1,
        1711, 1712, 1739, -1,
        1712, 1740, 1739, -1,
        1712, 1713, 1740, -1,
        1713, 1741, 1740, -1,
        1713, 1714, 1741, -1,
        1714, 1742, 1741, -1,
        1714, 1715, 1742, -1,
        1715, 1743, 1742, -1,
        1715, 1716, 1743, -1,
        1716, 1744, 1743, -1,
        1716, 1717, 1744, -1,
        1717, 1745, 1744, -1,
        1717, 1718, 1745, -1,
        1718, 1746, 1745, -1,
        1718, 1719, 1746, -1,
        1719, 1747, 1746, -1,
        1719, 1720, 1747, -1,
        1720, 1748, 1747, -1,
        1720, 1721, 1748, -1,
        1721, 1749, 1748, -1,
        1722, 1723, 1750, -1,
        1723, 1751, 1750, -1,
        1723, 1724, 1751, -1,
        1724, 1752, 1751, -1,
        1724, 1725, 1752, -1,
        1725, 1753, 1752, -1,
        1725, 1726, 1753, -1,
        1726, 1754, 1753, -1,
        1726, 1727, 1754, -1,
        1727, 1755, 1754, -1,
        1727, 1728, 1755, -1,
        1728, 1756, 1755, -1,
        1728, 1729, 1756, -1,
        1729, 1757, 1756, -1,
        1729, 1730, 1757, -1,
        1730, 1758, 1757, -1,
        1730, 1731, 1758, -1,
        1731, 1759, 1758, -1,
        1731, 1732, 1759, -1,
        1732, 1760, 1759, -1,
        1732, 1733, 1760, -1,
        1733, 1761, 1760, -1,
        1733, 1734, 1761, -1,
        1734, 1762, 1761, -1,
        1734, 1735, 1762, -1,
        1735, 1763, 1762, -1,
        1735, 1736, 1763, -1,
        1736, 1764, 1763, -1,
        1736, 1737, 1764, -1,
        1737, 1765, 1764, -1,
        1737, 1738, 1765, -1,
        1738, 1766, 1765, -1,
        1738, 1739, 1766, -1,
        1739, 1767, 1766, -1,
        1739, 1740, 1767, -1,
        1740, 1768, 1767, -1,
        1740, 1741, 1768, -1,
        1741, 1769, 1768, -1,
        1741, 1742, 1769, -1,
        1742, 1770, 1769, -1,
        1742, 1743, 1770, -1,
        1743, 1771, 1770, -1,
        1743, 1744, 1771, -1,
        1744, 1772, 1771, -1,
        1744, 1745, 1772, -1,
        1745, 1773, 1772, -1,
        1745, 1746, 1773, -1,
        1746, 1774, 1773, -1,
        1746, 1747, 1774, -1,
        1747, 1775, 1774, -1,
        1747, 1748, 1775, -1,
        1748, 1776, 1775, -1,
        1748, 1749, 1776, -1,
        1749, 1777, 1776, -1,
        1750, 1751, 1778, -1,
        1751, 1779, 1778, -1,
        1751, 1752, 1779, -1,
        1752, 1780, 1779, -1,
        1752, 1753, 1780, -1,
        1753, 1781, 1780, -1,
        1753, 1754, 1781, -1,
        1754, 1782, 1781, -1,
        1754, 1755, 1782, -1,
        1755, 1783, 1782, -1,
        1755, 1756, 1783, -1,
        1756, 1784, 1783, -1,
        1756, 1757, 1784, -1,
        1757, 1785, 1784, -1,
        1757, 1758, 1785, -1,
        1758, 1786, 1785, -1,
        1758, 1759, 1786, -1,
        1759, 1787, 1786, -1,
        1759, 1760, 1787, -1,
        1760, 1788, 1787, -1,
        1760, 1761, 1788, -1,
        1761, 1789, 1788, -1,
        1761, 1762, 1789, -1,
        1762, 1790, 1789, -1,
        1762, 1763, 1790, -1,
        1763, 1791, 1790, -1,
        1763, 1764, 1791, -1,
        1764, 1792, 1791, -1,
        1764, 1765, 1792, -1,
        1765, 1793, 1792, -1,
        1765, 1766, 1793, -1,
        1766, 1794, 1793, -1,
        1766, 1767, 1794, -1,
        1767, 1795, 1794, -1,
        1767, 1768, 1795, -1,
        1768, 1796, 1795, -1,
        1768, 1769, 1796, -1,
        1769, 1797, 1796, -1,
        1769, 1770, 1797, -1,
        1770, 1798, 1797, -1,
        1770, 1771, 1798, -1,
        1771, 1799, 1798, -1,
        1771, 1772, 1799, -1,
        1772, 1800, 1799, -1,
        1772, 1773, 1800, -1,
        1773, 1801, 1800, -1,
        1773, 1774, 1801, -1,
        1774, 1802, 1801, -1,
        1774, 1775, 1802, -1,
        1775, 1803, 1802, -1,
        1775, 1776, 1803, -1,
        1776, 1804, 1803, -1,
        1776, 1777, 1804, -1,
        1777, 1805, 1804, -1,
        1778, 1779, 1806, -1,
        1779, 1807, 1806, -1,
        1779, 1780, 1807, -1,
        1780, 1808, 1807, -1,
        1780, 1781, 1808, -1,
        1781, 1809, 1808, -1,
        1781, 1782, 1809, -1,
        1782, 1810, 1809, -1,
        1782, 1783, 1810, -1,
        1783, 1811, 1810, -1,
        1783, 1784, 1811, -1,
        1784, 1812, 1811, -1,
        1784, 1785, 1812, -1,
        1785, 1813, 1812, -1,
        1785, 1786, 1813, -1,
        1786, 1814, 1813, -1,
        1786, 1787, 1814, -1,
        1787, 1815, 1814, -1,
        1787, 1788, 1815, -1,
        1788, 1816, 1815, -1,
        1788, 1789, 1816, -1,
        1789, 1817, 1816, -1,
        1789, 1790, 1817, -1,
        1790, 1818, 1817, -1,
        1790, 1791, 1818, -1,
        1791, 1819, 1818, -1,
        1791, 1792, 1819, -1,
        1792, 1820, 1819, -1,
        1792, 1793, 1820, -1,
        1793, 1821, 1820, -1,
        1793, 1794, 1821, -1,
        1794, 1822, 1821, -1,
        1794, 1795, 1822, -1,
        1795, 1823, 1822, -1,
        1795, 1796, 1823, -1,
        1796, 1824, 1823, -1,
        1796, 1797, 1824, -1,
        1797, 1825, 1824, -1,
        1797, 1798, 1825, -1,
        1798, 1826, 1825, -1,
        1798, 1799, 1826, -1,
        1799, 1827, 1826, -1,
        1799, 1800, 1827, -1,
        1800, 1828, 1827, -1,
        1800, 1801, 1828, -1,
        1801, 1829, 1828, -1,
        1801, 1802, 1829, -1,
        1802, 1830, 1829, -1,
        1802, 1803, 1830, -1,
        1803, 1831, 1830, -1,
        1803, 1804, 1831, -1,
        1804, 1832, 1831, -1,
        1804, 1805, 1832, -1,
        1805, 1833, 1832, -1,
        1806, 1807, 1834, -1,
        1807, 1835, 1834, -1,
        1807, 1808, 1835, -1,
        1808, 1836, 1835, -1,
        1808, 1809, 1836, -1,
        1809, 1837, 1836, -1,
        1809, 1810, 1837, -1,
        1810, 1838, 1837, -1,
        1810, 1811, 1838, -1,
        1811, 1839, 1838, -1,
        1811, 1812, 1839, -1,
        1812, 1840, 1839, -1,
        1812, 1813, 1840, -1,
        1813, 1841, 1840, -1,
        1813, 1814, 1841, -1,
        1814, 1842, 1841, -1,
        1814, 1815, 1842, -1,
        1815, 1843, 1842, -1,
        1815, 1816, 1843, -1,
        1816, 1844, 1843, -1,
        1816, 1817, 1844, -1,
        1817, 1845, 1844, -1,
        1817, 1818, 1845, -1,
        1818, 1846, 1845, -1,
        1818, 1819, 1846, -1,
        1819, 1847, 1846, -1,
        1819, 1820, 1847, -1,
        1820, 1848, 1847, -1,
        1820, 1821, 1848, -1,
        1821, 1849, 1848, -1,
        1821, 1822, 1849, -1,
        1822, 1850, 1849, -1,
        1822, 1823, 1850, -1,
        1823, 1851, 1850, -1,
        1823, 1824, 1851, -1,
        1824, 1852, 1851, -1,
        1824, 1825, 1852, -1,
        1825, 1853, 1852, -1,
        1825, 1826, 1853, -1,
        1826, 1854, 1853, -1,
        1826, 1827, 1854, -1,
        1827, 1855, 1854, -1,
        1827, 1828, 1855, -1,
        1828, 1856, 1855, -1,
        1828, 1829, 1856, -1,
        1829, 1857, 1856, -1,
        1829, 1830, 1857, -1,
        1830, 1858, 1857, -1,
        1830, 1831, 1858, -1,
        1831, 1859, 1858, -1,
        1831, 1832, 1859, -1,
        1832, 1860, 1859, -1,
        1832, 1833, 1860, -1,
        1833, 1861, 1860, -1,
        1834, 1835, 1862, -1,
        1835, 1863, 1862, -1,
        1835, 1836, 1863, -1,
        1836, 1864, 1863, -1,
        1836, 1837, 1864, -1,
        1837, 1865, 1864, -1,
        1837, 1838, 1865, -1,
        1838, 1866, 1865, -1,
        1838, 1839, 1866, -1,
        1839, 1867, 1866, -1,
        1839, 1840, 1867, -1,
        1840, 1868, 1867, -1,
        1840, 1841, 1868, -1,
        1841, 1869, 1868, -1,
        1841, 1842, 1869, -1,
        1842, 1870, 1869, -1,
        1842, 1843, 1870, -1,
        1843, 1871, 1870, -1,
        1843, 1844, 1871, -1,
        1844, 1872, 1871, -1,
        1844, 1845, 1872, -1,
        1845, 1873, 1872, -1,
        1845, 1846, 1873, -1,
        1846, 1874, 1873, -1,
        1846, 1847, 1874, -1,
        1847, 1875, 1874, -1,
        1847, 1848, 1875, -1,
        1848, 1876, 1875, -1,
        1848, 1849, 1876, -1,
        1849, 1877, 1876, -1,
        1849, 1850, 1877, -1,
        1850, 1878, 1877, -1,
        1850, 1851, 1878, -1,
        1851, 1879, 1878, -1,
        1851, 1852, 1879, -1,
        1852, 1880, 1879, -1,
        1852, 1853, 1880, -1,
        1853, 1881, 1880, -1,
        1853, 1854, 1881, -1,
        1854, 1882, 1881, -1,
        1854, 1855, 1882, -1,
        1855, 1883, 1882, -1,
        1855, 1856, 1883, -1,
        1856, 1884, 1883, -1,
        1856, 1857, 1884, -1,
        1857, 1885, 1884, -1,
        1857, 1858, 1885, -1,
        1858, 1886, 1885, -1,
        1858, 1859, 1886, -1,
        1859, 1887, 1886, -1,
        1859, 1860, 1887, -1,
        1860, 1888, 1887, -1,
        1860, 1861, 1888, -1,
        1861, 1889, 1888, -1,
        1862, 1863, 1890, -1,
        1863, 1891, 1890, -1,
        1863, 1864, 1891, -1,
        1864, 1892, 1891, -1,
        1864, 1865, 1892, -1,
        1865, 1893, 1892, -1,
        1865, 1866, 1893, -1,
        1866, 1894, 1893, -1,
        1866, 1867, 1894, -1,
        1867, 1895, 1894, -1,
        1867, 1868, 1895, -1,
        1868, 1896, 1895, -1,
        1868, 1869, 1896, -1,
        1869, 1897, 1896, -1,
        1869, 1870, 1897, -1,
        1870, 1898, 1897, -1,
        1870, 1871, 1898, -1,
        1871, 1899, 1898, -1,
        1871, 1872, 1899, -1,
        1872, 1900, 1899, -1,
        1872, 1873, 1900, -1,
        1873, 1901, 1900, -1,
        1873, 1874, 1901, -1,
        1874, 1902, 1901, -1,
        1874, 1875, 1902, -1,
        1875, 1903, 1902, -1,
        1875, 1876, 1903, -1,
        1876, 1904, 1903, -1,
        1876, 1877, 1904, -1,
        1877, 1905, 1904, -1,
        1877, 1878, 1905, -1,
        1878, 1906, 1905, -1,
        1878, 1879, 1906, -1,
        1879, 1907, 1906, -1,
        1879, 1880, 1907, -1,
        1880, 1908, 1907, -1,
        1880, 1881, 1908, -1,
        1881, 1909, 1908, -1,
        1881, 1882, 1909, -1,
        1882, 1910, 1909, -1,
        1882, 1883, 1910, -1,
        1883, 1911, 1910, -1,
        1883, 1884, 1911, -1,
        1884, 1912, 1911, -1,
        1884, 1885, 1912, -1,
        1885, 1913, 1912, -1,
        1885, 1886, 1913, -1,
        1886, 1914, 1913, -1,
        1886, 1887, 1914, -1,
        1887, 1915, 1914, -1,
        1887, 1888, 1915, -1,
        1888, 1916, 1915, -1,
        1888, 1889, 1916, -1,
        1889, 1917, 1916, -1,
        1890, 1891, 1918, -1,
        1891, 1919, 1918, -1,
        1891, 1892, 1919, -1,
        1892, 1920, 1919, -1,
        1892, 1893, 1920, -1,
        1893, 1921, 1920, -1,
        1893, 1894, 1921, -1,
        1894, 1922, 1921, -1,
        1894, 1895, 1922, -1,
        1895, 1923, 1922, -1,
        1895, 1896, 1923, -1,
        1896, 1924, 1923, -1,
        1896, 1897, 1924, -1,
        1897, 1925, 1924, -1,
        1897, 1898, 1925, -1,
        1898, 1926, 1925, -1,
        1898, 1899, 1926, -1,
        1899, 1927, 1926, -1,
        1899, 1900, 1927, -1,
        1900, 1928, 1927, -1,
        1900, 1901, 1928, -1,
        1901, 1929, 1928, -1,
        1901, 1902, 1929, -1,
        1902, 1930, 1929, -1,
        1902, 1903, 1930, -1,
        1903, 1931, 1930, -1,
        1903, 1904, 1931, -1,
        1904, 1932, 1931, -1,
        1904, 1905, 1932, -1,
        1905, 1933, 1932, -1,
        1905, 1906, 1933, -1,
        1906, 1934, 1933, -1,
        1906, 1907, 1934, -1,
        1907, 1935, 1934, -1,
        1907, 1908, 1935, -1,
        1908, 1936, 1935, -1,
        1908, 1909, 1936, -1,
        1909, 1937, 1936, -1,
        1909, 1910, 1937, -1,
        1910, 1938, 1937, -1,
        1910, 1911, 1938, -1,
        1911, 1939, 1938, -1,
        1911, 1912, 1939, -1,
        1912, 1940, 1939, -1,
        1912, 1913, 1940, -1,
        1913, 1941, 1940, -1,
        1913, 1914, 1941, -1,
        1914, 1942, 1941, -1,
        1914, 1915, 1942, -1,
        1915, 1943, 1942, -1,
        1915, 1916, 1943, -1,
        1916, 1944, 1943, -1,
        1916, 1917, 1944, -1,
        1917, 1945, 1944, -1,
        1918, 1919, 1946, -1,
        1919, 1947, 1946, -1,
        1919, 1920, 1947, -1,
        1920, 1948, 1947, -1,
        1920, 1921, 1948, -1,
        1921, 1949, 1948, -1,
        1921, 1922, 1949, -1,
        1922, 1950, 1949, -1,
        1922, 1923, 1950, -1,
        1923, 1951, 1950, -1,
        1923, 1924, 1951, -1,
        1924, 1952, 1951, -1,
        1924, 1925, 1952, -1,
        1925, 1953, 1952, -1,
        1925, 1926, 1953, -1,
        1926, 1954, 1953, -1,
        1926, 1927, 1954, -1,
        1927, 1955, 1954, -1,
        1927, 1928, 1955, -1,
        1928, 1956, 1955, -1,
        1928, 1929, 1956, -1,
        1929, 1957, 1956, -1,
        1929, 1930, 1957, -1,
        1930, 1958, 1957, -1,
        1930, 1931, 1958, -1,
        1931, 1959, 1958, -1,
        1931, 1932, 1959, -1,
        1932, 1960, 1959, -1,
        1932, 1933, 1960, -1,
        1933, 1961, 1960, -1,
        1933, 1934, 1961, -1,
        1934, 1962, 1961, -1,
        1934, 1935, 1962, -1,
        1935, 1963, 1962, -1,
        1935, 1936, 1963, -1,
        1936, 1964, 1963, -1,
        1936, 1937, 1964, -1,
        1937, 1965, 1964, -1,
        1937, 1938, 1965, -1,
        1938, 1966, 1965, -1,
        1938, 1939, 1966, -1,
        1939, 1967, 1966, -1,
        1939, 1940, 1967, -1,
        1940, 1968, 1967, -1,
        1940, 1941, 1968, -1,
        1941, 1969, 1968, -1,
        1941, 1942, 1969, -1,
        1942, 1970, 1969, -1,
        1942, 1943, 1970, -1,
        1943, 1971, 1970, -1,
        1943, 1944, 1971, -1,
        1944, 1972, 1971, -1,
        1944, 1945, 1972, -1,
        1945, 1973, 1972, -1,
        1946, 1947, 1974, -1,
        1947, 1975, 1974, -1,
        1947, 1948, 1975, -1,
        1948, 1976, 1975, -1,
        1948, 1949, 1976, -1,
        1949, 1977, 1976, -1,
        1949, 1950, 1977, -1,
        1950, 1978, 1977, -1,
        1950, 1951, 1978, -1,
        1951, 1979, 1978, -1,
        1951, 1952, 1979, -1,
        1952, 1980, 1979, -1,
        1952, 1953, 1980, -1,
        1953, 1981, 1980, -1,
        1953, 1954, 1981, -1,
        1954, 1982, 1981, -1,
        1954, 1955, 1982, -1,
        1955, 1983, 1982, -1,
        1955, 1956, 1983, -1,
        1956, 1984, 1983, -1,
        1956, 1957, 1984, -1,
        1957, 1985, 1984, -1,
        1957, 1958, 1985, -1,
        1958, 1986, 1985, -1,
        1958, 1959, 1986, -1,
        1959, 1987, 1986, -1,
        1959, 1960, 1987, -1,
        1960, 1988, 1987, -1,
        1960, 1961, 1988, -1,
        1961, 1989, 1988, -1,
        1961, 1962, 1989, -1,
        1962, 1990, 1989, -1,
        1962, 1963, 1990, -1,
        1963, 1991, 1990, -1,
        1963, 1964, 1991, -1,
        1964, 1992, 1991, -1,
        1964, 1965, 1992, -1,
        1965, 1993, 1992, -1,
        1965, 1966, 1993, -1,
        1966, 1994, 1993, -1,
        1966, 1967, 1994, -1,
        1967, 1995, 1994, -1,
        1967, 1968, 1995, -1,
        1968, 1996, 1995, -1,
        1968, 1969, 1996, -1,
        1969, 1997, 1996, -1,
        1969, 1970, 1997, -1,
        1970, 1998, 1997, -1,
        1970, 1971, 1998, -1,
        1971, 1999, 1998, -1,
        1971, 1972, 1999, -1,
        1972, 2000, 1999, -1,
        1972, 1973, 2000, -1,
        1973, 2001, 2000, -1,
        1974, 1975, 2002, -1,
        1975, 2003, 2002, -1,
        1975, 1976, 2003, -1,
        1976, 2004, 2003, -1,
        1976, 1977, 2004, -1,
        1977, 2005, 2004, -1,
        1977, 1978, 2005, -1,
        1978, 2006, 2005, -1,
        1978, 1979, 2006, -1,
        1979, 2007, 2006, -1,
        1979, 1980, 2007, -1,
        1980, 2008, 2007, -1,
        1980, 1981, 2008, -1,
        1981, 2009, 2008, -1,
        1981, 1982, 2009, -1,
        1982, 2010, 2009, -1,
        1982, 1983, 2010, -1,
        1983, 2011, 2010, -1,
        1983, 1984, 2011, -1,
        1984, 2012, 2011, -1,
        1984, 1985, 2012, -1,
        1985, 2013, 2012, -1,
        1985, 1986, 2013, -1,
        1986, 2014, 2013, -1,
        1986, 1987, 2014, -1,
        1987, 2015, 2014, -1,
        1987, 1988, 2015, -1,
        1988, 2016, 2015, -1,
        1988, 1989, 2016, -1,
        1989, 2017, 2016, -1,
        1989, 1990, 2017, -1,
        1990, 2018, 2017, -1,
        1990, 1991, 2018, -1,
        1991, 2019, 2018, -1,
        1991, 1992, 2019, -1,
        1992, 2020, 2019, -1,
        1992, 1993, 2020, -1,
        1993, 2021, 2020, -1,
        1993, 1994, 2021, -1,
        1994, 2022, 2021, -1,
        1994, 1995, 2022, -1,
        1995, 2023, 2022, -1,
        1995, 1996, 2023, -1,
        1996, 2024, 2023, -1,
        1996, 1997, 2024, -1,
        1997, 2025, 2024, -1,
        1997, 1998, 2025, -1,
        1998, 2026, 2025, -1,
        1998, 1999, 2026, -1,
        1999, 2027, 2026, -1,
        1999, 2000, 2027, -1,
        2000, 2028, 2027, -1,
        2000, 2001, 2028, -1,
        2001, 2029, 2028, -1,
        2002, 2003, 2030, -1,
        2003, 2031, 2030, -1,
        2003, 2004, 2031, -1,
        2004, 2032, 2031, -1,
        2004, 2005, 2032, -1,
        2005, 2033, 2032, -1,
        2005, 2006, 2033, -1,
        2006, 2034, 2033, -1,
        2006, 2007, 2034, -1,
        2007, 2035, 2034, -1,
        2007, 2008, 2035, -1,
        2008, 2036, 2035, -1,
        2008, 2009, 2036, -1,
        2009, 2037, 2036, -1,
        2009, 2010, 2037, -1,
        2010, 2038, 2037, -1,
        2010, 2011, 2038, -1,
        2011, 2039, 2038, -1,
        2011, 2012, 2039, -1,
        2012, 2040, 2039, -1,
        2012, 2013, 2040, -1,
        2013, 2041, 2040, -1,
        2013, 2014, 2041, -1,
        2014, 2042, 2041, -1,
        2014, 2015, 2042, -1,
        2015, 2043, 2042, -1,
        2015, 2016, 2043, -1,
        2016, 2044, 2043, -1,
        2016, 2017, 2044, -1,
        2017, 2045, 2044, -1,
        2017, 2018, 2045, -1,
        2018, 2046, 2045, -1,
        2018, 2019, 2046, -1,
        2019, 2047, 2046, -1,
        2019, 2020, 2047, -1,
        2020, 2048, 2047, -1,
        2020, 2021, 2048, -1,
        2021, 2049, 2048, -1,
        2021, 2022, 2049, -1,
        2022, 2050, 2049, -1,
        2022, 2023, 2050, -1,
        2023, 2051, 2050, -1,
        2023, 2024, 2051, -1,
        2024, 2052, 2051, -1,
        2024, 2025, 2052, -1,
        2025, 2053, 2052, -1,
        2025, 2026, 2053, -1,
        2026, 2054, 2053, -1,
        2026, 2027, 2054, -1,
        2027, 2055, 2054, -1,
        2027, 2028, 2055, -1,
        2028, 2056, 2055, -1,
        2028, 2029, 2056, -1,
        2029, 2057, 2056, -1,
        2058, 2059, 2086, -1,
        2059, 2087, 2086, -1,
        2059, 2060, 2087, -1,
        2060, 2088, 2087, -1,
        2060, 2061, 2088, -1,
        2061, 2089, 2088, -1,
        2061, 2062, 2089, -1,
        2062, 2090, 2089, -1,
        2062, 2063, 2090, -1,
        2063, 2091, 2090, -1,
        2063, 2064, 2091, -1,
        2064, 2092, 2091, -1,
        2064, 2065, 2092, -1,
        2065, 2093, 2092, -1,
        2065, 2066, 2093, -1,
        2066, 2094, 2093, -1,
        2066, 2067, 2094, -1,
        2067, 2095, 2094, -1,
        2067, 2068, 2095, -1,
        2068, 2096, 2095, -1,
        2068, 2069, 2096, -1,
        2069, 2097, 2096, -1,
        2069, 2070, 2097, -1,
        2070, 2098, 2097, -1,
        2070, 2071, 2098, -1,
        2071, 2099, 2098, -1,
        2071, 2072, 2099, -1,
        2072, 2100, 2099, -1,
        2072, 2073, 2100, -1,
        2073, 2101, 2100, -1,
        2073, 2074, 2101, -1,
        2074, 2102, 2101, -1,
        2074, 2075, 2102, -1,
        2075, 2103, 2102, -1,
        2075, 2076, 2103, -1,
        2076, 2104, 2103, -1,
        2076, 2077, 2104, -1,
        2077, 2105, 2104, -1,
        2077, 2078, 2105, -1,
        2078, 2106, 2105, -1,
        2078, 2079, 2106, -1,
        2079, 2107, 2106, -1,
        2079, 2080, 2107, -1,
        2080, 2108, 2107, -1,
        2080, 2081, 2108, -1,
        2081, 2109, 2108, -1,
        2081, 2082, 2109, -1,
        2082, 2110, 2109, -1,
        2082, 2083, 2110, -1,
        2083, 2111, 2110, -1,
        2083, 2084, 2111, -1,
        2084, 2112, 2111, -1,
        2084, 2085, 2112, -1,
        2085, 2113, 2112, -1,
        2086, 2087, 2114, -1,
        2087, 2115, 2114, -1,
        2087, 2088, 2115, -1,
        2088, 2116, 2115, -1,
        2088, 2089, 2116, -1,
        2089, 2117, 2116, -1,
        2089, 2090, 2117, -1,
        2090, 2118, 2117, -1,
        2090, 2091, 2118, -1,
        2091, 2119, 2118, -1,
        2091, 2092, 2119, -1,
        2092, 2120, 2119, -1,
        2092, 2093, 2120, -1,
        2093, 2121, 2120, -1,
        2093, 2094, 2121, -1,
        2094, 2122, 2121, -1,
        2094, 2095, 2122, -1,
        2095, 2123, 2122, -1,
        2095, 2096, 2123, -1,
        2096, 2124, 2123, -1,
        2096, 2097, 2124, -1,
        2097, 2125, 2124, -1,
        2097, 2098, 2125, -1,
        2098, 2126, 2125, -1,
        2098, 2099, 2126, -1,
        2099, 2127, 2126, -1,
        2099, 2100, 2127, -1,
        2100, 2128, 2127, -1,
        2100, 2101, 2128, -1,
        2101, 2129, 2128, -1,
        2101, 2102, 2129, -1,
        2102, 2130, 2129, -1,
        2102, 2103, 2130, -1,
        2103, 2131, 2130, -1,
        2103, 2104, 2131, -1,
        2104, 2132, 2131, -1,
        2104, 2105, 2132, -1,
        2105, 2133, 2132, -1,
        2105, 2106, 2133, -1,
        2106, 2134, 2133, -1,
        2106, 2107, 2134, -1,
        2107, 2135, 2134, -1,
        2107, 2108, 2135, -1,
        2108, 2136, 2135, -1,
        2108, 2109, 2136, -1,
        2109, 2137, 2136, -1,
        2109, 2110, 2137, -1,
        2110, 2138, 2137, -1,
        2110, 2111, 2138, -1,
        2111, 2139, 2138, -1,
        2111, 2112, 2139, -1,
        2112, 2140, 2139, -1,
        2112, 2113, 2140, -1,
        2113, 2141, 2140, -1,
        2114, 2115, 2142, -1,
        2115, 2143, 2142, -1,
        2115, 2116, 2143, -1,
        2116, 2144, 2143, -1,
        2116, 2117, 2144, -1,
        2117, 2145, 2144, -1,
        2117, 2118, 2145, -1,
        2118, 2146, 2145, -1,
        2118, 2119, 2146, -1,
        2119, 2147, 2146, -1,
        2119, 2120, 2147, -1,
        2120, 2148, 2147, -1,
        2120, 2121, 2148, -1,
        2121, 2149, 2148, -1,
        2121, 2122, 2149, -1,
        2122, 2150, 2149, -1,
        2122, 2123, 2150, -1,
        2123, 2151, 2150, -1,
        2123, 2124, 2151, -1,
        2124, 2152, 2151, -1,
        2124, 2125, 2152, -1,
        2125, 2153, 2152, -1,
        2125, 2126, 2153, -1,
        2126, 2154, 2153, -1,
        2126, 2127, 2154, -1,
        2127, 2155, 2154, -1,
        2127, 2128, 2155, -1,
        2128, 2156, 2155, -1,
        2128, 2129, 2156, -1,
        2129, 2157, 2156, -1,
        2129, 2130, 2157, -1,
        2130, 2158, 2157, -1,
        2130, 2131, 2158, -1,
        2131, 2159, 2158, -1,
        2131, 2132, 2159, -1,
        2132, 2160, 2159, -1,
        2132, 2133, 2160, -1,
        2133, 2161, 2160, -1,
        2133, 2134, 2161, -1,
        2134, 2162, 2161, -1,
        2134, 2135, 2162, -1,
        2135, 2163, 2162, -1,
        2135, 2136, 2163, -1,
        2136, 2164, 2163, -1,
        2136, 2137, 2164, -1,
        2137, 2165, 2164, -1,
        2137, 2138, 2165, -1,
        2138, 2166, 2165, -1,
        2138, 2139, 2166, -1,
        2139, 2167, 2166, -1,
        2139, 2140, 2167, -1,
        2140, 2168, 2167, -1,
        2140, 2141, 2168, -1,
        2141, 2169, 2168, -1,
        2142, 2143, 2170, -1,
        2143, 2171, 2170, -1,
        2143, 2144, 2171, -1,
        2144, 2172, 2171, -1,
        2144, 2145, 2172, -1,
        2145, 2173, 2172, -1,
        2145, 2146, 2173, -1,
        2146, 2174, 2173, -1,
        2146, 2147, 2174, -1,
        2147, 2175, 2174, -1,
        2147, 2148, 2175, -1,
        2148, 2176, 2175, -1,
        2148, 2149, 2176, -1,
        2149, 2177, 2176, -1,
        2149, 2150, 2177, -1,
        2150, 2178, 2177, -1,
        2150, 2151, 2178, -1,
        2151, 2179, 2178, -1,
        2151, 2152, 2179, -1,
        2152, 2180, 2179, -1,
        2152, 2153, 2180, -1,
        2153, 2181, 2180, -1,
        2153, 2154, 2181, -1,
        2154, 2182, 2181, -1,
        2154, 2155, 2182, -1,
        2155, 2183, 2182, -1,
        2155, 2156, 2183, -1,
        2156, 2184, 2183, -1,
        2156, 2157, 2184, -1,
        2157, 2185, 2184, -1,
        2157, 2158, 2185, -1,
        2158, 2186, 2185, -1,
        2158, 2159, 2186, -1,
        2159, 2187, 2186, -1,
        2159, 2160, 2187, -1,
        2160, 2188, 2187, -1,
        2160, 2161, 2188, -1,
        2161, 2189, 2188, -1,
        2161, 2162, 2189, -1,
        2162, 2190, 2189, -1,
        2162, 2163, 2190, -1,
        2163, 2191, 2190, -1,
        2163, 2164, 2191, -1,
        2164, 2192, 2191, -1,
        2164, 2165, 2192, -1,
        2165, 2193, 2192, -1,
        2165, 2166, 2193, -1,
        2166, 2194, 2193, -1,
        2166, 2167, 2194, -1,
        2167, 2195, 2194, -1,
        2167, 2168, 2195, -1,
        2168, 2196, 2195, -1,
        2168, 2169, 2196, -1,
        2169, 2197, 2196, -1,
        2170, 2171, 2198, -1,
        2171, 2199, 2198, -1,
        2171, 2172, 2199, -1,
        2172, 2200, 2199, -1,
        2172, 2173, 2200, -1,
        2173, 2201, 2200, -1,
        2173, 2174, 2201, -1,
        2174, 2202, 2201, -1,
        2174, 2175, 2202, -1,
        2175, 2203, 2202, -1,
        2175, 2176, 2203, -1,
        2176, 2204, 2203, -1,
        2176, 2177, 2204, -1,
        2177, 2205, 2204, -1,
        2177, 2178, 2205, -1,
        2178, 2206, 2205, -1,
        2178, 2179, 2206, -1,
        2179, 2207, 2206, -1,
        2179, 2180, 2207, -1,
        2180, 2208, 2207, -1,
        2180, 2181, 2208, -1,
        2181, 2209, 2208, -1,
        2181, 2182, 2209, -1,
        2182, 2210, 2209, -1,
        2182, 2183, 2210, -1,
        2183, 2211, 2210, -1,
        2183, 2184, 2211, -1,
        2184, 2212, 2211, -1,
        2184, 2185, 2212, -1,
        2185, 2213, 2212, -1,
        2185, 2186, 2213, -1,
        2186, 2214, 2213, -1,
        2186, 2187, 2214, -1,
        2187, 2215, 2214, -1,
        2187, 2188, 2215, -1,
        2188, 2216, 2215, -1,
        2188, 2189, 2216, -1,
        2189, 2217, 2216, -1,
        2189, 2190, 2217, -1,
        2190, 2218, 2217, -1,
        2190, 2191, 2218, -1,
        2191, 2219, 2218, -1,
        2191, 2192, 2219, -1,
        2192, 2220, 2219, -1,
        2192, 2193, 2220, -1,
        2193, 2221, 2220, -1,
        2193, 2194, 2221, -1,
        2194, 2222, 2221, -1,
        2194, 2195, 2222, -1,
        2195, 2223, 2222, -1,
        2195, 2196, 2223, -1,
        2196, 2224, 2223, -1,
        2196, 2197, 2224, -1,
        2197, 2225, 2224, -1,
        2198, 2199, 2226, -1,
        2199, 2227, 2226, -1,
        2199, 2200, 2227, -1,
        2200, 2228, 2227, -1,
        2200, 2201, 2228, -1,
        2201, 2229, 2228, -1,
        2201, 2202, 2229, -1,
        2202, 2230, 2229, -1,
        2202, 2203, 2230, -1,
        2203, 2231, 2230, -1,
        2203, 2204, 2231, -1,
        2204, 2232, 2231, -1,
        2204, 2205, 2232, -1,
        2205, 2233, 2232, -1,
        2205, 2206, 2233, -1,
        2206, 2234, 2233, -1,
        2206, 2207, 2234, -1,
        2207, 2235, 2234, -1,
        2207, 2208, 2235, -1,
        2208, 2236, 2235, -1,
        2208, 2209, 2236, -1,
        2209, 2237, 2236, -1,
        2209, 2210, 2237, -1,
        2210, 2238, 2237, -1,
        2210, 2211, 2238, -1,
        2211, 2239, 2238, -1,
        2211, 2212, 2239, -1,
        2212, 2240, 2239, -1,
        2212, 2213, 2240, -1,
        2213, 2241, 2240, -1,
        2213, 2214, 2241, -1,
        2214, 2242, 2241, -1,
        2214, 2215, 2242, -1,
        2215, 2243, 2242, -1,
        2215, 2216, 2243, -1,
        2216, 2244, 2243, -1,
        2216, 2217, 2244, -1,
        2217, 2245, 2244, -1,
        2217, 2218, 2245, -1,
        2218, 2246, 2245, -1,
        2218, 2219, 2246, -1,
        2219, 2247, 2246, -1,
        2219, 2220, 2247, -1,
        2220, 2248, 2247, -1,
        2220, 2221, 2248, -1,
        2221, 2249, 2248, -1,
        2221, 2222, 2249, -1,
        2222, 2250, 2249, -1,
        2222, 2223, 2250, -1,
        2223, 2251, 2250, -1,
        2223, 2224, 2251, -1,
        2224, 2252, 2251, -1,
        2224, 2225, 2252, -1,
        2225, 2253, 2252, -1,
        2226, 2227, 2254, -1,
        2227, 2255, 2254, -1,
        2227, 2228, 2255, -1,
        2228, 2256, 2255, -1,
        2228, 2229, 2256, -1,
        2229, 2257, 2256, -1,
        2229, 2230, 2257, -1,
        2230, 2258, 2257, -1,
        2230, 2231, 2258, -1,
        2231, 2259, 2258, -1,
        2231, 2232, 2259, -1,
        2232, 2260, 2259, -1,
        2232, 2233, 2260, -1,
        2233, 2261, 2260, -1,
        2233, 2234, 2261, -1,
        2234, 2262, 2261, -1,
        2234, 2235, 2262, -1,
        2235, 2263, 2262, -1,
        2235, 2236, 2263, -1,
        2236, 2264, 2263, -1,
        2236, 2237, 2264, -1,
        2237, 2265, 2264, -1,
        2237, 2238, 2265, -1,
        2238, 2266, 2265, -1,
        2238, 2239, 2266, -1,
        2239, 2267, 2266, -1,
        2239, 2240, 2267, -1,
        2240, 2268, 2267, -1,
        2240, 2241, 2268, -1,
        2241, 2269, 2268, -1,
        2241, 2242, 2269, -1,
        2242, 2270, 2269, -1,
        2242, 2243, 2270, -1,
        2243, 2271, 2270, -1,
        2243, 2244, 2271, -1,
        2244, 2272, 2271, -1,
        2244, 2245, 2272, -1,
        2245, 2273, 2272, -1,
        2245, 2246, 2273, -1,
        2246, 2274, 2273, -1,
        2246, 2247, 2274, -1,
        2247, 2275, 2274, -1,
        2247, 2248, 2275, -1,
        2248, 2276, 2275, -1,
        2248, 2249, 2276, -1,
        2249, 2277, 2276, -1,
        2249, 2250, 2277, -1,
        2250, 2278, 2277, -1,
        2250, 2251, 2278, -1,
        2251, 2279, 2278, -1,
        2251, 2252, 2279, -1,
        2252, 2280, 2279, -1,
        2252, 2253, 2280, -1,
        2253, 2281, 2280, -1,
        2254, 2255, 2282, -1,
        2255, 2283, 2282, -1,
        2255, 2256, 2283, -1,
        2256, 2284, 2283, -1,
        2256, 2257, 2284, -1,
        2257, 2285, 2284, -1,
        2257, 2258, 2285, -1,
        2258, 2286, 2285, -1,
        2258, 2259, 2286, -1,
        2259, 2287, 2286, -1,
        2259, 2260, 2287, -1,
        2260, 2288, 2287, -1,
        2260, 2261, 2288, -1,
        2261, 2289, 2288, -1,
        2261, 2262, 2289, -1,
        2262, 2290, 2289, -1,
        2262, 2263, 2290, -1,
        2263, 2291, 2290, -1,
        2263, 2264, 2291, -1,
        2264, 2292, 2291, -1,
        2264, 2265, 2292, -1,
        2265, 2293, 2292, -1,
        2265, 2266, 2293, -1,
        2266, 2294, 2293, -1,
        2266, 2267, 2294, -1,
        2267, 2295, 2294, -1,
        2267, 2268, 2295, -1,
        2268, 2296, 2295, -1,
        2268, 2269, 2296, -1,
        2269, 2297, 2296, -1,
        2269, 2270, 2297, -1,
        2270, 2298, 2297, -1,
        2270, 2271, 2298, -1,
        2271, 2299, 2298, -1,
        2271, 2272, 2299, -1,
        2272, 2300, 2299, -1,
        2272, 2273, 2300, -1,
        2273, 2301, 2300, -1,
        2273, 2274, 2301, -1,
        2274, 2302, 2301, -1,
        2274, 2275, 2302, -1,
        2275, 2303, 2302, -1,
        2275, 2276, 2303, -1,
        2276, 2304, 2303, -1,
        2276, 2277, 2304, -1,
        2277, 2305, 2304, -1,
        2277, 2278, 2305, -1,
        2278, 2306, 2305, -1,
        2278, 2279, 2306, -1,
        2279, 2307, 2306, -1,
        2279, 2280, 2307, -1,
        2280, 2308, 2307, -1,
        2280, 2281, 2308, -1,
        2281, 2309, 2308, -1,
        2282, 2283, 2310, -1,
        2283, 2311, 2310, -1,
        2283, 2284, 2311, -1,
        2284, 2312, 2311, -1,
        2284, 2285, 2312, -1,
        2285, 2313, 2312, -1,
        2285, 2286, 2313, -1,
        2286, 2314, 2313, -1,
        2286, 2287, 2314, -1,
        2287, 2315, 2314, -1,
        2287, 2288, 2315, -1,
        2288, 2316, 2315, -1,
        2288, 2289, 2316, -1,
        2289, 2317, 2316, -1,
        2289, 2290, 2317, -1,
        2290, 2318, 2317, -1,
        2290, 2291, 2318, -1,
        2291, 2319, 2318, -1,
        2291, 2292, 2319, -1,
        2292, 2320, 2319, -1,
        2292, 2293, 2320, -1,
        2293, 2321, 2320, -1,
        2293, 2294, 2321, -1,
        2294, 2322, 2321, -1,
        2294, 2295, 2322, -1,
        2295, 2323, 2322, -1,
        2295, 2296, 2323, -1,
        2296, 2324, 2323, -1,
        2296, 2297, 2324, -1,
        2297, 2325, 2324, -1,
        2297, 2298, 2325, -1,
        2298, 2326, 2325, -1,
        2298, 2299, 2326, -1,
        2299, 2327, 2326, -1,
        2299, 2300, 2327, -1,
        2300, 2328, 2327, -1,
        2300, 2301, 2328, -1,
        2301, 2329, 2328, -1,
        2301, 2302, 2329, -1,
        2302, 2330, 2329, -1,
        2302, 2303, 2330, -1,
        2303, 2331, 2330, -1,
        2303, 2304, 2331, -1,
        2304, 2332, 2331, -1,
        2304, 2305, 2332, -1,
        2305, 2333, 2332, -1,
        2305, 2306, 2333, -1,
        2306, 2334, 2333, -1,
        2306, 2307, 2334, -1,
        2307, 2335, 2334, -1,
        2307, 2308, 2335, -1,
        2308, 2336, 2335, -1,
        2308, 2309, 2336, -1,
        2309, 2337, 2336, -1,
        2310, 2311, 2338, -1,
        2311, 2339, 2338, -1,
        2311, 2312, 2339, -1,
        2312, 2340, 2339, -1,
        2312, 2313, 2340, -1,
        2313, 2341, 2340, -1,
        2313, 2314, 2341, -1,
        2314, 2342, 2341, -1,
        2314, 2315, 2342, -1,
        2315, 2343, 2342, -1,
        2315, 2316, 2343, -1,
        2316, 2344, 2343, -1,
        2316, 2317, 2344, -1,
        2317, 2345, 2344, -1,
        2317, 2318, 2345, -1,
        2318, 2346, 2345, -1,
        2318, 2319, 2346, -1,
        2319, 2347, 2346, -1,
        2319, 2320, 2347, -1,
        2320, 2348, 2347, -1,
        2320, 2321, 2348, -1,
        2321, 2349, 2348, -1,
        2321, 2322, 2349, -1,
        2322, 2350, 2349, -1,
        2322, 2323, 2350, -1,
        2323, 2351, 2350, -1,
        2323, 2324, 2351, -1,
        2324, 2352, 2351, -1,
        2324, 2325, 2352, -1,
        2325, 2353, 2352, -1,
        2325, 2326, 2353, -1,
        2326, 2354, 2353, -1,
        2326, 2327, 2354, -1,
        2327, 2355, 2354, -1,
        2327, 2328, 2355, -1,
        2328, 2356, 2355, -1,
        2328, 2329, 2356, -1,
        2329, 2357, 2356, -1,
        2329, 2330, 2357, -1,
        2330, 2358, 2357, -1,
        2330, 2331, 2358, -1,
        2331, 2359, 2358, -1,
        2331, 2332, 2359, -1,
        2332, 2360, 2359, -1,
        2332, 2333, 2360, -1,
        2333, 2361, 2360, -1,
        2333, 2334, 2361, -1,
        2334, 2362, 2361, -1,
        2334, 2335, 2362, -1,
        2335, 2363, 2362, -1,
        2335, 2336, 2363, -1,
        2336, 2364, 2363, -1,
        2336, 2337, 2364, -1,
        2337, 2365, 2364, -1,
        2338, 2339, 2366, -1,
        2339, 2367, 2366, -1,
        2339, 2340, 2367, -1,
        2340, 2368, 2367, -1,
        2340, 2341, 2368, -1,
        2341, 2369, 2368, -1,
        2341, 2342, 2369, -1,
        2342, 2370, 2369, -1,
        2342, 2343, 2370, -1,
        2343, 2371, 2370, -1,
        2343, 2344, 2371, -1,
        2344, 2372, 2371, -1,
        2344, 2345, 2372, -1,
        2345, 2373, 2372, -1,
        2345, 2346, 2373, -1,
        2346, 2374, 2373, -1,
        2346, 2347, 2374, -1,
        2347, 2375, 2374, -1,
        2347, 2348, 2375, -1,
        2348, 2376, 2375, -1,
        2348, 2349, 2376, -1,
        2349, 2377, 2376, -1,
        2349, 2350, 2377, -1,
        2350, 2378, 2377, -1,
        2350, 2351, 2378, -1,
        2351, 2379, 2378, -1,
        2351, 2352, 2379, -1,
        2352, 2380, 2379, -1,
        2352, 2353, 2380, -1,
        2353, 2381, 2380, -1,
        2353, 2354, 2381, -1,
        2354, 2382, 2381, -1,
        2354, 2355, 2382, -1,
        2355, 2383, 2382, -1,
        2355, 2356, 2383, -1,
        2356, 2384, 2383, -1,
        2356, 2357, 2384, -1,
        2357, 2385, 2384, -1,
        2357, 2358, 2385, -1,
        2358, 2386, 2385, -1,
        2358, 2359, 2386, -1,
        2359, 2387, 2386, -1,
        2359, 2360, 2387, -1,
        2360, 2388, 2387, -1,
        2360, 2361, 2388, -1,
        2361, 2389, 2388, -1,
        2361, 2362, 2389, -1,
        2362, 2390, 2389, -1,
        2362, 2363, 2390, -1,
        2363, 2391, 2390, -1,
        2363, 2364, 2391, -1,
        2364, 2392, 2391, -1,
        2364, 2365, 2392, -1,
        2365, 2393, 2392, -1,
        2366, 2367, 2394, -1,
        2367, 2395, 2394, -1,
        2367, 2368, 2395, -1,
        2368, 2396, 2395, -1,
        2368, 2369, 2396, -1,
        2369, 2397, 2396, -1,
        2369, 2370, 2397, -1,
        2370, 2398, 2397, -1,
        2370, 2371, 2398, -1,
        2371, 2399, 2398, -1,
        2371, 2372, 2399, -1,
        2372, 2400, 2399, -1,
        2372, 2373, 2400, -1,
        2373, 2401, 2400, -1,
        2373, 2374, 2401, -1,
        2374, 2402, 2401, -1,
        2374, 2375, 2402, -1,
        2375, 2403, 2402, -1,
        2375, 2376, 2403, -1,
        2376, 2404, 2403, -1,
        2376, 2377, 2404, -1,
        2377, 2405, 2404, -1,
        2377, 2378, 2405, -1,
        2378, 2406, 2405, -1,
        2378, 2379, 2406, -1,
        2379, 2407, 2406, -1,
        2379, 2380, 2407, -1,
        2380, 2408, 2407, -1,
        2380, 2381, 2408, -1,
        2381, 2409, 2408, -1,
        2381, 2382, 2409, -1,
        2382, 2410, 2409, -1,
        2382, 2383, 2410, -1,
        2383, 2411, 2410, -1,
        2383, 2384, 2411, -1,
        2384, 2412, 2411, -1,
        2384, 2385, 2412, -1,
        2385, 2413, 2412, -1,
        2385, 2386, 2413, -1,
        2386, 2414, 2413, -1,
        2386, 2387, 2414, -1,
        2387, 2415, 2414, -1,
        2387, 2388, 2415, -1,
        2388, 2416, 2415, -1,
        2388, 2389, 2416, -1,
        2389, 2417, 2416, -1,
        2389, 2390, 2417, -1,
        2390, 2418, 2417, -1,
        2390, 2391, 2418, -1,
        2391, 2419, 2418, -1,
        2391, 2392, 2419, -1,
        2392, 2420, 2419, -1,
        2392, 2393, 2420, -1,
        2393, 2421, 2420, -1,
        2394, 2395, 2422, -1,
        2395, 2423, 2422, -1,
        2395, 2396, 2423, -1,
        2396, 2424, 2423, -1,
        2396, 2397, 2424, -1,
        2397, 2425, 2424, -1,
        2397, 2398, 2425, -1,
        2398, 2426, 2425, -1,
        2398, 2399, 2426, -1,
        2399, 2427, 2426, -1,
        2399, 2400, 2427, -1,
        2400, 2428, 2427, -1,
        2400, 2401, 2428, -1,
        2401, 2429, 2428, -1,
        2401, 2402, 2429, -1,
        2402, 2430, 2429, -1,
        2402, 2403, 2430, -1,
        2403, 2431, 2430, -1,
        2403, 2404, 2431, -1,
        2404, 2432, 2431, -1,
        2404, 2405, 2432, -1,
        2405, 2433, 2432, -1,
        2405, 2406, 2433, -1,
        2406, 2434, 2433, -1,
        2406, 2407, 2434, -1,
        2407, 2435, 2434, -1,
        2407, 2408, 2435, -1,
        2408, 2436, 2435, -1,
        2408, 2409, 2436, -1,
        2409, 2437, 2436, -1,
        2409, 2410, 2437, -1,
        2410, 2438, 2437, -1,
        2410, 2411, 2438, -1,
        2411, 2439, 2438, -1,
        2411, 2412, 2439, -1,
        2412, 2440, 2439, -1,
        2412, 2413, 2440, -1,
        2413, 2441, 2440, -1,
        2413, 2414, 2441, -1,
        2414, 2442, 2441, -1,
        2414, 2415, 2442, -1,
        2415, 2443, 2442, -1,
        2415, 2416, 2443, -1,
        2416, 2444, 2443, -1,
        2416, 2417, 2444, -1,
        2417, 2445, 2444, -1,
        2417, 2418, 2445, -1,
        2418, 2446, 2445, -1,
        2418, 2419, 2446, -1,
        2419, 2447, 2446, -1,
        2419, 2420, 2447, -1,
        2420, 2448, 2447, -1,
        2420, 2421, 2448, -1,
        2421, 2449, 2448, -1,
        2422, 2423, 2450, -1,
        2423, 2451, 2450, -1,
        2423, 2424, 2451, -1,
        2424, 2452, 2451, -1,
        2424, 2425, 2452, -1,
        2425, 2453, 2452, -1,
        2425, 2426, 2453, -1,
        2426, 2454, 2453, -1,
        2426, 2427, 2454, -1,
        2427, 2455, 2454, -1,
        2427, 2428, 2455, -1,
        2428, 2456, 2455, -1,
        2428, 2429, 2456, -1,
        2429, 2457, 2456, -1,
        2429, 2430, 2457, -1,
        2430, 2458, 2457, -1,
        2430, 2431, 2458, -1,
        2431, 2459, 2458, -1,
        2431, 2432, 2459, -1,
        2432, 2460, 2459, -1,
        2432, 2433, 2460, -1,
        2433, 2461, 2460, -1,
        2433, 2434, 2461, -1,
        2434, 2462, 2461, -1,
        2434, 2435, 2462, -1,
        2435, 2463, 2462, -1,
        2435, 2436, 2463, -1,
        2436, 2464, 2463, -1,
        2436, 2437, 2464, -1,
        2437, 2465, 2464, -1,
        2437, 2438, 2465, -1,
        2438, 2466, 2465, -1,
        2438, 2439, 2466, -1,
        2439, 2467, 2466, -1,
        2439, 2440, 2467, -1,
        2440, 2468, 2467, -1,
        2440, 2441, 2468, -1,
        2441, 2469, 2468, -1,
        2441, 2442, 2469, -1,
        2442, 2470, 2469, -1,
        2442, 2443, 2470, -1,
        2443, 2471, 2470, -1,
        2443, 2444, 2471, -1,
        2444, 2472, 2471, -1,
        2444, 2445, 2472, -1,
        2445, 2473, 2472, -1,
        2445, 2446, 2473, -1,
        2446, 2474, 2473, -1,
        2446, 2447, 2474, -1,
        2447, 2475, 2474, -1,
        2447, 2448, 2475, -1,
        2448, 2476, 2475, -1,
        2448, 2449, 2476, -1,
        2449, 2477, 2476, -1,
        2450, 2451, 2478, -1,
        2451, 2479, 2478, -1,
        2451, 2452, 2479, -1,
        2452, 2480, 2479, -1,
        2452, 2453, 2480, -1,
        2453, 2481, 2480, -1,
        2453, 2454, 2481, -1,
        2454, 2482, 2481, -1,
        2454, 2455, 2482, -1,
        2455, 2483, 2482, -1,
        2455, 2456, 2483, -1,
        2456, 2484, 2483, -1,
        2456, 2457, 2484, -1,
        2457, 2485, 2484, -1,
        2457, 2458, 2485, -1,
        2458, 2486, 2485, -1,
        2458, 2459, 2486, -1,
        2459, 2487, 2486, -1,
        2459, 2460, 2487, -1,
        2460, 2488, 2487, -1,
        2460, 2461, 2488, -1,
        2461, 2489, 2488, -1,
        2461, 2462, 2489, -1,
        2462, 2490, 2489, -1,
        2462, 2463, 2490, -1,
        2463, 2491, 2490, -1,
        2463, 2464, 2491, -1,
        2464, 2492, 2491, -1,
        2464, 2465, 2492, -1,
        2465, 2493, 2492, -1,
        2465, 2466, 2493, -1,
        2466, 2494, 2493, -1,
        2466, 2467, 2494, -1,
        2467, 2495, 2494, -1,
        2467, 2468, 2495, -1,
        2468, 2496, 2495, -1,
        2468, 2469, 2496, -1,
        2469, 2497, 2496, -1,
        2469, 2470, 2497, -1,
        2470, 2498, 2497, -1,
        2470, 2471, 2498, -1,
        2471, 2499, 2498, -1,
        2471, 2472, 2499, -1,
        2472, 2500, 2499, -1,
        2472, 2473, 2500, -1,
        2473, 2501, 2500, -1,
        2473, 2474, 2501, -1,
        2474, 2502, 2501, -1,
        2474, 2475, 2502, -1,
        2475, 2503, 2502, -1,
        2475, 2476, 2503, -1,
        2476, 2504, 2503, -1,
        2476, 2477, 2504, -1,
        2477, 2505, 2504, -1,
        2478, 2479, 2506, -1,
        2479, 2507, 2506, -1,
        2479, 2480, 2507, -1,
        2480, 2508, 2507, -1,
        2480, 2481, 2508, -1,
        2481, 2509, 2508, -1,
        2481, 2482, 2509, -1,
        2482, 2510, 2509, -1,
        2482, 2483, 2510, -1,
        2483, 2511, 2510, -1,
        2483, 2484, 2511, -1,
        2484, 2512, 2511, -1,
        2484, 2485, 2512, -1,
        2485, 2513, 2512, -1,
        2485, 2486, 2513, -1,
        2486, 2514, 2513, -1,
        2486, 2487, 2514, -1,
        2487, 2515, 2514, -1,
        2487, 2488, 2515, -1,
        2488, 2516, 2515, -1,
        2488, 2489, 2516, -1,
        2489, 2517, 2516, -1,
        2489, 2490, 2517, -1,
        2490, 2518, 2517, -1,
        2490, 2491, 2518, -1,
        2491, 2519, 2518, -1,
        2491, 2492, 2519, -1,
        2492, 2520, 2519, -1,
        2492, 2493, 2520, -1,
        2493, 2521, 2520, -1,
        2493, 2494, 2521, -1,
        2494, 2522, 2521, -1,
        2494, 2495, 2522, -1,
        2495, 2523, 2522, -1,
        2495, 2496, 2523, -1,
        2496, 2524, 2523, -1,
        2496, 2497, 2524, -1,
        2497, 2525, 2524, -1,
        2497, 2498, 2525, -1,
        2498, 2526, 2525, -1,
        2498, 2499, 2526, -1,
        2499, 2527, 2526, -1,
        2499, 2500, 2527, -1,
        2500, 2528, 2527, -1,
        2500, 2501, 2528, -1,
        2501, 2529, 2528, -1,
        2501, 2502, 2529, -1,
        2502, 2530, 2529, -1,
        2502, 2503, 2530, -1,
        2503, 2531, 2530, -1,
        2503, 2504, 2531, -1,
        2504, 2532, 2531, -1,
        2504, 2505, 2532, -1,
        2505, 2533, 2532, -1,
        2506, 2507, 2534, -1,
        2507, 2535, 2534, -1,
        2507, 2508, 2535, -1,
        2508, 2536, 2535, -1,
        2508, 2509, 2536, -1,
        2509, 2537, 2536, -1,
        2509, 2510, 2537, -1,
        2510, 2538, 2537, -1,
        2510, 2511, 2538, -1,
        2511, 2539, 2538, -1,
        2511, 2512, 2539, -1,
        2512, 2540, 2539, -1,
        2512, 2513, 2540, -1,
        2513, 2541, 2540, -1,
        2513, 2514, 2541, -1,
        2514, 2542, 2541, -1,
        2514, 2515, 2542, -1,
        2515, 2543, 2542, -1,
        2515, 2516, 2543, -1,
        2516, 2544, 2543, -1,
        2516, 2517, 2544, -1,
        2517, 2545, 2544, -1,
        2517, 2518, 2545, -1,
        2518, 2546, 2545, -1,
        2518, 2519, 2546, -1,
        2519, 2547, 2546, -1,
        2519, 2520, 2547, -1,
        2520, 2548, 2547, -1,
        2520, 2521, 2548, -1,
        2521, 2549, 2548, -1,
        2521, 2522, 2549, -1,
        2522, 2550, 2549, -1,
        2522, 2523, 2550, -1,
        2523, 2551, 2550, -1,
        2523, 2524, 2551, -1,
        2524, 2552, 2551, -1,
        2524, 2525, 2552, -1,
        2525, 2553, 2552, -1,
        2525, 2526, 2553, -1,
        2526, 2554, 2553, -1,
        2526, 2527, 2554, -1,
        2527, 2555, 2554, -1,
        2527, 2528, 2555, -1,
        2528, 2556, 2555, -1,
        2528, 2529, 2556, -1,
        2529, 2557, 2556, -1,
        2529, 2530, 2557, -1,
        2530, 2558, 2557, -1,
        2530, 2531, 2558, -1,
        2531, 2559, 2558, -1,
        2531, 2532, 2559, -1,
        2532, 2560, 2559, -1,
        2532, 2533, 2560, -1,
        2533, 2561, 2560, -1,
        2534, 2535, 2562, -1,
        2535, 2563, 2562, -1,
        2535, 2536, 2563, -1,
        2536, 2564, 2563, -1,
        2536, 2537, 2564, -1,
        2537, 2565, 2564, -1,
        2537, 2538, 2565, -1,
        2538, 2566, 2565, -1,
        2538, 2539, 2566, -1,
        2539, 2567, 2566, -1,
        2539, 2540, 2567, -1,
        2540, 2568, 2567, -1,
        2540, 2541, 2568, -1,
        2541, 2569, 2568, -1,
        2541, 2542, 2569, -1,
        2542, 2570, 2569, -1,
        2542, 2543, 2570, -1,
        2543, 2571, 2570, -1,
        2543, 2544, 2571, -1,
        2544, 2572, 2571, -1,
        2544, 2545, 2572, -1,
        2545, 2573, 2572, -1,
        2545, 2546, 2573, -1,
        2546, 2574, 2573, -1,
        2546, 2547, 2574, -1,
        2547, 2575, 2574, -1,
        2547, 2548, 2575, -1,
        2548, 2576, 2575, -1,
        2548, 2549, 2576, -1,
        2549, 2577, 2576, -1,
        2549, 2550, 2577, -1,
        2550, 2578, 2577, -1,
        2550, 2551, 2578, -1,
        2551, 2579, 2578, -1,
        2551, 2552, 2579, -1,
        2552, 2580, 2579, -1,
        2552, 2553, 2580, -1,
        2553, 2581, 2580, -1,
        2553, 2554, 2581, -1,
        2554, 2582, 2581, -1,
        2554, 2555, 2582, -1,
        2555, 2583, 2582, -1,
        2555, 2556, 2583, -1,
        2556, 2584, 2583, -1,
        2556, 2557, 2584, -1,
        2557, 2585, 2584, -1,
        2557, 2558, 2585, -1,
        2558, 2586, 2585, -1,
        2558, 2559, 2586, -1,
        2559, 2587, 2586, -1,
        2559, 2560, 2587, -1,
        2560, 2588, 2587, -1,
        2560, 2561, 2588, -1,
        2561, 2589, 2588, -1,
        2562, 2563, 2590, -1,
        2563, 2591, 2590, -1,
        2563, 2564, 2591, -1,
        2564, 2592, 2591, -1,
        2564, 2565, 2592, -1,
        2565, 2593, 2592, -1,
        2565, 2566, 2593, -1,
        2566, 2594, 2593, -1,
        2566, 2567, 2594, -1,
        2567, 2595, 2594, -1,
        2567, 2568, 2595, -1,
        2568, 2596, 2595, -1,
        2568, 2569, 2596, -1,
        2569, 2597, 2596, -1,
        2569, 2570, 2597, -1,
        2570, 2598, 2597, -1,
        2570, 2571, 2598, -1,
        2571, 2599, 2598, -1,
        2571, 2572, 2599, -1,
        2572, 2600, 2599, -1,
        2572, 2573, 2600, -1,
        2573, 2601, 2600, -1,
        2573, 2574, 2601, -1,
        2574, 2602, 2601, -1,
        2574, 2575, 2602, -1,
        2575, 2603, 2602, -1,
        2575, 2576, 2603, -1,
        2576, 2604, 2603, -1,
        2576, 2577, 2604, -1,
        2577, 2605, 2604, -1,
        2577, 2578, 2605, -1,
        2578, 2606, 2605, -1,
        2578, 2579, 2606, -1,
        2579, 2607, 2606, -1,
        2579, 2580, 2607, -1,
        2580, 2608, 2607, -1,
        2580, 2581, 2608, -1,
        2581, 2609, 2608, -1,
        2581, 2582, 2609, -1,
        2582, 2610, 2609, -1,
        2582, 2583, 2610, -1,
        2583, 2611, 2610, -1,
        2583, 2584, 2611, -1,
        2584, 2612, 2611, -1,
        2584, 2585, 2612, -1,
        2585, 2613, 2612, -1,
        2585, 2586, 2613, -1,
        2586, 2614, 2613, -1,
        2586, 2587, 2614, -1,
        2587, 2615, 2614, -1,
        2587, 2588, 2615, -1,
        2588, 2616, 2615, -1,
        2588, 2589, 2616, -1,
        2589, 2617, 2616, -1,
        2590, 2591, 2618, -1,
        2591, 2619, 2618, -1,
        2591, 2592, 2619, -1,
        2592, 2620, 2619, -1,
        2592, 2593, 2620, -1,
        2593, 2621, 2620, -1,
        2593, 2594, 2621, -1,
        2594, 2622, 2621, -1,
        2594, 2595, 2622, -1,
        2595, 2623, 2622, -1,
        2595, 2596, 2623, -1,
        2596, 2624, 2623, -1,
        2596, 2597, 2624, -1,
        2597, 2625, 2624, -1,
        2597, 2598, 2625, -1,
        2598, 2626, 2625, -1,
        2598, 2599, 2626, -1,
        2599, 2627, 2626, -1,
        2599, 2600, 2627, -1,
        2600, 2628, 2627, -1,
        2600, 2601, 2628, -1,
        2601, 2629, 2628, -1,
        2601, 2602, 2629, -1,
        2602, 2630, 2629, -1,
        2602, 2603, 2630, -1,
        2603, 2631, 2630, -1,
        2603, 2604, 2631, -1,
        2604, 2632, 2631, -1,
        2604, 2605, 2632, -1,
        2605, 2633, 2632, -1,
        2605, 2606, 2633, -1,
        2606, 2634, 2633, -1,
        2606, 2607, 2634, -1,
        2607, 2635, 2634, -1,
        2607, 2608, 2635, -1,
        2608, 2636, 2635, -1,
        2608, 2609, 2636, -1,
        2609, 2637, 2636, -1,
        2609, 2610, 2637, -1,
        2610, 2638, 2637, -1,
        2610, 2611, 2638, -1,
        2611, 2639, 2638, -1,
        2611, 2612, 2639, -1,
        2612, 2640, 2639, -1,
        2612, 2613, 2640, -1,
        2613, 2641, 2640, -1,
        2613, 2614, 2641, -1,
        2614, 2642, 2641, -1,
        2614, 2615, 2642, -1,
        2615, 2643, 2642, -1,
        2615, 2616, 2643, -1,
        2616, 2644, 2643, -1,
        2616, 2617, 2644, -1,
        2617, 2645, 2644, -1,
    ]
    normalPerVertex FALSE
    solid TRUE
  }
}
